timestamp,position_x,position_y,heading_radians,heading_degrees,heading_label,steps,last_step_length_m,crossings,distance_m,filtered_accel,active_threshold,motion_magnitude,accel_x,accel_y,accel_z,user_accel_x,user_accel_y,user_accel_z,user_accel_magnitude,gyro_x,gyro_y,gyro_z,gyro_magnitude,tilt_gyro_magnitude,mag_x,mag_y,mag_z,geomagnetic_rotation_azimuth,game_rotation_azimuth,activity_recognition_granted,step_source,step_confidence,seconds_since_prev_step,heading_change_since_prev_step,heading_change_rate_since_prev_step,recent_step_interval_mean,recent_step_interval_std,filtered_to_user_accel_ratio,accel_to_gyro_ratio,phone_flat,imu_step_detected
2026-04-17T14:36:26.551227,0.000000,0.000000,0.000000,90.000,E,0,0.000000,0,0.000000,0.649957,1.199957,0.649957,-2.418144,8.528147,3.098097,-0.283503,-0.355741,-0.464240,0.649957,0.387899,-0.927904,0.500299,1.123286,1.005720,-27.768002,-14.383000,-17.594002,NaN,0.121745,true,Self-supervised model,0.133830,0.000000,0.000000,0.000000,0.000000,0.000000,1.000000,0.578621,false,false
2026-04-17T14:36:26.558679,0.000000,0.000000,0.004167,89.761,E,0,0.000000,0,0.000000,0.649499,1.199939,0.647094,-2.355895,8.295909,3.330335,-0.177583,-0.578680,-0.228746,0.647094,0.387899,-0.927904,0.500299,1.123286,1.005720,-27.768002,-14.383000,-17.594002,NaN,0.142579,true,Self-supervised model,0.128547,0.000000,0.000000,0.000000,0.000000,0.000000,1.003716,0.576073,false,false
2026-04-17T14:36:26.566020,0.000000,0.000000,0.010388,89.405,E,0,0.000000,0,0.000000,0.672125,1.200826,0.790914,-2.240973,8.080431,3.445256,-0.033259,-0.778776,-0.133967,0.790914,0.387899,-0.927904,0.500299,1.123286,1.005720,-27.768002,-14.383000,-17.594002,NaN,0.157018,true,Self-supervised model,0.147630,0.000000,0.000000,0.000000,0.000000,0.000000,0.849808,0.704108,false,false
2026-04-17T14:36:26.573879,0.000000,0.000000,0.017181,89.016,E,0,0.000000,0,0.000000,0.703277,1.202924,0.866821,-2.068590,7.987057,3.593697,0.144858,-0.854234,-0.026058,0.866821,0.387899,-0.927904,0.500299,1.123286,1.005720,-27.768002,-14.383000,-17.594002,NaN,0.166095,true,Self-supervised model,0.157864,0.000000,0.000000,0.000000,0.000000,0.000000,0.811329,0.771683,false,false
2026-04-17T14:36:26.582061,0.000000,0.000000,0.023102,88.676,E,0,0.000000,0,0.000000,0.737546,1.206309,0.917458,-1.970428,7.941567,3.835511,0.234300,-0.874389,0.149252,0.917458,0.387899,-0.927904,0.500299,1.123286,1.005720,-27.768002,-14.383000,-17.594002,NaN,0.168534,true,Self-supervised model,0.164261,0.000000,0.000000,0.000000,0.000000,0.000000,0.803901,0.816763,false,false
2026-04-17T14:36:26.590021,0.000000,0.000000,0.027251,88.439,E,0,0.000000,0,0.000000,0.797132,1.211942,1.109963,-1.874660,7.812280,4.264073,0.308736,-0.960245,0.463283,1.109963,-0.536951,-0.872316,0.437380,1.113800,1.024329,-27.768002,-14.383000,-17.594002,NaN,0.165591,true,Self-supervised model,0.195097,0.000000,0.000000,0.000000,0.000000,0.000000,0.718161,0.996555,false,false
2026-04-17T14:36:26.598121,0.000000,0.000000,0.028491,88.368,E,0,0.000000,0,0.000000,0.896712,1.221333,1.419505,-1.742979,7.592013,4.747702,0.404477,-1.115100,0.779708,1.419505,-0.477086,-0.711047,0.417832,0.952776,0.856270,-27.768002,-14.383000,-17.594002,NaN,0.155195,true,Self-supervised model,0.242047,0.000000,0.000000,0.000000,0.000000,0.000000,0.631708,1.489862,false,false
2026-04-17T14:36:26.606077,0.000000,0.000000,0.025625,88.532,E,0,0.000000,0,0.000000,1.013865,1.235034,1.628915,-1.635240,7.390901,5.123591,0.466515,-1.233682,0.955907,1.628915,-0.368963,-0.594372,0.400728,0.806222,0.699579,-27.768002,-14.383000,-17.594002,NaN,0.135905,true,Self-supervised model,0.262752,0.000000,0.000000,0.000000,0.000000,0.000000,0.622417,2.020430,false,false
2026-04-17T14:36:26.614178,0.000000,0.000000,0.018723,88.927,E,0,0.000000,0,0.000000,1.132070,1.252915,1.752649,-1.470040,7.307104,5.513846,0.565984,-1.221558,1.122156,1.752649,-0.248622,-0.569326,0.374460,0.725373,0.621245,-27.768002,-14.383000,-17.594002,NaN,0.112860,true,Self-supervised model,0.270967,0.000000,0.000000,0.000000,0.000000,0.000000,0.645920,2.416203,false,false
2026-04-17T14:36:26.622587,0.000000,0.000000,0.007866,89.549,E,0,0.000000,0,0.000000,1.208268,1.273130,1.608306,-1.448492,7.417237,5.736507,0.520699,-1.015172,1.133555,1.608306,-0.086132,-0.563218,0.333532,0.660210,0.569766,-27.768002,-14.383000,-17.594002,NaN,0.086182,true,Self-supervised model,0.239443,0.000000,0.000000,0.000000,0.000000,0.000000,0.751267,2.436054,false,false
2026-04-17T14:36:26.631053,0.000000,0.000000,-0.005527,90.317,E,0,0.000000,0,0.000000,1.236140,1.293650,1.382471,-1.539472,7.582437,5.882554,0.376800,-0.757818,1.093143,1.382471,0.096517,-0.552222,0.282220,0.627625,0.560593,-27.768002,-14.383000,-17.594002,NaN,0.062649,true,Self-supervised model,0.195287,0.000000,0.000000,0.000000,0.000000,0.000000,0.894153,2.202704,false,false
2026-04-17T14:36:26.638118,0.000000,0.000000,-0.019770,91.133,E,0,0.000000,0,0.000000,1.213443,1.312442,1.094284,-1.659182,7.757214,5.882554,0.222377,-0.504371,0.945313,1.094284,0.284052,-0.548557,0.218690,0.655306,0.617738,-27.768002,-14.383000,-17.594002,NaN,0.045003,true,Self-supervised model,0.161565,0.000000,0.000000,0.000000,0.000000,0.000000,1.108892,1.669883,false,false
2026-04-17T14:36:26.646190,0.000000,0.000000,-0.033366,91.912,E,0,0.000000,0,0.000000,1.149639,1.327930,0.814668,-1.798046,7.898471,5.798757,0.069238,-0.301059,0.753826,0.814668,0.435547,-0.538172,0.163101,0.711289,0.692337,-27.768002,-14.383000,-17.594002,NaN,0.033993,true,Self-supervised model,0.159732,0.000000,0.000000,0.000000,0.000000,0.000000,1.411175,1.145340,false,false
2026-04-17T14:36:26.654094,0.000000,0.000000,-0.045182,92.589,E,0,0.000000,0,0.000000,1.054147,1.338978,0.552813,-1.793257,7.917625,5.612009,0.062960,-0.239249,0.494367,0.552813,0.600481,-0.519846,0.075747,0.797844,0.794240,-27.768002,-14.383000,-17.594002,NaN,0.029298,true,Self-supervised model,0.169371,0.000000,0.000000,0.000000,0.000000,0.000000,1.906878,0.692884,false,false
2026-04-17T14:36:26.662808,0.000000,0.000000,-0.054970,93.150,E,0,0.000000,0,0.000000,0.944879,1.345214,0.371223,-1.810017,7.771579,5.154716,0.047933,-0.367974,0.010195,0.371223,0.728762,-0.470977,-0.032376,0.868310,0.867706,-27.768002,-14.383000,-17.594002,NaN,0.027624,true,Self-supervised model,0.181562,0.000000,0.000000,0.000000,0.000000,0.000000,2.545314,0.427524,false,false
2026-04-17T14:36:26.670650,0.000000,0.000000,-0.062192,93.563,E,0,0.000000,0,0.000000,0.908463,1.349744,0.717277,-1.853112,7.615956,4.644751,0.021731,-0.531357,-0.481325,0.717277,0.803899,-0.407447,-0.137445,0.911678,0.901258,-27.768002,-14.383000,-17.594002,NaN,0.030663,true,Self-supervised model,0.132118,0.000000,0.000000,0.000000,0.000000,0.000000,1.266544,0.786765,false,false
2026-04-17T14:36:26.679159,0.000000,0.000000,-0.066414,93.805,E,0,0.000000,0,0.000000,0.922738,1.354664,0.997680,-1.965640,7.541735,4.304775,-0.054375,-0.626252,-0.774737,0.997680,0.831998,-0.370795,-0.206472,0.933992,0.910884,-27.768002,-14.383000,-17.594002,NaN,0.038445,true,Self-supervised model,0.137486,0.000000,0.000000,0.000000,0.000000,0.000000,0.924883,1.068189,false,false
2026-04-17T14:36:26.686313,0.000000,0.000000,-0.067342,93.858,E,0,0.000000,0,0.000000,0.968935,1.361235,1.211474,-2.147599,7.513005,4.024653,-0.175970,-0.684273,-0.984110,1.211474,0.821614,-0.370795,-0.260839,0.938390,0.901409,-27.768002,-14.383000,-17.594002,NaN,0.050692,true,Self-supervised model,0.174632,0.000000,0.000000,0.000000,0.000000,0.000000,0.799799,1.291013,false,false
2026-04-17T14:36:26.694474,0.000000,0.000000,-0.064617,93.702,E,0,0.000000,0,0.000000,1.031292,1.370037,1.358666,-2.355895,7.532158,3.792415,-0.300557,-0.699666,-1.125214,1.358666,0.783129,-0.394008,-0.277944,0.919666,0.876661,-27.768002,-14.383000,-17.594002,NaN,0.068028,true,Self-supervised model,0.194863,0.000000,0.000000,0.000000,0.000000,0.000000,0.759048,1.477347,false,false
2026-04-17T14:36:26.701943,0.000000,0.000000,-0.057942,93.320,E,0,0.000000,0,0.000000,1.115121,1.381841,1.555225,-2.559402,7.546524,3.584120,-0.501103,-0.710785,-1.289342,1.555225,0.722654,-0.403171,-0.258396,0.866916,0.827511,-27.768002,-14.383000,-17.594002,NaN,0.090501,true,Self-supervised model,0.219119,0.000000,0.000000,0.000000,0.000000,0.000000,0.717016,1.793974,false,false
2026-04-17T14:36:26.711579,0.000000,0.000000,-0.050964,92.920,E,0,0.000000,0,0.000000,1.204066,1.396730,1.671022,-2.748544,7.517793,3.514688,-0.687805,-0.762776,-1.318109,1.671022,0.670730,-0.406225,-0.226020,0.816078,0.784154,-30.028002,-20.480001,-16.322001,NaN,0.098694,true,Self-supervised model,0.234705,0.000000,0.000000,0.000000,0.000000,0.000000,0.720556,2.047626,false,false
2026-04-17T14:36:26.718472,0.000000,0.000000,-0.043826,92.511,E,0,0.000000,0,0.000000,1.315384,1.415476,1.899804,-2.980781,7.465121,3.359065,-0.919667,-0.837152,-1.436190,1.899804,0.618196,-0.395230,-0.162490,0.751515,0.733739,-30.028002,-20.480001,-16.322001,NaN,0.106470,true,Self-supervised model,0.264218,0.000000,0.000000,0.000000,0.000000,0.000000,0.692379,2.527963,false,false
2026-04-17T14:36:26.726267,0.000000,0.000000,-0.036723,92.104,E,0,0.000000,0,0.000000,1.435310,1.438269,2.064923,-3.117251,7.513005,3.184288,-1.059501,-0.809898,-1.576525,2.064923,0.532674,-0.302989,-0.021380,0.613190,0.612817,-30.028002,-20.480001,-16.322001,NaN,0.113437,true,Self-supervised model,0.292801,0.000000,0.000000,0.000000,0.000000,0.000000,0.695091,3.367511,false,false
2026-04-17T14:36:26.734241,0.000000,0.000000,-0.029946,91.716,E,0,0.000000,0,0.000000,1.546370,1.464593,2.129434,-3.232172,7.644686,3.105280,-1.185405,-0.698069,-1.625425,2.129434,0.478918,-0.228464,0.089797,0.538165,0.530621,-30.028002,-20.480001,-16.322001,NaN,0.118904,true,Self-supervised model,0.307318,0.000000,0.000000,0.000000,0.000000,0.000000,0.726188,3.956841,false,false
2026-04-17T14:36:26.742210,0.000000,0.000000,-0.023934,91.371,E,0,0.000000,0,0.000000,1.639402,1.493585,2.127821,-3.272874,7.884106,3.043030,-1.242301,-0.478229,-1.660003,2.127821,0.418443,-0.153327,0.222966,0.498314,0.445650,-30.028002,-20.480001,-16.322001,NaN,0.121863,true,Self-supervised model,0.311043,0.000000,0.000000,0.000000,0.000000,0.000000,0.770460,4.270037,false,false
2026-04-17T14:36:26.750527,0.000000,0.000000,-0.018950,91.086,E,0,0.000000,0,0.000000,1.706944,1.524120,2.061536,-3.227384,8.171411,3.028665,-1.219034,-0.210427,-1.649123,2.061536,0.358578,-0.117286,0.353691,0.517138,0.377272,-30.028002,-20.480001,-16.322001,NaN,0.122728,true,Self-supervised model,0.299086,0.000000,0.000000,0.000000,0.000000,0.000000,0.827996,3.986435,false,false
2026-04-17T14:36:26.758450,0.000000,0.000000,-0.015206,90.871,E,0,0.000000,0,0.000000,1.750572,1.555178,1.979620,-3.052607,8.437167,2.992752,-1.073368,0.036141,-1.662971,1.979620,0.295048,-0.112399,0.477697,0.572609,0.315732,-30.028002,-20.480001,-16.322001,NaN,0.121517,true,Self-supervised model,0.280526,0.000000,0.000000,0.000000,0.000000,0.000000,0.884297,3.457195,false,false
2026-04-17T14:36:26.766217,0.000000,0.000000,-0.012860,90.737,E,0,0.000000,0,0.000000,1.769200,1.585739,1.867000,-2.748544,8.631097,2.966416,-0.805735,0.211388,-1.670866,1.867000,0.234572,-0.118508,0.577879,0.634832,0.262808,-30.028002,-20.480001,-16.322001,NaN,0.118267,true,Self-supervised model,0.259813,0.000000,0.000000,0.000000,0.000000,0.000000,0.947617,2.940935,false,false
2026-04-17T14:36:26.774413,0.000000,0.000000,-0.012028,90.689,E,0,0.000000,0,0.000000,1.755058,1.614512,1.680811,-2.276886,8.841787,3.035848,-0.377736,0.404275,-1.587136,1.680811,0.179594,-0.135612,0.650571,0.688395,0.225044,-30.028002,-20.480001,-16.322001,NaN,0.113045,true,Self-supervised model,0.235850,0.000000,0.000000,0.000000,0.000000,0.000000,1.044174,2.441636,false,false
2026-04-17T14:36:26.782826,0.000000,0.000000,-0.012784,90.732,E,0,0.000000,0,0.000000,1.719049,1.640693,1.530004,-1.786075,9.138668,3.246537,0.061864,0.684577,-1.366909,1.530004,0.087965,-0.189368,0.767247,0.795151,0.208802,-30.028002,-20.480001,-16.322001,NaN,0.105936,true,Self-supervised model,0.219348,0.000000,0.000000,0.000000,0.000000,0.000000,1.123559,1.924167,false,false
2026-04-17T14:36:26.790278,0.000000,0.000000,-0.015180,90.870,E,0,0.000000,0,0.000000,1.681837,1.664339,1.486470,-1.206678,9.303867,3.524265,0.583331,0.834124,-1.083307,1.486470,0.047037,-0.223577,0.817338,0.848669,0.228471,-30.028002,-20.480001,-16.322001,NaN,0.096983,true,Self-supervised model,0.207119,0.000000,0.000000,0.000000,0.000000,0.000000,1.131430,1.751530,false,false
2026-04-17T14:36:26.799014,0.000000,0.000000,-0.019188,91.099,E,0,0.000000,0,0.000000,1.665498,1.686385,1.579721,-0.756568,9.378088,3.734955,0.971735,0.893096,-0.868119,1.579721,0.049480,-0.230296,0.830166,0.862937,0.235552,-30.028002,-20.480001,-16.322001,NaN,0.086524,true,Self-supervised model,0.204519,0.000000,0.000000,0.000000,0.000000,0.000000,1.054299,1.830634,false,false
2026-04-17T14:36:26.806383,0.000000,0.000000,-0.024651,91.412,E,0,0.000000,0,0.000000,1.672035,1.707811,1.706353,-0.500388,9.306262,3.627216,1.173669,0.795920,-0.949028,1.706353,0.093462,-0.138666,0.810007,0.827089,0.167223,-30.028002,-20.480001,-16.322001,NaN,0.075244,true,Self-supervised model,0.213339,0.000000,0.000000,0.000000,0.000000,0.000000,0.979888,2.063084,false,false
2026-04-17T14:36:26.815590,0.000000,0.000000,-0.030813,91.765,E,0,0.000000,0,0.000000,1.702199,1.729587,1.860558,-0.105345,9.059659,3.598485,1.514289,0.522115,-0.946573,1.860558,0.153327,-0.062308,0.778242,0.795646,0.165504,-30.028002,-20.480001,-16.322001,NaN,0.066283,true,Self-supervised model,0.234565,0.000000,0.000000,0.000000,0.000000,0.000000,0.914886,2.338424,false,false
2026-04-17T14:36:26.822419,0.000000,0.000000,-0.037613,92.155,E,0,0.000000,0,0.000000,1.755718,1.752632,2.036692,0.150835,8.801085,3.438074,1.715217,0.235146,-1.072776,2.036692,0.206472,-0.043982,0.730595,0.760483,0.211105,-30.028002,-20.480001,-16.322001,NaN,0.056933,true,Self-supervised model,0.260935,0.000000,0.000000,0.000000,0.000000,0.000000,0.862044,2.678156,false,false
2026-04-17T14:36:26.830619,0.000000,0.000000,-0.044983,92.577,E,0,0.000000,0,0.000000,1.831276,1.777778,2.227956,0.299275,8.635885,3.174711,1.807913,0.041740,-1.301345,2.227956,0.221744,-0.048258,0.671341,0.708659,0.226935,-30.028002,-20.480001,-16.322001,NaN,0.047283,true,Self-supervised model,0.294453,0.000000,0.000000,0.000000,0.000000,0.000000,0.821953,3.143904,false,false
2026-04-17T14:36:26.838433,0.000000,0.000000,-0.052810,93.026,E,0,0.000000,0,0.000000,1.921583,1.805530,2.395699,0.328006,8.626308,2.841918,1.782746,0.005387,-1.600362,2.395699,0.207694,-0.043371,0.584598,0.621911,0.212174,-30.028002,-20.480001,-16.322001,NaN,0.037628,true,Self-supervised model,0.324828,0.000000,0.000000,0.000000,0.000000,0.000000,0.802097,3.852159,false,false
2026-04-17T14:36:26.848269,0.000000,0.000000,-0.060925,93.491,E,0,0.000000,0,0.000000,2.007659,1.835615,2.459554,0.275333,8.726865,2.616863,1.680918,0.081528,-1.793676,2.459554,0.166766,-0.005498,0.487470,0.515237,0.166857,-30.028002,-20.480001,-16.322001,NaN,0.028358,true,Self-supervised model,0.347885,0.000000,0.000000,0.000000,0.000000,0.000000,0.816269,4.773641,false,false
2026-04-17T14:36:26.854526,0.000000,0.000000,-0.069124,93.961,E,0,0.000000,0,0.000000,2.077246,1.867280,2.442581,0.193930,8.813056,2.528277,1.566223,0.155069,-1.867913,2.442581,0.116064,0.051313,0.389121,0.409291,0.126901,-30.028002,-20.480001,-16.322001,NaN,0.019825,true,Self-supervised model,0.355533,0.000000,0.000000,0.000000,0.000000,0.000000,0.850431,5.967832,false,false
2026-04-17T14:36:26.863157,0.000000,0.000000,-0.077040,94.414,E,0,0.000000,0,0.000000,2.123236,1.899519,2.364681,0.193930,8.844181,2.600103,1.541312,0.176482,-1.784637,2.364681,0.068417,0.104458,0.307265,0.331669,0.124869,-30.028002,-20.480001,-16.322001,NaN,0.013042,true,Self-supervised model,0.360107,0.000000,0.000000,0.000000,0.000000,0.000000,0.897895,7.129644,false,false
2026-04-17T14:36:26.871028,0.000000,0.000000,-0.084495,94.841,E,0,0.000000,0,0.000000,2.136085,1.930981,2.203541,0.155623,8.825027,2.755726,1.485666,0.150315,-1.620430,2.203541,0.023824,0.144164,0.209527,0.255445,0.146119,-30.903002,-23.003000,-14.073001,NaN,0.007429,true,Self-supervised model,0.347787,0.000000,0.000000,0.000000,0.000000,0.000000,0.969387,8.626269,false,false
2026-04-17T14:36:26.882535,0.000000,0.000000,-0.091351,95.234,E,0,0.000000,0,0.000000,2.113441,1.960280,1.994562,-0.002394,8.801085,2.877831,1.318382,0.121649,-1.491760,1.994562,-0.001222,0.213803,0.111177,0.240985,0.213806,-30.903002,-23.003000,-14.073001,NaN,0.002973,true,Self-supervised model,0.315380,0.000000,0.000000,0.000000,0.000000,0.000000,1.059601,8.276722,false,false
2026-04-17T14:36:26.886900,0.000000,0.000000,-0.097461,95.584,E,0,0.000000,0,0.000000,2.076217,1.986917,1.880789,-0.136469,8.884883,2.916138,1.183890,0.202316,-1.447356,1.880789,-0.019548,0.299324,0.018937,0.300559,0.299962,-30.903002,-23.003000,-14.073001,NaN,-0.000160,true,Self-supervised model,0.273356,0.000000,0.000000,0.000000,0.000000,0.000000,1.103908,6.257640,false,false
2026-04-17T14:36:26.897198,0.000000,0.000000,-0.102697,95.884,E,0,0.000000,0,0.000000,2.019663,2.010227,1.722759,-0.287304,8.942344,3.009511,1.041328,0.258010,-1.347949,1.722759,-0.033598,0.363465,-0.045815,0.367878,0.365014,-30.903002,-23.003000,-14.073001,NaN,-0.001893,true,Self-supervised model,0.251537,0.000000,0.000000,0.000000,0.000000,0.000000,1.172342,4.682959,false,false
2026-04-17T14:36:26.902486,0.000000,0.000000,-0.106973,96.129,E,0,0.000000,0,0.000000,1.932965,2.029136,1.477797,-0.497994,8.995016,3.179500,0.844979,0.309950,-1.172104,1.477797,-0.047037,0.398284,-0.100182,0.413375,0.401052,-30.903002,-23.003000,-14.073001,NaN,-0.002331,true,Self-supervised model,0.224875,0.000000,0.000000,0.000000,0.000000,0.000000,1.308004,3.574953,false,false
2026-04-17T14:36:26.913962,0.000000,0.000000,-0.110292,96.319,E,0,0.000000,0,0.000000,1.825090,2.042975,1.258750,-0.665588,9.014170,3.349488,0.695104,0.329049,-0.996498,1.258750,-0.050091,0.390954,-0.131947,0.415649,0.394150,-30.903002,-23.003000,-14.073001,NaN,-0.001826,true,Self-supervised model,0.218588,0.000000,0.000000,0.000000,0.000000,0.000000,1.449923,3.028397,false,false
2026-04-17T14:36:26.919828,0.000000,0.000000,-0.112718,96.458,E,0,0.000000,0,0.000000,1.710364,2.051670,1.108050,-0.780510,9.002198,3.428497,0.582309,0.304747,-0.892087,1.108050,-0.037874,0.373850,-0.134390,0.399072,0.375763,-30.903002,-23.003000,-14.073001,NaN,-0.000677,true,Self-supervised model,0.207298,0.000000,0.000000,0.000000,0.000000,0.000000,1.543580,2.776565,false,false
2026-04-17T14:36:26.926593,0.000000,0.000000,-0.114745,96.574,E,0,0.000000,0,0.000000,1.593547,2.055345,0.980257,-0.871489,8.932767,3.476381,0.492396,0.222465,-0.817899,0.980257,-0.010385,0.350637,-0.113010,0.368545,0.350790,-30.903002,-23.003000,-14.073001,NaN,-0.001108,true,Self-supervised model,0.202380,0.000000,0.000000,0.000000,0.000000,0.000000,1.625642,2.659805,false,false
2026-04-17T14:36:26.934638,0.000000,0.000000,-0.116449,96.672,E,0,0.000000,0,0.000000,1.479969,2.054330,0.883687,-0.924162,8.908825,3.521871,0.438429,0.184709,-0.744691,0.883687,0.036041,0.322537,-0.072082,0.332453,0.324544,-30.903002,-23.003000,-14.073001,NaN,-0.001521,true,Self-supervised model,0.197960,0.000000,0.000000,0.000000,0.000000,0.000000,1.674767,2.658082,false,false
2026-04-17T14:36:26.942550,0.000000,0.000000,-0.117942,96.758,E,0,0.000000,0,0.000000,1.384366,2.049532,0.882452,-0.916979,8.884883,3.485958,0.440794,0.145371,-0.750525,0.882452,0.093462,0.287107,-0.017715,0.302455,0.301936,-30.903002,-23.003000,-14.073001,NaN,-0.002169,true,Self-supervised model,0.187548,0.000000,0.000000,0.000000,0.000000,0.000000,1.568773,2.917625,false,false
2026-04-17T14:36:26.951242,0.000000,0.000000,-0.119348,96.838,E,0,0.000000,0,0.000000,1.322858,2.042465,0.999940,-0.869095,8.923190,3.342306,0.479756,0.166483,-0.861393,0.999940,0.139888,0.260839,0.029932,0.297493,0.295983,-30.903002,-23.003000,-14.073001,NaN,-0.003225,true,Self-supervised model,0.168195,0.000000,0.000000,0.000000,0.000000,0.000000,1.322938,3.361226,false,false
2026-04-17T14:36:26.958422,0.000000,0.000000,-0.120783,96.920,E,0,0.000000,0,0.000000,1.302183,2.034853,1.193637,-0.809240,8.923190,3.107674,0.527206,0.147697,-1.060664,1.193637,0.179594,0.239459,0.077580,0.309214,0.299324,-30.903002,-23.003000,-14.073001,NaN,-0.004777,true,Self-supervised model,0.156595,0.000000,0.000000,0.000000,0.000000,0.000000,1.090937,3.860226,false,false
2026-04-17T14:36:26.967329,0.000000,0.000000,-0.122330,97.009,E,0,0.000000,0,0.000000,1.329146,2.028625,1.470702,-0.701501,9.002198,2.813187,0.619830,0.206680,-1.317595,1.470702,0.189368,0.238848,0.102014,0.321428,0.304810,-30.903002,-23.003000,-14.073001,NaN,-0.006774,true,Self-supervised model,0.179402,0.000000,0.000000,0.000000,0.000000,0.000000,0.903749,4.575528,false,false
2026-04-17T14:36:26.974255,0.000000,0.000000,-0.124051,97.108,E,0,0.000000,0,0.000000,1.393910,2.025237,1.733924,-0.598550,9.045294,2.525883,0.707344,0.229482,-1.566364,1.733924,0.168599,0.260229,0.099571,0.325667,0.310072,-30.903002,-23.003000,-14.073001,NaN,-0.009187,true,Self-supervised model,0.215885,0.000000,0.000000,0.000000,0.000000,0.000000,0.803905,5.324228,false,false
2026-04-17T14:36:26.982429,0.000000,0.000000,-0.125936,97.216,E,0,0.000000,0,0.000000,1.466551,2.024889,1.847913,-0.531513,9.088389,2.389413,0.760462,0.253095,-1.665060,1.847913,0.140499,0.273057,0.084910,0.318606,0.307083,-30.903002,-23.003000,-14.073001,NaN,-0.011731,true,Self-supervised model,0.232769,0.000000,0.000000,0.000000,0.000000,0.000000,0.793625,5.799996,false,false
2026-04-17T14:36:26.990032,0.000000,0.000000,-0.127931,97.330,E,0,0.000000,0,0.000000,1.545509,2.027714,1.960041,-0.514753,9.179369,2.243367,0.765724,0.325755,-1.774629,1.960041,0.079412,0.296270,0.041539,0.309528,0.306728,-30.903002,-23.003000,-14.073001,NaN,-0.014165,true,Self-supervised model,0.249773,0.000000,0.000000,0.000000,0.000000,0.000000,0.788509,6.332355,false,false
2026-04-17T14:36:26.998901,0.000000,0.000000,-0.129952,97.446,E,0,0.000000,0,0.000000,1.606046,2.032847,1.923861,-0.567426,9.260772,2.236184,0.704395,0.390290,-1.747210,1.923861,0.017715,0.317650,0.004276,0.318172,0.318144,-30.903002,-23.003000,-14.073001,NaN,-0.016293,true,Self-supervised model,0.243162,0.000000,0.000000,0.000000,0.000000,0.000000,0.834803,6.046603,false,false
2026-04-17T14:36:27.006155,0.000000,0.000000,-0.131918,97.558,E,0,0.000000,0,0.000000,1.637558,2.039036,1.803001,-0.684742,9.330204,2.303222,0.581331,0.444448,-1.647827,1.803001,-0.045815,0.321926,-0.026267,0.326229,0.325170,-30.903002,-23.003000,-14.073001,NaN,-0.018035,true,Self-supervised model,0.224638,0.000000,0.000000,0.000000,0.000000,0.000000,0.908240,5.526798,false,false
2026-04-17T14:36:27.015077,0.000000,0.000000,-0.133757,97.664,E,0,0.000000,0,0.000000,1.637394,2.044970,1.636529,-0.842759,9.387665,2.415750,0.419406,0.487843,-1.504771,1.636529,-0.089186,0.321315,-0.042150,0.336116,0.333463,-30.903002,-23.003000,-14.073001,NaN,-0.019372,true,Self-supervised model,0.204820,0.000000,0.000000,0.000000,0.000000,0.000000,1.000528,4.868937,false,false
2026-04-17T14:36:27.022090,0.000000,0.000000,-0.135442,97.760,E,0,0.000000,0,0.000000,1.614038,2.049733,1.491422,-0.969652,9.406818,2.513912,0.289924,0.493709,-1.377147,1.491422,-0.122784,0.334143,-0.047037,0.359082,0.355988,-30.903002,-23.003000,-14.073001,NaN,-0.020437,true,Self-supervised model,0.191639,0.000000,0.000000,0.000000,0.000000,0.000000,1.082214,4.153427,false,false
2026-04-17T14:36:27.031368,0.000000,0.000000,-0.136964,97.847,E,0,0.000000,0,0.000000,1.575789,2.052775,1.374977,-1.079785,9.442732,2.600103,0.178194,0.516677,-1.261687,1.374977,-0.141721,0.353691,-0.037874,0.382905,0.381028,-32.309002,-19.373001,-12.801001,NaN,-0.021304,true,Self-supervised model,0.184433,0.000000,0.000000,0.000000,0.000000,0.000000,1.146047,3.590906,false,false
2026-04-17T14:36:27.038168,0.000000,0.000000,-0.138338,97.926,E,0,0.000000,0,0.000000,1.527430,2.053761,1.273551,-1.098939,9.445126,2.674323,0.158223,0.506207,-1.157865,1.273551,-0.148440,0.388510,-0.031154,0.417068,0.415902,-32.309002,-19.373001,-12.801001,NaN,-0.022090,true,Self-supervised model,0.177605,0.000000,0.000000,0.000000,0.000000,0.000000,1.199348,3.053584,false,false
2026-04-17T14:36:27.048607,0.000000,0.000000,-0.139598,97.998,E,0,0.000000,0,0.000000,1.472932,2.052528,1.186812,-1.086968,9.425972,2.724602,0.167019,0.472964,-1.075608,1.186812,-0.142332,0.419664,-0.027489,0.443996,0.443144,-32.309002,-19.373001,-12.801001,NaN,-0.022892,true,Self-supervised model,0.173489,0.000000,0.000000,0.000000,0.000000,0.000000,1.241082,2.673026,false,false
2026-04-17T14:36:27.054407,0.000000,0.000000,-0.140730,98.063,E,0,0.000000,0,0.000000,1.419397,2.049203,1.138338,-1.110910,9.366117,2.715025,0.148941,0.401123,-1.054860,1.138338,-0.129503,0.453262,-0.028711,0.472273,0.471400,-32.309002,-19.373001,-12.801001,NaN,-0.023515,true,Self-supervised model,0.166655,0.000000,0.000000,0.000000,0.000000,0.000000,1.246903,2.410338,false,false
2026-04-17T14:36:27.062647,0.000000,0.000000,-0.141754,98.122,E,0,0.000000,0,0.000000,1.374692,2.044222,1.139995,-1.154005,9.349358,2.664747,0.110374,0.371218,-1.072196,1.139995,-0.109345,0.497244,-0.044593,0.511074,0.509125,-32.309002,-19.373001,-12.801001,NaN,-0.024104,true,Self-supervised model,0.160185,0.000000,0.000000,0.000000,0.000000,0.000000,1.205875,2.230587,false,false
2026-04-17T14:36:27.070667,0.000000,0.000000,-0.142591,98.170,E,0,0.000000,0,0.000000,1.339989,2.038053,1.157799,-1.280898,9.392453,2.616863,-0.008915,0.401277,-1.086000,1.157799,-0.102014,0.513127,-0.067195,0.527467,0.523169,-32.309002,-19.373001,-12.801001,NaN,-0.024192,true,Self-supervised model,0.154728,0.000000,0.000000,0.000000,0.000000,0.000000,1.157359,2.195018,false,false
2026-04-17T14:36:27.080442,0.000000,0.000000,-0.143141,98.201,E,0,0.000000,0,0.000000,1.316581,2.031194,1.193688,-1.479617,9.457097,2.580950,-0.196229,0.453142,-1.086760,1.193688,-0.099571,0.516181,-0.089186,0.533209,0.525697,-32.309002,-19.373001,-12.801001,NaN,-0.023595,true,Self-supervised model,0.151857,0.000000,0.000000,0.000000,0.000000,0.000000,1.102953,2.238688,false,false
2026-04-17T14:36:27.086901,0.000000,0.000000,-0.143262,98.208,E,0,0.000000,0,0.000000,1.304684,2.024134,1.242225,-1.707066,9.533711,2.578555,-0.408371,0.517295,-1.052978,1.242225,-0.100182,0.498466,-0.112399,0.520710,0.508434,-32.309002,-19.373001,-12.801001,NaN,-0.022004,true,Self-supervised model,0.152417,0.000000,0.000000,0.000000,0.000000,0.000000,1.050280,2.385640,false,false
2026-04-17T14:36:27.095461,0.000000,0.000000,-0.142818,98.183,E,0,0.000000,0,0.000000,1.308881,2.017524,1.330912,-1.948880,9.598354,2.571373,-0.631019,0.570139,-1.023759,1.330912,-0.109956,0.446543,-0.133779,0.478944,0.459881,-32.309002,-19.373001,-12.801001,NaN,-0.019297,true,Self-supervised model,0.158366,0.000000,0.000000,0.000000,0.000000,0.000000,0.983447,2.778846,false,false
2026-04-17T14:36:27.102298,0.000000,0.000000,-0.141668,98.117,E,0,0.000000,0,0.000000,1.331097,2.012067,1.447730,-2.209848,9.694122,2.609680,-0.869499,0.656502,-0.953362,1.447730,-0.126449,0.367741,-0.139277,0.413063,0.388874,-32.309002,-19.373001,-12.801001,NaN,-0.015322,true,Self-supervised model,0.171191,0.000000,0.000000,0.000000,0.000000,0.000000,0.919437,3.504868,false,false
2026-04-17T14:36:27.110552,0.000000,0.000000,-0.139755,98.007,E,0,0.000000,0,0.000000,1.378787,2.008735,1.629163,-2.545036,9.770737,2.681506,-1.181150,0.726327,-0.855282,1.629163,-0.159436,0.246790,-0.119730,0.317270,0.293811,-32.309002,-19.373001,-12.801001,NaN,-0.010360,true,Self-supervised model,0.200638,0.000000,0.000000,0.000000,0.000000,0.000000,0.846316,5.134948,false,false
2026-04-17T14:36:27.118453,0.000000,0.000000,-0.137127,97.857,E,0,0.000000,0,0.000000,1.458155,2.008712,1.874838,-2.870648,9.888053,2.786851,-1.492171,0.847764,-0.754811,1.874838,-0.206472,0.104458,-0.064141,0.240117,0.231392,-32.309002,-19.373001,-12.801001,NaN,-0.004870,true,Self-supervised model,0.249341,0.000000,0.000000,0.000000,0.000000,0.000000,0.777750,7.808005,false,false
2026-04-17T14:36:27.126072,0.000000,0.000000,-0.134712,97.718,E,0,0.000000,0,0.000000,1.561769,2.012834,2.105742,-3.148375,10.029311,2.973598,-1.763704,0.994201,-0.578844,2.105742,-0.259007,-0.043371,0.032987,0.264677,0.262613,-32.309002,-19.373001,-12.801001,NaN,-0.003307,true,Self-supervised model,0.282123,0.000000,0.000000,0.000000,0.000000,0.000000,0.741672,7.955901,false,false
2026-04-17T14:36:27.134492,0.000000,0.000000,-0.132797,97.609,E,0,0.000000,0,0.000000,1.664864,2.020916,2.206113,-3.265691,10.096349,3.155558,-1.885967,1.067156,-0.413815,2.206113,-0.305433,-0.153938,0.140499,0.369765,0.342032,-32.309002,-19.373001,-12.801001,NaN,-0.003392,true,Self-supervised model,0.283296,0.000000,0.000000,0.000000,0.000000,0.000000,0.754659,5.966262,false,false
2026-04-17T14:36:27.141984,0.000000,0.000000,-0.131764,97.550,E,0,0.000000,0,0.000000,1.744556,2.031861,2.162937,-3.227384,10.103531,3.409343,-1.864681,1.080704,-0.182594,2.162937,-0.350637,-0.252898,0.276722,0.513302,0.432323,-32.309002,-19.373001,-12.801001,NaN,-0.005888,true,Self-supervised model,0.267602,0.000000,0.000000,0.000000,0.000000,0.000000,0.806568,4.213774,false,false
2026-04-17T14:36:27.150400,0.000000,0.000000,-0.131986,97.562,E,0,0.000000,0,0.000000,1.773440,2.043524,1.925078,-2.983175,10.005369,3.691859,-1.650041,0.988927,0.072895,1.925078,-0.381791,-0.315206,0.412945,0.644704,0.495095,-32.309002,-19.373001,-12.801001,NaN,-0.011129,true,Self-supervised model,0.230379,0.000000,0.000000,0.000000,0.000000,0.000000,0.921230,2.985989,false,false
2026-04-17T14:36:27.157912,0.000000,0.000000,-0.133801,97.666,E,0,0.000000,0,0.000000,1.733978,2.053143,1.526804,-2.557007,9.797073,3.986346,-1.264182,0.786777,0.337574,1.526804,-0.398284,-0.359189,0.525955,0.751183,0.536327,-32.309002,-19.373001,-12.801001,NaN,-0.019316,true,Self-supervised model,0.192666,0.000000,0.000000,0.000000,0.000000,0.000000,1.135691,2.032533,false,false
2026-04-17T14:36:27.166170,0.000000,0.000000,-0.137400,97.872,E,0,0.000000,0,0.000000,1.629896,2.058213,1.083465,-2.073379,9.497798,4.173094,-0.829015,0.493334,0.493206,1.083465,-0.403171,-0.373850,0.595594,0.810581,0.549828,-32.309002,-19.373001,-12.801001,NaN,-0.030049,true,Self-supervised model,0.191043,0.000000,0.000000,0.000000,0.000000,0.000000,1.504337,1.336651,false,false
2026-04-17T14:36:27.174352,0.000000,0.000000,-0.142806,98.182,E,0,0.000000,0,0.000000,1.498416,2.057821,0.808145,-1.503559,9.198523,4.429273,-0.312430,0.199720,0.718051,0.808145,-0.400117,-0.373239,0.644463,0.845419,0.547175,-32.309002,-19.373001,-12.801001,NaN,-0.042687,true,Self-supervised model,0.189190,0.000000,0.000000,0.000000,0.000000,0.000000,1.854142,0.955911,false,false
2026-04-17T14:36:27.182484,0.000000,0.000000,-0.149882,98.588,E,0,0.000000,0,0.000000,1.402647,2.053614,0.899863,-1.027112,8.992621,4.635174,0.108605,-0.000643,0.893285,0.899863,-0.384845,-0.342085,0.657902,0.835441,0.514905,-32.309002,-19.373001,-12.801001,NaN,-0.056439,true,Self-supervised model,0.171805,0.000000,0.000000,0.000000,0.000000,0.000000,1.558735,1.077110,false,false
2026-04-17T14:36:27.191061,0.000000,0.000000,-0.158395,99.075,E,0,0.000000,0,0.000000,1.365561,2.048092,1.170856,-0.648829,8.877700,4.845864,0.442725,-0.110313,1.078299,1.170856,-0.353691,-0.255342,0.642630,0.776705,0.436230,-28.593000,-22.181002,-18.024000,NaN,-0.070703,true,Self-supervised model,0.148318,0.000000,0.000000,0.000000,0.000000,0.000000,1.166292,1.507466,false,false
2026-04-17T14:36:27.198211,0.000000,0.000000,-0.167535,99.599,E,0,0.000000,0,0.000000,1.338959,2.041726,1.199301,-0.567426,8.954314,4.888960,0.483297,-0.028405,1.097242,1.199301,-0.305433,-0.122173,0.612698,0.695424,0.328961,-28.593000,-22.181002,-18.024000,NaN,-0.082352,true,Self-supervised model,0.147261,0.000000,0.000000,0.000000,0.000000,0.000000,1.116449,1.724562,false,false
2026-04-17T14:36:27.206120,0.000000,0.000000,-0.177130,100.149,E,0,0.000000,0,0.000000,1.344710,2.035846,1.374902,-0.421380,9.035717,5.054160,0.586569,0.056660,1.242209,1.374902,-0.221744,0.044593,0.572381,0.615450,0.226184,-28.593000,-22.181002,-18.024000,NaN,-0.093763,true,Self-supervised model,0.158390,0.000000,0.000000,0.000000,0.000000,0.000000,0.978040,2.233979,false,false
2026-04-17T14:36:27.214253,0.000000,0.000000,-0.187309,100.732,E,0,0.000000,0,0.000000,1.346685,2.030279,1.357051,-0.474052,9.208099,5.066131,0.498488,0.230783,1.240901,1.357051,-0.122784,0.171653,0.516792,0.558225,0.211047,-28.593000,-22.181002,-18.024000,NaN,-0.106281,true,Self-supervised model,0.157866,0.000000,0.000000,0.000000,0.000000,0.000000,0.992361,2.431013,false,false
2026-04-17T14:36:27.222209,0.000000,0.000000,-0.197710,101.328,E,0,0.000000,0,0.000000,1.319796,2.023860,1.178634,-0.670376,9.461885,4.869806,0.274022,0.483850,1.039220,1.178634,-0.028711,0.254120,0.452651,0.519898,0.255737,-28.593000,-22.181002,-18.024000,NaN,-0.117567,true,Self-supervised model,0.149519,0.000000,0.000000,0.000000,0.000000,0.000000,1.119768,2.267046,false,false
2026-04-17T14:36:27.230475,0.000000,0.000000,-0.207980,101.916,E,0,0.000000,0,0.000000,1.274011,2.015866,1.033638,-0.902614,9.715671,4.556166,0.019613,0.734893,0.726606,1.033638,0.032376,0.284663,0.400728,0.492609,0.286498,-28.593000,-22.181002,-18.024000,NaN,-0.127316,true,Self-supervised model,0.148310,0.000000,0.000000,0.000000,0.000000,0.000000,1.232550,2.098292,false,false
2026-04-17T14:36:27.238236,0.000000,0.000000,-0.217848,102.482,E,0,0.000000,0,0.000000,1.233506,2.006572,1.020856,-1.182736,9.931149,4.086902,-0.278619,0.946434,0.262262,1.020856,0.058032,0.260839,0.348804,0.439396,0.267217,-28.593000,-22.181002,-18.024000,NaN,-0.135573,true,Self-supervised model,0.144686,0.000000,0.000000,0.000000,0.000000,0.000000,1.208306,2.323314,false,false
2026-04-17T14:36:27.247950,0.000000,0.000000,-0.227150,103.015,E,0,0.000000,0,0.000000,1.225725,1.997338,1.184872,-1.350330,10.055647,3.591303,-0.459899,1.067704,-0.228961,1.184872,0.036652,0.213192,0.318261,0.384817,0.216320,-28.593000,-22.181002,-18.024000,NaN,-0.142613,true,Self-supervised model,0.143884,0.000000,0.000000,0.000000,0.000000,0.000000,1.034478,3.079054,false,false
2026-04-17T14:36:27.254579,0.000000,0.000000,-0.235717,103.506,E,0,0.000000,0,0.000000,1.235213,1.988853,1.285029,-1.407791,9.950302,3.150769,-0.530449,0.960686,-0.668586,1.285029,-0.080023,0.071471,0.268170,0.288837,0.107293,-28.593000,-22.181002,-18.024000,NaN,-0.148241,true,Self-supervised model,0.158421,0.000000,0.000000,0.000000,0.000000,0.000000,0.961234,4.448973,false,false
2026-04-17T14:36:27.262642,0.000000,0.000000,-0.243566,103.955,E,0,0.000000,0,0.000000,1.250508,1.981319,1.330806,-1.398214,9.765948,2.887407,-0.533532,0.777975,-0.938691,1.330806,-0.217468,-0.037263,0.230296,0.318931,0.220637,-28.593000,-22.181002,-18.024000,NaN,-0.153217,true,Self-supervised model,0.159051,0.000000,0.000000,0.000000,0.000000,0.000000,0.939663,4.172702,false,false
2026-04-17T14:36:27.270292,0.000000,0.000000,-0.250716,104.365,E,0,0.000000,0,0.000000,1.251651,1.974132,1.257653,-1.364695,9.361329,2.765303,-0.516990,0.380565,-1.081473,1.257653,-0.420886,-0.170431,0.194866,0.494130,0.454084,-28.593000,-22.181002,-18.024000,NaN,-0.157571,true,Self-supervised model,0.146359,0.000000,0.000000,0.000000,0.000000,0.000000,0.995228,2.545185,false,false
2026-04-17T14:36:27.280785,0.000000,0.000000,-0.257461,104.751,E,0,0.000000,0,0.000000,1.219383,1.965942,1.049977,-1.333570,8.956709,2.961627,-0.504151,-0.010338,-0.920964,1.049977,-0.649961,-0.292604,0.180205,0.735214,0.712788,-28.593000,-22.181002,-18.024000,NaN,-0.162697,true,Self-supervised model,0.138178,0.000000,0.000000,0.000000,0.000000,0.000000,1.161343,1.428123,false,false
2026-04-17T14:36:27.286451,0.000000,0.000000,-0.263907,105.121,E,0,0.000000,0,0.000000,1.156424,1.955562,0.825886,-1.374272,8.616732,3.430891,-0.565907,-0.329844,-0.503031,0.825886,-0.800233,-0.355524,0.196088,0.897341,0.875654,-28.593000,-22.181002,-18.024000,NaN,-0.167943,true,Self-supervised model,0.141031,0.000000,0.000000,0.000000,0.000000,0.000000,1.400222,0.920370,false,false
2026-04-17T14:36:27.294213,0.000000,0.000000,-0.270232,105.483,E,0,0.000000,0,0.000000,1.102540,1.943441,0.819651,-1.405396,8.391677,3.924097,-0.622027,-0.528605,-0.074066,0.819651,-0.975552,-0.366519,0.264505,1.075175,1.042131,-28.593000,-22.181002,-18.024000,NaN,-0.173787,true,Self-supervised model,0.135791,0.000000,0.000000,0.000000,0.000000,0.000000,1.345134,0.762342,false,false
2026-04-17T14:36:27.302565,0.000000,0.000000,-0.276690,105.853,E,0,0.000000,0,0.000000,1.103406,1.931839,1.107952,-1.410185,8.137892,4.551377,-0.655256,-0.752445,0.481688,1.107952,-1.032362,-0.277944,0.359189,1.127848,1.069123,-28.593000,-22.181002,-18.024000,NaN,-0.180778,true,Self-supervised model,0.130180,0.000000,0.000000,0.000000,0.000000,0.000000,0.995897,0.982359,false,false
2026-04-17T14:36:27.311035,0.000000,0.000000,-0.283519,106.244,E,0,0.000000,0,0.000000,1.174190,1.923533,1.545803,-1.355118,7.922413,5.197812,-0.631655,-0.936722,1.055022,1.545803,-0.997543,-0.125227,0.475864,1.112304,1.005372,-28.593000,-22.181002,-18.024000,NaN,-0.189091,true,Self-supervised model,0.185984,0.000000,0.000000,0.000000,0.000000,0.000000,0.759598,1.389731,false,false
2026-04-17T14:36:27.318680,0.000000,0.000000,-0.290952,106.670,E,0,0.000000,0,0.000000,1.286214,1.920041,1.874341,-1.271321,7.785944,5.655105,-0.581661,-1.043694,1.444135,1.874341,-0.896139,0.020769,0.580322,1.067835,0.896380,-28.593000,-22.181002,-18.024000,NaN,-0.198940,true,Self-supervised model,0.227463,0.000000,0.000000,0.000000,0.000000,0.000000,0.686222,1.755273,false,false
2026-04-17T14:36:27.326335,0.000000,0.000000,-0.299163,107.141,E,0,0.000000,0,0.000000,1.423845,1.922193,2.146410,-1.113304,7.685388,6.042965,-0.459505,-1.118725,1.773241,2.146410,-0.712880,0.171042,0.684169,1.002766,0.733112,-28.593000,-22.181002,-18.024000,NaN,-0.210258,true,Self-supervised model,0.260243,0.000000,0.000000,0.000000,0.000000,0.000000,0.663361,2.140488,false,false
2026-04-17T14:36:27.334293,0.000000,0.000000,-0.308248,107.661,E,0,0.000000,0,0.000000,1.548151,1.929231,2.200755,-0.967257,7.656657,6.172252,-0.351916,-1.127869,1.856715,2.200755,-0.488692,0.296270,0.791681,0.976399,0.571486,-28.593000,-22.181002,-18.024000,NaN,-0.222842,true,Self-supervised model,0.267548,0.000000,0.000000,0.000000,0.000000,0.000000,0.703463,2.253951,false,false
2026-04-17T14:36:27.342970,0.000000,0.000000,-0.318260,108.235,E,0,0.000000,0,0.000000,1.632273,1.939353,2.073917,-0.766145,7.690176,6.105214,-0.192010,-1.081947,1.758879,2.073917,-0.246790,0.379958,0.862542,0.974295,0.453071,-28.593000,-22.181002,-18.024000,NaN,-0.236562,true,Self-supervised model,0.253679,0.000000,0.000000,0.000000,0.000000,0.000000,0.787049,2.128633,false,false
2026-04-17T14:36:27.353245,0.000000,0.000000,-0.329202,108.862,E,0,0.000000,0,0.000000,1.674901,1.950775,1.898699,-0.627281,7.776367,5.973533,-0.060684,-0.991685,1.618004,1.898699,-0.211359,0.386067,0.871094,0.975974,0.440137,-28.200001,-22.477001,-19.582001,NaN,-0.251229,true,Self-supervised model,0.232422,0.000000,0.000000,0.000000,0.000000,0.000000,0.882131,1.945441,false,false
2026-04-17T14:36:27.358360,0.000000,0.000000,-0.338607,109.401,E,0,0.000000,0,0.000000,1.660103,1.961148,1.582408,-0.529119,7.939173,5.710171,-0.043159,-0.829775,1.346709,1.582408,0.164934,0.381180,0.897361,0.988816,0.415333,-28.200001,-22.477001,-19.582001,NaN,-0.254480,true,Self-supervised model,0.193335,0.000000,0.000000,0.000000,0.000000,0.000000,1.049099,1.600305,false,false
2026-04-17T14:36:27.366268,0.000000,0.000000,-0.351541,110.142,E,0,0.000000,0,0.000000,1.580700,1.967930,1.163834,-0.514753,8.197746,5.358223,-0.074591,-0.579476,1.006556,1.163834,0.347582,0.326202,0.871094,0.992988,0.476677,-28.200001,-22.477001,-19.582001,NaN,-0.281534,true,Self-supervised model,0.172241,0.000000,0.000000,0.000000,0.000000,0.000000,1.358182,1.172053,false,false
2026-04-17T14:36:27.374268,0.000000,0.000000,-0.364833,110.903,E,0,0.000000,0,0.000000,1.438528,1.968754,0.692130,-0.608127,8.506598,4.922479,-0.213212,-0.284219,0.593973,0.692130,0.500910,0.257785,0.819170,0.994185,0.563350,-28.200001,-22.477001,-19.582001,NaN,-0.296253,true,Self-supervised model,0.179029,0.000000,0.000000,0.000000,0.000000,0.000000,2.078408,0.696178,false,false
2026-04-17T14:36:27.382880,0.000000,0.000000,-0.378234,111.671,E,0,0.000000,0,0.000000,1.267882,1.962719,0.371990,-0.660800,8.784326,4.501099,-0.309257,-0.024354,0.205289,0.371990,0.598648,0.210749,0.753808,0.985404,0.634661,-28.200001,-22.477001,-19.582001,NaN,-0.310093,true,Self-supervised model,0.187919,0.000000,0.000000,0.000000,0.000000,0.000000,3.408381,0.377500,false,false
2026-04-17T14:36:27.390371,0.000000,0.000000,-0.391500,112.431,E,0,0.000000,0,0.000000,1.167298,1.952902,0.639233,-0.794875,9.141062,3.976769,-0.483124,0.311671,-0.279413,0.639233,0.663400,0.152716,0.663400,0.950537,0.680751,-28.200001,-22.477001,-19.582001,NaN,-0.322818,true,Self-supervised model,0.158222,0.000000,0.000000,0.000000,0.000000,0.000000,1.826091,0.672497,false,false
2026-04-17T14:36:27.398773,0.000000,0.000000,-0.404386,113.170,SE,0,0.000000,0,0.000000,1.162213,1.943275,1.135513,-0.916979,9.387665,3.442862,-0.640372,0.536061,-0.769384,1.135513,0.667065,0.090408,0.565661,0.879273,0.673164,-28.200001,-22.477001,-19.582001,NaN,-0.334187,true,Self-supervised model,0.143003,0.000000,0.000000,0.000000,0.000000,0.000000,1.023513,1.291422,false,false
2026-04-17T14:36:27.406126,0.000000,0.000000,-0.416644,113.872,SE,0,0.000000,0,0.000000,1.231162,1.936790,1.593144,-1.010353,9.579201,2.961627,-0.763862,0.705965,-1.206746,1.593144,0.599870,0.025045,0.466701,0.760448,0.600392,-28.200001,-22.477001,-19.582001,NaN,-0.343931,true,Self-supervised model,0.196840,0.000000,0.000000,0.000000,0.000000,0.000000,0.772788,2.095008,false,false
2026-04-17T14:36:27.415458,0.000000,0.000000,-0.428058,114.526,SE,0,0.000000,0,0.000000,1.335771,1.934749,1.884972,-1.041478,9.689334,2.631228,-0.820724,0.797151,-1.498026,1.884972,0.485638,-0.026878,0.397062,0.627874,0.486381,-28.200001,-22.477001,-19.582001,NaN,-0.351971,true,Self-supervised model,0.236056,0.000000,0.000000,0.000000,0.000000,0.000000,0.708643,3.002152,false,false
2026-04-17T14:36:27.422452,0.000000,0.000000,-0.438498,115.124,SE,0,0.000000,0,0.000000,1.440711,1.936988,1.991644,-0.991199,9.634268,2.422932,-0.792840,0.727512,-1.675940,1.991644,0.299935,-0.073304,0.334754,0.455406,0.308763,-28.200001,-22.477001,-19.582001,NaN,-0.358509,true,Self-supervised model,0.252215,0.000000,0.000000,0.000000,0.000000,0.000000,0.723378,4.373335,false,false
2026-04-17T14:36:27.431135,0.000000,0.000000,-0.447930,115.664,SE,0,0.000000,0,0.000000,1.508080,1.941831,1.861769,-0.833182,9.454702,2.422932,-0.654313,0.539090,-1.657540,1.861769,0.096517,-0.097128,0.290161,0.320847,0.136928,-28.200001,-22.477001,-19.582001,NaN,-0.363913,true,Self-supervised model,0.240152,0.000000,0.000000,0.000000,0.000000,0.000000,0.810026,5.802672,false,false
2026-04-17T14:36:27.438136,0.000000,0.000000,-0.456384,116.149,SE,0,0.000000,0,0.000000,1.517236,1.946848,1.565306,-0.687136,9.179369,2.624045,-0.525705,0.260990,-1.451103,1.565306,-0.103847,-0.087354,0.259007,0.292403,0.135701,-28.200001,-22.477001,-19.582001,NaN,-0.368456,true,Self-supervised model,0.194546,0.000000,0.000000,0.000000,0.000000,0.000000,0.969291,5.353251,false,false
2026-04-17T14:36:27.448004,0.000000,0.000000,-0.463957,116.583,SE,0,0.000000,0,0.000000,1.474018,1.949934,1.247120,-0.541090,8.980651,2.901772,-0.394982,0.065541,-1.181102,1.247120,-0.252287,-0.052534,0.240681,0.352613,0.257699,-28.200001,-22.477001,-19.582001,NaN,-0.372505,true,Self-supervised model,0.170321,0.000000,0.000000,0.000000,0.000000,0.000000,1.181937,3.536794,false,false
2026-04-17T14:36:27.454184,0.000000,0.000000,-0.470770,116.973,SE,0,0.000000,0,0.000000,1.377621,1.949042,0.871541,-0.366313,8.741230,3.277662,-0.232995,-0.165776,-0.823295,0.871541,-0.384234,0.020769,0.216857,0.441695,0.384795,-28.200001,-22.477001,-19.582001,NaN,-0.376278,true,Self-supervised model,0.177160,0.000000,0.000000,0.000000,0.000000,0.000000,1.580673,1.973175,false,false
2026-04-17T14:36:27.463079,0.000000,0.000000,-0.476938,117.327,SE,0,0.000000,0,0.000000,1.246699,1.942948,0.559355,-0.210690,8.580819,3.672705,-0.086262,-0.314067,-0.454751,0.559355,-0.479529,0.123395,0.185092,0.528615,0.495151,-28.200001,-22.477001,-19.582001,NaN,-0.379865,true,Self-supervised model,0.189482,0.000000,0.000000,0.000000,0.000000,0.000000,2.228816,1.058152,false,false
2026-04-17T14:36:27.470407,0.000000,0.000000,-0.482527,117.647,SE,0,0.000000,0,0.000000,1.117422,1.931927,0.438718,-0.090980,8.463503,4.024653,0.029773,-0.416240,-0.135394,0.438718,-0.543059,0.244957,0.145386,0.613233,0.595749,-28.200001,-22.477001,-19.582001,NaN,-0.383134,true,Self-supervised model,0.187505,0.000000,0.000000,0.000000,0.000000,0.000000,2.547017,0.715418,false,false
2026-04-17T14:36:27.481486,0.000000,0.000000,-0.487559,117.935,SE,0,0.000000,0,0.000000,1.011096,1.917094,0.452887,-0.076614,8.420407,4.283227,0.047114,-0.442038,0.086542,0.452887,-0.568716,0.371406,0.114232,0.688788,0.679249,-28.200001,-22.477001,-19.582001,NaN,-0.385946,true,Self-supervised model,0.180910,0.000000,0.000000,0.000000,0.000000,0.000000,2.232559,0.657513,false,false
2026-04-17T14:36:27.486868,0.000000,0.000000,-0.492028,118.191,SE,0,0.000000,0,0.000000,0.925367,1.899425,0.475289,-0.138864,8.449138,4.498705,-0.005054,-0.395114,0.264119,0.475289,-0.567494,0.553444,0.077580,0.796472,0.792685,-28.200001,-22.477001,-19.582001,NaN,-0.388157,true,Self-supervised model,0.163040,0.000000,0.000000,0.000000,0.000000,0.000000,1.946957,0.596743,false,false
2026-04-17T14:36:27.495580,0.000000,0.000000,-0.495936,118.415,SE,0,0.000000,0,0.000000,0.870043,1.880250,0.579594,-0.131681,8.446744,4.709395,0.020503,-0.379354,0.437720,0.579594,-0.532674,0.728151,0.039706,0.903063,0.902190,-28.200001,-22.477001,-19.582001,NaN,-0.389824,true,Self-supervised model,0.140197,0.000000,0.000000,0.000000,0.000000,0.000000,1.501126,0.641809,false,false
2026-04-17T14:36:27.502106,0.000000,0.000000,-0.499284,118.607,SE,0,0.000000,0,0.000000,0.826342,1.860093,0.596910,-0.177171,8.477868,4.802769,0.001292,-0.331017,0.496717,0.596910,-0.489303,0.856433,0.005498,0.986370,0.986354,-28.200001,-22.477001,-19.582001,NaN,-0.390930,true,Self-supervised model,0.128759,0.000000,0.000000,0.000000,0.000000,0.000000,1.384365,0.605159,false,false
2026-04-17T14:36:27.516720,0.000000,0.000000,-0.502070,118.766,SE,0,0.000000,0,0.000000,0.780202,1.838898,0.537967,-0.246603,8.477868,4.771644,-0.035141,-0.315081,0.434624,0.537967,-0.434936,0.969443,-0.039095,1.063258,1.062539,-30.202002,-18.804001,-22.380001,NaN,-0.391469,true,Self-supervised model,0.134990,0.000000,0.000000,0.000000,0.000000,0.000000,1.450278,0.505961,false,false
2026-04-17T14:36:27.518323,0.000000,0.000000,-0.504293,118.894,SE,0,0.000000,0,0.000000,0.728140,1.816467,0.454814,-0.399832,8.473080,4.666299,-0.149319,-0.305403,0.302140,0.454814,-0.387899,1.029919,-0.076969,1.103233,1.100545,-30.202002,-18.804001,-22.380001,NaN,-0.391442,true,Self-supervised model,0.123135,0.000000,0.000000,0.000000,0.000000,0.000000,1.600963,0.412255,false,false
2026-04-17T14:36:27.526168,0.000000,0.000000,-0.505933,118.988,SE,0,0.000000,0,0.000000,0.677380,1.792904,0.410893,-0.553061,8.475474,4.520253,-0.259766,-0.289686,0.132047,0.410893,-0.363465,1.041525,-0.100182,1.107663,1.103124,-30.202002,-18.804001,-22.380001,NaN,-0.390748,true,Self-supervised model,0.143937,0.000000,0.000000,0.000000,0.000000,0.000000,1.648558,0.370954,false,false
2026-04-17T14:36:27.534351,0.000000,0.000000,-0.507004,119.049,SE,0,0.000000,0,0.000000,0.654853,1.769382,0.536585,-0.773327,8.439561,4.414908,-0.436043,-0.312687,0.004148,0.536585,-0.359189,1.019534,-0.097128,1.085311,1.080956,-30.202002,-18.804001,-22.380001,NaN,-0.389540,true,Self-supervised model,0.118684,0.000000,0.000000,0.000000,0.000000,0.000000,1.220408,0.494407,false,false
2026-04-17T14:36:27.542412,0.000000,0.000000,-0.507579,119.082,SE,0,0.000000,0,0.000000,0.660747,1.747036,0.691691,-1.005565,8.446744,4.371812,-0.623732,-0.292824,-0.060407,0.691691,-0.374460,0.972497,-0.075136,1.044805,1.042100,-30.202002,-18.804001,-22.380001,NaN,-0.388135,true,Self-supervised model,0.123271,0.000000,0.000000,0.000000,0.000000,0.000000,0.955263,0.662029,false,false
2026-04-17T14:36:27.550510,0.000000,0.000000,-0.507708,119.090,SE,0,0.000000,0,0.000000,0.697500,1.727055,0.890453,-1.221043,8.341399,4.355053,-0.796820,-0.384786,-0.099622,0.890453,-0.395230,0.924850,-0.050702,1.007038,1.005760,-30.202002,-18.804001,-22.380001,NaN,-0.386478,true,Self-supervised model,0.155249,0.000000,0.000000,0.000000,0.000000,0.000000,0.783309,0.884230,false,false
2026-04-17T14:36:27.558263,0.000000,0.000000,-0.507532,119.079,SE,0,0.000000,0,0.000000,0.761791,1.710444,1.099316,-1.477222,8.286332,4.424485,-1.012221,-0.425380,-0.054379,1.099316,-0.439823,0.846659,0.019548,0.954284,0.954084,-30.202002,-18.804001,-22.380001,NaN,-0.385086,true,Self-supervised model,0.185459,0.000000,0.000000,0.000000,0.000000,0.000000,0.692968,1.151980,false,false
2026-04-17T14:36:27.566500,0.000000,0.000000,-0.507154,119.058,SE,0,0.000000,0,0.000000,0.833634,1.697372,1.210810,-1.647211,8.298303,4.522647,-1.143528,-0.397623,0.017363,1.210810,-0.470977,0.806953,0.076358,0.937456,0.934341,-30.202002,-18.804001,-22.380001,NaN,-0.383896,true,Self-supervised model,0.194522,0.000000,0.000000,0.000000,0.000000,0.000000,0.688493,1.291592,false,false
2026-04-17T14:36:27.574400,0.000000,0.000000,-0.506696,119.032,SE,0,0.000000,0,0.000000,0.913478,1.688016,1.332657,-1.843535,8.437167,4.673482,-1.303163,-0.241524,0.139309,1.332657,-0.510683,0.791681,0.151495,0.954205,0.942102,-30.202002,-18.804001,-22.380001,NaN,-0.383120,true,Self-supervised model,0.204405,0.000000,0.000000,0.000000,0.000000,0.000000,0.685456,1.396615,false,false
2026-04-17T14:36:27.583264,0.000000,0.000000,-0.506290,119.008,SE,0,0.000000,0,0.000000,1.000964,1.682534,1.460264,-1.999158,8.583213,4.884171,-1.423031,-0.076672,0.318553,1.460264,-0.546724,0.795957,0.236405,0.994154,0.965637,-30.202002,-18.804001,-22.380001,NaN,-0.382919,true,Self-supervised model,0.215250,0.000000,0.000000,0.000000,0.000000,0.000000,0.685467,1.468851,false,false
2026-04-17T14:36:27.590333,0.000000,0.000000,-0.506043,118.994,SE,0,0.000000,0,0.000000,1.082538,1.680534,1.510803,-2.008735,8.736442,5.116409,-1.416666,0.096009,0.516107,1.510803,-0.571770,0.825279,0.323148,1.054718,1.003995,-30.202002,-18.804001,-22.380001,NaN,-0.383313,true,Self-supervised model,0.215674,0.000000,0.000000,0.000000,0.000000,0.000000,0.716531,1.432424,false,false
2026-04-17T14:36:27.598355,0.000000,0.000000,-0.506803,119.038,SE,0,0.000000,0,0.000000,1.142738,1.681022,1.458787,-1.896208,8.803479,5.288792,-1.291695,0.183034,0.652750,1.458787,-0.583376,0.867429,0.395841,1.117788,1.045352,-30.202002,-18.804001,-22.380001,NaN,-0.388098,true,Self-supervised model,0.201562,0.000000,0.000000,0.000000,0.000000,0.000000,0.783348,1.305066,false,false
2026-04-17T14:36:27.606023,0.000000,0.000000,-0.508622,119.142,SE,0,0.000000,0,0.000000,1.172634,1.682687,1.329591,-1.620875,8.839393,5.506664,-1.007273,0.239250,0.834250,1.329591,-0.593761,0.919352,0.467312,1.190017,1.094422,-30.202002,-18.804001,-22.380001,NaN,-0.394150,true,Self-supervised model,0.177600,0.000000,0.000000,0.000000,0.000000,0.000000,0.881951,1.117287,false,false
2026-04-17T14:36:27.616321,0.000000,0.000000,-0.511545,119.309,SE,0,0.000000,0,0.000000,1.184376,1.684754,1.246019,-1.264138,8.820239,5.748478,-0.644151,0.240759,1.039071,1.246019,-0.605367,0.957226,0.508240,1.241394,1.132586,-30.202002,-18.804001,-22.380001,NaN,-0.401492,true,Self-supervised model,0.166741,0.000000,0.000000,0.000000,0.000000,0.000000,0.950528,1.003726,false,false
2026-04-17T14:36:27.622169,0.000000,0.000000,-0.515568,119.540,SE,0,0.000000,0,0.000000,1.200408,1.687381,1.284575,-0.888249,8.755595,5.995081,-0.248854,0.200440,1.244198,1.284575,-0.622472,0.976163,0.528398,1.272623,1.157741,-30.202002,-18.804001,-22.380001,NaN,-0.409914,true,Self-supervised model,0.166829,0.000000,0.000000,0.000000,0.000000,0.000000,0.934478,1.009392,false,false
2026-04-17T14:36:27.630667,0.000000,0.000000,-0.520091,119.799,SE,0,0.000000,0,0.000000,1.241104,1.691530,1.454762,-0.603339,8.746018,6.232107,0.050643,0.216282,1.437703,1.454762,-0.636522,0.987158,0.521068,1.284972,1.174581,-30.202002,-18.804001,-22.380001,NaN,-0.416439,true,Self-supervised model,0.193328,0.000000,0.000000,0.000000,0.000000,0.000000,0.853132,1.132135,false,false
2026-04-17T14:36:27.638322,0.000000,0.000000,-0.525238,120.094,SE,0,0.000000,0,0.000000,1.304925,1.698065,1.639982,-0.356736,8.681376,6.440403,0.309282,0.178215,1.600664,1.639982,-0.646295,1.011593,0.494190,1.298169,1.200424,-30.202002,-18.804001,-22.380001,NaN,-0.424079,true,Self-supervised model,0.217952,0.000000,0.000000,0.000000,0.000000,0.000000,0.795695,1.263304,false,false
2026-04-17T14:36:27.646760,0.000000,0.000000,-0.531005,120.424,SE,0,0.000000,0,0.000000,1.388016,1.707663,1.824243,-0.227449,8.631097,6.646304,0.450745,0.155077,1.760864,1.824243,-0.639576,1.054353,0.453873,1.314047,1.233174,-30.202002,-18.804001,-22.380001,NaN,-0.432330,true,Self-supervised model,0.243294,0.000000,0.000000,0.000000,0.000000,0.000000,0.760872,1.388263,false,false
2026-04-17T14:36:27.654434,0.000000,0.000000,-0.537283,120.784,SE,0,0.000000,0,0.000000,1.483867,1.720712,1.987088,-0.208296,8.614338,6.849811,0.484437,0.165204,1.920039,1.987088,-0.619417,1.119105,0.407447,1.342418,1.279091,-30.202002,-18.804001,-22.380001,NaN,-0.440651,true,Self-supervised model,0.260768,0.000000,0.000000,0.000000,0.000000,0.000000,0.746755,1.480230,false,false
2026-04-17T14:36:27.662521,0.000000,0.000000,-0.543922,121.164,SE,0,0.000000,0,0.000000,1.576561,1.736945,2.063202,-0.234632,8.588001,6.971915,0.477024,0.164870,2.000517,2.063202,-0.593761,1.177748,0.375071,1.371248,1.318955,-30.202002,-18.804001,-22.380001,NaN,-0.448731,true,Self-supervised model,0.271902,0.000000,0.000000,0.000000,0.000000,0.000000,0.764133,1.504616,false,false
2026-04-17T14:36:27.670513,0.000000,0.000000,-0.550746,121.555,SE,0,0.000000,0,0.000000,1.678909,1.756624,2.216239,-0.308852,8.592790,7.175423,0.426013,0.194077,2.166233,2.216239,-0.555277,1.257161,0.349415,1.418053,1.374331,-26.276001,-15.917001,-26.856001,NaN,-0.456298,true,Self-supervised model,0.286845,0.000000,0.000000,0.000000,0.000000,0.000000,0.757549,1.562874,false,false
2026-04-17T14:36:27.681757,0.000000,0.000000,-0.557628,121.950,SE,0,0.000000,0,0.000000,1.769876,1.779154,2.247453,-0.407014,8.597578,7.249643,0.355419,0.220665,2.208173,2.247453,-0.516792,1.313971,0.343917,1.453229,1.411947,-26.276001,-15.917001,-26.856001,NaN,-0.463412,true,Self-supervised model,0.301470,0.000000,0.000000,0.000000,0.000000,0.000000,0.787503,1.546524,false,false
2026-04-17T14:36:27.686847,0.000000,0.000000,-0.564482,122.342,SE,0,0.000000,0,0.000000,1.838093,1.803512,2.196233,-0.478840,8.619126,7.223307,0.315739,0.259691,2.157848,2.196233,-0.445321,1.430036,0.353691,1.538964,1.497769,-26.276001,-15.917001,-26.856001,NaN,-0.470149,true,Self-supervised model,0.270523,0.000000,0.000000,0.000000,0.000000,0.000000,0.836930,1.427085,false,false
2026-04-17T14:36:27.694345,0.000000,0.000000,-0.571246,122.730,SE,0,0.000000,0,0.000000,1.893328,1.829104,2.183313,-0.562637,8.671799,7.225701,0.267840,0.326929,2.142016,2.183313,-0.374460,1.524109,0.369573,1.612362,1.569436,-26.276001,-15.917001,-26.856001,NaN,-0.476560,true,Self-supervised model,0.280493,0.000000,0.000000,0.000000,0.000000,0.000000,0.867181,1.354108,false,false
2026-04-17T14:36:27.702285,0.000000,0.000000,-0.577944,123.114,SE,0,0.000000,0,0.000000,1.932662,1.855247,2.139162,-0.620098,8.734048,7.182605,0.248204,0.400540,2.086618,2.139162,-0.296881,1.590693,0.397673,1.666309,1.618160,-26.276001,-15.917001,-26.856001,NaN,-0.482989,true,Self-supervised model,0.273616,0.000000,0.000000,0.000000,0.000000,0.000000,0.903467,1.283772,false,false
2026-04-17T14:36:27.710155,0.000000,0.000000,-0.584605,123.495,SE,0,0.000000,0,0.000000,1.946708,1.880905,2.020449,-0.679953,8.779537,7.058106,0.226550,0.454030,1.955696,2.020449,-0.212581,1.618793,0.435547,1.689788,1.632691,-26.276001,-15.917001,-26.856001,NaN,-0.489507,true,Self-supervised model,0.258725,0.000000,0.000000,0.000000,0.000000,0.000000,0.963502,1.195682,false,false
2026-04-17T14:36:27.718678,0.000000,0.000000,-0.591306,123.879,SE,0,0.000000,0,0.000000,1.941688,1.905336,1.915337,-0.739808,8.820239,6.940791,0.203042,0.498995,1.838013,1.915337,-0.137445,1.611462,0.463647,1.682460,1.617313,-26.276001,-15.917001,-26.856001,NaN,-0.496364,true,Self-supervised model,0.250940,0.000000,0.000000,0.000000,0.000000,0.000000,1.013758,1.138415,false,false
2026-04-17T14:36:27.726364,0.000000,0.000000,-0.598093,124.268,SE,0,0.000000,0,0.000000,1.906976,1.927402,1.724736,-0.790087,8.836999,6.732495,0.186319,0.516360,1.635045,1.724736,-0.054367,1.571756,0.494190,1.648514,1.572696,-26.276001,-15.917001,-26.856001,NaN,-0.503497,true,Self-supervised model,0.226769,0.000000,0.000000,0.000000,0.000000,0.000000,1.105662,1.046237,false,false
2026-04-17T14:36:27.734335,0.000000,0.000000,-0.604995,124.664,SE,0,0.000000,0,0.000000,1.833480,1.945645,1.447627,-0.816423,8.801085,6.440403,0.189185,0.477501,1.353449,1.447627,0.012217,1.493566,0.527788,1.584123,1.493616,-26.276001,-15.917001,-26.856001,NaN,-0.510858,true,Self-supervised model,0.203839,0.000000,0.000000,0.000000,0.000000,0.000000,1.266542,0.913835,false,false
2026-04-17T14:36:27.742605,0.000000,0.000000,-0.612033,125.067,SE,0,0.000000,0,0.000000,1.724841,1.958813,1.154486,-0.785298,8.774749,6.110003,0.243753,0.445689,1.036718,1.154486,0.040317,1.391551,0.558331,1.499924,1.392135,-26.276001,-15.917001,-26.856001,NaN,-0.518440,true,Self-supervised model,0.191473,0.000000,0.000000,0.000000,0.000000,0.000000,1.494034,0.769696,false,false
2026-04-17T14:36:27.753285,0.000000,0.000000,-0.619244,125.480,SE,0,0.000000,0,0.000000,1.603344,1.966594,0.965482,-0.720655,8.777143,5.853823,0.325502,0.441810,0.794361,0.965482,0.028100,1.293813,0.585820,1.420537,1.294118,-26.276001,-15.917001,-26.856001,NaN,-0.526342,true,Self-supervised model,0.188002,0.000000,0.000000,0.000000,0.000000,0.000000,1.660666,0.679660,false,false
2026-04-17T14:36:27.758230,0.000000,0.000000,-0.626684,125.906,SE,0,0.000000,0,0.000000,1.472336,1.968824,0.784544,-0.615310,8.681376,5.600038,0.441573,0.340561,0.551852,0.784544,-0.021991,1.188744,0.615141,1.338654,1.188947,-26.276001,-15.917001,-26.856001,NaN,-0.534698,true,Self-supervised model,0.166591,0.000000,0.000000,0.000000,0.000000,0.000000,1.876677,0.586069,false,false
2026-04-17T14:36:27.766036,0.000000,0.000000,-0.634407,126.349,SE,0,0.000000,0,0.000000,1.362828,1.966584,0.787913,-0.478840,8.549694,5.530606,0.582700,0.205555,0.488892,0.787913,-0.091019,1.102612,0.641409,1.278844,1.106362,-26.276001,-15.917001,-26.856001,NaN,-0.543552,true,Self-supervised model,0.172315,0.000000,0.000000,0.000000,0.000000,0.000000,1.729668,0.616114,false,false
2026-04-17T14:36:27.774234,0.000000,0.000000,-0.642484,126.812,SE,0,0.000000,0,0.000000,1.290608,1.961545,0.911449,-0.335188,8.389283,5.590461,0.725874,0.044683,0.549409,0.911449,-0.157603,1.037249,0.668287,1.243918,1.049154,-26.276001,-15.917001,-26.856001,NaN,-0.553050,true,Self-supervised model,0.164872,0.000000,0.000000,0.000000,0.000000,0.000000,1.415995,0.732725,false,false
2026-04-17T14:36:27.783409,0.000000,0.000000,-0.650979,127.298,SE,0,0.000000,0,0.000000,1.266421,1.955740,1.139444,-0.165200,8.228871,5.746084,0.891214,-0.113763,0.700806,1.139444,-0.202196,1.003041,0.685391,1.231558,1.023218,-26.276001,-15.917001,-26.856001,NaN,-0.563214,true,Self-supervised model,0.165895,0.000000,0.000000,0.000000,0.000000,0.000000,1.111438,0.925206,false,false
2026-04-17T14:36:27.790408,0.000000,0.000000,-0.659930,127.811,SE,0,0.000000,0,0.000000,1.291141,1.951156,1.420917,0.057461,8.099585,5.925649,1.100913,-0.236382,0.866671,1.420917,-0.227242,0.992656,0.697608,1.234367,1.018334,-26.276001,-15.917001,-26.856001,NaN,-0.573985,true,Self-supervised model,0.183040,0.000000,0.000000,0.000000,0.000000,0.000000,0.908667,1.151130,false,false
2026-04-17T14:36:27.798628,0.000000,0.000000,-0.669561,128.363,SE,0,0.000000,0,0.000000,1.353756,1.949260,1.682487,0.256180,8.015787,6.117185,1.283990,-0.311985,1.041535,1.682487,-0.227853,1.026254,0.698830,1.262330,1.051244,-26.276001,-15.917001,-26.856001,NaN,-0.586342,true,Self-supervised model,0.214581,0.000000,0.000000,0.000000,0.000000,0.000000,0.804616,1.332842,false,false
2026-04-17T14:36:27.806172,0.000000,0.000000,-0.679857,128.953,SE,0,0.000000,0,0.000000,1.433819,1.950642,1.854152,0.383072,7.963115,6.260838,1.395393,-0.356003,1.167913,1.854152,-0.188147,1.111775,0.682947,1.318279,1.127583,-26.276001,-15.917001,-26.856001,NaN,-0.599298,true,Self-supervised model,0.226082,0.000000,0.000000,0.000000,0.000000,0.000000,0.773302,1.406495,false,false
2026-04-17T14:36:27.815214,0.000000,0.000000,-0.690757,129.577,SE,0,0.000000,0,0.000000,1.504479,1.954796,1.875443,0.411803,7.936779,6.284780,1.411561,-0.374532,1.176651,1.875443,-0.133779,1.219287,0.656680,1.391326,1.226604,-26.276001,-15.917001,-26.856001,NaN,-0.612609,true,Self-supervised model,0.229017,0.000000,0.000000,0.000000,0.000000,0.000000,0.802199,1.347954,false,false
2026-04-17T14:36:27.822312,0.000000,0.000000,-0.702118,130.228,SE,0,0.000000,0,0.000000,1.565004,1.961204,1.882757,0.409408,7.936779,6.291962,1.415116,-0.374038,1.184195,1.882757,-0.052534,1.343293,0.611476,1.476854,1.344320,-26.276001,-15.917001,-26.856001,NaN,-0.625815,true,Self-supervised model,0.217360,0.000000,0.000000,0.000000,0.000000,0.000000,0.831230,1.274843,false,false
2026-04-17T14:36:27.831249,0.000000,0.000000,-0.713283,130.868,SE,0,0.000000,0,0.000000,1.612283,1.969247,1.860501,0.349553,7.941567,6.306327,1.368232,-0.371470,1.204748,1.860501,0.027489,1.419040,0.552833,1.523172,1.419306,-23.013000,-13.249001,-27.612001,NaN,-0.636199,true,Self-supervised model,0.217838,0.000000,0.000000,0.000000,0.000000,0.000000,0.866585,1.221465,false,false
2026-04-17T14:36:27.838151,0.000000,0.000000,-0.724121,131.489,SE,0,0.000000,0,0.000000,1.623352,1.977412,1.681460,0.217872,7.999028,6.162675,1.255072,-0.318774,1.072607,1.681460,0.096517,1.434922,0.486249,1.518142,1.438165,-23.013000,-13.249001,-27.612001,NaN,-0.645730,true,Self-supervised model,0.188423,0.000000,0.000000,0.000000,0.000000,0.000000,0.965441,1.107578,false,false
2026-04-17T14:36:27.846334,0.000000,0.000000,-0.734496,132.084,SE,0,0.000000,0,0.000000,1.588482,1.983854,1.405414,-0.002394,8.123527,5.978322,1.057309,-0.200953,0.903827,1.405414,0.135612,1.413542,0.437380,1.485864,1.420032,-23.013000,-13.249001,-27.612001,NaN,-0.654249,true,Self-supervised model,0.176949,0.000000,0.000000,0.000000,0.000000,0.000000,1.130259,0.945856,false,false
2026-04-17T14:36:27.854408,0.000000,0.000000,-0.744280,132.644,SE,0,0.000000,0,0.000000,1.502160,1.986587,1.048974,-0.316035,8.324639,5.805939,0.749144,-0.000851,0.734254,1.048974,0.164323,1.358564,0.396452,1.424736,1.368466,-23.013000,-13.249001,-27.612001,NaN,-0.661673,true,Self-supervised model,0.165748,0.000000,0.000000,0.000000,0.000000,0.000000,1.432028,0.736259,false,false
2026-04-17T14:36:27.862773,0.000000,0.000000,-0.754126,133.208,SE,0,0.000000,0,0.000000,1.395599,1.984947,0.836153,-0.574608,8.530540,5.707777,0.496952,0.202791,0.641144,0.836153,0.175929,1.275487,0.376904,1.341594,1.287562,-23.013000,-13.249001,-27.612001,NaN,-0.671762,true,Self-supervised model,0.165556,0.000000,0.000000,0.000000,0.000000,0.000000,1.669072,0.623253,false,false
2026-04-17T14:36:27.870407,0.000000,0.000000,-0.763867,133.766,SE,0,0.000000,0,0.000000,1.299930,1.979546,0.797667,-0.720655,8.635885,5.705383,0.356481,0.304986,0.645118,0.797667,0.172875,1.190576,0.376293,1.260537,1.203062,-23.013000,-13.249001,-27.612001,NaN,-0.681086,true,Self-supervised model,0.159672,0.000000,0.000000,0.000000,0.000000,0.000000,1.629665,0.632799,false,false
2026-04-17T14:36:27.881030,0.000000,0.000000,-0.773406,134.313,SE,0,0.000000,0,0.000000,1.221713,1.971233,0.811072,-0.804452,8.662222,5.726931,0.290061,0.322176,0.685496,0.811072,0.178373,1.078788,0.379347,1.157370,1.093435,-23.013000,-13.249001,-27.612001,NaN,-0.689820,true,Self-supervised model,0.161429,0.000000,0.000000,0.000000,0.000000,0.000000,1.506294,0.700789,false,false
2026-04-17T14:36:27.886231,0.000000,0.000000,-0.782183,134.816,SE,0,0.000000,0,0.000000,1.165003,1.960984,0.867280,-0.821211,8.535329,5.820304,0.286193,0.185856,0.797324,0.867280,0.193644,0.953561,0.384845,1.046366,0.973024,-23.013000,-13.249001,-27.612001,NaN,-0.695544,true,Self-supervised model,0.145419,0.000000,0.000000,0.000000,0.000000,0.000000,1.343285,0.828849,false,false
2026-04-17T14:36:27.895330,0.000000,0.000000,-0.790341,135.283,SE,0,0.000000,0,0.000000,1.135682,1.949972,0.981747,-0.775721,8.367735,5.925649,0.339241,0.008124,0.921237,0.981747,0.219911,0.814894,0.386067,0.928149,0.844046,-23.013000,-13.249001,-27.612001,NaN,-0.701230,true,Self-supervised model,0.150697,0.000000,0.000000,0.000000,0.000000,0.000000,1.156797,1.057747,false,false
2026-04-17T14:36:27.902114,0.000000,0.000000,-0.797999,135.722,SE,0,0.000000,0,0.000000,1.123783,1.938924,1.061309,-0.766145,8.192958,5.971139,0.350824,-0.177747,0.985751,1.061309,0.246790,0.701884,0.388510,0.839337,0.744007,-23.013000,-13.249001,-27.612001,NaN,-0.706883,true,Self-supervised model,0.147686,0.000000,0.000000,0.000000,0.000000,0.000000,1.058865,1.264461,false,false
2026-04-17T14:36:27.913674,0.000000,0.000000,-0.805247,136.137,SE,0,0.000000,0,0.000000,1.112688,1.927875,1.054440,-0.797269,8.027759,5.906496,0.316733,-0.355132,0.940960,1.054440,0.288328,0.588263,0.400728,0.767965,0.655124,-23.013000,-13.249001,-27.612001,NaN,-0.712494,true,Self-supervised model,0.146327,0.000000,0.000000,0.000000,0.000000,0.000000,1.055240,1.373032,false,false
2026-04-17T14:36:27.918682,0.000000,0.000000,-0.812167,136.534,SE,0,0.000000,0,0.000000,1.097955,1.916678,1.020610,-0.837971,7.946355,5.820304,0.268495,-0.449973,0.875831,1.020610,0.312152,0.526566,0.415388,0.739769,0.612136,-23.013000,-13.249001,-27.612001,NaN,-0.718104,true,Self-supervised model,0.138857,0.000000,0.000000,0.000000,0.000000,0.000000,1.075783,1.379634,false,false
2026-04-17T14:36:27.926003,0.000000,0.000000,-0.818848,136.917,SE,0,0.000000,0,0.000000,1.076714,1.905079,0.965195,-0.895431,7.874529,5.700594,0.199699,-0.535861,0.777544,0.965195,0.324980,0.457538,0.440434,0.713397,0.561207,-23.013000,-13.249001,-27.612001,NaN,-0.723826,true,Self-supervised model,0.134974,0.000000,0.000000,0.000000,0.000000,0.000000,1.115540,1.352956,false,false
2026-04-17T14:36:27.934268,0.000000,0.000000,-0.825381,137.291,SE,0,0.000000,0,0.000000,1.051516,1.892937,0.919229,-0.895431,7.898471,5.633556,0.183805,-0.525998,0.731112,0.919229,0.314596,0.395230,0.467923,0.688570,0.505150,-23.013000,-13.249001,-27.612001,NaN,-0.729768,true,Self-supervised model,0.132201,0.000000,0.000000,0.000000,0.000000,0.000000,1.143911,1.334983,false,false
2026-04-17T14:36:27.942618,0.000000,0.000000,-0.831885,137.664,SE,0,0.000000,0,0.000000,1.020099,1.880023,0.855159,-0.859518,7.972692,5.573701,0.198911,-0.465033,0.689548,0.855159,0.273668,0.316428,0.508240,0.658277,0.418355,-23.013000,-13.249001,-27.612001,NaN,-0.736158,true,Self-supervised model,0.131113,0.000000,0.000000,0.000000,0.000000,0.000000,1.192876,1.299087,false,false
2026-04-17T14:36:27.951577,0.000000,0.000000,-0.838484,138.042,SE,0,0.000000,0,0.000000,0.988721,1.866371,0.823984,-0.751779,8.082825,5.583278,0.270886,-0.355360,0.692307,0.823984,0.213803,0.256563,0.557720,0.650068,0.333971,-23.013000,-13.249001,-27.612001,NaN,-0.743134,true,Self-supervised model,0.128993,0.000000,0.000000,0.000000,0.000000,0.000000,1.199927,1.267536,false,false
2026-04-17T14:36:27.958306,0.000000,0.000000,-0.845795,138.460,SE,0,0.000000,0,0.000000,0.974027,1.852678,0.896883,-0.603339,8.176199,5.671864,0.379200,-0.260394,0.769936,0.896883,0.155771,0.232740,0.607811,0.669228,0.280058,-23.013000,-13.249001,-27.612001,NaN,-0.753292,true,Self-supervised model,0.124150,0.000000,0.000000,0.000000,0.000000,0.000000,1.086013,1.340176,false,false
2026-04-17T14:36:27.966646,0.000000,0.000000,-0.853837,138.921,SE,0,0.000000,0,0.000000,0.979412,1.839747,1.007687,-0.421380,8.192958,5.746084,0.518012,-0.240447,0.830230,1.007687,0.118508,0.251066,0.644463,0.701720,0.277629,-23.013000,-13.249001,-27.612001,NaN,-0.764259,true,Self-supervised model,0.128916,0.000000,0.000000,0.000000,0.000000,0.000000,0.971941,1.436025,false,false
2026-04-17T14:36:27.974752,0.000000,0.000000,-0.862621,139.425,SE,0,0.000000,0,0.000000,1.018285,1.828888,1.222365,-0.174777,8.212111,5.894525,0.720311,-0.217199,0.963407,1.222365,0.097738,0.312152,0.661567,0.738013,0.327096,-23.013000,-13.249001,-27.612001,NaN,-0.776015,true,Self-supervised model,0.154327,0.000000,0.000000,0.000000,0.000000,0.000000,0.833045,1.656293,false,false
2026-04-17T14:36:27.984166,0.000000,0.000000,-0.872127,139.969,SE,0,0.000000,0,0.000000,1.079748,1.820923,1.402431,0.064643,8.250419,5.992687,0.916903,-0.174627,1.046712,1.402431,0.105069,0.391565,0.652404,0.768110,0.405416,-23.013000,-13.249001,-27.612001,NaN,-0.788402,true,Self-supervised model,0.176850,0.000000,0.000000,0.000000,0.000000,0.000000,0.769912,1.825820,false,false
2026-04-17T14:36:27.991050,0.000000,0.000000,-0.882250,140.549,SE,0,0.000000,0,0.000000,1.145901,1.815922,1.493201,0.208296,8.295909,6.040571,1.021306,-0.125630,1.082035,1.493201,0.130114,0.474642,0.615752,0.788268,0.492153,-17.232000,-14.127001,-31.543001,NaN,-0.800996,true,Self-supervised model,0.184993,0.000000,0.000000,0.000000,0.000000,0.000000,0.767412,1.894281,false,false
2026-04-17T14:36:27.999544,0.000000,0.000000,-0.892828,141.155,SE,0,0.000000,0,0.000000,1.206083,1.813528,1.522041,0.287304,8.348581,6.052542,1.065719,-0.070553,1.084378,1.522041,0.155771,0.528398,0.568105,0.791336,0.550881,-17.232000,-14.127001,-31.543001,NaN,-0.813397,true,Self-supervised model,0.184316,0.000000,0.000000,0.000000,0.000000,0.000000,0.792412,1.923382,false,false
2026-04-17T14:36:28.006366,0.000000,0.000000,-0.903657,141.776,SE,0,0.000000,0,0.000000,1.245560,1.812810,1.452813,0.248997,8.432379,6.002264,1.009734,0.005476,1.044545,1.452813,0.185092,0.569326,0.502742,0.781755,0.598658,-17.232000,-14.127001,-31.543001,NaN,-0.825230,true,Self-supervised model,0.172766,0.000000,0.000000,0.000000,0.000000,0.000000,0.857343,1.858399,false,false
2026-04-17T14:36:28.015411,0.000000,0.000000,-0.914033,142.370,SE,0,0.000000,0,0.000000,1.249821,1.812290,1.272193,0.110133,8.511387,5.906496,0.847004,0.084296,0.945491,1.272193,0.203418,0.585820,0.455095,0.769204,0.620132,-17.232000,-14.127001,-31.543001,NaN,-0.833791,true,Self-supervised model,0.150111,0.000000,0.000000,0.000000,0.000000,0.000000,0.982415,1.653908,false,false
2026-04-17T14:36:28.022813,0.000000,0.000000,-0.924318,142.960,SE,0,0.000000,0,0.000000,1.222219,1.810687,1.077308,-0.064643,8.571242,5.805939,0.653535,0.142828,0.844444,1.077308,0.223577,0.581544,0.380569,0.730077,0.623041,-17.232000,-14.127001,-31.543001,NaN,-0.843712,true,Self-supervised model,0.141930,0.000000,0.000000,0.000000,0.000000,0.000000,1.134512,1.475609,false,false
2026-04-17T14:36:28.030431,0.000000,0.000000,-0.934302,143.532,SE,0,0.000000,0,0.000000,1.169491,1.807039,0.892666,-0.270545,8.628703,5.714960,0.432861,0.198047,0.755157,0.892666,0.229685,0.560774,0.342085,0.695877,0.605989,-17.232000,-14.127001,-31.543001,NaN,-0.852494,true,Self-supervised model,0.144690,0.000000,0.000000,0.000000,0.000000,0.000000,1.310110,1.282793,false,false
2026-04-17T14:36:28.038226,0.000000,0.000000,-0.943846,144.078,SE,0,0.000000,0,0.000000,1.101610,1.800822,0.745234,-0.488417,8.707711,5.619191,0.203029,0.274211,0.662541,0.745234,0.222355,0.514349,0.316428,0.643524,0.560354,-17.232000,-14.127001,-31.543001,NaN,-0.860278,true,Self-supervised model,0.151061,0.000000,0.000000,0.000000,0.000000,0.000000,1.478206,1.158052,false,false
2026-04-17T14:36:28.049308,0.000000,0.000000,-0.952861,144.595,SE,0,0.000000,0,0.000000,1.026415,1.791846,0.631641,-0.679953,8.707711,5.523423,0.000981,0.271190,0.570460,0.631641,0.213192,0.468534,0.296881,0.594233,0.514757,-17.232000,-14.127001,-31.543001,NaN,-0.867177,true,Self-supervised model,0.160816,0.000000,0.000000,0.000000,0.000000,0.000000,1.624998,1.062951,false,false
2026-04-17T14:36:28.054558,0.000000,0.000000,-0.961323,145.080,SE,0,0.000000,0,0.000000,0.955933,1.780409,0.585907,-0.814029,8.690952,5.458780,-0.142459,0.251406,0.509694,0.585907,0.204640,0.441656,0.286496,0.564816,0.486762,-17.232000,-14.127001,-31.543001,NaN,-0.873424,true,Self-supervised model,0.149908,0.000000,0.000000,0.000000,0.000000,0.000000,1.631544,1.037342,false,false
2026-04-17T14:36:28.062967,0.000000,0.000000,-0.969238,145.533,SE,0,0.000000,0,0.000000,0.898344,1.767127,0.595997,-0.974440,8.681376,5.394136,-0.310631,0.238857,0.449075,0.595997,0.193033,0.422719,0.282220,0.543692,0.464707,-17.232000,-14.127001,-31.543001,NaN,-0.879151,true,Self-supervised model,0.145293,0.000000,0.000000,0.000000,0.000000,0.000000,1.507295,1.096204,false,false
2026-04-17T14:36:28.070539,0.000000,0.000000,-0.976618,145.956,SE,0,0.000000,0,0.000000,0.857351,1.752736,0.642137,-1.118092,8.655039,5.336676,-0.460336,0.209763,0.395513,0.642137,0.178984,0.418443,0.288939,0.539087,0.455115,-17.232000,-14.127001,-31.543001,NaN,-0.884395,true,Self-supervised model,0.129717,0.000000,0.000000,0.000000,0.000000,0.000000,1.335152,1.191155,false,false
2026-04-17T14:36:28.081871,0.000000,0.000000,-0.983498,146.350,SE,0,0.000000,0,0.000000,0.821908,1.737503,0.635837,-1.163582,8.607155,5.281609,-0.510435,0.159458,0.343975,0.635837,0.161268,0.428217,0.295048,0.544454,0.457577,-17.232000,-14.127001,-31.543001,NaN,-0.889273,true,Self-supervised model,0.126294,0.000000,0.000000,0.000000,0.000000,0.000000,1.292639,1.167844,false,false
2026-04-17T14:36:28.087506,0.000000,0.000000,-0.989938,146.719,SE,0,0.000000,0,0.000000,0.791100,1.721647,0.629355,-1.189918,8.573636,5.233725,-0.539730,0.124014,0.298997,0.629355,0.145386,0.444099,0.307265,0.559261,0.467291,-17.232000,-14.127001,-31.543001,NaN,-0.893954,true,Self-supervised model,0.120165,0.000000,0.000000,0.000000,0.000000,0.000000,1.257002,1.125333,false,false
2026-04-17T14:36:28.094228,0.000000,0.000000,-0.996005,147.067,SE,0,0.000000,0,0.000000,0.763098,1.705305,0.616086,-1.151611,8.506598,5.284003,-0.503045,0.055673,0.351296,0.616086,0.125227,0.456316,0.321315,0.571970,0.473188,-17.232000,-14.127001,-31.543001,NaN,-0.898528,true,Self-supervised model,0.118232,0.000000,0.000000,0.000000,0.000000,0.000000,1.238621,1.077130,false,false
2026-04-17T14:36:28.102503,0.000000,0.000000,-1.001763,147.397,SE,0,0.000000,0,0.000000,0.738646,1.688638,0.610278,-1.103727,8.468291,5.336676,-0.456328,0.016747,0.404875,0.610278,0.109345,0.456316,0.335976,0.577114,0.469234,-17.232000,-14.127001,-31.543001,NaN,-0.903050,true,Self-supervised model,0.116305,0.000000,0.000000,0.000000,0.000000,0.000000,1.210345,1.057465,false,false
2026-04-17T14:36:28.110643,0.000000,0.000000,-1.007287,147.713,SE,0,0.000000,0,0.000000,0.710039,1.671494,0.559851,-0.988805,8.408437,5.372589,-0.342817,-0.043058,0.440517,0.559851,0.099571,0.440434,0.352469,0.572827,0.451549,-17.232000,-14.127001,-31.543001,NaN,-0.907635,true,Self-supervised model,0.119137,0.000000,0.000000,0.000000,0.000000,0.000000,1.268265,0.977346,false,false
2026-04-17T14:36:28.119247,0.000000,0.000000,-1.012638,148.020,SE,0,0.000000,0,0.000000,0.679241,1.653804,0.517549,-0.881066,8.394072,5.389348,-0.237530,-0.057025,0.456273,0.517549,0.097128,0.429438,0.357967,0.567443,0.440285,-17.232000,-14.127001,-31.543001,NaN,-0.912299,true,Self-supervised model,0.121163,0.000000,0.000000,0.000000,0.000000,0.000000,1.312418,0.912073,false,false
2026-04-17T14:36:28.126043,0.000000,0.000000,-1.017883,148.320,SE,0,0.000000,0,0.000000,0.644173,1.635419,0.460070,-0.794875,8.386889,5.363012,-0.154313,-0.063717,0.428710,0.460070,0.100182,0.425162,0.358578,0.565135,0.436806,-17.232000,-14.127001,-31.543001,NaN,-0.917118,true,Self-supervised model,0.125514,0.000000,0.000000,0.000000,0.000000,0.000000,1.400164,0.814089,false,false
2026-04-17T14:36:28.134433,0.000000,0.000000,-1.023056,148.617,SE,0,0.000000,0,0.000000,0.604301,1.616174,0.394972,-0.713472,8.350976,5.310339,-0.075817,-0.099096,0.374746,0.394972,0.105680,0.426995,0.349415,0.561768,0.439878,-17.232000,-14.127001,-31.543001,NaN,-0.922002,true,Self-supervised model,0.135199,0.000000,0.000000,0.000000,0.000000,0.000000,1.529984,0.703088,false,false
2026-04-17T14:36:28.142299,0.000000,0.000000,-1.028163,148.909,SE,0,0.000000,0,0.000000,0.564431,1.596104,0.355109,-0.732626,8.341399,5.274426,-0.092603,-0.101783,0.327364,0.355109,0.111177,0.434325,0.334754,0.559517,0.448329,-17.232000,-14.127001,-31.543001,NaN,-0.926846,true,Self-supervised model,0.137284,0.000000,0.000000,0.000000,0.000000,0.000000,1.589456,0.634671,false,false
2026-04-17T14:36:28.152064,0.000000,0.000000,-1.033081,149.191,SE,0,0.000000,0,0.000000,0.521240,1.575110,0.294493,-0.766145,8.370130,5.216966,-0.122451,-0.066616,0.259411,0.294493,0.106291,0.440434,0.323148,0.556511,0.453078,-14.565001,-13.474001,-31.310001,NaN,-0.931006,true,Self-supervised model,0.148644,0.000000,0.000000,0.000000,0.000000,0.000000,1.769962,0.529177,false,false
2026-04-17T14:36:28.158290,0.000000,0.000000,-1.037791,149.461,SE,0,0.000000,0,0.000000,0.479886,1.553301,0.262777,-0.797269,8.485051,5.176264,-0.148888,0.053967,0.209695,0.262777,0.102625,0.446543,0.314596,0.555790,0.458184,-14.565001,-13.474001,-31.310001,NaN,-0.934887,true,Self-supervised model,0.148237,0.000000,0.000000,0.000000,0.000000,0.000000,1.826208,0.472800,false,false
2026-04-17T14:36:28.166649,0.000000,0.000000,-1.042296,149.719,SE,0,0.000000,0,0.000000,0.454744,1.531359,0.322748,-0.816423,8.595184,5.195418,-0.162865,0.168653,0.221805,0.322748,0.089797,0.460592,0.311541,0.563264,0.469264,-14.565001,-13.474001,-31.310001,NaN,-0.938572,true,Self-supervised model,0.119637,0.000000,0.000000,0.000000,0.000000,0.000000,1.408977,0.572995,false,false
2026-04-17T14:36:28.174310,0.000000,0.000000,-1.046624,149.967,SE,0,0.000000,0,0.000000,0.439537,1.509686,0.359697,-0.811634,8.611943,5.243302,-0.153431,0.188415,0.265218,0.359697,0.086132,0.470366,0.309709,0.569722,0.478187,-14.565001,-13.474001,-31.310001,NaN,-0.942192,true,Self-supervised model,0.104899,0.000000,0.000000,0.000000,0.000000,0.000000,1.221964,0.631355,false,false
2026-04-17T14:36:28.185175,0.000000,0.000000,-1.050829,150.208,SE,0,0.000000,0,0.000000,0.432195,1.488586,0.393652,-0.782904,8.616732,5.300763,-0.120491,0.195155,0.319935,0.393652,0.093462,0.473421,0.302989,0.569794,0.482558,-14.565001,-13.474001,-31.310001,NaN,-0.945901,true,Self-supervised model,0.100185,0.000000,0.000000,0.000000,0.000000,0.000000,1.097912,0.690868,false,false
2026-04-17T14:36:28.190604,0.000000,0.000000,-1.054948,150.444,SE,0,0.000000,0,0.000000,0.432190,1.468330,0.432163,-0.763750,8.599973,5.363012,-0.097219,0.179463,0.380928,0.432163,0.113010,0.474642,0.290161,0.567671,0.487910,-14.565001,-13.474001,-31.310001,NaN,-0.949680,true,Self-supervised model,0.100464,0.000000,0.000000,0.000000,0.000000,0.000000,1.000063,0.761291,false,false
2026-04-17T14:36:28.198506,0.000000,0.000000,-1.058990,150.676,SE,0,0.000000,0,0.000000,0.433471,1.448936,0.440197,-0.763750,8.583213,5.379771,-0.092784,0.162642,0.398387,0.440197,0.150884,0.481973,0.280998,0.577948,0.505038,-14.565001,-13.474001,-31.310001,NaN,-0.953414,true,Self-supervised model,0.101418,0.000000,0.000000,0.000000,0.000000,0.000000,0.984720,0.761656,false,false
2026-04-17T14:36:28.206877,0.000000,0.000000,-1.062948,150.902,SE,0,0.000000,0,0.000000,0.428764,1.430129,0.404055,-0.778116,8.578424,5.331887,-0.104258,0.152975,0.359150,0.404055,0.193644,0.495412,0.265726,0.594593,0.531912,-14.565001,-13.474001,-31.310001,NaN,-0.957034,true,Self-supervised model,0.099462,0.000000,0.000000,0.000000,0.000000,0.000000,1.061155,0.679548,false,false
2026-04-17T14:36:28.215507,0.000000,0.000000,-1.066850,151.126,SE,0,0.000000,0,0.000000,0.417868,1.411639,0.360663,-0.768539,8.595184,5.269638,-0.090605,0.163153,0.308625,0.360663,0.235183,0.508851,0.258396,0.617259,0.560571,-14.565001,-13.474001,-31.310001,NaN,-0.960713,true,Self-supervised model,0.101133,0.000000,0.000000,0.000000,0.000000,0.000000,1.158612,0.584297,false,false
2026-04-17T14:36:28.222750,0.000000,0.000000,-1.070657,151.344,SE,0,0.000000,0,0.000000,0.398873,1.393128,0.299150,-0.806846,8.638280,5.133168,-0.123769,0.197865,0.187140,0.299150,0.276722,0.525955,0.250455,0.644927,0.594309,-14.565001,-13.474001,-31.310001,NaN,-0.964138,true,Self-supervised model,0.111378,0.000000,0.000000,0.000000,0.000000,0.000000,1.333355,0.463851,false,false
2026-04-17T14:36:28.230740,0.000000,0.000000,-1.074345,151.555,SE,0,0.000000,0,0.000000,0.379731,1.374592,0.279234,-0.840365,8.683769,4.955997,-0.151114,0.233088,0.028389,0.279234,0.304211,0.539394,0.239459,0.663951,0.619266,-14.565001,-13.474001,-31.310001,NaN,-0.967354,true,Self-supervised model,0.112675,0.000000,0.000000,0.000000,0.000000,0.000000,1.359904,0.420564,false,false
2026-04-17T14:36:28.238191,0.000000,0.000000,-1.077896,151.759,SE,0,0.000000,0,0.000000,0.378595,1.356752,0.372629,-0.871489,8.784326,4.838682,-0.175349,0.321780,-0.067549,0.372629,0.326813,0.547335,0.233961,0.679059,0.637481,-14.565001,-13.474001,-31.310001,NaN,-0.970354,true,Self-supervised model,0.097375,0.000000,0.000000,0.000000,0.000000,0.000000,1.016009,0.548744,false,false
2026-04-17T14:36:28.250305,0.000000,0.000000,-1.081300,151.954,SE,0,0.000000,0,0.000000,0.395128,1.340287,0.481931,-0.919373,8.868123,4.704607,-0.216094,0.392379,-0.177764,0.481931,0.340252,0.542448,0.225409,0.678845,0.640329,-14.565001,-13.474001,-31.310001,NaN,-0.973171,true,Self-supervised model,0.118020,0.000000,0.000000,0.000000,0.000000,0.000000,0.819886,0.709928,false,false
2026-04-17T14:36:28.254822,0.000000,0.000000,-1.084557,152.141,SE,0,0.000000,0,0.000000,0.423227,1.325605,0.570744,-0.933739,8.930372,4.570531,-0.223509,0.440410,-0.286063,0.570744,0.349415,0.523512,0.221133,0.667124,0.629409,-14.565001,-13.474001,-31.310001,NaN,-0.975841,true,Self-supervised model,0.134136,0.000000,0.000000,0.000000,0.000000,0.000000,0.741535,0.855529,false,false
2026-04-17T14:36:28.262983,0.000000,0.000000,-1.087673,152.319,SE,0,0.000000,0,0.000000,0.457918,1.312897,0.640045,-0.907402,8.999804,4.472369,-0.191086,0.495206,-0.357652,0.640045,0.351858,0.488081,0.213192,0.638340,0.601687,-14.565001,-13.474001,-31.310001,NaN,-0.978391,true,Self-supervised model,0.144746,0.000000,0.000000,0.000000,0.000000,0.000000,0.715446,1.002671,false,false
2026-04-17T14:36:28.270428,0.000000,0.000000,-1.090655,152.490,SE,0,0.000000,0,0.000000,0.493227,1.302111,0.678601,-0.833182,9.014170,4.352659,-0.111967,0.494863,-0.450637,0.678601,0.340252,0.453873,0.206472,0.603658,0.567249,-14.565001,-13.474001,-31.310001,NaN,-0.980837,true,Self-supervised model,0.144834,0.000000,0.000000,0.000000,0.000000,0.000000,0.726830,1.124148,false,false
2026-04-17T14:36:28.281629,0.000000,0.000000,-1.093512,152.654,SE,0,0.000000,0,0.000000,0.520356,1.292840,0.662781,-0.744597,8.961497,4.271256,-0.019370,0.427814,-0.505844,0.662781,0.324980,0.417832,0.193033,0.563434,0.529335,-14.565001,-13.474001,-31.310001,NaN,-0.983196,true,Self-supervised model,0.133811,0.000000,0.000000,0.000000,0.000000,0.000000,0.785110,1.176325,false,false
2026-04-17T14:36:28.286583,0.000000,0.000000,-1.096244,152.810,SE,0,0.000000,0,0.000000,0.545569,1.284950,0.677940,-0.629675,8.899248,4.180276,0.099108,0.351539,-0.571140,0.677940,0.306043,0.393397,0.173486,0.527751,0.498421,-14.565001,-13.474001,-31.310001,NaN,-0.985426,true,Self-supervised model,0.129681,0.000000,0.000000,0.000000,0.000000,0.000000,0.804746,1.284583,false,false
2026-04-17T14:36:28.296305,0.000000,0.000000,-1.098836,152.959,SE,0,0.000000,0,0.000000,0.565743,1.278181,0.671658,-0.555455,8.815451,4.129998,0.177058,0.254000,-0.596035,0.671658,0.285274,0.376293,0.153327,0.496475,0.472205,-14.565001,-13.474001,-31.310001,NaN,-0.987460,true,Self-supervised model,0.124475,0.000000,0.000000,0.000000,0.000000,0.000000,0.842309,1.352854,false,false
2026-04-17T14:36:28.302193,0.000000,0.000000,-1.101266,153.098,SE,0,0.000000,0,0.000000,0.577285,1.272145,0.637881,-0.514753,8.760384,4.132392,0.221657,0.185511,-0.568635,0.637881,0.264505,0.372628,0.134390,0.476314,0.456962,-14.565001,-13.474001,-31.310001,NaN,-0.989238,true,Self-supervised model,0.114262,0.000000,0.000000,0.000000,0.000000,0.000000,0.905005,1.339203,false,false
2026-04-17T14:36:28.313468,0.000000,0.000000,-1.103530,153.228,SE,0,0.000000,0,0.000000,0.589521,1.266840,0.653758,-0.483629,8.738836,4.094085,0.257112,0.150649,-0.581891,0.653758,0.241292,0.378126,0.110567,0.461980,0.448554,-14.113001,-15.151001,-30.885002,NaN,-0.990844,true,Self-supervised model,0.116407,0.000000,0.000000,0.000000,0.000000,0.000000,0.901742,1.415121,false,false
2026-04-17T14:36:28.318683,0.000000,0.000000,-1.105631,153.348,SE,0,0.000000,0,0.000000,0.599853,1.262161,0.654095,-0.464475,8.741230,4.077325,0.281452,0.139915,-0.573627,0.654095,0.219911,0.406836,0.084299,0.470088,0.462468,-14.113001,-15.151001,-30.885002,NaN,-0.992290,true,Self-supervised model,0.114192,0.000000,0.000000,0.000000,0.000000,0.000000,0.917073,1.391429,false,false
2026-04-17T14:36:28.326205,0.000000,0.000000,-1.107568,153.459,SE,0,0.000000,0,0.000000,0.613154,1.258201,0.682988,-0.450110,8.765172,4.031836,0.302078,0.150718,-0.593722,0.682988,0.197920,0.438601,0.062919,0.485286,0.481190,-14.113001,-15.151001,-30.885002,NaN,-0.993570,true,Self-supervised model,0.118382,0.000000,0.000000,0.000000,0.000000,0.000000,0.897753,1.407393,false,false
2026-04-17T14:36:28.334269,0.000000,0.000000,-1.109354,153.561,SE,0,0.000000,0,0.000000,0.622305,1.254765,0.670347,-0.478840,8.789114,4.012682,0.280658,0.161439,-0.586969,0.670347,0.181427,0.470977,0.043371,0.506573,0.504713,-14.113001,-15.151001,-30.885002,NaN,-0.994753,true,Self-supervised model,0.115910,0.000000,0.000000,0.000000,0.000000,0.000000,0.928333,1.323297,false,false
2026-04-17T14:36:28.342246,0.000000,0.000000,-1.111007,153.656,SE,0,0.000000,0,0.000000,0.626349,1.251628,0.647580,-0.495600,8.796297,4.007894,0.272599,0.155892,-0.566346,0.647580,0.160658,0.492357,0.020769,0.518322,0.517906,-14.113001,-15.151001,-30.885002,NaN,-0.995871,true,Self-supervised model,0.113053,0.000000,0.000000,0.000000,0.000000,0.000000,0.967215,1.249378,false,false
2026-04-17T14:36:28.350909,0.000000,0.000000,-1.112525,153.743,SE,0,0.000000,0,0.000000,0.620148,1.248369,0.587594,-0.536301,8.786720,4.031836,0.241836,0.134514,-0.518352,0.587594,0.131947,0.491136,0.000611,0.508551,0.508551,-14.113001,-15.151001,-30.885002,NaN,-0.996854,true,Self-supervised model,0.110197,0.000000,0.000000,0.000000,0.000000,0.000000,1.055402,1.155427,false,false
2026-04-17T14:36:28.358286,0.000000,0.000000,-1.113902,153.822,SE,0,0.000000,0,0.000000,0.606370,1.244689,0.534035,-0.586579,8.748413,4.041412,0.202056,0.085664,-0.486856,0.534035,0.103236,0.469145,-0.012828,0.480540,0.480369,-14.113001,-15.151001,-30.885002,NaN,-0.997664,true,Self-supervised model,0.111518,0.000000,0.000000,0.000000,0.000000,0.000000,1.135450,1.111323,false,false
2026-04-17T14:36:28.366415,0.000000,0.000000,-1.115130,153.892,SE,0,0.000000,0,0.000000,0.585859,1.240336,0.478173,-0.600945,8.710106,4.074931,0.197810,0.038032,-0.433675,0.478173,0.084299,0.447764,-0.017104,0.455951,0.455631,-14.113001,-15.151001,-30.885002,NaN,-0.998300,true,Self-supervised model,0.116366,0.000000,0.000000,0.000000,0.000000,0.000000,1.225203,1.048736,false,false
2026-04-17T14:36:28.374369,0.000000,0.000000,-1.116229,153.955,SE,0,0.000000,0,0.000000,0.556719,1.234991,0.403737,-0.648829,8.667010,4.120421,0.159180,-0.013224,-0.370798,0.403737,0.065363,0.422719,-0.010385,0.427868,0.427742,-14.113001,-15.151001,-30.885002,NaN,-0.998880,true,Self-supervised model,0.128321,0.000000,0.000000,0.000000,0.000000,0.000000,1.378914,0.943602,false,false
2026-04-17T14:36:28.383432,0.000000,0.000000,-1.117235,154.013,SE,0,0.000000,0,0.000000,0.518182,1.228319,0.315861,-0.703895,8.635885,4.185065,0.112252,-0.051566,-0.290704,0.315861,0.054367,0.405615,0.003665,0.409258,0.409242,-14.113001,-15.151001,-30.885002,NaN,-0.999514,true,Self-supervised model,0.149105,0.000000,0.000000,0.000000,0.000000,0.000000,1.640536,0.771790,false,false
2026-04-17T14:36:28.390649,0.000000,0.000000,-1.118196,154.068,SE,0,0.000000,0,0.000000,0.474262,1.220157,0.243681,-0.684742,8.626308,4.273650,0.138476,-0.067280,-0.188886,0.243681,0.054978,0.392786,0.025656,0.397444,0.396615,-14.113001,-15.151001,-30.885002,NaN,-1.000296,true,Self-supervised model,0.165126,0.000000,0.000000,0.000000,0.000000,0.000000,1.946244,0.613119,false,false
2026-04-17T14:36:28.398775,0.000000,0.000000,-1.119169,154.124,SE,0,0.000000,0,0.000000,0.433072,1.210673,0.216828,-0.687136,8.604761,4.316746,0.141972,-0.094285,-0.134048,0.216828,0.057421,0.389121,0.045815,0.395994,0.393335,-14.113001,-15.151001,-30.885002,NaN,-1.001312,true,Self-supervised model,0.165679,0.000000,0.000000,0.000000,0.000000,0.000000,1.997304,0.547554,false,false
2026-04-17T14:36:28.406403,0.000000,0.000000,-1.120206,154.183,SE,0,0.000000,0,0.000000,0.401573,1.200309,0.236199,-0.636858,8.609550,4.350265,0.197022,-0.094685,-0.089483,0.236199,0.072693,0.394619,0.067195,0.406846,0.401259,-14.113001,-15.151001,-30.885002,NaN,-1.002609,true,Self-supervised model,0.146945,0.000000,0.000000,0.000000,0.000000,0.000000,1.700143,0.580562,false,false
2026-04-17T14:36:28.414671,0.000000,0.000000,-1.121355,154.249,SE,0,0.000000,0,0.000000,0.378355,1.189431,0.256462,-0.591368,8.662222,4.374207,0.246163,-0.047533,-0.054010,0.256462,0.095906,0.400728,0.083078,0.420336,0.412044,-14.113001,-15.151001,-30.885002,NaN,-1.004205,true,Self-supervised model,0.127697,0.000000,0.000000,0.000000,0.000000,0.000000,1.475287,0.610136,false,false
2026-04-17T14:36:28.422903,0.000000,0.000000,-1.122655,154.323,SE,0,0.000000,0,0.000000,0.356364,1.178108,0.240912,-0.605733,8.690952,4.367024,0.234631,-0.024892,-0.048657,0.240912,0.119730,0.409891,0.094073,0.437259,0.427019,-14.113001,-15.151001,-30.885002,NaN,-1.006110,true,Self-supervised model,0.126824,0.000000,0.000000,0.000000,0.000000,0.000000,1.479227,0.550961,false,false
2026-04-17T14:36:28.432295,0.000000,0.000000,-1.124119,154.407,SE,0,0.000000,0,0.000000,0.340958,1.166622,0.260077,-0.593762,8.734048,4.326323,0.248607,0.011405,-0.075529,0.260077,0.146608,0.407447,0.103236,0.445157,0.433021,-14.113001,-15.151001,-30.885002,NaN,-1.008230,true,Self-supervised model,0.111599,0.000000,0.000000,0.000000,0.000000,0.000000,1.310990,0.584236,false,false
2026-04-17T14:36:28.439302,0.000000,0.000000,-1.125742,154.500,SE,0,0.000000,0,0.000000,0.337637,1.155463,0.320200,-0.562637,8.717288,4.232949,0.280618,-0.012941,-0.153669,0.320200,0.164934,0.395841,0.109956,0.442700,0.428827,-14.113001,-15.151001,-30.885002,NaN,-1.010489,true,Self-supervised model,0.098508,0.000000,0.000000,0.000000,0.000000,0.000000,1.054455,0.723290,false,false
2026-04-17T14:36:28.448811,0.000000,0.000000,-1.127520,154.602,SE,0,0.000000,0,0.000000,0.342585,1.144948,0.368563,-0.574608,8.753201,4.118027,0.268350,0.014731,-0.252211,0.368563,0.175929,0.378126,0.117286,0.433228,0.417049,-14.113001,-15.151001,-30.885002,NaN,-1.012889,true,Self-supervised model,0.104278,0.000000,0.000000,0.000000,0.000000,0.000000,0.929515,0.850739,false,false
2026-04-17T14:36:28.454379,0.000000,0.000000,-1.129444,154.712,SE,0,0.000000,0,0.000000,0.356180,1.135397,0.427555,-0.562637,8.767567,4.029441,0.278582,0.020399,-0.323697,0.427555,0.174097,0.358578,0.122784,0.417089,0.398607,-14.113001,-15.151001,-30.885002,NaN,-1.015393,true,Self-supervised model,0.116199,0.000000,0.000000,0.000000,0.000000,0.000000,0.833063,1.025092,false,false
2026-04-17T14:36:28.463134,0.000000,0.000000,-1.131512,154.831,SE,0,0.000000,0,0.000000,0.375635,1.127007,0.477771,-0.588974,8.779537,3.928885,0.249096,0.023511,-0.407017,0.477771,0.167988,0.333532,0.131336,0.395870,0.373449,-14.113001,-15.151001,-30.885002,NaN,-1.018041,true,Self-supervised model,0.126526,0.000000,0.000000,0.000000,0.000000,0.000000,0.786224,1.206888,false,false
2026-04-17T14:36:28.471275,0.000000,0.000000,-1.133723,154.958,SE,0,0.000000,0,0.000000,0.398075,1.119849,0.515886,-0.608127,8.829816,3.859453,0.225224,0.064994,-0.459552,0.515886,0.145997,0.305433,0.141110,0.366764,0.338532,-12.159000,-15.601001,-31.173002,NaN,-1.020822,true,Self-supervised model,0.131222,0.000000,0.000000,0.000000,0.000000,0.000000,0.771634,1.406586,false,false
2026-04-17T14:36:28.482131,0.000000,0.000000,-1.136083,155.093,SE,0,0.000000,0,0.000000,0.418703,1.113804,0.527003,-0.624887,8.856153,3.823540,0.202108,0.082924,-0.479591,0.527003,0.116064,0.285274,0.153938,0.344310,0.307981,-12.159000,-15.601001,-31.173002,NaN,-1.023777,true,Self-supervised model,0.128236,0.000000,0.000000,0.000000,0.000000,0.000000,0.794499,1.530607,false,false
2026-04-17T14:36:28.487436,0.000000,0.000000,-1.138614,155.238,SE,0,0.000000,0,0.000000,0.430200,1.108459,0.490559,-0.648829,8.911219,3.847482,0.170551,0.130180,-0.441151,0.490559,0.090408,0.276111,0.167377,0.335300,0.290536,-12.159000,-15.601001,-31.173002,NaN,-1.026991,true,Self-supervised model,0.113906,0.000000,0.000000,0.000000,0.000000,0.000000,0.876959,1.463046,false,false
2026-04-17T14:36:28.495529,0.000000,0.000000,-1.141331,155.393,SE,0,0.000000,0,0.000000,0.435644,1.103547,0.464225,-0.665588,8.980651,3.878607,0.144982,0.192367,-0.396837,0.464225,0.060476,0.268781,0.188757,0.333961,0.275500,-12.159000,-15.601001,-31.173002,NaN,-1.030454,true,Self-supervised model,0.107748,0.000000,0.000000,0.000000,0.000000,0.000000,0.938434,1.390058,false,false
2026-04-17T14:36:28.502095,0.000000,0.000000,-1.144259,155.561,SE,0,0.000000,0,0.000000,0.431958,1.100000,0.412604,-0.629675,9.009381,3.955221,0.170498,0.214457,-0.308514,0.412604,0.037874,0.273668,0.212581,0.348596,0.276276,-12.159000,-15.601001,-31.173002,NaN,-1.034228,true,Self-supervised model,0.102205,0.000000,0.000000,0.000000,0.000000,0.000000,1.046907,1.183616,false,false
2026-04-17T14:36:28.510141,0.000000,0.000000,-1.147453,155.744,SE,0,0.000000,0,0.000000,0.427258,1.100000,0.402584,-0.541090,9.016563,4.019865,0.247323,0.215500,-0.233378,0.402584,0.025656,0.288939,0.229685,0.369999,0.290076,-12.159000,-15.601001,-31.173002,NaN,-1.038483,true,Self-supervised model,0.102102,0.000000,0.000000,0.000000,0.000000,0.000000,1.061288,1.088068,false,false
2026-04-17T14:36:28.518932,0.000000,0.000000,-1.150954,155.945,SE,0,0.000000,0,0.000000,0.421689,1.100000,0.392452,-0.450110,8.939949,4.070143,0.325942,0.133102,-0.173390,0.392452,0.026267,0.305433,0.233961,0.385638,0.306560,-12.159000,-15.601001,-31.173002,NaN,-1.043211,true,Self-supervised model,0.101802,0.000000,0.000000,0.000000,0.000000,0.000000,1.074498,1.017669,false,false
2026-04-17T14:36:28.526371,0.000000,0.000000,-1.154768,156.163,SE,0,0.000000,0,0.000000,0.433553,1.100000,0.495836,-0.296881,8.860941,4.072537,0.466326,0.048362,-0.161415,0.495836,0.030543,0.326813,0.230907,0.401320,0.328237,-12.159000,-15.601001,-31.173002,NaN,-1.048278,true,Self-supervised model,0.114051,0.000000,0.000000,0.000000,0.000000,0.000000,0.874387,1.235514,false,false
2026-04-17T14:36:28.534538,0.000000,0.000000,-1.158885,156.399,SE,0,0.000000,0,0.000000,0.456980,1.100000,0.579975,-0.196325,8.772355,4.058172,0.553787,-0.046016,-0.166051,0.579975,0.035430,0.340252,0.221744,0.407673,0.342092,-12.159000,-15.601001,-31.173002,NaN,-1.053608,true,Self-supervised model,0.130892,0.000000,0.000000,0.000000,0.000000,0.000000,0.787931,1.422648,false,false
2026-04-17T14:36:28.542330,0.000000,0.000000,-1.163280,156.651,SE,0,0.000000,0,0.000000,0.484231,1.100000,0.627296,-0.146046,8.726865,4.027047,0.590764,-0.097455,-0.187083,0.627296,0.048258,0.361632,0.207694,0.419814,0.364838,-12.159000,-15.601001,-31.173002,NaN,-1.059117,true,Self-supervised model,0.136183,0.000000,0.000000,0.000000,0.000000,0.000000,0.771934,1.494223,false,false
2026-04-17T14:36:28.551241,0.000000,0.000000,-1.167921,156.917,SE,0,0.000000,0,0.000000,0.509720,1.100000,0.643540,-0.126893,8.762778,3.971981,0.596626,-0.067714,-0.231509,0.643540,0.057421,0.373239,0.197309,0.426070,0.377630,-12.159000,-15.601001,-31.173002,NaN,-1.064741,true,Self-supervised model,0.133758,0.000000,0.000000,0.000000,0.000000,0.000000,0.792056,1.510411,false,false
2026-04-17T14:36:28.558664,0.000000,0.000000,-1.172768,157.195,SE,0,0.000000,0,0.000000,0.530719,1.100000,0.640965,-0.141258,8.825027,3.897760,0.569167,-0.011851,-0.294524,0.640965,0.064752,0.383623,0.196088,0.435672,0.389050,-12.159000,-15.601001,-31.173002,NaN,-1.070410,true,Self-supervised model,0.127742,0.000000,0.000000,0.000000,0.000000,0.000000,0.828000,1.471211,false,false
2026-04-17T14:36:28.566719,0.000000,0.000000,-1.177781,157.482,SE,0,0.000000,0,0.000000,0.548883,1.100000,0.644244,-0.160412,8.899248,3.828329,0.536768,0.055609,-0.351905,0.644244,0.070250,0.386678,0.193033,0.437854,0.393007,-12.159000,-15.601001,-31.173002,NaN,-1.076086,true,Self-supervised model,0.124764,0.000000,0.000000,0.000000,0.000000,0.000000,0.851981,1.471365,false,false
2026-04-17T14:36:28.574544,0.000000,0.000000,-1.182940,157.777,S,0,0.000000,0,0.000000,0.563843,1.100000,0.642385,-0.189142,8.956709,3.770868,0.494230,0.105902,-0.396459,0.642385,0.070250,0.378736,0.204029,0.435895,0.385196,-12.159000,-15.601001,-31.173002,NaN,-1.081831,true,Self-supervised model,0.121622,0.000000,0.000000,0.000000,0.000000,0.000000,0.877735,1.473716,false,false
2026-04-17T14:36:28.584688,0.000000,0.000000,-1.188238,158.081,S,0,0.000000,0,0.000000,0.577683,1.100000,0.650342,-0.179565,9.006987,3.727772,0.475467,0.144615,-0.419479,0.650342,0.067806,0.357967,0.212581,0.421816,0.364332,-12.159000,-15.601001,-31.173002,NaN,-1.087688,true,Self-supervised model,0.121399,0.000000,0.000000,0.000000,0.000000,0.000000,0.888276,1.541767,false,false
2026-04-17T14:36:28.590265,0.000000,0.000000,-1.194208,158.423,S,0,0.000000,0,0.000000,0.600827,1.100000,0.722330,-0.098162,9.009381,3.651158,0.526941,0.135114,-0.475225,0.722330,0.058643,0.320093,0.224798,0.395516,0.325421,-12.159000,-15.601001,-31.173002,NaN,-1.096339,true,Self-supervised model,0.134167,0.000000,0.000000,0.000000,0.000000,0.000000,0.831789,1.826298,false,false
2026-04-17T14:36:28.598440,0.000000,0.000000,-1.200761,158.799,S,0,0.000000,0,0.000000,0.631172,1.100000,0.790486,-0.023942,9.057265,3.608062,0.582160,0.175552,-0.505114,0.790486,0.040928,0.279776,0.228464,0.363518,0.282754,-12.159000,-15.601001,-31.173002,NaN,-1.105232,true,Self-supervised model,0.143791,0.000000,0.000000,0.000000,0.000000,0.000000,0.798461,2.174544,false,false
2026-04-17T14:36:28.606152,0.000000,0.000000,-1.207326,159.175,S,0,0.000000,0,0.000000,0.660731,1.100000,0.815915,0.023942,9.071630,3.588908,0.608757,0.182652,-0.511635,0.815915,0.024435,0.244957,0.230907,0.337519,0.246173,-12.159000,-15.601001,-31.173002,NaN,-1.111839,true,Self-supervised model,0.144773,0.000000,0.000000,0.000000,0.000000,0.000000,0.809804,2.417390,false,false
2026-04-17T14:36:28.614814,0.000000,0.000000,-1.213954,159.554,S,0,0.000000,0,0.000000,0.692173,1.100301,0.857243,0.095768,9.097966,3.576937,0.657466,0.201998,-0.511664,0.857243,0.005498,0.218079,0.224798,0.313246,0.218148,-12.159000,-15.601001,-31.173002,NaN,-1.118722,true,Self-supervised model,0.149208,0.000000,0.000000,0.000000,0.000000,0.000000,0.807441,2.736645,false,false
2026-04-17T14:36:28.622919,0.000000,0.000000,-1.220674,159.939,S,0,0.000000,0,0.000000,0.716475,1.106948,0.844061,0.141258,9.078813,3.608062,0.678946,0.176281,-0.469464,0.844061,-0.015882,0.200975,0.213192,0.293418,0.201601,-12.159000,-15.601001,-31.173002,NaN,-1.125810,true,Self-supervised model,0.142765,0.000000,0.000000,0.000000,0.000000,0.000000,0.848843,2.876653,false,false
2026-04-17T14:36:28.631351,0.000000,0.000000,-1.227486,160.330,S,0,0.000000,0,0.000000,0.730565,1.113892,0.804539,0.143652,9.062054,3.629610,0.657349,0.153457,-0.437751,0.804539,-0.028100,0.199142,0.199753,0.283458,0.201115,-10.541000,-17.135000,-28.145000,NaN,-1.132988,true,Self-supervised model,0.133650,0.000000,0.000000,0.000000,0.000000,0.000000,0.908055,2.838300,false,false
2026-04-17T14:36:28.638365,0.000000,0.000000,-1.234361,160.724,S,0,0.000000,0,0.000000,0.742496,1.121037,0.805136,0.198719,9.085996,3.677494,0.688546,0.171715,-0.380345,0.805136,-0.036041,0.204029,0.189368,0.280690,0.207188,-10.541000,-17.135000,-28.145000,NaN,-1.140113,true,Self-supervised model,0.133262,0.000000,0.000000,0.000000,0.000000,0.000000,0.922200,2.868412,false,false
2026-04-17T14:36:28.649688,0.000000,0.000000,-1.241286,161.120,S,0,0.000000,0,0.000000,0.752967,1.128314,0.807939,0.239420,9.095572,3.696647,0.705615,0.175872,-0.352053,0.807939,-0.042150,0.222966,0.183260,0.291675,0.226915,-10.541000,-17.135000,-28.145000,NaN,-1.147241,true,Self-supervised model,0.132239,0.000000,0.000000,0.000000,0.000000,0.000000,0.931960,2.769996,false,false
2026-04-17T14:36:28.654612,0.000000,0.000000,-1.248257,161.520,S,0,0.000000,0,0.000000,0.764767,1.135772,0.826715,0.289698,9.105149,3.701436,0.732423,0.180242,-0.338420,0.826715,-0.050702,0.253509,0.182649,0.316541,0.258530,-10.541000,-17.135000,-28.145000,NaN,-1.154398,true,Self-supervised model,0.139254,0.000000,0.000000,0.000000,0.000000,0.000000,0.925067,2.611718,false,false
2026-04-17T14:36:28.662721,0.000000,0.000000,-1.255300,161.923,S,0,0.000000,0,0.000000,0.780690,1.143569,0.864288,0.347159,9.057265,3.653552,0.766785,0.127436,-0.377882,0.864288,-0.059865,0.295659,0.175929,0.349212,0.301659,-10.541000,-17.135000,-28.145000,NaN,-1.161725,true,Self-supervised model,0.137914,0.000000,0.000000,0.000000,0.000000,0.000000,0.903276,2.474967,false,false
2026-04-17T14:36:28.670288,0.000000,0.000000,-1.262438,162.332,S,0,0.000000,0,0.000000,0.796299,1.151678,0.878244,0.385466,9.038112,3.639187,0.782937,0.103626,-0.384166,0.878244,-0.061087,0.331089,0.169210,0.376807,0.336677,-10.541000,-17.135000,-28.145000,NaN,-1.169246,true,Self-supervised model,0.138319,0.000000,0.000000,0.000000,0.000000,0.000000,0.906695,2.330754,false,false
2026-04-17T14:36:28.680395,0.000000,0.000000,-1.269672,162.747,S,0,0.000000,0,0.000000,0.808425,1.159948,0.872087,0.426168,9.021352,3.684676,0.802524,0.082575,-0.331168,0.872087,-0.067806,0.348804,0.152105,0.386520,0.355334,-10.541000,-17.135000,-28.145000,NaN,-1.176862,true,Self-supervised model,0.135280,0.000000,0.000000,0.000000,0.000000,0.000000,0.927000,2.256251,false,false
2026-04-17T14:36:28.688788,0.000000,0.000000,-1.276980,163.166,S,0,0.000000,0,0.000000,0.813108,1.168074,0.837691,0.433351,9.018958,3.739743,0.789494,0.076361,-0.269434,0.837691,-0.068417,0.339030,0.129503,0.369315,0.345865,-10.541000,-17.135000,-28.145000,NaN,-1.184470,true,Self-supervised model,0.130978,0.000000,0.000000,0.000000,0.000000,0.000000,0.970653,2.268230,false,false
2026-04-17T14:36:28.696304,0.000000,0.000000,-1.284312,163.586,S,0,0.000000,0,0.000000,0.807693,1.175659,0.779269,0.392649,9.081207,3.763685,0.729247,0.135040,-0.239213,0.779269,-0.069028,0.314596,0.095906,0.336055,0.322080,-10.541000,-17.135000,-28.145000,NaN,-1.191893,true,Self-supervised model,0.127377,0.000000,0.000000,0.000000,0.000000,0.000000,1.036476,2.318871,false,false
2026-04-17T14:36:28.702046,0.000000,0.000000,-1.291598,164.003,S,0,0.000000,0,0.000000,0.790632,1.182258,0.701057,0.320823,9.107543,3.756502,0.639401,0.157949,-0.240206,0.701057,-0.065973,0.297491,0.072082,0.313128,0.304719,-10.541000,-17.135000,-28.145000,NaN,-1.198999,true,Self-supervised model,0.127660,0.000000,0.000000,0.000000,0.000000,0.000000,1.127771,2.238879,false,false
2026-04-17T14:36:28.710973,0.000000,0.000000,-1.298730,164.412,S,0,0.000000,0,0.000000,0.760898,1.187403,0.604797,0.227449,9.124303,3.754108,0.529732,0.171313,-0.236252,0.604797,-0.057421,0.278555,0.041539,0.287429,0.284411,-10.541000,-17.135000,-28.145000,NaN,-1.205509,true,Self-supervised model,0.131852,0.000000,0.000000,0.000000,0.000000,0.000000,1.258105,2.104162,false,false
2026-04-17T14:36:28.720553,0.000000,0.000000,-1.305618,164.806,S,0,0.000000,0,0.000000,0.720763,1.190738,0.510053,0.138864,9.145850,3.778050,0.426635,0.189390,-0.205593,0.510053,-0.047647,0.239459,0.025045,0.245435,0.244154,-10.541000,-17.135000,-28.145000,NaN,-1.211429,true,Self-supervised model,0.143082,0.000000,0.000000,0.000000,0.000000,0.000000,1.413113,2.078162,false,false
2026-04-17T14:36:28.726080,0.000000,0.000000,-1.312187,165.183,S,0,0.000000,0,0.000000,0.671815,1.191981,0.414838,0.055067,9.124303,3.785233,0.329215,0.164368,-0.191549,0.414838,-0.048869,0.210138,0.022602,0.216926,0.215745,-10.541000,-17.135000,-28.145000,NaN,-1.216715,true,Self-supervised model,0.152992,0.000000,0.000000,0.000000,0.000000,0.000000,1.619463,1.912348,false,false
2026-04-17T14:36:28.734353,0.000000,0.000000,-1.318403,165.539,S,0,0.000000,0,0.000000,0.624721,1.191290,0.377480,0.038307,9.064447,3.763685,0.298911,0.101416,-0.207023,0.377480,-0.058643,0.168599,0.031154,0.181205,0.178506,-10.541000,-17.135000,-28.145000,NaN,-1.221524,true,Self-supervised model,0.156805,0.000000,0.000000,0.000000,0.000000,0.000000,1.654977,2.083171,false,false
2026-04-17T14:36:28.742137,0.000000,0.000000,-1.324280,165.876,S,0,0.000000,0,0.000000,0.580755,1.188869,0.349933,0.038307,9.021352,3.770868,0.284801,0.055984,-0.195467,0.349933,-0.079412,0.131947,0.040928,0.159347,0.154001,-10.541000,-17.135000,-28.145000,NaN,-1.226040,true,Self-supervised model,0.154653,0.000000,0.000000,0.000000,0.000000,0.000000,1.659619,2.196045,false,false
2026-04-17T14:36:28.751749,0.000000,0.000000,-1.329863,166.196,S,0,0.000000,0,0.000000,0.537146,1.184800,0.308198,0.040701,9.004593,3.823540,0.272500,0.037195,-0.139091,0.308198,-0.100182,0.114232,0.054367,0.161373,0.151939,-10.541000,-17.135000,-28.145000,NaN,-1.230451,true,Self-supervised model,0.158667,0.000000,0.000000,0.000000,0.000000,0.000000,1.742860,1.909854,false,false
2026-04-17T14:36:28.758345,0.000000,0.000000,-1.335157,166.499,S,0,0.000000,0,0.000000,0.499007,1.179368,0.298778,0.069432,8.992621,3.881001,0.285550,0.025889,-0.084020,0.298778,-0.135612,0.116064,0.080634,0.195866,0.178498,-10.541000,-17.135000,-28.145000,NaN,-1.234589,true,Self-supervised model,0.149005,0.000000,0.000000,0.000000,0.000000,0.000000,1.670160,1.525422,false,false
2026-04-17T14:36:28.766446,0.000000,0.000000,-1.340383,166.798,S,0,0.000000,0,0.000000,0.471915,1.173070,0.329679,0.124498,9.018958,3.948039,0.324762,0.053133,-0.019866,0.329679,-0.150273,0.135001,0.095295,0.223357,0.202008,-10.541000,-17.135000,-28.145000,NaN,-1.239540,true,Self-supervised model,0.129720,0.000000,0.000000,0.000000,0.000000,0.000000,1.431439,1.476016,false,false
2026-04-17T14:36:28.773995,0.000000,0.000000,-1.345539,167.094,S,0,0.000000,0,0.000000,0.454825,1.166340,0.365107,0.167594,9.033323,4.039018,0.352275,0.069245,0.066410,0.365107,-0.159436,0.166155,0.098960,0.250640,0.230277,-10.541000,-17.135000,-28.145000,NaN,-1.244419,true,Self-supervised model,0.113490,0.000000,0.000000,0.000000,0.000000,0.000000,1.245732,1.456698,false,false
2026-04-17T14:36:28.782841,0.000000,0.000000,-1.350675,167.388,S,0,0.000000,0,0.000000,0.446232,1.159536,0.401116,0.198719,9.050082,4.108450,0.369130,0.088466,0.129658,0.401116,-0.158214,0.202807,0.098349,0.275382,0.257221,-10.541000,-17.135000,-28.145000,NaN,-1.249471,true,Self-supervised model,0.106623,0.000000,0.000000,0.000000,0.000000,0.000000,1.112475,1.456583,false,false
2026-04-17T14:36:28.791237,0.000000,0.000000,-1.355783,167.681,S,0,0.000000,0,0.000000,0.450044,1.153156,0.470060,0.246603,9.057265,4.204218,0.404410,0.098540,0.218401,0.470060,-0.144775,0.233961,0.087354,0.288667,0.275132,-9.335000,-17.328001,-28.230001,NaN,-1.254474,true,Self-supervised model,0.109908,0.000000,0.000000,0.000000,0.000000,0.000000,0.957419,1.628384,false,false
2026-04-17T14:36:28.798406,0.000000,0.000000,-1.360842,167.971,S,0,0.000000,0,0.000000,0.459955,1.147428,0.511984,0.284910,9.004593,4.264073,0.431677,0.048957,0.270898,0.511984,-0.128893,0.241903,0.077580,0.284866,0.274099,-9.335000,-17.328001,-28.230001,NaN,-1.259332,true,Self-supervised model,0.116036,0.000000,0.000000,0.000000,0.000000,0.000000,0.898377,1.797278,false,false
2026-04-17T14:36:28.806583,0.000000,0.000000,-1.365814,168.255,S,0,0.000000,0,0.000000,0.471813,1.142404,0.534071,0.323217,8.927979,4.271256,0.459587,-0.024632,0.270935,0.534071,-0.100793,0.241292,0.065973,0.269691,0.261497,-9.335000,-17.328001,-28.230001,NaN,-1.263956,true,Self-supervised model,0.118889,0.000000,0.000000,0.000000,0.000000,0.000000,0.883428,1.980306,false,false
2026-04-17T14:36:28.815189,0.000000,0.000000,-1.370684,168.534,S,0,0.000000,0,0.000000,0.476067,1.137750,0.498396,0.316035,8.932767,4.235343,0.442429,-0.017216,0.228821,0.498396,-0.075747,0.228464,0.053756,0.246623,0.240693,-9.335000,-17.328001,-28.230001,NaN,-1.268418,true,Self-supervised model,0.111923,0.000000,0.000000,0.000000,0.000000,0.000000,0.955197,2.020882,false,false
2026-04-17T14:36:28.823072,0.000000,0.000000,-1.375429,168.806,S,0,0.000000,0,0.000000,0.469488,1.133020,0.434952,0.284910,8.930372,4.177882,0.401500,-0.017501,0.166356,0.434952,-0.053756,0.213803,0.053145,0.226773,0.220457,-9.335000,-17.328001,-28.230001,NaN,-1.272663,true,Self-supervised model,0.107735,0.000000,0.000000,0.000000,0.000000,0.000000,1.079403,1.918010,false,false
2026-04-17T14:36:28.831256,0.000000,0.000000,-1.380037,169.070,S,0,0.000000,0,0.000000,0.452685,1.127806,0.364468,0.239420,8.949526,4.129998,0.346014,0.003329,0.114455,0.364468,-0.044593,0.193644,0.050702,0.205079,0.198713,-9.335000,-17.328001,-28.230001,NaN,-1.276725,true,Self-supervised model,0.114305,0.000000,0.000000,0.000000,0.000000,0.000000,1.242043,1.777210,false,false
2026-04-17T14:36:28.838327,0.000000,0.000000,-1.384514,169.327,S,0,0.000000,0,0.000000,0.421662,1.121561,0.258791,0.150835,8.916007,4.086902,0.247935,-0.028925,0.068298,0.258791,-0.026267,0.170431,0.059254,0.182340,0.172444,-9.335000,-17.328001,-28.230001,NaN,-1.280676,true,Self-supervised model,0.144099,0.000000,0.000000,0.000000,0.000000,0.000000,1.629352,1.419279,false,false
2026-04-17T14:36:28.846901,0.000000,0.000000,-1.388832,169.574,S,0,0.000000,0,0.000000,0.385625,1.114123,0.196433,0.107739,8.956709,4.012682,0.195862,0.012629,-0.008024,0.196433,-0.019548,0.154549,0.067195,0.169655,0.155780,-9.335000,-17.328001,-28.230001,NaN,-1.284359,true,Self-supervised model,0.163086,0.000000,0.000000,0.000000,0.000000,0.000000,1.963139,1.157842,false,false
2026-04-17T14:36:28.854255,0.000000,0.000000,-1.392978,169.812,S,0,0.000000,0,0.000000,0.345163,1.105365,0.132733,0.033519,8.995016,3.976769,0.113517,0.051573,-0.045520,0.132733,-0.024435,0.141110,0.077580,0.162873,0.143210,-9.335000,-17.328001,-28.230001,NaN,-1.287815,true,Self-supervised model,0.180649,0.000000,0.000000,0.000000,0.000000,0.000000,2.600431,0.814946,false,false
2026-04-17T14:36:28.862528,0.000000,0.000000,-1.396929,170.038,S,0,0.000000,0,0.000000,0.320442,1.100000,0.190660,0.009577,9.102755,3.960010,0.081680,0.159981,-0.063920,0.190660,-0.036652,0.119730,0.095906,0.157723,0.125214,-9.335000,-17.328001,-28.230001,NaN,-1.290989,true,Self-supervised model,0.143703,0.000000,0.000000,0.000000,0.000000,0.000000,1.680699,1.208831,false,false
2026-04-17T14:36:28.870371,0.000000,0.000000,-1.400699,170.254,S,0,0.000000,0,0.000000,0.306157,1.100000,0.231158,0.007183,9.160215,4.000711,0.071041,0.218472,-0.025642,0.231158,-0.052534,0.105069,0.110567,0.161320,0.117471,-9.335000,-17.328001,-28.230001,NaN,-1.294036,true,Self-supervised model,0.114002,0.000000,0.000000,0.000000,0.000000,0.000000,1.324447,1.432913,false,false
2026-04-17T14:36:28.880131,0.000000,0.000000,-1.404325,170.462,S,0,0.000000,0,0.000000,0.301345,1.100000,0.276082,0.074220,9.184157,4.039018,0.129060,0.243882,0.009271,0.276082,-0.070250,0.090408,0.123395,0.168330,0.114493,-9.335000,-17.328001,-28.230001,NaN,-1.297083,true,Self-supervised model,0.102094,0.000000,0.000000,0.000000,0.000000,0.000000,1.091506,1.640124,false,false
2026-04-17T14:36:28.886854,0.000000,0.000000,-1.407857,170.664,S,0,0.000000,0,0.000000,0.303707,1.100000,0.316107,0.148441,9.174581,4.115633,0.193570,0.236300,0.081340,0.316107,-0.081245,0.086743,0.133779,0.178947,0.118849,-9.335000,-17.328001,-28.230001,NaN,-1.300240,true,Self-supervised model,0.105331,0.000000,0.000000,0.000000,0.000000,0.000000,0.960773,1.766481,false,false
2026-04-17T14:36:28.896900,0.000000,0.000000,-1.411337,170.864,S,0,0.000000,0,0.000000,0.315931,1.100000,0.380107,0.260968,9.129091,4.180276,0.295589,0.193135,0.140738,0.380107,-0.082467,0.090408,0.139888,0.185858,0.122370,-9.335000,-17.328001,-28.230001,NaN,-1.303513,true,Self-supervised model,0.121214,0.000000,0.000000,0.000000,0.000000,0.000000,0.831162,2.045152,false,false
2026-04-17T14:36:28.902431,0.000000,0.000000,-1.414817,171.063,S,0,0.000000,0,0.000000,0.333989,1.100000,0.428793,0.323217,9.083601,4.247314,0.346936,0.150005,0.202478,0.428793,-0.072082,0.111788,0.142332,0.194810,0.133013,-9.335000,-17.328001,-28.230001,NaN,-1.306992,true,Self-supervised model,0.130913,0.000000,0.000000,0.000000,0.000000,0.000000,0.778904,2.201088,false,false
2026-04-17T14:36:28.910515,0.000000,0.000000,-1.418331,171.264,S,0,0.000000,0,0.000000,0.351634,1.100000,0.444275,0.354342,9.095572,4.237737,0.367401,0.163979,0.188435,0.444275,-0.048869,0.144775,0.142942,0.209238,0.152801,-9.335000,-17.328001,-28.230001,NaN,-1.310640,true,Self-supervised model,0.129718,0.000000,0.000000,0.000000,0.000000,0.000000,0.791480,2.123298,false,false
2026-04-17T14:36:28.919202,0.000000,0.000000,-1.421892,171.468,S,0,0.000000,0,0.000000,0.359618,1.100000,0.401534,0.330400,9.076419,4.220978,0.333794,0.146195,0.168634,0.401534,-0.026878,0.182649,0.139888,0.231628,0.184616,-9.335000,-17.328001,-28.230001,NaN,-1.314392,true,Self-supervised model,0.113340,0.000000,0.000000,0.000000,0.000000,0.000000,0.895612,1.733526,false,false
2026-04-17T14:36:28.926653,0.000000,0.000000,-1.425500,171.675,S,0,0.000000,0,0.000000,0.364154,1.100000,0.387966,0.335188,9.081207,4.189853,0.330149,0.151601,0.136149,0.387966,-0.002443,0.211970,0.130725,0.249051,0.211984,-9.335000,-17.328001,-28.230001,NaN,-1.318189,true,Self-supervised model,0.108314,0.000000,0.000000,0.000000,0.000000,0.000000,0.938623,1.557777,false,false
2026-04-17T14:36:28.934257,0.000000,0.000000,-1.429140,171.884,S,0,0.000000,0,0.000000,0.355806,1.100000,0.311980,0.268151,9.090784,4.129998,0.255986,0.161104,0.076472,0.311980,0.017104,0.206472,0.120340,0.239594,0.207180,-9.335000,-17.328001,-28.230001,NaN,-1.321955,true,Self-supervised model,0.104015,0.000000,0.000000,0.000000,0.000000,0.000000,1.140478,1.302119,false,false
2026-04-17T14:36:28.942368,0.000000,0.000000,-1.432764,172.091,S,0,0.000000,0,0.000000,0.345314,1.100000,0.290232,0.177171,9.172187,4.074931,0.158764,0.241885,0.022800,0.290232,0.020769,0.177151,0.116064,0.212802,0.178364,-9.335000,-17.328001,-28.230001,NaN,-1.325513,true,Self-supervised model,0.106125,0.000000,0.000000,0.000000,0.000000,0.000000,1.189789,1.363856,false,false
2026-04-17T14:36:28.951569,0.000000,0.000000,-1.436311,172.295,S,0,0.000000,0,0.000000,0.336512,1.100000,0.290302,0.083797,9.215282,4.043807,0.059078,0.284154,-0.006471,0.290302,0.022602,0.134390,0.119730,0.181402,0.136278,-8.928000,-15.889001,-29.195002,NaN,-1.328753,true,Self-supervised model,0.104919,0.000000,0.000000,0.000000,0.000000,0.000000,1.159178,1.600324,false,false
2026-04-17T14:36:28.958555,0.000000,0.000000,-1.439746,172.491,S,0,0.000000,0,0.000000,0.340039,1.100000,0.358553,-0.007183,9.287108,4.019865,-0.039410,0.355224,-0.028688,0.358553,0.010385,0.076358,0.138056,0.158107,0.077061,-8.928000,-15.889001,-29.195002,NaN,-1.331740,true,Self-supervised model,0.107683,0.000000,0.000000,0.000000,0.000000,0.000000,0.948365,2.267788,false,false
2026-04-17T14:36:28.966354,0.000000,0.000000,-1.443079,172.682,S,0,0.000000,0,0.000000,0.352456,1.100000,0.417646,-0.023942,9.344569,4.055778,-0.066127,0.412296,0.008171,0.417646,-0.001222,0.023213,0.171653,0.173220,0.023245,-8.928000,-15.889001,-29.195002,NaN,-1.334667,true,Self-supervised model,0.120550,0.000000,0.000000,0.000000,0.000000,0.000000,0.843911,2.411072,false,false
2026-04-17T14:36:28.974296,0.000000,0.000000,-1.446376,172.871,S,0,0.000000,0,0.000000,0.365167,1.100000,0.431899,0.040701,9.363723,4.058172,-0.014828,0.431515,0.010583,0.431899,-0.018937,-0.009774,0.204029,0.205139,0.021310,-8.928000,-15.889001,-29.195002,NaN,-1.337819,true,Self-supervised model,0.120341,0.000000,0.000000,0.000000,0.000000,0.000000,0.845491,2.105399,false,false
2026-04-17T14:36:28.982800,0.000000,0.000000,-1.449752,173.065,S,0,0.000000,0,0.000000,0.380264,1.100000,0.459527,0.234632,9.358934,4.094085,0.162798,0.427311,0.045465,0.459527,-0.027489,-0.023213,0.227853,0.230676,0.035979,-8.928000,-15.889001,-29.195002,NaN,-1.341512,true,Self-supervised model,0.123822,0.000000,0.000000,0.000000,0.000000,0.000000,0.827513,1.992088,false,false
2026-04-17T14:36:28.990585,0.000000,0.000000,-1.453302,173.268,S,0,0.000000,0,0.000000,0.401377,1.100000,0.512218,0.433351,9.303867,4.122815,0.343322,0.373129,0.072607,0.512218,-0.040928,-0.016493,0.234572,0.238687,0.044126,-8.928000,-15.889001,-29.195002,NaN,-1.345758,true,Self-supervised model,0.133269,0.000000,0.000000,0.000000,0.000000,0.000000,0.783606,2.145985,false,false
2026-04-17T14:36:28.999280,0.000000,0.000000,-1.457078,173.484,S,0,0.000000,0,0.000000,0.436158,1.100000,0.618761,0.581791,9.323022,4.115633,0.473390,0.393366,0.063484,0.618761,-0.043982,0.010996,0.222355,0.226930,0.045336,-8.928000,-15.889001,-29.195002,NaN,-1.350434,true,Self-supervised model,0.155610,0.000000,0.000000,0.000000,0.000000,0.000000,0.704890,2.726663,false,false
2026-04-17T14:36:29.006169,0.000000,0.000000,-1.461061,173.713,S,0,0.000000,0,0.000000,0.471330,1.100000,0.655980,0.610521,9.366117,4.113238,0.485134,0.437553,0.059178,0.655980,-0.044593,0.057421,0.210749,0.222937,0.072703,-8.928000,-15.889001,-29.195002,NaN,-1.355247,true,Self-supervised model,0.155343,0.000000,0.000000,0.000000,0.000000,0.000000,0.718512,2.942454,false,false
2026-04-17T14:36:29.014936,0.000000,0.000000,-1.465191,173.949,S,0,0.000000,0,0.000000,0.511346,1.100000,0.721430,0.703895,9.370906,4.137180,0.563276,0.443343,0.081416,0.721430,-0.045204,0.108734,0.189368,0.222995,0.117756,-8.928000,-15.889001,-29.195002,NaN,-1.359966,true,Self-supervised model,0.162542,0.000000,0.000000,0.000000,0.000000,0.000000,0.708795,3.235184,false,false
2026-04-17T14:36:29.022891,0.000000,0.000000,-1.469425,174.192,S,0,0.000000,0,0.000000,0.544913,1.100000,0.721142,0.742203,9.334992,4.141969,0.588326,0.408353,0.084651,0.721142,-0.042150,0.147829,0.163712,0.224570,0.153721,-8.928000,-15.889001,-29.195002,NaN,-1.364618,true,Self-supervised model,0.153154,0.000000,0.000000,0.000000,0.000000,0.000000,0.755626,3.211211,false,false
2026-04-17T14:36:29.030599,0.000000,0.000000,-1.473704,174.437,S,0,0.000000,0,0.000000,0.573884,1.100000,0.725981,0.778116,9.299079,4.170700,0.612518,0.373240,0.112083,0.725981,-0.037263,0.166766,0.131336,0.215519,0.170879,-8.928000,-15.889001,-29.195002,NaN,-1.369075,true,Self-supervised model,0.148009,0.000000,0.000000,0.000000,0.000000,0.000000,0.790494,3.368519,false,false
2026-04-17T14:36:29.038841,0.000000,0.000000,-1.477976,174.682,S,0,0.000000,0,0.000000,0.592216,1.100000,0.688457,0.739808,9.289502,4.211401,0.564107,0.364250,0.151917,0.688457,-0.026267,0.166155,0.103847,0.197691,0.168219,-8.928000,-15.889001,-29.195002,NaN,-1.373316,true,Self-supervised model,0.136340,0.000000,0.000000,0.000000,0.000000,0.000000,0.860207,3.482490,false,false
2026-04-17T14:36:29.049519,0.000000,0.000000,-1.482169,174.922,S,0,0.000000,0,0.000000,0.598973,1.100000,0.634450,0.665588,9.284714,4.264073,0.480960,0.359608,0.204663,0.634450,0.006109,0.139277,0.077580,0.159543,0.139411,-8.928000,-15.889001,-29.195002,NaN,-1.377196,true,Self-supervised model,0.127455,0.000000,0.000000,0.000000,0.000000,0.000000,0.944082,3.976661,false,false
2026-04-17T14:36:29.058165,0.000000,0.000000,-1.486221,175.154,S,0,0.000000,0,0.000000,0.601179,1.100000,0.612756,0.617704,9.301474,4.290410,0.424404,0.375806,0.232641,0.612756,0.029932,0.111177,0.071471,0.135516,0.115136,-8.928000,-15.889001,-29.195002,NaN,-1.380687,true,Self-supervised model,0.126191,0.000000,0.000000,0.000000,0.000000,0.000000,0.981106,4.521661,false,false
2026-04-17T14:36:29.062916,0.000000,0.000000,-1.490104,175.377,S,0,0.000000,0,0.000000,0.596330,1.100000,0.570872,0.581791,9.294291,4.271256,0.379403,0.367214,0.217030,0.570872,0.061087,0.069639,0.070250,0.116259,0.092634,-8.928000,-15.889001,-29.195002,NaN,-1.383888,true,Self-supervised model,0.124875,0.000000,0.000000,0.000000,0.000000,0.000000,1.044594,4.910358,false,false
2026-04-17T14:36:29.070546,0.000000,0.000000,-1.493814,175.589,S,0,0.000000,0,0.000000,0.588471,1.100000,0.547214,0.565032,9.306262,4.230555,0.352573,0.376897,0.181890,0.547214,0.089797,0.032987,0.071471,0.119414,0.095664,-8.928000,-15.889001,-29.195002,NaN,-1.386908,true,Self-supervised model,0.123293,0.000000,0.000000,0.000000,0.000000,0.000000,1.075395,4.582477,false,false
2026-04-17T14:36:29.081961,0.000000,0.000000,-1.497376,175.793,S,0,0.000000,0,0.000000,0.577825,1.100000,0.521934,0.581791,9.299079,4.139575,0.358254,0.366584,0.098417,0.521934,0.114232,0.006109,0.072082,0.135211,0.114395,-8.928000,-15.889001,-29.195002,NaN,-1.389878,true,Self-supervised model,0.121839,0.000000,0.000000,0.000000,0.000000,0.000000,1.107084,3.860143,false,false
2026-04-17T14:36:29.086962,0.000000,0.000000,-1.500825,175.991,S,0,0.000000,0,0.000000,0.574432,1.100000,0.556620,0.651223,9.306262,4.043807,0.415762,0.369901,0.011886,0.556620,0.130725,-0.009774,0.067195,0.147308,0.131090,-8.928000,-15.889001,-29.195002,NaN,-1.392879,true,Self-supervised model,0.120783,0.000000,0.000000,0.000000,0.000000,0.000000,1.032001,3.778601,false,false
2026-04-17T14:36:29.100765,0.000000,0.000000,-1.504195,176.184,S,0,0.000000,0,0.000000,0.570558,1.100000,0.550216,0.687136,9.258378,3.928885,0.439631,0.317632,-0.092584,0.550216,0.135612,-0.010996,0.050702,0.145197,0.136057,-8.928000,-15.889001,-29.195002,NaN,-1.395927,true,Self-supervised model,0.121987,0.000000,0.000000,0.000000,0.000000,0.000000,1.036971,3.789437,false,false
2026-04-17T14:36:29.102405,0.000000,0.000000,-1.507491,176.373,S,0,0.000000,0,0.000000,0.566088,1.100000,0.542623,0.720655,9.188946,3.861847,0.461538,0.243588,-0.148617,0.542623,0.132558,-0.010996,0.034819,0.137495,0.133013,-8.928000,-15.889001,-29.195002,NaN,-1.398932,true,Self-supervised model,0.138016,0.000000,0.000000,0.000000,0.000000,0.000000,1.043244,3.946492,false,false
2026-04-17T14:36:29.114473,0.000000,0.000000,-1.510703,176.557,S,0,0.000000,0,0.000000,0.559807,1.100000,0.526830,0.742203,9.102755,3.821146,0.471586,0.152820,-0.178333,0.526830,0.117286,-0.023824,0.015272,0.120652,0.119681,-8.306001,-16.257000,-29.281002,NaN,-1.401805,true,Self-supervised model,0.123719,0.000000,0.000000,0.000000,0.000000,0.000000,1.062595,4.366535,false,false
2026-04-17T14:36:29.119171,0.000000,0.000000,-1.513828,176.736,S,0,0.000000,0,0.000000,0.548579,1.100000,0.489635,0.730232,9.040505,3.811569,0.447941,0.086431,-0.177823,0.489635,0.094073,-0.042761,0.005498,0.103482,0.103336,-8.306001,-16.257000,-29.281002,NaN,-1.404585,true,Self-supervised model,0.123775,0.000000,0.000000,0.000000,0.000000,0.000000,1.120385,4.731605,false,false
2026-04-17T14:36:29.126563,0.000000,0.000000,-1.516858,176.910,S,0,0.000000,0,0.000000,0.527497,1.100000,0.416817,0.670376,9.035717,3.818752,0.375954,0.078231,-0.162095,0.416817,0.065363,-0.064141,0.009163,0.092034,0.091577,-8.306001,-16.257000,-29.281002,NaN,-1.407231,true,Self-supervised model,0.130455,0.000000,0.000000,0.000000,0.000000,0.000000,1.265537,4.528941,false,false
2026-04-17T14:36:29.134400,0.000000,0.000000,-1.519797,177.078,S,0,0.000000,0,0.000000,0.507158,1.100000,0.400377,0.672771,9.035717,3.828329,0.365125,0.075690,-0.145797,0.400377,0.040928,-0.072082,0.017715,0.084763,0.082891,-8.306001,-16.257000,-29.281002,NaN,-1.409811,true,Self-supervised model,0.129851,0.000000,0.000000,0.000000,0.000000,0.000000,1.266701,4.723493,false,false
2026-04-17T14:36:29.142586,0.000000,0.000000,-1.522689,177.244,S,0,0.000000,0,0.000000,0.488952,1.100000,0.393370,0.687136,9.052477,3.854665,0.365306,0.090672,-0.114324,0.393370,0.018937,-0.063530,0.034208,0.074598,0.066292,-8.306001,-16.257000,-29.281002,NaN,-1.412508,true,Self-supervised model,0.128807,0.000000,0.000000,0.000000,0.000000,0.000000,1.242983,5.273183,false,false
2026-04-17T14:36:29.151700,0.000000,0.000000,-1.525585,177.410,S,0,0.000000,0,0.000000,0.481169,1.100000,0.440310,0.756568,9.057265,3.871424,0.419728,0.094348,-0.093806,0.440310,-0.002443,-0.040317,0.045204,0.060620,0.040391,-8.306001,-16.257000,-29.281002,NaN,-1.415426,true,Self-supervised model,0.128271,0.000000,0.000000,0.000000,0.000000,0.000000,1.092796,7.263386,false,false
2026-04-17T14:36:29.158776,0.000000,0.000000,-1.528548,177.579,S,0,0.000000,0,0.000000,0.481624,1.100000,0.484013,0.818817,9.074024,3.897760,0.466737,0.110538,-0.064858,0.484013,-0.012828,-0.014661,0.044593,0.048663,0.019481,-8.306001,-16.257000,-29.281002,NaN,-1.418653,true,Self-supervised model,0.139847,0.000000,0.000000,0.000000,0.000000,0.000000,0.995065,0.000000,false,false
2026-04-17T14:36:29.166508,0.000000,0.000000,-1.531609,177.755,S,0,0.000000,0,0.000000,0.488390,1.100000,0.523912,0.885855,9.035717,3.952827,0.518870,0.072059,-0.008049,0.523912,-0.013439,0.003665,0.036041,0.038639,0.013930,-8.306001,-16.257000,-29.281002,NaN,-1.422109,true,Self-supervised model,0.149646,0.000000,0.000000,0.000000,0.000000,0.000000,0.932199,0.000000,false,false
2026-04-17T14:36:29.174460,0.000000,0.000000,-1.534763,177.935,S,0,0.000000,0,0.000000,0.497691,1.100000,0.546520,0.924162,9.016563,3.991134,0.543034,0.052894,0.031620,0.546520,-0.011606,0.011606,0.018326,0.024602,0.016414,-8.306001,-16.257000,-29.281002,NaN,-1.425632,true,Self-supervised model,0.155545,0.000000,0.000000,0.000000,0.000000,0.000000,0.910655,0.000000,false,false
2026-04-17T14:36:29.183473,0.000000,0.000000,-1.537967,178.119,S,0,0.000000,0,0.000000,0.503104,1.100000,0.531526,0.921768,8.966286,4.024653,0.527356,0.002634,0.066399,0.531526,-0.002443,0.000000,-0.006720,0.007150,0.002443,-8.306001,-16.257000,-29.281002,NaN,-1.429042,true,Self-supervised model,0.151319,0.000000,0.000000,0.000000,0.000000,0.000000,0.946529,0.000000,false,false
2026-04-17T14:36:29.190404,0.000000,0.000000,-1.541160,178.302,S,0,0.000000,0,0.000000,0.500258,1.100000,0.485314,0.885855,8.956709,4.034230,0.479076,-0.006952,0.077250,0.485314,0.001833,-0.025656,-0.033598,0.042313,0.025722,-8.306001,-16.257000,-29.281002,NaN,-1.432186,true,Self-supervised model,0.140818,0.000000,0.000000,0.000000,0.000000,0.000000,1.030792,0.000000,false,false
2026-04-17T14:36:29.198748,0.000000,0.000000,-1.544265,178.480,S,0,0.000000,0,0.000000,0.483659,1.100000,0.396517,0.809240,8.954314,4.019865,0.391208,-0.009319,0.063990,0.396517,0.000611,-0.045204,-0.051313,0.068387,0.045208,-8.306001,-16.257000,-29.281002,NaN,-1.434938,true,Self-supervised model,0.129900,0.000000,0.000000,0.000000,0.000000,0.000000,1.219771,5.798138,false,false
2026-04-17T14:36:29.206422,0.000000,0.000000,-1.547193,178.648,S,0,0.000000,0,0.000000,0.450189,1.100000,0.274467,0.694318,8.990228,4.017470,0.265965,0.026788,0.062264,0.274467,-0.007941,-0.072082,-0.056810,0.092121,0.072518,-8.306001,-16.257000,-29.281002,NaN,-1.437163,true,Self-supervised model,0.153205,0.000000,0.000000,0.000000,0.000000,0.000000,1.640229,2.979410,false,false
2026-04-17T14:36:29.215753,0.000000,0.000000,-1.549894,178.802,S,0,0.000000,0,0.000000,0.411713,1.100000,0.209716,0.612916,9.014170,4.058172,0.175527,0.051301,0.102660,0.209716,-0.012828,-0.100182,-0.049480,0.112469,0.101000,-8.306001,-16.257000,-29.281002,NaN,-1.438949,true,Self-supervised model,0.168530,0.000000,0.000000,0.000000,0.000000,0.000000,1.963195,1.864656,false,false
2026-04-17T14:36:29.222710,0.000000,0.000000,-1.552308,178.941,S,0,0.000000,0,0.000000,0.380775,1.100000,0.218351,0.577003,8.997410,4.127604,0.130893,0.035386,0.171149,0.218351,-0.013439,-0.124006,-0.034819,0.129501,0.124732,-8.306001,-16.257000,-29.281002,NaN,-1.440222,true,Self-supervised model,0.153440,0.000000,0.000000,0.000000,0.000000,0.000000,1.743865,1.686103,false,false
2026-04-17T14:36:29.230967,0.000000,0.000000,-1.554443,179.063,S,0,0.000000,0,0.000000,0.365291,1.100000,0.284001,0.598550,9.023746,4.194642,0.143323,0.062693,0.237033,0.284001,-0.003665,-0.154549,-0.015882,0.155406,0.154592,-8.306001,-16.257000,-29.281002,NaN,-1.441239,true,Self-supervised model,0.117362,0.000000,0.000000,0.000000,0.000000,0.000000,1.286233,1.827476,false,false
2026-04-17T14:36:29.238131,0.000000,0.000000,-1.556346,179.172,S,0,0.000000,0,0.000000,0.354199,1.100000,0.295963,0.610521,8.959103,4.216189,0.145065,-0.001156,0.257970,0.295963,0.014661,-0.179594,0.000000,0.180192,0.180192,-8.306001,-16.257000,-29.281002,NaN,-1.442212,true,Self-supervised model,0.110092,0.000000,0.000000,0.000000,0.000000,0.000000,1.196769,1.642486,false,false
2026-04-17T14:36:29.246422,0.000000,0.000000,-1.558085,179.272,S,0,0.000000,0,0.000000,0.352334,1.100000,0.342546,0.677559,8.959103,4.235343,0.200768,-0.000746,0.277542,0.342546,0.037874,-0.205251,0.007330,0.208844,0.208716,-8.306001,-16.257000,-29.281002,NaN,-1.443296,true,Self-supervised model,0.106047,0.000000,0.000000,0.000000,0.000000,0.000000,1.028574,1.640198,false,false
2026-04-17T14:36:29.254506,0.000000,0.000000,-1.559722,179.365,S,0,0.000000,0,0.000000,0.346279,1.100000,0.314489,0.689530,8.937555,4.197036,0.200678,-0.022466,0.241096,0.314489,0.060476,-0.218079,0.006720,0.226409,0.226309,-8.306001,-16.257000,-29.281002,NaN,-1.444525,true,Self-supervised model,0.104896,0.000000,0.000000,0.000000,0.000000,0.000000,1.101084,1.389034,false,false
2026-04-17T14:36:29.263018,0.000000,0.000000,-1.561293,179.455,S,0,0.000000,0,0.000000,0.337058,1.100000,0.288648,0.715866,8.913613,4.139575,0.214850,-0.047176,0.186901,0.288648,0.083689,-0.235183,0.000611,0.249630,0.249629,-8.306001,-16.257000,-29.281002,NaN,-1.445829,true,Self-supervised model,0.105891,0.000000,0.000000,0.000000,0.000000,0.000000,1.167712,1.156304,false,false
2026-04-17T14:36:29.270893,0.000000,0.000000,-1.562802,179.542,S,0,0.000000,0,0.000000,0.324899,1.100000,0.261066,0.742203,8.935161,4.070143,0.229162,-0.026996,0.122113,0.261066,0.097738,-0.241903,-0.007941,0.261023,0.260902,-9.074000,-15.368001,-28.433001,NaN,-1.447095,true,Self-supervised model,0.109120,0.000000,0.000000,0.000000,0.000000,0.000000,1.244511,1.000167,false,false
2026-04-17T14:36:29.280447,0.000000,0.000000,-1.564243,179.625,S,0,0.000000,0,0.000000,0.301020,1.100000,0.175652,0.694318,8.951921,3.983952,0.170232,-0.012086,0.041579,0.175652,0.103847,-0.245568,-0.015882,0.267096,0.266623,-9.074000,-15.368001,-28.433001,NaN,-1.448260,true,Self-supervised model,0.145296,0.000000,0.000000,0.000000,0.000000,0.000000,1.713728,0.657638,false,false
2026-04-17T14:36:29.286947,0.000000,0.000000,-1.565577,179.701,S,0,0.000000,0,0.000000,0.274258,1.100000,0.133759,0.663194,8.959103,3.902549,0.129324,-0.007151,-0.033400,0.133759,0.103847,-0.242514,-0.024435,0.264942,0.263812,-9.074000,-15.368001,-28.433001,NaN,-1.449170,true,Self-supervised model,0.162343,0.000000,0.000000,0.000000,0.000000,0.000000,2.050390,0.504862,false,false
2026-04-17T14:36:29.296090,0.000000,0.000000,-1.566767,179.769,S,0,0.000000,0,0.000000,0.258415,1.100000,0.175237,0.667982,8.971074,3.806781,0.125627,0.002254,-0.122151,0.175237,0.102625,-0.232129,-0.034208,0.256098,0.253803,-9.074000,-15.368001,-28.433001,NaN,-1.449781,true,Self-supervised model,0.124288,0.000000,0.000000,0.000000,0.000000,0.000000,1.474655,0.684261,false,false
2026-04-17T14:36:29.302042,0.000000,0.000000,-1.567793,179.828,S,0,0.000000,0,0.000000,0.249756,1.100000,0.204296,0.636858,8.959103,3.737349,0.087635,-0.012567,-0.184117,0.204296,0.098960,-0.219301,-0.043982,0.244582,0.240595,-9.074000,-15.368001,-28.433001,NaN,-1.450151,true,Self-supervised model,0.103585,0.000000,0.000000,0.000000,0.000000,0.000000,1.222520,0.835286,false,false
2026-04-17T14:36:29.310343,0.000000,0.000000,-1.568629,179.876,S,0,0.000000,0,0.000000,0.253547,1.100000,0.273448,0.644040,8.961497,3.655946,0.089489,-0.013103,-0.258058,0.273448,0.088575,-0.214414,-0.053145,0.237998,0.231989,-9.074000,-15.368001,-28.433001,NaN,-1.450229,true,Self-supervised model,0.104251,0.000000,0.000000,0.000000,0.000000,0.000000,0.927219,1.148950,false,false
2026-04-17T14:36:29.319961,0.000000,0.000000,-1.569248,179.911,S,0,0.000000,0,0.000000,0.263658,1.100000,0.316745,0.612916,8.949526,3.596091,0.054343,-0.027924,-0.310797,0.316745,0.076969,-0.213803,-0.065973,0.236619,0.227235,-9.074000,-15.368001,-28.433001,NaN,-1.449980,true,Self-supervised model,0.116220,0.000000,0.000000,0.000000,0.000000,0.000000,0.832399,1.338632,false,false
2026-04-17T14:36:29.326685,0.000000,0.000000,-1.569629,179.933,S,0,0.000000,0,0.000000,0.283231,1.100000,0.385990,0.562637,8.918402,3.519476,0.001416,-0.061659,-0.381030,0.385990,0.055589,-0.208305,-0.080023,0.229967,0.215595,-9.074000,-15.368001,-28.433001,NaN,-1.449409,true,Self-supervised model,0.136062,0.000000,0.000000,0.000000,0.000000,0.000000,0.733780,1.678456,false,false
2026-04-17T14:36:29.334415,0.000000,0.000000,-1.569748,179.940,S,0,0.000000,0,0.000000,0.310167,1.100000,0.451579,0.459687,8.920795,3.459621,-0.102731,-0.061568,-0.435407,0.451579,0.040928,-0.200364,-0.091630,0.224091,0.204501,-9.074000,-15.368001,-28.433001,NaN,-1.448478,true,Self-supervised model,0.149858,0.000000,0.000000,0.000000,0.000000,0.000000,0.686850,2.015159,false,false
2026-04-17T14:36:29.342286,0.000000,0.000000,-1.569585,179.931,S,0,0.000000,0,0.000000,0.342994,1.100000,0.515339,0.359130,8.985439,3.416526,-0.203212,0.000939,-0.473580,0.515339,0.020769,-0.186314,-0.097738,0.211417,0.187468,-9.074000,-15.368001,-28.433001,NaN,-1.447186,true,Self-supervised model,0.158977,0.000000,0.000000,0.000000,0.000000,0.000000,0.665571,2.437548,false,false
2026-04-17T14:36:29.350811,0.000000,0.000000,-1.569140,179.905,S,0,0.000000,0,0.000000,0.380700,1.100000,0.578652,0.241814,9.050082,3.406949,-0.318958,0.063518,-0.478612,0.578652,0.007330,-0.172875,-0.098349,0.199028,0.173030,-9.074000,-15.368001,-28.433001,NaN,-1.445613,true,Self-supervised model,0.165441,0.000000,0.000000,0.000000,0.000000,0.000000,0.657908,2.907393,false,false
2026-04-17T14:36:29.358426,0.000000,0.000000,-1.568415,179.864,S,0,0.000000,0,0.000000,0.430645,1.100000,0.692856,0.088585,9.138668,3.392584,-0.468685,0.149665,-0.487837,0.692856,-0.009774,-0.156992,-0.102014,0.187481,0.157296,-9.074000,-15.368001,-28.433001,NaN,-1.443771,true,Self-supervised model,0.182661,0.000000,0.000000,0.000000,0.000000,0.000000,0.621550,3.695611,false,false
2026-04-17T14:36:29.366450,0.000000,0.000000,-1.567400,179.805,S,0,0.000000,0,0.000000,0.481761,1.100000,0.750120,0.000000,9.193734,3.406949,-0.550877,0.201743,-0.467456,0.750120,-0.025656,-0.147219,-0.103847,0.181977,0.149437,-9.074000,-15.368001,-28.433001,NaN,-1.441593,true,Self-supervised model,0.183300,0.000000,0.000000,0.000000,0.000000,0.000000,0.642245,4.122054,false,false
2026-04-17T14:36:29.374500,0.000000,0.000000,-1.566040,179.727,S,0,0.000000,0,0.000000,0.537477,1.100000,0.829989,-0.110133,9.253590,3.421314,-0.651016,0.257790,-0.445652,0.829989,-0.042150,-0.146608,-0.106291,0.185925,0.152546,-9.074000,-15.368001,-28.433001,NaN,-1.438858,true,Self-supervised model,0.188794,0.000000,0.000000,0.000000,0.000000,0.000000,0.647571,4.464110,false,false
2026-04-17T14:36:29.382896,0.000000,0.000000,-1.564254,179.625,S,0,0.000000,0,0.000000,0.592907,1.100000,0.883915,-0.210690,9.325416,3.500323,-0.738901,0.325772,-0.359448,0.883915,-0.061087,-0.163101,-0.106291,0.204037,0.174165,-9.074000,-15.368001,-28.433001,NaN,-1.435362,true,Self-supervised model,0.187242,0.000000,0.000000,0.000000,0.000000,0.000000,0.670775,4.332124,false,false
2026-04-17T14:36:29.390347,0.000000,0.000000,-1.561984,179.495,S,0,0.000000,0,0.000000,0.649007,1.100000,0.943528,-0.301669,9.394848,3.584120,-0.815201,0.391533,-0.269062,0.943528,-0.083078,-0.194866,-0.095906,0.232535,0.211836,-9.074000,-15.368001,-28.433001,NaN,-1.431161,true,Self-supervised model,0.186899,0.000000,0.000000,0.000000,0.000000,0.000000,0.687851,4.057570,false,false
2026-04-17T14:36:29.398596,0.000000,0.000000,-1.559196,179.335,S,0,0.000000,0,0.000000,0.700692,1.100000,0.972042,-0.339977,9.457097,3.653552,-0.838866,0.450849,-0.194695,0.972042,-0.108734,-0.229685,-0.073304,0.264484,0.254123,-9.074000,-15.368001,-28.433001,NaN,-1.426297,true,Self-supervised model,0.181253,0.000000,0.000000,0.000000,0.000000,0.000000,0.720846,3.675237,false,false
2026-04-17T14:36:29.406205,0.000000,0.000000,-1.555940,179.149,S,0,0.000000,0,0.000000,0.740646,1.100000,0.950401,-0.328006,9.488221,3.742137,-0.813645,0.480136,-0.103504,0.950401,-0.123395,-0.253509,-0.050091,0.286360,0.281945,-9.074000,-15.368001,-28.433001,NaN,-1.421171,true,Self-supervised model,0.167131,0.000000,0.000000,0.000000,0.000000,0.000000,0.779298,3.318899,false,false
2026-04-17T14:36:29.415525,0.000000,0.000000,-1.552325,178.942,S,0,0.000000,0,0.000000,0.756776,1.100000,0.841461,-0.225055,9.476251,3.828329,-0.699604,0.467265,-0.016587,0.841461,-0.135612,-0.263894,-0.027489,0.297970,0.296699,-9.074000,-15.368001,-28.433001,NaN,-1.416119,true,Self-supervised model,0.141227,0.000000,0.000000,0.000000,0.000000,0.000000,0.899360,2.823978,false,false
2026-04-17T14:36:29.423260,0.000000,0.000000,-1.548502,178.723,S,0,0.000000,0,0.000000,0.753451,1.100000,0.735993,-0.131681,9.433155,3.919308,-0.597011,0.424121,0.073381,0.735993,-0.135001,-0.260229,-0.014661,0.293529,0.293163,-9.074000,-15.368001,-28.433001,NaN,-1.411465,true,Self-supervised model,0.127753,0.000000,0.000000,0.000000,0.000000,0.000000,1.023720,2.507396,false,false
2026-04-17T14:36:29.431309,0.000000,0.000000,-1.544591,178.499,S,0,0.000000,0,0.000000,0.729116,1.100000,0.601359,0.014365,9.380483,4.012682,-0.442931,0.371963,0.164586,0.601359,-0.129503,-0.252287,-0.016493,0.284064,0.283584,-9.884001,-15.474001,-29.567001,NaN,-1.407204,true,Self-supervised model,0.130463,0.000000,0.000000,0.000000,0.000000,0.000000,1.212447,2.116988,false,false
2026-04-17T14:36:29.438402,0.000000,0.000000,-1.540675,178.274,S,0,0.000000,0,0.000000,0.700702,1.100000,0.551529,0.083797,9.358934,4.067749,-0.365798,0.351248,0.216796,0.551529,-0.119730,-0.244346,-0.026878,0.273428,0.272103,-9.884001,-15.474001,-29.567001,NaN,-1.403265,true,Self-supervised model,0.132429,0.000000,0.000000,0.000000,0.000000,0.000000,1.270472,2.017093,false,false
2026-04-17T14:36:29.448155,0.000000,0.000000,-1.536774,178.051,S,0,0.000000,0,0.000000,0.669167,1.100000,0.503606,0.131681,9.313444,4.106056,-0.309995,0.306766,0.251828,0.503606,-0.111177,-0.244957,-0.039706,0.271921,0.269006,-9.884001,-15.474001,-29.567001,NaN,-1.399423,true,Self-supervised model,0.135504,0.000000,0.000000,0.000000,0.000000,0.000000,1.328750,1.852033,false,false
2026-04-17T14:36:29.454927,0.000000,0.000000,-1.532875,177.827,S,0,0.000000,0,0.000000,0.638061,1.100000,0.474755,0.153229,9.284714,4.120421,-0.280231,0.279227,0.262479,0.474755,-0.102625,-0.239459,-0.061697,0.267730,0.260524,-9.884001,-15.474001,-29.567001,NaN,-1.395533,true,Self-supervised model,0.133616,0.000000,0.000000,0.000000,0.000000,0.000000,1.343980,1.773261,false,false
2026-04-17T14:36:29.463989,0.000000,0.000000,-1.528956,177.603,S,0,0.000000,0,0.000000,0.612327,1.100000,0.477226,0.165200,9.270349,4.161122,-0.259878,0.266354,0.298770,0.477226,-0.104458,-0.243735,-0.072082,0.274798,0.265176,-9.884001,-15.474001,-29.567001,NaN,-1.391539,true,Self-supervised model,0.127301,0.000000,0.000000,0.000000,0.000000,0.000000,1.283098,1.736639,false,false
2026-04-17T14:36:29.470272,0.000000,0.000000,-1.525004,177.376,S,0,0.000000,0,0.000000,0.588076,1.100000,0.460754,0.186748,9.244013,4.185065,-0.230422,0.242000,0.317233,0.460754,-0.107512,-0.243124,-0.072082,0.275435,0.265835,-9.884001,-15.474001,-29.567001,NaN,-1.387450,true,Self-supervised model,0.124257,0.000000,0.000000,0.000000,0.000000,0.000000,1.276333,1.672827,false,false
2026-04-17T14:36:29.479675,0.000000,0.000000,-1.521033,177.149,S,0,0.000000,0,0.000000,0.569508,1.100000,0.472026,0.201113,9.220071,4.235343,-0.209580,0.220627,0.360845,0.472026,-0.110567,-0.233961,-0.065363,0.266899,0.258772,-9.884001,-15.474001,-29.567001,NaN,-1.383405,true,Self-supervised model,0.118860,0.000000,0.000000,0.000000,0.000000,0.000000,1.206517,1.768557,false,false
2026-04-17T14:36:29.486542,0.000000,0.000000,-1.517115,176.924,S,0,0.000000,0,0.000000,0.557578,1.100000,0.494947,0.287304,9.229648,4.304775,-0.111367,0.233171,0.422139,0.494947,-0.110567,-0.215025,-0.061087,0.249383,0.241786,-9.884001,-15.474001,-29.567001,NaN,-1.379695,true,Self-supervised model,0.114100,0.000000,0.000000,0.000000,0.000000,0.000000,1.126541,1.984682,false,false
2026-04-17T14:36:29.496367,0.000000,0.000000,-1.512994,176.688,S,0,0.000000,0,0.000000,0.547049,1.100000,0.491773,0.378284,9.157822,4.355053,-0.011711,0.164980,0.463125,0.491773,-0.103847,-0.183870,-0.065363,0.221054,0.211169,-9.884001,-15.474001,-29.567001,NaN,-1.374767,true,Self-supervised model,0.114220,0.000000,0.000000,0.000000,0.000000,0.000000,1.112402,2.224675,false,false
2026-04-17T14:36:29.502583,0.000000,0.000000,-1.508903,176.454,S,0,0.000000,0,0.000000,0.543834,1.100000,0.526957,0.459687,9.088389,4.412514,0.072898,0.098945,0.512425,0.526957,-0.089797,-0.155771,-0.076969,0.195582,0.179800,-9.884001,-15.474001,-29.567001,NaN,-1.370793,true,Self-supervised model,0.114478,0.000000,0.000000,0.000000,0.000000,0.000000,1.032028,2.694305,false,false
2026-04-17T14:36:29.510388,0.000000,0.000000,-1.505138,176.238,S,0,0.000000,0,0.000000,0.546527,1.100000,0.560662,0.550666,9.021352,4.441244,0.168041,0.034949,0.533743,0.560662,-0.062308,-0.120340,-0.100793,0.168888,0.135514,-9.884001,-15.474001,-29.567001,NaN,-1.368334,true,Self-supervised model,0.119004,0.000000,0.000000,0.000000,0.000000,0.000000,0.974789,3.319714,false,false
2026-04-17T14:36:29.518716,0.000000,0.000000,-1.501632,176.037,S,0,0.000000,0,0.000000,0.542501,1.100000,0.521363,0.591368,8.985439,4.388572,0.214906,0.001415,0.475008,0.521363,-0.034819,-0.093462,-0.135001,0.167848,0.099738,-9.884001,-15.474001,-29.567001,NaN,-1.365860,true,Self-supervised model,0.116091,0.000000,0.000000,0.000000,0.000000,0.000000,1.040543,3.106161,false,false
2026-04-17T14:36:29.526673,0.000000,0.000000,-1.498277,175.845,S,0,0.000000,0,0.000000,0.524965,1.100000,0.432907,0.579397,9.004593,4.295198,0.211660,0.022236,0.376980,0.432907,-0.016493,-0.064141,-0.172875,0.185126,0.066227,-9.884001,-15.474001,-29.567001,NaN,-1.363111,true,Self-supervised model,0.118975,0.000000,0.000000,0.000000,0.000000,0.000000,1.212653,2.338437,false,false
2026-04-17T14:36:29.534413,0.000000,0.000000,-1.494948,175.654,S,0,0.000000,0,0.000000,0.490662,1.100000,0.310567,0.524330,9.016563,4.180276,0.168478,0.035281,0.258501,0.310567,-0.004887,-0.039095,-0.203418,0.207199,0.039400,-9.884001,-15.474001,-29.567001,NaN,-1.359887,true,Self-supervised model,0.146431,0.000000,0.000000,0.000000,0.000000,0.000000,1.579889,1.498886,false,false
2026-04-17T14:36:29.542170,0.000000,0.000000,-1.491518,175.458,S,0,0.000000,0,0.000000,0.440596,1.100000,0.177753,0.371101,9.033323,4.091691,0.029558,0.052682,0.167173,0.177753,0.000611,-0.017715,-0.225409,0.226105,0.017726,-9.884001,-15.474001,-29.567001,NaN,-1.356056,true,Self-supervised model,0.182954,0.000000,0.000000,0.000000,0.000000,0.000000,2.478704,0.786151,false,false
2026-04-17T14:36:29.550606,0.000000,0.000000,-1.487920,175.252,S,0,0.000000,0,0.000000,0.391379,1.100000,0.132988,0.268151,9.081207,3.991134,-0.057778,0.100868,0.064599,0.132988,-0.003665,-0.004887,-0.218690,0.218775,0.006109,-9.884001,-15.474001,-29.567001,NaN,-1.351781,true,Self-supervised model,0.189020,0.000000,0.000000,0.000000,0.000000,0.000000,2.942973,0.607874,false,false
2026-04-17T14:36:29.560752,0.000000,0.000000,-1.484147,175.035,S,0,0.000000,0,0.000000,0.349412,1.100000,0.129084,0.213084,9.059659,3.933673,-0.101422,0.079668,0.005409,0.129084,-0.010996,-0.009163,-0.206472,0.206968,0.014313,-9.884001,-15.474001,-29.567001,NaN,-1.347312,true,Self-supervised model,0.184744,0.000000,0.000000,0.000000,0.000000,0.000000,2.706853,0.623691,false,false
2026-04-17T14:36:29.566638,0.000000,0.000000,-1.480483,174.825,S,0,0.000000,0,0.000000,0.310564,1.100000,0.106611,0.225055,9.050082,3.897760,-0.072714,0.070625,-0.033024,0.106611,-0.026878,-0.026267,-0.179594,0.183484,0.037582,-9.884001,-15.474001,-29.567001,NaN,-1.344082,true,Self-supervised model,0.183960,0.000000,0.000000,0.000000,0.000000,0.000000,2.913066,0.581033,false,false
2026-04-17T14:36:29.574247,0.000000,0.000000,-1.476584,174.602,S,0,0.000000,0,0.000000,0.273997,1.100000,0.082023,0.301669,9.023746,3.866636,0.014966,0.045111,-0.066849,0.082023,-0.033598,-0.040928,-0.165544,0.173807,0.052952,-9.884001,-15.474001,-29.567001,NaN,-1.339240,true,Self-supervised model,0.188993,0.000000,0.000000,0.000000,0.000000,0.000000,3.340506,0.471918,false,false
2026-04-17T14:36:29.583851,0.000000,0.000000,-1.472781,174.384,S,0,0.000000,0,0.000000,0.252944,1.100000,0.142418,0.397437,9.009381,3.866636,0.119919,0.031808,-0.069933,0.142418,-0.040928,-0.064141,-0.154549,0.172263,0.076086,-9.884001,-15.474001,-29.567001,NaN,-1.335825,true,Self-supervised model,0.146892,0.000000,0.000000,0.000000,0.000000,0.000000,1.776070,0.826748,false,false
2026-04-17T14:36:29.592282,0.000000,0.000000,-1.469124,174.175,S,0,0.000000,0,0.000000,0.248988,1.100000,0.228219,0.488417,8.992621,3.878607,0.219332,0.016112,-0.060973,0.228219,-0.039095,-0.072082,-0.160658,0.180375,0.082002,-9.339001,-17.118000,-31.397001,NaN,-1.332749,true,Self-supervised model,0.099705,0.000000,0.000000,0.000000,0.000000,0.000000,1.091005,1.265249,false,false
2026-04-17T14:36:29.599805,0.000000,0.000000,-1.465596,173.972,S,0,0.000000,0,0.000000,0.261190,1.100000,0.325248,0.560243,9.038112,3.833117,0.299993,0.062471,-0.109031,0.325248,-0.032376,-0.065363,-0.191201,0.204642,0.072942,-9.339001,-17.118000,-31.397001,NaN,-1.329740,true,Self-supervised model,0.121100,0.000000,0.000000,0.000000,0.000000,0.000000,0.803048,1.589354,false,false
2026-04-17T14:36:29.606698,0.000000,0.000000,-1.462143,173.775,S,0,0.000000,0,0.000000,0.273063,1.100000,0.335398,0.533907,9.064447,3.790021,0.284421,0.089211,-0.153745,0.335398,-0.021991,-0.043371,-0.232740,0.237766,0.048628,-9.339001,-17.118000,-31.397001,NaN,-1.326584,true,Self-supervised model,0.119382,0.000000,0.000000,0.000000,0.000000,0.000000,0.814147,1.410624,false,false
2026-04-17T14:36:29.614608,0.000000,0.000000,-1.458659,173.575,S,0,0.000000,0,0.000000,0.281362,1.100000,0.324933,0.471658,9.066842,3.739743,0.235434,0.091428,-0.204435,0.324933,-0.014661,-0.029932,-0.255953,0.258114,0.033330,-9.339001,-17.118000,-31.397001,NaN,-1.322977,true,Self-supervised model,0.112113,0.000000,0.000000,0.000000,0.000000,0.000000,0.865908,1.258878,false,false
2026-04-17T14:36:29.622515,0.000000,0.000000,-1.455045,173.368,S,0,0.000000,0,0.000000,0.280893,1.100000,0.278430,0.311246,9.107543,3.715801,0.090801,0.131551,-0.227976,0.278430,-0.014661,-0.021991,-0.290161,0.291362,0.026430,-9.339001,-17.118000,-31.397001,NaN,-1.318843,true,Self-supervised model,0.100179,0.000000,0.000000,0.000000,0.000000,0.000000,1.008846,0.955616,false,false
2026-04-17T14:36:29.630176,0.000000,0.000000,-1.451210,173.148,S,0,0.000000,0,0.000000,0.286259,1.100000,0.314430,0.186748,9.148245,3.679888,-0.017148,0.171472,-0.263001,0.314430,-0.026267,-0.043982,-0.290161,0.294649,0.051229,-9.339001,-17.118000,-31.397001,NaN,-1.314129,true,Self-supervised model,0.105924,0.000000,0.000000,0.000000,0.000000,0.000000,0.910408,1.067134,false,false
2026-04-17T14:36:29.638047,0.000000,0.000000,-1.447152,172.916,S,0,0.000000,0,0.000000,0.297747,1.100000,0.358057,0.079009,9.203311,3.687071,-0.108720,0.226050,-0.255512,0.358057,-0.048869,-0.085521,-0.285274,0.301800,0.098499,-9.339001,-17.118000,-31.397001,NaN,-1.309175,true,Self-supervised model,0.115571,0.000000,0.000000,0.000000,0.000000,0.000000,0.831562,1.186405,false,false
2026-04-17T14:36:29.646473,0.000000,0.000000,-1.442888,172.671,S,0,0.000000,0,0.000000,0.306926,1.100000,0.355116,0.069432,9.253590,3.746926,-0.104330,0.276559,-0.196819,0.355116,-0.079412,-0.147829,-0.263894,0.312730,0.167809,-9.339001,-17.118000,-31.397001,NaN,-1.304085,true,Self-supervised model,0.110738,0.000000,0.000000,0.000000,0.000000,0.000000,0.864298,1.135537,false,false
2026-04-17T14:36:29.655396,0.000000,0.000000,-1.438488,172.419,S,0,0.000000,0,0.000000,0.316573,1.100000,0.367218,0.126893,9.318233,3.818752,-0.035996,0.342310,-0.127975,0.367218,-0.109345,-0.195477,-0.244957,0.331921,0.223981,-9.339001,-17.118000,-31.397001,NaN,-1.299142,true,Self-supervised model,0.110832,0.000000,0.000000,0.000000,0.000000,0.000000,0.862083,1.106343,false,false
2026-04-17T14:36:29.664007,0.000000,0.000000,-1.434048,172.165,S,0,0.000000,0,0.000000,0.322559,1.100000,0.353989,0.282516,9.303867,3.960010,0.127565,0.330107,0.008047,0.353989,-0.139888,-0.228464,-0.228464,0.352079,0.267889,-9.339001,-17.118000,-31.397001,NaN,-1.294541,true,Self-supervised model,0.104921,0.000000,0.000000,0.000000,0.000000,0.000000,0.911213,1.005423,false,false
2026-04-17T14:36:29.670540,0.000000,0.000000,-1.429656,171.913,S,0,0.000000,0,0.000000,0.348531,1.100000,0.484882,0.519542,9.239224,4.120421,0.370146,0.268632,0.161057,0.484882,-0.160047,-0.237627,-0.229074,0.366819,0.286498,-9.339001,-17.118000,-31.397001,NaN,-1.290343,true,Self-supervised model,0.138585,0.000000,0.000000,0.000000,0.000000,0.000000,0.718795,1.321855,false,false
2026-04-17T14:36:29.679553,0.000000,0.000000,-1.425380,171.668,S,0,0.000000,0,0.000000,0.401369,1.100000,0.678769,0.730232,9.088389,4.290410,0.585041,0.121765,0.321911,0.678769,-0.167377,-0.230907,-0.246179,0.376745,0.285190,-9.339001,-17.118000,-31.397001,NaN,-1.286532,true,Self-supervised model,0.178953,0.000000,0.000000,0.000000,0.000000,0.000000,0.591319,1.801664,false,false
2026-04-17T14:36:29.687538,0.000000,0.000000,-1.421249,171.432,S,0,0.000000,0,0.000000,0.471276,1.100000,0.838288,0.859518,8.963891,4.412514,0.717365,0.001783,0.433719,0.838288,-0.162490,-0.219301,-0.271224,0.384784,0.272939,-9.339001,-17.118000,-31.397001,NaN,-1.282979,true,Self-supervised model,0.195900,0.000000,0.000000,0.000000,0.000000,0.000000,0.562188,2.178598,false,false
2026-04-17T14:36:29.696593,0.000000,0.000000,-1.417287,171.205,S,0,0.000000,0,0.000000,0.540235,1.100000,0.902270,0.878672,8.868123,4.501099,0.738377,-0.088925,0.510864,0.902270,-0.151495,-0.201586,-0.304822,0.395605,0.252165,-9.339001,-17.118000,-31.397001,NaN,-1.279697,true,Self-supervised model,0.193370,0.000000,0.000000,0.000000,0.000000,0.000000,0.598751,2.280731,false,false
2026-04-17T14:36:29.702546,0.000000,0.000000,-1.413518,170.989,S,0,0.000000,0,0.000000,0.606701,1.100000,0.955650,0.881066,8.834604,4.592079,0.743289,-0.116835,0.589183,0.955650,-0.136223,-0.190590,-0.328645,0.403595,0.234267,-9.339001,-17.118000,-31.397001,NaN,-1.276695,true,Self-supervised model,0.188760,0.000000,0.000000,0.000000,0.000000,0.000000,0.634858,2.367842,false,false
2026-04-17T14:36:29.710292,0.000000,0.000000,-1.409870,170.780,S,0,0.000000,0,0.000000,0.657141,1.100000,0.921947,0.809240,8.868123,4.639963,0.674276,-0.077488,0.623966,0.921947,-0.114232,-0.184481,-0.337808,0.401493,0.216984,-9.339001,-17.118000,-31.397001,NaN,-1.273531,true,Self-supervised model,0.170778,0.000000,0.000000,0.000000,0.000000,0.000000,0.712775,2.296295,false,false
2026-04-17T14:36:29.719551,0.000000,0.000000,-1.406308,170.576,S,0,0.000000,0,0.000000,0.691266,1.100000,0.870423,0.744597,8.918402,4.647145,0.612256,-0.021478,0.618318,0.870423,-0.096517,-0.180816,-0.334143,0.391997,0.204963,-9.339001,-17.118000,-31.397001,NaN,-1.270319,true,Self-supervised model,0.152110,0.000000,0.000000,0.000000,0.000000,0.000000,0.794173,2.220483,false,false
2026-04-17T14:36:29.726762,0.000000,0.000000,-1.402831,170.376,S,0,0.000000,0,0.000000,0.714056,1.100000,0.833702,0.715866,8.999804,4.630386,0.585818,0.065298,0.589587,0.833702,-0.065363,-0.169210,-0.328645,0.375383,0.181395,-9.339001,-17.118000,-31.397001,NaN,-1.267176,true,Self-supervised model,0.140184,0.000000,0.000000,0.000000,0.000000,0.000000,0.856488,2.220940,false,false
2026-04-17T14:36:29.734446,0.000000,0.000000,-1.399450,170.183,S,0,0.000000,0,0.000000,0.726574,1.100000,0.792298,0.703895,9.006987,4.589684,0.576021,0.077151,0.538501,0.792298,-0.032376,-0.160047,-0.323759,0.362606,0.163289,-9.339001,-17.118000,-31.397001,NaN,-1.264182,true,Self-supervised model,0.131267,0.000000,0.000000,0.000000,0.000000,0.000000,0.917047,2.185014,false,false
2026-04-17T14:36:29.742553,0.000000,0.000000,-1.396176,169.995,S,0,0.000000,0,0.000000,0.742327,1.100000,0.825030,0.742203,8.995016,4.604050,0.616169,0.069056,0.544281,0.825030,0.000000,-0.168599,-0.325591,0.366654,0.168599,-9.339001,-17.118000,-31.397001,NaN,-1.261332,true,Self-supervised model,0.135408,0.000000,0.000000,0.000000,0.000000,0.000000,0.899758,2.250159,false,false
2026-04-17T14:36:29.752182,0.000000,0.000000,-1.393010,169.814,S,0,0.000000,0,0.000000,0.759676,1.100000,0.850759,0.809240,8.963891,4.570531,0.684248,0.041041,0.503896,0.850759,0.021380,-0.194866,-0.329256,0.383197,0.196035,-9.245001,-17.291000,-30.937002,NaN,-1.258604,true,Self-supervised model,0.138174,0.000000,0.000000,0.000000,0.000000,0.000000,0.892940,2.220162,false,false
2026-04-17T14:36:29.758338,0.000000,0.000000,-1.389944,169.638,S,0,0.000000,0,0.000000,0.780691,1.100000,0.891021,0.885855,8.906430,4.537012,0.760141,-0.013803,0.464665,0.891021,0.044593,-0.232740,-0.329867,0.406163,0.236973,-9.245001,-17.291000,-30.937002,NaN,-1.255934,true,Self-supervised model,0.142455,0.000000,0.000000,0.000000,0.000000,0.000000,0.876176,2.193750,false,false
2026-04-17T14:36:29.766549,0.000000,0.000000,-1.386992,169.469,S,0,0.000000,0,0.000000,0.800803,1.100000,0.906386,0.945710,8.877700,4.467580,0.816848,-0.040428,0.390718,0.906386,0.066584,-0.271224,-0.335365,0.436424,0.279278,-9.245001,-17.291000,-30.937002,NaN,-1.253437,true,Self-supervised model,0.143094,0.000000,0.000000,0.000000,0.000000,0.000000,0.883512,2.076848,false,false
2026-04-17T14:36:29.774130,0.000000,0.000000,-1.384184,169.308,S,0,0.000000,0,0.000000,0.818291,1.100000,0.910107,0.993594,8.858546,4.374207,0.859279,-0.058069,0.294216,0.910107,0.078802,-0.302989,-0.336587,0.459677,0.313069,-9.245001,-17.291000,-30.937002,NaN,-1.251207,true,Self-supervised model,0.141563,0.000000,0.000000,0.000000,0.000000,0.000000,0.899115,1.979886,false,false
2026-04-17T14:36:29.782633,0.000000,0.000000,-1.381541,169.156,S,0,0.000000,0,0.000000,0.834241,1.100000,0.917978,1.039083,8.863335,4.271256,0.896730,-0.052249,0.189285,0.917978,0.091019,-0.334143,-0.335365,0.482085,0.346318,-9.245001,-17.291000,-30.937002,NaN,-1.249223,true,Self-supervised model,0.141456,0.000000,0.000000,0.000000,0.000000,0.000000,0.908781,1.904183,false,false
2026-04-17T14:36:29.791028,0.000000,0.000000,-1.379101,169.017,S,0,0.000000,0,0.000000,0.849923,1.101346,0.932253,1.077391,8.889671,4.201824,0.924281,-0.025337,0.118984,0.932253,0.089797,-0.366519,-0.325591,0.498407,0.377359,-9.245001,-17.291000,-30.937002,NaN,-1.247597,true,Self-supervised model,0.142313,0.000000,0.000000,0.000000,0.000000,0.000000,0.911688,1.870465,false,false
2026-04-17T14:36:29.798563,0.000000,0.000000,-1.376902,168.891,S,0,0.000000,0,0.000000,0.866029,1.113934,0.950586,1.115698,8.935161,4.129998,0.949205,0.020481,0.046963,0.950586,0.084910,-0.390954,-0.318872,0.511599,0.400068,-9.245001,-17.291000,-30.937002,NaN,-1.246363,true,Self-supervised model,0.143178,0.000000,0.000000,0.000000,0.000000,0.000000,0.911047,1.858069,false,false
2026-04-17T14:36:29.806328,0.000000,0.000000,-1.374979,168.780,S,0,0.000000,0,0.000000,0.882252,1.126666,0.967422,1.149217,8.939949,4.074931,0.967059,0.025369,-0.007649,0.967422,0.076358,-0.400728,-0.314596,0.515154,0.407938,-9.245001,-17.291000,-30.937002,NaN,-1.245540,true,Self-supervised model,0.144355,0.000000,0.000000,0.000000,0.000000,0.000000,0.911962,1.877928,false,false
2026-04-17T14:36:29.816924,0.000000,0.000000,-1.373352,168.687,S,0,0.000000,0,0.000000,0.904305,1.139772,1.020082,1.216254,8.959103,4.012682,1.016755,0.044579,-0.069211,1.020082,0.062308,-0.405004,-0.313985,0.516233,0.409769,-9.245001,-17.291000,-30.937002,NaN,-1.245098,true,Self-supervised model,0.151873,0.000000,0.000000,0.000000,0.000000,0.000000,0.886502,1.976011,false,false
2026-04-17T14:36:29.822628,0.000000,0.000000,-1.372029,168.611,S,0,0.000000,0,0.000000,0.930755,1.153411,1.069617,1.280898,8.966286,3.974375,1.063020,0.051815,-0.106697,1.069617,0.043982,-0.402560,-0.321315,0.516945,0.404956,-9.245001,-17.291000,-30.937002,NaN,-1.244994,true,Self-supervised model,0.157475,0.000000,0.000000,0.000000,0.000000,0.000000,0.870176,2.069109,false,false
2026-04-17T14:36:29.831353,0.000000,0.000000,-1.370992,168.552,S,0,0.000000,0,0.000000,0.954992,1.167475,1.082236,1.309628,8.971074,3.950433,1.072899,0.056787,-0.129988,1.082236,0.029322,-0.397062,-0.328645,0.516262,0.398144,-9.245001,-17.291000,-30.937002,NaN,-1.245097,true,Self-supervised model,0.158559,0.000000,0.000000,0.000000,0.000000,0.000000,0.882425,2.096293,false,false
2026-04-17T14:36:29.838728,0.000000,0.000000,-1.370205,168.507,S,0,0.000000,0,0.000000,0.978555,1.181918,1.102261,1.347936,9.004593,3.962404,1.092180,0.090749,-0.117839,1.102261,0.005498,-0.397673,-0.340863,0.523795,0.397711,-9.245001,-17.291000,-30.937002,NaN,-1.245311,true,Self-supervised model,0.160074,0.000000,0.000000,0.000000,0.000000,0.000000,0.887770,2.104373,false,false
2026-04-17T14:36:29.848677,0.000000,0.000000,-1.369619,168.473,S,0,0.000000,0,0.000000,0.992450,1.196339,1.065402,1.333570,8.927979,3.962404,1.058718,0.014878,-0.118221,1.065402,-0.018937,-0.403782,-0.357967,0.539943,0.404226,-9.245001,-17.291000,-30.937002,NaN,-1.245529,true,Self-supervised model,0.153471,0.000000,0.000000,0.000000,0.000000,0.000000,0.931527,1.973174,false,false
2026-04-17T14:36:29.854517,0.000000,0.000000,-1.369181,168.448,S,0,0.000000,0,0.000000,0.993324,1.210218,0.997912,1.285686,8.944737,3.976769,0.991845,0.032712,-0.104880,0.997912,-0.034819,-0.423940,-0.368352,0.562691,0.425368,-9.245001,-17.291000,-30.937002,NaN,-1.245685,true,Self-supervised model,0.144978,0.000000,0.000000,0.000000,0.000000,0.000000,0.995403,1.773463,false,false
2026-04-17T14:36:29.862897,0.000000,0.000000,-1.368829,168.428,S,0,0.000000,0,0.000000,0.984154,1.223176,0.936014,1.244985,8.949526,4.010288,0.932359,0.038857,-0.072927,0.936014,-0.051313,-0.448375,-0.376904,0.587988,0.451302,-9.245001,-17.291000,-30.937002,NaN,-1.245676,true,Self-supervised model,0.140778,0.000000,0.000000,0.000000,0.000000,0.000000,1.051432,1.591893,false,false
2026-04-17T14:36:29.870376,0.000000,0.000000,-1.368495,168.409,S,0,0.000000,0,0.000000,0.963335,1.234782,0.854034,1.175553,8.985439,3.981557,0.844301,0.076284,-0.103492,0.854034,-0.064752,-0.468534,-0.383013,0.608617,0.472987,-9.245001,-17.291000,-30.937002,NaN,-1.245413,true,Self-supervised model,0.138913,0.000000,0.000000,0.000000,0.000000,0.000000,1.127982,1.403236,false,false
2026-04-17T14:36:29.879727,0.000000,0.000000,-1.368127,168.388,S,0,0.000000,0,0.000000,0.933347,1.244725,0.775909,1.103727,9.052477,3.979163,0.754582,0.144922,-0.107883,0.775909,-0.075747,-0.492968,-0.387289,0.631465,0.498754,-9.245001,-17.291000,-30.937002,NaN,-1.244911,true,Self-supervised model,0.140020,0.000000,0.000000,0.000000,0.000000,0.000000,1.202908,1.228745,false,false
2026-04-17T14:36:29.886768,0.000000,0.000000,-1.367661,168.361,S,0,0.000000,0,0.000000,0.892779,1.252647,0.679800,1.015141,9.078813,3.983952,0.649021,0.172826,-0.105025,0.679800,-0.083689,-0.526566,-0.394008,0.662961,0.533175,-9.245001,-17.291000,-30.937002,NaN,-1.244054,true,Self-supervised model,0.145222,0.000000,0.000000,0.000000,0.000000,0.000000,1.313298,1.025399,false,false
2026-04-17T14:36:29.895928,0.000000,0.000000,-1.367034,168.325,S,0,0.000000,0,0.000000,0.851872,1.258616,0.637108,0.981623,9.105149,4.010288,0.599367,0.200560,-0.080258,0.637108,-0.086743,-0.587041,-0.406836,0.719484,0.593416,-9.245001,-17.291000,-30.937002,NaN,-1.242777,true,Self-supervised model,0.143470,0.000000,0.000000,0.000000,0.000000,0.000000,1.337093,0.885506,false,false
2026-04-17T14:36:29.902149,0.000000,0.000000,-1.366172,168.276,S,0,0.000000,0,0.000000,0.803681,1.262419,0.550676,0.912191,9.095572,4.050989,0.514394,0.192279,-0.040894,0.550676,-0.091019,-0.670730,-0.419664,0.796418,0.676878,-9.245001,-17.291000,-30.937002,NaN,-1.240983,true,Self-supervised model,0.149380,0.000000,0.000000,0.000000,0.000000,0.000000,1.459443,0.691441,false,false
2026-04-17T14:36:29.912597,0.000000,0.000000,-1.364985,168.208,S,0,0.000000,0,0.000000,0.746855,1.263796,0.448517,0.806846,9.117120,4.110844,0.393106,0.215246,0.017453,0.448517,-0.103847,-0.806342,-0.422719,0.916331,0.813002,-10.617001,-17.590000,-29.702002,NaN,-1.238491,true,Self-supervised model,0.159456,0.000000,0.000000,0.000000,0.000000,0.000000,1.665163,0.489471,false,false
2026-04-17T14:36:29.918689,0.000000,0.000000,-1.363394,168.117,S,0,0.000000,0,0.000000,0.689161,1.262811,0.386267,0.696713,9.129091,4.230555,0.281050,0.229383,0.132651,0.386267,-0.121562,-0.958448,-0.415999,1.051881,0.966126,-10.617001,-17.590000,-29.702002,NaN,-1.235284,true,Self-supervised model,0.159438,0.000000,0.000000,0.000000,0.000000,0.000000,1.784155,0.367215,false,false
2026-04-17T14:36:29.926561,0.000000,0.000000,-1.360643,167.959,S,0,0.000000,0,0.000000,0.638786,1.259850,0.374320,0.646434,9.083601,4.338294,0.223506,0.186608,0.235240,0.374320,-0.129503,-1.102001,-0.397673,1.178695,1.109584,-10.617001,-17.590000,-29.702002,NaN,-1.227896,true,Self-supervised model,0.149960,0.000000,0.000000,0.000000,0.000000,0.000000,1.706524,0.317572,false,false
2026-04-17T14:36:29.934220,0.000000,0.000000,-1.356996,167.750,S,0,0.000000,0,0.000000,0.605530,1.255677,0.430936,0.646434,9.026140,4.460398,0.210372,0.132205,0.352095,0.430936,-0.133169,-1.205848,-0.371406,1.268758,1.213179,-10.617001,-17.590000,-29.702002,NaN,-1.220660,true,Self-supervised model,0.127551,0.000000,0.000000,0.000000,0.000000,0.000000,1.405151,0.339652,false,false
2026-04-17T14:36:29.942787,0.000000,0.000000,-1.352700,167.504,S,0,0.000000,0,0.000000,0.591572,1.251113,0.518290,0.732626,8.925584,4.548983,0.278599,0.034874,0.435650,0.518290,-0.127671,-1.290758,-0.346361,1.342506,1.297057,-10.617001,-17.590000,-29.702002,NaN,-1.213774,true,Self-supervised model,0.113926,0.000000,0.000000,0.000000,0.000000,0.000000,1.141391,0.386062,false,false
2026-04-17T14:36:29.950880,0.000000,0.000000,-1.347971,167.233,S,0,0.000000,0,0.000000,0.597884,1.246984,0.631025,0.866701,8.844181,4.611232,0.390878,-0.043347,0.493486,0.631025,-0.114843,-1.336573,-0.327424,1.380878,1.341498,-10.617001,-17.590000,-29.702002,NaN,-1.207306,true,Self-supervised model,0.123598,0.000000,0.000000,0.000000,0.000000,0.000000,0.947481,0.456974,false,false
2026-04-17T14:36:29.958625,0.000000,0.000000,-1.342977,166.947,S,0,0.000000,0,0.000000,0.615098,1.243708,0.705471,0.957681,8.791509,4.649539,0.458179,-0.093099,0.528294,0.705471,-0.108734,-1.352456,-0.323759,1.394912,1.356820,-10.617001,-17.590000,-29.702002,NaN,-1.201256,true,Self-supervised model,0.137583,0.000000,0.000000,0.000000,0.000000,0.000000,0.871897,0.505746,false,false
2026-04-17T14:36:29.966432,0.000000,0.000000,-1.337816,166.651,S,0,0.000000,0,0.000000,0.632648,1.241266,0.724785,1.010353,8.762778,4.661511,0.476947,-0.116553,0.533151,0.724785,-0.099571,-1.351234,-0.326813,1.393755,1.354898,-10.617001,-17.590000,-29.702002,NaN,-1.195428,true,Self-supervised model,0.142333,0.000000,0.000000,0.000000,0.000000,0.000000,0.872877,0.520023,false,false
2026-04-17T14:36:29.974395,0.000000,0.000000,-1.332928,166.371,S,0,0.000000,0,0.000000,0.648438,1.239553,0.731334,1.017536,8.757990,4.699818,0.451308,-0.115707,0.563721,0.731334,-0.099571,-1.345736,-0.337198,1.390907,1.349415,-10.617001,-17.590000,-29.702002,NaN,-1.191632,true,Self-supervised model,0.145393,0.000000,0.000000,0.000000,0.000000,0.000000,0.886651,0.525796,false,false
2026-04-17T14:36:29.982991,0.000000,0.000000,-1.328196,166.100,S,0,0.000000,0,0.000000,0.665611,1.238595,0.755772,1.017536,8.736442,4.759673,0.419667,-0.131051,0.614733,0.755772,-0.103847,-1.352456,-0.339030,1.398164,1.356437,-10.617001,-17.590000,-29.702002,NaN,-1.187522,true,Self-supervised model,0.151979,0.000000,0.000000,0.000000,0.000000,0.000000,0.880703,0.540546,false,false
2026-04-17T14:36:29.990644,0.000000,0.000000,-1.323527,165.833,S,0,0.000000,0,0.000000,0.684579,1.238434,0.784163,1.022324,8.724471,4.819528,0.393126,-0.136217,0.664687,0.784163,-0.106901,-1.373836,-0.335976,1.418356,1.377989,-10.617001,-17.590000,-29.702002,NaN,-1.183106,true,Self-supervised model,0.156723,0.000000,0.000000,0.000000,0.000000,0.000000,0.873007,0.552867,false,false
2026-04-17T14:36:29.998602,0.000000,0.000000,-1.318861,165.565,S,0,0.000000,0,0.000000,0.704341,1.239071,0.808092,1.048660,8.736442,4.865018,0.387718,-0.116832,0.699312,0.808092,-0.113010,-1.390329,-0.334143,1.434377,1.394915,-10.617001,-17.590000,-29.702002,NaN,-1.178454,true,Self-supervised model,0.160525,0.000000,0.000000,0.000000,0.000000,0.000000,0.871611,0.563375,false,false
2026-04-17T14:36:30.006221,0.000000,0.000000,-1.314170,165.296,S,0,0.000000,0,0.000000,0.720685,1.240335,0.806490,1.072602,8.717288,4.876989,0.379882,-0.128135,0.699784,0.806490,-0.111788,-1.388497,-0.330478,1.431655,1.392990,-10.617001,-17.590000,-29.702002,NaN,-1.173657,true,Self-supervised model,0.159604,0.000000,0.000000,0.000000,0.000000,0.000000,0.893607,0.563327,false,false
2026-04-17T14:36:30.014144,0.000000,0.000000,-1.309429,165.025,S,0,0.000000,0,0.000000,0.735828,1.242155,0.815327,1.122881,8.726865,4.891354,0.398791,-0.110534,0.702499,0.815327,-0.105069,-1.365895,-0.329867,1.409085,1.369930,-10.617001,-17.590000,-29.702002,NaN,-1.168722,true,Self-supervised model,0.160067,0.000000,0.000000,0.000000,0.000000,0.000000,0.902495,0.578621,false,false
2026-04-17T14:36:30.022617,0.000000,0.000000,-1.304639,164.750,S,0,0.000000,0,0.000000,0.747444,1.244366,0.808431,1.161188,8.729259,4.891354,0.407214,-0.100248,0.691149,0.808431,-0.089797,-1.337184,-0.336587,1.381816,1.340196,-10.617001,-17.590000,-29.702002,NaN,-1.163733,true,Self-supervised model,0.158788,0.000000,0.000000,0.000000,0.000000,0.000000,0.924562,0.585049,false,false
2026-04-17T14:36:30.030307,0.000000,0.000000,-1.299777,164.472,S,0,0.000000,0,0.000000,0.760919,1.247029,0.831659,1.240196,8.729259,4.898537,0.458306,-0.092778,0.687754,0.831659,-0.072693,-1.287704,-0.357967,1.338509,1.289754,-10.617001,-17.590000,-29.702002,NaN,-1.158584,true,Self-supervised model,0.159921,0.000000,0.000000,0.000000,0.000000,0.000000,0.914940,0.621333,false,false
2026-04-17T14:36:30.038239,0.000000,0.000000,-1.294812,164.187,S,0,0.000000,0,0.000000,0.768599,1.249891,0.808924,1.249773,8.710106,4.888960,0.443104,-0.105103,0.668558,0.808924,-0.046426,-1.246165,-0.391565,1.307060,1.247030,-10.617001,-17.590000,-29.702002,NaN,-1.153206,true,Self-supervised model,0.155000,0.000000,0.000000,0.000000,0.000000,0.000000,0.950151,0.618888,false,false
2026-04-17T14:36:30.046793,0.000000,0.000000,-1.289693,163.894,S,0,0.000000,0,0.000000,0.768931,1.252653,0.770669,1.247379,8.729259,4.869806,0.419508,-0.080191,0.641493,0.770669,-0.029932,-1.229061,-0.417221,1.298291,1.229425,-10.617001,-17.590000,-29.702002,NaN,-1.147475,true,Self-supervised model,0.149819,0.000000,0.000000,0.000000,0.000000,0.000000,0.997745,0.593602,false,false
2026-04-17T14:36:30.055147,0.000000,0.000000,-1.284343,163.587,S,0,0.000000,0,0.000000,0.760189,1.254954,0.714295,1.209072,8.762778,4.848258,0.363095,-0.041947,0.613694,0.714295,-0.008552,-1.225396,-0.458149,1.308269,1.225426,-10.617001,-17.590000,-29.702002,NaN,-1.141197,true,Self-supervised model,0.143511,0.000000,0.000000,0.000000,0.000000,0.000000,1.064250,0.545985,false,false
2026-04-17T14:36:30.062430,0.000000,0.000000,-1.278689,163.263,S,0,0.000000,0,0.000000,0.737330,1.256249,0.617322,1.091756,8.796297,4.812346,0.230285,-0.004500,0.572743,0.617322,0.001833,-1.237613,-0.486860,1.329933,1.237614,-10.617001,-17.590000,-29.702002,NaN,-1.134327,true,Self-supervised model,0.137444,0.000000,0.000000,0.000000,0.000000,0.000000,1.194402,0.464175,false,false
2026-04-17T14:36:30.071441,0.000000,0.000000,-1.272664,162.918,S,0,0.000000,0,0.000000,0.707269,1.256290,0.549448,0.972046,8.875306,4.778827,0.097143,0.077791,0.535168,0.549448,0.001222,-1.254106,-0.499077,1.349764,1.254107,-10.617001,-17.590000,-29.702002,NaN,-1.126820,true,Self-supervised model,0.138090,0.000000,0.000000,0.000000,0.000000,0.000000,1.287237,0.407069,false,false
2026-04-17T14:36:30.081261,0.000000,0.000000,-1.266226,162.549,S,0,0.000000,0,0.000000,0.677074,1.255122,0.518550,0.854730,8.942344,4.742914,-0.032203,0.147572,0.496064,0.518550,0.000000,-1.265102,-0.499688,1.360210,1.265102,-12.171000,-16.516001,-31.355001,NaN,-1.118730,true,Self-supervised model,0.135903,0.000000,0.000000,0.000000,0.000000,0.000000,1.305706,0.381228,false,false
2026-04-17T14:36:30.086602,0.000000,0.000000,-1.259379,162.157,S,0,0.000000,0,0.000000,0.649702,1.252905,0.505998,0.809240,8.999804,4.702212,-0.088748,0.207311,0.452968,0.505998,-0.002443,-1.263269,-0.493579,1.356273,1.263272,-12.171000,-16.516001,-31.355001,NaN,-1.110245,true,Self-supervised model,0.127094,0.000000,0.000000,0.000000,0.000000,0.000000,1.284000,0.373080,false,false
2026-04-17T14:36:30.094722,0.000000,0.000000,-1.252158,161.743,S,0,0.000000,0,0.000000,0.622721,1.249697,0.481074,0.749385,8.999804,4.654328,-0.158502,0.209271,0.403131,0.481074,-0.003665,-1.255939,-0.489303,1.347892,1.255944,-12.171000,-16.516001,-31.355001,NaN,-1.101530,true,Self-supervised model,0.130287,0.000000,0.000000,0.000000,0.000000,0.000000,1.294440,0.356908,false,false
2026-04-17T14:36:30.102448,0.000000,0.000000,-1.244620,161.311,S,0,0.000000,0,0.000000,0.597978,1.245629,0.468074,0.732626,9.018958,4.623203,-0.184436,0.235036,0.360326,0.468074,-0.021380,-1.238835,-0.478307,1.328137,1.239019,-12.171000,-16.516001,-31.355001,NaN,-1.092723,true,Self-supervised model,0.126968,0.000000,0.000000,0.000000,0.000000,0.000000,1.277528,0.352429,false,false
2026-04-17T14:36:30.110300,0.000000,0.000000,-1.236735,160.860,S,0,0.000000,0,0.000000,0.579971,1.241002,0.485432,0.706290,9.047688,4.613626,-0.217592,0.269759,0.339894,0.485432,-0.040317,-1.229672,-0.476475,1.319373,1.230332,-12.171000,-16.516001,-31.355001,NaN,-1.083446,true,Self-supervised model,0.124211,0.000000,0.000000,0.000000,0.000000,0.000000,1.194751,0.367926,false,false
2026-04-17T14:36:30.118816,0.000000,0.000000,-1.228497,160.388,S,0,0.000000,0,0.000000,0.571744,1.236232,0.528556,0.687136,9.085996,4.627992,-0.243504,0.309703,0.352365,0.528556,-0.064752,-1.224174,-0.473421,1.314124,1.225885,-12.171000,-16.516001,-31.355001,NaN,-1.073802,true,Self-supervised model,0.125707,0.000000,0.000000,0.000000,0.000000,0.000000,1.081710,0.402212,false,false
2026-04-17T14:36:30.126483,0.000000,0.000000,-1.220063,159.904,S,0,0.000000,0,0.000000,0.582173,1.232070,0.636921,0.684742,9.169792,4.709395,-0.252176,0.395637,0.430752,0.636921,-0.095906,-1.224174,-0.462425,1.312111,1.227925,-12.171000,-16.516001,-31.355001,NaN,-1.064582,true,Self-supervised model,0.138175,0.000000,0.000000,0.000000,0.000000,0.000000,0.914042,0.485417,false,false
2026-04-17T14:36:30.134485,0.000000,0.000000,-1.211453,159.411,S,0,0.000000,0,0.000000,0.604850,1.228981,0.723909,0.658405,9.215282,4.778827,-0.284927,0.443999,0.495707,0.723909,-0.122173,-1.216844,-0.444710,1.301308,1.222961,-12.171000,-16.516001,-31.355001,NaN,-1.055265,true,Self-supervised model,0.152518,0.000000,0.000000,0.000000,0.000000,0.000000,0.835534,0.556293,false,false
2026-04-17T14:36:30.143824,0.000000,0.000000,-1.202698,158.910,S,0,0.000000,0,0.000000,0.631454,1.227080,0.771123,0.653617,9.198523,4.855441,-0.296750,0.430830,0.566529,0.771123,-0.133779,-1.207070,-0.417832,1.284328,1.214461,-12.171000,-16.516001,-31.355001,NaN,-1.045935,true,Self-supervised model,0.158356,0.000000,0.000000,0.000000,0.000000,0.000000,0.818876,0.600410,false,false
2026-04-17T14:36:30.150403,0.000000,0.000000,-1.193857,158.403,S,0,0.000000,0,0.000000,0.662377,1.226492,0.824720,0.691924,9.155427,4.970363,-0.266874,0.391912,0.674793,0.824720,-0.139888,-1.210124,-0.386067,1.277895,1.218183,-12.171000,-16.516001,-31.355001,NaN,-1.036746,true,Self-supervised model,0.160388,0.000000,0.000000,0.000000,0.000000,0.000000,0.803153,0.645374,false,false
2026-04-17T14:36:30.158764,0.000000,0.000000,-1.185032,157.897,S,0,0.000000,0,0.000000,0.691001,1.227072,0.841280,0.778116,9.078813,5.056554,-0.191702,0.319885,0.754106,0.841280,-0.141721,-1.232115,-0.349415,1.288520,1.240239,-12.171000,-16.516001,-31.355001,NaN,-1.027989,true,Self-supervised model,0.161623,0.000000,0.000000,0.000000,0.000000,0.000000,0.821369,0.652904,false,false
2026-04-17T14:36:30.166337,0.000000,0.000000,-1.176324,157.398,SE,0,0.000000,0,0.000000,0.717333,1.228682,0.855575,0.847547,9.045294,5.102044,-0.136766,0.291364,0.792724,0.855575,-0.139888,-1.271821,-0.313374,1.317309,1.279492,-12.171000,-16.516001,-31.355001,NaN,-1.019748,true,Self-supervised model,0.159458,0.000000,0.000000,0.000000,0.000000,0.000000,0.838422,0.649487,false,false
2026-04-17T14:36:30.174218,0.000000,0.000000,-1.167828,156.912,SE,0,0.000000,0,0.000000,0.745058,1.231337,0.890612,0.924162,9.057265,5.147533,-0.078474,0.308604,0.831742,0.890612,-0.135612,-1.301754,-0.284663,1.339398,1.308799,-12.171000,-16.516001,-31.355001,NaN,-1.012098,true,Self-supervised model,0.162464,0.000000,0.000000,0.000000,0.000000,0.000000,0.836568,0.664935,false,false
2026-04-17T14:36:30.182748,0.000000,0.000000,-1.159625,156.442,SE,0,0.000000,0,0.000000,0.773321,1.235017,0.921706,0.998382,9.081207,5.178658,-0.025862,0.337870,0.857157,0.921706,-0.128282,-1.323745,-0.257174,1.354583,1.329946,-12.171000,-16.516001,-31.355001,NaN,-1.005067,true,Self-supervised model,0.166315,0.000000,0.000000,0.000000,0.000000,0.000000,0.839011,0.680435,false,false
2026-04-17T14:36:30.190444,0.000000,0.000000,-1.151770,155.992,SE,0,0.000000,0,0.000000,0.801125,1.239661,0.947092,1.118092,9.071630,5.209783,0.069490,0.333432,0.883729,0.947092,-0.105069,-1.328021,-0.237016,1.353091,1.332171,-12.171000,-16.516001,-31.355001,NaN,-0.998605,true,Self-supervised model,0.166956,0.000000,0.000000,0.000000,0.000000,0.000000,0.845878,0.699947,false,false
2026-04-17T14:36:30.198684,0.000000,0.000000,-1.144307,155.564,SE,0,0.000000,0,0.000000,0.825561,1.245097,0.953854,1.249773,9.047688,5.212177,0.175032,0.313948,0.883537,0.953854,-0.076969,-1.324356,-0.230907,1.346537,1.326591,-12.171000,-16.516001,-31.355001,NaN,-0.992709,true,Self-supervised model,0.167578,0.000000,0.000000,0.000000,0.000000,0.000000,0.865501,0.708376,false,false
2026-04-17T14:36:30.206166,0.000000,0.000000,-1.137245,155.159,SE,0,0.000000,0,0.000000,0.840341,1.250907,0.917935,1.359907,8.961497,5.178658,0.258684,0.231136,0.849861,0.917935,-0.037263,-1.318858,-0.233351,1.339861,1.319384,-12.171000,-16.516001,-31.355001,NaN,-0.987252,true,Self-supervised model,0.159965,0.000000,0.000000,0.000000,0.000000,0.000000,0.915469,0.685097,false,false
2026-04-17T14:36:30.216322,0.000000,0.000000,-1.130562,154.776,SE,0,0.000000,0,0.000000,0.841154,1.256517,0.845424,1.455675,8.839393,5.097255,0.328324,0.111052,0.771111,0.845424,0.001833,-1.308473,-0.244957,1.331206,1.308475,-12.171000,-16.516001,-31.355001,NaN,-0.982085,true,Self-supervised model,0.153556,0.000000,0.000000,0.000000,0.000000,0.000000,0.994950,0.635081,false,false
2026-04-17T14:36:30.223921,0.000000,0.000000,-1.124209,154.412,SE,0,0.000000,0,0.000000,0.824989,1.261256,0.740124,1.503559,8.772355,4.970363,0.351156,0.044421,0.649999,0.740124,0.069639,-1.306641,-0.273668,1.336807,1.308495,-12.171000,-16.516001,-31.355001,NaN,-0.977054,true,Self-supervised model,0.142786,0.000000,0.000000,0.000000,0.000000,0.000000,1.114665,0.553650,false,false
2026-04-17T14:36:30.231596,0.000000,0.000000,-1.118117,154.063,SE,0,0.000000,0,0.000000,0.795046,1.264607,0.637843,1.498770,8.686164,4.860229,0.322427,-0.042930,0.548673,0.637843,0.114843,-1.324356,-0.298713,1.362474,1.329326,-16.182001,-16.359001,-31.196001,NaN,-0.972005,true,Self-supervised model,0.140421,0.000000,0.000000,0.000000,0.000000,0.000000,1.246460,0.468151,false,false
2026-04-17T14:36:30.238408,0.000000,0.000000,-1.112206,153.725,SE,0,0.000000,0,0.000000,0.749206,1.265991,0.508546,1.448492,8.707711,4.742914,0.248843,-0.023886,0.442861,0.508546,0.144164,-1.353677,-0.318872,1.398179,1.361332,-16.182001,-16.359001,-31.196001,NaN,-0.966816,true,Self-supervised model,0.142397,0.000000,0.000000,0.000000,0.000000,0.000000,1.473232,0.363720,false,false
2026-04-17T14:36:30.247204,0.000000,0.000000,-1.106405,153.392,SE,0,0.000000,0,0.000000,0.685673,1.264779,0.352125,1.352724,8.743625,4.613626,0.130279,0.008575,0.327026,0.352125,0.164323,-1.388497,-0.331700,1.436993,1.398186,-16.182001,-16.359001,-31.196001,NaN,-0.961455,true,Self-supervised model,0.158718,0.000000,0.000000,0.000000,0.000000,0.000000,1.947242,0.245043,false,false
2026-04-17T14:36:30.255120,0.000000,0.000000,-1.100644,153.062,SE,0,0.000000,0,0.000000,0.612737,1.260697,0.229821,1.307234,8.836999,4.469975,0.062016,0.097735,0.198544,0.229821,0.169821,-1.415986,-0.339030,1.465877,1.426133,-16.182001,-16.359001,-31.196001,NaN,-0.955853,true,Self-supervised model,0.170754,0.000000,0.000000,0.000000,0.000000,0.000000,2.666143,0.156781,false,false
2026-04-17T14:36:30.264299,0.000000,0.000000,-1.094876,152.732,SE,0,0.000000,0,0.000000,0.541478,1.253928,0.167370,1.197101,8.844181,4.369418,-0.070365,0.100289,0.114033,0.167370,0.171042,-1.420873,-0.342695,1.471589,1.431130,-16.182001,-16.359001,-31.196001,NaN,-0.950061,true,Self-supervised model,0.178162,0.000000,0.000000,0.000000,0.000000,0.000000,3.235218,0.113734,false,false
2026-04-17T14:36:30.270160,0.000000,0.000000,-1.089073,152.399,SE,0,0.000000,0,0.000000,0.486275,1.245222,0.196456,1.139640,8.870518,4.280833,-0.148479,0.121563,0.042090,0.196456,0.173486,-1.398270,-0.345139,1.450648,1.408992,-16.182001,-16.359001,-31.196001,NaN,-0.944116,true,Self-supervised model,0.160503,0.000000,0.000000,0.000000,0.000000,0.000000,2.475229,0.135427,false,false
2026-04-17T14:36:30.279097,0.000000,0.000000,-1.083202,152.063,SE,0,0.000000,0,0.000000,0.453441,1.235551,0.281067,1.055843,8.882488,4.218584,-0.250223,0.127973,-0.003152,0.281067,0.169821,-1.347569,-0.348804,1.402300,1.358227,-16.182001,-16.359001,-31.196001,NaN,-0.937972,true,Self-supervised model,0.137328,0.000000,0.000000,0.000000,0.000000,0.000000,1.613287,0.200433,false,false
2026-04-17T14:36:30.286772,0.000000,0.000000,-1.077226,151.721,SE,0,0.000000,0,0.000000,0.443910,1.225885,0.393871,0.940921,8.863335,4.177882,-0.379294,0.102727,-0.026782,0.393871,0.171042,-1.285871,-0.350637,1.343751,1.297197,-16.182001,-16.359001,-31.196001,NaN,-0.931578,true,Self-supervised model,0.121600,0.000000,0.000000,0.000000,0.000000,0.000000,1.127045,0.293113,false,false
2026-04-17T14:36:30.297292,0.000000,0.000000,-1.071100,151.370,SE,0,0.000000,0,0.000000,0.460026,1.217251,0.544637,0.792481,8.834604,4.129998,-0.537392,0.067272,-0.057570,0.544637,0.174097,-1.223563,-0.354302,1.285669,1.235887,-16.182001,-16.359001,-31.196001,NaN,-0.924851,true,Self-supervised model,0.146544,0.000000,0.000000,0.000000,0.000000,0.000000,0.844647,0.423622,false,false
2026-04-17T14:36:30.302059,0.000000,0.000000,-1.064770,151.007,SE,0,0.000000,0,0.000000,0.491707,1.210229,0.658033,0.689530,8.868123,4.082114,-0.645387,0.093322,-0.088168,0.658033,0.171653,-1.183246,-0.355524,1.247370,1.195632,-16.182001,-16.359001,-31.196001,NaN,-0.917706,true,Self-supervised model,0.159719,0.000000,0.000000,0.000000,0.000000,0.000000,0.747238,0.527536,false,false
2026-04-17T14:36:30.310525,0.000000,0.000000,-1.058186,150.630,SE,0,0.000000,0,0.000000,0.549181,1.205787,0.850916,0.509965,8.947132,4.029441,-0.825774,0.164153,-0.123327,0.850916,0.167377,-1.139875,-0.352469,1.204809,1.152098,-16.182001,-16.359001,-31.196001,NaN,-0.910101,true,Self-supervised model,0.194311,0.000000,0.000000,0.000000,0.000000,0.000000,0.645400,0.706267,false,false
2026-04-17T14:36:30.318960,0.000000,0.000000,-1.051292,150.235,SE,0,0.000000,0,0.000000,0.628202,1.204684,1.043062,0.332794,9.028535,3.952827,-0.999349,0.236712,-0.182343,1.043062,0.156382,-1.094060,-0.340252,1.156371,1.105180,-16.182001,-16.359001,-31.196001,NaN,-0.901972,true,Self-supervised model,0.214062,0.000000,0.000000,0.000000,0.000000,0.000000,0.602267,0.902014,false,false
2026-04-17T14:36:30.326860,0.000000,0.000000,-1.044050,149.820,SE,0,0.000000,0,0.000000,0.716577,1.207159,1.180544,0.203507,9.107543,3.912126,-1.121385,0.306443,-0.205603,1.180544,0.143553,-1.059240,-0.318872,1.115472,1.068924,-16.182001,-16.359001,-31.196001,NaN,-0.893337,true,Self-supervised model,0.221167,0.000000,0.000000,0.000000,0.000000,0.000000,0.606989,1.058336,false,false
2026-04-17T14:36:30.334536,0.000000,0.000000,-1.036451,149.384,SE,0,0.000000,0,0.000000,0.807833,1.213186,1.286930,0.105345,9.196129,3.890578,-1.209714,0.385569,-0.210037,1.286930,0.124617,-1.025643,-0.293215,1.073987,1.033186,-16.182001,-16.359001,-31.196001,NaN,-0.884311,true,Self-supervised model,0.225511,0.000000,0.000000,0.000000,0.000000,0.000000,0.627721,1.198273,false,false
2026-04-17T14:36:30.342826,0.000000,0.000000,-1.028522,148.930,SE,0,0.000000,0,0.000000,0.889804,1.222251,1.320150,0.098162,9.299079,3.837905,-1.205375,0.478982,-0.245852,1.320150,0.097738,-1.009760,-0.283441,1.053332,1.014479,-16.182001,-16.359001,-31.196001,NaN,-0.875060,true,Self-supervised model,0.221787,0.000000,0.000000,0.000000,0.000000,0.000000,0.674017,1.253309,false,false
2026-04-17T14:36:30.351212,0.000000,0.000000,-1.020301,148.459,SE,0,0.000000,0,0.000000,0.976230,1.234410,1.429967,0.016759,9.435549,3.830723,-1.273263,0.606117,-0.237124,1.429967,0.055589,-0.994489,-0.285274,1.036088,0.996041,-16.182001,-16.359001,-31.196001,NaN,-0.865674,true,Self-supervised model,0.229748,0.000000,0.000000,0.000000,0.000000,0.000000,0.682694,1.380159,false,false
2026-04-17T14:36:30.359865,0.000000,0.000000,-1.011772,147.970,SE,0,0.000000,0,0.000000,1.065149,1.249640,1.531972,-0.079009,9.531317,3.869030,-1.353550,0.693273,-0.184970,1.531972,0.018326,-0.982882,-0.290161,1.024981,0.983053,-16.182001,-16.359001,-31.196001,NaN,-0.855912,true,Self-supervised model,0.237583,0.000000,0.000000,0.000000,0.000000,0.000000,0.695280,1.494634,false,false
2026-04-17T14:36:30.366752,0.000000,0.000000,-1.002895,147.462,SE,0,0.000000,0,0.000000,1.149173,1.267621,1.590303,-0.146046,9.583989,3.928885,-1.403958,0.738283,-0.113582,1.590303,-0.028100,-0.983493,-0.294437,1.027006,0.983894,-16.182001,-16.359001,-31.196001,NaN,-0.845638,true,Self-supervised model,0.236241,0.000000,0.000000,0.000000,0.000000,0.000000,0.722613,1.548484,false,false
2026-04-17T14:36:30.374416,0.000000,0.000000,-0.993652,146.932,SE,0,0.000000,0,0.000000,1.227181,1.288004,1.636724,-0.215478,9.598354,4.015076,-1.456454,0.746485,-0.019122,1.636724,-0.084299,-1.001819,-0.296270,1.048105,1.005360,-16.182001,-16.359001,-31.196001,NaN,-0.834935,true,Self-supervised model,0.239852,0.000000,0.000000,0.000000,0.000000,0.000000,0.749779,1.561603,false,false
2026-04-17T14:36:30.384508,0.000000,0.000000,-0.984039,146.381,SE,0,0.000000,0,0.000000,1.291953,1.310161,1.632002,-0.270545,9.507375,4.096479,-1.494957,0.651227,0.066608,1.632002,-0.146608,-1.029308,-0.290772,1.079591,1.039696,-16.182001,-16.359001,-31.196001,NaN,-0.823842,true,Self-supervised model,0.238908,0.000000,0.000000,0.000000,0.000000,0.000000,0.791637,1.511685,false,false
2026-04-17T14:36:30.392091,0.000000,0.000000,-0.974049,145.809,SE,0,0.000000,0,0.000000,1.338957,1.333313,1.585731,-0.284910,9.380483,4.141969,-1.493097,0.522185,0.111923,1.585731,-0.208916,-1.051910,-0.279776,1.108348,1.072455,-22.872002,-18.695002,-30.169001,NaN,-0.812346,true,Self-supervised model,0.223557,0.000000,0.000000,0.000000,0.000000,0.000000,0.844379,1.430716,false,false
2026-04-17T14:36:30.398512,0.000000,0.000000,-0.963668,145.214,SE,0,0.000000,0,0.000000,1.373354,1.356915,1.553938,-0.289698,9.282320,4.225766,-1.482690,0.424354,0.190473,1.553938,-0.283441,-1.072679,-0.259618,1.139465,1.109495,-22.872002,-18.695002,-30.169001,NaN,-0.800399,true,Self-supervised model,0.212727,0.000000,0.000000,0.000000,0.000000,0.000000,0.883789,1.363743,false,false
2026-04-17T14:36:30.406936,0.000000,0.000000,-0.952918,144.598,SE,0,0.000000,0,0.000000,1.396274,1.380489,1.516601,-0.260968,9.227253,4.340688,-1.440378,0.372529,0.294301,1.516601,-0.366519,-1.086729,-0.229685,1.169646,1.146873,-22.872002,-18.695002,-30.169001,NaN,-0.788172,true,Self-supervised model,0.209770,0.000000,0.000000,0.000000,0.000000,0.000000,0.920660,1.296632,false,false
2026-04-17T14:36:30.414819,0.000000,0.000000,-0.941840,143.963,SE,0,0.000000,0,0.000000,1.415958,1.403908,1.519303,-0.215478,9.200917,4.508282,-1.408578,0.356103,0.444275,1.519303,-0.442877,-1.078788,-0.189368,1.181433,1.166158,-22.872002,-18.695002,-30.169001,NaN,-0.775781,true,Self-supervised model,0.205814,0.000000,0.000000,0.000000,0.000000,0.000000,0.931979,1.285983,false,false
2026-04-17T14:36:30.423378,0.000000,0.000000,-0.931542,143.373,SE,0,0.000000,0,0.000000,1.431359,1.427006,1.512210,-0.138864,9.208099,4.659117,-1.348245,0.375956,0.572426,1.512210,-0.491747,-1.054353,-0.151495,1.173212,1.163390,-22.872002,-18.695002,-30.169001,NaN,-0.768609,true,Self-supervised model,0.207946,0.000000,0.000000,0.000000,0.000000,0.000000,0.946534,1.288949,false,false
2026-04-17T14:36:30.431103,0.000000,0.000000,-0.921939,142.823,SE,0,0.000000,0,0.000000,1.445967,1.449764,1.522658,-0.081403,9.160215,4.857835,-1.284513,0.340027,0.743569,1.522658,-0.518625,-1.018312,-0.123395,1.149416,1.142774,-22.872002,-18.695002,-30.169001,NaN,-0.761780,true,Self-supervised model,0.207990,0.000000,0.000000,0.000000,0.000000,0.000000,0.949633,1.324723,false,false
2026-04-17T14:36:30.438632,0.000000,0.000000,-0.911995,142.253,SE,0,0.000000,0,0.000000,1.463466,1.472313,1.555336,-0.023942,9.109938,5.056554,-1.222890,0.303426,0.911890,1.555336,-0.514349,-0.941954,-0.084910,1.076588,1.073234,-22.872002,-18.695002,-30.169001,NaN,-0.750473,true,Self-supervised model,0.212072,0.000000,0.000000,0.000000,0.000000,0.000000,0.940932,1.444690,false,false
2026-04-17T14:36:30.448303,0.000000,0.000000,-0.901936,141.677,SE,0,0.000000,0,0.000000,1.474947,1.494418,1.535227,0.069432,9.030929,5.190629,-1.126753,0.238638,1.015087,1.535227,-0.491136,-0.898583,-0.069028,1.026367,1.024044,-22.872002,-18.695002,-30.169001,NaN,-0.739956,true,Self-supervised model,0.212090,0.000000,0.000000,0.000000,0.000000,0.000000,0.960736,1.495787,false,false
2026-04-17T14:36:30.455020,0.000000,0.000000,-0.891949,141.105,SE,0,0.000000,0,0.000000,1.483671,1.515988,1.529467,0.107739,8.904037,5.274426,-1.086120,0.125433,1.069523,1.529467,-0.422108,-0.844216,-0.057421,0.945607,0.943862,-22.872002,-18.695002,-30.169001,NaN,-0.730257,true,Self-supervised model,0.205344,0.000000,0.000000,0.000000,0.000000,0.000000,0.970057,1.617445,false,false
2026-04-17T14:36:30.463907,0.000000,0.000000,-0.882164,140.544,SE,0,0.000000,0,0.000000,1.482410,1.536645,1.475794,0.177171,8.801085,5.303157,-1.014173,0.034986,1.071540,1.475794,-0.353080,-0.830166,-0.058032,0.903996,0.902131,-22.872002,-18.695002,-30.169001,NaN,-0.721276,true,Self-supervised model,0.200680,0.000000,0.000000,0.000000,0.000000,0.000000,1.004483,1.632523,false,false
2026-04-17T14:36:30.470547,0.000000,0.000000,-0.872631,139.998,SE,0,0.000000,0,0.000000,1.465043,1.555781,1.373862,0.287304,8.717288,5.291186,-0.901609,-0.037698,1.035943,1.373862,-0.299324,-0.856433,-0.072693,0.910141,0.907233,-22.872002,-18.695002,-30.169001,NaN,-0.712753,true,Self-supervised model,0.185048,0.000000,0.000000,0.000000,0.000000,0.000000,1.066368,1.509504,false,false
2026-04-17T14:36:30.480958,0.000000,0.000000,-0.863349,139.466,SE,0,0.000000,0,0.000000,1.437475,1.573049,1.292745,0.354342,8.714894,5.264850,-0.832966,-0.029855,0.988163,1.292745,-0.276722,-0.930348,-0.097128,0.975477,0.970630,-22.872002,-18.695002,-30.169001,NaN,-0.704477,true,Self-supervised model,0.180547,0.000000,0.000000,0.000000,0.000000,0.000000,1.111956,1.325244,false,false
2026-04-17T14:36:30.486548,0.000000,0.000000,-0.854263,138.946,SE,0,0.000000,0,0.000000,1.407143,1.588412,1.247900,0.373495,8.734048,5.243302,-0.813936,-0.000531,0.945918,1.247900,-0.283441,-1.020756,-0.114232,1.065519,1.059378,-22.872002,-18.695002,-30.169001,NaN,-0.696173,true,Self-supervised model,0.165121,0.000000,0.000000,0.000000,0.000000,0.000000,1.127609,1.171166,false,false
2026-04-17T14:36:30.496315,0.000000,0.000000,-0.845280,138.431,SE,0,0.000000,0,0.000000,1.381518,1.602137,1.246989,0.359130,8.791509,5.245696,-0.831276,0.067843,0.927016,1.246989,-0.313374,-1.125214,-0.133169,1.175603,1.168036,-22.872002,-18.695002,-30.169001,NaN,-0.687604,true,Self-supervised model,0.168935,0.000000,0.000000,0.000000,0.000000,0.000000,1.107883,1.060723,false,false
2026-04-17T14:36:30.502282,0.000000,0.000000,-0.836327,137.918,SE,0,0.000000,0,0.000000,1.362921,1.614568,1.265287,0.316035,8.829816,5.214571,-0.899714,0.116551,0.881975,1.265287,-0.350026,-1.207681,-0.148440,1.266114,1.257382,-22.872002,-18.695002,-30.169001,NaN,-0.678768,true,Self-supervised model,0.158307,0.000000,0.000000,0.000000,0.000000,0.000000,1.077164,0.999346,false,false
2026-04-17T14:36:30.510510,0.000000,0.000000,-0.828173,137.451,SE,0,0.000000,0,0.000000,1.352173,1.626072,1.295747,0.299275,8.860941,5.221754,-0.943467,0.159150,0.873786,1.295747,-0.377515,-1.246776,-0.156992,1.312103,1.302677,-22.872002,-18.695002,-30.169001,NaN,-0.673813,true,Self-supervised model,0.168344,0.000000,0.000000,0.000000,0.000000,0.000000,1.043547,0.987535,false,false
2026-04-17T14:36:30.518923,0.000000,0.000000,-0.820589,137.016,SE,0,0.000000,0,0.000000,1.343880,1.636785,1.300340,0.304064,8.825027,5.224148,-0.966225,0.135518,0.859609,1.300340,-0.398284,-1.265102,-0.164934,1.336531,1.326316,-22.872002,-18.695002,-30.169001,NaN,-0.668510,true,Self-supervised model,0.169936,0.000000,0.000000,0.000000,0.000000,0.000000,1.033484,0.972921,false,false
2026-04-17T14:36:30.526833,0.000000,0.000000,-0.813405,136.605,SE,0,0.000000,0,0.000000,1.329450,1.646491,1.253695,0.375890,8.736442,5.260061,-0.901861,0.061563,0.868681,1.253695,-0.405615,-1.263269,-0.170431,1.337692,1.326790,-22.872002,-18.695002,-30.169001,NaN,-0.662921,true,Self-supervised model,0.166383,0.000000,0.000000,0.000000,0.000000,0.000000,1.060426,0.937207,false,false
2026-04-17T14:36:30.534361,0.000000,0.000000,-0.805651,136.160,SE,0,0.000000,0,0.000000,1.311167,1.655078,1.215179,0.490811,8.602366,5.336676,-0.794474,-0.057373,0.917703,1.215179,-0.401338,-1.276098,-0.175929,1.349240,1.337721,-22.872002,-18.695002,-30.169001,NaN,-0.652893,true,Self-supervised model,0.163764,0.000000,0.000000,0.000000,0.000000,0.000000,1.078991,0.900640,false,false
2026-04-17T14:36:30.542753,0.000000,0.000000,-0.797422,135.689,SE,0,0.000000,0,0.000000,1.292759,1.662585,1.196114,0.553061,8.456321,5.367800,-0.739686,-0.188039,0.920975,1.196114,-0.391565,-1.291980,-0.179594,1.361907,1.350013,-22.872002,-18.695002,-30.169001,NaN,-0.642761,true,Self-supervised model,0.164962,0.000000,0.000000,0.000000,0.000000,0.000000,1.080799,0.878264,false,false
2026-04-17T14:36:30.551819,0.000000,0.000000,-0.788795,135.195,SE,0,0.000000,0,0.000000,1.278798,1.669234,1.205506,0.603339,8.271967,5.391742,-0.696728,-0.356773,0.916804,1.205506,-0.369573,-1.313971,-0.182649,1.377122,1.364956,-29.302002,-18.249001,-29.270000,NaN,-0.632541,true,Self-supervised model,0.168202,0.000000,0.000000,0.000000,0.000000,0.000000,1.060797,0.875381,false,false
2026-04-17T14:36:30.560171,0.000000,0.000000,-0.779816,134.680,SE,0,0.000000,0,0.000000,1.265437,1.675082,1.195291,0.672771,8.149862,5.403713,-0.634394,-0.463292,0.900902,1.195291,-0.331089,-1.318247,-0.180205,1.371083,1.359189,-29.302002,-18.249001,-29.270000,NaN,-0.622157,true,Self-supervised model,0.166679,0.000000,0.000000,0.000000,0.000000,0.000000,1.058686,0.871786,false,false
2026-04-17T14:36:30.566925,0.000000,0.000000,-0.770536,134.148,SE,0,0.000000,0,0.000000,1.243114,1.679803,1.125920,0.708684,8.082825,5.327099,-0.605085,-0.515281,0.797530,1.125920,-0.281609,-1.291369,-0.172264,1.332896,1.321718,-29.302002,-18.249001,-29.270000,NaN,-0.611668,true,Self-supervised model,0.157051,0.000000,0.000000,0.000000,0.000000,0.000000,1.104087,0.844717,false,false
2026-04-17T14:36:30.574821,0.000000,0.000000,-0.761029,133.604,SE,0,0.000000,0,0.000000,1.207391,1.682907,1.019843,0.754174,8.061277,5.224148,-0.564668,-0.522704,0.669335,1.019843,-0.240070,-1.237613,-0.171653,1.272315,1.260682,-29.302002,-18.249001,-29.270000,NaN,-0.601258,true,Self-supervised model,0.154296,0.000000,0.000000,0.000000,0.000000,0.000000,1.183899,0.801565,false,false
2026-04-17T14:36:30.582607,0.000000,0.000000,-0.751377,133.051,SE,0,0.000000,0,0.000000,1.165353,1.684205,0.944657,0.773327,8.042124,5.137957,-0.547623,-0.528838,0.559300,0.944657,-0.180816,-1.142929,-0.171653,1.169806,1.157143,-29.302002,-18.249001,-29.270000,NaN,-0.591021,true,Self-supervised model,0.151146,0.000000,0.000000,0.000000,0.000000,0.000000,1.233626,0.807533,false,false
2026-04-17T14:36:30.590439,0.000000,0.000000,-0.741627,132.492,SE,0,0.000000,0,0.000000,1.121419,1.683693,0.890763,0.763750,8.039729,5.063736,-0.555335,-0.519911,0.463416,0.890763,-0.117286,-1.034195,-0.178373,1.055998,1.040824,-29.302002,-18.249001,-29.270000,NaN,-0.580886,true,Self-supervised model,0.148582,0.000000,0.000000,0.000000,0.000000,0.000000,1.258942,0.843527,false,false
2026-04-17T14:36:30.599435,0.000000,0.000000,-0.731828,131.931,SE,0,0.000000,0,0.000000,1.076417,1.681402,0.840155,0.780510,8.049306,4.972757,-0.556868,-0.507287,0.372046,0.840155,-0.049480,-0.935846,-0.182649,0.954786,0.937153,-29.302002,-18.249001,-29.270000,NaN,-0.570885,true,Self-supervised model,0.147528,0.000000,0.000000,0.000000,0.000000,0.000000,1.281213,0.879941,false,false
2026-04-17T14:36:30.606369,0.000000,0.000000,-0.723076,131.429,SE,0,0.000000,0,0.000000,1.034730,1.677535,0.815875,0.746991,8.099585,4.898537,-0.605466,-0.456449,0.301194,0.815875,-0.002443,-0.871705,-0.189979,0.892170,0.871708,-29.302002,-18.249001,-29.270000,NaN,-0.566325,true,Self-supervised model,0.141619,0.000000,0.000000,0.000000,0.000000,0.000000,1.268245,0.914484,false,false
2026-04-17T14:36:30.614791,0.000000,0.000000,-0.715219,130.979,SE,0,0.000000,0,0.000000,0.989010,1.671994,0.748979,0.749385,8.183381,4.795586,-0.615687,-0.374138,0.204743,0.748979,0.044593,-0.831998,-0.199753,0.856803,0.833193,-29.302002,-18.249001,-29.270000,NaN,-0.562045,true,Self-supervised model,0.143307,0.000000,0.000000,0.000000,0.000000,0.000000,1.320477,0.874156,false,false
2026-04-17T14:36:30.622409,0.000000,0.000000,-0.708109,130.572,SE,0,0.000000,0,0.000000,0.940733,1.664744,0.687281,0.761356,8.293514,4.733337,-0.614857,-0.267082,0.151566,0.687281,0.068417,-0.828333,-0.211359,0.857607,0.831154,-29.302002,-18.249001,-29.270000,NaN,-0.557922,true,Self-supervised model,0.141096,0.000000,0.000000,0.000000,0.000000,0.000000,1.368776,0.801394,false,false
2026-04-17T14:36:30.630534,0.000000,0.000000,-0.701609,130.199,SE,0,0.000000,0,0.000000,0.892329,1.655847,0.638206,0.742203,8.437167,4.637568,-0.623859,-0.123627,0.053132,0.638206,0.080634,-0.849103,-0.227242,0.882676,0.852923,-29.302002,-18.249001,-29.270000,NaN,-0.553866,true,Self-supervised model,0.140356,0.000000,0.000000,0.000000,0.000000,0.000000,1.398184,0.723035,false,false
2026-04-17T14:36:30.638198,0.000000,0.000000,-0.694717,129.804,SE,0,0.000000,0,0.000000,0.853839,1.645767,0.651769,0.706290,8.573636,4.537012,-0.649969,0.011120,-0.047121,0.651769,0.082467,-0.868039,-0.243124,0.905209,0.871948,-29.302002,-18.249001,-29.270000,NaN,-0.545402,true,Self-supervised model,0.130223,0.000000,0.000000,0.000000,0.000000,0.000000,1.310033,0.720021,false,false
2026-04-17T14:36:30.647380,0.000000,0.000000,-0.687506,129.391,SE,0,0.000000,0,0.000000,0.824693,1.634924,0.671673,0.699107,8.683769,4.446033,-0.647214,0.118164,-0.135262,0.671673,0.084299,-0.878424,-0.257174,0.919170,0.882460,-29.302002,-18.249001,-29.270000,NaN,-0.536916,true,Self-supervised model,0.124523,0.000000,0.000000,0.000000,0.000000,0.000000,1.227819,0.730738,false,false
2026-04-17T14:36:30.654459,0.000000,0.000000,-0.680029,128.963,SE,0,0.000000,0,0.000000,0.809054,1.623889,0.726950,0.682347,8.762778,4.321534,-0.653248,0.192555,-0.254256,0.726950,0.081245,-0.889420,-0.287718,0.938323,0.893123,-29.302002,-18.249001,-29.270000,NaN,-0.528378,true,Self-supervised model,0.118856,0.000000,0.000000,0.000000,0.000000,0.000000,1.112943,0.774733,false,false
2026-04-17T14:36:30.663065,0.000000,0.000000,-0.672307,128.520,SE,0,0.000000,0,0.000000,0.794877,1.612729,0.720450,0.701501,8.736442,4.242526,-0.622222,0.160406,-0.325820,0.720450,0.067195,-0.890031,-0.322537,0.949052,0.892564,-29.302002,-18.249001,-29.270000,NaN,-0.519673,true,Self-supervised model,0.118481,0.000000,0.000000,0.000000,0.000000,0.000000,1.103306,0.759126,false,false
2026-04-17T14:36:30.670226,0.000000,0.000000,-0.664339,128.064,SE,0,0.000000,0,0.000000,0.781598,1.601483,0.711884,0.727837,8.702923,4.168305,-0.582301,0.120242,-0.391466,0.711884,0.048869,-0.893696,-0.360410,0.964871,0.895031,-29.302002,-18.249001,-29.270000,NaN,-0.510722,true,Self-supervised model,0.117393,0.000000,0.000000,0.000000,0.000000,0.000000,1.097930,0.737802,false,false
2026-04-17T14:36:30.679069,0.000000,0.000000,-0.656085,127.591,SE,0,0.000000,0,0.000000,0.772788,1.590336,0.726532,0.723049,8.611943,4.103662,-0.572278,0.022207,-0.447050,0.726532,0.023824,-0.898583,-0.403171,0.985173,0.898899,-29.302002,-18.249001,-29.270000,NaN,-0.501322,true,Self-supervised model,0.117691,0.000000,0.000000,0.000000,0.000000,0.000000,1.063666,0.737467,false,false
2026-04-17T14:36:30.687,0.000000,0.000000,-0.647520,127.100,SE,0,0.000000,0,0.000000,0.773809,1.579675,0.779171,0.687136,8.535329,4.039018,-0.592167,-0.061593,-0.502645,0.779171,0.000000,-0.896750,-0.442266,0.999880,0.896750,-29.302002,-18.249001,-29.270000,NaN,-0.491519,true,Self-supervised model,0.121069,0.000000,0.000000,0.000000,0.000000,0.000000,0.993118,0.779265,false,false
2026-04-17T14:36:30.694913,0.000000,0.000000,-0.638622,126.590,SE,0,0.000000,0,0.000000,0.779358,1.569662,0.808488,0.682347,8.413225,4.003105,-0.580084,-0.190775,-0.529869,0.808488,-0.017715,-0.886365,-0.466701,1.001882,0.886542,-29.302002,-18.249001,-29.270000,NaN,-0.481282,true,Self-supervised model,0.124365,0.000000,0.000000,0.000000,0.000000,0.000000,0.963969,0.806970,false,false
2026-04-17T14:36:30.702262,0.000000,0.000000,-0.629390,126.061,SE,0,0.000000,0,0.000000,0.781991,1.560155,0.795814,0.691924,8.355764,4.012682,-0.553220,-0.255089,-0.512053,0.795814,-0.026267,-0.878424,-0.486249,1.004369,0.878817,-29.302002,-18.249001,-29.270000,NaN,-0.470718,true,Self-supervised model,0.123473,0.000000,0.000000,0.000000,0.000000,0.000000,0.982630,0.792352,false,false
2026-04-17T14:36:30.714220,0.000000,0.000000,-0.619868,125.516,SE,0,0.000000,0,0.000000,0.779627,1.550934,0.767218,0.732626,8.327033,4.007894,-0.495500,-0.290596,-0.508584,0.767218,-0.031154,-0.875981,-0.502131,1.010173,0.876535,-31.429001,-16.537001,-29.608002,NaN,-0.460033,true,Self-supervised model,0.122261,0.000000,0.000000,0.000000,0.000000,0.000000,1.016174,0.759492,false,false
2026-04-17T14:36:30.718429,0.000000,0.000000,-0.610115,124.957,SE,0,0.000000,0,0.000000,0.777458,1.541995,0.766073,0.746991,8.322245,3.979163,-0.464722,-0.302187,-0.528757,0.766073,-0.028100,-0.870483,-0.508240,1.008384,0.870936,-31.429001,-16.537001,-29.608002,NaN,-0.449360,true,Self-supervised model,0.122630,0.000000,0.000000,0.000000,0.000000,0.000000,1.014862,0.759704,false,false
2026-04-17T14:36:30.726501,0.000000,0.000000,-0.600193,124.389,SE,0,0.000000,0,0.000000,0.775358,1.533329,0.764330,0.730232,8.358158,3.957615,-0.465440,-0.273265,-0.541195,0.764330,-0.025656,-0.859487,-0.510072,0.999775,0.859870,-31.429001,-16.537001,-29.608002,NaN,-0.438761,true,Self-supervised model,0.122356,0.000000,0.000000,0.000000,0.000000,0.000000,1.014429,0.764501,false,false
2026-04-17T14:36:30.734611,0.000000,0.000000,-0.590162,123.814,SE,0,0.000000,0,0.000000,0.777647,1.525102,0.789668,0.672771,8.420407,3.924097,-0.506600,-0.218287,-0.565051,0.789668,-0.017715,-0.819170,-0.511905,0.966127,0.819362,-31.429001,-16.537001,-29.608002,NaN,-0.428290,true,Self-supervised model,0.124774,0.000000,0.000000,0.000000,0.000000,0.000000,0.984778,0.817355,false,false
2026-04-17T14:36:30.742147,0.000000,0.000000,-0.580066,123.235,SE,0,0.000000,0,0.000000,0.786679,1.517565,0.834092,0.608127,8.439561,3.890578,-0.553712,-0.206709,-0.588544,0.834092,-0.007941,-0.759305,-0.513127,0.916464,0.759347,-31.429001,-16.537001,-29.608002,NaN,-0.417940,true,Self-supervised model,0.129226,0.000000,0.000000,0.000000,0.000000,0.000000,0.943155,0.910120,false,false
2026-04-17T14:36:30.750171,0.000000,0.000000,-0.569939,122.655,SE,0,0.000000,0,0.000000,0.807362,1.511157,0.915951,0.526724,8.475474,3.813963,-0.615164,-0.178899,-0.654625,0.915951,0.001222,-0.683558,-0.521679,0.859885,0.683559,-31.429001,-16.537001,-29.608002,NaN,-0.407684,true,Self-supervised model,0.138398,0.000000,0.000000,0.000000,0.000000,0.000000,0.881447,1.065202,false,false
2026-04-17T14:36:30.759104,0.000000,0.000000,-0.559783,122.073,SE,0,0.000000,0,0.000000,0.834388,1.506086,0.976275,0.486023,8.453926,3.744531,-0.633077,-0.209026,-0.713187,0.976275,0.006720,-0.616363,-0.530231,0.813077,0.616400,-31.429001,-16.537001,-29.608002,NaN,-0.397412,true,Self-supervised model,0.144626,0.000000,0.000000,0.000000,0.000000,0.000000,0.854665,1.200717,false,false
2026-04-17T14:36:30.766405,0.000000,0.000000,-0.549604,121.490,SE,0,0.000000,0,0.000000,0.864695,1.502431,1.023803,0.438139,8.485051,3.682282,-0.654941,-0.186894,-0.764392,1.023803,0.011606,-0.538172,-0.546114,0.766814,0.538297,-31.429001,-16.537001,-29.608002,NaN,-0.387143,true,Self-supervised model,0.148961,0.000000,0.000000,0.000000,0.000000,0.000000,0.844591,1.335138,false,false
2026-04-17T14:36:30.774484,0.000000,0.000000,-0.539375,120.904,SE,0,0.000000,0,0.000000,0.895156,1.500140,1.055078,0.373495,8.494628,3.670311,-0.697560,-0.183291,-0.770067,1.055078,0.009163,-0.476475,-0.567494,0.741054,0.476563,-31.429001,-16.537001,-29.608002,NaN,-0.376715,true,Self-supervised model,0.149460,0.000000,0.000000,0.000000,0.000000,0.000000,0.848426,1.423752,false,false
2026-04-17T14:36:30.782776,0.000000,0.000000,-0.529292,120.326,SE,0,0.000000,0,0.000000,0.922442,1.499032,1.065691,0.304064,8.532935,3.672705,-0.733841,-0.154361,-0.757198,1.065691,0.003665,-0.433714,-0.585209,0.728417,0.433730,-31.429001,-16.537001,-29.608002,NaN,-0.367215,true,Self-supervised model,0.147349,0.000000,0.000000,0.000000,0.000000,0.000000,0.865581,1.463024,false,false
2026-04-17T14:36:30.791209,0.000000,0.000000,-0.519002,119.737,SE,0,0.000000,0,0.000000,0.942076,1.498754,1.045156,0.258574,8.544906,3.701436,-0.743808,-0.151686,-0.718395,1.045156,0.000000,-0.414777,-0.598648,0.728299,0.414777,-31.429001,-16.537001,-29.608002,NaN,-0.356098,true,Self-supervised model,0.141651,0.000000,0.000000,0.000000,0.000000,0.000000,0.901373,1.435064,false,false
2026-04-17T14:36:30.798777,0.000000,0.000000,-0.508478,119.134,SE,0,0.000000,0,0.000000,0.956497,1.499063,1.032210,0.179565,8.583213,3.751714,-0.785607,-0.122611,-0.658214,1.032210,-0.000611,-0.409280,-0.605978,0.731245,0.409280,-31.429001,-16.537001,-29.608002,NaN,-0.344638,true,Self-supervised model,0.139475,0.000000,0.000000,0.000000,0.000000,0.000000,0.926650,1.411579,false,false
2026-04-17T14:36:30.806456,0.000000,0.000000,-0.497703,118.516,SE,0,0.000000,0,0.000000,0.968005,1.499821,1.028419,0.124498,8.571242,3.773262,-0.802686,-0.143783,-0.626633,1.028419,0.002443,-0.414777,-0.612087,0.739389,0.414785,-31.429001,-16.537001,-29.608002,NaN,-0.332856,true,Self-supervised model,0.138348,0.000000,0.000000,0.000000,0.000000,0.000000,0.941255,1.390904,false,false
2026-04-17T14:36:30.815027,0.000000,0.000000,-0.486680,117.885,SE,0,0.000000,0,0.000000,0.978058,1.500950,1.030839,0.076614,8.583213,3.770868,-0.812340,-0.140969,-0.618757,1.030839,0.001833,-0.422108,-0.612087,0.743525,0.422112,-31.429001,-16.537001,-29.608002,NaN,-0.320843,true,Self-supervised model,0.137306,0.000000,0.000000,0.000000,0.000000,0.000000,0.948799,1.386422,false,false
2026-04-17T14:36:30.823349,0.000000,0.000000,-0.475429,117.240,SE,0,0.000000,0,0.000000,0.993247,1.502642,1.072984,-0.007183,8.607155,3.746926,-0.857648,-0.126071,-0.632330,1.072984,0.003054,-0.425773,-0.613309,0.746619,0.425784,-31.429001,-16.537001,-29.608002,NaN,-0.308681,true,Self-supervised model,0.141994,0.000000,0.000000,0.000000,0.000000,0.000000,0.925686,1.437125,false,false
2026-04-17T14:36:30.830704,0.000000,0.000000,-0.463964,116.583,SE,0,0.000000,0,0.000000,1.014095,1.505100,1.123550,-0.093374,8.652645,3.708618,-0.904828,-0.089606,-0.660016,1.123550,0.004276,-0.419054,-0.609644,0.739790,0.419075,-31.429001,-16.537001,-29.608002,NaN,-0.296358,true,Self-supervised model,0.149173,0.000000,0.000000,0.000000,0.000000,0.000000,0.902581,1.518741,false,false
2026-04-17T14:36:30.838344,0.000000,0.000000,-0.452295,115.915,SE,0,0.000000,0,0.000000,1.045177,1.508703,1.208355,-0.248997,8.712500,3.711013,-1.020041,-0.038892,-0.646626,1.208355,0.011606,-0.393397,-0.607200,0.723594,0.393568,-31.429001,-16.537001,-29.608002,NaN,-0.283874,true,Self-supervised model,0.159921,0.000000,0.000000,0.000000,0.000000,0.000000,0.864958,1.669935,false,false
2026-04-17T14:36:30.847449,0.000000,0.000000,-0.440422,115.234,SE,0,0.000000,0,0.000000,1.073445,1.513293,1.221855,-0.337582,8.762778,3.749320,-1.066306,0.001931,-0.596590,1.221855,0.022602,-0.364687,-0.598037,0.700825,0.365386,-31.429001,-16.537001,-29.608002,NaN,-0.271183,true,Self-supervised model,0.158268,0.000000,0.000000,0.000000,0.000000,0.000000,0.878537,1.743453,false,false
2026-04-17T14:36:30.854548,0.000000,0.000000,-0.428348,114.543,SE,0,0.000000,0,0.000000,1.100597,1.518785,1.243145,-0.423774,8.798691,3.770868,-1.108341,0.027987,-0.562320,1.243145,0.038485,-0.330478,-0.583987,0.672114,0.332711,-31.429001,-16.537001,-29.608002,NaN,-0.258307,true,Self-supervised model,0.162168,0.000000,0.000000,0.000000,0.000000,0.000000,0.885333,1.849602,false,false
2026-04-17T14:36:30.863269,0.000000,0.000000,-0.416090,113.840,SE,0,0.000000,0,0.000000,1.122098,1.524918,1.234978,-0.483629,8.846576,3.809175,-1.122750,0.065632,-0.510193,1.234978,0.054367,-0.310320,-0.563218,0.645344,0.315046,-31.429001,-16.537001,-29.608002,NaN,-0.245314,true,Self-supervised model,0.158535,0.000000,0.000000,0.000000,0.000000,0.000000,0.908597,1.913676,false,false
2026-04-17T14:36:30.870930,0.000000,0.000000,-0.403667,113.128,SE,0,0.000000,0,0.000000,1.144321,1.531694,1.260994,-0.543484,8.927979,3.775656,-1.136705,0.136393,-0.528587,1.260994,0.064141,-0.303600,-0.543670,0.625991,0.310301,-31.429001,-16.537001,-29.608002,NaN,-0.232230,true,Self-supervised model,0.162618,0.000000,0.000000,0.000000,0.000000,0.000000,0.907476,2.014397,false,false
2026-04-17T14:36:30.879486,0.000000,0.000000,-0.391125,112.410,E,0,0.000000,0,0.000000,1.159914,1.538823,1.241774,-0.562637,8.983045,3.761291,-1.109974,0.180527,-0.526660,1.241774,0.074526,-0.297491,-0.510683,0.595695,0.306684,-36.599003,-19.408001,-26.391001,NaN,-0.219209,true,Self-supervised model,0.157871,0.000000,0.000000,0.000000,0.000000,0.000000,0.934078,2.084580,false,false
2026-04-17T14:36:30.886566,0.000000,0.000000,-0.378502,111.687,E,0,0.000000,0,0.000000,1.165917,1.545907,1.197436,-0.526724,9.074024,3.715801,-1.028835,0.260296,-0.554615,1.197436,0.074526,-0.291383,-0.475864,0.562943,0.300762,-36.599003,-19.408001,-26.391001,NaN,-0.206268,true,Self-supervised model,0.154603,0.000000,0.000000,0.000000,0.000000,0.000000,0.973678,2.127101,false,false
2026-04-17T14:36:30.896751,0.000000,0.000000,-0.365861,110.962,E,0,0.000000,0,0.000000,1.171612,1.552935,1.201512,-0.517148,9.176975,3.643975,-0.974838,0.351860,-0.607879,1.201512,0.072082,-0.284663,-0.449597,0.536997,0.293648,-36.599003,-19.408001,-26.391001,NaN,-0.193550,true,Self-supervised model,0.150842,0.000000,0.000000,0.000000,0.000000,0.000000,0.975115,2.237463,false,false
2026-04-17T14:36:30.902280,0.000000,0.000000,-0.353256,110.240,E,0,0.000000,0,0.000000,1.179315,1.559990,1.219754,-0.521936,9.248801,3.567361,-0.935880,0.412114,-0.664898,1.219754,0.064752,-0.257785,-0.407447,0.486476,0.265793,-36.599003,-19.408001,-26.391001,NaN,-0.181090,true,Self-supervised model,0.163636,0.000000,0.000000,0.000000,0.000000,0.000000,0.966847,2.507325,false,false
2026-04-17T14:36:30.910259,0.000000,0.000000,-0.340735,109.523,E,0,0.000000,0,0.000000,1.185799,1.567022,1.219838,-0.531513,9.282320,3.514688,-0.901928,0.434004,-0.697259,1.219838,0.056810,-0.229074,-0.387289,0.453536,0.236014,-36.599003,-19.408001,-26.391001,NaN,-0.168907,true,Self-supervised model,0.157497,0.000000,0.000000,0.000000,0.000000,0.000000,0.972096,2.689615,false,false
2026-04-17T14:36:30.918516,0.000000,0.000000,-0.328329,108.812,E,0,0.000000,0,0.000000,1.187382,1.573837,1.195696,-0.533907,9.327810,3.505111,-0.860571,0.467779,-0.685776,1.195696,0.047037,-0.202196,-0.365908,0.420696,0.207595,-36.599003,-19.408001,-26.391001,NaN,-0.156958,true,Self-supervised model,0.153718,0.000000,0.000000,0.000000,0.000000,0.000000,0.993047,2.842188,false,false
2026-04-17T14:36:30.926388,0.000000,0.000000,-0.316037,108.108,E,0,0.000000,0,0.000000,1.183672,1.580230,1.164191,-0.555455,9.373300,3.536236,-0.838336,0.501633,-0.633165,1.164191,0.034819,-0.191812,-0.352469,0.402789,0.194946,-36.599003,-19.408001,-26.391001,NaN,-0.145128,true,Self-supervised model,0.153165,0.000000,0.000000,0.000000,0.000000,0.000000,1.016733,2.890328,false,false
2026-04-17T14:36:30.934580,0.000000,0.000000,-0.303860,107.410,E,0,0.000000,0,0.000000,1.169661,1.585807,1.096104,-0.562637,9.421184,3.629610,-0.801978,0.538173,-0.518310,1.096104,0.019548,-0.212581,-0.338419,0.400126,0.213478,-36.599003,-19.408001,-26.391001,NaN,-0.133403,true,Self-supervised model,0.146954,0.000000,0.000000,0.000000,0.000000,0.000000,1.067107,2.739400,false,false
2026-04-17T14:36:30.942660,0.000000,0.000000,-0.291768,106.717,E,0,0.000000,0,0.000000,1.150728,1.590404,1.051330,-0.591368,9.440337,3.699042,-0.789235,0.546744,-0.428337,1.051330,0.004276,-0.248622,-0.324369,0.408714,0.248659,-36.599003,-19.408001,-26.391001,NaN,-0.121655,true,Self-supervised model,0.144169,0.000000,0.000000,0.000000,0.000000,0.000000,1.094545,2.572290,false,false
2026-04-17T14:36:30.950579,0.000000,0.000000,-0.279780,106.030,E,0,0.000000,0,0.000000,1.128939,1.593946,1.014545,-0.622492,9.454702,3.775656,-0.783175,0.551964,-0.333580,1.014545,-0.001222,-0.291383,-0.301157,0.419047,0.291385,-36.599003,-19.408001,-26.391001,NaN,-0.110084,true,Self-supervised model,0.142801,0.000000,0.000000,0.000000,0.000000,0.000000,1.112753,2.421076,false,false
2026-04-17T14:36:30.958822,0.000000,0.000000,-0.267991,105.355,E,0,0.000000,0,0.000000,1.106789,1.596459,0.990506,-0.629675,9.493010,3.833117,-0.757927,0.582300,-0.259952,0.990506,-0.003665,-0.323759,-0.271224,0.422369,0.323779,-36.599003,-19.408001,-26.391001,NaN,-0.099091,true,Self-supervised model,0.139769,0.000000,0.000000,0.000000,0.000000,0.000000,1.117398,2.345120,false,false
2026-04-17T14:36:30.966765,0.000000,0.000000,-0.256512,104.697,E,0,0.000000,0,0.000000,1.085145,1.598007,0.971512,-0.615310,9.557653,3.931279,-0.715846,0.640036,-0.147494,0.971512,0.000000,-0.337808,-0.236405,0.412313,0.337808,-36.599003,-19.408001,-26.391001,NaN,-0.088852,true,Self-supervised model,0.139117,0.000000,0.000000,0.000000,0.000000,0.000000,1.116965,2.356249,false,false
2026-04-17T14:36:30.974912,0.000000,0.000000,-0.245461,104.064,E,0,0.000000,0,0.000000,1.069317,1.598859,0.986219,-0.617704,9.622296,4.027047,-0.694962,0.698663,-0.039054,0.986219,0.011606,-0.332311,-0.203418,0.389800,0.332513,-36.599003,-19.408001,-26.391001,NaN,-0.079512,true,Self-supervised model,0.137579,0.000000,0.000000,0.000000,0.000000,0.000000,1.084259,2.530064,false,false
2026-04-17T14:36:30.983247,0.000000,0.000000,-0.234956,103.462,E,0,0.000000,0,0.000000,1.062673,1.599412,1.027791,-0.608127,9.703699,4.165911,-0.666190,0.774701,0.111281,1.027791,0.032987,-0.304822,-0.158825,0.345297,0.306601,-36.599003,-19.408001,-26.391001,NaN,-0.071191,true,Self-supervised model,0.139512,0.000000,0.000000,0.000000,0.000000,0.000000,1.033939,2.976544,false,false
2026-04-17T14:36:30.991174,0.000000,0.000000,-0.225106,102.898,E,0,0.000000,0,0.000000,1.056124,1.599680,1.021746,-0.521936,9.742006,4.311957,-0.564979,0.807943,0.268312,1.021746,0.068417,-0.267559,-0.116064,0.299566,0.276168,-36.599003,-19.408001,-26.391001,NaN,-0.063960,true,Self-supervised model,0.141031,0.000000,0.000000,0.000000,0.000000,0.000000,1.033647,3.410758,false,false
2026-04-17T14:36:30.998893,0.000000,0.000000,-0.216037,102.378,E,0,0.000000,0,0.000000,1.053240,1.599823,1.038098,-0.380678,9.785102,4.469975,-0.412988,0.845716,0.438010,1.038098,0.114843,-0.236405,-0.074526,0.273185,0.262823,-36.599003,-19.408001,-26.391001,NaN,-0.058018,true,Self-supervised model,0.142523,0.000000,0.000000,0.000000,0.000000,0.000000,1.014587,3.799978,false,false
2026-04-17T14:36:31.006741,0.000000,0.000000,-0.207863,101.910,E,0,0.000000,0,0.000000,1.044822,1.599623,1.000629,-0.210690,9.749189,4.565742,-0.236361,0.803782,0.547108,1.000629,0.169821,-0.212581,-0.048258,0.276331,0.272084,-36.599003,-19.408001,-26.391001,NaN,-0.053421,true,Self-supervised model,0.139346,0.000000,0.000000,0.000000,0.000000,0.000000,1.044165,3.621130,false,false
2026-04-17T14:36:31.015501,0.000000,0.000000,-0.200656,101.497,E,0,0.000000,0,0.000000,1.034962,1.599036,0.983196,-0.045490,9.753978,4.568137,-0.067626,0.801304,0.565697,0.983196,0.240070,-0.184481,-0.026267,0.303903,0.302766,-36.599003,-19.408001,-26.391001,NaN,-0.050081,true,Self-supervised model,0.136430,0.000000,0.000000,0.000000,0.000000,0.000000,1.052651,3.235231,false,false
2026-04-17T14:36:31.023174,0.000000,0.000000,-0.194416,101.139,E,0,0.000000,0,0.000000,1.027652,1.598181,0.989275,0.071826,9.799467,4.505888,0.050986,0.837827,0.523557,0.989275,0.310930,-0.164323,-0.014661,0.351987,0.351681,-36.599003,-19.408001,-26.391001,NaN,-0.047712,true,Self-supervised model,0.134873,0.000000,0.000000,0.000000,0.000000,0.000000,1.038793,2.810546,false,false
2026-04-17T14:36:31.031986,0.000000,0.000000,-0.189098,100.834,E,0,0.000000,0,0.000000,1.019138,1.597019,0.974438,0.143652,9.828198,4.407725,0.122112,0.855803,0.449688,0.974438,0.377515,-0.160047,-0.015882,0.410347,0.410039,-34.553001,-23.627001,-23.116001,NaN,-0.046080,true,Self-supervised model,0.132676,0.000000,0.000000,0.000000,0.000000,0.000000,1.045873,2.374668,false,false
2026-04-17T14:36:31.038056,0.000000,0.000000,-0.184635,100.579,E,0,0.000000,0,0.000000,1.016474,1.595797,1.002486,0.181959,9.904813,4.295198,0.158221,0.919983,0.365481,1.002486,0.419054,-0.176540,-0.016493,0.455021,0.454722,-34.553001,-23.627001,-23.116001,NaN,-0.045039,true,Self-supervised model,0.132655,0.000000,0.000000,0.000000,0.000000,0.000000,1.013952,2.203164,false,false
2026-04-17T14:36:31.047418,0.000000,0.000000,-0.180924,100.366,E,0,0.000000,0,0.000000,1.021904,1.594842,1.050411,0.201113,10.002975,4.144363,0.174984,1.008069,0.237781,1.050411,0.441045,-0.197309,-0.020159,0.483589,0.483168,-34.553001,-23.627001,-23.116001,NaN,-0.044335,true,Self-supervised model,0.136059,0.000000,0.000000,0.000000,0.000000,0.000000,0.972861,2.172117,false,false
2026-04-17T14:36:31.055066,0.000000,0.000000,-0.177865,100.191,E,0,0.000000,0,0.000000,1.045779,1.594879,1.171126,0.177171,10.165780,4.007894,0.145260,1.153391,0.141861,1.171126,0.452651,-0.252898,-0.031765,0.519480,0.518508,-34.553001,-23.627001,-23.116001,NaN,-0.043886,true,Self-supervised model,0.148347,0.000000,0.000000,0.000000,0.000000,0.000000,0.892969,2.254419,false,false
2026-04-17T14:36:31.063051,0.000000,0.000000,-0.175287,100.043,E,0,0.000000,0,0.000000,1.078612,1.596228,1.250982,0.193930,10.266336,3.883395,0.156484,1.240160,0.049711,1.250982,0.433103,-0.301767,-0.045204,0.529798,0.527866,-34.553001,-23.627001,-23.116001,NaN,-0.043227,true,Self-supervised model,0.158038,0.000000,0.000000,0.000000,0.000000,0.000000,0.862212,2.361244,false,false
2026-04-17T14:36:31.069992,0.000000,0.000000,-0.173086,99.917,E,0,0.000000,0,0.000000,1.116824,1.599052,1.317442,0.260968,10.338163,3.830723,0.217473,1.299074,0.027649,1.317442,0.400117,-0.343306,-0.059254,0.530531,0.527212,-34.553001,-23.627001,-23.116001,NaN,-0.042540,true,Self-supervised model,0.165807,0.000000,0.000000,0.000000,0.000000,0.000000,0.847722,2.483249,false,false
2026-04-17T14:36:31.079700,0.000000,0.000000,-0.171138,99.805,E,0,0.000000,0,0.000000,1.151826,1.603163,1.335582,0.356736,10.350134,3.806781,0.307105,1.299412,0.031551,1.335582,0.353691,-0.387899,-0.079412,0.530914,0.524941,-34.553001,-23.627001,-23.116001,NaN,-0.041599,true,Self-supervised model,0.167374,0.000000,0.000000,0.000000,0.000000,0.000000,0.862415,2.515629,false,false
2026-04-17T14:36:31.086469,0.000000,0.000000,-0.169323,99.702,E,0,0.000000,0,0.000000,1.176303,1.608089,1.304811,0.459687,10.299856,3.816358,0.404104,1.238911,0.065814,1.304811,0.305433,-0.423940,-0.095295,0.531127,0.522508,-34.553001,-23.627001,-23.116001,NaN,-0.040319,true,Self-supervised model,0.161037,0.000000,0.000000,0.000000,0.000000,0.000000,0.901513,2.456684,false,false
2026-04-17T14:36:31.096904,0.000000,0.000000,-0.167532,99.599,E,0,0.000000,0,0.000000,1.194883,1.613560,1.292430,0.600945,10.237606,3.852271,0.539685,1.167890,0.123078,1.292430,0.268170,-0.447764,-0.109956,0.533384,0.521927,-34.553001,-23.627001,-23.116001,NaN,-0.038623,true,Self-supervised model,0.160167,0.000000,0.000000,0.000000,0.000000,0.000000,0.924525,2.423077,false,false
2026-04-17T14:36:31.102081,0.000000,0.000000,-0.165693,99.493,E,0,0.000000,0,0.000000,1.213459,1.619556,1.310983,0.811634,10.146626,3.852271,0.744992,1.069419,0.141439,1.310983,0.221744,-0.463647,-0.120340,0.527845,0.513944,-34.553001,-23.627001,-23.116001,NaN,-0.036589,true,Self-supervised model,0.161211,0.000000,0.000000,0.000000,0.000000,0.000000,0.925611,2.483650,false,false
2026-04-17T14:36:31.111012,0.000000,0.000000,-0.163764,99.383,E,0,0.000000,0,0.000000,1.238994,1.626334,1.373048,1.012747,10.072407,3.840300,0.941308,0.989099,0.144517,1.373048,0.175318,-0.456927,-0.129503,0.506251,0.489407,-34.553001,-23.627001,-23.116001,NaN,-0.034304,true,Self-supervised model,0.170418,0.000000,0.000000,0.000000,0.000000,0.000000,0.902367,2.712188,false,false
2026-04-17T14:36:31.118915,0.000000,0.000000,-0.161718,99.266,E,0,0.000000,0,0.000000,1.265680,1.633908,1.405785,1.137246,9.988609,3.876213,1.062241,0.900481,0.192372,1.405785,0.135612,-0.418443,-0.143553,0.462701,0.439869,-34.553001,-23.627001,-23.116001,NaN,-0.031790,true,Self-supervised model,0.174644,0.000000,0.000000,0.000000,0.000000,0.000000,0.900337,3.038212,false,false
2026-04-17T14:36:31.133383,0.000000,0.000000,-0.159535,99.141,E,0,0.000000,0,0.000000,1.301043,1.642593,1.486696,1.254562,9.969456,3.902549,1.178218,0.877486,0.228224,1.486696,0.109956,-0.357356,-0.161268,0.407187,0.373890,-34.553001,-23.627001,-23.116001,NaN,-0.029056,true,Self-supervised model,0.188206,0.000000,0.000000,0.000000,0.000000,0.000000,0.875123,3.651139,false,false
2026-04-17T14:36:31.134470,0.000000,0.000000,-0.157186,99.006,E,0,0.000000,0,0.000000,1.337143,1.652375,1.526671,1.321599,9.923966,3.964798,1.246917,0.828765,0.298448,1.526671,0.097738,-0.269392,-0.175929,0.336267,0.286574,-34.553001,-23.627001,-23.116001,NaN,-0.026046,true,Self-supervised model,0.202735,0.000000,0.000000,0.000000,0.000000,0.000000,0.875855,4.540053,false,false
2026-04-17T14:36:31.142545,0.000000,0.000000,-0.154651,98.861,E,0,0.000000,0,0.000000,1.363406,1.662816,1.501286,1.357512,9.804255,3.969586,1.287972,0.705960,0.310819,1.501286,0.104458,-0.175318,-0.191812,0.280071,0.204078,-34.553001,-23.627001,-23.116001,NaN,-0.022767,true,Self-supervised model,0.195178,0.000000,0.000000,0.000000,0.000000,0.000000,0.908159,5.360379,false,false
2026-04-17T14:36:31.150697,0.000000,0.000000,-0.151915,98.704,E,0,0.000000,0,0.000000,1.369115,1.673068,1.399084,1.314417,9.691729,3.837905,1.254637,0.590242,0.186911,1.399084,0.108123,-0.091019,-0.212581,0.255276,0.141333,-34.553001,-23.627001,-23.116001,NaN,-0.019223,true,Self-supervised model,0.183733,0.000000,0.000000,0.000000,0.000000,0.000000,0.978579,5.480673,false,false
2026-04-17T14:36:31.160276,0.000000,0.000000,-0.148905,98.532,E,0,0.000000,0,0.000000,1.357908,1.682462,1.299073,1.254562,9.581595,3.679888,1.207841,0.476810,0.036937,1.299073,0.106291,-0.037263,-0.230907,0.256913,0.112633,-34.553001,-23.627001,-23.116001,NaN,-0.015120,true,Self-supervised model,0.174486,0.000000,0.000000,0.000000,0.000000,0.000000,1.045290,5.056472,false,false
2026-04-17T14:36:31.167180,0.000000,0.000000,-0.145605,98.343,E,0,0.000000,0,0.000000,1.328130,1.690289,1.171794,1.115698,9.514558,3.457227,1.084337,0.406789,-0.178426,1.171794,0.082467,-0.010385,-0.253509,0.266787,0.083118,-34.553001,-23.627001,-23.116001,NaN,-0.010663,true,Self-supervised model,0.167013,0.000000,0.000000,0.000000,0.000000,0.000000,1.133416,4.392240,false,false
2026-04-17T14:36:31.174515,0.000000,0.000000,-0.142009,98.137,E,0,0.000000,0,0.000000,1.308128,1.697002,1.203122,1.060631,9.481039,3.148375,1.038230,0.370985,-0.481611,1.203122,0.005498,-0.001833,-0.273668,0.273729,0.005795,-34.553001,-23.627001,-23.116001,NaN,-0.005880,true,Self-supervised model,0.165040,0.000000,0.000000,0.000000,0.000000,0.000000,1.087279,4.395302,false,false
2026-04-17T14:36:31.182508,0.000000,0.000000,-0.138515,97.936,E,0,0.000000,0,0.000000,1.309708,1.703510,1.318000,1.029507,9.402030,2.839523,1.014160,0.291637,-0.789653,1.318000,-0.115454,-0.015272,-0.295048,0.317200,0.116459,-34.553001,-23.627001,-23.116001,NaN,-0.002792,true,Self-supervised model,0.168464,0.000000,0.000000,0.000000,0.000000,0.000000,0.993709,4.155104,false,false
2026-04-17T14:36:31.191285,0.000000,0.000000,-0.135184,97.745,E,0,0.000000,0,0.000000,1.330568,1.710593,1.440081,1.065420,9.339781,2.703054,1.068062,0.233812,-0.937235,1.440081,-0.263283,-0.039706,-0.315817,0.413080,0.266260,-34.097000,-24.383001,-23.412001,NaN,-0.000118,true,Self-supervised model,0.177514,0.000000,0.000000,0.000000,0.000000,0.000000,0.923953,3.486204,false,false
2026-04-17T14:36:31.198815,0.000000,0.000000,-0.131386,97.528,E,0,0.000000,0,0.000000,1.348453,1.718107,1.442351,1.098939,9.186552,2.758120,1.119164,0.089930,-0.905406,1.442351,-0.467923,-0.102014,-0.332311,0.582914,0.478914,-34.097000,-24.383001,-23.412001,NaN,0.005551,true,Self-supervised model,0.170954,0.000000,0.000000,0.000000,0.000000,0.000000,0.934899,2.474379,false,false
2026-04-17T14:36:31.206490,0.000000,0.000000,-0.127174,97.287,E,0,0.000000,0,0.000000,1.338914,1.724939,1.288835,1.125275,9.004593,3.145981,1.160619,-0.076758,-0.555127,1.288835,-0.681115,-0.210749,-0.329867,0.785586,0.712974,-34.097000,-24.383001,-23.412001,NaN,0.011420,true,Self-supervised model,0.153746,0.000000,0.000000,0.000000,0.000000,0.000000,1.038856,1.640604,false,false
2026-04-17T14:36:31.216186,0.000000,0.000000,-0.122656,97.028,E,0,0.000000,0,0.000000,1.314369,1.730517,1.185508,1.113304,8.808268,3.770868,1.158290,-0.251908,0.018326,1.185508,-0.853990,-0.354913,-0.293826,0.970358,0.924803,-34.097000,-24.383001,-23.412001,NaN,0.017162,true,Self-supervised model,0.148776,0.000000,0.000000,0.000000,0.000000,0.000000,1.108697,1.221722,false,false
2026-04-17T14:36:31.222630,0.000000,0.000000,-0.118020,96.762,E,0,0.000000,0,0.000000,1.316353,1.735950,1.326772,1.094150,8.604761,4.340688,1.140225,-0.429162,0.525387,1.326772,-0.948674,-0.472810,-0.238848,1.086545,1.059967,-34.097000,-24.383001,-23.412001,NaN,0.022269,true,Self-supervised model,0.152277,0.000000,0.000000,0.000000,0.000000,0.000000,0.992148,1.221093,false,false
2026-04-17T14:36:31.232499,0.000000,0.000000,-0.113543,96.506,E,0,0.000000,0,0.000000,1.400547,1.744534,1.842565,1.273715,8.293514,4.965574,1.311763,-0.710940,1.081151,1.842565,-0.995099,-0.583376,-0.166155,1.165401,1.153495,-34.097000,-24.383001,-23.412001,NaN,0.026110,true,Self-supervised model,0.227029,0.000000,0.000000,0.000000,0.000000,0.000000,0.760107,1.581057,false,false
2026-04-17T14:36:31.238046,0.000000,0.000000,-0.109493,96.274,E,0,0.000000,0,0.000000,1.555870,1.758987,2.371313,1.482011,8.030152,5.528212,1.503026,-0.943439,1.572883,2.371313,-0.951117,-0.651793,-0.091019,1.156608,1.153021,-34.097000,-24.383001,-23.412001,NaN,0.028450,true,Self-supervised model,0.296175,0.000000,0.000000,0.000000,0.000000,0.000000,0.656122,2.050230,false,false
2026-04-17T14:36:31.246867,0.000000,0.000000,-0.106095,96.079,E,0,0.000000,0,0.000000,1.746957,1.780506,2.750163,1.625663,7.778761,5.913678,1.621994,-1.164841,1.890946,2.750163,-0.835664,-0.664621,-0.028711,1.068120,1.067734,-34.097000,-24.383001,-23.412001,NaN,0.029245,true,Self-supervised model,0.357046,0.000000,0.000000,0.000000,0.000000,0.000000,0.635219,2.574770,false,false
2026-04-17T14:36:31.254620,0.000000,0.000000,-0.103503,95.930,E,0,0.000000,0,0.000000,1.940225,1.808895,2.954883,1.738190,7.630321,6.124368,1.704347,-1.286378,2.042490,2.954883,-0.690889,-0.647517,0.023213,0.947177,0.946893,-34.097000,-24.383001,-23.412001,NaN,0.028611,true,Self-supervised model,0.399422,0.000000,0.000000,0.000000,0.000000,0.000000,0.656616,3.119674,false,false
2026-04-17T14:36:31.263699,0.000000,0.000000,-0.101798,95.833,E,0,0.000000,0,0.000000,2.119207,1.843307,3.058860,1.836353,7.520187,6.212954,1.768933,-1.374182,2.083057,3.058860,-0.546114,-0.611476,0.059254,0.821982,0.819843,-34.097000,-24.383001,-23.412001,NaN,0.026764,true,Self-supervised model,0.437433,0.000000,0.000000,0.000000,0.000000,0.000000,0.692809,3.721324,false,false
2026-04-17T14:36:31.269958,0.000000,0.000000,-0.101007,95.787,E,0,0.000000,0,0.000000,2.264517,1.882156,3.027398,1.917756,7.510611,6.165070,1.815137,-1.367157,2.000324,3.027398,-0.271224,-0.532674,0.097128,0.605589,0.597750,-34.097000,-24.383001,-23.412001,NaN,0.023902,true,Self-supervised model,0.467738,0.000000,0.000000,0.000000,0.000000,0.000000,0.748008,4.999093,false,false
2026-04-17T14:36:31.279389,0.000000,0.000000,-0.101105,95.793,E,0,0.000000,0,0.000000,2.370815,1.923702,2.928881,1.984793,7.539341,6.030994,1.847080,-1.327871,1.844829,2.928881,-0.096517,-0.485027,0.097738,0.504103,0.494537,-34.097000,-24.383001,-23.412001,NaN,0.020248,true,Self-supervised model,0.483559,0.000000,0.000000,0.000000,0.000000,0.000000,0.809461,5.810088,false,false
2026-04-17T14:36:31.286034,0.000000,0.000000,-0.101999,95.844,E,0,0.000000,0,0.000000,2.429924,1.965951,2.740245,2.030283,7.671022,5.817910,1.859235,-1.191307,1.622644,2.740245,0.072082,-0.468534,0.070250,0.479223,0.474046,-34.097000,-24.383001,-23.412001,NaN,0.016169,true,Self-supervised model,0.464575,0.000000,0.000000,0.000000,0.000000,0.000000,0.886754,5.718101,false,false
2026-04-17T14:36:31.296665,0.000000,0.000000,-0.103507,95.931,E,0,0.000000,0,0.000000,2.425894,2.006349,2.404737,1.977611,7.896077,5.497087,1.775582,-0.965997,1.302659,2.404737,0.195477,-0.491747,0.024435,0.529739,0.529175,-34.097000,-24.383001,-23.412001,NaN,0.012206,true,Self-supervised model,0.398253,0.000000,0.000000,0.000000,0.000000,0.000000,1.008798,4.539480,false,false
2026-04-17T14:36:31.302248,0.000000,0.000000,-0.105400,96.039,E,0,0.000000,0,0.000000,2.354867,2.042289,1.981974,1.833959,8.099585,5.063736,1.603641,-0.765729,0.877620,1.981974,0.265726,-0.519235,-0.029932,0.584048,0.583280,-34.097000,-24.383001,-23.412001,NaN,0.008776,true,Self-supervised model,0.314750,0.000000,0.000000,0.000000,0.000000,0.000000,1.188142,3.393513,false,false
2026-04-17T14:36:31.310331,0.000000,0.000000,-0.107433,96.155,E,0,0.000000,0,0.000000,2.248019,2.072519,1.687068,1.697489,8.157045,4.680665,1.441942,-0.713711,0.507561,1.687068,0.289550,-0.550390,-0.072082,0.626070,0.621907,-34.097000,-24.383001,-23.412001,NaN,0.006177,true,Self-supervised model,0.273092,0.000000,0.000000,0.000000,0.000000,0.000000,1.332501,2.694695,false,false
2026-04-17T14:36:31.318385,0.000000,0.000000,-0.109390,96.268,E,0,0.000000,0,0.000000,2.124308,2.096590,1.474823,1.577779,8.183381,4.223372,1.299919,-0.693607,0.064974,1.474823,0.270613,-0.583376,-0.110567,0.652522,0.643086,-34.097000,-24.383001,-23.412001,NaN,0.004527,true,Self-supervised model,0.246793,0.000000,0.000000,0.000000,0.000000,0.000000,1.440382,2.260190,false,false
2026-04-17T14:36:31.326456,0.000000,0.000000,-0.111100,96.366,E,0,0.000000,0,0.000000,2.014706,2.115315,1.439297,1.496376,8.109161,3.799598,1.164499,-0.762223,-0.366790,1.439297,0.199753,-0.607811,-0.141721,0.655302,0.639793,-34.097000,-24.383001,-23.412001,NaN,0.003805,true,Self-supervised model,0.233090,0.000000,0.000000,0.000000,0.000000,0.000000,1.399785,2.196389,false,false
2026-04-17T14:36:31.334502,0.000000,0.000000,-0.113848,96.523,E,0,0.000000,0,0.000000,1.935186,2.130110,1.517709,1.422156,7.996634,3.497929,1.044769,-0.870193,-0.674286,1.517709,0.087965,-0.625526,-0.153327,0.650023,0.631681,-34.097000,-24.383001,-23.412001,NaN,-0.003095,true,Self-supervised model,0.220268,0.000000,0.000000,0.000000,0.000000,0.000000,1.275071,2.334854,false,false
2026-04-17T14:36:31.342241,0.000000,0.000000,-0.117005,96.704,E,0,0.000000,0,0.000000,1.881379,2.142160,1.598888,1.340753,7.891289,3.308787,0.925678,-0.970590,-0.870355,1.598888,-0.020769,-0.629191,-0.149051,0.646938,0.629534,-34.097000,-24.383001,-23.412001,NaN,-0.007887,true,Self-supervised model,0.211010,0.000000,0.000000,0.000000,0.000000,0.000000,1.176680,2.471468,false,false
2026-04-17T14:36:31.351785,0.000000,0.000000,-0.120112,96.882,E,0,0.000000,0,0.000000,1.843845,2.152228,1.646794,1.316811,7.860164,3.220201,0.886557,-0.998868,-0.963436,1.646794,-0.155771,-0.623693,-0.125227,0.654935,0.642851,-31.808001,-26.524002,-23.614000,NaN,-0.010796,true,Self-supervised model,0.207224,0.000000,0.000000,0.000000,0.000000,0.000000,1.119657,2.514439,false,false
2026-04-17T14:36:31.359018,0.000000,0.000000,-0.122219,97.003,E,0,0.000000,0,0.000000,1.809064,2.160501,1.626466,1.338359,7.869741,3.256114,0.891992,-0.982263,-0.940691,1.626466,-0.295048,-0.616974,-0.084299,0.689069,0.683893,-31.808001,-26.524002,-23.614000,NaN,-0.008901,true,Self-supervised model,0.201857,0.000000,0.000000,0.000000,0.000000,0.000000,1.112267,2.360381,false,false
2026-04-17T14:36:31.366503,0.000000,0.000000,-0.123542,97.078,E,0,0.000000,0,0.000000,1.771684,2.166949,1.575438,1.391031,7.891289,3.368642,0.926064,-0.949006,-0.850764,1.575438,-0.429438,-0.611476,-0.034208,0.747991,0.747208,-31.808001,-26.524002,-23.614000,NaN,-0.007087,true,Self-supervised model,0.196582,0.000000,0.000000,0.000000,0.000000,0.000000,1.124566,2.106226,false,false
2026-04-17T14:36:31.374842,0.000000,0.000000,-0.124321,97.123,E,0,0.000000,0,0.000000,1.732213,2.171559,1.524988,1.496376,7.924808,3.545813,1.009965,-0.899414,-0.704707,1.524988,-0.533896,-0.603535,0.007330,0.805825,0.805791,-31.808001,-26.524002,-23.614000,NaN,-0.005694,true,Self-supervised model,0.191854,0.000000,0.000000,0.000000,0.000000,0.000000,1.135886,1.892456,false,false
2026-04-17T14:36:31.382569,0.000000,0.000000,-0.124772,97.149,E,0,0.000000,0,0.000000,1.688684,2.174244,1.460160,1.623269,7.994239,3.801992,1.113039,-0.810137,-0.486714,1.460160,-0.607200,-0.583987,0.034208,0.843151,0.842456,-31.808001,-26.524002,-23.614000,NaN,-0.004830,true,Self-supervised model,0.186779,0.000000,0.000000,0.000000,0.000000,0.000000,1.156506,1.731791,false,false
2026-04-17T14:36:31.391100,0.000000,0.000000,-0.125052,97.165,E,0,0.000000,0,0.000000,1.650880,2.175310,1.452407,1.788469,8.092402,4.082114,1.253771,-0.689213,-0.250063,1.452407,-0.680504,-0.504575,0.047037,0.848465,0.847161,-31.808001,-26.524002,-23.614000,NaN,-0.004427,true,Self-supervised model,0.183488,0.000000,0.000000,0.000000,0.000000,0.000000,1.136651,1.711805,false,false
2026-04-17T14:36:31.399354,0.000000,0.000000,-0.125251,97.176,E,0,0.000000,0,0.000000,1.623221,2.175226,1.478009,1.915361,8.176199,4.345476,1.358572,-0.581133,-0.032825,1.478009,-0.691499,-0.407447,0.026267,0.803041,0.802611,-31.808001,-26.524002,-23.614000,NaN,-0.004304,true,Self-supervised model,0.182217,0.000000,0.000000,0.000000,0.000000,0.000000,1.098248,1.840515,false,false
2026-04-17T14:36:31.406560,0.000000,0.000000,-0.125366,97.183,E,0,0.000000,0,0.000000,1.607097,2.174501,1.522446,1.999158,8.176199,4.548983,1.411809,-0.555966,0.124653,1.522446,-0.671341,-0.311541,-0.012217,0.740207,0.740106,-31.808001,-26.524002,-23.614000,NaN,-0.004077,true,Self-supervised model,0.183554,0.000000,0.000000,0.000000,0.000000,0.000000,1.055602,2.056785,false,false
2026-04-17T14:36:31.414996,0.000000,0.000000,-0.125854,97.211,E,0,0.000000,0,0.000000,1.607417,2.173818,1.609096,2.073379,8.123527,4.735731,1.474910,-0.585257,0.267027,1.609096,-0.625526,-0.209527,-0.077580,0.664231,0.659685,-31.808001,-26.524002,-23.614000,NaN,-0.006061,true,Self-supervised model,0.189459,0.000000,0.000000,0.000000,0.000000,0.000000,0.998956,2.422494,false,false
2026-04-17T14:36:31.422519,0.000000,0.000000,-0.125972,97.218,E,0,0.000000,0,0.000000,1.607291,2.173156,1.606634,2.035071,8.068460,4.891354,1.432887,-0.618688,0.381228,1.606634,-0.560163,-0.124617,-0.153327,0.593988,0.573857,-31.808001,-26.524002,-23.614000,NaN,-0.004702,true,Self-supervised model,0.190491,0.000000,0.000000,0.000000,0.000000,0.000000,1.000409,2.704827,false,false
2026-04-17T14:36:31.431510,0.000000,0.000000,-0.125609,97.197,E,0,0.000000,0,0.000000,1.591488,2.171890,1.508521,1.912967,8.037335,4.934450,1.314415,-0.630783,0.387379,1.508521,-0.502742,-0.067806,-0.203418,0.546559,0.507294,-31.808001,-26.524002,-23.614000,NaN,-0.002410,true,Self-supervised model,0.182923,0.000000,0.000000,0.000000,0.000000,0.000000,1.054999,2.760036,false,false
2026-04-17T14:36:31.438124,0.000000,0.000000,-0.124670,97.143,E,0,0.000000,0,0.000000,1.536548,2.168476,1.248115,1.630451,8.054094,4.915296,1.042461,-0.598110,0.336647,1.248115,-0.401949,0.010385,-0.272446,0.485693,0.402083,-31.808001,-26.524002,-23.614000,NaN,0.000832,true,Self-supervised model,0.176608,0.000000,0.000000,0.000000,0.000000,0.000000,1.231095,2.569760,false,false
2026-04-17T14:36:31.446934,0.000000,0.000000,-0.123097,97.053,E,0,0.000000,0,0.000000,1.439505,2.161317,0.930028,1.292869,8.130709,4.898537,0.720797,-0.508851,0.294067,0.930028,-0.330478,0.052534,-0.301767,0.450599,0.334628,-31.808001,-26.524002,-23.614000,NaN,0.004937,true,Self-supervised model,0.186384,0.000000,0.000000,0.000000,0.000000,0.000000,1.547808,2.063983,false,false
2026-04-17T14:36:31.454953,0.000000,0.000000,-0.120909,96.928,E,0,0.000000,0,0.000000,1.303168,2.148991,0.587394,0.900220,8.202535,4.826711,0.347523,-0.427920,0.202840,0.587394,-0.199753,0.089186,-0.311541,0.380675,0.218759,-31.808001,-26.524002,-23.614000,NaN,0.009589,true,Self-supervised model,0.198449,0.000000,0.000000,0.000000,0.000000,0.000000,2.218556,1.543034,false,false
2026-04-17T14:36:31.465076,0.000000,0.000000,-0.118187,96.772,E,0,0.000000,0,0.000000,1.149389,2.131007,0.342055,0.586579,8.310274,4.759673,0.053543,-0.314608,0.123112,0.342055,-0.090408,0.076969,-0.271835,0.296635,0.118734,-31.808001,-26.524002,-23.614000,NaN,0.014445,true,Self-supervised model,0.203052,0.000000,0.000000,0.000000,0.000000,0.000000,3.360250,1.153118,false,false
2026-04-17T14:36:31.470283,0.000000,0.000000,-0.115099,96.595,E,0,0.000000,0,0.000000,1.003670,2.107914,0.238642,0.349553,8.451532,4.647145,-0.166580,-0.170835,0.004003,0.238642,-0.029932,0.049480,-0.227853,0.235077,0.057829,-31.808001,-26.524002,-23.614000,NaN,0.018999,true,Self-supervised model,0.201141,0.000000,0.000000,0.000000,0.000000,0.000000,4.205763,1.015164,false,false
2026-04-17T14:36:31.479763,0.000000,0.000000,-0.111863,96.409,E,0,0.000000,0,0.000000,0.900210,2.081606,0.357049,0.172383,8.559271,4.529830,-0.332409,-0.063491,-0.113829,0.357049,0.046426,-0.006109,-0.156382,0.163242,0.046826,-31.808001,-26.524002,-23.614000,NaN,0.022829,true,Self-supervised model,0.192398,0.000000,0.000000,0.000000,0.000000,0.000000,2.521251,2.187242,false,false
2026-04-17T14:36:31.486880,0.000000,0.000000,-0.108734,96.230,E,0,0.000000,0,0.000000,0.821480,2.053201,0.408142,0.177171,8.690952,4.398149,-0.323090,0.065325,-0.240676,0.408142,0.115454,-0.076358,-0.073304,0.156632,0.138420,-31.808001,-26.524002,-23.614000,NaN,0.025523,true,Self-supervised model,0.176924,0.000000,0.000000,0.000000,0.000000,0.000000,2.012730,2.605740,false,false
2026-04-17T14:36:31.495106,0.000000,0.000000,-0.105949,96.070,E,0,0.000000,0,0.000000,0.761682,2.023540,0.447744,0.241814,8.779537,4.297592,-0.261194,0.148978,-0.331750,0.447744,0.163101,-0.131947,-0.010996,0.210078,0.209790,-31.808001,-26.524002,-23.614000,NaN,0.026939,true,Self-supervised model,0.158475,0.000000,0.000000,0.000000,0.000000,0.000000,1.701153,2.131323,false,false
2026-04-17T14:36:31.502362,0.000000,0.000000,-0.103698,95.941,E,0,0.000000,0,0.000000,0.721643,1.993464,0.511438,0.418985,8.851364,4.161122,-0.092811,0.214256,-0.455027,0.511438,0.204640,-0.183260,0.046426,0.278598,0.274703,-31.808001,-26.524002,-23.614000,NaN,0.027048,true,Self-supervised model,0.134388,0.000000,0.000000,0.000000,0.000000,0.000000,1.411007,1.835756,false,false
2026-04-17T14:36:31.513006,0.000000,0.000000,-0.102093,95.849,E,0,0.000000,0,0.000000,0.705313,1.963938,0.619580,0.653617,8.889671,4.041412,0.120701,0.244127,-0.556518,0.619580,0.231518,-0.208305,0.069639,0.319125,0.311435,-31.781002,-26.546001,-20.681002,NaN,0.026074,true,Self-supervised model,0.117252,0.000000,0.000000,0.000000,0.000000,0.000000,1.138373,1.941492,false,false
2026-04-17T14:36:31.518845,0.000000,0.000000,-0.101470,95.814,E,0,0.000000,0,0.000000,0.717769,1.936091,0.783163,0.854730,8.937555,3.909731,0.299815,0.281815,-0.666360,0.783163,0.251066,-0.194255,0.066584,0.324349,0.317441,-31.781002,-26.546001,-20.681002,NaN,0.022765,true,Self-supervised model,0.127185,0.000000,0.000000,0.000000,0.000000,0.000000,0.916500,2.414566,false,false
2026-04-17T14:36:31.526648,0.000000,0.000000,-0.101687,95.826,E,0,0.000000,0,0.000000,0.745491,1.910467,0.891035,0.957681,8.973468,3.806781,0.382407,0.305925,-0.744391,0.891035,0.260839,-0.152716,0.045815,0.305710,0.302257,-31.781002,-26.546001,-20.681002,NaN,0.019192,true,Self-supervised model,0.142621,0.000000,0.000000,0.000000,0.000000,0.000000,0.836658,2.914643,false,false
2026-04-17T14:36:31.534779,0.000000,0.000000,-0.102567,95.877,E,0,0.000000,0,0.000000,0.792495,1.887748,1.039262,1.015141,9.038112,3.643975,0.422889,0.357249,-0.879547,1.039262,0.263283,-0.074526,0.018326,0.274240,0.273627,-31.781002,-26.546001,-20.681002,NaN,0.015660,true,Self-supervised model,0.163746,0.000000,0.000000,0.000000,0.000000,0.000000,0.762555,3.789602,false,false
2026-04-17T14:36:31.542540,0.000000,0.000000,-0.103935,95.955,E,0,0.000000,0,0.000000,0.851293,1.868290,1.159987,1.036689,9.090784,3.493140,0.432507,0.395514,-1.001038,1.159987,0.245568,0.022602,-0.024435,0.247813,0.246606,-31.781002,-26.546001,-20.681002,NaN,0.012337,true,Self-supervised model,0.178706,0.000000,0.000000,0.000000,0.000000,0.000000,0.733882,4.680889,false,false
2026-04-17T14:36:31.550516,0.000000,0.000000,-0.105616,96.051,E,0,0.000000,0,0.000000,0.909092,1.851922,1.212537,1.055843,9.126697,3.416526,0.445063,0.416683,-1.048113,1.212537,0.202196,0.107512,-0.059865,0.236698,0.229003,-31.781002,-26.546001,-20.681002,NaN,0.009405,true,Self-supervised model,0.181115,0.000000,0.000000,0.000000,0.000000,0.000000,0.749744,5.122713,false,false
2026-04-17T14:36:31.559598,0.000000,0.000000,-0.107447,96.156,E,0,0.000000,0,0.000000,0.962515,1.838346,1.242985,1.046266,9.131485,3.363853,0.442893,0.413111,-1.085448,1.242985,0.150273,0.171042,-0.091630,0.245425,0.227678,-31.781002,-26.546001,-20.681002,NaN,0.006976,true,Self-supervised model,0.179512,0.000000,0.000000,0.000000,0.000000,0.000000,0.774358,5.064623,false,false
2026-04-17T14:36:31.566646,0.000000,0.000000,-0.108857,96.237,E,0,0.000000,0,0.000000,0.994159,1.826578,1.160288,0.943315,9.124303,3.406949,0.351439,0.399422,-1.031126,1.160288,0.080023,0.229074,-0.113621,0.267934,0.242650,-31.781002,-26.546001,-20.681002,NaN,0.007249,true,Self-supervised model,0.159651,0.000000,0.000000,0.000000,0.000000,0.000000,0.856821,4.330502,false,false
2026-04-17T14:36:31.574436,0.000000,0.000000,-0.109808,96.292,E,0,0.000000,0,0.000000,0.992817,1.815228,0.985774,0.837971,9.109938,3.560178,0.260476,0.380687,-0.871195,0.985774,0.010385,0.272446,-0.122173,0.298766,0.272644,-31.781002,-26.546001,-20.681002,NaN,0.008129,true,Self-supervised model,0.136885,0.000000,0.000000,0.000000,0.000000,0.000000,1.007145,3.299492,false,false
2026-04-17T14:36:31.583306,0.000000,0.000000,-0.110306,96.320,E,0,0.000000,0,0.000000,0.949623,1.802604,0.722854,0.732626,9.078813,3.794810,0.161102,0.339512,-0.617491,0.722854,-0.039095,0.309709,-0.108734,0.330562,0.312166,-31.781002,-26.546001,-20.681002,NaN,0.009447,true,Self-supervised model,0.142526,0.000000,0.000000,0.000000,0.000000,0.000000,1.313714,2.186745,false,false
2026-04-17T14:36:31.591260,0.000000,0.000000,-0.110887,96.353,E,0,0.000000,0,0.000000,0.878845,1.787653,0.507258,0.670376,9.085996,4.034230,0.105677,0.338511,-0.362703,0.507258,-0.061697,0.345139,-0.094073,0.363011,0.350610,-31.781002,-26.546001,-20.681002,NaN,0.008535,true,Self-supervised model,0.168009,0.000000,0.000000,0.000000,0.000000,0.000000,1.732541,1.397360,false,false
2026-04-17T14:36:31.598805,0.000000,0.000000,-0.111540,96.391,E,0,0.000000,0,0.000000,0.801527,1.770208,0.395609,0.557849,9.133880,4.271256,0.000916,0.379279,-0.112486,0.395609,-0.057421,0.402560,-0.069028,0.412452,0.406635,-31.781002,-26.546001,-20.681002,NaN,0.007592,true,Self-supervised model,0.176462,0.000000,0.000000,0.000000,0.000000,0.000000,2.026057,0.959164,false,false
2026-04-17T14:36:31.606040,0.000000,0.000000,-0.112277,96.433,E,0,0.000000,0,0.000000,0.749958,1.751398,0.479219,0.497994,9.222465,4.491522,-0.049272,0.461522,0.119248,0.479219,-0.020159,0.476475,-0.037874,0.478403,0.476901,-31.781002,-26.546001,-20.681002,NaN,0.006523,true,Self-supervised model,0.148258,0.000000,0.000000,0.000000,0.000000,0.000000,1.564959,1.001706,false,false
2026-04-17T14:36:31.614818,0.000000,0.000000,-0.113104,96.480,E,0,0.000000,0,0.000000,0.729364,1.732517,0.621249,0.411803,9.311050,4.635174,-0.123068,0.543961,0.273700,0.621249,0.048869,0.557109,-0.009163,0.559323,0.559248,-31.781002,-26.546001,-20.681002,NaN,0.005332,true,Self-supervised model,0.115473,0.000000,0.000000,0.000000,0.000000,0.000000,1.174028,1.110716,false,false
2026-04-17T14:36:31.622992,0.000000,0.000000,-0.114017,96.533,E,0,0.000000,0,0.000000,0.729850,1.714410,0.732402,0.349553,9.382876,4.718972,-0.170411,0.608760,0.369843,0.732402,0.119730,0.611476,0.019548,0.623394,0.623088,-31.781002,-26.546001,-20.681002,NaN,0.004075,true,Self-supervised model,0.113182,0.000000,0.000000,0.000000,0.000000,0.000000,0.996516,1.174862,false,false
2026-04-17T14:36:31.631564,0.000000,0.000000,-0.115040,96.591,E,0,0.000000,0,0.000000,0.749529,1.697815,0.852842,0.289698,9.464279,4.800375,-0.213480,0.682579,0.464598,0.852842,0.180816,0.637743,0.042761,0.664259,0.662881,-31.781002,-26.546001,-20.681002,NaN,0.002615,true,Self-supervised model,0.126063,0.000000,0.000000,0.000000,0.000000,0.000000,0.878861,1.283900,false,false
2026-04-17T14:36:31.638236,0.000000,0.000000,-0.116173,96.656,E,0,0.000000,0,0.000000,0.779279,1.683074,0.935465,0.239420,9.572019,4.771644,-0.245888,0.782124,0.450463,0.935465,0.290772,0.637132,0.076358,0.704497,0.700347,-31.781002,-26.546001,-20.681002,NaN,0.001040,true,Self-supervised model,0.136092,0.000000,0.000000,0.000000,0.000000,0.000000,0.833039,1.327848,false,false
2026-04-17T14:36:31.646786,0.000000,0.000000,-0.117404,96.727,E,0,0.000000,0,0.000000,0.808781,1.670102,0.963670,0.203507,9.634268,4.704607,-0.266123,0.833737,0.403386,0.963670,0.340863,0.612698,0.094684,0.707496,0.701132,-31.781002,-26.546001,-20.681002,NaN,-0.000586,true,Self-supervised model,0.137576,0.000000,0.000000,0.000000,0.000000,0.000000,0.839272,1.362085,false,false
2026-04-17T14:36:31.654248,0.000000,0.000000,-0.118823,96.808,E,0,0.000000,0,0.000000,0.834873,1.658693,0.971852,0.270545,9.720459,4.570531,-0.186500,0.907557,0.293353,0.971852,0.392786,0.547946,0.111788,0.683391,0.674185,-31.781002,-26.546001,-20.681002,NaN,-0.002750,true,Self-supervised model,0.135656,0.000000,0.000000,0.000000,0.000000,0.000000,0.859053,1.422104,false,false
2026-04-17T14:36:31.663565,0.000000,0.000000,-0.120483,96.903,E,0,0.000000,0,0.000000,0.853383,1.648480,0.950563,0.323217,9.756371,4.402937,-0.124188,0.929969,0.152659,0.950563,0.403782,0.478918,0.117897,0.637418,0.626420,-31.781002,-26.546001,-20.681002,NaN,-0.005379,true,Self-supervised model,0.130998,0.000000,0.000000,0.000000,0.000000,0.000000,0.897766,1.491270,false,false
2026-04-17T14:36:31.671061,0.000000,0.000000,-0.122389,97.012,E,0,0.000000,0,0.000000,0.865661,1.639168,0.930117,0.438139,9.768343,4.276044,-0.002140,0.928615,0.052806,0.930117,0.381791,0.406225,0.108123,0.567868,0.557479,-31.111002,-26.539001,-21.010000,NaN,-0.008271,true,Self-supervised model,0.127420,0.000000,0.000000,0.000000,0.000000,0.000000,0.930701,1.637912,false,false
2026-04-17T14:36:31.679304,0.000000,0.000000,-0.124496,97.133,E,0,0.000000,0,0.000000,0.866769,1.630272,0.872587,0.509965,9.720459,4.161122,0.075293,0.868541,-0.037092,0.872587,0.328645,0.348193,0.089186,0.487032,0.478797,-31.111002,-26.539001,-21.010000,NaN,-0.011179,true,Self-supervised model,0.122230,0.000000,0.000000,0.000000,0.000000,0.000000,0.993332,1.791640,false,false
2026-04-17T14:36:31.686328,0.000000,0.000000,-0.126704,97.260,E,0,0.000000,0,0.000000,0.857949,1.621379,0.811646,0.591368,9.648633,4.060566,0.161935,0.786680,-0.116966,0.811646,0.235794,0.301767,0.056810,0.387156,0.382965,-31.111002,-26.539001,-21.010000,NaN,-0.013790,true,Self-supervised model,0.119591,0.000000,0.000000,0.000000,0.000000,0.000000,1.057048,2.096432,false,false
2026-04-17T14:36:31.695098,0.000000,0.000000,-0.128886,97.385,E,0,0.000000,0,0.000000,0.828712,1.611672,0.675216,0.632069,9.500193,4.048595,0.209133,0.631557,-0.115395,0.675216,0.109956,0.284052,0.011606,0.304813,0.304592,-31.111002,-26.539001,-21.010000,NaN,-0.015869,true,Self-supervised model,0.126685,0.000000,0.000000,0.000000,0.000000,0.000000,1.227329,2.215183,false,false
2026-04-17T14:36:31.702162,0.000000,0.000000,-0.130876,97.499,E,0,0.000000,0,0.000000,0.777972,1.600324,0.511588,0.572214,9.356541,4.141969,0.159189,0.485834,-0.018602,0.511588,-0.034819,0.310320,-0.035430,0.314270,0.312267,-31.111002,-26.539001,-21.010000,NaN,-0.017090,true,Self-supervised model,0.149641,0.000000,0.000000,0.000000,0.000000,0.000000,1.520701,1.627858,false,false
2026-04-17T14:36:31.710573,0.000000,0.000000,-0.132476,97.590,E,0,0.000000,0,0.000000,0.723005,1.587231,0.434429,0.409408,9.284714,4.290410,0.010882,0.416437,0.123247,0.434429,-0.153327,0.378736,-0.072082,0.414905,0.408596,-31.111002,-26.539001,-21.010000,NaN,-0.017133,true,Self-supervised model,0.156299,0.000000,0.000000,0.000000,0.000000,0.000000,1.664267,1.047055,false,false
2026-04-17T14:36:31.718435,0.000000,0.000000,-0.133548,97.652,E,0,0.000000,0,0.000000,0.702327,1.573835,0.593769,0.090980,9.270349,4.503493,-0.287568,0.408375,0.321086,0.593769,-0.258396,0.518014,-0.087965,0.585529,0.578884,-31.111002,-26.539001,-21.010000,NaN,-0.016091,true,Self-supervised model,0.113976,0.000000,0.000000,0.000000,0.000000,0.000000,1.182829,1.014072,false,false
2026-04-17T14:36:31.726855,0.000000,0.000000,-0.134041,97.680,E,0,0.000000,0,0.000000,0.747072,1.562765,0.981981,-0.342371,9.346964,4.690241,-0.695533,0.494267,0.486025,0.981981,-0.318872,0.700662,-0.066584,0.772684,0.769810,-31.111002,-26.539001,-21.010000,NaN,-0.014264,true,Self-supervised model,0.152565,0.000000,0.000000,0.000000,0.000000,0.000000,0.760780,1.270870,false,false
2026-04-17T14:36:31.734929,0.000000,0.000000,-0.134032,97.679,E,0,0.000000,0,0.000000,0.846539,1.556116,1.368743,-0.727837,9.478644,4.831499,-1.051432,0.636915,0.601902,1.368743,-0.340252,0.896750,-0.003054,0.959136,0.959131,-31.111002,-26.539001,-21.010000,NaN,-0.012252,true,Self-supervised model,0.210105,0.000000,0.000000,0.000000,0.000000,0.000000,0.618479,1.427058,false,false
2026-04-17T14:36:31.742827,0.000000,0.000000,-0.133743,97.663,E,0,0.000000,0,0.000000,0.968860,1.554625,1.611047,-0.984017,9.603143,4.862624,-1.276626,0.772843,0.606971,1.611047,-0.334143,1.028697,0.075136,1.084212,1.081605,-31.111002,-26.539001,-21.010000,NaN,-0.010845,true,Self-supervised model,0.233713,0.000000,0.000000,0.000000,0.000000,0.000000,0.601385,1.485916,false,false
2026-04-17T14:36:31.750502,0.000000,0.000000,-0.133491,97.648,E,0,0.000000,0,0.000000,1.098432,1.558378,1.778684,-1.151611,9.739613,4.841076,-1.415102,0.920847,0.559680,1.778684,-0.334143,1.095281,0.184481,1.159882,1.145117,-31.111002,-26.539001,-21.010000,NaN,-0.010737,true,Self-supervised model,0.249349,0.000000,0.000000,0.000000,0.000000,0.000000,0.617553,1.533504,false,false
2026-04-17T14:36:31.759,0.000000,0.000000,-0.133601,97.655,E,0,0.000000,0,0.000000,1.221133,1.566888,1.865311,-1.209072,9.883265,4.774038,-1.450061,1.076715,0.466252,1.865311,-0.373239,1.038471,0.294437,1.142113,1.103508,-31.111002,-26.539001,-21.010000,NaN,-0.012294,true,Self-supervised model,0.258022,0.000000,0.000000,0.000000,0.000000,0.000000,0.654654,1.633210,false,false
2026-04-17T14:36:31.766498,0.000000,0.000000,-0.134388,97.700,E,0,0.000000,0,0.000000,1.335077,1.579615,1.933286,-1.156399,10.086772,4.714183,-1.385557,1.294688,0.376308,1.933286,-0.436158,0.926072,0.365297,1.086869,1.023642,-31.111002,-26.539001,-21.010000,NaN,-0.015791,true,Self-supervised model,0.265127,0.000000,0.000000,0.000000,0.000000,0.000000,0.690574,1.778766,false,false
2026-04-17T14:36:31.774262,0.000000,0.000000,-0.136089,97.797,E,0,0.000000,0,0.000000,1.440819,1.596064,1.995964,-1.072602,10.240001,4.742914,-1.303211,1.466309,0.368037,1.995964,-0.577268,0.681115,0.469145,1.008589,0.892835,-31.111002,-26.539001,-21.010000,NaN,-0.021147,true,Self-supervised model,0.273502,0.000000,0.000000,0.000000,0.000000,0.000000,0.721866,1.978966,false,false
2026-04-17T14:36:31.782245,0.000000,0.000000,-0.138855,97.956,E,0,0.000000,0,0.000000,1.531011,1.615461,2.004520,-0.888249,10.352529,4.831499,-1.132573,1.601926,0.411356,2.004520,-0.709215,0.473421,0.527788,1.002832,0.852709,-31.111002,-26.539001,-21.010000,NaN,-0.028173,true,Self-supervised model,0.274669,0.000000,0.000000,0.000000,0.000000,0.000000,0.763779,1.998860,false,false
2026-04-17T14:36:31.790835,0.000000,0.000000,-0.142703,98.176,E,0,0.000000,0,0.000000,1.598453,1.636781,1.952523,-0.689530,10.326192,5.044583,-0.956653,1.603503,0.570910,1.952523,-0.830777,0.329867,0.550390,1.049729,0.893869,-31.111002,-26.539001,-21.010000,NaN,-0.036351,true,Self-supervised model,0.267479,0.000000,0.000000,0.000000,0.000000,0.000000,0.818660,1.860026,false,false
2026-04-17T14:36:31.799415,0.000000,0.000000,-0.147521,98.452,E,0,0.000000,0,0.000000,1.624572,1.658293,1.761695,-0.418985,10.084377,5.341464,-0.713447,1.393935,0.807160,1.761695,-0.924239,0.257174,0.541837,1.101791,0.959352,-31.111002,-26.539001,-21.010000,NaN,-0.045049,true,Self-supervised model,0.238686,0.000000,0.000000,0.000000,0.000000,0.000000,0.922164,1.598937,false,false
2026-04-17T14:36:31.806351,0.000000,0.000000,-0.153094,98.772,E,0,0.000000,0,0.000000,1.617288,1.678653,1.579048,-0.186748,9.739613,5.628768,-0.509036,1.085218,1.027899,1.579048,-0.984715,0.241292,0.506407,1.133284,1.013847,-31.111002,-26.539001,-21.010000,NaN,-0.053640,true,Self-supervised model,0.211401,0.000000,0.000000,0.000000,0.000000,0.000000,1.024217,1.393338,false,false
2026-04-17T14:36:31.814542,0.000000,0.000000,-0.159153,99.119,E,0,0.000000,0,0.000000,1.602721,1.697615,1.526241,0.031125,9.287108,6.004658,-0.315483,0.671145,1.333959,1.526241,-1.020145,0.268781,0.447764,1.146050,1.054959,-31.111002,-26.539001,-21.010000,NaN,-0.061644,true,Self-supervised model,0.206709,0.000000,0.000000,0.000000,0.000000,0.000000,1.050110,1.331740,false,false
2026-04-17T14:36:31.822775,0.000000,0.000000,-0.165392,99.476,E,0,0.000000,0,0.000000,1.618186,1.716438,1.699377,0.038307,8.884883,6.380548,-0.326770,0.308542,1.638874,1.699377,-1.009149,0.326813,0.386678,1.129030,1.060749,-31.111002,-26.539001,-21.010000,NaN,-0.068602,true,Self-supervised model,0.224277,0.000000,0.000000,0.000000,0.000000,0.000000,0.952223,1.505166,false,false
2026-04-17T14:36:31.831523,0.000000,0.000000,-0.171538,99.828,E,0,0.000000,0,0.000000,1.665616,1.736405,1.914625,-0.050278,8.626308,6.675035,-0.427425,0.089108,1.864177,1.914625,-0.974330,0.386678,0.357967,1.107691,1.048255,-30.336002,-28.358002,-20.010000,NaN,-0.074377,true,Self-supervised model,0.253437,0.000000,0.000000,0.000000,0.000000,0.000000,0.869944,1.728483,false,false
2026-04-17T14:36:31.838035,0.000000,0.000000,-0.177421,100.165,E,0,0.000000,0,0.000000,1.742830,1.758662,2.148205,-0.275333,8.461109,6.919243,-0.659171,-0.039301,2.044195,2.148205,-0.858266,0.513127,0.349415,1.059250,0.999960,-30.336002,-28.358002,-20.010000,NaN,-0.079207,true,Self-supervised model,0.283893,0.000000,0.000000,0.000000,0.000000,0.000000,0.811296,2.028044,false,false
2026-04-17T14:36:31.846667,0.000000,0.000000,-0.183023,100.486,E,0,0.000000,0,0.000000,1.836691,1.783783,2.329462,-0.593762,8.415619,7.043741,-0.979869,-0.052331,2.112702,2.329462,-0.700052,0.647517,0.383013,1.027643,0.953599,-30.336002,-28.358002,-20.010000,NaN,-0.083688,true,Self-supervised model,0.316437,0.000000,0.000000,0.000000,0.000000,0.000000,0.788462,2.266802,false,false
2026-04-17T14:36:31.854288,0.000000,0.000000,-0.188448,100.797,E,0,0.000000,0,0.000000,1.931547,1.811694,2.429538,-0.881066,8.494628,7.048530,-1.266829,0.053060,2.072434,2.429538,-0.510683,0.777631,0.445321,1.031416,0.930327,-30.336002,-28.358002,-20.010000,NaN,-0.088404,true,Self-supervised model,0.331489,0.000000,0.000000,0.000000,0.000000,0.000000,0.795026,2.355537,false,false
2026-04-17T14:36:31.863334,0.000000,0.000000,-0.193900,101.110,E,0,0.000000,0,0.000000,2.012517,1.841727,2.437608,-1.067814,8.540117,6.962338,-1.452890,0.117750,1.953760,2.437608,-0.334754,0.857044,0.511294,1.052619,0.920100,-30.336002,-28.358002,-20.010000,NaN,-0.093962,true,Self-supervised model,0.339055,0.000000,0.000000,0.000000,0.000000,0.000000,0.825611,2.315756,false,false
2026-04-17T14:36:31.870145,0.000000,0.000000,-0.199628,101.438,E,0,0.000000,0,0.000000,2.065938,1.872695,2.346397,-1.158794,8.631097,6.780379,-1.545329,0.220721,1.751805,2.346397,-0.145997,0.879035,0.586431,1.066733,0.891077,-30.336002,-28.358002,-20.010000,NaN,-0.100792,true,Self-supervised model,0.320642,0.000000,0.000000,0.000000,0.000000,0.000000,0.880472,2.199611,false,false
2026-04-17T14:36:31.879869,0.000000,0.000000,-0.205833,101.793,E,0,0.000000,0,0.000000,2.075468,1.902806,2.125501,-1.101333,8.734048,6.512228,-1.494237,0.328902,1.475410,2.125501,0.004887,0.816727,0.640187,1.037741,0.816741,-30.336002,-28.358002,-20.010000,NaN,-0.108907,true,Self-supervised model,0.296055,0.000000,0.000000,0.000000,0.000000,0.000000,0.976460,2.048201,false,false
2026-04-17T14:36:31.885911,0.000000,0.000000,-0.212665,102.185,E,0,0.000000,0,0.000000,2.042046,1.930376,1.866585,-1.010353,8.858546,6.165070,-1.415797,0.453788,1.128598,1.866585,0.097738,0.683558,0.663400,0.957551,0.690510,-30.336002,-28.358002,-20.010000,NaN,-0.118252,true,Self-supervised model,0.254966,0.000000,0.000000,0.000000,0.000000,0.000000,1.094002,1.949332,false,false
2026-04-17T14:36:31.897704,0.000000,0.000000,-0.220153,102.614,E,0,0.000000,0,0.000000,1.985981,1.954600,1.691639,-0.921768,8.983045,5.877765,-1.346330,0.575772,0.847069,1.691639,0.143553,0.544892,0.662178,0.869479,0.563484,-30.336002,-28.358002,-20.010000,NaN,-0.128356,true,Self-supervised model,0.243494,0.000000,0.000000,0.000000,0.000000,0.000000,1.173998,1.945577,false,false
2026-04-17T14:36:31.902417,0.000000,0.000000,-0.228225,103.076,E,0,0.000000,0,0.000000,1.910026,1.974817,1.511258,-0.794875,9.062054,5.580884,-1.244194,0.651043,0.558592,1.511258,0.152105,0.378126,0.638354,0.757371,0.407572,-30.336002,-28.358002,-20.010000,NaN,-0.138769,true,Self-supervised model,0.208979,0.000000,0.000000,0.000000,0.000000,0.000000,1.263864,1.995400,false,false
2026-04-17T14:36:31.910514,0.000000,0.000000,-0.236749,103.565,E,0,0.000000,0,0.000000,1.817098,1.990508,1.329230,-0.641646,9.057265,5.329493,-1.119827,0.642828,0.315613,1.329230,0.115454,0.227853,0.580322,0.634050,0.255434,-30.336002,-28.358002,-20.010000,NaN,-0.149103,true,Self-supervised model,0.211967,0.000000,0.000000,0.000000,0.000000,0.000000,1.367031,2.096410,false,false
2026-04-17T14:36:31.918199,0.000000,0.000000,-0.245532,104.068,E,0,0.000000,0,0.000000,1.694689,2.000676,1.052042,-0.409408,8.899248,5.188235,-0.917015,0.483229,0.179907,1.052042,0.047647,0.117897,0.495412,0.511471,0.127161,-30.336002,-28.358002,-20.010000,NaN,-0.158916,true,Self-supervised model,0.203078,0.000000,0.000000,0.000000,0.000000,0.000000,1.610857,2.056894,false,false
2026-04-17T14:36:31.927220,0.000000,0.000000,-0.254288,104.570,E,0,0.000000,0,0.000000,1.546840,2.004522,0.770631,-0.184354,8.662222,5.137957,-0.718103,0.247516,0.130140,0.770631,-0.031765,0.061087,0.405615,0.411417,0.068852,-30.336002,-28.358002,-20.010000,NaN,-0.167567,true,Self-supervised model,0.203782,0.000000,0.000000,0.000000,0.000000,0.000000,2.007239,1.873115,false,false
2026-04-17T14:36:31.934436,0.000000,0.000000,-0.262689,105.051,E,0,0.000000,0,0.000000,1.391122,2.001986,0.573603,0.019154,8.327033,5.204995,-0.534298,-0.082995,0.191463,0.573603,-0.130114,0.066584,0.292604,0.327079,0.146162,-30.336002,-28.358002,-20.010000,NaN,-0.174548,true,Self-supervised model,0.198177,0.000000,0.000000,0.000000,0.000000,0.000000,2.425234,1.753715,false,false
2026-04-17T14:36:31.941961,0.000000,0.000000,-0.270423,105.494,E,0,0.000000,0,0.000000,1.283113,1.995231,0.716063,0.112527,7.943961,5.341464,-0.451033,-0.457991,0.315532,0.716063,-0.213803,0.144164,0.180205,0.314593,0.257866,-30.336002,-28.358002,-20.010000,NaN,-0.179616,true,Self-supervised model,0.182976,0.000000,0.000000,0.000000,0.000000,0.000000,1.791898,2.276157,false,false
2026-04-17T14:36:31.950358,0.000000,0.000000,-0.277221,105.884,E,0,0.000000,0,0.000000,1.249444,1.987400,1.072686,0.086191,7.541735,5.494693,-0.475414,-0.849464,0.450608,1.072686,-0.259007,0.287718,0.092241,0.397963,0.387125,-30.336002,-28.358002,-20.010000,NaN,-0.182664,true,Self-supervised model,0.144364,0.000000,0.000000,0.000000,0.000000,0.000000,1.164781,2.695444,false,false
2026-04-17T14:36:31.958662,0.000000,0.000000,-0.282887,106.208,E,0,0.000000,0,0.000000,1.278978,1.981063,1.434030,-0.023942,7.182605,5.612009,-0.571459,-1.196453,0.546240,1.434030,-0.266948,0.445932,0.044593,0.521637,0.519727,-30.336002,-28.358002,-20.010000,NaN,-0.183806,true,Self-supervised model,0.162885,0.000000,0.000000,0.000000,0.000000,0.000000,0.891877,2.749098,false,false
2026-04-17T14:36:31.966234,0.000000,0.000000,-0.287379,106.466,E,0,0.000000,0,0.000000,1.360461,1.978239,1.788248,-0.165200,6.830657,5.693412,-0.687715,-1.536018,0.604589,1.788248,-0.241292,0.640187,0.014661,0.684307,0.684150,-30.336002,-28.358002,-20.010000,NaN,-0.183603,true,Self-supervised model,0.209694,0.000000,0.000000,0.000000,0.000000,0.000000,0.760779,2.613225,false,false
2026-04-17T14:36:31.973916,0.000000,0.000000,-0.290777,106.660,E,0,0.000000,0,0.000000,1.471577,1.979972,2.054934,-0.392649,6.605602,5.731719,-0.881029,-1.749630,0.620753,2.054934,-0.182038,0.810618,0.014661,0.830936,0.830807,-30.336002,-28.358002,-20.010000,NaN,-0.182623,true,Self-supervised model,0.243071,0.000000,0.000000,0.000000,0.000000,0.000000,0.716119,2.473035,false,false
2026-04-17T14:36:31.982345,0.000000,0.000000,-0.293247,106.802,E,0,0.000000,0,0.000000,1.586950,1.986251,2.192658,-0.653617,6.550536,5.734113,-1.103161,-1.795758,0.605011,2.192658,-0.106291,0.934624,0.044593,0.941705,0.940648,-30.336002,-28.358002,-20.010000,NaN,-0.181384,true,Self-supervised model,0.261389,0.000000,0.000000,0.000000,0.000000,0.000000,0.723756,2.328392,false,false
2026-04-17T14:36:31.991131,0.000000,0.000000,-0.295056,106.905,E,0,0.000000,0,0.000000,1.697509,1.996702,2.277947,-0.893037,6.564901,5.724536,-1.302710,-1.775547,0.582600,2.277947,-0.037263,0.986547,0.091019,0.991438,0.987251,-25.667002,-24.902000,-25.066002,NaN,-0.180548,true,Self-supervised model,0.275730,0.000000,0.000000,0.000000,0.000000,0.000000,0.745193,2.297620,false,false
2026-04-17T14:36:31.998757,0.000000,0.000000,-0.296504,106.988,E,0,0.000000,0,0.000000,1.800139,2.010839,2.338943,-1.165976,6.665458,5.702989,-1.538610,-1.672294,0.553867,2.338943,0.048258,0.987158,0.172264,1.003237,0.988337,-25.667002,-24.902000,-25.066002,NaN,-0.180550,true,Self-supervised model,0.289122,0.000000,0.000000,0.000000,0.000000,0.000000,0.769638,2.331396,false,false
2026-04-17T14:36:32.006400,0.000000,0.000000,-0.297880,107.067,E,0,0.000000,0,0.000000,1.886410,2.027862,2.339335,-1.319205,6.766014,5.640739,-1.661230,-1.572337,0.490467,2.339335,0.130114,0.940122,0.262061,0.984599,0.949083,-25.667002,-24.902000,-25.066002,NaN,-0.181636,true,Self-supervised model,0.295778,0.000000,0.000000,0.000000,0.000000,0.000000,0.806387,2.375928,false,false
2026-04-17T14:36:32.015285,0.000000,0.000000,-0.299472,107.158,E,0,0.000000,0,0.000000,1.946618,2.046612,2.262709,-1.391031,6.924031,5.571307,-1.710831,-1.418256,0.425981,2.262709,0.195477,0.883922,0.329256,0.963296,0.905279,-25.667002,-24.902000,-25.066002,NaN,-0.184094,true,Self-supervised model,0.290620,0.000000,0.000000,0.000000,0.000000,0.000000,0.860304,2.348924,false,false
2026-04-17T14:36:32.022811,0.000000,0.000000,-0.301523,107.276,E,0,0.000000,0,0.000000,1.972480,2.065647,2.108258,-1.331176,7.074866,5.504270,-1.637973,-1.274716,0.369997,2.108258,0.292604,0.783740,0.420275,0.936214,0.836580,-25.667002,-24.902000,-25.066002,NaN,-0.187984,true,Self-supervised model,0.271434,0.000000,0.000000,0.000000,0.000000,0.000000,0.935597,2.251897,false,false
2026-04-17T14:36:32.031836,0.000000,0.000000,-0.304214,107.430,E,0,0.000000,0,0.000000,1.953857,2.083175,1.856084,-1.154005,7.232883,5.348647,-1.456107,-1.127453,0.231626,1.856084,0.355524,0.719599,0.466701,0.928456,0.802633,-25.667002,-24.902000,-25.066002,NaN,-0.193234,true,Self-supervised model,0.243285,0.000000,0.000000,0.000000,0.000000,0.000000,1.052677,1.999109,false,false
2026-04-17T14:36:32.038051,0.000000,0.000000,-0.307660,107.628,E,0,0.000000,0,0.000000,1.905192,2.098056,1.649703,-1.007959,7.376535,5.159505,-1.312204,-0.997681,0.065358,1.649703,0.452651,0.630413,0.516792,0.932410,0.776089,-25.667002,-24.902000,-25.066002,NaN,-0.199698,true,Self-supervised model,0.220881,0.000000,0.000000,0.000000,0.000000,0.000000,1.154870,1.769290,false,false
2026-04-17T14:36:32.046446,0.000000,0.000000,-0.311881,107.869,E,0,0.000000,0,0.000000,1.840343,2.109748,1.499882,-0.878672,7.481880,4.972757,-1.189422,-0.908933,-0.093611,1.499882,0.502742,0.594372,0.528398,0.940868,0.778478,-25.667002,-24.902000,-25.066002,NaN,-0.207021,true,Self-supervised model,0.209307,0.000000,0.000000,0.000000,0.000000,0.000000,1.226992,1.594147,false,false
2026-04-17T14:36:32.054231,0.000000,0.000000,-0.316830,108.153,E,0,0.000000,0,0.000000,1.764260,2.117928,1.364825,-0.732626,7.592013,4.738125,-1.051903,-0.817447,-0.296697,1.364825,0.543670,0.575435,0.516792,0.945398,0.791646,-25.667002,-24.902000,-25.066002,NaN,-0.214882,true,Self-supervised model,0.196187,0.000000,0.000000,0.000000,0.000000,0.000000,1.292664,1.443652,false,false
2026-04-17T14:36:32.063043,0.000000,0.000000,-0.322406,108.472,E,0,0.000000,0,0.000000,1.692626,2.122916,1.316546,-0.641646,7.671022,4.513070,-0.958707,-0.755067,-0.494013,1.316546,0.557109,0.562607,0.488692,0.930439,0.791768,-25.667002,-24.902000,-25.066002,NaN,-0.222961,true,Self-supervised model,0.188487,0.000000,0.000000,0.000000,0.000000,0.000000,1.285656,1.414973,false,false
2026-04-17T14:36:32.070422,0.000000,0.000000,-0.328076,108.797,E,0,0.000000,0,0.000000,1.627694,2.125107,1.286804,-0.610521,7.793127,4.364630,-0.925817,-0.650646,-0.612689,1.286804,0.541837,0.542448,0.457538,0.892849,0.766706,-25.667002,-24.902000,-25.066002,NaN,-0.229010,true,Self-supervised model,0.180315,0.000000,0.000000,0.000000,0.000000,0.000000,1.264912,1.441234,false,false
2026-04-17T14:36:32.079245,0.000000,0.000000,-0.333798,109.125,E,0,0.000000,0,0.000000,1.572980,2.125022,1.285731,-0.629675,7.905654,4.273650,-0.943456,-0.555562,-0.674052,1.285731,0.509462,0.515570,0.433103,0.844359,0.724820,-25.667002,-24.902000,-25.066002,NaN,-0.234940,true,Self-supervised model,0.175447,0.000000,0.000000,0.000000,0.000000,0.000000,1.223413,1.522730,false,false
2026-04-17T14:36:32.086480,0.000000,0.000000,-0.339512,109.453,E,0,0.000000,0,0.000000,1.526571,2.123084,1.282925,-0.624887,8.015787,4.175488,-0.937483,-0.461831,-0.744133,1.282925,0.457538,0.488692,0.414167,0.787207,0.669448,-25.667002,-24.902000,-25.066002,NaN,-0.240627,true,Self-supervised model,0.169379,0.000000,0.000000,0.000000,0.000000,0.000000,1.189915,1.629717,false,false
2026-04-17T14:36:32.098648,0.000000,0.000000,-0.345173,109.777,E,0,0.000000,0,0.000000,1.495536,2.119982,1.332599,-0.646434,8.056489,4.077325,-0.958327,-0.435767,-0.817029,1.332599,0.391565,0.481362,0.406836,0.741989,0.620509,-25.667002,-24.902000,-25.066002,NaN,-0.246071,true,Self-supervised model,0.168529,0.000000,0.000000,0.000000,0.000000,0.000000,1.122270,1.795982,false,false
2026-04-17T14:36:32.102228,0.000000,0.000000,-0.350754,110.097,E,0,0.000000,0,0.000000,1.468408,2.115919,1.325988,-0.624887,8.078036,4.036624,-0.936517,-0.426621,-0.836166,1.325988,0.319483,0.487470,0.411723,0.713591,0.582835,-25.667002,-24.902000,-25.066002,NaN,-0.251332,true,Self-supervised model,0.159833,0.000000,0.000000,0.000000,0.000000,0.000000,1.107407,1.858189,false,false
2026-04-17T14:36:32.110979,0.000000,0.000000,-0.356270,110.413,E,0,0.000000,0,0.000000,1.435066,2.110685,1.260018,-0.560243,8.113950,4.039018,-0.872209,-0.400680,-0.816304,1.260018,0.256563,0.497244,0.428217,0.704589,0.559533,-25.667002,-24.902000,-25.066002,NaN,-0.256592,true,Self-supervised model,0.159540,0.000000,0.000000,0.000000,0.000000,0.000000,1.138925,1.788301,false,false
2026-04-17T14:36:32.118518,0.000000,0.000000,-0.361765,110.728,E,0,0.000000,0,0.000000,1.385642,2.103683,1.126168,-0.435745,8.142680,4.091691,-0.749074,-0.379391,-0.750471,1.126168,0.176540,0.507018,0.449597,0.700265,0.536874,-25.667002,-24.902000,-25.066002,NaN,-0.261997,true,Self-supervised model,0.156599,0.000000,0.000000,0.000000,0.000000,0.000000,1.230404,1.608203,false,false
2026-04-17T14:36:32.127187,0.000000,0.000000,-0.367294,111.044,E,0,0.000000,0,0.000000,1.314612,2.094120,0.941704,-0.316035,8.219295,4.213795,-0.639032,-0.307359,-0.619658,0.941704,0.100182,0.507629,0.470366,0.699263,0.517420,-25.667002,-24.902000,-25.066002,NaN,-0.267666,true,Self-supervised model,0.160867,0.000000,0.000000,0.000000,0.000000,0.000000,1.395993,1.346710,false,false
2026-04-17T14:36:32.134718,0.000000,0.000000,-0.373157,111.380,E,0,0.000000,0,0.000000,1.214043,2.080917,0.686057,-0.148441,8.324639,4.386178,-0.482198,-0.203774,-0.443435,0.686057,0.034208,0.510072,0.483194,0.703435,0.511218,-25.667002,-24.902000,-25.066002,NaN,-0.274865,true,Self-supervised model,0.171618,0.000000,0.000000,0.000000,0.000000,0.000000,1.769596,0.975295,false,false
2026-04-17T14:36:32.142269,0.000000,0.000000,-0.379328,111.734,E,0,0.000000,0,0.000000,1.086176,2.063128,0.414873,0.047884,8.394072,4.572925,-0.297006,-0.133759,-0.256935,0.414873,-0.004887,0.512516,0.485027,0.705654,0.512539,-25.667002,-24.902000,-25.066002,NaN,-0.282267,true,Self-supervised model,0.185103,0.000000,0.000000,0.000000,0.000000,0.000000,2.618093,0.587927,false,false
2026-04-17T14:36:32.151189,0.000000,0.000000,-0.385759,112.102,E,0,0.000000,0,0.000000,0.929207,2.039771,0.105118,0.268151,8.470686,4.788404,-0.077533,-0.055599,-0.044127,0.105118,-0.033598,0.516792,0.473421,0.701662,0.517883,-25.404001,-24.485001,-26.661001,NaN,-0.289738,true,Self-supervised model,0.201937,0.000000,0.000000,0.000000,0.000000,0.000000,8.839636,0.149813,false,false
2026-04-17T14:36:32.158890,0.000000,0.000000,-0.392018,112.461,E,0,0.000000,0,0.000000,0.818083,2.012903,0.234681,0.502782,8.485051,5.006276,0.157634,-0.038831,0.169467,0.234681,-0.042150,0.518625,0.445932,0.685276,0.520335,-25.404001,-24.485001,-26.661001,NaN,-0.295310,true,Self-supervised model,0.187737,0.000000,0.000000,0.000000,0.000000,0.000000,3.485933,0.342462,false,false
2026-04-17T14:36:32.167971,0.000000,0.000000,-0.398078,112.808,SE,0,0.000000,0,0.000000,0.767883,1.985102,0.504335,0.658405,8.480263,5.233725,0.315127,-0.040705,0.391653,0.504335,-0.033598,0.518014,0.408058,0.660287,0.519102,-25.404001,-24.485001,-26.661001,NaN,-0.300574,true,Self-supervised model,0.138878,0.000000,0.000000,0.000000,0.000000,0.000000,1.522565,0.763812,false,false
2026-04-17T14:36:32.174312,0.000000,0.000000,-0.403907,113.142,SE,0,0.000000,0,0.000000,0.760162,1.958105,0.719625,0.768539,8.482656,5.425261,0.428141,-0.035101,0.577341,0.719625,-0.012828,0.511294,0.373850,0.633522,0.511455,-25.404001,-24.485001,-26.661001,NaN,-0.305477,true,Self-supervised model,0.113233,0.000000,0.000000,0.000000,0.000000,0.000000,1.056331,1.135912,false,false
2026-04-17T14:36:32.182443,0.000000,0.000000,-0.409481,113.462,SE,0,0.000000,0,0.000000,0.795509,1.933601,0.981083,0.890643,8.501810,5.664681,0.551914,-0.012744,0.811019,0.981083,0.026267,0.488081,0.342695,0.596954,0.488788,-25.404001,-24.485001,-26.661001,NaN,-0.310030,true,Self-supervised model,0.142567,0.000000,0.000000,0.000000,0.000000,0.000000,0.810848,1.643483,false,false
2026-04-17T14:36:32.191097,0.000000,0.000000,-0.414849,113.769,SE,0,0.000000,0,0.000000,0.860058,1.912659,1.198943,0.993594,8.508993,5.863400,0.654777,-0.002485,1.004354,1.198943,0.079412,0.458760,0.307876,0.558171,0.465582,-25.404001,-24.485001,-26.661001,NaN,-0.314578,true,Self-supervised model,0.172162,0.000000,0.000000,0.000000,0.000000,0.000000,0.717347,2.147986,false,false
2026-04-17T14:36:32.198591,0.000000,0.000000,-0.420054,114.067,SE,0,0.000000,0,0.000000,0.931805,1.895425,1.308477,0.995988,8.583213,5.995081,0.655550,0.075299,1.129910,1.308477,0.142332,0.439823,0.277944,0.539403,0.462280,-25.404001,-24.485001,-26.661001,NaN,-0.319127,true,Self-supervised model,0.180689,0.000000,0.000000,0.000000,0.000000,0.000000,0.712130,2.425789,false,false
2026-04-17T14:36:32.206280,0.000000,0.000000,-0.425129,114.358,SE,0,0.000000,0,0.000000,1.003929,1.881765,1.382576,0.964863,8.664616,6.093243,0.621575,0.158727,1.224731,1.382576,0.226020,0.433714,0.236405,0.543213,0.489074,-25.404001,-24.485001,-26.661001,NaN,-0.323684,true,Self-supervised model,0.183711,0.000000,0.000000,0.000000,0.000000,0.000000,0.726129,2.545181,false,false
2026-04-17T14:36:32.214828,0.000000,0.000000,-0.430106,114.643,SE,0,0.000000,0,0.000000,1.064734,1.871084,1.383960,0.866701,8.726865,6.129156,0.521627,0.219748,1.262918,1.383960,0.330478,0.436158,0.192423,0.580065,0.547220,-25.404001,-24.485001,-26.661001,NaN,-0.328270,true,Self-supervised model,0.176362,0.000000,0.000000,0.000000,0.000000,0.000000,0.769339,2.385869,false,false
2026-04-17T14:36:32.222825,0.000000,0.000000,-0.434950,114.921,SE,0,0.000000,0,0.000000,1.098521,1.862181,1.275905,0.732626,8.781932,6.030994,0.391545,0.262783,1.185567,1.275905,0.429438,0.428217,0.149662,0.624648,0.606454,-25.404001,-24.485001,-26.661001,NaN,-0.332579,true,Self-supervised model,0.154531,0.000000,0.000000,0.000000,0.000000,0.000000,0.860974,2.042597,false,false
2026-04-17T14:36:32.231965,0.000000,0.000000,-0.439498,115.181,SE,0,0.000000,0,0.000000,1.106509,1.853955,1.148448,0.622492,8.832211,5.889736,0.287534,0.297507,1.071329,1.148448,0.485027,0.411112,0.119730,0.646993,0.635818,-25.404001,-24.485001,-26.661001,NaN,-0.335947,true,Self-supervised model,0.138639,0.000000,0.000000,0.000000,0.000000,0.000000,0.963482,1.775055,false,false
2026-04-17T14:36:32.238204,0.000000,0.000000,-0.443705,115.422,SE,0,0.000000,0,0.000000,1.082419,1.845093,0.955944,0.466869,8.892065,5.669470,0.139178,0.339225,0.882828,0.955944,0.551611,0.375071,0.089797,0.673065,0.667048,-25.404001,-24.485001,-26.661001,NaN,-0.338787,true,Self-supervised model,0.130576,0.000000,0.000000,0.000000,0.000000,0.000000,1.132303,1.420284,false,false
2026-04-17T14:36:32.246539,0.000000,0.000000,-0.447546,115.642,SE,0,0.000000,0,0.000000,1.033289,1.834621,0.775358,0.328006,8.956709,5.425261,0.007849,0.384193,0.673434,0.775358,0.569326,0.351248,0.071471,0.672767,0.668960,-25.404001,-24.485001,-26.661001,NaN,-0.341164,true,Self-supervised model,0.140866,0.000000,0.000000,0.000000,0.000000,0.000000,1.332661,1.152491,false,false
2026-04-17T14:36:32.254457,0.000000,0.000000,-0.451031,115.842,SE,0,0.000000,0,0.000000,0.976085,1.822280,0.675764,0.263362,9.085996,5.178658,-0.051176,0.498804,0.453025,0.675764,0.557109,0.336587,0.062919,0.653927,0.650893,-25.404001,-24.485001,-26.661001,NaN,-0.343225,true,Self-supervised model,0.146202,0.000000,0.000000,0.000000,0.000000,0.000000,1.444418,1.033394,false,false
2026-04-17T14:36:32.265909,0.000000,0.000000,-0.454241,116.026,SE,0,0.000000,0,0.000000,0.932056,1.808671,0.700905,0.205901,9.220071,5.013458,-0.102033,0.618075,0.314389,0.700905,0.524122,0.334754,0.054367,0.624276,0.621904,-25.404001,-24.485001,-26.661001,NaN,-0.345338,true,Self-supervised model,0.136555,0.000000,0.000000,0.000000,0.000000,0.000000,1.329789,1.122749,false,false
2026-04-17T14:36:32.270439,0.000000,0.000000,-0.457177,116.194,SE,0,0.000000,0,0.000000,0.907380,1.794619,0.777830,0.169988,9.346964,4.905719,-0.130353,0.730880,0.232040,0.777830,0.469755,0.334754,0.046426,0.578693,0.576828,-25.404001,-24.485001,-26.661001,NaN,-0.347178,true,Self-supervised model,0.121758,0.000000,0.000000,0.000000,0.000000,0.000000,1.166553,1.344115,false,false
2026-04-17T14:36:32.279179,0.000000,0.000000,-0.459839,116.347,SE,0,0.000000,0,0.000000,0.887946,1.780352,0.785916,0.253785,9.404425,4.771644,-0.038410,0.775590,0.121030,0.785916,0.400117,0.339030,0.042150,0.526129,0.524438,-25.404001,-24.485001,-26.661001,NaN,-0.348739,true,Self-supervised model,0.121287,0.000000,0.000000,0.000000,0.000000,0.000000,1.129823,1.493771,false,false
2026-04-17T14:36:32.286405,0.000000,0.000000,-0.462248,116.485,SE,0,0.000000,0,0.000000,0.869328,1.765911,0.771583,0.359130,9.399636,4.740520,0.075651,0.760033,0.109396,0.771583,0.321315,0.324369,0.027489,0.457400,0.456573,-25.404001,-24.485001,-26.661001,NaN,-0.350139,true,Self-supervised model,0.120379,0.000000,0.000000,0.000000,0.000000,0.000000,1.126681,1.686890,false,false
2026-04-17T14:36:32.297688,0.000000,0.000000,-0.464410,116.609,SE,0,0.000000,0,0.000000,0.851879,1.751350,0.760275,0.476446,9.366117,4.764462,0.201344,0.717804,0.149120,0.760275,0.246179,0.285885,0.019548,0.377778,0.377272,-25.404001,-24.485001,-26.661001,NaN,-0.351315,true,Self-supervised model,0.120579,0.000000,0.000000,0.000000,0.000000,0.000000,1.120488,2.012492,false,false
2026-04-17T14:36:32.302387,0.000000,0.000000,-0.466328,116.719,SE,0,0.000000,0,0.000000,0.839062,1.736858,0.771773,0.543484,9.330204,4.855441,0.276432,0.674518,0.253465,0.771773,0.152716,0.216857,0.018326,0.265867,0.265234,-25.404001,-24.485001,-26.661001,NaN,-0.352253,true,Self-supervised model,0.119783,0.000000,0.000000,0.000000,0.000000,0.000000,1.087189,2.902855,false,false
2026-04-17T14:36:32.313585,0.000000,0.000000,-0.467975,116.813,SE,0,0.000000,0,0.000000,0.834470,1.722763,0.810358,0.524330,9.311050,4.999093,0.262415,0.651180,0.404701,0.810358,0.069028,0.141110,0.036041,0.161170,0.157089,-23.182001,-26.578001,-23.033001,NaN,-0.352817,true,Self-supervised model,0.127897,0.000000,0.000000,0.000000,0.000000,0.000000,1.029754,5.027969,false,false
2026-04-17T14:36:32.318304,0.000000,0.000000,-0.469403,116.895,SE,0,0.000000,0,0.000000,0.850460,1.709871,0.934407,0.497994,9.368511,5.154716,0.236836,0.707304,0.562803,0.934407,0.007330,0.082467,0.073304,0.110580,0.082792,-23.182001,-26.578001,-23.033001,NaN,-0.353371,true,Self-supervised model,0.153094,0.000000,0.000000,0.000000,0.000000,0.000000,0.910159,8.450050,false,false
2026-04-17T14:36:32.327149,0.000000,0.000000,-0.470727,116.971,SE,0,0.000000,0,0.000000,0.885533,1.698897,1.069667,0.505177,9.459491,5.262455,0.240144,0.798994,0.669423,1.069667,-0.032376,0.058032,0.118508,0.135868,0.066452,-23.182001,-26.578001,-23.033001,NaN,-0.354279,true,Self-supervised model,0.171220,0.000000,0.000000,0.000000,0.000000,0.000000,0.827858,7.872855,false,false
2026-04-17T14:36:32.334439,0.000000,0.000000,-0.472099,117.049,SE,0,0.000000,0,0.000000,0.926901,1.690017,1.144083,0.596156,9.473856,5.331887,0.322174,0.816064,0.734282,1.144083,-0.058032,0.043371,0.166155,0.181263,0.072449,-23.182001,-26.578001,-23.033001,NaN,-0.355843,true,Self-supervised model,0.172555,0.000000,0.000000,0.000000,0.000000,0.000000,0.810169,6.311715,false,false
2026-04-17T14:36:32.342289,0.000000,0.000000,-0.473701,117.141,SE,0,0.000000,0,0.000000,0.970920,1.683253,1.202021,0.711078,9.516952,5.324705,0.424802,0.862665,0.721253,1.202021,-0.080023,0.032987,0.205251,0.222755,0.086556,-23.182001,-26.578001,-23.033001,NaN,-0.358363,true,Self-supervised model,0.174061,0.000000,0.000000,0.000000,0.000000,0.000000,0.807740,5.396160,false,false
2026-04-17T14:36:32.350698,0.000000,0.000000,-0.475628,117.251,SE,0,0.000000,0,0.000000,1.014048,1.678485,1.240471,0.883460,9.545682,5.240908,0.582334,0.895574,0.630557,1.240471,-0.108123,0.012828,0.221133,0.246485,0.108881,-23.182001,-26.578001,-23.033001,NaN,-0.361589,true,Self-supervised model,0.175248,0.000000,0.000000,0.000000,0.000000,0.000000,0.817470,5.032633,false,false
2026-04-17T14:36:32.358564,0.000000,0.000000,-0.477912,117.382,SE,0,0.000000,0,0.000000,1.039727,1.674935,1.174541,0.976834,9.497798,5.085284,0.659328,0.853141,0.465815,1.174541,-0.150884,-0.015272,0.221744,0.268644,0.151655,-23.182001,-26.578001,-23.033001,NaN,-0.365304,true,Self-supervised model,0.160307,0.000000,0.000000,0.000000,0.000000,0.000000,0.885220,4.372110,false,false
2026-04-17T14:36:32.366691,0.000000,0.000000,-0.480503,117.531,SE,0,0.000000,0,0.000000,1.045919,1.671774,1.078426,1.086968,9.361329,4.903325,0.751725,0.724158,0.271123,1.078426,-0.230907,-0.067195,0.205862,0.316563,0.240485,-23.182001,-26.578001,-23.033001,NaN,-0.369121,true,Self-supervised model,0.145432,0.000000,0.000000,0.000000,0.000000,0.000000,0.969857,3.406670,false,false
2026-04-17T14:36:32.374041,0.000000,0.000000,-0.483319,117.692,SE,0,0.000000,0,0.000000,1.034636,1.668289,0.975399,1.156399,9.169792,4.766856,0.801585,0.543569,0.115754,0.975399,-0.356134,-0.138056,0.189368,0.426323,0.381957,-23.182001,-26.578001,-23.033001,NaN,-0.372839,true,Self-supervised model,0.134473,0.000000,0.000000,0.000000,0.000000,0.000000,1.060731,2.287934,false,false
2026-04-17T14:36:32.382388,0.000000,0.000000,-0.486265,117.861,SE,0,0.000000,0,0.000000,1.013371,1.664092,0.901731,1.218649,8.923190,4.730943,0.844173,0.312639,0.052420,0.901731,-0.488081,-0.211359,0.182038,0.562169,0.531880,-23.182001,-26.578001,-23.033001,NaN,-0.376304,true,Self-supervised model,0.130183,0.000000,0.000000,0.000000,0.000000,0.000000,1.123806,1.604021,false,false
2026-04-17T14:36:32.390337,0.000000,0.000000,-0.489168,118.027,SE,0,0.000000,0,0.000000,0.992864,1.659243,0.885203,1.276109,8.659827,4.790798,0.879197,0.070775,0.074757,0.885203,-0.651793,-0.277333,0.180816,0.731056,0.708342,-23.182001,-26.578001,-23.033001,NaN,-0.379035,true,Self-supervised model,0.125851,0.000000,0.000000,0.000000,0.000000,0.000000,1.121623,1.210856,false,false
2026-04-17T14:36:32.398696,0.000000,0.000000,-0.491978,118.188,SE,0,0.000000,0,0.000000,1.001976,1.654952,1.049816,1.400608,8.269572,5.008670,0.978326,-0.291761,0.244676,1.049816,-0.810618,-0.323148,0.180816,0.891191,0.872655,-23.182001,-26.578001,-23.033001,NaN,-0.381473,true,Self-supervised model,0.130650,0.000000,0.000000,0.000000,0.000000,0.000000,0.954431,1.177992,false,false
2026-04-17T14:36:32.406390,0.000000,0.000000,-0.494682,118.343,SE,0,0.000000,0,0.000000,1.070324,1.653567,1.429151,1.589750,7.824251,5.319916,1.139874,-0.703401,0.498385,1.429151,-0.940732,-0.335365,0.185092,1.015729,0.998723,-23.182001,-26.578001,-23.033001,NaN,-0.383752,true,Self-supervised model,0.185095,0.000000,0.000000,0.000000,0.000000,0.000000,0.748923,1.407019,false,false
2026-04-17T14:36:32.415095,0.000000,0.000000,-0.497273,118.492,SE,0,0.000000,0,0.000000,1.193372,1.657159,1.839371,1.798046,7.441179,5.623980,1.319798,-1.047760,0.737306,1.839371,-1.009760,-0.309709,0.178984,1.071247,1.056189,-23.182001,-26.578001,-23.033001,NaN,-0.385895,true,Self-supervised model,0.242848,0.000000,0.000000,0.000000,0.000000,0.000000,0.648793,1.717037,false,false
2026-04-17T14:36:32.422586,0.000000,0.000000,-0.499746,118.633,SE,0,0.000000,0,0.000000,1.363338,1.667406,2.255660,1.982399,7.062895,5.951985,1.477004,-1.383939,0.995579,2.255660,-1.037249,-0.240070,0.157603,1.076271,1.064669,-23.182001,-26.578001,-23.033001,NaN,-0.387891,true,Self-supervised model,0.292843,0.000000,0.000000,0.000000,0.000000,0.000000,0.604408,2.095812,false,false
2026-04-17T14:36:32.431082,0.000000,0.000000,-0.502089,118.768,SE,0,0.000000,0,0.000000,1.549978,1.684709,2.529835,2.054225,6.813898,6.270414,1.525083,-1.589805,1.243668,2.529835,-1.014647,-0.169821,0.142332,1.038560,1.028760,-23.182001,-26.578001,-23.033001,NaN,-0.389715,true,Self-supervised model,0.330582,0.000000,0.000000,0.000000,0.000000,0.000000,0.612679,2.435908,false,false
2026-04-17T14:36:32.438146,0.000000,0.000000,-0.504281,118.893,SE,0,0.000000,0,0.000000,1.711279,1.707772,2.558114,1.903390,6.660669,6.493075,1.327567,-1.691344,1.385954,2.558114,-0.895528,-0.040317,0.135001,0.906544,0.896436,-23.182001,-26.578001,-23.033001,NaN,-0.391306,true,Self-supervised model,0.346456,0.000000,0.000000,0.000000,0.000000,0.000000,0.668961,2.821831,false,false
2026-04-17T14:36:32.446448,0.000000,0.000000,-0.507186,119.060,SE,0,0.000000,0,0.000000,1.835955,1.734899,2.490501,1.697489,6.586449,6.581660,1.104876,-1.727026,1.413940,2.490501,-0.762971,0.017715,0.150273,0.777830,0.763176,-23.182001,-26.578001,-23.033001,NaN,-0.397060,true,Self-supervised model,0.349722,0.000000,0.000000,0.000000,0.000000,0.000000,0.737183,3.201856,false,false
2026-04-17T14:36:32.454484,0.000000,0.000000,-0.509846,119.212,SE,0,0.000000,0,0.000000,1.899955,1.763502,2.235956,1.352724,6.663064,6.569689,0.745077,-1.617835,1.351655,2.235956,-0.558331,0.085521,0.189368,0.595741,0.564843,-23.182001,-26.578001,-23.033001,NaN,-0.398741,true,Self-supervised model,0.323273,0.000000,0.000000,0.000000,0.000000,0.000000,0.849728,3.753235,false,false
2026-04-17T14:36:32.464559,0.000000,0.000000,-0.512406,119.359,SE,0,0.000000,0,0.000000,1.900319,1.790974,1.902229,1.012747,6.849811,6.473921,0.390167,-1.406874,1.219406,1.902229,-0.332311,0.109345,0.240070,0.424288,0.349838,-23.182001,-26.578001,-23.033001,NaN,-0.400902,true,Self-supervised model,0.280193,0.000000,0.000000,0.000000,0.000000,0.000000,0.998996,4.483343,false,false
2026-04-17T14:36:32.470789,0.000000,0.000000,-0.515057,119.511,SE,0,0.000000,0,0.000000,1.847926,1.815252,1.572862,0.751779,7.091625,6.344635,0.111568,-1.149461,1.067796,1.572862,-0.113010,0.069028,0.307265,0.334586,0.132424,-22.981001,-29.298002,-22.563002,NaN,-0.403915,true,Self-supervised model,0.247515,0.000000,0.000000,0.000000,0.000000,0.000000,1.174881,4.700916,false,false
2026-04-17T14:36:32.479542,0.000000,0.000000,-0.517984,119.678,SE,0,0.000000,0,0.000000,1.752497,1.834742,1.251496,0.545878,7.386112,6.198588,-0.118169,-0.847585,0.913169,1.251496,0.062308,-0.019548,0.365908,0.371690,0.065303,-22.981001,-29.298002,-22.563002,NaN,-0.407945,true,Self-supervised model,0.228333,0.000000,0.000000,0.000000,0.000000,0.000000,1.400322,3.367044,false,false
2026-04-17T14:36:32.486777,0.000000,0.000000,-0.521371,119.872,SE,0,0.000000,0,0.000000,1.612475,1.847851,0.877361,0.416591,7.718906,5.935226,-0.279267,-0.514522,0.653482,0.877361,0.229074,-0.167377,0.425773,0.511637,0.283708,-22.981001,-29.298002,-22.563002,NaN,-0.413173,true,Self-supervised model,0.212412,0.000000,0.000000,0.000000,0.000000,0.000000,1.837870,1.714809,false,false
2026-04-17T14:36:32.499341,0.000000,0.000000,-0.525339,120.100,SE,0,0.000000,0,0.000000,1.432817,1.853250,0.489610,0.440533,8.039729,5.602432,-0.296019,-0.199420,0.335145,0.489610,0.351248,-0.332311,0.464868,0.670752,0.483534,-22.981001,-29.298002,-22.563002,NaN,-0.419467,true,Self-supervised model,0.205982,0.000000,0.000000,0.000000,0.000000,0.000000,2.926446,0.729942,false,false
2026-04-17T14:36:32.502911,0.000000,0.000000,-0.529953,120.364,SE,0,0.000000,0,0.000000,1.226493,1.850180,0.143290,0.651223,8.283937,5.207389,-0.133995,0.034712,-0.037046,0.143290,0.423940,-0.483805,0.465479,0.794018,0.643267,-22.981001,-29.298002,-22.563002,NaN,-0.426665,true,Self-supervised model,0.201594,0.000000,0.000000,0.000000,0.000000,0.000000,8.559489,0.180462,false,false
2026-04-17T14:36:32.510963,0.000000,0.000000,-0.535198,120.665,SE,0,0.000000,0,0.000000,1.091950,1.841851,0.385603,0.916979,8.372523,4.855441,0.078947,0.110658,-0.360849,0.385603,0.445932,-0.577879,0.434325,0.849374,0.729931,-22.981001,-29.298002,-22.563002,NaN,-0.434430,true,Self-supervised model,0.189443,0.000000,0.000000,0.000000,0.000000,0.000000,2.831799,0.453985,false,false
2026-04-17T14:36:32.518087,0.000000,0.000000,-0.540937,120.993,SE,0,0.000000,0,0.000000,1.041570,1.831839,0.777077,1.273715,8.346188,4.513070,0.382385,0.070745,-0.672774,0.777077,0.425162,-0.646295,0.369573,0.857348,0.773602,-22.981001,-29.298002,-22.563002,NaN,-0.442147,true,Self-supervised model,0.137034,0.000000,0.000000,0.000000,0.000000,0.000000,1.340370,0.906373,false,false
2026-04-17T14:36:32.526854,0.000000,0.000000,-0.546963,121.339,SE,0,0.000000,0,0.000000,1.057199,1.822854,1.139246,1.618480,8.248025,4.240131,0.676368,-0.040443,-0.915846,1.139246,0.367130,-0.678671,0.276722,0.819728,0.771608,-22.981001,-29.298002,-22.563002,NaN,-0.449322,true,Self-supervised model,0.135559,0.000000,0.000000,0.000000,0.000000,0.000000,0.927981,1.389786,false,false
2026-04-17T14:36:32.534167,0.000000,0.000000,-0.553010,121.685,SE,0,0.000000,0,0.000000,1.116120,1.816584,1.425459,1.826776,8.152257,3.986346,0.839149,-0.147553,-1.142799,1.425459,0.279165,-0.665232,0.172875,0.741858,0.721434,-22.981001,-29.298002,-22.563002,NaN,-0.455453,true,Self-supervised model,0.175405,0.000000,0.000000,0.000000,0.000000,0.000000,0.782990,1.921472,false,false
2026-04-17T14:36:32.542348,0.000000,0.000000,-0.558790,122.016,SE,0,0.000000,0,0.000000,1.192661,1.813627,1.594497,1.891419,8.104373,3.785233,0.866711,-0.204000,-1.322731,1.594497,0.186314,-0.609033,0.083689,0.642369,0.636894,-22.981001,-29.298002,-22.563002,NaN,-0.460165,true,Self-supervised model,0.199315,0.000000,0.000000,0.000000,0.000000,0.000000,0.747985,2.482216,false,false
2026-04-17T14:36:32.550409,0.000000,0.000000,-0.564006,122.315,SE,0,0.000000,0,0.000000,1.272337,1.813976,1.690638,1.862689,8.121132,3.622427,0.810090,-0.192440,-1.471387,1.690638,0.059865,-0.501520,-0.008552,0.505153,0.505081,-22.981001,-29.298002,-22.563002,NaN,-0.463127,true,Self-supervised model,0.213250,0.000000,0.000000,0.000000,0.000000,0.000000,0.752578,3.346784,false,false
2026-04-17T14:36:32.559308,0.000000,0.000000,-0.568447,122.570,SE,0,0.000000,0,0.000000,1.337873,1.816932,1.681937,1.726219,8.152257,3.548207,0.655903,-0.162338,-1.540243,1.681937,-0.083689,-0.372628,-0.088575,0.392047,0.381910,-22.981001,-29.298002,-22.563002,NaN,-0.464463,true,Self-supervised model,0.212375,0.000000,0.000000,0.000000,0.000000,0.000000,0.795436,4.290141,false,false
2026-04-17T14:36:32.568526,0.000000,0.000000,-0.571950,122.770,SE,0,0.000000,0,0.000000,1.376974,1.821333,1.582253,1.577779,8.231265,3.593697,0.499489,-0.079555,-1.499235,1.582253,-0.226631,-0.238237,-0.142332,0.358297,0.328814,-22.981001,-29.298002,-22.563002,NaN,-0.464216,true,Self-supervised model,0.194606,0.000000,0.000000,0.000000,0.000000,0.000000,0.870261,4.416034,false,false
2026-04-17T14:36:32.574076,0.000000,0.000000,-0.574421,122.912,SE,0,0.000000,0,0.000000,1.392150,1.826166,1.471825,1.496376,8.221688,3.699042,0.418916,-0.080165,-1.408670,1.471825,-0.346971,-0.136223,-0.185703,0.416451,0.372754,-22.981001,-29.298002,-22.563002,NaN,-0.462560,true,Self-supervised model,0.173448,0.000000,0.000000,0.000000,0.000000,0.000000,0.945867,3.534207,false,false
2026-04-17T14:36:32.582470,0.000000,0.000000,-0.575824,122.992,SE,0,0.000000,0,0.000000,1.381147,1.830365,1.323384,1.482011,8.135497,3.883395,0.412256,-0.152586,-1.248242,1.323384,-0.481362,-0.044593,-0.226020,0.533650,0.483423,-22.981001,-29.298002,-22.563002,NaN,-0.459693,true,Self-supervised model,0.160178,0.000000,0.000000,0.000000,0.000000,0.000000,1.043648,2.479870,false,false
2026-04-17T14:36:32.590449,0.000000,0.000000,-0.576174,123.012,SE,0,0.000000,0,0.000000,1.341869,1.832825,1.135656,1.510741,8.010999,4.156334,0.454610,-0.258443,-1.008093,1.135656,-0.603535,-0.001222,-0.276111,0.663697,0.603536,-22.981001,-29.298002,-22.563002,NaN,-0.455827,true,Self-supervised model,0.158048,0.000000,0.000000,0.000000,0.000000,0.000000,1.181580,1.711108,false,false
2026-04-17T14:36:32.598568,0.000000,0.000000,-0.575476,122.972,SE,0,0.000000,0,0.000000,1.283772,1.832863,0.978762,1.539472,7.874529,4.450821,0.501283,-0.371876,-0.753922,0.978762,-0.693943,0.009774,-0.324369,0.766073,0.694012,-22.981001,-29.298002,-22.563002,NaN,-0.450941,true,Self-supervised model,0.160460,0.000000,0.000000,0.000000,0.000000,0.000000,1.311628,1.277636,false,false
2026-04-17T14:36:32.605999,0.000000,0.000000,-0.573753,122.874,SE,0,0.000000,0,0.000000,1.211732,1.830018,0.833523,1.489193,7.697359,4.805163,0.472371,-0.522297,-0.445905,0.833523,-0.772134,0.010385,-0.370184,0.856350,0.772203,-22.981001,-29.298002,-22.563002,NaN,-0.445113,true,Self-supervised model,0.162431,0.000000,0.000000,0.000000,0.000000,0.000000,1.453748,0.973344,false,false
2026-04-17T14:36:32.614824,0.000000,0.000000,-0.571031,122.718,SE,0,0.000000,0,0.000000,1.144838,1.824611,0.793643,1.450886,7.551312,5.190629,0.457635,-0.638887,-0.110737,0.793643,-0.816116,-0.006720,-0.399506,0.908678,0.816144,-22.981001,-29.298002,-22.563002,NaN,-0.438400,true,Self-supervised model,0.155447,0.000000,0.000000,0.000000,0.000000,0.000000,1.442510,0.873404,false,false
2026-04-17T14:36:32.622135,0.000000,0.000000,-0.567387,122.509,SE,0,0.000000,0,0.000000,1.096210,1.817475,0.840914,1.352724,7.438785,5.556942,0.383634,-0.720186,0.203209,0.840914,-0.826501,-0.020769,-0.410501,0.923063,0.826762,-22.981001,-29.298002,-22.563002,NaN,-0.431066,true,Self-supervised model,0.140207,0.000000,0.000000,0.000000,0.000000,0.000000,1.303593,0.911004,false,false
2026-04-17T14:36:32.633103,0.000000,0.000000,-0.562950,122.255,SE,0,0.000000,0,0.000000,1.075348,1.809790,0.965823,1.268927,7.331046,5.844246,0.315762,-0.798215,0.442674,0.965823,-0.800844,-0.026267,-0.398895,0.895075,0.801275,-24.675001,-27.812002,-21.418001,NaN,-0.423455,true,Self-supervised model,0.129261,0.000000,0.000000,0.000000,0.000000,0.000000,1.113401,1.079041,false,false
2026-04-17T14:36:32.638028,0.000000,0.000000,-0.558150,121.980,SE,0,0.000000,0,0.000000,1.075948,1.802436,1.079097,1.170765,7.266402,6.093243,0.232365,-0.833354,0.644964,1.079097,-0.731817,-0.000611,-0.369573,0.819842,0.731817,-24.675001,-27.812002,-21.418001,NaN,-0.417209,true,Self-supervised model,0.131948,0.000000,0.000000,0.000000,0.000000,0.000000,0.997082,1.316226,false,false
2026-04-17T14:36:32.646684,0.000000,0.000000,-0.553146,121.693,SE,0,0.000000,0,0.000000,1.081315,1.795591,1.109494,1.019930,7.230489,6.208165,0.095985,-0.841617,0.716550,1.109494,-0.621250,0.064141,-0.329867,0.706313,0.624552,-24.675001,-27.812002,-21.418001,NaN,-0.411382,true,Self-supervised model,0.136971,0.000000,0.000000,0.000000,0.000000,0.000000,0.974602,1.570825,false,false
2026-04-17T14:36:32.654355,0.000000,0.000000,-0.548108,121.404,SE,0,0.000000,0,0.000000,1.080963,1.789006,1.079114,0.871489,7.242460,6.246472,-0.036883,-0.805575,0.717060,1.079114,-0.482584,0.153938,-0.288328,0.582853,0.506541,-24.675001,-27.812002,-21.418001,NaN,-0.406213,true,Self-supervised model,0.135936,0.000000,0.000000,0.000000,0.000000,0.000000,1.001713,1.851436,false,false
2026-04-17T14:36:32.663680,0.000000,0.000000,-0.543199,121.123,SE,0,0.000000,0,0.000000,1.071965,1.782324,1.024727,0.699107,7.299921,6.253655,-0.185239,-0.730312,0.694547,1.024727,-0.354913,0.221133,-0.251066,0.487747,0.418166,-24.675001,-27.812002,-21.418001,NaN,-0.401819,true,Self-supervised model,0.133702,0.000000,0.000000,0.000000,0.000000,0.000000,1.046098,2.100941,false,false
2026-04-17T14:36:32.670343,0.000000,0.000000,-0.538367,120.846,SE,0,0.000000,0,0.000000,1.052640,1.775137,0.951185,0.495600,7.388506,6.193800,-0.363966,-0.629500,0.613197,0.951185,-0.207694,0.280387,-0.210749,0.407638,0.348932,-24.675001,-27.812002,-21.418001,NaN,-0.397292,true,Self-supervised model,0.131615,0.000000,0.000000,0.000000,0.000000,0.000000,1.106663,2.333405,false,false
2026-04-17T14:36:32.678967,0.000000,0.000000,-0.533762,120.582,SE,0,0.000000,0,0.000000,1.024857,1.767126,0.878997,0.287304,7.510611,6.064513,-0.547848,-0.500840,0.470804,0.878997,-0.075747,0.295048,-0.167988,0.347866,0.304616,-24.675001,-27.812002,-21.418001,NaN,-0.393599,true,Self-supervised model,0.132584,0.000000,0.000000,0.000000,0.000000,0.000000,1.165940,2.526824,false,false
2026-04-17T14:36:32.686628,0.000000,0.000000,-0.529500,120.338,SE,0,0.000000,0,0.000000,0.994548,1.758223,0.835423,0.117316,7.678205,5.920861,-0.695707,-0.331965,0.322061,0.835423,0.038485,0.274889,-0.119730,0.302292,0.277570,-24.675001,-27.812002,-21.418001,NaN,-0.390703,true,Self-supervised model,0.132216,0.000000,0.000000,0.000000,0.000000,0.000000,1.190472,2.763630,false,false
2026-04-17T14:36:32.698784,0.000000,0.000000,-0.525671,120.119,SE,0,0.000000,0,0.000000,0.966978,1.748573,0.822239,0.002394,7.836222,5.726931,-0.792372,-0.177035,0.129928,0.822239,0.119730,0.232129,-0.069639,0.270312,0.261188,-24.675001,-27.812002,-21.418001,NaN,-0.388611,true,Self-supervised model,0.131220,0.000000,0.000000,0.000000,0.000000,0.000000,1.176031,3.041815,false,false
2026-04-17T14:36:32.702708,0.000000,0.000000,-0.522351,119.928,SE,0,0.000000,0,0.000000,0.955651,1.738856,0.896184,-0.110133,8.015787,5.504270,-0.892120,-0.004011,-0.085159,0.896184,0.201586,0.177151,-0.001222,0.268367,0.268364,-24.675001,-27.812002,-21.418001,NaN,-0.387325,true,Self-supervised model,0.126592,0.000000,0.000000,0.000000,0.000000,0.000000,1.066356,3.339403,false,false
2026-04-17T14:36:32.710245,0.000000,0.000000,-0.519616,119.772,SE,0,0.000000,0,0.000000,0.951385,1.729357,0.928987,-0.081403,8.204929,5.264850,-0.857298,0.175636,-0.311784,0.928987,0.263894,0.119119,0.078802,0.300065,0.289533,-24.675001,-27.812002,-21.418001,NaN,-0.386931,true,Self-supervised model,0.127369,0.000000,0.000000,0.000000,0.000000,0.000000,1.024110,3.095956,false,false
2026-04-17T14:36:32.718444,0.000000,0.000000,-0.517563,119.654,SE,0,0.000000,0,0.000000,0.945862,1.720018,0.916866,0.098162,8.343793,5.023035,-0.678879,0.302888,-0.536680,0.916866,0.304211,0.062308,0.159436,0.349065,0.310526,-24.675001,-27.812002,-21.418001,NaN,-0.387606,true,Self-supervised model,0.127460,0.000000,0.000000,0.000000,0.000000,0.000000,1.031625,2.626633,false,false
2026-04-17T14:36:32.727426,0.000000,0.000000,-0.516285,119.581,SE,0,0.000000,0,0.000000,0.939229,1.710786,0.904407,0.349553,8.427590,4.841076,-0.435682,0.373829,-0.698845,0.904407,0.318872,0.014050,0.215635,0.385195,0.319181,-24.675001,-27.812002,-21.418001,NaN,-0.389429,true,Self-supervised model,0.127818,0.000000,0.000000,0.000000,0.000000,0.000000,1.038503,2.347920,false,false
2026-04-17T14:36:32.734404,0.000000,0.000000,-0.515843,119.556,SE,0,0.000000,0,0.000000,0.944298,1.702126,0.970910,0.689530,8.513782,4.663905,-0.109453,0.446922,-0.854954,0.970910,0.312152,-0.030543,0.254731,0.404054,0.313643,-24.675001,-27.812002,-21.418001,NaN,-0.392331,true,Self-supervised model,0.132979,0.000000,0.000000,0.000000,0.000000,0.000000,0.972591,2.402920,false,false
2026-04-17T14:36:32.742416,0.000000,0.000000,-0.516224,119.577,SE,0,0.000000,0,0.000000,0.966481,1.694701,1.082940,1.108515,8.549694,4.563348,0.296709,0.467263,-0.930800,1.082940,0.287107,-0.067806,0.260839,0.393783,0.295005,-24.675001,-27.812002,-21.418001,NaN,-0.396004,true,Self-supervised model,0.146037,0.000000,0.000000,0.000000,0.000000,0.000000,0.892460,2.750094,false,false
2026-04-17T14:36:32.750396,0.000000,0.000000,-0.517225,119.635,SE,0,0.000000,0,0.000000,1.009254,1.689283,1.233815,1.443704,8.597578,4.522647,0.615606,0.499228,-0.945569,1.233815,0.249844,-0.084910,0.238848,0.355922,0.263878,-24.675001,-27.812002,-21.418001,NaN,-0.399484,true,Self-supervised model,0.167368,0.000000,0.000000,0.000000,0.000000,0.000000,0.817995,3.466536,false,false
2026-04-17T14:36:32.758650,0.000000,0.000000,-0.518788,119.724,SE,0,0.000000,0,0.000000,1.067793,1.686423,1.375123,1.793257,8.623915,4.584896,0.946563,0.509960,-0.857276,1.375123,0.210749,-0.087354,0.197309,0.301623,0.228135,-24.675001,-27.812002,-21.418001,NaN,-0.403296,true,Self-supervised model,0.189566,0.000000,0.000000,0.000000,0.000000,0.000000,0.776508,4.559074,false,false
2026-04-17T14:36:32.767156,0.000000,0.000000,-0.520824,119.841,SE,0,0.000000,0,0.000000,1.141670,1.686633,1.529522,2.094927,8.657434,4.673482,1.227885,0.528582,-0.743195,1.529522,0.161879,-0.073915,0.129503,0.220090,0.177956,-24.675001,-27.812002,-21.418001,NaN,-0.407223,true,Self-supervised model,0.220715,0.000000,0.000000,0.000000,0.000000,0.000000,0.746422,6.949545,false,false
2026-04-17T14:36:32.774148,0.000000,0.000000,-0.523245,119.980,SE,0,0.000000,0,0.000000,1.225731,1.690197,1.667051,2.322376,8.683769,4.738125,1.434792,0.540896,-0.654111,1.667051,0.116064,-0.041539,0.042150,0.130281,0.123274,-24.675001,-27.812002,-21.418001,NaN,-0.411183,true,Self-supervised model,0.274996,0.000000,0.000000,0.000000,0.000000,0.000000,0.735269,12.795853,false,false
2026-04-17T14:36:32.782394,0.000000,0.000000,-0.525939,120.134,SE,0,0.000000,0,0.000000,1.293951,1.696347,1.652107,2.382231,8.693346,4.855441,1.475343,0.537421,-0.513807,1.652107,0.074526,0.001222,-0.042150,0.085628,0.074536,-24.675001,-27.812002,-21.418001,NaN,-0.414970,true,Self-supervised model,0.322487,0.000000,0.000000,0.000000,0.000000,0.000000,0.783213,19.294006,false,false
2026-04-17T14:36:32.791744,0.000000,0.000000,-0.528780,120.297,SE,0,0.000000,0,0.000000,1.344929,1.704290,1.612563,2.372654,8.726865,5.008670,1.467827,0.566265,-0.353819,1.612563,0.034819,0.059865,-0.141721,0.157737,0.069254,-23.435001,-25.872002,-24.198002,NaN,-0.418399,true,Self-supervised model,0.244238,0.000000,0.000000,0.000000,0.000000,0.000000,0.834032,10.223114,false,false
2026-04-17T14:36:32.800424,0.000000,0.000000,-0.530998,120.424,SE,0,0.000000,0,0.000000,1.365764,1.712749,1.475145,2.221819,8.786720,5.197812,1.327636,0.622514,-0.160973,1.475145,0.000611,0.119119,-0.237016,0.265266,0.119120,-23.435001,-25.872002,-24.198002,NaN,-0.418124,true,Self-supervised model,0.193920,0.000000,0.000000,0.000000,0.000000,0.000000,0.925850,5.561003,false,false
2026-04-17T14:36:32.806301,0.000000,0.000000,-0.532427,120.506,SE,0,0.000000,0,0.000000,1.357440,1.720537,1.313741,1.977611,8.880095,5.406107,1.102283,0.713121,0.048427,1.313741,-0.017104,0.185092,-0.309098,0.360684,0.185881,-23.435001,-25.872002,-24.198002,NaN,-0.416399,true,Self-supervised model,0.170059,0.000000,0.000000,0.000000,0.000000,0.000000,1.033263,3.642357,false,false
2026-04-17T14:36:32.814811,0.000000,0.000000,-0.532965,120.537,SE,0,0.000000,0,0.000000,1.333129,1.727041,1.205500,1.757344,8.927979,5.590461,0.907624,0.758600,0.232324,1.205500,-0.015882,0.226631,-0.350637,0.417804,0.227187,-23.435001,-25.872002,-24.198002,NaN,-0.413372,true,Self-supervised model,0.164274,0.000000,0.000000,0.000000,0.000000,0.000000,1.105873,2.885326,false,false
2026-04-17T14:36:32.822663,0.000000,0.000000,-0.532602,120.516,SE,0,0.000000,0,0.000000,1.307156,1.732245,1.170795,1.551443,8.959103,5.822699,0.732180,0.787207,0.463658,1.170795,-0.006720,0.259007,-0.376904,0.457369,0.259094,-23.435001,-25.872002,-24.198002,NaN,-0.409404,true,Self-supervised model,0.159996,0.000000,0.000000,0.000000,0.000000,0.000000,1.116469,2.559848,false,false
2026-04-17T14:36:32.832148,0.000000,0.000000,-0.531387,120.446,SE,0,0.000000,0,0.000000,1.285895,1.736391,1.174275,1.431733,8.920795,6.007052,0.632188,0.744080,0.652386,1.174275,0.008552,0.266337,-0.379958,0.464087,0.266475,-23.435001,-25.872002,-24.198002,NaN,-0.404783,true,Self-supervised model,0.155804,0.000000,0.000000,0.000000,0.000000,0.000000,1.095054,2.530291,false,false
2026-04-17T14:36:32.838414,0.000000,0.000000,-0.529856,120.359,SE,0,0.000000,0,0.000000,1.267517,1.739636,1.171029,1.355118,8.868123,6.102820,0.577933,0.686525,0.752320,1.171029,0.048869,0.255953,-0.375071,0.456704,0.260576,-23.435001,-25.872002,-24.198002,NaN,-0.401989,true,Self-supervised model,0.152255,0.000000,0.000000,0.000000,0.000000,0.000000,1.082395,2.564089,false,false
2026-04-17T14:36:32.846507,0.000000,0.000000,-0.527993,120.252,SE,0,0.000000,0,0.000000,1.252468,1.742150,1.173462,1.309628,8.846576,6.141128,0.556004,0.659599,0.795488,1.173462,0.079412,0.235183,-0.368963,0.444692,0.248229,-23.435001,-25.872002,-24.198002,NaN,-0.398795,true,Self-supervised model,0.150668,0.000000,0.000000,0.000000,0.000000,0.000000,1.067327,2.638821,false,false
2026-04-17T14:36:32.854004,0.000000,0.000000,-0.525817,120.127,SE,0,0.000000,0,0.000000,1.239988,1.744063,1.174472,1.235408,8.827422,6.189012,0.505509,0.634404,0.849339,1.174472,0.111177,0.194255,-0.359800,0.423735,0.223820,-23.435001,-25.872002,-24.198002,NaN,-0.395368,true,Self-supervised model,0.149685,0.000000,0.000000,0.000000,0.000000,0.000000,1.055784,2.771714,false,false
2026-04-17T14:36:32.863353,0.000000,0.000000,-0.523358,119.986,SE,0,0.000000,0,0.000000,1.222511,1.745201,1.130755,1.230620,8.781932,6.148310,0.523417,0.582199,0.815896,1.130755,0.131947,0.153327,-0.347582,0.402160,0.202285,-23.435001,-25.872002,-24.198002,NaN,-0.391777,true,Self-supervised model,0.148937,0.000000,0.000000,0.000000,0.000000,0.000000,1.081146,2.811705,false,false
2026-04-17T14:36:32.870497,0.000000,0.000000,-0.520663,119.832,SE,0,0.000000,0,0.000000,1.198393,1.745329,1.071775,1.197101,8.734048,6.105214,0.511110,0.527497,0.780522,1.071775,0.133169,0.125838,-0.337198,0.383760,0.183219,-23.435001,-25.872002,-24.198002,NaN,-0.388135,true,Self-supervised model,0.147279,0.000000,0.000000,0.000000,0.000000,0.000000,1.118139,2.792829,false,false
2026-04-17T14:36:32.879891,0.000000,0.000000,-0.517789,119.667,SE,0,0.000000,0,0.000000,1.172531,1.744417,1.036756,1.228225,8.683769,6.050148,0.562547,0.470962,0.732529,1.036756,0.116675,0.122173,-0.335365,0.375512,0.168936,-23.435001,-25.872002,-24.198002,NaN,-0.384549,true,Self-supervised model,0.145897,0.000000,0.000000,0.000000,0.000000,0.000000,1.130962,2.760915,false,false
2026-04-17T14:36:32.886398,0.000000,0.000000,-0.514776,119.495,SE,0,0.000000,0,0.000000,1.149026,1.742601,1.025626,1.256956,8.635885,6.021417,0.611810,0.417979,0.709147,1.025626,0.090408,0.136834,-0.334754,0.372770,0.164003,-23.435001,-25.872002,-24.198002,NaN,-0.380981,true,Self-supervised model,0.142670,0.000000,0.000000,0.000000,0.000000,0.000000,1.120318,2.751363,false,false
2026-04-17T14:36:32.898675,0.000000,0.000000,-0.511641,119.315,SE,0,0.000000,0,0.000000,1.124996,1.739897,0.998834,1.240196,8.568848,6.014235,0.616598,0.347439,0.704814,0.998834,0.050702,0.182038,-0.343306,0.391877,0.188967,-23.435001,-25.872002,-24.198002,NaN,-0.377356,true,Self-supervised model,0.141542,0.000000,0.000000,0.000000,0.000000,0.000000,1.126309,2.548846,false,false
2026-04-17T14:36:32.902482,0.000000,0.000000,-0.508390,119.129,SE,0,0.000000,0,0.000000,1.098124,1.736226,0.957046,1.194707,8.485051,6.011840,0.595061,0.261935,0.702303,0.957046,0.016493,0.248622,-0.352469,0.431648,0.249169,-23.435001,-25.872002,-24.198002,NaN,-0.373641,true,Self-supervised model,0.137036,0.000000,0.000000,0.000000,0.000000,0.000000,1.147409,2.217194,false,false
2026-04-17T14:36:32.909950,0.000000,0.000000,-0.505017,118.935,SE,0,0.000000,0,0.000000,1.070356,1.731591,0.924573,1.077391,8.473080,6.045359,0.505142,0.249855,0.732966,0.924573,-0.003665,0.321926,-0.357967,0.481446,0.321947,-23.435001,-25.872002,-24.198002,NaN,-0.369777,true,Self-supervised model,0.135379,0.000000,0.000000,0.000000,0.000000,0.000000,1.157675,1.920410,false,false
2026-04-17T14:36:32.918277,0.000000,0.000000,-0.501516,118.735,SE,0,0.000000,0,0.000000,1.045248,1.726137,0.913430,0.859518,8.506598,6.124368,0.318794,0.284167,0.807449,0.913430,-0.010385,0.421497,-0.354302,0.550724,0.421625,-23.435001,-25.872002,-24.198002,NaN,-0.365769,true,Self-supervised model,0.131806,0.000000,0.000000,0.000000,0.000000,0.000000,1.144310,1.658598,false,false
2026-04-17T14:36:32.926759,0.000000,0.000000,-0.497891,118.527,SE,0,0.000000,0,0.000000,1.029353,1.720266,0.945909,0.586579,8.585608,6.189012,0.087108,0.362291,0.869425,0.945909,0.010996,0.522290,-0.340863,0.623775,0.522406,-23.435001,-25.872002,-24.198002,NaN,-0.361645,true,Self-supervised model,0.127871,0.000000,0.000000,0.000000,0.000000,0.000000,1.088216,1.516427,false,false
2026-04-17T14:36:32.934447,0.000000,0.000000,-0.494004,118.304,SE,0,0.000000,0,0.000000,1.021709,1.714324,0.981574,0.359130,8.686164,6.181829,-0.096231,0.460920,0.861266,0.981574,0.058643,0.602313,-0.317039,0.683179,0.605161,-23.435001,-25.872002,-24.198002,NaN,-0.356710,true,Self-supervised model,0.126372,0.000000,0.000000,0.000000,0.000000,0.000000,1.040888,1.436774,false,false
2026-04-17T14:36:32.942316,0.000000,0.000000,-0.489962,118.073,SE,0,0.000000,0,0.000000,1.021949,1.708629,1.023211,0.074220,8.803479,6.095637,-0.335433,0.574136,0.777698,1.023211,0.117286,0.651182,-0.291994,0.723225,0.661660,-23.435001,-25.872002,-24.198002,NaN,-0.352047,true,Self-supervised model,0.127711,0.000000,0.000000,0.000000,0.000000,0.000000,0.998766,1.414789,false,false
2026-04-17T14:36:32.950901,0.000000,0.000000,-0.485876,117.839,SE,0,0.000000,0,0.000000,1.038874,1.703839,1.127731,-0.177171,9.033323,5.896919,-0.541021,0.797313,0.585974,1.127731,0.183870,0.674395,-0.256563,0.744609,0.699012,-23.633001,-29.319002,-20.317001,NaN,-0.347790,true,Self-supervised model,0.137471,0.000000,0.000000,0.000000,0.000000,0.000000,0.921208,1.514528,false,false
2026-04-17T14:36:32.958260,0.000000,0.000000,-0.481843,117.608,SE,0,0.000000,0,0.000000,1.085989,1.701125,1.333342,-0.483629,9.258378,5.619191,-0.804909,1.014277,0.318061,1.333342,0.226631,0.670730,-0.218079,0.740810,0.707983,-23.633001,-29.319002,-20.317001,NaN,-0.343966,true,Self-supervised model,0.165417,0.000000,0.000000,0.000000,0.000000,0.000000,0.814487,1.799844,false,false
2026-04-17T14:36:32.968578,0.000000,0.000000,-0.478004,117.388,SE,0,0.000000,0,0.000000,1.172791,1.701991,1.628501,-0.718261,9.531317,5.442020,-0.998738,1.276973,0.154531,1.628501,0.246790,0.630413,-0.180205,0.700571,0.676997,-23.633001,-29.319002,-20.317001,NaN,-0.340903,true,Self-supervised model,0.210581,0.000000,0.000000,0.000000,0.000000,0.000000,0.720166,2.324535,false,false
2026-04-17T14:36:32.974007,0.000000,0.000000,-0.474385,117.180,SE,0,0.000000,0,0.000000,1.282717,1.707220,1.859832,-0.902614,9.727641,5.204995,-1.147029,1.462452,-0.067321,1.859832,0.243735,0.544892,-0.136223,0.612267,0.596920,-23.633001,-29.319002,-20.317001,NaN,-0.338164,true,Self-supervised model,0.240046,0.000000,0.000000,0.000000,0.000000,0.000000,0.689695,3.037617,false,false
2026-04-17T14:36:32.982312,0.000000,0.000000,-0.471043,116.989,SE,0,0.000000,0,0.000000,1.411632,1.717397,2.088434,-1.067814,9.897630,4.967968,-1.282693,1.622413,-0.289881,2.088434,0.207083,0.431882,-0.100793,0.489453,0.478963,-23.633001,-29.319002,-20.317001,NaN,-0.335931,true,Self-supervised model,0.277322,0.000000,0.000000,0.000000,0.000000,0.000000,0.675929,4.266871,false,false
2026-04-17T14:36:32.990489,0.000000,0.000000,-0.468027,116.816,SE,0,0.000000,0,0.000000,1.539797,1.732293,2.212664,-1.127669,9.971850,4.697424,-1.320371,1.688628,-0.548668,2.212664,0.138056,0.299324,-0.067806,0.336529,0.329627,-23.633001,-29.319002,-20.317001,NaN,-0.334218,true,Self-supervised model,0.309814,0.000000,0.000000,0.000000,0.000000,0.000000,0.695902,6.574956,false,false
2026-04-17T14:36:32.998426,0.000000,0.000000,-0.465370,116.664,SE,0,0.000000,0,0.000000,1.653422,1.751138,2.249954,-1.122881,9.959879,4.481946,-1.300925,1.672137,-0.757524,2.249954,0.042761,0.169210,-0.049480,0.181407,0.174529,-23.633001,-29.319002,-20.317001,NaN,-0.332998,true,Self-supervised model,0.365324,0.000000,0.000000,0.000000,0.000000,0.000000,0.734869,12.402763,false,false
2026-04-17T14:36:33.006191,0.000000,0.000000,-0.463075,116.532,SE,0,0.000000,0,0.000000,1.727996,1.772212,2.119509,-1.039083,9.782708,4.350265,-1.209731,1.495453,-0.890220,2.119509,-0.116064,-0.008552,-0.039095,0.122770,0.116379,-23.633001,-29.319002,-20.317001,NaN,-0.332149,true,Self-supervised model,0.395316,0.000000,0.000000,0.000000,0.000000,0.000000,0.815281,17.264029,false,false
2026-04-17T14:36:33.014620,0.000000,0.000000,-0.461097,116.419,SE,0,0.000000,0,0.000000,1.723976,1.792283,1.702869,-0.775721,9.411607,4.402937,-0.946788,1.132019,-0.849640,1.702869,-0.312152,-0.200975,-0.034208,0.372827,0.371254,-23.633001,-29.319002,-20.317001,NaN,-0.331439,true,Self-supervised model,0.225236,0.000000,0.000000,0.000000,0.000000,0.000000,1.012395,4.567450,false,false
2026-04-17T14:36:33.022368,0.000000,0.000000,-0.459364,116.320,SE,0,0.000000,0,0.000000,1.617666,1.807298,1.059542,-0.392649,8.942344,4.697424,-0.571997,0.678227,-0.579185,1.059542,-0.499077,-0.361021,-0.021991,0.616358,0.615966,-23.633001,-29.319002,-20.317001,NaN,-0.330690,true,Self-supervised model,0.204326,0.000000,0.000000,0.000000,0.000000,0.000000,1.526761,1.719035,false,false
2026-04-17T14:36:33.030702,0.000000,0.000000,-0.457827,116.232,SE,0,0.000000,0,0.000000,1.439294,1.814578,0.502840,-0.095768,8.504205,4.994305,-0.289240,0.262469,-0.316699,0.502840,-0.623083,-0.418443,-0.017104,0.750745,0.750551,-23.633001,-29.319002,-20.317001,NaN,-0.329932,true,Self-supervised model,0.204970,0.000000,0.000000,0.000000,0.000000,0.000000,2.862331,0.669787,false,false
2026-04-17T14:36:33.038095,0.000000,0.000000,-0.456448,116.153,SE,0,0.000000,0,0.000000,1.248393,1.813931,0.246163,0.280122,7.991845,5.427655,0.071592,-0.223013,0.075738,0.246163,-0.693332,-0.381180,-0.015882,0.791366,0.791206,-23.633001,-29.319002,-20.317001,NaN,-0.329184,true,Self-supervised model,0.203934,0.000000,0.000000,0.000000,0.000000,0.000000,5.071399,0.311062,false,false
2026-04-17T14:36:33.046258,0.000000,0.000000,-0.455177,116.080,SE,0,0.000000,0,0.000000,1.191231,1.811023,0.891130,0.600945,7.539341,5.875371,0.380651,-0.646935,0.480304,0.891130,-0.675617,-0.243124,-0.029932,0.718654,0.718030,-23.633001,-29.319002,-20.317001,NaN,-0.328349,true,Self-supervised model,0.154880,0.000000,0.000000,0.000000,0.000000,0.000000,1.336765,1.239998,false,false
2026-04-17T14:36:33.054155,0.000000,0.000000,-0.453978,116.011,SE,0,0.000000,0,0.000000,1.215520,1.809203,1.343035,0.735020,7.168240,6.184223,0.511236,-0.991012,0.748517,1.343035,-0.585209,-0.032376,-0.061697,0.589342,0.586104,-23.633001,-29.319002,-20.317001,NaN,-0.327438,true,Self-supervised model,0.157116,0.000000,0.000000,0.000000,0.000000,0.000000,0.905054,2.278872,false,false
2026-04-17T14:36:33.062877,0.000000,0.000000,-0.452790,115.943,SE,0,0.000000,0,0.000000,1.263239,1.809364,1.513767,0.725443,6.986280,6.313510,0.509254,-1.149732,0.842773,1.513767,-0.489914,0.148440,-0.094684,0.520591,0.511908,-23.633001,-29.319002,-20.317001,NaN,-0.326290,true,Self-supervised model,0.182640,0.000000,0.000000,0.000000,0.000000,0.000000,0.834501,2.907784,false,false
2026-04-17T14:36:33.070358,0.000000,0.000000,-0.451541,115.871,SE,0,0.000000,0,0.000000,1.290752,1.810620,1.435196,0.531513,6.959944,6.275203,0.336252,-1.158471,0.777604,1.435196,-0.305433,0.453873,-0.161268,0.570348,0.547074,-23.633001,-29.319002,-20.317001,NaN,-0.324803,true,Self-supervised model,0.167886,0.000000,0.000000,0.000000,0.000000,0.000000,0.899356,2.516350,false,false
2026-04-17T14:36:33.078354,0.000000,0.000000,-0.450140,115.791,SE,0,0.000000,0,0.000000,1.267759,1.810905,1.147047,0.208296,7.129933,6.112397,0.049079,-0.977729,0.597791,1.147047,-0.145386,0.696997,-0.225409,0.746828,0.711999,-23.633001,-29.319002,-20.317001,NaN,-0.322789,true,Self-supervised model,0.147609,0.000000,0.000000,0.000000,0.000000,0.000000,1.105237,1.535893,false,false
2026-04-17T14:36:33.086290,0.000000,0.000000,-0.448469,115.695,SE,0,0.000000,0,0.000000,1.200952,1.808507,0.850214,-0.201113,7.429208,5.937620,-0.311019,-0.673768,0.414930,0.850214,-0.017715,0.857655,-0.274278,0.900619,0.857838,-23.633001,-29.319002,-20.317001,NaN,-0.320041,true,Self-supervised model,0.159390,0.000000,0.000000,0.000000,0.000000,0.000000,1.412530,0.944033,false,false
2026-04-17T14:36:33.096206,0.000000,0.000000,-0.446432,115.579,SE,0,0.000000,0,0.000000,1.130069,1.803369,0.757931,-0.531513,7.694964,5.781997,-0.583980,-0.408107,0.258603,0.757931,0.057421,0.904081,-0.295048,0.952739,0.905902,-23.633001,-29.319002,-20.317001,NaN,-0.316537,true,Self-supervised model,0.159578,0.000000,0.000000,0.000000,0.000000,0.000000,1.490991,0.795529,false,false
2026-04-17T14:36:33.102435,0.000000,0.000000,-0.443994,115.439,SE,0,0.000000,0,0.000000,1.087717,1.796743,0.865369,-0.866701,8.013393,5.559336,-0.859485,-0.092517,0.039866,0.865369,0.097738,0.871705,-0.303600,0.928221,0.877167,-23.633001,-29.319002,-20.317001,NaN,-0.312496,true,Self-supervised model,0.139324,0.000000,0.000000,0.000000,0.000000,0.000000,1.256940,0.932287,false,false
2026-04-17T14:36:33.112321,0.000000,0.000000,-0.441178,115.278,SE,0,0.000000,0,0.000000,1.089134,1.790439,1.096575,-1.144428,8.281544,5.427655,-1.079604,0.171893,-0.085941,1.096575,0.093462,0.761138,-0.302378,0.824317,0.766855,-21.040001,-29.123001,-21.302002,NaN,-0.308169,true,Self-supervised model,0.135842,0.000000,0.000000,0.000000,0.000000,0.000000,0.993214,1.330283,false,false
2026-04-17T14:36:33.118160,0.000000,0.000000,-0.438031,115.097,SE,0,0.000000,0,0.000000,1.116769,1.785492,1.261850,-1.314417,8.434772,5.243302,-1.190088,0.323553,-0.266964,1.261850,0.055589,0.604146,-0.304211,0.678695,0.606698,-21.040001,-29.123001,-21.302002,NaN,-0.303701,true,Self-supervised model,0.151956,0.000000,0.000000,0.000000,0.000000,0.000000,0.885025,1.859231,false,false
2026-04-17T14:36:33.128036,0.000000,0.000000,-0.434400,114.889,SE,0,0.000000,0,0.000000,1.154954,1.782271,1.355426,-1.422156,8.530540,5.197812,-1.251476,0.418351,-0.309787,1.355426,-0.008552,0.428827,-0.311541,0.530117,0.428913,-21.040001,-29.123001,-21.302002,NaN,-0.298127,true,Self-supervised model,0.166332,0.000000,0.000000,0.000000,0.000000,0.000000,0.852097,2.556842,false,false
2026-04-17T14:36:33.134286,0.000000,0.000000,-0.430540,114.668,SE,0,0.000000,0,0.000000,1.193490,1.780719,1.395808,-1.498770,8.537724,5.188235,-1.289037,0.428012,-0.321663,1.395808,-0.084299,0.266948,-0.325591,0.429392,0.279942,-21.040001,-29.123001,-21.302002,NaN,-0.293354,true,Self-supervised model,0.171585,0.000000,0.000000,0.000000,0.000000,0.000000,0.855054,3.250662,false,false
2026-04-17T14:36:33.142435,0.000000,0.000000,-0.426449,114.434,SE,0,0.000000,0,0.000000,1.231591,1.780754,1.431620,-1.594538,8.513782,5.305551,-1.354076,0.412107,-0.214905,1.431620,-0.281609,-0.052534,-0.352469,0.454200,0.286467,-21.040001,-29.123001,-21.302002,NaN,-0.288342,true,Self-supervised model,0.174002,0.000000,0.000000,0.000000,0.000000,0.000000,0.860278,3.151958,false,false
2026-04-17T14:36:33.150611,0.000000,0.000000,-0.422116,114.185,SE,0,0.000000,0,0.000000,1.253715,1.781673,1.369863,-1.596933,8.389283,5.487510,-1.334818,0.303008,-0.054498,1.369863,-0.444099,-0.246179,-0.356745,0.620560,0.507768,-21.040001,-29.123001,-21.302002,NaN,-0.283036,true,Self-supervised model,0.159634,0.000000,0.000000,0.000000,0.000000,0.000000,0.915212,2.207461,false,false
2026-04-17T14:36:33.158158,0.000000,0.000000,-0.417558,113.924,SE,0,0.000000,0,0.000000,1.260873,1.782841,1.298454,-1.539472,8.180987,5.846641,-1.264356,0.118390,0.270869,1.298454,-0.629191,-0.404393,-0.336587,0.820186,0.747941,-21.040001,-29.123001,-21.302002,NaN,-0.277583,true,Self-supervised model,0.150045,0.000000,0.000000,0.000000,0.000000,0.000000,0.971057,1.583120,false,false
2026-04-17T14:36:33.168249,0.000000,0.000000,-0.412860,113.655,SE,0,0.000000,0,0.000000,1.255694,1.783755,1.228508,-1.340753,7.884106,6.224925,-1.059395,-0.147123,0.604374,1.228508,-0.775799,-0.455095,-0.299935,0.948122,0.899430,-21.040001,-29.123001,-21.302002,NaN,-0.272325,true,Self-supervised model,0.146093,0.000000,0.000000,0.000000,0.000000,0.000000,1.022130,1.295727,false,false
2026-04-17T14:36:33.174318,0.000000,0.000000,-0.408154,113.386,SE,0,0.000000,0,0.000000,1.266546,1.785067,1.323514,-1.067814,7.524976,6.631939,-0.783290,-0.468753,0.958340,1.323514,-0.871094,-0.402560,-0.257785,0.993636,0.959614,-21.040001,-29.123001,-21.302002,NaN,-0.267583,true,Self-supervised model,0.152137,0.000000,0.000000,0.000000,0.000000,0.000000,0.956957,1.331991,false,false
2026-04-17T14:36:33.182593,0.000000,0.000000,-0.403570,113.123,SE,0,0.000000,0,0.000000,1.309878,1.788059,1.537371,-0.814029,7.240066,6.988675,-0.525972,-0.711972,1.256964,1.537371,-0.912633,-0.302989,-0.221133,0.986712,0.961614,-21.040001,-29.123001,-21.302002,NaN,-0.263488,true,Self-supervised model,0.180649,0.000000,0.000000,0.000000,0.000000,0.000000,0.852024,1.558074,false,false
2026-04-17T14:36:33.190183,0.000000,0.000000,-0.399222,112.874,SE,0,0.000000,0,0.000000,1.401261,1.794587,1.881021,-0.524330,6.928820,7.381324,-0.230767,-0.979240,1.589363,1.881021,-0.918130,-0.186314,-0.183260,0.954600,0.936844,-21.040001,-29.123001,-21.302002,NaN,-0.260086,true,Self-supervised model,0.232035,0.000000,0.000000,0.000000,0.000000,0.000000,0.744947,1.970482,false,false
2026-04-17T14:36:33.201611,0.000000,0.000000,-0.395194,112.643,SE,0,0.000000,0,0.000000,1.537718,1.806312,2.254117,-0.270545,6.742072,7.807492,0.030166,-1.121213,1.955253,2.254117,-0.883922,-0.112399,-0.147829,0.903219,0.891040,-21.040001,-29.123001,-21.302002,NaN,-0.257338,true,Self-supervised model,0.289093,0.000000,0.000000,0.000000,0.000000,0.000000,0.682182,2.495647,false,false
2026-04-17T14:36:33.206325,0.000000,0.000000,-0.391546,112.434,E,0,0.000000,0,0.000000,1.704636,1.824245,2.580960,-0.090980,6.617573,8.183381,0.216024,-1.202299,2.273581,2.580960,-0.810618,-0.094684,-0.108123,0.823260,0.816129,-21.040001,-29.123001,-21.302002,NaN,-0.255208,true,Self-supervised model,0.328814,0.000000,0.000000,0.000000,0.000000,0.000000,0.660466,3.135048,false,false
2026-04-17T14:36:33.214507,0.000000,0.000000,-0.388320,112.249,E,0,0.000000,0,0.000000,1.874516,1.848256,2.766385,0.074220,6.569689,8.420407,0.384015,-1.209976,2.457922,2.766385,-0.717767,-0.114843,-0.067195,0.729995,0.726896,-21.040001,-29.123001,-21.302002,NaN,-0.253669,true,Self-supervised model,0.372058,0.000000,0.000000,0.000000,0.000000,0.000000,0.677605,3.789594,false,false
2026-04-17T14:36:33.222221,0.000000,0.000000,-0.385557,112.091,E,0,0.000000,0,0.000000,2.034468,1.877705,2.874214,0.301669,6.581660,8.588001,0.613036,-1.149028,2.562231,2.874214,-0.576657,-0.158825,-0.007941,0.598182,0.598129,-21.040001,-29.123001,-21.302002,NaN,-0.252761,true,Self-supervised model,0.407085,0.000000,0.000000,0.000000,0.000000,0.000000,0.707835,4.804916,false,false
2026-04-17T14:36:33.230593,0.000000,0.000000,-0.383216,111.957,E,0,0.000000,0,0.000000,2.180774,1.911827,2.948884,0.519542,6.552930,8.650250,0.821764,-1.149707,2.588202,2.948884,-0.403171,-0.194866,0.059254,0.451698,0.447794,-21.040001,-29.123001,-21.302002,NaN,-0.252106,true,Self-supervised model,0.449726,0.000000,0.000000,0.000000,0.000000,0.000000,0.739525,6.528447,false,false
2026-04-17T14:36:33.238337,0.000000,0.000000,-0.381452,111.856,E,0,0.000000,0,0.000000,2.288467,1.948893,2.853854,0.718261,6.550536,8.506598,1.005657,-1.132378,2.418854,2.853854,-0.215635,-0.200975,0.117286,0.317247,0.294770,-21.040001,-29.123001,-21.302002,NaN,-0.252650,true,Self-supervised model,0.476929,0.000000,0.000000,0.000000,0.000000,0.000000,0.801887,8.995691,false,false
2026-04-17T14:36:33.246159,0.000000,0.000000,-0.380300,111.790,E,0,0.000000,0,0.000000,2.357354,1.987231,2.719011,0.859518,6.538565,8.300697,1.128719,-1.133626,2.198615,2.719011,-0.047647,-0.175929,0.153327,0.238182,0.182267,-21.040001,-29.123001,-21.302002,NaN,-0.253948,true,Self-supervised model,0.489460,0.000000,0.000000,0.000000,0.000000,0.000000,0.866989,11.415695,false,false
2026-04-17T14:36:33.254039,0.000000,0.000000,-0.379758,111.759,E,0,0.000000,0,0.000000,2.382814,2.025055,2.516476,0.960075,6.545747,8.003817,1.210581,-1.124266,1.898202,2.516476,0.139888,-0.125838,0.167377,0.251831,0.188159,-21.040001,-29.123001,-21.302002,NaN,-0.255848,true,Self-supervised model,0.446822,0.000000,0.000000,0.000000,0.000000,0.000000,0.946885,9.992703,false,false
2026-04-17T14:36:33.263788,0.000000,0.000000,-0.379770,111.759,E,0,0.000000,0,0.000000,2.351656,2.060119,2.188080,0.928950,6.607996,7.613562,1.162705,-1.068093,1.514923,2.188080,0.312763,-0.064141,0.157603,0.356053,0.319272,-21.040001,-29.123001,-21.302002,NaN,-0.258072,true,Self-supervised model,0.356451,0.000000,0.000000,0.000000,0.000000,0.000000,1.074758,6.145384,false,false
2026-04-17T14:36:33.271004,0.000000,0.000000,-0.380231,111.786,E,0,0.000000,0,0.000000,2.257660,2.090020,1.764177,0.766145,6.751649,7.204153,0.986324,-0.938107,1.122248,1.764177,0.464258,-0.020159,0.135612,0.484079,0.464695,-17.418001,-28.677002,-23.638000,NaN,-0.260327,true,Self-supervised model,0.283841,0.000000,0.000000,0.000000,0.000000,0.000000,1.279724,3.644402,false,false
2026-04-17T14:36:33.279090,0.000000,0.000000,-0.381009,111.830,E,0,0.000000,0,0.000000,2.111501,2.112880,1.344167,0.567426,6.895301,6.792350,0.776657,-0.814282,0.735210,1.344167,0.577268,-0.001222,0.113621,0.588344,0.577269,-17.418001,-28.677002,-23.638000,NaN,-0.262378,true,Self-supervised model,0.244016,0.000000,0.000000,0.000000,0.000000,0.000000,1.570862,2.284660,false,false
2026-04-17T14:36:33.286330,0.000000,0.000000,-0.381985,111.886,E,0,0.000000,0,0.000000,1.924447,2.127342,0.942412,0.347159,7.024588,6.318298,0.546884,-0.709644,0.292341,0.942412,0.684169,-0.007330,0.092852,0.690480,0.684208,-17.418001,-28.677002,-23.638000,NaN,-0.264143,true,Self-supervised model,0.220300,0.000000,0.000000,0.000000,0.000000,0.000000,2.042044,1.364865,false,false
2026-04-17T14:36:33.297229,0.000000,0.000000,-0.383066,111.948,E,0,0.000000,0,0.000000,1.735451,2.133667,0.743225,0.131681,7.125144,5.784391,0.322056,-0.637688,-0.204981,0.743225,0.765414,-0.024435,0.081856,0.770166,0.765804,-17.418001,-28.677002,-23.638000,NaN,-0.265647,true,Self-supervised model,0.209613,0.000000,0.000000,0.000000,0.000000,0.000000,2.335028,0.965019,false,false
2026-04-17T14:36:33.302447,0.000000,0.000000,-0.384194,112.013,E,0,0.000000,0,0.000000,1.601078,2.134363,0.895618,-0.031125,7.247249,5.255273,0.149635,-0.547488,-0.692820,0.895618,0.820392,-0.049480,0.079412,0.825710,0.821883,-17.418001,-28.677002,-23.638000,NaN,-0.266959,true,Self-supervised model,0.195936,0.000000,0.000000,0.000000,0.000000,0.000000,1.787679,1.084664,false,false
2026-04-17T14:36:33.310269,0.000000,0.000000,-0.385333,112.078,E,0,0.000000,0,0.000000,1.532819,2.132301,1.174457,-0.138864,7.316680,4.845864,0.032024,-0.513523,-1.055755,1.174457,0.838718,-0.064141,0.083689,0.845320,0.841167,-17.418001,-28.677002,-23.638000,NaN,-0.268142,true,Self-supervised model,0.173421,0.000000,0.000000,0.000000,0.000000,0.000000,1.305129,1.389365,false,false
2026-04-17T14:36:33.318588,0.000000,0.000000,-0.386455,112.142,E,0,0.000000,0,0.000000,1.529255,2.130179,1.510544,-0.232238,7.400477,4.429273,-0.078182,-0.455844,-1.437997,1.510544,0.830777,-0.097738,0.097128,0.842126,0.836506,-17.418001,-28.677002,-23.638000,NaN,-0.269199,true,Self-supervised model,0.171791,0.000000,0.000000,0.000000,0.000000,0.000000,1.012387,1.793726,false,false
2026-04-17T14:36:33.326346,0.000000,0.000000,-0.387750,112.216,E,0,0.000000,0,0.000000,1.564862,2.129567,1.751800,-0.325611,7.453150,4.139575,-0.187568,-0.433817,-1.686839,1.751800,0.788016,-0.136834,0.120951,0.808902,0.799808,-17.418001,-28.677002,-23.638000,NaN,-0.271187,true,Self-supervised model,0.198267,0.000000,0.000000,0.000000,0.000000,0.000000,0.893288,2.165653,false,false
2026-04-17T14:36:33.334208,0.000000,0.000000,-0.389136,112.296,E,0,0.000000,0,0.000000,1.611634,2.130849,1.857187,-0.373495,7.534553,3.983952,-0.252783,-0.384402,-1.799299,1.857187,0.726930,-0.192423,0.152716,0.767317,0.751966,-17.418001,-28.677002,-23.638000,NaN,-0.272934,true,Self-supervised model,0.213944,0.000000,0.000000,0.000000,0.000000,0.000000,0.867782,2.420364,false,false
2026-04-17T14:36:33.342099,0.000000,0.000000,-0.390609,112.380,E,0,0.000000,0,0.000000,1.659241,2.133985,1.909180,-0.361524,7.603985,3.881001,-0.261441,-0.346534,-1.859175,1.909180,0.673784,-0.242514,0.187536,0.740248,0.716099,-17.418001,-28.677002,-23.638000,NaN,-0.274755,true,Self-supervised model,0.222496,0.000000,0.000000,0.000000,0.000000,0.000000,0.869086,2.579107,false,false
2026-04-17T14:36:33.350183,0.000000,0.000000,-0.392214,112.472,E,0,0.000000,0,0.000000,1.700587,2.138649,1.917653,-0.306458,7.654263,3.823540,-0.231470,-0.326071,-1.875498,1.917653,0.614530,-0.302378,0.227853,0.721801,0.684894,-17.418001,-28.677002,-23.638000,NaN,-0.276888,true,Self-supervised model,0.225319,0.000000,0.000000,0.000000,0.000000,0.000000,0.886807,2.656760,false,false
2026-04-17T14:36:33.358212,0.000000,0.000000,-0.394028,112.576,SE,0,0.000000,0,0.000000,1.725957,2.144142,1.859150,-0.162806,7.718906,3.828329,-0.117613,-0.288551,-1.832851,1.859150,0.555887,-0.353080,0.257785,0.707198,0.658541,-17.418001,-28.677002,-23.638000,NaN,-0.279538,true,Self-supervised model,0.218684,0.000000,0.000000,0.000000,0.000000,0.000000,0.928358,2.628895,false,false
2026-04-17T14:36:33.366568,0.000000,0.000000,-0.396120,112.696,SE,0,0.000000,0,0.000000,1.733880,2.149731,1.775472,0.019154,7.838616,3.861847,0.030775,-0.193375,-1.764641,1.775472,0.512516,-0.385456,0.271224,0.696284,0.641287,-17.418001,-28.677002,-23.638000,NaN,-0.282746,true,Self-supervised model,0.209528,0.000000,0.000000,0.000000,0.000000,0.000000,0.976574,2.549924,false,false
2026-04-17T14:36:33.374315,0.000000,0.000000,-0.398520,112.834,SE,0,0.000000,0,0.000000,1.716468,2.154401,1.625059,0.296881,8.010999,3.993528,0.272449,-0.042922,-1.601482,1.625059,0.438601,-0.436158,0.273668,0.676386,0.618550,-17.418001,-28.677002,-23.638000,NaN,-0.286375,true,Self-supervised model,0.195855,0.000000,0.000000,0.000000,0.000000,0.000000,1.056250,2.402560,false,false
2026-04-17T14:36:33.382288,0.000000,0.000000,-0.401209,112.988,SE,0,0.000000,0,0.000000,1.688250,2.157754,1.540103,0.586579,8.178593,4.122815,0.524820,0.105412,-1.444080,1.540103,0.373850,-0.460592,0.251676,0.644399,0.593219,-17.418001,-28.677002,-23.638000,NaN,-0.290217,true,Self-supervised model,0.189382,0.000000,0.000000,0.000000,0.000000,0.000000,1.096193,2.389983,false,false
2026-04-17T14:36:33.390472,0.000000,0.000000,-0.404123,113.155,SE,0,0.000000,0,0.000000,1.658679,2.159791,1.503436,0.852336,8.358158,4.268862,0.754310,0.267875,-1.272626,1.503436,0.307265,-0.467923,0.198531,0.593951,0.559789,-17.418001,-28.677002,-23.638000,NaN,-0.294037,true,Self-supervised model,0.185891,0.000000,0.000000,0.000000,0.000000,0.000000,1.103259,2.531243,false,false
2026-04-17T14:36:33.398614,0.000000,0.000000,-0.407146,113.328,SE,0,0.000000,0,0.000000,1.628929,2.160557,1.472736,1.003170,8.477868,4.390966,0.871722,0.372129,-1.127197,1.472736,0.251066,-0.457538,0.139277,0.540160,0.521896,-17.418001,-28.677002,-23.638000,NaN,-0.297494,true,Self-supervised model,0.182298,0.000000,0.000000,0.000000,0.000000,0.000000,1.106056,2.726480,false,false
2026-04-17T14:36:33.406086,0.000000,0.000000,-0.410132,113.499,SE,0,0.000000,0,0.000000,1.595451,2.159953,1.419696,1.096544,8.573636,4.529830,0.935603,0.453688,-0.966618,1.419696,0.182038,-0.430660,0.048258,0.470037,0.467553,-17.418001,-28.677002,-23.638000,NaN,-0.300328,true,Self-supervised model,0.178420,0.000000,0.000000,0.000000,0.000000,0.000000,1.123798,3.020392,false,false
2026-04-17T14:36:33.414237,0.000000,0.000000,-0.412932,113.659,SE,0,0.000000,0,0.000000,1.537681,2.157062,1.234386,1.072602,8.655039,4.795586,0.886959,0.522387,-0.681266,1.234386,0.108734,-0.422108,-0.050091,0.438756,0.435888,-17.418001,-28.677002,-23.638000,NaN,-0.302388,true,Self-supervised model,0.175967,0.000000,0.000000,0.000000,0.000000,0.000000,1.245705,2.813373,false,false
2026-04-17T14:36:33.422357,0.000000,0.000000,-0.415389,113.800,SE,0,0.000000,0,0.000000,1.457561,2.151082,1.036935,1.003170,8.652645,5.061342,0.802688,0.514818,-0.407293,1.036935,0.032376,-0.450208,-0.138666,0.472190,0.451370,-17.418001,-28.677002,-23.638000,NaN,-0.303470,true,Self-supervised model,0.177101,0.000000,0.000000,0.000000,0.000000,0.000000,1.405645,2.196011,false,false
2026-04-17T14:36:33.430809,0.000000,0.000000,-0.417168,113.902,SE,0,0.000000,0,0.000000,1.363710,2.141587,0.870987,0.928950,8.609550,5.307945,0.716601,0.469531,-0.156981,0.870987,-0.036652,-0.493579,-0.193033,0.531249,0.494938,-18.564001,-28.941002,-22.627001,NaN,-0.302543,true,Self-supervised model,0.178772,0.000000,0.000000,0.000000,0.000000,0.000000,1.565705,1.639508,false,false
2026-04-17T14:36:33.438021,0.000000,0.000000,-0.418196,113.961,SE,0,0.000000,0,0.000000,1.269796,2.128715,0.776748,0.890643,8.518570,5.585672,0.667044,0.379553,0.119705,0.776748,-0.120951,-0.557720,-0.240070,0.619124,0.570684,-18.564001,-28.941002,-22.627001,NaN,-0.300562,true,Self-supervised model,0.175609,0.000000,0.000000,0.000000,0.000000,0.000000,1.634758,1.254593,false,false
2026-04-17T14:36:33.446779,0.000000,0.000000,-0.418477,113.977,SE,0,0.000000,0,0.000000,1.199826,2.113560,0.832486,0.902614,8.429984,5.872977,0.667208,0.295606,0.400604,0.832486,-0.204640,-0.607200,-0.270613,0.695558,0.640757,-18.564001,-28.941002,-22.627001,NaN,-0.297857,true,Self-supervised model,0.159920,0.000000,0.000000,0.000000,0.000000,0.000000,1.441257,1.196860,false,false
2026-04-17T14:36:33.454142,0.000000,0.000000,-0.418055,113.953,SE,0,0.000000,0,0.000000,1.171679,2.097884,1.023904,0.976834,8.298303,6.181829,0.729447,0.172290,0.697570,1.023904,-0.278555,-0.608422,-0.298713,0.732802,0.669156,-18.564001,-28.941002,-22.627001,NaN,-0.294622,true,Self-supervised model,0.138598,0.000000,0.000000,0.000000,0.000000,0.000000,1.144325,1.397245,false,false
2026-04-17T14:36:33.463659,0.000000,0.000000,-0.416993,113.892,SE,0,0.000000,0,0.000000,1.183121,2.083294,1.243196,1.060631,8.202535,6.445191,0.803550,0.087926,0.944517,1.243196,-0.315206,-0.552222,-0.328645,0.715760,0.635849,-18.564001,-28.941002,-22.627001,NaN,-0.290999,true,Self-supervised model,0.145921,0.000000,0.000000,0.000000,0.000000,0.000000,0.951677,1.736889,false,false
2026-04-17T14:36:33.470204,0.000000,0.000000,-0.415343,113.797,SE,0,0.000000,0,0.000000,1.224450,2.070940,1.441425,1.091756,8.133103,6.706159,0.815394,0.030853,1.188229,1.441425,-0.323148,-0.431271,-0.367130,0.652076,0.538905,-18.564001,-28.941002,-22.627001,NaN,-0.286998,true,Self-supervised model,0.168036,0.000000,0.000000,0.000000,0.000000,0.000000,0.849472,2.210516,false,false
2026-04-17T14:36:33.479498,0.000000,0.000000,-0.413581,113.696,SE,0,0.000000,0,0.000000,1.287030,2.061584,1.615576,1.072602,8.056489,6.950367,0.786413,-0.030724,1.410921,1.615576,-0.306043,-0.290161,-0.408669,0.587253,0.421730,-18.564001,-28.941002,-22.627001,NaN,-0.284788,true,Self-supervised model,0.192316,0.000000,0.000000,0.000000,0.000000,0.000000,0.796639,2.751073,false,false
2026-04-17T14:36:33.486690,0.000000,0.000000,-0.411565,113.581,SE,0,0.000000,0,0.000000,1.357198,2.055408,1.725577,0.984017,8.001422,7.129933,0.710612,-0.072703,1.570784,1.725577,-0.279165,-0.182649,-0.445932,0.556910,0.333607,-18.564001,-28.941002,-22.627001,NaN,-0.281758,true,Self-supervised model,0.205454,0.000000,0.000000,0.000000,0.000000,0.000000,0.786518,3.098484,false,false
2026-04-17T14:36:33.497837,0.000000,0.000000,-0.408816,113.423,SE,0,0.000000,0,0.000000,1.420879,2.052027,1.755204,0.830788,8.027759,7.235278,0.576734,-0.034070,1.657395,1.755204,-0.263283,-0.131336,-0.465479,0.550671,0.294223,-18.564001,-28.941002,-22.627001,NaN,-0.276072,true,Self-supervised model,0.207588,0.000000,0.000000,0.000000,0.000000,0.000000,0.809523,3.187394,false,false
2026-04-17T14:36:33.502755,0.000000,0.000000,-0.405383,113.227,SE,0,0.000000,0,0.000000,1.477899,2.051062,1.777255,0.553061,8.159439,7.340622,0.321096,0.109544,1.744573,1.777255,-0.259007,-0.131947,-0.466701,0.549822,0.290679,-18.564001,-28.941002,-22.627001,NaN,-0.269908,true,Self-supervised model,0.205694,0.000000,0.000000,0.000000,0.000000,0.000000,0.831563,3.232418,false,false
2026-04-17T14:36:33.512320,0.000000,0.000000,-0.401360,112.996,SE,0,0.000000,0,0.000000,1.528006,2.052140,1.791068,0.246603,8.367735,7.378930,0.029434,0.333765,1.759449,1.791068,-0.254731,-0.160047,-0.430049,0.524829,0.300837,-18.564001,-28.941002,-22.627001,NaN,-0.263523,true,Self-supervised model,0.208774,0.000000,0.000000,0.000000,0.000000,0.000000,0.853125,3.412674,false,false
2026-04-17T14:36:33.518016,0.000000,0.000000,-0.397071,112.751,SE,0,0.000000,0,0.000000,1.576652,2.055120,1.832042,0.086191,8.564059,7.386112,-0.117475,0.544747,1.745230,1.832042,-0.241903,-0.201586,-0.365297,0.482282,0.314887,-18.564001,-28.941002,-22.627001,NaN,-0.258172,true,Self-supervised model,0.213966,0.000000,0.000000,0.000000,0.000000,0.000000,0.860598,3.798696,false,false
2026-04-17T14:36:33.526313,0.000000,0.000000,-0.392613,112.495,E,0,0.000000,0,0.000000,1.625282,2.059927,1.880592,-0.035913,8.678981,7.400477,-0.229938,0.672441,1.741143,1.880592,-0.224188,-0.239459,-0.299935,0.444479,0.328026,-18.564001,-28.941002,-22.627001,NaN,-0.253032,true,Self-supervised model,0.223891,0.000000,0.000000,0.000000,0.000000,0.000000,0.864240,4.231002,false,false
2026-04-17T14:36:33.534273,0.000000,0.000000,-0.388145,112.239,E,0,0.000000,0,0.000000,1.663982,2.066089,1.867153,0.007183,8.741230,7.376535,-0.182348,0.745149,1.702282,1.867153,-0.194866,-0.296881,-0.219911,0.417698,0.355121,-18.564001,-28.941002,-22.627001,NaN,-0.248527,true,Self-supervised model,0.223298,0.000000,0.000000,0.000000,0.000000,0.000000,0.891186,4.470100,false,false
2026-04-17T14:36:33.542270,0.000000,0.000000,-0.383830,111.992,E,0,0.000000,0,0.000000,1.683799,2.072797,1.787842,0.153229,8.765172,7.295133,-0.038217,0.777105,1.609666,1.787842,-0.162490,-0.357356,-0.153327,0.421445,0.392564,-18.564001,-28.941002,-22.627001,NaN,-0.244828,true,Self-supervised model,0.212903,0.000000,0.000000,0.000000,0.000000,0.000000,0.941806,4.242173,false,false
2026-04-17T14:36:33.550233,0.000000,0.000000,-0.379819,111.762,E,0,0.000000,0,0.000000,1.680836,2.079119,1.665279,0.366313,8.743625,7.165846,0.166253,0.762322,1.471183,1.665279,-0.141721,-0.409891,-0.105680,0.446389,0.433699,-18.564001,-28.941002,-22.627001,NaN,-0.242029,true,Self-supervised model,0.198809,0.000000,0.000000,0.000000,0.000000,0.000000,1.009342,3.730555,false,false
2026-04-17T14:36:33.558664,0.000000,0.000000,-0.376224,111.556,E,0,0.000000,0,0.000000,1.653210,2.084083,1.508172,0.672771,8.678981,6.955156,0.458928,0.703766,1.252470,1.508172,-0.134390,-0.466090,-0.073304,0.490586,0.485078,-18.564001,-28.941002,-22.627001,NaN,-0.240101,true,Self-supervised model,0.186666,0.000000,0.000000,0.000000,0.000000,0.000000,1.096168,3.074227,false,false
2026-04-17T14:36:33.566858,0.000000,0.000000,-0.373081,111.376,E,0,0.000000,0,0.000000,1.609773,2.087110,1.381727,0.909797,8.676587,6.684611,0.678367,0.707764,0.973684,1.381727,-0.159436,-0.507629,-0.067806,0.536381,0.532078,-18.564001,-28.941002,-22.627001,NaN,-0.238761,true,Self-supervised model,0.179704,0.000000,0.000000,0.000000,0.000000,0.000000,1.165043,2.576018,false,false
2026-04-17T14:36:33.574018,0.000000,0.000000,-0.370357,111.220,E,0,0.000000,0,0.000000,1.558485,2.087965,1.289223,1.086968,8.667010,6.402095,0.836557,0.706085,0.680964,1.289223,-0.213803,-0.532064,-0.089797,0.580402,0.573414,-18.564001,-28.941002,-22.627001,NaN,-0.237715,true,Self-supervised model,0.174070,0.000000,0.000000,0.000000,0.000000,0.000000,1.208856,2.221257,false,false
2026-04-17T14:36:33.582204,0.000000,0.000000,-0.367958,111.082,E,0,0.000000,0,0.000000,1.512515,2.086947,1.271173,1.240196,8.631097,6.191406,0.971674,0.680825,0.456298,1.271173,-0.284052,-0.546724,-0.128282,0.629325,0.616111,-18.564001,-28.941002,-22.627001,NaN,-0.236618,true,Self-supervised model,0.168445,0.000000,0.000000,0.000000,0.000000,0.000000,1.189857,2.019901,false,false
2026-04-17T14:36:33.591294,0.000000,0.000000,-0.365730,110.955,E,0,0.000000,0,0.000000,1.479911,2.084666,1.308743,1.417367,8.525752,6.040571,1.132584,0.590178,0.285924,1.308743,-0.400728,-0.583987,-0.185703,0.732195,0.708254,-19.758001,-31.222002,-21.860001,NaN,-0.235073,true,Self-supervised model,0.162658,0.000000,0.000000,0.000000,0.000000,0.000000,1.130788,1.787425,false,false
2026-04-17T14:36:33.599932,0.000000,0.000000,-0.363496,110.827,E,0,0.000000,0,0.000000,1.465047,2.081881,1.387011,1.606509,8.291121,6.054936,1.306877,0.375949,0.273010,1.387011,-0.553444,-0.659124,-0.259007,0.898793,0.860665,-19.758001,-31.222002,-21.860001,NaN,-0.232815,true,Self-supervised model,0.160671,0.000000,0.000000,0.000000,0.000000,0.000000,1.056262,1.543193,false,false
2026-04-17T14:36:33.606328,0.000000,0.000000,-0.361078,110.688,E,0,0.000000,0,0.000000,1.464111,2.079170,1.459196,1.683124,7.982268,6.315904,1.368722,0.094942,0.496831,1.459196,-0.716545,-0.753808,-0.322537,1.088895,1.040030,-19.758001,-31.222002,-21.860001,NaN,-0.229662,true,Self-supervised model,0.163521,0.000000,0.000000,0.000000,0.000000,0.000000,1.003368,1.340071,false,false
2026-04-17T14:36:33.614495,0.000000,0.000000,-0.358307,110.529,E,0,0.000000,0,0.000000,1.493437,2.077741,1.647400,1.745373,7.606379,6.672640,1.414755,-0.246004,0.807389,1.647400,-0.831388,-0.827112,-0.357967,1.226156,1.172740,-19.758001,-31.222002,-21.860001,NaN,-0.225475,true,Self-supervised model,0.185701,0.000000,0.000000,0.000000,0.000000,0.000000,0.906542,1.343548,false,false
2026-04-17T14:36:33.622231,0.000000,0.000000,-0.355100,110.346,E,0,0.000000,0,0.000000,1.576444,2.079689,2.012227,1.774103,7.156269,7.177817,1.425071,-0.655901,1.260168,2.012227,-0.902859,-0.874148,-0.381791,1.313413,1.256698,-19.758001,-31.222002,-21.860001,NaN,-0.220530,true,Self-supervised model,0.235668,0.000000,0.000000,0.000000,0.000000,0.000000,0.783432,1.532059,false,false
2026-04-17T14:36:33.632916,0.000000,0.000000,-0.351465,110.137,E,0,0.000000,0,0.000000,1.716016,2.087142,2.448773,1.781286,6.727707,7.656657,1.417026,-1.052150,1.697501,2.448773,-0.908357,-0.877203,-0.384234,1.319936,1.262773,-19.758001,-31.222002,-21.860001,NaN,-0.215177,true,Self-supervised model,0.296528,0.000000,0.000000,0.000000,0.000000,0.000000,0.700766,1.855221,false,false
2026-04-17T14:36:33.638375,0.000000,0.000000,-0.347739,109.924,E,0,0.000000,0,0.000000,1.884406,2.101033,2.768454,1.805228,6.459556,8.037335,1.416672,-1.268167,2.012244,2.768454,-0.806953,-0.828333,-0.366519,1.213114,1.156421,-19.758001,-31.222002,-21.860001,NaN,-0.211092,true,Self-supervised model,0.334037,0.000000,0.000000,0.000000,0.000000,0.000000,0.680671,2.282105,false,false
2026-04-17T14:36:33.646257,0.000000,0.000000,-0.343398,109.675,E,0,0.000000,0,0.000000,2.045737,2.120821,2.892723,1.695095,6.313510,8.281544,1.277376,-1.371202,2.203625,2.892723,-0.675617,-0.772134,-0.333532,1.078839,1.025987,-19.758001,-31.222002,-21.860001,NaN,-0.204290,true,Self-supervised model,0.367056,0.000000,0.000000,0.000000,0.000000,0.000000,0.707201,2.681331,false,false
2026-04-17T14:36:33.654176,0.000000,0.000000,-0.339166,109.433,E,0,0.000000,0,0.000000,2.178354,2.145122,2.874591,1.549049,6.239290,8.355764,1.111684,-1.415397,2.241446,2.874591,-0.474031,-0.697608,-0.272446,0.886335,0.843423,-19.758001,-31.222002,-21.860001,NaN,-0.200490,true,Self-supervised model,0.386378,0.000000,0.000000,0.000000,0.000000,0.000000,0.757796,3.243233,false,false
2026-04-17T14:36:33.664316,0.000000,0.000000,-0.334932,109.190,E,0,0.000000,0,0.000000,2.265352,2.171931,2.722093,1.371878,6.167464,8.240842,0.914666,-1.466949,2.102674,2.722093,-0.295659,-0.625526,-0.225409,0.727672,0.691879,-19.758001,-31.222002,-21.860001,NaN,-0.196249,true,Self-supervised model,0.389472,0.000000,0.000000,0.000000,0.000000,0.000000,0.832210,3.740826,false,false
2026-04-17T14:36:33.670524,0.000000,0.000000,-0.330899,108.959,E,0,0.000000,0,0.000000,2.295660,2.198880,2.454776,1.256956,6.193800,7.982268,0.780612,-1.431898,1.834731,2.454776,-0.025656,-0.517403,-0.155771,0.540951,0.518039,-19.758001,-31.222002,-21.860001,NaN,-0.193023,true,Self-supervised model,0.362959,0.000000,0.000000,0.000000,0.000000,0.000000,0.935181,4.537885,false,false
2026-04-17T14:36:33.678286,0.000000,0.000000,-0.327249,108.750,E,0,0.000000,0,0.000000,2.281420,2.224182,2.206661,1.228225,6.263232,7.711724,0.732544,-1.366234,1.570394,2.206661,0.274278,-0.456316,-0.082467,0.538752,0.532403,-19.758001,-31.222002,-21.860001,NaN,-0.190905,true,Self-supervised model,0.325196,0.000000,0.000000,0.000000,0.000000,0.000000,1.033879,4.095873,false,false
2026-04-17T14:36:33.686100,0.000000,0.000000,-0.324135,108.572,E,0,0.000000,0,0.000000,2.199456,2.245193,1.769144,1.173159,6.426037,7.225701,0.655406,-1.217464,1.103674,1.769144,0.492357,-0.486860,-0.048869,0.694144,0.692422,-19.758001,-31.222002,-21.860001,NaN,-0.189931,true,Self-supervised model,0.261606,0.000000,0.000000,0.000000,0.000000,0.000000,1.243231,2.548670,false,false
2026-04-17T14:36:33.696022,0.000000,0.000000,-0.321628,108.428,E,0,0.000000,0,0.000000,2.062878,2.259900,1.345842,1.170765,6.612785,6.648698,0.626351,-1.053001,0.556923,1.345842,0.641409,-0.592539,-0.040928,0.874175,0.873217,-19.758001,-31.222002,-21.860001,NaN,-0.189857,true,Self-supervised model,0.226559,0.000000,0.000000,0.000000,0.000000,0.000000,1.532778,1.539556,false,false
2026-04-17T14:36:33.702387,0.000000,0.000000,-0.319720,108.319,E,0,0.000000,0,0.000000,1.889006,2.267065,0.976182,1.118092,6.880936,6.026206,0.540998,-0.812073,-0.028129,0.976182,0.723264,-0.733038,-0.048869,1.030944,1.029785,-19.758001,-31.222002,-21.860001,NaN,-0.190343,true,Self-supervised model,0.205772,0.000000,0.000000,0.000000,0.000000,0.000000,1.935096,0.946882,false,false
2026-04-17T14:36:33.709957,0.000000,0.000000,-0.318341,108.240,E,0,0.000000,0,0.000000,1.732542,2.267684,0.911104,1.132457,7.149086,5.528212,0.516226,-0.573417,-0.484575,0.911104,0.735482,-0.839329,-0.063530,1.117785,1.115978,-19.758001,-31.222002,-21.860001,NaN,-0.191080,true,Self-supervised model,0.197270,0.000000,0.000000,0.000000,0.000000,0.000000,1.901586,0.815098,false,false
2026-04-17T14:36:33.718037,0.000000,0.000000,-0.317388,108.185,E,0,0.000000,0,0.000000,1.653622,2.265121,1.239295,1.199495,7.343017,4.932055,0.540086,-0.409324,-1.037600,1.239295,0.687834,-0.984104,-0.105069,1.205245,1.200657,-19.758001,-31.222002,-21.860001,NaN,-0.191831,true,Self-supervised model,0.182572,0.000000,0.000000,0.000000,0.000000,0.000000,1.334325,1.028251,false,false
2026-04-17T14:36:33.726453,0.000000,0.000000,-0.316714,108.146,E,0,0.000000,0,0.000000,1.648108,2.262441,1.619156,1.261744,7.462727,4.441244,0.558156,-0.318015,-1.486269,1.619156,0.582155,-1.066571,-0.166766,1.226494,1.215104,-19.758001,-31.222002,-21.860001,NaN,-0.192275,true,Self-supervised model,0.191945,0.000000,0.000000,0.000000,0.000000,0.000000,1.017881,1.320150,false,false
2026-04-17T14:36:33.734705,0.000000,0.000000,-0.316123,108.112,E,0,0.000000,0,0.000000,1.685074,2.261346,1.879148,1.290475,7.527370,4.113238,0.544982,-0.277902,-1.776784,1.879148,0.459371,-1.091005,-0.229685,1.205848,1.183771,-19.758001,-31.222002,-21.860001,NaN,-0.192010,true,Self-supervised model,0.222428,0.000000,0.000000,0.000000,0.000000,0.000000,0.896722,1.558362,false,false
2026-04-17T14:36:33.742086,0.000000,0.000000,-0.315389,108.070,E,0,0.000000,0,0.000000,1.747388,2.262788,2.074536,1.268927,7.548918,3.861847,0.486526,-0.275614,-1.997756,2.074536,0.295048,-1.070236,-0.304211,1.151088,1.110161,-19.758001,-31.222002,-21.860001,NaN,-0.190710,true,Self-supervised model,0.250593,0.000000,0.000000,0.000000,0.000000,0.000000,0.842303,1.802240,false,false
2026-04-17T14:36:33.751107,0.000000,0.000000,-0.314308,108.009,E,0,0.000000,0,0.000000,1.815295,2.266888,2.171808,1.230620,7.546524,3.727772,0.418605,-0.290400,-2.111205,2.171808,0.114232,-1.001208,-0.368963,1.073126,1.007704,-18.374001,-30.008001,-23.025002,NaN,-0.188237,true,Self-supervised model,0.266997,0.000000,0.000000,0.000000,0.000000,0.000000,0.835845,2.023814,false,false
2026-04-17T14:36:33.758357,0.000000,0.000000,-0.312684,107.915,E,0,0.000000,0,0.000000,1.865595,2.272836,2.129666,1.120486,7.565677,3.737349,0.286648,-0.276002,-2.092160,2.129666,-0.075136,-0.913244,-0.415999,1.006337,0.916329,-18.374001,-30.008001,-23.025002,NaN,-0.184443,true,Self-supervised model,0.263355,0.000000,0.000000,0.000000,0.000000,0.000000,0.876003,2.116255,false,false
2026-04-17T14:36:33.767008,0.000000,0.000000,-0.310405,107.785,E,0,0.000000,0,0.000000,1.882571,2.279226,1.971699,1.051055,7.527370,3.895366,0.202238,-0.310954,-1.936493,1.971699,-0.211359,-0.850935,-0.439823,0.980922,0.876792,-18.374001,-30.008001,-23.025002,NaN,-0.179545,true,Self-supervised model,0.245199,0.000000,0.000000,0.000000,0.000000,0.000000,0.954797,2.010047,false,false
2026-04-17T14:36:33.774324,0.000000,0.000000,-0.307419,107.614,E,0,0.000000,0,0.000000,1.854599,2.284241,1.707746,1.005565,7.527370,4.170700,0.146565,-0.299635,-1.674854,1.707746,-0.423940,-0.784962,-0.460592,1.004010,0.892127,-18.374001,-30.008001,-23.025002,NaN,-0.173732,true,Self-supervised model,0.216606,0.000000,0.000000,0.000000,0.000000,0.000000,1.085992,1.700926,false,false
2026-04-17T14:36:33.782491,0.000000,0.000000,-0.303733,107.403,E,0,0.000000,0,0.000000,1.769978,2.285670,1.325716,1.036689,7.491457,4.594473,0.170565,-0.315965,-1.276165,1.325716,-0.587041,-0.741590,-0.468534,1.055508,0.945819,-18.374001,-30.008001,-23.025002,NaN,-0.167245,true,Self-supervised model,0.195209,0.000000,0.000000,0.000000,0.000000,0.000000,1.335111,1.255998,false,false
2026-04-17T14:36:33.790276,0.000000,0.000000,-0.299385,107.153,E,0,0.000000,0,0.000000,1.639428,2.281820,0.954039,1.091756,7.477092,5.027823,0.220514,-0.303903,-0.877044,0.954039,-0.713491,-0.687834,-0.472199,1.097796,0.991052,-18.374001,-30.008001,-23.025002,NaN,-0.160245,true,Self-supervised model,0.186048,0.000000,0.000000,0.000000,0.000000,0.000000,1.718408,0.869049,false,false
2026-04-17T14:36:33.798963,0.000000,0.000000,-0.294445,106.870,E,0,0.000000,0,0.000000,1.488189,2.272075,0.694187,1.137246,7.474698,5.365406,0.263775,-0.274875,-0.580312,0.694187,-0.780686,-0.612698,-0.481973,1.103253,0.992406,-18.374001,-30.008001,-23.025002,NaN,-0.152940,true,Self-supervised model,0.185491,0.000000,0.000000,0.000000,0.000000,0.000000,2.143786,0.629219,false,false
2026-04-17T14:36:33.806041,0.000000,0.000000,-0.288990,106.558,E,0,0.000000,0,0.000000,1.331140,2.256438,0.506633,1.225831,7.496245,5.702989,0.355031,-0.219137,-0.287418,0.506633,-0.809396,-0.483194,-0.506407,1.070069,0.942656,-18.374001,-30.008001,-23.025002,NaN,-0.145427,true,Self-supervised model,0.185353,0.000000,0.000000,0.000000,0.000000,0.000000,2.627424,0.473458,false,false
2026-04-17T14:36:33.814528,0.000000,0.000000,-0.283080,106.219,E,0,0.000000,0,0.000000,1.186430,2.235638,0.426701,1.211466,7.445967,5.975927,0.351080,-0.234959,-0.060090,0.426701,-0.786794,-0.324980,-0.541837,1.009082,0.851268,-18.374001,-30.008001,-23.025002,NaN,-0.137695,true,Self-supervised model,0.185024,0.000000,0.000000,0.000000,0.000000,0.000000,2.780472,0.422861,false,false
2026-04-17T14:36:33.822423,0.000000,0.000000,-0.276759,105.857,E,0,0.000000,0,0.000000,1.050943,2.210250,0.339633,1.094150,7.453150,6.193800,0.253671,-0.195132,0.113688,0.339633,-0.725097,-0.174097,-0.585209,0.947916,0.745705,-18.374001,-30.008001,-23.025002,NaN,-0.129728,true,Self-supervised model,0.184914,0.000000,0.000000,0.000000,0.000000,0.000000,3.094346,0.358295,false,false
2026-04-17T14:36:33.831027,0.000000,0.000000,-0.270047,105.473,E,0,0.000000,0,0.000000,0.926529,2.180901,0.273355,0.926556,7.460332,6.311116,0.114977,-0.158740,0.190538,0.273355,-0.647517,-0.065363,-0.622472,0.900567,0.650808,-18.374001,-30.008001,-23.025002,NaN,-0.121453,true,Self-supervised model,0.186564,0.000000,0.000000,0.000000,0.000000,0.000000,3.389467,0.303537,false,false
2026-04-17T14:36:33.839186,0.000000,0.000000,-0.262964,105.067,E,0,0.000000,0,0.000000,0.826468,2.148724,0.301150,0.622492,7.445967,6.368577,-0.153468,-0.148208,0.212540,0.301150,-0.540005,0.009163,-0.649350,0.844597,0.540083,-18.374001,-30.008001,-23.025002,NaN,-0.112887,true,Self-supervised model,0.178431,0.000000,0.000000,0.000000,0.000000,0.000000,2.744371,0.356561,false,false
2026-04-17T14:36:33.846237,0.000000,0.000000,-0.255547,104.642,E,0,0.000000,0,0.000000,0.771344,2.115628,0.481942,0.287304,7.503428,6.344635,-0.449262,-0.070908,0.159386,0.481942,-0.425162,0.023824,-0.651793,0.778566,0.425829,-18.374001,-30.008001,-23.025002,NaN,-0.104137,true,Self-supervised model,0.142146,0.000000,0.000000,0.000000,0.000000,0.000000,1.600490,0.619013,false,false
2026-04-17T14:36:33.854071,0.000000,0.000000,-0.247861,104.201,E,0,0.000000,0,0.000000,0.770408,2.083820,0.765492,-0.064643,7.615956,6.248867,-0.762307,0.056273,0.041222,0.765492,-0.313374,-0.013439,-0.624915,0.699216,0.313662,-18.374001,-30.008001,-23.025002,NaN,-0.095372,true,Self-supervised model,0.120601,0.000000,0.000000,0.000000,0.000000,0.000000,1.006421,1.094787,false,false
2026-04-17T14:36:33.863364,0.000000,0.000000,-0.240016,103.752,E,0,0.000000,0,0.000000,0.807833,2.054780,1.004319,-0.328006,7.706935,6.169858,-0.990489,0.157175,-0.053695,1.004319,-0.243124,-0.055589,-0.588874,0.639509,0.249398,-18.374001,-30.008001,-23.025002,NaN,-0.086891,true,Self-supervised model,0.148684,0.000000,0.000000,0.000000,0.000000,0.000000,0.804360,1.570452,false,false
2026-04-17T14:36:33.870344,0.000000,0.000000,-0.232148,103.301,E,0,0.000000,0,0.000000,0.871417,2.029446,1.205233,-0.526724,7.781156,6.009446,-1.160089,0.237460,-0.224485,1.205233,-0.152716,-0.138666,-0.508851,0.549072,0.206278,-18.374001,-30.008001,-23.025002,NaN,-0.078932,true,Self-supervised model,0.173425,0.000000,0.000000,0.000000,0.000000,0.000000,0.723028,2.195038,false,false
2026-04-17T14:36:33.879217,0.000000,0.000000,-0.224419,102.858,E,0,0.000000,0,0.000000,0.946851,2.008142,1.342879,-0.653617,7.841011,5.901707,-1.264590,0.300066,-0.337783,1.342879,-0.087354,-0.202807,-0.430660,0.483973,0.220820,-18.374001,-30.008001,-23.025002,NaN,-0.071758,true,Self-supervised model,0.186024,0.000000,0.000000,0.000000,0.000000,0.000000,0.705091,2.774700,false,false
2026-04-17T14:36:33.886330,0.000000,0.000000,-0.216974,102.432,E,0,0.000000,0,0.000000,1.025154,1.990822,1.436243,-0.730232,7.958326,5.877765,-1.325425,0.417314,-0.363169,1.436243,-0.024435,-0.255342,-0.349415,0.433460,0.256508,-18.374001,-30.008001,-23.025002,NaN,-0.065447,true,Self-supervised model,0.191600,0.000000,0.000000,0.000000,0.000000,0.000000,0.713775,3.313441,false,false
2026-04-17T14:36:33.896644,0.000000,0.000000,-0.209940,102.029,E,0,0.000000,0,0.000000,1.098533,1.977131,1.483776,-0.761356,8.030152,5.851429,-1.347404,0.486240,-0.386867,1.483776,0.024435,-0.290161,-0.279165,0.403390,0.291188,-18.374001,-30.008001,-23.025002,NaN,-0.060058,true,Self-supervised model,0.191787,0.000000,0.000000,0.000000,0.000000,0.000000,0.740363,3.678264,false,false
2026-04-17T14:36:33.902385,0.000000,0.000000,-0.203434,101.656,E,0,0.000000,0,0.000000,1.163453,1.966584,1.504281,-0.746991,8.116343,5.813122,-1.329048,0.566751,-0.418671,1.504281,0.088575,-0.311541,-0.200975,0.381175,0.323888,-18.374001,-30.008001,-23.025002,NaN,-0.055666,true,Self-supervised model,0.188748,0.000000,0.000000,0.000000,0.000000,0.000000,0.773428,3.946431,false,false
2026-04-17T14:36:33.912800,0.000000,0.000000,-0.197528,101.318,E,0,0.000000,0,0.000000,1.211057,1.958363,1.460978,-0.646434,8.135497,5.681441,-1.228677,0.577318,-0.539918,1.460978,0.145386,-0.318261,-0.135001,0.375036,0.349896,-20.124001,-32.176003,-23.285002,NaN,-0.052160,true,Self-supervised model,0.177182,0.000000,0.000000,0.000000,0.000000,0.000000,0.828936,3.895562,false,false
2026-04-17T14:36:33.918215,0.000000,0.000000,-0.192274,101.016,E,0,0.000000,0,0.000000,1.250947,1.952066,1.460373,-0.529119,8.216900,5.521029,-1.114532,0.647548,-0.686432,1.460373,0.183260,-0.307876,-0.091630,0.369821,0.358290,-20.124001,-32.176003,-23.285002,NaN,-0.049513,true,Self-supervised model,0.174811,0.000000,0.000000,0.000000,0.000000,0.000000,0.856595,3.948860,false,false
2026-04-17T14:36:33.926397,0.000000,0.000000,-0.187687,100.754,E,0,0.000000,0,0.000000,1.282728,1.947292,1.449577,-0.409408,8.255207,5.336676,-0.976569,0.661473,-0.842638,1.449577,0.204029,-0.292604,-0.048869,0.360046,0.356714,-20.124001,-32.176003,-23.285002,NaN,-0.047593,true,Self-supervised model,0.172956,0.000000,0.000000,0.000000,0.000000,0.000000,0.884899,4.026083,false,false
2026-04-17T14:36:33.934749,0.000000,0.000000,-0.183204,100.497,E,0,0.000000,0,0.000000,1.313724,1.943950,1.476455,-0.265756,8.370130,5.173870,-0.816058,0.750515,-0.975036,1.476455,0.191201,-0.279165,-0.014661,0.338683,0.338365,-20.124001,-32.176003,-23.285002,NaN,-0.043527,true,Self-supervised model,0.177996,0.000000,0.000000,0.000000,0.000000,0.000000,0.889783,4.359404,false,false
2026-04-17T14:36:33.942055,0.000000,0.000000,-0.178895,100.250,E,0,0.000000,0,0.000000,1.337717,1.941700,1.463679,-0.112527,8.446744,5.078102,-0.648291,0.800943,-1.039502,1.463679,0.157603,-0.267559,0.025656,0.311584,0.310526,-20.124001,-32.176003,-23.285002,NaN,-0.039916,true,Self-supervised model,0.178101,0.000000,0.000000,0.000000,0.000000,0.000000,0.913942,4.697537,false,false
2026-04-17T14:36:33.950859,0.000000,0.000000,-0.174825,100.017,E,0,0.000000,0,0.000000,1.349814,1.940025,1.413320,0.110133,8.525752,5.039794,-0.414246,0.854454,-1.046797,1.413320,0.110567,-0.265726,0.048869,0.291931,0.287812,-20.124001,-32.176003,-23.285002,NaN,-0.036800,true,Self-supervised model,0.174232,0.000000,0.000000,0.000000,0.000000,0.000000,0.955066,4.841282,false,false
2026-04-17T14:36:33.958430,0.000000,0.000000,-0.171063,99.801,E,0,0.000000,0,0.000000,1.332998,1.937744,1.244714,0.402226,8.520964,5.133168,-0.114616,0.825973,-0.924091,1.244714,0.044593,-0.263894,0.063530,0.275072,0.267635,-20.124001,-32.176003,-23.285002,NaN,-0.034270,true,Self-supervised model,0.162294,0.000000,0.000000,0.000000,0.000000,0.000000,1.070927,4.525050,false,false
2026-04-17T14:36:33.968513,0.000000,0.000000,-0.167654,99.606,E,0,0.000000,0,0.000000,1.294160,1.934001,1.090262,0.713472,8.552089,5.360618,0.200201,0.836216,-0.670324,1.090262,-0.015272,-0.260229,0.056200,0.266666,0.260676,-20.124001,-32.176003,-23.285002,NaN,-0.032272,true,Self-supervised model,0.160573,0.000000,0.000000,0.000000,0.000000,0.000000,1.187017,4.088500,false,false
2026-04-17T14:36:33.974505,0.000000,0.000000,-0.164624,99.432,E,0,0.000000,0,0.000000,1.245161,1.928447,0.987915,0.952892,8.540117,5.647922,0.438624,0.807847,-0.361896,0.987915,-0.059865,-0.240070,0.028100,0.249012,0.247422,-20.124001,-32.176003,-23.285002,NaN,-0.030759,true,Self-supervised model,0.159270,0.000000,0.000000,0.000000,0.000000,0.000000,1.260393,3.967337,false,false
2026-04-17T14:36:33.982562,0.000000,0.000000,-0.161995,99.282,E,0,0.000000,0,0.000000,1.196909,1.921185,0.943586,1.065420,8.511387,5.954380,0.548233,0.766964,-0.039520,0.943586,-0.073915,-0.212581,-0.006109,0.225148,0.225065,-20.124001,-32.176003,-23.285002,NaN,-0.029735,true,Self-supervised model,0.158815,0.000000,0.000000,0.000000,0.000000,0.000000,1.268468,4.190968,false,false
2026-04-17T14:36:33.990095,0.000000,0.000000,-0.159722,99.151,E,0,0.000000,0,0.000000,1.168637,1.913083,1.020207,1.077391,8.537724,6.320693,0.557435,0.784672,0.338200,1.020207,-0.062308,-0.153327,-0.048869,0.172568,0.165504,-20.124001,-32.176003,-23.285002,NaN,-0.028885,true,Self-supervised model,0.156511,0.000000,0.000000,0.000000,0.000000,0.000000,1.145490,5.911911,false,false
2026-04-17T14:36:33.999739,0.000000,0.000000,-0.157731,99.037,E,0,0.000000,0,0.000000,1.160376,1.904975,1.117008,1.012747,8.564059,6.572083,0.492802,0.804329,0.598255,1.117008,-0.019548,-0.072082,-0.087965,0.115394,0.074686,-20.124001,-32.176003,-23.285002,NaN,-0.028023,true,Self-supervised model,0.175875,0.000000,0.000000,0.000000,0.000000,0.000000,1.038825,9.679975,false,false
2026-04-17T14:36:34.006379,0.000000,0.000000,-0.155930,98.934,E,0,0.000000,0,0.000000,1.165247,1.897386,1.190821,0.871489,8.604761,6.732495,0.356481,0.838447,0.766799,1.190821,0.048258,0.028711,-0.119119,0.131691,0.056153,-20.124001,-32.176003,-23.285002,NaN,-0.026981,true,Self-supervised model,0.177976,0.000000,0.000000,0.000000,0.000000,0.000000,0.978525,9.042556,false,false
2026-04-17T14:36:34.014719,0.000000,0.000000,-0.154234,98.837,E,0,0.000000,0,0.000000,1.171203,1.890339,1.202473,0.711078,8.611943,6.794744,0.206733,0.840824,0.834397,1.202473,0.117286,0.114843,-0.133779,0.211759,0.164149,-20.124001,-32.176003,-23.285002,NaN,-0.025702,true,Self-supervised model,0.162918,0.000000,0.000000,0.000000,0.000000,0.000000,0.973995,5.678503,false,false
2026-04-17T14:36:34.022413,0.000000,0.000000,-0.152569,98.742,E,0,0.000000,0,0.000000,1.178617,1.883870,1.217536,0.495600,8.640674,6.811504,0.006899,0.861629,0.860198,1.217536,0.194866,0.191812,-0.141110,0.307695,0.273431,-20.124001,-32.176003,-23.285002,NaN,-0.024165,true,Self-supervised model,0.156520,0.000000,0.000000,0.000000,0.000000,0.000000,0.968034,3.956952,false,false
2026-04-17T14:36:34.033936,0.000000,0.000000,-0.150909,98.646,E,0,0.000000,0,0.000000,1.191406,1.878171,1.258553,0.318429,8.674192,6.821081,-0.151906,0.884133,0.882716,1.258553,0.259618,0.210749,-0.130114,0.358812,0.334389,-20.124001,-32.176003,-23.285002,NaN,-0.022525,true,Self-supervised model,0.158548,0.000000,0.000000,0.000000,0.000000,0.000000,0.946648,3.507555,false,false
2026-04-17T14:36:34.042044,0.000000,0.000000,-0.149263,98.552,E,0,0.000000,0,0.000000,1.210205,1.873453,1.308896,0.160412,8.731653,6.797139,-0.292764,0.927681,0.875731,1.308896,0.310320,0.172264,-0.103236,0.369636,0.354927,-20.124001,-32.176003,-23.285002,NaN,-0.020935,true,Self-supervised model,0.162678,0.000000,0.000000,0.000000,0.000000,0.000000,0.924600,3.541040,false,false
2026-04-17T14:36:34.046565,0.000000,0.000000,-0.147683,98.462,E,0,0.000000,0,0.000000,1.231968,1.869793,1.346225,0.098162,8.805874,6.751649,-0.342292,0.986155,0.850091,1.346225,0.345139,0.113010,-0.060476,0.368170,0.363170,-20.124001,-32.176003,-23.285002,NaN,-0.019619,true,Self-supervised model,0.165165,0.000000,0.000000,0.000000,0.000000,0.000000,0.915128,3.656526,false,false
2026-04-17T14:36:34.053978,0.000000,0.000000,-0.146250,98.380,E,0,0.000000,0,0.000000,1.253913,1.867158,1.369127,0.098162,8.899248,6.675035,-0.335572,1.062478,0.795639,1.369127,0.375682,0.035430,-0.012217,0.377547,0.377349,-20.124001,-32.176003,-23.285002,NaN,-0.018772,true,Self-supervised model,0.167895,0.000000,0.000000,0.000000,0.000000,0.000000,0.915849,3.626376,false,false
2026-04-17T14:36:34.062607,0.000000,0.000000,-0.145055,98.311,E,0,0.000000,0,0.000000,1.266415,1.865128,1.332048,0.148441,8.927979,6.591237,-0.284688,1.073388,0.735625,1.332048,0.386678,-0.022602,0.027489,0.388312,0.387338,-20.124001,-32.176003,-23.285002,NaN,-0.018531,true,Self-supervised model,0.162899,0.000000,0.000000,0.000000,0.000000,0.000000,0.950727,3.430357,false,false
2026-04-17T14:36:34.071035,0.000000,0.000000,-0.144178,98.261,E,0,0.000000,0,0.000000,1.262508,1.863024,1.241998,0.260968,8.872911,6.545747,-0.176471,1.000459,0.714492,1.241998,0.379958,-0.082467,0.054367,0.392587,0.388805,-20.338001,-32.117001,-23.066002,NaN,-0.018922,true,Self-supervised model,0.155191,0.000000,0.000000,0.000000,0.000000,0.000000,1.016514,3.163622,false,false
2026-04-17T14:36:34.078679,0.000000,0.000000,-0.143654,98.231,E,0,0.000000,0,0.000000,1.250999,1.860543,1.190577,0.373495,8.813056,6.555324,-0.072521,0.923322,0.748124,1.190577,0.367130,-0.135612,0.069028,0.397417,0.391376,-20.338001,-32.117001,-23.066002,NaN,-0.019812,true,Self-supervised model,0.152565,0.000000,0.000000,0.000000,0.000000,0.000000,1.050751,2.995790,false,false
2026-04-17T14:36:34.086273,0.000000,0.000000,-0.143472,98.220,E,0,0.000000,0,0.000000,1.239806,1.857713,1.181045,0.462081,8.796297,6.560112,0.004267,0.890165,0.776180,1.181045,0.343306,-0.189368,0.072082,0.398642,0.392071,-20.338001,-32.117001,-23.066002,NaN,-0.021002,true,Self-supervised model,0.152428,0.000000,0.000000,0.000000,0.000000,0.000000,1.049754,2.962671,false,false
2026-04-17T14:36:34.095497,0.000000,0.000000,-0.143590,98.227,E,0,0.000000,0,0.000000,1.235527,1.854826,1.213060,0.450110,8.834604,6.560112,-0.021689,0.913419,0.797941,1.213060,0.311541,-0.210138,0.075136,0.383225,0.375787,-20.338001,-32.117001,-23.066002,NaN,-0.022314,true,Self-supervised model,0.154586,0.000000,0.000000,0.000000,0.000000,0.000000,1.018521,3.165399,false,false
2026-04-17T14:36:34.102705,0.000000,0.000000,-0.143958,98.248,E,0,0.000000,0,0.000000,1.240477,1.852252,1.266465,0.402226,8.925584,6.526594,-0.083863,0.990770,0.784394,1.266465,0.286496,-0.185703,0.080023,0.350670,0.341417,-20.338001,-32.117001,-23.066002,NaN,-0.023685,true,Self-supervised model,0.159514,0.000000,0.000000,0.000000,0.000000,0.000000,0.979480,3.611561,false,false
2026-04-17T14:36:34.110520,0.000000,0.000000,-0.144530,98.281,E,0,0.000000,0,0.000000,1.255181,1.850369,1.332379,0.296881,9.042900,6.454768,-0.201544,1.095755,0.730709,1.332379,0.265116,-0.101404,0.087354,0.296984,0.283847,-20.338001,-32.117001,-23.066002,NaN,-0.025075,true,Self-supervised model,0.168882,0.000000,0.000000,0.000000,0.000000,0.000000,0.942060,4.486365,false,false
2026-04-17T14:36:34.118279,0.000000,0.000000,-0.145278,98.324,E,0,0.000000,0,0.000000,1.275143,1.849360,1.379939,0.160412,9.181764,6.244078,-0.346318,1.223301,0.536496,1.379939,0.241292,0.028100,0.097128,0.261620,0.242922,-20.338001,-32.117001,-23.066002,NaN,-0.026522,true,Self-supervised model,0.177307,0.000000,0.000000,0.000000,0.000000,0.000000,0.924057,5.274590,false,false
2026-04-17T14:36:34.126658,0.000000,0.000000,-0.146185,98.376,E,0,0.000000,0,0.000000,1.307869,1.849700,1.479685,-0.009577,9.334992,5.923255,-0.519041,1.366440,0.230011,1.479685,0.208305,0.182038,0.111788,0.298371,0.276638,-20.338001,-32.117001,-23.066002,NaN,-0.028072,true,Self-supervised model,0.187551,0.000000,0.000000,0.000000,0.000000,0.000000,0.883884,4.959207,false,false
2026-04-17T14:36:34.134851,0.000000,0.000000,-0.147247,98.437,E,0,0.000000,0,0.000000,1.361338,1.852166,1.642049,-0.112527,9.495404,5.602432,-0.619133,1.518764,-0.079729,1.642049,0.147829,0.292604,0.122784,0.350067,0.327828,-20.338001,-32.117001,-23.066002,NaN,-0.029746,true,Self-supervised model,0.207350,0.000000,0.000000,0.000000,0.000000,0.000000,0.829048,4.690673,false,false
2026-04-17T14:36:34.142276,0.000000,0.000000,-0.148458,98.506,E,0,0.000000,0,0.000000,1.451793,1.858151,1.926680,-0.256180,9.706094,5.272032,-0.756349,1.725182,-0.404698,1.926680,0.036041,0.353080,0.139888,0.381488,0.354915,-20.338001,-32.117001,-23.066002,NaN,-0.031560,true,Self-supervised model,0.248293,0.000000,0.000000,0.000000,0.000000,0.000000,0.753521,5.050432,false,false
2026-04-17T14:36:34.150270,0.000000,0.000000,-0.149812,98.584,E,0,0.000000,0,0.000000,1.576643,1.868891,2.232104,-0.330400,9.971850,5.104438,-0.824232,1.992893,-0.575593,2.232104,-0.144164,0.304211,0.149662,0.368411,0.336642,-20.338001,-32.117001,-23.066002,NaN,-0.033482,true,Self-supervised model,0.295069,0.000000,0.000000,0.000000,0.000000,0.000000,0.706348,6.058741,false,false
2026-04-17T14:36:34.158274,0.000000,0.000000,-0.151285,98.668,E,0,0.000000,0,0.000000,1.713195,1.884663,2.430098,-0.337582,10.182540,5.135562,-0.829477,2.214466,-0.559896,2.430098,-0.384845,0.149662,0.151495,0.439835,0.412922,-20.338001,-32.117001,-23.066002,NaN,-0.035430,true,Self-supervised model,0.319244,0.000000,0.000000,0.000000,0.000000,0.000000,0.704990,5.525018,false,false
2026-04-17T14:36:34.168150,0.000000,0.000000,-0.152827,98.756,E,0,0.000000,0,0.000000,1.821029,1.904117,2.387158,-0.189142,10.211270,5.415684,-0.686621,2.265177,-0.309917,2.387158,-0.606589,-0.036041,0.135001,0.622475,0.607659,-20.338001,-32.117001,-23.066002,NaN,-0.037250,true,Self-supervised model,0.307447,0.000000,0.000000,0.000000,0.000000,0.000000,0.762844,3.834948,false,false
2026-04-17T14:36:34.174310,0.000000,0.000000,-0.154349,98.844,E,0,0.000000,0,0.000000,1.865573,1.924576,2.099427,0.165200,9.976639,5.944803,-0.345668,2.063358,0.175107,2.099427,-0.844216,-0.241292,0.097738,0.883445,0.878022,-20.338001,-32.117001,-23.066002,NaN,-0.038691,true,Self-supervised model,0.260259,0.000000,0.000000,0.000000,0.000000,0.000000,0.888611,2.376410,false,false
2026-04-17T14:36:34.182328,0.000000,0.000000,-0.155733,98.923,E,0,0.000000,0,0.000000,1.857639,1.943898,1.815984,0.531513,9.483433,6.660669,0.001739,1.612885,0.834503,1.815984,-1.007928,-0.379958,0.043982,1.078063,1.077166,-20.338001,-32.117001,-23.066002,NaN,-0.039524,true,Self-supervised model,0.226062,0.000000,0.000000,0.000000,0.000000,0.000000,1.022938,1.684487,false,false
2026-04-17T14:36:34.190498,0.000000,0.000000,-0.156825,98.985,E,0,0.000000,0,0.000000,1.867113,1.962827,1.916850,0.893037,8.865729,7.460332,0.342546,1.044011,1.570674,1.916850,-1.083064,-0.450819,-0.014050,1.173227,1.173143,-20.338001,-32.117001,-23.066002,NaN,-0.039450,true,Self-supervised model,0.239465,0.000000,0.000000,0.000000,0.000000,0.000000,0.974053,1.633826,false,false
2026-04-17T14:36:34.199323,0.000000,0.000000,-0.157507,99.024,E,0,0.000000,0,0.000000,1.930931,1.983551,2.265979,1.142034,8.300697,8.082825,0.571982,0.530259,2.127515,2.265979,-1.076955,-0.455705,-0.068417,1.171401,1.169402,-20.338001,-32.117001,-23.066002,NaN,-0.038489,true,Self-supervised model,0.295440,0.000000,0.000000,0.000000,0.000000,0.000000,0.852140,1.934417,false,false
2026-04-17T14:36:34.206216,0.000000,0.000000,-0.157694,99.035,E,0,0.000000,0,0.000000,2.060736,2.008638,2.742214,1.347936,7.623138,8.650250,0.762574,-0.097696,2.632238,2.742214,-0.979828,-0.398284,-0.130114,1.065656,1.057683,-20.338001,-32.117001,-23.066002,NaN,-0.036697,true,Self-supervised model,0.374547,0.000000,0.000000,0.000000,0.000000,0.000000,0.751486,2.573264,false,false
2026-04-17T14:36:34.214514,0.000000,0.000000,-0.157341,99.015,E,0,0.000000,0,0.000000,2.221183,2.039140,3.063530,1.398214,7.048530,8.961497,0.805267,-0.628344,2.888243,3.063530,-0.805120,-0.248011,-0.189979,0.863609,0.842454,-20.338001,-32.117001,-23.066002,NaN,-0.034184,true,Self-supervised model,0.433961,0.000000,0.000000,0.000000,0.000000,0.000000,0.725040,3.547358,false,false
2026-04-17T14:36:34.222276,0.902238,-0.142307,-0.156438,98.963,E,1,0.913392,1,0.913392,2.365849,2.074208,3.125345,1.290475,6.598420,8.978256,0.701391,-1.043858,2.861152,3.125345,-0.560163,-0.018937,-0.232129,0.606651,0.560483,-20.338001,-32.117001,-23.066002,NaN,-0.031081,true,Self-supervised model,0.471501,0.000000,0.000000,0.000000,0.000000,0.000000,0.756988,5.151800,false,true
2026-04-17T14:36:34.231551,0.902238,-0.142307,-0.155013,98.882,E,1,0.913392,1,0.913392,2.467703,2.111948,3.002437,1.046266,6.330269,8.815451,0.475052,-1.289987,2.669249,3.002437,-0.320704,0.208305,-0.250455,0.457132,0.382416,-20.907001,-32.304001,-21.487001,NaN,-0.027568,true,Self-supervised model,0.481070,0.009000,0.081645,9.071657,0.000000,0.000000,0.821900,6.567985,false,false
2026-04-17T14:36:34.238489,0.902238,-0.142307,-0.153150,98.775,E,1,0.913392,1,0.913392,2.500594,2.149494,2.673269,0.612916,6.220136,8.441956,0.072066,-1.391004,2.281727,2.673269,-0.032987,0.456927,-0.242514,0.518347,0.458116,-20.907001,-32.304001,-21.487001,NaN,-0.023955,true,Self-supervised model,0.422800,0.016000,0.188368,11.772974,0.000000,0.000000,0.935407,5.157298,false,false
2026-04-17T14:36:34.248410,0.902238,-0.142307,-0.150981,98.651,E,1,0.913392,1,0.913392,2.472971,2.184433,2.327954,0.074220,6.198588,7.955932,-0.426194,-1.416700,1.797412,2.327954,0.234572,0.659734,-0.200975,0.728467,0.700196,-20.907001,-32.304001,-21.487001,NaN,-0.020556,true,Self-supervised model,0.345919,0.026000,0.312690,12.026530,0.000000,0.000000,1.062294,3.195688,false,false
2026-04-17T14:36:34.254504,0.902238,-0.142307,-0.148675,98.518,E,1,0.913392,1,0.913392,2.411489,2.215515,2.088709,-0.375890,6.232107,7.453150,-0.830989,-1.398501,1.310098,2.088709,0.451429,0.736093,-0.131947,0.873516,0.863493,-20.907001,-32.304001,-21.487001,NaN,-0.017707,true,Self-supervised model,0.293354,0.032000,0.444795,13.899854,0.000000,0.000000,1.154536,2.391150,false,false
2026-04-17T14:36:34.265037,0.902238,-0.142307,-0.146428,98.390,E,1,0.913392,1,0.913392,2.337888,2.242410,1.951480,-0.711078,6.332664,7.010222,-1.124064,-1.321490,0.893542,1.951480,0.586431,0.693943,-0.054367,0.910172,0.908547,-20.907001,-32.304001,-21.487001,NaN,-0.015693,true,Self-supervised model,0.271453,0.042000,0.573555,13.656078,0.000000,0.000000,1.198008,2.144077,false,false
2026-04-17T14:36:34.270634,0.902238,-0.142307,-0.144449,98.276,E,1,0.913392,1,0.913392,2.257101,2.264998,1.832972,-1.019930,6.562507,6.466739,-1.399824,-1.119616,0.383066,1.832972,0.678671,0.542448,0.041539,0.869811,0.868818,-20.907001,-32.304001,-21.487001,NaN,-0.014787,true,Self-supervised model,0.248540,0.048000,0.686947,14.311398,0.000000,0.000000,1.231389,2.107323,false,false
2026-04-17T14:36:34.279498,0.902238,-0.142307,-0.142900,98.188,E,1,0.913392,1,0.913392,2.187463,2.283897,1.821865,-1.221043,6.809110,5.983110,-1.581164,-0.902783,-0.063990,1.821865,0.707382,0.318872,0.139277,0.788331,0.775931,-20.907001,-32.304001,-21.487001,NaN,-0.014961,true,Self-supervised model,0.244508,0.057000,0.775667,13.608185,0.000000,0.000000,1.200673,2.311039,false,false
2026-04-17T14:36:34.286423,0.902238,-0.142307,-0.141909,98.131,E,1,0.913392,1,0.913392,2.130747,2.299771,1.832986,-1.288081,7.036559,5.607220,-1.643565,-0.704460,-0.402826,1.832986,0.687223,0.113010,0.214414,0.728712,0.696453,-20.907001,-32.304001,-21.487001,NaN,-0.016200,true,Self-supervised model,0.237755,0.064000,0.832446,13.006961,0.000000,0.000000,1.162446,2.515380,false,false
2026-04-17T14:36:34.296859,0.902238,-0.142307,-0.141564,98.111,E,1,0.913392,1,0.913392,2.079190,2.312947,1.808515,-1.194707,7.149086,5.300763,-1.559928,-0.618300,-0.674579,1.808515,0.611476,-0.135001,0.285885,0.688374,0.626202,-20.907001,-32.304001,-21.487001,NaN,-0.018437,true,Self-supervised model,0.231396,0.074000,0.852238,11.516730,0.000000,0.000000,1.149667,2.627228,false,false
2026-04-17T14:36:34.302624,0.902238,-0.142307,-0.141885,98.129,E,1,0.913392,1,0.913392,2.004692,2.322617,1.613577,-0.928950,7.254431,5.183447,-1.318222,-0.535369,-0.761118,1.613577,0.487470,-0.378736,0.325591,0.697910,0.617308,-20.907001,-32.304001,-21.487001,NaN,-0.021427,true,Self-supervised model,0.215752,0.080000,0.833804,10.422551,0.000000,0.000000,1.242390,2.312013,false,false
2026-04-17T14:36:34.310405,0.902238,-0.142307,-0.142867,98.186,E,1,0.913392,1,0.913392,1.894905,2.327509,1.318524,-0.526724,7.232883,5.212177,-0.953047,-0.573529,-0.708005,1.318524,0.323148,-0.585209,0.337198,0.748730,0.668501,-20.907001,-32.304001,-21.487001,NaN,-0.025046,true,Self-supervised model,0.202942,0.088000,0.777586,8.836203,0.000000,0.000000,1.437141,1.761015,false,false
2026-04-17T14:36:34.318532,0.902238,-0.142307,-0.144453,98.277,E,1,0.913392,1,0.913392,1.758153,2.326734,1.040205,-0.071826,7.125144,5.348647,-0.544321,-0.690452,-0.555894,1.040205,0.167988,-0.700662,0.331089,0.792949,0.720519,-20.907001,-32.304001,-21.487001,NaN,-0.029056,true,Self-supervised model,0.195679,0.096000,0.686665,7.152765,0.000000,0.000000,1.690198,1.311819,false,false
2026-04-17T14:36:34.326526,0.902238,-0.142307,-0.146529,98.396,E,1,0.913392,1,0.913392,1.624169,2.320632,0.920752,0.430956,6.962338,5.568913,-0.091806,-0.855044,-0.329021,0.920752,0.003665,-0.732427,0.299324,0.791238,0.732437,-20.907001,-32.304001,-21.487001,NaN,-0.033087,true,Self-supervised model,0.188083,0.104000,0.567731,5.458953,0.000000,0.000000,1.763959,1.163685,false,false
2026-04-17T14:36:34.335314,0.902238,-0.142307,-0.148946,98.534,E,1,0.913392,1,0.913392,1.536133,2.311252,1.073947,0.837971,6.773197,5.853823,0.267416,-1.039083,-0.046444,1.073947,-0.122173,-0.643852,0.249844,0.701351,0.655341,-20.907001,-32.304001,-21.487001,NaN,-0.036867,true,Self-supervised model,0.171773,0.113000,0.429276,3.798900,0.000000,0.000000,1.430362,1.531255,false,false
2026-04-17T14:36:34.342190,0.902238,-0.142307,-0.151520,98.681,E,1,0.913392,1,0.913392,1.514198,2.301370,1.399040,1.189918,6.560112,6.189012,0.579464,-1.242300,0.279689,1.399040,-0.200975,-0.476475,0.189979,0.550918,0.517126,-20.907001,-32.304001,-21.487001,NaN,-0.040073,true,Self-supervised model,0.156927,0.119000,0.281765,2.367776,0.000000,0.000000,1.082313,2.539468,false,false
2026-04-17T14:36:34.350538,0.902238,-0.142307,-0.154075,98.828,E,1,0.913392,1,0.913392,1.531533,2.292576,1.622537,1.374272,6.435614,6.430826,0.735330,-1.354221,0.507936,1.622537,-0.230907,-0.295659,0.135612,0.398902,0.375143,-20.907001,-32.304001,-21.487001,NaN,-0.042551,true,Self-supervised model,0.175193,0.128000,0.135365,1.057541,0.000000,0.000000,0.943912,4.067507,false,false
2026-04-17T14:36:34.358879,0.902238,-0.142307,-0.156461,98.965,E,1,0.913392,1,0.913392,1.582319,2.286166,1.848947,1.517924,6.275203,6.586449,0.863040,-1.501347,0.647863,1.848947,-0.229074,-0.083689,0.064752,0.252332,0.243883,-20.907001,-32.304001,-21.487001,NaN,-0.044259,true,Self-supervised model,0.219219,0.136000,0.001322,0.009718,0.000000,0.000000,0.855794,7.327426,false,false
2026-04-17T14:36:34.367104,0.902238,-0.142307,-0.158558,99.085,E,1,0.913392,1,0.913392,1.636014,2.282160,1.917914,1.491588,6.184223,6.653487,0.833676,-1.579638,0.698657,1.917914,-0.208305,0.084299,-0.009163,0.224903,0.224716,-20.907001,-32.304001,-21.487001,NaN,-0.045202,true,Self-supervised model,0.234687,0.144000,0.121479,0.843604,0.000000,0.000000,0.853017,8.527742,false,false
2026-04-17T14:36:34.374312,0.902238,-0.142307,-0.160256,99.182,E,1,0.913392,1,0.913392,1.662957,2.279392,1.804408,1.268927,6.217742,6.689400,0.618791,-1.534887,0.719102,1.804408,-0.179594,0.180205,-0.070860,0.264101,0.254417,-20.907001,-32.304001,-21.487001,NaN,-0.045300,true,Self-supervised model,0.206513,0.152000,0.218731,1.439019,0.000000,0.000000,0.921608,6.832270,false,false
2026-04-17T14:36:34.382412,0.902238,-0.142307,-0.161468,99.251,E,1,0.913392,1,0.913392,1.656196,2.276464,1.620698,1.015141,6.330269,6.682217,0.379336,-1.412709,0.697868,1.620698,-0.151495,0.200364,-0.113621,0.275692,0.251190,-20.907001,-32.304001,-21.487001,NaN,-0.044572,true,Self-supervised model,0.184652,0.160000,0.288187,1.801171,0.000000,0.000000,1.021903,5.878658,false,false
2026-04-17T14:36:34.390633,0.902238,-0.142307,-0.162161,99.291,E,1,0.913392,1,0.913392,1.618556,2.272148,1.420949,0.679953,6.473921,6.648698,0.060589,-1.260980,0.652192,1.420949,-0.114232,0.163101,-0.132558,0.239212,0.199125,-20.924002,-32.187000,-24.649002,NaN,-0.043188,true,Self-supervised model,0.179063,0.168000,0.327893,1.951742,0.000000,0.000000,1.139067,5.940122,false,false
2026-04-17T14:36:34.398689,0.902238,-0.142307,-0.162360,99.303,E,1,0.913392,1,0.913392,1.559712,2.265650,1.250781,0.409408,6.605602,6.550536,-0.196827,-1.114172,0.533230,1.250781,-0.067806,0.080634,-0.116064,0.156750,0.105354,-20.924002,-32.187000,-24.649002,NaN,-0.041410,true,Self-supervised model,0.189284,0.176000,0.339285,1.927755,0.000000,0.000000,1.246991,7.979477,false,false
2026-04-17T14:36:34.407021,0.902238,-0.142307,-0.162160,99.291,E,1,0.913392,1,0.913392,1.493600,2.256768,1.146513,0.284910,6.665458,6.397307,-0.312945,-1.041580,0.362863,1.146513,-0.021380,-0.017715,-0.081856,0.086437,0.027766,-20.924002,-32.187000,-24.649002,NaN,-0.039615,true,Self-supervised model,0.212667,0.184000,0.327828,1.781674,0.000000,0.000000,1.302733,13.264166,false,false
2026-04-17T14:36:34.414725,0.902238,-0.142307,-0.161690,99.264,E,1,0.913392,1,0.913392,1.425023,2.245498,1.064992,0.275333,6.698977,6.234501,-0.320358,-0.998243,0.187324,1.064992,0.012828,-0.083078,-0.058032,0.102148,0.084062,-20.924002,-32.187000,-24.649002,NaN,-0.038067,true,Self-supervised model,0.193837,0.192000,0.300927,1.567330,0.000000,0.000000,1.338060,10.425980,false,false
2026-04-17T14:36:34.422424,0.902238,-0.142307,-0.161097,99.230,E,1,0.913392,1,0.913392,1.358614,2.232023,1.009964,0.351948,6.718130,6.052542,-0.247360,-0.979186,0.005846,1.009964,0.053756,-0.174097,-0.022602,0.183603,0.182207,-20.924002,-32.187000,-24.649002,NaN,-0.036977,true,Self-supervised model,0.169034,0.200000,0.266912,1.334559,0.000000,0.000000,1.345210,5.500790,false,false
2026-04-17T14:36:34.431107,0.902238,-0.142307,-0.160522,99.197,E,1,0.913392,1,0.913392,1.299605,2.216726,0.989808,0.395043,6.749255,5.863400,-0.212772,-0.949692,-0.180371,0.989808,0.075747,-0.233351,-0.004276,0.245374,0.245337,-20.924002,-32.187000,-24.649002,NaN,-0.036479,true,Self-supervised model,0.157003,0.208000,0.233995,1.124977,0.000000,0.000000,1.312987,4.033875,false,false
2026-04-17T14:36:34.438618,0.902238,-0.142307,-0.160031,99.169,E,1,0.913392,1,0.913392,1.252390,2.200153,1.004513,0.351948,6.806715,5.669470,-0.267350,-0.894925,-0.369702,1.004513,0.086743,-0.249844,0.004276,0.264508,0.264474,-20.924002,-32.187000,-24.649002,NaN,-0.036321,true,Self-supervised model,0.147696,0.216000,0.205853,0.953021,0.000000,0.000000,1.246763,3.797663,false,false
2026-04-17T14:36:34.446514,0.902238,-0.142307,-0.159648,99.147,E,1,0.913392,1,0.913392,1.216078,2.182790,1.025438,0.325611,6.856994,5.542577,-0.304345,-0.844542,-0.495627,1.025438,0.094684,-0.211970,0.006109,0.232236,0.232156,-20.924002,-32.187000,-24.649002,NaN,-0.036371,true,Self-supervised model,0.143614,0.224000,0.183909,0.821020,0.000000,0.000000,1.185911,4.415490,false,false
2026-04-17T14:36:34.454094,0.902238,-0.142307,-0.159337,99.129,E,1,0.913392,1,0.913392,1.191861,2.165153,1.064724,0.277727,6.890512,5.449203,-0.360238,-0.812438,-0.586354,1.064724,0.097738,-0.138666,0.003054,0.169678,0.169650,-20.924002,-32.187000,-24.649002,NaN,-0.036346,true,Self-supervised model,0.146612,0.231000,0.166069,0.718914,0.000000,0.000000,1.119408,6.274982,false,false
2026-04-17T14:36:34.463105,0.902238,-0.142307,-0.159086,99.115,E,1,0.913392,1,0.913392,1.173771,2.147497,1.078796,0.248997,6.912060,5.415684,-0.393181,-0.793292,-0.616358,1.078796,0.094073,-0.064752,-0.002443,0.114230,0.114204,-20.924002,-32.187000,-24.649002,NaN,-0.036340,true,Self-supervised model,0.158992,0.240000,0.151733,0.632219,0.000000,0.000000,1.088037,9.444057,false,false
2026-04-17T14:36:34.470430,0.902238,-0.142307,-0.158875,99.103,E,1,0.913392,1,0.913392,1.165368,2.130212,1.121253,0.198719,6.914454,5.372589,-0.444030,-0.793758,-0.655738,1.121253,0.082467,0.008552,-0.004887,0.083053,0.082909,-20.924002,-32.187000,-24.649002,NaN,-0.036287,true,Self-supervised model,0.181455,0.248000,0.139650,0.563105,0.000000,0.000000,1.039345,13.500451,false,false
2026-04-17T14:36:34.478920,0.902238,-0.142307,-0.158685,99.092,E,1,0.913392,1,0.913392,1.167895,2.113720,1.181163,0.191536,6.892907,5.300763,-0.448681,-0.818141,-0.724207,1.181163,0.064752,0.066584,-0.001222,0.092886,0.092878,-20.924002,-32.187000,-24.649002,NaN,-0.036178,true,Self-supervised model,0.180950,0.256000,0.128737,0.502881,0.000000,0.000000,0.988767,12.716309,false,false
2026-04-17T14:36:34.486239,0.902238,-0.142307,-0.158517,99.082,E,1,0.913392,1,0.913392,1.176530,2.098232,1.221863,0.179565,6.883330,5.250484,-0.456234,-0.830419,-0.771496,1.221863,0.045204,0.138666,0.012217,0.146359,0.145848,-20.924002,-32.187000,-24.649002,NaN,-0.036102,true,Self-supervised model,0.160369,0.263000,0.119141,0.453007,0.000000,0.000000,0.962898,8.348383,false,false
2026-04-17T14:36:34.496579,0.902238,-0.142307,-0.158409,99.076,E,1,0.913392,1,0.913392,1.176415,2.083359,1.175812,0.160412,6.916849,5.295974,-0.468843,-0.798454,-0.724702,1.175812,0.026267,0.183260,0.037263,0.188845,0.185132,-20.924002,-32.187000,-24.649002,NaN,-0.036228,true,Self-supervised model,0.147094,0.274000,0.112902,0.412052,0.000000,0.000000,1.000513,6.226325,false,false
2026-04-17T14:36:34.502494,0.902238,-0.142307,-0.158375,99.074,E,1,0.913392,1,0.913392,1.162184,2.068512,1.087468,0.093374,7.010222,5.384560,-0.529246,-0.705864,-0.635801,1.087468,0.016493,0.207083,0.065363,0.217779,0.207739,-20.924002,-32.187000,-24.649002,NaN,-0.036495,true,Self-supervised model,0.138738,0.280000,0.110977,0.396348,0.000000,0.000000,1.068706,4.993444,false,false
2026-04-17T14:36:34.512890,0.902238,-0.142307,-0.158469,99.080,E,1,0.913392,1,0.913392,1.132169,2.053059,0.974590,0.009577,7.105990,5.564125,-0.607386,-0.610251,-0.456618,0.974590,0.014661,0.197309,0.105680,0.224308,0.197853,-20.924002,-32.187000,-24.649002,NaN,-0.037102,true,Self-supervised model,0.136423,0.290000,0.116386,0.401330,0.000000,0.000000,1.161688,4.344869,false,false
2026-04-17T14:36:34.518912,0.902238,-0.142307,-0.158739,99.095,E,1,0.913392,1,0.913392,1.084720,2.036325,0.835618,0.028730,7.182605,5.753267,-0.584614,-0.533566,-0.267938,0.835618,0.023213,0.161879,0.126449,0.206720,0.163535,-20.924002,-32.187000,-24.649002,NaN,-0.038074,true,Self-supervised model,0.141549,0.296000,0.131854,0.445453,0.000000,0.000000,1.298106,4.042270,false,false
2026-04-17T14:36:34.526635,0.902238,-0.142307,-0.159209,99.122,E,1,0.913392,1,0.913392,1.026785,2.017943,0.722622,0.122104,7.211336,5.858612,-0.490579,-0.505168,-0.162233,0.722622,0.050702,0.112399,0.145386,0.190634,0.123306,-20.924002,-32.187000,-24.649002,NaN,-0.039344,true,Self-supervised model,0.147821,0.304000,0.158778,0.522295,0.000000,0.000000,1.420916,3.790623,false,false
2026-04-17T14:36:34.535931,0.902238,-0.142307,-0.159887,99.161,E,1,0.913392,1,0.913392,0.956973,1.997505,0.590462,0.232238,7.268796,5.990293,-0.382304,-0.449078,-0.028606,0.590462,0.078802,0.062919,0.155160,0.185049,0.100839,-20.924002,-32.187000,-24.649002,NaN,-0.040852,true,Self-supervised model,0.158573,0.313000,0.197602,0.631315,0.000000,0.000000,1.620718,3.190847,false,false
2026-04-17T14:36:34.542711,0.902238,-0.142307,-0.160755,99.211,E,1,0.913392,1,0.913392,0.867667,1.974311,0.398807,0.409408,7.381324,6.030994,-0.209227,-0.339147,0.015845,0.398807,0.117286,-0.001833,0.153327,0.193051,0.117300,-20.924002,-32.187000,-24.649002,NaN,-0.042480,true,Self-supervised model,0.178774,0.320000,0.247314,0.772858,0.000000,0.000000,2.175653,2.065815,false,false
2026-04-17T14:36:34.551429,0.902238,-0.142307,-0.161773,99.269,E,1,0.913392,1,0.913392,0.768840,1.948092,0.250000,0.531513,7.493851,5.983110,-0.093013,-0.230547,-0.026384,0.250000,0.143553,-0.040928,0.144164,0.207523,0.149274,-19.732000,-32.575001,-23.599001,NaN,-0.044100,true,Self-supervised model,0.190662,0.329000,0.305650,0.929028,0.000000,0.000000,3.075365,1.204681,false,false
2026-04-17T14:36:34.559018,0.902238,-0.142307,-0.162894,99.333,E,1,0.913392,1,0.913392,0.673206,1.919097,0.171130,0.629675,7.558495,6.016629,-0.001485,-0.170564,0.013823,0.171130,0.153327,-0.094684,0.116064,0.214348,0.180206,-19.732000,-32.575001,-23.599001,NaN,-0.045636,true,Self-supervised model,0.194299,0.336000,0.369917,1.100944,0.000000,0.000000,3.933892,0.798372,false,false
2026-04-17T14:36:34.567310,0.902238,-0.142307,-0.164057,99.400,E,1,0.913392,1,0.913392,0.593548,1.888075,0.175340,0.699107,7.639898,6.131551,0.060366,-0.093678,0.135368,0.175340,0.139277,-0.161268,0.077580,0.226769,0.213086,-19.732000,-32.575001,-23.599001,NaN,-0.046962,true,Self-supervised model,0.188839,0.345000,0.436525,1.265291,0.000000,0.000000,3.385121,0.773210,false,false
2026-04-17T14:36:34.574426,0.902238,-0.142307,-0.165169,99.463,E,1,0.913392,1,0.913392,0.547298,1.856444,0.304484,0.744597,7.785944,6.275203,0.097273,0.048955,0.284345,0.304484,0.107512,-0.242514,0.026267,0.266574,0.265277,-19.732000,-32.575001,-23.599001,NaN,-0.047874,true,Self-supervised model,0.146199,0.352000,0.500259,1.421190,0.000000,0.000000,1.797458,1.142213,false,false
2026-04-17T14:36:34.582468,0.902238,-0.142307,-0.166120,99.518,E,1,0.913392,1,0.913392,0.524203,1.825154,0.402958,0.749385,7.924808,6.332664,0.093104,0.186009,0.345120,0.402958,0.064752,-0.271224,-0.026878,0.280139,0.278846,-19.732000,-32.575001,-23.599001,NaN,-0.048179,true,Self-supervised model,0.107605,0.360000,0.554740,1.540946,0.000000,0.000000,1.300887,1.438424,false,false
2026-04-17T14:36:34.590497,0.902238,-0.142307,-0.166813,99.558,E,1,0.913392,1,0.913392,0.503019,1.794269,0.391803,0.778116,7.955932,6.291962,0.115243,0.217222,0.305029,0.391803,0.011606,-0.225409,-0.071471,0.236753,0.225708,-19.732000,-32.575001,-23.599001,NaN,-0.047842,true,Self-supervised model,0.106323,0.368000,0.594464,1.615391,0.000000,0.000000,1.283858,1.654898,false,false
2026-04-17T14:36:34.598927,0.902238,-0.142307,-0.167172,99.578,E,1,0.913392,1,0.913392,0.488475,1.764037,0.412117,0.883460,7.893683,6.301539,0.218658,0.157180,0.311967,0.412117,-0.042150,-0.135001,-0.103847,0.175460,0.141428,-19.732000,-32.575001,-23.599001,NaN,-0.046864,true,Self-supervised model,0.101349,0.376000,0.615037,1.635737,0.000000,0.000000,1.185281,2.348785,false,false
2026-04-17T14:36:34.606514,0.902238,-0.142307,-0.167178,99.579,E,1,0.913392,1,0.913392,0.495891,1.735311,0.534823,1.029507,7.764396,6.382942,0.368279,0.032975,0.386418,0.534823,-0.114843,-0.029322,-0.136834,0.181031,0.118527,-19.732000,-32.575001,-23.599001,NaN,-0.045453,true,Self-supervised model,0.104833,0.384000,0.615328,1.602416,0.000000,0.000000,0.927205,2.954325,false,false
2026-04-17T14:36:34.614705,0.902238,-0.142307,-0.166828,99.559,E,1,0.913392,1,0.913392,0.529017,1.709059,0.702927,1.106121,7.656657,6.538565,0.453789,-0.068102,0.532489,0.702927,-0.187536,0.054367,-0.160658,0.252856,0.195257,-19.732000,-32.575001,-23.599001,NaN,-0.043685,true,Self-supervised model,0.130100,0.392000,0.595300,1.518622,0.000000,0.000000,0.752591,2.779950,false,false
2026-04-17T14:36:34.622191,0.902238,-0.142307,-0.166134,99.519,E,1,0.913392,1,0.913392,0.569438,1.685474,0.781652,1.065420,7.587225,6.663064,0.426420,-0.127426,0.642579,0.781652,-0.246790,0.122173,-0.171042,0.324171,0.275375,-19.732000,-32.575001,-23.599001,NaN,-0.041614,true,Self-supervised model,0.135365,0.399000,0.555547,1.392348,0.000000,0.000000,0.728506,2.411233,false,false
2026-04-17T14:36:34.632407,0.902238,-0.142307,-0.165106,99.460,E,1,0.913392,1,0.913392,0.609057,1.664418,0.817059,0.988805,7.611167,6.763620,0.366385,-0.090410,0.724688,0.817059,-0.286496,0.178373,-0.175318,0.380307,0.337486,-19.732000,-32.575001,-23.599001,NaN,-0.039248,true,Self-supervised model,0.132154,0.410000,0.496638,1.211311,0.000000,0.000000,0.745427,2.148421,false,false
2026-04-17T14:36:34.638644,0.902238,-0.142307,-0.163788,99.384,E,1,0.913392,1,0.913392,0.652865,1.645956,0.882854,0.921768,7.675811,6.883330,0.318392,-0.010752,0.823372,0.882854,-0.318261,0.221133,-0.173486,0.424602,0.387543,-19.732000,-32.575001,-23.599001,NaN,-0.036771,true,Self-supervised model,0.134345,0.416000,0.421122,1.012313,0.000000,0.000000,0.739494,2.079249,false,false
2026-04-17T14:36:34.646529,0.902238,-0.142307,-0.162237,99.296,E,1,0.913392,1,0.913392,0.717278,1.630809,1.055444,0.854730,7.730877,7.108385,0.266508,0.066361,1.019083,1.055444,-0.332311,0.218690,-0.169210,0.432305,0.397814,-19.732000,-32.575001,-23.599001,NaN,-0.034289,true,Self-supervised model,0.154908,0.424000,0.332273,0.783662,0.000000,0.000000,0.679598,2.441434,false,false
2026-04-17T14:36:34.654337,0.902238,-0.142307,-0.160623,99.203,E,1,0.913392,1,0.913392,0.801620,1.619641,1.244420,0.828394,7.762002,7.331046,0.254110,0.119926,1.212282,1.244420,-0.331700,0.161879,-0.160658,0.402543,0.369093,-19.732000,-32.575001,-23.599001,NaN,-0.032419,true,Self-supervised model,0.174719,0.432000,0.239755,0.554988,0.000000,0.000000,0.644172,3.091401,false,false
2026-04-17T14:36:34.662761,0.902238,-0.142307,-0.158960,99.108,E,1,0.913392,1,0.913392,0.908211,1.613184,1.467814,0.837971,7.802703,7.577648,0.273229,0.182695,1.430541,1.467814,-0.321926,0.037874,-0.142942,0.354264,0.324146,-19.732000,-32.575001,-23.599001,NaN,-0.030567,true,Self-supervised model,0.198289,0.440000,0.144522,0.328459,0.000000,0.000000,0.618751,4.143272,false,false
2026-04-17T14:36:34.670400,0.902238,-0.142307,-0.157278,99.011,E,1,0.913392,1,0.913392,1.030276,1.611868,1.671115,0.849942,7.891289,7.793127,0.287850,0.292141,1.620007,1.671115,-0.294437,-0.114232,-0.106901,0.333422,0.315820,-19.732000,-32.575001,-23.599001,NaN,-0.028802,true,Self-supervised model,0.217297,0.448000,0.048116,0.107403,0.000000,0.000000,0.616520,5.012018,false,false
2026-04-17T14:36:34.679462,0.902238,-0.142307,-0.155619,98.916,E,1,0.913392,1,0.913392,1.168750,1.616143,1.895740,0.914585,8.061277,7.991845,0.349320,0.476549,1.801307,1.895740,-0.250455,-0.241292,-0.048869,0.351194,0.347778,-19.732000,-32.575001,-23.599001,NaN,-0.027240,true,Self-supervised model,0.238465,0.457000,0.046916,0.102661,0.000000,0.000000,0.616514,5.397979,false,false
2026-04-17T14:36:34.686622,0.902238,-0.142307,-0.154018,98.825,E,1,0.913392,1,0.913392,1.312928,1.626014,2.069858,1.024718,8.219295,8.118738,0.447165,0.646451,1.914800,2.069858,-0.194866,-0.305433,0.021380,0.362931,0.362301,-19.732000,-32.575001,-23.599001,NaN,-0.025870,true,Self-supervised model,0.254593,0.464000,0.138640,0.298793,0.000000,0.000000,0.634308,5.703172,false,false
2026-04-17T14:36:34.698102,0.902238,-0.142307,-0.152634,98.745,E,1,0.913392,1,0.913392,1.440311,1.640586,2.109073,1.247379,8.319851,8.070854,0.651012,0.755445,1.858407,2.109073,-0.104458,-0.297491,0.105680,0.332537,0.315298,-19.732000,-32.575001,-23.599001,NaN,-0.025352,true,Self-supervised model,0.260513,0.475000,0.217952,0.458847,0.000000,0.000000,0.682912,6.342374,false,false
2026-04-17T14:36:34.702449,0.902238,-0.142307,-0.151630,98.688,E,1,0.913392,1,0.913392,1.530799,1.658195,2.005861,1.589750,8.312668,7.800309,0.972053,0.752166,1.585193,2.005861,-0.034208,-0.234572,0.152105,0.281657,0.237054,-19.732000,-32.575001,-23.599001,NaN,-0.025869,true,Self-supervised model,0.248032,0.480000,0.275475,0.573906,0.000000,0.000000,0.763163,7.121656,false,false
2026-04-17T14:36:34.712309,0.902238,-0.142307,-0.151145,98.660,E,1,0.913392,1,0.913392,1.590929,1.677504,1.906610,1.996764,8.228871,7.369353,1.360718,0.668133,1.156377,1.906610,0.069028,-0.069639,0.178373,0.203546,0.098053,-20.405001,-32.580002,-23.608002,NaN,-0.027460,true,Self-supervised model,0.250723,0.490000,0.303267,0.618913,0.000000,0.000000,0.834428,9.366952,false,false
2026-04-17T14:36:34.718173,0.902238,-0.142307,-0.151201,98.663,E,1,0.913392,1,0.913392,1.646276,1.698255,1.936851,2.319981,8.207323,6.943185,1.672354,0.643360,0.735332,1.936851,0.095295,0.028711,0.141721,0.173177,0.099526,-20.405001,-32.580002,-23.608002,NaN,-0.029682,true,Self-supervised model,0.270072,0.495000,0.300034,0.606129,0.000000,0.000000,0.849976,11.184243,false,false
2026-04-17T14:36:34.726431,0.902238,-0.142307,-0.151688,98.691,E,1,0.913392,1,0.913392,1.703525,1.720466,2.004079,2.518700,8.255207,6.442797,1.867112,0.687510,0.239913,2.004079,0.054978,0.072082,0.051313,0.104170,0.090655,-20.405001,-32.580002,-23.608002,NaN,-0.031890,true,Self-supervised model,0.347246,0.504000,0.272142,0.539964,0.000000,0.000000,0.850029,19.238547,false,false
2026-04-17T14:36:34.735232,0.902238,-0.142307,-0.152374,98.730,E,1,0.913392,1,0.913392,1.757791,1.743959,2.042687,2.482787,8.456321,6.057330,1.833879,0.887938,-0.144999,2.042687,-0.067195,0.034208,-0.061087,0.097041,0.075402,-20.405001,-32.580002,-23.608002,NaN,-0.033372,true,Self-supervised model,0.367686,0.512000,0.232846,0.454778,0.000000,0.000000,0.860529,21.049711,false,false
2026-04-17T14:36:34.742747,0.902238,-0.142307,-0.152945,98.763,E,1,0.913392,1,0.913392,1.814167,1.768767,2.110145,2.430115,8.619126,5.834670,1.787345,1.056848,-0.375740,2.110145,-0.266948,-0.069639,-0.181427,0.330192,0.275882,-20.405001,-32.580002,-23.608002,NaN,-0.033484,true,Self-supervised model,0.258767,0.520000,0.200126,0.384857,0.000000,0.000000,0.859736,6.390665,false,false
2026-04-17T14:36:34.750802,0.902238,-0.142307,-0.153112,98.773,E,1,0.913392,1,0.913392,1.854262,1.794187,2.064760,2.389413,8.547300,5.801151,1.753854,1.001276,-0.429738,2.064760,-0.484416,-0.178984,-0.275500,0.585316,0.516424,-20.405001,-32.580002,-23.608002,NaN,-0.032032,true,Self-supervised model,0.234891,0.528000,0.190594,0.360974,0.000000,0.000000,0.898052,3.527600,false,false
2026-04-17T14:36:34.758390,0.902238,-0.142307,-0.152621,98.745,E,1,0.913392,1,0.913392,1.867781,1.819131,1.938755,2.410961,8.214506,5.951985,1.782041,0.696406,-0.313238,1.938755,-0.756862,-0.309709,-0.379347,0.901479,0.817777,-20.405001,-32.580002,-23.608002,NaN,-0.028915,true,Self-supervised model,0.211865,0.536000,0.218685,0.407994,0.000000,0.000000,0.963392,2.150638,false,false
2026-04-17T14:36:34.768579,0.902238,-0.142307,-0.151315,98.670,E,1,0.913392,1,0.913392,1.864317,1.842938,1.846130,2.454057,7.714118,6.327875,1.830844,0.236695,0.013595,1.846130,-0.940732,-0.384845,-0.447764,1.110665,1.016407,-20.405001,-32.580002,-23.608002,NaN,-0.024346,true,Self-supervised model,0.199416,0.546000,0.293513,0.537570,0.000000,0.000000,1.009851,1.662185,false,false
2026-04-17T14:36:34.774779,0.902238,-0.142307,-0.149078,98.542,E,1,0.913392,1,0.913392,1.864589,1.865804,1.866020,2.394202,7.144298,6.871359,1.777143,-0.280734,0.494955,1.866020,-1.199739,-0.445321,-0.552222,1.393784,1.279721,-20.405001,-32.580002,-23.608002,NaN,-0.018384,true,Self-supervised model,0.196241,0.552000,0.421695,0.763941,0.000000,0.000000,0.999233,1.338815,false,false
2026-04-17T14:36:34.782357,0.902238,-0.142307,-0.145850,98.357,E,1,0.913392,1,0.913392,1.883752,1.888522,1.984357,2.221819,6.739678,7.419631,1.612951,-0.624722,0.972515,1.984357,-1.284039,-0.427606,-0.598648,1.479859,1.353367,-20.405001,-32.580002,-23.608002,NaN,-0.011193,true,Self-supervised model,0.207979,0.560000,0.606641,1.083288,0.000000,0.000000,0.949301,1.340910,false,false
2026-04-17T14:36:34.790438,0.902238,-0.142307,-0.141666,98.117,E,1,0.913392,1,0.913392,1.946653,1.912847,2.276885,1.975216,6.244078,7.994239,1.377725,-1.056045,1.473380,2.276885,-1.279763,-0.351248,-0.618196,1.464013,1.327090,-20.405001,-32.580002,-23.608002,NaN,-0.003184,true,Self-supervised model,0.246573,0.568000,0.846378,1.490102,0.000000,0.000000,0.854963,1.555236,false,false
2026-04-17T14:36:34.798580,0.902238,-0.142307,-0.136651,97.830,E,1,0.913392,1,0.913392,2.053655,1.940480,2.615413,1.709460,5.827487,8.485051,1.127398,-1.409490,1.892801,2.615413,-1.159422,-0.243124,-0.607200,1.331188,1.184639,-20.405001,-32.580002,-23.608002,NaN,0.005153,true,Self-supervised model,0.294679,0.576000,1.133702,1.968233,0.000000,0.000000,0.785212,1.964721,false,false
2026-04-17T14:36:34.806874,0.902238,-0.142307,-0.130996,97.506,E,1,0.913392,1,0.913392,2.163878,1.971416,2.742548,1.374272,5.573701,8.738836,0.795158,-1.601715,2.079375,2.742548,-0.930959,-0.124006,-0.555277,1.091051,0.939181,-20.405001,-32.580002,-23.608002,NaN,0.013368,true,Self-supervised model,0.321632,0.584000,1.457694,2.496052,0.000000,0.000000,0.789003,2.513674,false,false
2026-04-17T14:36:34.814654,0.902238,-0.142307,-0.125288,97.178,E,1,0.913392,1,0.913392,2.250325,2.004572,2.704172,1.063026,5.482722,8.791509,0.505335,-1.648635,2.083072,2.704172,-0.675006,-0.030543,-0.483194,0.830688,0.675697,-20.405001,-32.580002,-23.608002,NaN,0.019290,true,Self-supervised model,0.329712,0.592000,1.784750,3.014780,0.000000,0.000000,0.832168,3.255340,false,false
2026-04-17T14:36:34.822181,0.902238,-0.142307,-0.119413,96.842,E,1,0.913392,1,0.913392,2.296187,2.038236,2.536961,0.746991,5.497087,8.695741,0.210436,-1.604368,1.953943,2.536961,-0.335976,0.037874,-0.365297,0.497751,0.338104,-20.405001,-32.580002,-23.608002,NaN,0.025831,true,Self-supervised model,0.331166,0.599000,2.121352,3.541490,0.000000,0.000000,0.905093,5.096844,true,false
2026-04-17T14:36:34.831027,0.902238,-0.142307,-0.113672,96.513,E,1,0.913392,1,0.913392,2.288324,2.070240,2.247043,0.502782,5.561730,8.406042,-0.017516,-1.526386,1.648951,2.247043,0.003054,0.035430,-0.219301,0.222165,0.035562,-20.405001,-32.580002,-23.608002,NaN,0.031038,true,Self-supervised model,0.338876,0.608000,2.450298,4.030095,0.000000,0.000000,1.018371,10.114286,true,false
2026-04-17T14:36:34.839271,0.902238,-0.142307,-0.108393,96.210,E,1,0.913392,1,0.913392,2.223327,2.098363,1.882093,0.385466,5.683835,7.999028,-0.128260,-1.406618,1.243885,1.882093,0.306043,-0.045204,-0.064141,0.315943,0.309364,-20.405001,-32.580002,-23.608002,NaN,0.034472,true,Self-supervised model,0.259811,0.616000,2.752805,4.468840,0.000000,0.000000,1.181306,5.957061,true,false
2026-04-17T14:36:34.847320,0.902238,-0.142307,-0.103870,95.951,E,1,0.913392,1,0.913392,2.109777,2.120820,1.513641,0.366313,5.849035,7.565677,-0.154847,-1.257546,0.828074,1.513641,0.483194,-0.137445,0.041539,0.504077,0.502362,-20.405001,-32.580002,-23.608002,NaN,0.035965,true,Self-supervised model,0.214786,0.625000,3.011921,4.819074,0.000000,0.000000,1.393843,3.002798,true,false
2026-04-17T14:36:34.853987,0.902238,-0.142307,-0.100354,95.750,E,1,0.913392,1,0.913392,1.946529,2.135848,1.089479,0.452504,6.086061,6.998251,-0.090676,-1.046329,0.289721,1.089479,0.696997,-0.305433,0.191812,0.784784,0.760982,-20.405001,-32.580002,-23.608002,NaN,0.035454,true,Self-supervised model,0.191466,0.631000,3.213361,5.092490,0.000000,0.000000,1.786660,1.388254,true,false
2026-04-17T14:36:34.863159,0.902238,-0.142307,-0.097990,95.614,E,1,0.913392,1,0.913392,1.778926,2.143571,0.899009,0.641646,6.306327,6.411672,0.062510,-0.858598,-0.259072,0.899009,0.802677,-0.447764,0.281609,0.961294,0.919121,-20.405001,-32.580002,-23.608002,NaN,0.033213,true,Self-supervised model,0.185445,0.640000,3.348836,5.232557,0.000000,0.000000,1.978764,0.935207,true,false
2026-04-17T14:36:34.870805,0.902238,-0.142307,-0.096843,95.549,E,1,0.913392,1,0.913392,1.662149,2.146315,1.049070,0.883460,6.519411,5.872977,0.258175,-0.682017,-0.754153,1.049070,0.825279,-0.549779,0.315817,1.040713,0.991636,-21.130001,-31.106001,-26.057001,NaN,0.029489,true,Self-supervised model,0.168076,0.648000,3.414540,5.269352,0.000000,0.000000,1.584402,1.008031,true,false
2026-04-17T14:36:34.878483,0.902238,-0.142307,-0.096849,95.549,E,1,0.913392,1,0.913392,1.624231,2.147431,1.425161,1.098939,6.720524,5.322310,0.421992,-0.518478,-1.258645,1.425161,0.777631,-0.631024,0.308487,1.047886,1.001450,-21.130001,-31.106001,-26.057001,NaN,0.024870,true,Self-supervised model,0.149903,0.656000,3.414174,5.204534,0.000000,0.000000,1.139683,1.360034,true,false
2026-04-17T14:36:34.886383,0.902238,-0.142307,-0.097832,95.605,E,1,0.913392,1,0.913392,1.657081,2.149817,1.829541,1.343147,6.864176,4.862624,0.613131,-0.409365,-1.674428,1.829541,0.652404,-0.680504,0.259007,0.977651,0.942718,-21.130001,-31.106001,-26.057001,NaN,0.019981,true,Self-supervised model,0.172465,0.664000,3.357854,5.057010,0.000000,0.000000,0.905736,1.871364,true,false
2026-04-17T14:36:34.896159,0.902238,-0.142307,-0.099531,95.703,E,1,0.913392,1,0.913392,1.720529,2.154646,2.053630,1.532289,7.007828,4.611232,0.751181,-0.293695,-1.888615,2.053630,0.459371,-0.711658,0.179594,0.865871,0.847041,-21.130001,-31.106001,-26.057001,NaN,0.015419,true,Self-supervised model,0.199005,0.673000,3.260521,4.844756,0.000000,0.000000,0.837799,2.371751,true,false
2026-04-17T14:36:34.903592,0.902238,-0.142307,-0.101634,95.823,E,1,0.913392,1,0.913392,1.797434,2.162357,2.201186,1.740585,7.079654,4.484340,0.912095,-0.240299,-1.988858,2.201186,0.249233,-0.742201,0.100182,0.789314,0.782930,-21.130001,-31.106001,-26.057001,NaN,0.011700,true,Self-supervised model,0.218050,0.681000,3.140039,4.610924,0.000000,0.000000,0.816575,2.788733,true,false
2026-04-17T14:36:34.910552,0.902238,-0.142307,-0.103811,95.948,E,1,0.913392,1,0.913392,1.856318,2.172116,2.165462,1.905785,7.120356,4.568137,1.033465,-0.206283,-1.891725,2.165462,-0.031765,-0.784351,0.003665,0.785003,0.784994,-21.130001,-31.106001,-26.057001,NaN,0.009225,true,Self-supervised model,0.215217,0.688000,3.015298,4.382701,0.000000,0.000000,0.857239,2.758542,false,false
2026-04-17T14:36:34.918314,0.902238,-0.142307,-0.105765,96.060,E,1,0.913392,1,0.913392,1.853527,2.181372,1.838871,1.939303,7.146692,4.946421,1.026254,-0.172672,-1.516058,1.838871,-0.312152,-0.822836,-0.073304,0.883103,0.880055,-21.130001,-31.106001,-26.057001,NaN,0.008166,true,Self-supervised model,0.184841,0.696000,2.903369,4.171508,0.000000,0.000000,1.007970,2.082284,false,false
2026-04-17T14:36:34.926364,0.902238,-0.142307,-0.107230,96.144,E,1,0.913392,1,0.913392,1.792403,2.187813,1.471507,1.915361,7.070077,5.391742,0.964079,-0.229308,-1.087797,1.471507,-0.553444,-0.822836,-0.126449,0.999674,0.991644,-21.130001,-31.106001,-26.057001,NaN,0.008656,true,Self-supervised model,0.168484,0.704000,2.819434,4.004878,0.000000,0.000000,1.218073,1.471987,false,false
2026-04-17T14:36:34.934551,0.902238,-0.142307,-0.108061,96.191,E,1,0.913392,1,0.913392,1.697227,2.190190,1.197553,1.922544,7.036559,5.798757,0.936034,-0.232086,-0.710006,1.197553,-0.714712,-0.778242,-0.154549,1.067877,1.056634,-21.130001,-31.106001,-26.057001,NaN,0.010361,true,Self-supervised model,0.165632,0.712000,2.771825,3.893013,0.000000,0.000000,1.417246,1.121434,false,false
2026-04-17T14:36:34.942664,0.902238,-0.142307,-0.108211,96.200,E,1,0.913392,1,0.913392,1.593207,2.188311,1.047102,1.968034,6.888118,6.272809,0.950982,-0.341852,-0.274216,1.047102,-0.847881,-0.662178,-0.182038,1.091109,1.075817,-21.130001,-31.106001,-26.057001,NaN,0.012931,true,Self-supervised model,0.163643,0.720000,2.763196,3.837772,0.000000,0.000000,1.521539,0.959668,false,false
2026-04-17T14:36:34.950543,0.902238,-0.142307,-0.107705,96.171,E,1,0.913392,1,0.913392,1.517370,2.183473,1.119224,2.056619,6.718130,6.615179,1.016691,-0.467411,0.022991,1.119224,-0.927293,-0.492357,-0.209527,1.070603,1.049899,-21.130001,-31.106001,-26.057001,NaN,0.016067,true,Self-supervised model,0.152061,0.728000,2.792218,3.835464,0.000000,0.000000,1.355734,1.045415,false,false
2026-04-17T14:36:34.958752,0.902238,-0.142307,-0.106577,96.106,E,1,0.913392,1,0.913392,1.463519,2.176675,1.180801,2.111686,6.641516,6.799533,1.059752,-0.496350,0.157643,1.180801,-0.954172,-0.263894,-0.239459,1.018540,0.989992,-21.130001,-31.106001,-26.057001,NaN,0.019677,true,Self-supervised model,0.144117,0.736000,2.856811,3.881537,0.000000,0.000000,1.239429,1.159307,false,false
2026-04-17T14:36:34.968192,0.902238,-0.142307,-0.104881,96.009,E,1,0.913392,1,0.913392,1.425713,2.168636,1.227231,2.161964,6.588843,6.835446,1.111585,-0.500454,0.141496,1.227231,-0.951728,-0.038485,-0.271835,0.990536,0.952506,-21.130001,-31.106001,-26.057001,NaN,0.023652,true,Self-supervised model,0.140087,0.745000,2.954028,3.965138,0.000000,0.000000,1.161731,1.238957,false,false
2026-04-17T14:36:34.974690,0.902238,-0.142307,-0.102671,95.883,E,1,0.913392,1,0.913392,1.394544,2.159673,1.230909,2.147599,6.517017,6.746861,1.113833,-0.523940,-0.000483,1.230909,-0.931570,0.228464,-0.324369,1.012538,0.959175,-21.130001,-31.106001,-26.057001,NaN,0.027910,true,Self-supervised model,0.136512,0.752000,3.080598,4.096540,0.000000,0.000000,1.132939,1.215667,false,false
2026-04-17T14:36:34.982501,0.902238,-0.142307,-0.099983,95.729,E,1,0.913392,1,0.913392,1.348906,2.149242,1.109305,1.999158,6.509834,6.770802,0.997607,-0.484188,-0.030002,1.109305,-0.899805,0.443488,-0.381180,1.073139,1.003160,-21.130001,-31.106001,-26.057001,NaN,0.032516,true,Self-supervised model,0.134537,0.760000,3.234633,4.256096,0.000000,0.000000,1.215992,1.033701,false,false
2026-04-17T14:36:34.990399,0.902238,-0.142307,-0.096824,95.548,E,1,0.913392,1,0.913392,1.261086,2.135716,0.800033,1.666364,6.579266,6.845023,0.709405,-0.369771,-0.008117,0.800033,-0.850935,0.572381,-0.424551,1.109934,1.025529,-21.130001,-31.106001,-26.057001,NaN,0.037558,true,Self-supervised model,0.143134,0.768000,3.415645,4.447454,0.000000,0.000000,1.576294,0.720793,false,false
2026-04-17T14:36:34.999303,0.902238,-0.142307,-0.093208,95.340,E,1,0.913392,1,0.913392,1.127645,2.117393,0.427081,1.290475,6.732495,6.959944,0.385618,-0.174396,0.057301,0.427081,-0.793514,0.621250,-0.436769,1.098355,1.007778,-21.130001,-31.106001,-26.057001,NaN,0.043000,true,Self-supervised model,0.170008,0.777000,3.622815,4.662568,0.000000,0.000000,2.640355,0.388837,false,false
2026-04-17T14:36:35.007297,0.902238,-0.142307,-0.089194,95.110,E,1,0.913392,1,0.913392,0.965286,2.093309,0.112898,0.859518,6.866570,7.060501,0.008429,-0.001640,0.112571,0.112898,-0.706771,0.615141,-0.418443,1.026167,0.936976,-21.130001,-31.106001,-26.057001,NaN,0.048608,true,Self-supervised model,0.196730,0.785000,3.852814,4.908043,0.000000,0.000000,8.550051,0.110019,false,false
2026-04-17T14:36:35.018276,0.902238,-0.142307,-0.084897,94.864,E,1,0.913392,1,0.913392,0.859982,2.065976,0.307139,0.529119,6.933608,7.094019,-0.270376,0.099506,0.106441,0.307139,-0.604146,0.569326,-0.380569,0.913213,0.830135,-21.130001,-31.106001,-26.057001,NaN,0.054034,true,Self-supervised model,0.169053,0.796000,4.098984,5.149477,0.000000,0.000000,2.799978,0.336328,false,false
2026-04-17T14:36:35.022261,0.902238,-0.142307,-0.080467,94.610,E,1,0.913392,1,0.913392,0.801211,2.037385,0.492660,0.289698,6.971915,7.048530,-0.462827,0.166533,0.027784,0.492660,-0.489914,0.510683,-0.328645,0.780270,0.707682,-21.130001,-31.106001,-26.057001,NaN,0.059000,true,Self-supervised model,0.121302,0.799000,4.352828,5.447845,0.000000,0.000000,1.626297,0.631396,false,false
2026-04-17T14:36:35.031349,0.902238,-0.142307,-0.076055,94.358,E,1,0.913392,1,0.913392,0.790970,2.009528,0.737204,0.035913,7.055712,6.931214,-0.674987,0.272913,-0.115676,0.737204,-0.404393,0.469755,-0.284052,0.681828,0.619842,-21.130001,-31.106001,-26.057001,NaN,0.063340,true,Self-supervised model,0.105113,0.809000,4.605636,5.692999,0.000000,0.000000,1.072932,1.081217,false,false
2026-04-17T14:36:35.038558,0.902238,-0.142307,-0.071801,94.114,E,1,0.913392,1,0.913392,0.815347,1.983761,0.943328,-0.146046,7.110779,6.754043,-0.820608,0.344713,-0.312477,0.943328,-0.279165,0.410501,-0.207694,0.538128,0.496432,-21.238001,-30.921001,-28.096001,NaN,0.066957,true,Self-supervised model,0.120572,0.816000,4.849332,5.942808,0.000000,0.000000,0.864330,1.752981,false,false
2026-04-17T14:36:35.046354,0.902238,-0.142307,-0.067819,93.886,E,1,0.913392,1,0.913392,0.860246,1.960821,1.095968,-0.234632,7.194576,6.593631,-0.878187,0.439668,-0.486442,1.095968,-0.182038,0.362243,-0.144164,0.430280,0.405411,-21.238001,-30.921001,-28.096001,NaN,0.069853,true,Self-supervised model,0.137494,0.824000,5.077477,6.161987,0.000000,0.000000,0.784919,2.547101,false,false
2026-04-17T14:36:35.054061,0.902238,-0.142307,-0.064202,93.679,E,1,0.913392,1,0.913392,0.917389,1.941083,1.217391,-0.294487,7.247249,6.454768,-0.912346,0.498449,-0.633416,1.217391,-0.113621,0.318872,-0.082467,0.348410,0.338510,-21.238001,-30.921001,-28.096001,NaN,0.072011,true,Self-supervised model,0.149835,0.831000,5.284724,6.359475,0.000000,0.000000,0.753570,3.494133,false,false
2026-04-17T14:36:35.063926,0.902238,-0.142307,-0.061026,93.497,E,1,0.913392,1,0.913392,0.986699,1.924908,1.350574,-0.308852,7.366959,6.306327,-0.906632,0.620338,-0.785651,1.350574,-0.050091,0.257785,-0.015882,0.263087,0.262607,-21.238001,-30.921001,-28.096001,NaN,0.073424,true,Self-supervised model,0.166314,0.841000,5.466712,6.500252,0.000000,0.000000,0.730578,5.133572,false,false
2026-04-17T14:36:35.070269,0.902238,-0.142307,-0.058344,93.343,E,1,0.913392,1,0.913392,1.057970,1.912230,1.432145,-0.294487,7.467515,6.220136,-0.878561,0.720050,-0.872180,1.432145,-0.014661,0.191812,0.047647,0.198184,0.192371,-21.238001,-30.921001,-28.096001,NaN,0.074127,true,Self-supervised model,0.177384,0.847000,5.620355,6.635602,0.000000,0.000000,0.738731,7.226337,false,false
2026-04-17T14:36:35.080501,0.902238,-0.142307,-0.056200,93.220,E,1,0.913392,1,0.913392,1.124376,1.902716,1.473004,-0.227449,7.577648,6.145916,-0.798428,0.814282,-0.932308,1.473004,0.001222,0.127060,0.102625,0.163333,0.127066,-21.238001,-30.921001,-28.096001,NaN,0.074123,true,Self-supervised model,0.186790,0.858000,5.743222,6.693732,0.000000,0.000000,0.763322,9.018405,false,false
2026-04-17T14:36:35.086521,0.902238,-0.142307,-0.054515,93.123,E,1,0.913392,1,0.913392,1.174908,1.895604,1.440202,-0.129287,7.603985,6.102820,-0.691313,0.822652,-0.958912,1.440202,0.005498,0.084910,0.143553,0.166876,0.085088,-21.238001,-30.921001,-28.096001,NaN,0.073971,true,Self-supervised model,0.176876,0.864000,5.839769,6.758992,0.000000,0.000000,0.815794,8.630385,false,false
2026-04-17T14:36:35.096249,0.902238,-0.142307,-0.053277,93.053,E,1,0.913392,1,0.913392,1.209034,1.890141,1.388197,0.014365,7.589619,6.038177,-0.541968,0.788983,-1.005419,1.388197,0.003665,0.054367,0.177151,0.185342,0.054490,-21.238001,-30.921001,-28.096001,NaN,0.073421,true,Self-supervised model,0.165707,0.873000,5.910714,6.770577,0.000000,0.000000,0.870939,7.489921,false,false
2026-04-17T14:36:35.102959,0.902238,-0.142307,-0.052464,93.006,E,1,0.913392,1,0.913392,1.219575,1.885318,1.274916,0.258574,7.517793,5.999869,-0.295009,0.697923,-1.025321,1.274916,-0.015272,0.047037,0.193644,0.199859,0.049454,-21.238001,-30.921001,-28.096001,NaN,0.072534,true,Self-supervised model,0.151222,0.880000,5.957301,6.769660,0.000000,0.000000,0.956593,6.379062,false,false
2026-04-17T14:36:35.112975,0.902238,-0.142307,-0.052055,92.983,E,1,0.913392,1,0.913392,1.216735,1.880575,1.201825,0.505177,7.453150,5.975927,-0.047706,0.614949,-1.031477,1.201825,-0.040928,0.047037,0.193033,0.202853,0.062350,-21.238001,-30.921001,-28.096001,NaN,0.071323,true,Self-supervised model,0.146802,0.890000,5.980696,6.719883,0.000000,0.000000,1.012406,5.924605,false,false
2026-04-17T14:36:35.118523,0.902238,-0.142307,-0.052013,92.980,E,1,0.913392,1,0.913392,1.204034,1.875513,1.137352,0.725443,7.419631,6.019023,0.171625,0.564884,-0.972122,1.137352,-0.076969,0.051924,0.183870,0.205982,0.092845,-21.238001,-30.921001,-28.096001,NaN,0.069902,true,Self-supervised model,0.143514,0.896000,5.983129,6.677599,0.000000,0.000000,1.058629,5.521608,false,false
2026-04-17T14:36:35.126336,0.902238,-0.142307,-0.052290,92.996,E,1,0.913392,1,0.913392,1.186473,1.869952,1.094275,0.926556,7.417237,6.105214,0.370129,0.548230,-0.871714,1.094275,-0.123395,0.055589,0.169210,0.216676,0.135338,-21.238001,-30.921001,-28.096001,NaN,0.068348,true,Self-supervised model,0.140584,0.904000,5.967265,6.600957,0.000000,0.000000,1.084255,5.050293,false,false
2026-04-17T14:36:35.134965,0.902238,-0.142307,-0.052837,93.027,E,1,0.913392,1,0.913392,1.158821,1.863507,1.013649,1.039083,7.347805,6.200983,0.479958,0.465032,-0.762148,1.013649,-0.158825,0.065973,0.152716,0.230000,0.171982,-21.238001,-30.921001,-28.096001,NaN,0.066721,true,Self-supervised model,0.136689,0.912000,5.935926,6.508691,0.000000,0.000000,1.143217,4.407165,false,false
2026-04-17T14:36:35.142479,0.902238,-0.142307,-0.053530,93.067,E,1,0.913392,1,0.913392,1.124663,1.855953,0.945336,1.110910,7.307104,6.308722,0.546894,0.418123,-0.647873,0.945336,-0.211359,0.113621,0.120951,0.268722,0.239964,-21.238001,-30.921001,-28.096001,NaN,0.065442,true,Self-supervised model,0.132547,0.920000,5.896200,6.408913,0.000000,0.000000,1.189697,3.517889,false,false
2026-04-17T14:36:35.150476,0.902238,-0.142307,-0.054489,93.122,E,1,0.913392,1,0.913392,1.074955,1.846713,0.813990,1.134852,7.249643,6.488286,0.568686,0.354522,-0.462049,0.813990,-0.238848,0.164323,0.097738,0.305947,0.289915,-21.238001,-30.921001,-28.096001,NaN,0.063422,true,Self-supervised model,0.132885,0.928000,5.841275,6.294478,0.000000,0.000000,1.320601,2.660562,false,false
2026-04-17T14:36:35.158198,0.902238,-0.142307,-0.055565,93.184,E,1,0.913392,1,0.913392,1.007478,1.835144,0.653224,1.091756,7.206547,6.710948,0.526035,0.307463,-0.235490,0.653224,-0.256563,0.238848,0.068417,0.357147,0.350533,-21.238001,-30.921001,-28.096001,NaN,0.061876,true,Self-supervised model,0.140782,0.935000,5.779617,6.181409,0.000000,0.000000,1.542316,1.829006,false,false
2026-04-17T14:36:35.167493,0.902238,-0.142307,-0.056714,93.249,E,1,0.913392,1,0.913392,0.924845,1.820732,0.491019,0.931344,7.223307,6.919243,0.370294,0.321502,-0.024870,0.491019,-0.250455,0.332922,0.052534,0.419910,0.416611,-21.238001,-30.921001,-28.096001,NaN,0.060432,true,Self-supervised model,0.153998,0.945000,5.713742,6.046288,0.000000,0.000000,1.883522,1.169344,false,false
2026-04-17T14:36:35.174456,0.902238,-0.142307,-0.057896,93.317,E,1,0.913392,1,0.913392,0.847631,1.803808,0.442258,0.756568,7.228095,7.149086,0.211612,0.336894,0.193171,0.442258,-0.227853,0.432493,0.045204,0.490928,0.488842,-21.238001,-30.921001,-28.096001,NaN,0.059124,true,Self-supervised model,0.150688,0.952000,5.646059,5.930735,0.000000,0.000000,1.916599,0.900862,false,false
2026-04-17T14:36:35.182779,0.902238,-0.142307,-0.058942,93.377,E,1,0.913392,1,0.913392,0.795864,1.785490,0.524088,0.632069,7.273585,7.297527,0.108905,0.391710,0.330713,0.524088,-0.195477,0.511294,0.046426,0.549353,0.547387,-21.238001,-30.921001,-28.096001,NaN,0.058620,true,Self-supervised model,0.126791,0.960000,5.586139,5.818895,0.000000,0.000000,1.518570,0.954010,false,false
2026-04-17T14:36:35.191831,0.902238,-0.142307,-0.059877,93.431,E,1,0.913392,1,0.913392,0.765498,1.766690,0.606079,0.512359,7.271191,7.433996,0.015015,0.397025,0.457686,0.606079,-0.148440,0.571770,0.059254,0.593689,0.590724,-18.448000,-29.126001,-30.847002,NaN,0.058128,true,Self-supervised model,0.110337,0.969000,5.532563,5.709559,0.000000,0.000000,1.263035,1.020869,false,false
2026-04-17T14:36:35.198695,0.902238,-0.142307,-0.060742,93.480,E,1,0.913392,1,0.913392,0.754214,1.748191,0.694972,0.457293,7.252037,7.563283,-0.012355,0.383706,0.579312,0.694972,-0.102014,0.579100,0.073304,0.592569,0.588017,-18.448000,-29.126001,-30.847002,NaN,0.057539,true,Self-supervised model,0.105677,0.976000,5.482954,5.617780,0.000000,0.000000,1.085244,1.172812,false,false
2026-04-17T14:36:35.206712,0.902238,-0.142307,-0.061586,93.529,E,1,0.913392,1,0.913392,0.773756,1.731214,0.876350,0.383072,7.323863,7.730877,-0.064241,0.454326,0.746626,0.876350,-0.069639,0.527788,0.085521,0.539187,0.532362,-18.448000,-29.126001,-30.847002,NaN,0.056786,true,Self-supervised model,0.120097,0.984000,5.434636,5.523004,0.000000,0.000000,0.882930,1.625316,false,false
2026-04-17T14:36:35.214454,0.902238,-0.142307,-0.062528,93.583,E,1,0.913392,1,0.913392,0.817215,1.716654,1.045378,0.306458,7.410054,7.872135,-0.120653,0.540509,0.886627,1.045378,-0.042150,0.464868,0.100182,0.477405,0.466775,-18.448000,-29.126001,-30.847002,NaN,0.055449,true,Self-supervised model,0.139850,0.992000,5.380661,5.424054,0.000000,0.000000,0.781742,2.189708,false,false
2026-04-17T14:36:35.222436,0.902238,-0.142307,-0.063541,93.641,E,1,0.913392,1,0.913392,0.873754,1.704938,1.170581,0.260968,7.450756,7.991845,-0.148819,0.581606,1.004911,1.170581,-0.008552,0.409280,0.111788,0.424358,0.409369,-18.448000,-29.126001,-30.847002,NaN,0.054150,true,Self-supervised model,0.153014,1.000000,5.322593,5.322593,0.000000,0.000000,0.746428,2.758475,false,false
2026-04-17T14:36:35.231415,0.902238,-0.142307,-0.064613,93.702,E,1,0.913392,1,0.913392,0.927914,1.695857,1.212255,0.301669,7.419631,8.063671,-0.092967,0.550083,1.076257,1.212255,0.025656,0.378126,0.120340,0.397642,0.378995,-18.448000,-29.126001,-30.847002,NaN,0.052845,true,Self-supervised model,0.154724,1.009000,5.261191,5.214263,0.000000,0.000000,0.765444,3.048611,false,false
2026-04-17T14:36:35.238730,0.902238,-0.142307,-0.065741,93.767,E,1,0.913392,1,0.913392,0.973479,1.688962,1.212695,0.395043,7.292738,8.123527,0.014379,0.421506,1.136993,1.212695,0.054367,0.365908,0.116675,0.387889,0.369925,-18.448000,-29.126001,-30.847002,NaN,0.051490,true,Self-supervised model,0.151236,1.016000,5.196539,5.114704,0.000000,0.000000,0.802740,3.126397,false,false
2026-04-17T14:36:35.246711,0.902238,-0.142307,-0.066923,93.834,E,1,0.913392,1,0.913392,1.005661,1.683630,1.174619,0.560243,7.141904,8.111555,0.193323,0.267646,1.127263,1.174619,0.075136,0.364076,0.102014,0.385491,0.371748,-18.448000,-29.126001,-30.847002,NaN,0.050096,true,Self-supervised model,0.144434,1.024000,5.128838,5.008631,0.000000,0.000000,0.856160,3.047070,false,false
2026-04-17T14:36:35.254434,0.902238,-0.142307,-0.068132,93.904,E,1,0.913392,1,0.913392,1.018340,1.679018,1.084903,0.653617,6.986280,8.018182,0.301195,0.108522,1.036590,1.084903,0.082467,0.382402,0.083689,0.400044,0.391193,-18.448000,-29.126001,-30.847002,NaN,0.048779,true,Self-supervised model,0.134110,1.032000,5.059592,4.902705,0.000000,0.000000,0.938646,2.711955,false,false
2026-04-17T14:36:35.264653,0.902238,-0.142307,-0.069338,93.973,E,1,0.913392,1,0.913392,1.010484,1.674277,0.969242,0.696713,6.890512,7.879318,0.360475,0.009981,0.899660,0.969242,0.073915,0.409280,0.066584,0.421197,0.415901,-18.448000,-29.126001,-30.847002,NaN,0.047579,true,Self-supervised model,0.126583,1.042000,4.990441,4.789290,0.000000,0.000000,1.042551,2.301161,false,false
2026-04-17T14:36:35.270612,0.902238,-0.142307,-0.070514,94.040,E,1,0.913392,1,0.913392,1.000227,1.669315,0.946374,0.675165,6.909666,7.855376,0.357648,0.028226,0.875737,0.946374,0.042761,0.468534,0.051924,0.473337,0.470481,-18.448000,-29.126001,-30.847002,NaN,0.046529,true,Self-supervised model,0.124374,1.048000,4.923083,4.697598,0.000000,0.000000,1.056904,1.999364,false,false
2026-04-17T14:36:35.278406,0.902238,-0.142307,-0.071643,94.105,E,1,0.913392,1,0.913392,0.995935,1.664380,0.973402,0.519542,6.993463,7.922413,0.223994,0.113383,0.940469,0.973402,-0.001833,0.537561,0.045815,0.539513,0.537565,-18.448000,-29.126001,-30.847002,NaN,0.045587,true,Self-supervised model,0.125689,1.056000,4.858404,4.600761,0.000000,0.000000,1.023148,1.804222,false,false
2026-04-17T14:36:35.286397,0.902238,-0.142307,-0.072715,94.166,E,1,0.913392,1,0.913392,1.004694,1.659992,1.050681,0.272939,7.120356,8.008605,0.004081,0.243956,1.021958,1.050681,-0.039706,0.633467,0.050702,0.636732,0.634710,-18.448000,-29.126001,-30.847002,NaN,0.044741,true,Self-supervised model,0.130299,1.064000,4.796968,4.508429,0.000000,0.000000,0.956231,1.650114,false,false
2026-04-17T14:36:35.296498,0.902238,-0.142307,-0.073730,94.224,E,1,0.913392,1,0.913392,1.041875,1.657267,1.237073,0.028730,7.189788,8.169016,-0.205728,0.316496,1.178072,1.237073,-0.051313,0.755029,0.063530,0.759433,0.756771,-18.448000,-29.126001,-30.847002,NaN,0.043956,true,Self-supervised model,0.147789,1.074000,4.738822,4.412311,0.000000,0.000000,0.842210,1.628942,false,false
2026-04-17T14:36:35.303509,0.902238,-0.142307,-0.074668,94.278,E,1,0.913392,1,0.913392,1.109011,1.657337,1.461480,-0.208296,7.230489,8.353370,-0.402291,0.360439,1.358002,1.461480,-0.041539,0.854600,0.075747,0.858956,0.855609,-18.448000,-29.126001,-30.847002,NaN,0.043326,true,Self-supervised model,0.169809,1.081000,4.685088,4.334032,0.000000,0.000000,0.758828,1.701461,false,false
2026-04-17T14:36:35.313654,0.902238,-0.142307,-0.075570,94.330,E,1,0.913392,1,0.913392,1.193396,1.660780,1.636416,-0.462081,7.256825,8.465898,-0.610666,0.388598,1.467629,1.636416,-0.000611,0.945619,0.100793,0.950976,0.945620,-18.448000,-29.126001,-30.847002,NaN,0.042568,true,Self-supervised model,0.186098,1.091000,4.633415,4.246943,0.000000,0.000000,0.729274,1.720775,false,false
2026-04-17T14:36:35.318364,0.902238,-0.142307,-0.076483,94.382,E,1,0.913392,1,0.913392,1.262975,1.666867,1.628264,-0.656011,7.297527,8.374918,-0.756509,0.428305,1.376769,1.628264,0.062919,1.007928,0.139277,1.019448,1.009890,-18.448000,-29.126001,-30.847002,NaN,0.041611,true,Self-supervised model,0.181071,1.096000,4.581112,4.179847,0.000000,0.000000,0.775657,1.597201,false,false
2026-04-17T14:36:35.326803,0.902238,-0.142307,-0.077470,94.439,E,1,0.913392,1,0.913392,1.303662,1.674339,1.517266,-0.797269,7.357382,8.154651,-0.849643,0.483845,1.160214,1.517266,0.104458,0.990213,0.176540,1.011236,0.995707,-18.448000,-29.126001,-30.847002,NaN,0.040326,true,Self-supervised model,0.170419,1.104000,4.524540,4.098316,0.000000,0.000000,0.859217,1.500407,false,false
2026-04-17T14:36:35.335669,0.902238,-0.142307,-0.078604,94.504,E,1,0.913392,1,0.913392,1.329343,1.682539,1.464168,-0.878672,7.405266,8.027759,-0.887824,0.526157,1.038611,1.464168,0.098960,0.880257,0.207083,0.909686,0.885802,-18.448000,-29.126001,-30.847002,NaN,0.038605,true,Self-supervised model,0.166608,1.113000,4.459570,4.006801,0.000000,0.000000,0.907917,1.609531,false,false
2026-04-17T14:36:35.342966,0.902238,-0.142307,-0.079933,94.580,E,1,0.913392,1,0.913392,1.359630,1.691623,1.518637,-0.984017,7.539341,7.960721,-0.961079,0.655814,0.975957,1.518637,0.036041,0.635911,0.245568,0.682631,0.636931,-18.448000,-29.126001,-30.847002,NaN,0.036497,true,Self-supervised model,0.174731,1.120000,4.383436,3.913782,0.000000,0.000000,0.895296,2.224682,false,false
2026-04-17T14:36:35.351004,0.902238,-0.142307,-0.081495,94.669,E,1,0.913392,1,0.913392,1.413021,1.702479,1.693325,-1.084573,7.783550,7.965509,-1.046574,0.900008,0.980825,1.693325,-0.076358,0.320704,0.282220,0.433970,0.329669,-17.056002,-25.144001,-34.511002,NaN,0.034001,true,Self-supervised model,0.199776,1.128000,4.293926,3.806672,0.000000,0.000000,0.834465,3.901942,false,false
2026-04-17T14:36:35.358317,0.902238,-0.142307,-0.083325,94.774,E,1,0.913392,1,0.913392,1.470255,1.715190,1.770731,-1.094150,7.824251,8.046912,-1.059972,0.947169,1.055849,1.770731,-0.206472,0.027489,0.316428,0.378832,0.208294,-17.056002,-25.144001,-34.511002,NaN,0.031099,true,Self-supervised model,0.210444,1.136000,4.189061,3.687553,0.000000,0.000000,0.830309,4.674191,false,false
2026-04-17T14:36:35.367068,0.902238,-0.142307,-0.085450,94.896,E,1,0.913392,1,0.913392,1.491261,1.728233,1.601546,-0.859518,7.577648,8.161834,-0.845796,0.714059,1.157453,1.601546,-0.298713,-0.156382,0.334143,0.474696,0.337172,-17.056002,-25.144001,-34.511002,NaN,0.027797,true,Self-supervised model,0.186999,1.144000,4.067328,3.555357,0.000000,0.000000,0.931139,3.373834,false,false
2026-04-17T14:36:35.374701,0.902238,-0.142307,-0.087881,95.035,E,1,0.913392,1,0.913392,1.481686,1.740371,1.431418,-0.407014,7.046135,8.374918,-0.424041,0.201240,1.352276,1.431418,-0.378126,-0.293215,0.343917,0.589265,0.478492,-17.056002,-25.144001,-34.511002,NaN,0.024141,true,Self-supervised model,0.168500,1.152000,3.928045,3.409761,0.000000,0.000000,1.035118,2.429159,false,false
2026-04-17T14:36:35.382156,0.902238,-0.142307,-0.090584,95.190,E,1,0.913392,1,0.913392,1.488454,1.752294,1.523986,-0.016759,6.493075,8.530540,-0.070539,-0.329391,1.486290,1.523986,-0.425162,-0.348193,0.343306,0.647967,0.549547,-17.056002,-25.144001,-34.511002,NaN,0.020349,true,Self-supervised model,0.173067,1.159000,3.773173,3.255542,0.000000,0.000000,0.976685,2.351952,false,false
2026-04-17T14:36:35.390209,0.902238,-0.142307,-0.093509,95.358,E,1,0.913392,1,0.913392,1.536174,1.765649,1.786703,0.260968,6.054936,8.683769,0.168654,-0.742908,1.616154,1.786703,-0.441656,-0.339030,0.345139,0.655074,0.556777,-17.056002,-25.144001,-34.511002,NaN,0.016534,true,Self-supervised model,0.197341,1.167000,3.605557,3.089594,0.000000,0.000000,0.859781,2.727483,false,false
2026-04-17T14:36:35.398888,0.902238,-0.142307,-0.096603,95.535,E,1,0.913392,1,0.913392,1.614248,1.781593,2.024137,0.450110,5.774815,8.822633,0.320729,-0.997961,1.731571,2.024137,-0.420886,-0.282220,0.357967,0.620430,0.506748,-17.056002,-25.144001,-34.511002,NaN,0.012768,true,Self-supervised model,0.221778,1.176000,3.428303,2.915224,0.000000,0.000000,0.797499,3.262474,false,false
2026-04-17T14:36:35.407060,0.902238,-0.142307,-0.099837,95.720,E,1,0.913392,1,0.913392,1.707855,1.800644,2.199290,0.490811,5.564125,8.937555,0.328939,-1.184163,1.823851,2.199290,-0.346971,-0.147829,0.390343,0.542780,0.377151,-17.056002,-25.144001,-34.511002,NaN,0.008971,true,Self-supervised model,0.242323,1.184000,3.242995,2.739016,0.000000,0.000000,0.776548,4.051898,false,false
2026-04-17T14:36:35.414555,0.902238,-0.142307,-0.103207,95.913,E,1,0.913392,1,0.913392,1.796080,1.822461,2.259259,0.486023,5.446809,8.966286,0.297490,-1.282947,1.835701,2.259259,-0.214414,0.034819,0.447764,0.497673,0.217223,-17.056002,-25.144001,-34.511002,NaN,0.005060,true,Self-supervised model,0.251457,1.192000,3.049937,2.558672,0.000000,0.000000,0.794986,4.539646,true,false
2026-04-17T14:36:35.422353,0.902238,-0.142307,-0.106781,96.118,E,1,0.913392,1,0.913392,1.865107,1.846167,2.227504,0.452504,5.377377,8.901642,0.244544,-1.341502,1.761347,2.227504,-0.060476,0.215635,0.516181,0.562671,0.223955,-17.056002,-25.144001,-34.511002,NaN,0.000669,true,Self-supervised model,0.246854,1.200000,2.845165,2.370971,0.000000,0.000000,0.837308,3.958802,true,false
2026-04-17T14:36:35.430976,0.902238,-0.142307,-0.110668,96.341,E,1,0.913392,1,0.913392,1.896802,1.870192,2.063196,0.428562,5.406107,8.719683,0.208907,-1.311734,1.578762,2.063196,0.139888,0.425773,0.592539,0.742936,0.448164,-17.056002,-25.144001,-34.511002,NaN,-0.004472,true,Self-supervised model,0.226430,1.208000,2.622435,2.170890,0.000000,0.000000,0.919351,2.777084,true,false
2026-04-17T14:36:35.438513,0.902238,-0.142307,-0.114979,96.588,E,1,0.913392,1,0.913392,1.871758,1.892255,1.740282,0.404620,5.568913,8.418014,0.180793,-1.158366,1.286112,1.740282,0.342085,0.614530,0.641409,0.951879,0.703327,-17.056002,-25.144001,-34.511002,NaN,-0.010476,true,Self-supervised model,0.194143,1.216000,2.375452,1.953496,0.000000,0.000000,1.075549,1.828259,true,false
2026-04-17T14:36:35.446334,0.902238,-0.142307,-0.119790,96.863,E,1,0.913392,1,0.913392,1.788285,1.910096,1.350046,0.363919,5.774815,8.039729,0.143354,-0.971848,0.926060,1.350046,0.520457,0.739758,0.645074,1.110962,0.904498,-17.056002,-25.144001,-34.511002,NaN,-0.017291,true,Self-supervised model,0.170675,1.224000,2.099767,1.715496,0.000000,0.000000,1.324610,1.215204,true,false
2026-04-17T14:36:35.454315,0.902238,-0.142307,-0.125087,97.167,E,1,0.913392,1,0.913392,1.672329,1.922586,1.063565,0.306458,5.925649,7.721301,0.094852,-0.848796,0.633812,1.063565,0.649350,0.784962,0.619417,1.192266,1.018735,-17.056002,-25.144001,-34.511002,NaN,-0.024528,true,Self-supervised model,0.162108,1.232000,1.796291,1.458028,0.000000,0.000000,1.572382,0.892053,true,false
2026-04-17T14:36:35.464668,0.902238,-0.142307,-0.130764,97.492,E,1,0.913392,1,0.913392,1.532415,1.928979,0.797867,0.181959,6.078878,7.376535,-0.018066,-0.729915,0.321699,0.797867,0.772134,0.753808,0.565661,1.218355,1.079081,-17.056002,-25.144001,-34.511002,NaN,-0.031728,true,Self-supervised model,0.164938,1.242000,1.471004,1.184383,0.000000,0.000000,1.920640,0.654872,true,false
2026-04-17T14:36:35.470400,0.902238,-0.142307,-0.136678,97.831,E,1,0.913392,1,0.913392,1.391612,1.929484,0.652393,0.031125,6.215348,7.007828,-0.157511,-0.633030,-0.008904,0.652393,0.850324,0.660345,0.490525,1.183099,1.076619,-17.056002,-25.144001,-34.511002,NaN,-0.038588,true,Self-supervised model,0.157975,1.248000,1.132175,0.907191,0.000000,0.000000,2.133090,0.551427,true,false
2026-04-17T14:36:35.480076,0.902238,-0.142307,-0.142651,98.173,E,1,0.913392,1,0.913392,1.277964,1.925423,0.681312,-0.213084,6.438008,6.651093,-0.392413,-0.452990,-0.324033,0.681312,0.886976,0.517403,0.412334,1.106550,1.026856,-17.056002,-25.144001,-34.511002,NaN,-0.044800,true,Self-supervised model,0.155197,1.257000,0.789923,0.628419,0.000000,0.000000,1.875741,0.615708,true,false
2026-04-17T14:36:35.486372,0.902238,-0.142307,-0.148510,98.509,E,1,0.913392,1,0.913392,1.213678,1.918953,0.876179,-0.447716,6.629545,6.394913,-0.621398,-0.304803,-0.537261,0.876179,0.884533,0.384845,0.350637,1.026377,0.964626,-17.056002,-25.144001,-34.511002,NaN,-0.050199,true,Self-supervised model,0.137347,1.264000,0.454253,0.359378,0.000000,0.000000,1.385194,0.853662,true,false
2026-04-17T14:36:35.497501,0.902238,-0.142307,-0.154101,98.829,E,1,0.913392,1,0.913392,1.215577,1.912818,1.225546,-0.732626,6.825869,6.076484,-0.904857,-0.151342,-0.812584,1.225546,0.838718,0.222355,0.288328,0.914343,0.867692,-17.056002,-25.144001,-34.511002,NaN,-0.054719,true,Self-supervised model,0.154392,1.275000,0.133922,0.105037,0.000000,0.000000,0.991866,1.340357,true,false
2026-04-17T14:36:35.503132,0.902238,-0.142307,-0.159318,99.128,E,1,0.913392,1,0.913392,1.281610,1.909570,1.628282,-0.991199,6.912060,5.717354,-1.167080,-0.105484,-1.130531,1.628282,0.737314,0.069639,0.230296,0.775576,0.740596,-17.056002,-25.144001,-34.511002,NaN,-0.058440,true,Self-supervised model,0.186722,1.280000,0.164982,0.128892,0.000000,0.000000,0.787093,2.099449,true,false
2026-04-17T14:36:35.514004,0.902238,-0.142307,-0.164091,99.402,E,1,0.913392,1,0.913392,1.381421,1.910444,1.905428,-1.137246,6.955156,5.442020,-1.321080,-0.097349,-1.369644,1.905428,0.585209,-0.050702,0.189979,0.617359,0.587401,-16.506001,-24.535002,-32.502003,NaN,-0.061440,true,Self-supervised model,0.218676,1.291000,0.438483,0.339646,0.000000,0.000000,0.724992,3.086417,true,false
2026-04-17T14:36:35.518350,0.902238,-0.142307,-0.168383,99.648,E,1,0.913392,1,0.913392,1.487778,1.915537,2.046153,-1.216254,6.902483,5.312734,-1.411753,-0.177069,-1.470490,2.046153,0.423330,-0.124006,0.171653,0.473339,0.441118,-16.506001,-24.535002,-32.502003,NaN,-0.063804,true,Self-supervised model,0.228607,1.296000,0.684377,0.528069,0.000000,0.000000,0.727110,4.322803,true,false
2026-04-17T14:36:35.526449,0.902238,-0.142307,-0.172204,99.867,E,1,0.913392,1,0.913392,1.581930,1.924193,2.076229,-1.194707,6.825869,5.260061,-1.404947,-0.271159,-1.504435,2.076229,0.204640,-0.186925,0.164934,0.322524,0.277161,-16.506001,-24.535002,-32.502003,NaN,-0.065746,true,Self-supervised model,0.246051,1.304000,0.903346,0.692750,0.000000,0.000000,0.761925,6.437449,true,false
2026-04-17T14:36:35.535271,0.902238,-0.142307,-0.175610,100.062,E,1,0.913392,1,0.913392,1.646183,1.935073,1.983510,-1.132457,6.706159,5.370194,-1.360756,-0.396758,-1.387530,1.983510,-0.040928,-0.231518,0.175318,0.293278,0.235108,-16.506001,-24.535002,-32.502003,NaN,-0.067487,true,Self-supervised model,0.238766,1.312000,1.098471,0.837249,0.000000,0.000000,0.829934,6.763235,true,false
2026-04-17T14:36:35.542896,0.902238,-0.142307,-0.178678,100.238,E,1,0.913392,1,0.913392,1.668023,1.946391,1.782683,-0.986411,6.557718,5.597643,-1.235531,-0.537775,-1.167141,1.782683,-0.290161,-0.243124,0.188757,0.423004,0.378554,-16.506001,-24.535002,-32.502003,NaN,-0.069207,true,Self-supervised model,0.207649,1.320000,1.274283,0.965366,0.000000,0.000000,0.935681,4.214342,false,false
2026-04-17T14:36:35.550421,0.902238,-0.142307,-0.181488,100.398,E,1,0.913392,1,0.913392,1.655037,1.956737,1.586860,-0.895431,6.447585,5.911284,-1.166472,-0.627794,-0.873694,1.586860,-0.481973,-0.218690,0.210749,0.569682,0.529266,-16.506001,-24.535002,-32.502003,NaN,-0.070980,true,Self-supervised model,0.186285,1.328000,1.435240,1.080753,0.000000,0.000000,1.042963,2.785518,false,false
2026-04-17T14:36:35.558313,0.902238,-0.142307,-0.184116,100.549,E,1,0.913392,1,0.913392,1.599973,1.964466,1.310886,-0.667982,6.275203,6.363788,-0.960171,-0.769358,-0.452308,1.310886,-0.664011,-0.150273,0.237016,0.720880,0.680802,-16.506001,-24.535002,-32.502003,NaN,-0.072883,true,Self-supervised model,0.168300,1.336000,1.585821,1.186992,0.000000,0.000000,1.220528,1.818452,false,false
2026-04-17T14:36:35.567327,0.902238,-0.142307,-0.186636,100.693,E,1,0.913392,1,0.913392,1.536134,1.969333,1.200981,-0.423774,6.054936,6.883330,-0.734146,-0.950071,0.027388,1.200981,-0.788627,-0.064752,0.251066,0.830156,0.791281,-16.506001,-24.535002,-32.502003,NaN,-0.074969,true,Self-supervised model,0.162021,1.345000,1.730188,1.286385,0.000000,0.000000,1.279066,1.446693,false,false
2026-04-17T14:36:35.574885,0.902238,-0.142307,-0.189095,100.834,E,1,0.913392,1,0.913392,1.500386,1.972575,1.312710,-0.148441,5.834670,7.386112,-0.473016,-1.124629,0.484430,1.312710,-0.860709,0.009774,0.252898,0.897147,0.860765,-16.506001,-24.535002,-32.502003,NaN,-0.077186,true,Self-supervised model,0.160627,1.352000,1.871082,1.383937,0.000000,0.000000,1.142968,1.463205,false,false
2026-04-17T14:36:35.582535,0.902238,-0.142307,-0.191506,100.973,E,1,0.913392,1,0.913392,1.498794,1.975624,1.490438,0.057461,5.729325,7.817069,-0.277048,-1.180634,0.866460,1.490438,-0.885144,0.056200,0.245568,0.920294,0.886926,-16.506001,-24.535002,-32.502003,NaN,-0.079409,true,Self-supervised model,0.169998,1.360000,2.009272,1.477406,0.000000,0.000000,1.005607,1.619523,false,false
2026-04-17T14:36:35.591612,0.902238,-0.142307,-0.193861,101.107,E,1,0.913392,1,0.913392,1.535776,1.980030,1.729930,0.246603,5.674258,8.257602,-0.094764,-1.184729,1.257019,1.729930,-0.872926,0.081245,0.235794,0.907855,0.876699,-16.506001,-24.535002,-32.502003,NaN,-0.081535,true,Self-supervised model,0.190427,1.369000,2.144189,1.566245,0.000000,0.000000,0.887768,1.905515,false,false
2026-04-17T14:36:35.599078,0.902238,-0.142307,-0.196142,101.238,E,1,0.913392,1,0.913392,1.608928,1.987186,1.992977,0.392649,5.645528,8.678981,0.058182,-1.156112,1.622337,1.992977,-0.824668,0.083689,0.221133,0.857893,0.828904,-16.506001,-24.535002,-32.502003,NaN,-0.083519,true,Self-supervised model,0.213296,1.376000,2.274859,1.653240,0.000000,0.000000,0.807299,2.323106,false,false
2026-04-17T14:36:35.606846,0.902238,-0.142307,-0.198090,101.350,E,1,0.913392,1,0.913392,1.693706,1.997447,2.138786,0.469264,5.674258,8.961497,0.142976,-1.067873,1.847596,2.138786,-0.758084,0.075136,0.208916,0.789926,0.761798,-16.506001,-24.535002,-32.502003,NaN,-0.084135,true,Self-supervised model,0.228351,1.384000,2.386452,1.724315,0.000000,0.000000,0.791900,2.707580,true,false
2026-04-17T14:36:35.614565,0.902238,-0.142307,-0.199734,101.444,E,1,0.913392,1,0.913392,1.779500,2.010729,2.229920,0.545878,5.712565,9.167398,0.227775,-0.968439,1.995692,2.229920,-0.652404,0.077580,0.199753,0.686696,0.657001,-16.506001,-24.535002,-32.502003,NaN,-0.084567,true,Self-supervised model,0.240408,1.392000,2.480676,1.782095,0.000000,0.000000,0.798011,3.247319,true,false
2026-04-17T14:36:35.622248,0.902238,-0.142307,-0.201127,101.524,E,1,0.913392,1,0.913392,1.851126,2.026345,2.227165,0.648829,5.705383,9.203311,0.327608,-0.935401,1.994483,2.227165,-0.518625,0.104458,0.197309,0.564636,0.529040,-16.506001,-24.535002,-32.502003,NaN,-0.084951,true,Self-supervised model,0.246262,1.399000,2.560460,1.830207,0.000000,0.000000,0.831158,3.944425,true,false
2026-04-17T14:36:35.630873,0.902238,-0.142307,-0.202561,101.606,E,1,0.913392,1,0.913392,1.899354,2.043265,2.152551,0.758962,5.681441,9.131485,0.436514,-0.926993,1.893044,2.152551,-0.409891,0.152105,0.188147,0.475968,0.437203,-16.506001,-24.535002,-32.502003,NaN,-0.086554,true,Self-supervised model,0.245205,1.408000,2.642649,1.876881,0.000000,0.000000,0.882374,4.522471,true,false
2026-04-17T14:36:35.638904,0.902238,-0.142307,-0.204049,101.691,E,1,0.913392,1,0.913392,1.914997,2.060134,1.997122,0.823605,5.655105,8.954314,0.504379,-0.929566,1.694108,1.997122,-0.254731,0.241903,0.174097,0.392064,0.351290,-16.506001,-24.535002,-32.502003,NaN,-0.088254,true,Self-supervised model,0.236594,1.416000,2.727881,1.926469,0.000000,0.000000,0.958879,5.093864,true,false
2026-04-17T14:36:35.646583,0.902238,-0.142307,-0.205580,101.779,E,1,0.913392,1,0.913392,1.889903,2.075325,1.758160,0.905008,5.635951,8.640674,0.594906,-0.933274,1.366094,1.758160,-0.091630,0.351858,0.135001,0.387847,0.363594,-16.506001,-24.535002,-32.502003,NaN,-0.089961,true,Self-supervised model,0.215831,1.424000,2.815629,1.977267,0.000000,0.000000,1.074932,4.533122,true,false
2026-04-17T14:36:35.654235,0.902238,-0.142307,-0.207121,101.867,E,1,0.913392,1,0.913392,1.824326,2.087285,1.480049,0.931344,5.669470,8.276755,0.637342,-0.891894,0.994417,1.480049,0.020769,0.431882,0.077580,0.439286,0.432381,-16.506001,-24.535002,-32.502003,NaN,-0.091539,true,Self-supervised model,0.194214,1.431000,2.903910,2.029287,0.000000,0.000000,1.232612,3.369218,true,false
2026-04-17T14:36:35.663513,0.902238,-0.142307,-0.208595,101.952,E,1,0.913392,1,0.913392,1.711819,2.094266,1.121155,0.890643,5.777209,7.797915,0.619128,-0.781687,0.512480,1.121155,0.075136,0.474642,0.031154,0.481561,0.480553,-16.506001,-24.535002,-32.502003,NaN,-0.092746,true,Self-supervised model,0.181009,1.441000,2.988370,2.073817,0.000000,0.000000,1.526835,2.328166,true,false
2026-04-17T14:36:35.671185,0.902238,-0.142307,-0.209912,102.027,E,1,0.913392,1,0.913392,1.577947,2.095614,0.875120,0.718261,5.837064,7.419631,0.475319,-0.722501,0.133790,0.875120,0.124617,0.537561,-0.044593,0.553615,0.551817,-15.892001,-23.971001,-34.662003,NaN,-0.093435,true,Self-supervised model,0.175247,1.448000,3.063825,2.115901,0.000000,0.000000,1.803120,1.580737,true,false
2026-04-17T14:36:35.680128,0.902238,-0.142307,-0.210978,102.088,E,1,0.913392,1,0.913392,1.446389,2.091645,0.755709,0.462081,5.896919,7.029376,0.252943,-0.664614,-0.255743,0.755709,0.133169,0.574213,-0.105680,0.598851,0.589453,-15.892001,-23.971001,-34.662003,NaN,-0.093498,true,Self-supervised model,0.171157,1.457000,3.124922,2.144765,0.000000,0.000000,1.913949,1.261931,true,false
2026-04-17T14:36:35.686066,0.902238,-0.142307,-0.211722,102.131,E,1,0.913392,1,0.913392,1.355643,2.084205,0.879223,0.153229,5.887342,6.718130,-0.025069,-0.659105,-0.581365,0.879223,0.119730,0.587041,-0.151495,0.617983,0.599127,-15.892001,-23.971001,-34.662003,NaN,-0.092953,true,Self-supervised model,0.157748,1.463000,3.167545,2.165103,0.000000,0.000000,1.541864,1.422729,true,false
2026-04-17T14:36:35.697351,0.902238,-0.142307,-0.212221,102.159,E,1,0.913392,1,0.913392,1.303961,2.074995,1.032634,-0.150835,5.920861,6.533776,-0.293388,-0.615769,-0.775297,1.032634,0.105069,0.578489,-0.169821,0.611987,0.587954,-15.892001,-23.971001,-34.662003,NaN,-0.092473,true,Self-supervised model,0.152649,1.475000,3.196142,2.166876,0.000000,0.000000,1.262752,1.687346,true,false
2026-04-17T14:36:35.702590,0.902238,-0.142307,-0.212399,102.170,E,1,0.913392,1,0.913392,1.289315,2.065568,1.212420,-0.416591,5.949591,6.387730,-0.521787,-0.580750,-0.927595,1.212420,0.070250,0.532674,-0.161879,0.561143,0.537287,-15.892001,-23.971001,-34.662003,NaN,-0.091363,true,Self-supervised model,0.158834,1.480000,3.206307,2.166424,0.000000,0.000000,1.063422,2.160625,true,false
2026-04-17T14:36:35.710469,0.902238,-0.142307,-0.212253,102.161,E,1,0.913392,1,0.913392,1.300057,2.056947,1.356455,-0.675165,6.026206,6.301539,-0.744149,-0.499902,-1.017993,1.356455,0.040317,0.475253,-0.124006,0.492817,0.476960,-15.892001,-23.971001,-34.662003,NaN,-0.089927,true,Self-supervised model,0.170294,1.488000,3.197983,2.149182,0.000000,0.000000,0.958423,2.752452,true,false
2026-04-17T14:36:35.718838,0.902238,-0.142307,-0.211845,102.138,E,1,0.913392,1,0.913392,1.317371,2.049364,1.408269,-0.888249,6.150704,6.327875,-0.924778,-0.372242,-0.994707,1.408269,0.014050,0.403782,-0.056810,0.408001,0.404026,-15.892001,-23.971001,-34.662003,NaN,-0.088468,true,Self-supervised model,0.176624,1.496000,3.174607,2.122063,0.000000,0.000000,0.935454,3.451633,true,false
2026-04-17T14:36:35.726785,0.902238,-0.142307,-0.211287,102.106,E,1,0.913392,1,0.913392,1.321606,2.042254,1.343839,-0.938527,6.263232,6.409278,-0.949592,-0.257511,-0.915351,1.343839,-0.005498,0.315206,0.030543,0.316731,0.315254,-15.892001,-23.971001,-34.662003,NaN,-0.087306,true,Self-supervised model,0.175165,1.504000,3.142592,2.089489,0.000000,0.000000,0.983455,4.242848,true,false
2026-04-17T14:36:35.735148,0.902238,-0.142307,-0.210740,102.074,E,1,0.913392,1,0.913392,1.309579,2.034947,1.246439,-0.895431,6.356606,6.469133,-0.889971,-0.161855,-0.857533,1.246439,-0.025656,0.229685,0.108734,0.255415,0.231114,-15.892001,-23.971001,-34.662003,NaN,-0.086807,true,Self-supervised model,0.171995,1.512000,3.111258,2.057711,0.000000,0.000000,1.050657,4.880058,true,false
2026-04-17T14:36:35.742524,0.902238,-0.142307,-0.210375,102.054,E,1,0.913392,1,0.913392,1.274542,2.026531,1.090597,-0.763750,6.485892,6.540959,-0.753711,-0.030374,-0.787653,1.090597,-0.053756,0.128893,0.190590,0.236279,0.139653,-15.892001,-23.971001,-34.662003,NaN,-0.087171,true,Self-supervised model,0.164714,1.520000,3.090365,2.033135,0.000000,0.000000,1.168665,4.615724,true,false
2026-04-17T14:36:35.750364,0.902238,-0.142307,-0.210372,102.053,E,1,0.913392,1,0.913392,1.176130,2.014515,0.659468,-0.569820,6.564901,6.993463,-0.563932,0.051762,-0.337934,0.659468,-0.016493,0.084299,0.253509,0.267666,0.085898,-15.892001,-23.971001,-34.662003,NaN,-0.088615,true,Self-supervised model,0.166420,1.528000,3.090189,2.022375,0.000000,0.000000,1.783452,2.463770,true,false
2026-04-17T14:36:35.758389,0.902238,-0.142307,-0.210808,102.078,E,1,0.913392,1,0.913392,1.034609,1.997318,0.291620,-0.239420,6.677429,7.316680,-0.241070,0.163497,-0.014013,0.291620,0.069028,0.047647,0.270002,0.282730,0.083876,-15.892001,-23.971001,-34.662003,NaN,-0.090809,true,Self-supervised model,0.187904,1.536000,3.115192,2.028120,0.000000,0.000000,3.547791,1.031444,true,false
2026-04-17T14:36:35.767252,0.902238,-0.142307,-0.211689,102.129,E,1,0.913392,1,0.913392,0.918538,1.976167,0.309170,0.014365,6.751649,7.529764,0.005802,0.232468,0.203743,0.309170,0.119119,-0.058032,0.265726,0.296930,0.132503,-15.892001,-23.971001,-34.662003,NaN,-0.093468,true,Self-supervised model,0.179227,1.544000,3.165667,2.050302,0.000000,0.000000,2.970982,1.041221,true,false
2026-04-17T14:36:35.774275,0.902238,-0.142307,-0.212855,102.196,E,1,0.913392,1,0.913392,0.840990,1.952760,0.433859,0.268151,6.828263,7.517793,0.240849,0.301066,0.198958,0.433859,0.159436,-0.181427,0.235794,0.337542,0.241527,-15.892001,-23.971001,-34.662003,NaN,-0.095771,true,Self-supervised model,0.154107,1.551000,3.232435,2.084097,0.000000,0.000000,1.938395,1.285349,true,false
2026-04-17T14:36:35.782360,0.902238,-0.142307,-0.214317,102.279,E,1,0.913392,1,0.913392,0.803041,1.928771,0.603811,0.447716,6.890512,7.596802,0.396660,0.353491,0.286867,0.603811,0.189979,-0.279165,0.191812,0.388352,0.337676,-15.892001,-23.971001,-34.662003,NaN,-0.098424,true,Self-supervised model,0.132943,1.560000,3.316247,2.125799,0.000000,0.000000,1.329954,1.554805,true,false
2026-04-17T14:36:35.790375,0.902238,-0.142307,-0.215955,102.373,E,1,0.913392,1,0.913392,0.800044,1.905622,0.784309,0.653617,6.833052,7.747637,0.577431,0.285154,0.447662,0.784309,0.211359,-0.307876,0.120951,0.392543,0.373444,-15.892001,-23.971001,-34.662003,NaN,-0.100758,true,Self-supervised model,0.137988,1.568000,3.410047,2.174775,0.000000,0.000000,1.020063,1.998022,true,false
2026-04-17T14:36:35.798412,0.902238,-0.142307,-0.217624,102.469,E,1,0.913392,1,0.913392,0.797594,1.883301,0.784732,0.711078,6.742072,7.745243,0.611774,0.181924,0.456553,0.784732,0.215025,-0.334754,0.037263,0.399605,0.397864,-15.892001,-23.971001,-34.662003,NaN,-0.102559,true,Self-supervised model,0.138290,1.576000,3.505722,2.224443,0.000000,0.000000,1.016390,1.963768,true,false
2026-04-17T14:36:35.809266,0.902238,-0.142307,-0.219148,102.556,E,1,0.913392,1,0.913392,0.790674,1.861596,0.754345,0.699107,6.648698,7.754819,0.579045,0.076402,0.477396,0.754345,0.226020,-0.346971,-0.049480,0.417040,0.414095,-15.892001,-23.971001,-34.662003,NaN,-0.103497,true,Self-supervised model,0.136830,1.586000,3.593016,2.265458,0.000000,0.000000,1.048160,1.808807,true,false
2026-04-17T14:36:35.814456,0.902238,-0.142307,-0.220389,102.627,E,1,0.913392,1,0.913392,0.755407,1.839348,0.570252,0.545878,6.593631,7.661446,0.410222,0.008371,0.396024,0.570252,0.223577,-0.299935,-0.122173,0.393540,0.374095,-15.892001,-23.971001,-34.662003,NaN,-0.103607,true,Self-supervised model,0.131415,1.592000,3.664113,2.301579,0.000000,0.000000,1.324689,1.449032,true,false
2026-04-17T14:36:35.822031,0.902238,-0.142307,-0.221229,102.675,E,1,0.913392,1,0.913392,0.685152,1.815181,0.316313,0.299275,6.603208,7.529764,0.154819,0.005540,0.275780,0.316313,0.210749,-0.219911,-0.162490,0.345223,0.304592,-15.892001,-23.971001,-34.662003,NaN,-0.102843,true,Self-supervised model,0.156243,1.599000,3.712237,2.321599,0.000000,0.000000,2.166055,0.916257,true,false
2026-04-17T14:36:35.831052,0.902238,-0.142307,-0.221616,102.698,E,1,0.913392,1,0.913392,0.608369,1.788908,0.205259,-0.045490,6.643910,7.309498,-0.191416,0.036284,0.064611,0.205259,0.177762,-0.100793,-0.186925,0.276946,0.204349,-17.459002,-21.451000,-34.580002,NaN,-0.101421,true,Self-supervised model,0.172607,1.608000,3.734440,2.322413,0.000000,0.000000,2.963911,0.741150,true,false
2026-04-17T14:36:35.839168,0.902238,-0.142307,-0.221569,102.695,E,1,0.913392,1,0.913392,0.591101,1.762996,0.500445,-0.337582,6.615179,7.084443,-0.476786,-0.001791,-0.152043,0.500445,0.134390,0.006720,-0.182649,0.226862,0.134558,-17.459002,-21.451000,-34.580002,NaN,-0.099632,true,Self-supervised model,0.129493,1.616000,3.731701,2.309221,0.000000,0.000000,1.181151,2.205942,true,false
2026-04-17T14:36:35.846316,0.902238,-0.142307,-0.221132,102.670,E,1,0.913392,1,0.913392,0.614001,1.739036,0.734228,-0.538695,6.639122,6.924031,-0.666826,0.015851,-0.306893,0.734228,0.059254,0.046426,-0.155771,0.173005,0.075275,-17.459002,-21.451000,-34.580002,NaN,-0.097639,true,Self-supervised model,0.154391,1.624000,3.706665,2.282429,0.000000,0.000000,0.836254,4.243960,true,false
2026-04-17T14:36:35.854198,0.902238,-0.142307,-0.220402,102.628,E,1,0.913392,1,0.913392,0.658209,1.717803,0.890301,-0.665588,6.691794,6.811504,-0.783190,0.066853,-0.418068,0.890301,-0.031154,0.013439,-0.119730,0.124444,0.033929,-17.459002,-21.451000,-34.580002,NaN,-0.095741,true,Self-supervised model,0.177708,1.631000,3.664888,2.247019,0.000000,0.000000,0.739311,7.154220,true,false
2026-04-17T14:36:35.863892,0.902238,-0.142307,-0.219495,102.576,E,1,0.913392,1,0.913392,0.716770,1.699762,1.024212,-0.763750,6.892907,6.777985,-0.875790,0.272476,-0.455807,1.024212,-0.167377,-0.099571,-0.066584,0.205823,0.194755,-17.459002,-21.451000,-34.580002,NaN,-0.094118,true,Self-supervised model,0.181473,1.641000,3.612873,2.201629,0.000000,0.000000,0.699825,4.976189,true,false
2026-04-17T14:36:35.870750,0.902238,-0.142307,-0.218516,102.520,E,1,0.913392,1,0.913392,0.772100,1.684655,1.062586,-0.751779,7.036559,6.806715,-0.867940,0.428522,-0.438335,1.062586,-0.342085,-0.267559,-0.003665,0.434308,0.434292,-17.459002,-21.451000,-34.580002,NaN,-0.092859,true,Self-supervised model,0.173143,1.648000,3.556829,2.158270,0.000000,0.000000,0.726624,2.446620,true,false
2026-04-17T14:36:35.879401,0.902238,-0.142307,-0.217584,102.467,E,1,0.913392,1,0.913392,0.803987,1.671429,0.971393,-0.615310,7.184999,7.110779,-0.748508,0.599554,-0.154518,0.971393,-0.537561,-0.468534,0.045815,0.714559,0.713089,-17.459002,-21.451000,-34.580002,NaN,-0.092108,true,Self-supervised model,0.158401,1.657000,3.503390,2.114297,0.000000,0.000000,0.827664,1.359430,true,false
2026-04-17T14:36:35.886405,0.902238,-0.142307,-0.216792,102.421,E,1,0.913392,1,0.913392,0.824400,1.659547,0.931568,-0.486023,7.184999,7.505822,-0.650021,0.633103,0.210883,0.931568,-0.700052,-0.629802,0.095906,0.946531,0.941660,-17.459002,-21.451000,-34.580002,NaN,-0.091882,true,Self-supervised model,0.151907,1.664000,3.458050,2.078155,0.000000,0.000000,0.884960,0.984192,true,false
2026-04-17T14:36:35.897013,0.902238,-0.142307,-0.216207,102.388,E,1,0.913392,1,0.913392,0.864938,1.649763,1.077760,-0.143652,7.050924,8.195353,-0.350722,0.542459,0.862727,1.077760,-0.838107,-0.744034,0.156382,1.131576,1.120718,-17.459002,-21.451000,-34.580002,NaN,-0.092121,true,Self-supervised model,0.164568,1.674000,3.424518,2.045710,0.000000,0.000000,0.802533,0.952441,true,false
2026-04-17T14:36:35.903116,0.902238,-0.142307,-0.215898,102.370,E,1,0.913392,1,0.913392,0.999084,1.645736,1.703352,0.287304,6.856994,9.030929,0.029508,0.398548,1.655807,1.703352,-0.871094,-0.753197,0.190590,1.167234,1.151568,-17.459002,-21.451000,-34.580002,NaN,-0.092918,true,Self-supervised model,0.212498,1.680000,3.406828,2.027874,0.000000,0.000000,0.586540,1.459307,true,false
2026-04-17T14:36:35.913559,0.902238,-0.142307,-0.215916,102.371,E,1,0.913392,1,0.913392,1.230080,1.651110,2.442808,0.811634,6.567295,9.777920,0.528073,0.134630,2.381244,2.442808,-0.852768,-0.739147,0.194866,1.145218,1.128517,-17.459002,-21.451000,-34.580002,NaN,-0.094239,true,Self-supervised model,0.255188,1.691000,3.407812,2.015264,0.000000,0.000000,0.503552,2.133051,true,false
2026-04-17T14:36:35.918522,0.902238,-0.142307,-0.216075,102.380,E,1,0.913392,1,0.913392,1.490907,1.666701,2.860247,1.271321,6.291962,10.165780,0.913574,-0.067865,2.709574,2.860247,-0.709825,-0.635911,0.160658,0.966460,0.953013,-17.459002,-21.451000,-34.580002,NaN,-0.094970,true,Self-supervised model,0.284285,1.696000,3.416972,2.014724,0.000000,0.000000,0.521251,2.959508,true,false
2026-04-17T14:36:35.926519,0.902238,-0.142307,-0.216638,102.412,E,1,0.913392,1,0.913392,1.757696,1.692341,3.158341,1.683124,5.985504,10.354922,1.283245,-0.333858,2.866520,3.158341,-0.565661,-0.518014,0.109956,0.774856,0.767014,-17.459002,-21.451000,-34.580002,NaN,-0.097143,true,Self-supervised model,0.313360,1.704000,3.449206,2.024182,0.000000,0.000000,0.556525,4.076039,true,false
2026-04-17T14:36:35.934770,0.902238,-0.142307,-0.217307,102.451,E,1,0.913392,1,0.913392,1.984441,1.726025,3.174854,1.924938,5.784391,10.268731,1.492553,-0.504330,2.756380,3.174854,-0.400117,-0.355524,0.064141,0.539077,0.535248,-17.459002,-21.451000,-34.580002,NaN,-0.098236,true,Self-supervised model,0.336059,1.712000,3.487516,2.037101,0.000000,0.000000,0.625050,5.889420,true,false
2026-04-17T14:36:35.942716,0.902238,-0.142307,-0.217977,102.489,E,1,0.913392,1,0.913392,2.157450,1.765282,3.065743,2.059013,5.573701,10.046070,1.606068,-0.694086,2.517453,3.065743,-0.279776,-0.224798,0.040317,0.361157,0.358900,-17.459002,-21.451000,-34.580002,NaN,-0.098912,true,Self-supervised model,0.354202,1.720000,3.525914,2.049950,0.000000,0.000000,0.703728,8.488665,true,false
2026-04-17T14:36:35.950596,0.902238,-0.142307,-0.218582,102.524,E,1,0.913392,1,0.913392,2.277348,1.807765,2.906812,2.066196,5.425261,9.813833,1.604876,-0.831467,2.276531,2.906812,-0.102625,-0.034819,0.012217,0.109058,0.108371,-17.459002,-21.451000,-34.580002,NaN,-0.099256,true,Self-supervised model,0.438300,1.728000,3.560575,2.060518,0.000000,0.000000,0.783452,26.653859,true,false
2026-04-17T14:36:35.958194,0.902238,-0.142307,-0.219095,102.553,E,1,0.913392,1,0.913392,2.332744,1.850764,2.623573,1.929727,5.324705,9.504981,1.468867,-0.929144,1.965262,2.623573,0.029932,0.081856,0.004276,0.087262,0.087157,-17.459002,-21.451000,-34.580002,NaN,-0.099403,true,Self-supervised model,0.437525,1.735000,3.589984,2.069155,0.000000,0.000000,0.889148,30.065520,true,false
2026-04-17T14:36:35.966737,0.902238,-0.142307,-0.219521,102.578,E,1,0.913392,1,0.913392,2.312041,1.891215,2.203355,1.582567,5.322310,9.181764,1.128289,-0.935668,1.645072,2.203355,0.133779,0.145386,-0.007330,0.197706,0.197570,-17.459002,-21.451000,-34.580002,NaN,-0.099481,true,Self-supervised model,0.316568,1.744000,3.614402,2.072478,0.000000,0.000000,1.049328,11.144590,true,false
2026-04-17T14:36:35.974999,0.902238,-0.142307,-0.219868,102.598,E,1,0.913392,1,0.913392,2.233028,1.926888,1.818208,1.221043,5.370194,8.906430,0.776673,-0.897599,1.377308,1.818208,0.205251,0.177151,-0.003665,0.271153,0.271128,-17.459002,-21.451000,-34.580002,NaN,-0.099511,true,Self-supervised model,0.262505,1.752000,3.634286,2.074364,0.000000,0.000000,1.228148,6.705480,true,false
2026-04-17T14:36:35.982237,0.902238,-0.142307,-0.220153,102.614,E,1,0.913392,1,0.913392,2.102814,1.955925,1.419193,0.804452,5.391742,8.559271,0.371107,-0.890090,1.041214,1.419193,0.276722,0.192423,0.009774,0.337190,0.337048,-17.459002,-21.451000,-34.580002,NaN,-0.099545,true,Self-supervised model,0.224032,1.759000,3.650580,2.075373,0.000000,0.000000,1.481698,4.208883,true,false
2026-04-17T14:36:35.990806,0.902238,-0.142307,-0.220411,102.629,E,1,0.913392,1,0.913392,1.951924,1.977765,1.159750,0.442927,5.389348,8.224083,0.019713,-0.909327,0.719553,1.159750,0.336587,0.197309,0.040928,0.392297,0.390156,-18.022001,-21.332001,-36.397003,NaN,-0.099701,true,Self-supervised model,0.204580,1.768000,3.665406,2.073193,0.000000,0.000000,1.683056,2.956307,true,false
2026-04-17T14:36:35.998573,0.902238,-0.142307,-0.220704,102.645,E,1,0.913392,1,0.913392,1.809167,1.993021,1.059690,0.124498,5.396531,7.924808,-0.291104,-0.921042,0.435754,1.059690,0.386678,0.183260,0.098349,0.439063,0.427906,-18.022001,-21.332001,-36.397003,NaN,-0.100131,true,Self-supervised model,0.193559,1.776000,3.682191,2.073305,0.000000,0.000000,1.707261,2.413526,true,false
2026-04-17T14:36:36.006262,0.902238,-0.142307,-0.221119,102.669,E,1,0.913392,1,0.913392,1.683874,2.002655,1.026087,-0.114922,5.468357,7.673417,-0.531825,-0.856549,0.190628,1.026087,0.420886,0.150273,0.161879,0.475323,0.446908,-18.022001,-21.332001,-36.397003,NaN,-0.101033,true,Self-supervised model,0.185060,1.783000,3.705956,2.078495,0.000000,0.000000,1.641064,2.158714,true,false
2026-04-17T14:36:36.014554,0.902238,-0.142307,-0.221829,102.710,E,1,0.913392,1,0.913392,1.582078,2.007832,1.047652,-0.325611,5.600038,7.410054,-0.748863,-0.729442,-0.068511,1.047652,0.440434,0.089797,0.255953,0.517259,0.449495,-18.022001,-21.332001,-36.397003,NaN,-0.102926,true,Self-supervised model,0.178027,1.792000,3.746654,2.090767,0.000000,0.000000,1.510118,2.025390,true,false
2026-04-17T14:36:36.022113,0.902238,-0.142307,-0.222912,102.772,E,1,0.913392,1,0.913392,1.498938,2.009476,1.062448,-0.418985,5.760449,7.232883,-0.853946,-0.589809,-0.227372,1.062448,0.436769,0.001222,0.359800,0.565883,0.436770,-18.022001,-21.332001,-36.397003,NaN,-0.105496,true,Self-supervised model,0.172078,1.799000,3.808671,2.117104,0.000000,0.000000,1.410833,1.877504,true,false
2026-04-17T14:36:36.030460,0.902238,-0.142307,-0.224449,102.860,E,1,0.913392,1,0.913392,1.411827,2.007570,0.954498,-0.323217,5.932832,7.108385,-0.780136,-0.437099,-0.333766,0.954498,0.425162,-0.109956,0.463647,0.638609,0.439150,-18.022001,-21.332001,-36.397003,NaN,-0.108854,true,Self-supervised model,0.165616,1.808000,3.896758,2.155287,0.000000,0.000000,1.479131,1.494652,true,false
2026-04-17T14:36:36.038160,0.902238,-0.142307,-0.226556,102.981,E,1,0.913392,1,0.913392,1.312329,2.001760,0.789965,-0.136469,6.095637,7.041347,-0.625855,-0.292250,-0.383328,0.789965,0.398284,-0.207083,0.540005,0.702224,0.448903,-18.022001,-21.332001,-36.397003,NaN,-0.113240,true,Self-supervised model,0.160623,1.815000,4.017491,2.213493,0.000000,0.000000,1.661250,1.124947,true,false
2026-04-17T14:36:36.046071,0.902238,-0.142307,-0.229306,103.138,E,1,0.913392,1,0.913392,1.204536,1.991871,0.638621,0.150835,6.181829,6.945579,-0.380471,-0.222219,-0.462274,0.638621,0.354913,-0.301767,0.602313,0.761451,0.465861,-18.022001,-21.332001,-36.397003,NaN,-0.118557,true,Self-supervised model,0.158752,1.823000,4.174999,2.290180,0.000000,0.000000,1.886151,0.838690,true,false
2026-04-17T14:36:36.054066,0.902238,-0.142307,-0.232718,103.334,E,1,0.913392,1,0.913392,1.113573,1.978740,0.636017,0.533907,6.179435,6.804321,-0.046427,-0.238590,-0.587739,0.636017,0.304211,-0.359189,0.627969,0.784797,0.470702,-18.022001,-21.332001,-36.397003,NaN,-0.124623,true,Self-supervised model,0.151748,1.831000,4.370525,2.386961,0.000000,0.000000,1.750853,0.810423,true,false
2026-04-17T14:36:36.063217,0.902238,-0.142307,-0.236763,103.566,E,1,0.913392,1,0.913392,1.057284,1.963881,0.761768,0.962469,6.169858,6.742072,0.329568,-0.259368,-0.635927,0.761768,0.245568,-0.390343,0.610254,0.764906,0.461163,-18.022001,-21.332001,-36.397003,NaN,-0.131198,true,Self-supervised model,0.145546,1.840000,4.602282,2.501240,0.000000,0.000000,1.387935,0.995897,true,false
2026-04-17T14:36:36.070419,0.902238,-0.142307,-0.241338,103.828,E,1,0.913392,1,0.913392,1.035879,1.948761,0.923503,1.261744,6.208165,6.689400,0.579784,-0.221496,-0.683848,0.923503,0.183870,-0.398895,0.561996,0.713278,0.439233,-18.022001,-21.332001,-36.397003,NaN,-0.137892,true,Self-supervised model,0.148750,1.848000,4.864394,2.632248,0.000000,0.000000,1.121685,1.294732,true,false
2026-04-17T14:36:36.079755,0.902238,-0.142307,-0.246196,104.106,E,1,0.913392,1,0.913392,1.048592,1.934754,1.115334,1.539472,6.260838,6.619968,0.808758,-0.167830,-0.749475,1.115334,0.091630,-0.389121,0.469755,0.616832,0.399764,-18.022001,-21.332001,-36.397003,NaN,-0.143883,true,Self-supervised model,0.164327,1.857000,5.142736,2.769379,0.000000,0.000000,0.940160,1.808165,true,false
2026-04-17T14:36:36.086406,0.902238,-0.142307,-0.251184,104.392,E,1,0.913392,1,0.913392,1.074302,1.922336,1.209283,1.707066,6.342240,6.598420,0.931342,-0.086346,-0.766492,1.209283,-0.016493,-0.359800,0.365908,0.513436,0.360177,-18.022001,-21.332001,-36.397003,NaN,-0.149393,true,Self-supervised model,0.170783,1.864000,5.428555,2.912315,0.000000,0.000000,0.888380,2.355273,true,false
2026-04-17T14:36:36.095845,0.902238,-0.142307,-0.256103,104.674,E,1,0.913392,1,0.913392,1.092185,1.911130,1.186066,1.742979,6.361394,6.631939,0.929568,-0.061237,-0.734103,1.186066,-0.142942,-0.324369,0.252287,0.435083,0.354469,-18.022001,-21.332001,-36.397003,NaN,-0.154035,true,Self-supervised model,0.172510,1.873000,5.710402,3.048800,0.000000,0.000000,0.920846,2.726070,true,false
2026-04-17T14:36:36.102798,0.902238,-0.142307,-0.260716,104.938,E,1,0.913392,1,0.913392,1.091122,1.900330,1.085545,1.695095,6.373365,6.701371,0.851658,-0.036845,-0.672109,1.085545,-0.251676,-0.279776,0.158214,0.408225,0.376319,-18.022001,-21.332001,-36.397003,NaN,-0.157422,true,Self-supervised model,0.163434,1.880000,5.974693,3.178028,0.000000,0.000000,1.005138,2.659184,true,false
2026-04-17T14:36:36.112534,0.902238,-0.142307,-0.264830,105.174,E,1,0.913392,1,0.913392,1.059803,1.888709,0.895376,1.541866,6.347029,6.801927,0.676369,-0.044737,-0.584997,0.895376,-0.370184,-0.208916,0.064752,0.429971,0.425067,-18.022001,-21.332001,-36.397003,NaN,-0.159538,true,Self-supervised model,0.153672,1.890000,6.210378,3.285915,0.000000,0.000000,1.183640,2.082409,true,false
2026-04-17T14:36:36.118604,0.902238,-0.142307,-0.268315,105.373,E,1,0.913392,1,0.913392,0.987227,1.874650,0.606203,1.343147,6.284780,7.024588,0.463655,-0.082651,-0.381674,0.606203,-0.475864,-0.137445,-0.003054,0.495325,0.495316,-18.022001,-21.332001,-36.397003,NaN,-0.160514,true,Self-supervised model,0.146902,1.896000,6.410104,3.380856,0.000000,0.000000,1.628541,1.223849,true,false
2026-04-17T14:36:36.126337,0.902238,-0.142307,-0.271106,105.533,E,1,0.913392,1,0.913392,0.884484,1.857043,0.345084,1.137246,6.203377,7.235278,0.250612,-0.134677,-0.195291,0.345084,-0.554666,-0.064141,-0.042761,0.559997,0.558362,-18.022001,-21.332001,-36.397003,NaN,-0.160523,true,Self-supervised model,0.162942,1.904000,6.569985,3.450622,0.000000,0.000000,2.563100,0.616224,true,false
2026-04-17T14:36:36.134727,0.902238,-0.142307,-0.273200,105.653,E,1,0.913392,1,0.913392,0.784887,1.836157,0.262001,0.991199,6.071695,7.398083,0.103473,-0.232908,-0.060758,0.262001,-0.593761,-0.015272,-0.058643,0.596845,0.593957,-18.022001,-21.332001,-36.397003,NaN,-0.159831,true,Self-supervised model,0.168019,1.912000,6.689968,3.498937,0.000000,0.000000,2.995741,0.438976,true,false
2026-04-17T14:36:36.142486,0.902238,-0.142307,-0.274650,105.736,E,1,0.913392,1,0.913392,0.714997,1.813310,0.348078,0.852336,5.944803,7.613562,-0.031923,-0.323694,0.123940,0.348078,-0.626748,0.053145,-0.067806,0.632641,0.628997,-18.022001,-21.332001,-36.397003,NaN,-0.158703,true,Self-supervised model,0.148559,1.920000,6.773030,3.527620,0.000000,0.000000,2.054132,0.550197,true,false
2026-04-17T14:36:36.151224,0.902238,-0.142307,-0.275541,105.787,E,1,0.913392,1,0.913392,0.682479,1.790077,0.511757,0.684742,5.851429,7.802703,-0.194513,-0.380282,0.281861,0.511757,-0.625526,0.092852,-0.065363,0.635749,0.632380,-20.241001,-19.552000,-35.613003,NaN,-0.157362,true,Self-supervised model,0.134854,1.928000,6.824104,3.539473,0.000000,0.000000,1.333599,0.804968,true,false
2026-04-17T14:36:36.158457,0.902238,-0.142307,-0.276006,105.814,E,1,0.913392,1,0.913392,0.680410,1.767690,0.669551,0.584185,5.779603,7.991845,-0.287150,-0.415300,0.439737,0.669551,-0.601702,0.105069,-0.053145,0.613115,0.610807,-20.241001,-19.552000,-35.613003,NaN,-0.156121,true,Self-supervised model,0.144334,1.936000,6.850741,3.538606,0.000000,0.000000,1.016219,1.092049,true,false
2026-04-17T14:36:36.166664,0.902238,-0.142307,-0.276123,105.821,E,1,0.913392,1,0.913392,0.698040,1.746904,0.790597,0.538695,5.755661,8.178593,-0.324662,-0.404141,0.596915,0.790597,-0.549779,0.100182,-0.025656,0.559420,0.558832,-20.241001,-19.552000,-35.613003,NaN,-0.154847,true,Self-supervised model,0.156974,1.944000,6.857457,3.527498,0.000000,0.000000,0.882928,1.413242,true,false
2026-04-17T14:36:36.174819,0.902238,-0.142307,-0.275999,105.814,E,1,0.913392,1,0.913392,0.718877,1.727783,0.828268,0.474052,5.758055,8.243237,-0.382940,-0.369467,0.634727,0.828268,-0.471588,0.089186,0.013439,0.480135,0.479947,-20.241001,-19.552000,-35.613003,NaN,-0.153758,true,Self-supervised model,0.161253,1.952000,6.850350,3.509401,0.000000,0.000000,0.867928,1.725071,true,false
2026-04-17T14:36:36.182771,0.902238,-0.142307,-0.275755,105.800,E,1,0.913392,1,0.913392,0.725665,1.709699,0.761302,0.471658,5.741296,8.185776,-0.380544,-0.357747,0.553881,0.761302,-0.379347,0.095295,0.052534,0.394646,0.391134,-20.241001,-19.552000,-35.613003,NaN,-0.153031,true,Self-supervised model,0.155899,1.960000,6.836329,3.487923,0.000000,0.000000,0.953189,1.929075,true,false
2026-04-17T14:36:36.190248,0.902238,-0.142307,-0.275499,105.785,E,1,0.913392,1,0.913392,0.708340,1.691644,0.617384,0.497994,5.726931,8.022970,-0.349456,-0.348036,0.371369,0.617384,-0.289550,0.116675,0.081856,0.322727,0.312174,-20.241001,-19.552000,-35.613003,NaN,-0.152733,true,Self-supervised model,0.146078,1.967000,6.821704,3.468075,0.000000,0.000000,1.147324,1.913023,true,false
2026-04-17T14:36:36.198678,0.902238,-0.142307,-0.275313,105.774,E,1,0.913392,1,0.913392,0.671653,1.672845,0.479050,0.519542,5.746084,7.831434,-0.324177,-0.311416,0.165586,0.479050,-0.222355,0.142332,0.103236,0.283474,0.264008,-20.241001,-19.552000,-35.613003,NaN,-0.152825,true,Self-supervised model,0.142543,1.976000,6.811056,3.446891,0.000000,0.000000,1.402053,1.689923,true,false
2026-04-17T14:36:36.206539,0.902238,-0.142307,-0.275280,105.772,E,1,0.913392,1,0.913392,0.643904,1.653687,0.498218,0.442927,5.762844,7.565677,-0.395935,-0.281179,-0.111333,0.498218,-0.169821,0.173486,0.116064,0.269086,0.242768,-20.241001,-19.552000,-35.613003,NaN,-0.153399,true,Self-supervised model,0.142136,1.984000,6.809116,3.432014,0.000000,0.000000,1.292414,1.851520,true,false
2026-04-17T14:36:36.214390,0.902238,-0.142307,-0.275419,105.780,E,1,0.913392,1,0.913392,0.641608,1.635204,0.629557,0.373495,5.820304,7.311892,-0.459301,-0.213085,-0.374138,0.629557,-0.135001,0.196088,0.125838,0.269279,0.238067,-20.241001,-19.552000,-35.613003,NaN,-0.154231,true,Self-supervised model,0.150998,1.992000,6.817094,3.422236,0.000000,0.000000,1.019143,2.337937,true,false
2026-04-17T14:36:36.222289,0.902238,-0.142307,-0.275728,105.798,E,1,0.913392,1,0.913392,0.675286,1.618807,0.852095,0.229843,5.846641,7.108385,-0.592434,-0.177227,-0.586241,0.852095,-0.126449,0.209527,0.139277,0.281583,0.244726,-20.241001,-19.552000,-35.613003,NaN,-0.155219,true,Self-supervised model,0.173367,2.000000,6.834804,3.417402,0.000000,0.000000,0.792501,3.026089,true,false
2026-04-17T14:36:36.230572,0.902238,-0.142307,-0.276141,105.822,E,1,0.913392,1,0.913392,0.741314,1.605707,1.087962,0.112527,5.856217,6.883330,-0.698162,-0.159295,-0.819058,1.087962,-0.138666,0.207083,0.164934,0.298856,0.249223,-20.241001,-19.552000,-35.613003,NaN,-0.156048,true,Self-supervised model,0.192981,2.008000,6.858465,3.415570,0.000000,0.000000,0.681379,3.640420,true,false
2026-04-17T14:36:36.238848,0.902238,-0.142307,-0.276651,105.851,E,1,0.913392,1,0.913392,0.825817,1.596512,1.269456,-0.004788,5.851429,6.739678,-0.803484,-0.155856,-0.970381,1.269456,-0.171042,0.196699,0.196088,0.326184,0.260664,-20.241001,-19.552000,-35.613003,NaN,-0.156948,true,Self-supervised model,0.203790,2.016000,6.887710,3.416523,0.000000,0.000000,0.650528,3.891835,true,false
2026-04-17T14:36:36.246890,0.902238,-0.142307,-0.277260,105.886,E,1,0.913392,1,0.913392,0.909783,1.591043,1.350607,-0.083797,5.906496,6.691794,-0.872626,-0.091094,-1.026823,1.350607,-0.204640,0.182649,0.227853,0.356588,0.274295,-20.241001,-19.552000,-35.613003,NaN,-0.157952,true,Self-supervised model,0.206181,2.024000,6.922616,3.420265,0.000000,0.000000,0.673611,3.787586,true,false
2026-04-17T14:36:36.254380,0.902238,-0.142307,-0.278006,105.929,E,1,0.913392,1,0.913392,0.982574,1.588704,1.364724,-0.119710,5.930438,6.706159,-0.901928,-0.054763,-1.022740,1.364724,-0.268170,0.157603,0.285885,0.422474,0.311053,-20.241001,-19.552000,-35.613003,NaN,-0.159245,true,Self-supervised model,0.203166,2.032000,6.965359,3.427834,0.000000,0.000000,0.719980,3.230316,true,false
2026-04-17T14:36:36.262702,0.902238,-0.142307,-0.278941,105.982,E,1,0.913392,1,0.913392,1.034379,1.588531,1.306359,-0.165200,5.882554,6.842628,-0.944157,-0.087063,-0.898643,1.306359,-0.326202,0.133779,0.347582,0.495094,0.352569,-20.241001,-19.552000,-35.613003,NaN,-0.160936,true,Self-supervised model,0.195843,2.040000,7.018922,3.440648,0.000000,0.000000,0.791803,2.638607,true,false
2026-04-17T14:36:36.270639,0.902238,-0.142307,-0.280117,106.050,E,1,0.913392,1,0.913392,1.056211,1.589238,1.170829,-0.119710,5.870583,7.010222,-0.899120,-0.079963,-0.745674,1.170829,-0.383013,0.114232,0.410501,0.572939,0.399684,-20.241001,-19.552000,-35.613003,NaN,-0.163073,true,Self-supervised model,0.183014,2.048000,7.086263,3.460089,0.000000,0.000000,0.902106,2.043549,true,false
2026-04-17T14:36:36.279468,0.902238,-0.142307,-0.281585,106.134,E,1,0.913392,1,0.913392,1.042236,1.589358,0.968864,-0.019154,5.865794,7.232883,-0.802196,-0.062455,-0.539702,0.968864,-0.423330,0.108123,0.480751,0.649631,0.436919,-20.241001,-19.552000,-35.613003,NaN,-0.165715,true,Self-supervised model,0.167134,2.057000,7.170415,3.485860,0.000000,0.000000,1.075729,1.491408,true,false
2026-04-17T14:36:36.286538,0.902238,-0.142307,-0.283400,106.238,E,1,0.913392,1,0.913392,1.002395,1.587879,0.793229,0.112527,5.839458,7.381324,-0.676394,-0.064191,-0.409370,0.793229,-0.450208,0.120340,0.535118,0.709591,0.466014,-20.241001,-19.552000,-35.613003,NaN,-0.168913,true,Self-supervised model,0.156027,2.064000,7.274380,3.524409,0.000000,0.000000,1.263688,1.117868,true,false
2026-04-17T14:36:36.296159,0.902238,-0.142307,-0.285602,106.364,E,1,0.913392,1,0.913392,0.917157,1.583051,0.469661,0.368707,5.817910,7.623138,-0.426826,-0.059473,-0.186720,0.469661,-0.471588,0.145386,0.585820,0.765975,0.493490,-20.241001,-19.552000,-35.613003,NaN,-0.172665,true,Self-supervised model,0.155766,2.073000,7.400544,3.569968,0.000000,0.000000,1.952807,0.613155,true,false
2026-04-17T14:36:36.302641,0.902238,-0.142307,-0.288209,106.513,E,1,0.913392,1,0.913392,0.800547,1.573750,0.188342,0.620098,5.805939,7.850587,-0.181957,-0.043957,0.020785,0.188342,-0.483805,0.177762,0.620639,0.806759,0.515429,-20.241001,-19.552000,-35.613003,NaN,-0.176890,true,Self-supervised model,0.179536,2.080000,7.549893,3.629756,0.000000,0.000000,4.250493,0.233455,true,false
2026-04-17T14:36:36.313066,0.902238,-0.142307,-0.291215,106.685,E,1,0.913392,1,0.913392,0.710082,1.561204,0.235144,0.864307,5.734113,8.061277,0.056446,-0.087339,0.210899,0.235144,-0.486860,0.216857,0.633467,0.827853,0.532972,-21.702002,-16.291000,-34.888000,NaN,-0.181494,true,Self-supervised model,0.166611,2.090000,7.722131,3.694799,0.000000,0.000000,3.019774,0.284041,true,false
2026-04-17T14:36:36.318618,0.902238,-0.142307,-0.294597,106.879,E,1,0.913392,1,0.913392,0.666736,1.547425,0.439170,1.012747,5.698200,8.250419,0.200532,-0.094362,0.379148,0.439170,-0.485027,0.248622,0.629802,0.832895,0.545036,-21.702002,-16.291000,-34.888000,NaN,-0.186379,true,Self-supervised model,0.135951,2.096000,7.915900,3.776670,0.000000,0.000000,1.518174,0.527281,true,false
2026-04-17T14:36:36.326345,0.902238,-0.142307,-0.298298,107.091,E,1,0.913392,1,0.913392,0.656619,1.533793,0.603501,1.127669,5.614403,8.386889,0.312556,-0.148757,0.494362,0.603501,-0.472199,0.291994,0.612698,0.826820,0.555186,-21.702002,-16.291000,-34.888000,NaN,-0.191358,true,Self-supervised model,0.143275,2.104000,8.127966,3.863102,0.000000,0.000000,1.088016,0.729907,true,false
2026-04-17T14:36:36.334889,0.902238,-0.142307,-0.302256,107.318,E,1,0.913392,1,0.913392,0.667216,1.521130,0.722848,1.182736,5.521029,8.501810,0.364580,-0.211431,0.587271,0.722848,-0.447764,0.339641,0.587652,0.813132,0.562004,-21.702002,-16.291000,-34.888000,NaN,-0.196343,true,Self-supervised model,0.155000,2.112000,8.354752,3.955848,0.000000,0.000000,0.923037,0.888967,true,false
2026-04-17T14:36:36.342708,0.902238,-0.142307,-0.306439,107.558,E,1,0.913392,1,0.913392,0.679538,1.509466,0.744234,1.173159,5.470751,8.549694,0.353179,-0.230837,0.613076,0.744234,-0.426384,0.381180,0.567494,0.805699,0.571928,-21.702002,-16.291000,-34.888000,NaN,-0.201427,true,Self-supervised model,0.156075,2.120000,8.594433,4.053978,0.000000,0.000000,0.913071,0.923712,true,false
2026-04-17T14:36:36.350693,0.902238,-0.142307,-0.310802,107.808,E,1,0.913392,1,0.913392,0.684780,1.498479,0.712296,1.046266,5.453991,8.597578,0.226426,-0.217459,0.639381,0.712296,-0.409280,0.406225,0.560163,0.803935,0.576653,-21.702002,-16.291000,-34.888000,NaN,-0.206508,true,Self-supervised model,0.152811,2.128000,8.844407,4.156206,0.000000,0.000000,0.961370,0.886011,true,false
2026-04-17T14:36:36.358342,0.902238,-0.142307,-0.315297,108.065,E,1,0.913392,1,0.913392,0.688658,1.488086,0.709019,0.876278,5.451597,8.659827,0.058354,-0.190351,0.680491,0.709019,-0.392175,0.429438,0.566883,0.812142,0.581566,-21.702002,-16.291000,-34.888000,NaN,-0.211530,true,Self-supervised model,0.152426,2.136000,9.101930,4.261203,0.000000,0.000000,0.971283,0.873023,true,false
2026-04-17T14:36:36.366502,0.902238,-0.142307,-0.319893,108.329,E,1,0.913392,1,0.913392,0.689219,1.478131,0.692168,0.687136,5.506664,8.671799,-0.127882,-0.106468,0.671868,0.692168,-0.368352,0.450208,0.597426,0.833839,0.581696,-21.702002,-16.291000,-34.888000,NaN,-0.216535,true,Self-supervised model,0.151517,2.144000,9.365299,4.368143,0.000000,0.000000,0.995740,0.830097,true,false
2026-04-17T14:36:36.374939,0.902238,-0.142307,-0.324605,108.599,E,1,0.913392,1,0.913392,0.692023,1.468687,0.706744,0.567426,5.513846,8.678981,-0.244486,-0.071414,0.659252,0.706744,-0.351858,0.461203,0.634689,0.859850,0.580097,-21.702002,-16.291000,-34.888000,NaN,-0.221708,true,Self-supervised model,0.152728,2.152000,9.635278,4.477360,0.000000,0.000000,0.979171,0.821938,true,false
2026-04-17T14:36:36.384377,0.902238,-0.142307,-0.329473,108.877,E,1,0.913392,1,0.913392,0.695150,1.459745,0.711567,0.521936,5.492299,8.686164,-0.287960,-0.065773,0.647365,0.711567,-0.326202,0.453873,0.705549,0.900116,0.558935,-21.702002,-16.291000,-34.888000,NaN,-0.227197,true,Self-supervised model,0.153620,2.162000,9.914162,4.585644,0.000000,0.000000,0.976928,0.790529,true,false
2026-04-17T14:36:36.390275,0.902238,-0.142307,-0.334557,109.169,E,1,0.913392,1,0.913392,0.694702,1.451144,0.692349,0.562637,5.449203,8.698134,-0.248280,-0.082186,0.641054,0.692349,-0.311541,0.423330,0.765414,0.928507,0.525610,-21.702002,-16.291000,-34.888000,NaN,-0.233148,true,Self-supervised model,0.147961,2.167000,10.205454,4.709485,0.000000,0.000000,1.003398,0.745659,true,false
2026-04-17T14:36:36.398608,0.902238,-0.142307,-0.339929,109.477,E,1,0.913392,1,0.913392,0.679765,1.442288,0.601344,0.711078,5.456386,8.664616,-0.105516,-0.048562,0.590019,0.601344,-0.306043,0.378736,0.823446,0.956644,0.486933,-21.702002,-16.291000,-34.888000,NaN,-0.239675,true,Self-supervised model,0.143891,2.176000,10.513281,4.831471,0.000000,0.000000,1.130409,0.628597,true,false
2026-04-17T14:36:36.406556,0.902238,-0.142307,-0.345647,109.804,E,1,0.913392,1,0.913392,0.666702,1.433265,0.598120,0.885855,5.449203,8.686164,0.058171,-0.029073,0.594574,0.598120,-0.309098,0.336587,0.860709,0.974501,0.456982,-21.702002,-16.291000,-34.888000,NaN,-0.246771,true,Self-supervised model,0.143082,2.184000,10.840856,4.963762,0.000000,0.000000,1.114662,0.613770,true,false
2026-04-17T14:36:36.414435,0.902238,-0.142307,-0.351738,110.153,E,1,0.913392,1,0.913392,0.653892,1.424090,0.586642,1.106121,5.406107,8.631097,0.262318,-0.044938,0.522799,0.586642,-0.320093,0.300546,0.896139,0.997924,0.439076,-21.702002,-16.291000,-34.888000,NaN,-0.254356,true,Self-supervised model,0.142317,2.192000,11.189841,5.104854,0.000000,0.000000,1.114635,0.587863,true,false
2026-04-17T14:36:36.422191,0.902238,-0.142307,-0.358205,110.524,E,1,0.913392,1,0.913392,0.652091,1.415210,0.642632,1.359907,5.377377,8.530540,0.496586,-0.045401,0.405360,0.642632,-0.342085,0.291994,0.901026,1.007040,0.449758,-21.702002,-16.291000,-34.888000,NaN,-0.262331,true,Self-supervised model,0.147102,2.199000,11.560408,5.257121,0.000000,0.000000,1.014718,0.638139,true,false
2026-04-17T14:36:36.430961,0.902238,-0.142307,-0.365033,110.915,E,1,0.913392,1,0.913392,0.673300,1.407534,0.784648,1.601721,5.310339,8.446744,0.718754,-0.082470,0.303749,0.784648,-0.381791,0.306654,0.880257,1.007300,0.489695,-21.702002,-16.291000,-34.888000,NaN,-0.270600,true,Self-supervised model,0.160737,2.208000,11.951618,5.412871,0.000000,0.000000,0.858091,0.778962,true,false
2026-04-17T14:36:36.438912,0.902238,-0.142307,-0.372131,111.322,E,1,0.913392,1,0.913392,0.709721,1.401621,0.900934,1.762132,5.272032,8.410830,0.861585,-0.088068,0.248188,0.900934,-0.411723,0.338419,0.847881,1.001472,0.532957,-21.702002,-16.291000,-34.888000,NaN,-0.278779,true,Self-supervised model,0.168188,2.216000,12.358319,5.576859,0.000000,0.000000,0.787761,0.899610,true,false
2026-04-17T14:36:36.446537,0.902238,-0.142307,-0.379391,111.738,E,1,0.913392,1,0.913392,0.755554,1.397778,0.996174,1.865083,5.154716,8.434772,0.949138,-0.169611,0.250461,0.996174,-0.463036,0.389732,0.786794,0.992642,0.605222,-21.702002,-16.291000,-34.888000,NaN,-0.286684,true,Self-supervised model,0.173531,2.224000,12.774261,5.743822,0.000000,0.000000,0.758456,1.003557,true,false
2026-04-17T14:36:36.454474,0.902238,-0.142307,-0.386713,112.157,E,1,0.913392,1,0.913392,0.787953,1.395385,0.958047,1.814805,5.087678,8.513782,0.885907,-0.198300,0.306104,0.958047,-0.490525,0.437990,0.734260,0.985692,0.657609,-21.702002,-16.291000,-34.888000,NaN,-0.294257,true,Self-supervised model,0.168312,2.232000,13.193795,5.911198,0.000000,0.000000,0.822457,0.971954,true,false
2026-04-17T14:36:36.463815,0.902238,-0.142307,-0.394013,112.575,SE,1,0.913392,1,0.913392,0.801952,1.393648,0.875448,1.714248,5.013458,8.566454,0.774913,-0.232603,0.334389,0.875448,-0.503353,0.482584,0.690278,0.981190,0.697317,-21.702002,-16.291000,-34.888000,NaN,-0.301468,true,Self-supervised model,0.162612,2.241000,13.612051,6.074097,0.000000,0.000000,0.916047,0.892231,true,false
2026-04-17T14:36:36.471658,0.902238,-0.142307,-0.401230,112.989,SE,1,0.913392,1,0.913392,0.798104,1.391826,0.777902,1.611298,4.941632,8.561666,0.665190,-0.264094,0.304809,0.777902,-0.500299,0.522290,0.656680,0.976890,0.723246,-22.827002,-14.515000,-36.680000,NaN,-0.308350,true,Self-supervised model,0.152012,2.249000,14.025522,6.236337,0.000000,0.000000,1.025970,0.796305,true,false
2026-04-17T14:36:36.479681,0.902238,-0.142307,-0.408311,113.394,SE,1,0.913392,1,0.913392,0.779583,1.389337,0.682351,1.503559,4.869806,8.547300,0.554472,-0.295918,0.265698,0.682351,-0.489303,0.568105,0.621250,0.973710,0.749774,-22.827002,-14.515000,-36.680000,NaN,-0.314889,true,Self-supervised model,0.146138,2.257000,14.431234,6.393989,0.000000,0.000000,1.142497,0.700774,true,false
2026-04-17T14:36:36.486692,0.902238,-0.142307,-0.415230,113.791,SE,1,0.913392,1,0.913392,0.740836,1.385397,0.537412,1.328782,4.788404,8.477868,0.380610,-0.338226,0.171905,0.537412,-0.477086,0.611476,0.600481,0.980862,0.775573,-22.827002,-14.515000,-36.680000,NaN,-0.321163,true,Self-supervised model,0.136886,2.264000,14.827694,6.549335,0.000000,0.000000,1.378525,0.547897,true,false
2026-04-17T14:36:36.496934,0.902238,-0.142307,-0.421964,114.177,SE,1,0.913392,1,0.913392,0.690628,1.379606,0.427038,1.151611,4.730943,8.437167,0.207773,-0.357359,0.107176,0.427038,-0.460592,0.642630,0.587652,0.985116,0.790645,-22.827002,-14.515000,-36.680000,NaN,-0.327156,true,Self-supervised model,0.137286,2.274000,15.213533,6.690208,0.000000,0.000000,1.617252,0.433490,true,false
2026-04-17T14:36:36.502815,0.902238,-0.142307,-0.428516,114.552,SE,1,0.913392,1,0.913392,0.649191,1.372389,0.431643,1.007959,4.625597,8.362947,0.071241,-0.425614,0.009612,0.431643,-0.441045,0.658513,0.579711,0.981949,0.792565,-22.827002,-14.515000,-36.680000,NaN,-0.332978,true,Self-supervised model,0.129692,2.280000,15.588918,6.837245,0.000000,0.000000,1.504001,0.439577,true,false
2026-04-17T14:36:36.512496,0.902238,-0.142307,-0.434901,114.918,SE,1,0.913392,1,0.913392,0.629083,1.364657,0.523520,0.873884,4.496311,8.331821,-0.053123,-0.518936,-0.044236,0.523520,-0.416610,0.654237,0.581544,0.969424,0.775622,-22.827002,-14.515000,-36.680000,NaN,-0.338694,true,Self-supervised model,0.138897,2.290000,15.954735,6.967133,0.000000,0.000000,1.201641,0.540033,true,false
2026-04-17T14:36:36.518074,0.902238,-0.142307,-0.441125,115.275,SE,1,0.913392,1,0.913392,0.621867,1.356945,0.583980,0.749385,4.431667,8.288726,-0.166049,-0.549137,-0.109128,0.583980,-0.395841,0.626748,0.590096,0.947479,0.741284,-22.827002,-14.515000,-36.680000,NaN,-0.344278,true,Self-supervised model,0.139754,2.295000,16.311374,7.107352,0.000000,0.000000,1.064877,0.616352,true,false
2026-04-17T14:36:36.526324,0.902238,-0.142307,-0.447198,115.623,SE,1,0.913392,1,0.913392,0.628696,1.349815,0.664549,0.723049,4.350265,8.190564,-0.180421,-0.597545,-0.228065,0.664549,-0.386678,0.580933,0.598648,0.919447,0.697856,-22.827002,-14.515000,-36.680000,NaN,-0.349745,true,Self-supervised model,0.152337,2.304000,16.659331,7.230613,0.000000,0.000000,0.946049,0.722771,true,false
2026-04-17T14:36:36.534724,0.902238,-0.142307,-0.453139,115.963,SE,1,0.913392,1,0.913392,0.643501,1.343563,0.721230,0.706290,4.297592,8.116343,-0.186469,-0.617551,-0.322539,0.721230,-0.397673,0.544892,0.609644,0.909239,0.674575,-22.827002,-14.515000,-36.680000,NaN,-0.355158,true,Self-supervised model,0.157647,2.312000,16.999719,7.352820,0.000000,0.000000,0.892228,0.793223,true,false
2026-04-17T14:36:36.542516,0.902238,-0.142307,-0.458974,116.297,SE,1,0.913392,1,0.913392,0.668427,1.338557,0.799285,0.730232,4.189853,8.090008,-0.153492,-0.692188,-0.369017,0.799285,-0.405615,0.513738,0.631024,0.909198,0.654561,-22.827002,-14.515000,-36.680000,NaN,-0.360569,true,Self-supervised model,0.163125,2.320000,17.334042,7.471570,0.000000,0.000000,0.836281,0.879111,true,false
2026-04-17T14:36:36.550298,0.902238,-0.142307,-0.464728,116.627,SE,1,0.913392,1,0.913392,0.704185,1.335183,0.891914,0.895431,3.976769,8.659827,0.020670,-0.873038,0.181351,0.891914,-0.252287,0.616974,0.632246,0.918717,0.666563,-22.827002,-14.515000,-36.680000,NaN,-0.365998,true,Self-supervised model,0.169588,2.328000,17.663708,7.587504,0.000000,0.000000,0.789521,0.970826,true,false
2026-04-17T14:36:36.560060,0.902238,-0.142307,-0.470461,116.955,SE,1,0.913392,1,0.913392,0.739492,1.333355,0.924855,0.940921,3.938462,8.743625,0.079056,-0.886933,0.249913,0.924855,-0.141721,0.569326,0.627969,0.859397,0.586700,-22.827002,-14.515000,-36.680000,NaN,-0.371650,true,Self-supervised model,0.173572,2.337000,17.992212,7.698850,0.000000,0.000000,0.799576,1.076167,true,false
2026-04-17T14:36:36.566660,0.902238,-0.142307,-0.476205,117.285,SE,1,0.913392,1,0.913392,0.777070,1.333104,0.974357,0.869095,3.866636,8.734048,0.016882,-0.946133,0.232203,0.974357,-0.042150,0.418443,0.624304,0.752746,0.420560,-22.827002,-14.515000,-36.680000,NaN,-0.377433,true,Self-supervised model,0.174957,2.344000,18.321284,7.816247,0.000000,0.000000,0.797521,1.294403,true,false
2026-04-17T14:36:36.574440,0.902238,-0.142307,-0.481934,117.613,SE,1,0.913392,1,0.913392,0.807455,1.334078,0.966977,0.852336,3.840300,8.456321,-0.000069,-0.965718,-0.049324,0.966977,0.022602,0.299935,0.628580,0.696839,0.300785,-22.827002,-14.515000,-36.680000,NaN,-0.383104,true,Self-supervised model,0.175682,2.352000,18.649519,7.929217,0.000000,0.000000,0.835031,1.387661,true,false
2026-04-17T14:36:36.582438,0.902238,-0.142307,-0.487663,117.941,SE,1,0.913392,1,0.913392,0.843745,1.336464,1.034263,0.854730,3.813963,8.204929,-0.005517,-0.989339,-0.301459,1.034263,0.078802,0.207083,0.656680,0.693053,0.221570,-22.827002,-14.515000,-36.680000,NaN,-0.388836,true,Self-supervised model,0.180270,2.360000,18.977792,8.041437,0.000000,0.000000,0.815793,1.492330,true,false
2026-04-17T14:36:36.590324,0.902238,-0.142307,-0.493427,118.271,SE,1,0.913392,1,0.913392,0.889655,1.340592,1.130684,0.861913,3.730166,8.147469,-0.011328,-1.072459,-0.357978,1.130684,0.105680,0.185092,0.695776,0.727689,0.213137,-22.827002,-14.515000,-36.680000,NaN,-0.394737,true,Self-supervised model,0.185635,2.368000,19.308035,8.153731,0.000000,0.000000,0.786829,1.553801,true,false
2026-04-17T14:36:36.598697,0.902238,-0.142307,-0.499287,118.607,SE,1,0.913392,1,0.913392,0.960340,1.347382,1.331437,0.914585,3.648763,7.841011,0.027692,-1.154476,-0.662677,1.331437,0.117286,0.257174,0.731817,0.784506,0.282656,-22.827002,-14.515000,-36.680000,NaN,-0.400984,true,Self-supervised model,0.197381,2.376000,19.643816,8.267599,0.000000,0.000000,0.721281,1.697165,true,false
2026-04-17T14:36:36.606920,0.902238,-0.142307,-0.505295,118.951,SE,1,0.913392,1,0.913392,1.046988,1.357366,1.501890,0.998382,3.622427,7.577648,0.102170,-1.177137,-0.927137,1.501890,0.131947,0.381791,0.752586,0.854143,0.403948,-22.827002,-14.515000,-36.680000,NaN,-0.407582,true,Self-supervised model,0.204034,2.384000,19.988049,8.384249,0.000000,0.000000,0.697114,1.758360,true,false
2026-04-17T14:36:36.614815,0.902238,-0.142307,-0.511493,119.306,SE,1,0.913392,1,0.913392,1.150085,1.371075,1.691346,1.036689,3.591303,7.328651,0.138553,-1.207106,-1.176583,1.691346,0.119730,0.475864,0.764192,0.908169,0.490695,-22.827002,-14.515000,-36.680000,NaN,-0.414537,true,Self-supervised model,0.210101,2.392000,20.343131,8.504654,0.000000,0.000000,0.679982,1.862368,true,false
2026-04-17T14:36:36.622137,0.902238,-0.142307,-0.517872,119.672,SE,1,0.913392,1,0.913392,1.246080,1.388075,1.750052,1.022324,3.620033,7.218518,0.127931,-1.179581,-1.286430,1.750052,0.077580,0.499688,0.762360,0.914822,0.505674,-22.827002,-14.515000,-36.680000,NaN,-0.421645,true,Self-supervised model,0.211573,2.399000,20.708648,8.632200,0.000000,0.000000,0.712025,1.912998,true,false
2026-04-17T14:36:36.631252,0.902238,-0.142307,-0.524391,120.045,SE,1,0.913392,1,0.913392,1.328869,1.407707,1.763514,0.952892,3.694253,7.132327,0.062897,-1.103612,-1.374069,1.763514,0.011606,0.467312,0.745256,0.879728,0.467456,-22.330002,-8.932000,-39.306004,NaN,-0.428721,true,Self-supervised model,0.214816,2.408000,21.082145,8.755043,0.000000,0.000000,0.753535,2.004613,true,false
2026-04-17T14:36:36.639074,0.902238,-0.142307,-0.530995,120.424,SE,1,0.913392,1,0.913392,1.385517,1.428819,1.682918,0.847547,3.809175,7.144298,-0.040726,-0.982332,-1.365861,1.682918,-0.070250,0.388510,0.722043,0.822934,0.394810,-22.330002,-8.932000,-39.306004,NaN,-0.435668,true,Self-supervised model,0.208201,2.416000,21.460546,8.882676,0.000000,0.000000,0.823283,2.045021,true,false
2026-04-17T14:36:36.646847,0.902238,-0.142307,-0.537620,120.803,SE,1,0.913392,1,0.913392,1.421799,1.450538,1.612277,0.701501,3.897760,7.180211,-0.189585,-0.881943,-1.336290,1.612277,-0.127671,0.329256,0.702495,0.786263,0.353142,-22.330002,-8.932000,-39.306004,NaN,-0.442375,true,Self-supervised model,0.204213,2.424000,21.840134,9.009956,0.000000,0.000000,0.881858,2.050558,true,false
2026-04-17T14:36:36.654359,0.902238,-0.142307,-0.544205,121.181,SE,1,0.913392,1,0.913392,1.428078,1.471640,1.461044,0.667982,3.928885,7.347805,-0.229765,-0.833992,-1.177419,1.461044,-0.205251,0.255953,0.678060,0.753263,0.328085,-22.330002,-8.932000,-39.306004,NaN,-0.448797,true,Self-supervised model,0.195020,2.432000,22.217395,9.135442,0.000000,0.000000,0.977437,1.939619,true,false
2026-04-17T14:36:36.663696,0.902238,-0.142307,-0.550694,121.552,SE,1,0.913392,1,0.913392,1.398816,1.490727,1.245189,0.699107,3.861847,7.680599,-0.207986,-0.881491,-0.854524,1.245189,-0.214414,0.227242,0.672563,0.741588,0.312429,-22.330002,-8.932000,-39.306004,NaN,-0.454908,true,Self-supervised model,0.183957,2.441000,22.589222,9.254085,0.000000,0.000000,1.123376,1.679085,true,false
2026-04-17T14:36:36.670565,0.902238,-0.142307,-0.557072,121.918,SE,1,0.913392,1,0.913392,1.364379,1.507673,1.183588,0.878672,3.665523,8.018182,-0.037966,-1.059593,-0.526023,1.183588,-0.146608,0.249233,0.673173,0.732648,0.289155,-22.330002,-8.932000,-39.306004,NaN,-0.460840,true,Self-supervised model,0.175688,2.448000,22.954662,9.376904,0.000000,0.000000,1.152749,1.615492,true,false
2026-04-17T14:36:36.680871,0.902238,-0.142307,-0.563358,122.278,SE,1,0.913392,1,0.913392,1.341301,1.523018,1.220143,0.969652,3.507505,8.362947,0.045024,-1.204815,-0.187462,1.220143,-0.048869,0.255342,0.671952,0.720491,0.259976,-22.330002,-8.932000,-39.306004,NaN,-0.466757,true,Self-supervised model,0.182836,2.458000,23.314814,9.485278,0.000000,0.000000,1.099299,1.693489,true,false
2026-04-17T14:36:36.686580,0.902238,-0.142307,-0.569584,122.635,SE,1,0.913392,1,0.913392,1.315820,1.536730,1.182043,1.082179,3.533842,8.561666,0.149246,-1.172550,0.008893,1.182043,0.042150,0.227242,0.658513,0.697893,0.231118,-22.330002,-8.932000,-39.306004,NaN,-0.472742,true,Self-supervised model,0.173184,2.464000,23.671524,9.606950,0.000000,0.000000,1.113174,1.693732,true,false
2026-04-17T14:36:36.697405,0.902238,-0.142307,-0.575771,122.989,SE,1,0.913392,1,0.913392,1.281250,1.548511,1.099756,1.228225,3.646369,8.609550,0.285087,-1.060567,0.058198,1.099756,0.134390,0.181427,0.630413,0.669625,0.225780,-22.330002,-8.932000,-39.306004,NaN,-0.478772,true,Self-supervised model,0.175201,2.475000,24.025988,9.707470,0.000000,0.000000,1.165031,1.642348,true,false
2026-04-17T14:36:36.702456,0.902238,-0.142307,-0.581916,123.341,SE,1,0.913392,1,0.913392,1.246379,1.558426,1.063309,1.343147,3.722984,8.564059,0.388003,-0.989839,0.017282,1.063309,0.206472,0.143553,0.590096,0.641445,0.251473,-22.330002,-8.932000,-39.306004,NaN,-0.484754,true,Self-supervised model,0.165820,2.480000,24.378114,9.829885,0.000000,0.000000,1.172170,1.657679,true,false
2026-04-17T14:36:36.713119,0.902238,-0.142307,-0.587984,123.689,SE,1,0.913392,1,0.913392,1.223298,1.567021,1.102119,1.470040,3.742137,8.561666,0.502076,-0.980869,0.021955,1.102119,0.264505,0.110567,0.542448,0.613545,0.286684,-22.330002,-8.932000,-39.306004,NaN,-0.490507,true,Self-supervised model,0.174615,2.490000,24.725733,9.930013,0.000000,0.000000,1.109951,1.796312,true,false
2026-04-17T14:36:36.718359,0.902238,-0.142307,-0.593928,124.030,SE,1,0.913392,1,0.913392,1.211780,1.574811,1.151312,1.577779,3.751714,8.547300,0.595872,-0.984975,0.016766,1.151312,0.299935,0.058032,0.496023,0.582552,0.305497,-22.330002,-8.932000,-39.306004,NaN,-0.495961,true,Self-supervised model,0.171282,2.496000,25.066329,10.042600,0.000000,0.000000,1.052521,1.976325,true,false
2026-04-17T14:36:36.726245,0.902238,-0.142307,-0.599696,124.360,SE,1,0.913392,1,0.913392,1.198559,1.581761,1.129146,1.596933,3.787627,8.556877,0.595480,-0.958759,0.034007,1.129146,0.332922,-0.036041,0.435547,0.549397,0.334867,-22.330002,-8.932000,-39.306004,NaN,-0.501025,true,Self-supervised model,0.173781,2.503000,25.396830,10.146556,0.000000,0.000000,1.061473,2.055247,true,false
2026-04-17T14:36:36.735134,0.902238,-0.142307,-0.605263,124.679,SE,1,0.913392,1,0.913392,1.164980,1.587090,0.988694,1.515530,3.900155,8.583213,0.489038,-0.856499,0.069051,0.988694,0.354302,-0.147829,0.383623,0.542725,0.383905,-22.330002,-8.932000,-39.306004,NaN,-0.505783,true,Self-supervised model,0.165998,2.512000,25.715763,10.237167,0.000000,0.000000,1.178302,1.821723,true,false
2026-04-17T14:36:36.742482,0.902238,-0.142307,-0.610582,124.984,SE,1,0.913392,1,0.913392,1.113695,1.590154,0.844446,1.462857,4.039018,8.554482,0.409111,-0.736725,0.054348,0.844446,0.364687,-0.230296,0.351858,0.556630,0.431315,-22.330002,-8.932000,-39.306004,NaN,-0.510112,true,Self-supervised model,0.156623,2.520000,26.020516,10.325601,0.000000,0.000000,1.318847,1.517068,true,false
2026-04-17T14:36:36.750648,0.902238,-0.142307,-0.615601,125.271,SE,1,0.913392,1,0.913392,1.054362,1.590722,0.742863,1.501164,4.182671,8.422802,0.415932,-0.612321,-0.062521,0.742863,0.346971,-0.282831,0.322537,0.551736,0.447641,-22.330002,-8.932000,-39.306004,NaN,-0.513932,true,Self-supervised model,0.152817,2.528000,26.308092,10.406682,0.000000,0.000000,1.419321,1.346412,true,false
2026-04-17T14:36:36.758114,0.902238,-0.142307,-0.620330,125.542,SE,1,0.913392,1,0.913392,1.016726,1.589762,0.819140,1.613692,4.216189,8.207323,0.495883,-0.596186,-0.263919,0.819140,0.300546,-0.278555,0.294437,0.504592,0.409781,-22.330002,-8.932000,-39.306004,NaN,-0.517501,true,Self-supervised model,0.156501,2.535000,26.579047,10.484831,0.000000,0.000000,1.241212,1.623370,true,false
2026-04-17T14:36:36.766410,0.902238,-0.142307,-0.624771,125.797,SE,1,0.913392,1,0.913392,1.004925,1.588369,0.942966,1.707066,4.230555,7.977480,0.555179,-0.586927,-0.486290,0.942966,0.217468,-0.214414,0.257174,0.399255,0.305394,-22.330002,-8.932000,-39.306004,NaN,-0.520789,true,Self-supervised model,0.168271,2.544000,26.833489,10.547755,0.000000,0.000000,1.065706,2.361817,true,false
2026-04-17T14:36:36.775070,0.902238,-0.142307,-0.628955,126.036,SE,1,0.913392,1,0.913392,1.021208,1.587682,1.106694,1.810017,4.192247,7.800309,0.630915,-0.626389,-0.659056,1.106694,0.133169,-0.117286,0.221133,0.283531,0.177454,-22.330002,-8.932000,-39.306004,NaN,-0.523946,true,Self-supervised model,0.184311,2.552000,27.073221,10.608629,0.000000,0.000000,0.922756,3.903255,true,false
2026-04-17T14:36:36.782403,0.902238,-0.142307,-0.632851,126.260,SE,1,0.913392,1,0.913392,1.051485,1.588235,1.210442,1.867477,4.144363,7.706935,0.670591,-0.671084,-0.751748,1.210442,0.027489,0.024435,0.174707,0.178537,0.036779,-22.330002,-8.932000,-39.306004,NaN,-0.526688,true,Self-supervised model,0.198630,2.560000,27.296423,10.662665,0.000000,0.000000,0.868679,6.779791,true,false
2026-04-17T14:36:36.790715,0.902238,-0.142307,-0.636419,126.464,SE,1,0.913392,1,0.913392,1.082138,1.589991,1.243063,1.836353,4.115633,7.651869,0.637683,-0.696217,-0.808609,1.243063,-0.049480,0.121562,0.137445,0.190044,0.131246,-18.991001,-5.499000,-42.577003,NaN,-0.528947,true,Self-supervised model,0.199885,2.568000,27.500874,10.709063,0.000000,0.000000,0.870541,6.540927,true,false
2026-04-17T14:36:36.798683,0.902238,-0.142307,-0.639563,126.644,SE,1,0.913392,1,0.913392,1.093903,1.592147,1.155669,1.731008,4.103662,7.721301,0.539996,-0.698343,-0.745850,1.155669,-0.182649,0.237627,0.071471,0.308115,0.299711,-18.991001,-5.499000,-42.577003,NaN,-0.530396,true,Self-supervised model,0.185519,2.576000,27.681032,10.745742,0.000000,0.000000,0.946553,3.750768,true,false
2026-04-17T14:36:36.806795,0.902238,-0.142307,-0.642250,126.798,SE,1,0.913392,1,0.913392,1.073932,1.593419,0.969086,1.584962,4.146757,7.874529,0.407691,-0.639168,-0.603639,0.969086,-0.263894,0.263283,0.036041,0.374509,0.372770,-18.991001,-5.499000,-42.577003,NaN,-0.531253,true,Self-supervised model,0.171575,2.584000,27.834985,10.772053,0.000000,0.000000,1.108191,2.587619,true,false
2026-04-17T14:36:36.814388,0.902238,-0.142307,-0.644462,126.925,SE,1,0.913392,1,0.913392,1.011169,1.592129,0.681661,1.328782,4.211401,8.130709,0.166817,-0.553300,-0.361514,0.681661,-0.342085,0.232129,0.009774,0.413523,0.413407,-18.991001,-5.499000,-42.577003,NaN,-0.531563,true,Self-supervised model,0.155085,2.592000,27.961700,10.787693,0.000000,0.000000,1.483390,1.648423,true,false
2026-04-17T14:36:36.822562,0.902238,-0.142307,-0.646213,127.025,SE,1,0.913392,1,0.913392,0.926780,1.587515,0.483743,1.096544,4.268862,8.406042,-0.052546,-0.469837,-0.102467,0.483743,-0.404393,0.169821,0.000611,0.438603,0.438603,-18.991001,-5.499000,-42.577003,NaN,-0.531475,true,Self-supervised model,0.151783,2.600000,28.062062,10.793101,0.000000,0.000000,1.915854,1.102916,true,false
2026-04-17T14:36:36.830760,0.902238,-0.142307,-0.647544,127.102,SE,1,0.913392,1,0.913392,0.863059,1.580536,0.528519,0.921768,4.244920,8.652645,-0.218391,-0.464337,0.126606,0.528519,-0.433714,0.121562,0.015882,0.450708,0.450428,-18.991001,-5.499000,-42.577003,NaN,-0.531123,true,Self-supervised model,0.149252,2.608000,28.138317,10.789232,0.000000,0.000000,1.632975,1.172642,true,false
2026-04-17T14:36:36.839015,0.902238,-0.142307,-0.648529,127.158,SE,1,0.913392,1,0.913392,0.830594,1.572539,0.660155,0.818817,4.165911,8.822633,-0.319437,-0.507256,0.276506,0.660155,-0.433714,0.111177,0.037874,0.449336,0.447737,-18.991001,-5.499000,-42.577003,NaN,-0.530725,true,Self-supervised model,0.154512,2.616000,28.194759,10.777813,0.000000,0.000000,1.258180,1.469178,true,false
2026-04-17T14:36:36.847991,0.902238,-0.142307,-0.649307,127.203,SE,1,0.913392,1,0.913392,0.826043,1.564679,0.802147,0.758962,4.036624,8.942344,-0.377069,-0.599908,0.375991,0.802147,-0.400117,0.135001,0.073304,0.428593,0.422278,-18.991001,-5.499000,-42.577003,NaN,-0.530672,true,Self-supervised model,0.165903,2.625000,28.239311,10.757833,0.000000,0.000000,1.029789,1.871581,true,false
2026-04-17T14:36:36.854302,0.902238,-0.142307,-0.649958,127.240,SE,1,0.913392,1,0.913392,0.850183,1.558099,0.976922,0.746991,3.845088,9.071630,-0.384164,-0.755757,0.485415,0.976922,-0.339641,0.188757,0.105069,0.402523,0.388568,-18.991001,-5.499000,-42.577003,NaN,-0.530818,true,Self-supervised model,0.179714,2.632000,28.276628,10.743400,0.000000,0.000000,0.870267,2.426997,true,false
2026-04-17T14:36:36.862455,0.902238,-0.142307,-0.650562,127.274,SE,1,0.913392,1,0.913392,0.887861,1.553290,1.085669,0.725443,3.706224,9.133880,-0.397143,-0.861089,0.528658,1.085669,-0.266337,0.232129,0.131947,0.377133,0.353298,-18.991001,-5.499000,-42.577003,NaN,-0.531234,true,Self-supervised model,0.187911,2.640000,28.311240,10.723954,0.000000,0.000000,0.817801,2.878743,true,false
2026-04-17T14:36:36.870330,0.902238,-0.142307,-0.651184,127.310,SE,1,0.913392,1,0.913392,0.920818,1.549991,1.093840,0.684742,3.653552,9.107543,-0.425866,-0.883300,0.484672,1.093840,-0.201586,0.262672,0.150884,0.363867,0.331109,-18.991001,-5.499000,-42.577003,NaN,-0.531924,true,Self-supervised model,0.188090,2.648000,28.346843,10.705001,0.000000,0.000000,0.841821,3.006153,true,false
2026-04-17T14:36:36.878444,0.902238,-0.142307,-0.651863,127.349,SE,1,0.913392,1,0.913392,0.940831,1.547624,1.045900,0.622492,3.653552,9.009381,-0.473417,-0.855955,0.370300,1.045900,-0.136834,0.285274,0.172264,0.360249,0.316393,-18.991001,-5.499000,-42.577003,NaN,-0.532834,true,Self-supervised model,0.184515,2.656000,28.385747,10.687405,0.000000,0.000000,0.899542,2.903265,true,false
2026-04-17T14:36:36.886458,0.902238,-0.142307,-0.652623,127.393,SE,1,0.913392,1,0.913392,0.962641,1.546225,1.077142,0.452504,3.646369,8.906430,-0.626253,-0.839153,0.252716,1.077142,-0.072082,0.302378,0.203418,0.371493,0.310851,-18.991001,-5.499000,-42.577003,NaN,-0.533921,true,Self-supervised model,0.186176,2.664000,28.429326,10.671669,0.000000,0.000000,0.893699,2.899491,true,false
2026-04-17T14:36:36.895068,0.902238,-0.142307,-0.653486,127.442,SE,1,0.913392,1,0.913392,0.985378,1.545791,1.104750,0.289698,3.691859,8.834604,-0.770386,-0.773730,0.168283,1.104750,-0.002443,0.293215,0.255342,0.388819,0.293225,-18.991001,-5.499000,-42.577003,NaN,-0.535193,true,Self-supervised model,0.187458,2.672000,28.478767,10.658221,0.000000,0.000000,0.891947,2.841293,true,false
2026-04-17T14:36:36.902762,0.902238,-0.142307,-0.654487,127.499,SE,1,0.913392,1,0.913392,1.008812,1.546312,1.131840,0.186748,3.720589,8.801085,-0.856189,-0.729676,0.124806,1.131840,0.065363,0.252287,0.315206,0.408994,0.260617,-18.991001,-5.499000,-42.577003,NaN,-0.536743,true,Self-supervised model,0.188489,2.680000,28.536083,10.647792,0.000000,0.000000,0.891302,2.767375,true,false
2026-04-17T14:36:36.912355,0.902238,-0.142307,-0.655696,127.569,SE,1,0.913392,1,0.913392,1.027673,1.547566,1.126692,0.141258,3.749320,8.729259,-0.889152,-0.690447,0.046109,1.126692,0.147219,0.168599,0.403171,0.461135,0.223828,-18.991001,-5.499000,-42.577003,NaN,-0.538788,true,Self-supervised model,0.187334,2.690000,28.605369,10.633966,0.000000,0.000000,0.912115,2.443300,true,false
2026-04-17T14:36:36.918672,0.902238,-0.142307,-0.657200,127.655,SE,1,0.913392,1,0.913392,1.035403,1.549080,1.075984,0.201113,3.768473,8.609550,-0.833120,-0.677306,-0.070070,1.075984,0.232129,0.075747,0.492357,0.549579,0.244175,-18.991001,-5.499000,-42.577003,NaN,-0.541470,true,Self-supervised model,0.181161,2.696000,28.691530,10.642259,0.000000,0.000000,0.962284,1.957833,true,false
2026-04-17T14:36:36.926256,0.902238,-0.142307,-0.659194,127.769,SE,1,0.913392,1,0.913392,1.044921,1.550913,1.094895,0.335188,3.665523,8.415619,-0.711943,-0.791177,-0.256851,1.094895,0.299324,0.004887,0.563218,0.637835,0.299364,-18.991001,-5.499000,-42.577003,NaN,-0.545428,true,Self-supervised model,0.180483,2.703000,28.805812,10.656978,0.000000,0.000000,0.954358,1.716581,true,false
2026-04-17T14:36:36.934444,0.902238,-0.142307,-0.661746,127.915,SE,1,0.913392,1,0.913392,1.059949,1.553275,1.138841,0.553061,3.586514,8.164227,-0.514740,-0.885543,-0.497810,1.138841,0.354913,-0.051313,0.615752,0.712563,0.358603,-18.991001,-5.499000,-42.577003,NaN,-0.550209,true,Self-supervised model,0.181573,2.712000,28.952027,10.675526,0.000000,0.000000,0.930726,1.598231,true,false
2026-04-17T14:36:36.945400,0.902238,-0.142307,-0.664888,128.095,SE,1,0.913392,1,0.913392,1.096247,1.556994,1.286815,0.768539,3.521871,7.867347,-0.325869,-0.968824,-0.781718,1.286815,0.394619,-0.103236,0.655458,0.772015,0.407899,-18.991001,-5.499000,-42.577003,NaN,-0.555712,true,Self-supervised model,0.189431,2.723000,29.132058,10.698516,0.000000,0.000000,0.851907,1.666826,true,false
2026-04-17T14:36:36.951378,0.902238,-0.142307,-0.668607,128.308,SE,1,0.913392,1,0.913392,1.152448,1.562812,1.447505,0.866701,3.572149,7.560889,-0.253117,-0.932897,-1.077453,1.447505,0.398284,-0.117286,0.665232,0.784168,0.415194,-19.949001,-5.186000,-41.704002,NaN,-0.561739,true,Self-supervised model,0.192805,2.729000,29.345144,10.753076,0.000000,0.000000,0.796162,1.845911,true,false
2026-04-17T14:36:36.958314,0.902238,-0.142307,-0.672784,128.548,SE,1,0.913392,1,0.913392,1.212615,1.570804,1.528489,0.890643,3.708618,7.357382,-0.256691,-0.812539,-1.268924,1.528489,0.370795,-0.076969,0.668897,0.768659,0.378699,-19.949001,-5.186000,-41.704002,NaN,-0.567745,true,Self-supervised model,0.197554,2.736000,29.584437,10.813025,0.000000,0.000000,0.793342,1.988512,true,false
2026-04-17T14:36:36.966937,0.902238,-0.142307,-0.677364,128.810,SE,1,0.913392,1,0.913392,1.275560,1.580994,1.606023,0.852336,3.900155,7.175423,-0.320683,-0.637329,-1.438848,1.606023,0.327424,0.006720,0.671341,0.746961,0.327493,-19.949001,-5.186000,-41.704002,NaN,-0.573941,true,Self-supervised model,0.203254,2.744000,29.846875,10.877141,0.000000,0.000000,0.794235,2.150077,true,false
2026-04-17T14:36:36.974920,0.902238,-0.142307,-0.682288,129.092,SE,1,0.913392,1,0.913392,1.315421,1.592371,1.524693,0.742203,4.067749,7.230489,-0.452330,-0.484215,-1.373179,1.524693,0.276111,0.084910,0.684169,0.742654,0.288872,-19.949001,-5.186000,-41.704002,NaN,-0.580238,true,Self-supervised model,0.197313,2.752000,30.128982,10.948031,0.000000,0.000000,0.862745,2.053033,true,false
2026-04-17T14:36:36.982439,0.902238,-0.142307,-0.687511,129.391,SE,1,0.913392,1,0.913392,1.316025,1.603318,1.319193,0.648829,4.228160,7.450756,-0.564264,-0.334920,-1.144423,1.319193,0.228464,0.106901,0.720821,0.763680,0.252237,-19.949001,-5.186000,-41.704002,NaN,-0.586657,true,Self-supervised model,0.185074,2.760000,30.428226,11.024720,0.000000,0.000000,0.997598,1.727417,true,false
2026-04-17T14:36:36.990096,0.902238,-0.142307,-0.692998,129.706,SE,1,0.913392,1,0.913392,1.287589,1.612688,1.138298,0.641646,4.335899,7.644686,-0.591862,-0.234741,-0.943567,1.138298,0.194866,0.068417,0.768468,0.795737,0.206528,-19.949001,-5.186000,-41.704002,NaN,-0.593204,true,Self-supervised model,0.174148,2.767000,30.742644,11.110460,0.000000,0.000000,1.131152,1.430495,true,false
2026-04-17T14:36:36.998962,0.902238,-0.142307,-0.698764,130.036,SE,1,0.913392,1,0.913392,1.229828,1.619374,0.926586,0.758962,4.364630,7.831434,-0.500910,-0.210657,-0.750516,0.926586,0.163712,-0.017715,0.827112,0.843344,0.164668,-19.949001,-5.186000,-41.704002,NaN,-0.600082,true,Self-supervised model,0.163133,2.776000,31.072993,11.193441,0.000000,0.000000,1.327268,1.098705,true,false
2026-04-17T14:36:37.006482,0.902238,-0.142307,-0.704839,130.384,SE,1,0.913392,1,0.913392,1.150664,1.622626,0.735052,0.981623,4.335899,7.955932,-0.312801,-0.241229,-0.619892,0.735052,0.138666,-0.130114,0.875981,0.896382,0.190153,-19.949001,-5.186000,-41.704002,NaN,-0.607392,true,Self-supervised model,0.152288,2.784000,31.421046,11.286295,0.000000,0.000000,1.565418,0.820021,true,false
2026-04-17T14:36:37.014348,0.902238,-0.142307,-0.711247,130.751,SE,1,0.913392,1,0.913392,1.068698,1.622468,0.638379,1.335965,4.242526,8.025364,-0.002457,-0.334031,-0.544008,0.638379,0.108123,-0.238848,0.902248,0.939569,0.262181,-19.949001,-5.186000,-41.704002,NaN,-0.615135,true,Self-supervised model,0.147033,2.792000,31.788208,11.385461,0.000000,0.000000,1.674081,0.679438,true,false
2026-04-17T14:36:37.022135,0.902238,-0.142307,-0.717995,131.138,SE,1,0.913392,1,0.913392,1.012919,1.620086,0.720078,1.687912,4.163517,8.051701,0.298698,-0.409481,-0.511486,0.720078,0.067806,-0.298713,0.904691,0.955141,0.306312,-19.949001,-5.186000,-41.704002,NaN,-0.623240,true,Self-supervised model,0.147679,2.799000,32.174818,11.495112,0.000000,0.000000,1.406679,0.753898,true,false
2026-04-17T14:36:37.030680,0.902238,-0.142307,-0.725031,131.541,SE,1,0.913392,1,0.913392,1.010335,1.617696,0.996765,2.106898,4.012682,8.061277,0.663787,-0.553367,-0.496702,0.996765,0.021991,-0.307265,0.893085,0.944720,0.308051,-19.949001,-5.186000,-41.704002,NaN,-0.631432,true,Self-supervised model,0.164970,2.808000,32.577979,11.601844,0.000000,0.000000,1.013613,1.055090,true,false
2026-04-17T14:36:37.038815,0.902238,-0.142307,-0.732285,131.957,SE,1,0.913392,1,0.913392,1.044954,1.616787,1.226708,2.463634,3.907337,8.173804,0.969363,-0.648005,-0.381101,1.226708,-0.017104,-0.233961,0.858877,0.890337,0.234586,-19.949001,-5.186000,-41.704002,NaN,-0.639554,true,Self-supervised model,0.179482,2.816000,32.993580,11.716470,0.000000,0.000000,0.851836,1.377802,true,false
2026-04-17T14:36:37.046284,0.902238,-0.142307,-0.739651,132.379,SE,1,0.913392,1,0.913392,1.102602,1.618219,1.405255,2.695871,3.790021,8.291121,1.157619,-0.751959,-0.263093,1.405255,-0.031154,-0.144164,0.830777,0.843768,0.147492,-19.949001,-5.186000,-41.704002,NaN,-0.647373,true,Self-supervised model,0.187989,2.824000,33.415662,11.832741,0.000000,0.000000,0.784628,1.665453,true,false
2026-04-17T14:36:37.054330,0.902238,-0.142307,-0.747039,132.802,SE,1,0.913392,1,0.913392,1.162080,1.621974,1.474336,2.810793,3.742137,8.427590,1.240180,-0.786987,-0.127560,1.474336,-0.025656,0.052534,0.778853,0.781044,0.058465,-19.949001,-5.186000,-41.704002,NaN,-0.654842,true,Self-supervised model,0.193652,2.832000,33.838916,11.948770,0.000000,0.000000,0.788206,1.887646,true,false
2026-04-17T14:36:37.063236,0.902238,-0.142307,-0.754364,133.222,SE,1,0.913392,1,0.913392,1.204182,1.627262,1.425222,2.770091,3.718195,8.588001,1.179782,-0.799036,0.030202,1.425222,-0.004887,0.241292,0.736704,0.775227,0.241341,-19.949001,-5.186000,-41.704002,NaN,-0.661919,true,Self-supervised model,0.188667,2.840000,34.258617,12.062893,0.000000,0.000000,0.844909,1.838456,true,false
2026-04-17T14:36:37.070388,0.902238,-0.142307,-0.761576,133.635,SE,1,0.913392,1,0.913392,1.220020,1.632972,1.303170,2.614468,3.713407,8.743625,1.017473,-0.793708,0.181737,1.303170,0.027489,0.408669,0.696386,0.807911,0.409592,-19.949001,-5.186000,-41.704002,NaN,-0.668679,true,Self-supervised model,0.178082,2.848000,34.671843,12.174102,0.000000,0.000000,0.936194,1.613012,true,false
2026-04-17T14:36:37.078280,0.902238,-0.142307,-0.768640,134.040,SE,1,0.913392,1,0.913392,1.215741,1.638283,1.193276,2.485181,3.758897,8.848969,0.892459,-0.740180,0.282061,1.193276,0.056810,0.541837,0.659734,0.855608,0.544808,-19.949001,-5.186000,-41.704002,NaN,-0.675152,true,Self-supervised model,0.169998,2.856000,35.076590,12.281719,0.000000,0.000000,1.018827,1.394653,true,false
2026-04-17T14:36:37.085968,0.902238,-0.142307,-0.775537,134.435,SE,1,0.913392,1,0.913392,1.191523,1.642413,1.064376,2.351106,3.801992,8.815451,0.772364,-0.690961,0.242743,1.064376,0.069028,0.642630,0.631024,0.903288,0.646327,-19.949001,-5.186000,-41.704002,NaN,-0.681379,true,Self-supervised model,0.161438,2.863000,35.471750,12.389714,0.000000,0.000000,1.119456,1.178335,true,false
2026-04-17T14:36:37.095314,0.902238,-0.142307,-0.782252,134.820,SE,1,0.913392,1,0.913392,1.153815,1.644869,0.955847,2.157176,3.754108,8.700529,0.600633,-0.733643,0.121038,0.955847,0.077580,0.760527,0.598037,0.970602,0.764474,-19.949001,-5.186000,-41.704002,NaN,-0.687369,true,Self-supervised model,0.156526,2.873000,35.856517,12.480514,0.000000,0.000000,1.207113,0.984797,true,false
2026-04-17T14:36:37.102310,0.902238,-0.142307,-0.788768,135.193,SE,1,0.913392,1,0.913392,1.117446,1.645772,0.926513,1.982399,3.677494,8.573636,0.456951,-0.805875,-0.013727,0.926513,0.080634,0.879035,0.571159,1.051393,0.882726,-19.949001,-5.186000,-41.704002,NaN,-0.693085,true,Self-supervised model,0.149401,2.880000,36.229837,12.579804,0.000000,0.000000,1.206078,0.881224,true,false
2026-04-17T14:36:37.112663,0.902238,-0.142307,-0.795074,135.554,SE,1,0.913392,1,0.913392,1.096421,1.645798,0.986039,1.850718,3.584120,8.403648,0.365230,-0.895398,-0.192724,0.986039,0.081245,0.967000,0.555277,1.118043,0.970407,-19.949001,-5.186000,-41.704002,NaN,-0.698553,true,Self-supervised model,0.156883,2.890000,36.591146,12.661296,0.000000,0.000000,1.111945,0.881933,true,false
2026-04-17T14:36:37.118428,0.902238,-0.142307,-0.801170,135.904,SE,1,0.913392,1,0.913392,1.084526,1.645347,1.022074,1.754950,3.543418,8.334216,0.317626,-0.932559,-0.272183,1.022074,0.073304,1.070236,0.536340,1.199349,1.072743,-20.479000,-3.555000,-38.182003,NaN,-0.703810,true,Self-supervised model,0.150513,2.896000,36.940430,12.755673,0.000000,0.000000,1.061103,0.852190,true,false
2026-04-17T14:36:37.126155,0.902238,-0.142307,-0.807064,136.241,SE,1,0.913392,1,0.913392,1.065041,1.644135,0.962747,1.525106,3.555390,8.360553,0.141028,-0.917220,-0.256318,0.962747,0.078191,1.116662,0.538783,1.242310,1.119396,-20.479000,-3.555000,-38.182003,NaN,-0.708893,true,Self-supervised model,0.151123,2.903000,37.278102,12.841234,0.000000,0.000000,1.106253,0.774965,true,false
2026-04-17T14:36:37.134220,0.902238,-0.142307,-0.812778,136.569,SE,1,0.913392,1,0.913392,1.041673,1.642036,0.918988,1.235408,3.567361,8.482656,-0.093592,-0.902771,-0.144167,0.918988,0.103236,1.114218,0.561996,1.252190,1.118991,-20.479000,-3.555000,-38.182003,NaN,-0.713888,true,Self-supervised model,0.150594,2.911000,37.605481,12.918406,0.000000,0.000000,1.133500,0.733905,true,false
2026-04-17T14:36:37.142654,0.902238,-0.142307,-0.818366,136.889,SE,1,0.913392,1,0.913392,1.018440,1.639092,0.896470,1.027112,3.600879,8.657434,-0.257525,-0.858489,0.018329,0.896470,0.133779,1.075734,0.589485,1.233934,1.084020,-20.479000,-3.555000,-38.182003,NaN,-0.718973,true,Self-supervised model,0.150606,2.920000,37.925660,12.988240,0.000000,0.000000,1.136056,0.726514,true,false
2026-04-17T14:36:37.150330,0.902238,-0.142307,-0.823998,137.212,SE,1,0.913392,1,0.913392,0.997999,1.635449,0.890680,0.864307,3.667917,8.844181,-0.379708,-0.781927,0.194227,0.890680,0.161268,0.993878,0.631635,1.188597,1.006877,-20.479000,-3.555000,-38.182003,NaN,-0.724780,true,Self-supervised model,0.150766,2.928000,38.248347,13.062960,0.000000,0.000000,1.120490,0.749354,true,false
2026-04-17T14:36:37.158209,0.902238,-0.142307,-0.829713,137.539,SE,1,0.913392,1,0.913392,0.981941,1.631308,0.897636,0.833182,3.739743,9.076419,-0.377194,-0.699998,0.416507,0.897636,0.160047,0.883311,0.683558,1.128320,0.897693,-20.479000,-3.555000,-38.182003,NaN,-0.730830,true,Self-supervised model,0.153120,2.935000,38.575825,13.143382,0.000000,0.000000,1.093918,0.795551,true,false
