timestamp,position_x,position_y,heading_radians,heading_degrees,heading_label,steps,last_step_length_m,crossings,distance_m,filtered_accel,active_threshold,motion_magnitude,accel_x,accel_y,accel_z,user_accel_x,user_accel_y,user_accel_z,user_accel_magnitude,gyro_x,gyro_y,gyro_z,gyro_magnitude,tilt_gyro_magnitude,mag_x,mag_y,mag_z,geomagnetic_rotation_azimuth,game_rotation_azimuth,activity_recognition_granted,step_source,step_confidence,seconds_since_prev_step,heading_change_since_prev_step,heading_change_rate_since_prev_step,recent_step_interval_mean,recent_step_interval_std,filtered_to_user_accel_ratio,accel_to_gyro_ratio,phone_flat,imu_step_detected
2026-04-17T15:12:26.387676,0.000000,0.000000,0.000000,90.000,E,0,0.000000,0,0.000000,1.372155,1.922155,1.372155,-2.085350,10.108319,4.065354,0.511123,1.216204,0.377374,1.372155,-0.398284,2.259591,0.598648,2.371236,2.294424,-19.804001,-59.169003,-1.601000,NaN,-0.394213,true,Self-supervised model,0.217245,0.000000,0.000000,0.000000,0.000000,0.000000,1.000000,0.578667,false,false
2026-04-17T15:12:26.395892,0.000000,0.000000,-0.006931,90.397,E,0,0.000000,0,0.000000,1.338248,1.920799,1.160239,-2.032677,9.888053,4.185065,0.451303,0.966029,0.457458,1.160239,-0.398284,2.259591,0.598648,2.371236,2.294424,-19.804001,-59.169003,-1.601000,NaN,-0.428868,true,Self-supervised model,0.176151,0.000000,0.000000,0.000000,0.000000,0.000000,1.153425,0.489297,false,false
2026-04-17T15:12:26.403527,0.000000,0.000000,-0.019447,91.114,E,0,0.000000,0,0.000000,1.278484,1.917106,0.964723,-2.001553,9.658210,4.278439,0.369507,0.784854,0.422088,0.964723,-0.398284,2.259591,0.598648,2.371236,2.294424,-19.804001,-59.169003,-1.601000,NaN,-0.463723,true,Self-supervised model,0.147970,0.000000,0.000000,0.000000,0.000000,0.000000,1.325235,0.406844,false,false
2026-04-17T15:12:26.412426,0.000000,0.000000,-0.036007,92.063,E,0,0.000000,0,0.000000,1.209701,1.910810,0.848589,-2.008735,9.490616,4.259285,0.300019,0.708396,0.358145,0.848589,-0.398284,2.259591,0.598648,2.371236,2.294424,-19.804001,-59.169003,-1.601000,NaN,-0.496462,true,Self-supervised model,0.141668,0.000000,0.000000,0.000000,0.000000,0.000000,1.425543,0.357868,false,false
2026-04-17T15:12:26.419147,0.000000,0.000000,-0.055322,93.170,E,0,0.000000,0,0.000000,1.146495,1.902237,0.814664,-2.015918,9.425972,4.206613,0.223758,0.741157,0.253567,0.814664,-0.398284,2.259591,0.598648,2.371236,2.294424,-19.804001,-59.169003,-1.601000,NaN,-0.526798,true,Self-supervised model,0.120469,0.000000,0.000000,0.000000,0.000000,0.000000,1.407323,0.343561,false,false
2026-04-17T15:12:26.428526,0.000000,0.000000,-0.076237,94.368,E,0,0.000000,0,0.000000,1.085995,1.891588,0.768367,-2.039860,9.473856,4.098873,0.127573,0.743107,0.148003,0.768367,-0.398284,2.259591,0.598648,2.371236,2.294424,-19.804001,-59.169003,-1.601000,NaN,-0.554107,true,Self-supervised model,0.133134,0.000000,0.000000,0.000000,0.000000,0.000000,1.413380,0.324036,false,false
2026-04-17T15:12:26.435289,0.000000,0.000000,-0.097715,95.599,E,0,0.000000,0,0.000000,1.029256,1.879094,0.731377,-2.097321,9.493010,3.976769,0.083803,0.717062,0.117096,0.731377,-0.563218,1.995086,0.561385,2.147728,2.073061,-19.804001,-59.169003,-1.601000,NaN,-0.577842,true,Self-supervised model,0.116539,0.000000,0.000000,0.000000,0.000000,0.000000,1.407285,0.340535,false,false
2026-04-17T15:12:26.443237,0.000000,0.000000,-0.119121,96.825,E,0,0.000000,0,0.000000,0.982339,1.865224,0.736028,-2.109292,9.483433,3.926491,0.055394,0.721427,0.134951,0.736028,-0.583376,1.976760,0.586431,2.142851,2.061045,-19.804001,-59.169003,-1.601000,NaN,-0.598956,true,Self-supervised model,0.120206,0.000000,0.000000,0.000000,0.000000,0.000000,1.334649,0.343481,false,false
2026-04-17T15:12:26.451576,0.000000,0.000000,-0.140289,98.038,E,0,0.000000,0,0.000000,0.950658,1.850641,0.784329,-2.109292,9.502586,3.926491,0.060701,0.752632,0.212207,0.784329,-0.620028,1.955991,0.610254,2.140735,2.051910,-19.804001,-59.169003,-1.601000,NaN,-0.619177,true,Self-supervised model,0.124025,0.000000,0.000000,0.000000,0.000000,0.000000,1.212065,0.366383,false,false
2026-04-17T15:12:26.459565,0.000000,0.000000,-0.161512,99.254,E,0,0.000000,0,0.000000,0.941551,1.836278,0.893742,-2.073379,9.545682,3.993528,0.094374,0.822965,0.335556,0.893742,-0.649350,1.927280,0.626137,2.127936,2.033731,-19.804001,-59.169003,-1.601000,NaN,-0.640617,true,Self-supervised model,0.120780,0.000000,0.000000,0.000000,0.000000,0.000000,1.053493,0.420004,false,false
2026-04-17T15:12:26.467473,0.000000,0.000000,-0.183278,100.501,E,0,0.000000,0,0.000000,0.944006,1.822587,0.956893,-2.001553,9.624691,4.118027,0.129810,0.848347,0.423204,0.956893,-0.664621,1.911397,0.634689,2.120847,2.023651,-19.804001,-59.169003,-1.601000,NaN,-0.664557,true,Self-supervised model,0.122862,0.000000,0.000000,0.000000,0.000000,0.000000,0.986532,0.451184,false,false
2026-04-17T15:12:26.475283,0.000000,0.000000,-0.205860,101.795,E,0,0.000000,0,0.000000,0.955771,1.809914,1.017536,-1.922544,9.655815,4.216189,0.232604,0.855630,0.499173,1.017536,-0.659734,1.914452,0.636522,2.122624,2.024938,-19.804001,-59.169003,-1.601000,NaN,-0.690397,true,Self-supervised model,0.124019,0.000000,0.000000,0.000000,0.000000,0.000000,0.939299,0.479377,false,false
2026-04-17T15:12:26.483226,0.000000,0.000000,-0.229794,103.166,E,0,0.000000,0,0.000000,0.958744,1.797867,0.974356,-1.762132,9.667787,4.311957,0.336673,0.730034,0.550519,0.974356,-0.634689,1.939497,0.634078,2.136945,2.040706,-19.804001,-59.169003,-1.601000,NaN,-0.719747,true,Self-supervised model,0.117291,0.000000,0.000000,0.000000,0.000000,0.000000,0.983978,0.455957,false,false
2026-04-17T15:12:26.491556,0.000000,0.000000,-0.255489,104.638,E,0,0.000000,0,0.000000,0.933313,1.785285,0.799800,-1.589750,9.543288,4.395754,0.497288,0.429742,0.455747,0.799800,-0.589485,1.966375,0.618196,2.143896,2.052833,-19.804001,-59.169003,-1.601000,NaN,-0.752479,true,Self-supervised model,0.113767,0.000000,0.000000,0.000000,0.000000,0.000000,1.166934,0.373059,false,false
2026-04-17T15:12:26.499272,0.000000,0.000000,-0.283168,106.224,E,0,0.000000,0,0.000000,0.892371,1.771569,0.677424,-1.347936,9.244013,4.338294,0.580593,0.145769,0.317122,0.677424,-0.541227,1.985312,0.596204,2.142394,2.057763,-19.804001,-59.169003,-1.601000,NaN,-0.788101,true,Self-supervised model,0.106100,0.000000,0.000000,0.000000,0.000000,0.000000,1.317301,0.316200,false,false
2026-04-17T15:12:26.507256,0.000000,0.000000,-0.312535,107.907,E,0,0.000000,0,0.000000,0.845997,1.756546,0.602536,-1.180341,8.961497,4.235343,0.584556,-0.062358,0.132119,0.602536,-0.496023,1.993253,0.579711,2.134283,2.054044,-19.804001,-59.169003,-1.601000,NaN,-0.824216,true,Self-supervised model,0.105358,0.000000,0.000000,0.000000,0.000000,0.000000,1.404061,0.282313,false,false
2026-04-17T15:12:26.515335,0.000000,0.000000,-0.342889,109.646,E,0,0.000000,0,0.000000,0.809401,1.740660,0.617272,-1.096544,8.757990,4.074931,0.592240,-0.165636,-0.053305,0.617272,-0.449597,1.985923,0.568716,2.114111,2.036180,-19.804001,-59.169003,-1.601000,NaN,-0.858517,true,Self-supervised model,0.106450,0.000000,0.000000,0.000000,0.000000,0.000000,1.311255,0.291977,false,false
2026-04-17T15:12:26.523476,0.000000,0.000000,-0.369776,111.187,E,0,0.000000,0,0.000000,0.784895,1.724429,0.656236,-1.110910,8.647857,3.895366,0.583885,-0.102891,-0.281312,0.656236,-0.419054,1.970651,0.574824,2.095112,2.014714,-19.804001,-59.169003,-1.601000,NaN,-0.871535,true,Self-supervised model,0.110077,0.000000,0.000000,0.000000,0.000000,0.000000,1.196057,0.313222,false,false
2026-04-17T15:12:26.531329,0.000000,0.000000,-0.393882,112.568,SE,0,0.000000,0,0.000000,0.779650,1.708638,0.752113,-1.139640,8.705317,3.670311,0.562288,-0.013350,-0.499328,0.752113,-0.402560,1.958434,0.586431,2.083607,1.999380,-19.804001,-59.169003,-1.601000,NaN,-0.884523,true,Self-supervised model,0.112158,0.000000,0.000000,0.000000,0.000000,0.000000,1.036612,0.360967,false,false
2026-04-17T15:12:26.541915,0.000000,0.000000,-0.415841,113.826,SE,0,0.000000,0,0.000000,0.795889,1.694128,0.881144,-1.177947,8.791509,3.452439,0.566678,0.035624,-0.673811,0.881144,-0.403782,1.945606,0.604757,2.077054,1.987064,-19.804001,-59.169003,-1.601000,NaN,-0.897888,true,Self-supervised model,0.142617,0.000000,0.000000,0.000000,0.000000,0.000000,0.903245,0.424228,false,false
2026-04-17T15:12:26.547596,0.000000,0.000000,-0.436236,114.995,SE,0,0.000000,0,0.000000,0.826372,1.681418,0.986409,-1.185130,8.839393,3.275268,0.595027,0.106791,-0.779449,0.986409,-0.421497,1.912619,0.621250,2.054683,1.958513,-20.750002,-59.578003,-12.080001,NaN,-0.912031,true,Self-supervised model,0.119761,0.000000,0.000000,0.000000,0.000000,0.000000,0.837758,0.480078,false,false
2026-04-17T15:12:26.555901,0.000000,0.000000,-0.455498,116.098,SE,0,0.000000,0,0.000000,0.865524,1.670782,1.071073,-1.163582,8.911219,3.165135,0.680459,0.138537,-0.815463,1.071073,-0.453262,1.833817,0.631635,1.991807,1.889003,-20.750002,-59.578003,-12.080001,NaN,-0.926760,true,Self-supervised model,0.155025,0.000000,0.000000,0.000000,0.000000,0.000000,0.808091,0.537739,false,false
2026-04-17T15:12:26.564404,0.000000,0.000000,-0.473980,117.157,SE,0,0.000000,0,0.000000,0.898533,1.661892,1.071828,-1.079785,8.944737,3.124433,0.735537,0.090821,-0.774307,1.071828,-0.497244,1.693318,0.632246,1.874650,1.764817,-20.750002,-59.578003,-12.080001,NaN,-0.942121,true,Self-supervised model,0.157363,0.000000,0.000000,0.000000,0.000000,0.000000,0.838318,0.571748,false,false
2026-04-17T15:12:26.571707,0.000000,0.000000,-0.491959,118.187,SE,0,0.000000,0,0.000000,0.920213,1.654225,1.034034,-1.019930,8.899248,3.162740,0.810034,0.015265,-0.642525,1.034034,-0.540616,1.525941,0.620028,1.733551,1.618877,-20.750002,-59.578003,-12.080001,NaN,-0.958089,true,Self-supervised model,0.149548,0.000000,0.000000,0.000000,0.000000,0.000000,0.889925,0.596484,false,false
2026-04-17T15:12:26.580379,0.000000,0.000000,-0.509278,119.179,SE,0,0.000000,0,0.000000,0.925416,1.647073,0.952732,-0.948104,8.817844,3.306392,0.845621,-0.029851,-0.437872,0.952732,-0.587041,1.299310,0.599870,1.546825,1.425772,-20.750002,-59.578003,-12.080001,NaN,-0.972766,true,Self-supervised model,0.152576,0.000000,0.000000,0.000000,0.000000,0.000000,0.971329,0.615927,false,false
2026-04-17T15:12:26.587613,0.000000,0.000000,-0.526076,120.142,SE,0,0.000000,0,0.000000,0.921839,1.640063,0.903059,-0.909797,8.765172,3.529053,0.845060,-0.071108,-0.310376,0.903059,-0.607811,1.076955,0.571159,1.362164,1.236635,-20.750002,-59.578003,-12.080001,NaN,-0.987482,true,Self-supervised model,0.146816,0.000000,0.000000,0.000000,0.000000,0.000000,1.020796,0.662959,false,false
2026-04-17T15:12:26.596205,0.000000,0.000000,-0.542408,121.078,SE,0,0.000000,0,0.000000,0.915071,1.633064,0.879540,-0.902614,8.714894,3.679888,0.845506,-0.142579,-0.195913,0.879540,-0.605367,0.909578,0.541227,1.219315,1.092613,-20.750002,-59.578003,-12.080001,NaN,-1.001947,true,Self-supervised model,0.151776,0.000000,0.000000,0.000000,0.000000,0.000000,1.040397,0.721340,false,false
2026-04-17T15:12:26.603176,0.000000,0.000000,-0.558286,121.987,SE,0,0.000000,0,0.000000,0.908203,1.626069,0.872144,-0.890643,8.633492,3.821146,0.839239,-0.189946,-0.142244,0.872144,-0.585820,0.817338,0.518625,1.131458,1.005597,-20.750002,-59.578003,-12.080001,NaN,-1.016012,true,Self-supervised model,0.142437,0.000000,0.000000,0.000000,0.000000,0.000000,1.041345,0.770815,false,false
2026-04-17T15:12:26.612842,0.000000,0.000000,-0.573664,122.869,SE,0,0.000000,0,0.000000,0.899470,1.619005,0.853621,-0.883460,8.576031,3.902549,0.794224,-0.280781,-0.137980,0.853621,-0.547946,0.777021,0.503964,1.076097,0.950792,-20.750002,-59.578003,-12.080001,NaN,-1.029390,true,Self-supervised model,0.151290,0.000000,0.000000,0.000000,0.000000,0.000000,1.053711,0.793256,false,false
2026-04-17T15:12:26.619888,0.000000,0.000000,-0.588523,123.720,SE,0,0.000000,0,0.000000,0.901727,1.612314,0.913575,-0.914585,8.475474,3.933673,0.814637,-0.363335,-0.197417,0.913575,-0.491747,0.811229,0.505186,1.074765,0.948634,-20.750002,-59.578003,-12.080001,NaN,-1.042174,true,Self-supervised model,0.149313,0.000000,0.000000,0.000000,0.000000,0.000000,0.987030,0.850023,false,false
2026-04-17T15:12:26.631907,0.000000,0.000000,-0.602875,124.542,SE,0,0.000000,0,0.000000,0.917491,1.606521,1.000258,-0.881066,8.384495,3.897760,0.844617,-0.455266,-0.282613,1.000258,-0.439823,0.880257,0.512516,1.109490,0.984020,-20.750002,-59.578003,-12.080001,NaN,-1.054496,true,Self-supervised model,0.165926,0.000000,0.000000,0.000000,0.000000,0.000000,0.917255,0.901547,false,false
2026-04-17T15:12:26.635314,0.000000,0.000000,-0.617177,125.362,SE,0,0.000000,0,0.000000,0.952575,1.602363,1.136767,-0.826000,8.291121,3.825934,0.925998,-0.524372,-0.399749,1.136767,-0.387289,0.968832,0.524122,1.167618,1.043374,-20.750002,-59.578003,-12.080001,NaN,-1.068598,true,Self-supervised model,0.136922,0.000000,0.000000,0.000000,0.000000,0.000000,0.837969,0.973577,false,false
2026-04-17T15:12:26.643689,0.000000,0.000000,-0.631363,126.174,SE,0,0.000000,0,0.000000,1.004107,1.600433,1.274645,-0.723049,8.221688,3.718195,1.007974,-0.556000,-0.547332,1.274645,-0.351858,1.051299,0.540005,1.233142,1.108618,-20.750002,-59.578003,-12.080001,NaN,-1.082320,true,Self-supervised model,0.191486,0.000000,0.000000,0.000000,0.000000,0.000000,0.787754,1.033656,false,false
2026-04-17T15:12:26.651897,0.000000,0.000000,-0.645415,126.980,SE,0,0.000000,0,0.000000,1.065398,1.601032,1.387177,-0.622492,8.190564,3.576937,1.078811,-0.548147,-0.678204,1.387177,-0.339030,1.103834,0.565050,1.285563,1.154725,-20.750002,-59.578003,-12.080001,NaN,-1.095836,true,Self-supervised model,0.203077,0.000000,0.000000,0.000000,0.000000,0.000000,0.768033,1.079042,false,false
2026-04-17T15:12:26.659496,0.000000,0.000000,-0.659020,127.759,SE,0,0.000000,0,0.000000,1.131654,1.604257,1.479499,-0.545878,8.195353,3.454833,1.144837,-0.497398,-0.794268,1.479499,-0.346361,1.134377,0.583376,1.321781,1.186076,-20.750002,-59.578003,-12.080001,NaN,-1.107652,true,Self-supervised model,0.207080,0.000000,0.000000,0.000000,0.000000,0.000000,0.764890,1.119323,false,false
2026-04-17T15:12:26.667281,0.000000,0.000000,-0.672324,128.521,SE,0,0.000000,0,0.000000,1.187734,1.609596,1.482155,-0.474052,8.243237,3.347094,1.147130,-0.326020,-0.880107,1.482155,-0.360410,1.161255,0.610865,1.360722,1.215898,-20.750002,-59.578003,-12.080001,NaN,-1.119752,true,Self-supervised model,0.203518,0.000000,0.000000,0.000000,0.000000,0.000000,0.801356,1.089242,false,false
2026-04-17T15:12:26.675248,0.000000,0.000000,-0.685801,129.294,SE,0,0.000000,0,0.000000,1.232054,1.616494,1.464732,-0.454898,8.415619,3.265691,1.095553,-0.061676,-0.970258,1.464732,-0.369573,1.200350,0.637743,1.408596,1.255956,-20.750002,-59.578003,-12.080001,NaN,-1.133925,true,Self-supervised model,0.196444,0.000000,0.000000,0.000000,0.000000,0.000000,0.841146,1.039853,false,false
2026-04-17T15:12:26.683521,0.000000,0.000000,-0.699526,130.080,SE,0,0.000000,0,0.000000,1.267120,1.624519,1.451218,-0.488417,8.681376,3.179500,1.023772,0.108356,-1.022831,1.451218,-0.370184,1.270600,0.672563,1.484520,1.323427,-20.750002,-59.578003,-12.080001,NaN,-1.148639,true,Self-supervised model,0.195506,0.000000,0.000000,0.000000,0.000000,0.000000,0.873142,0.977567,false,false
2026-04-17T15:12:26.691737,0.000000,0.000000,-0.713565,130.884,SE,0,0.000000,0,0.000000,1.297894,1.633454,1.459453,-0.541090,8.853758,3.129222,0.982732,0.171615,-1.065266,1.459453,-0.358578,1.343904,0.695776,1.555236,1.390919,-20.750002,-59.578003,-12.080001,NaN,-1.163932,true,Self-supervised model,0.192199,0.000000,0.000000,0.000000,0.000000,0.000000,0.889301,0.938413,false,false
2026-04-17T15:12:26.702287,0.000000,0.000000,-0.727953,131.709,SE,0,0.000000,0,0.000000,1.325156,1.643122,1.468281,-0.562637,8.920795,3.086126,0.983017,0.151856,-1.080030,1.468281,-0.330478,1.428814,0.714101,1.631155,1.466535,-20.750002,-59.578003,-12.080001,NaN,-1.179721,true,Self-supervised model,0.198737,0.000000,0.000000,0.000000,0.000000,0.000000,0.902522,0.900148,false,false
2026-04-17T15:12:26.707281,0.000000,0.000000,-0.742679,132.552,SE,0,0.000000,0,0.000000,1.356035,1.653639,1.518155,-0.543484,8.906430,3.066972,1.040194,0.008173,-1.105769,1.518155,-0.307876,1.489290,0.726319,1.685322,1.520780,-18.186001,-57.812004,-25.541000,NaN,-1.195796,true,Self-supervised model,0.142328,0.000000,0.000000,0.000000,0.000000,0.000000,0.893213,0.900810,false,false
2026-04-17T15:12:26.715870,0.000000,0.000000,-0.757353,133.393,SE,0,0.000000,0,0.000000,1.392862,1.665208,1.586202,-0.481235,8.762778,3.043030,1.087937,-0.085526,-1.151136,1.586202,-0.288939,1.507615,0.725708,1.697952,1.535054,-18.186001,-57.812004,-25.541000,NaN,-1.210261,true,Self-supervised model,0.196277,0.000000,0.000000,0.000000,0.000000,0.000000,0.878111,0.934185,false,false
2026-04-17T15:12:26.723420,0.000000,0.000000,-0.772310,134.250,SE,0,0.000000,0,0.000000,1.434003,1.677959,1.649995,-0.416591,8.676587,2.987964,1.122099,-0.195987,-1.193719,1.649995,-0.279165,1.501507,0.721432,1.689059,1.527238,-18.186001,-57.812004,-25.541000,NaN,-1.226354,true,Self-supervised model,0.192641,0.000000,0.000000,0.000000,0.000000,0.000000,0.869096,0.976872,false,false
2026-04-17T15:12:26.731451,0.000000,0.000000,-0.787461,135.118,SE,0,0.000000,0,0.000000,1.484020,1.692202,1.746609,-0.366313,8.573636,2.935291,1.144577,-0.203301,-1.303555,1.746609,-0.274889,1.481959,0.720210,1.670470,1.507238,-18.186001,-57.812004,-25.541000,NaN,-1.242278,true,Self-supervised model,0.211391,0.000000,0.000000,0.000000,0.000000,0.000000,0.849658,1.045579,false,false
2026-04-17T15:12:26.739230,0.000000,0.000000,-0.802735,135.993,SE,0,0.000000,0,0.000000,1.544134,1.708279,1.859732,-0.328006,8.573636,2.815581,1.179264,-0.183780,-1.426242,1.859732,-0.286496,1.475850,0.723264,1.668330,1.503401,-18.186001,-57.812004,-25.541000,NaN,-1.258043,true,Self-supervised model,0.211692,0.000000,0.000000,0.000000,0.000000,0.000000,0.830299,1.114727,false,false
2026-04-17T15:12:26.747488,0.000000,0.000000,-0.818098,136.874,SE,0,0.000000,0,0.000000,1.609962,1.726346,1.955559,-0.277727,8.599973,2.683900,1.211269,-0.087367,-1.532777,1.955559,-0.298102,1.488679,0.736704,1.687531,1.518232,-18.186001,-57.812004,-25.541000,NaN,-1.273762,true,Self-supervised model,0.229573,0.000000,0.000000,0.000000,0.000000,0.000000,0.823275,1.158828,false,false
2026-04-17T15:12:26.755397,0.000000,0.000000,-0.833571,137.760,SE,0,0.000000,0,0.000000,1.683264,1.746623,2.068101,-0.229843,8.702923,2.568978,1.209146,-0.019711,-1.677682,2.068101,-0.306654,1.510670,0.759305,1.718344,1.541480,-18.186001,-57.812004,-25.541000,NaN,-1.289675,true,Self-supervised model,0.225763,0.000000,0.000000,0.000000,0.000000,0.000000,0.813918,1.203543,false,false
2026-04-17T15:12:26.763238,0.000000,0.000000,-0.849204,138.656,SE,0,0.000000,0,0.000000,1.763554,1.769300,2.185077,-0.215478,8.777143,2.415750,1.254345,0.040555,-1.788724,2.185077,-0.315817,1.556485,0.780075,1.769436,1.588202,-18.186001,-57.812004,-25.541000,NaN,-1.305950,true,Self-supervised model,0.230500,0.000000,0.000000,0.000000,0.000000,0.000000,0.807090,1.234901,false,false
2026-04-17T15:12:26.771077,0.000000,0.000000,-0.865067,139.565,SE,0,0.000000,0,0.000000,1.846064,1.794371,2.279239,-0.153229,8.844181,2.296039,1.275179,0.086149,-1.887174,2.279239,-0.328645,1.603521,0.804510,1.823876,1.636853,-18.186001,-57.812004,-25.541000,NaN,-1.322732,true,Self-supervised model,0.231216,0.000000,0.000000,0.000000,0.000000,0.000000,0.809947,1.249668,false,false
2026-04-17T15:12:26.779992,0.000000,0.000000,-0.881198,140.489,SE,0,0.000000,0,0.000000,1.928286,1.821728,2.359954,-0.114922,8.896853,2.188300,1.321213,0.184035,-1.946769,2.359954,-0.345750,1.640173,0.825279,1.868367,1.676219,-18.186001,-57.812004,-25.541000,NaN,-1.339934,true,Self-supervised model,0.244576,0.000000,0.000000,0.000000,0.000000,0.000000,0.817086,1.263110,false,false
2026-04-17T15:12:26.787591,0.000000,0.000000,-0.897663,141.432,SE,0,0.000000,0,0.000000,2.009555,1.851241,2.436215,-0.050278,9.002198,2.118869,1.403194,0.257479,-1.974814,2.436215,-0.368963,1.649336,0.846048,1.890037,1.690102,-18.186001,-57.812004,-25.541000,NaN,-1.357738,true,Self-supervised model,0.231002,0.000000,0.000000,0.000000,0.000000,0.000000,0.824868,1.288977,false,false
2026-04-17T15:12:26.796349,0.000000,0.000000,-0.914538,142.399,SE,0,0.000000,0,0.000000,2.088419,1.882728,2.502457,0.052672,9.083601,2.080561,1.484775,0.366255,-1.980806,2.502457,-0.393397,1.645060,0.857655,1.896459,1.691444,-18.186001,-57.812004,-25.541000,NaN,-1.376251,true,Self-supervised model,0.246595,0.000000,0.000000,0.000000,0.000000,0.000000,0.834547,1.319542,false,false
2026-04-17T15:12:26.803608,0.000000,0.000000,-0.931871,143.392,SE,0,0.000000,0,0.000000,2.155771,1.915649,2.509365,0.158017,9.200917,2.063802,1.519929,0.428778,-1.950097,2.509365,-0.415388,1.621847,0.858266,1.881371,1.674197,-18.186001,-57.812004,-25.541000,NaN,-1.395417,true,Self-supervised model,0.228760,0.000000,0.000000,0.000000,0.000000,0.000000,0.859090,1.333796,false,false
2026-04-17T15:12:26.813070,0.000000,0.000000,-0.949687,144.413,SE,0,0.000000,0,0.000000,2.204469,1.949202,2.460139,0.220267,9.272743,2.082955,1.541871,0.461556,-1.860613,2.460139,-0.423940,1.580308,0.855822,1.846492,1.636185,-18.186001,-57.812004,-25.541000,NaN,-1.415162,true,Self-supervised model,0.252963,0.000000,0.000000,0.000000,0.000000,0.000000,0.896075,1.332331,false,false
2026-04-17T15:12:26.820029,0.000000,0.000000,-0.967989,145.462,SE,0,0.000000,0,0.000000,2.228407,1.982371,2.354082,0.272939,9.315839,2.159570,1.539586,0.554950,-1.692161,2.354082,-0.416610,1.499063,0.850324,1.773078,1.555877,-18.186001,-57.812004,-25.541000,NaN,-1.435413,true,Self-supervised model,0.200200,0.000000,0.000000,0.000000,0.000000,0.000000,0.946614,1.327681,false,false
2026-04-17T15:12:26.829854,0.000000,0.000000,-0.986757,146.537,SE,0,0.000000,0,0.000000,2.232249,2.014366,2.252415,0.306458,9.421184,2.312799,1.503623,0.653337,-1.544552,2.252415,-0.401338,1.372614,0.857044,1.667233,1.430085,-18.186001,-57.812004,-25.541000,NaN,-1.456039,true,Self-supervised model,0.244504,0.000000,0.000000,0.000000,0.000000,0.000000,0.991047,1.350990,false,false
2026-04-17T15:12:26.835366,0.000000,0.000000,-1.006023,147.641,SE,0,0.000000,0,0.000000,2.231896,2.045067,2.230044,0.313640,9.533711,2.442086,1.503126,0.777916,-1.452087,2.230044,-0.380569,1.209513,0.866818,1.535945,1.267973,-18.186001,-57.812004,-25.541000,NaN,-1.477303,true,Self-supervised model,0.179577,0.000000,0.000000,0.000000,0.000000,0.000000,1.000830,1.451903,false,false
2026-04-17T15:12:26.843301,0.000000,0.000000,-1.025141,148.736,SE,0,0.000000,0,0.000000,2.233160,2.074591,2.239799,0.339977,9.658210,2.542642,1.505111,0.937284,-1.368517,2.239799,-0.361021,1.051910,0.880257,1.418345,1.112138,-18.186001,-57.812004,-25.541000,NaN,-1.495825,true,Self-supervised model,0.230355,0.000000,0.000000,0.000000,0.000000,0.000000,0.997036,1.579164,false,false
2026-04-17T15:12:26.851950,0.000000,0.000000,-1.044195,149.828,SE,0,0.000000,0,0.000000,2.242197,2.103295,2.289640,0.375890,9.818622,2.633622,1.511352,1.119462,-1.305784,2.289640,-0.342085,0.868650,0.885755,1.286910,0.933582,-18.186001,-57.812004,-25.541000,NaN,-1.514623,true,Self-supervised model,0.263210,0.000000,0.000000,0.000000,0.000000,0.000000,0.979280,1.779177,false,false
2026-04-17T15:12:26.863938,0.000000,0.000000,-1.063249,150.920,SE,0,0.000000,0,0.000000,2.253783,2.131314,2.314610,0.423774,10.002975,2.703054,1.494385,1.264696,-1.234818,2.314610,-0.319483,0.705549,0.886976,1.177538,0.774512,-18.186001,-57.812004,-25.541000,NaN,-1.533678,true,Self-supervised model,0.312742,0.000000,0.000000,0.000000,0.000000,0.000000,0.973721,1.965635,false,false
2026-04-17T15:12:26.867357,0.000000,0.000000,-1.082323,152.013,SE,0,0.000000,0,0.000000,2.272343,2.158956,2.369785,0.454898,10.151415,2.779668,1.483738,1.426880,-1.174060,2.369785,-0.291383,0.579711,0.882700,1.095504,0.648821,-15.200001,-55.345001,-28.772001,NaN,-1.552835,true,Self-supervised model,0.158853,0.000000,0.000000,0.000000,0.000000,0.000000,0.958882,2.163192,false,false
2026-04-17T15:12:26.875686,0.000000,0.000000,-1.101357,153.103,SE,0,0.000000,0,0.000000,2.296337,2.186451,2.422301,0.495600,10.316615,2.846706,1.502897,1.565678,-1.075869,2.422301,-0.269392,0.506407,0.873537,1.045030,0.573603,-15.200001,-55.345001,-28.772001,NaN,-1.571707,true,Self-supervised model,0.306091,0.000000,0.000000,0.000000,0.000000,0.000000,0.947998,2.317925,false,false
2026-04-17T15:12:26.883933,0.000000,0.000000,-1.120297,154.188,SE,0,0.000000,0,0.000000,2.315828,2.213626,2.418156,0.567426,10.457873,2.952051,1.529581,1.587348,-0.994075,2.418156,-0.228464,0.463036,0.861320,1.004226,0.516331,-15.200001,-55.345001,-28.772001,NaN,-1.590270,true,Self-supervised model,0.313064,0.000000,0.000000,0.000000,0.000000,0.000000,0.957683,2.407980,false,false
2026-04-17T15:12:26.892514,0.000000,0.000000,-1.139047,155.263,SE,0,0.000000,0,0.000000,2.335522,2.240502,2.438916,0.646434,10.481815,3.040636,1.608323,1.565755,-0.953951,2.438916,-0.183870,0.456316,0.835664,0.969725,0.491968,-15.200001,-55.345001,-28.772001,NaN,-1.608258,true,Self-supervised model,0.322235,0.000000,0.000000,0.000000,0.000000,0.000000,0.957606,2.515060,false,false
2026-04-17T15:12:26.902123,0.000000,0.000000,-1.157515,156.321,SE,0,0.000000,0,0.000000,2.339296,2.266453,2.359111,0.775721,10.462662,3.086126,1.631300,1.461171,-0.877066,2.359111,-0.124617,0.468534,0.804510,0.939302,0.484823,-15.200001,-55.345001,-28.772001,NaN,-1.625600,true,Self-supervised model,0.331594,0.000000,0.000000,0.000000,0.000000,0.000000,0.991601,2.511557,false,false
2026-04-17T15:12:26.907458,0.000000,0.000000,-1.176217,157.392,SE,0,0.000000,0,0.000000,2.339922,2.291392,2.343204,0.864307,10.371682,3.145981,1.738090,1.338858,-0.822868,2.343204,-0.092852,0.467923,0.780075,0.914380,0.477046,-15.200001,-55.345001,-28.772001,NaN,-1.645237,true,Self-supervised model,0.248512,0.000000,0.000000,0.000000,0.000000,0.000000,0.998599,2.562617,false,false
2026-04-17T15:12:26.916923,0.000000,0.000000,-1.194927,158.464,S,0,0.000000,0,0.000000,2.340702,2.315365,2.344798,1.031901,10.261548,3.184288,1.829376,1.255982,-0.757607,2.344798,-0.070250,0.455095,0.755640,0.884895,0.460485,-15.200001,-55.345001,-28.772001,NaN,-1.663983,true,Self-supervised model,0.332825,0.000000,0.000000,0.000000,0.000000,0.000000,0.998253,2.649805,false,false
2026-04-17T15:12:26.923846,0.000000,0.000000,-1.213478,159.527,S,0,0.000000,0,0.000000,2.338020,2.338271,2.323941,1.180341,10.189722,3.234566,1.901150,1.155150,-0.672278,2.323941,-0.048258,0.388510,0.709215,0.810095,0.391496,-15.200001,-55.345001,-28.772001,NaN,-1.681892,true,Self-supervised model,0.287835,0.000000,0.000000,0.000000,0.000000,0.000000,1.006058,2.868725,false,false
2026-04-17T15:12:26.933068,0.000000,0.000000,-1.231769,160.575,S,0,0.000000,0,0.000000,2.336699,2.360208,2.329761,1.307234,10.098742,3.306392,1.969534,1.084413,-0.610551,2.329761,-0.052534,0.295048,0.664011,0.728507,0.299688,-15.200001,-55.345001,-28.772001,NaN,-1.699148,true,Self-supervised model,0.344633,0.000000,0.000000,0.000000,0.000000,0.000000,1.002978,3.197992,false,false
2026-04-17T15:12:26.939436,0.000000,0.000000,-1.249697,161.602,S,0,0.000000,0,0.000000,2.331036,2.381041,2.301307,1.429338,10.036493,3.356671,2.016764,0.988784,-0.500983,2.301307,-0.060476,0.227853,0.634689,0.677056,0.235742,-15.200001,-55.345001,-28.772001,NaN,-1.715621,true,Self-supervised model,0.303345,0.000000,0.000000,0.000000,0.000000,0.000000,1.012918,3.398993,false,false
2026-04-17T15:12:26.948256,0.000000,0.000000,-1.267204,162.605,S,0,0.000000,0,0.000000,2.328810,2.400952,2.317126,1.529895,9.947908,3.457227,2.097345,0.884505,-0.433435,2.317126,-0.069028,0.128282,0.595594,0.613150,0.145674,-15.200001,-55.345001,-28.772001,NaN,-1.731447,true,Self-supervised model,0.344676,0.000000,0.000000,0.000000,0.000000,0.000000,1.005043,3.779053,false,false
2026-04-17T15:12:26.955563,0.000000,0.000000,-1.283749,163.553,S,0,0.000000,0,0.000000,2.320757,2.419744,2.278478,1.651999,9.844957,3.526659,2.113431,0.778342,-0.345044,2.278478,-0.069028,0.042150,0.547335,0.553279,0.080879,-15.200001,-55.345001,-28.772001,NaN,-1.744141,true,Self-supervised model,0.336841,0.000000,0.000000,0.000000,0.000000,0.000000,1.018556,4.118138,false,false
2026-04-17T15:12:26.965520,0.000000,0.000000,-1.299365,164.448,S,0,0.000000,0,0.000000,2.308938,2.437312,2.246885,1.709460,9.739613,3.617639,2.144496,0.622273,-0.249816,2.246885,-0.067806,-0.025656,0.502131,0.507338,0.072498,-15.200001,-55.345001,-28.772001,NaN,-1.756040,true,Self-supervised model,0.353261,0.000000,0.000000,0.000000,0.000000,0.000000,1.027617,4.428776,false,false
2026-04-17T15:12:26.971234,0.000000,0.000000,-1.314070,165.291,S,0,0.000000,0,0.000000,2.286429,2.453276,2.168257,1.781286,9.583989,3.715801,2.100245,0.523898,-0.125860,2.168257,-0.065363,-0.103236,0.443488,0.460013,0.122188,-15.200001,-55.345001,-28.772001,NaN,-1.767105,true,Self-supervised model,0.305275,0.000000,0.000000,0.000000,0.000000,0.000000,1.054501,4.713471,false,false
2026-04-17T15:12:26.979436,0.000000,0.000000,-1.327838,166.080,S,0,0.000000,0,0.000000,2.266326,2.467798,2.160789,1.776498,9.485827,3.842694,2.088561,0.550134,0.065380,2.160789,-0.054367,-0.180816,0.384845,0.428668,0.188813,-15.200001,-55.345001,-28.772001,NaN,-1.777123,true,Self-supervised model,0.339256,0.000000,0.000000,0.000000,0.000000,0.000000,1.048842,5.040708,false,false
2026-04-17T15:12:26.987627,0.000000,0.000000,-1.340645,166.813,S,0,0.000000,0,0.000000,2.255449,2.481304,2.198345,1.802834,9.512163,4.036624,2.088472,0.641105,0.244929,2.198345,-0.042150,-0.251066,0.328035,0.415232,0.254579,-15.200001,-55.345001,-28.772001,NaN,-1.786087,true,Self-supervised model,0.346154,0.000000,0.000000,0.000000,0.000000,0.000000,1.025976,5.294262,false,false
2026-04-17T15:12:26.995889,0.000000,0.000000,-1.352449,167.490,S,0,0.000000,0,0.000000,2.254495,2.494232,2.249482,1.838747,9.603143,4.218584,2.090777,0.736668,0.382286,2.249482,-0.020159,-0.293215,0.278555,0.404937,0.293907,-15.200001,-55.345001,-28.772001,NaN,-1.793880,true,Self-supervised model,0.356311,0.000000,0.000000,0.000000,0.000000,0.000000,1.002228,5.555137,false,false
2026-04-17T15:12:27.003397,0.000000,0.000000,-1.363223,168.107,S,0,0.000000,0,0.000000,2.239044,2.506025,2.157925,1.874660,9.698911,4.357447,1.951610,0.836934,0.383932,2.157925,0.024435,-0.296270,0.222966,0.371600,0.297276,-15.200001,-55.345001,-28.772001,NaN,-1.800528,true,Self-supervised model,0.342092,0.000000,0.000000,0.000000,0.000000,0.000000,1.037591,5.807120,false,false
2026-04-17T15:12:27.012666,0.000000,0.000000,-1.373432,168.692,S,0,0.000000,0,0.000000,2.219635,2.516569,2.117743,1.776498,9.801862,4.355053,1.918080,0.845207,0.302368,2.117743,0.082467,-0.240070,0.164934,0.302717,0.253839,-15.200001,-55.345001,-28.772001,NaN,-1.808483,true,Self-supervised model,0.348495,0.000000,0.000000,0.000000,0.000000,0.000000,1.048114,6.995787,false,false
2026-04-17T15:12:27.022480,0.000000,0.000000,-1.382862,169.232,S,0,0.000000,0,0.000000,2.198501,2.525846,2.087543,1.776498,9.813833,4.266468,1.890686,0.864141,0.190794,2.087543,0.139888,-0.142332,0.103847,0.224969,0.199567,-15.200001,-55.345001,-28.772001,NaN,-1.814795,true,Self-supervised model,0.356894,0.000000,0.000000,0.000000,0.000000,0.000000,1.053152,9.279233,false,false
2026-04-17T15:12:27.030102,0.000000,0.000000,-1.391359,169.719,S,0,0.000000,0,0.000000,2.190440,2.534430,2.148124,1.774103,9.837775,4.144363,1.934982,0.929874,0.074934,2.148124,0.174707,-0.054367,0.043982,0.188183,0.182971,-15.492001,-55.843002,-28.865002,NaN,-1.819561,true,Self-supervised model,0.374803,0.000000,0.000000,0.000000,0.000000,0.000000,1.019699,11.415070,false,false
2026-04-17T15:12:27.035695,0.000000,0.000000,-1.398778,170.144,S,0,0.000000,0,0.000000,2.203184,2.543180,2.270088,1.833959,9.909601,4.015076,1.974374,1.120269,-0.012110,2.270088,0.185703,0.010385,-0.023824,0.187513,0.185993,-15.492001,-55.843002,-28.865002,NaN,-1.822666,true,Self-supervised model,0.392558,0.000000,0.000000,0.000000,0.000000,0.000000,0.970528,12.106314,false,false
2026-04-17T15:12:27.044148,0.000000,0.000000,-1.404741,170.486,S,0,0.000000,0,0.000000,2.243121,2.553178,2.452793,1.874660,10.105926,3.914520,2.097098,1.270633,-0.062164,2.452793,0.154549,0.023824,-0.092241,0.181552,0.156374,-15.492001,-55.843002,-28.865002,NaN,-1.822808,true,Self-supervised model,0.441215,0.000000,0.000000,0.000000,0.000000,0.000000,0.914517,13.510108,false,false
2026-04-17T15:12:27.054683,0.000000,0.000000,-1.409233,170.743,S,0,0.000000,0,0.000000,2.290407,2.564667,2.538658,1.991976,10.261548,3.852271,2.200325,1.262494,-0.097277,2.538658,0.081856,-0.012217,-0.162490,0.182353,0.082763,-15.492001,-55.843002,-28.865002,NaN,-1.821416,true,Self-supervised model,0.463286,0.000000,0.000000,0.000000,0.000000,0.000000,0.902212,13.921651,false,false
2026-04-17T15:12:27.059693,0.000000,0.000000,-1.412275,170.917,S,0,0.000000,0,0.000000,2.330587,2.577304,2.541529,2.085350,10.256760,3.809175,2.249789,1.175537,-0.126217,2.541529,0.000000,-0.057421,-0.230296,0.237347,0.057421,-15.492001,-55.843002,-28.865002,NaN,-1.818656,true,Self-supervised model,0.446398,0.000000,0.000000,0.000000,0.000000,0.000000,0.917002,10.708078,false,false
2026-04-17T15:12:27.067497,0.000000,0.000000,-1.413881,171.009,S,0,0.000000,0,0.000000,2.353551,2.590354,2.474115,2.121263,10.170568,3.778050,2.274457,0.964834,-0.131082,2.474115,-0.106901,-0.106291,-0.310930,0.345548,0.150750,-15.492001,-55.843002,-28.865002,NaN,-1.814515,true,Self-supervised model,0.422659,0.000000,0.000000,0.000000,0.000000,0.000000,0.951270,7.159978,false,false
2026-04-17T15:12:27.075513,0.000000,0.000000,-1.414045,171.019,S,0,0.000000,0,0.000000,2.352828,2.602853,2.349034,2.128445,9.957485,3.778050,2.260459,0.637832,-0.038156,2.349034,-0.211970,-0.145386,-0.390954,0.467882,0.257038,-15.492001,-55.843002,-28.865002,NaN,-1.808916,true,Self-supervised model,0.395204,0.000000,0.000000,0.000000,0.000000,0.000000,1.001616,5.020572,false,false
2026-04-17T15:12:27.083846,0.000000,0.000000,-1.412760,170.945,S,0,0.000000,0,0.000000,2.332741,2.614048,2.227285,2.092532,9.624691,3.883395,2.190019,0.393160,0.100204,2.227285,-0.310320,-0.178373,-0.453873,0.578027,0.357932,-15.492001,-55.843002,-28.865002,NaN,-1.801833,true,Self-supervised model,0.367600,0.000000,0.000000,0.000000,0.000000,0.000000,1.047348,3.853252,false,false
2026-04-17T15:12:27.091859,0.000000,0.000000,-1.410085,170.792,S,0,0.000000,0,0.000000,2.305058,2.623689,2.159723,1.996764,9.370906,4.041412,2.137463,0.101066,0.292299,2.159723,-0.384845,-0.205251,-0.489914,0.655934,0.436158,-15.492001,-55.843002,-28.865002,NaN,-1.793598,true,Self-supervised model,0.349582,0.000000,0.000000,0.000000,0.000000,0.000000,1.067294,3.292592,false,false
2026-04-17T15:12:27.100331,0.000000,0.000000,-1.406200,170.569,S,0,0.000000,0,0.000000,2.279739,2.631931,2.146815,1.917756,9.066842,4.259285,2.086396,-0.181410,0.472076,2.146815,-0.453262,-0.230907,-0.505186,0.716922,0.508689,-15.492001,-55.843002,-28.865002,NaN,-1.784876,true,Self-supervised model,0.340271,0.000000,0.000000,0.000000,0.000000,0.000000,1.061917,2.994490,false,false
2026-04-17T15:12:27.107396,0.000000,0.000000,-1.401371,170.293,S,0,0.000000,0,0.000000,2.269992,2.639453,2.218815,1.841141,8.769960,4.469975,2.102442,-0.392590,0.590550,2.218815,-0.500299,-0.238848,-0.497244,0.744714,0.554389,-15.492001,-55.843002,-28.865002,NaN,-1.776265,true,Self-supervised model,0.343928,0.000000,0.000000,0.000000,0.000000,0.000000,1.023065,2.979418,false,false
2026-04-17T15:12:27.115948,0.000000,0.000000,-1.395900,169.979,S,0,0.000000,0,0.000000,2.266360,2.646529,2.247295,1.833959,8.542512,4.623203,2.076025,-0.579887,0.635759,2.247295,-0.521068,-0.224798,-0.465479,0.733974,0.567491,-15.492001,-55.843002,-28.865002,NaN,-1.768231,true,Self-supervised model,0.347099,0.000000,0.000000,0.000000,0.000000,0.000000,1.008483,3.061821,false,false
2026-04-17T15:12:27.124019,0.000000,0.000000,-1.391320,169.717,S,0,0.000000,0,0.000000,2.276648,2.653734,2.330656,1.814805,8.339005,4.704607,2.093852,-0.763947,0.681270,2.330656,-0.522290,-0.188757,-0.428217,0.701274,0.555352,-15.492001,-55.843002,-28.865002,NaN,-1.767211,true,Self-supervised model,0.363185,0.000000,0.000000,0.000000,0.000000,0.000000,0.976827,3.323460,false,false
2026-04-17T15:12:27.132197,0.000000,0.000000,-1.387991,169.526,S,0,0.000000,0,0.000000,2.291931,2.661262,2.372171,1.850718,8.137892,4.788404,2.128507,-0.794237,0.682526,2.372171,-0.507018,-0.126449,-0.383623,0.648247,0.522548,-15.492001,-55.843002,-28.865002,NaN,-1.768890,true,Self-supervised model,0.375349,0.000000,0.000000,0.000000,0.000000,0.000000,0.966174,3.659366,false,false
2026-04-17T15:12:27.139965,0.000000,0.000000,-1.386165,169.421,S,0,0.000000,0,0.000000,2.305304,2.669024,2.375511,1.912967,8.090008,4.829105,2.132015,-0.797969,0.678829,2.375511,-0.474031,-0.045815,-0.342695,0.586724,0.476240,-15.492001,-55.843002,-28.865002,NaN,-1.773073,true,Self-supervised model,0.381969,0.000000,0.000000,0.000000,0.000000,0.000000,0.970446,4.048771,false,false
2026-04-17T15:12:27.147739,0.000000,0.000000,-1.385951,169.409,S,0,0.000000,0,0.000000,2.311941,2.676740,2.346787,1.951274,8.068460,4.865018,2.105329,-0.770949,0.693278,2.346787,-0.411723,0.058643,-0.321926,0.525920,0.415879,-15.492001,-55.843002,-28.865002,NaN,-1.779310,true,Self-supervised model,0.384627,0.000000,0.000000,0.000000,0.000000,0.000000,0.985152,4.462255,false,false
2026-04-17T15:12:27.155600,0.000000,0.000000,-1.387306,169.487,S,0,0.000000,0,0.000000,2.301079,2.683714,2.244052,1.963245,8.078036,4.917690,2.028067,-0.685625,0.672779,2.244052,-0.339641,0.166155,-0.320093,0.495402,0.378105,-15.492001,-55.843002,-28.865002,NaN,-1.786939,true,Self-supervised model,0.366245,0.000000,0.000000,0.000000,0.000000,0.000000,1.025413,4.529756,false,false
2026-04-17T15:12:27.163624,0.000000,0.000000,-1.387816,169.516,S,0,0.000000,0,0.000000,2.249953,2.688364,1.981543,1.872266,8.149862,4.924873,1.818547,-0.507552,0.601488,1.981543,-0.232740,0.300546,-0.330478,0.503698,0.380126,-15.492001,-55.843002,-28.865002,NaN,-1.784070,true,Self-supervised model,0.327499,0.000000,0.000000,0.000000,0.000000,0.000000,1.135455,3.933993,false,false
2026-04-17T15:12:27.171561,0.000000,0.000000,-1.387643,169.506,S,0,0.000000,0,0.000000,2.161307,2.689281,1.695915,1.644817,8.317456,4.874595,1.578527,-0.328238,0.525966,1.695915,-0.116064,0.433103,-0.342695,0.564349,0.448386,-15.492001,-55.843002,-28.865002,NaN,-1.781163,true,Self-supervised model,0.292190,0.000000,0.000000,0.000000,0.000000,0.000000,1.274420,3.005082,false,false
2026-04-17T15:12:27.184728,0.000000,0.000000,-1.386867,169.462,S,0,0.000000,0,0.000000,2.024799,2.684702,1.308135,1.381454,8.489840,4.812346,1.231995,-0.121785,0.422579,1.308135,-0.031765,0.513127,-0.339030,0.615832,0.514109,-15.492001,-55.843002,-28.865002,NaN,-1.777974,true,Self-supervised model,0.263002,0.000000,0.000000,0.000000,0.000000,0.000000,1.547853,2.124173,false,false
2026-04-17T15:12:27.188098,0.000000,0.000000,-1.385871,169.405,S,0,0.000000,0,0.000000,1.857813,2.673626,0.981135,1.017536,8.693346,4.714183,0.936886,0.110193,0.269681,0.981135,0.086132,0.585209,-0.309098,0.667405,0.591513,-16.919001,-54.660004,-30.521002,NaN,-1.776104,true,Self-supervised model,0.243620,0.000000,0.000000,0.000000,0.000000,0.000000,1.893535,1.470074,false,false
2026-04-17T15:12:27.196794,0.000000,0.000000,-1.384115,169.304,S,0,0.000000,0,0.000000,1.681579,2.655945,0.756348,0.682347,8.925584,4.558560,0.668289,0.348515,0.063164,0.756348,0.158825,0.590096,-0.250455,0.660429,0.611096,-16.919001,-54.660004,-30.521002,NaN,-1.771304,true,Self-supervised model,0.237567,0.000000,0.000000,0.000000,0.000000,0.000000,2.223287,1.145238,false,false
2026-04-17T15:12:27.203552,0.000000,0.000000,-1.382161,169.192,S,0,0.000000,0,0.000000,1.533835,2.633060,0.758180,0.385466,9.167398,4.343082,0.528930,0.517966,-0.163648,0.758180,0.186925,0.534507,-0.168599,0.590817,0.566250,-16.919001,-54.660004,-30.521002,NaN,-1.768555,true,Self-supervised model,0.228971,0.000000,0.000000,0.000000,0.000000,0.000000,2.023049,1.283274,false,false
2026-04-17T15:12:27.213281,0.000000,0.000000,-1.380238,169.082,S,0,0.000000,0,0.000000,1.434043,2.607099,0.910137,0.222661,9.342175,4.103662,0.404133,0.696681,-0.423865,0.910137,0.176540,0.461203,-0.091019,0.502155,0.493837,-16.919001,-54.660004,-30.521002,NaN,-1.766760,true,Self-supervised model,0.214444,0.000000,0.000000,0.000000,0.000000,0.000000,1.575634,1.812464,false,false
2026-04-17T15:12:27.220377,0.000000,0.000000,-1.380100,169.074,S,0,0.000000,0,0.000000,1.390959,2.580454,1.164768,0.117316,9.526528,3.833117,0.414881,0.880518,-0.639724,1.164768,0.133169,0.351858,-0.008552,0.376313,0.376216,-16.919001,-54.660004,-30.521002,NaN,-1.773762,true,Self-supervised model,0.196276,0.000000,0.000000,0.000000,0.000000,0.000000,1.194194,3.095213,false,false
2026-04-17T15:12:27.229940,0.000000,0.000000,-1.380134,169.076,S,0,0.000000,0,0.000000,1.386268,2.554686,1.361639,0.119710,9.715671,3.605668,0.437073,1.030130,-0.775796,1.361639,0.061087,0.249233,0.057421,0.262956,0.256610,-16.919001,-54.660004,-30.521002,NaN,-1.774485,true,Self-supervised model,0.205130,0.000000,0.000000,0.000000,0.000000,0.000000,1.018088,5.178200,false,false
2026-04-17T15:12:27.235701,0.000000,0.000000,-1.380544,169.099,S,0,0.000000,0,0.000000,1.391933,2.530176,1.421676,0.141258,9.868899,3.462016,0.546754,1.040672,-0.799515,1.421676,-0.018937,0.156382,0.101404,0.187341,0.157524,-16.919001,-54.660004,-30.521002,NaN,-1.776397,true,Self-supervised model,0.218437,0.000000,0.000000,0.000000,0.000000,0.000000,0.979079,7.588726,false,false
2026-04-17T15:12:27.244127,0.000000,0.000000,-1.381422,169.150,S,0,0.000000,0,0.000000,1.398695,2.506917,1.434195,0.256180,9.880871,3.435679,0.626385,1.055703,-0.741652,1.434195,-0.078191,0.093462,0.118508,0.169980,0.121857,-16.919001,-54.660004,-30.521002,NaN,-1.779145,true,Self-supervised model,0.222924,0.000000,0.000000,0.000000,0.000000,0.000000,0.975248,8.437443,false,false
2026-04-17T15:12:27.252693,0.000000,0.000000,-1.382758,169.226,S,0,0.000000,0,0.000000,1.391502,2.484300,1.353737,0.344765,9.895236,3.495534,0.768668,0.960076,-0.565691,1.353737,-0.130114,0.023213,0.111177,0.172711,0.132169,-16.919001,-54.660004,-30.521002,NaN,-1.782315,true,Self-supervised model,0.212391,0.000000,0.000000,0.000000,0.000000,0.000000,1.027897,7.838174,false,false
2026-04-17T15:12:27.259769,0.000000,0.000000,-1.384463,169.324,S,0,0.000000,0,0.000000,1.369499,2.461708,1.253985,0.497994,9.797073,3.677494,0.881382,0.815503,-0.361385,1.253985,-0.162490,-0.053145,0.082467,0.189811,0.170960,-16.919001,-54.660004,-30.521002,NaN,-1.785496,true,Self-supervised model,0.201545,0.000000,0.000000,0.000000,0.000000,0.000000,1.092118,6.606490,false,false
2026-04-17T15:12:27.267567,0.000000,0.000000,-1.386389,169.434,S,0,0.000000,0,0.000000,1.340862,2.438875,1.190516,0.622492,9.648633,3.890578,0.956056,0.671745,-0.228131,1.190516,-0.176540,-0.124617,0.042761,0.220282,0.216092,-16.919001,-54.660004,-30.521002,NaN,-1.788308,true,Self-supervised model,0.195264,0.000000,0.000000,0.000000,0.000000,0.000000,1.126286,5.404510,false,false
2026-04-17T15:12:27.275869,0.000000,0.000000,-1.388350,169.547,S,0,0.000000,0,0.000000,1.301892,2.415395,1.097304,0.708684,9.500193,4.034230,0.999040,0.442778,-0.099714,1.097304,-0.174707,-0.164323,-0.000611,0.239844,0.239843,-16.919001,-54.660004,-30.521002,NaN,-1.790406,true,Self-supervised model,0.192154,0.000000,0.000000,0.000000,0.000000,0.000000,1.186447,4.575077,false,false
2026-04-17T15:12:27.284689,0.000000,0.000000,-1.390842,169.689,S,0,0.000000,0,0.000000,1.250703,2.390808,0.981960,0.778116,9.270349,4.165911,0.967022,0.165812,-0.040256,0.981960,-0.157603,-0.166155,-0.048869,0.234168,0.229012,-16.919001,-54.660004,-30.521002,NaN,-1.795025,true,Self-supervised model,0.192197,0.000000,0.000000,0.000000,0.000000,0.000000,1.273680,4.193403,false,false
2026-04-17T15:12:27.292160,0.000000,0.000000,-1.393625,169.849,S,0,0.000000,0,0.000000,1.198087,2.365099,0.921849,0.770933,8.992621,4.228160,0.915003,-0.099926,-0.050879,0.921849,-0.124006,-0.127060,-0.084299,0.196540,0.177543,-16.919001,-54.660004,-30.521002,NaN,-1.798968,true,Self-supervised model,0.191340,0.000000,0.000000,0.000000,0.000000,0.000000,1.299657,4.690384,false,false
2026-04-17T15:12:27.300332,0.000000,0.000000,-1.396576,170.018,S,0,0.000000,0,0.000000,1.144289,2.338266,0.861851,0.742203,8.726865,4.218584,0.807537,-0.290116,-0.080642,0.861851,-0.085521,-0.047037,-0.107512,0.145207,0.097603,-16.919001,-54.660004,-30.521002,NaN,-1.802595,true,Self-supervised model,0.192925,0.000000,0.000000,0.000000,0.000000,0.000000,1.327711,5.935308,false,false
2026-04-17T15:12:27.307921,0.000000,0.000000,-1.399649,170.194,S,0,0.000000,0,0.000000,1.094201,2.310504,0.831241,0.656011,8.537724,4.187459,0.682384,-0.459916,-0.117436,0.831241,-0.043982,0.039706,-0.113010,0.127602,0.059254,-16.919001,-54.660004,-30.521002,NaN,-1.806155,true,Self-supervised model,0.189482,0.000000,0.000000,0.000000,0.000000,0.000000,1.316347,6.514319,false,false
2026-04-17T15:12:27.316086,0.000000,0.000000,-1.402871,170.379,S,0,0.000000,0,0.000000,1.053174,2.282211,0.837784,0.550666,8.370130,4.146757,0.589615,-0.555982,-0.212418,0.837784,0.006720,0.141721,-0.105069,0.176549,0.141880,-16.919001,-54.660004,-30.521002,NaN,-1.809969,true,Self-supervised model,0.177774,0.000000,0.000000,0.000000,0.000000,0.000000,1.257095,4.745348,false,false
2026-04-17T15:12:27.323776,0.000000,0.000000,-1.405295,170.517,S,0,0.000000,0,0.000000,1.017921,2.253639,0.832837,0.452504,8.274361,4.050989,0.487032,-0.620014,-0.268328,0.832837,0.052534,0.229074,-0.087354,0.250730,0.235021,-16.919001,-54.660004,-30.521002,NaN,-1.809204,true,Self-supervised model,0.169552,0.000000,0.000000,0.000000,0.000000,0.000000,1.222232,3.321647,false,false
2026-04-17T15:12:27.331844,0.000000,0.000000,-1.407127,170.622,S,0,0.000000,0,0.000000,0.976086,2.224537,0.756456,0.342371,8.212111,3.991134,0.397662,-0.556081,-0.323829,0.756456,0.091019,0.285274,-0.056810,0.304784,0.299442,-16.919001,-54.660004,-30.521002,NaN,-1.808672,true,Self-supervised model,0.169743,0.000000,0.000000,0.000000,0.000000,0.000000,1.290341,2.481943,false,false
2026-04-17T15:12:27.342606,0.000000,0.000000,-1.408543,170.704,S,0,0.000000,0,0.000000,0.918102,2.194279,0.613688,0.244209,8.279149,3.928885,0.293411,-0.428488,-0.326987,0.613688,0.118508,0.297491,-0.027489,0.321405,0.320227,-16.919001,-54.660004,-30.521002,NaN,-1.808417,true,Self-supervised model,0.182112,0.000000,0.000000,0.000000,0.000000,0.000000,1.496042,1.909393,false,false
2026-04-17T15:12:27.348041,0.000000,0.000000,-1.409706,170.770,S,0,0.000000,0,0.000000,0.854222,2.162677,0.518853,0.131681,8.410830,3.916914,0.219052,-0.318051,-0.346508,0.518853,0.145997,0.286496,0.005498,0.321598,0.321551,-14.772000,-55.359001,-30.568001,NaN,-1.808573,true,Self-supervised model,0.188334,0.000000,0.000000,0.000000,0.000000,0.000000,1.646368,1.613359,false,false
2026-04-17T15:12:27.356112,0.000000,0.000000,-1.411441,170.870,S,0,0.000000,0,0.000000,0.797270,2.130061,0.498273,0.067038,8.528147,3.883395,0.195267,-0.287387,-0.357149,0.498273,0.177151,0.263283,0.026878,0.318469,0.317333,-14.772000,-55.359001,-30.568001,NaN,-1.812595,true,Self-supervised model,0.182050,0.000000,0.000000,0.000000,0.000000,0.000000,1.600069,1.564585,false,false
2026-04-17T15:12:27.364046,0.000000,0.000000,-1.413610,170.994,S,0,0.000000,0,0.000000,0.765846,2.097492,0.600865,0.052672,8.566454,3.857059,0.238807,-0.312864,-0.454011,0.600865,0.212581,0.248622,0.039706,0.329515,0.327114,-14.772000,-55.359001,-30.568001,NaN,-1.816499,true,Self-supervised model,0.152857,0.000000,0.000000,0.000000,0.000000,0.000000,1.274572,1.823481,false,false
2026-04-17T15:12:27.371725,0.000000,0.000000,-1.416099,171.136,S,0,0.000000,0,0.000000,0.759062,2.065955,0.723449,0.105345,8.549694,3.742137,0.301949,-0.315726,-0.576647,0.723449,0.249844,0.246790,0.051313,0.354908,0.351180,-14.772000,-55.359001,-30.568001,NaN,-1.820266,true,Self-supervised model,0.143455,0.000000,0.000000,0.000000,0.000000,0.000000,1.049227,2.038409,false,false
2026-04-17T15:12:27.381160,0.000000,0.000000,-1.418822,171.293,S,0,0.000000,0,0.000000,0.786615,2.036781,0.931266,0.177171,8.556877,3.598485,0.370689,-0.401042,-0.754328,0.931266,0.274889,0.255953,0.062308,0.380734,0.375601,-14.772000,-55.359001,-30.568001,NaN,-1.823931,true,Self-supervised model,0.169179,0.000000,0.000000,0.000000,0.000000,0.000000,0.844672,2.445977,false,false
2026-04-17T15:12:27.387929,0.000000,0.000000,-1.421711,171.458,S,0,0.000000,0,0.000000,0.833741,2.010660,1.081154,0.253785,8.482656,3.397372,0.404268,-0.444016,-0.899061,1.081154,0.290161,0.273668,0.080023,0.406806,0.398858,-14.772000,-55.359001,-30.568001,NaN,-1.827479,true,Self-supervised model,0.190311,0.000000,0.000000,0.000000,0.000000,0.000000,0.771158,2.657665,false,false
2026-04-17T15:12:27.397764,0.000000,0.000000,-1.424732,171.631,S,0,0.000000,0,0.000000,0.900386,1.988249,1.250270,0.294487,8.451532,3.227384,0.431386,-0.504025,-1.059735,1.250270,0.289550,0.298102,0.097128,0.426776,0.415577,-14.772000,-55.359001,-30.568001,NaN,-1.831027,true,Self-supervised model,0.213440,0.000000,0.000000,0.000000,0.000000,0.000000,0.720153,2.929567,false,false
2026-04-17T15:12:27.404041,0.000000,0.000000,-1.427876,171.811,S,0,0.000000,0,0.000000,0.973488,1.969658,1.357274,0.328006,8.403648,3.040636,0.413434,-0.489734,-1.196423,1.357274,0.277333,0.326202,0.122784,0.445418,0.428160,-14.772000,-55.359001,-30.568001,NaN,-1.834665,true,Self-supervised model,0.221581,0.000000,0.000000,0.000000,0.000000,0.000000,0.717237,3.047193,false,false
2026-04-17T15:12:27.414958,0.000000,0.000000,-1.431160,171.999,S,0,0.000000,0,0.000000,1.048287,1.954804,1.440985,0.316035,8.429984,2.877831,0.442807,-0.482137,-1.283707,1.440985,0.254731,0.342085,0.154549,0.453646,0.426509,-14.772000,-55.359001,-30.568001,NaN,-1.838513,true,Self-supervised model,0.229023,0.000000,0.000000,0.000000,0.000000,0.000000,0.727480,3.176451,false,false
2026-04-17T15:12:27.419841,0.000000,0.000000,-1.434639,172.199,S,0,0.000000,0,0.000000,1.112416,1.943108,1.449091,0.351948,8.449138,2.765303,0.441968,-0.425878,-1.312691,1.449091,0.225409,0.334143,0.185703,0.443787,0.403065,-14.772000,-55.359001,-30.568001,NaN,-1.842765,true,Self-supervised model,0.220750,0.000000,0.000000,0.000000,0.000000,0.000000,0.767664,3.265288,false,false
2026-04-17T15:12:27.430314,0.000000,0.000000,-1.438366,172.412,S,0,0.000000,0,0.000000,1.165321,1.933997,1.443069,0.359130,8.516175,2.712631,0.448596,-0.347107,-1.326924,1.443069,0.192423,0.311541,0.211970,0.423103,0.366175,-14.772000,-55.359001,-30.568001,NaN,-1.847489,true,Self-supervised model,0.217535,0.000000,0.000000,0.000000,0.000000,0.000000,0.807529,3.410685,false,false
2026-04-17T15:12:27.435497,0.000000,0.000000,-1.442388,172.643,S,0,0.000000,0,0.000000,1.211737,1.927106,1.455421,0.375890,8.604761,2.676718,0.443052,-0.200400,-1.371785,1.455421,0.152105,0.282831,0.234572,0.397685,0.321137,-14.772000,-55.359001,-30.568001,NaN,-1.852689,true,Self-supervised model,0.215080,0.000000,0.000000,0.000000,0.000000,0.000000,0.832568,3.659733,false,false
2026-04-17T15:12:27.443733,0.000000,0.000000,-1.446746,172.892,S,0,0.000000,0,0.000000,1.253361,1.922156,1.471886,0.383072,8.760384,2.612074,0.485496,-0.014656,-1.389434,1.471886,0.106901,0.262061,0.248622,0.376719,0.283026,-14.772000,-55.359001,-30.568001,NaN,-1.858390,true,Self-supervised model,0.217156,0.000000,0.000000,0.000000,0.000000,0.000000,0.851534,3.907123,false,false
2026-04-17T15:12:27.452873,0.000000,0.000000,-1.451462,173.163,S,0,0.000000,0,0.000000,1.287155,1.918756,1.464576,0.440533,8.954314,2.576161,0.554684,0.140445,-1.348178,1.464576,0.067195,0.255953,0.255342,0.367731,0.264626,-14.772000,-55.359001,-30.568001,NaN,-1.864540,true,Self-supervised model,0.214431,0.000000,0.000000,0.000000,0.000000,0.000000,0.878859,3.982734,false,false
2026-04-17T15:12:27.459564,0.000000,0.000000,-1.456554,173.454,S,0,0.000000,0,0.000000,1.313270,1.916537,1.450376,0.526724,9.117120,2.600103,0.606005,0.269175,-1.289919,1.450376,0.040928,0.257785,0.250455,0.361740,0.261014,-14.772000,-55.359001,-30.568001,NaN,-1.871134,true,Self-supervised model,0.210509,0.000000,0.000000,0.000000,0.000000,0.000000,0.905469,4.009442,false,false
2026-04-17T15:12:27.467390,0.000000,0.000000,-1.462005,173.767,S,0,0.000000,0,0.000000,1.331518,1.915136,1.427318,0.596156,9.253590,2.640805,0.666445,0.337641,-1.216177,1.427318,0.021380,0.266337,0.234572,0.355551,0.267194,-14.772000,-55.359001,-30.568001,NaN,-1.878022,true,Self-supervised model,0.206880,0.000000,0.000000,0.000000,0.000000,0.000000,0.932881,4.014379,false,false
2026-04-17T15:12:27.475698,0.000000,0.000000,-1.467774,174.097,S,0,0.000000,0,0.000000,1.344724,1.914320,1.414058,0.675165,9.330204,2.695871,0.722495,0.355260,-1.162477,1.414058,0.008552,0.276111,0.202196,0.342336,0.276244,-14.772000,-55.359001,-30.568001,NaN,-1.885067,true,Self-supervised model,0.205751,0.000000,0.000000,0.000000,0.000000,0.000000,0.950968,4.130617,false,false
2026-04-17T15:12:27.483834,0.000000,0.000000,-1.473784,174.442,S,0,0.000000,0,0.000000,1.351844,1.913821,1.389219,0.749385,9.356541,2.729390,0.732102,0.338718,-1.131029,1.389219,0.004887,0.282220,0.160047,0.324479,0.282262,-14.772000,-55.359001,-30.568001,NaN,-1.892036,true,Self-supervised model,0.203664,0.000000,0.000000,0.000000,0.000000,0.000000,0.973096,4.281380,false,false
2026-04-17T15:12:27.491816,0.000000,0.000000,-1.479916,174.793,S,0,0.000000,0,0.000000,1.350270,1.913279,1.342009,0.775721,9.349358,2.738967,0.681361,0.314491,-1.112578,1.342009,0.001222,0.288939,0.120340,0.313000,0.288942,-14.772000,-55.359001,-30.568001,NaN,-1.898657,true,Self-supervised model,0.199272,0.000000,0.000000,0.000000,0.000000,0.000000,1.006156,4.287565,false,false
2026-04-17T15:12:27.502636,0.000000,0.000000,-1.486050,175.144,S,0,0.000000,0,0.000000,1.346487,1.912607,1.326625,0.739808,9.334992,2.734178,0.611006,0.387889,-1.111821,1.326625,-0.009163,0.293215,0.082467,0.304729,0.293358,-14.772000,-55.359001,-30.568001,NaN,-1.904802,true,Self-supervised model,0.198785,0.000000,0.000000,0.000000,0.000000,0.000000,1.014972,4.353453,false,false
2026-04-17T15:12:27.508292,0.000000,0.000000,-1.492088,175.490,S,0,0.000000,0,0.000000,1.337909,1.911619,1.292877,0.682347,9.418790,2.710236,0.508434,0.460950,-1.095697,1.292877,-0.029322,0.296881,0.060476,0.304393,0.298325,-13.899001,-56.327003,-31.186001,NaN,-1.910449,true,Self-supervised model,0.195818,0.000000,0.000000,0.000000,0.000000,0.000000,1.034831,4.247395,false,false
2026-04-17T15:12:27.516030,0.000000,0.000000,-1.497981,175.828,S,0,0.000000,0,0.000000,1.328779,1.910305,1.280844,0.591368,9.502586,2.700660,0.418786,0.572051,-1.066741,1.280844,-0.049480,0.304211,0.042761,0.311161,0.308209,-13.899001,-56.327003,-31.186001,NaN,-1.915766,true,Self-supervised model,0.193912,0.000000,0.000000,0.000000,0.000000,0.000000,1.037425,4.116341,false,false
2026-04-17T15:12:27.524675,0.000000,0.000000,-1.503719,176.157,S,0,0.000000,0,0.000000,1.309612,1.908278,1.208989,0.512359,9.624691,2.703054,0.334611,0.635196,-0.972736,1.208989,-0.073915,0.315817,0.039095,0.326699,0.324352,-13.899001,-56.327003,-31.186001,NaN,-1.920886,true,Self-supervised model,0.188655,0.000000,0.000000,0.000000,0.000000,0.000000,1.083229,3.700617,false,false
2026-04-17T15:12:27.532147,0.000000,0.000000,-1.509316,176.477,S,0,0.000000,0,0.000000,1.278865,1.905101,1.117440,0.438139,9.698911,2.770091,0.289270,0.662432,-0.852162,1.117440,-0.092852,0.329256,0.037874,0.344188,0.342098,-13.899001,-56.327003,-31.186001,NaN,-1.925919,true,Self-supervised model,0.184281,0.000000,0.000000,0.000000,0.000000,0.000000,1.144459,3.246596,false,false
2026-04-17T15:12:27.539884,0.000000,0.000000,-1.514800,176.792,S,0,0.000000,0,0.000000,1.238636,1.900443,1.027436,0.402226,9.737218,2.863465,0.272801,0.644058,-0.752591,1.027436,-0.094073,0.342695,0.046426,0.358393,0.355373,-13.899001,-56.327003,-31.186001,NaN,-1.930949,true,Self-supervised model,0.182042,0.000000,0.000000,0.000000,0.000000,0.000000,1.205561,2.866788,false,false
2026-04-17T15:12:27.547941,0.000000,0.000000,-1.520222,177.102,S,0,0.000000,0,0.000000,1.186605,1.893889,0.913441,0.395043,9.730036,2.935291,0.298479,0.670299,-0.544044,0.913441,-0.086132,0.336587,0.050702,0.351113,0.347433,-13.899001,-56.327003,-31.186001,NaN,-1.936123,true,Self-supervised model,0.183996,0.000000,0.000000,0.000000,0.000000,0.000000,1.299050,2.601561,false,false
2026-04-17T15:12:27.556256,0.000000,0.000000,-1.525527,177.406,S,0,0.000000,0,0.000000,1.135967,1.885572,0.870116,0.428562,9.765948,3.119645,0.376837,0.697891,-0.357831,0.870116,-0.068417,0.312152,0.064752,0.326056,0.319562,-13.899001,-56.327003,-31.186001,NaN,-1.940963,true,Self-supervised model,0.180589,0.000000,0.000000,0.000000,0.000000,0.000000,1.305535,2.668607,false,false
2026-04-17T15:12:27.564301,0.000000,0.000000,-1.530720,177.704,S,0,0.000000,0,0.000000,1.108959,1.876508,0.967169,0.514753,9.801862,3.284845,0.583072,0.750579,-0.179094,0.967169,-0.041539,0.262672,0.069639,0.274903,0.265936,-13.899001,-56.327003,-31.186001,NaN,-1.945704,true,Self-supervised model,0.169224,0.000000,0.000000,0.000000,0.000000,0.000000,1.146603,3.518221,false,false
2026-04-17T15:12:27.572005,0.000000,0.000000,-1.535841,177.997,S,0,0.000000,0,0.000000,1.106585,1.867711,1.094122,0.730232,9.861717,3.445256,0.766588,0.775146,-0.092694,1.094122,-0.003054,0.227242,0.061087,0.235329,0.227262,-13.899001,-56.327003,-31.186001,NaN,-1.950536,true,Self-supervised model,0.173373,0.000000,0.000000,0.000000,0.000000,0.000000,1.011391,4.649327,false,false
2026-04-17T15:12:27.582385,0.000000,0.000000,-1.540905,178.287,S,0,0.000000,0,0.000000,1.115535,1.859624,1.162523,0.924162,9.892841,3.514688,0.895707,0.739977,-0.040021,1.162523,0.039095,0.220522,0.036041,0.226842,0.223961,-13.899001,-56.327003,-31.186001,NaN,-1.955377,true,Self-supervised model,0.181884,0.000000,0.000000,0.000000,0.000000,0.000000,0.959581,5.124802,false,false
2026-04-17T15:12:27.588466,0.000000,0.000000,-1.545856,178.571,S,0,0.000000,0,0.000000,1.124100,1.852203,1.169063,1.063026,9.864111,3.550601,0.929227,0.709125,-0.019678,1.169063,0.097128,0.237627,-0.006720,0.256798,0.256710,-13.899001,-56.327003,-31.186001,NaN,-1.959874,true,Self-supervised model,0.180372,0.000000,0.000000,0.000000,0.000000,0.000000,0.961539,4.552457,false,false
2026-04-17T15:12:27.595755,0.000000,0.000000,-1.550583,178.842,S,0,0.000000,0,0.000000,1.125704,1.845143,1.134128,1.103727,9.840169,3.552995,0.869139,0.727685,0.036305,1.134128,0.158825,0.271224,-0.055589,0.319183,0.314305,-13.899001,-56.327003,-31.186001,NaN,-1.963704,true,Self-supervised model,0.173926,0.000000,0.000000,0.000000,0.000000,0.000000,0.992572,3.553218,false,false
2026-04-17T15:12:27.603439,0.000000,0.000000,-1.554923,179.091,S,0,0.000000,0,0.000000,1.117752,1.838047,1.076006,1.046266,9.866506,3.588908,0.782425,0.735694,0.065986,1.076006,0.225409,0.298102,-0.098349,0.386454,0.373730,-13.899001,-56.327003,-31.186001,NaN,-1.966496,true,Self-supervised model,0.167596,0.000000,0.000000,0.000000,0.000000,0.000000,1.038798,2.784303,false,false
2026-04-17T15:12:27.613187,0.000000,0.000000,-1.558746,179.310,S,0,0.000000,0,0.000000,1.101207,1.830574,1.014342,0.957681,9.883265,3.596091,0.682284,0.749824,0.033803,1.014342,0.276722,0.308487,-0.121562,0.431876,0.414414,-13.899001,-56.327003,-31.186001,NaN,-1.968251,true,Self-supervised model,0.164275,0.000000,0.000000,0.000000,0.000000,0.000000,1.085636,2.348690,false,false
2026-04-17T15:12:27.620258,0.000000,0.000000,-1.561993,179.496,S,0,0.000000,0,0.000000,1.077916,1.822467,0.955642,0.852336,9.907207,3.538630,0.584062,0.755734,-0.031434,0.955642,0.329256,0.306043,-0.132558,0.468662,0.449525,-13.899001,-56.327003,-31.186001,NaN,-1.969194,true,Self-supervised model,0.161588,0.000000,0.000000,0.000000,0.000000,0.000000,1.127950,2.039086,false,false
2026-04-17T15:12:27.627680,0.000000,0.000000,-1.564675,179.649,S,0,0.000000,0,0.000000,1.057117,1.813853,0.947918,0.746991,9.923966,3.445256,0.527500,0.770394,-0.163662,0.947918,0.364687,0.296270,-0.138056,0.489726,0.469864,-13.899001,-56.327003,-31.186001,NaN,-1.969617,true,Self-supervised model,0.158835,0.000000,0.000000,0.000000,0.000000,0.000000,1.115198,1.935610,false,false
2026-04-17T15:12:27.635996,0.000000,0.000000,-1.566842,179.773,S,0,0.000000,0,0.000000,1.042122,1.804984,0.963397,0.682347,9.950302,3.282450,0.509256,0.767671,-0.281912,0.963397,0.390954,0.285274,-0.134390,0.502282,0.483969,-13.899001,-56.327003,-31.186001,NaN,-1.969721,true,Self-supervised model,0.156825,0.000000,0.000000,0.000000,0.000000,0.000000,1.081716,1.918041,false,false
2026-04-17T15:12:27.643475,0.000000,0.000000,-1.568580,179.873,S,0,0.000000,0,0.000000,1.040062,1.796387,1.029252,0.656011,9.959879,3.131616,0.538544,0.781293,-0.398638,1.029252,0.405615,0.276722,-0.130114,0.507964,0.491017,-13.899001,-56.327003,-31.186001,NaN,-1.969746,true,Self-supervised model,0.158571,0.000000,0.000000,0.000000,0.000000,0.000000,1.010503,2.026229,false,false
2026-04-17T15:12:27.651667,0.000000,0.000000,-1.569981,179.953,S,0,0.000000,0,0.000000,1.048021,1.788452,1.089801,0.677559,9.986216,2.980781,0.550712,0.823378,-0.454347,1.089801,0.413556,0.263894,-0.125227,0.506310,0.490580,-13.899001,-56.327003,-31.186001,NaN,-1.969796,true,Self-supervised model,0.165032,0.000000,0.000000,0.000000,0.000000,0.000000,0.961663,2.152436,false,false
2026-04-17T15:12:27.663090,0.000000,0.000000,-1.571113,180.018,S,0,0.000000,0,0.000000,1.061831,1.781388,1.134338,0.682347,10.041282,2.889802,0.548486,0.877570,-0.464496,1.134338,0.414167,0.244957,-0.131336,0.498786,0.481184,-13.899001,-56.327003,-31.186001,NaN,-1.969856,true,Self-supervised model,0.171712,0.000000,0.000000,0.000000,0.000000,0.000000,0.936080,2.274200,false,false
2026-04-17T15:12:27.667526,0.000000,0.000000,-1.571998,180.069,S,0,0.000000,0,0.000000,1.073463,1.775071,1.134526,0.672771,10.108319,2.844312,0.505909,0.891247,-0.486708,1.134526,0.408058,0.229074,-0.138666,0.488073,0.467960,-12.469001,-55.766003,-30.177002,NaN,-1.969752,true,Self-supervised model,0.171272,0.000000,0.000000,0.000000,0.000000,0.000000,0.946177,2.324503,false,false
2026-04-17T15:12:27.675699,0.000000,0.000000,-1.572631,180.105,S,0,0.000000,0,0.000000,1.075826,1.769101,1.088236,0.622492,10.134656,2.786851,0.476183,0.852475,-0.480410,1.088236,0.405615,0.222966,-0.151495,0.487019,0.462857,-12.469001,-55.766003,-30.177002,NaN,-1.969375,true,Self-supervised model,0.167680,0.000000,0.000000,0.000000,0.000000,0.000000,0.988596,2.234485,false,false
2026-04-17T15:12:27.683756,0.000000,0.000000,-1.572981,180.125,S,0,0.000000,0,0.000000,1.078154,1.763463,1.090373,0.584185,10.108319,2.758120,0.461920,0.873889,-0.460284,1.090373,0.396452,0.209527,-0.166766,0.478421,0.448414,-12.469001,-55.766003,-30.177002,NaN,-1.968597,true,Self-supervised model,0.168661,0.000000,0.000000,0.000000,0.000000,0.000000,0.988794,2.279110,false,false
2026-04-17T15:12:27.691617,0.000000,0.000000,-1.573004,180.127,S,0,0.000000,0,0.000000,1.078562,1.758067,1.080705,0.560243,10.141838,2.743755,0.472646,0.874270,-0.424478,1.080705,0.377515,0.193033,-0.182649,0.461671,0.424004,-12.469001,-55.766003,-30.177002,NaN,-1.967309,true,Self-supervised model,0.168185,0.000000,0.000000,0.000000,0.000000,0.000000,0.998017,2.340858,false,false
2026-04-17T15:12:27.699598,0.000000,0.000000,-1.572660,180.107,S,0,0.000000,0,0.000000,1.071668,1.752611,1.035474,0.560243,10.153810,2.746149,0.422521,0.880169,-0.344943,1.035474,0.358578,0.186314,-0.198531,0.450228,0.404093,-12.469001,-55.766003,-30.177002,NaN,-1.965497,true,Self-supervised model,0.164369,0.000000,0.000000,0.000000,0.000000,0.000000,1.034954,2.299887,false,false
2026-04-17T15:12:27.707535,0.000000,0.000000,-1.571897,180.063,S,0,0.000000,0,0.000000,1.057358,1.746801,0.982229,0.497994,10.170568,2.794033,0.383482,0.848489,-0.312701,0.982229,0.335365,0.194866,-0.215025,0.443484,0.387869,-12.469001,-55.766003,-30.177002,NaN,-1.963059,true,Self-supervised model,0.161459,0.000000,0.000000,0.000000,0.000000,0.000000,1.076488,2.214802,false,false
2026-04-17T15:12:27.716243,0.000000,0.000000,-1.570685,179.994,S,0,0.000000,0,0.000000,1.031597,1.740193,0.896353,0.445322,10.149021,2.796427,0.343932,0.795963,-0.227161,0.896353,0.312763,0.226631,-0.226020,0.447512,0.386241,-12.469001,-55.766003,-30.177002,NaN,-1.960051,true,Self-supervised model,0.160964,0.000000,0.000000,0.000000,0.000000,0.000000,1.150882,2.002968,false,false
2026-04-17T15:12:27.723450,0.000000,0.000000,-1.569008,179.898,S,0,0.000000,0,0.000000,0.995243,1.732395,0.804381,0.390255,10.105926,2.853889,0.255794,0.748986,-0.143591,0.804381,0.290161,0.275500,-0.230907,0.461965,0.400117,-12.469001,-55.766003,-30.177002,NaN,-1.956513,true,Self-supervised model,0.163615,0.000000,0.000000,0.000000,0.000000,0.000000,1.237277,1.741216,false,false
2026-04-17T15:12:27.732049,0.000000,0.000000,-1.566895,179.776,S,0,0.000000,0,0.000000,0.956655,1.723365,0.754071,0.284910,10.067618,2.911349,0.121153,0.743425,-0.035539,0.754071,0.273668,0.329867,-0.221133,0.482293,0.428610,-12.469001,-55.766003,-30.177002,NaN,-1.952656,true,Self-supervised model,0.163108,0.000000,0.000000,0.000000,0.000000,0.000000,1.268655,1.563512,false,false
2026-04-17T15:12:27.739604,0.000000,0.000000,-1.564412,179.634,S,0,0.000000,0,0.000000,0.917000,1.713111,0.708814,0.131681,10.070012,2.995146,0.004519,0.705012,0.073171,0.708814,0.256563,0.398284,-0.208916,0.517785,0.473767,-12.469001,-55.766003,-30.177002,NaN,-1.948694,true,Self-supervised model,0.161462,0.000000,0.000000,0.000000,0.000000,0.000000,1.293712,1.368935,false,false
2026-04-17T15:12:27.748057,0.000000,0.000000,-1.561643,179.476,S,0,0.000000,0,0.000000,0.897538,1.702488,0.795358,-0.004788,10.038888,3.081338,-0.165775,0.748561,0.211588,0.795358,0.249233,0.464868,-0.194255,0.562099,0.527465,-12.469001,-55.766003,-30.177002,NaN,-1.944778,true,Self-supervised model,0.147065,0.000000,0.000000,0.000000,0.000000,0.000000,1.128470,1.414980,false,false
2026-04-17T15:12:27.756340,0.000000,0.000000,-1.558642,179.304,S,0,0.000000,0,0.000000,0.911524,1.692849,0.984954,-0.196325,10.089166,3.198653,-0.306047,0.871447,0.342126,0.984954,0.255342,0.524122,-0.171653,0.607757,0.583013,-12.469001,-55.766003,-30.177002,NaN,-1.940851,true,Self-supervised model,0.157259,0.000000,0.000000,0.000000,0.000000,0.000000,0.925448,1.620638,false,false
2026-04-17T15:12:27.763540,0.000000,0.000000,-1.555457,179.121,S,0,0.000000,0,0.000000,0.963100,1.685659,1.233875,-0.359130,10.218452,3.308787,-0.371296,1.080465,0.466028,1.233875,0.277944,0.548557,-0.149662,0.632903,0.614953,-12.469001,-55.766003,-30.177002,NaN,-1.936933,true,Self-supervised model,0.198235,0.000000,0.000000,0.000000,0.000000,0.000000,0.780549,1.949548,false,false
2026-04-17T15:12:27.771428,0.000000,0.000000,-1.552123,178.930,S,0,0.000000,0,0.000000,1.047274,1.682124,1.489186,-0.447716,10.433931,3.411737,-0.478391,1.269745,0.613648,1.489186,0.318261,0.546114,-0.118508,0.643097,0.632084,-12.469001,-55.766003,-30.177002,NaN,-1.933002,true,Self-supervised model,0.237675,0.000000,0.000000,0.000000,0.000000,0.000000,0.703253,2.315646,false,false
2026-04-17T15:12:27.780290,0.000000,0.000000,-1.548742,178.736,S,0,0.000000,0,0.000000,1.145307,1.682651,1.659978,-0.577003,10.630256,3.536236,-0.507065,1.436392,0.659691,1.659978,0.372628,0.507629,-0.081856,0.635011,0.629713,-12.469001,-55.766003,-30.177002,NaN,-1.929432,true,Self-supervised model,0.259976,0.000000,0.000000,0.000000,0.000000,0.000000,0.689953,2.614094,false,false
2026-04-17T15:12:27.788103,0.000000,0.000000,-1.545460,178.548,S,0,0.000000,0,0.000000,1.238886,1.686900,1.730177,-0.624887,10.805033,3.555390,-0.494168,1.532389,0.633320,1.730177,0.429438,0.453262,-0.041539,0.625771,0.624391,-12.469001,-55.766003,-30.177002,NaN,-1.926542,true,Self-supervised model,0.266214,0.000000,0.000000,0.000000,0.000000,0.000000,0.716046,2.764873,false,false
2026-04-17T15:12:27.797363,0.000000,0.000000,-1.542421,178.374,S,0,0.000000,0,0.000000,1.318337,1.694158,1.735453,-0.627281,10.910378,3.497929,-0.543406,1.577250,0.478321,1.735453,0.459982,0.408669,0.006720,0.615336,0.615299,-12.469001,-55.766003,-30.177002,NaN,-1.924480,true,Self-supervised model,0.265009,0.000000,0.000000,0.000000,0.000000,0.000000,0.759650,2.820334,false,false
2026-04-17T15:12:27.804085,0.000000,0.000000,-1.539799,178.224,S,0,0.000000,0,0.000000,1.372927,1.703309,1.659528,-0.687136,10.965444,3.308787,-0.509320,1.559376,0.250943,1.659528,0.479529,0.398895,0.069639,0.627627,0.623751,-12.469001,-55.766003,-30.177002,NaN,-1.923526,true,Self-supervised model,0.247197,0.000000,0.000000,0.000000,0.000000,0.000000,0.827300,2.644132,false,false
2026-04-17T15:12:27.813601,0.000000,0.000000,-1.537829,178.111,S,0,0.000000,0,0.000000,1.397372,1.713071,1.525708,-0.658405,10.958261,3.045424,-0.392616,1.474238,-0.016037,1.525708,0.488081,0.444099,0.117897,0.670334,0.659884,-12.469001,-55.766003,-30.177002,NaN,-1.924161,true,Self-supervised model,0.223849,0.000000,0.000000,0.000000,0.000000,0.000000,0.915885,2.276042,false,false
2026-04-17T15:12:27.823099,0.000000,0.000000,-1.536674,178.045,S,0,0.000000,0,0.000000,1.414903,1.723144,1.506941,-0.543484,10.884041,2.741361,-0.264666,1.458598,-0.270766,1.506941,0.486249,0.527177,0.131947,0.729221,0.717184,-12.469001,-55.766003,-30.177002,NaN,-1.926267,true,Self-supervised model,0.222107,0.000000,0.000000,0.000000,0.000000,0.000000,0.938924,2.066508,false,false
2026-04-17T15:12:27.830604,0.000000,0.000000,-1.536333,178.025,S,0,0.000000,0,0.000000,1.430604,1.733443,1.513035,-0.416591,10.879252,2.449268,-0.199302,1.409826,-0.511804,1.513035,0.470366,0.595594,0.114843,0.767571,0.758931,-11.214001,-57.538002,-26.692001,NaN,-1.929185,true,Self-supervised model,0.224340,0.000000,0.000000,0.000000,0.000000,0.000000,0.945520,1.971199,false,false
2026-04-17T15:12:27.835320,0.000000,0.000000,-1.536613,178.041,S,0,0.000000,0,0.000000,1.452926,1.744222,1.570116,-0.354342,10.840945,2.171541,-0.127705,1.383507,-0.731344,1.570116,0.425162,0.629191,0.063530,0.762024,0.759371,-11.214001,-57.538002,-26.692001,NaN,-1.931943,true,Self-supervised model,0.233419,0.000000,0.000000,0.000000,0.000000,0.000000,0.925362,2.060455,false,false
2026-04-17T15:12:27.844202,0.000000,0.000000,-1.537174,178.074,S,0,0.000000,0,0.000000,1.488337,1.755987,1.674247,-0.289698,10.824186,1.917756,-0.152475,1.397005,-0.910072,1.674247,0.346971,0.587652,-0.005498,0.682462,0.682440,-11.214001,-57.538002,-26.692001,NaN,-1.933630,true,Self-supervised model,0.251898,0.000000,0.000000,0.000000,0.000000,0.000000,0.888959,2.453245,false,false
2026-04-17T15:12:27.851932,0.000000,0.000000,-1.537612,178.099,S,0,0.000000,0,0.000000,1.529640,1.768933,1.746476,-0.325611,10.845734,1.709460,-0.175980,1.391160,-1.041097,1.746476,0.238848,0.483805,-0.080634,0.545544,0.539552,-11.214001,-57.538002,-26.692001,NaN,-1.933578,true,Self-supervised model,0.265915,0.000000,0.000000,0.000000,0.000000,0.000000,0.875844,3.201349,false,false
2026-04-17T15:12:27.859961,0.000000,0.000000,-1.537545,178.095,S,0,0.000000,0,0.000000,1.574673,1.783162,1.811096,-0.363919,10.845734,1.556231,-0.302234,1.363991,-1.152498,1.811096,0.120340,0.361632,-0.141110,0.406413,0.381129,-11.214001,-57.538002,-26.692001,NaN,-1.931493,true,Self-supervised model,0.281829,0.000000,0.000000,0.000000,0.000000,0.000000,0.869459,4.456291,false,false
2026-04-17T15:12:27.867471,0.000000,0.000000,-1.536707,178.047,S,0,0.000000,0,0.000000,1.611982,1.798315,1.807858,-0.507571,10.821792,1.431733,-0.422677,1.260900,-1.224675,1.807858,-0.037874,0.213192,-0.182649,0.283277,0.216530,-11.214001,-57.538002,-26.692001,NaN,-1.927567,true,Self-supervised model,0.287819,0.000000,0.000000,0.000000,0.000000,0.000000,0.891653,6.381949,false,false
2026-04-17T15:12:27.875617,0.000000,0.000000,-1.534998,177.949,S,0,0.000000,0,0.000000,1.632502,1.813683,1.740232,-0.646434,10.718841,1.357512,-0.508657,1.094119,-1.254025,1.740232,-0.205862,0.080634,-0.190590,0.291900,0.221090,-11.214001,-57.538002,-26.692001,NaN,-1.922376,true,Self-supervised model,0.270930,0.000000,0.000000,0.000000,0.000000,0.000000,0.938095,5.961748,false,false
2026-04-17T15:12:27.883872,0.000000,0.000000,-1.532572,177.810,S,0,0.000000,0,0.000000,1.618535,1.827877,1.545206,-0.749385,10.548853,1.338359,-0.508506,0.794283,-1.224009,1.545206,-0.356745,0.003054,-0.179594,0.399413,0.356758,-11.214001,-57.538002,-26.692001,NaN,-1.917079,true,Self-supervised model,0.234154,0.000000,0.000000,0.000000,0.000000,0.000000,1.047456,3.868692,false,false
2026-04-17T15:12:27.892187,0.000000,0.000000,-1.529703,177.646,S,0,0.000000,0,0.000000,1.548859,1.838716,1.183063,-0.763750,10.242394,1.391031,-0.403192,0.471504,-1.007353,1.183063,-0.509462,-0.050702,-0.161879,0.536961,0.511978,-11.214001,-57.538002,-26.692001,NaN,-1.912443,true,Self-supervised model,0.222049,0.000000,0.000000,0.000000,0.000000,0.000000,1.309194,2.203259,false,false
2026-04-17T15:12:27.899564,0.000000,0.000000,-1.526684,177.473,S,0,0.000000,0,0.000000,1.435799,1.844599,0.842232,-0.670376,9.909601,1.642422,-0.335344,0.156197,-0.756639,0.842232,-0.637743,-0.081245,-0.150884,0.660366,0.642898,-11.214001,-57.538002,-26.692001,NaN,-1.908822,true,Self-supervised model,0.225046,0.000000,0.000000,0.000000,0.000000,0.000000,1.704755,1.275402,false,false
2026-04-17T15:12:27.907280,0.000000,0.000000,-1.523694,177.301,S,0,0.000000,0,0.000000,1.298785,1.844767,0.579463,-0.612916,9.581595,1.936909,-0.339517,-0.094690,-0.459934,0.579463,-0.728151,-0.079412,-0.154549,0.748596,0.732469,-11.214001,-57.538002,-26.692001,NaN,-1.905947,true,Self-supervised model,0.226529,0.000000,0.000000,0.000000,0.000000,0.000000,2.241360,0.774066,false,false
2026-04-17T15:12:27.916545,0.000000,0.000000,-1.520796,177.135,S,0,0.000000,0,0.000000,1.179301,1.840148,0.552009,-0.627281,9.315839,2.284068,-0.354260,-0.391923,-0.160030,0.552009,-0.777631,-0.042150,-0.163712,0.795794,0.778773,-11.214001,-57.538002,-26.692001,NaN,-1.903415,true,Self-supervised model,0.219654,0.000000,0.000000,0.000000,0.000000,0.000000,2.136381,0.693657,false,false
2026-04-17T15:12:27.923975,0.000000,0.000000,-1.517955,176.972,S,0,0.000000,0,0.000000,1.111061,1.832985,0.752802,-0.653617,9.002198,2.638410,-0.388125,-0.645009,-0.005795,0.752802,-0.805120,0.054367,-0.167988,0.824254,0.806954,-11.214001,-57.538002,-26.692001,NaN,-1.900804,true,Self-supervised model,0.185676,0.000000,0.000000,0.000000,0.000000,0.000000,1.475901,0.913313,false,false
2026-04-17T15:12:27.931571,0.000000,0.000000,-1.515136,176.811,S,0,0.000000,0,0.000000,1.086570,1.825128,0.957989,-0.701501,8.731653,2.849100,-0.505022,-0.806858,0.108059,0.957989,-0.798401,0.219301,-0.167988,0.844841,0.827971,-11.214001,-57.538002,-26.692001,NaN,-1.898074,true,Self-supervised model,0.156083,0.000000,0.000000,0.000000,0.000000,0.000000,1.134219,1.133928,false,false
2026-04-17T15:12:27.939943,0.000000,0.000000,-1.511776,176.618,S,0,0.000000,0,0.000000,1.111420,1.818580,1.241881,-0.842759,8.556877,3.002329,-0.846756,-0.889741,0.183400,1.241881,-0.781297,0.420275,-0.149051,0.899595,0.887162,-11.214001,-57.538002,-26.692001,NaN,-1.892550,true,Self-supervised model,0.178471,0.000000,0.000000,0.000000,0.000000,0.000000,0.894948,1.380489,false,false
2026-04-17T15:12:27.947950,0.000000,0.000000,-1.508558,176.434,S,0,0.000000,0,0.000000,1.194745,1.815626,1.632202,-1.206678,8.456321,3.131616,-1.211789,-0.927331,0.579403,1.632202,-0.744034,0.574824,-0.113621,0.947058,0.940218,-11.214001,-57.538002,-26.692001,NaN,-1.889901,true,Self-supervised model,0.244715,0.000000,0.000000,0.000000,0.000000,0.000000,0.731983,1.723445,false,false
2026-04-17T15:12:27.956592,0.000000,0.000000,-1.505579,176.263,S,0,0.000000,0,0.000000,1.334176,1.818368,2.066193,-1.596933,8.401254,3.579332,-1.573751,-0.977732,0.914604,2.066193,-0.671341,0.669508,-0.062308,0.950170,0.948124,-11.214001,-57.538002,-26.692001,NaN,-1.887874,true,Self-supervised model,0.304379,0.000000,0.000000,0.000000,0.000000,0.000000,0.645717,2.174551,false,false
2026-04-17T15:12:27.964330,0.000000,0.000000,-1.502968,176.114,S,0,0.000000,0,0.000000,1.491641,1.827299,2.318328,-1.984793,8.334216,3.962404,-1.609884,-0.835587,1.443854,2.318328,-0.565050,0.691499,-0.005498,0.893019,0.893002,-11.214001,-57.538002,-26.692001,NaN,-1.886735,true,Self-supervised model,0.339168,0.000000,0.000000,0.000000,0.000000,0.000000,0.643412,2.596056,false,false
2026-04-17T15:12:27.971728,0.000000,0.000000,-1.500873,175.994,S,0,0.000000,0,0.000000,1.644765,1.841998,2.448664,-2.044648,8.461109,4.534618,-1.458498,-0.613062,1.868929,2.448664,-0.359800,0.646295,-0.001222,0.739699,0.739698,-11.214001,-57.538002,-26.692001,NaN,-1.886709,true,Self-supervised model,0.369757,0.000000,0.000000,0.000000,0.000000,0.000000,0.671699,3.310351,false,false
2026-04-17T15:12:27.982562,0.000000,0.000000,-1.499200,175.898,S,0,0.000000,0,0.000000,1.783761,1.861668,2.513491,-1.915361,8.671799,4.991910,-1.482258,-0.531792,1.959017,2.513491,-0.148440,0.541227,-0.006720,0.561254,0.561214,-11.214001,-57.538002,-26.692001,NaN,-1.886723,true,Self-supervised model,0.401468,0.000000,0.000000,0.000000,0.000000,0.000000,0.709675,4.478350,false,false
2026-04-17T15:12:27.987671,0.000000,0.000000,-1.497635,175.808,S,0,0.000000,0,0.000000,1.859274,1.883573,2.255720,-1.960851,8.746018,5.099649,-1.263191,-0.474755,1.807547,2.255720,0.064141,0.350026,-0.010996,0.356024,0.355854,-9.501000,-59.143002,-24.448002,NaN,-1.885587,true,Self-supervised model,0.384020,0.000000,0.000000,0.000000,0.000000,0.000000,0.824249,6.335867,false,false
2026-04-17T15:12:27.997536,0.000000,0.000000,-1.495992,175.714,S,0,0.000000,0,0.000000,1.851454,1.904288,1.810400,-1.759738,8.801085,4.951209,-0.997947,-0.620315,1.377264,1.810400,0.216246,0.113010,-0.040317,0.247304,0.243995,-9.501000,-59.143002,-24.448002,NaN,-1.883635,true,Self-supervised model,0.311961,0.000000,0.000000,0.000000,0.000000,0.000000,1.022677,7.320547,false,false
2026-04-17T15:12:28.003177,0.000000,0.000000,-1.494078,175.604,S,0,0.000000,0,0.000000,1.803728,1.922266,1.553163,-1.508347,8.657434,4.513070,-0.841040,-0.876071,0.968228,1.553163,0.312763,-0.098349,-0.074526,0.336225,0.327862,-9.501000,-59.143002,-24.448002,NaN,-1.880632,true,Self-supervised model,0.266474,0.000000,0.000000,0.000000,0.000000,0.000000,1.161326,4.619413,false,false
2026-04-17T15:12:28.012522,0.000000,0.000000,-1.491680,175.467,S,0,0.000000,0,0.000000,1.758279,1.937706,1.519675,-1.362301,8.406042,4.089296,-0.734247,-1.202898,0.568621,1.519675,0.361632,-0.236405,-0.108734,0.445520,0.432048,-9.501000,-59.143002,-24.448002,NaN,-1.876301,true,Self-supervised model,0.253374,0.000000,0.000000,0.000000,0.000000,0.000000,1.157010,3.411013,false,false
2026-04-17T15:12:28.019646,0.000000,0.000000,-1.488692,175.296,S,0,0.000000,0,0.000000,1.759786,1.952589,1.767700,-1.264138,8.085219,3.670311,-0.718024,-1.585675,0.307956,1.767700,0.377515,-0.373239,-0.141721,0.549463,0.530871,-9.501000,-59.143002,-24.448002,NaN,-1.870957,true,Self-supervised model,0.267799,0.000000,0.000000,0.000000,0.000000,0.000000,0.995524,3.217142,false,false
2026-04-17T15:12:28.029800,0.000000,0.000000,-1.485087,175.089,S,0,0.000000,0,0.000000,1.803109,1.968610,2.030549,-1.254562,7.709330,3.387795,-0.778465,-1.875151,0.030508,2.030549,0.349415,-0.466701,-0.152716,0.602680,0.583010,-9.501000,-59.143002,-24.448002,NaN,-1.864878,true,Self-supervised model,0.315740,0.000000,0.000000,0.000000,0.000000,0.000000,0.887991,3.369201,false,false
2026-04-17T15:12:28.035651,0.000000,0.000000,-1.480952,174.852,S,0,0.000000,0,0.000000,1.847464,1.985764,2.080331,-1.319205,7.426814,3.088520,-0.795312,-1.919649,-0.101026,2.080331,0.293215,-0.492357,-0.160047,0.594984,0.573054,-9.501000,-59.143002,-24.448002,NaN,-1.858627,true,Self-supervised model,0.320941,0.000000,0.000000,0.000000,0.000000,0.000000,0.888062,3.496450,false,false
2026-04-17T15:12:28.043423,0.000000,0.000000,-1.476452,174.594,S,0,0.000000,0,0.000000,1.850756,2.002364,1.868037,-1.338359,7.388506,2.937685,-1.029961,-1.553535,-0.123584,1.868037,0.242514,-0.487470,-0.161879,0.568019,0.544463,-9.501000,-59.143002,-24.448002,NaN,-1.852664,true,Self-supervised model,0.285586,0.000000,0.000000,0.000000,0.000000,0.000000,0.990749,3.288690,false,false
2026-04-17T15:12:28.051610,0.000000,0.000000,-1.471685,174.321,S,0,0.000000,0,0.000000,1.820031,2.017071,1.658726,-1.575385,7.759608,2.899378,-1.137728,-1.175159,-0.275589,1.658726,0.200364,-0.423940,-0.101404,0.479744,0.468904,-9.501000,-59.143002,-24.448002,NaN,-1.846833,true,Self-supervised model,0.259988,0.000000,0.000000,0.000000,0.000000,0.000000,1.097246,3.457526,false,false
2026-04-17T15:12:28.059683,0.000000,0.000000,-1.466579,174.029,S,0,0.000000,0,0.000000,1.765022,2.028989,1.476225,-1.690306,8.140285,2.738967,-0.992211,-1.021314,-0.389456,1.476225,0.128282,-0.354913,-0.015882,0.377719,0.377385,-9.501000,-59.143002,-24.448002,NaN,-1.840367,true,Self-supervised model,0.246734,0.000000,0.000000,0.000000,0.000000,0.000000,1.195632,3.908265,false,false
2026-04-17T15:12:28.067471,0.000000,0.000000,-1.461696,173.749,S,0,0.000000,0,0.000000,1.696609,2.037693,1.337441,-1.546654,8.295909,2.619257,-0.793495,-0.911700,-0.572641,1.337441,0.041539,-0.284663,0.031154,0.289360,0.287678,-9.501000,-59.143002,-24.448002,NaN,-1.836378,true,Self-supervised model,0.240058,0.000000,0.000000,0.000000,0.000000,0.000000,1.268549,4.622067,false,false
2026-04-17T15:12:28.075475,0.000000,0.000000,-1.457451,173.506,S,0,0.000000,0,0.000000,1.622911,2.043102,1.235997,-1.345541,8.406042,2.434903,-0.542936,-0.872625,-0.686611,1.235997,-0.066584,-0.184481,0.047647,0.201834,0.196130,-9.501000,-59.143002,-24.448002,NaN,-1.834681,true,Self-supervised model,0.239173,0.000000,0.000000,0.000000,0.000000,0.000000,1.313038,6.123821,false,false
2026-04-17T15:12:28.083706,0.000000,0.000000,-1.454279,173.324,S,0,0.000000,0,0.000000,1.543944,2.045136,1.129364,-1.086968,8.444349,2.324770,-0.406179,-0.893049,-0.559414,1.129364,-0.185703,-0.082467,0.020159,0.204188,0.203191,-9.501000,-59.143002,-24.448002,NaN,-1.835805,true,Self-supervised model,0.231667,0.000000,0.000000,0.000000,0.000000,0.000000,1.367092,5.530998,false,false
2026-04-17T15:12:28.091789,0.000000,0.000000,-1.451988,173.193,S,0,0.000000,0,0.000000,1.474537,2.044312,1.110150,-0.945710,8.420407,2.463634,-0.507233,-0.817490,-0.553948,1.110150,-0.290772,0.021380,-0.037263,0.293928,0.291557,-9.501000,-59.143002,-24.448002,NaN,-1.837040,true,Self-supervised model,0.216488,0.000000,0.000000,0.000000,0.000000,0.000000,1.328232,3.776941,false,false
2026-04-17T15:12:28.099664,0.000000,0.000000,-1.450230,173.092,S,0,0.000000,0,0.000000,1.395665,2.040366,0.981587,-1.048660,8.489840,2.487576,-0.485500,-0.739581,-0.425233,0.981587,-0.357356,0.121562,-0.078802,0.385604,0.377466,-9.501000,-59.143002,-24.448002,NaN,-1.837412,true,Self-supervised model,0.211893,0.000000,0.000000,0.000000,0.000000,0.000000,1.421845,2.545583,false,false
2026-04-17T15:12:28.107488,0.000000,0.000000,-1.448770,173.008,S,0,0.000000,0,0.000000,1.311077,2.033194,0.866992,-1.034295,8.559271,2.640805,-0.465839,-0.716856,-0.144173,0.866992,-0.441656,0.243124,-0.096517,0.513307,0.504152,-9.501000,-59.143002,-24.448002,NaN,-1.837142,true,Self-supervised model,0.208271,0.000000,0.000000,0.000000,0.000000,0.000000,1.512214,1.689030,false,false
2026-04-17T15:12:28.115908,0.000000,0.000000,-1.447469,172.934,S,0,0.000000,0,0.000000,1.251678,2.023934,0.939831,-1.027112,8.571242,2.952051,-0.679458,-0.647023,0.054589,0.939831,-0.491136,0.375682,-0.127060,0.631265,0.618346,-9.501000,-59.143002,-24.448002,NaN,-1.836480,true,Self-supervised model,0.188941,0.000000,0.000000,0.000000,0.000000,0.000000,1.331812,1.488805,false,false
2026-04-17T15:12:28.123912,0.000000,0.000000,-1.446175,172.860,S,0,0.000000,0,0.000000,1.206991,2.013256,0.972384,-1.259350,8.628703,3.184288,-0.654293,-0.665059,0.274093,0.972384,-0.483805,0.530231,-0.141721,0.731640,0.717783,-9.501000,-59.143002,-24.448002,NaN,-1.835209,true,Self-supervised model,0.176681,0.000000,0.000000,0.000000,0.000000,0.000000,1.241270,1.329046,false,false
2026-04-17T15:12:28.131791,0.000000,0.000000,-1.444882,172.786,S,0,0.000000,0,0.000000,1.222576,2.003629,1.304398,-1.256956,8.597578,3.438074,-0.783522,-0.843742,0.612901,1.304398,-0.453262,0.649961,-0.117286,0.801031,0.792398,-9.501000,-59.143002,-24.448002,NaN,-1.833924,true,Self-supervised model,0.183766,0.000000,0.000000,0.000000,0.000000,0.000000,0.937272,1.628398,false,false
2026-04-17T15:12:28.142406,0.000000,0.000000,-1.443588,172.712,S,0,0.000000,0,0.000000,1.255845,1.995717,1.430505,-1.412579,8.406042,3.809175,-0.860304,-0.794454,0.821624,1.430505,-0.365297,0.750753,-0.106291,0.841648,0.834909,-9.501000,-59.143002,-24.448002,NaN,-1.832626,true,Self-supervised model,0.201673,0.000000,0.000000,0.000000,0.000000,0.000000,0.877903,1.699649,false,false
2026-04-17T15:12:28.148272,0.000000,0.000000,-1.442310,172.638,S,0,0.000000,0,0.000000,1.295767,1.989719,1.505358,-1.517924,8.444349,4.043807,-0.961747,-0.723821,0.904007,1.505358,-0.244346,0.777631,-0.055589,0.817010,0.815117,-8.147000,-58.830002,-27.600000,NaN,-1.831409,true,Self-supervised model,0.210688,0.000000,0.000000,0.000000,0.000000,0.000000,0.860770,1.842520,false,false
2026-04-17T15:12:28.156382,0.000000,0.000000,-1.441107,172.569,S,0,0.000000,0,0.000000,1.319809,1.984923,1.446032,-1.647211,8.506598,4.144363,-0.985399,-0.639331,0.843358,1.446032,-0.136834,0.752586,-0.004887,0.764940,0.764924,-8.147000,-58.830002,-27.600000,NaN,-1.830510,true,Self-supervised model,0.201337,0.000000,0.000000,0.000000,0.000000,0.000000,0.912711,1.890386,false,false
2026-04-17T15:12:28.163439,0.000000,0.000000,-1.440088,172.511,S,0,0.000000,0,0.000000,1.321698,1.980394,1.331613,-1.695095,8.585608,4.094085,-0.966903,-0.600470,0.691179,1.331613,-0.053145,0.726930,0.028100,0.729411,0.728870,-8.147000,-58.830002,-27.600000,NaN,-1.830224,true,Self-supervised model,0.188146,0.000000,0.000000,0.000000,0.000000,0.000000,0.992554,1.825600,false,false
2026-04-17T15:12:28.171867,0.000000,0.000000,-1.439292,172.465,S,0,0.000000,0,0.000000,1.303726,1.975327,1.209376,-1.697489,8.621520,3.945644,-0.934572,-0.537706,0.547757,1.209376,0.037263,0.693943,0.059865,0.697516,0.694943,-8.147000,-58.830002,-27.600000,NaN,-1.830323,true,Self-supervised model,0.182315,0.000000,0.000000,0.000000,0.000000,0.000000,1.078016,1.733832,false,false
2026-04-17T15:12:28.179477,0.000000,0.000000,-1.438722,172.433,S,0,0.000000,0,0.000000,1.276147,1.969360,1.131356,-1.683124,8.683769,3.799598,-0.931055,-0.417216,0.488910,1.131356,0.119730,0.649961,0.085521,0.666407,0.660896,-8.147000,-58.830002,-27.600000,NaN,-1.830657,true,Self-supervised model,0.180815,0.000000,0.000000,0.000000,0.000000,0.000000,1.127980,1.697696,false,false
2026-04-17T15:12:28.187509,0.000000,0.000000,-1.438348,172.411,S,0,0.000000,0,0.000000,1.239175,1.962153,1.045070,-1.695095,8.805874,3.732560,-0.907001,-0.310703,0.415915,1.045070,0.186925,0.573602,0.115454,0.614239,0.603291,-8.147000,-58.830002,-27.600000,NaN,-1.831063,true,Self-supervised model,0.179852,0.000000,0.000000,0.000000,0.000000,0.000000,1.185733,1.701405,false,false
2026-04-17T15:12:28.195627,0.000000,0.000000,-1.438156,172.400,S,0,0.000000,0,0.000000,1.184013,1.953027,0.894416,-1.683124,8.916007,3.646369,-0.798315,-0.239187,0.324749,0.894416,0.233351,0.496633,0.141721,0.566729,0.548723,-8.147000,-58.830002,-27.600000,NaN,-1.831603,true,Self-supervised model,0.185320,0.000000,0.000000,0.000000,0.000000,0.000000,1.323784,1.578206,false,false
2026-04-17T15:12:28.203860,0.000000,0.000000,-1.438167,172.401,S,0,0.000000,0,0.000000,1.120289,1.941718,0.785735,-1.582567,8.992621,3.538630,-0.666717,-0.285748,0.302021,0.785735,0.282220,0.403782,0.169821,0.521082,0.492634,-8.147000,-58.830002,-27.600000,NaN,-1.832421,true,Self-supervised model,0.189179,0.000000,0.000000,0.000000,0.000000,0.000000,1.425784,1.507891,false,false
2026-04-17T15:12:28.212072,0.000000,0.000000,-1.437582,172.367,S,0,0.000000,0,0.000000,1.051236,1.928098,0.688710,-1.472434,8.947132,3.507505,-0.559236,-0.272048,0.295915,0.688710,0.333532,0.321315,0.191201,0.501044,0.463128,-8.147000,-58.830002,-27.600000,NaN,-1.829458,true,Self-supervised model,0.191566,0.000000,0.000000,0.000000,0.000000,0.000000,1.526385,1.374549,false,false
2026-04-17T15:12:28.219451,0.000000,0.000000,-1.437397,172.357,S,0,0.000000,0,0.000000,0.973245,1.911904,0.563794,-1.364695,8.968679,3.478775,-0.483479,-0.187761,0.221037,0.563794,0.383623,0.262061,0.204029,0.507416,0.464589,-8.147000,-58.830002,-27.600000,NaN,-1.830869,true,Self-supervised model,0.200156,0.000000,0.000000,0.000000,0.000000,0.000000,1.726244,1.111108,false,false
2026-04-17T15:12:28.230621,0.000000,0.000000,-1.437550,172.366,S,0,0.000000,0,0.000000,0.907646,1.893734,0.563251,-1.285686,9.062054,3.378219,-0.536318,-0.090134,0.146600,0.563251,0.416610,0.234572,0.211970,0.522991,0.478109,-8.147000,-58.830002,-27.600000,NaN,-1.832376,true,Self-supervised model,0.188899,0.000000,0.000000,0.000000,0.000000,0.000000,1.611441,1.076981,false,false
2026-04-17T15:12:28.235522,0.000000,0.000000,-1.437962,172.389,S,0,0.000000,0,0.000000,0.859623,1.874369,0.607499,-1.333570,9.169792,3.275268,-0.600916,-0.069356,0.056077,0.607499,0.452040,0.230907,0.226631,0.555896,0.507601,-8.147000,-58.830002,-27.600000,NaN,-1.833821,true,Self-supervised model,0.168624,0.000000,0.000000,0.000000,0.000000,0.000000,1.415019,1.092829,false,false
2026-04-17T15:12:28.243412,0.000000,0.000000,-1.437724,172.376,S,0,0.000000,0,0.000000,0.824333,1.854368,0.639059,-1.410185,9.196129,3.165135,-0.635955,-0.059226,0.021193,0.639059,0.474642,0.237627,0.259618,0.590892,0.530803,-8.147000,-58.830002,-27.600000,NaN,-1.830985,true,Self-supervised model,0.155491,0.000000,0.000000,0.000000,0.000000,0.000000,1.289916,1.081516,false,false
2026-04-17T15:12:28.251371,0.000000,0.000000,-1.437015,172.335,S,0,0.000000,0,0.000000,0.794423,1.833970,0.637397,-1.455675,9.212888,3.107674,-0.637038,-0.001964,-0.021297,0.637397,0.485027,0.241903,0.289550,0.614498,0.542004,-8.147000,-58.830002,-27.600000,NaN,-1.828393,true,Self-supervised model,0.149659,0.000000,0.000000,0.000000,0.000000,0.000000,1.246354,1.037265,false,false
2026-04-17T15:12:28.259755,0.000000,0.000000,-1.436018,172.278,S,0,0.000000,0,0.000000,0.770795,1.813443,0.646746,-1.465251,9.277532,3.040636,-0.643011,0.059498,0.035738,0.646746,0.494190,0.243124,0.334143,0.644193,0.550757,-8.147000,-58.830002,-27.600000,NaN,-1.826243,true,Self-supervised model,0.144055,0.000000,0.000000,0.000000,0.000000,0.000000,1.191804,1.003963,false,false
2026-04-17T15:12:28.267542,0.000000,0.000000,-1.434926,172.215,S,0,0.000000,0,0.000000,0.749173,1.792872,0.635659,-1.477222,9.346964,3.071761,-0.598716,0.182779,0.110427,0.635659,0.511905,0.250455,0.382402,0.686298,0.569890,-8.147000,-58.830002,-27.600000,NaN,-1.824770,true,Self-supervised model,0.141449,0.000000,0.000000,0.000000,0.000000,0.000000,1.178576,0.926214,false,false
2026-04-17T15:12:28.275734,0.000000,0.000000,-1.433897,172.156,S,0,0.000000,0,0.000000,0.726775,1.772228,0.609188,-1.436521,9.478644,3.119645,-0.507371,0.267052,0.205835,0.609188,0.540616,0.255953,0.426995,0.734916,0.598145,-8.147000,-58.830002,-27.600000,NaN,-1.823994,true,Self-supervised model,0.140949,0.000000,0.000000,0.000000,0.000000,0.000000,1.193022,0.828922,false,false
2026-04-17T15:12:28.284021,0.000000,0.000000,-1.433101,172.111,S,0,0.000000,0,0.000000,0.698810,1.751292,0.551991,-1.345541,9.572019,3.186682,-0.338064,0.328467,0.287257,0.551991,0.573602,0.241292,0.458149,0.772750,0.622287,-8.147000,-58.830002,-27.600000,NaN,-1.824133,true,Self-supervised model,0.144901,0.000000,0.000000,0.000000,0.000000,0.000000,1.265980,0.714321,false,false
2026-04-17T15:12:28.292643,0.000000,0.000000,-1.432784,172.092,S,0,0.000000,0,0.000000,0.667682,1.729947,0.504262,-1.170765,9.643845,3.236961,-0.167708,0.419281,0.224405,0.504262,0.623693,0.207694,0.481973,0.815125,0.657366,-8.147000,-58.830002,-27.600000,NaN,-1.825726,true,Self-supervised model,0.148571,0.000000,0.000000,0.000000,0.000000,0.000000,1.324079,0.618632,false,false
2026-04-17T15:12:28.302533,0.000000,0.000000,-1.433105,172.111,S,0,0.000000,0,0.000000,0.631343,1.708003,0.440562,-0.988805,9.746795,3.138798,0.069497,0.434188,0.027304,0.440562,0.673173,0.169210,0.488081,0.848539,0.694114,-8.147000,-58.830002,-27.600000,NaN,-1.828606,true,Self-supervised model,0.156463,0.000000,0.000000,0.000000,0.000000,0.000000,1.433042,0.519200,false,false
2026-04-17T15:12:28.307545,0.000000,0.000000,-1.434112,172.169,S,0,0.000000,0,0.000000,0.612136,1.686168,0.511302,-0.735020,9.775525,2.901772,0.204857,0.411869,-0.223219,0.511302,0.696997,0.124617,0.481973,0.856523,0.708050,-6.560000,-58.902004,-24.867001,NaN,-1.832351,true,Self-supervised model,0.134241,0.000000,0.000000,0.000000,0.000000,0.000000,1.197212,0.596950,false,false
2026-04-17T15:12:28.315770,0.000000,0.000000,-1.435769,172.263,S,0,0.000000,0,0.000000,0.638363,1.666256,0.776055,-0.579397,9.768343,2.607286,0.413591,0.365000,-0.545875,0.776055,0.679282,0.084299,0.469145,0.829836,0.684493,-6.560000,-58.902004,-24.867001,NaN,-1.836609,true,Self-supervised model,0.158093,0.000000,0.000000,0.000000,0.000000,0.000000,0.822575,0.935191,false,false
2026-04-17T15:12:28.324025,0.000000,0.000000,-1.438063,172.395,S,0,0.000000,0,0.000000,0.713594,1.650150,1.108555,-0.347159,9.737218,2.238579,0.646181,0.327438,-0.839124,1.108555,0.623693,0.045204,0.441656,0.765569,0.625329,-6.560000,-58.902004,-24.867001,NaN,-1.841455,true,Self-supervised model,0.216111,0.000000,0.000000,0.000000,0.000000,0.000000,0.643715,1.448014,false,false
2026-04-17T15:12:28.331930,0.000000,0.000000,-1.441126,172.570,S,0,0.000000,0,0.000000,0.827912,1.639260,1.428080,-0.086191,9.715671,1.898602,0.839871,0.351144,-1.100330,1.428080,0.529620,0.034819,0.381791,0.653815,0.530764,-6.560000,-58.902004,-24.867001,NaN,-1.847590,true,Self-supervised model,0.252650,0.000000,0.000000,0.000000,0.000000,0.000000,0.579738,2.184226,false,false
2026-04-17T15:12:28.339603,0.000000,0.000000,-1.444907,172.787,S,0,0.000000,0,0.000000,0.949743,1.633680,1.589355,0.136469,9.753978,1.594538,0.906049,0.443993,-1.228004,1.589355,0.416610,0.052534,0.306654,0.519962,0.419909,-6.560000,-58.902004,-24.867001,NaN,-1.854247,true,Self-supervised model,0.266028,0.000000,0.000000,0.000000,0.000000,0.000000,0.597565,3.056673,false,false
2026-04-17T15:12:28.348116,0.000000,0.000000,-1.449112,173.028,S,0,0.000000,0,0.000000,1.063277,1.632863,1.659335,0.227449,9.859323,1.429338,0.927765,0.554294,-1.259129,1.659335,0.312152,0.087354,0.235794,0.400835,0.324144,-6.560000,-58.902004,-24.867001,NaN,-1.860142,true,Self-supervised model,0.271787,0.000000,0.000000,0.000000,0.000000,0.000000,0.640785,4.139700,false,false
2026-04-17T15:12:28.356115,0.000000,0.000000,-1.453464,173.277,S,0,0.000000,0,0.000000,1.158548,1.635891,1.658718,0.268151,9.979033,1.369483,0.905497,0.657838,-1.224202,1.658718,0.182649,0.134390,0.153327,0.273734,0.226763,-6.560000,-58.902004,-24.867001,NaN,-1.865087,true,Self-supervised model,0.271573,0.000000,0.000000,0.000000,0.000000,0.000000,0.698460,6.059589,false,false
2026-04-17T15:12:28.363673,0.000000,0.000000,-1.457704,173.520,S,0,0.000000,0,0.000000,1.210166,1.640862,1.481162,0.258574,10.089166,1.383849,0.832447,0.694891,-1.008959,1.481162,0.055589,0.185703,0.067195,0.205161,0.193845,-6.560000,-58.902004,-24.867001,NaN,-1.868876,true,Self-supervised model,0.235764,0.000000,0.000000,0.000000,0.000000,0.000000,0.817039,7.219518,false,false
2026-04-17T15:12:28.371580,0.000000,0.000000,-1.461600,173.744,S,0,0.000000,0,0.000000,1.214196,1.645795,1.235351,0.191536,10.129868,1.587356,0.696578,0.753919,-0.687370,1.235351,-0.053756,0.213192,-0.010996,0.220140,0.219865,-6.560000,-58.902004,-24.867001,NaN,-1.871398,true,Self-supervised model,0.183155,0.000000,0.000000,0.000000,0.000000,0.000000,0.982875,5.611672,false,false
2026-04-17T15:12:28.380649,0.000000,0.000000,-1.464948,173.935,S,0,0.000000,0,0.000000,1.176433,1.649021,0.978180,0.055067,10.189722,1.905785,0.424332,0.858280,-0.200333,0.978180,-0.124006,0.199753,-0.061697,0.243074,0.235114,-6.560000,-58.902004,-24.867001,NaN,-1.872553,true,Self-supervised model,0.178471,0.000000,0.000000,0.000000,0.000000,0.000000,1.202676,4.024197,false,false
2026-04-17T15:12:28.387722,0.000000,0.000000,-1.467618,174.088,S,0,0.000000,0,0.000000,1.148121,1.650985,0.999481,-0.222661,10.292673,2.396596,0.080190,0.942617,0.322496,0.999481,-0.163712,0.153938,-0.083078,0.239584,0.224719,-6.560000,-58.902004,-24.867001,NaN,-1.872513,true,Self-supervised model,0.172363,0.000000,0.000000,0.000000,0.000000,0.000000,1.148717,4.171737,false,false
2026-04-17T15:12:28.396106,0.000000,0.000000,-1.469610,174.202,S,0,0.000000,0,0.000000,1.175864,1.653980,1.321513,-0.574608,10.374076,2.928109,-0.123455,1.051255,0.791214,1.321513,-0.148440,0.091630,-0.067806,0.187158,0.174443,-6.560000,-58.902004,-24.867001,NaN,-1.871792,true,Self-supervised model,0.210776,0.000000,0.000000,0.000000,0.000000,0.000000,0.889786,7.060944,false,false
2026-04-17T15:12:28.403623,0.000000,0.000000,-1.471058,174.285,S,0,0.000000,0,0.000000,1.235647,1.659247,1.549509,-0.785298,10.479421,3.406949,-0.288213,1.107888,1.044268,1.549509,-0.082467,0.012217,-0.012828,0.084348,0.083367,-6.560000,-58.902004,-24.867001,NaN,-1.871064,true,Self-supervised model,0.321153,0.000000,0.000000,0.000000,0.000000,0.000000,0.797444,18.370417,false,false
2026-04-17T15:12:28.412405,0.000000,0.000000,-1.472345,174.359,S,0,0.000000,0,0.000000,1.295808,1.666709,1.611652,-0.950498,10.534488,3.665523,-0.253918,1.120230,1.130502,1.611652,-0.004887,-0.063530,0.053145,0.082972,0.063718,-6.560000,-58.902004,-24.867001,NaN,-1.871707,true,Self-supervised model,0.338309,0.000000,0.000000,0.000000,0.000000,0.000000,0.804024,19.424037,false,false
2026-04-17T15:12:28.419490,0.000000,0.000000,-1.473654,174.434,S,0,0.000000,0,0.000000,1.322413,1.674937,1.462093,-0.912191,10.546458,3.754108,0.003626,1.075354,0.990614,1.462093,0.094684,-0.145386,0.132558,0.218343,0.173500,-6.560000,-58.902004,-24.867001,NaN,-1.873102,true,Self-supervised model,0.235938,0.000000,0.000000,0.000000,0.000000,0.000000,0.904466,6.696309,false,false
2026-04-17T15:12:28.430238,0.000000,0.000000,-1.475226,174.524,S,0,0.000000,0,0.000000,1.313663,1.682486,1.267724,-0.644040,10.503363,3.610456,0.317330,1.018821,0.684419,1.267724,0.169210,-0.207694,0.185703,0.325967,0.267897,-6.560000,-58.902004,-24.867001,NaN,-1.875726,true,Self-supervised model,0.200001,0.000000,0.000000,0.000000,0.000000,0.000000,1.036238,3.889119,false,false
2026-04-17T15:12:28.435455,0.000000,0.000000,-1.477245,174.640,S,0,0.000000,0,0.000000,1.286521,1.688648,1.144024,-0.313640,10.450690,3.294421,0.596733,0.958731,0.183128,1.144024,0.204640,-0.221744,0.209527,0.367355,0.301741,-6.560000,-58.902004,-24.867001,NaN,-1.879534,true,Self-supervised model,0.189566,0.000000,0.000000,0.000000,0.000000,0.000000,1.124558,3.114222,false,false
2026-04-17T15:12:28.444076,0.000000,0.000000,-1.479753,174.784,S,0,0.000000,0,0.000000,1.285542,1.694523,1.280402,-0.014365,10.395624,2.779668,0.836553,0.910187,-0.333418,1.280402,0.210749,-0.175318,0.210138,0.345412,0.274138,-6.560000,-58.902004,-24.867001,NaN,-1.884000,true,Self-supervised model,0.194705,0.000000,0.000000,0.000000,0.000000,0.000000,1.004014,3.706885,false,false
2026-04-17T15:12:28.452799,0.000000,0.000000,-1.482777,174.957,S,0,0.000000,0,0.000000,1.329708,1.701931,1.561579,0.246603,10.352529,2.248155,0.974595,0.916966,-0.804902,1.561579,0.173486,-0.091019,0.191812,0.274178,0.195913,-6.560000,-58.902004,-24.867001,NaN,-1.889086,true,Self-supervised model,0.244284,0.000000,0.000000,0.000000,0.000000,0.000000,0.851515,5.695499,false,false
2026-04-17T15:12:28.462533,0.000000,0.000000,-1.486264,175.157,S,0,0.000000,0,0.000000,1.413855,1.712408,1.855625,0.404620,10.364499,1.762132,1.053768,1.015830,-1.140617,1.855625,0.092241,-0.006109,0.148440,0.174872,0.092443,-6.560000,-58.902004,-24.867001,NaN,-1.894423,true,Self-supervised model,0.322781,0.000000,0.000000,0.000000,0.000000,0.000000,0.761929,10.611343,false,false
2026-04-17T15:12:28.467497,0.000000,0.000000,-1.490063,175.374,S,0,0.000000,0,0.000000,1.520104,1.726716,2.077916,0.500388,10.467450,1.414973,1.061198,1.080734,-1.422535,2.077916,-0.010996,0.058643,0.092852,0.110369,0.059665,-6.539001,-59.637001,-24.156002,NaN,-1.899472,true,Self-supervised model,0.401359,0.000000,0.000000,0.000000,0.000000,0.000000,0.731552,18.826985,false,false
2026-04-17T15:12:28.475691,0.000000,0.000000,-1.493968,175.598,S,0,0.000000,0,0.000000,1.627276,1.744738,2.189930,0.519542,10.534488,1.127669,1.047322,1.089607,-1.584824,2.189930,-0.164934,0.121562,0.004887,0.204950,0.204891,-6.539001,-59.637001,-24.156002,NaN,-1.903802,true,Self-supervised model,0.381677,0.000000,0.000000,0.000000,0.000000,0.000000,0.743072,10.685212,false,false
2026-04-17T15:12:28.484132,0.000000,0.000000,-1.497511,175.801,S,0,0.000000,0,0.000000,1.706977,1.765228,2.125407,0.507571,10.541670,0.972046,0.917169,1.028140,-1.618359,2.125407,-0.344528,0.160047,-0.095295,0.391658,0.379887,-6.539001,-59.637001,-24.156002,NaN,-1.905900,true,Self-supervised model,0.346447,0.000000,0.000000,0.000000,0.000000,0.000000,0.803129,5.426699,false,false
2026-04-17T15:12:28.492309,0.000000,0.000000,-1.500414,175.967,S,0,0.000000,0,0.000000,1.725983,1.785658,1.825760,0.371101,10.474632,0.957681,0.748312,0.942101,-1.373271,1.825760,-0.540005,0.145386,-0.178984,0.587177,0.559234,-6.539001,-59.637001,-24.156002,NaN,-1.906239,true,Self-supervised model,0.282523,0.000000,0.000000,0.000000,0.000000,0.000000,0.945350,3.109383,false,false
2026-04-17T15:12:28.501769,0.000000,0.000000,-1.502522,176.088,S,0,0.000000,0,0.000000,1.629483,1.801411,1.122863,0.189142,10.378864,1.235408,0.460970,0.726835,-0.721138,1.122863,-0.669508,0.091630,-0.216857,0.709693,0.675750,-6.539001,-59.637001,-24.156002,NaN,-1.905165,true,Self-supervised model,0.239223,0.000000,0.000000,0.000000,0.000000,0.000000,1.451186,1.582181,false,false
2026-04-17T15:12:28.507876,0.000000,0.000000,-1.503976,176.171,S,0,0.000000,0,0.000000,1.459532,1.809736,0.567285,-0.110133,10.153810,1.920150,0.162506,0.513193,0.178989,0.567285,-0.813672,-0.059865,-0.220522,0.845149,0.815872,-6.539001,-59.637001,-24.156002,NaN,-1.904005,true,Self-supervised model,0.237307,0.000000,0.000000,0.000000,0.000000,0.000000,2.572836,0.671225,false,false
2026-04-17T15:12:28.516555,0.000000,0.000000,-1.504790,176.218,S,0,0.000000,0,0.000000,1.416058,1.815989,1.187822,-0.428562,9.919178,2.889802,-0.072463,0.282845,1.151377,1.187822,-0.840551,-0.229074,-0.160047,0.885785,0.871206,-6.539001,-59.637001,-24.156002,NaN,-1.902259,true,Self-supervised model,0.198471,0.000000,0.000000,0.000000,0.000000,0.000000,1.192147,1.340982,false,false
2026-04-17T15:12:28.524800,0.000000,0.000000,-1.505474,176.257,S,0,0.000000,0,0.000000,1.510261,1.825759,2.004826,-0.672771,9.670180,3.924097,-0.177093,0.068606,1.995810,2.004826,-0.759916,-0.422108,-0.051313,0.870793,0.869280,-6.539001,-59.637001,-24.156002,NaN,-1.902426,true,Self-supervised model,0.306192,0.000000,0.000000,0.000000,0.000000,0.000000,0.753313,2.302298,false,false
2026-04-17T15:12:28.532406,0.000000,0.000000,-1.506485,176.315,S,0,0.000000,0,0.000000,1.719240,1.843499,2.816378,-0.775721,9.437943,4.829105,-0.170825,-0.146097,2.807394,2.816378,-0.609644,-0.592539,0.081856,0.854089,0.850158,-6.539001,-59.637001,-24.156002,NaN,-1.904744,true,Self-supervised model,0.418717,0.000000,0.000000,0.000000,0.000000,0.000000,0.610444,3.297522,false,false
2026-04-17T15:12:28.539594,0.049884,-0.796400,-1.508241,176.416,S,1,0.797960,1,0.797960,1.957936,1.870076,3.211089,-0.754174,9.208099,5.693412,0.082868,-0.327746,3.193244,3.211089,-0.350637,-0.757473,0.247400,0.870585,0.834692,-6.539001,-59.637001,-24.156002,NaN,-1.909476,true,Self-supervised model,0.475189,0.000000,0.000000,0.000000,0.000000,0.000000,0.609742,3.688427,false,true
2026-04-17T15:12:28.549554,0.049884,-0.796400,-1.511142,176.582,S,1,0.797960,1,0.797960,2.162344,1.903767,3.235485,-0.469264,9.016563,6.117185,0.434320,-0.528660,3.162317,3.235485,-0.034819,-0.853379,0.397673,0.942131,0.854089,-6.539001,-59.637001,-24.156002,NaN,-1.916962,true,Self-supervised model,0.494615,0.009000,0.166243,18.471398,0.000000,0.000000,0.668321,3.434218,false,false
2026-04-17T15:12:28.555722,0.049884,-0.796400,-1.515468,176.830,S,1,0.797960,1,0.797960,2.313705,1.942164,3.108355,-0.071826,8.813056,6.102820,0.985626,-0.705934,2.862179,3.108355,0.296270,-0.897972,0.509462,1.074095,0.945584,-6.539001,-59.637001,-24.156002,NaN,-1.926983,true,Self-supervised model,0.478241,0.016000,0.414071,25.879453,0.000000,0.000000,0.744351,2.893928,false,false
2026-04-17T15:12:28.563789,0.049884,-0.796400,-1.521322,177.165,S,1,0.797960,1,0.797960,2.392853,1.982192,2.808381,0.536301,8.640674,5.796362,1.466110,-0.908673,2.216267,2.808381,0.544892,-0.911411,0.552833,1.197164,1.061874,-6.539001,-59.637001,-24.156002,NaN,-1.938949,true,Self-supervised model,0.439336,0.024000,0.749460,31.227491,0.000000,0.000000,0.852040,2.345862,false,false
2026-04-17T15:12:28.571404,0.049884,-0.796400,-1.528633,177.584,S,1,0.797960,1,0.797960,2.403998,2.021064,2.462509,1.079785,8.449138,5.123591,1.834251,-0.989231,1.311830,2.462509,0.765414,-0.916298,0.549779,1.314427,1.193927,-6.539001,-59.637001,-24.156002,NaN,-1.952093,true,Self-supervised model,0.338336,0.031000,1.168390,37.689999,0.000000,0.000000,0.976239,1.873448,false,false
2026-04-17T15:12:28.579471,0.049884,-0.796400,-1.537211,178.076,S,1,0.797960,1,0.797960,2.372092,2.057105,2.204583,1.513135,8.384495,4.175488,1.919248,-0.983394,0.457830,2.204583,0.865596,-0.902859,0.491747,1.343959,1.250764,-6.539001,-59.637001,-24.156002,NaN,-1.965733,true,Self-supervised model,0.281023,0.039000,1.659838,42.559936,0.000000,0.000000,1.075982,1.640365,false,false
2026-04-17T15:12:28.587872,0.049884,-0.796400,-1.546751,178.622,S,1,0.797960,1,0.797960,2.324296,2.089793,2.073365,1.661576,8.408437,3.268085,1.822673,-0.852781,-0.499469,2.073365,0.850324,-0.853990,0.396452,1.268670,1.205135,-6.539001,-59.637001,-24.156002,NaN,-1.979127,true,Self-supervised model,0.253979,0.048000,2.206473,45.968180,0.000000,0.000000,1.121026,1.634282,false,false
2026-04-17T15:12:28.597556,0.049884,-0.796400,-1.556880,179.203,S,1,0.797960,1,0.797960,2.300973,2.120240,2.178526,1.623269,8.556877,2.255338,1.546461,-0.613380,-1.406485,2.178526,0.772134,-0.777631,0.315206,1.140288,1.095856,-6.539001,-59.637001,-24.156002,NaN,-1.991609,true,Self-supervised model,0.271843,0.057000,2.786821,48.891601,0.000000,0.000000,1.056206,1.910506,false,false
2026-04-17T15:12:28.603458,0.049884,-0.796400,-1.566708,179.766,S,1,0.797960,1,0.797960,2.328571,2.150573,2.473463,1.386243,8.808268,1.309628,1.317198,-0.551359,-2.019657,2.473463,0.547335,-0.604757,0.202807,0.840498,0.815663,-6.539001,-59.637001,-24.156002,NaN,-2.000232,true,Self-supervised model,0.276444,0.063000,3.349910,53.173172,0.000000,0.000000,0.941421,2.942854,false,false
2026-04-17T15:12:28.612612,0.049884,-0.796400,-1.576546,180.329,S,1,0.797960,1,0.797960,2.374663,2.181537,2.616646,1.204283,8.887277,0.639252,1.144421,-0.612063,-2.272117,2.616646,0.280387,-0.435547,0.119730,0.531651,0.517994,-6.539001,-59.637001,-24.156002,NaN,-2.010114,true,Self-supervised model,0.398325,0.073000,3.913617,53.611192,0.000000,0.000000,0.907522,4.921732,false,false
2026-04-17T15:12:28.622526,0.049884,-0.796400,-1.585570,180.846,S,1,0.797960,1,0.797960,2.402095,2.212359,2.546115,1.058237,8.834604,0.359130,1.026922,-0.701049,-2.221861,2.546115,0.037263,-0.284052,0.054978,0.291714,0.286486,-6.539001,-59.637001,-24.156002,NaN,-2.015877,true,Self-supervised model,0.437208,0.082000,4.430625,54.032014,0.000000,0.000000,0.943435,8.728135,false,false
2026-04-17T15:12:28.630697,0.049884,-0.796400,-1.593520,181.302,S,1,0.797960,1,0.797960,2.363888,2.240420,2.163299,0.957681,8.748413,0.399832,0.921187,-0.772558,-1.798453,2.163299,-0.221133,-0.127671,-0.010385,0.255553,0.255342,-5.676000,-61.626003,-23.259001,NaN,-2.019534,true,Self-supervised model,0.362902,0.091000,4.886136,53.693806,0.000000,0.000000,1.092723,8.465153,false,false
2026-04-17T15:12:28.635452,0.049884,-0.796400,-1.600189,181.684,S,1,0.797960,1,0.797960,2.258295,2.263135,1.703933,0.859518,8.674192,0.833182,0.922945,-0.849271,-1.153386,1.703933,-0.410501,-0.018326,-0.058032,0.414988,0.410910,-5.676000,-61.626003,-23.259001,NaN,-2.021079,true,Self-supervised model,0.241693,0.095000,5.268249,55.455253,0.000000,0.000000,1.325342,4.105983,false,false
2026-04-17T15:12:28.643736,0.049884,-0.796400,-1.605517,181.989,S,1,0.797960,1,0.797960,2.123257,2.279540,1.414308,0.861913,8.590396,1.503559,0.921972,-0.906214,-0.573595,1.414308,-0.519846,0.021380,-0.089797,0.527978,0.520286,-5.676000,-61.626003,-23.259001,NaN,-2.021042,true,Self-supervised model,0.240703,0.104000,5.573513,53.591472,0.000000,0.000000,1.501270,2.678724,false,false
2026-04-17T15:12:28.651625,0.049884,-0.796400,-1.609552,182.221,S,1,0.797960,1,0.797960,2.000035,2.290360,1.353118,0.857124,8.523358,2.118869,0.966209,-0.947274,0.006308,1.353118,-0.547335,0.015882,-0.109345,0.558377,0.547566,-5.676000,-61.626003,-23.259001,NaN,-2.019905,true,Self-supervised model,0.230759,0.112000,5.804700,51.827683,0.000000,0.000000,1.478094,2.423306,false,false
2026-04-17T15:12:28.659533,0.049884,-0.796400,-1.612423,182.385,S,1,0.797960,1,0.797960,1.908887,2.297101,1.430358,0.895431,8.470686,2.738967,1.004229,-0.935652,0.402496,1.430358,-0.516181,-0.021380,-0.130725,0.532906,0.516624,-5.676000,-61.626003,-23.259001,NaN,-2.018122,true,Self-supervised model,0.226764,0.119000,5.969212,50.161443,0.000000,0.000000,1.334552,2.684070,false,false
2026-04-17T15:12:28.667317,0.049884,-0.796400,-1.614257,182.490,S,1,0.797960,1,0.797960,1.836751,2.300687,1.458040,0.926556,8.470686,3.174711,1.009068,-0.848915,0.622098,1.458040,-0.445932,-0.094073,-0.153938,0.481042,0.455746,-5.676000,-61.626003,-23.259001,NaN,-2.015803,true,Self-supervised model,0.223796,0.127000,6.074249,47.828729,0.000000,0.000000,1.259740,3.031002,false,false
2026-04-17T15:12:28.675674,0.049884,-0.796400,-1.615788,182.578,S,1,0.797960,1,0.797960,1.769769,2.301450,1.418114,0.933739,8.547300,3.428497,0.995466,-0.727604,0.700491,1.418114,-0.354302,-0.190590,-0.176540,0.439341,0.402311,-5.676000,-61.626003,-23.259001,NaN,-2.016127,true,Self-supervised model,0.218383,0.136000,6.161988,45.308737,0.000000,0.000000,1.247974,3.227820,false,false
2026-04-17T15:12:28.683659,0.049884,-0.796400,-1.617035,182.649,S,1,0.797960,1,0.797960,1.689103,2.298957,1.265603,0.924162,8.659827,3.536236,0.926962,-0.557473,0.657051,1.265603,-0.275500,-0.273668,-0.200975,0.437247,0.388322,-5.676000,-61.626003,-23.259001,NaN,-2.016234,true,Self-supervised model,0.211263,0.144000,6.233412,43.287584,0.000000,0.000000,1.334623,2.894479,false,false
2026-04-17T15:12:28.691857,0.049884,-0.796400,-1.618034,182.707,S,1,0.797960,1,0.797960,1.593611,2.292743,1.092280,0.861913,8.822633,3.517082,0.870203,-0.415675,0.512870,1.092280,-0.193033,-0.357356,-0.229074,0.466305,0.406159,-5.676000,-61.626003,-23.259001,NaN,-2.016244,true,Self-supervised model,0.207368,0.152000,6.290669,41.385978,0.000000,0.000000,1.458977,2.342415,false,false
2026-04-17T15:12:28.700250,0.049884,-0.796400,-1.617890,182.698,S,1,0.797960,1,0.797960,1.491253,2.282683,0.953871,0.799663,8.959103,3.390190,0.839709,-0.349557,0.287348,0.953871,-0.134390,-0.419664,-0.255953,0.509599,0.440657,-5.676000,-61.626003,-23.259001,NaN,-2.011527,true,Self-supervised model,0.205138,0.160000,6.282414,39.265090,0.000000,0.000000,1.563369,1.871809,false,false
2026-04-17T15:12:28.707679,0.049884,-0.796400,-1.616714,182.631,S,1,0.797960,1,0.797960,1.389599,2.268960,0.855915,0.763750,9.021352,3.177106,0.789119,-0.317930,0.093811,0.855915,-0.096517,-0.436158,-0.291383,0.533341,0.446709,-5.676000,-61.626003,-23.259001,NaN,-2.006224,true,Self-supervised model,0.199047,0.168000,6.215050,36.994342,0.000000,0.000000,1.623525,1.604816,false,false
2026-04-17T15:12:28.715956,0.049884,-0.796400,-1.614546,182.507,S,1,0.797960,1,0.797960,1.279884,2.251397,0.703886,0.706290,9.050082,2.992752,0.615251,-0.322164,-0.114595,0.703886,-0.087965,-0.418443,-0.320093,0.534127,0.427589,-5.676000,-61.626003,-23.259001,NaN,-2.000088,true,Self-supervised model,0.200684,0.176000,6.090845,34.607074,0.000000,0.000000,1.818313,1.317824,false,false
2026-04-17T15:12:28.724948,0.049884,-0.796400,-1.612445,182.386,S,1,0.797960,1,0.797960,1.172475,2.230240,0.608572,0.538695,9.042900,2.794033,0.365933,-0.374513,-0.310150,0.608572,-0.098960,-0.370184,-0.326202,0.503227,0.383183,-5.676000,-61.626003,-23.259001,NaN,-1.998251,true,Self-supervised model,0.200850,0.185000,5.970425,32.272569,0.000000,0.000000,1.926599,1.209340,false,false
2026-04-17T15:12:28.732054,0.049884,-0.796400,-1.610206,182.258,S,1,0.797960,1,0.797960,1.083493,2.206370,0.616340,0.292093,8.987833,2.607286,0.131939,-0.429091,-0.422313,0.616340,-0.125227,-0.279776,-0.311541,0.437052,0.306524,-5.676000,-61.626003,-23.259001,NaN,-1.995465,true,Self-supervised model,0.190019,0.192000,5.842161,30.427922,0.000000,0.000000,1.757946,1.410222,false,false
2026-04-17T15:12:28.739785,0.049884,-0.796400,-1.607751,182.117,S,1,0.797960,1,0.797960,1.012629,2.180620,0.640591,0.057461,8.930372,2.504335,-0.053346,-0.423609,-0.477564,0.640591,-0.147829,-0.164934,-0.282220,0.358754,0.221487,-5.676000,-61.626003,-23.259001,NaN,-1.992145,true,Self-supervised model,0.176607,0.200000,5.701514,28.507568,0.000000,0.000000,1.580772,1.785600,false,false
2026-04-17T15:12:28.748274,0.049884,-0.796400,-1.605088,181.965,S,1,0.797960,1,0.797960,0.956941,2.153673,0.664578,-0.131681,8.932767,2.458845,-0.258307,-0.422300,-0.443400,0.664578,-0.156992,-0.058643,-0.251676,0.302368,0.167588,-5.676000,-61.626003,-23.259001,NaN,-1.988648,true,Self-supervised model,0.163514,0.208000,5.548923,26.677515,0.000000,0.000000,1.439923,2.197907,false,false
2026-04-17T15:12:28.755468,0.049884,-0.796400,-1.601713,181.771,S,1,0.797960,1,0.797960,0.898378,2.125461,0.590927,-0.351948,8.930372,2.504335,-0.381738,-0.342004,-0.294117,0.590927,-0.149662,0.040317,-0.210749,0.261609,0.154997,-5.676000,-61.626003,-23.259001,NaN,-1.982427,true,Self-supervised model,0.166567,0.215000,5.355563,24.909594,0.000000,0.000000,1.520286,2.258822,false,false
2026-04-17T15:12:28.765639,0.049884,-0.796400,-1.597951,181.556,S,1,0.797960,1,0.797960,0.838476,2.095982,0.523989,-0.490811,9.006987,2.664747,-0.444263,-0.214272,-0.176867,0.523989,-0.114843,0.094684,-0.155771,0.215449,0.148842,-5.676000,-61.626003,-23.259001,NaN,-1.977114,true,Self-supervised model,0.171622,0.226000,5.139993,22.743330,0.000000,0.000000,1.600180,2.432074,false,false
2026-04-17T15:12:28.771534,0.049884,-0.796400,-1.594089,181.335,S,1,0.797960,1,0.797960,0.787856,2.065657,0.522103,-0.567426,9.131485,2.791639,-0.477904,-0.149762,-0.147550,0.522103,-0.072082,0.109345,-0.114232,0.173784,0.130966,-5.676000,-61.626003,-23.259001,NaN,-1.972854,true,Self-supervised model,0.160331,0.231000,4.918710,21.293118,0.000000,0.000000,1.509005,3.004316,false,false
2026-04-17T15:12:28.782569,0.049884,-0.796400,-1.590352,181.120,S,1,0.797960,1,0.797960,0.725231,2.034040,0.396448,-0.612916,9.193734,2.827552,-0.358457,-0.046407,-0.162869,0.396448,-0.015272,0.100793,-0.071471,0.124501,0.101943,-5.676000,-61.626003,-23.259001,NaN,-1.969616,true,Self-supervised model,0.185043,0.242000,4.704587,19.440442,0.000000,0.000000,1.829322,3.184292,false,false
2026-04-17T15:12:28.787409,0.049884,-0.796400,-1.587042,180.931,S,1,0.797960,1,0.797960,0.663428,2.001215,0.338960,-0.500388,9.296685,2.813187,-0.182257,0.005048,-0.285746,0.338960,0.051924,0.080634,-0.028711,0.100111,0.095906,-10.276000,-63.385002,-22.792002,NaN,-1.968019,true,Self-supervised model,0.186468,0.247000,4.514986,18.279296,0.000000,0.000000,1.957245,3.385838,false,false
2026-04-17T15:12:28.796866,0.049884,-0.796400,-1.584254,180.771,S,1,0.797960,1,0.797960,0.620034,1.967968,0.392216,-0.328006,9.349358,2.686294,0.012562,0.088345,-0.381930,0.392216,0.110567,0.049480,-0.003054,0.121172,0.121133,-10.276000,-63.385002,-22.792002,NaN,-1.967316,true,Self-supervised model,0.163752,0.257000,4.355246,16.946482,0.000000,0.000000,1.580848,3.236861,false,false
2026-04-17T15:12:28.803325,0.049884,-0.796400,-1.582026,180.643,S,1,0.797960,1,0.797960,0.603507,1.935390,0.516740,-0.134075,9.435549,2.580950,0.226221,0.086282,-0.456509,0.516740,0.155160,0.007941,0.006720,0.155508,0.155363,-10.276000,-63.385002,-22.792002,NaN,-1.967326,true,Self-supervised model,0.128144,0.263000,4.227577,16.074436,0.000000,0.000000,1.167911,3.322916,false,false
2026-04-17T15:12:28.812981,0.049884,-0.796400,-1.580351,180.547,S,1,0.797960,1,0.797960,0.614424,1.904551,0.671739,0.081403,9.437943,2.492364,0.446324,0.118555,-0.487824,0.671739,0.197920,-0.060476,0.001833,0.206962,0.206954,-10.276000,-63.385002,-22.792002,NaN,-1.967863,true,Self-supervised model,0.135793,0.273000,4.131594,15.134043,0.000000,0.000000,0.914677,3.245717,false,false
2026-04-17T15:12:28.819304,0.049884,-0.796400,-1.579212,180.482,S,1,0.797960,1,0.797960,0.641838,1.876043,0.785760,0.306458,9.476251,2.442086,0.617619,0.149497,-0.462186,0.785760,0.233961,-0.147219,-0.017104,0.276954,0.276426,-10.276000,-63.385002,-22.792002,NaN,-1.968872,true,Self-supervised model,0.152277,0.279000,4.066362,14.574773,0.000000,0.000000,0.816837,2.837144,false,false
2026-04-17T15:12:28.830163,0.049884,-0.796400,-1.578586,180.446,S,1,0.797960,1,0.797960,0.678695,1.850149,0.872194,0.486023,9.514558,2.444480,0.716453,0.184257,-0.462023,0.872194,0.261450,-0.245568,-0.043982,0.361378,0.358692,-10.276000,-63.385002,-22.792002,NaN,-1.970295,true,Self-supervised model,0.162067,0.290000,4.030489,13.898238,0.000000,0.000000,0.778147,2.413520,false,false
2026-04-17T15:12:28.835565,0.049884,-0.796400,-1.578419,180.437,S,1,0.797960,1,0.797960,0.723283,1.827074,0.957373,0.596156,9.557653,2.418144,0.793260,0.172781,-0.507394,0.957373,0.274889,-0.323148,-0.068417,0.429732,0.424251,-10.276000,-63.385002,-22.792002,NaN,-1.971964,true,Self-supervised model,0.169489,0.295000,4.020910,13.630203,0.000000,0.000000,0.755487,2.227839,false,false
2026-04-17T15:12:28.843536,0.049884,-0.796400,-1.578050,180.416,S,1,0.797960,1,0.797960,0.768643,1.806737,1.006782,0.677559,9.552865,2.351106,0.764822,0.154107,-0.636324,1.006782,0.266948,-0.386678,-0.098349,0.480056,0.469873,-10.276000,-63.385002,-22.792002,NaN,-1.970786,true,Self-supervised model,0.168874,0.303000,3.999750,13.200496,0.000000,0.000000,0.763465,2.097218,false,false
2026-04-17T15:12:28.852128,0.049884,-0.796400,-1.577389,180.378,S,1,0.797960,1,0.797960,0.813459,1.789006,1.048742,0.653617,9.540894,2.200271,0.677710,0.107242,-0.793139,1.048742,0.232129,-0.401338,-0.124617,0.480089,0.463634,-10.276000,-63.385002,-22.792002,NaN,-1.968958,true,Self-supervised model,0.167552,0.312000,3.961874,12.698315,0.000000,0.000000,0.775652,2.184474,false,false
2026-04-17T15:12:28.860224,0.049884,-0.796400,-1.576359,180.319,S,1,0.797960,1,0.797960,0.849230,1.773415,1.037026,0.569820,9.500193,2.023100,0.542054,0.086703,-0.879820,1.037026,0.178984,-0.343306,-0.143553,0.412919,0.387162,-10.276000,-63.385002,-22.792002,NaN,-1.966453,true,Self-supervised model,0.158035,0.320000,3.902875,12.196483,0.000000,0.000000,0.818909,2.511454,false,false
2026-04-17T15:12:28.867396,0.049884,-0.796400,-1.575756,180.284,S,1,0.797960,1,0.797960,0.867329,1.759171,0.962351,0.447716,9.488221,1.908179,0.409807,0.110160,-0.863737,0.962351,0.127060,-0.250455,-0.155160,0.320853,0.280841,-10.276000,-63.385002,-22.792002,NaN,-1.967560,true,Self-supervised model,0.142511,0.327000,3.868351,11.829821,0.000000,0.000000,0.901261,2.999354,false,false
2026-04-17T15:12:28.875717,0.049884,-0.796400,-1.575406,180.264,S,1,0.797960,1,0.797960,0.862899,1.745320,0.839639,0.325611,9.519346,1.898602,0.271897,0.177765,-0.774251,0.839639,0.063530,-0.110567,-0.159436,0.204159,0.127519,-10.276000,-63.385002,-22.792002,NaN,-1.968217,true,Self-supervised model,0.132799,0.336000,3.848272,11.453191,0.000000,0.000000,1.027702,4.112674,false,false
2026-04-17T15:12:28.883835,0.049884,-0.796400,-1.575193,180.252,S,1,0.797960,1,0.797960,0.819419,1.730284,0.591151,0.193930,9.593566,1.965640,0.182804,0.269591,-0.493318,0.591151,0.012828,0.030543,-0.165544,0.168827,0.033128,-10.276000,-63.385002,-22.792002,NaN,-1.968555,true,Self-supervised model,0.156833,0.344000,3.836077,11.151388,0.000000,0.000000,1.386141,3.501528,false,false
2026-04-17T15:12:28.892183,0.049884,-0.796400,-1.574273,180.199,S,1,0.797960,1,0.797960,0.756782,1.713344,0.427940,0.095768,9.686940,2.240973,0.132723,0.335923,-0.229505,0.427940,-0.015272,0.147219,-0.169821,0.225268,0.148009,-10.276000,-63.385002,-22.792002,NaN,-1.964805,true,Self-supervised model,0.184205,0.352000,3.783353,10.748162,0.000000,0.000000,1.768433,1.899693,false,false
2026-04-17T15:12:28.900212,0.049884,-0.796400,-1.572761,180.113,S,1,0.797960,1,0.797960,0.701556,1.694873,0.411618,0.033519,9.753978,2.501941,0.116472,0.390622,0.057257,0.411618,-0.014050,0.229074,-0.176540,0.289549,0.229505,-10.276000,-63.385002,-22.792002,NaN,-1.960927,true,Self-supervised model,0.174800,0.360000,3.696728,10.268688,0.000000,0.000000,1.704384,1.421582,false,false
2026-04-17T15:12:28.907276,0.049884,-0.796400,-1.570732,179.996,S,1,0.797960,1,0.797960,0.676477,1.676137,0.544815,0.002394,9.809045,2.786851,0.069620,0.469102,0.268179,0.544815,0.014661,0.309098,-0.188757,0.362472,0.309445,-10.276000,-63.385002,-22.792002,NaN,-1.956829,true,Self-supervised model,0.127111,0.367000,3.580476,9.756065,0.000000,0.000000,1.241665,1.503055,false,false
2026-04-17T15:12:28.915963,0.049884,-0.796400,-1.568203,179.851,S,1,0.797960,1,0.797960,0.683000,1.658411,0.717243,-0.062249,9.888053,2.995146,-0.008378,0.554085,0.455364,0.717243,0.062919,0.351248,-0.197309,0.407756,0.356838,-10.276000,-63.385002,-22.792002,NaN,-1.952298,true,Self-supervised model,0.121533,0.376000,3.435545,9.137089,0.000000,0.000000,0.952258,1.759001,false,false
2026-04-17T15:12:28.923907,0.049884,-0.796400,-1.565173,179.678,S,1,0.797960,1,0.797960,0.708987,1.642434,0.845421,-0.160412,9.974244,3.177106,-0.109425,0.586966,0.598527,0.845421,0.125227,0.345139,-0.199142,0.417684,0.367155,-10.276000,-63.385002,-22.792002,NaN,-1.947269,true,Self-supervised model,0.141005,0.384000,3.261974,8.494723,0.000000,0.000000,0.838620,2.024067,false,false
2026-04-17T15:12:28.932272,0.049884,-0.796400,-1.562009,179.497,S,1,0.797960,1,0.797960,0.754807,1.628929,0.995363,-0.277727,10.010158,3.308787,-0.177829,0.614675,0.762429,0.995363,0.183260,0.293215,-0.189979,0.394527,0.345773,-10.276000,-63.385002,-22.792002,NaN,-1.943568,true,Self-supervised model,0.166141,0.392000,3.080707,7.858947,0.000000,0.000000,0.758324,2.522928,false,false
2026-04-17T15:12:28.942196,0.049884,-0.796400,-1.558554,179.299,S,1,0.797960,1,0.797960,0.816156,1.618418,1.138238,-0.363919,10.041282,3.459621,-0.211794,0.674851,0.891798,1.138238,0.257174,0.201586,-0.171042,0.368824,0.326765,-10.276000,-63.385002,-22.792002,NaN,-1.938947,true,Self-supervised model,0.186005,0.402000,2.882740,7.170995,0.000000,0.000000,0.717035,3.086131,false,false
2026-04-17T15:12:28.947890,0.049884,-0.796400,-1.554822,179.085,S,1,0.797960,1,0.797960,0.868242,1.610411,1.141694,-0.414197,10.105926,3.572149,-0.189745,0.702592,0.879674,1.141694,0.336587,0.093462,-0.141110,0.376746,0.349322,-8.607000,-62.696003,-22.011002,NaN,-1.934107,true,Self-supervised model,0.175803,0.408000,2.668901,6.541424,0.000000,0.000000,0.760486,3.030405,false,false
2026-04-17T15:12:28.960500,0.049884,-0.796400,-1.550950,178.863,S,1,0.797960,1,0.797960,0.890157,1.603601,1.005212,-0.404620,10.139444,3.538630,-0.089489,0.704528,0.711395,1.005212,0.410501,-0.004276,-0.100793,0.422716,0.410524,-8.607000,-62.696003,-22.011002,NaN,-1.929676,true,Self-supervised model,0.145815,0.420000,2.447055,5.826322,0.000000,0.000000,0.885542,2.377983,false,false
2026-04-17T15:12:28.963720,0.049884,-0.796400,-1.547003,178.637,S,1,0.797960,1,0.797960,0.871632,1.596322,0.774372,-0.313640,10.149021,3.342306,0.032413,0.652656,0.415503,0.774372,0.450208,-0.070250,-0.065973,0.460407,0.455656,-8.607000,-62.696003,-22.011002,NaN,-1.925428,true,Self-supervised model,0.128436,0.424000,2.220903,5.237978,0.000000,0.000000,1.125598,1.681930,false,false
2026-04-17T15:12:28.971414,0.049884,-0.796400,-1.543183,178.418,S,1,0.797960,1,0.797960,0.831728,1.587739,0.622233,-0.196325,10.105926,3.014300,0.203105,0.583521,0.073663,0.622233,0.461203,-0.124006,-0.034208,0.478807,0.477583,-8.607000,-62.696003,-22.011002,NaN,-1.922114,true,Self-supervised model,0.144721,0.431000,2.002009,4.645033,0.000000,0.000000,1.336682,1.299550,false,false
2026-04-17T15:12:28.979599,0.049884,-0.796400,-1.539650,178.215,S,1,0.797960,1,0.797960,0.806645,1.578495,0.674959,-0.026336,10.046070,2.638410,0.326059,0.560281,-0.187990,0.674959,0.420886,-0.160047,-0.020769,0.450768,0.450289,-8.607000,-62.696003,-22.011002,NaN,-1.919734,true,Self-supervised model,0.129847,0.440000,1.799618,4.090042,0.000000,0.000000,1.195102,1.497355,false,false
2026-04-17T15:12:28.987781,0.049884,-0.796400,-1.536464,178.033,S,1,0.797960,1,0.797960,0.802402,1.569451,0.780127,0.098162,10.031705,2.343924,0.398287,0.548310,-0.386421,0.780127,0.349415,-0.183870,-0.015882,0.395160,0.394841,-8.607000,-62.696003,-22.011002,NaN,-1.917934,true,Self-supervised model,0.123525,0.448000,1.617081,3.609557,0.000000,0.000000,1.028553,1.974206,false,false
2026-04-17T15:12:28.996878,0.049884,-0.796400,-1.533778,177.879,S,1,0.797960,1,0.797960,0.807961,1.560992,0.837145,0.174777,10.026917,2.118869,0.388668,0.638807,-0.376396,0.837145,0.232740,-0.199142,-0.021991,0.307098,0.306309,-8.607000,-62.696003,-22.011002,NaN,-1.917248,true,Self-supervised model,0.128745,0.457000,1.463188,3.201723,0.000000,0.000000,0.965139,2.725990,false,false
2026-04-17T15:12:29.003475,0.049884,-0.796400,-1.531545,177.751,S,1,0.797960,1,0.797960,0.823071,1.553475,0.902397,0.169988,10.122684,2.109292,0.269191,0.848984,-0.145198,0.902397,0.104458,-0.193644,-0.032987,0.222481,0.220022,-8.607000,-62.696003,-22.011002,NaN,-1.916825,true,Self-supervised model,0.138565,0.463000,1.335222,2.883848,0.000000,0.000000,0.912094,4.056066,false,false
2026-04-17T15:12:29.013540,0.049884,-0.796400,-1.529528,177.635,S,1,0.797960,1,0.797960,0.858145,1.547662,1.042287,0.052672,10.335769,2.329558,0.100904,1.032631,0.099266,1.042287,0.001833,-0.139888,-0.045204,0.147022,0.139900,-8.607000,-62.696003,-22.011002,NaN,-1.915673,true,Self-supervised model,0.170319,0.473000,1.219654,2.578551,0.000000,0.000000,0.823329,7.089328,false,false
2026-04-17T15:12:29.019566,0.049884,-0.796400,-1.527677,177.529,S,1,0.797960,1,0.797960,0.928102,1.544879,1.295374,-0.114922,10.520123,2.571373,-0.078299,1.236813,0.377038,1.295374,-0.041539,-0.030543,-0.065973,0.083731,0.051559,-8.607000,-62.696003,-22.011002,NaN,-1.914487,true,Self-supervised model,0.249604,0.479000,1.113609,2.324861,0.000000,0.000000,0.716474,15.470684,false,false
2026-04-17T15:12:29.028439,0.049884,-0.796400,-1.525860,177.425,S,1,0.797960,1,0.797960,1.034307,1.546456,1.591886,-0.296881,10.723629,2.851494,-0.254897,1.460492,0.579733,1.591886,-0.037263,0.154549,-0.087965,0.181691,0.158978,-8.607000,-62.696003,-22.011002,NaN,-1.912805,true,Self-supervised model,0.260952,0.488000,1.009496,2.068639,0.000000,0.000000,0.649737,8.761496,false,false
2026-04-17T15:12:29.036766,0.049884,-0.796400,-1.523928,177.315,S,1,0.797960,1,0.797960,1.154945,1.552796,1.788295,-0.481235,10.946290,3.057395,-0.421101,1.618777,0.632639,1.788295,0.018326,0.372017,-0.102625,0.386348,0.372468,-8.607000,-62.696003,-22.011002,NaN,-1.910416,true,Self-supervised model,0.266400,0.497000,0.898826,1.808503,0.000000,0.000000,0.645836,4.628720,false,false
2026-04-17T15:12:29.043330,0.049884,-0.796400,-1.521764,177.191,S,1,0.797960,1,0.797960,1.270086,1.563487,1.874578,-0.660800,11.104307,3.110068,-0.517912,1.730230,0.502107,1.874578,0.097128,0.580933,-0.110567,0.599284,0.588996,-8.607000,-62.696003,-22.011002,NaN,-1.907318,true,Self-supervised model,0.266867,0.503000,0.774799,1.540356,0.000000,0.000000,0.677532,3.128027,false,false
2026-04-17T15:12:29.051446,0.049884,-0.796400,-1.519314,177.050,S,1,0.797960,1,0.797960,1.369351,1.577722,1.890491,-0.775721,11.216835,2.973598,-0.620291,1.775584,0.191041,1.890491,0.164323,0.746477,-0.116064,0.773111,0.764350,-8.607000,-62.696003,-22.011002,NaN,-1.903726,true,Self-supervised model,0.263173,0.511000,0.634409,1.241505,0.000000,0.000000,0.724336,2.445302,false,false
2026-04-17T15:12:29.060481,0.049884,-0.796400,-1.516546,176.892,S,1,0.797960,1,0.797960,1.450614,1.594638,1.877241,-0.900220,11.264719,2.650381,-0.668711,1.740607,-0.217126,1.877241,0.232129,0.897972,-0.125838,0.935988,0.927490,-8.607000,-62.696003,-22.011002,NaN,-1.899690,true,Self-supervised model,0.256208,0.520000,0.475849,0.915094,0.000000,0.000000,0.772737,2.005626,false,false
2026-04-17T15:12:29.067722,0.049884,-0.796400,-1.513411,176.712,S,1,0.797960,1,0.797960,1.539972,1.614451,2.009105,-0.974440,11.233594,2.224213,-0.752107,1.750335,-0.638096,2.009105,0.263894,0.982271,-0.144164,1.027268,1.017102,-8.607000,-62.696003,-22.011002,NaN,-1.895086,true,Self-supervised model,0.275139,0.528000,0.296246,0.561071,0.000000,0.000000,0.766497,1.955774,false,false
2026-04-17T15:12:29.075751,0.049884,-0.796400,-1.509810,176.506,S,1,0.797960,1,0.797960,1.643787,1.637624,2.188817,-1.086968,11.247959,1.781286,-0.855261,1.786476,-0.931640,2.188817,0.249844,0.974941,-0.164934,1.019870,1.006445,-8.607000,-62.696003,-22.011002,NaN,-1.889620,true,Self-supervised model,0.306804,0.536000,0.089926,0.167772,0.000000,0.000000,0.750993,2.146173,false,false
2026-04-17T15:12:29.083945,0.049884,-0.796400,-1.505684,176.269,S,1,0.797960,1,0.797960,1.760422,1.664536,2.372751,-1.221043,11.288661,1.465251,-0.996993,1.794698,-1.189543,2.372751,0.202807,0.894307,-0.171653,0.932942,0.917014,-8.607000,-62.696003,-22.011002,NaN,-1.883391,true,Self-supervised model,0.340875,0.544000,0.146508,0.269316,0.000000,0.000000,0.741933,2.543301,false,false
2026-04-17T15:12:29.092697,0.049884,-0.796400,-1.501066,176.005,S,1,0.797960,1,0.797960,1.873806,1.694907,2.469071,-1.393425,11.300632,1.187524,-1.112214,1.771021,-1.312546,2.469071,0.104458,0.725097,-0.174097,0.752985,0.732583,-8.607000,-62.696003,-22.011002,NaN,-1.876808,true,Self-supervised model,0.367277,0.553000,0.411086,0.743375,0.000000,0.000000,0.758911,3.279043,false,false
2026-04-17T15:12:29.102130,0.049884,-0.796400,-1.496083,175.719,S,1,0.797960,1,0.797960,1.966090,1.727754,2.450584,-1.537078,11.279084,1.051055,-1.195636,1.613234,-1.404739,2.450584,-0.036652,0.491136,-0.174097,0.522367,0.492501,-8.607000,-62.696003,-22.011002,NaN,-1.870362,true,Self-supervised model,0.383429,0.562000,0.696616,1.239530,0.000000,0.000000,0.802295,4.691307,false,false
2026-04-17T15:12:29.107228,0.049884,-0.796400,-1.490956,175.425,S,1,0.797960,1,0.797960,2.029338,1.761818,2.361390,-1.644817,11.121067,0.955287,-1.248870,1.470476,-1.361685,2.361390,-0.202807,0.213803,-0.163101,0.336815,0.294690,-6.706000,-66.188004,-20.464001,NaN,-1.864661,true,Self-supervised model,0.382125,0.567000,0.990369,1.746683,0.000000,0.000000,0.859383,7.010940,false,false
2026-04-17T15:12:29.115758,0.049884,-0.796400,-1.485968,175.140,S,1,0.797960,1,0.797960,2.040396,1.794961,2.098451,-1.716643,10.975020,1.007959,-1.248291,1.222999,-1.161698,2.098451,-0.361632,-0.056810,-0.147219,0.394561,0.366067,-6.706000,-66.188004,-20.464001,NaN,-1.860232,true,Self-supervised model,0.329668,0.576000,1.276123,2.215491,0.000000,0.000000,0.972334,5.318442,false,false
2026-04-17T15:12:29.123948,0.049884,-0.796400,-1.481384,174.877,S,1,0.797960,1,0.797960,1.981036,1.824404,1.669393,-1.728614,10.721235,1.230620,-1.217122,0.871183,-0.739274,1.669393,-0.537561,-0.371406,-0.119119,0.664157,0.653387,-6.706000,-66.188004,-20.464001,NaN,-1.857260,true,Self-supervised model,0.256743,0.584000,1.538787,2.634909,0.000000,0.000000,1.186680,2.513552,false,false
2026-04-17T15:12:29.132753,0.049884,-0.796400,-1.477503,174.655,S,1,0.797960,1,0.797960,1.876995,1.848508,1.330779,-1.702277,10.359711,1.690306,-1.272649,0.302031,-0.245184,1.330779,-0.672563,-0.613920,-0.086132,0.914689,0.910625,-6.706000,-66.188004,-20.464001,NaN,-1.856192,true,Self-supervised model,0.229863,0.593000,1.761160,2.969916,0.000000,0.000000,1.410448,1.454898,false,false
2026-04-17T15:12:29.139420,0.049884,-0.796400,-1.474545,174.485,S,1,0.797960,1,0.797960,1.802326,1.868660,1.410316,-1.754950,9.777920,2.233790,-1.350317,-0.078349,0.399371,1.410316,-0.740369,-0.693332,-0.059254,1.016054,1.014325,-6.706000,-66.188004,-20.464001,NaN,-1.856924,true,Self-supervised model,0.215678,0.599000,1.930666,3.223148,0.000000,0.000000,1.277959,1.388032,false,false
2026-04-17T15:12:29.147912,0.049884,-0.796400,-1.472583,174.373,S,1,0.797960,1,0.797960,1.792526,1.887615,1.741079,-1.824382,9.382876,2.935291,-1.330301,-0.364908,1.062308,1.741079,-0.720821,-0.641409,-0.006720,0.964900,0.964877,-6.706000,-66.188004,-20.464001,NaN,-1.858951,true,Self-supervised model,0.229445,0.608000,2.043042,3.360267,0.000000,0.000000,1.029549,1.804413,false,false
2026-04-17T15:12:29.155787,0.049884,-0.796400,-1.471602,174.317,S,1,0.797960,1,0.797960,1.867541,1.908812,2.261367,-1.793257,9.081207,3.655946,-1.400271,-0.531131,1.694379,2.261367,-0.598037,-0.473421,0.063530,0.765383,0.762742,-6.706000,-66.188004,-20.464001,NaN,-1.861893,true,Self-supervised model,0.314330,0.616000,2.099232,3.407845,0.000000,0.000000,0.825846,2.954555,false,false
2026-04-17T15:12:29.164275,0.049884,-0.796400,-1.471568,174.315,S,1,0.797960,1,0.797960,1.989263,1.934030,2.628304,-1.850718,8.901642,4.338294,-1.463698,-0.619506,2.093271,2.628304,-0.388510,-0.249233,0.144164,0.483571,0.461581,-6.706000,-66.188004,-20.464001,NaN,-1.865643,true,Self-supervised model,0.391755,0.624000,2.101210,3.367324,0.000000,0.000000,0.756862,5.435201,false,false
2026-04-17T15:12:29.171375,0.049884,-0.796400,-1.472457,174.366,S,1,0.797960,1,0.797960,2.109956,1.963067,2.743593,-1.900996,8.803479,4.774038,-1.439048,-0.643139,2.245622,2.743593,-0.168599,-0.061697,0.213803,0.279184,0.179533,-6.706000,-66.188004,-20.464001,NaN,-1.870225,true,Self-supervised model,0.442876,0.631000,2.050292,3.249274,0.000000,0.000000,0.769048,9.827182,false,false
2026-04-17T15:12:29.179738,0.049884,-0.796400,-1.474241,174.468,S,1,0.797960,1,0.797960,2.171520,1.993405,2.494732,-1.862689,8.774749,4.946421,-1.340984,-0.655707,1.998873,2.494732,0.102014,0.125227,0.285885,0.328358,0.161520,-6.706000,-66.188004,-20.464001,NaN,-1.875593,true,Self-supervised model,0.398174,0.640000,1.948043,3.043817,0.000000,0.000000,0.870442,7.597594,false,false
2026-04-17T15:12:29.187374,0.049884,-0.796400,-1.476893,174.620,S,1,0.797960,1,0.797960,2.136522,2.021130,1.952780,-1.750161,8.762778,4.699818,-1.211777,-0.642441,1.390041,1.952780,0.350637,0.274889,0.333532,0.556556,0.445545,-6.706000,-66.188004,-20.464001,NaN,-1.881711,true,Self-supervised model,0.286452,0.647000,1.796129,2.776088,0.000000,0.000000,1.094093,3.508687,false,false
2026-04-17T15:12:29.197443,0.049884,-0.796400,-1.480298,174.815,S,1,0.797960,1,0.797960,2.023888,2.043240,1.432561,-1.606509,8.781932,4.072537,-1.078625,-0.592411,0.733381,1.432561,0.522901,0.383623,0.344528,0.734365,0.648531,-6.706000,-66.188004,-20.464001,NaN,-1.888131,true,Self-supervised model,0.244033,0.657000,1.601041,2.436897,0.000000,0.000000,1.412776,1.950748,false,false
2026-04-17T15:12:29.203341,0.049884,-0.796400,-1.484245,175.041,S,1,0.797960,1,0.797960,1.878195,2.058638,1.113306,-1.460463,8.841787,3.383007,-0.957091,-0.568339,-0.020430,1.113306,0.594372,0.422719,0.333532,0.802006,0.729362,-6.706000,-66.188004,-20.464001,NaN,-1.894248,true,Self-supervised model,0.223443,0.663000,1.374875,2.073718,0.000000,0.000000,1.687043,1.388152,false,false
2026-04-17T15:12:29.213888,0.049884,-0.796400,-1.488455,175.282,S,1,0.797960,1,0.797960,1.773295,2.069225,1.222571,-1.328782,8.877700,2.588132,-0.892019,-0.535043,-0.642425,1.222571,0.603535,0.420886,0.293215,0.792070,0.735799,-6.706000,-66.188004,-20.464001,NaN,-1.899508,true,Self-supervised model,0.216137,0.674000,1.133665,1.681995,0.000000,0.000000,1.450464,1.543514,false,false
2026-04-17T15:12:29.219491,0.049884,-0.796400,-1.492611,175.520,S,1,0.797960,1,0.797960,1.732799,2.077768,1.520198,-1.256956,8.923190,1.922544,-0.847077,-0.460136,-1.175473,1.520198,0.546114,0.372628,0.238237,0.702744,0.661129,-6.706000,-66.188004,-20.464001,NaN,-1.903449,true,Self-supervised model,0.200539,0.679000,0.895532,1.318899,0.000000,0.000000,1.139851,2.163232,false,false
2026-04-17T15:12:29.229975,0.049884,-0.796400,-1.496392,175.737,S,1,0.797960,1,0.797960,1.727199,2.085745,1.697795,-1.209072,9.009381,1.347936,-0.809692,-0.347228,-1.451323,1.697795,0.429438,0.298713,0.166766,0.549052,0.523113,-6.706000,-66.188004,-20.464001,NaN,-1.905730,true,Self-supervised model,0.215298,0.690000,0.678889,0.983896,0.000000,0.000000,1.017319,3.092232,false,false
2026-04-17T15:12:29.235869,0.049884,-0.796400,-1.497172,175.782,S,1,0.797960,1,0.797960,1.742488,2.094015,1.822759,-1.204283,9.129091,1.041478,-0.786120,-0.257503,-1.624241,1.822759,0.298102,0.211970,0.104458,0.380405,0.365782,-6.706000,-66.188004,-20.464001,NaN,-1.894507,true,Self-supervised model,0.236881,0.696000,0.634182,0.911181,0.000000,0.000000,0.955962,4.791631,false,false
2026-04-17T15:12:29.243489,0.049884,-0.796400,-1.495517,175.687,S,1,0.797960,1,0.797960,1.749922,2.102251,1.788947,-1.211466,9.224859,0.840365,-0.759424,-0.244626,-1.601177,1.788947,0.121562,0.108734,0.025656,0.165102,0.163096,-6.706000,-66.188004,-20.464001,NaN,-1.883109,true,Self-supervised model,0.262709,0.703000,0.729022,1.037016,0.000000,0.000000,0.978185,10.835402,false,false
2026-04-17T15:12:29.251761,0.049884,-0.796400,-1.493824,175.590,S,1,0.797960,1,0.797960,1.726265,2.109211,1.602064,-1.189918,9.241618,0.847547,-0.736852,-0.371927,-1.373073,1.602064,-0.058643,0.018326,-0.048258,0.078126,0.061440,-6.706000,-66.188004,-20.464001,NaN,-1.881263,true,Self-supervised model,0.300883,0.712000,0.826052,1.160185,0.000000,0.000000,1.077525,20.506082,false,false
2026-04-17T15:12:29.263932,0.049884,-0.796400,-1.491869,175.478,S,1,0.797960,1,0.797960,1.675832,2.113876,1.411064,-1.175553,9.114726,1.072602,-0.694236,-0.555583,-1.095658,1.411064,-0.221744,-0.039706,-0.112399,0.251755,0.225271,-6.706000,-66.188004,-20.464001,NaN,-1.878265,true,Self-supervised model,0.209738,0.724000,0.938032,1.295625,0.000000,0.000000,1.187637,5.604908,false,false
2026-04-17T15:12:29.267869,0.049884,-0.796400,-1.489507,175.342,S,1,0.797960,1,0.797960,1.609084,2.115685,1.258655,-1.144428,8.927979,1.359907,-0.620240,-0.875343,-0.658246,1.258655,-0.323759,-0.048258,-0.158214,0.363566,0.327335,-6.242000,-66.951004,-19.857000,NaN,-1.874273,true,Self-supervised model,0.194023,0.728000,1.073363,1.474399,0.000000,0.000000,1.278416,3.461971,false,false
2026-04-17T15:12:29.276040,0.049884,-0.796400,-1.486718,175.183,S,1,0.797960,1,0.797960,1.563126,2.115582,1.321844,-1.084573,8.602366,1.817199,-0.653598,-1.118842,-0.261294,1.321844,-0.396452,0.004887,-0.193033,0.440976,0.396482,-6.242000,-66.951004,-19.857000,NaN,-1.869774,true,Self-supervised model,0.186891,0.736000,1.233183,1.675520,0.000000,0.000000,1.182534,2.997544,false,false
2026-04-17T15:12:29.283793,0.049884,-0.796400,-1.483528,175.000,S,1,0.797960,1,0.797960,1.548823,2.114912,1.473733,-1.134852,8.350976,2.240973,-0.715734,-1.287046,0.055905,1.473733,-0.418443,0.098960,-0.205251,0.476461,0.429985,-6.242000,-66.951004,-19.857000,NaN,-1.864982,true,Self-supervised model,0.186262,0.744000,1.415949,1.903158,0.000000,0.000000,1.050952,3.093081,false,false
2026-04-17T15:12:29.292384,0.049884,-0.796400,-1.480025,174.799,S,1,0.797960,1,0.797960,1.548648,2.114261,1.547733,-1.216254,8.173804,2.588132,-0.769713,-1.326080,0.211021,1.547733,-0.395841,0.219911,-0.192423,0.492014,0.452825,-6.242000,-66.951004,-19.857000,NaN,-1.860226,true,Self-supervised model,0.192203,0.752000,1.616658,2.149811,0.000000,0.000000,1.000592,3.145712,false,false
2026-04-17T15:12:29.300162,0.049884,-0.796400,-1.475661,174.549,S,1,0.797960,1,0.797960,1.552224,2.113780,1.570994,-1.300052,8.125920,2.770091,-0.863600,-1.279365,0.292305,1.570994,-0.354913,0.331700,-0.161879,0.512048,0.485786,-6.242000,-66.951004,-19.857000,NaN,-1.852417,true,Self-supervised model,0.192674,0.760000,1.866709,2.456196,0.000000,0.000000,0.988052,3.068062,false,false
2026-04-17T15:12:29.307419,0.049884,-0.796400,-1.471464,174.309,S,1,0.797960,1,0.797960,1.537134,2.112714,1.457915,-1.414973,8.164227,2.877831,-0.867761,-1.135751,0.287360,1.457915,-0.291383,0.439212,-0.108123,0.538054,0.527078,-6.242000,-66.951004,-19.857000,NaN,-1.848889,true,Self-supervised model,0.182706,0.767000,2.107178,2.747299,0.000000,0.000000,1.054338,2.709608,false,false
2026-04-17T15:12:29.316733,0.049884,-0.796400,-1.467632,174.089,S,1,0.797960,1,0.797960,1.497832,2.110119,1.291492,-1.438915,8.300697,2.894590,-0.788535,-0.998323,0.222520,1.291492,-0.232129,0.486249,-0.048258,0.540972,0.538815,-6.242000,-66.951004,-19.857000,NaN,-1.846519,true,Self-supervised model,0.177256,0.777000,2.326714,2.994484,0.000000,0.000000,1.159768,2.387356,false,false
2026-04-17T15:12:29.324953,0.049884,-0.796400,-1.464366,173.902,S,1,0.797960,1,0.797960,1.431320,2.104967,1.082137,-1.376666,8.432379,2.846706,-0.663167,-0.852591,0.065725,1.082137,-0.186925,0.463036,0.005498,0.499373,0.499343,-6.242000,-66.951004,-19.857000,NaN,-1.845515,true,Self-supervised model,0.180145,0.785000,2.513850,3.202356,0.000000,0.000000,1.322679,2.166992,false,false
2026-04-17T15:12:29.331558,0.049884,-0.796400,-1.461813,173.756,S,1,0.797960,1,0.797960,1.343174,2.096495,0.880408,-1.264138,8.573636,2.703054,-0.497642,-0.719188,-0.101191,0.880408,-0.169210,0.391565,0.038485,0.428294,0.426562,-6.242000,-66.951004,-19.857000,NaN,-1.845815,true,Self-supervised model,0.188012,0.791000,2.660117,3.362980,0.000000,0.000000,1.525627,2.055616,false,false
2026-04-17T15:12:29.339358,0.049884,-0.796400,-1.459609,173.629,S,1,0.797960,1,0.797960,1.248490,2.084575,0.751397,-1.113304,8.702923,2.547431,-0.343783,-0.622039,-0.243882,0.751397,-0.171042,0.270613,0.061697,0.326027,0.320136,-6.242000,-66.951004,-19.857000,NaN,-1.845005,true,Self-supervised model,0.193059,0.799000,2.786415,3.487378,0.000000,0.000000,1.661558,2.304708,false,false
2026-04-17T15:12:29.349231,0.049884,-0.796400,-1.457849,173.529,S,1,0.797960,1,0.797960,1.163930,2.069749,0.719987,-0.969652,8.796297,2.415750,-0.259310,-0.577766,-0.342527,0.719987,-0.187536,0.141110,0.064752,0.243463,0.234695,-6.242000,-66.951004,-19.857000,NaN,-1.845021,true,Self-supervised model,0.188233,0.809000,2.887264,3.568930,0.000000,0.000000,1.616599,2.957269,false,false
2026-04-17T15:12:29.355641,0.049884,-0.796400,-1.456938,173.476,S,1,0.797960,1,0.797960,1.083649,2.052305,0.662178,-0.885855,8.836999,2.329558,-0.215122,-0.521064,-0.347412,0.662178,-0.208305,0.045204,0.054978,0.220129,0.213153,-6.242000,-66.951004,-19.857000,NaN,-1.847508,true,Self-supervised model,0.185554,0.816000,2.939447,3.602264,0.000000,0.000000,1.636492,3.008131,false,false
2026-04-17T15:12:29.363790,0.049884,-0.796400,-1.456697,173.463,S,1,0.797960,1,0.797960,1.017299,2.032905,0.668959,-0.840365,8.889671,2.339135,-0.279033,-0.523567,-0.309069,0.668959,-0.232740,-0.037263,0.028711,0.237446,0.235704,-6.242000,-66.951004,-19.857000,NaN,-1.849947,true,Self-supervised model,0.173687,0.824000,2.953244,3.584034,0.000000,0.000000,1.520720,2.817310,false,false
2026-04-17T15:12:29.371268,0.049884,-0.796400,-1.456897,173.474,S,1,0.797960,1,0.797960,0.960014,2.011989,0.659267,-0.902614,8.882488,2.394202,-0.385585,-0.508724,-0.164793,0.659267,-0.251066,-0.080023,0.009163,0.263670,0.263510,-6.242000,-66.951004,-19.857000,NaN,-1.851909,true,Self-supervised model,0.164474,0.831000,2.941804,3.540077,0.000000,0.000000,1.456184,2.500351,false,false
2026-04-17T15:12:29.379644,0.049884,-0.796400,-1.457350,173.500,S,1,0.797960,1,0.797960,0.920564,1.990332,0.713451,-1.007959,8.892065,2.557007,-0.498537,-0.510346,-0.004460,0.713451,-0.255342,-0.078802,0.000000,0.267225,0.267225,-6.242000,-66.951004,-19.857000,NaN,-1.853376,true,Self-supervised model,0.148808,0.840000,2.915840,3.471238,0.000000,0.000000,1.290296,2.669855,false,false
2026-04-17T15:12:29.387485,0.049884,-0.796400,-1.457936,173.534,S,1,0.797960,1,0.797960,0.900949,1.968757,0.797974,-1.120486,8.884883,2.736573,-0.560554,-0.530764,0.202069,0.797974,-0.252287,-0.046426,0.003054,0.256542,0.256523,-6.242000,-66.951004,-19.857000,NaN,-1.854492,true,Self-supervised model,0.140501,0.847000,2.882282,3.402930,0.000000,0.000000,1.129046,3.110507,false,false
2026-04-17T15:12:29.395937,0.049884,-0.796400,-1.458129,173.545,S,1,0.797960,1,0.797960,0.897868,1.947921,0.881691,-1.189918,8.858546,2.961627,-0.542018,-0.544030,0.433158,0.881691,-0.222966,0.022602,0.009774,0.224322,0.224108,-6.242000,-66.951004,-19.857000,NaN,-1.853115,true,Self-supervised model,0.145190,0.856000,2.871207,3.354214,0.000000,0.000000,1.018348,3.930478,false,false
2026-04-17T15:12:29.403274,0.049884,-0.796400,-1.457988,173.537,S,1,0.797960,1,0.797960,0.910318,1.928417,0.975681,-1.180341,8.839393,3.210624,-0.512313,-0.574572,0.599463,0.975681,-0.170431,0.117897,0.023824,0.208600,0.207236,-6.242000,-66.951004,-19.857000,NaN,-1.851639,true,Self-supervised model,0.156364,0.863000,2.879267,3.336346,0.000000,0.000000,0.933008,4.677271,false,false
2026-04-17T15:12:29.412031,0.049884,-0.796400,-1.457581,173.513,S,1,0.797960,1,0.797960,0.927503,1.910381,1.017726,-1.161188,8.803479,3.392584,-0.493042,-0.565300,0.687831,1.017726,-0.097128,0.208916,0.038485,0.233582,0.230390,-6.242000,-66.951004,-19.857000,NaN,-1.850164,true,Self-supervised model,0.160032,0.872000,2.902618,3.328690,0.000000,0.000000,0.911349,4.357034,false,false
2026-04-17T15:12:29.422051,0.049884,-0.796400,-1.456950,173.477,S,1,0.797960,1,0.797960,0.940492,1.893585,1.008682,-1.154005,8.808268,3.493140,-0.515208,-0.542277,0.676710,1.008682,-0.030543,0.270613,0.053756,0.277586,0.272332,-6.242000,-66.951004,-19.857000,NaN,-1.848642,true,Self-supervised model,0.156223,0.882000,2.938737,3.331902,0.000000,0.000000,0.932397,3.633760,false,false
2026-04-17T15:12:29.430060,0.049884,-0.796400,-1.456644,173.460,S,1,0.797960,1,0.797960,0.941032,1.877483,0.943864,-1.180341,8.829816,3.485958,-0.570957,-0.492146,0.568049,0.943864,0.042150,0.315206,0.076358,0.327051,0.318012,-5.968000,-66.644005,-19.078001,NaN,-1.849633,true,Self-supervised model,0.148035,0.890000,2.956281,3.321665,0.000000,0.000000,0.996999,2.885986,false,false
2026-04-17T15:12:29.435924,0.049884,-0.796400,-1.456606,173.457,S,1,0.797960,1,0.797960,0.923002,1.861304,0.828346,-1.240196,8.880095,3.375824,-0.615180,-0.373820,0.409840,0.828346,0.102625,0.317039,0.103847,0.349041,0.333235,-5.968000,-66.644005,-19.078001,NaN,-1.850667,true,Self-supervised model,0.142614,0.896000,2.958469,3.301863,0.000000,0.000000,1.114271,2.373203,false,false
2026-04-17T15:12:29.443332,0.049884,-0.796400,-1.456250,173.437,S,1,0.797960,1,0.797960,0.899735,1.844841,0.777587,-1.297657,8.997410,3.217807,-0.668075,-0.258792,0.302231,0.777587,0.143553,0.290772,0.139888,0.353164,0.324277,-5.968000,-66.644005,-19.078001,NaN,-1.849038,true,Self-supervised model,0.141376,0.903000,2.978879,3.298869,0.000000,0.000000,1.157087,2.201776,false,false
2026-04-17T15:12:29.451487,0.049884,-0.796400,-1.455677,173.404,S,1,0.797960,1,0.797960,0.867195,1.827735,0.696356,-1.362301,9.112331,3.107674,-0.665687,-0.122998,0.163230,0.696356,0.171042,0.244346,0.171653,0.344130,0.298262,-5.968000,-66.644005,-19.078001,NaN,-1.847598,true,Self-supervised model,0.143556,0.911000,3.011710,3.305939,0.000000,0.000000,1.245332,2.023528,false,false
2026-04-17T15:12:29.460326,0.049884,-0.796400,-1.454985,173.364,S,1,0.797960,1,0.797960,0.822371,1.809521,0.587045,-1.369483,9.248801,2.964022,-0.582933,0.004805,0.069195,0.587045,0.196088,0.174097,0.216857,0.340275,0.262221,-5.968000,-66.644005,-19.078001,NaN,-1.846431,true,Self-supervised model,0.152565,0.920000,3.051352,3.316686,0.000000,0.000000,1.400864,1.725209,false,false
2026-04-17T15:12:29.468088,0.049884,-0.796400,-1.454308,173.326,S,1,0.797960,1,0.797960,0.766335,1.789793,0.472148,-1.292869,9.378088,2.863465,-0.456185,0.112848,0.045662,0.472148,0.206472,0.083078,0.252287,0.336425,0.222560,-5.968000,-66.644005,-19.078001,NaN,-1.845812,true,Self-supervised model,0.167163,0.928000,3.090158,3.329912,0.000000,0.000000,1.623081,1.403429,false,false
2026-04-17T15:12:29.475385,0.049884,-0.796400,-1.453767,173.295,S,1,0.797960,1,0.797960,0.702947,1.768319,0.370156,-1.168370,9.488221,2.832341,-0.314604,0.184066,0.064497,0.370156,0.205862,-0.024435,0.281609,0.349685,0.207307,-5.968000,-66.644005,-19.078001,NaN,-1.845820,true,Self-supervised model,0.181633,0.935000,3.121105,3.338081,0.000000,0.000000,1.899054,1.058542,false,false
2026-04-17T15:12:29.483652,0.049884,-0.796400,-1.454296,173.325,S,1,0.797960,1,0.797960,0.638416,1.745123,0.299628,-1.010353,9.564836,2.837129,-0.162516,0.231425,0.099036,0.299628,0.195477,-0.120340,0.294437,0.373345,0.229550,-5.968000,-66.644005,-19.078001,NaN,-1.850622,true,Self-supervised model,0.189537,0.944000,3.090834,3.274188,0.000000,0.000000,2.130692,0.802552,false,false
2026-04-17T15:12:29.492851,0.049884,-0.796400,-1.455810,173.412,S,1,0.797960,1,0.797960,0.592805,1.721030,0.353349,-0.837971,9.617508,2.858677,-0.041878,0.305510,0.172528,0.353349,0.177762,-0.207694,0.300546,0.406280,0.273379,-5.968000,-66.644005,-19.078001,NaN,-1.856080,true,Self-supervised model,0.161387,0.953000,3.004082,3.152237,0.000000,0.000000,1.677675,0.869717,false,false
2026-04-17T15:12:29.500769,0.049884,-0.796400,-1.458198,173.549,S,1,0.797960,1,0.797960,0.577086,1.697273,0.494561,-0.694318,9.696517,2.920926,0.007750,0.363216,0.335566,0.494561,0.166766,-0.256563,0.297491,0.426775,0.306000,-5.968000,-66.644005,-19.078001,NaN,-1.861961,true,Self-supervised model,0.123202,0.961000,2.867280,2.983642,0.000000,0.000000,1.166864,1.158834,false,false
2026-04-17T15:12:29.507239,0.049884,-0.796400,-1.461334,173.728,S,1,0.797960,1,0.797960,0.581287,1.674633,0.603344,-0.620098,9.758766,3.074155,0.049440,0.411445,0.438512,0.603344,0.167988,-0.270002,0.291383,0.431306,0.317996,-5.968000,-66.644005,-19.078001,NaN,-1.868091,true,Self-supervised model,0.125852,0.967000,2.687597,2.779314,0.000000,0.000000,0.963443,1.398876,false,false
2026-04-17T15:12:29.515494,0.049884,-0.796400,-1.465097,173.944,S,1,0.797960,1,0.797960,0.596086,1.653491,0.673777,-0.553061,9.811439,3.167529,0.133628,0.397717,0.527201,0.673777,0.172264,-0.265726,0.275500,0.419745,0.316679,-5.968000,-66.644005,-19.078001,NaN,-1.874363,true,Self-supervised model,0.135355,0.975000,2.471983,2.535367,0.000000,0.000000,0.884693,1.605206,false,false
2026-04-17T15:12:29.523535,0.049884,-0.796400,-1.468868,174.160,S,1,0.797960,1,0.797960,0.614865,1.633946,0.713458,-0.452504,9.799467,3.253720,0.228702,0.326571,0.591667,0.713458,0.168599,-0.268781,0.255342,0.407269,0.317283,-5.968000,-66.644005,-19.078001,NaN,-1.878166,true,Self-supervised model,0.140156,0.983000,2.255913,2.294926,0.000000,0.000000,0.861810,1.751811,false,false
2026-04-17T15:12:29.533245,0.049884,-0.796400,-1.472718,174.381,S,1,0.797960,1,0.797960,0.642465,1.616287,0.787364,-0.339977,9.730036,3.315969,0.314360,0.259291,0.673712,0.787364,0.160047,-0.271835,0.237016,0.394570,0.315451,-5.968000,-66.644005,-19.078001,NaN,-1.882334,true,Self-supervised model,0.150318,0.993000,2.035290,2.049638,0.000000,0.000000,0.815969,1.995498,false,false
2026-04-17T15:12:29.539489,0.049884,-0.796400,-1.476426,174.593,S,1,0.797960,1,0.797960,0.679682,1.600823,0.875068,-0.241814,9.662998,3.399766,0.400335,0.209595,0.749364,0.875068,0.141110,-0.276722,0.204640,0.371974,0.310624,-5.968000,-66.644005,-19.078001,NaN,-1.885469,true,Self-supervised model,0.160574,0.999000,1.822869,1.824694,0.000000,0.000000,0.776718,2.352500,false,false
2026-04-17T15:12:29.548053,0.049884,-0.796400,-1.480581,174.831,S,1,0.797960,1,0.797960,0.739052,1.588352,1.050743,-0.131681,9.615114,3.473987,0.542410,0.235777,0.868483,1.050743,0.134390,-0.255342,0.177151,0.338589,0.288548,-5.968000,-66.644005,-19.078001,NaN,-1.891417,true,Self-supervised model,0.184721,1.008000,1.584774,1.572197,0.000000,0.000000,0.703361,3.103300,false,false
2026-04-17T15:12:29.555447,0.049884,-0.796400,-1.484855,175.076,S,1,0.797960,1,0.797960,0.816680,1.579485,1.224228,0.028730,9.641450,3.596091,0.716829,0.281198,0.951744,1.224228,0.152716,-0.194255,0.131336,0.279833,0.247098,-5.968000,-66.644005,-19.078001,NaN,-1.896162,true,Self-supervised model,0.204851,1.015000,1.339919,1.320117,0.000000,0.000000,0.667098,4.374851,false,false
2026-04-17T15:12:29.564004,0.049884,-0.796400,-1.489190,175.324,S,1,0.797960,1,0.797960,0.887432,1.573803,1.258881,0.220267,9.686940,3.682282,0.839745,0.275783,0.896412,1.258881,0.215025,-0.062308,0.056810,0.230966,0.223870,-5.968000,-66.644005,-19.078001,NaN,-1.900743,true,Self-supervised model,0.205812,1.024000,1.091546,1.065963,0.000000,0.000000,0.704937,5.450503,false,false
2026-04-17T15:12:29.571233,0.049884,-0.796400,-1.493414,175.566,S,1,0.797960,1,0.797960,0.934441,1.570228,1.181236,0.356736,9.682152,3.627216,0.896731,0.350133,0.684542,1.181236,0.264505,0.043371,-0.008552,0.268173,0.268037,-5.968000,-66.644005,-19.078001,NaN,-1.904524,true,Self-supervised model,0.185515,1.031000,0.849514,0.823971,0.000000,0.000000,0.791070,4.404749,false,false
2026-04-17T15:12:29.582291,0.049884,-0.796400,-1.496784,175.759,S,1,0.797960,1,0.797960,0.941330,1.567073,0.977499,0.416591,9.761160,3.399766,0.781762,0.466612,0.355844,0.977499,0.318261,0.182038,-0.114843,0.384209,0.366644,-5.968000,-66.644005,-19.078001,NaN,-1.904479,true,Self-supervised model,0.153931,1.042000,0.656412,0.629954,0.000000,0.000000,0.962998,2.544185,false,false
2026-04-17T15:12:29.587679,0.049884,-0.796400,-1.498882,175.880,S,1,0.797960,1,0.797960,0.921093,1.563233,0.814851,0.294487,9.883265,3.050213,0.542623,0.606750,0.037376,0.814851,0.333532,0.265726,-0.214414,0.477313,0.426444,-3.657000,-66.748001,-21.745001,NaN,-1.901487,true,Self-supervised model,0.143952,1.048000,0.536211,0.511652,0.000000,0.000000,1.130383,1.707163,false,false
2026-04-17T15:12:29.596953,0.049884,-0.796400,-1.499341,175.906,S,1,0.797960,1,0.797960,0.906240,1.558954,0.828262,0.038307,10.029311,2.707842,0.262449,0.757068,-0.209731,0.828262,0.298102,0.276722,-0.283441,0.495761,0.406743,-3.657000,-66.748001,-21.745001,NaN,-1.895390,true,Self-supervised model,0.144994,1.057000,0.509921,0.482422,0.000000,0.000000,1.094147,1.670688,false,false
2026-04-17T15:12:29.603601,0.049884,-0.796400,-1.498015,175.830,S,1,0.797960,1,0.797960,0.913621,1.555140,0.952369,-0.265756,10.184934,2.437297,-0.045633,0.882427,-0.355312,0.952369,0.233351,0.243735,-0.315206,0.461752,0.337430,-3.657000,-66.748001,-21.745001,NaN,-1.886922,true,Self-supervised model,0.151701,1.064000,0.585919,0.550676,0.000000,0.000000,0.959314,2.062514,false,false
2026-04-17T15:12:29.611996,0.049884,-0.796400,-1.495019,175.658,S,1,0.797960,1,0.797960,0.943343,1.552668,1.099385,-0.600945,10.314221,2.272097,-0.261893,1.012384,-0.339319,1.099385,0.138056,0.177762,-0.317039,0.388809,0.225075,-3.657000,-66.748001,-21.745001,NaN,-1.877251,true,Self-supervised model,0.170100,1.072000,0.757539,0.706659,0.000000,0.000000,0.858064,2.827572,false,false
2026-04-17T15:12:29.619669,0.049884,-0.796400,-1.490992,175.428,S,1,0.797960,1,0.797960,0.971397,1.551418,1.118682,-0.840365,10.445902,2.276886,-0.365813,1.043318,-0.170639,1.118682,0.050091,0.099571,-0.291383,0.311973,0.111461,-3.657000,-66.748001,-21.745001,NaN,-1.869094,true,Self-supervised model,0.172129,1.080000,0.988306,0.915098,0.000000,0.000000,0.868341,3.585824,false,false
2026-04-17T15:12:29.631275,0.049884,-0.796400,-1.486131,175.149,S,1,0.797960,1,0.797960,0.974256,1.550331,0.989262,-0.967257,10.477027,2.439692,-0.311239,0.939024,-0.001897,0.989262,-0.009163,0.032987,-0.249844,0.252179,0.034236,-3.657000,-66.748001,-21.745001,NaN,-1.860902,true,Self-supervised model,0.158566,1.091000,1.266794,1.161131,0.000000,0.000000,0.984831,3.922862,false,false
2026-04-17T15:12:29.636181,0.049884,-0.796400,-1.480732,174.840,S,1,0.797960,1,0.797960,0.942501,1.548018,0.775791,-0.933739,10.371682,2.607286,-0.162768,0.739525,0.168703,0.775791,-0.033598,-0.020159,-0.192423,0.196371,0.039181,-3.657000,-66.748001,-21.745001,NaN,-1.853349,true,Self-supervised model,0.151129,1.096000,1.576138,1.438082,0.000000,0.000000,1.214891,3.950636,false,false
2026-04-17T15:12:29.643759,0.049884,-0.796400,-1.475193,174.522,S,1,0.797960,1,0.797960,0.891464,1.543756,0.623519,-0.802058,10.170568,2.779668,0.087843,0.544762,0.290335,0.623519,-0.028711,-0.056200,-0.156382,0.168635,0.063109,-3.657000,-66.748001,-21.745001,NaN,-1.847250,true,Self-supervised model,0.162484,1.104000,1.893500,1.715127,0.000000,0.000000,1.429730,3.697440,false,false
2026-04-17T15:12:29.651397,0.049884,-0.796400,-1.469903,174.219,S,1,0.797960,1,0.797960,0.834651,1.537392,0.536384,-0.562637,9.974244,2.904167,0.314569,0.351801,0.254931,0.536384,-0.002443,-0.102014,-0.117897,0.155925,0.102044,-3.657000,-66.748001,-21.745001,NaN,-1.842957,true,Self-supervised model,0.167807,1.111000,2.196593,1.977131,0.000000,0.000000,1.556071,3.440009,false,false
2026-04-17T15:12:29.659657,0.049884,-0.796400,-1.465071,173.942,S,1,0.797960,1,0.797960,0.804949,1.530094,0.649015,-0.342371,9.780313,2.870648,0.605931,0.198718,0.120749,0.649015,0.030543,-0.140499,-0.091630,0.170496,0.143781,-3.657000,-66.748001,-21.745001,NaN,-1.839954,true,Self-supervised model,0.145672,1.120000,2.473474,2.208459,0.000000,0.000000,1.240263,3.806632,false,false
2026-04-17T15:12:29.667716,0.049884,-0.796400,-1.460853,173.701,S,1,0.797960,1,0.797960,0.806681,1.523157,0.815771,-0.052672,9.627085,2.736573,0.780600,0.099842,-0.214891,0.815771,0.047647,-0.162490,-0.087965,0.190817,0.169332,-3.657000,-66.748001,-21.745001,NaN,-1.838195,true,Self-supervised model,0.147948,1.128000,2.715134,2.407034,0.000000,0.000000,0.988857,4.275152,false,false
2026-04-17T15:12:29.675645,0.049884,-0.796400,-1.457336,173.499,S,1,0.797960,1,0.797960,0.845908,1.518067,1.051847,0.124498,9.528923,2.398990,0.853824,0.064856,-0.610869,1.051847,0.040317,-0.171653,-0.097128,0.201306,0.176324,-3.657000,-66.748001,-21.745001,NaN,-1.837482,true,Self-supervised model,0.181002,1.136000,2.916636,2.567461,0.000000,0.000000,0.804211,5.225120,false,false
2026-04-17T15:12:29.683625,0.049884,-0.796400,-1.454550,173.340,S,1,0.797960,1,0.797960,0.910445,1.515762,1.249264,0.203507,9.495404,1.999158,0.793857,0.144565,-0.953704,1.249264,-0.010996,-0.172875,-0.106901,0.203555,0.173224,-3.657000,-66.748001,-21.745001,NaN,-1.837618,true,Self-supervised model,0.209148,1.144000,3.076275,2.689052,0.000000,0.000000,0.728785,6.137237,false,false
2026-04-17T15:12:29.691718,0.049884,-0.796400,-1.452441,173.219,S,1,0.797960,1,0.797960,1.011715,1.517601,1.543383,0.150835,9.576807,1.651999,0.670875,0.298741,-1.357465,1.543383,-0.098960,-0.175318,-0.120340,0.234545,0.201320,-3.657000,-66.748001,-21.745001,NaN,-1.838221,true,Self-supervised model,0.243675,1.152000,3.197080,2.775243,0.000000,0.000000,0.655518,6.580322,false,false
2026-04-17T15:12:29.699923,0.049884,-0.796400,-1.450950,173.133,S,1,0.797960,1,0.797960,1.136827,1.524370,1.793664,0.035913,9.732430,1.244985,0.545751,0.497437,-1.634607,1.793664,-0.259618,-0.178984,-0.133779,0.342540,0.315335,-3.657000,-66.748001,-21.745001,NaN,-1.839198,true,Self-supervised model,0.262601,1.160000,3.282525,2.829763,0.000000,0.000000,0.633801,5.236368,false,false
2026-04-17T15:12:29.707473,0.049884,-0.796400,-1.450027,173.080,S,1,0.797960,1,0.797960,1.244607,1.535179,1.810456,-0.081403,9.931149,0.969652,0.456296,0.641613,-1.630300,1.810456,-0.470977,-0.204640,-0.146608,0.534032,0.513514,-3.657000,-66.748001,-21.745001,NaN,-1.840549,true,Self-supervised model,0.255123,1.167000,3.335407,2.858104,0.000000,0.000000,0.687455,3.390161,false,false
2026-04-17T15:12:29.715660,0.049884,-0.796400,-1.449144,173.030,S,1,0.797960,1,0.797960,1.304642,1.547958,1.619826,-0.174777,10.067618,1.000776,0.333717,0.661076,-1.440641,1.619826,-0.704328,-0.248622,-0.163101,0.764521,0.746921,-3.657000,-66.748001,-21.745001,NaN,-1.839826,true,Self-supervised model,0.224736,1.176000,3.385996,2.879248,0.000000,0.000000,0.805421,2.118746,false,false
2026-04-17T15:12:29.723812,0.049884,-0.796400,-1.448479,172.992,S,1,0.797960,1,0.797960,1.269072,1.558802,1.082330,-0.301669,10.074800,1.233014,0.253921,0.532080,-0.907664,1.082330,-0.892474,-0.296270,-0.166766,0.955038,0.940365,-3.657000,-66.748001,-21.745001,NaN,-1.840030,true,Self-supervised model,0.172992,1.184000,3.424131,2.892002,0.000000,0.000000,1.172537,1.133285,false,false
2026-04-17T15:12:29.734292,0.049884,-0.796400,-1.448188,172.975,S,1,0.797960,1,0.797960,1.137725,1.563959,0.448152,-0.385466,9.928755,1.824382,0.234567,0.352475,-0.146900,0.448152,-1.053743,-0.346361,-0.150884,1.119422,1.109206,-3.657000,-66.748001,-21.745001,NaN,-1.841238,true,Self-supervised model,0.207821,1.194000,3.440791,2.881735,0.000000,0.000000,2.538705,0.400342,false,false
2026-04-17T15:12:29.742101,0.049884,-0.796400,-1.448439,172.989,S,1,0.797960,1,0.797960,1.092618,1.567105,0.855803,-0.407014,9.727641,2.657564,0.247961,0.094490,0.813625,0.855803,-1.131322,-0.399506,-0.120340,1.205810,1.199790,-3.657000,-66.748001,-21.745001,NaN,-1.843658,true,Self-supervised model,0.157841,1.202000,3.426386,2.850571,0.000000,0.000000,1.276716,0.709733,false,false
2026-04-17T15:12:29.748086,0.049884,-0.796400,-1.449341,173.041,S,1,0.797960,1,0.797960,1.173315,1.573354,1.596979,-0.392649,9.445126,3.699042,0.261623,-0.071530,1.573779,1.596979,-1.092838,-0.461814,-0.075747,1.188825,1.186409,-4.863000,-69.226006,-19.615002,NaN,-1.847161,true,Self-supervised model,0.217275,1.208000,3.374725,2.793647,0.000000,0.000000,0.734709,1.343326,false,false
2026-04-17T15:12:29.755301,0.049884,-0.796400,-1.450920,173.132,S,1,0.797960,1,0.797960,1.335002,1.585820,2.183858,-0.373495,9.253590,4.541800,0.313916,-0.193304,2.152517,2.183858,-0.974330,-0.492968,-0.032987,1.092440,1.091942,-4.863000,-69.226006,-19.615002,NaN,-1.851447,true,Self-supervised model,0.275271,1.215000,3.284278,2.703109,0.000000,0.000000,0.611304,1.999065,false,false
2026-04-17T15:12:29.764633,0.049884,-0.796400,-1.453110,173.257,S,1,0.797960,1,0.797960,1.517533,1.605088,2.475817,-0.311246,9.107543,5.197812,0.404552,-0.332968,2.419740,2.475817,-0.766025,-0.479529,0.031765,0.904296,0.903738,-4.863000,-69.226006,-19.615002,NaN,-1.856086,true,Self-supervised model,0.307908,1.225000,3.158762,2.578581,0.000000,0.000000,0.612942,2.737839,false,false
2026-04-17T15:12:29.771505,0.049884,-0.796400,-1.455858,173.414,S,1,0.797960,1,0.797960,1.714529,1.631466,2.748761,-0.205901,8.947132,5.530606,0.503539,-0.513807,2.652948,2.748761,-0.525955,-0.442266,0.087965,0.692796,0.687189,-4.863000,-69.226006,-19.615002,NaN,-1.861061,true,Self-supervised model,0.341321,1.231000,3.001347,2.438137,0.000000,0.000000,0.623746,3.967635,false,false
2026-04-17T15:12:29.779683,0.049884,-0.796400,-1.459078,173.599,S,1,0.797960,1,0.797960,1.904725,1.664396,2.903256,-0.088585,8.750807,5.813122,0.637443,-0.724441,2.738202,2.903256,-0.258396,-0.433714,0.134390,0.522434,0.504853,-4.863000,-69.226006,-19.615002,NaN,-1.866171,true,Self-supervised model,0.376950,1.240000,2.816856,2.271658,0.000000,0.000000,0.656065,5.557172,false,false
2026-04-17T15:12:29.787679,0.049884,-0.796400,-1.462680,173.805,S,1,0.797960,1,0.797960,2.053797,1.701972,2.836424,0.067038,8.530540,5.930438,0.785089,-0.928916,2.562431,2.836424,-0.032987,-0.443488,0.161879,0.473260,0.444713,-4.863000,-69.226006,-19.615002,NaN,-1.871304,true,Self-supervised model,0.385614,1.248000,2.610443,2.091701,0.000000,0.000000,0.724080,5.993377,false,false
2026-04-17T15:12:29.796673,0.049884,-0.796400,-1.466561,174.028,S,1,0.797960,1,0.797960,2.125046,1.740895,2.499100,0.239420,8.322245,5.770026,0.899046,-1.014779,2.099391,2.499100,0.215025,-0.463036,0.177762,0.540590,0.510527,-4.863000,-69.226006,-19.615002,NaN,-1.876296,true,Self-supervised model,0.354892,1.257000,2.388104,1.899844,0.000000,0.000000,0.850324,4.622916,false,false
2026-04-17T15:12:29.803299,0.049884,-0.796400,-1.470606,174.260,S,1,0.797960,1,0.797960,2.092792,1.776971,1.923457,0.380678,8.238448,5.305551,0.868445,-0.966599,1.418159,1.923457,0.403782,-0.474031,0.171042,0.645756,0.622692,-4.863000,-69.226006,-19.615002,NaN,-1.881000,true,Self-supervised model,0.278713,1.263000,2.156336,1.707313,0.000000,0.000000,1.088037,2.978611,false,false
2026-04-17T15:12:29.812157,0.049884,-0.796400,-1.474680,174.493,S,1,0.797960,1,0.797960,1.963069,1.806415,1.282024,0.378284,8.293514,4.608838,0.707212,-0.720573,0.790071,1.282024,0.509462,-0.464258,0.149051,0.705197,0.689265,-4.863000,-69.226006,-19.615002,NaN,-1.885188,true,Self-supervised model,0.234229,1.272000,1.922929,1.511736,0.000000,0.000000,1.531226,1.817967,false,false
2026-04-17T15:12:29.819335,0.049884,-0.796400,-1.478628,174.719,S,1,0.797960,1,0.797960,1.765528,1.826780,0.728440,0.244209,8.549694,3.955221,0.530981,-0.492309,0.079478,0.728440,0.528398,-0.447153,0.134390,0.705132,0.692207,-4.863000,-69.226006,-19.615002,NaN,-1.888633,true,Self-supervised model,0.226093,1.279000,1.696717,1.326597,0.000000,0.000000,2.423711,1.033054,false,false
2026-04-17T15:12:29.830771,0.049884,-0.796400,-1.482382,174.934,S,1,0.797960,1,0.797960,1.598046,1.839630,0.718763,0.093374,8.789114,3.215413,0.471958,-0.263558,-0.473722,0.718763,0.465479,-0.424551,0.111177,0.639746,0.630012,-4.863000,-69.226006,-19.615002,NaN,-1.891612,true,Self-supervised model,0.221170,1.291000,1.481619,1.147652,0.000000,0.000000,2.223329,1.123512,false,false
2026-04-17T15:12:29.835934,0.049884,-0.796400,-1.485901,175.136,S,1,0.797960,1,0.797960,1.503655,1.848191,1.008106,0.057461,9.028535,2.633622,0.439730,-0.100794,-0.901530,1.008106,0.330478,-0.405004,0.079412,0.528725,0.522727,-4.863000,-69.226006,-19.615002,NaN,-1.894190,true,Self-supervised model,0.198166,1.296000,1.279997,0.987652,0.000000,0.000000,1.491565,1.906673,false,false
2026-04-17T15:12:29.845695,0.049884,-0.796400,-1.490021,175.372,S,1,0.797960,1,0.797960,1.449880,1.854259,1.167561,0.057461,9.193734,2.202666,0.418410,0.009244,-1.089975,1.167561,0.162490,-0.365908,0.044593,0.402841,0.400365,-4.863000,-69.226006,-19.615002,NaN,-1.900715,true,Self-supervised model,0.193581,1.306000,1.043933,0.799336,0.000000,0.000000,1.241803,2.898320,false,false
2026-04-17T15:12:29.851543,0.049884,-0.796400,-1.493658,175.580,S,1,0.797960,1,0.797960,1.417501,1.858788,1.247510,0.052672,9.308656,2.001553,0.448857,0.003091,-1.163958,1.247510,0.018326,-0.317039,0.012217,0.317803,0.317568,-4.863000,-69.226006,-19.615002,NaN,-1.902420,true,Self-supervised model,0.191360,1.311000,0.835536,0.637327,0.000000,0.000000,1.136264,3.925417,false,false
2026-04-17T15:12:29.859953,0.049884,-0.796400,-1.496813,175.761,S,1,0.797960,1,0.797960,1.380894,1.861673,1.188710,0.095768,9.303867,1.924938,0.490722,-0.071391,-1.080337,1.188710,-0.132558,-0.245568,-0.024435,0.280129,0.279061,-4.863000,-69.226006,-19.615002,NaN,-1.903646,true,Self-supervised model,0.190702,1.320000,0.654776,0.496043,0.000000,0.000000,1.161674,4.243442,false,false
2026-04-17T15:12:29.867699,0.049884,-0.796400,-1.499484,175.914,S,1,0.797960,1,0.797960,1.328385,1.862341,1.052710,0.146046,9.227253,2.015918,0.493813,-0.140465,-0.919030,1.052710,-0.251676,-0.175318,-0.058643,0.312276,0.306721,-4.863000,-69.226006,-19.615002,NaN,-1.904384,true,Self-supervised model,0.184392,1.328000,0.501712,0.377795,0.000000,0.000000,1.261872,3.371084,false,false
2026-04-17T15:12:29.875453,0.049884,-0.796400,-1.501655,176.039,S,1,0.797960,1,0.797960,1.246061,1.859690,0.813858,0.153229,9.153033,2.193089,0.421350,-0.149883,-0.679974,0.813858,-0.331700,-0.122173,-0.081856,0.362838,0.353484,-4.863000,-69.226006,-19.615002,NaN,-1.904553,true,Self-supervised model,0.187452,1.335000,0.377321,0.282637,0.000000,0.000000,1.531053,2.243035,false,false
2026-04-17T15:12:29.883678,0.049884,-0.796400,-1.503337,176.135,S,1,0.797960,1,0.797960,1.139435,1.852880,0.579649,0.081403,9.136273,2.454057,0.317657,-0.134024,-0.465966,0.579649,-0.364687,-0.086743,-0.091630,0.385897,0.374861,-4.863000,-69.226006,-19.615002,NaN,-1.904278,true,Self-supervised model,0.199770,1.344000,0.280960,0.209048,0.000000,0.000000,1.965732,1.502082,false,false
2026-04-17T15:12:29.892079,0.049884,-0.796400,-1.504572,176.206,S,1,0.797960,1,0.797960,1.023410,1.841701,0.414280,-0.023942,9.143456,2.693477,0.236735,-0.074706,-0.331668,0.414280,-0.364076,-0.052534,-0.090408,0.378794,0.367846,-4.863000,-69.226006,-19.615002,NaN,-1.903724,true,Self-supervised model,0.209253,1.352000,0.210219,0.155487,0.000000,0.000000,2.470335,1.093682,false,false
2026-04-17T15:12:29.902704,0.049884,-0.796400,-1.505430,176.255,S,1,0.797960,1,0.797960,0.915783,1.826664,0.350744,-0.107739,9.193734,2.853889,0.173628,0.003310,-0.304735,0.350744,-0.339641,-0.035430,-0.084910,0.351882,0.341484,-4.863000,-69.226006,-19.615002,NaN,-1.903074,true,Self-supervised model,0.209711,1.363000,0.161079,0.118179,0.000000,0.000000,2.610977,0.996764,false,false
2026-04-17T15:12:29.907517,0.049884,-0.796400,-1.506472,176.314,S,1,0.797960,1,0.797960,0.828424,1.808735,0.369787,-0.165200,9.265560,2.899378,0.123258,0.070631,-0.341410,0.369787,-0.308487,-0.023213,-0.079412,0.319389,0.309359,-4.036000,-69.645004,-20.936001,NaN,-1.904853,true,Self-supervised model,0.197263,1.367000,0.101380,0.074162,0.000000,0.000000,2.240275,1.157794,false,false
2026-04-17T15:12:29.915713,0.049884,-0.796400,-1.507617,176.380,S,1,0.797960,1,0.797960,0.767483,1.789085,0.447543,-0.210690,9.327810,2.877831,0.130919,0.122281,-0.410125,0.447543,-0.273668,-0.017715,-0.078802,0.285338,0.274240,-4.036000,-69.645004,-20.936001,NaN,-1.906410,true,Self-supervised model,0.174782,1.376000,0.035775,0.025999,0.000000,0.000000,1.714881,1.568469,false,false
2026-04-17T15:12:29.923775,0.049884,-0.796400,-1.508794,176.448,S,1,0.797960,1,0.797960,0.727769,1.768632,0.519269,-0.198719,9.375694,2.820370,0.153557,0.122647,-0.480644,0.519269,-0.252287,-0.023824,-0.083078,0.266680,0.253410,-4.036000,-69.645004,-20.936001,NaN,-1.907718,true,Self-supervised model,0.155711,1.384000,0.031698,0.022903,0.000000,0.000000,1.401525,1.947161,false,false
2026-04-17T15:12:29.932451,0.049884,-0.796400,-1.509935,176.513,S,1,0.797960,1,0.797960,0.700235,1.747896,0.555680,-0.172383,9.373300,2.758120,0.129618,0.081449,-0.534178,0.555680,-0.233961,-0.036652,-0.100793,0.257372,0.236815,-4.036000,-69.645004,-20.936001,NaN,-1.908710,true,Self-supervised model,0.148580,1.392000,0.097039,0.069712,0.000000,0.000000,1.260139,2.159054,false,false
2026-04-17T15:12:29.939139,0.049884,-0.796400,-1.510932,176.570,S,1,0.797960,1,0.797960,0.676436,1.727038,0.551493,-0.193930,9.330204,2.710236,0.090594,0.037251,-0.542724,0.551493,-0.219911,-0.047647,-0.117897,0.254030,0.225014,-4.036000,-69.645004,-20.936001,NaN,-1.909136,true,Self-supervised model,0.146634,1.399000,0.154195,0.110218,0.000000,0.000000,1.226555,2.170977,false,false
2026-04-17T15:12:29.947689,0.049884,-0.796400,-1.511679,176.613,S,1,0.797960,1,0.797960,0.655365,1.706171,0.544741,-0.232238,9.284714,2.705448,0.003366,0.016370,-0.544484,0.544741,-0.200975,-0.058643,-0.135612,0.249440,0.209356,-4.036000,-69.645004,-20.936001,NaN,-1.908880,true,Self-supervised model,0.146026,1.408000,0.196994,0.139910,0.000000,0.000000,1.203076,2.183852,false,false
2026-04-17T15:12:29.955574,0.049884,-0.796400,-1.512068,176.635,S,1,0.797960,1,0.797960,0.640539,1.685545,0.562702,-0.320823,9.263166,2.705448,-0.165580,0.033064,-0.536772,0.562702,-0.173486,-0.067195,-0.139888,0.232769,0.186044,-4.036000,-69.645004,-20.936001,NaN,-1.907835,true,Self-supervised model,0.145802,1.415000,0.219254,0.154950,0.000000,0.000000,1.138327,2.417432,false,false
2026-04-17T15:12:29.964175,0.049884,-0.796400,-1.512017,176.632,S,1,0.797960,1,0.797960,0.637753,1.665634,0.623128,-0.493206,9.279925,2.712631,-0.275622,0.032259,-0.557925,0.623128,-0.148440,-0.069639,-0.130725,0.209698,0.163964,-4.036000,-69.645004,-20.936001,NaN,-1.906028,true,Self-supervised model,0.150334,1.424000,0.216352,0.151933,0.000000,0.000000,1.023470,2.971555,false,false
2026-04-17T15:12:29.971445,0.049884,-0.796400,-1.511514,176.603,S,1,0.797960,1,0.797960,0.643508,1.646749,0.673724,-0.608127,9.279925,2.688689,-0.380147,0.035419,-0.555102,0.673724,-0.120340,-0.067806,-0.109345,0.176170,0.138129,-4.036000,-69.645004,-20.936001,NaN,-1.903715,true,Self-supervised model,0.156890,1.431000,0.187535,0.131051,0.000000,0.000000,0.955151,3.824290,false,false
2026-04-17T15:12:29.979785,0.049884,-0.796400,-1.510602,176.551,S,1,0.797960,1,0.797960,0.652974,1.628998,0.702671,-0.718261,9.284714,2.686294,-0.420251,0.037751,-0.561882,0.702671,-0.091630,-0.059865,-0.070250,0.130057,0.109452,-4.036000,-69.645004,-20.936001,NaN,-1.901169,true,Self-supervised model,0.163343,1.440000,0.135304,0.093961,0.000000,0.000000,0.929274,5.402798,false,false
2026-04-17T15:12:29.987552,0.049884,-0.796400,-1.509383,176.481,S,1,0.797960,1,0.797960,0.659499,1.612218,0.693750,-0.763750,9.289502,2.671929,-0.401821,0.067927,-0.561440,0.693750,-0.061697,-0.058643,-0.026267,0.089082,0.085121,-4.036000,-69.645004,-20.936001,NaN,-1.898720,true,Self-supervised model,0.167196,1.447000,0.065455,0.045235,0.000000,0.000000,0.950628,7.787801,false,false
2026-04-17T15:12:29.997044,0.049884,-0.796400,-1.508004,176.402,S,1,0.797960,1,0.797960,0.660209,1.596137,0.663936,-0.749385,9.323022,2.662352,-0.318389,0.106713,-0.572758,0.663936,-0.029322,-0.055589,0.017715,0.065297,0.062848,-4.036000,-69.645004,-20.936001,NaN,-1.896698,true,Self-supervised model,0.170297,1.457000,0.013602,0.009336,0.000000,0.000000,0.994386,10.167959,false,false
2026-04-17T15:12:30.003642,0.049884,-0.796400,-1.506621,176.323,S,1,0.797960,1,0.797960,0.662372,1.580787,0.673731,-0.667982,9.366117,2.638410,-0.189091,0.113445,-0.636623,0.673731,-0.005498,-0.061087,0.043371,0.075119,0.061333,-4.036000,-69.645004,-20.936001,NaN,-1.895306,true,Self-supervised model,0.168392,1.464000,0.092799,0.063387,0.000000,0.000000,0.983140,8.968847,false,false
2026-04-17T15:12:30.012616,0.049884,-0.796400,-1.505347,176.250,S,1,0.797960,1,0.797960,0.666749,1.566225,0.689726,-0.538695,9.378088,2.559402,-0.037954,0.128874,-0.676515,0.689726,0.016493,-0.079412,0.057421,0.099376,0.081107,-4.036000,-69.645004,-20.936001,NaN,-1.894464,true,Self-supervised model,0.166304,1.473000,0.165806,0.112564,0.000000,0.000000,0.966687,6.940567,false,false
2026-04-17T15:12:30.019370,0.049884,-0.796400,-1.504255,176.187,S,1,0.797960,1,0.797960,0.675705,1.552605,0.722726,-0.385466,9.399636,2.501941,0.030591,0.193986,-0.695533,0.722726,0.028100,-0.107512,0.053145,0.123178,0.111124,-4.036000,-69.645004,-20.936001,NaN,-1.894101,true,Self-supervised model,0.167834,1.479000,0.228367,0.154407,0.000000,0.000000,0.934940,5.867311,false,false
2026-04-17T15:12:30.030941,0.049884,-0.796400,-1.503336,176.135,S,1,0.797960,1,0.797960,0.676416,1.539557,0.680146,-0.313640,9.471462,2.463634,0.081785,0.230135,-0.634782,0.680146,0.029322,-0.149051,0.037263,0.156411,0.151908,-4.036000,-69.645004,-20.936001,NaN,-1.893874,true,Self-supervised model,0.161138,1.491000,0.281019,0.188477,0.000000,0.000000,0.994515,4.348446,false,false
2026-04-17T15:12:30.036123,0.049884,-0.796400,-1.502524,176.088,S,1,0.797960,1,0.797960,0.667661,1.526681,0.621700,-0.258574,9.514558,2.504335,0.084421,0.299807,-0.538052,0.621700,0.025656,-0.195477,0.024435,0.198662,0.197153,-4.036000,-69.645004,-20.936001,NaN,-1.893490,true,Self-supervised model,0.154108,1.496000,0.327540,0.218944,0.000000,0.000000,1.073929,3.129437,false,false
2026-04-17T15:12:30.045634,0.049884,-0.796400,-1.501760,176.045,S,1,0.797960,1,0.797960,0.642573,1.513317,0.510862,-0.251391,9.591172,2.580950,0.114805,0.290818,-0.404011,0.510862,0.017715,-0.255953,0.010996,0.256800,0.256565,-4.036000,-69.645004,-20.936001,NaN,-1.892916,true,Self-supervised model,0.151355,1.506000,0.371333,0.246569,0.000000,0.000000,1.257822,1.989335,false,false
2026-04-17T15:12:30.051999,0.049884,-0.796400,-1.501007,176.001,S,1,0.797960,1,0.797960,0.604977,1.498983,0.407598,-0.215478,9.588778,2.695871,0.138998,0.275140,-0.266672,0.407598,0.010385,-0.300546,0.006720,0.300800,0.300725,-4.036000,-69.645004,-20.936001,NaN,-1.892210,true,Self-supervised model,0.157731,1.512000,0.414461,0.274114,0.000000,0.000000,1.484248,1.355047,false,false
2026-04-17T15:12:30.063750,0.049884,-0.796400,-1.500284,175.960,S,1,0.797960,1,0.797960,0.558640,1.483369,0.315369,-0.184354,9.579201,2.815581,0.204885,0.224463,-0.084239,0.315369,0.007330,-0.320093,0.002443,0.320187,0.320177,-4.036000,-69.645004,-20.936001,NaN,-1.891606,true,Self-supervised model,0.170876,1.524000,0.455881,0.299135,0.000000,0.000000,1.771385,0.984954,false,false
2026-04-17T15:12:30.067874,0.049884,-0.796400,-1.499645,175.923,S,1,0.797960,1,0.797960,0.520831,1.466868,0.322333,-0.110133,9.533711,2.983175,0.255644,0.181823,0.074063,0.322333,0.015882,-0.314596,-0.000611,0.314997,0.314996,-3.459000,-69.258003,-24.328001,NaN,-1.891300,true,Self-supervised model,0.160038,1.528000,0.492524,0.322332,0.000000,0.000000,1.615814,1.023291,false,false
2026-04-17T15:12:30.075622,0.049884,-0.796400,-1.499132,175.894,S,1,0.797960,1,0.797960,0.504326,1.450366,0.417674,-0.050278,9.495404,3.129222,0.323509,0.140472,0.223743,0.417674,0.031154,-0.276722,-0.006109,0.278537,0.278470,-3.459000,-69.258003,-24.328001,NaN,-1.891293,true,Self-supervised model,0.142105,1.536000,0.521913,0.339787,0.000000,0.000000,1.207462,1.499528,false,false
2026-04-17T15:12:30.083666,0.049884,-0.796400,-1.498760,175.873,S,1,0.797960,1,0.797960,0.508594,1.434695,0.531000,0.026336,9.457097,3.270479,0.376199,0.121435,0.354525,0.531000,0.050702,-0.215635,-0.016493,0.222129,0.221516,-3.459000,-69.258003,-24.328001,NaN,-1.891488,true,Self-supervised model,0.150722,1.544000,0.543198,0.351812,0.000000,0.000000,0.957804,2.390500,false,false
2026-04-17T15:12:30.091757,0.049884,-0.796400,-1.498493,175.857,S,1,0.797960,1,0.797960,0.528050,1.420430,0.630197,0.086191,9.440337,3.394978,0.417003,0.131310,0.453888,0.630197,0.072082,-0.138056,-0.031154,0.158826,0.155741,-3.459000,-69.258003,-24.328001,NaN,-1.891639,true,Self-supervised model,0.167949,1.552000,0.558492,0.359853,0.000000,0.000000,0.837912,3.967844,false,false
2026-04-17T15:12:30.099954,0.049884,-0.796400,-1.498263,175.844,S,1,0.797960,1,0.797960,0.555276,1.407823,0.698211,0.131681,9.452309,3.488352,0.429950,0.169632,0.523322,0.698211,0.105069,-0.028711,-0.053756,0.121464,0.108921,-3.459000,-69.258003,-24.328001,NaN,-1.891556,true,Self-supervised model,0.180141,1.560000,0.571684,0.366464,0.000000,0.000000,0.795284,5.748298,false,false
2026-04-17T15:12:30.107323,0.049884,-0.796400,-1.497998,175.829,S,1,0.797960,1,0.797960,0.581227,1.396760,0.717472,0.146046,9.493010,3.550601,0.380615,0.264781,0.547530,0.717472,0.149051,0.094684,-0.083078,0.195149,0.176582,-3.459000,-69.258003,-24.328001,NaN,-1.891152,true,Self-supervised model,0.175725,1.567000,0.586861,0.374513,0.000000,0.000000,0.810105,3.676529,false,false
2026-04-17T15:12:30.115622,0.049884,-0.796400,-1.497405,175.795,S,1,0.797960,1,0.797960,0.609280,1.387260,0.756556,0.090980,9.591172,3.564966,0.230606,0.404640,0.596208,0.756556,0.188757,0.208305,-0.108734,0.301402,0.281106,-3.459000,-69.258003,-24.328001,NaN,-1.889243,true,Self-supervised model,0.176000,1.576000,0.620876,0.393957,0.000000,0.000000,0.805333,2.510120,false,false
2026-04-17T15:12:30.123556,0.049884,-0.796400,-1.496396,175.737,S,1,0.797960,1,0.797960,0.646677,1.379637,0.843009,-0.069432,9.734824,3.600879,0.045986,0.567631,0.621566,0.843009,0.227242,0.288328,-0.122173,0.386909,0.367113,-3.459000,-69.258003,-24.328001,NaN,-1.886572,true,Self-supervised model,0.183511,1.583000,0.678693,0.428738,0.000000,0.000000,0.767105,2.178831,false,false
2026-04-17T15:12:30.132698,0.049884,-0.796400,-1.494928,175.653,S,1,0.797960,1,0.797960,0.689360,1.374026,0.913446,-0.268151,9.902418,3.610456,-0.143897,0.662601,0.612076,0.913446,0.272446,0.343917,-0.116064,0.453847,0.438755,-3.459000,-69.258003,-24.328001,NaN,-1.883271,true,Self-supervised model,0.188429,1.593000,0.762776,0.478830,0.000000,0.000000,0.754680,2.012676,false,false
2026-04-17T15:12:30.139137,0.049884,-0.796400,-1.493042,175.545,S,1,0.797960,1,0.797960,0.734715,1.370454,0.972833,-0.474052,10.002975,3.581726,-0.222211,0.694329,0.644153,0.972833,0.317039,0.350637,-0.086743,0.480608,0.472715,-3.459000,-69.258003,-24.328001,NaN,-1.879710,true,Self-supervised model,0.190794,1.599000,0.870850,0.544622,0.000000,0.000000,0.755233,2.024170,false,false
2026-04-17T15:12:30.148059,0.049884,-0.796400,-1.490885,175.421,S,1,0.797960,1,0.797960,0.767628,1.368340,0.940419,-0.567426,10.041282,3.591303,-0.231560,0.683167,0.603366,0.940419,0.356745,0.306043,-0.034208,0.471275,0.470032,-3.459000,-69.258003,-24.328001,NaN,-1.876471,true,Self-supervised model,0.183946,1.608000,0.994422,0.618421,0.000000,0.000000,0.816262,1.995479,false,false
2026-04-17T15:12:30.155626,0.049884,-0.796400,-1.488822,175.303,S,1,0.797960,1,0.797960,0.782221,1.366896,0.858832,-0.586579,10.036493,3.529053,-0.152048,0.668831,0.516855,0.858832,0.384845,0.250455,0.013439,0.459363,0.459166,-3.459000,-69.258003,-24.328001,NaN,-1.874781,true,Self-supervised model,0.172158,1.616000,1.112648,0.688520,0.000000,0.000000,0.910796,1.869617,false,false
2026-04-17T15:12:30.165347,0.049884,-0.796400,-1.487033,175.201,S,1,0.797960,1,0.797960,0.780559,1.365442,0.771834,-0.512359,10.029311,3.418920,-0.008367,0.691824,0.342106,0.771834,0.418443,0.181427,0.065363,0.460741,0.456081,-3.459000,-69.258003,-24.328001,NaN,-1.874094,true,Self-supervised model,0.163677,1.625000,1.215109,0.747759,0.000000,0.000000,1.011304,1.675200,false,false
2026-04-17T15:12:30.171588,0.049884,-0.796400,-1.485698,175.124,S,1,0.797960,1,0.797960,0.775157,1.363831,0.746799,-0.368707,10.060435,3.217807,0.118849,0.725801,0.129600,0.746799,0.444710,0.131336,0.103236,0.475051,0.463698,-3.459000,-69.258003,-24.328001,NaN,-1.874569,true,Self-supervised model,0.161605,1.631000,1.291633,0.791927,0.000000,0.000000,1.037973,1.572039,false,false
2026-04-17T15:12:30.179944,0.049884,-0.796400,-1.484925,175.080,S,1,0.797960,1,0.797960,0.779009,1.362438,0.799232,-0.237026,10.103531,2.975993,0.283336,0.747324,0.000036,0.799232,0.442877,0.075747,0.125227,0.466433,0.449308,-3.459000,-69.258003,-24.328001,NaN,-1.876047,true,Self-supervised model,0.168173,1.640000,1.335907,0.814578,0.000000,0.000000,0.974697,1.713498,false,false
2026-04-17T15:12:30.187307,0.049884,-0.796400,-1.484754,175.070,S,1,0.797960,1,0.797960,0.797497,1.361840,0.894559,-0.064643,10.134656,2.815581,0.498006,0.733227,-0.120851,0.894559,0.412334,0.011606,0.127671,0.431803,0.412497,-3.459000,-69.258003,-24.328001,NaN,-1.878285,true,Self-supervised model,0.180236,1.647000,1.345687,0.817054,0.000000,0.000000,0.891497,2.071683,false,false
2026-04-17T15:12:30.199953,0.049884,-0.796400,-1.485161,175.093,S,1,0.797960,1,0.797960,0.825483,1.362386,0.972410,0.160412,10.129868,2.664747,0.674982,0.682087,-0.157286,0.972410,0.312152,-0.105680,0.098960,0.344093,0.329556,-3.459000,-69.258003,-24.328001,NaN,-1.881003,true,Self-supervised model,0.190522,1.660000,1.322358,0.796601,0.000000,0.000000,0.848904,2.826007,false,false
2026-04-17T15:12:30.203629,0.049884,-0.796400,-1.486067,175.145,S,1,0.797960,1,0.797960,0.851343,1.363944,0.987104,0.349553,10.086772,2.602497,0.779734,0.599103,-0.086398,0.987104,0.243735,-0.162490,0.070250,0.301239,0.292933,-3.459000,-69.258003,-24.328001,NaN,-1.883903,true,Self-supervised model,0.189856,1.664000,1.270470,0.763504,0.000000,0.000000,0.862465,3.276814,false,false
2026-04-17T15:12:30.212122,0.049884,-0.796400,-1.487147,175.207,S,1,0.797960,1,0.797960,0.877448,1.366484,1.014500,0.464475,10.010158,2.652776,0.857717,0.535058,0.085118,1.014500,0.157603,-0.204640,0.016493,0.258821,0.258295,-3.459000,-69.258003,-24.328001,NaN,-1.885681,true,Self-supervised model,0.195099,1.672000,1.208579,0.722835,0.000000,0.000000,0.864906,3.919700,false,false
2026-04-17T15:12:30.222103,0.049884,-0.796400,-1.488186,175.267,S,1,0.797960,1,0.797960,0.894367,1.369600,0.983191,0.550666,9.950302,2.810793,0.766817,0.520473,0.328273,0.983191,0.107512,-0.202196,-0.031765,0.231195,0.229003,-3.459000,-69.258003,-24.328001,NaN,-1.886555,true,Self-supervised model,0.192219,1.682000,1.149059,0.683150,0.000000,0.000000,0.909657,4.252640,false,false
2026-04-17T15:12:30.229630,0.049884,-0.796400,-1.488949,175.310,S,1,0.797960,1,0.797960,0.905513,1.373036,0.964032,0.464475,9.938332,3.045424,0.594528,0.533149,0.540043,0.964032,0.084910,-0.151495,-0.086743,0.194125,0.173667,-4.218000,-68.273003,-23.823002,NaN,-1.886214,true,Self-supervised model,0.192095,1.690000,1.105352,0.654055,0.000000,0.000000,0.939298,4.966027,false,false
2026-04-17T15:12:30.235995,0.049884,-0.796400,-1.489206,175.325,S,1,0.797960,1,0.797960,0.912883,1.376630,0.951573,0.292093,9.952697,3.251326,0.314854,0.575278,0.689501,0.951573,0.094073,-0.046426,-0.125227,0.163362,0.104905,-4.218000,-68.273003,-23.823002,NaN,-1.884447,true,Self-supervised model,0.193837,1.696000,1.090627,0.643059,0.000000,0.000000,0.959341,5.824945,false,false
2026-04-17T15:12:30.243624,0.049884,-0.796400,-1.489160,175.323,S,1,0.797960,1,0.797960,0.930930,1.380802,1.025677,0.011971,9.995792,3.397372,-0.064554,0.688830,0.757204,1.025677,0.128282,0.080023,-0.138056,0.204742,0.151195,-4.218000,-68.273003,-23.823002,NaN,-1.883192,true,Self-supervised model,0.200133,1.704000,1.093236,0.641570,0.000000,0.000000,0.907625,5.009606,false,false
2026-04-17T15:12:30.251497,0.049884,-0.796400,-1.488638,175.293,S,1,0.797960,1,0.797960,0.969103,1.386334,1.169514,-0.373495,10.110714,3.459621,-0.460241,0.850911,0.657184,1.169514,0.187536,0.253509,-0.130114,0.341125,0.315335,-4.218000,-68.273003,-23.823002,NaN,-1.880761,true,Self-supervised model,0.210497,1.711000,1.123176,0.656444,0.000000,0.000000,0.828638,3.428403,false,false
2026-04-17T15:12:30.259799,0.049884,-0.796400,-1.487387,175.221,S,1,0.797960,1,0.797960,1.036235,1.394330,1.388680,-0.782904,10.275913,3.347094,-0.786282,1.045079,0.466906,1.388680,0.252898,0.439823,-0.100182,0.517144,0.507348,-4.218000,-68.273003,-23.823002,NaN,-1.876596,true,Self-supervised model,0.228073,1.720000,1.194858,0.694685,0.000000,0.000000,0.746202,2.685285,false,false
2026-04-17T15:12:30.267706,0.049884,-0.796400,-1.485592,175.118,S,1,0.797960,1,0.797960,1.118387,1.405292,1.549684,-1.125275,10.474632,3.138798,-0.936430,1.218817,0.197754,1.549684,0.308487,0.591928,-0.067806,0.670926,0.667490,-4.218000,-68.273003,-23.823002,NaN,-1.872627,true,Self-supervised model,0.237831,1.728000,1.297683,0.750974,0.000000,0.000000,0.721687,2.309771,false,false
2026-04-17T15:12:30.275769,0.049884,-0.796400,-1.483473,174.997,S,1,0.797960,1,0.797960,1.225614,1.420105,1.788556,-1.292869,10.654198,2.846706,-1.074358,1.422836,-0.142217,1.788556,0.329867,0.679282,-0.043982,0.756420,0.755140,-4.218000,-68.273003,-23.823002,NaN,-1.869209,true,Self-supervised model,0.255979,1.736000,1.419108,0.817459,0.000000,0.000000,0.685253,2.364502,false,false
2026-04-17T15:12:30.283352,0.049884,-0.796400,-1.481210,174.867,S,1,0.797960,1,0.797960,1.366046,1.439943,2.103310,-1.448492,10.864887,2.480393,-1.198510,1.648356,-0.520010,2.103310,0.318261,0.724486,-0.023213,0.791650,0.791309,-4.218000,-68.273003,-23.823002,NaN,-1.866373,true,Self-supervised model,0.279509,1.743000,1.548744,0.888551,0.000000,0.000000,0.649474,2.656871,false,false
2026-04-17T15:12:30.291500,0.049884,-0.796400,-1.478945,174.737,S,1,0.797960,1,0.797960,1.534415,1.465722,2.418355,-1.589750,11.097125,2.075773,-1.315834,1.841198,-0.852651,2.418355,0.266337,0.714712,-0.026267,0.763177,0.762725,-4.218000,-68.273003,-23.823002,NaN,-1.864100,true,Self-supervised model,0.306608,1.751000,1.678509,0.958600,0.000000,0.000000,0.634487,3.168800,false,false
2026-04-17T15:12:30.300562,0.049884,-0.796400,-1.476726,174.610,S,1,0.797960,1,0.797960,1.701515,1.497154,2.578790,-1.723825,11.295844,1.719037,-1.325455,1.923188,-1.093012,2.578790,0.167377,0.649350,-0.049480,0.672398,0.670575,-4.218000,-68.273003,-23.823002,NaN,-1.862063,true,Self-supervised model,0.327385,1.760000,1.805662,1.025944,0.000000,0.000000,0.659811,3.835216,false,false
2026-04-17T15:12:30.307169,0.049884,-0.796400,-1.474526,174.484,S,1,0.797960,1,0.797960,1.857356,1.533562,2.675517,-1.750161,11.382035,1.460463,-1.374702,1.868823,-1.332700,2.675517,0.047037,0.560163,-0.091630,0.569554,0.562135,-4.218000,-68.273003,-23.823002,NaN,-1.859940,true,Self-supervised model,0.343550,1.767000,1.931702,1.093210,0.000000,0.000000,0.694204,4.697568,false,false
2026-04-17T15:12:30.315825,0.049884,-0.796400,-1.472224,174.352,S,1,0.797960,1,0.797960,1.977534,1.573321,2.608471,-1.817199,11.329363,1.211466,-1.383726,1.688799,-1.427370,2.608471,-0.141110,0.405615,-0.159436,0.458099,0.429459,-4.218000,-68.273003,-23.823002,NaN,-1.857228,true,Self-supervised model,0.353021,1.776000,2.063620,1.161948,0.000000,0.000000,0.758120,5.694118,false,false
2026-04-17T15:12:30.323339,0.049884,-0.796400,-1.469652,174.205,S,1,0.797960,1,0.797960,2.038774,1.613939,2.360284,-1.845930,11.147403,1.120486,-1.496604,1.300450,-1.280604,2.360284,-0.374460,0.196699,-0.227853,0.480445,0.422979,-4.218000,-68.273003,-23.823002,NaN,-1.853575,true,Self-supervised model,0.332952,1.783000,2.211014,1.240053,0.000000,0.000000,0.863783,4.912700,false,false
2026-04-17T15:12:30.332533,0.049884,-0.796400,-1.466689,174.035,S,1,0.797960,1,0.797960,2.035272,1.652792,2.016883,-1.980005,10.752359,1.288081,-1.586665,0.876558,-0.884284,2.016883,-0.618196,-0.034819,-0.258396,0.670930,0.619175,-4.218000,-68.273003,-23.823002,NaN,-1.849054,true,Self-supervised model,0.293305,1.792000,2.380739,1.328537,0.000000,0.000000,1.009117,3.006102,false,false
2026-04-17T15:12:30.339321,0.049884,-0.796400,-1.463442,173.849,S,1,0.797960,1,0.797960,1.985107,1.688085,1.721744,-2.090138,10.316615,1.723825,-1.680781,0.268056,-0.259851,1.721744,-0.787405,-0.211970,-0.247400,0.852142,0.815438,-4.218000,-68.273003,-23.823002,NaN,-1.844664,true,Self-supervised model,0.254614,1.799000,2.566818,1.426803,0.000000,0.000000,1.152963,2.020490,false,false
2026-04-17T15:12:30.347509,0.049884,-0.796400,-1.460199,173.663,S,1,0.797960,1,0.797960,1.960117,1.720966,1.828922,-2.200271,9.691729,2.403779,-1.718451,-0.320405,0.537794,1.828922,-0.907746,-0.335365,-0.194866,0.987140,0.967715,-4.218000,-68.273003,-23.823002,NaN,-1.841441,true,Self-supervised model,0.257585,1.807000,2.752619,1.523309,0.000000,0.000000,1.071734,1.852748,false,false
2026-04-17T15:12:30.355523,0.049884,-0.796400,-1.457316,173.498,S,1,0.797960,1,0.797960,2.018831,1.754881,2.327079,-2.248155,9.083601,3.268085,-1.689826,-0.785417,1.393880,2.327079,-0.924850,-0.373239,-0.111177,1.003501,0.997324,-4.218000,-68.273003,-23.823002,NaN,-1.839998,true,Self-supervised model,0.296356,1.815000,2.917785,1.607595,0.000000,0.000000,0.867539,2.318959,false,false
2026-04-17T15:12:30.363820,0.049884,-0.796400,-1.455062,173.369,S,1,0.797960,1,0.797960,2.141998,1.792365,2.788623,-2.224213,8.597578,4.194642,-1.662242,-1.038408,1.983703,2.788623,-0.819781,-0.321315,-0.004887,0.880516,0.880502,-4.218000,-68.273003,-23.823002,NaN,-1.840258,true,Self-supervised model,0.337903,1.824000,3.046950,1.670477,0.000000,0.000000,0.768120,3.167033,false,false
2026-04-17T15:12:30.371384,0.049884,-0.796400,-1.453664,173.289,S,1,0.797960,1,0.797960,2.301991,1.834750,3.141957,-2.195483,8.324639,4.850653,-1.581932,-1.172591,2.448350,3.141957,-0.639576,-0.200364,0.095906,0.677053,0.670226,-4.218000,-68.273003,-23.823002,NaN,-1.842286,true,Self-supervised model,0.377789,1.831000,3.127041,1.707832,0.000000,0.000000,0.732662,4.640636,false,false
2026-04-17T15:12:30.382121,0.049884,-0.796400,-1.453266,173.266,S,1,0.797960,1,0.797960,2.444114,1.881125,3.190256,-2.109292,8.173804,5.370194,-1.492843,-1.154424,2.572248,3.190256,-0.356745,0.013439,0.210138,0.414253,0.356998,-4.218000,-68.273003,-23.823002,NaN,-1.845888,true,Self-supervised model,0.410244,1.842000,3.149837,1.710009,0.000000,0.000000,0.766118,7.701225,false,false
2026-04-17T15:12:30.387290,0.049884,-0.796400,-1.453946,173.305,S,1,0.797960,1,0.797960,2.536533,1.929341,3.021733,-2.011129,8.180987,5.530606,-1.416947,-1.069055,2.445456,3.021733,-0.050091,0.267559,0.308487,0.411414,0.272207,-4.097000,-70.009003,-22.160002,NaN,-1.850880,true,Self-supervised model,0.402204,1.847000,3.110865,1.684280,0.000000,0.000000,0.839430,7.344758,false,false
2026-04-17T15:12:30.397238,0.049884,-0.796400,-1.455704,173.406,S,1,0.797960,1,0.797960,2.537515,1.975668,2.542672,-1.924938,8.262390,5.418078,-1.316731,-0.911134,1.975155,2.542672,0.235794,0.492357,0.376904,0.663379,0.545907,-4.097000,-70.009003,-22.160002,NaN,-1.856948,true,Self-supervised model,0.344685,1.857000,3.010161,1.620981,0.000000,0.000000,0.997972,3.832913,false,false
2026-04-17T15:12:30.403487,0.049884,-0.796400,-1.458434,173.562,S,1,0.797960,1,0.797960,2.442823,2.016354,1.945690,-1.814805,8.422802,4.941632,-1.236867,-0.648521,1.354728,1.945690,0.420275,0.623083,0.403782,0.853172,0.751574,-4.097000,-70.009003,-22.160002,NaN,-1.863567,true,Self-supervised model,0.276755,1.863000,2.853745,1.531801,0.000000,0.000000,1.255505,2.280535,false,false
2026-04-17T15:12:30.412552,0.049884,-0.796400,-1.461959,173.764,S,1,0.797960,1,0.797960,2.283904,2.049056,1.449578,-1.726219,8.693346,4.297592,-1.172521,-0.384694,0.760579,1.449578,0.556498,0.683558,0.408058,0.971315,0.881443,-4.097000,-70.009003,-22.160002,NaN,-1.870275,true,Self-supervised model,0.239842,1.872000,2.651746,1.416531,0.000000,0.000000,1.575565,1.492387,false,false
2026-04-17T15:12:30.419356,0.049884,-0.796400,-1.466053,173.999,S,1,0.797960,1,0.797960,2.101944,2.073172,1.146657,-1.654393,8.968679,3.667917,-1.102501,-0.160922,0.270959,1.146657,0.615752,0.653626,0.387289,0.977942,0.897985,-4.097000,-70.009003,-22.160002,NaN,-1.876640,true,Self-supervised model,0.220348,1.879000,2.417203,1.286431,0.000000,0.000000,1.833106,1.172521,false,false
2026-04-17T15:12:30.429169,0.049884,-0.796400,-1.470470,174.252,S,1,0.797960,1,0.797960,1.931502,2.089505,1.036678,-1.577779,9.205706,3.136404,-1.015026,-0.021241,-0.209697,1.036678,0.615752,0.558942,0.351858,0.902979,0.831605,-4.097000,-70.009003,-22.160002,NaN,-1.882350,true,Self-supervised model,0.216192,1.889000,2.164135,1.145651,0.000000,0.000000,1.863164,1.148065,false,false
2026-04-17T15:12:30.436377,0.049884,-0.796400,-1.474959,174.509,S,1,0.797960,1,0.797960,1.788834,2.099478,1.039827,-1.484405,9.358934,2.612074,-0.856629,0.052323,-0.587103,1.039827,0.570548,0.443488,0.291383,0.779173,0.722639,-4.097000,-70.009003,-22.160002,NaN,-1.887130,true,Self-supervised model,0.208430,1.896000,1.906908,1.005753,0.000000,0.000000,1.720319,1.334526,false,false
2026-04-17T15:12:30.443555,0.049884,-0.796400,-1.479228,174.753,S,1,0.797960,1,0.797960,1.680084,2.104702,1.109148,-1.321599,9.445126,2.193089,-0.657840,-0.001605,-0.893003,1.109148,0.481362,0.288328,0.211970,0.599812,0.561108,-4.097000,-70.009003,-22.160002,NaN,-1.890514,true,Self-supervised model,0.205483,1.903000,1.662348,0.873541,0.000000,0.000000,1.514751,1.849162,false,false
2026-04-17T15:12:30.451548,0.049884,-0.796400,-1.482987,174.969,S,1,0.797960,1,0.797960,1.604415,2.106691,1.207152,-1.120486,9.402030,1.850718,-0.499453,-0.122326,-1.092153,1.207152,0.344528,0.127060,0.127060,0.388572,0.367211,-4.097000,-70.009003,-22.160002,NaN,-1.892237,true,Self-supervised model,0.208396,1.911000,1.446960,0.757174,0.000000,0.000000,1.329091,3.106638,false,false
2026-04-17T15:12:30.459418,0.049884,-0.796400,-1.485974,175.140,S,1,0.797960,1,0.797960,1.566808,2.107096,1.369373,-0.962469,9.289502,1.623269,-0.415607,-0.362062,-1.253541,1.369373,0.197309,0.004887,0.052534,0.204242,0.197370,-4.097000,-70.009003,-22.160002,NaN,-1.892136,true,Self-supervised model,0.224729,1.919000,1.275811,0.664831,0.000000,0.000000,1.144180,6.704659,false,false
2026-04-17T15:12:30.468113,0.049884,-0.796400,-1.488072,175.260,S,1,0.797960,1,0.797960,1.554736,2.107001,1.491355,-0.881066,9.054871,1.443704,-0.425305,-0.650459,-1.272855,1.491355,0.026878,-0.084910,-0.012828,0.089982,0.089063,-4.097000,-70.009003,-22.160002,NaN,-1.890679,true,Self-supervised model,0.264252,1.928000,1.155589,0.599372,0.000000,0.000000,1.042498,16.573946,false,false
2026-04-17T15:12:30.475480,0.049884,-0.796400,-1.489303,175.331,S,1,0.797960,1,0.797960,1.544758,2.106511,1.492373,-0.895431,8.767567,1.419762,-0.502399,-0.867582,-1.105475,1.492373,-0.203418,-0.136223,-0.079412,0.257375,0.244818,-4.097000,-70.009003,-22.160002,NaN,-1.888440,true,Self-supervised model,0.231511,1.935000,1.085068,0.560759,0.000000,0.000000,1.035101,5.798437,false,false
2026-04-17T15:12:30.483536,0.049884,-0.796400,-1.489690,175.353,S,1,0.797960,1,0.797960,1.531748,2.105521,1.463449,-0.979228,8.547300,1.596933,-0.587083,-1.011161,-0.880096,1.463449,-0.388510,-0.118508,-0.107512,0.420170,0.406183,-4.097000,-70.009003,-22.160002,NaN,-1.885451,true,Self-supervised model,0.223723,1.943000,1.062895,0.547038,0.000000,0.000000,1.046670,3.482988,false,false
2026-04-17T15:12:30.492173,0.049884,-0.796400,-1.489471,175.340,S,1,0.797960,1,0.797960,1.516576,2.103963,1.436919,-1.072602,8.396465,1.845930,-0.632584,-1.151259,-0.582388,1.436919,-0.521679,-0.065973,-0.109956,0.537207,0.525834,-4.097000,-70.009003,-22.160002,NaN,-1.882811,true,Self-supervised model,0.219533,1.952000,1.075412,0.550928,0.000000,0.000000,1.055436,2.674795,false,false
2026-04-17T15:12:30.500271,0.049884,-0.796400,-1.488930,175.309,S,1,0.797960,1,0.797960,1.506929,2.102082,1.456285,-1.127669,8.245630,2.178724,-0.678286,-1.264489,-0.248518,1.456285,-0.637743,0.021380,-0.082467,0.643408,0.638102,-4.097000,-70.009003,-22.160002,NaN,-1.880978,true,Self-supervised model,0.218715,1.960000,1.106432,0.564506,0.000000,0.000000,1.034776,2.263391,false,false
2026-04-17T15:12:30.507280,0.049884,-0.796400,-1.488392,175.279,S,1,0.797960,1,0.797960,1.499776,2.099990,1.462220,-1.182736,8.118738,2.557007,-0.653571,-1.306184,0.069404,1.462220,-0.709825,0.119119,-0.036041,0.720653,0.719751,-4.097000,-70.009003,-22.160002,NaN,-1.880452,true,Self-supervised model,0.217971,1.967000,1.137273,0.578176,0.000000,0.000000,1.025684,2.029022,false,false
2026-04-17T15:12:30.515722,0.049884,-0.796400,-1.488196,175.267,S,1,0.797960,1,0.797960,1.499060,2.097952,1.495300,-1.165976,8.061277,2.925714,-0.621307,-1.322680,0.316884,1.495300,-0.748921,0.205251,0.016493,0.776712,0.776537,-4.097000,-70.009003,-22.160002,NaN,-1.881627,true,Self-supervised model,0.220269,1.976000,1.148478,0.581213,0.000000,0.000000,1.002514,1.925165,false,false
2026-04-17T15:12:30.523303,0.049884,-0.796400,-1.488606,175.291,S,1,0.797960,1,0.797960,1.497990,2.095954,1.492372,-1.139640,8.027759,3.227384,-0.521961,-1.278682,0.565425,1.492372,-0.760527,0.262061,0.062919,0.806868,0.804411,-4.097000,-70.009003,-22.160002,NaN,-1.884456,true,Self-supervised model,0.219056,1.983000,1.125029,0.567337,0.000000,0.000000,1.003764,1.849586,false,false
2026-04-17T15:12:30.532478,0.049884,-0.796400,-1.489779,175.358,S,1,0.797960,1,0.797960,1.497712,2.094024,1.496258,-1.043872,8.054094,3.531447,-0.391433,-1.189173,0.819411,1.496258,-0.741590,0.309709,0.109345,0.811068,0.803664,-4.097000,-70.009003,-22.160002,NaN,-1.888688,true,Self-supervised model,0.218247,1.992000,1.057775,0.531012,0.000000,0.000000,1.000972,1.844798,false,false
2026-04-17T15:12:30.541992,0.049884,-0.796400,-1.491792,175.473,S,1,0.797960,1,0.797960,1.487996,2.091783,1.436983,-0.914585,8.125920,3.840300,-0.205786,-1.025220,0.985645,1.436983,-0.700052,0.327424,0.147219,0.786735,0.772838,-4.097000,-70.009003,-22.160002,NaN,-1.894056,true,Self-supervised model,0.213442,2.002000,0.942455,0.470757,0.000000,0.000000,1.035500,1.826514,false,false
2026-04-17T15:12:30.548003,0.049884,-0.796400,-1.494362,175.621,S,1,0.797960,1,0.797960,1.482660,2.089418,1.454651,-0.732626,8.271967,4.060566,-0.069458,-0.924199,1.121178,1.454651,-0.644463,0.315817,0.160658,0.735448,0.717686,-3.287000,-69.489006,-26.457001,NaN,-1.898854,true,Self-supervised model,0.213261,2.008000,0.795217,0.396024,0.000000,0.000000,1.019255,1.977911,false,false
2026-04-17T15:12:30.555353,0.049884,-0.796400,-1.497426,175.796,S,1,0.797960,1,0.797960,1.486330,2.087295,1.505593,-0.598550,8.355764,4.247314,0.050056,-0.830942,1.254528,1.505593,-0.576046,0.293826,0.155160,0.665009,0.646655,-3.287000,-69.489006,-26.457001,NaN,-1.903894,true,Self-supervised model,0.218879,2.015000,0.619676,0.307532,0.000000,0.000000,0.987205,2.264018,false,false
2026-04-17T15:12:30.566505,0.049884,-0.796400,-1.500817,175.990,S,1,0.797960,1,0.797960,1.506264,2.086053,1.610918,-0.481235,8.432379,4.429273,0.077045,-0.803355,1.394181,1.610918,-0.474642,0.262672,0.128893,0.557580,0.542478,-3.287000,-69.489006,-26.457001,NaN,-1.908596,true,Self-supervised model,0.231657,2.026000,0.425359,0.209950,0.000000,0.000000,0.935034,2.889126,false,false
2026-04-17T15:12:30.571584,0.049884,-0.796400,-1.504313,176.191,S,1,0.797960,1,0.797960,1.538825,2.086164,1.709768,-0.457293,8.444349,4.613626,0.018778,-0.866871,1.473598,1.709768,-0.347582,0.225409,0.102014,0.426649,0.414274,-3.287000,-69.489006,-26.457001,NaN,-1.912512,true,Self-supervised model,0.238610,2.031000,0.225033,0.110799,0.000000,0.000000,0.900019,4.007431,false,false
2026-04-17T15:12:30.579578,0.049884,-0.796400,-1.507898,176.396,S,1,0.797960,1,0.797960,1.563888,2.087273,1.695473,-0.514753,8.370130,4.723760,-0.117689,-0.902376,1.430558,1.695473,-0.209527,0.178373,0.080634,0.286741,0.275170,-3.287000,-69.489006,-26.457001,NaN,-1.916451,true,Self-supervised model,0.247489,2.039000,0.019632,0.009628,0.000000,0.000000,0.922390,5.912917,false,false
2026-04-17T15:12:30.587324,0.049884,-0.796400,-1.511330,176.593,S,1,0.797960,1,0.797960,1.571552,2.088644,1.611786,-0.651223,8.327033,4.702212,-0.306857,-0.960194,1.257665,1.611786,-0.089797,0.150273,0.073915,0.190023,0.175058,-3.287000,-69.489006,-26.457001,NaN,-1.919270,true,Self-supervised model,0.250059,2.047000,0.176993,0.086465,0.000000,0.000000,0.975038,8.482044,false,false
2026-04-17T15:12:30.596049,0.049884,-0.796400,-1.514484,176.774,S,1,0.797960,1,0.797960,1.556052,2.089341,1.474676,-0.840365,8.264784,4.541800,-0.559482,-0.927880,1.000344,1.474676,0.034208,0.123395,0.091630,0.157456,0.128049,-3.287000,-69.489006,-26.457001,NaN,-1.921314,true,Self-supervised model,0.244105,2.056000,0.357715,0.173986,0.000000,0.000000,1.055182,9.365616,false,false
2026-04-17T15:12:30.603597,0.049884,-0.796400,-1.517352,176.938,S,1,0.797960,1,0.797960,1.524623,2.088752,1.359623,-1.091756,8.295909,4.288015,-0.752438,-0.848082,0.750447,1.359623,0.131947,0.113621,0.136223,0.221080,0.174126,-3.287000,-69.489006,-26.457001,NaN,-1.923037,true,Self-supervised model,0.227063,2.064000,0.522036,0.252925,0.000000,0.000000,1.121357,6.149913,false,false
2026-04-17T15:12:30.611877,0.049884,-0.796400,-1.520053,177.093,S,1,0.797960,1,0.797960,1.475460,2.086220,1.217354,-1.280898,8.377312,4.034230,-0.891758,-0.722618,0.405638,1.217354,0.191201,0.109956,0.194866,0.294314,0.220563,-3.287000,-69.489006,-26.457001,NaN,-1.925070,true,Self-supervised model,0.214091,2.072000,0.676787,0.326635,0.000000,0.000000,1.212022,4.136243,false,false
2026-04-17T15:12:30.619265,0.049884,-0.796400,-1.522800,177.250,S,1,0.797960,1,0.797960,1.416121,2.081416,1.104588,-1.412579,8.506598,3.679888,-0.940525,-0.565207,0.126761,1.104588,0.228464,0.124617,0.277944,0.380759,0.260240,-3.287000,-69.489006,-26.457001,NaN,-1.928000,true,Self-supervised model,0.204251,2.079000,0.834159,0.401231,0.000000,0.000000,1.282035,2.901014,false,false
2026-04-17T15:12:30.630149,0.049884,-0.796400,-1.525897,177.427,S,1,0.797960,1,0.797960,1.342696,2.073867,0.957218,-1.448492,8.669404,3.387795,-0.852252,-0.422965,-0.105031,0.957218,0.240681,0.142942,0.367130,0.461676,0.279928,-3.287000,-69.489006,-26.457001,NaN,-1.932500,true,Self-supervised model,0.197247,2.090000,1.011626,0.484032,0.000000,0.000000,1.402707,2.073356,false,false
2026-04-17T15:12:30.636116,0.049884,-0.796400,-1.529138,177.613,S,1,0.797960,1,0.797960,1.259934,2.063310,0.825432,-1.352724,8.813056,3.153164,-0.700963,-0.369858,-0.230641,0.825432,0.237627,0.173486,0.440434,0.529666,0.294217,-3.287000,-69.489006,-26.457001,NaN,-1.936316,true,Self-supervised model,0.188606,2.096000,1.197325,0.571243,0.000000,0.000000,1.526393,1.558403,false,false
2026-04-17T15:12:30.645074,0.049884,-0.796400,-1.533371,177.856,S,1,0.797960,1,0.797960,1.159065,2.049140,0.629501,-1.177947,8.872911,3.011906,-0.435877,-0.314321,-0.327850,0.629501,0.224188,0.189979,0.482584,0.565012,0.293857,-3.287000,-69.489006,-26.457001,NaN,-1.944516,true,Self-supervised model,0.189966,2.105000,1.439853,0.684016,0.000000,0.000000,1.841242,1.114137,false,false
2026-04-17T15:12:30.651491,0.049884,-0.796400,-1.538682,178.160,S,1,0.797960,1,0.797960,1.043106,2.030899,0.434325,-0.885855,8.935161,2.899378,-0.152251,-0.267298,-0.306610,0.434325,0.209527,0.196088,0.504575,0.580472,0.286970,-3.287000,-69.489006,-26.457001,NaN,-1.954141,true,Self-supervised model,0.194724,2.111000,1.744169,0.826229,0.000000,0.000000,2.401672,0.748228,false,false
2026-04-17T15:12:30.659424,0.049884,-0.796400,-1.544458,178.491,S,1,0.797960,1,0.797960,0.929187,2.008830,0.331109,-0.584185,8.985439,2.913743,0.141500,-0.163160,-0.250977,0.331109,0.210749,0.175318,0.500910,0.571018,0.274138,-3.287000,-69.489006,-26.457001,NaN,-1.961774,true,Self-supervised model,0.199435,2.119000,2.075089,0.979277,0.000000,0.000000,2.806288,0.579857,false,false
2026-04-17T15:12:30.669074,0.049884,-0.796400,-1.550697,178.848,S,1,0.797960,1,0.797960,0.844964,1.984276,0.402791,-0.270545,9.093178,2.961627,0.335647,-0.057225,-0.215191,0.402791,0.224798,0.141110,0.478307,0.547014,0.265417,-3.287000,-69.489006,-26.457001,NaN,-1.969864,true,Self-supervised model,0.182585,2.129000,2.432534,1.142571,0.000000,0.000000,2.097770,0.736346,false,false
2026-04-17T15:12:30.675273,0.049884,-0.796400,-1.557332,179.229,S,1,0.797960,1,0.797960,0.801483,1.958964,0.573213,-0.055067,9.203311,2.987964,0.538445,0.088866,-0.175365,0.573213,0.237627,0.095906,0.446543,0.514844,0.256251,-3.287000,-69.489006,-26.457001,NaN,-1.978087,true,Self-supervised model,0.160082,2.135000,2.812712,1.317430,0.000000,0.000000,1.398229,1.113372,false,false
2026-04-17T15:12:30.683337,0.049884,-0.796400,-1.564258,179.625,S,1,0.797960,1,0.797960,0.786335,1.934059,0.706803,0.169988,9.354146,3.016694,0.663109,0.207981,-0.128844,0.706803,0.243124,0.030543,0.396452,0.466065,0.245035,-3.287000,-69.489006,-26.457001,NaN,-1.986177,true,Self-supervised model,0.165181,2.143000,3.209566,1.497697,0.000000,0.000000,1.112522,1.516535,false,false
2026-04-17T15:12:30.691272,0.049884,-0.796400,-1.571394,180.034,S,1,0.797960,1,0.797960,0.790465,1.910315,0.812148,0.318429,9.478644,3.050213,0.735714,0.338453,-0.061308,0.812148,0.243124,-0.048258,0.343306,0.423435,0.247868,-3.287000,-69.489006,-26.457001,NaN,-1.994151,true,Self-supervised model,0.172737,2.151000,3.618421,1.682204,0.000000,0.000000,0.973301,1.917998,false,false
2026-04-17T15:12:30.704318,0.049884,-0.796400,-1.578662,180.451,S,1,0.797960,1,0.797960,0.796147,1.887748,0.825980,0.416591,9.615114,3.102885,0.742213,0.361138,0.030684,0.825980,0.239459,-0.111788,0.279776,0.384853,0.264268,-3.287000,-69.489006,-26.457001,NaN,-2.001946,true,Self-supervised model,0.178089,2.164000,4.034825,1.864522,0.000000,0.000000,0.963882,2.146220,false,false
2026-04-17T15:12:30.707242,0.049884,-0.796400,-1.585860,180.863,S,1,0.797960,1,0.797960,0.793434,1.865976,0.779187,0.447716,9.643845,3.179500,0.661975,0.398447,0.100805,0.779187,0.235183,-0.144775,0.225409,0.356483,0.276172,-2.091000,-68.031006,-27.185001,NaN,-2.008865,true,Self-supervised model,0.151940,2.167000,4.447238,2.052256,0.000000,0.000000,1.018284,2.185760,false,false
2026-04-17T15:12:30.715572,0.049884,-0.796400,-1.592811,181.261,S,1,0.797960,1,0.797960,0.775680,1.844364,0.682475,0.390255,9.686940,3.234566,0.517378,0.412135,0.168039,0.682475,0.236405,-0.155771,0.170431,0.330452,0.283111,-2.091000,-68.031006,-27.185001,NaN,-2.014826,true,Self-supervised model,0.165458,2.175000,4.845479,2.227807,0.000000,0.000000,1.136569,2.065277,false,false
2026-04-17T15:12:30.723488,0.049884,-0.796400,-1.599362,181.637,S,1,0.797960,1,0.797960,0.753031,1.822711,0.634121,0.265756,9.706094,3.287239,0.392628,0.445223,0.223001,0.634121,0.234572,-0.139277,0.125838,0.300429,0.272805,-2.091000,-68.031006,-27.185001,NaN,-2.019781,true,Self-supervised model,0.163021,2.183000,5.220845,2.391592,0.000000,0.000000,1.187519,2.110719,false,false
2026-04-17T15:12:30.732364,0.049884,-0.796400,-1.605408,181.983,S,1,0.797960,1,0.797960,0.725668,1.800829,0.582012,0.158017,9.744401,3.327940,0.290444,0.433037,0.258572,0.582012,0.230907,-0.106291,0.089186,0.269388,0.254196,-2.091000,-68.031006,-27.185001,NaN,-2.023803,true,Self-supervised model,0.162848,2.192000,5.567235,2.539797,0.000000,0.000000,1.246826,2.160496,false,false
2026-04-17T15:12:30.739198,0.049884,-0.796400,-1.610871,182.296,S,1,0.797960,1,0.797960,0.699523,1.778777,0.562264,0.069432,9.737218,3.349488,0.210544,0.430623,0.293898,0.562264,0.229074,-0.067806,0.065363,0.247679,0.238899,-2.091000,-68.031006,-27.185001,NaN,-2.026937,true,Self-supervised model,0.161241,2.199000,5.880250,2.674056,0.000000,0.000000,1.244118,2.270131,false,false
2026-04-17T15:12:30.747543,0.049884,-0.796400,-1.615730,182.574,S,1,0.797960,1,0.797960,0.678215,1.756754,0.566346,0.000000,9.739613,3.371036,0.193340,0.395235,0.356591,0.566346,0.210138,-0.025656,0.039095,0.215278,0.211698,-2.091000,-68.031006,-27.185001,NaN,-2.029378,true,Self-supervised model,0.164342,2.207000,6.158643,2.790504,0.000000,0.000000,1.197527,2.630769,false,false
2026-04-17T15:12:30.755320,0.049884,-0.796400,-1.619990,182.819,S,1,0.797960,1,0.797960,0.665551,1.735106,0.599066,-0.009577,9.708488,3.421314,0.242555,0.315212,0.447983,0.599066,0.186314,-0.001833,0.019548,0.187346,0.186323,-2.091000,-68.031006,-27.185001,NaN,-2.031243,true,Self-supervised model,0.167612,2.215000,6.402720,2.890619,0.000000,0.000000,1.110981,3.197655,false,false
2026-04-17T15:12:30.763527,0.049884,-0.796400,-1.623711,183.032,S,1,0.797960,1,0.797960,0.665929,1.714339,0.667911,0.045490,9.631873,3.502717,0.245127,0.252985,0.567465,0.667911,0.168599,0.014661,0.003054,0.169263,0.169235,-2.091000,-68.031006,-27.185001,NaN,-2.032809,true,Self-supervised model,0.176239,2.223000,6.615937,2.976130,0.000000,0.000000,0.997032,3.946006,false,false
2026-04-17T15:12:30.771787,0.049884,-0.796400,-1.626956,183.218,S,1,0.797960,1,0.797960,0.682545,1.695067,0.769781,0.052672,9.572019,3.615245,0.279554,0.249011,0.672612,0.769781,0.169210,0.032376,-0.010385,0.172592,0.172279,-2.091000,-68.031006,-27.185001,NaN,-2.034149,true,Self-supervised model,0.187717,2.232000,6.801862,3.047429,0.000000,0.000000,0.886674,4.460125,false,false
2026-04-17T15:12:30.779621,0.049884,-0.796400,-1.629805,183.381,S,1,0.797960,1,0.797960,0.698863,1.677219,0.784531,0.090980,9.569624,3.715801,0.349105,0.285568,0.641923,0.784531,0.193644,0.077580,-0.026267,0.210254,0.208607,-2.091000,-68.031006,-27.185001,NaN,-2.035415,true,Self-supervised model,0.187199,2.240000,6.965104,3.109421,0.000000,0.000000,0.890803,3.731351,false,false
2026-04-17T15:12:30.787524,0.049884,-0.796400,-1.632280,183.523,S,1,0.797960,1,0.797960,0.705822,1.660363,0.742359,0.162806,9.607931,3.679888,0.375467,0.359699,0.529846,0.742359,0.230296,0.136834,-0.051924,0.272866,0.267880,-2.091000,-68.031006,-27.185001,NaN,-2.036392,true,Self-supervised model,0.181152,2.247000,7.106899,3.162839,0.000000,0.000000,0.950783,2.720597,false,false
2026-04-17T15:12:30.797267,0.049884,-0.796400,-1.634371,183.643,S,1,0.797960,1,0.797960,0.696825,1.643822,0.649589,0.189142,9.684546,3.560178,0.342565,0.459106,0.306327,0.649589,0.261450,0.186925,-0.073915,0.329789,0.321399,-2.091000,-68.031006,-27.185001,NaN,-2.036951,true,Self-supervised model,0.172806,2.257000,7.226733,3.201920,0.000000,0.000000,1.072717,1.969713,false,false
2026-04-17T15:12:30.803516,0.049884,-0.796400,-1.636030,183.738,S,1,0.797960,1,0.797960,0.689956,1.627667,0.653895,0.153229,9.787497,3.325546,0.238759,0.607831,0.033379,0.653895,0.274278,0.225409,-0.101404,0.369216,0.355018,-2.091000,-68.031006,-27.185001,NaN,-2.036878,true,Self-supervised model,0.172392,2.263000,7.321771,3.235427,0.000000,0.000000,1.055148,1.771035,false,false
2026-04-17T15:12:30.813852,0.049884,-0.796400,-1.637175,183.803,S,1,0.797960,1,0.797960,0.711979,1.613040,0.827599,0.043096,9.940725,3.038242,0.025416,0.813605,-0.149402,0.827599,0.244957,0.212581,-0.114843,0.344069,0.324337,-2.091000,-68.031006,-27.185001,NaN,-2.035967,true,Self-supervised model,0.191168,2.274000,7.387361,3.248620,0.000000,0.000000,0.860294,2.405329,false,false
2026-04-17T15:12:30.819361,0.049884,-0.796400,-1.637709,183.834,S,1,0.797960,1,0.797960,0.760893,1.600954,1.017688,-0.179565,10.151415,2.839523,-0.122482,0.988856,-0.207004,1.017688,0.177762,0.145997,-0.108123,0.254175,0.230031,-2.091000,-68.031006,-27.185001,NaN,-2.034057,true,Self-supervised model,0.211336,2.279000,7.417949,3.254914,0.000000,0.000000,0.747668,4.003888,false,false
2026-04-17T15:12:30.829425,0.049884,-0.796400,-1.637634,183.830,S,1,0.797960,1,0.797960,0.844096,1.592679,1.280916,-0.337582,10.330980,2.767697,-0.281901,1.232632,-0.204687,1.280916,0.097128,0.061087,-0.081856,0.140946,0.114740,-2.091000,-68.031006,-27.185001,NaN,-2.031549,true,Self-supervised model,0.243152,2.289000,7.413670,3.238825,0.000000,0.000000,0.658979,9.088002,false,false
2026-04-17T15:12:30.835764,0.049884,-0.796400,-1.637101,183.799,S,1,0.797960,1,0.797960,0.946253,1.588822,1.482574,-0.505177,10.577583,2.760514,-0.280996,1.454615,-0.056252,1.482574,-0.003665,-0.047647,-0.033598,0.058417,0.047788,-2.091000,-68.031006,-27.185001,NaN,-2.029182,true,Self-supervised model,0.296556,2.296000,7.383131,3.215650,0.000000,0.000000,0.638250,25.379277,false,false
2026-04-17T15:12:30.845034,0.049884,-0.796400,-1.636411,183.759,S,1,0.797960,1,0.797960,1.047993,1.589189,1.582132,-0.507571,10.800244,2.906561,-0.187703,1.566079,0.123716,1.582132,-0.083078,-0.120340,0.019548,0.147532,0.146232,-2.091000,-68.031006,-27.185001,NaN,-2.027863,true,Self-supervised model,0.264351,2.305000,7.343578,3.185934,0.000000,0.000000,0.662393,10.723957,false,false
2026-04-17T15:12:30.851650,0.049884,-0.796400,-1.635891,183.730,S,1,0.797960,1,0.797960,1.137138,1.593107,1.605147,-0.411803,10.910378,3.090914,0.009085,1.578359,0.291888,1.605147,-0.135001,-0.141110,0.059254,0.204079,0.195288,-2.091000,-68.031006,-27.185001,NaN,-2.028027,true,Self-supervised model,0.258263,2.312000,7.313821,3.163417,0.000000,0.000000,0.708432,7.865312,false,false
2026-04-17T15:12:30.865196,0.049884,-0.796400,-1.635761,183.722,S,1,0.797960,1,0.797960,1.210639,1.599808,1.596521,-0.208296,10.919954,3.268085,0.259370,1.529097,0.378776,1.596521,-0.154549,-0.113621,0.076969,0.206687,0.191820,-2.091000,-68.031006,-27.185001,NaN,-2.029452,true,Self-supervised model,0.258532,2.325000,7.306342,3.142513,0.000000,0.000000,0.758298,7.724362,false,false
2026-04-17T15:12:30.868245,0.049884,-0.796400,-1.636083,183.741,S,1,0.797960,1,0.797960,1.273521,1.608757,1.603650,0.050278,10.867282,3.366248,0.465031,1.487219,0.378973,1.603650,-0.156382,-0.037263,0.076969,0.178236,0.160760,-3.861000,-67.823006,-27.672001,NaN,-2.031586,true,Self-supervised model,0.261969,2.328000,7.324816,3.146399,0.000000,0.000000,0.794139,8.997363,false,false
2026-04-17T15:12:30.875357,0.049884,-0.796400,-1.636802,183.782,S,1,0.797960,1,0.797960,1.323981,1.619366,1.588895,0.263362,10.821792,3.378219,0.594566,1.452433,0.248025,1.588895,-0.147829,0.051313,0.061087,0.167982,0.156482,-3.861000,-67.823006,-27.672001,NaN,-2.033892,true,Self-supervised model,0.263038,2.335000,7.366017,3.154611,0.000000,0.000000,0.833272,9.458698,false,false
2026-04-17T15:12:30.883314,0.049884,-0.796400,-1.637778,183.838,S,1,0.797960,1,0.797960,1.364468,1.631170,1.577028,0.397437,10.783484,3.258508,0.670092,1.427298,0.028537,1.577028,-0.160047,0.125227,0.036652,0.206495,0.203216,-3.861000,-67.823006,-27.672001,NaN,-2.035897,true,Self-supervised model,0.257471,2.343000,7.421950,3.167712,0.000000,0.000000,0.865215,7.637121,false,false
2026-04-17T15:12:30.891327,0.049884,-0.796400,-1.638851,183.899,S,1,0.797960,1,0.797960,1.408230,1.644252,1.637981,0.474052,10.754754,3.050213,0.696294,1.460444,-0.255461,1.637981,-0.202807,0.161879,0.008552,0.259632,0.259491,-3.861000,-67.823006,-27.672001,NaN,-2.037355,true,Self-supervised model,0.258302,2.351000,7.483405,3.183073,0.000000,0.000000,0.859735,6.308855,false,false
2026-04-17T15:12:30.899781,0.049884,-0.796400,-1.639866,183.957,S,1,0.797960,1,0.797960,1.455475,1.658701,1.703509,0.497994,10.783484,2.779668,0.687185,1.450127,-0.571710,1.703509,-0.304822,0.173486,-0.028711,0.351906,0.350733,-3.861000,-67.823006,-27.672001,NaN,-2.038139,true,Self-supervised model,0.258181,2.360000,7.541555,3.195574,0.000000,0.000000,0.854398,4.840805,false,false
2026-04-17T15:12:30.907289,0.049884,-0.796400,-1.640692,184.005,S,1,0.797960,1,0.797960,1.496625,1.674218,1.712661,0.483629,10.766725,2.482787,0.632755,1.447903,-0.660610,1.712661,-0.455705,0.150273,-0.065973,0.484357,0.479843,-3.861000,-67.823006,-27.672001,NaN,-2.038209,true,Self-supervised model,0.253711,2.367000,7.588881,3.206118,0.000000,0.000000,0.873859,3.535946,false,false
2026-04-17T15:12:30.915689,0.049884,-0.796400,-1.641224,184.035,S,1,0.797960,1,0.797960,1.511451,1.689708,1.589287,0.421380,10.754754,2.422932,0.581818,1.380689,-0.530112,1.589287,-0.637743,0.093462,-0.089797,0.650781,0.644555,-3.861000,-67.823006,-27.672001,NaN,-2.037568,true,Self-supervised model,0.240532,2.376000,7.619392,3.206815,0.000000,0.000000,0.951025,2.442124,false,false
2026-04-17T15:12:30.923619,0.049884,-0.796400,-1.641442,184.048,S,1,0.797960,1,0.797960,1.479340,1.703293,1.310756,0.361524,10.673351,2.595315,0.525680,1.193453,-0.131960,1.310756,-0.783129,0.030543,-0.096517,0.789645,0.783725,-3.861000,-67.823006,-27.672001,NaN,-2.036524,true,Self-supervised model,0.218102,2.384000,7.631835,3.201273,0.000000,0.000000,1.128615,1.659931,false,false
2026-04-17T15:12:30.932429,0.049884,-0.796400,-1.641398,184.045,S,1,0.797960,1,0.797960,1.423618,1.714106,1.131083,0.296881,10.467450,3.047819,0.495867,0.890399,0.490565,1.131083,-0.913244,-0.050091,-0.082467,0.918327,0.914616,-3.861000,-67.823006,-27.672001,NaN,-2.035439,true,Self-supervised model,0.204130,2.392000,7.629358,3.189531,0.000000,0.000000,1.258633,1.231678,false,false
2026-04-17T15:12:30.939273,0.049884,-0.796400,-1.641233,184.036,S,1,0.797960,1,0.797960,1.404381,1.723717,1.303386,0.260968,10.141838,3.734955,0.493078,0.501349,1.097423,1.303386,-0.971887,-0.130725,-0.048258,0.981826,0.980639,-3.861000,-67.823006,-27.672001,NaN,-2.034784,true,Self-supervised model,0.210596,2.399000,7.619874,3.176271,0.000000,0.000000,1.077487,1.327512,false,false
2026-04-17T15:12:30.947930,0.049884,-0.796400,-1.641129,184.030,S,1,0.797960,1,0.797960,1.489681,1.736355,1.937503,0.256180,9.727641,4.412514,0.559584,0.168087,1.847303,1.937503,-0.947452,-0.205862,-0.003665,0.969566,0.969559,-3.861000,-67.823006,-27.672001,NaN,-2.034926,true,Self-supervised model,0.251507,2.408000,7.613910,3.161923,0.000000,0.000000,0.768866,1.998320,false,false
2026-04-17T15:12:30.955610,0.049884,-0.796400,-1.641253,184.037,S,1,0.797960,1,0.797960,1.662577,1.755404,2.570285,0.325611,9.368511,5.233725,0.699709,-0.245596,2.460987,2.570285,-0.857655,-0.266948,0.040317,0.899143,0.898239,-3.861000,-67.823006,-27.672001,NaN,-2.035965,true,Self-supervised model,0.288019,2.416000,7.621048,3.154407,0.000000,0.000000,0.646845,2.858594,false,false
2026-04-17T15:12:30.963980,0.049884,-0.796400,-1.641732,184.064,S,1,0.797960,1,0.797960,1.868600,1.781932,2.950216,0.474052,8.930372,5.913678,0.835465,-0.626841,2.759139,2.950216,-0.681115,-0.306654,0.093462,0.752788,0.746963,-3.861000,-67.823006,-27.672001,NaN,-2.037860,true,Self-supervised model,0.314167,2.424000,7.648478,3.155313,0.000000,0.000000,0.633377,3.919055,false,false
2026-04-17T15:12:30.971480,0.049884,-0.796400,-1.642738,184.122,S,1,0.797960,1,0.797960,2.073930,1.815612,3.151914,0.624887,8.528147,6.268020,0.934312,-0.925207,2.864545,3.151914,-0.442877,-0.311541,0.141721,0.559717,0.541478,-3.861000,-67.823006,-27.672001,NaN,-2.040975,true,Self-supervised model,0.337021,2.431000,7.706117,3.169937,0.000000,0.000000,0.657991,5.631265,false,false
2026-04-17T15:12:30.979510,0.049884,-0.796400,-1.644259,184.209,S,1,0.797960,1,0.797960,2.253255,1.855118,3.194708,0.742203,8.214506,6.414066,1.003391,-1.177321,2.795225,3.194708,-0.210749,-0.295659,0.184481,0.407262,0.363083,-3.861000,-67.823006,-27.672001,NaN,-2.044555,true,Self-supervised model,0.355362,2.439000,7.793245,3.195262,0.000000,0.000000,0.705308,7.844355,false,false
2026-04-17T15:12:30.987308,0.049884,-0.796400,-1.646338,184.328,S,1,0.797960,1,0.797960,2.370714,1.897742,2.987377,0.833182,7.953538,6.368577,1.047512,-1.281459,2.486967,2.987377,0.079412,-0.257174,0.233351,0.356227,0.269156,-3.861000,-67.823006,-27.672001,NaN,-2.048867,true,Self-supervised model,0.352533,2.447000,7.912368,3.233497,0.000000,0.000000,0.793577,8.386171,false,false
2026-04-17T15:12:30.995596,0.049884,-0.796400,-1.649051,184.484,S,1,0.797960,1,0.797960,2.419679,1.940619,2.676747,0.902614,7.848193,6.064513,1.125109,-1.373572,2.003098,2.676747,0.353691,-0.199753,0.277333,0.491846,0.406200,-3.861000,-67.823006,-27.672001,NaN,-2.054116,true,Self-supervised model,0.325417,2.456000,8.067815,3.284941,0.000000,0.000000,0.903963,5.442250,false,false
2026-04-17T15:12:31.003442,0.049884,-0.796400,-1.652458,184.679,S,1,0.797960,1,0.797960,2.403408,1.981131,2.317984,1.007959,7.762002,5.566519,1.200830,-1.371168,1.432115,2.317984,0.582765,-0.143553,0.304211,0.672880,0.600186,-3.861000,-67.823006,-27.672001,NaN,-2.060298,true,Self-supervised model,0.290629,2.463000,8.263013,3.354857,0.000000,0.000000,1.036853,3.444870,false,false
2026-04-17T15:12:31.012304,0.049884,-0.796400,-1.656609,184.917,S,1,0.797960,1,0.797960,2.321666,2.016752,1.892520,1.113304,7.776367,4.965574,1.249671,-1.238570,0.697064,1.892520,0.711047,-0.105680,0.299324,0.778686,0.718858,-3.861000,-67.823006,-27.672001,NaN,-2.067425,true,Self-supervised model,0.257682,2.472000,8.500841,3.438852,0.000000,0.000000,1.226759,2.430404,false,false
2026-04-17T15:12:31.022425,0.049884,-0.796400,-1.661476,185.196,S,1,0.797960,1,0.797960,2.204797,2.046274,1.591237,1.192312,7.924808,4.189853,1.213517,-1.029013,0.023348,1.591237,0.781907,-0.076358,0.272446,0.831527,0.785627,-3.861000,-67.823006,-27.672001,NaN,-2.075157,true,Self-supervised model,0.236689,2.482000,8.779705,3.537351,0.000000,0.000000,1.385587,1.913634,false,false
2026-04-17T15:12:31.029494,0.049884,-0.796400,-1.666930,185.508,S,1,0.797960,1,0.797960,2.093832,2.070176,1.511266,1.185130,8.152257,3.469198,1.149083,-0.803151,-0.564341,1.511266,0.773966,-0.078802,0.221744,0.808952,0.777968,-3.470000,-69.145004,-26.927002,NaN,-2.082962,true,Self-supervised model,0.224101,2.489000,9.092231,3.652965,0.000000,0.000000,1.385482,1.868177,false,false
2026-04-17T15:12:31.036149,0.049884,-0.796400,-1.672731,185.840,S,1,0.797960,1,0.797960,2.008861,2.089724,1.562759,1.146823,8.396465,2.832341,1.062695,-0.626821,-0.959161,1.562759,0.700052,-0.108734,0.156992,0.725632,0.708446,-3.470000,-69.145004,-26.927002,NaN,-2.090147,true,Self-supervised model,0.221564,2.496000,9.424588,3.775877,0.000000,0.000000,1.285458,2.153652,false,false
2026-04-17T15:12:31.045276,0.049884,-0.796400,-1.678547,186.174,S,1,0.797960,1,0.797960,1.965754,2.106765,1.739447,1.082179,8.590396,2.389413,0.968642,-0.442397,-1.375388,1.739447,0.591928,-0.143553,0.086743,0.615233,0.609087,-3.470000,-69.145004,-26.927002,NaN,-2.096022,true,Self-supervised model,0.236913,2.505000,9.757789,3.895325,0.000000,0.000000,1.130103,2.827300,false,false
2026-04-17T15:12:31.051893,0.049884,-0.796400,-1.685148,186.552,S,1,0.797960,1,0.797960,1.954762,2.122685,1.897054,1.024718,8.784326,1.946486,0.892972,-0.353930,-1.635893,1.897054,0.428217,-0.188147,0.000000,0.467727,0.467727,-3.470000,-69.145004,-26.927002,NaN,-2.105767,true,Self-supervised model,0.241965,2.512000,10.136024,4.035041,0.000000,0.000000,1.030420,4.055900,false,false
2026-04-17T15:12:31.059488,0.049884,-0.796400,-1.690854,186.879,S,1,0.797960,1,0.797960,1.962250,2.138267,2.001560,0.960075,8.884883,1.651999,0.809170,-0.330580,-1.800612,2.001560,0.240681,-0.221744,-0.093462,0.340342,0.327258,-3.470000,-69.145004,-26.927002,NaN,-2.107892,true,Self-supervised model,0.258971,2.519000,10.462960,4.153616,0.000000,0.000000,0.980360,5.881019,false,false
2026-04-17T15:12:31.067595,0.049884,-0.796400,-1.695375,187.138,S,1,0.797960,1,0.797960,1.970749,2.153567,2.015369,0.881066,8.916007,1.465251,0.714930,-0.362483,-1.849106,2.015369,0.040928,-0.225409,-0.176540,0.289225,0.229095,-3.470000,-69.145004,-26.927002,NaN,-2.107671,true,Self-supervised model,0.267336,2.528000,10.721979,4.241289,0.000000,0.000000,0.977860,6.968181,false,false
2026-04-17T15:12:31.075392,0.049884,-0.796400,-1.698497,187.317,S,1,0.797960,1,0.797960,1.968318,2.168157,1.955555,0.785298,8.887277,1.407791,0.635855,-0.497670,-1.781070,1.955555,-0.125227,-0.208916,-0.227853,0.333534,0.243573,-3.470000,-69.145004,-26.927002,NaN,-2.105200,true,Self-supervised model,0.261959,2.535000,10.900878,4.300149,0.000000,0.000000,1.006526,5.863144,false,false
2026-04-17T15:12:31.084011,0.049884,-0.796400,-1.700139,187.411,S,1,0.797960,1,0.797960,1.935700,2.180858,1.764455,0.699107,8.750807,1.479617,0.561297,-0.621271,-1.553148,1.764455,-0.295659,-0.174097,-0.265116,0.433601,0.343109,-3.470000,-69.145004,-26.927002,NaN,-2.100921,true,Self-supervised model,0.248249,2.544000,10.994966,4.321920,0.000000,0.000000,1.097053,4.069303,false,false
2026-04-17T15:12:31.091536,0.049884,-0.796400,-1.700347,187.423,S,1,0.797960,1,0.797960,1.869956,2.190422,1.524799,0.612916,8.621520,1.723825,0.503564,-0.776876,-1.211568,1.524799,-0.431882,-0.140499,-0.272446,0.529612,0.454161,-3.470000,-69.145004,-26.927002,NaN,-2.095390,true,Self-supervised model,0.232867,2.551000,11.006857,4.314722,0.000000,0.000000,1.226362,2.879088,false,false
2026-04-17T15:12:31.100103,0.049884,-0.796400,-1.699305,187.363,S,1,0.797960,1,0.797960,1.782424,2.196102,1.322882,0.541090,8.456321,2.092532,0.475546,-0.804752,-0.936080,1.322882,-0.534507,-0.109345,-0.263894,0.606048,0.545577,-3.470000,-69.145004,-26.927002,NaN,-2.089350,true,Self-supervised model,0.217999,2.560000,10.947155,4.276233,0.000000,0.000000,1.347380,2.182801,false,false
2026-04-17T15:12:31.107548,0.049884,-0.796400,-1.697271,187.246,S,1,0.797960,1,0.797960,1.663059,2.196781,1.036396,0.497994,8.415619,2.403779,0.373315,-0.775330,-0.577595,1.036396,-0.593150,-0.085521,-0.251676,0.649986,0.599284,-3.470000,-69.145004,-26.927002,NaN,-2.083349,true,Self-supervised model,0.203244,2.567000,10.830620,4.219174,0.000000,0.000000,1.604657,1.594489,false,false
2026-04-17T15:12:31.116160,0.049884,-0.796400,-1.694508,187.088,S,1,0.797960,1,0.797960,1.519434,2.191687,0.765402,0.380678,8.429984,2.803610,0.294542,-0.648785,-0.279577,0.765402,-0.622472,-0.062919,-0.235183,0.668387,0.625644,-3.470000,-69.145004,-26.927002,NaN,-2.077667,true,Self-supervised model,0.197628,2.576000,10.672286,4.142968,0.000000,0.000000,1.985146,1.145148,false,false
2026-04-17T15:12:31.123483,0.049884,-0.796400,-1.691254,186.902,S,1,0.797960,1,0.797960,1.363941,2.180577,0.547600,0.287304,8.540117,3.145981,0.233433,-0.494535,-0.028445,0.547600,-0.616363,-0.045204,-0.219911,0.655979,0.618018,-3.470000,-69.145004,-26.927002,NaN,-2.072451,true,Self-supervised model,0.198458,2.583000,10.485846,4.059561,0.000000,0.000000,2.490763,0.834783,false,false
2026-04-17T15:12:31.132056,0.049884,-0.796400,-1.688005,186.716,S,1,0.797960,1,0.797960,1.213220,2.163883,0.421938,0.217872,8.678981,3.438074,0.180931,-0.374398,0.071563,0.421938,-0.582765,-0.025656,-0.213192,0.621067,0.583330,-3.470000,-69.145004,-26.927002,NaN,-2.069224,true,Self-supervised model,0.200995,2.592000,10.299716,3.973656,0.000000,0.000000,2.875353,0.679375,false,false
2026-04-17T15:12:31.139734,0.049884,-0.796400,-1.684856,186.535,S,1,0.797960,1,0.797960,1.075186,2.142335,0.350506,0.158017,8.784326,3.576937,0.149554,-0.286293,0.136105,0.350506,-0.545503,-0.014661,-0.213803,0.586089,0.545700,-3.470000,-69.145004,-26.927002,NaN,-2.066474,true,Self-supervised model,0.200691,2.600000,10.119297,3.892037,0.000000,0.000000,3.067521,0.598044,false,false
2026-04-17T15:12:31.147905,0.049884,-0.796400,-1.681835,186.362,S,1,0.797960,1,0.797960,0.956274,2.116892,0.331984,0.119710,8.858546,3.677494,0.080233,-0.225541,0.230016,0.331984,-0.497855,-0.010385,-0.221744,0.545104,0.497963,-3.470000,-69.145004,-26.927002,NaN,-2.063962,true,Self-supervised model,0.196592,2.608000,9.946185,3.813721,0.000000,0.000000,2.880477,0.609030,false,false
2026-04-17T15:12:31.155569,0.049884,-0.796400,-1.678911,186.194,S,1,0.797960,1,0.797960,0.859281,2.088588,0.350067,0.043096,8.906430,3.804387,0.037959,-0.213833,0.274558,0.350067,-0.446543,-0.007941,-0.233961,0.504184,0.446613,-3.470000,-69.145004,-26.927002,NaN,-2.061428,true,Self-supervised model,0.187342,2.615000,9.778654,3.739447,0.000000,0.000000,2.454615,0.694325,false,false
2026-04-17T15:12:31.164625,0.049884,-0.796400,-1.676031,186.029,S,1,0.797960,1,0.797960,0.788854,2.058598,0.419113,-0.007183,8.906430,3.878607,-0.103968,-0.255966,0.315163,0.419113,-0.390954,-0.006109,-0.234572,0.455967,0.391001,-3.470000,-69.145004,-26.927002,NaN,-2.058725,true,Self-supervised model,0.175231,2.625000,9.613650,3.662343,0.000000,0.000000,1.882197,0.919174,false,false
2026-04-17T15:12:31.172195,0.049884,-0.796400,-1.673142,185.864,S,1,0.797960,1,0.797960,0.740661,2.027881,0.487647,-0.158017,8.853758,3.945644,-0.271290,-0.246878,0.321329,0.487647,-0.322537,0.004887,-0.215635,0.388011,0.322574,-3.470000,-69.145004,-26.927002,NaN,-2.055799,true,Self-supervised model,0.168622,2.632000,9.448126,3.589714,0.000000,0.000000,1.518847,1.256786,false,false
2026-04-17T15:12:31.182564,0.049884,-0.796400,-1.670219,185.696,S,1,0.797960,1,0.797960,0.722290,1.997657,0.625845,-0.335188,8.853758,3.974375,-0.444261,-0.236773,0.371825,0.625845,-0.246179,0.010385,-0.179594,0.304903,0.246398,-3.470000,-69.145004,-26.927002,NaN,-2.052741,true,Self-supervised model,0.175155,2.642000,9.280655,3.512739,0.000000,0.000000,1.154104,2.052604,false,false
2026-04-17T15:12:31.187724,0.049884,-0.796400,-1.667222,185.525,S,1,0.797960,1,0.797960,0.722980,1.968670,0.726600,-0.519542,8.856153,4.043807,-0.563540,-0.204668,0.410464,0.726600,-0.163712,-0.001833,-0.127060,0.207242,0.163722,-3.808000,-65.602005,-29.693001,NaN,-2.049449,true,Self-supervised model,0.183737,2.648000,9.108965,3.439941,0.000000,0.000000,0.995018,3.506047,false,false
2026-04-17T15:12:31.198391,0.049884,-0.796400,-1.664257,185.355,S,1,0.797960,1,0.797960,0.729219,1.941092,0.761976,-0.648829,8.882488,4.096479,-0.638471,-0.189022,0.370448,0.761976,-0.069028,-0.027489,-0.056810,0.093530,0.074300,-3.808000,-65.602005,-29.693001,NaN,-2.046606,true,Self-supervised model,0.198775,2.658000,8.939033,3.363067,0.000000,0.000000,0.957011,8.146836,false,false
2026-04-17T15:12:31.203945,0.049884,-0.796400,-1.661497,185.197,S,1,0.797960,1,0.797960,0.730432,1.914666,0.736800,-0.730232,8.894460,4.065354,-0.670382,-0.139951,0.271803,0.736800,-0.007941,-0.031154,-0.007330,0.032975,0.032150,-3.808000,-65.602005,-29.693001,NaN,-2.044671,true,Self-supervised model,0.208108,2.664000,8.780910,3.296138,0.000000,0.000000,0.991357,0.000000,false,false
2026-04-17T15:12:31.213430,0.049884,-0.796400,-1.659150,185.062,S,1,0.797960,1,0.797960,0.714485,1.888659,0.630763,-0.763750,8.942344,3.969586,-0.608505,-0.117499,0.117380,0.630763,0.086132,-0.031154,0.051924,0.105287,0.091593,-3.808000,-65.602005,-29.693001,NaN,-2.043977,true,Self-supervised model,0.186266,2.673000,8.646465,3.234742,0.000000,0.000000,1.132731,5.990894,false,false
2026-04-17T15:12:31.219394,0.049884,-0.796400,-1.657379,184.961,S,1,0.797960,1,0.797960,0.683091,1.862436,0.518275,-0.699107,8.966286,3.811569,-0.506991,-0.095094,-0.050260,0.518275,0.165544,-0.026878,0.105069,0.197906,0.167712,-3.808000,-65.602005,-29.693001,NaN,-2.044508,true,Self-supervised model,0.174246,2.679000,8.544985,3.189617,0.000000,0.000000,1.318010,2.618791,false,false
2026-04-17T15:12:31.230754,0.049884,-0.796400,-1.656272,184.897,S,1,0.797960,1,0.797960,0.647056,1.835821,0.457872,-0.591368,8.992621,3.634398,-0.365326,-0.041126,-0.272932,0.457872,0.221133,-0.032987,0.143553,0.265698,0.223580,-3.808000,-65.602005,-29.693001,NaN,-2.046056,true,Self-supervised model,0.173104,2.691000,8.481540,3.151817,0.000000,0.000000,1.413183,1.723276,false,false
2026-04-17T15:12:31.235874,0.049884,-0.796400,-1.655861,184.874,S,1,0.797960,1,0.797960,0.630554,1.809610,0.543917,-0.440533,9.052477,3.397372,-0.209757,0.020919,-0.501409,0.543917,0.261450,-0.043371,0.177151,0.318779,0.265023,-3.808000,-65.602005,-29.693001,NaN,-2.048432,true,Self-supervised model,0.176573,2.696000,8.458010,3.137244,0.000000,0.000000,1.159283,1.706254,false,false
2026-04-17T15:12:31.245783,0.049884,-0.796400,-1.656163,184.891,S,1,0.797960,1,0.797960,0.641721,1.784894,0.700347,-0.272939,9.121908,3.150769,-0.009553,0.057790,-0.697893,0.700347,0.277944,-0.063530,0.199142,0.347773,0.285112,-3.808000,-65.602005,-29.693001,NaN,-2.051585,true,Self-supervised model,0.191000,2.706000,8.475317,3.132046,0.000000,0.000000,0.916290,2.013802,false,false
2026-04-17T15:12:31.251545,0.049884,-0.796400,-1.656951,184.936,S,1,0.797960,1,0.797960,0.674029,1.762460,0.843650,-0.062249,9.167398,2.932897,0.195051,0.065210,-0.818198,0.843650,0.279165,-0.085521,0.208305,0.358662,0.291971,-3.808000,-65.602005,-29.693001,NaN,-2.054315,true,Self-supervised model,0.202115,2.711000,8.520450,3.142918,0.000000,0.000000,0.798945,2.352216,false,false
2026-04-17T15:12:31.259380,0.049884,-0.796400,-1.658253,185.011,S,1,0.797960,1,0.797960,0.729446,1.743139,1.020380,0.155623,9.184157,2.789245,0.409713,0.062627,-0.932410,1.020380,0.263283,-0.103236,0.205251,0.349433,0.282800,-3.808000,-65.602005,-29.693001,NaN,-2.057674,true,Self-supervised model,0.214802,2.719000,8.595052,3.161108,0.000000,0.000000,0.714877,2.920100,false,false
2026-04-17T15:12:31.268406,0.049884,-0.796400,-1.660048,185.114,S,1,0.797960,1,0.797960,0.805376,1.727629,1.204011,0.385466,9.191340,2.650381,0.618592,0.062082,-1.031083,1.204011,0.230296,-0.113621,0.179594,0.313369,0.256800,-3.808000,-65.602005,-29.693001,NaN,-2.061440,true,Self-supervised model,0.226773,2.728000,8.697878,3.188372,0.000000,0.000000,0.668911,3.842150,false,false
2026-04-17T15:12:31.275256,0.049884,-0.796400,-1.662267,185.241,S,1,0.797960,1,0.797960,0.894846,1.716317,1.364561,0.610521,9.200917,2.525883,0.798161,0.049621,-1.105669,1.364561,0.187536,-0.105680,0.140499,0.257056,0.215262,-3.808000,-65.602005,-29.693001,NaN,-2.065356,true,Self-supervised model,0.236105,2.735000,8.825016,3.226697,0.000000,0.000000,0.655775,5.308420,false,false
2026-04-17T15:12:31.283454,0.049884,-0.796400,-1.664850,185.389,S,1,0.797960,1,0.797960,0.983096,1.708989,1.446411,0.806846,9.198523,2.425326,0.924054,0.004493,-1.112749,1.446411,0.130114,-0.074526,0.081245,0.170542,0.149946,-3.808000,-65.602005,-29.693001,NaN,-2.069397,true,Self-supervised model,0.247309,2.743000,8.973038,3.271250,0.000000,0.000000,0.679680,8.481265,false,false
2026-04-17T15:12:31.291708,0.049884,-0.796400,-1.667666,185.550,S,1,0.797960,1,0.797960,1.053424,1.704766,1.422647,0.948104,9.162610,2.394202,0.937866,0.003522,-1.069728,1.422647,0.078191,-0.029932,0.018937,0.085839,0.083724,-3.808000,-65.602005,-29.693001,NaN,-2.073142,true,Self-supervised model,0.263495,2.752000,9.134363,3.319173,0.000000,0.000000,0.740468,16.573419,false,false
2026-04-17T15:12:31.300818,0.049884,-0.796400,-1.670552,185.716,S,1,0.797960,1,0.797960,1.092257,1.702266,1.296128,0.974440,9.169792,2.415750,0.872533,-0.022482,-0.958190,1.296128,0.018326,0.032987,-0.054367,0.066180,0.037735,-3.808000,-65.602005,-29.693001,NaN,-2.076313,true,Self-supervised model,0.263044,2.761000,9.299765,3.368260,0.000000,0.000000,0.842708,19.585017,false,false
2026-04-17T15:12:31.307455,0.049884,-0.796400,-1.673296,185.873,S,1,0.797960,1,0.797960,1.087548,1.699677,1.062825,0.916979,9.150639,2.509123,0.728632,-0.020842,-0.773472,1.062825,-0.031154,0.103236,-0.119730,0.161132,0.107835,-3.808000,-65.602005,-29.693001,NaN,-2.078485,true,Self-supervised model,0.217069,2.767000,9.456976,3.417772,0.000000,0.000000,1.023261,6.595998,false,false
2026-04-17T15:12:31.316060,0.049884,-0.796400,-1.675705,186.011,S,1,0.797960,1,0.797960,1.032076,1.694973,0.740848,0.775721,9.157822,2.679112,0.532039,-0.013195,-0.515379,0.740848,-0.062308,0.180205,-0.163712,0.251312,0.190673,-3.808000,-65.602005,-29.693001,NaN,-2.079554,true,Self-supervised model,0.193656,2.776000,9.594990,3.456408,0.000000,0.000000,1.393101,2.947918,false,false
2026-04-17T15:12:31.323425,0.049884,-0.796400,-1.677664,186.123,S,1,0.797960,1,0.797960,0.929316,1.686347,0.389830,0.577003,9.169792,2.925714,0.250989,0.057410,-0.292704,0.389830,-0.070860,0.248622,-0.179594,0.314783,0.258523,-3.808000,-65.602005,-29.693001,NaN,-2.079710,true,Self-supervised model,0.196060,2.783000,9.707198,3.488034,0.000000,0.000000,2.383903,1.238408,false,false
2026-04-17T15:12:31.332390,0.049884,-0.796400,-1.679130,186.207,S,1,0.797960,1,0.797960,0.812124,1.673378,0.196864,0.289698,9.244013,3.138798,0.006948,0.170527,-0.098122,0.196864,-0.051313,0.335976,-0.178984,0.384120,0.339872,-3.808000,-65.602005,-29.693001,NaN,-2.079207,true,Self-supervised model,0.212872,2.792000,9.791201,3.506877,0.000000,0.000000,4.125298,0.512508,false,false
2026-04-17T15:12:31.341954,0.049884,-0.796400,-1.679603,186.234,S,1,0.797960,1,0.797960,0.731288,1.657694,0.306898,0.026336,9.356541,3.335123,-0.163908,0.244467,0.086927,0.306898,-0.003054,0.415999,-0.155160,0.444004,0.416010,-3.808000,-65.602005,-29.693001,NaN,-2.075712,true,Self-supervised model,0.189995,2.802000,9.818345,3.504049,0.000000,0.000000,2.382840,0.691205,false,false
2026-04-17T15:12:31.347615,0.049884,-0.796400,-1.679342,186.219,S,1,0.797960,1,0.797960,0.699125,1.641351,0.530270,-0.165200,9.430760,3.519476,-0.332861,0.359928,0.202093,0.530270,0.058032,0.463036,-0.117897,0.481321,0.466658,-3.609000,-65.545006,-32.850002,NaN,-2.072509,true,Self-supervised model,0.176277,2.808000,9.803357,3.491224,0.000000,0.000000,1.318432,1.101698,false,false
2026-04-17T15:12:31.355330,0.049884,-0.796400,-1.678628,186.178,S,1,0.797960,1,0.797960,0.694030,1.625459,0.667284,-0.354342,9.548077,3.629610,-0.460375,0.437221,0.205330,0.667284,0.142942,0.494801,-0.069028,0.519640,0.515034,-3.609000,-65.545006,-32.850002,NaN,-2.069984,true,Self-supervised model,0.184443,2.815000,9.762437,3.468006,0.000000,0.000000,1.040083,1.284128,false,false
2026-04-17T15:12:31.365055,0.049884,-0.796400,-1.677977,186.141,S,1,0.797960,1,0.797960,0.703398,1.610576,0.752579,-0.495600,9.631873,3.615245,-0.528128,0.513772,0.153277,0.752579,0.230296,0.480751,-0.010996,0.533178,0.533065,-3.609000,-65.545006,-32.850002,NaN,-2.069588,true,Self-supervised model,0.191761,2.825000,9.725158,3.442534,0.000000,0.000000,0.934651,1.411496,false,false
2026-04-17T15:12:31.371681,0.049884,-0.796400,-1.677406,186.108,S,1,0.797960,1,0.797960,0.713781,1.596704,0.768292,-0.577003,9.715671,3.543418,-0.518182,0.558745,0.097792,0.768292,0.304211,0.412945,0.054978,0.515839,0.512901,-3.609000,-65.545006,-32.850002,NaN,-2.069333,true,Self-supervised model,0.192904,2.832000,9.692417,3.422464,0.000000,0.000000,0.929050,1.489401,false,false
2026-04-17T15:12:31.379658,0.049884,-0.796400,-1.677060,186.088,S,1,0.797960,1,0.797960,0.722909,1.583752,0.770828,-0.577003,9.768343,3.466804,-0.462396,0.616703,-0.006517,0.770828,0.345750,0.315817,0.108123,0.480598,0.468277,-3.609000,-65.545006,-32.850002,NaN,-2.069889,true,Self-supervised model,0.194071,2.840000,9.672589,3.405841,0.000000,0.000000,0.937834,1.603894,false,false
2026-04-17T15:12:31.387333,0.049884,-0.796400,-1.677159,186.094,S,1,0.797960,1,0.797960,0.729696,1.571590,0.765333,-0.524330,9.835381,3.337517,-0.311534,0.678547,-0.168092,0.765333,0.374460,0.181427,0.172264,0.450346,0.416097,-3.609000,-65.545006,-32.850002,NaN,-2.071769,true,Self-supervised model,0.194584,2.847000,9.678281,3.399466,0.000000,0.000000,0.953437,1.699434,false,false
2026-04-17T15:12:31.395841,0.049884,-0.796400,-1.677903,186.137,S,1,0.797960,1,0.797960,0.748124,1.560652,0.844867,-0.368707,9.907207,3.148375,-0.103412,0.785662,-0.292989,0.844867,0.374460,0.050702,0.218079,0.436291,0.377877,-3.609000,-65.545006,-32.850002,NaN,-2.075093,true,Self-supervised model,0.200851,2.856000,9.720916,3.403682,0.000000,0.000000,0.885493,1.936478,false,false
2026-04-17T15:12:31.403584,0.049884,-0.796400,-1.679417,186.223,S,1,0.797960,1,0.797960,0.773706,1.551174,0.908011,-0.148441,10.024523,2.995146,0.087275,0.816523,-0.387503,0.908011,0.354302,-0.052534,0.246179,0.434619,0.358175,-3.609000,-65.545006,-32.850002,NaN,-2.079685,true,Self-supervised model,0.204530,2.863000,9.807650,3.425655,0.000000,0.000000,0.852088,2.089212,false,false
2026-04-17T15:12:31.411801,0.049884,-0.796400,-1.681725,186.356,S,1,0.797960,1,0.797960,0.813451,1.543665,1.022116,0.059855,10.065224,2.873042,0.382702,0.807547,-0.496114,1.022116,0.319483,-0.106901,0.250455,0.419791,0.336893,-3.609000,-65.545006,-32.850002,NaN,-2.085173,true,Self-supervised model,0.212252,2.872000,9.939921,3.460975,0.000000,0.000000,0.795850,2.434821,false,false
2026-04-17T15:12:31.419335,0.049884,-0.796400,-1.684761,186.530,S,1,0.797960,1,0.797960,0.856831,1.538192,1.084574,0.375890,10.065224,2.738967,0.614916,0.718355,-0.531174,1.084574,0.266337,-0.127671,0.243124,0.382550,0.295356,-3.609000,-65.545006,-32.850002,NaN,-2.091116,true,Self-supervised model,0.215287,2.879000,10.113841,3.512970,0.000000,0.000000,0.790016,2.835115,false,false
2026-04-17T15:12:31.430045,0.049884,-0.796400,-1.688400,186.738,S,1,0.797960,1,0.797960,0.905924,1.534901,1.163664,0.629675,9.983821,2.681506,0.826916,0.631123,-0.521543,1.163664,0.200364,-0.118508,0.219301,0.319816,0.232787,-3.609000,-65.545006,-32.850002,NaN,-2.097171,true,Self-supervised model,0.222597,2.890000,10.322363,3.571752,0.000000,0.000000,0.778510,3.638537,false,false
2026-04-17T15:12:31.435783,0.049884,-0.796400,-1.692594,186.979,S,1,0.797960,1,0.797960,0.946739,1.533374,1.161019,0.864307,9.904813,2.667141,0.936631,0.545586,-0.415962,1.161019,0.131336,-0.095295,0.185703,0.246609,0.162266,-3.609000,-65.545006,-32.850002,NaN,-2.103585,true,Self-supervised model,0.219597,2.896000,10.562673,3.647332,0.000000,0.000000,0.815438,4.707938,false,false
2026-04-17T15:12:31.444833,0.049884,-0.796400,-1.697224,187.244,S,1,0.797960,1,0.797960,0.974484,1.533019,1.120140,0.995988,9.825804,2.753332,0.949390,0.557740,-0.205664,1.120140,0.066584,-0.083078,0.154549,0.187672,0.106468,-3.609000,-65.545006,-32.850002,NaN,-2.109953,true,Self-supervised model,0.222907,2.905000,10.827903,3.727333,0.000000,0.000000,0.869966,5.968609,false,false
2026-04-17T15:12:31.451703,0.049884,-0.796400,-1.702142,187.526,S,1,0.797960,1,0.797960,0.995109,1.533502,1.103391,1.029507,9.842564,2.949656,0.875553,0.667781,0.070344,1.103391,0.000000,-0.069028,0.119119,0.137674,0.069028,-3.609000,-65.545006,-32.850002,NaN,-2.116027,true,Self-supervised model,0.222873,2.912000,11.109682,3.815138,0.000000,0.000000,0.901864,8.014529,false,false
2026-04-17T15:12:31.459710,0.049884,-0.796400,-1.707174,187.814,S,1,0.797960,1,0.797960,1.013345,1.534696,1.109085,0.974440,9.955091,3.217807,0.764228,0.736678,0.321450,1.109085,-0.054367,-0.035430,0.080023,0.103028,0.064893,-3.609000,-65.545006,-32.850002,NaN,-2.121516,true,Self-supervised model,0.230741,2.920000,11.398002,3.903426,0.000000,0.000000,0.913677,10.764870,false,false
2026-04-17T15:12:31.467791,0.049884,-0.796400,-1.712111,188.097,S,1,0.797960,1,0.797960,1.038917,1.536865,1.173168,0.878672,10.024523,3.466804,0.619654,0.816604,0.570535,1.173168,-0.075136,0.040928,0.042150,0.095379,0.085560,-3.609000,-65.545006,-32.850002,NaN,-2.126071,true,Self-supervised model,0.238191,2.928000,11.680866,3.989367,0.000000,0.000000,0.885565,12.300048,false,false
2026-04-17T15:12:31.475395,0.049884,-0.796400,-1.716723,188.361,S,1,0.797960,1,0.797960,1.076188,1.540438,1.271864,0.744597,10.103531,3.718195,0.414228,0.894643,0.803534,1.271864,-0.063530,0.150273,0.014661,0.163808,0.163150,-3.609000,-65.545006,-32.850002,NaN,-2.129385,true,Self-supervised model,0.234036,2.935000,11.945133,4.069892,0.000000,0.000000,0.846150,7.764377,false,false
2026-04-17T15:12:31.483656,0.049884,-0.796400,-1.720835,188.597,S,1,0.797960,1,0.797960,1.120610,1.545645,1.353826,0.543484,10.180145,3.955221,0.192423,0.948090,0.947072,1.353826,-0.007330,0.304822,-0.007941,0.305013,0.304910,-3.609000,-65.545006,-32.850002,NaN,-2.131497,true,Self-supervised model,0.232097,2.944000,12.180742,4.137480,0.000000,0.000000,0.827736,4.438582,false,false
2026-04-17T15:12:31.491899,0.049884,-0.796400,-1.724155,188.787,S,1,0.797960,1,0.797960,1.171627,1.552684,1.439464,0.316035,10.232818,4.101267,0.002201,1.064240,0.969251,1.439464,0.084910,0.464868,-0.016493,0.472847,0.472559,-3.609000,-65.545006,-32.850002,NaN,-2.131650,true,Self-supervised model,0.232697,2.952000,12.370985,4.190713,0.000000,0.000000,0.813933,3.044249,false,false
2026-04-17T15:12:31.502155,0.049884,-0.796400,-1.726771,188.937,S,1,0.797960,1,0.797960,1.219790,1.561368,1.472648,0.114922,10.350134,4.120421,-0.265616,1.158904,0.868955,1.472648,0.180816,0.594372,-0.014661,0.621440,0.621267,-3.609000,-65.545006,-32.850002,NaN,-2.131444,true,Self-supervised model,0.232262,2.962000,12.520823,4.227151,0.000000,0.000000,0.828297,2.369736,false,false
2026-04-17T15:12:31.507654,0.049884,-0.796400,-1.728814,189.054,S,1,0.797960,1,0.797960,1.271162,1.571760,1.540861,-0.167594,10.448297,4.010288,-0.524266,1.268236,0.700696,1.540861,0.244957,0.658513,-0.006720,0.702629,0.702597,-2.265000,-64.920006,-30.154001,NaN,-2.131201,true,Self-supervised model,0.231606,2.968000,12.637900,4.258053,0.000000,0.000000,0.824968,2.192993,false,false
2026-04-17T15:12:31.515498,0.049884,-0.796400,-1.730432,189.146,S,1,0.797960,1,0.797960,1.336140,1.584335,1.677278,-0.442927,10.563218,3.825934,-0.737521,1.424137,0.491078,1.677278,0.292604,0.667065,0.007330,0.728455,0.728418,-2.265000,-64.920006,-30.154001,NaN,-2.131119,true,Self-supervised model,0.240208,2.975000,12.730625,4.279202,0.000000,0.000000,0.796612,2.302514,false,false
2026-04-17T15:12:31.523460,0.049884,-0.796400,-1.731766,189.223,S,1,0.797960,1,0.797960,1.415979,1.599601,1.835133,-0.672771,10.726024,3.596091,-0.931525,1.555506,0.283508,1.835133,0.306043,0.614530,0.029322,0.687146,0.686520,-2.265000,-64.920006,-30.154001,NaN,-2.131316,true,Self-supervised model,0.249683,2.983000,12.807064,4.293350,0.000000,0.000000,0.771595,2.670659,false,false
2026-04-17T15:12:31.532647,0.049884,-0.796400,-1.732966,189.292,S,1,0.797960,1,0.797960,1.515494,1.618237,2.037945,-0.881066,10.864887,3.366248,-1.083641,1.724713,0.065624,2.037945,0.296270,0.548557,0.050091,0.625459,0.623450,-2.265000,-64.920006,-30.154001,NaN,-2.131977,true,Self-supervised model,0.262449,2.993000,12.875784,4.301966,0.000000,0.000000,0.743638,3.258317,false,false
2026-04-17T15:12:31.539680,0.049884,-0.796400,-1.734102,189.357,S,1,0.797960,1,0.797960,1.614308,1.640080,2.133084,-1.041478,11.039664,3.131616,-1.162491,1.781217,-0.161019,2.133084,0.242514,0.404393,0.090408,0.480125,0.471536,-2.265000,-64.920006,-30.154001,NaN,-2.132860,true,Self-supervised model,0.272440,3.000000,12.940884,4.313628,0.000000,0.000000,0.756796,4.442768,false,false
2026-04-17T15:12:31.547549,0.049884,-0.796400,-1.735505,189.437,S,1,0.797960,1,0.797960,1.705519,1.664697,2.184379,-1.127669,11.104307,2.880225,-1.211189,1.786395,-0.336635,2.184379,0.143553,0.252287,0.124617,0.315889,0.290270,-2.265000,-64.920006,-30.154001,NaN,-2.135330,true,Self-supervised model,0.283960,3.007000,13.021269,4.330319,0.000000,0.000000,0.780780,6.915023,false,false
2026-04-17T15:12:31.555313,0.049884,-0.796400,-1.737215,189.535,S,1,0.797960,1,0.797960,1.771455,1.690967,2.117616,-1.175553,11.113884,2.691083,-1.191716,1.705985,-0.392075,2.117616,0.000611,0.081856,0.150884,0.171659,0.081858,-2.265000,-64.920006,-30.154001,NaN,-2.138269,true,Self-supervised model,0.296731,3.015000,13.119255,4.351328,0.000000,0.000000,0.836533,12.336207,false,false
2026-04-17T15:12:31.564025,0.049884,-0.796400,-1.739314,189.655,S,1,0.797960,1,0.797960,1.790181,1.716936,1.888491,-1.149217,11.034876,2.631228,-1.067238,1.526304,-0.312723,1.888491,-0.147829,-0.054978,0.164323,0.227768,0.157722,-2.265000,-64.920006,-30.154001,NaN,-2.141923,true,Self-supervised model,0.274854,3.024000,13.239519,4.378148,0.000000,0.000000,0.947942,8.291308,false,false
2026-04-17T15:12:31.571631,0.049884,-0.796400,-1.741809,189.798,S,1,0.797960,1,0.797960,1.753368,1.740393,1.560101,-1.012747,10.852917,2.717419,-0.913497,1.264600,0.015005,1.560101,-0.313985,-0.174707,0.175929,0.400075,0.359318,-2.265000,-64.920006,-30.154001,NaN,-2.146003,true,Self-supervised model,0.242788,3.032000,13.382483,4.413748,0.000000,0.000000,1.123881,3.899519,false,false
2026-04-17T15:12:31.579447,0.049884,-0.796400,-1.744666,189.962,S,1,0.797960,1,0.797960,1.689889,1.760373,1.356625,-0.842759,10.584765,3.064578,-0.760356,0.984864,0.540678,1.356625,-0.443488,-0.246790,0.188147,0.541282,0.507530,-2.265000,-64.920006,-30.154001,NaN,-2.150306,true,Self-supervised model,0.225237,3.039000,13.546158,4.457439,0.000000,0.000000,1.245657,2.506319,false,false
2026-04-17T15:12:31.587299,0.049884,-0.796400,-1.747837,190.144,S,1,0.797960,1,0.797960,1.649671,1.777945,1.438529,-0.670376,10.295067,3.620033,-0.664277,0.716891,1.055542,1.438529,-0.502131,-0.253509,0.210138,0.600467,0.562497,-2.265000,-64.920006,-30.154001,NaN,-2.154734,true,Self-supervised model,0.226341,3.047000,13.727835,4.505361,0.000000,0.000000,1.146777,2.395684,false,false
2026-04-17T15:12:31.596243,0.049884,-0.796400,-1.751308,190.343,S,1,0.797960,1,0.797960,1.661935,1.795305,1.726321,-0.553061,10.014946,4.170700,-0.499938,0.315442,1.621957,1.726321,-0.474031,-0.196088,0.236405,0.564839,0.512988,-2.265000,-64.920006,-30.154001,NaN,-2.159407,true,Self-supervised model,0.242749,3.056000,13.926726,4.557175,0.000000,0.000000,0.962703,3.056305,false,false
2026-04-17T15:12:31.603428,0.049884,-0.796400,-1.755101,190.560,S,1,0.797960,1,0.797960,1.737060,1.814975,2.131464,-0.366313,9.600749,4.774038,-0.247062,-0.063354,2.116149,2.131464,-0.406225,-0.135612,0.256563,0.499234,0.428264,-2.265000,-64.920006,-30.154001,NaN,-2.164487,true,Self-supervised model,0.263951,3.063000,14.144051,4.617712,0.000000,0.000000,0.814961,4.269470,false,false
2026-04-17T15:12:31.611716,0.049884,-0.796400,-1.759250,190.798,S,1,0.797960,1,0.797960,1.863002,1.838896,2.524199,-0.090980,9.210494,5.300763,0.013670,-0.382892,2.494952,2.524199,-0.253509,-0.027489,0.281609,0.379903,0.254995,-2.265000,-64.920006,-30.154001,NaN,-2.170058,true,Self-supervised model,0.289243,3.072000,14.381748,4.681559,0.000000,0.000000,0.738057,6.644330,false,false
2026-04-17T15:12:31.620029,0.049884,-0.796400,-1.763812,191.059,S,1,0.797960,1,0.797960,1.998485,1.867279,2.709768,0.191536,8.882488,5.702989,0.208348,-0.623300,2.628865,2.709768,-0.040928,0.081856,0.304211,0.317679,0.091518,-2.265000,-64.920006,-30.154001,NaN,-2.176274,true,Self-supervised model,0.303811,3.080000,14.643137,4.754265,0.000000,0.000000,0.737511,8.529899,false,false
2026-04-17T15:12:31.628575,0.049884,-0.796400,-1.768856,191.348,S,1,0.797960,1,0.797960,2.121420,1.899445,2.766828,0.407014,8.638280,5.846641,0.402414,-0.847345,2.602961,2.766828,0.167988,0.192423,0.317650,0.407612,0.255434,-2.265000,-64.920006,-30.154001,NaN,-2.183245,true,Self-supervised model,0.300046,3.088000,14.932131,4.835535,0.000000,0.000000,0.766733,6.787889,false,false
2026-04-17T15:12:31.635931,0.049884,-0.796400,-1.774419,191.667,S,1,0.797960,1,0.797960,2.191097,1.933111,2.556902,0.620098,8.415619,5.815516,0.458436,-0.921755,2.340503,2.556902,0.431271,0.328645,0.314596,0.626875,0.542220,-2.265000,-64.920006,-30.154001,NaN,-2.190885,true,Self-supervised model,0.277635,3.096000,15.250873,4.925992,0.000000,0.000000,0.856934,4.078805,false,false
2026-04-17T15:12:31.648434,0.049884,-0.796400,-1.780493,192.015,S,1,0.797960,1,0.797960,2.170663,1.964613,2.063384,0.691924,8.348581,5.530606,0.365767,-0.851169,1.843714,2.063384,0.685391,0.463647,0.288939,0.876479,0.827483,-2.265000,-64.920006,-30.154001,NaN,-2.199001,true,Self-supervised model,0.250181,3.108000,15.598874,5.018943,0.000000,0.000000,1.051992,2.354175,false,false
2026-04-17T15:12:31.651546,0.049884,-0.796400,-1.786997,192.387,S,1,0.797960,1,0.797960,2.078871,1.991183,1.596963,0.610521,8.432379,4.994305,0.235586,-0.725771,1.402871,1.596963,0.882700,0.571770,0.244346,1.079716,1.051704,-2.265000,-64.920006,-30.154001,NaN,-2.207227,true,Self-supervised model,0.193681,3.111000,15.971540,5.133893,0.000000,0.000000,1.301765,1.479059,false,false
2026-04-17T15:12:31.664391,0.049884,-0.796400,-1.793785,192.776,S,1,0.797960,1,0.797960,1.924786,2.010528,1.115843,0.486023,8.576031,4.498705,0.093612,-0.577055,0.950447,1.115843,1.005484,0.615141,0.196088,1.194926,1.178727,-2.265000,-64.920006,-30.154001,NaN,-2.215150,true,Self-supervised model,0.198014,3.124000,16.360465,5.237025,0.000000,0.000000,1.724962,0.933818,false,false
2026-04-17T15:12:31.668513,0.049884,-0.796400,-1.800648,193.170,S,1,0.797960,1,0.797960,1.730530,2.021328,0.710683,0.344765,8.746018,3.981557,-0.072619,-0.480268,0.518787,0.710683,1.080621,0.598037,0.125838,1.241461,1.235067,-5.431000,-64.065002,-33.173000,NaN,-2.222316,true,Self-supervised model,0.182540,3.128000,16.753715,5.356047,0.000000,0.000000,2.435023,0.572457,false,false
2026-04-17T15:12:31.675437,0.049884,-0.796400,-1.807321,193.552,S,1,0.797960,1,0.797960,1.537221,2.023963,0.522348,0.174777,8.865729,3.478775,-0.189080,-0.453173,0.178132,0.522348,1.102001,0.531453,0.044593,1.224270,1.223457,-5.431000,-64.065002,-33.173000,NaN,-2.228223,true,Self-supervised model,0.190557,3.135000,17.136008,5.466031,0.000000,0.000000,2.942903,0.426661,false,false
2026-04-17T15:12:31.683549,0.049884,-0.796400,-1.813470,193.904,S,1,0.797960,1,0.797960,1.392127,2.020690,0.630384,0.050278,8.916007,3.064578,-0.341744,-0.480324,-0.223347,0.630384,1.070847,0.434936,-0.045204,1.156687,1.155804,-5.431000,-64.065002,-33.173000,NaN,-2.232281,true,Self-supervised model,0.179750,3.143000,17.488347,5.564221,0.000000,0.000000,2.208380,0.544991,false,false
2026-04-17T15:12:31.691835,0.049884,-0.796400,-1.818711,194.204,S,1,0.797960,1,0.797960,1.320805,2.014695,0.946368,-0.114922,8.911219,2.590526,-0.501832,-0.512922,-0.616998,0.946368,0.998765,0.346361,-0.124617,1.064437,1.057117,-5.431000,-64.065002,-33.173000,NaN,-2.233887,true,Self-supervised model,0.177271,3.152000,17.788622,5.643598,0.000000,0.000000,1.395658,0.889078,false,false
2026-04-17T15:12:31.700017,0.049884,-0.796400,-1.822677,194.432,S,1,0.797960,1,0.797960,1.312365,2.008601,1.268056,-0.292093,8.899248,2.128445,-0.645559,-0.562460,-0.935338,1.268056,0.864374,0.255953,-0.209527,0.925503,0.901474,-5.431000,-64.065002,-33.173000,NaN,-2.232756,true,Self-supervised model,0.196201,3.160000,18.015876,5.701226,0.000000,0.000000,1.034943,1.370126,false,false
2026-04-17T15:12:31.707690,0.049884,-0.796400,-1.825051,194.568,S,1,0.797960,1,0.797960,1.341009,2.003898,1.491388,-0.457293,8.868123,1.747767,-0.773303,-0.628120,-1.109822,1.491388,0.686613,0.194255,-0.280998,0.766897,0.713563,-5.431000,-64.065002,-33.173000,NaN,-2.228758,true,Self-supervised model,0.213443,3.168000,18.151864,5.729755,0.000000,0.000000,0.899169,1.944703,false,false
2026-04-17T15:12:31.715799,0.049884,-0.796400,-1.825607,194.600,S,1,0.797960,1,0.797960,1.392481,2.001441,1.662709,-0.610521,8.817844,1.520318,-0.936180,-0.697268,-1.184054,1.662709,0.513738,0.173486,-0.320093,0.629669,0.542240,-5.431000,-64.065002,-33.173000,NaN,-2.222046,true,Self-supervised model,0.229055,3.176000,18.183747,5.725361,0.000000,0.000000,0.837477,2.640606,false,false
2026-04-17T15:12:31.723975,0.049884,-0.796400,-1.824273,194.523,S,1,0.797960,1,0.797960,1.447200,2.001271,1.734478,-0.802058,8.760384,1.405396,-0.998367,-0.812570,-1.162501,1.734478,0.307265,0.189368,-0.346361,0.500238,0.360932,-5.431000,-64.065002,-33.173000,NaN,-2.213148,true,Self-supervised model,0.235335,3.184000,18.107290,5.686963,0.000000,0.000000,0.834372,3.467306,false,false
2026-04-17T15:12:31.732921,0.049884,-0.796400,-1.821108,194.342,S,1,0.797960,1,0.797960,1.486509,2.002681,1.692877,-0.895431,8.652645,1.400608,-0.998818,-0.940895,-0.991420,1.692877,0.124006,0.261450,-0.350637,0.454620,0.289368,-5.431000,-64.065002,-33.173000,NaN,-2.202662,true,Self-supervised model,0.232407,3.193000,17.925956,5.614142,0.000000,0.000000,0.878096,3.723716,false,false
2026-04-17T15:12:31.739751,0.049884,-0.796400,-1.816331,194.068,S,1,0.797960,1,0.797960,1.508672,2.004921,1.625028,-0.928950,8.528147,1.558625,-0.928225,-1.054073,-0.817338,1.625028,-0.025045,0.375682,-0.346361,0.511596,0.376516,-5.431000,-64.065002,-33.173000,NaN,-2.191438,true,Self-supervised model,0.222371,3.200000,17.652271,5.516335,0.000000,0.000000,0.928398,3.176391,false,false
2026-04-17T15:12:31.747912,0.049884,-0.796400,-1.810249,193.720,S,1,0.797960,1,0.797960,1.514001,2.007284,1.541982,-0.893037,8.415619,1.731008,-0.789506,-1.162483,-0.634838,1.541982,-0.117897,0.477697,-0.337198,0.596486,0.492030,-5.431000,-64.065002,-33.173000,NaN,-2.180131,true,Self-supervised model,0.217259,3.208000,17.303760,5.393940,0.000000,0.000000,0.981854,2.585108,false,false
2026-04-17T15:12:31.755954,0.049884,-0.796400,-1.803209,193.316,S,1,0.797960,1,0.797960,1.501219,2.009041,1.434114,-0.790087,8.305486,1.920150,-0.695119,-1.159028,-0.479737,1.434114,-0.188147,0.578489,-0.325591,0.689970,0.608317,-5.431000,-64.065002,-33.173000,NaN,-2.169262,true,Self-supervised model,0.208973,3.216000,16.900399,5.255099,0.000000,0.000000,1.046792,2.078517,false,false
2026-04-17T15:12:31.764160,0.049884,-0.796400,-1.795505,192.875,S,1,0.797960,1,0.797960,1.468209,2.009408,1.294905,-0.732626,8.305486,2.087744,-0.623690,-1.061049,-0.402449,1.294905,-0.229074,0.644463,-0.317039,0.753871,0.683965,-5.431000,-64.065002,-33.173000,NaN,-2.158903,true,Self-supervised model,0.200603,3.224000,16.459004,5.105150,0.000000,0.000000,1.133835,1.717676,false,false
2026-04-17T15:12:31.771715,0.049884,-0.796400,-1.787364,192.408,S,1,0.797960,1,0.797960,1.427357,2.008126,1.212882,-0.699107,8.398860,2.181118,-0.645912,-0.952744,-0.382307,1.212882,-0.257174,0.654848,-0.304211,0.766491,0.703537,-5.431000,-64.065002,-33.173000,NaN,-2.149015,true,Self-supervised model,0.194510,3.232000,15.992586,4.948201,0.000000,0.000000,1.176831,1.582383,false,false
2026-04-17T15:12:31.779285,0.049884,-0.796400,-1.778987,191.928,S,1,0.797960,1,0.797960,1.367984,2.004520,1.056279,-0.758962,8.501810,2.219425,-0.683653,-0.728880,-0.342166,1.056279,-0.284052,0.619417,-0.291383,0.741126,0.681442,-5.431000,-64.065002,-33.173000,NaN,-2.139690,true,Self-supervised model,0.187912,3.239000,15.512589,4.789314,0.000000,0.000000,1.295098,1.425235,false,false
2026-04-17T15:12:31.787544,0.049884,-0.796400,-1.770355,191.434,S,1,0.797960,1,0.797960,1.309102,1.998703,0.999969,-0.835576,8.719683,2.279280,-0.728577,-0.590534,-0.346965,0.999969,-0.317650,0.525344,-0.267559,0.669683,0.613912,-5.431000,-64.065002,-33.173000,NaN,-2.130041,true,Self-supervised model,0.188243,3.247000,15.018022,4.625199,0.000000,0.000000,1.309142,1.493197,false,false
2026-04-17T15:12:31.795952,0.049884,-0.796400,-1.761648,190.935,S,1,0.797960,1,0.797960,1.244047,1.990517,0.902511,-0.916979,8.851364,2.296039,-0.719374,-0.489727,-0.239151,0.902511,-0.353080,0.399506,-0.237627,0.583727,0.533170,-5.431000,-64.065002,-33.173000,NaN,-2.121034,true,Self-supervised model,0.185734,3.256000,14.519156,4.459200,0.000000,0.000000,1.378430,1.546118,false,false
2026-04-17T15:12:31.803463,0.049884,-0.796400,-1.753027,190.441,S,1,0.797960,1,0.797960,1.176228,1.979946,0.820175,-0.940921,8.944737,2.427721,-0.678386,-0.450187,-0.099048,0.820175,-0.389732,0.252898,-0.202807,0.506931,0.464595,-5.431000,-64.065002,-33.173000,NaN,-2.112756,true,Self-supervised model,0.182339,3.263000,14.025210,4.298256,0.000000,0.000000,1.434118,1.617921,false,false
2026-04-17T15:12:31.811824,0.049884,-0.796400,-1.744973,189.980,S,1,0.797960,1,0.797960,1.111320,1.967201,0.770552,-0.924162,8.975863,2.595315,-0.616115,-0.460240,0.048290,0.770552,-0.410501,0.133779,-0.174707,0.465759,0.431750,-5.431000,-64.065002,-33.173000,NaN,-2.106968,true,Self-supervised model,0.183200,3.272000,13.563722,4.145392,0.000000,0.000000,1.442238,1.654403,false,false
2026-04-17T15:12:31.822121,0.049884,-0.796400,-1.737587,189.556,S,1,0.797960,1,0.797960,1.058057,1.952835,0.778430,-0.881066,8.956709,2.772485,-0.544180,-0.498707,0.247211,0.778430,-0.415388,0.033598,-0.142942,0.440578,0.416745,-5.431000,-64.065002,-33.173000,NaN,-2.102259,true,Self-supervised model,0.186356,3.282000,13.140576,4.003832,0.000000,0.000000,1.359220,1.766839,false,false
2026-04-17T15:12:31.829016,0.049884,-0.796400,-1.730935,189.175,S,1,0.797960,1,0.797960,1.024437,1.937699,0.847929,-0.823605,8.908825,3.002329,-0.444393,-0.580350,0.429758,0.847929,-0.398284,-0.015272,-0.121562,0.416702,0.398577,-5.680000,-64.287003,-32.715000,NaN,-2.098541,true,Self-supervised model,0.186866,3.289000,12.759455,3.879433,0.000000,0.000000,1.208164,2.034855,false,false
2026-04-17T15:12:31.836115,0.049884,-0.796400,-1.725017,188.836,S,1,0.797960,1,0.797960,1.011420,1.922648,0.943085,-0.735020,8.817844,3.215413,-0.408535,-0.631457,0.569008,0.943085,-0.356134,-0.010996,-0.103847,0.371129,0.356304,-5.680000,-64.287003,-32.715000,NaN,-2.095555,true,Self-supervised model,0.196944,3.296000,12.420339,3.768307,0.000000,0.000000,1.072460,2.541123,false,false
2026-04-17T15:12:31.843222,0.049884,-0.796400,-1.719782,188.536,S,1,0.797960,1,0.797960,1.012671,1.908249,1.019239,-0.708684,8.757990,3.383007,-0.366793,-0.673203,0.671645,1.019239,-0.302989,0.024435,-0.088575,0.316615,0.303973,-5.680000,-64.287003,-32.715000,NaN,-2.093054,true,Self-supervised model,0.204978,3.303000,12.120386,3.669508,0.000000,0.000000,0.993557,3.219173,false,false
2026-04-17T15:12:31.851740,0.049884,-0.796400,-1.714745,188.248,S,1,0.797960,1,0.797960,1.024984,1.894918,1.089626,-0.682347,8.707711,3.512294,-0.385024,-0.718430,0.723118,1.089626,-0.223577,0.081856,-0.070250,0.248238,0.238090,-5.680000,-64.287003,-32.715000,NaN,-2.088810,true,Self-supervised model,0.213782,3.312000,11.831785,3.572399,0.000000,0.000000,0.940675,4.389446,false,false
2026-04-17T15:12:31.859747,0.049884,-0.796400,-1.709942,187.972,S,1,0.797960,1,0.797960,1.038391,1.882657,1.108779,-0.715866,8.655039,3.586514,-0.398998,-0.772235,0.688364,1.108779,-0.139277,0.138666,-0.041539,0.200878,0.196536,-5.680000,-64.287003,-32.715000,NaN,-2.084947,true,Self-supervised model,0.218219,3.320000,11.556642,3.480916,0.000000,0.000000,0.936518,5.519660,false,false
2026-04-17T15:12:31.868112,0.049884,-0.796400,-1.705435,187.714,S,1,0.797960,1,0.797960,1.044620,1.871136,1.077320,-0.744597,8.595184,3.569755,-0.420955,-0.788631,0.601228,1.077320,-0.066584,0.168599,-0.002443,0.181287,0.181271,-5.680000,-64.287003,-32.715000,NaN,-2.081618,true,Self-supervised model,0.218272,3.328000,11.298380,3.394946,0.000000,0.000000,0.969647,5.942617,false,false
2026-04-17T15:12:31.875353,0.049884,-0.796400,-1.701689,187.500,S,1,0.797960,1,0.797960,1.039472,1.859869,1.012444,-0.773327,8.576031,3.490746,-0.431725,-0.799370,0.446838,1.012444,-0.019548,0.169210,0.041539,0.175327,0.170335,-5.680000,-64.287003,-32.715000,NaN,-2.080921,true,Self-supervised model,0.215178,3.335000,11.083778,3.323472,0.000000,0.000000,1.026696,5.774608,false,false
2026-04-17T15:12:31.883453,0.049884,-0.796400,-1.698761,187.332,S,1,0.797960,1,0.797960,1.023107,1.848399,0.937190,-0.787692,8.564059,3.339911,-0.376512,-0.809370,0.285454,0.937190,0.025656,0.145386,0.105069,0.181204,0.147632,-5.680000,-64.287003,-32.715000,NaN,-2.081261,true,Self-supervised model,0.212147,3.343000,10.915999,3.265330,0.000000,0.000000,1.091674,5.172027,false,false
2026-04-17T15:12:31.891969,0.049884,-0.796400,-1.696421,187.198,S,1,0.797960,1,0.797960,0.993320,1.836195,0.836942,-0.737414,8.552089,3.184288,-0.236092,-0.782103,0.181791,0.836942,0.056200,0.105680,0.166766,0.205274,0.119694,-5.680000,-64.287003,-32.715000,NaN,-2.081273,true,Self-supervised model,0.205943,3.352000,10.781906,3.216559,0.000000,0.000000,1.186845,4.077187,false,false
2026-04-17T15:12:31.900398,0.049884,-0.796400,-1.694879,187.109,S,1,0.797960,1,0.797960,0.954134,1.822913,0.748409,-0.596156,8.578424,3.083732,-0.123235,-0.734101,0.077614,0.748409,0.073915,0.048258,0.217468,0.234701,0.088274,-5.680000,-64.287003,-32.715000,NaN,-2.082927,true,Self-supervised model,0.201157,3.360000,10.693593,3.182617,0.000000,0.000000,1.274884,3.188774,false,false
2026-04-17T15:12:31.907828,0.049884,-0.796400,-1.694297,187.076,S,1,0.797960,1,0.797960,0.910401,1.808412,0.680800,-0.476446,8.626308,2.980781,0.066854,-0.677266,0.018178,0.680800,0.088575,-0.027489,0.265116,0.280869,0.092743,-5.680000,-64.287003,-32.715000,NaN,-2.086182,true,Self-supervised model,0.197560,3.368000,10.660243,3.165155,0.000000,0.000000,1.337251,2.423906,false,false
2026-04-17T15:12:31.915804,0.049884,-0.796400,-1.694808,187.105,S,1,0.797960,1,0.797960,0.865278,1.792687,0.628380,-0.272939,8.683769,2.920926,0.251379,-0.573100,-0.056801,0.628380,0.101404,-0.112399,0.297491,0.333792,0.151381,-5.680000,-64.287003,-32.715000,NaN,-2.091066,true,Self-supervised model,0.193725,3.376000,10.689522,3.166327,0.000000,0.000000,1.376997,1.882547,false,false
2026-04-17T15:12:31.923687,0.049884,-0.796400,-1.696441,187.199,S,1,0.797960,1,0.797960,0.826952,1.776058,0.625742,-0.069432,8.789114,2.844312,0.395333,-0.470684,-0.117136,0.625742,0.110567,-0.191201,0.306654,0.377915,0.220868,-5.680000,-64.287003,-32.715000,NaN,-2.097183,true,Self-supervised model,0.191048,3.384000,10.783047,3.186480,0.000000,0.000000,1.321554,1.655775,false,false
2026-04-17T15:12:31.931791,0.049884,-0.796400,-1.699288,187.362,S,1,0.797960,1,0.797960,0.798940,1.758973,0.651876,0.100556,8.894460,2.777274,0.537557,-0.339568,-0.143761,0.651876,0.109345,-0.250455,0.302989,0.408027,0.273284,-5.680000,-64.287003,-32.715000,NaN,-2.104889,true,Self-supervised model,0.190864,3.392000,10.946168,3.227054,0.000000,0.000000,1.225602,1.597627,false,false
2026-04-17T15:12:31.939509,0.049884,-0.796400,-1.703128,187.582,S,1,0.797960,1,0.797960,0.792862,1.742329,0.760954,0.270545,9.028535,2.743755,0.705467,-0.251364,-0.134843,0.760954,0.096517,-0.314596,0.282831,0.433911,0.329068,-5.680000,-64.287003,-32.715000,NaN,-2.112702,true,Self-supervised model,0.196056,3.399000,11.166194,3.285141,0.000000,0.000000,1.041932,1.753708,false,false
2026-04-17T15:12:31.948840,0.049884,-0.796400,-1.707715,187.845,S,1,0.797960,1,0.797960,0.805242,1.726845,0.870239,0.466869,9.119514,2.746149,0.842017,-0.199805,-0.091664,0.870239,0.084299,-0.344528,0.268781,0.445027,0.354691,-5.680000,-64.287003,-32.715000,NaN,-2.120277,true,Self-supervised model,0.203642,3.409000,11.429019,3.352602,0.000000,0.000000,0.925311,1.955476,false,false
2026-04-17T15:12:31.955535,0.049884,-0.796400,-1.712118,188.097,S,1,0.797960,1,0.797960,0.815267,1.712382,0.867896,0.617704,9.172187,2.786851,0.847916,-0.173188,0.065480,0.867896,0.059254,-0.394008,0.218690,0.454509,0.398439,-5.680000,-64.287003,-32.715000,NaN,-2.123945,true,Self-supervised model,0.200553,3.415000,11.681315,3.420590,0.000000,0.000000,0.939360,1.909524,false,false
2026-04-17T15:12:31.964088,0.049884,-0.796400,-1.717709,188.417,S,1,0.797960,1,0.797960,0.832280,1.699178,0.921600,0.665588,9.200917,2.940080,0.869469,-0.096865,0.289804,0.921600,0.057421,-0.422719,0.184481,0.464781,0.426601,-5.680000,-64.287003,-32.715000,NaN,-2.134286,true,Self-supervised model,0.203746,3.424000,12.001647,3.505154,0.000000,0.000000,0.903082,1.982867,false,false
2026-04-17T15:12:31.972156,0.049884,-0.796400,-1.723549,188.752,S,1,0.797960,1,0.797960,0.863685,1.687758,1.028560,0.715866,9.277532,3.165135,0.868544,-0.026993,0.550307,1.028560,0.059865,-0.457538,0.140499,0.482353,0.461438,-5.680000,-64.287003,-32.715000,NaN,-2.141120,true,Self-supervised model,0.209135,3.432000,12.336222,3.594470,0.000000,0.000000,0.839703,2.132378,false,false
2026-04-17T15:12:31.982160,0.049884,-0.796400,-1.729586,189.098,S,1,0.797960,1,0.797960,0.907122,1.678533,1.135170,0.744597,9.346964,3.428497,0.841112,0.033810,0.761576,1.135170,0.081856,-0.485027,0.100182,0.501984,0.491886,-5.680000,-64.287003,-32.715000,NaN,-2.147948,true,Self-supervised model,0.215474,3.442000,12.682126,3.684522,0.000000,0.000000,0.799107,2.261366,false,false
2026-04-17T15:12:31.987838,0.049884,-0.796400,-1.735728,189.450,S,1,0.797960,1,0.797960,0.959029,1.671753,1.231540,0.746991,9.406818,3.643975,0.829807,0.064499,0.907717,1.231540,0.106901,-0.503353,0.068417,0.519108,0.514580,-0.765000,-66.053001,-33.009003,NaN,-2.154511,true,Self-supervised model,0.212667,3.448000,13.034055,3.780178,0.000000,0.000000,0.778723,2.372417,false,false
2026-04-17T15:12:31.995806,0.049884,-0.796400,-1.741809,189.798,S,1,0.797960,1,0.797960,1.011389,1.667338,1.286276,0.761356,9.435549,3.797204,0.810900,0.127685,0.990275,1.286276,0.155160,-0.510683,0.019548,0.534092,0.533734,-0.765000,-66.053001,-33.009003,NaN,-2.160348,true,Self-supervised model,0.218346,3.456000,13.382485,3.872247,0.000000,0.000000,0.786292,2.408342,false,false
2026-04-17T15:12:32.003472,0.049884,-0.796400,-1.747925,190.149,S,1,0.797960,1,0.797960,1.044921,1.664441,1.220968,0.775721,9.497798,3.883395,0.727823,0.138891,0.970435,1.220968,0.204640,-0.491136,-0.023213,0.532570,0.532064,-0.765000,-66.053001,-33.009003,NaN,-2.166599,true,Self-supervised model,0.214283,3.463000,13.732864,3.965598,0.000000,0.000000,0.855814,2.292597,false,false
2026-04-17T15:12:32.011494,0.049884,-0.796400,-1.753898,190.491,S,1,0.797960,1,0.797960,1.054948,1.662062,1.107589,0.720655,9.507375,3.869030,0.639346,0.187351,0.884811,1.107589,0.259007,-0.455095,-0.060476,0.527118,0.523637,-0.765000,-66.053001,-33.009003,NaN,-2.172005,true,Self-supervised model,0.209173,3.471000,14.075117,4.055061,0.000000,0.000000,0.952472,2.101219,false,false
2026-04-17T15:12:32.019538,0.049884,-0.796400,-1.759506,190.812,S,1,0.797960,1,0.797960,1.042096,1.659263,0.974619,0.656011,9.555259,3.785233,0.565479,0.294116,0.737300,0.974619,0.310320,-0.401338,-0.097128,0.516531,0.507317,-0.765000,-66.053001,-33.009003,NaN,-2.176148,true,Self-supervised model,0.202078,3.479000,14.396398,4.138085,0.000000,0.000000,1.069234,1.886853,false,false
2026-04-17T15:12:32.030098,0.049884,-0.796400,-1.764548,191.101,S,1,0.797960,1,0.797960,1.007611,1.655197,0.826567,0.600945,9.662998,3.634398,0.465449,0.382665,0.565808,0.826567,0.344528,-0.357967,-0.125838,0.512518,0.496830,-0.765000,-66.053001,-33.009003,NaN,-2.178934,true,Self-supervised model,0.195749,3.490000,14.685338,4.207833,0.000000,0.000000,1.219031,1.612756,false,false
2026-04-17T15:12:32.035830,0.049884,-0.796400,-1.768881,191.349,S,1,0.797960,1,0.797960,0.966313,1.649642,0.749496,0.514753,9.753978,3.454833,0.444206,0.477069,0.369906,0.749496,0.365297,-0.334754,-0.163101,0.521636,0.495482,-0.765000,-66.053001,-33.009003,NaN,-2.180426,true,Self-supervised model,0.187824,3.496000,14.933591,4.271622,0.000000,0.000000,1.289283,1.436818,false,false
2026-04-17T15:12:32.043805,0.049884,-0.796400,-1.772388,191.550,S,1,0.797960,1,0.797960,0.933888,1.643011,0.763657,0.502782,9.852140,3.246537,0.460050,0.582601,0.179170,0.763657,0.360410,-0.352469,-0.202196,0.543152,0.504113,-0.765000,-66.053001,-33.009003,NaN,-2.180629,true,Self-supervised model,0.192036,3.504000,15.134520,4.319212,0.000000,0.000000,1.222916,1.405973,false,false
2026-04-17T15:12:32.051379,0.049884,-0.796400,-1.774987,191.699,S,1,0.797960,1,0.797960,0.911518,1.635752,0.794079,0.524330,9.962274,3.040636,0.450158,0.651944,-0.053733,0.794079,0.320704,-0.408058,-0.245568,0.574166,0.519001,-0.765000,-66.053001,-33.009003,NaN,-2.179597,true,Self-supervised model,0.194922,3.511000,15.283434,4.353015,0.000000,0.000000,1.147894,1.383013,false,false
2026-04-17T15:12:32.059525,0.049884,-0.796400,-1.776587,191.791,S,1,0.797960,1,0.797960,0.912254,1.628812,0.916118,0.517148,10.036493,2.791639,0.466617,0.755300,-0.225974,0.916118,0.251676,-0.475864,-0.285274,0.609236,0.538319,-0.765000,-66.053001,-33.009003,NaN,-2.177200,true,Self-supervised model,0.204060,3.519000,15.375105,4.369169,0.000000,0.000000,0.995782,1.503716,false,false
2026-04-17T15:12:32.068125,0.049884,-0.796400,-1.777099,191.820,S,1,0.797960,1,0.797960,0.929159,1.622826,1.017906,0.533907,10.144233,2.604892,0.463193,0.862531,-0.278614,1.017906,0.133169,-0.566272,-0.321926,0.664857,0.581720,-0.765000,-66.053001,-33.009003,NaN,-2.173360,true,Self-supervised model,0.210813,3.528000,15.404434,4.366336,0.000000,0.000000,0.912814,1.531016,false,false
2026-04-17T15:12:32.075478,0.049884,-0.796400,-1.776473,191.784,S,1,0.797960,1,0.797960,0.945525,1.617734,1.031447,0.529119,10.254366,2.542642,0.465775,0.904503,-0.169737,1.031447,-0.007941,-0.655458,-0.351248,0.743682,0.655506,-0.765000,-66.053001,-33.009003,NaN,-2.168181,true,Self-supervised model,0.209714,3.535000,15.368550,4.347539,0.000000,0.000000,0.916697,1.386945,false,false
2026-04-17T15:12:32.083716,0.049884,-0.796400,-1.774204,191.654,S,1,0.797960,1,0.797960,0.957724,1.613333,1.021771,0.521936,10.297462,2.647987,0.430049,0.913489,0.156876,1.021771,-0.126449,-0.714712,-0.363465,0.811733,0.725812,-0.765000,-66.053001,-33.009003,NaN,-2.159342,true,Self-supervised model,0.205531,3.544000,15.238555,4.299818,0.000000,0.000000,0.937318,1.258753,false,false
2026-04-17T15:12:32.091656,0.049884,-0.796400,-1.770489,191.442,S,1,0.797960,1,0.797960,1.009967,1.611199,1.284243,0.476446,10.304645,2.980781,0.415143,0.956290,0.749964,1.284243,-0.227853,-0.747088,-0.356745,0.858676,0.781062,-0.765000,-66.053001,-33.009003,NaN,-2.149841,true,Self-supervised model,0.215350,3.552000,15.025688,4.230205,0.000000,0.000000,0.786430,1.495608,false,false
2026-04-17T15:12:32.101247,0.049884,-0.796400,-1.765586,191.161,S,1,0.797960,1,0.797960,1.127241,1.613840,1.742927,0.452504,10.342952,3.588908,0.403512,0.880729,1.448892,1.742927,-0.259007,-0.744645,-0.329867,0.854630,0.788404,-0.765000,-66.053001,-33.009003,NaN,-2.140188,true,Self-supervised model,0.234121,3.561000,14.744781,4.140629,0.000000,0.000000,0.646752,2.039393,false,false
2026-04-17T15:12:32.107666,0.049884,-0.796400,-1.759838,190.831,S,1,0.797960,1,0.797960,1.297582,1.623190,2.191871,0.433351,10.261548,4.307169,0.409765,0.890926,1.960266,2.191871,-0.204640,-0.701884,-0.299935,0.790240,0.731108,-0.765000,-66.053001,-33.009003,NaN,-2.131058,true,Self-supervised model,0.245837,3.568000,14.415424,4.040197,0.000000,0.000000,0.591997,2.773677,false,false
2026-04-17T15:12:32.115721,0.049884,-0.796400,-1.753560,190.472,S,1,0.797960,1,0.797960,1.503833,1.640416,2.586653,0.433351,10.266336,4.836287,0.423706,0.920764,2.379798,2.586653,-0.089797,-0.638965,-0.264505,0.697354,0.645244,-0.765000,-66.053001,-33.009003,NaN,-2.122663,true,Self-supervised model,0.264836,3.576000,14.055743,3.930577,0.000000,0.000000,0.581382,3.709239,false,false
2026-04-17T15:12:32.123342,0.049884,-0.796400,-1.747096,190.101,S,1,0.797960,1,0.797960,1.703767,1.664950,2.753423,0.442927,10.292673,5.267244,0.452230,0.999104,2.525593,2.753423,0.100793,-0.545503,-0.225409,0.598783,0.554736,-0.765000,-66.053001,-33.009003,NaN,-2.115454,true,Self-supervised model,0.274289,3.583000,13.685389,3.819534,0.000000,0.000000,0.618782,4.598362,false,false
2026-04-17T15:12:32.131678,0.049884,-0.796400,-1.740625,189.730,S,1,0.797960,1,0.797960,1.862511,1.694852,2.695917,0.466869,10.371682,5.410896,0.499539,1.141987,2.390460,2.695917,0.320093,-0.436769,-0.189979,0.573863,0.541504,-0.765000,-66.053001,-33.009003,NaN,-2.108953,true,Self-supervised model,0.278306,3.592000,13.314617,3.706742,0.000000,0.000000,0.690864,4.697841,false,false
2026-04-17T15:12:32.142257,0.049884,-0.796400,-1.734349,189.371,S,1,0.797960,1,0.797960,1.971530,1.727919,2.543881,0.509965,10.520123,5.257667,0.572939,1.323449,2.095603,2.543881,0.514349,-0.347582,-0.156382,0.640174,0.620780,-0.765000,-66.053001,-33.009003,NaN,-2.103459,true,Self-supervised model,0.275849,3.602000,12.955037,3.596623,0.000000,0.000000,0.775009,3.973732,false,false
2026-04-17T15:12:32.148388,0.049884,-0.796400,-1.728409,189.031,S,1,0.797960,1,0.797960,2.031918,1.762079,2.348952,0.579397,10.711658,4.929661,0.708008,1.499182,1.663958,2.348952,0.635300,-0.318872,-0.135612,0.723654,0.710834,-3.889000,-65.129005,-32.761002,NaN,-2.098863,true,Self-supervised model,0.261596,3.608000,12.614709,3.496316,0.000000,0.000000,0.865032,3.245959,false,false
2026-04-17T15:12:32.156109,0.049884,-0.796400,-1.722864,188.713,S,1,0.797960,1,0.797960,2.065073,1.796199,2.239137,0.711078,10.900801,4.453215,0.892215,1.646881,1.226975,2.239137,0.701273,-0.364076,-0.131336,0.800990,0.790149,-3.889000,-65.129005,-32.761002,NaN,-2.094896,true,Self-supervised model,0.258895,3.616000,12.296983,3.400714,0.000000,0.000000,0.922263,2.795462,false,false
2026-04-17T15:12:32.163662,0.049884,-0.796400,-1.717691,188.416,S,1,0.797960,1,0.797960,2.105513,1.830572,2.317821,0.893037,11.063606,3.964798,1.068377,1.873345,0.849378,2.317821,0.704938,-0.458149,-0.146608,0.853424,0.840737,-3.889000,-65.129005,-32.761002,NaN,-2.091213,true,Self-supervised model,0.261714,3.624000,12.000607,3.311426,0.000000,0.000000,0.908402,2.715908,false,false
2026-04-17T15:12:32.171628,0.049884,-0.796400,-1.712748,188.133,S,1,0.797960,1,0.797960,2.160285,1.865760,2.447837,1.067814,11.305421,3.533842,1.237606,2.004928,0.663703,2.447837,0.660345,-0.574824,-0.186314,0.895093,0.875488,-3.889000,-65.129005,-32.761002,NaN,-2.087190,true,Self-supervised model,0.266267,3.632000,11.717398,3.226156,0.000000,0.000000,0.882528,2.734729,false,false
2026-04-17T15:12:32.179696,0.049884,-0.796400,-1.707786,187.849,S,1,0.797960,1,0.797960,2.228235,1.902259,2.584975,1.235408,11.451467,3.296816,1.420210,2.049509,0.681626,2.584975,0.591928,-0.693943,-0.238237,0.942705,0.912105,-3.889000,-65.129005,-32.761002,NaN,-2.082150,true,Self-supervised model,0.271484,3.640000,11.433085,3.140957,0.000000,0.000000,0.861995,2.742082,false,false
2026-04-17T15:12:32.187217,0.049884,-0.796400,-1.702497,187.546,S,1,0.797960,1,0.797960,2.308318,1.940501,2.728752,1.414973,11.508927,3.268085,1.652248,1.997863,0.851298,2.728752,0.499077,-0.842994,-0.296881,1.023648,0.979651,-3.889000,-65.129005,-32.761002,NaN,-2.075553,true,Self-supervised model,0.271882,3.647000,11.130033,3.051832,0.000000,0.000000,0.845924,2.665714,false,false
2026-04-17T15:12:32.195706,0.049884,-0.796400,-1.696579,187.207,S,1,0.797960,1,0.797960,2.394275,1.980652,2.845552,1.642422,11.468226,3.397372,1.821349,1.818864,1.213090,2.845552,0.412945,-0.984104,-0.353691,1.124314,1.067232,-3.889000,-65.129005,-32.761002,NaN,-2.067120,true,Self-supervised model,0.273126,3.656000,10.790952,2.951573,0.000000,0.000000,0.841410,2.530924,false,false
2026-04-17T15:12:32.203380,0.049884,-0.796400,-1.689775,186.817,S,1,0.797960,1,0.797960,2.489999,2.023026,2.992547,1.805228,11.298238,3.725378,1.965602,1.593735,1.597423,2.992547,0.337808,-1.098947,-0.394008,1.215336,1.149695,-3.889000,-65.129005,-32.761002,NaN,-2.056773,true,Self-supervised model,0.270960,3.663000,10.401126,2.839510,0.000000,0.000000,0.832067,2.462322,false,false
2026-04-17T15:12:32.211365,0.049884,-0.796400,-1.681916,186.367,S,1,0.797960,1,0.797960,2.608588,2.068449,3.231184,1.941698,11.080365,4.082114,2.170256,1.221386,2.058823,3.231184,0.296270,-1.171029,-0.414167,1.276957,1.207925,-3.889000,-65.129005,-32.761002,NaN,-2.044695,true,Self-supervised model,0.273726,3.671000,9.950861,2.710668,0.000000,0.000000,0.807317,2.530379,false,false
2026-04-17T15:12:32.219324,0.049884,-0.796400,-1.673020,185.857,S,1,0.797960,1,0.797960,2.765609,2.118335,3.589965,2.138022,10.714052,4.520253,2.367854,0.813858,2.572693,3.589965,0.269392,-1.233948,-0.428827,1.333826,1.263012,-3.889000,-65.129005,-32.761002,NaN,-2.031646,true,Self-supervised model,0.279942,3.679000,9.441123,2.566220,0.000000,0.000000,0.770372,2.691479,false,false
2026-04-17T15:12:32.229292,0.049884,-0.796400,-1.663162,185.292,S,1,0.797960,1,0.797960,2.948796,2.173554,3.910529,2.327164,10.311827,5.013458,2.505210,0.421005,2.973032,3.910529,0.265116,-1.285871,-0.431271,1.381936,1.312917,-3.889000,-65.129005,-32.761002,NaN,-2.017945,true,Self-supervised model,0.292005,3.689000,8.876320,2.406159,0.000000,0.000000,0.754066,2.829748,false,false
2026-04-17T15:12:32.236318,0.049884,-0.796400,-1.652471,184.680,S,1,0.797960,1,0.797960,3.160770,2.235042,4.273632,2.456451,9.923966,5.394136,2.577455,0.104709,3.407300,4.273632,0.279776,-1.329243,-0.432493,1.425556,1.358367,-3.889000,-65.129005,-32.761002,NaN,-2.003921,true,Self-supervised model,0.292678,3.696000,8.263779,2.235871,0.000000,0.000000,0.739598,2.997869,false,false
2026-04-17T15:12:32.245516,0.049884,-0.796400,-1.641067,184.026,S,1,0.797960,1,0.797960,3.385818,2.303073,4.567321,2.521094,9.612720,5.808333,2.572646,-0.180952,3.769505,4.567321,0.315817,-1.351845,-0.433714,1.454418,1.388245,-3.889000,-65.129005,-32.761002,NaN,-1.989665,true,Self-supervised model,0.307159,3.705000,7.610389,2.054086,0.000000,0.000000,0.741314,3.140307,false,false
2026-04-17T15:12:32.251677,0.049884,-0.796400,-1.629062,183.338,S,1,0.797960,1,0.797960,3.605965,2.377189,4.761738,2.509123,9.332599,6.148310,2.467607,-0.345703,4.057777,4.761738,0.403782,-1.356732,-0.436769,1.481394,1.415543,-3.889000,-65.129005,-32.761002,NaN,-1.975254,true,Self-supervised model,0.297284,3.712000,6.922535,1.864907,0.000000,0.000000,0.757279,3.214363,false,false
2026-04-17T15:12:32.259986,0.049884,-0.796400,-1.616502,182.619,S,1,0.797960,1,0.797960,3.786990,2.455581,4.737371,2.396596,9.174581,6.409278,2.355772,-0.371110,4.093324,4.737371,0.529009,-1.339628,-0.430660,1.503303,1.440296,-3.889000,-65.129005,-32.761002,NaN,-1.960476,true,Self-supervised model,0.308611,3.720000,6.202908,1.667448,0.000000,0.000000,0.799386,3.151307,false,false
2026-04-17T15:12:32.268302,0.049884,-0.796400,-1.603441,181.870,S,1,0.797960,1,0.797960,3.911609,2.535822,4.565859,2.276886,9.157822,6.409278,2.354821,-0.396207,3.891646,4.565859,0.641409,-1.299921,-0.430660,1.512173,1.449552,-3.889000,-65.129005,-32.761002,NaN,-1.945408,true,Self-supervised model,0.305041,3.728000,5.454539,1.463128,0.000000,0.000000,0.856708,3.019402,false,false
2026-04-17T15:12:32.275493,0.049884,-0.796400,-1.589897,181.094,S,1,0.797960,1,0.797960,3.975086,2.615393,4.308340,2.267309,9.143456,6.162675,2.330454,-0.358554,3.605859,4.308340,0.758084,-1.218065,-0.451429,1.504049,1.434703,-3.889000,-65.129005,-32.761002,NaN,-1.929934,true,Self-supervised model,0.293691,3.735000,4.678522,1.252616,0.000000,0.000000,0.922649,2.864495,false,false
2026-04-17T15:12:32.283734,0.049884,-0.796400,-1.575753,180.284,S,1,0.797960,1,0.797960,3.988243,2.692307,4.057320,2.231396,9.193734,5.822699,2.265131,-0.367537,3.346034,4.057320,0.837496,-1.130712,-0.489303,1.489740,1.407092,-3.889000,-65.129005,-32.761002,NaN,-1.913394,true,Self-supervised model,0.292259,3.744000,3.868175,1.033166,0.000000,0.000000,0.982975,2.723508,false,false
2026-04-17T15:12:32.291445,0.049884,-0.796400,-1.560750,179.424,S,1,0.797960,1,0.797960,3.967513,2.765315,3.858675,2.149993,9.198523,5.501875,2.211788,-0.345769,3.142899,3.858675,0.874759,-1.081842,-0.533896,1.490178,1.391253,-3.889000,-65.129005,-32.761002,NaN,-1.894948,true,Self-supervised model,0.278954,3.751000,3.008520,0.802058,0.000000,0.000000,1.028206,2.589405,false,false
2026-04-17T15:12:32.302802,0.049884,-0.796400,-1.544573,178.498,S,1,0.797960,1,0.797960,3.900133,2.832708,3.546388,2.075773,9.234436,5.233725,2.040441,-0.342662,2.880286,3.546388,0.863153,-1.078788,-0.569937,1.494538,1.381599,-3.889000,-65.129005,-32.761002,NaN,-1.874079,true,Self-supervised model,0.283872,3.763000,2.081660,0.553191,0.000000,0.000000,1.099748,2.372899,false,false
2026-04-17T15:12:32.308422,0.049884,-0.796400,-1.526934,177.487,S,1,0.797960,1,0.797960,3.798093,2.893323,3.262383,1.879448,9.251195,4.905719,1.761940,-0.252098,2.734073,3.262383,0.803899,-1.131933,-0.605367,1.514594,1.388354,-3.942000,-64.781006,-31.538002,NaN,-1.850590,true,Self-supervised model,0.233876,3.768000,1.071004,0.284237,0.000000,0.000000,1.164208,2.153965,false,false
2026-04-17T15:12:32.315718,0.049884,-0.796400,-1.507616,176.380,S,1,0.797960,1,0.797960,3.685200,2.946998,3.092516,1.572991,9.354146,4.697424,1.448555,-0.255513,2.720304,3.092516,0.712269,-1.247998,-0.620028,1.565011,1.436950,-3.942000,-64.781006,-31.538002,NaN,-1.824559,true,Self-supervised model,0.240744,3.776000,0.035808,0.009483,0.000000,0.000000,1.191651,1.976034,false,false
2026-04-17T15:12:32.324446,0.049884,-0.796400,-1.486562,175.174,S,1,0.797960,1,0.797960,3.591553,2.994780,3.099904,1.230620,9.361329,4.627992,1.219564,-0.264238,2.837648,3.099904,0.618806,-1.398881,-0.605978,1.645296,1.529637,-3.942000,-64.781006,-31.538002,NaN,-1.796559,true,Self-supervised model,0.236102,3.784000,1.242113,0.328254,0.000000,0.000000,1.158601,1.884100,false,false
2026-04-17T15:12:32.334143,0.049884,-0.796400,-1.464014,173.882,S,1,0.797960,1,0.797960,3.519625,3.037774,3.142005,0.974440,9.361329,4.697424,1.005410,-0.331435,2.958293,3.142005,0.558942,-1.534493,-0.562607,1.727314,1.633122,-3.942000,-64.781006,-31.538002,NaN,-1.768033,true,Self-supervised model,0.232440,3.794000,2.534040,0.667907,0.000000,0.000000,1.120184,1.819013,false,false
2026-04-17T15:12:32.339998,0.049884,-0.796400,-1.440443,172.531,S,1,0.797960,1,0.797960,3.481613,3.077528,3.282046,0.737414,9.301474,4.776433,0.906712,-0.481524,3.117344,3.282046,0.510683,-1.682323,-0.487470,1.824455,1.758126,-3.942000,-64.781006,-31.538002,NaN,-1.740372,true,Self-supervised model,0.190716,3.800000,3.884563,1.022253,0.000000,0.000000,1.060805,1.798919,false,false
2026-04-17T15:12:32.347563,0.049884,-0.796400,-1.416513,171.160,S,1,0.797960,1,0.797960,3.475793,3.115458,3.445243,0.622492,9.157822,4.898537,0.945678,-0.693341,3.239548,3.445243,0.494190,-1.805718,-0.397062,1.913766,1.872122,-3.942000,-64.781006,-31.538002,NaN,-1.715006,true,Self-supervised model,0.209297,3.807000,5.255645,1.380522,0.000000,0.000000,1.008867,1.800243,false,false
2026-04-17T15:12:32.355836,0.049884,-0.796400,-1.393003,169.813,S,1,0.797960,1,0.797960,3.495142,3.152646,3.596723,0.653617,8.951921,4.987122,1.081760,-0.847472,3.323854,3.596723,0.496633,-1.908954,-0.309709,1.996665,1.972498,-3.942000,-64.781006,-31.538002,NaN,-1.693179,true,Self-supervised model,0.215521,3.816000,6.602637,1.730251,0.000000,0.000000,0.971757,1.801366,false,false
2026-04-17T15:12:32.364478,0.049884,-0.796400,-1.370588,168.529,S,1,0.797960,1,0.797960,3.536663,3.190006,3.754645,0.790087,8.803479,5.039794,1.225276,-1.049411,3.390398,3.754645,0.506407,-1.977982,-0.247400,2.056713,2.041779,-3.942000,-64.781006,-31.538002,NaN,-1.675138,true,Self-supervised model,0.216941,3.824000,7.886961,2.062490,0.000000,0.000000,0.941943,1.825557,false,false
2026-04-17T15:12:32.371640,0.049884,-0.796400,-1.349723,167.333,S,1,0.797960,1,0.797960,3.580381,3.227621,3.809904,0.940921,8.607155,5.075707,1.336495,-1.160541,3.373766,3.809904,0.538783,-2.034181,-0.186314,2.112556,2.104324,-3.942000,-64.781006,-31.538002,NaN,-1.660479,true,Self-supervised model,0.210981,3.832000,9.082406,2.370148,0.000000,0.000000,0.939756,1.803457,false,false
2026-04-17T15:12:32.379526,0.049884,-0.796400,-1.330691,166.243,S,1,0.797960,1,0.797960,3.617436,3.265214,3.811976,1.065420,8.501810,5.027823,1.448461,-1.214376,3.310349,3.811976,0.575435,-2.064724,-0.145997,2.148378,2.143411,-3.942000,-64.781006,-31.538002,NaN,-1.648776,true,Self-supervised model,0.213071,3.839000,10.172859,2.649872,0.000000,0.000000,0.948966,1.774351,false,false
2026-04-17T15:12:32.387457,0.049884,-0.796400,-1.313584,165.263,S,1,0.797960,1,0.797960,3.632022,3.301886,3.708598,1.194707,8.453926,4.932055,1.491467,-1.220309,3.168607,3.708598,0.617585,-2.076942,-0.125227,2.170433,2.166817,-3.942000,-64.781006,-31.538002,NaN,-1.639369,true,Self-supervised model,0.214104,3.847000,11.153018,2.899147,0.000000,0.000000,0.979352,1.708690,false,false
2026-04-17T15:12:32.396262,0.049884,-0.796400,-1.300540,164.515,S,1,0.797960,1,0.797960,3.613695,3.336359,3.517474,1.271321,8.449138,4.788404,1.539691,-1.244598,2.907395,3.517474,0.652404,-2.072666,-0.117286,2.176081,2.172918,-3.942000,-64.781006,-31.538002,NaN,-1.642577,true,Self-supervised model,0.224269,3.856000,11.900389,3.086200,0.000000,0.000000,1.027355,1.616426,false,false
2026-04-17T15:12:32.403609,0.049884,-0.796400,-1.291368,163.990,S,1,0.797960,1,0.797960,3.550936,3.366942,3.221453,1.357512,8.425196,4.529830,1.498511,-1.222432,2.576409,3.221453,0.678060,-2.054951,-0.125227,2.167549,2.163929,-3.942000,-64.781006,-31.538002,NaN,-1.648893,true,Self-supervised model,0.223085,3.864000,12.425905,3.215814,0.000000,0.000000,1.102278,1.486219,false,false
2026-04-17T15:12:32.412067,0.049884,-0.796400,-1.285768,163.669,S,1,0.797960,1,0.797960,3.455884,3.392499,2.956862,1.357512,8.446744,4.206613,1.380040,-1.234791,2.305171,2.956862,0.678671,-2.032959,-0.138666,2.147731,2.143250,-3.942000,-64.781006,-31.538002,NaN,-1.657580,true,Self-supervised model,0.227658,3.872000,12.746775,3.292039,0.000000,0.000000,1.168767,1.376738,false,false
2026-04-17T15:12:32.419324,0.049884,-0.796400,-1.283452,163.536,S,1,0.797960,1,0.797960,3.331920,3.412076,2.681109,1.283292,8.432379,3.950433,1.253526,-1.223821,2.029602,2.681109,0.660956,-2.009747,-0.147829,2.120801,2.115643,-3.942000,-64.781006,-31.538002,NaN,-1.668401,true,Self-supervised model,0.227019,3.879000,12.879473,3.320308,0.000000,0.000000,1.242739,1.264196,false,false
2026-04-17T15:12:32.428528,0.049884,-0.796400,-1.284137,163.576,S,1,0.797960,1,0.797960,3.192679,3.425300,2.461665,1.204283,8.439561,3.699042,1.040463,-1.265811,1.837105,2.461665,0.637132,-1.976760,-0.165544,2.083488,2.076901,-3.942000,-64.781006,-31.538002,NaN,-1.681092,true,Self-supervised model,0.225410,3.888000,12.840203,3.302521,0.000000,0.000000,1.296959,1.181511,false,false
2026-04-17T15:12:32.435627,0.049884,-0.796400,-1.287421,163.764,S,1,0.797960,1,0.797960,3.044163,3.432055,2.264451,1.041478,8.391677,3.541024,0.818427,-1.269447,1.687134,2.264451,0.619417,-1.937665,-0.177151,2.041961,2.034262,-3.942000,-64.781006,-31.538002,NaN,-1.694770,true,Self-supervised model,0.213239,3.896000,12.652043,3.247444,0.000000,0.000000,1.344327,1.108959,false,false
2026-04-17T15:12:32.445332,0.049884,-0.796400,-1.292285,164.042,S,1,0.797960,1,0.797960,2.893386,3.432508,2.101810,0.866701,8.382100,3.423708,0.577253,-1.228683,1.604595,2.101810,0.616974,-1.908343,-0.175929,2.013301,2.005600,-3.942000,-64.781006,-31.538002,NaN,-1.705952,true,Self-supervised model,0.207284,3.905000,12.373380,3.168599,0.000000,0.000000,1.376616,1.043962,false,false
2026-04-17T15:12:32.451288,0.049884,-0.796400,-1.297769,164.357,S,1,0.797960,1,0.797960,2.740504,3.426828,1.937871,0.667982,8.418014,3.366248,0.363685,-1.189077,1.486329,1.937871,0.624304,-1.893682,-0.165544,2.000798,1.993938,-3.942000,-64.781006,-31.538002,NaN,-1.713918,true,Self-supervised model,0.194037,3.911000,12.059175,3.083399,0.000000,0.000000,1.414183,0.968549,false,false
2026-04-17T15:12:32.462295,0.049884,-0.796400,-1.303304,164.674,S,1,0.797960,1,0.797960,2.584685,3.415142,1.766632,0.493206,8.453926,3.265691,0.138474,-1.102836,1.373160,1.766632,0.641409,-1.902234,-0.142942,2.012544,2.007461,-3.942000,-64.781006,-31.538002,NaN,-1.719659,true,Self-supervised model,0.197401,3.922000,11.742019,2.993885,0.000000,0.000000,1.463058,0.877810,false,false
2026-04-17T15:12:32.468253,0.049884,-0.796400,-1.308574,164.976,S,1,0.797960,1,0.797960,2.423949,3.397494,1.580089,0.304064,8.537724,3.162740,-0.051493,-0.984131,1.235117,1.580089,0.668897,-1.937054,-0.121562,2.052895,2.049293,-3.160000,-68.249001,-30.234001,NaN,-1.723865,true,Self-supervised model,0.183899,3.928000,11.440099,2.912449,0.000000,0.000000,1.534059,0.769688,false,false
2026-04-17T15:12:32.475563,0.049884,-0.796400,-1.313435,165.254,S,1,0.797960,1,0.797960,2.256127,3.373840,1.375059,0.148441,8.655039,3.028665,-0.229952,-0.871677,1.038311,1.375059,0.692110,-2.002416,-0.101404,2.121078,2.118652,-3.160000,-68.249001,-30.234001,NaN,-1.727093,true,Self-supervised model,0.182308,3.935000,11.161576,2.836487,0.000000,0.000000,1.640749,0.648283,false,false
2026-04-17T15:12:32.483609,0.049884,-0.796400,-1.317773,165.503,S,1,0.797960,1,0.797960,2.076875,3.343961,1.135803,0.002394,8.767567,2.827552,-0.389862,-0.715078,0.791656,1.135803,0.696386,-2.081829,-0.089186,2.197025,2.195214,-3.160000,-68.249001,-30.234001,NaN,-1.729342,true,Self-supervised model,0.177945,3.944000,10.912983,2.766983,0.000000,0.000000,1.828552,0.516973,false,false
2026-04-17T15:12:32.491311,0.049884,-0.796400,-1.321503,165.717,S,1,0.797960,1,0.797960,1.904069,3.308365,0.996838,-0.126893,8.925584,2.568978,-0.509618,-0.619040,0.592255,0.996838,0.662789,-2.200948,-0.086743,2.300214,2.298578,-3.160000,-68.249001,-30.234001,NaN,-1.730636,true,Self-supervised model,0.173076,3.951000,10.699281,2.707993,0.000000,0.000000,1.910108,0.433368,false,false
2026-04-17T15:12:32.500656,0.049884,-0.796400,-1.324498,165.888,S,1,0.797960,1,0.797960,1.755612,3.268255,0.976215,-0.217872,9.023746,2.353500,-0.625975,-0.521238,0.538015,0.976215,0.601091,-2.346944,-0.091019,2.424406,2.422697,-3.160000,-68.249001,-30.234001,NaN,-1.730690,true,Self-supervised model,0.170695,3.961000,10.527693,2.657837,0.000000,0.000000,1.798388,0.402661,false,false
2026-04-17T15:12:32.508141,0.049884,-0.796400,-1.326971,166.030,S,1,0.797960,1,0.797960,1.638314,3.225058,1.022497,-0.308852,9.129091,2.252944,-0.716365,-0.501436,0.529985,1.022497,0.523512,-2.499050,-0.095295,2.555072,2.553295,-3.160000,-68.249001,-30.234001,NaN,-1.731074,true,Self-supervised model,0.167223,3.968000,10.386029,2.617447,0.000000,0.000000,1.602267,0.400183,false,false
2026-04-17T15:12:32.515552,0.049884,-0.796400,-1.328918,166.141,S,1,0.797960,1,0.797960,1.551354,3.180110,1.094814,-0.373495,9.155427,2.202666,-0.808722,-0.521338,0.522296,1.094814,0.453873,-2.604729,-0.106291,2.646113,2.643977,-3.160000,-68.249001,-30.234001,NaN,-1.730919,true,Self-supervised model,0.167501,3.975000,10.274469,2.584772,0.000000,0.000000,1.417002,0.413744,false,false
2026-04-17T15:12:32.523358,0.049884,-0.796400,-1.330243,166.217,S,1,0.797960,1,0.797960,1.492902,3.134621,1.186031,-0.440533,9.141062,2.157176,-0.928579,-0.504371,0.538536,1.186031,0.371406,-2.683531,-0.122173,2.711864,2.709111,-3.160000,-68.249001,-30.234001,NaN,-1.729756,true,Self-supervised model,0.170141,3.983000,10.198554,2.560521,0.000000,0.000000,1.258738,0.437349,false,false
2026-04-17T15:12:32.532656,0.049884,-0.796400,-1.330783,166.248,S,1,0.797960,1,0.797960,1.457144,3.089522,1.269414,-0.536301,9.162610,2.140416,-1.042055,-0.481576,0.541866,1.269414,0.278555,-2.722626,-0.133779,2.740107,2.736839,-3.160000,-68.249001,-30.234001,NaN,-1.727156,true,Self-supervised model,0.174391,3.993000,10.167609,2.546358,0.000000,0.000000,1.147887,0.463272,false,false
2026-04-17T15:12:32.539673,0.049884,-0.796400,-1.330360,166.224,S,1,0.797960,1,0.797960,1.439121,3.045506,1.344496,-0.627281,9.188946,2.116474,-1.106286,-0.498336,0.579191,1.344496,0.175318,-2.731179,-0.141110,2.740435,2.736800,-3.160000,-68.249001,-30.234001,NaN,-1.722884,true,Self-supervised model,0.177256,4.000000,10.191807,2.547952,0.000000,0.000000,1.070379,0.490614,false,false
2026-04-17T15:12:32.548033,0.049884,-0.796400,-1.328820,166.136,S,1,0.797960,1,0.797960,1.436539,3.003147,1.422983,-0.670376,9.174581,2.133234,-1.140665,-0.516284,0.676176,1.422983,0.080634,-2.715907,-0.139888,2.720702,2.717104,-3.160000,-68.249001,-30.234001,NaN,-1.716871,true,Self-supervised model,0.178679,4.008000,10.280072,2.564888,0.000000,0.000000,1.009526,0.523021,false,false
2026-04-17T15:12:32.555249,0.049884,-0.796400,-1.326070,165.978,S,1,0.797960,1,0.797960,1.454121,2.963186,1.546429,-0.684742,9.157822,2.217031,-1.195505,-0.568933,0.799078,1.546429,-0.025045,-2.673146,-0.139888,2.676921,2.673264,-3.160000,-68.249001,-30.234001,NaN,-1.709282,true,Self-supervised model,0.180759,4.015000,10.437647,2.599663,0.000000,0.000000,0.940309,0.577689,false,false
2026-04-17T15:12:32.563804,0.049884,-0.796400,-1.322014,165.746,S,1,0.797960,1,0.797960,1.490418,2.926276,1.680978,-0.720655,9.105149,2.334347,-1.251510,-0.603721,0.946007,1.680978,-0.117897,-2.620001,-0.144775,2.626645,2.622652,-3.160000,-68.249001,-30.234001,NaN,-1.700004,true,Self-supervised model,0.184104,4.024000,10.670031,2.651598,0.000000,0.000000,0.886638,0.639971,false,false
2026-04-17T15:12:32.572613,0.049884,-0.796400,-1.316571,165.434,S,1,0.797960,1,0.797960,1.538030,2.892746,1.787995,-0.758962,9.069236,2.482787,-1.292271,-0.618362,1.069855,1.787995,-0.197309,-2.568078,-0.138666,2.579376,2.575646,-3.160000,-68.249001,-30.234001,NaN,-1.689013,true,Self-supervised model,0.185401,4.033000,10.981884,2.723006,0.000000,0.000000,0.860198,0.693189,false,false
2026-04-17T15:12:32.579435,0.049884,-0.796400,-1.309740,165.043,S,1,0.797960,1,0.797960,1.597105,2.862920,1.907246,-0.782904,9.052477,2.614468,-1.364102,-0.612973,1.183672,1.907246,-0.254120,-2.527760,-0.125838,2.543616,2.540502,-3.160000,-68.249001,-30.234001,NaN,-1.676627,true,Self-supervised model,0.182369,4.039000,11.373295,2.815869,0.000000,0.000000,0.837388,0.749817,false,false
2026-04-17T15:12:32.587301,0.049884,-0.796400,-1.301631,164.578,S,1,0.797960,1,0.797960,1.660143,2.836809,1.991091,-0.837971,9.054871,2.741361,-1.429462,-0.563604,1.266267,1.991091,-0.318261,-2.494163,-0.103236,2.516505,2.514386,-3.160000,-68.249001,-30.234001,NaN,-1.663411,true,Self-supervised model,0.184051,4.047000,11.837872,2.925098,0.000000,0.000000,0.833785,0.791213,false,false
2026-04-17T15:12:32.596538,0.049884,-0.796400,-1.292418,164.050,S,1,0.797960,1,0.797960,1.715686,2.813964,2.007287,-0.885855,9.100361,2.841918,-1.418390,-0.455354,1.345371,2.007287,-0.381791,-2.486222,-0.067806,2.516279,2.515365,-3.160000,-68.249001,-30.234001,NaN,-1.649780,true,Self-supervised model,0.185787,4.056000,12.365728,3.048749,0.000000,0.000000,0.854729,0.797720,false,false
2026-04-17T15:12:32.604459,0.049884,-0.796400,-1.278843,163.272,S,1,0.797960,1,0.797960,1.772553,2.794308,2.071106,-0.878672,9.200917,2.968810,-1.420025,-0.381581,1.458563,2.071106,-0.439823,-2.506380,-0.024435,2.544795,2.544678,-3.160000,-68.249001,-30.234001,NaN,-1.618756,true,Self-supervised model,0.173328,4.064000,13.143528,3.234136,0.000000,0.000000,0.855848,0.813860,false,false
2026-04-17T15:12:32.612061,0.049884,-0.796400,-1.261757,162.293,S,1,0.797960,1,0.797960,1.828101,2.777659,2.119725,-0.883460,9.265560,3.136404,-1.320354,-0.320507,1.627015,2.119725,-0.483805,-2.546697,0.016493,2.592297,2.592245,-3.160000,-68.249001,-30.234001,NaN,-1.587627,true,Self-supervised model,0.165964,4.072000,14.122480,3.468192,0.000000,0.000000,0.862423,0.817701,false,false
2026-04-17T15:12:32.622251,0.049884,-0.796400,-1.241894,161.155,S,1,0.797960,1,0.797960,1.880102,2.763757,2.153108,-0.785298,9.315839,3.366248,-1.163196,-0.286431,1.789081,2.153108,-0.513738,-2.605951,0.059865,2.656782,2.656108,-3.160000,-68.249001,-30.234001,NaN,-1.556653,true,Self-supervised model,0.170502,4.082000,15.260573,3.738504,0.000000,0.000000,0.873204,0.810420,false,false
2026-04-17T15:12:32.630140,0.049884,-0.796400,-1.219923,159.896,S,1,0.797960,1,0.797960,1.930701,2.752435,2.196349,-0.627281,9.337387,3.596091,-1.018192,-0.236358,1.931675,2.196349,-0.525955,-2.668259,0.088575,2.721044,2.719602,-6.890000,-70.669006,-23.635000,NaN,-1.526253,true,Self-supervised model,0.154105,4.090000,16.519411,4.038976,0.000000,0.000000,0.879050,0.807171,false,false
2026-04-17T15:12:32.635835,0.049884,-0.796400,-1.196425,158.550,S,1,0.797960,1,0.797960,1.989929,2.743935,2.300873,-0.478840,9.373300,3.811569,-0.815623,-0.234816,2.138606,2.300873,-0.525344,-2.724459,0.103236,2.776566,2.774646,-6.890000,-70.669006,-23.635000,NaN,-1.496647,true,Self-supervised model,0.136057,4.096000,17.865732,4.361751,0.000000,0.000000,0.864858,0.828676,false,false
2026-04-17T15:12:32.646364,0.049884,-0.796400,-1.171838,157.141,SE,1,0.797960,1,0.797960,2.052185,2.738265,2.379032,-0.270545,9.358934,4.096479,-0.616470,-0.195765,2.289418,2.379032,-0.507018,-2.775772,0.112399,2.823935,2.821697,-6.890000,-70.669006,-23.635000,NaN,-1.467701,true,Self-supervised model,0.161490,4.106000,19.274489,4.694225,0.000000,0.000000,0.862614,0.842453,false,false
2026-04-17T15:12:32.652062,0.049884,-0.796400,-1.146637,155.697,SE,1,0.797960,1,0.797960,2.116460,2.735393,2.453902,-0.062249,9.380483,4.328717,-0.470485,-0.175747,2.401955,2.453902,-0.464868,-2.782491,0.100182,2.822835,2.821057,-6.890000,-70.669006,-23.635000,NaN,-1.440045,true,Self-supervised model,0.131740,4.112000,20.718407,5.038523,0.000000,0.000000,0.862488,0.869304,false,false
2026-04-17T15:12:32.659782,0.049884,-0.796400,-1.121763,154.272,SE,1,0.797960,1,0.797960,2.167759,2.734687,2.437081,0.100556,9.382876,4.517859,-0.343400,-0.180193,2.406028,2.437081,-0.402560,-2.733622,0.073915,2.764093,2.763104,-6.890000,-70.669006,-23.635000,NaN,-1.416482,true,Self-supervised model,0.147619,4.120000,22.143554,5.374649,0.000000,0.000000,0.889490,0.881693,false,false
2026-04-17T15:12:32.667869,0.049884,-0.796400,-1.097761,152.897,SE,1,0.797960,1,0.797960,2.204449,2.735478,2.397068,0.248997,9.361329,4.592079,-0.304895,-0.121025,2.374516,2.397068,-0.340252,-2.654209,0.044593,2.676301,2.675930,-6.890000,-70.669006,-23.635000,NaN,-1.395964,true,Self-supervised model,0.154487,4.128000,23.518790,5.697381,0.000000,0.000000,0.919644,0.895665,false,false
2026-04-17T15:12:32.675643,0.049884,-0.796400,-1.074913,151.588,SE,1,0.797960,1,0.797960,2.227148,2.737144,2.346320,0.311246,9.404425,4.623203,-0.362526,-0.029866,2.317951,2.346320,-0.270002,-2.545475,0.005498,2.559761,2.559755,-6.890000,-70.669006,-23.635000,NaN,-1.377734,true,Self-supervised model,0.151712,4.136000,24.827878,6.002872,0.000000,0.000000,0.949209,0.916617,false,false
2026-04-17T15:12:32.683419,0.049884,-0.796400,-1.053324,150.351,SE,1,0.797960,1,0.797960,2.233352,2.738993,2.265922,0.277727,9.481039,4.620809,-0.443492,0.038188,2.221769,2.265922,-0.203418,-2.436131,-0.026267,2.444750,2.444609,-6.890000,-70.669006,-23.635000,NaN,-1.361183,true,Self-supervised model,0.153626,4.143000,26.064810,6.291289,0.000000,0.000000,0.985626,0.926852,false,false
2026-04-17T15:12:32.691585,0.049884,-0.796400,-1.035034,149.303,SE,1,0.797960,1,0.797960,2.223533,2.740374,2.171986,0.237026,9.543288,4.537012,-0.538060,0.100168,2.101899,2.171986,-0.150273,-2.344501,-0.050702,2.349859,2.349312,-6.890000,-70.669006,-23.635000,NaN,-1.356089,true,Self-supervised model,0.162965,4.151000,27.112738,6.531616,0.000000,0.000000,1.023733,0.924305,false,false
2026-04-17T15:12:32.700171,0.049884,-0.796400,-1.019359,148.405,SE,1,0.797960,1,0.797960,2.190834,2.740393,2.019163,0.179565,9.600749,4.424485,-0.606107,0.132364,1.921492,2.019163,-0.113010,-2.284025,-0.069639,2.287879,2.286819,-6.890000,-70.669006,-23.635000,NaN,-1.350869,true,Self-supervised model,0.164593,4.160000,28.010891,6.733387,0.000000,0.000000,1.085021,0.882548,false,false
2026-04-17T15:12:32.708023,0.049884,-0.796400,-1.005747,147.625,SE,1,0.797960,1,0.797960,2.127466,2.737876,1.794786,0.146046,9.629479,4.247314,-0.680982,0.125330,1.655842,1.794786,-0.079412,-2.222939,-0.094073,2.226345,2.224357,-6.890000,-70.669006,-23.635000,NaN,-1.345511,true,Self-supervised model,0.160606,4.168000,28.790811,6.907584,0.000000,0.000000,1.185359,0.806158,false,false
2026-04-17T15:12:32.715944,0.049884,-0.796400,-0.993713,146.936,SE,1,0.797960,1,0.797960,2.049216,2.732329,1.638404,0.102951,9.619903,3.981557,-0.788698,0.091245,1.433178,1.638404,-0.059254,-2.180789,-0.121562,2.184978,2.181594,-6.890000,-70.669006,-23.635000,NaN,-1.339794,true,Self-supervised model,0.160447,4.176000,29.480262,7.059450,0.000000,0.000000,1.250739,0.749849,false,false
2026-04-17T15:12:32.723980,0.049884,-0.796400,-0.982839,146.313,SE,1,0.797960,1,0.797960,1.959027,2.723397,1.485532,0.023942,9.583989,3.756502,-0.814671,0.066724,1.240429,1.485532,-0.061087,-2.170404,-0.141110,2.175844,2.171264,-6.890000,-70.669006,-23.635000,NaN,-1.333556,true,Self-supervised model,0.161510,4.184000,30.103309,7.194863,0.000000,0.000000,1.318738,0.682738,false,false
2026-04-17T15:12:32.732299,0.049884,-0.796400,-0.970990,145.634,SE,1,0.797960,1,0.797960,1.870456,2.711280,1.405455,0.009577,9.552865,3.586514,-0.870166,0.039681,1.102969,1.405455,-0.073304,-2.186898,-0.153327,2.193491,2.188126,-6.890000,-70.669006,-23.635000,NaN,-1.317806,true,Self-supervised model,0.157531,4.192000,30.782225,7.343088,0.000000,0.000000,1.330854,0.640739,false,false
2026-04-17T15:12:32.739567,0.049884,-0.796400,-0.958224,144.902,SE,1,0.797960,1,0.797960,1.787382,2.696324,1.351243,-0.035913,9.519346,3.471592,-0.879313,0.041415,1.025159,1.351243,-0.097128,-2.227215,-0.169821,2.235790,2.229331,-6.890000,-70.669006,-23.635000,NaN,-1.301376,true,Self-supervised model,0.151227,4.199000,31.513627,7.505032,0.000000,0.000000,1.322768,0.604369,false,false
2026-04-17T15:12:32.747884,0.049884,-0.796400,-0.944600,144.122,SE,1,0.797960,1,0.797960,1.719811,2.679263,1.365068,-0.035913,9.514558,3.416526,-0.857115,0.038545,1.061734,1.365068,-0.121562,-2.280360,-0.181427,2.290793,2.283598,-6.890000,-70.669006,-23.635000,NaN,-1.284316,true,Self-supervised model,0.151688,4.208000,32.294241,7.674487,0.000000,0.000000,1.259872,0.595893,false,false
2026-04-17T15:12:32.755813,0.049884,-0.796400,-0.930179,143.295,SE,1,0.797960,1,0.797960,1.664044,2.660654,1.371265,-0.004788,9.504981,3.476381,-0.729791,0.038224,1.160307,1.371265,-0.136834,-2.327397,-0.197920,2.339801,2.331416,-6.890000,-70.669006,-23.635000,NaN,-1.266708,true,Self-supervised model,0.146548,4.216000,33.120510,7.855908,0.000000,0.000000,1.213510,0.586060,false,false
2026-04-17T15:12:32.764148,0.049884,-0.796400,-0.915044,142.428,SE,1,0.797960,1,0.797960,1.632484,2.641528,1.466797,0.131681,9.497798,3.598485,-0.660425,0.018761,1.309572,1.466797,-0.138666,-2.354886,-0.213192,2.368579,2.358965,-6.890000,-70.669006,-23.635000,NaN,-1.248716,true,Self-supervised model,0.149794,4.224000,33.987701,8.046331,0.000000,0.000000,1.112959,0.619273,false,false
2026-04-17T15:12:32.772043,0.049884,-0.796400,-0.899306,141.526,SE,1,0.797960,1,0.797960,1.617022,2.622547,1.535842,0.210690,9.471462,3.770868,-0.578242,-0.106245,1.418858,1.535842,-0.116064,-2.361605,-0.235183,2.376123,2.364455,-6.890000,-70.669006,-23.635000,NaN,-1.230567,true,Self-supervised model,0.146716,4.232000,34.889420,8.244192,0.000000,0.000000,1.052857,0.646365,false,false
2026-04-17T15:12:32.782211,0.049884,-0.796400,-0.883027,140.594,SE,1,0.797960,1,0.797960,1.603374,2.603780,1.531722,0.301669,9.339781,3.902549,-0.530551,-0.145638,1.429502,1.531722,-0.075136,-2.339614,-0.267559,2.356062,2.340820,-6.890000,-70.669006,-23.635000,NaN,-1.212125,true,Self-supervised model,0.153927,4.242000,35.822122,8.444630,0.000000,0.000000,1.046779,0.650120,false,false
2026-04-17T15:12:32.787189,0.049884,-0.796400,-0.866276,139.634,SE,1,0.797960,1,0.797960,1.588631,2.585174,1.511232,0.356736,9.294291,3.933673,-0.542632,-0.176258,1.399395,1.511232,-0.032376,-2.295632,-0.292604,2.314431,2.295860,-8.442000,-70.833000,-19.817001,NaN,-1.193483,true,Self-supervised model,0.126270,4.247000,36.781905,8.660679,0.000000,0.000000,1.051216,0.652960,false,false
2026-04-17T15:12:32.797141,0.049884,-0.796400,-0.849087,138.649,SE,1,0.797960,1,0.797960,1.549435,2.565745,1.343655,0.349553,9.258378,3.921702,-0.582692,-0.145602,1.201948,1.343655,0.012828,-2.238210,-0.326202,2.261892,2.238247,-8.442000,-70.833000,-19.817001,NaN,-1.174543,true,Self-supervised model,0.147009,4.257000,37.766768,8.871686,0.000000,0.000000,1.153149,0.594040,false,false
2026-04-17T15:12:32.804198,0.049884,-0.796400,-0.831476,137.640,SE,1,0.797960,1,0.797960,1.483839,2.544469,1.139464,0.311246,9.284714,3.739743,-0.697758,-0.049003,0.899506,1.139464,0.047647,-2.145970,-0.355524,2.175742,2.146499,-8.442000,-70.833000,-19.817001,NaN,-1.155249,true,Self-supervised model,0.137002,4.264000,38.775755,9.093751,0.000000,0.000000,1.302226,0.523713,false,false
2026-04-17T15:12:32.811954,0.049884,-0.796400,-0.813445,136.607,SE,1,0.797960,1,0.797960,1.405828,2.520923,0.996268,0.193930,9.378088,3.450045,-0.758327,0.041824,0.644780,0.996268,0.060476,-2.045177,-0.381180,2.081274,2.046071,-8.442000,-70.833000,-19.817001,NaN,-1.135535,true,Self-supervised model,0.134619,4.272000,39.808854,9.318552,0.000000,0.000000,1.411094,0.478682,false,false
2026-04-17T15:12:32.819856,0.049884,-0.796400,-0.794977,135.549,SE,1,0.797960,1,0.797960,1.334172,2.495453,0.957977,0.126893,9.466674,3.205836,-0.851475,0.125145,0.420772,0.957977,0.054978,-1.973095,-0.397062,2.013401,1.973860,-8.442000,-70.833000,-19.817001,NaN,-1.115315,true,Self-supervised model,0.133498,4.280000,40.867030,9.548371,0.000000,0.000000,1.392697,0.475800,false,false
2026-04-17T15:12:32.830826,0.049884,-0.796400,-0.777747,134.562,SE,1,0.797960,1,0.797960,1.271757,2.468505,0.944082,0.040701,9.552865,2.968810,-0.888923,0.199010,0.247995,0.944082,0.026878,-1.918728,-0.413556,1.962974,1.918916,-8.442000,-70.833000,-19.817001,NaN,-1.103040,true,Self-supervised model,0.142672,4.291000,41.854242,9.753960,0.000000,0.000000,1.347084,0.480945,false,false
2026-04-17T15:12:32.836639,0.049884,-0.796400,-0.761363,133.623,SE,1,0.797960,1,0.797960,1.223502,2.440705,0.970163,0.007183,9.629479,2.784456,-0.910291,0.278199,0.187595,0.970163,-0.017104,-1.897347,-0.423940,1.944208,1.897425,-8.442000,-70.833000,-19.817001,NaN,-1.090044,true,Self-supervised model,0.127849,4.297000,42.792931,9.958792,0.000000,0.000000,1.261131,0.499002,false,false
2026-04-17T15:12:32.846500,0.049884,-0.796400,-0.745526,132.716,SE,1,0.797960,1,0.797960,1.185163,2.412483,0.983880,-0.011971,9.710882,2.715025,-0.885544,0.387054,0.184448,0.983880,-0.073304,-1.910176,-0.437990,1.961117,1.911582,-8.442000,-70.833000,-19.817001,NaN,-1.076391,true,Self-supervised model,0.142974,4.306000,43.700335,10.148708,0.000000,0.000000,1.204580,0.501694,false,false
2026-04-17T15:12:32.851647,0.049884,-0.796400,-0.728310,131.729,SE,1,0.797960,1,0.797960,1.153714,2.384133,0.988607,-0.004788,9.818622,2.722207,-0.832504,0.460299,0.269085,0.988607,-0.115454,-1.930945,-0.459371,1.988190,1.934394,-8.442000,-70.833000,-19.817001,NaN,-1.053660,true,Self-supervised model,0.126028,4.312000,44.686730,10.363342,0.000000,0.000000,1.167010,0.497240,false,false
2026-04-17T15:12:32.860269,0.049884,-0.796400,-0.709960,130.678,SE,1,0.797960,1,0.797960,1.125968,2.355806,0.980304,0.031125,9.890448,2.817975,-0.763021,0.469227,0.398274,0.980304,-0.152716,-1.955380,-0.483194,2.019977,1.961334,-8.442000,-70.833000,-19.817001,NaN,-1.030773,true,Self-supervised model,0.136473,4.320000,45.738113,10.587526,0.000000,0.000000,1.148591,0.485305,false,false
2026-04-17T15:12:32.867778,0.049884,-0.796400,-0.690658,129.572,SE,1,0.797960,1,0.797960,1.104556,2.327756,0.992142,0.083797,9.897630,2.959233,-0.717216,0.449538,0.517555,0.992142,-0.168599,-1.966375,-0.514349,2.039513,1.973590,-8.442000,-70.833000,-19.817001,NaN,-1.007661,true,Self-supervised model,0.131998,4.328000,46.844068,10.823491,0.000000,0.000000,1.113304,0.486461,false,false
2026-04-17T15:12:32.875837,0.049884,-0.796400,-0.670535,128.419,SE,1,0.797960,1,0.797960,1.085184,2.300053,0.983478,0.112527,9.876082,3.090914,-0.668234,0.451248,0.563087,0.983478,-0.171042,-1.957212,-0.549779,2.040145,1.964672,-8.442000,-70.833000,-19.817001,NaN,-0.984257,true,Self-supervised model,0.134121,4.336000,47.997017,11.069423,0.000000,0.000000,1.103415,0.482063,false,false
2026-04-17T15:12:32.884342,0.049884,-0.796400,-0.649694,127.225,SE,1,0.797960,1,0.797960,1.068525,2.272792,0.981066,0.143652,9.876082,3.148375,-0.670556,0.402482,0.592329,0.981066,-0.167988,-1.933999,-0.574213,2.024425,1.941281,-8.442000,-70.833000,-19.817001,NaN,-0.960544,true,Self-supervised model,0.133200,4.344000,49.191110,11.323920,0.000000,0.000000,1.089146,0.484615,false,false
2026-04-17T15:12:32.891747,0.049884,-0.796400,-0.628233,125.995,SE,1,0.797960,1,0.797960,1.059059,2.246243,1.009361,0.122104,9.825804,3.189077,-0.726163,0.384614,0.586148,1.009361,-0.162490,-1.890628,-0.598648,1.989788,1.897598,-8.442000,-70.833000,-19.817001,NaN,-0.936600,true,Self-supervised model,0.129790,4.352000,50.420760,11.585652,0.000000,0.000000,1.049236,0.507271,false,false
2026-04-17T15:12:32.900557,0.049884,-0.796400,-0.606215,124.734,SE,1,0.797960,1,0.797960,1.054119,2.220558,1.028184,0.045490,9.806650,3.193865,-0.765241,0.378562,0.572940,1.028184,-0.159436,-1.832596,-0.620639,1.941396,1.839518,-8.442000,-70.833000,-19.817001,NaN,-0.912360,true,Self-supervised model,0.133713,4.360000,51.682258,11.853729,0.000000,0.000000,1.025224,0.529611,false,false
2026-04-17T15:12:32.907640,0.049884,-0.796400,-0.583686,123.443,SE,1,0.797960,1,0.797960,1.050543,2.195757,1.031770,-0.016759,9.799467,3.191471,-0.745428,0.370124,0.609831,1.031770,-0.157603,-1.775174,-0.630413,1.890371,1.782157,-8.442000,-70.833000,-19.817001,NaN,-0.887781,true,Self-supervised model,0.129633,4.368000,52.973108,12.127543,0.000000,0.000000,1.018195,0.545803,false,false
2026-04-17T15:12:32.915692,0.049884,-0.796400,-0.560735,122.128,SE,1,0.797960,1,0.797960,1.044814,2.171719,1.014738,-0.021548,9.789890,3.239355,-0.731499,0.345011,0.612837,1.014738,-0.155160,-1.722029,-0.641409,1.844143,1.729005,-8.442000,-70.833000,-19.817001,NaN,-0.863145,true,Self-supervised model,0.132646,4.376000,54.288088,12.405870,0.000000,0.000000,1.029639,0.550249,false,false
2026-04-17T15:12:32.923440,0.049884,-0.796400,-0.537440,120.793,SE,1,0.797960,1,0.797960,1.039471,2.148429,1.011419,-0.033519,9.763555,3.253720,-0.768351,0.300612,0.585010,1.011419,-0.138056,-1.659721,-0.653015,1.788899,1.665453,-8.442000,-70.833000,-19.817001,NaN,-0.838474,true,Self-supervised model,0.128539,4.383000,55.622789,12.690575,0.000000,0.000000,1.027735,0.565386,false,false
2026-04-17T15:12:32.932837,0.049884,-0.796400,-0.513828,119.440,SE,1,0.797960,1,0.797960,1.026441,2.125550,0.958036,-0.098162,9.718064,3.236961,-0.760718,0.301435,0.498275,0.958036,-0.119730,-1.605965,-0.658513,1.739855,1.610422,-8.442000,-70.833000,-19.817001,NaN,-0.813592,true,Self-supervised model,0.133985,4.393000,56.975675,12.969651,0.000000,0.000000,1.071401,0.550641,false,false
2026-04-17T15:12:32.942461,0.049884,-0.796400,-0.489985,118.074,SE,1,0.797960,1,0.797960,1.010809,2.102960,0.928738,-0.119710,9.718064,3.160346,-0.773850,0.309263,0.409960,0.928738,-0.108123,-1.573589,-0.657902,1.709008,1.577299,-8.442000,-70.833000,-19.817001,NaN,-0.788825,true,Self-supervised model,0.132976,4.402000,58.341795,13.253475,0.000000,0.000000,1.088368,0.543437,false,false
2026-04-17T15:12:32.947832,0.049884,-0.796400,-0.465983,116.699,SE,1,0.797960,1,0.797960,0.994617,2.080627,0.909608,-0.162806,9.725247,3.081338,-0.812881,0.345680,0.217062,0.909608,-0.107512,-1.550376,-0.654237,1.686194,1.554099,-12.299001,-70.484001,-18.087002,NaN,-0.764192,true,Self-supervised model,0.113953,4.408000,59.716965,13.547406,0.000000,0.000000,1.093456,0.539445,false,false
2026-04-17T15:12:32.955385,0.049884,-0.796400,-0.441884,115.318,SE,1,0.797960,1,0.797960,0.991760,2.059072,0.976763,-0.232238,9.761160,2.896984,-0.887470,0.396529,0.096053,0.976763,-0.121562,-1.538770,-0.649350,1.674588,1.543564,-12.299001,-70.484001,-18.087002,NaN,-0.739700,true,Self-supervised model,0.126905,4.415000,61.097753,13.838676,0.000000,0.000000,1.015354,0.583285,false,false
2026-04-17T15:12:32.963647,0.049884,-0.796400,-0.417713,113.933,SE,1,0.797960,1,0.797960,0.996452,2.038567,1.021087,-0.337582,9.811439,2.784456,-0.902836,0.476314,0.025114,1.021087,-0.142942,-1.541824,-0.640187,1.675557,1.548436,-12.299001,-70.484001,-18.087002,NaN,-0.715244,true,Self-supervised model,0.131703,4.424000,62.482632,14.123561,0.000000,0.000000,0.975874,0.609401,false,false
2026-04-17T15:12:32.971706,0.049884,-0.796400,-0.393534,112.548,SE,1,0.797960,1,0.797960,1.010979,2.019464,1.087246,-0.383072,9.890448,2.722207,-0.919785,0.575732,0.068064,1.087246,-0.172875,-1.566869,-0.629802,1.697532,1.576377,-12.299001,-70.484001,-18.087002,NaN,-0.691028,true,Self-supervised model,0.132753,4.432000,63.868026,14.410656,0.000000,0.000000,0.929853,0.640486,false,false
2026-04-17T15:12:32.979812,0.049884,-0.796400,-0.369426,111.167,E,1,0.797960,1,0.797960,1.037924,2.002202,1.179386,-0.428562,9.988609,2.774880,-0.946392,0.666307,0.226560,1.179386,-0.201586,-1.612073,-0.618196,1.738270,1.624628,-12.299001,-70.484001,-18.087002,NaN,-0.667207,true,Self-supervised model,0.134053,4.440000,65.249311,14.695791,0.000000,0.000000,0.880055,0.678483,false,false
2026-04-17T15:12:32.987408,0.049884,-0.796400,-0.345462,109.794,E,1,0.797960,1,0.797960,1.077699,1.987222,1.286514,-0.481235,10.077195,2.944868,-0.963999,0.671488,0.524337,1.286514,-0.224188,-1.678047,-0.612087,1.800209,1.692956,-12.299001,-70.484001,-18.087002,NaN,-0.643822,true,Self-supervised model,0.130916,4.447000,66.622314,14.981406,0.000000,0.000000,0.837689,0.714647,false,false
2026-04-17T15:12:32.995881,0.049884,-0.796400,-0.321728,108.434,E,1,0.797960,1,0.797960,1.126807,1.974805,1.384623,-0.521936,10.079589,3.256114,-0.938620,0.638799,0.792534,1.384623,-0.218690,-1.726305,-0.612698,1.844818,1.740102,-12.299001,-70.484001,-18.087002,NaN,-0.621003,true,Self-supervised model,0.135783,4.456000,67.982203,15.256329,0.000000,0.000000,0.813800,0.750547,false,false
2026-04-17T15:12:33.003413,0.049884,-0.796400,-0.298266,107.089,E,1,0.797960,1,0.797960,1.188280,1.965344,1.511017,-0.517148,10.043676,3.538630,-0.912373,0.517490,1.087636,1.511017,-0.192423,-1.738523,-0.614530,1.853951,1.749139,-12.299001,-70.484001,-18.087002,NaN,-0.598633,true,Self-supervised model,0.133381,4.463000,69.326451,15.533599,0.000000,0.000000,0.786411,0.815025,false,false
2026-04-17T15:12:33.011430,0.049884,-0.796400,-0.275103,105.762,E,1,0.797960,1,0.797960,1.245234,1.958540,1.544241,-0.509965,9.919178,3.847482,-0.869433,0.333277,1.231946,1.544241,-0.130114,-1.703703,-0.613920,1.815608,1.708664,-12.299001,-70.484001,-18.087002,NaN,-0.576664,true,Self-supervised model,0.138079,4.471000,70.653594,15.802638,0.000000,0.000000,0.806373,0.850536,false,false
2026-04-17T15:12:33.019772,0.049884,-0.796400,-0.252252,104.453,E,1,0.797960,1,0.797960,1.290417,1.953815,1.527630,-0.486023,9.732430,4.003105,-0.837319,0.145717,1.269376,1.527630,-0.053145,-1.618793,-0.606589,1.729527,1.619665,-12.299001,-70.484001,-18.087002,NaN,-0.555060,true,Self-supervised model,0.138563,4.480000,71.962876,16.063142,0.000000,0.000000,0.844719,0.883264,false,false
2026-04-17T15:12:33.029173,0.049884,-0.796400,-0.229717,103.162,E,1,0.797960,1,0.797960,1.315465,1.950281,1.446967,-0.474052,9.543288,4.048595,-0.812725,0.059960,1.195657,1.446967,0.028100,-1.510670,-0.601091,1.626107,1.510931,-12.299001,-70.484001,-18.087002,NaN,-0.533789,true,Self-supervised model,0.141282,4.489000,73.254045,16.318566,0.000000,0.000000,0.909119,0.889835,false,false
2026-04-17T15:12:33.035893,0.049884,-0.796400,-0.207489,101.888,E,1,0.797960,1,0.797960,1.315676,1.946897,1.316781,-0.471658,9.457097,3.979163,-0.855073,0.011933,1.001308,1.316781,0.085521,-1.412320,-0.594983,1.534916,1.414907,-12.299001,-70.484001,-18.087002,NaN,-0.512794,true,Self-supervised model,0.127234,4.496000,74.527571,16.576417,0.000000,0.000000,0.999161,0.857884,false,false
2026-04-17T15:12:33.045216,0.049884,-0.796400,-0.186236,100.671,E,1,0.797960,1,0.797960,1.302240,1.943110,1.231702,-0.529119,9.411607,3.778050,-0.955397,0.029925,0.776795,1.231702,0.135001,-1.315193,-0.582765,1.444844,1.322103,-12.299001,-70.484001,-18.087002,NaN,-0.495436,true,Self-supervised model,0.139231,4.505000,75.745301,16.813607,0.000000,0.000000,1.057269,0.852481,false,false
2026-04-17T15:12:33.051607,0.049884,-0.796400,-0.165827,99.501,E,1,0.797960,1,0.797960,1.290035,1.938987,1.225958,-0.646434,9.433155,3.543418,-1.102679,0.056913,0.532758,1.225958,0.161879,-1.245554,-0.559553,1.375031,1.256030,-12.299001,-70.484001,-18.087002,NaN,-0.478403,true,Self-supervised model,0.129598,4.512000,76.914665,17.046690,0.000000,0.000000,1.052267,0.891586,false,false
2026-04-17T15:12:33.059579,0.049884,-0.796400,-0.146169,98.375,E,1,0.797960,1,0.797960,1.282670,1.934735,1.244004,-0.811634,9.464279,3.287239,-1.188231,0.071795,0.361246,1.244004,0.169210,-1.213789,-0.529009,1.334828,1.225527,-12.299001,-70.484001,-18.087002,NaN,-0.461749,true,Self-supervised model,0.135998,4.519000,78.040994,17.269527,0.000000,0.000000,1.031082,0.931958,false,false
2026-04-17T15:12:33.069189,0.049884,-0.796400,-0.127221,97.289,E,1,0.797960,1,0.797960,1.284838,1.930739,1.296222,-0.914585,9.483433,3.102885,-1.281287,0.072438,0.182344,1.296222,0.170431,-1.215622,-0.495412,1.323713,1.227511,-12.299001,-70.484001,-18.087002,NaN,-0.445646,true,Self-supervised model,0.144465,4.529000,79.126592,17.471096,0.000000,0.000000,0.991217,0.979232,false,false
2026-04-17T15:12:33.075812,0.049884,-0.796400,-0.107818,96.178,E,1,0.797960,1,0.797960,1.297913,1.927426,1.366556,-1.039083,9.485827,2.920926,-1.365548,0.039569,-0.034463,1.366556,0.168599,-1.229672,-0.447764,1.319474,1.241176,-12.299001,-70.484001,-18.087002,NaN,-0.424420,true,Self-supervised model,0.134547,4.536000,80.238299,17.689219,0.000000,0.000000,0.949769,1.035683,false,false
2026-04-17T15:12:33.083535,0.049884,-0.796400,-0.088099,95.048,E,1,0.797960,1,0.797960,1.316545,1.924991,1.414361,-1.154005,9.454702,2.700660,-1.398229,0.049620,-0.207145,1.414361,0.168599,-1.260215,-0.399506,1.332731,1.271443,-12.299001,-70.484001,-18.087002,NaN,-0.403436,true,Self-supervised model,0.139292,4.543000,81.368127,17.910660,0.000000,0.000000,0.930841,1.061250,false,false
2026-04-17T15:12:33.091346,0.049884,-0.796400,-0.068181,93.906,E,1,0.797960,1,0.797960,1.342387,1.923686,1.478061,-1.216254,9.466674,2.523489,-1.430247,0.068968,-0.366471,1.478061,0.160658,-1.293813,-0.350026,1.349919,1.303749,-12.299001,-70.484001,-18.087002,NaN,-0.382722,true,Self-supervised model,0.139903,4.551000,82.509354,18.129939,0.000000,0.000000,0.908208,1.094926,false,false
2026-04-17T15:12:33.102232,0.049884,-0.796400,-0.048185,92.761,E,1,0.797960,1,0.797960,1.377546,1.923841,1.562127,-1.276109,9.488221,2.358289,-1.463864,0.133381,-0.528728,1.562127,0.152716,-1.319469,-0.304822,1.362805,1.328277,-12.299001,-70.484001,-18.087002,NaN,-0.362415,true,Self-supervised model,0.150194,4.562000,83.655036,18.337360,0.000000,0.000000,0.881840,1.146259,false,false
2026-04-17T15:12:33.107469,0.049884,-0.796400,-0.028218,91.617,E,1,0.797960,1,0.797960,1.413763,1.925438,1.603905,-1.335965,9.555259,2.188300,-1.455598,0.197460,-0.644014,1.603905,0.133169,-1.339628,-0.268781,1.372800,1.346230,-8.148001,-71.778000,-11.651001,NaN,-0.342562,true,Self-supervised model,0.130274,4.567000,84.799073,18.567785,0.000000,0.000000,0.881451,1.168346,false,false
2026-04-17T15:12:33.115609,0.049884,-0.796400,-0.008331,90.477,E,1,0.797960,1,0.797960,1.448038,1.928342,1.627978,-1.352724,9.622296,2.063802,-1.455364,0.239824,-0.688993,1.627978,0.105069,-1.346958,-0.238848,1.372000,1.351050,-8.148001,-71.778000,-11.651001,NaN,-0.322998,true,Self-supervised model,0.145112,4.576000,85.938495,18.780266,0.000000,0.000000,0.889470,1.186573,false,false
2026-04-17T15:12:33.123401,0.049884,-0.796400,0.011446,89.344,E,1,0.797960,1,0.797960,1.469903,1.932004,1.584700,-1.376666,9.667787,2.008735,-1.435008,0.267904,-0.616647,1.584700,0.076969,-1.356732,-0.207694,1.374693,1.358913,-8.148001,-71.778000,-11.651001,NaN,-0.303656,true,Self-supervised model,0.139862,4.583000,87.071671,18.998837,0.000000,0.000000,0.927560,1.152766,false,false
2026-04-17T15:12:33.131824,0.049884,-0.796400,0.031047,88.221,E,1,0.797960,1,0.797960,1.481500,1.935984,1.542381,-1.379060,9.698911,2.070984,-1.425817,0.286613,-0.513650,1.542381,0.053756,-1.372614,-0.184481,1.385999,1.373666,-8.148001,-71.778000,-11.651001,NaN,-0.284763,true,Self-supervised model,0.141977,4.592000,88.194719,19.206167,0.000000,0.000000,0.960528,1.112830,false,false
2026-04-17T15:12:33.139818,0.049884,-0.796400,0.050420,87.111,E,1,0.797960,1,0.797960,1.482061,1.939827,1.485009,-1.391031,9.720459,2.164358,-1.406166,0.185791,-0.439806,1.485009,0.040928,-1.390329,-0.153938,1.399424,1.390932,-8.148001,-71.778000,-11.651001,NaN,-0.266301,true,Self-supervised model,0.136661,4.600000,89.304712,19.414068,0.000000,0.000000,0.998015,1.061157,false,false
2026-04-17T15:12:33.147600,0.049884,-0.796400,0.069528,86.016,E,1,0.797960,1,0.797960,1.469750,1.943024,1.405116,-1.391031,9.622296,2.229002,-1.349821,0.087430,-0.380382,1.405116,0.033598,-1.411710,-0.117286,1.416972,1.412109,-8.148001,-71.778000,-11.651001,NaN,-0.248254,true,Self-supervised model,0.134496,4.608000,90.399503,19.617948,0.000000,0.000000,1.045999,0.991633,false,false
2026-04-17T15:12:33.155364,0.049884,-0.796400,0.088341,84.938,E,1,0.797960,1,0.797960,1.446135,1.945148,1.322154,-1.352724,9.526528,2.279280,-1.263700,-0.051666,-0.385338,1.322154,0.031154,-1.437977,-0.078802,1.440471,1.438314,-8.148001,-71.778000,-11.651001,NaN,-0.230622,true,Self-supervised model,0.132235,4.615000,91.477389,19.821753,0.000000,0.000000,1.093772,0.917862,false,false
2026-04-17T15:12:33.163516,0.049884,-0.796400,0.106841,83.878,E,1,0.797960,1,0.797960,1.427967,1.946461,1.332588,-1.283292,9.390059,2.264915,-1.233377,-0.186020,-0.469008,1.332588,0.018937,-1.471574,-0.048258,1.472487,1.471696,-8.148001,-71.778000,-11.651001,NaN,-0.213373,true,Self-supervised model,0.135162,4.623000,92.537358,20.016733,0.000000,0.000000,1.071574,0.904991,false,false
2026-04-17T15:12:33.173034,0.049884,-0.796400,0.125081,82.833,E,1,0.797960,1,0.797960,1.412751,1.947113,1.332865,-1.268927,9.258378,2.171541,-1.181671,-0.291547,-0.543308,1.332865,-0.008552,-1.512502,-0.014661,1.512598,1.512526,-8.148001,-71.778000,-11.651001,NaN,-0.196170,true,Self-supervised model,0.136932,4.633000,93.582463,20.199107,0.000000,0.000000,1.059935,0.881176,false,false
2026-04-17T15:12:33.180101,0.049884,-0.796400,0.143157,81.798,E,1,0.797960,1,0.797960,1.411320,1.947681,1.403810,-1.233014,9.155427,2.087744,-1.225091,-0.367925,-0.578331,1.403810,-0.043371,-1.569924,0.021380,1.570668,1.570523,-8.148001,-71.778000,-11.651001,NaN,-0.178752,true,Self-supervised model,0.131445,4.640000,94.618139,20.391840,0.000000,0.000000,1.005350,0.893766,false,false
2026-04-17T15:12:33.187340,0.049884,-0.796400,0.161041,80.773,E,1,0.797960,1,0.797960,1.413683,1.948321,1.426090,-1.290475,9.081207,2.044648,-1.215321,-0.474596,-0.575748,1.426090,-0.080634,-1.630399,0.053145,1.633257,1.632392,-8.148001,-71.778000,-11.651001,NaN,-0.161638,true,Self-supervised model,0.130566,4.647000,95.642791,20.581621,0.000000,0.000000,0.991300,0.873157,false,false
2026-04-17T15:12:33.197344,0.049884,-0.796400,0.178357,79.781,E,1,0.797960,1,0.797960,1.419730,1.949178,1.451473,-1.288081,8.975863,2.042254,-1.203268,-0.585016,-0.562740,1.451473,-0.127671,-1.698205,0.091630,1.705461,1.702998,-8.148001,-71.778000,-11.651001,NaN,-0.146589,true,Self-supervised model,0.137666,4.657000,96.634970,20.750477,0.000000,0.000000,0.978130,0.851074,false,false
2026-04-17T15:12:33.204574,0.049884,-0.796400,0.194768,78.841,E,1,0.797960,1,0.797960,1.425069,1.950213,1.453097,-1.276109,8.865729,2.054225,-1.165000,-0.742207,-0.450995,1.453097,-0.164934,-1.758681,0.120340,1.770493,1.766398,-8.148001,-71.778000,-11.651001,NaN,-0.133802,true,Self-supervised model,0.129812,4.664000,97.575233,20.920933,0.000000,0.000000,0.980711,0.820731,false,false
2026-04-17T15:12:33.213489,0.049884,-0.796400,0.209998,77.968,E,1,0.797960,1,0.797960,1.427932,1.951322,1.442963,-1.230620,8.707711,2.169147,-1.149244,-0.812301,-0.318665,1.442963,-0.186925,-1.802052,0.139888,1.817114,1.811721,-8.148001,-71.778000,-11.651001,NaN,-0.123297,true,Self-supervised model,0.132763,4.673000,98.447831,21.067372,0.000000,0.000000,0.989583,0.794096,false,false
2026-04-17T15:12:33.219535,0.049884,-0.796400,0.223911,77.171,E,1,0.797960,1,0.797960,1.435219,1.952678,1.473477,-1.201889,8.635885,2.308010,-1.176546,-0.869765,-0.174309,1.473477,-0.192423,-1.824044,0.152716,1.840512,1.834165,-8.148001,-71.778000,-11.651001,NaN,-0.114648,true,Self-supervised model,0.128426,4.679000,99.245011,21.210731,0.000000,0.000000,0.974035,0.800580,false,false
2026-04-17T15:12:33.228979,0.049884,-0.796400,0.236467,76.451,E,1,0.797960,1,0.797960,1.443796,1.954323,1.488822,-1.211466,8.576031,2.461239,-1.198014,-0.883785,-0.016712,1.488822,-0.183870,-1.839926,0.167377,1.856651,1.849091,-8.148001,-71.778000,-11.651001,NaN,-0.107521,true,Self-supervised model,0.137600,4.689000,99.964426,21.318922,0.000000,0.000000,0.969757,0.801886,false,false
2026-04-17T15:12:33.235859,0.049884,-0.796400,0.247697,75.808,E,1,0.797960,1,0.797960,1.445101,1.955954,1.451956,-1.211466,8.559271,2.628834,-1.143764,-0.868873,0.212224,1.451956,-0.167988,-1.849700,0.182649,1.866272,1.857313,-8.148001,-71.778000,-11.651001,NaN,-0.101598,true,Self-supervised model,0.131512,4.696000,100.607839,21.424157,0.000000,0.000000,0.995279,0.777998,false,false
2026-04-17T15:12:33.245621,0.049884,-0.796400,0.257647,75.238,E,1,0.797960,1,0.797960,1.438233,1.957245,1.402172,-1.132457,8.571242,2.868254,-1.077684,-0.810802,0.383777,1.402172,-0.142942,-1.860085,0.197309,1.875974,1.865569,-8.148001,-71.778000,-11.651001,NaN,-0.096768,true,Self-supervised model,0.138194,4.706000,101.177912,21.499769,0.000000,0.000000,1.025717,0.747437,false,false
2026-04-17T15:12:33.251340,0.049884,-0.796400,0.266413,74.736,E,1,0.797960,1,0.797960,1.431484,1.958214,1.396051,-1.039083,8.626308,3.050213,-0.979664,-0.829441,0.548857,1.396051,-0.109956,-1.860695,0.196699,1.874291,1.863942,-8.148001,-71.778000,-11.651001,NaN,-0.092735,true,Self-supervised model,0.131346,4.711000,101.680179,21.583566,0.000000,0.000000,1.025380,0.744842,false,false
2026-04-17T15:12:33.263739,0.049884,-0.796400,0.274144,74.293,E,1,0.797960,1,0.797960,1.432667,1.959192,1.438878,-0.912191,8.604761,3.224990,-0.943825,-0.838996,0.689673,1.438878,-0.050702,-1.838094,0.180205,1.847602,1.838793,-8.148001,-71.778000,-11.651001,NaN,-0.089147,true,Self-supervised model,0.144510,4.724000,102.123115,21.617933,0.000000,0.000000,0.995683,0.778781,false,false
2026-04-17T15:12:33.268225,0.049884,-0.796400,0.281050,73.897,E,1,0.797960,1,0.797960,1.438990,1.960384,1.472186,-0.847547,8.592790,3.373430,-0.957778,-0.815920,0.764374,1.472186,0.015272,-1.803885,0.141721,1.809508,1.803950,-6.536000,-72.381004,-10.471001,NaN,-0.085535,true,Self-supervised model,0.134322,4.728000,102.518849,21.683344,0.000000,0.000000,0.977451,0.813583,false,false
2026-04-17T15:12:33.275982,0.049884,-0.796400,0.287460,73.530,E,1,0.797960,1,0.797960,1.441153,1.961615,1.452513,-0.835576,8.614338,3.452439,-1.013594,-0.738789,0.732539,1.452513,0.083078,-1.781283,0.098960,1.785963,1.783219,-6.536000,-72.381004,-10.471001,NaN,-0.081115,true,Self-supervised model,0.142721,4.736000,102.886085,21.724258,0.000000,0.000000,0.992179,0.813294,false,false
2026-04-17T15:12:33.283308,0.049884,-0.796400,0.293696,73.172,E,1,0.797960,1,0.797960,1.433901,1.962507,1.395823,-0.869095,8.690952,3.421314,-1.084213,-0.650578,0.591228,1.395823,0.128893,-1.768455,0.059254,1.774136,1.773146,-6.536000,-72.381004,-10.471001,NaN,-0.075571,true,Self-supervised model,0.141819,4.743000,103.243406,21.767532,0.000000,0.000000,1.027280,0.786762,false,false
2026-04-17T15:12:33.291372,0.049884,-0.796400,0.300087,72.806,E,1,0.797960,1,0.797960,1.416423,1.962663,1.324669,-0.921768,8.779537,3.277662,-1.195271,-0.489037,0.294817,1.324669,0.168599,-1.752572,0.011606,1.760702,1.760663,-6.536000,-72.381004,-10.471001,NaN,-0.068565,true,Self-supervised model,0.141368,4.751000,103.609550,21.807946,0.000000,0.000000,1.069266,0.752353,false,false
2026-04-17T15:12:33.299620,0.049884,-0.796400,0.306946,72.413,E,1,0.797960,1,0.797960,1.402793,1.962268,1.331236,-1.019930,8.942344,2.975993,-1.285996,-0.321077,-0.123747,1.331236,0.175318,-1.721418,-0.044593,1.730897,1.730323,-6.536000,-72.381004,-10.471001,NaN,-0.059830,true,Self-supervised model,0.141357,4.760000,104.002558,21.849277,0.000000,0.000000,1.053753,0.769102,false,false
2026-04-17T15:12:33.307593,0.049884,-0.796400,0.314577,71.976,E,1,0.797960,1,0.797960,1.423391,1.962713,1.531529,-1.103727,9.112331,2.549825,-1.438257,-0.153415,-0.503450,1.531529,0.141721,-1.667662,-0.109345,1.677241,1.673673,-6.536000,-72.381004,-10.471001,NaN,-0.049113,true,Self-supervised model,0.144052,4.767000,104.439778,21.908911,0.000000,0.000000,0.929392,0.913124,false,false
2026-04-17T15:12:33.315996,0.049884,-0.796400,0.323343,71.474,E,1,0.797960,1,0.797960,1.489866,1.965799,1.838856,-1.256956,9.282320,2.161964,-1.563517,-0.002390,-0.967884,1.838856,0.072082,-1.616349,-0.160658,1.625913,1.617956,-6.536000,-72.381004,-10.471001,NaN,-0.035808,true,Self-supervised model,0.150764,4.776000,104.942009,21.972782,0.000000,0.000000,0.810213,1.130969,false,false
2026-04-17T15:12:33.323485,0.049884,-0.796400,0.333542,70.889,E,1,0.797960,1,0.797960,1.596545,1.973029,2.156615,-1.391031,9.435549,1.690306,-1.680153,0.139903,-1.344805,2.156615,-0.052534,-1.563815,-0.220522,1.580161,1.564697,-6.536000,-72.381004,-10.471001,NaN,-0.019873,true,Self-supervised model,0.152722,4.783000,105.526402,22.062806,0.000000,0.000000,0.740302,1.364807,false,false
2026-04-17T15:12:33.332068,0.049884,-0.796400,0.345467,70.206,E,1,0.797960,1,0.797960,1.735915,1.985545,2.467607,-1.525106,9.579201,1.309628,-1.865459,0.228348,-1.599064,2.467607,-0.215635,-1.528385,-0.270002,1.566959,1.543522,-6.536000,-72.381004,-10.471001,NaN,-0.001048,true,Self-supervised model,0.157069,4.792000,106.209629,22.163946,0.000000,0.000000,0.703481,1.574775,false,false
2026-04-17T15:12:33.339661,0.049884,-0.796400,0.357110,69.539,E,1,0.797960,1,0.797960,1.892004,2.003803,2.711473,-1.704672,9.665392,1.063026,-2.049098,0.365428,-1.737741,2.711473,-0.378126,-1.519222,-0.295659,1.593245,1.565572,-6.536000,-72.381004,-10.471001,NaN,0.009469,true,Self-supervised model,0.157877,4.800000,106.876733,22.265986,0.000000,0.000000,0.697777,1.701856,false,false
2026-04-17T15:12:33.347617,0.049884,-0.796400,0.368858,68.866,E,1,0.797960,1,0.797960,2.026080,2.026694,2.729974,-1.886631,9.797073,0.943315,-2.127660,0.528052,-1.626955,2.729974,-0.590707,-1.530217,-0.306043,1.668581,1.640274,-6.536000,-72.381004,-10.471001,NaN,0.021639,true,Self-supervised model,0.156252,4.808000,107.549865,22.368940,0.000000,0.000000,0.742161,1.636105,false,false
2026-04-17T15:12:33.355321,0.049884,-0.796400,0.380920,68.175,E,1,0.797960,1,0.797960,2.084815,2.051019,2.393179,-1.965640,9.950302,1.086968,-2.016911,0.541694,-1.168735,2.393179,-0.797790,-1.567480,-0.298713,1.784010,1.758824,-6.536000,-72.381004,-10.471001,NaN,0.034953,true,Self-supervised model,0.148021,4.815000,108.240946,22.479947,0.000000,0.000000,0.871149,1.341460,false,false
2026-04-17T15:12:33.364039,0.049884,-0.796400,0.393343,67.463,NE,1,0.797960,1,0.797960,2.060966,2.073417,1.935757,-1.855506,9.950302,1.592144,-1.773273,0.454027,-0.629694,1.935757,-0.979217,-1.610852,-0.295659,1.908173,1.885128,-6.536000,-72.381004,-10.471001,NaN,0.048821,true,Self-supervised model,0.139663,4.824000,108.952727,22.585557,0.000000,0.000000,1.064682,1.014456,false,false
2026-04-17T15:12:33.372744,0.049884,-0.796400,0.406074,66.734,NE,1,0.797960,1,0.797960,1.971312,2.091333,1.500628,-1.611298,9.844957,2.190695,-1.470793,0.292806,0.054023,1.500628,-1.037860,-1.620625,-0.304822,1.948460,1.924469,-6.536000,-72.381004,-10.471001,NaN,0.062786,true,Self-supervised model,0.131132,4.833000,109.682171,22.694428,0.000000,0.000000,1.313658,0.770161,false,false
2026-04-17T15:12:33.379645,0.049884,-0.796400,0.419063,65.989,NE,1,0.797960,1,0.797960,1.874235,2.104649,1.364582,-1.307234,9.662998,2.942474,-1.199267,0.159606,0.631166,1.364582,-1.052521,-1.607186,-0.339030,1.950843,1.921158,-6.536000,-72.381004,-10.471001,NaN,0.076804,true,Self-supervised model,0.122976,4.840000,110.426363,22.815364,0.000000,0.000000,1.373486,0.699483,false,false
2026-04-17T15:12:33.387584,0.049884,-0.796400,0.432269,65.233,NE,1,0.797960,1,0.797960,1.806022,2.114704,1.447903,-1.034295,9.507375,3.591303,-1.007764,0.103292,1.034488,1.447903,-1.008538,-1.573589,-0.377515,1.906790,1.869046,-6.536000,-72.381004,-10.471001,NaN,0.090882,true,Self-supervised model,0.126623,4.847000,111.183040,22.938527,0.000000,0.000000,1.247336,0.759341,false,false
2026-04-17T15:12:33.395708,0.049884,-0.796400,0.445697,64.463,NE,1,0.797960,1,0.797960,1.760851,2.122550,1.523705,-0.842759,9.428367,4.065354,-0.870486,0.044974,1.249763,1.523705,-0.932791,-1.532050,-0.427606,1.843942,1.793677,-6.536000,-72.381004,-10.471001,NaN,0.105194,true,Self-supervised model,0.130538,4.856000,111.952390,23.054446,0.000000,0.000000,1.155638,0.826330,false,false
2026-04-17T15:12:33.403974,0.049884,-0.796400,0.461761,63.543,NE,1,0.797960,1,0.797960,1.739181,2.129215,1.625412,-0.746991,9.351752,4.338294,-0.821234,-0.031748,1.402331,1.625412,-0.857655,-1.497842,-0.475253,1.790242,1.726007,-6.536000,-72.381004,-10.471001,NaN,0.131806,true,Self-supervised model,0.129643,4.864000,112.872813,23.205759,0.000000,0.000000,1.069994,0.907929,false,false
2026-04-17T15:12:33.411591,0.049884,-0.796400,0.479678,62.516,NE,1,0.797960,1,0.797960,1.741208,2.135695,1.751849,-0.737414,9.255983,4.548983,-0.902235,-0.036538,1.501204,1.751849,-0.751975,-1.455081,-0.529009,1.721214,1.637903,-6.536000,-72.381004,-10.471001,NaN,0.157131,true,Self-supervised model,0.127445,4.871000,113.899363,23.383158,0.000000,0.000000,0.993926,1.017799,false,false
2026-04-17T15:12:33.422240,0.049884,-0.796400,0.498885,61.416,NE,1,0.797960,1,0.797960,1.755474,2.142486,1.830373,-0.857124,9.232041,4.704607,-1.096955,-0.004674,1.465242,1.830373,-0.637132,-1.404990,-0.566883,1.643561,1.542704,-6.536000,-72.381004,-10.471001,NaN,0.181499,true,Self-supervised model,0.136027,4.882000,114.999831,23.555885,0.000000,0.000000,0.959080,1.113663,false,false
2026-04-17T15:12:33.429918,0.049884,-0.796400,0.517384,60.356,NE,1,0.797960,1,0.797960,1.772880,2.149702,1.864261,-1.063026,9.246407,4.718972,-1.294215,0.029441,1.341496,1.864261,-0.518625,-1.347569,-0.583376,1.557319,1.443923,-5.025000,-71.880005,-11.713000,NaN,0.197168,true,Self-supervised model,0.130613,4.890000,116.059769,23.734104,0.000000,0.000000,0.950983,1.197097,false,false
2026-04-17T15:12:33.440190,0.049884,-0.796400,0.535361,59.326,NE,1,0.797960,1,0.797960,1.799879,2.157709,1.941620,-1.273715,9.265560,4.637568,-1.524778,0.116182,1.196430,1.941620,-0.420886,-1.310917,-0.570548,1.490360,1.376825,-5.025000,-71.880005,-11.713000,NaN,0.213056,true,Self-supervised model,0.140998,4.900000,117.089773,23.895872,0.000000,0.000000,0.926998,1.302786,false,false
2026-04-17T15:12:33.446145,0.049884,-0.796400,0.552834,58.325,NE,1,0.797960,1,0.797960,1.820176,2.166207,1.926738,-1.517924,9.339781,4.527435,-1.642072,0.217264,0.984234,1.926738,-0.324369,-1.287093,-0.538172,1.432290,1.327337,-5.025000,-71.880005,-11.713000,NaN,0.228510,true,Self-supervised model,0.125105,4.906000,118.090876,24.070704,0.000000,0.000000,0.944693,1.345216,false,false
2026-04-17T15:12:33.451553,0.049884,-0.796400,0.569734,57.357,NE,1,0.797960,1,0.797960,1.832205,2.174847,1.895354,-1.647211,9.430760,4.343082,-1.683289,0.311620,0.813509,1.895354,-0.257174,-1.282206,-0.500299,1.400175,1.307743,-5.025000,-71.880005,-11.713000,NaN,0.243122,true,Self-supervised model,0.125906,4.911000,119.059189,24.243370,0.000000,0.000000,0.966682,1.353655,false,false
2026-04-17T15:12:33.459383,0.049884,-0.796400,0.585965,56.427,NE,1,0.797960,1,0.797960,1.824056,2.182816,1.781277,-1.697489,9.516952,4.194642,-1.593640,0.325397,0.726206,1.781277,-0.199753,-1.283428,-0.465479,1.379768,1.298880,-5.025000,-71.880005,-11.713000,NaN,0.256677,true,Self-supervised model,0.134166,4.919000,119.989171,24.393001,0.000000,0.000000,1.024016,1.290998,false,false
2026-04-17T15:12:33.468104,0.049884,-0.796400,0.601456,55.539,NE,1,0.797960,1,0.797960,1.793564,2.189246,1.633479,-1.613692,9.524135,4.125209,-1.470466,0.290059,0.649498,1.633479,-0.158214,-1.295645,-0.446543,1.379539,1.305269,-5.025000,-71.880005,-11.713000,NaN,0.269208,true,Self-supervised model,0.135375,4.928000,120.876756,24.528562,0.000000,0.000000,1.098003,1.184076,false,false
2026-04-17T15:12:33.475994,0.049884,-0.796400,0.616223,54.693,NE,1,0.797960,1,0.797960,1.739989,2.193275,1.458720,-1.493982,9.483433,4.062960,-1.326054,0.202998,0.572921,1.458720,-0.114843,-1.324356,-0.431271,1.397534,1.329326,-5.025000,-71.880005,-11.713000,NaN,0.281077,true,Self-supervised model,0.130481,4.936000,121.722825,24.660216,0.000000,0.000000,1.192819,1.043782,false,false
2026-04-17T15:12:33.483492,0.049884,-0.796400,0.631459,53.820,NE,1,0.797960,1,0.797960,1.672309,2.194437,1.316992,-1.371878,9.390059,4.003105,-1.212115,0.136569,0.496581,1.316992,-0.076358,-1.367116,-0.425773,1.433918,1.369247,-5.025000,-71.880005,-11.713000,NaN,0.298187,true,Self-supervised model,0.126952,4.943000,122.595751,24.801892,0.000000,0.000000,1.269795,0.918457,false,false
2026-04-17T15:12:33.492128,0.049884,-0.796400,0.647021,52.928,NE,1,0.797960,1,0.797960,1.603328,2.192792,1.241179,-1.278504,9.318233,3.940856,-1.152232,0.107728,0.448642,1.241179,-0.048869,-1.425149,-0.426995,1.488543,1.425986,-5.025000,-71.880005,-11.713000,NaN,0.315056,true,Self-supervised model,0.126909,4.952000,123.487401,24.936874,0.000000,0.000000,1.291779,0.833821,false,false
2026-04-17T15:12:33.499692,0.049884,-0.796400,0.662832,52.022,NE,1,0.797960,1,0.797960,1.531746,2.188350,1.155940,-1.237802,9.284714,3.904943,-1.088764,0.097518,0.375871,1.155940,-0.029932,-1.474629,-0.431882,1.536863,1.474932,-5.025000,-71.880005,-11.713000,NaN,0.331866,true,Self-supervised model,0.121874,4.960000,124.393345,25.079303,0.000000,0.000000,1.325109,0.752142,false,false
2026-04-17T15:12:33.507878,0.049884,-0.796400,0.678856,51.104,NE,1,0.797960,1,0.797960,1.461881,2.181292,1.095087,-1.192312,9.270349,3.842694,-1.037991,0.077274,0.340322,1.095087,-0.008552,-1.523498,-0.440434,1.585907,1.523522,-5.025000,-71.880005,-11.713000,NaN,0.348739,true,Self-supervised model,0.122047,4.968000,125.311446,25.223721,0.000000,0.000000,1.334945,0.690512,false,false
2026-04-17T15:12:33.515897,0.049884,-0.796400,0.695089,50.174,NE,1,0.797960,1,0.797960,1.393233,2.171769,1.032834,-1.158794,9.246407,3.816358,-0.992018,0.039745,0.284724,1.032834,0.016493,-1.549154,-0.456316,1.615047,1.549242,-5.025000,-71.880005,-11.713000,NaN,0.365805,true,Self-supervised model,0.120098,4.976000,126.241493,25.370075,0.000000,0.000000,1.348942,0.639507,false,false
2026-04-17T15:12:33.523245,0.049884,-0.796400,0.711543,49.232,NE,1,0.797960,1,0.797960,1.328486,2.160038,0.988565,-1.130063,9.205706,3.768473,-0.966090,0.008765,0.209415,0.988565,0.042761,-1.543656,-0.469755,1.614117,1.544249,-5.025000,-71.880005,-11.713000,NaN,0.383147,true,Self-supervised model,0.116487,4.983000,127.184252,25.523631,0.000000,0.000000,1.343853,0.612450,false,false
2026-04-17T15:12:33.531561,0.049884,-0.796400,0.728271,48.273,NE,1,0.797960,1,0.797960,1.264670,2.146223,0.929636,-1.122881,9.172187,3.699042,-0.914831,-0.089950,0.138624,0.929636,0.075136,-1.496620,-0.499688,1.579622,1.498505,-5.025000,-71.880005,-11.713000,NaN,0.400972,true,Self-supervised model,0.118036,4.991000,128.142721,25.674759,0.000000,0.000000,1.360393,0.588518,false,false
2026-04-17T15:12:33.539735,0.049884,-0.796400,0.745388,47.292,NE,1,0.797960,1,0.797960,1.219644,2.131160,0.983255,-1.094150,9.071630,3.632004,-0.963547,-0.194212,-0.025472,0.983255,0.108734,-1.428203,-0.532674,1.528178,1.432336,-5.025000,-71.880005,-11.713000,NaN,0.419643,true,Self-supervised model,0.119260,5.000000,129.123457,25.824691,0.000000,0.000000,1.240415,0.643416,false,false
2026-04-17T15:12:33.547760,0.049884,-0.796400,0.763037,46.281,NE,1,0.797960,1,0.797960,1.196154,2.115760,1.072832,-1.170765,8.966286,3.469198,-1.022786,-0.260855,-0.191916,1.072832,0.130725,-1.348180,-0.560163,1.465763,1.354503,-5.025000,-71.880005,-11.713000,NaN,0.439417,true,Self-supervised model,0.121466,5.008000,130.134629,25.985349,0.000000,0.000000,1.114950,0.731927,false,false
2026-04-17T15:12:33.555642,0.049884,-0.796400,0.781365,45.231,NE,1,0.797960,1,0.797960,1.199877,2.101125,1.219424,-1.264138,8.899248,3.301604,-1.092034,-0.342255,-0.421094,1.219424,0.136223,-1.276098,-0.583376,1.409720,1.283348,-5.025000,-71.880005,-11.713000,NaN,0.460464,true,Self-supervised model,0.121794,5.016000,131.184755,26.153260,0.000000,0.000000,0.983970,0.865012,false,false
2026-04-17T15:12:33.563923,0.049884,-0.796400,0.800495,44.135,NE,1,0.797960,1,0.797960,1.238285,2.088611,1.439925,-1.374272,8.817844,3.069367,-1.235150,-0.317833,-0.668410,1.439925,0.125838,-1.187522,-0.599870,1.336371,1.194171,-5.025000,-71.880005,-11.713000,NaN,0.482803,true,Self-supervised model,0.128787,5.024000,132.280833,26.329784,0.000000,0.000000,0.859965,1.077489,false,false
2026-04-17T15:12:33.573064,0.049884,-0.796400,0.818910,43.080,NE,1,0.797960,1,0.797960,1.308012,2.079387,1.674077,-1.534683,8.844181,2.815581,-1.405879,-0.242648,-0.875877,1.674077,0.097128,-1.100168,-0.605367,1.259474,1.104447,-5.025000,-71.880005,-11.713000,NaN,0.498356,true,Self-supervised model,0.136791,5.033000,133.335926,26.492336,0.000000,0.000000,0.781333,1.329188,false,false
2026-04-17T15:12:33.580645,0.049884,-0.796400,0.836817,42.054,NE,1,0.797960,1,0.797960,1.392425,2.073909,1.835593,-1.726219,8.920795,2.602497,-1.523799,-0.159445,-1.010948,1.835593,0.054978,-1.010371,-0.601091,1.176938,1.011866,-5.025000,-71.880005,-11.713000,NaN,0.514233,true,Self-supervised model,0.135459,5.041000,134.361932,26.653825,0.000000,0.000000,0.758569,1.559634,false,false
2026-04-17T15:12:33.587475,0.049884,-0.796400,0.854313,41.051,NE,1,0.797960,1,0.797960,1.487929,2.072469,1.989327,-1.867477,9.004593,2.463634,-1.651782,-0.041630,-1.107839,1.989327,0.010385,-0.940122,-0.591318,1.110672,0.940179,-2.485000,-71.026001,-15.549001,NaN,0.530084,true,Self-supervised model,0.135108,5.047000,135.364380,26.820761,0.000000,0.000000,0.747956,1.791102,false,false
2026-04-17T15:12:33.596231,0.049884,-0.796400,0.871444,40.070,NE,1,0.797960,1,0.797960,1.584852,2.074965,2.093698,-2.020706,9.121908,2.365471,-1.754814,0.055872,-1.140648,2.093698,-0.042150,-0.883922,-0.570548,1.052910,0.884926,-2.485000,-71.026001,-15.549001,NaN,0.545755,true,Self-supervised model,0.144511,5.056000,136.345917,26.967151,0.000000,0.000000,0.756963,1.988487,false,false
2026-04-17T15:12:33.604111,0.049884,-0.796400,0.888217,39.109,NE,1,0.797960,1,0.797960,1.666880,2.080641,2.097528,-2.149993,9.217676,2.334347,-1.788648,0.163069,-1.083407,2.097528,-0.087354,-0.860098,-0.549168,1.024200,0.864523,-2.485000,-71.026001,-15.549001,NaN,0.561093,true,Self-supervised model,0.142291,5.064000,137.306903,27.114317,0.000000,0.000000,0.794688,2.047968,false,false
2026-04-17T15:12:33.611858,0.049884,-0.796400,0.906712,38.049,NE,1,0.797960,1,0.797960,1.729175,2.088583,2.056224,-2.248155,9.325416,2.382231,-1.776721,0.206141,-1.014310,2.056224,-0.122173,-0.865596,-0.524122,1.019258,0.874175,-2.485000,-71.026001,-15.549001,NaN,0.586481,true,Self-supervised model,0.139054,5.072000,138.366618,27.280485,0.000000,0.000000,0.840947,2.017373,false,false
2026-04-17T15:12:33.619586,0.049884,-0.796400,0.926575,36.911,NE,1,0.797960,1,0.797960,1.767959,2.097758,1.971575,-2.300828,9.368511,2.442086,-1.738424,0.254341,-0.894595,1.971575,-0.138666,-0.889420,-0.502742,1.031041,0.900164,-2.485000,-71.026001,-15.549001,NaN,0.611814,true,Self-supervised model,0.135447,5.079000,139.504683,27.466959,0.000000,0.000000,0.896724,1.912218,false,false
2026-04-17T15:12:33.629128,0.049884,-0.796400,0.947545,35.710,NE,1,0.797960,1,0.797960,1.786323,2.107300,1.882733,-2.327164,9.416395,2.552219,-1.670275,0.298142,-0.816074,1.882733,-0.142942,-0.926683,-0.478307,1.052593,0.937642,-2.485000,-71.026001,-15.549001,NaN,0.637211,true,Self-supervised model,0.138177,5.089000,140.706162,27.649079,0.000000,0.000000,0.948792,1.788663,false,false
2026-04-17T15:12:33.636051,0.049884,-0.796400,0.969234,34.467,NE,1,0.797960,1,0.797960,1.784982,2.116408,1.777941,-2.319981,9.459491,2.621651,-1.577910,0.301438,-0.761845,1.777941,-0.133169,-0.969443,-0.464868,1.083354,0.978547,-2.485000,-71.026001,-15.549001,NaN,0.661777,true,Self-supervised model,0.124521,5.096000,141.948856,27.854956,0.000000,0.000000,1.003960,1.641144,false,false
2026-04-17T15:12:33.646669,0.049884,-0.796400,0.991302,33.203,NE,1,0.797960,1,0.797960,1.768559,2.124494,1.682337,-2.284068,9.461885,2.667141,-1.491649,0.251992,-0.736031,1.682337,-0.116064,-1.010982,-0.456316,1.115249,1.017623,-2.485000,-71.026001,-15.549001,NaN,0.685360,true,Self-supervised model,0.134557,5.107000,143.213250,28.042540,0.000000,0.000000,1.051251,1.508486,false,false
2026-04-17T15:12:33.651628,0.049884,-0.796400,1.013535,31.929,NE,1,0.797960,1,0.797960,1.751325,2.131567,1.660846,-2.250550,9.411607,2.683900,-1.454197,0.257415,-0.759906,1.660846,-0.099571,-1.039693,-0.445321,1.135423,1.044450,-2.485000,-71.026001,-15.549001,NaN,0.708256,true,Self-supervised model,0.107354,5.112000,144.487132,28.264306,0.000000,0.000000,1.054478,1.462755,false,false
2026-04-17T15:12:33.659177,0.049884,-0.796400,1.035785,30.654,NE,1,0.797960,1,0.797960,1.733533,2.137645,1.640126,-2.262521,9.416395,2.650381,-1.408014,0.252957,-0.802197,1.640126,-0.089186,-1.069014,-0.427606,1.154813,1.072728,-2.485000,-71.026001,-15.549001,NaN,0.730572,true,Self-supervised model,0.123860,5.119000,145.761959,28.474694,0.000000,0.000000,1.056951,1.420253,false,false
2026-04-17T15:12:33.667587,0.049884,-0.796400,1.057919,29.386,NE,1,0.797960,1,0.797960,1.715689,2.142767,1.622010,-2.262521,9.411607,2.597709,-1.353073,0.308282,-0.839686,1.622010,-0.087354,-1.083064,-0.412334,1.162187,1.086581,-2.485000,-71.026001,-15.549001,NaN,0.752241,true,Self-supervised model,0.126445,5.127000,147.030139,28.677616,0.000000,0.000000,1.057755,1.395654,false,false
2026-04-17T15:12:33.675722,0.049884,-0.796400,1.079811,28.131,NE,1,0.797960,1,0.797960,1.698979,2.147016,1.611249,-2.250550,9.466674,2.549825,-1.318131,0.387584,-0.841684,1.611249,-0.092852,-1.072068,-0.388510,1.144068,1.076082,-2.485000,-71.026001,-15.549001,NaN,0.773163,true,Self-supervised model,0.126412,5.136000,148.284431,28.871579,0.000000,0.000000,1.054448,1.408350,false,false
2026-04-17T15:12:33.683669,0.049884,-0.796400,1.101322,26.899,NE,1,0.797960,1,0.797960,1.674192,2.150103,1.544064,-2.255338,9.545682,2.537854,-1.202783,0.428609,-0.868183,1.544064,-0.096517,-1.043969,-0.368963,1.111449,1.048421,-2.485000,-71.026001,-15.549001,NaN,0.793155,true,Self-supervised model,0.122746,5.144000,149.516955,29.066282,0.000000,0.000000,1.084277,1.389235,false,false
2026-04-17T15:12:33.691945,0.049884,-0.796400,1.122297,25.697,NE,1,0.797960,1,0.797960,1.639892,2.151694,1.459815,-2.176329,9.586384,2.501941,-1.106805,0.464915,-0.830601,1.459815,-0.102014,-0.996321,-0.350026,1.060934,1.001530,-2.485000,-71.026001,-15.549001,NaN,0.811983,true,Self-supervised model,0.125632,5.152000,150.718719,29.254410,0.000000,0.000000,1.123356,1.375972,false,false
2026-04-17T15:12:33.699392,0.049884,-0.796400,1.142623,24.533,NE,1,0.797960,1,0.797960,1.597895,2.151542,1.377413,-2.114080,9.622296,2.530671,-1.005441,0.462991,-0.819753,1.377413,-0.105680,-0.942565,-0.339641,1.007449,0.948471,-2.485000,-71.026001,-15.549001,NaN,0.829716,true,Self-supervised model,0.122541,5.159000,151.883341,29.440461,0.000000,0.000000,1.160070,1.367229,false,false
2026-04-17T15:12:33.707991,0.049884,-0.796400,1.162248,23.408,NE,1,0.797960,1,0.797960,1.554058,2.149643,1.323911,-2.044648,9.619903,2.533065,-0.948548,0.477975,-0.790277,1.323911,-0.109956,-0.897361,-0.335365,0.964270,0.904073,-2.485000,-71.026001,-15.549001,NaN,0.846534,true,Self-supervised model,0.125783,5.168000,153.007758,29.606764,0.000000,0.000000,1.173839,1.372967,false,false
2026-04-17T15:12:33.715914,0.049884,-0.796400,1.181160,22.325,N,1,0.797960,1,0.797960,1.505991,2.145897,1.253642,-2.018312,9.634268,2.554613,-0.909056,0.440583,-0.742376,1.253642,-0.119730,-0.860098,-0.337808,0.931783,0.868392,-2.485000,-71.026001,-15.549001,NaN,0.862592,true,Self-supervised model,0.122946,5.176000,154.091303,29.770344,0.000000,0.000000,1.201293,1.345424,false,false
2026-04-17T15:12:33.723280,0.049884,-0.796400,1.199382,21.280,N,1,0.797960,1,0.797960,1.453506,2.140201,1.177957,-2.008735,9.595961,2.595315,-0.862979,0.427401,-0.678365,1.177957,-0.117897,-0.827722,-0.339030,0.902200,0.836077,-2.485000,-71.026001,-15.549001,NaN,0.878058,true,Self-supervised model,0.122836,5.183000,155.135362,29.931577,0.000000,0.000000,1.233921,1.305649,false,false
2026-04-17T15:12:33.731767,0.049884,-0.796400,1.216961,20.273,N,1,0.797960,1,0.797960,1.402042,2.132675,1.131858,-1.991976,9.581595,2.652776,-0.831912,0.426196,-0.638264,1.131858,-0.106291,-0.800233,-0.339030,0.875564,0.807262,-2.485000,-71.026001,-15.549001,NaN,0.893064,true,Self-supervised model,0.125738,5.192000,156.142572,30.073685,0.000000,0.000000,1.238709,1.292718,false,false
2026-04-17T15:12:33.740531,0.049884,-0.796400,1.233950,19.300,N,1,0.797960,1,0.797960,1.350743,2.123398,1.081423,-1.989582,9.579201,2.686294,-0.775807,0.439149,-0.612166,1.081423,-0.088575,-0.791681,-0.335976,0.864572,0.796621,-2.485000,-71.026001,-15.549001,NaN,0.907690,true,Self-supervised model,0.125708,5.200000,157.115942,30.214604,0.000000,0.000000,1.249042,1.250819,false,false
2026-04-17T15:12:33.747716,0.049884,-0.796400,1.250381,18.358,N,1,0.797960,1,0.797960,1.307595,2.112766,1.081070,-1.960851,9.591172,2.705448,-0.771433,0.430098,-0.623394,1.081070,-0.065363,-0.788627,-0.331089,0.857802,0.791331,0.779000,-69.182007,-16.265001,NaN,0.921893,true,Self-supervised model,0.124208,5.208000,158.057390,30.348961,0.000000,0.000000,1.209538,1.260279,false,false
2026-04-17T15:12:33.756079,0.049884,-0.796400,1.266302,17.446,N,1,0.797960,1,0.797960,1.275928,2.101292,1.109677,-1.982399,9.581595,2.686294,-0.773797,0.470858,-0.641025,1.109677,-0.044593,-0.795957,-0.319483,0.858840,0.797206,0.779000,-69.182007,-16.265001,NaN,0.935773,true,Self-supervised model,0.127867,5.216000,158.969603,30.477301,0.000000,0.000000,1.149820,1.292065,false,false
2026-04-17T15:12:33.763711,0.049884,-0.796400,1.281738,16.562,N,1,0.797960,1,0.797960,1.254777,2.089431,1.143735,-2.008735,9.622296,2.659958,-0.795042,0.499226,-0.653308,1.143735,-0.026267,-0.803899,-0.307876,0.861238,0.804328,0.779000,-69.182007,-16.265001,NaN,0.949270,true,Self-supervised model,0.126981,5.224000,159.854033,30.599930,0.000000,0.000000,1.097088,1.328013,false,false
2026-04-17T15:12:33.772484,0.049884,-0.796400,1.296707,15.704,N,1,0.797960,1,0.797960,1.244748,2.077644,1.192091,-2.051831,9.651027,2.638410,-0.830332,0.543894,-0.660159,1.192091,-0.009774,-0.803899,-0.293215,0.855759,0.803958,0.779000,-69.182007,-16.265001,NaN,0.962369,true,Self-supervised model,0.130939,5.232000,160.711677,30.717064,0.000000,0.000000,1.044171,1.393022,false,false
2026-04-17T15:12:33.779646,0.049884,-0.796400,1.311206,14.873,N,1,0.797960,1,0.797960,1.247204,2.066427,1.260100,-2.106898,9.696517,2.621651,-0.877184,0.592937,-0.683247,1.260100,0.006720,-0.796568,-0.272446,0.841898,0.796597,0.779000,-69.182007,-16.265001,NaN,0.974990,true,Self-supervised model,0.130890,5.240000,161.542424,30.828707,0.000000,0.000000,0.989766,1.496736,false,false
2026-04-17T15:12:33.787446,0.049884,-0.796400,1.325230,14.070,N,1,0.797960,1,0.797960,1.250082,2.055773,1.265193,-2.171541,9.746795,2.588132,-0.882713,0.603109,-0.676602,1.265193,0.030543,-0.778242,-0.249233,0.817748,0.778841,0.779000,-69.182007,-16.265001,NaN,0.987110,true,Self-supervised model,0.131847,5.247000,162.345905,30.940710,0.000000,0.000000,0.988057,1.547168,false,false
2026-04-17T15:12:33.796956,0.049884,-0.796400,1.338776,13.294,N,1,0.797960,1,0.797960,1.255399,2.045758,1.283313,-2.193089,9.758766,2.583344,-0.868735,0.636642,-0.697767,1.283313,0.050702,-0.758695,-0.223577,0.792575,0.760387,0.779000,-69.182007,-16.265001,NaN,0.998749,true,Self-supervised model,0.136751,5.257000,163.122064,31.029497,0.000000,0.000000,0.978248,1.619170,false,false
2026-04-17T15:12:33.803783,0.049884,-0.796400,1.351827,12.546,N,1,0.797960,1,0.797960,1.261167,2.036374,1.291446,-2.193089,9.794679,2.549825,-0.844371,0.619239,-0.755919,1.291446,0.069639,-0.740369,-0.200975,0.770316,0.743637,0.779000,-69.182007,-16.265001,NaN,1.009818,true,Self-supervised model,0.131428,5.264000,163.869838,31.130288,0.000000,0.000000,0.976554,1.676516,false,false
2026-04-17T15:12:33.813642,0.049884,-0.796400,1.364398,11.826,N,1,0.797960,1,0.797960,1.276322,2.027972,1.355886,-2.181118,9.780313,2.477999,-0.867458,0.663507,-0.803555,1.355886,0.080023,-0.723875,-0.174097,0.748805,0.728285,0.779000,-69.182007,-16.265001,NaN,1.020468,true,Self-supervised model,0.139573,5.274000,164.590093,31.207830,0.000000,0.000000,0.941320,1.810733,false,false
2026-04-17T15:12:33.819714,0.049884,-0.796400,1.376476,11.134,N,1,0.797960,1,0.797960,1.303062,2.020976,1.443449,-2.214637,9.828198,2.415750,-0.875657,0.748141,-0.870088,1.443449,0.081856,-0.699441,-0.150884,0.720197,0.704214,0.779000,-69.182007,-16.265001,NaN,1.030574,true,Self-supervised model,0.136177,5.280000,165.282108,31.303430,0.000000,0.000000,0.902742,2.004242,false,false
2026-04-17T15:12:33.830480,0.049884,-0.796400,1.388039,10.471,N,1,0.797960,1,0.797960,1.333776,2.015488,1.495021,-2.231396,9.916783,2.334347,-0.897567,0.799209,-0.889229,1.495021,0.074526,-0.666454,-0.124006,0.681977,0.670608,0.779000,-69.182007,-16.265001,NaN,1.040079,true,Self-supervised model,0.145153,5.290000,165.944628,31.369495,0.000000,0.000000,0.892145,2.192188,false,false
2026-04-17T15:12:33.835802,0.049884,-0.796400,1.399035,9.841,N,1,0.797960,1,0.797960,1.365873,2.011503,1.534386,-2.260126,9.971850,2.300828,-0.911830,0.869475,-0.875740,1.534386,0.066584,-0.628580,-0.097128,0.639516,0.632097,0.779000,-69.182007,-16.265001,NaN,1.048805,true,Self-supervised model,0.137225,5.296000,166.574637,31.452915,0.000000,0.000000,0.890176,2.399294,false,false
2026-04-17T15:12:33.846208,0.049884,-0.796400,1.409397,9.247,N,1,0.797960,1,0.797960,1.397187,2.008930,1.561583,-2.279280,10.046070,2.300828,-0.927678,0.892176,-0.884296,1.561583,0.058643,-0.592539,-0.076969,0.600388,0.595434,0.779000,-69.182007,-16.265001,NaN,1.056633,true,Self-supervised model,0.148660,5.306000,167.168356,31.505533,0.000000,0.000000,0.894725,2.600956,false,false
2026-04-17T15:12:33.851360,0.049884,-0.796400,1.418969,8.699,N,1,0.797960,1,0.797960,1.423807,2.007526,1.563564,-2.300828,10.072407,2.279280,-0.909798,0.948181,-0.847322,1.563564,0.043982,-0.520457,-0.029322,0.523135,0.522312,0.779000,-69.182007,-16.265001,NaN,1.063045,true,Self-supervised model,0.142115,5.311000,167.716800,31.579138,0.000000,0.000000,0.910616,2.988837,false,false
2026-04-17T15:12:33.859586,0.049884,-0.796400,1.427862,8.190,N,1,0.797960,1,0.797960,1.437307,2.006717,1.508178,-2.281674,10.132261,2.305616,-0.846591,0.968556,-0.787263,1.508178,0.034208,-0.468534,0.010385,0.469896,0.469781,0.779000,-69.182007,-16.265001,NaN,1.069220,true,Self-supervised model,0.149297,5.319000,168.226315,31.627433,0.000000,0.000000,0.953008,3.209603,false,false
2026-04-17T15:12:33.867787,0.049884,-0.796400,1.435860,7.731,N,1,0.797960,1,0.797960,1.432458,2.005746,1.407002,-2.217031,10.156203,2.355895,-0.769351,0.964991,-0.675684,1.407002,0.029322,-0.436158,0.042761,0.439229,0.437142,0.779000,-69.182007,-16.265001,NaN,1.073640,true,Self-supervised model,0.149003,5.328000,168.684583,31.660019,0.000000,0.000000,1.018092,3.203348,false,false
2026-04-17T15:12:33.876103,0.049884,-0.796400,1.442904,7.328,N,1,0.797960,1,0.797960,1.404952,2.003715,1.260547,-2.135628,10.156203,2.458845,-0.628107,0.956428,-0.528872,1.260547,0.036041,-0.416610,0.082467,0.426220,0.418166,0.779000,-69.182007,-16.265001,NaN,1.076863,true,Self-supervised model,0.147434,5.336000,169.088125,31.688179,0.000000,0.000000,1.114558,2.957501,false,false
2026-04-17T15:12:33.883450,0.049884,-0.796400,1.448954,6.981,N,1,0.797960,1,0.797960,1.363050,2.000088,1.143061,-1.987187,10.151415,2.597709,-0.459594,0.978693,-0.370839,1.143061,0.044593,-0.435547,0.116064,0.452947,0.437824,0.779000,-69.182007,-16.265001,NaN,1.078943,true,Self-supervised model,0.144799,5.343000,169.434792,31.711546,0.000000,0.000000,1.192456,2.523611,false,false
2026-04-17T15:12:33.893529,0.049884,-0.796400,1.453987,6.693,N,1,0.797960,1,0.797960,1.319785,1.994876,1.092645,-1.807622,10.177752,2.748544,-0.252145,1.048578,-0.175441,1.092645,0.058032,-0.466090,0.139277,0.489904,0.469689,0.779000,-69.182007,-16.265001,NaN,1.079908,true,Self-supervised model,0.146608,5.353000,169.723187,31.706181,0.000000,0.000000,1.207881,2.230325,false,false
2026-04-17T15:12:33.900802,0.049884,-0.796400,1.458004,6.463,N,1,0.797960,1,0.797960,1.292227,1.988770,1.147550,-1.584962,10.251971,2.937685,0.001402,1.146719,0.043633,1.147550,0.089797,-0.503353,0.155160,0.534324,0.511300,0.779000,-69.182007,-16.265001,NaN,1.079858,true,Self-supervised model,0.146931,5.361000,169.953326,31.701796,0.000000,0.000000,1.126075,2.147666,false,false
2026-04-17T15:12:33.907776,0.049884,-0.796400,1.461037,6.289,N,1,0.797960,1,0.797960,1.288756,1.982769,1.270533,-1.312023,10.354922,3.150769,0.190449,1.241758,0.189788,1.270533,0.144775,-0.519846,0.149051,0.559836,0.539630,4.408000,-71.206001,-18.370001,NaN,1.078954,true,Self-supervised model,0.150219,5.368000,170.127080,31.692824,0.000000,0.000000,1.014343,2.269474,false,false
2026-04-17T15:12:33.915895,0.049884,-0.796400,1.463230,6.163,N,1,0.797960,1,0.797960,1.293231,1.977188,1.316723,-1.101333,10.455479,3.289633,0.310234,1.256705,0.241260,1.316723,0.216246,-0.521068,0.123395,0.577495,0.564158,4.408000,-71.206001,-18.370001,NaN,1.077790,true,Self-supervised model,0.153162,5.376000,170.252753,31.669039,0.000000,0.000000,0.982159,2.280059,false,false
2026-04-17T15:12:33.923803,0.049884,-0.796400,1.464857,6.070,N,1,0.797960,1,0.797960,1.298352,1.972034,1.325236,-0.960075,10.477027,3.330335,0.366935,1.253827,0.222545,1.325236,0.275500,-0.522290,0.089797,0.597286,0.590497,4.408000,-71.206001,-18.370001,NaN,1.077149,true,Self-supervised model,0.153342,5.384000,170.345940,31.639291,0.000000,0.000000,0.979714,2.218763,false,false
2026-04-17T15:12:33.931899,0.049884,-0.796400,1.466219,5.992,N,1,0.797960,1,0.797960,1.298563,1.967096,1.299671,-0.883460,10.481815,3.296816,0.390464,1.233456,0.123569,1.299671,0.325591,-0.528398,0.046426,0.622390,0.620657,4.408000,-71.206001,-18.370001,NaN,1.077454,true,Self-supervised model,0.152828,5.392000,170.423987,31.606822,0.000000,0.000000,0.999147,2.088192,false,false
2026-04-17T15:12:33.939990,0.049884,-0.796400,1.467618,5.912,N,1,0.797960,1,0.797960,1.282497,1.961712,1.198150,-0.842759,10.469844,3.179500,0.323409,1.152814,-0.044615,1.198150,0.359189,-0.523512,0.010385,0.634971,0.634887,4.408000,-71.206001,-18.370001,NaN,1.079000,true,Self-supervised model,0.150238,5.400000,170.504138,31.574840,0.000000,0.000000,1.070397,1.886935,false,false
2026-04-17T15:12:33.949156,0.049884,-0.796400,1.469272,5.817,N,1,0.797960,1,0.797960,1.258284,1.955575,1.131167,-0.895431,10.398018,2.990358,0.275838,1.079235,-0.196730,1.131167,0.373239,-0.506407,-0.021991,0.629475,0.629091,4.408000,-71.206001,-18.370001,NaN,1.081677,true,Self-supervised model,0.148769,5.409000,170.598934,31.539829,0.000000,0.000000,1.112377,1.797000,false,false
2026-04-17T15:12:33.955737,0.049884,-0.796400,1.471311,5.700,N,1,0.797960,1,0.797960,1.226646,1.948417,1.060544,-0.931344,10.333375,2.815581,0.230604,0.991416,-0.297776,1.060544,0.368963,-0.483805,-0.040928,0.609816,0.608441,4.408000,-71.206001,-18.370001,NaN,1.085251,true,Self-supervised model,0.146169,5.416000,170.715730,31.520630,0.000000,0.000000,1.156619,1.739121,false,false
2026-04-17T15:12:33.964231,0.049884,-0.796400,1.473776,5.559,N,1,0.797960,1,0.797960,1.194147,1.940247,1.023533,-0.967257,10.254366,2.691083,0.206018,0.939903,-0.348938,1.023533,0.349415,-0.459371,-0.046426,0.579023,0.577159,4.408000,-71.206001,-18.370001,NaN,1.089424,true,Self-supervised model,0.146260,5.424000,170.856983,31.500181,0.000000,0.000000,1.166692,1.767689,false,false
2026-04-17T15:12:33.972878,0.049884,-0.796400,1.476625,5.396,N,1,0.797960,1,0.797960,1.165590,1.931260,1.015660,-0.984017,10.211270,2.616863,0.215691,0.941772,-0.313225,1.015660,0.316428,-0.428217,-0.044593,0.534308,0.532444,4.408000,-71.206001,-18.370001,NaN,1.093809,true,Self-supervised model,0.146597,5.433000,171.020234,31.478048,0.000000,0.000000,1.147617,1.900890,false,false
2026-04-17T15:12:33.982437,0.049884,-0.796400,1.479738,5.217,N,1,0.797960,1,0.797960,1.133031,1.921331,0.962100,-0.967257,10.220847,2.631228,0.264032,0.896394,-0.228916,0.962100,0.285885,-0.383013,-0.036652,0.479346,0.477942,4.408000,-71.206001,-18.370001,NaN,1.097974,true,Self-supervised model,0.146431,5.442000,171.198561,31.458758,0.000000,0.000000,1.177664,2.007112,false,false
2026-04-17T15:12:33.987615,0.049884,-0.796400,1.482978,5.032,N,1,0.797960,1,0.797960,1.099719,1.910467,0.924833,-0.912191,10.182540,2.695871,0.398674,0.822573,-0.140530,0.924833,0.272446,-0.329256,-0.025045,0.428093,0.427360,4.408000,-71.206001,-18.370001,NaN,1.101727,true,Self-supervised model,0.143975,5.448000,171.384236,31.458193,0.000000,0.000000,1.189101,2.160353,false,false
2026-04-17T15:12:33.996004,0.049884,-0.796400,1.486222,4.846,N,1,0.797960,1,0.797960,1.064036,1.898609,0.876698,-0.770933,10.115502,2.765303,0.478751,0.731894,-0.061052,0.876698,0.278555,-0.259618,-0.019548,0.381282,0.380781,4.408000,-71.206001,-18.370001,NaN,1.104983,true,Self-supervised model,0.145879,5.456000,171.570083,31.446130,0.000000,0.000000,1.213686,2.299342,false,false
2026-04-17T15:12:34.003645,0.049884,-0.796400,1.489412,4.663,N,1,0.797960,1,0.797960,1.036074,1.886108,0.889276,-0.684742,10.031705,2.825158,0.540380,0.705503,-0.032637,0.889276,0.292604,-0.208305,-0.020159,0.359743,0.359177,4.408000,-71.206001,-18.370001,NaN,1.107957,true,Self-supervised model,0.146645,5.464000,171.752842,31.433536,0.000000,0.000000,1.165077,2.471978,false,false
2026-04-17T15:12:34.011781,0.049884,-0.796400,1.492550,4.483,N,1,0.797960,1,0.797960,1.014996,1.873264,0.904332,-0.617704,10.012551,2.832341,0.530694,0.731360,-0.035956,0.904332,0.312152,-0.177762,-0.021380,0.359855,0.359219,4.408000,-71.206001,-18.370001,NaN,1.110889,true,Self-supervised model,0.148093,5.472000,171.932649,31.420440,0.000000,0.000000,1.122370,2.513049,false,false
2026-04-17T15:12:34.019451,0.049884,-0.796400,1.495665,4.305,N,1,0.797960,1,0.797960,1.007795,1.860645,0.969989,-0.622492,10.046070,2.806004,0.506509,0.823929,-0.073948,0.969989,0.324369,-0.174707,-0.018326,0.368882,0.368427,4.408000,-71.206001,-18.370001,NaN,1.113913,true,Self-supervised model,0.149781,5.479000,172.111145,31.412876,0.000000,0.000000,1.038975,2.629535,false,false
2026-04-17T15:12:34.028151,0.049884,-0.796400,1.498771,4.127,N,1,0.797960,1,0.797960,1.011171,1.848666,1.028896,-0.641646,10.146626,2.743755,0.452806,0.913929,-0.135379,1.028896,0.331700,-0.186314,-0.007941,0.380527,0.380444,4.408000,-71.206001,-18.370001,NaN,1.116980,true,Self-supervised model,0.152026,5.488000,172.289081,31.393783,0.000000,0.000000,0.982773,2.703872,false,false
2026-04-17T15:12:34.035664,0.049884,-0.796400,1.501847,3.951,N,1,0.797960,1,0.797960,1.031603,1.837983,1.138872,-0.689530,10.244789,2.657564,0.421759,1.044493,-0.167880,1.138872,0.335365,-0.199753,0.009774,0.390470,0.390347,4.408000,-71.206001,-18.370001,NaN,1.119938,true,Self-supervised model,0.154454,5.496000,172.465333,31.380155,0.000000,0.000000,0.905811,2.916673,false,false
2026-04-17T15:12:34.046135,0.049884,-0.796400,1.504851,3.778,N,1,0.797960,1,0.797960,1.060000,1.828864,1.209083,-0.713472,10.383653,2.600103,0.468104,1.100734,-0.176482,1.209083,0.340252,-0.211970,0.032376,0.402183,0.400878,4.408000,-71.206001,-18.370001,NaN,1.122656,true,Self-supervised model,0.157247,5.506000,172.637471,31.354426,0.000000,0.000000,0.876697,3.006303,false,false
2026-04-17T15:12:34.051327,0.049884,-0.796400,1.507713,3.614,N,1,0.797960,1,0.797960,1.095697,1.821537,1.283105,-0.658405,10.448297,2.566584,0.529962,1.154538,-0.180389,1.283105,0.341474,-0.211359,0.048869,0.404556,0.401593,4.408000,-71.206001,-18.370001,NaN,1.124944,true,Self-supervised model,0.156418,5.511000,172.801407,31.355726,0.000000,0.000000,0.853942,3.171641,false,false
2026-04-17T15:12:34.062354,0.049884,-0.796400,1.510379,3.462,N,1,0.797960,1,0.797960,1.130846,1.815910,1.315377,-0.586579,10.510546,2.537854,0.597995,1.150764,-0.219917,1.315377,0.345750,-0.205862,0.065363,0.407669,0.402395,4.408000,-71.206001,-18.370001,NaN,1.126831,true,Self-supervised model,0.159915,5.522000,172.954174,31.320930,0.000000,0.000000,0.859712,3.226581,false,false
2026-04-17T15:12:34.067724,0.049884,-0.796400,1.512825,3.322,N,1,0.797960,1,0.797960,1.166378,1.811928,1.352922,-0.507571,10.515334,2.473210,0.644309,1.149356,-0.306992,1.352922,0.350637,-0.190590,0.070860,0.405329,0.399087,3.622000,-69.688004,-16.537001,NaN,1.128396,true,Self-supervised model,0.158366,5.528000,173.094328,31.312288,0.000000,0.000000,0.862118,3.337834,false,false
2026-04-17T15:12:34.076542,0.049884,-0.796400,1.515071,3.193,N,1,0.797960,1,0.797960,1.211253,1.809901,1.446848,-0.450110,10.522516,2.360683,0.719731,1.162495,-0.473246,1.446848,0.338419,-0.183260,0.064141,0.390161,0.384853,3.622000,-69.688004,-16.537001,NaN,1.129840,true,Self-supervised model,0.162430,5.536000,173.222990,31.290280,0.000000,0.000000,0.837167,3.708333,false,false
2026-04-17T15:12:34.083496,0.049884,-0.796400,1.517159,3.073,N,1,0.797960,1,0.797960,1.264493,1.810085,1.544003,-0.363919,10.544065,2.169147,0.774360,1.159605,-0.663045,1.544003,0.299324,-0.189979,0.049480,0.357960,0.354523,3.622000,-69.688004,-16.537001,NaN,1.131298,true,Self-supervised model,0.164380,5.543000,173.342627,31.272348,0.000000,0.000000,0.818970,4.313343,false,false
2026-04-17T15:12:34.092011,0.049884,-0.796400,1.519121,2.961,N,1,0.797960,1,0.797960,1.321531,1.812543,1.620980,-0.299275,10.548853,1.956063,0.808356,1.143653,-0.816208,1.620980,0.231518,-0.207083,0.029932,0.312058,0.310619,3.622000,-69.688004,-16.537001,NaN,1.132756,true,Self-supervised model,0.167927,5.552000,173.455050,31.241904,0.000000,0.000000,0.815267,5.194488,false,false
2026-04-17T15:12:34.099902,0.049884,-0.796400,1.520952,2.856,N,1,0.797960,1,0.797960,1.373112,1.816966,1.643911,-0.256180,10.539276,1.783680,0.871980,1.079160,-0.881765,1.643911,0.139277,-0.231518,0.006109,0.270252,0.270183,3.622000,-69.688004,-16.537001,NaN,1.134061,true,Self-supervised model,0.169400,5.560000,173.559945,31.215818,0.000000,0.000000,0.835271,6.082888,false,false
2026-04-17T15:12:34.108770,0.049884,-0.796400,1.522608,2.761,N,1,0.797960,1,0.797960,1.419070,1.823050,1.660350,-0.184354,10.479421,1.704672,0.964890,0.975824,-0.934620,1.660350,0.048258,-0.252898,-0.020769,0.258298,0.257461,3.622000,-69.688004,-16.537001,NaN,1.135019,true,Self-supervised model,0.170622,5.569000,173.654835,31.182409,0.000000,0.000000,0.854681,6.428045,false,false
2026-04-17T15:12:34.116148,0.049884,-0.796400,1.524023,2.680,N,1,0.797960,1,0.797960,1.454173,1.830295,1.638462,-0.083797,10.378864,1.644817,1.069766,0.777802,-0.967049,1.638462,-0.076969,-0.255953,-0.059865,0.273897,0.267275,3.622000,-69.688004,-16.537001,NaN,1.135473,true,Self-supervised model,0.169669,5.576000,173.735955,31.157811,0.000000,0.000000,0.887523,5.982031,false,false
2026-04-17T15:12:34.123815,0.049884,-0.796400,1.525285,2.608,N,1,0.797960,1,0.797960,1.470212,1.837891,1.554420,0.023942,10.180145,1.616086,1.139020,0.541980,-0.908358,1.554420,-0.214414,-0.243124,-0.099571,0.339112,0.324165,3.622000,-69.688004,-16.537001,NaN,1.136119,true,Self-supervised model,0.166211,5.584000,173.808246,31.126119,0.000000,0.000000,0.945827,4.583794,false,false
2026-04-17T15:12:34.131320,0.049884,-0.796400,1.526335,2.547,N,1,0.797960,1,0.797960,1.467565,1.845078,1.453669,0.093374,9.940725,1.687912,1.188849,0.357028,-0.756520,1.453669,-0.362854,-0.221744,-0.128282,0.444173,0.425245,3.622000,-69.688004,-16.537001,NaN,1.136323,true,Self-supervised model,0.161889,5.591000,173.868418,31.097910,0.000000,0.000000,1.009560,3.272754,false,false
2026-04-17T15:12:34.139768,0.049884,-0.796400,1.527066,2.506,N,1,0.797960,1,0.797960,1.447798,1.851187,1.344022,0.141258,9.749189,1.862689,1.254179,0.098359,-0.473031,1.344022,-0.487470,-0.199142,-0.142942,0.545635,0.526579,3.622000,-69.688004,-16.537001,NaN,1.135774,true,Self-supervised model,0.157977,5.600000,173.910271,31.055406,0.000000,0.000000,1.077213,2.463226,false,false
2026-04-17T15:12:34.147654,0.049884,-0.796400,1.527332,2.490,N,1,0.797960,1,0.797960,1.425987,1.856179,1.311477,0.203507,9.481039,2.178724,1.300311,-0.160000,-0.059694,1.311477,-0.609644,-0.158214,-0.138666,0.644923,0.629839,3.622000,-69.688004,-16.537001,NaN,1.134182,true,Self-supervised model,0.155798,5.608000,173.925505,31.013820,0.000000,0.000000,1.087314,2.033542,false,false
2026-04-17T15:12:34.155941,0.049884,-0.796400,1.526949,2.512,N,1,0.797960,1,0.797960,1.440014,1.861533,1.513655,0.246603,9.210494,2.633622,1.390397,-0.445138,0.399750,1.513655,-0.691499,-0.124006,-0.121562,0.712970,0.702530,3.622000,-69.688004,-16.537001,NaN,1.131204,true,Self-supervised model,0.158432,5.616000,173.903566,30.965735,0.000000,0.000000,0.951349,2.123028,false,false
2026-04-17T15:12:34.163910,0.049884,-0.796400,1.525744,2.581,N,1,0.797960,1,0.797960,1.506958,1.869350,1.858416,0.335188,8.911219,3.141193,1.494755,-0.695594,0.857651,1.858416,-0.724486,-0.099571,-0.092852,0.737168,0.731297,3.622000,-69.688004,-16.537001,NaN,1.126712,true,Self-supervised model,0.162618,5.624000,173.834537,30.909413,0.000000,0.000000,0.810883,2.521023,false,false
2026-04-17T15:12:34.172400,0.049884,-0.796400,1.523614,2.703,N,1,0.797960,1,0.797960,1.647100,1.882460,2.382845,0.440533,8.645462,3.651158,1.686627,-0.940940,1.395661,2.382845,-0.712269,-0.091630,-0.065363,0.721107,0.718139,3.622000,-69.688004,-16.537001,NaN,1.120880,true,Self-supervised model,0.169429,5.632000,173.712490,30.843837,0.000000,0.000000,0.691233,3.304426,false,false
2026-04-17T15:12:34.180119,0.049884,-0.796400,1.520520,2.881,N,1,0.797960,1,0.797960,1.843283,1.902893,2.873243,0.636858,8.384495,4.242526,1.862503,-1.161659,1.853957,2.873243,-0.643852,-0.103847,-0.038485,0.653307,0.652173,3.622000,-69.688004,-16.537001,NaN,1.113929,true,Self-supervised model,0.175309,5.640000,173.535199,30.768652,0.000000,0.000000,0.641534,4.397995,false,false
2026-04-17T15:12:34.187217,0.049884,-0.796400,1.514228,3.241,N,1,0.797960,1,0.797960,2.076330,1.931830,3.299828,0.859518,8.152257,4.754885,2.038806,-1.333305,2.225854,3.299828,-0.516792,-0.125838,-0.021991,0.532347,0.531892,3.622000,-69.688004,-16.537001,NaN,1.094847,true,Self-supervised model,0.179148,5.647000,173.174702,30.666673,0.000000,0.000000,0.629224,6.198646,false,false
2026-04-17T15:12:34.196555,0.049884,-0.796400,1.505347,3.750,N,1,0.797960,1,0.797960,2.304768,1.968748,3.504067,1.084573,7.967903,5.183447,2.173545,-1.433025,2.345340,3.504067,-0.342085,-0.147829,-0.023824,0.373421,0.372660,3.622000,-69.688004,-16.537001,NaN,1.075613,true,Self-supervised model,0.186900,5.656000,172.665893,30.527916,0.000000,0.000000,0.657741,9.383700,false,false
2026-04-17T15:12:34.203916,0.049884,-0.796400,1.497079,4.224,N,1,0.797960,1,0.797960,2.502614,2.012102,3.541304,1.230620,7.857770,5.339070,2.275076,-1.445362,2.296909,3.541304,-0.171653,-0.150884,-0.038485,0.231758,0.228540,3.622000,-69.688004,-16.537001,NaN,1.069792,true,Self-supervised model,0.194715,5.664000,172.192152,30.401157,0.000000,0.000000,0.706693,15.280181,false,false
2026-04-17T15:12:34.213818,0.049884,-0.796400,1.489600,4.652,N,1,0.797960,1,0.797960,2.634786,2.059010,3.328690,1.343147,7.838616,5.315128,2.278207,-1.413992,1.972455,3.328690,0.028711,-0.148440,-0.077580,0.169934,0.151191,3.622000,-69.688004,-16.537001,NaN,1.065472,true,Self-supervised model,0.203021,5.674000,171.763652,30.272057,0.000000,0.000000,0.791538,19.588174,false,false
2026-04-17T15:12:34.220676,0.049884,-0.796400,1.483171,5.021,N,1,0.797960,1,0.797960,2.679589,2.105833,2.914805,1.355118,7.867347,5.001487,2.121858,-1.269203,1.543674,2.914805,0.200975,-0.150273,-0.122784,0.279372,0.250944,3.622000,-69.688004,-16.537001,NaN,1.063240,true,Self-supervised model,0.184643,5.681000,171.395279,30.169914,0.000000,0.000000,0.919303,10.433424,false,false
2026-04-17T15:12:34.229113,0.049884,-0.796400,1.478044,5.314,N,1,0.797960,1,0.797960,2.624313,2.148572,2.334117,1.204283,8.013393,4.570531,1.820336,-1.084336,0.979130,2.334117,0.318872,-0.175318,-0.159436,0.397285,0.363890,3.817000,-69.939003,-16.072001,NaN,1.063322,true,Self-supervised model,0.175176,5.689000,171.101518,30.075851,0.000000,0.000000,1.124328,5.875169,false,false
2026-04-17T15:12:34.235693,0.049884,-0.796400,1.474387,5.524,N,1,0.797960,1,0.797960,2.489952,2.184227,1.784556,0.905008,8.202535,3.993528,1.486779,-0.874965,0.456690,1.784556,0.365908,-0.237016,-0.175929,0.470124,0.435965,3.817000,-69.939003,-16.072001,NaN,1.065548,true,Self-supervised model,0.164169,5.696000,170.892012,30.002109,0.000000,0.000000,1.395278,3.795927,false,false
2026-04-17T15:12:34.245600,0.049884,-0.796400,1.472200,5.649,N,1,0.797960,1,0.797960,2.312598,2.211362,1.381485,0.572214,8.418014,3.452439,1.195364,-0.690106,0.057969,1.381485,0.365908,-0.362243,-0.175318,0.543917,0.514887,3.817000,-69.939003,-16.072001,NaN,1.069237,true,Self-supervised model,0.159059,5.706000,170.766688,29.927565,0.000000,0.000000,1.673994,2.539883,false,false
2026-04-17T15:12:34.251474,0.049884,-0.796400,1.471326,5.699,N,1,0.797960,1,0.797960,2.123782,2.229859,1.132499,0.282516,8.609550,3.033453,0.963184,-0.564549,-0.190037,1.132499,0.313985,-0.535729,-0.169210,0.643602,0.620960,3.817000,-69.939003,-16.072001,NaN,1.073615,true,Self-supervised model,0.153612,5.711000,170.716596,29.892593,0.000000,0.000000,1.875305,1.759626,false,false
2026-04-17T15:12:34.259418,0.049884,-0.796400,1.471509,5.689,N,1,0.797960,1,0.797960,1.940755,2.240295,0.979864,0.055067,8.741230,2.767697,0.770051,-0.456707,-0.398213,0.979864,0.239459,-0.700662,-0.158214,0.757166,0.740452,3.817000,-69.939003,-16.072001,NaN,1.078030,true,Self-supervised model,0.150035,5.719000,170.727112,29.852616,0.000000,0.000000,1.980638,1.294120,false,false
2026-04-17T15:12:34.267474,0.049884,-0.796400,1.472449,5.635,N,1,0.797960,1,0.797960,1.785239,2.244092,0.968783,-0.129287,8.853758,2.547431,0.698876,-0.447110,-0.500205,0.968783,0.118508,-0.873537,-0.133169,0.891541,0.881539,3.817000,-69.939003,-16.072001,NaN,1.081995,true,Self-supervised model,0.145210,5.727000,170.780954,29.820317,0.000000,0.000000,1.842765,1.086639,false,false
2026-04-17T15:12:34.275683,0.049884,-0.796400,1.473788,5.558,N,1,0.797960,1,0.797960,1.659467,2.242707,0.999165,-0.186748,8.865729,2.442086,0.747710,-0.451566,-0.485127,0.999165,-0.018326,-0.985937,-0.107512,0.991950,0.986107,3.817000,-69.939003,-16.072001,NaN,1.084932,true,Self-supervised model,0.142236,5.736000,170.857683,29.786904,0.000000,0.000000,1.660855,1.007273,false,false
2026-04-17T15:12:34.283375,0.049884,-0.796400,1.475176,5.479,N,1,0.797960,1,0.797960,1.569833,2.237792,1.099255,-0.119710,8.860941,2.463634,0.891872,-0.508394,-0.393018,1.099255,-0.145997,-1.003652,-0.083689,1.017662,1.014215,3.817000,-69.939003,-16.072001,NaN,1.086513,true,Self-supervised model,0.142399,5.743000,170.937184,29.764441,0.000000,0.000000,1.428088,1.080178,false,false
2026-04-17T15:12:34.291321,0.049884,-0.796400,1.476327,5.413,N,1,0.797960,1,0.797960,1.514105,2.230845,1.221531,0.045490,8.801085,2.571373,1.083461,-0.524593,-0.207490,1.221531,-0.235794,-0.943787,-0.072082,0.975463,0.972796,3.817000,-69.939003,-16.072001,NaN,1.086719,true,Self-supervised model,0.145416,5.751000,171.003154,29.734508,0.000000,0.000000,1.239514,1.252258,false,false
2026-04-17T15:12:34.299482,0.049884,-0.796400,1.477080,5.370,N,1,0.797960,1,0.797960,1.489075,2.223174,1.357666,0.258574,8.779537,2.779668,1.241695,-0.548229,0.029921,1.357666,-0.313374,-0.803899,-0.075136,0.866084,0.862819,3.817000,-69.939003,-16.072001,NaN,1.085877,true,Self-supervised model,0.150441,5.759000,171.046276,29.700690,0.000000,0.000000,1.096790,1.567592,false,false
2026-04-17T15:12:34.308140,0.049884,-0.796400,1.477402,5.351,N,1,0.797960,1,0.797960,1.492405,2.215943,1.509888,0.435745,8.748413,3.045424,1.373386,-0.560815,0.281177,1.509888,-0.358578,-0.626748,-0.098349,0.728741,0.722074,3.817000,-69.939003,-16.072001,NaN,1.084478,true,Self-supervised model,0.156202,5.768000,171.064745,29.657549,0.000000,0.000000,0.988421,2.071914,false,false
2026-04-17T15:12:34.315769,0.049884,-0.796400,1.477385,5.352,N,1,0.797960,1,0.797960,1.510411,2.209722,1.604945,0.581791,8.726865,3.327940,1.441391,-0.522409,0.474689,1.604945,-0.360410,-0.450819,-0.130114,0.591661,0.577177,3.817000,-69.939003,-16.072001,NaN,1.083102,true,Self-supervised model,0.160772,5.776000,171.063755,29.616301,0.000000,0.000000,0.941098,2.712609,false,false
2026-04-17T15:12:34.323641,0.049884,-0.796400,1.477200,5.363,N,1,0.797960,1,0.797960,1.539001,2.204893,1.689095,0.658405,8.755595,3.552995,1.490930,-0.498534,0.617766,1.689095,-0.332922,-0.328035,-0.161268,0.494420,0.467379,3.817000,-69.939003,-16.072001,NaN,1.082245,true,Self-supervised model,0.164026,5.784000,171.053141,29.573503,0.000000,0.000000,0.911139,3.416318,false,false
2026-04-17T15:12:34.331661,0.049884,-0.796400,1.477040,5.372,N,1,0.797960,1,0.797960,1.560339,2.201111,1.672367,0.711078,8.769960,3.725378,1.478342,-0.427572,0.654597,1.672367,-0.275500,-0.240681,-0.204029,0.418874,0.365825,3.817000,-69.939003,-16.072001,NaN,1.082187,true,Self-supervised model,0.165607,5.792000,171.043980,29.531074,0.000000,0.000000,0.933013,3.992529,false,false
2026-04-17T15:12:34.340358,0.049884,-0.796400,1.477111,5.368,N,1,0.797960,1,0.797960,1.557643,2.197372,1.543487,0.696713,8.832211,3.787627,1.395442,-0.341091,0.564580,1.543487,-0.206472,-0.211970,-0.251066,0.388067,0.295909,3.817000,-69.939003,-16.072001,NaN,1.083182,true,Self-supervised model,0.164388,5.800000,171.048058,29.491044,0.000000,0.000000,1.009172,3.977369,false,false
2026-04-17T15:12:34.348110,0.049884,-0.796400,1.477615,5.339,N,1,0.797960,1,0.797960,1.528791,2.192629,1.377316,0.608127,8.911219,3.718195,1.290994,-0.236931,0.417370,1.377316,-0.137445,-0.238237,-0.288939,0.398916,0.275042,3.817000,-69.939003,-16.072001,NaN,1.085420,true,Self-supervised model,0.160789,5.808000,171.076966,29.455401,0.000000,0.000000,1.109978,3.452647,false,false
2026-04-17T15:12:34.355924,0.049884,-0.796400,1.478715,5.276,N,1,0.797960,1,0.797960,1.457406,2.185220,1.082633,0.495600,9.009381,3.586514,1.054543,-0.102351,0.222616,1.082633,-0.092852,-0.289550,-0.317039,0.439289,0.304073,3.817000,-69.939003,-16.072001,NaN,1.088899,true,Self-supervised model,0.153424,5.816000,171.139951,29.425714,0.000000,0.000000,1.346167,2.464515,false,false
2026-04-17T15:12:34.363636,0.049884,-0.796400,1.478831,5.269,N,1,0.797960,1,0.797960,1.356333,2.174065,0.825700,0.277727,9.138668,3.411737,0.821145,-0.086266,0.007699,0.825700,-0.058032,-0.361632,-0.337198,0.497843,0.366259,3.817000,-69.939003,-16.072001,NaN,1.085083,true,Self-supervised model,0.148811,5.824000,171.146621,29.386439,0.000000,0.000000,1.642646,1.658554,false,false
2026-04-17T15:12:34.371733,0.049884,-0.796400,1.478378,5.295,N,1,0.797960,1,0.797960,1.239545,2.158684,0.626407,0.062249,9.150639,3.213019,0.591637,-0.104832,-0.177094,0.626407,-0.028100,-0.416610,-0.343917,0.540955,0.417557,3.817000,-69.939003,-16.072001,NaN,1.082353,true,Self-supervised model,0.145234,5.832000,171.120672,29.341679,0.000000,0.000000,1.978816,1.157965,false,false
2026-04-17T15:12:34.380742,0.049884,-0.796400,1.477714,5.333,N,1,0.797960,1,0.797960,1.128876,2.139492,0.547868,-0.150835,9.129091,3.040636,0.435461,-0.160423,-0.291201,0.547868,-0.003054,-0.459982,-0.336587,0.569985,0.459992,3.817000,-69.939003,-16.072001,NaN,1.080845,true,Self-supervised model,0.143626,5.841000,171.082632,29.289956,0.000000,0.000000,2.060488,0.961198,false,false
2026-04-17T15:12:34.387152,0.049884,-0.796400,1.477090,5.369,N,1,0.797960,1,0.797960,1.039397,2.117488,0.569627,-0.292093,9.071630,2.935291,0.254722,-0.248168,-0.444977,0.569627,0.010385,-0.487470,-0.318261,0.582259,0.487581,1.947000,-69.551003,-17.696001,NaN,1.080379,true,Self-supervised model,0.142453,5.847000,171.046852,29.253780,0.000000,0.000000,1.824696,0.978306,false,false
2026-04-17T15:12:34.395585,0.049884,-0.796400,1.476685,5.392,N,1,0.797960,1,0.797960,0.978529,2.093929,0.658972,-0.459687,8.983045,2.786851,0.116226,-0.339125,-0.552928,0.658972,0.019548,-0.507018,-0.286496,0.582691,0.507395,1.947000,-69.551003,-17.696001,NaN,1.080854,true,Self-supervised model,0.144517,5.855000,171.023675,29.209851,0.000000,0.000000,1.484932,1.130910,false,false
2026-04-17T15:12:34.403628,0.049884,-0.796400,1.476599,5.397,N,1,0.797960,1,0.797960,0.933937,2.069530,0.699834,-0.586579,8.892065,2.681506,-0.011870,-0.349260,-0.606337,0.699834,0.018937,-0.511294,-0.243124,0.566471,0.511645,1.947000,-69.551003,-17.696001,NaN,1.082042,true,Self-supervised model,0.146494,5.864000,171.018748,29.164179,0.000000,0.000000,1.334512,1.235427,false,false
2026-04-17T15:12:34.411750,0.049884,-0.796400,1.476835,5.384,N,1,0.797960,1,0.797960,0.902848,2.044862,0.739631,-0.703895,8.882488,2.628834,-0.063278,-0.340767,-0.653397,0.739631,0.017715,-0.496023,-0.190590,0.531674,0.496339,1.947000,-69.551003,-17.696001,NaN,1.083565,true,Self-supervised model,0.148424,5.872000,171.032257,29.126747,0.000000,0.000000,1.220675,1.391137,false,false
2026-04-17T15:12:34.419166,0.049884,-0.796400,1.477312,5.356,N,1,0.797960,1,0.797960,0.879198,2.020236,0.755036,-0.744597,8.892065,2.580950,-0.043541,-0.349607,-0.667801,0.755036,0.022602,-0.466090,-0.140499,0.487330,0.466638,1.947000,-69.551003,-17.696001,NaN,1.085006,true,Self-supervised model,0.149639,5.879000,171.059577,29.096713,0.000000,0.000000,1.164446,1.549330,false,false
2026-04-17T15:12:34.428646,0.049884,-0.796400,1.477891,5.323,N,1,0.797960,1,0.797960,0.855448,1.995644,0.730760,-0.713472,8.884883,2.564190,0.030206,-0.356855,-0.636987,0.730760,0.043371,-0.415999,-0.081856,0.426189,0.418254,1.947000,-69.551003,-17.696001,NaN,1.085996,true,Self-supervised model,0.150193,5.889000,171.092778,29.052943,0.000000,0.000000,1.170628,1.714640,false,false
2026-04-17T15:12:34.435417,0.049884,-0.796400,1.478425,5.292,N,1,0.797960,1,0.797960,0.839678,1.971406,0.756884,-0.627281,8.880095,2.590526,0.150762,-0.410654,-0.617662,0.756884,0.078191,-0.368352,-0.037874,0.378459,0.376559,1.947000,-69.551003,-17.696001,NaN,1.086347,true,Self-supervised model,0.151947,5.895000,171.123360,29.028560,0.000000,0.000000,1.109388,1.999909,false,false
2026-04-17T15:12:34.445181,0.049884,-0.796400,1.478796,5.271,N,1,0.797960,1,0.797960,0.844229,1.948319,0.868122,-0.493206,8.829816,2.602497,0.359377,-0.455998,-0.645406,0.868122,0.113621,-0.342085,-0.019548,0.360990,0.360460,1.947000,-69.551003,-17.696001,NaN,1.086066,true,Self-supervised model,0.156454,5.905000,171.144603,28.982998,0.000000,0.000000,0.972478,2.404837,false,false
2026-04-17T15:12:34.451536,0.049884,-0.796400,1.478970,5.261,N,1,0.797960,1,0.797960,0.870218,1.927195,1.006663,-0.270545,8.789114,2.564190,0.474826,-0.488180,-0.741344,1.006663,0.157603,-0.329867,-0.017104,0.365983,0.365583,1.947000,-69.551003,-17.696001,NaN,1.085453,true,Self-supervised model,0.160468,5.911000,171.154577,28.955266,0.000000,0.000000,0.864458,2.750572,false,false
2026-04-17T15:12:34.459330,0.049884,-0.796400,1.479002,5.259,N,1,0.797960,1,0.797960,0.917374,1.908802,1.164943,-0.141258,8.762778,2.454057,0.586577,-0.475799,-0.886925,1.164943,0.188757,-0.331089,-0.039706,0.383179,0.381116,1.947000,-69.551003,-17.696001,NaN,1.084918,true,Self-supervised model,0.164197,5.919000,171.156424,28.916443,0.000000,0.000000,0.787484,3.040210,false,false
2026-04-17T15:12:34.467389,0.049884,-0.796400,1.479017,5.259,N,1,0.797960,1,0.797960,0.977727,1.893559,1.294576,-0.016759,8.781932,2.291251,0.647312,-0.418441,-1.040106,1.294576,0.200975,-0.345750,-0.069639,0.405935,0.399917,1.947000,-69.551003,-17.696001,NaN,1.084864,true,Self-supervised model,0.166482,5.927000,171.157283,28.877558,0.000000,0.000000,0.755249,3.189121,false,false
2026-04-17T15:12:34.475566,0.049884,-0.796400,1.479159,5.250,N,1,0.797960,1,0.797960,1.040820,1.881449,1.372061,0.055067,8.846576,2.118869,0.592982,-0.294199,-1.201820,1.372061,0.193644,-0.349415,-0.102014,0.412306,0.399486,1.947000,-69.551003,-17.696001,NaN,1.085515,true,Self-supervised model,0.167675,5.935000,171.165435,28.840006,0.000000,0.000000,0.758581,3.327778,false,false
2026-04-17T15:12:34.483650,0.049884,-0.796400,1.479570,5.227,N,1,0.797960,1,0.797960,1.103042,1.872313,1.429709,0.009577,8.978256,1.936909,0.536728,-0.193644,-1.310913,1.429709,0.167377,-0.341474,-0.144164,0.406697,0.380289,1.947000,-69.551003,-17.696001,NaN,1.086999,true,Self-supervised model,0.168593,5.944000,171.188957,28.800296,0.000000,0.000000,0.771515,3.515413,false,false
2026-04-17T15:12:34.491453,0.049884,-0.796400,1.480375,5.181,N,1,0.797960,1,0.797960,1.157321,1.865713,1.442283,-0.040701,9.085996,1.807622,0.493443,-0.128417,-1.349149,1.442283,0.127671,-0.317039,-0.186925,0.389557,0.341780,1.947000,-69.551003,-17.696001,NaN,1.089381,true,Self-supervised model,0.168642,5.951000,171.235067,28.774167,0.000000,0.000000,0.802423,3.702369,false,false
2026-04-17T15:12:34.499517,0.049884,-0.796400,1.481670,5.107,N,1,0.797960,1,0.797960,1.196895,1.860961,1.404658,-0.081403,9.157822,1.750161,0.420162,-0.105535,-1.336185,1.404658,0.082467,-0.287718,-0.227853,0.376164,0.299303,1.947000,-69.551003,-17.696001,NaN,1.092638,true,Self-supervised model,0.167781,5.959000,171.309284,28.747992,0.000000,0.000000,0.852090,3.734168,false,false
2026-04-17T15:12:34.508478,0.049884,-0.796400,1.483529,5.000,N,1,0.797960,1,0.797960,1.213936,1.857080,1.303404,-0.155623,9.186552,1.745373,0.314077,-0.134553,-1.257820,1.303404,0.044593,-0.257174,-0.253509,0.363860,0.261012,1.947000,-69.551003,-17.696001,NaN,1.096751,true,Self-supervised model,0.165284,5.968000,171.415787,28.722484,0.000000,0.000000,0.931359,3.582159,false,false
2026-04-17T15:12:34.515944,0.049884,-0.796400,1.485971,4.860,N,1,0.797960,1,0.797960,1.212375,1.853291,1.204181,-0.265756,9.162610,1.807622,0.220558,-0.196096,-1.167456,1.204181,0.001833,-0.221744,-0.274278,0.352707,0.221752,1.947000,-69.551003,-17.696001,NaN,1.101529,true,Self-supervised model,0.162373,5.976000,171.555738,28.707453,0.000000,0.000000,1.006805,3.414109,false,false
2026-04-17T15:12:34.523690,0.049884,-0.796400,1.488994,4.687,N,1,0.797960,1,0.797960,1.190536,1.848781,1.075878,-0.366313,9.105149,1.884237,0.115202,-0.254186,-1.039054,1.075878,-0.039095,-0.176540,-0.284052,0.336720,0.180817,1.947000,-69.551003,-17.696001,NaN,1.106869,true,Self-supervised model,0.159032,5.984000,171.728890,28.698010,0.000000,0.000000,1.106571,3.195169,false,false
2026-04-17T15:12:34.531699,0.049884,-0.796400,1.492548,4.483,N,1,0.797960,1,0.797960,1.159185,1.843197,0.994595,-0.481235,9.050082,2.001553,0.030697,-0.304220,-0.946429,0.994595,-0.070860,-0.136223,-0.276111,0.315935,0.153551,1.947000,-69.551003,-17.696001,NaN,1.112551,true,Self-supervised model,0.157399,5.992000,171.932527,28.693679,0.000000,0.000000,1.165485,3.148095,false,false
2026-04-17T15:12:34.541057,0.049884,-0.796400,1.496542,4.254,N,1,0.797960,1,0.797960,1.116377,1.836125,0.891631,-0.577003,9.002198,2.085350,-0.086192,-0.296060,-0.836615,0.891631,-0.092852,-0.092852,-0.259618,0.290937,0.131312,1.947000,-69.551003,-17.696001,NaN,1.118306,true,Self-supervised model,0.155286,6.001000,172.161385,28.688783,0.000000,0.000000,1.252062,3.064689,false,false
2026-04-17T15:12:34.547947,0.049884,-0.796400,1.500857,4.007,N,1,0.797960,1,0.797960,1.058264,1.827010,0.753171,-0.706290,9.011775,2.188300,-0.169565,-0.237222,-0.694435,0.753171,-0.109956,-0.043982,-0.229074,0.257876,0.118426,4.290000,-69.266006,-22.410002,NaN,1.123903,true,Self-supervised model,0.150005,6.008000,172.408607,28.696506,0.000000,0.000000,1.405077,2.920676,false,false
2026-04-17T15:12:34.555774,0.049884,-0.796400,1.505327,3.751,N,1,0.797960,1,0.797960,0.980506,1.815150,0.572280,-0.802058,9.071630,2.324770,-0.206064,-0.104184,-0.523630,0.572280,-0.111177,-0.000611,-0.186925,0.217489,0.111179,4.290000,-69.266006,-22.410002,NaN,1.128995,true,Self-supervised model,0.146628,6.016000,172.664733,28.700920,0.000000,0.000000,1.713332,2.631301,false,false
2026-04-17T15:12:34.563593,0.049884,-0.796400,1.509774,3.496,N,1,0.797960,1,0.797960,0.889514,1.800125,0.411802,-0.849942,9.205706,2.489970,-0.201584,-0.005103,-0.359053,0.411802,-0.100182,0.028100,-0.138056,0.172874,0.104048,4.290000,-69.266006,-22.410002,NaN,1.133351,true,Self-supervised model,0.144907,6.023000,172.919548,28.709870,0.000000,0.000000,2.160051,2.382098,false,false
2026-04-17T15:12:34.571935,0.049884,-0.796400,1.514016,3.253,N,1,0.797960,1,0.797960,0.790680,1.781747,0.271801,-0.854730,9.306262,2.647987,-0.123275,0.117210,-0.211993,0.271801,-0.075747,0.035430,-0.093462,0.125412,0.083624,4.290000,-69.266006,-22.410002,NaN,1.136771,true,Self-supervised model,0.149367,6.032000,173.162590,28.707326,0.000000,0.000000,2.909039,2.167265,false,false
2026-04-17T15:12:34.579821,0.049884,-0.796400,1.517902,3.031,N,1,0.797960,1,0.797960,0.706394,1.760733,0.263892,-0.782904,9.430760,2.786851,-0.024321,0.250510,-0.079323,0.263892,-0.037874,0.032987,-0.048258,0.069652,0.050225,4.290000,-69.266006,-22.410002,NaN,1.139230,true,Self-supervised model,0.147814,6.040000,173.385211,28.706161,0.000000,0.000000,2.676827,3.788722,false,false
2026-04-17T15:12:34.587249,0.049884,-0.796400,1.521317,2.835,N,1,0.797960,1,0.797960,0.652703,1.738411,0.370827,-0.687136,9.567230,2.908955,0.071243,0.363479,-0.017898,0.370827,0.013439,0.010385,-0.015882,0.023253,0.016984,4.290000,-69.266006,-22.410002,NaN,1.140763,true,Self-supervised model,0.148708,6.047000,173.580873,28.705287,0.000000,0.000000,1.760128,0.000000,false,false
2026-04-17T15:12:34.595902,0.049884,-0.796400,1.524202,2.670,N,1,0.797960,1,0.797960,0.631964,1.716154,0.523084,-0.591368,9.684546,2.956839,0.182887,0.489552,-0.022546,0.523084,0.065973,-0.009163,0.003054,0.066677,0.066607,4.290000,-69.266006,-22.410002,NaN,1.141527,true,Self-supervised model,0.156148,6.056000,173.746158,28.689920,0.000000,0.000000,1.208150,7.845074,false,false
2026-04-17T15:12:34.603604,0.049884,-0.796400,1.526544,2.535,N,1,0.797960,1,0.797960,0.639444,1.695085,0.678713,-0.476446,9.816227,2.935291,0.270202,0.616682,-0.085709,0.678713,0.111788,-0.026878,0.012828,0.115688,0.114974,4.290000,-69.266006,-22.410002,NaN,1.141700,true,Self-supervised model,0.160785,6.064000,173.880359,28.674202,0.000000,0.000000,0.942141,5.866776,false,false
2026-04-17T15:12:34.612854,0.049884,-0.796400,1.528363,2.431,N,1,0.797960,1,0.797960,0.665051,1.675884,0.799488,-0.383072,9.950302,2.851494,0.257971,0.738317,-0.165891,0.799488,0.151495,-0.039095,0.017104,0.157390,0.156458,4.290000,-69.266006,-22.410002,NaN,1.141424,true,Self-supervised model,0.164564,6.073000,173.984568,28.648867,0.000000,0.000000,0.831846,5.079659,false,false
2026-04-17T15:12:34.619328,0.049884,-0.796400,1.529730,2.353,N,1,0.797960,1,0.797960,0.704583,1.659032,0.912124,-0.387861,10.079589,2.748544,0.252862,0.833329,-0.271280,0.912124,0.182038,-0.045204,0.014661,0.188139,0.187566,4.290000,-69.266006,-22.410002,NaN,1.140985,true,Self-supervised model,0.166513,6.079000,174.062899,28.633476,0.000000,0.000000,0.772464,4.848149,false,false
2026-04-17T15:12:34.628931,0.049884,-0.796400,1.530761,2.294,N,1,0.797960,1,0.797960,0.746564,1.644533,0.966964,-0.385466,10.182540,2.619257,0.200117,0.882760,-0.340158,0.966964,0.196088,-0.052534,0.015882,0.203623,0.203003,4.290000,-69.266006,-22.410002,NaN,1.140671,true,Self-supervised model,0.168058,6.089000,174.121965,28.596151,0.000000,0.000000,0.772070,4.748784,false,false
2026-04-17T15:12:34.635926,0.049884,-0.796400,1.531556,2.248,N,1,0.797960,1,0.797960,0.782824,1.632065,0.973191,-0.430956,10.240001,2.525883,0.175963,0.877241,-0.382865,0.973191,0.199142,-0.066584,0.022602,0.211192,0.209979,4.290000,-69.266006,-22.410002,NaN,1.140523,true,Self-supervised model,0.167376,6.096000,174.167519,28.570787,0.000000,0.000000,0.804389,4.608095,false,false
2026-04-17T15:12:34.646157,0.049884,-0.796400,1.532168,2.213,N,1,0.797960,1,0.797960,0.815236,1.621391,0.985397,-0.447716,10.242394,2.458845,0.165121,0.884039,-0.402761,0.985397,0.188147,-0.087965,0.040928,0.211688,0.207694,4.290000,-69.266006,-22.410002,NaN,1.140403,true,Self-supervised model,0.167925,6.106000,174.202595,28.529740,0.000000,0.000000,0.827317,4.654939,false,false
2026-04-17T15:12:34.651390,0.049884,-0.796400,1.532566,2.190,N,1,0.797960,1,0.797960,0.842103,1.612220,0.983159,-0.450110,10.256760,2.415750,0.155024,0.893779,-0.379115,0.983159,0.163712,-0.103847,0.066584,0.204986,0.193871,4.290000,-69.266006,-22.410002,NaN,1.139946,true,Self-supervised model,0.167622,6.111000,174.225420,28.510133,0.000000,0.000000,0.856528,4.796224,false,false
2026-04-17T15:12:34.659842,0.049884,-0.796400,1.532670,2.184,N,1,0.797960,1,0.797960,0.867659,1.604437,1.001827,-0.450110,10.273520,2.418144,0.217338,0.930595,-0.300690,1.001827,0.140499,-0.109345,0.091019,0.199952,0.178034,4.290000,-69.266006,-22.410002,NaN,1.138872,true,Self-supervised model,0.168743,6.120000,174.231368,28.469178,0.000000,0.000000,0.866077,5.010344,false,false
2026-04-17T15:12:34.667852,0.049884,-0.796400,1.532378,2.201,N,1,0.797960,1,0.797960,0.898324,1.598193,1.059312,-0.375890,10.316615,2.477999,0.251705,1.018527,-0.146249,1.059312,0.117286,-0.103236,0.117897,0.195738,0.156249,4.290000,-69.266006,-22.410002,NaN,1.136994,true,Self-supervised model,0.170253,6.128000,174.214608,28.429277,0.000000,0.000000,0.848026,5.411880,false,false
2026-04-17T15:12:34.675662,0.049884,-0.796400,1.531594,2.246,N,1,0.797960,1,0.797960,0.936034,1.593707,1.134016,-0.328006,10.409989,2.616863,0.340018,1.080847,0.046358,1.134016,0.106291,-0.081245,0.138056,0.192244,0.133785,4.290000,-69.266006,-22.410002,NaN,1.134248,true,Self-supervised model,0.171699,6.136000,174.169728,28.384897,0.000000,0.000000,0.825416,5.898833,false,false
2026-04-17T15:12:34.683407,0.049884,-0.796400,1.530259,2.323,N,1,0.797960,1,0.797960,0.984348,1.591332,1.237994,-0.225055,10.477027,2.796427,0.442394,1.134047,0.225512,1.237994,0.111177,-0.056810,0.142942,0.189790,0.124851,4.290000,-69.266006,-22.410002,NaN,1.130707,true,Self-supervised model,0.173593,6.143000,174.093251,28.340103,0.000000,0.000000,0.795115,6.522953,false,false
2026-04-17T15:12:34.691673,0.049884,-0.796400,1.528397,2.429,N,1,0.797960,1,0.797960,1.052090,1.591763,1.407738,-0.107739,10.534488,2.964022,0.553279,1.213823,0.449713,1.407738,0.129503,-0.032987,0.134390,0.189526,0.133639,4.290000,-69.266006,-22.410002,NaN,1.126733,true,Self-supervised model,0.176921,6.152000,173.986529,28.281295,0.000000,0.000000,0.747362,7.427686,false,false
2026-04-17T15:12:34.700775,0.049884,-0.796400,1.526153,2.558,N,1,0.797960,1,0.797960,1.127743,1.595202,1.524922,0.016759,10.618284,3.177106,0.633419,1.238290,0.625144,1.524922,0.173486,0.003665,0.108734,0.204777,0.173524,4.290000,-69.266006,-22.410002,NaN,1.122965,true,Self-supervised model,0.178223,6.161000,173.857969,28.219115,0.000000,0.000000,0.739542,7.446725,false,false
2026-04-17T15:12:34.708361,0.049884,-0.796400,1.523767,2.695,N,1,0.797960,1,0.797960,1.200766,1.601424,1.584135,0.107739,10.647015,3.339911,0.655090,1.264338,0.694110,1.584135,0.231518,0.043371,0.075136,0.247239,0.235545,4.715000,-69.382004,-23.187000,NaN,1.120010,true,Self-supervised model,0.176577,6.168000,173.721259,28.164925,0.000000,0.000000,0.757995,6.407302,false,false
2026-04-17T15:12:34.716089,0.049884,-0.796400,1.521522,2.823,N,1,0.797960,1,0.797960,1.258167,1.609694,1.559520,0.136469,10.678140,3.392584,0.587520,1.272676,0.683533,1.559520,0.291994,0.086132,0.040317,0.307090,0.304432,4.715000,-69.382004,-23.187000,NaN,1.118329,true,Self-supervised model,0.174069,6.176000,173.592637,28.107616,0.000000,0.000000,0.806765,5.078377,false,false
2026-04-17T15:12:34.723973,0.049884,-0.796400,1.519686,2.928,N,1,0.797960,1,0.797960,1.305282,1.619518,1.552638,0.071826,10.692505,3.361459,0.491946,1.330388,0.631459,1.552638,0.335976,0.114232,0.020769,0.355472,0.354864,4.715000,-69.382004,-23.187000,NaN,1.118128,true,Self-supervised model,0.172929,6.184000,173.487432,28.054242,0.000000,0.000000,0.840687,4.367825,false,false
2026-04-17T15:12:34.732039,0.049884,-0.796400,1.518415,3.001,N,1,0.797960,1,0.797960,1.350319,1.630750,1.586765,-0.023942,10.757148,3.284845,0.364709,1.449594,0.532434,1.586765,0.377515,0.150273,0.006720,0.406380,0.406324,4.715000,-69.382004,-23.187000,NaN,1.119117,true,Self-supervised model,0.173070,6.192000,173.414606,28.006235,0.000000,0.000000,0.850989,3.904636,false,false
2026-04-17T15:12:34.740569,0.049884,-0.796400,1.517740,3.040,N,1,0.797960,1,0.797960,1.393953,1.643278,1.623029,-0.153229,10.884041,3.157952,0.233953,1.549085,0.424058,1.623029,0.405004,0.192423,0.006109,0.448433,0.448391,4.715000,-69.382004,-23.187000,NaN,1.120827,true,Self-supervised model,0.173247,6.200000,173.375939,27.963861,0.000000,0.000000,0.858859,3.619338,false,false
2026-04-17T15:12:34.747899,0.049884,-0.796400,1.517626,3.046,N,1,0.797960,1,0.797960,1.435679,1.656974,1.654743,-0.287304,10.991780,3.019088,0.101552,1.612297,0.358276,1.654743,0.423940,0.243735,0.010385,0.489122,0.489012,4.715000,-69.382004,-23.187000,NaN,1.122958,true,Self-supervised model,0.173331,6.208000,173.369420,27.926775,0.000000,0.000000,0.867614,3.383090,false,false
2026-04-17T15:12:34.755498,0.049884,-0.796400,1.517987,3.026,N,1,0.797960,1,0.797960,1.478414,1.671831,1.702772,-0.423774,11.063606,2.920926,-0.047147,1.675278,0.301090,1.702772,0.437990,0.287718,0.015882,0.524280,0.524039,4.715000,-69.382004,-23.187000,NaN,1.125216,true,Self-supervised model,0.172883,6.215000,173.390076,27.898645,0.000000,0.000000,0.868240,3.247832,false,false
2026-04-17T15:12:34.765465,0.049884,-0.796400,1.518727,2.983,N,1,0.797960,1,0.797960,1.514126,1.687523,1.701614,-0.577003,11.135432,2.829947,-0.167088,1.673344,0.259797,1.701614,0.453873,0.328645,0.028711,0.561100,0.560365,4.715000,-69.382004,-23.187000,NaN,1.127475,true,Self-supervised model,0.171578,6.225000,173.432492,27.860641,0.000000,0.000000,0.889817,3.032642,false,false
2026-04-17T15:12:34.772945,0.049884,-0.796400,1.519749,2.925,N,1,0.797960,1,0.797960,1.542776,1.703733,1.693188,-0.701501,11.142614,2.753332,-0.254429,1.661615,0.202943,1.693188,0.470366,0.348804,0.048869,0.587620,0.585584,4.715000,-69.382004,-23.187000,NaN,1.129622,true,Self-supervised model,0.170066,6.233000,173.491025,27.834273,0.000000,0.000000,0.911166,2.881435,false,false
2026-04-17T15:12:34.779739,0.049884,-0.796400,1.520922,2.858,N,1,0.797960,1,0.797960,1.555266,1.719795,1.620837,-0.792481,11.140221,2.659958,-0.269496,1.594557,0.108962,1.620837,0.482584,0.345750,0.078191,0.598785,0.593658,4.715000,-69.382004,-23.187000,NaN,1.131402,true,Self-supervised model,0.167849,6.240000,173.558258,27.813823,0.000000,0.000000,0.959545,2.706876,false,false
2026-04-17T15:12:34.787367,0.049884,-0.796400,1.522097,2.790,N,1,0.797960,1,0.797960,1.548962,1.734961,1.515870,-0.809240,11.082760,2.528277,-0.294050,1.484348,-0.090030,1.515870,0.477697,0.324980,0.100793,0.586486,0.577760,4.715000,-69.382004,-23.187000,NaN,1.132582,true,Self-supervised model,0.166128,6.247000,173.625563,27.793431,0.000000,0.000000,1.021831,2.584666,false,false
2026-04-17T15:12:34.795905,0.049884,-0.796400,1.523135,2.731,N,1,0.797960,1,0.797960,1.536664,1.749029,1.472096,-0.833182,10.982203,2.291251,-0.330567,1.381622,-0.385892,1.472096,0.457538,0.311541,0.126449,0.567793,0.553533,4.715000,-69.382004,-23.187000,NaN,1.133074,true,Self-supervised model,0.165852,6.256000,173.685039,27.762954,0.000000,0.000000,1.043861,2.592666,false,false
2026-04-17T15:12:34.803351,0.049884,-0.796400,1.523894,2.687,N,1,0.797960,1,0.797960,1.535203,1.762476,1.527534,-0.866701,10.888829,1.958457,-0.390770,1.327591,-0.646653,1.527534,0.400728,0.300546,0.150273,0.522965,0.500909,4.715000,-69.382004,-23.187000,NaN,1.132718,true,Self-supervised model,0.167916,6.263000,173.728543,27.738870,0.000000,0.000000,1.005021,2.920911,false,false
2026-04-17T15:12:34.812029,0.049884,-0.796400,1.524220,2.669,N,1,0.797960,1,0.797960,1.564766,1.776568,1.719969,-0.921768,10.843340,1.663970,-0.419279,1.351546,-0.977662,1.719969,0.321926,0.285885,0.169210,0.462600,0.430542,4.715000,-69.382004,-23.187000,NaN,1.131311,true,Self-supervised model,0.173320,6.272000,173.747223,27.702044,0.000000,0.000000,0.909764,3.718051,false,false
2026-04-17T15:12:34.819260,0.049884,-0.796400,1.523957,2.684,N,1,0.797960,1,0.797960,1.627362,1.792600,1.955995,-0.943315,10.874464,1.304840,-0.449950,1.425739,-1.261242,1.955995,0.170431,0.261450,0.193644,0.367289,0.312095,4.715000,-69.382004,-23.187000,NaN,1.128693,true,Self-supervised model,0.179718,6.279000,173.732167,27.668764,0.000000,0.000000,0.831987,5.325494,false,false
2026-04-17T15:12:34.828296,0.049884,-0.796400,1.522870,2.746,N,1,0.797960,1,0.797960,1.691810,1.810568,2.030162,-0.964863,10.953473,1.003170,-0.332538,1.431320,-1.400821,2.030162,-0.036652,0.202807,0.218690,0.300499,0.206093,4.715000,-69.382004,-23.187000,NaN,1.124305,true,Self-supervised model,0.182437,6.288000,173.669842,27.619250,0.000000,0.000000,0.833338,6.755981,false,false
2026-04-17T15:12:34.835766,0.049884,-0.796400,1.520676,2.872,N,1,0.797960,1,0.797960,1.726172,1.829192,1.906570,-0.835576,10.960655,0.859518,-0.117150,1.306896,-1.383224,1.906570,-0.287107,0.122173,0.229685,0.387443,0.312020,4.715000,-69.382004,-23.187000,NaN,1.117688,true,Self-supervised model,0.176019,6.296000,173.544156,27.564193,0.000000,0.000000,0.905381,4.920908,false,false
2026-04-17T15:12:34.845586,0.049884,-0.796400,1.517158,3.073,N,1,0.797960,1,0.797960,1.681746,1.845294,1.448510,-0.605733,10.833763,0.890643,0.202082,0.980972,-1.046440,1.448510,-0.505186,0.048258,0.224188,0.554798,0.507485,4.715000,-69.382004,-23.187000,NaN,1.108872,true,Self-supervised model,0.163330,6.305000,173.342583,27.492876,0.000000,0.000000,1.161018,2.610876,false,false
2026-04-17T15:12:34.851540,0.049884,-0.796400,1.512267,3.353,N,1,0.797960,1,0.797960,1.553437,1.855620,0.879815,-0.270545,10.500969,1.259350,0.509063,0.566323,-0.440689,0.879815,-0.727540,-0.032987,0.202807,0.755999,0.728288,4.715000,-69.382004,-23.187000,NaN,1.098490,true,Self-supervised model,0.144880,6.311000,173.062356,27.422335,0.000000,0.000000,1.765641,1.163778,false,false
2026-04-17T15:12:34.861743,0.049884,-0.796400,1.506134,3.705,N,1,0.797960,1,0.797960,1.444280,1.861167,0.871205,0.052672,10.074800,1.915361,0.793387,0.052263,0.356096,0.871205,-0.867429,-0.079412,0.164323,0.886420,0.871056,4.715000,-69.382004,-23.187000,NaN,1.087387,true,Self-supervised model,0.144997,6.322000,172.710937,27.319035,0.000000,0.000000,1.657795,0.982836,false,false
2026-04-17T15:12:34.867636,0.049884,-0.796400,1.499101,4.108,N,1,0.797960,1,0.797960,1.451167,1.866767,1.487325,0.351948,9.545682,2.774880,1.003939,-0.409493,1.018114,1.487325,-0.908357,-0.091019,0.108123,0.919286,0.912905,4.576000,-69.688004,-21.822001,NaN,1.076759,true,Self-supervised model,0.149631,6.328000,172.308019,27.229459,0.000000,0.000000,0.975690,1.617913,false,false
2026-04-17T15:12:34.876059,0.049884,-0.796400,1.491647,4.535,N,1,0.797960,1,0.797960,1.576256,1.877146,2.232972,0.574608,9.066842,3.505111,1.187406,-0.914087,1.655499,2.232972,-0.866818,-0.064141,0.052534,0.870774,0.869188,4.576000,-69.688004,-21.822001,NaN,1.067614,true,Self-supervised model,0.165070,6.336000,171.880894,27.127666,0.000000,0.000000,0.705900,2.564354,false,false
2026-04-17T15:12:34.883464,0.049884,-0.796400,1.484272,4.957,N,1,0.797960,1,0.797960,1.764735,1.894650,2.754250,0.766145,8.544906,4.209007,1.225682,-1.295680,2.098764,2.754250,-0.739147,0.007330,-0.022602,0.739529,0.739183,4.576000,-69.688004,-21.822001,NaN,1.060562,true,Self-supervised model,0.172379,6.343000,171.458386,27.031119,0.000000,0.000000,0.640732,3.724331,false,false
2026-04-17T15:12:34.891284,0.049884,-0.796400,1.476950,5.377,N,1,0.797960,1,0.797960,1.967894,1.919579,3.034480,0.814029,8.147469,4.711789,1.136190,-1.581092,2.327507,3.034480,-0.555887,0.099571,-0.106291,0.574650,0.564735,4.576000,-69.688004,-21.822001,NaN,1.053449,true,Self-supervised model,0.179372,6.351000,171.038862,26.931013,0.000000,0.000000,0.648511,5.280568,false,false
2026-04-17T15:12:34.899438,0.049884,-0.796400,1.470713,5.734,N,1,0.797960,1,0.797960,2.133908,1.950153,3.005483,0.720655,7.848193,4.989516,0.958402,-1.644775,2.325749,3.005483,-0.337198,0.195477,-0.191201,0.434133,0.389761,4.576000,-69.688004,-21.822001,NaN,1.051550,true,Self-supervised model,0.185939,6.359000,170.681485,26.840932,0.000000,0.000000,0.710005,6.922959,false,false
2026-04-17T15:12:34.908958,0.049884,-0.796400,1.465930,6.008,N,1,0.797960,1,0.797960,2.224493,1.983126,2.700060,0.531513,7.773973,5.023035,0.564939,-1.596897,2.102638,2.700060,-0.152105,0.270002,-0.260229,0.404668,0.309899,4.576000,-69.688004,-21.822001,NaN,1.052585,true,Self-supervised model,0.185900,6.369000,170.407443,26.755761,0.000000,0.000000,0.823868,6.672282,false,false
2026-04-17T15:12:34.916327,0.049884,-0.796400,1.462843,6.185,N,1,0.797960,1,0.797960,2.214437,2.014379,2.161642,0.119710,7.814674,4.821922,0.009123,-1.399527,1.647404,2.161642,0.039706,0.355524,-0.320704,0.480442,0.357734,4.576000,-69.688004,-21.822001,NaN,1.056282,true,Self-supervised model,0.177020,6.376000,170.230579,26.698648,0.000000,0.000000,1.024423,4.499276,false,false
2026-04-17T15:12:34.924049,0.049884,-0.796400,1.461700,6.251,N,1,0.797960,1,0.797960,2.132666,2.041110,1.703370,-0.462081,8.008605,4.374207,-0.409040,-1.190973,1.147056,1.703370,0.181427,0.412945,-0.356745,0.575071,0.451042,4.576000,-69.688004,-21.822001,NaN,1.062915,true,Self-supervised model,0.169941,6.384000,170.165089,26.654932,0.000000,0.000000,1.252027,2.962018,false,false
2026-04-17T15:12:34.931664,0.049884,-0.796400,1.462583,6.200,N,1,0.797960,1,0.797960,2.021852,2.062340,1.440080,-0.912191,8.216900,3.869030,-0.649114,-1.056529,0.732275,1.440080,0.267559,0.429438,-0.376904,0.630921,0.505969,4.576000,-69.688004,-21.822001,NaN,1.071902,true,Self-supervised model,0.164611,6.392000,170.215686,26.629488,0.000000,0.000000,1.403986,2.282503,false,false
2026-04-17T15:12:34.940127,0.049884,-0.796400,1.465405,6.038,N,1,0.797960,1,0.797960,1.904520,2.078027,1.288527,-1.187524,8.353370,3.440468,-0.851955,-0.925554,0.278967,1.288527,0.295659,0.406225,-0.381791,0.631029,0.502427,4.576000,-69.688004,-21.822001,NaN,1.082480,true,Self-supervised model,0.159889,6.400000,170.377377,26.621465,0.000000,0.000000,1.478060,2.041946,false,false
2026-04-17T15:12:34.947371,0.049884,-0.796400,1.469971,5.777,N,1,0.797960,1,0.797960,1.801811,2.088978,1.262587,-1.426944,8.487445,2.968810,-0.997358,-0.770803,-0.072560,1.262587,0.287718,0.354913,-0.382402,0.595798,0.456886,4.576000,-69.688004,-21.822001,NaN,1.094023,true,Self-supervised model,0.157474,6.407000,170.639003,26.633214,0.000000,0.000000,1.427079,2.119152,false,false
2026-04-17T15:12:34.955509,0.049884,-0.796400,1.476036,5.429,N,1,0.797960,1,0.797960,1.721278,2.096270,1.298479,-1.608904,8.645462,2.597709,-1.043853,-0.707235,-0.310219,1.298479,0.249844,0.283441,-0.384234,0.538885,0.377837,4.576000,-69.688004,-21.822001,NaN,1.106081,true,Self-supervised model,0.158262,6.415000,170.986481,26.654167,0.000000,0.000000,1.325611,2.409566,false,false
2026-04-17T15:12:34.963688,0.049884,-0.796400,1.483212,5.018,N,1,0.797960,1,0.797960,1.666593,2.101083,1.379496,-1.692701,8.707711,2.355895,-1.082461,-0.679287,-0.519478,1.379496,0.177762,0.204029,-0.386678,0.471961,0.270605,4.576000,-69.688004,-21.822001,NaN,1.117701,true,Self-supervised model,0.160035,6.424000,171.397612,26.680824,0.000000,0.000000,1.208117,2.922906,false,false
2026-04-17T15:12:34.971612,0.049884,-0.796400,1.491418,4.548,N,1,0.797960,1,0.797960,1.629053,2.104202,1.431973,-1.769315,8.734048,2.142811,-1.082645,-0.688709,-0.635694,1.431973,0.095295,0.117286,-0.392175,0.420284,0.151120,4.576000,-69.688004,-21.822001,NaN,1.130031,true,Self-supervised model,0.160161,6.432000,171.867807,26.720741,0.000000,0.000000,1.137629,3.407154,false,false
2026-04-17T15:12:34.980217,0.049884,-0.796400,1.500524,4.026,N,1,0.797960,1,0.797960,1.603427,2.106171,1.468886,-1.807622,8.722076,2.025495,-1.038774,-0.760487,-0.707272,1.468886,-0.032987,0.009163,-0.392175,0.393667,0.034236,4.576000,-69.688004,-21.822001,NaN,1.142733,true,Self-supervised model,0.162227,6.440000,172.389518,26.768559,0.000000,0.000000,1.091594,3.731291,false,false
2026-04-17T15:12:34.987200,0.049884,-0.796400,1.510046,3.481,N,1,0.797960,1,0.797960,1.588225,2.107453,1.508416,-1.795651,8.647857,1.953669,-0.961276,-0.910766,-0.722338,1.508416,-0.183870,-0.081245,-0.387899,0.436893,0.201020,4.576000,-69.688004,-21.822001,NaN,1.153920,true,Self-supervised model,0.157708,6.447000,172.935083,26.824117,0.000000,0.000000,1.052909,3.452602,false,false
2026-04-17T15:12:34.995760,0.049884,-0.796400,1.519660,2.930,N,1,0.797960,1,0.797960,1.584144,2.108521,1.562720,-1.747767,8.492233,1.948880,-0.880982,-1.110538,-0.657775,1.562720,-0.327424,-0.131336,-0.381180,0.519378,0.352782,4.576000,-69.688004,-21.822001,NaN,1.163905,true,Self-supervised model,0.159815,6.456000,173.485960,26.872051,0.000000,0.000000,1.013710,3.008829,false,false
2026-04-17T15:12:35.003464,0.049884,-0.796400,1.529048,2.392,N,1,0.797960,1,0.797960,1.586449,2.109638,1.598550,-1.695095,8.283937,2.035071,-0.797855,-1.306776,-0.459484,1.598550,-0.487470,-0.144775,-0.364687,0.625766,0.508515,4.576000,-69.688004,-21.822001,NaN,1.172385,true,Self-supervised model,0.157151,6.463000,174.023827,26.926169,0.000000,0.000000,0.992430,2.554547,false,false
2026-04-17T15:12:35.011965,0.049884,-0.796400,1.537872,1.886,N,1,0.797960,1,0.797960,1.586344,2.110706,1.585792,-1.637634,8.075643,2.267309,-0.680144,-1.425704,-0.139682,1.585792,-0.621861,-0.116064,-0.345750,0.720919,0.632599,4.576000,-69.688004,-21.822001,NaN,1.178956,true,Self-supervised model,0.157008,6.472000,174.529423,26.966845,0.000000,0.000000,1.000348,2.199681,false,false
2026-04-17T15:12:35.020828,0.049884,-0.796400,1.545884,1.427,N,1,0.797960,1,0.797960,1.591271,2.111929,1.617139,-1.544260,7.941567,2.631228,-0.575719,-1.503865,0.148588,1.617139,-0.715934,-0.061697,-0.315817,0.784926,0.718588,4.576000,-69.688004,-21.822001,NaN,1.183716,true,Self-supervised model,0.156996,6.481000,174.988448,27.000223,0.000000,0.000000,0.984004,2.060245,false,false
2026-04-17T15:12:35.028168,0.049884,-0.796400,1.552898,1.025,N,1,0.797960,1,0.797960,1.610422,2.113869,1.710962,-1.462857,7.845799,2.971204,-0.472411,-1.582685,0.446460,1.710962,-0.770912,-0.006720,-0.291383,0.824169,0.770941,6.648000,-68.482002,-21.285002,NaN,1.186745,true,Self-supervised model,0.157512,6.488000,175.390372,27.033041,0.000000,0.000000,0.941237,2.075985,false,false
2026-04-17T15:12:35.035575,0.049884,-0.796400,1.558834,0.685,N,1,0.797960,1,0.797960,1.646993,2.117193,1.838989,-1.381454,7.747637,3.325546,-0.336371,-1.653121,0.732070,1.838989,-0.804510,0.058643,-0.260839,0.847769,0.806644,6.648000,-68.482002,-21.285002,NaN,1.188363,true,Self-supervised model,0.159951,6.495000,175.730456,27.056267,0.000000,0.000000,0.895597,2.169211,false,false
2026-04-17T15:12:35.044635,0.049884,-0.796400,1.563682,0.408,N,1,0.797960,1,0.797960,1.689218,2.122074,1.910904,-1.266533,7.656657,3.670311,-0.260417,-1.641533,0.942925,1.910904,-0.814283,0.117897,-0.243735,0.858117,0.822774,6.648000,-68.482002,-21.285002,NaN,1.188859,true,Self-supervised model,0.163106,6.505000,176.008199,27.057371,0.000000,0.000000,0.883989,2.226859,false,false
2026-04-17T15:12:35.051320,0.049884,-0.796400,1.567523,0.188,N,1,0.797960,1,0.797960,1.737535,2.128693,1.991199,-1.211466,7.647080,3.940856,-0.280202,-1.624924,1.116236,1.991199,-0.800233,0.163712,-0.225409,0.847340,0.816808,6.648000,-68.482002,-21.285002,NaN,1.188674,true,Self-supervised model,0.163295,6.511000,176.228277,27.066238,0.000000,0.000000,0.872608,2.349942,false,false
2026-04-17T15:12:35.059282,0.049884,-0.796400,1.570488,0.018,N,1,0.797960,1,0.797960,1.778710,2.136694,1.994878,-1.252167,7.642292,4.173094,-0.329483,-1.481823,1.294287,1.994878,-0.772134,0.193644,-0.201586,0.821173,0.796046,6.648000,-68.482002,-21.285002,NaN,1.188134,true,Self-supervised model,0.165451,6.519000,176.398151,27.059081,0.000000,0.000000,0.891639,2.429303,false,false
2026-04-17T15:12:35.067509,0.049884,-0.796400,1.572680,359.892,N,1,0.797960,1,0.797960,1.814297,2.145798,2.001127,-1.321599,7.764396,4.407725,-0.396919,-1.334729,1.437172,2.001127,-0.714101,0.210749,-0.164323,0.762468,0.744551,6.648000,-68.482002,-21.285002,NaN,1.187237,true,Self-supervised model,0.167708,6.527000,176.523774,27.045162,0.000000,0.000000,0.906638,2.624538,false,false
2026-04-17T15:12:35.076201,0.049884,-0.796400,1.574188,359.806,N,1,0.797960,1,0.797960,1.842582,2.155669,1.991079,-1.407791,7.891289,4.604050,-0.421666,-1.199927,1.531916,1.991079,-0.664621,0.216246,-0.130725,0.711037,0.698916,6.648000,-68.482002,-21.285002,NaN,1.186005,true,Self-supervised model,0.169132,6.536000,176.610158,27.021138,0.000000,0.000000,0.925419,2.800248,false,false
2026-04-17T15:12:35.083425,0.049884,-0.796400,1.575175,359.749,N,1,0.797960,1,0.797960,1.858649,2.165788,1.943001,-1.446098,8.010999,4.738125,-0.362693,-1.098074,1.561391,1.943001,-0.555887,0.200975,-0.069639,0.595190,0.591102,6.648000,-68.482002,-21.285002,NaN,1.184910,true,Self-supervised model,0.170663,6.543000,176.666714,27.000873,0.000000,0.000000,0.956587,3.264505,false,false
2026-04-17T15:12:35.091456,0.049884,-0.796400,1.575478,359.732,N,1,0.797960,1,0.797960,1.866707,2.175825,1.909013,-1.405396,8.090008,4.826711,-0.293412,-1.021269,1.585953,1.909013,-0.475253,0.178373,-0.039095,0.509128,0.507624,6.648000,-68.482002,-21.285002,NaN,1.182479,true,Self-supervised model,0.172610,6.551000,176.684106,26.970555,0.000000,0.000000,0.977839,3.749577,false,false
2026-04-17T15:12:35.100095,0.049884,-0.796400,1.575247,359.745,N,1,0.797960,1,0.797960,1.870645,2.185618,1.891319,-1.345541,8.152257,4.888960,-0.236922,-1.006843,1.583422,1.891319,-0.370184,0.136223,-0.004887,0.394483,0.394453,6.648000,-68.482002,-21.285002,NaN,1.180107,true,Self-supervised model,0.174887,6.560000,176.670831,26.931529,0.000000,0.000000,0.989069,4.794423,false,false
2026-04-17T15:12:35.109086,0.049884,-0.796400,1.574583,359.783,N,1,0.797960,1,0.797960,1.859544,2.194575,1.801265,-1.295263,8.154651,4.917690,-0.197885,-0.975829,1.501051,1.801265,-0.261450,0.087965,0.020769,0.276632,0.275851,6.648000,-68.482002,-21.285002,NaN,1.177714,true,Self-supervised model,0.176164,6.569000,176.632790,26.888840,0.000000,0.000000,1.032355,6.511406,false,false
2026-04-17T15:12:35.115978,0.049884,-0.796400,1.573590,359.840,N,1,0.797960,1,0.797960,1.828657,2.201938,1.666496,-1.259350,8.176199,4.860229,-0.212142,-0.961997,1.344161,1.666496,-0.161879,0.045815,0.047647,0.174855,0.168238,6.648000,-68.482002,-21.285002,NaN,1.175407,true,Self-supervised model,0.177357,6.576000,176.575929,26.851571,0.000000,0.000000,1.097306,9.530745,false,false
2026-04-17T15:12:35.123472,0.049884,-0.796400,1.572368,359.910,N,1,0.797960,1,0.797960,1.765391,2.206476,1.433247,-1.273715,8.183381,4.721366,-0.253175,-0.929111,1.061533,1.433247,-0.084910,0.022602,0.075136,0.115612,0.087867,6.648000,-68.482002,-21.285002,NaN,1.173265,true,Self-supervised model,0.176691,6.583000,176.505892,26.812379,0.000000,0.000000,1.231742,12.397070,false,false
2026-04-17T15:12:35.131905,0.049884,-0.796400,1.570964,359.990,N,1,0.797960,1,0.797960,1.667194,2.206905,1.151658,-1.312023,8.212111,4.450821,-0.220773,-0.809794,0.788549,1.151658,-0.020159,0.001222,0.116064,0.117808,0.020196,6.648000,-68.482002,-21.285002,NaN,1.171133,true,Self-supervised model,0.169863,6.592000,176.425424,26.763566,0.000000,0.000000,1.447646,9.775695,false,false
2026-04-17T15:12:35.139657,0.049884,-0.796400,1.569355,0.083,N,1,0.797960,1,0.797960,1.548675,2.202576,0.926451,-1.273715,8.329428,4.185065,-0.191821,-0.701618,0.573802,0.926451,0.014050,-0.014050,0.160047,0.161275,0.019870,6.648000,-68.482002,-21.285002,NaN,1.168706,true,Self-supervised model,0.162079,6.600000,176.333245,26.717158,0.000000,0.000000,1.671621,5.744530,false,false
2026-04-17T15:12:35.148985,0.049884,-0.796400,1.567469,0.191,N,1,0.797960,1,0.797960,1.403619,2.192618,0.642076,-1.235408,8.437167,3.974375,-0.060522,-0.539930,0.342160,0.642076,0.026878,-0.019548,0.199753,0.202499,0.033235,6.648000,-68.482002,-21.285002,NaN,1.165714,true,Self-supervised model,0.156154,6.609000,176.225216,26.664430,0.000000,0.000000,2.186065,3.170763,false,false
2026-04-17T15:12:35.155687,0.049884,-0.796400,1.565230,0.319,N,1,0.797960,1,0.797960,1.252601,2.177017,0.459756,-1.096544,8.592790,3.761291,0.087002,-0.420058,0.165401,0.459756,0.033598,-0.013439,0.226020,0.228898,0.036186,6.648000,-68.482002,-21.285002,NaN,1.162058,true,Self-supervised model,0.154366,6.616000,176.096892,26.616822,0.000000,0.000000,2.724489,2.008560,false,false
2026-04-17T15:12:35.164924,0.049884,-0.796400,1.562578,0.471,N,1,0.797960,1,0.797960,1.112934,2.156454,0.379684,-0.938527,8.707711,3.600879,0.261067,-0.262692,0.083647,0.379684,0.034208,-0.000611,0.241292,0.243705,0.034214,6.648000,-68.482002,-21.285002,NaN,1.157761,true,Self-supervised model,0.154675,6.625000,175.944993,26.557735,0.000000,0.000000,2.931210,1.557964,false,false
2026-04-17T15:12:35.171249,0.049884,-0.796400,1.559490,0.648,N,1,0.797960,1,0.797960,1.004337,2.132369,0.434200,-0.751779,8.860941,3.533842,0.405278,-0.153826,0.024847,0.434200,0.034208,0.010996,0.236405,0.239120,0.035932,6.648000,-68.482002,-21.285002,NaN,1.152925,true,Self-supervised model,0.149833,6.631000,175.768058,26.507021,0.000000,0.000000,2.313074,1.815825,false,false
2026-04-17T15:12:35.181709,0.049884,-0.796400,1.556003,0.848,N,1,0.797960,1,0.797960,0.928037,2.106196,0.527461,-0.593762,8.966286,3.488352,0.522287,-0.072012,0.015670,0.527461,0.039095,0.017104,0.225409,0.229413,0.042673,6.648000,-68.482002,-21.285002,NaN,1.147842,true,Self-supervised model,0.151853,6.642000,175.568266,26.433042,0.000000,0.000000,1.759443,2.299175,false,false
2026-04-17T15:12:35.187290,0.049884,-0.796400,1.552176,1.067,N,1,0.797960,1,0.797960,0.876889,2.079023,0.608364,-0.462081,9.045294,3.490746,0.607873,-0.010280,-0.022182,0.608364,0.058643,0.016493,0.200364,0.209420,0.060918,8.099000,-68.449005,-22.280001,NaN,1.142655,true,Self-supervised model,0.152128,6.647000,175.349000,26.380172,0.000000,0.000000,1.441388,2.904998,false,false
2026-04-17T15:12:35.195573,0.049884,-0.796400,1.548112,1.300,N,1,0.797960,1,0.797960,0.837012,2.051343,0.627658,-0.361524,9.105149,3.462016,0.614284,0.098228,-0.083435,0.627658,0.082467,0.014050,0.171653,0.190953,0.083655,8.099000,-68.449005,-22.280001,NaN,1.137640,true,Self-supervised model,0.155448,6.655000,175.116119,26.313466,0.000000,0.000000,1.333547,3.286982,false,false
2026-04-17T15:12:35.203729,0.049884,-0.796400,1.543911,1.540,N,1,0.797960,1,0.797960,0.807836,2.023603,0.654662,-0.339977,9.212888,3.406949,0.601968,0.222350,-0.129532,0.654662,0.103847,0.020159,0.136834,0.172957,0.105786,8.099000,-68.449005,-22.280001,NaN,1.132895,true,Self-supervised model,0.157218,6.664000,174.875435,26.241812,0.000000,0.000000,1.233974,3.785120,false,false
2026-04-17T15:12:35.214010,0.049884,-0.796400,1.539682,1.783,N,1,0.797960,1,0.797960,0.778953,1.995817,0.627315,-0.337582,9.337387,3.363853,0.509098,0.330858,-0.157721,0.627315,0.124006,0.025045,0.113010,0.169635,0.126510,8.099000,-68.449005,-22.280001,NaN,1.128551,true,Self-supervised model,0.157529,6.674000,174.633112,26.166184,0.000000,0.000000,1.241726,3.698031,false,false
2026-04-17T15:12:35.219362,0.049884,-0.796400,1.535530,2.021,N,1,0.797960,1,0.797960,0.748418,1.967921,0.588113,-0.416591,9.447520,3.335123,0.398519,0.404475,-0.153164,0.588113,0.147219,0.020769,0.091630,0.174644,0.148676,8.099000,-68.449005,-22.280001,NaN,1.124710,true,Self-supervised model,0.153557,6.679000,174.395238,26.110980,0.000000,0.000000,1.272577,3.367485,false,false
2026-04-17T15:12:35.228584,0.049884,-0.796400,1.531580,2.247,N,1,0.797960,1,0.797960,0.717112,1.939888,0.552754,-0.514753,9.524135,3.335123,0.310260,0.445866,-0.102367,0.552754,0.167377,0.008552,0.080634,0.185984,0.167595,8.099000,-68.449005,-22.280001,NaN,1.121569,true,Self-supervised model,0.155308,6.688000,174.168939,26.042006,0.000000,0.000000,1.297345,2.972047,false,false
2026-04-17T15:12:35.235908,0.049884,-0.796400,1.527893,2.458,N,1,0.797960,1,0.797960,0.684659,1.911679,0.514280,-0.591368,9.569624,3.378219,0.262546,0.438339,-0.058417,0.514280,0.195477,-0.005498,0.083078,0.212470,0.195554,8.099000,-68.449005,-22.280001,NaN,1.118928,true,Self-supervised model,0.153331,6.696000,173.957643,25.979337,0.000000,0.000000,1.331295,2.420488,false,false
2026-04-17T15:12:35.245479,0.049884,-0.796400,1.524465,2.655,N,1,0.797960,1,0.797960,0.662922,1.883729,0.548802,-0.627281,9.567230,3.411737,0.250424,0.487151,0.033993,0.548802,0.227242,-0.018326,0.088575,0.244582,0.227980,8.099000,-68.449005,-22.280001,NaN,1.116539,true,Self-supervised model,0.155899,6.705000,173.761227,25.915172,0.000000,0.000000,1.207943,2.243838,false,false
2026-04-17T15:12:35.251712,0.049884,-0.796400,1.521288,2.837,N,1,0.797960,1,0.797960,0.647182,1.856267,0.564546,-0.627281,9.622296,3.490746,0.249999,0.503638,0.050613,0.564546,0.269392,-0.033598,0.092241,0.286721,0.271479,8.099000,-68.449005,-22.280001,NaN,1.114369,true,Self-supervised model,0.155284,6.712000,173.579233,25.861030,0.000000,0.000000,1.146375,1.968975,false,false
2026-04-17T15:12:35.259443,0.049884,-0.796400,1.518359,3.004,N,1,0.797960,1,0.797960,0.636618,1.829481,0.581160,-0.615310,9.646238,3.490746,0.180771,0.552292,0.006509,0.581160,0.319483,-0.035430,0.089797,0.333748,0.321441,8.099000,-68.449005,-22.280001,NaN,1.112431,true,Self-supervised model,0.156339,6.719000,173.411422,25.809112,0.000000,0.000000,1.095427,1.741312,false,false
2026-04-17T15:12:35.267479,0.049884,-0.796400,1.515722,3.156,N,1,0.797960,1,0.797960,0.630452,1.803520,0.598080,-0.672771,9.703699,3.426103,0.048749,0.594862,-0.038241,0.598080,0.368963,-0.031154,0.080634,0.378954,0.370276,8.099000,-68.449005,-22.280001,NaN,1.110959,true,Self-supervised model,0.157179,6.727000,173.260309,25.755955,0.000000,0.000000,1.054127,1.578241,false,false
2026-04-17T15:12:35.276413,0.049884,-0.796400,1.513467,3.285,N,1,0.797960,1,0.797960,0.637572,1.778882,0.674954,-0.794875,9.756371,3.356671,-0.101079,0.655526,-0.125024,0.674954,0.401949,-0.040928,0.081245,0.412115,0.404028,8.099000,-68.449005,-22.280001,NaN,1.110233,true,Self-supervised model,0.159856,6.736000,173.131104,25.702361,0.000000,0.000000,0.944616,1.637778,false,false
2026-04-17T15:12:35.283668,0.049884,-0.796400,1.511643,3.389,N,1,0.797960,1,0.797960,0.661532,1.756188,0.787320,-0.936133,9.828198,3.241749,-0.210198,0.717907,-0.245558,0.787320,0.420886,-0.069028,0.093462,0.436629,0.426509,8.099000,-68.449005,-22.280001,NaN,1.110132,true,Self-supervised model,0.162927,6.744000,173.026581,25.656373,0.000000,0.000000,0.840233,1.803176,false,false
2026-04-17T15:12:35.291540,0.049884,-0.796400,1.510223,3.471,N,1,0.797960,1,0.797960,0.695596,1.735764,0.874429,-1.036689,9.902418,3.090914,-0.192088,0.772929,-0.360984,0.874429,0.417832,-0.110567,0.117897,0.448005,0.432213,8.099000,-68.449005,-22.280001,NaN,1.110329,true,Self-supervised model,0.165151,6.751000,172.945220,25.617719,0.000000,0.000000,0.795485,1.951831,false,false
2026-04-17T15:12:35.300550,0.049884,-0.796400,1.509065,3.537,N,1,0.797960,1,0.797960,0.731656,1.717600,0.920970,-1.007959,9.969456,2.944868,-0.143289,0.799433,-0.434237,0.920970,0.394008,-0.151495,0.141110,0.445090,0.422129,8.099000,-68.449005,-22.280001,NaN,1.110222,true,Self-supervised model,0.166519,6.760000,172.878900,25.573802,0.000000,0.000000,0.794440,2.069179,false,false
2026-04-17T15:12:35.307929,0.049884,-0.796400,1.507998,3.598,N,1,0.797960,1,0.797960,0.764923,1.701493,0.939580,-0.945710,10.007763,2.841918,-0.005558,0.823998,-0.451449,0.939580,0.364687,-0.173486,0.155771,0.432849,0.403848,8.099000,-68.449005,-22.280001,NaN,1.109519,true,Self-supervised model,0.166629,6.768000,172.817791,25.534544,0.000000,0.000000,0.814112,2.170688,false,false
2026-04-17T15:12:35.316481,0.049884,-0.796400,1.506895,3.661,N,1,0.797960,1,0.797960,0.791885,1.687109,0.933436,-0.792481,10.043676,2.796427,0.126185,0.827613,-0.412840,0.933436,0.329867,-0.177151,0.162490,0.408164,0.374426,8.099000,-68.449005,-22.280001,NaN,1.108267,true,Self-supervised model,0.166720,6.776000,172.754560,25.495065,0.000000,0.000000,0.848355,2.286914,false,false
2026-04-17T15:12:35.323325,0.049884,-0.796400,1.505670,3.731,N,1,0.797960,1,0.797960,0.820992,1.674464,0.973802,-0.644040,10.058042,2.808398,0.200824,0.872577,-0.382845,0.973802,0.302989,-0.161879,0.149662,0.374708,0.343522,8.099000,-68.449005,-22.280001,NaN,1.106557,true,Self-supervised model,0.167573,6.783000,172.684377,25.458407,0.000000,0.000000,0.843079,2.598830,false,false
2026-04-17T15:12:35.331652,0.049884,-0.796400,1.504327,3.808,N,1,0.797960,1,0.797960,0.865894,1.664121,1.101630,-0.553061,10.113108,2.813187,0.215214,1.013943,-0.373085,1.101630,0.277944,-0.130725,0.123395,0.331011,0.307151,8.099000,-68.449005,-22.280001,NaN,1.104742,true,Self-supervised model,0.171394,6.792000,172.607433,25.413344,0.000000,0.000000,0.786012,3.328081,false,false
2026-04-17T15:12:35.340720,0.049884,-0.796400,1.502949,3.887,N,1,0.797960,1,0.797960,0.925943,1.656594,1.241199,-0.524330,10.263943,2.798822,0.172885,1.175247,-0.359831,1.241199,0.255342,-0.095295,0.089186,0.286766,0.272545,8.099000,-68.449005,-22.280001,NaN,1.103225,true,Self-supervised model,0.175109,6.801000,172.528498,25.368107,0.000000,0.000000,0.746007,4.328263,false,false
2026-04-17T15:12:35.348289,0.049884,-0.796400,1.501657,3.961,N,1,0.797960,1,0.797960,0.994897,1.652126,1.356904,-0.555455,10.433931,2.789245,0.074635,1.304035,-0.367572,1.356904,0.220522,-0.046426,0.051924,0.231261,0.225356,8.299001,-66.239006,-20.691002,NaN,1.102272,true,Self-supervised model,0.178398,6.808000,172.454428,25.331144,0.000000,0.000000,0.733211,5.867419,false,false
2026-04-17T15:12:35.355586,0.049884,-0.796400,1.500576,4.023,N,1,0.797960,1,0.797960,1.068092,1.650765,1.452366,-0.646434,10.570400,2.760514,-0.024567,1.400692,-0.383178,1.452366,0.177151,-0.004276,0.019548,0.178277,0.177203,8.299001,-66.239006,-20.691002,NaN,1.102039,true,Self-supervised model,0.182434,6.815000,172.392494,25.296037,0.000000,0.000000,0.735415,8.146662,false,false
2026-04-17T15:12:35.364442,0.049884,-0.796400,1.499790,4.068,N,1,0.797960,1,0.797960,1.148588,1.652678,1.571195,-0.742203,10.673351,2.726996,-0.118187,1.508716,-0.422449,1.571195,0.120951,0.023824,-0.006109,0.123427,0.123275,8.299001,-66.239006,-20.691002,NaN,1.102436,true,Self-supervised model,0.189108,6.824000,172.347504,25.256082,0.000000,0.000000,0.731028,12.729800,false,false
2026-04-17T15:12:35.372022,0.049884,-0.796400,1.499322,4.095,N,1,0.797960,1,0.797960,1.230048,1.657773,1.657714,-0.835576,10.785878,2.674323,-0.194963,1.607252,-0.356016,1.657714,0.038485,0.039706,-0.026878,0.061482,0.055296,8.299001,-66.239006,-20.691002,NaN,1.103235,true,Self-supervised model,0.203930,6.832000,172.320668,25.222580,0.000000,0.000000,0.742015,26.962464,false,false
2026-04-17T15:12:35.381717,0.049884,-0.796400,1.499130,4.106,N,1,0.797960,1,0.797960,1.310907,1.665898,1.735412,-0.914585,10.886436,2.734178,-0.249263,1.708452,-0.175252,1.735412,-0.050091,0.038485,-0.031765,0.070705,0.063168,8.299001,-66.239006,-20.691002,NaN,1.104149,true,Self-supervised model,0.203403,6.842000,172.309670,25.184108,0.000000,0.000000,0.755386,24.544454,false,false
2026-04-17T15:12:35.387292,0.049884,-0.796400,1.499097,4.108,N,1,0.797960,1,0.797960,1.377631,1.676367,1.727934,-0.972046,10.986992,2.916138,-0.212854,1.711117,0.111926,1.727934,-0.133169,0.039095,-0.021380,0.140426,0.138789,8.299001,-66.239006,-20.691002,NaN,1.104750,true,Self-supervised model,0.192020,6.847000,172.307758,25.165439,0.000000,0.000000,0.797271,12.304946,false,false
2026-04-17T15:12:35.395531,0.049884,-0.796400,1.499080,4.109,N,1,0.797960,1,0.797960,1.440024,1.688913,1.767587,-0.938527,10.986992,3.210624,-0.131947,1.677090,0.542515,1.767587,-0.188757,0.035430,-0.009163,0.192272,0.192054,8.299001,-66.239006,-20.691002,NaN,1.104799,true,Self-supervised model,0.189579,6.855000,172.306790,25.135929,0.000000,0.000000,0.814684,9.193147,false,false
2026-04-17T15:12:35.403671,0.049884,-0.796400,1.498940,4.117,N,1,0.797960,1,0.797960,1.504790,1.703549,1.844813,-0.859518,10.948685,3.653552,-0.045253,1.541052,1.013136,1.844813,-0.215635,0.030543,0.010996,0.218065,0.217788,8.299001,-66.239006,-20.691002,NaN,1.104168,true,Self-supervised model,0.189798,6.864000,172.298788,25.101805,0.000000,0.000000,0.815687,8.459913,false,false
2026-04-17T15:12:35.412152,0.049884,-0.796400,1.498574,4.138,N,1,0.797960,1,0.797960,1.579269,1.720577,1.970281,-0.773327,10.807426,4.139575,0.033097,1.402467,1.383473,1.970281,-0.196088,0.033598,0.024435,0.200440,0.198945,8.299001,-66.239006,-20.691002,NaN,1.102895,true,Self-supervised model,0.192831,6.872000,172.277802,25.069529,0.000000,0.000000,0.801545,9.829770,false,false
2026-04-17T15:12:35.419305,0.049884,-0.796400,1.497959,4.173,N,1,0.797960,1,0.797960,1.656844,1.740028,2.064114,-0.694318,10.663774,4.525041,0.070043,1.332174,1.575110,2.064114,-0.136834,0.034819,0.033598,0.145137,0.141194,8.299001,-66.239006,-20.691002,NaN,1.101284,true,Self-supervised model,0.198335,6.879000,172.242551,25.038894,0.000000,0.000000,0.802690,14.221856,false,false
2026-04-17T15:12:35.430150,0.049884,-0.796400,1.497146,4.220,N,1,0.797960,1,0.797960,1.724875,1.761422,2.082038,-0.656011,10.589554,4.728549,0.034752,1.303243,1.623340,2.082038,-0.069639,0.036041,0.037263,0.086816,0.078412,8.299001,-66.239006,-20.691002,NaN,1.099683,true,Self-supervised model,0.208204,6.890000,172.195999,24.992162,0.000000,0.000000,0.828455,23.982197,false,false
2026-04-17T15:12:35.435888,0.049884,-0.796400,1.496225,4.273,N,1,0.797960,1,0.797960,1.764536,1.783546,1.972756,-0.689530,10.558430,4.783615,-0.086552,1.372905,1.414004,1.972756,0.008552,0.045815,0.034208,0.057813,0.046606,8.299001,-66.239006,-20.691002,NaN,1.098325,true,Self-supervised model,0.215506,6.896000,172.143201,24.962761,0.000000,0.000000,0.894452,34.122951,false,false
2026-04-17T15:12:35.447428,0.049884,-0.796400,1.495300,4.326,N,1,0.797960,1,0.797960,1.769575,1.804988,1.796031,-0.809240,10.627861,4.575319,-0.152104,1.481665,1.003623,1.796031,0.066584,0.061697,0.028100,0.095024,0.090775,8.299001,-66.239006,-20.691002,NaN,1.097386,true,Self-supervised model,0.198955,6.907000,172.090197,24.915332,0.000000,0.000000,0.985270,18.900730,false,false
2026-04-17T15:12:35.452103,0.049884,-0.796400,1.494463,4.374,N,1,0.797960,1,0.797960,1.749908,1.824784,1.646657,-0.873884,10.737994,4.161122,-0.208973,1.508427,0.626465,1.646657,0.073304,0.067806,0.007330,0.100124,0.099855,8.299001,-66.239006,-20.691002,NaN,1.096902,true,Self-supervised model,0.192953,6.912000,172.042250,24.890372,0.000000,0.000000,1.062703,16.446153,false,false
2026-04-17T15:12:35.460768,0.049884,-0.796400,1.493804,4.411,N,1,0.797960,1,0.797960,1.705175,1.842000,1.470323,-0.931344,10.766725,3.778050,-0.247558,1.442589,0.139654,1.470323,0.029932,0.052534,-0.017715,0.063005,0.060463,8.299001,-66.239006,-20.691002,NaN,1.096957,true,Self-supervised model,0.196967,6.921000,172.004517,24.852553,0.000000,0.000000,1.159728,23.336594,false,false
2026-04-17T15:12:35.467727,0.049884,-0.796400,1.493370,4.436,N,1,0.797960,1,0.797960,1.646347,1.856174,1.337499,-0.972046,10.702082,3.287239,-0.287249,1.288099,-0.217239,1.337499,-0.078802,-0.000611,-0.050091,0.093377,0.078804,8.299001,-66.239006,-20.691002,NaN,1.097420,true,Self-supervised model,0.186390,6.928000,171.979635,24.823850,0.000000,0.000000,1.230914,14.323726,false,false
2026-04-17T15:12:35.475939,0.049884,-0.796400,1.493165,4.448,N,1,0.797960,1,0.797960,1.554994,1.866127,1.075391,-1.015141,10.546458,2.932897,-0.334076,0.969596,-0.323640,1.075391,-0.237627,-0.083689,-0.069028,0.261218,0.251933,8.299001,-66.239006,-20.691002,NaN,1.098134,true,Self-supervised model,0.171125,6.936000,171.967921,24.793530,0.000000,0.000000,1.445980,4.116829,false,false
2026-04-17T15:12:35.483624,0.049884,-0.796400,1.493110,4.451,N,1,0.797960,1,0.797960,1.426383,1.870537,0.751179,-1.065420,10.223241,2.839523,-0.352550,0.645861,-0.151138,0.751179,-0.407447,-0.199753,-0.050091,0.456534,0.453778,8.299001,-66.239006,-20.691002,NaN,1.098675,true,Self-supervised model,0.160238,6.944000,171.964745,24.764508,0.000000,0.000000,1.898859,1.645395,false,false
2026-04-17T15:12:35.491863,0.049884,-0.796400,1.492985,4.458,N,1,0.797960,1,0.797960,1.263464,1.868254,0.408139,-1.084573,9.890448,3.038242,-0.176075,0.229977,0.287552,0.408139,-0.535729,-0.328035,-0.001222,0.628183,0.628182,8.299001,-66.239006,-20.691002,NaN,1.098274,true,Self-supervised model,0.157555,6.952000,171.957606,24.734984,0.000000,0.000000,3.095669,0.649714,false,false
2026-04-17T15:12:35.500422,0.049884,-0.796400,1.492477,4.487,N,1,0.797960,1,0.797960,1.197540,1.863425,0.851437,-0.902614,9.461885,3.514688,0.008068,-0.142556,0.839380,0.851437,-0.630413,-0.465479,0.079412,0.787653,0.783640,8.299001,-66.239006,-20.691002,NaN,1.096229,true,Self-supervised model,0.156978,6.960000,171.928460,24.702365,0.000000,0.000000,1.406492,1.080980,false,false
2026-04-17T15:12:35.508547,0.049884,-0.796400,1.491232,4.559,N,1,0.797960,1,0.797960,1.233787,1.860240,1.424085,-0.703895,9.074024,4.113238,0.247402,-0.473355,1.320131,1.424085,-0.652404,-0.560774,0.174707,0.877851,0.860290,5.491000,-67.915001,-21.329000,NaN,1.092042,true,Self-supervised model,0.167126,6.968000,171.857170,24.663773,0.000000,0.000000,0.866372,1.622241,false,false
2026-04-17T15:12:35.515888,0.049884,-0.796400,1.488986,4.687,N,1,0.797960,1,0.797960,1.375826,1.862863,2.121527,-0.440533,8.726865,4.644751,0.658174,-0.752082,1.871378,2.121527,-0.609033,-0.598648,0.252898,0.890650,0.853991,5.491000,-67.915001,-21.329000,NaN,1.085785,true,Self-supervised model,0.175048,6.976000,171.728440,24.617036,0.000000,0.000000,0.648507,2.381998,false,false
2026-04-17T15:12:35.523204,0.049884,-0.796400,1.485607,4.881,N,1,0.797960,1,0.797960,1.594908,1.874145,2.745088,0.002394,8.432379,5.245696,1.067148,-1.042701,2.304231,2.745088,-0.492968,-0.603535,0.320704,0.842688,0.779277,5.491000,-67.915001,-21.329000,NaN,1.077880,true,Self-supervised model,0.180999,6.983000,171.534866,24.564638,0.000000,0.000000,0.581004,3.257538,false,false
2026-04-17T15:12:35.531743,0.049884,-0.796400,1.481086,5.140,N,1,0.797960,1,0.797960,1.849356,1.895154,3.185209,0.450110,8.128315,5.722142,1.419693,-1.308052,2.533581,3.185209,-0.328035,-0.593761,0.356134,0.766153,0.678350,5.491000,-67.915001,-21.329000,NaN,1.068788,true,Self-supervised model,0.186289,6.992000,171.275816,24.495969,0.000000,0.000000,0.580607,4.157406,false,false
2026-04-17T15:12:35.540654,0.049884,-0.796400,1.475573,5.456,N,1,0.797960,1,0.797960,2.092837,1.925061,3.371112,0.845153,7.852982,5.985504,1.607705,-1.515074,2.546415,3.371112,-0.143553,-0.574213,0.356745,0.691083,0.591886,5.491000,-67.915001,-21.329000,NaN,1.059307,true,Self-supervised model,0.189258,7.001000,170.959937,24.419360,0.000000,0.000000,0.620815,4.878013,false,false
2026-04-17T15:12:35.550380,0.049884,-0.796400,1.469293,5.816,N,1,0.797960,1,0.797960,2.305227,1.962268,3.420276,1.077391,7.639898,6.021417,1.799065,-1.720732,2.345364,3.420276,-0.010996,-0.557109,0.341474,0.653526,0.557218,5.491000,-67.915001,-21.329000,NaN,1.049961,true,Self-supervised model,0.191383,7.010000,170.600139,24.336682,0.000000,0.000000,0.673989,5.233575,false,false
2026-04-17T15:12:35.555174,0.049884,-0.796400,1.462887,6.183,N,1,0.797960,1,0.797960,2.451217,2.003826,3.217663,1.302446,7.431602,5.832275,1.800242,-1.815994,1.953112,3.217663,0.178984,-0.523512,0.287107,0.623321,0.553263,5.491000,-67.915001,-21.329000,NaN,1.043051,true,Self-supervised model,0.182562,7.015000,170.233118,24.267016,0.000000,0.000000,0.761800,5.162124,false,false
2026-04-17T15:12:35.563726,0.049884,-0.796400,1.455835,6.587,N,1,0.797960,1,0.797960,2.506696,2.045940,2.797960,1.355118,7.338228,5.442020,1.676115,-1.796128,1.339082,2.797960,0.303600,-0.484416,0.222355,0.613412,0.571692,5.491000,-67.915001,-21.329000,NaN,1.033414,true,Self-supervised model,0.184527,7.024000,169.829072,24.178399,0.000000,0.000000,0.895901,4.561310,false,false
2026-04-17T15:12:35.571390,0.049884,-0.796400,1.448856,6.987,N,1,0.797960,1,0.797960,2.481416,2.085359,2.348700,1.268927,7.362170,4.821922,1.455761,-1.673716,0.771899,2.348700,0.375682,-0.423940,0.151495,0.586356,0.566447,5.491000,-67.915001,-21.329000,NaN,1.026725,true,Self-supervised model,0.178229,7.031000,169.429177,24.097451,0.000000,0.000000,1.056506,4.005588,false,false
2026-04-17T15:12:35.582940,0.049884,-0.796400,1.442293,7.363,N,1,0.797960,1,0.797960,2.388327,2.119478,1.899605,1.079785,7.491457,4.240131,1.156568,-1.500151,0.142815,1.899605,0.374460,-0.318872,0.059865,0.495463,0.491833,5.491000,-67.915001,-21.329000,NaN,1.021826,true,Self-supervised model,0.176493,7.043000,169.053124,24.002999,0.000000,0.000000,1.257275,3.834000,false,false
2026-04-17T15:12:35.587359,0.049884,-0.796400,1.436408,7.700,N,1,0.797960,1,0.797960,2.277451,2.147797,1.695354,0.804452,7.673417,3.591303,0.910364,-1.367139,-0.419992,1.695354,0.356134,-0.283441,0.030543,0.456184,0.455160,5.491000,-67.915001,-21.329000,NaN,1.018655,true,Self-supervised model,0.166763,7.047000,168.715943,23.941527,0.000000,0.000000,1.343348,3.716384,false,false
2026-04-17T15:12:35.595447,0.049884,-0.796400,1.430505,8.038,N,1,0.797960,1,0.797960,2.177209,2.170973,1.650937,0.588974,7.807492,3.028665,0.635874,-1.264763,-0.849488,1.650937,0.282220,-0.211970,-0.031154,0.354330,0.352958,5.491000,-67.915001,-21.329000,NaN,1.012683,true,Self-supervised model,0.173824,7.055000,168.377767,23.866445,0.000000,0.000000,1.318772,4.659317,false,false
2026-04-17T15:12:35.603456,0.049884,-0.796400,1.425205,8.342,N,1,0.797960,1,0.797960,2.099056,2.190097,1.688752,0.332794,7.912837,2.592921,0.344453,-1.227200,-1.107797,1.688752,0.189979,-0.142332,-0.078802,0.250120,0.237382,5.491000,-67.915001,-21.329000,NaN,1.009790,true,Self-supervised model,0.178053,7.063000,168.074075,23.796414,0.000000,0.000000,1.242963,6.751765,false,false
2026-04-17T15:12:35.612355,0.049884,-0.796400,1.421243,8.569,N,1,0.797960,1,0.797960,2.045199,2.206301,1.762452,0.043096,7.955932,2.319981,0.074530,-1.172318,-1.313908,1.762452,0.109956,-0.099571,-0.100793,0.179343,0.148340,5.491000,-67.915001,-21.329000,NaN,1.011184,true,Self-supervised model,0.184186,7.072000,167.847090,23.734034,0.000000,0.000000,1.160428,9.827282,false,false
2026-04-17T15:12:35.619313,0.049884,-0.796400,1.418375,8.733,N,1,0.797960,1,0.797960,2.011901,2.220525,1.837087,-0.227449,8.013393,2.106898,-0.171502,-1.151770,-1.420880,1.837087,0.012828,-0.070250,-0.098960,0.122036,0.071411,5.491000,-67.915001,-21.329000,NaN,1.012687,true,Self-supervised model,0.190876,7.079000,167.682727,23.687347,0.000000,0.000000,1.095159,15.053703,false,false
2026-04-17T15:12:35.628904,0.049884,-0.796400,1.416564,8.837,N,1,0.797960,1,0.797960,1.995226,2.233513,1.907684,-0.478840,8.034941,1.996764,-0.378189,-1.164650,-1.462813,1.907684,-0.078191,-0.070860,-0.064752,0.123805,0.105522,5.491000,-67.915001,-21.329000,NaN,1.015105,true,Self-supervised model,0.194677,7.089000,167.578954,23.639294,0.000000,0.000000,1.045889,15.408735,false,false
2026-04-17T15:12:35.635290,0.049884,-0.796400,1.415457,8.900,N,1,0.797960,1,0.797960,1.974452,2.245150,1.865384,-0.689530,8.020576,1.958457,-0.469318,-1.096326,-1.434387,1.865384,-0.162490,-0.103847,-0.006720,0.192957,0.192840,5.491000,-67.915001,-21.329000,NaN,1.016816,true,Self-supervised model,0.188758,7.095000,167.515538,23.610365,0.000000,0.000000,1.058469,9.667351,false,false
2026-04-17T15:12:35.648885,0.049884,-0.796400,1.414658,8.946,N,1,0.797960,1,0.797960,1.942077,2.255027,1.772108,-0.780510,8.085219,1.996764,-0.475221,-1.042857,-1.351658,1.772108,-0.229074,-0.150884,0.052534,0.279286,0.274301,5.491000,-67.915001,-21.329000,NaN,1.017249,true,Self-supervised model,0.184959,7.109000,167.469770,23.557430,0.000000,0.000000,1.095913,6.345128,false,false
2026-04-17T15:12:35.651924,0.049884,-0.796400,1.413798,8.995,N,1,0.797960,1,0.797960,1.892224,2.262515,1.630498,-0.780510,8.133103,2.094927,-0.410912,-0.927855,-1.276230,1.630498,-0.288939,-0.213192,0.118508,0.378128,0.359078,5.491000,-67.915001,-21.329000,NaN,1.016146,true,Self-supervised model,0.178258,7.112000,167.420513,23.540567,0.000000,0.000000,1.160519,4.312027,false,false
2026-04-17T15:12:35.661639,0.049884,-0.796400,1.412578,9.065,N,1,0.797960,1,0.797960,1.814245,2.266585,1.404858,-0.703895,8.240842,2.190695,-0.295014,-0.737412,-1.158799,1.404858,-0.331089,-0.273057,0.173486,0.462901,0.429162,5.491000,-67.915001,-21.329000,NaN,1.013482,true,Self-supervised model,0.173651,7.122000,167.350578,23.497694,0.000000,0.000000,1.291408,3.034901,false,false
2026-04-17T15:12:35.667291,0.049884,-0.796400,1.410802,9.167,N,1,0.797960,1,0.797960,1.717116,2.266606,1.207185,-0.569820,8.422802,2.331953,-0.109405,-0.529432,-1.079365,1.207185,-0.350637,-0.314596,0.206472,0.514342,0.471080,6.159000,-66.264000,-21.398001,NaN,1.009485,true,Self-supervised model,0.167128,7.127000,167.248823,23.466932,0.000000,0.000000,1.422413,2.347049,false,false
2026-04-17T15:12:35.676374,0.049884,-0.796400,1.408397,9.305,N,1,0.797960,1,0.797960,1.612405,2.262438,1.062673,-0.361524,8.621520,2.437297,0.124669,-0.314010,-1.007537,1.062673,-0.352469,-0.331700,0.209527,0.527410,0.484003,6.159000,-66.264000,-21.398001,NaN,1.004565,true,Self-supervised model,0.164473,7.136000,167.111043,23.418027,0.000000,0.000000,1.517310,2.014892,false,false
2026-04-17T15:12:35.683657,0.049884,-0.796400,1.405442,9.474,N,1,0.797960,1,0.797960,1.518563,2.254683,1.025890,-0.102951,8.827422,2.535460,0.323465,-0.151210,-0.961746,1.025890,-0.347582,-0.331700,0.186925,0.515538,0.480456,6.159000,-66.264000,-21.398001,NaN,0.999407,true,Self-supervised model,0.162644,7.144000,166.941713,23.368101,0.000000,0.000000,1.480240,1.989941,false,false
2026-04-17T15:12:35.691685,0.049884,-0.796400,1.402119,9.664,N,1,0.797960,1,0.797960,1.446254,2.244346,1.066631,0.119710,8.980651,2.607286,0.525476,-0.075491,-0.925137,1.066631,-0.329256,-0.316428,0.130114,0.474833,0.456658,6.159000,-66.264000,-21.398001,NaN,0.994617,true,Self-supervised model,0.164225,7.152000,166.751365,23.315347,0.000000,0.000000,1.355907,2.246330,false,false
2026-04-17T15:12:35.699678,0.049884,-0.796400,1.398709,9.860,N,1,0.797960,1,0.797960,1.397183,2.232459,1.139564,0.342371,9.047688,2.667141,0.705635,-0.020126,-0.894584,1.139564,-0.313374,-0.293826,0.063530,0.434250,0.429578,6.159000,-66.264000,-21.398001,NaN,0.990853,true,Self-supervised model,0.166171,7.160000,166.555945,23.262004,0.000000,0.000000,1.226068,2.624212,false,false
2026-04-17T15:12:35.708030,0.049884,-0.796400,1.395487,10.044,N,1,0.797960,1,0.797960,1.367174,2.219848,1.209628,0.538695,9.095572,2.717419,0.827192,-0.033060,-0.881964,1.209628,-0.291383,-0.251066,-0.024435,0.385402,0.384627,6.159000,-66.264000,-21.398001,NaN,0.988387,true,Self-supervised model,0.169479,7.168000,166.371358,23.210290,0.000000,0.000000,1.130244,3.138612,false,false
2026-04-17T15:12:35.715953,0.049884,-0.796400,1.392741,10.202,N,1,0.797960,1,0.797960,1.347136,2.206939,1.241937,0.670376,9.076419,2.746149,0.833967,-0.027978,-0.919850,1.241937,-0.265116,-0.186925,-0.124617,0.347500,0.324387,6.159000,-66.264000,-21.398001,NaN,0.987543,true,Self-supervised model,0.171390,7.176000,166.214019,23.162489,0.000000,0.000000,1.084706,3.573918,false,false
2026-04-17T15:12:35.723732,0.049884,-0.796400,1.390841,10.311,N,1,0.797960,1,0.797960,1.335174,2.194069,1.272368,0.677559,9.074024,2.726996,0.784865,-0.076290,-0.998543,1.272368,-0.238848,-0.100182,-0.221133,0.340565,0.259008,6.159000,-66.264000,-21.398001,NaN,0.989027,true,Self-supervised model,0.173694,7.184000,166.105152,23.121541,0.000000,0.000000,1.049361,3.736046,false,false
2026-04-17T15:12:35.731570,0.049884,-0.796400,1.390010,10.358,N,1,0.797960,1,0.797960,1.324045,2.181268,1.265623,0.620098,9.018958,2.664747,0.593419,-0.122827,-1.111111,1.265623,-0.219911,-0.014661,-0.293215,0.366812,0.220400,6.159000,-66.264000,-21.398001,NaN,0.992476,true,Self-supervised model,0.174829,7.191000,166.057576,23.092418,0.000000,0.000000,1.046161,3.450329,false,false
2026-04-17T15:12:35.739508,0.049884,-0.796400,1.390385,10.337,N,1,0.797960,1,0.797960,1.312578,2.168520,1.252377,0.411803,8.966286,2.566584,0.304699,-0.107581,-1.209972,1.252377,-0.206472,0.080023,-0.359189,0.421961,0.221438,6.159000,-66.264000,-21.398001,NaN,0.997669,true,Self-supervised model,0.174638,7.199000,166.079020,23.069735,0.000000,0.000000,1.048070,2.967991,false,false
2026-04-17T15:12:35.748134,0.049884,-0.796400,1.392025,10.243,N,1,0.797960,1,0.797960,1.305889,2.156015,1.270767,0.098162,8.975863,2.480393,-0.057289,-0.015952,-1.269375,1.270767,-0.199142,0.165544,-0.394619,0.472003,0.258964,6.159000,-66.264000,-21.398001,NaN,1.004374,true,Self-supervised model,0.173334,7.208000,166.173017,23.053970,0.000000,0.000000,1.027638,2.692287,false,false
2026-04-17T15:12:35.755437,0.049884,-0.796400,1.394859,10.080,N,1,0.797960,1,0.797960,1.310288,2.144186,1.333387,-0.294487,9.062054,2.432509,-0.343970,0.053964,-1.287126,1.333387,-0.190590,0.232740,-0.400728,0.501074,0.300819,6.159000,-66.264000,-21.398001,NaN,1.011979,true,Self-supervised model,0.172652,7.215000,166.335355,23.054103,0.000000,0.000000,0.982677,2.661059,false,false
2026-04-17T15:12:35.763328,0.049884,-0.796400,1.398714,9.860,N,1,0.797960,1,0.797960,1.328101,2.133542,1.421617,-0.615310,9.126697,2.425326,-0.610131,0.152318,-1.274965,1.421617,-0.182649,0.276111,-0.385456,0.508108,0.331056,6.159000,-66.264000,-21.398001,NaN,1.019922,true,Self-supervised model,0.172943,7.223000,166.556244,23.059150,0.000000,0.000000,0.934218,2.797862,false,false
2026-04-17T15:12:35.771243,0.049884,-0.796400,1.403361,9.593,N,1,0.797960,1,0.797960,1.355032,2.124402,1.496423,-0.916979,9.220071,2.446874,-0.828623,0.238452,-1.223032,1.496423,-0.168599,0.308487,-0.346361,0.493513,0.351553,6.159000,-66.264000,-21.398001,NaN,1.027734,true,Self-supervised model,0.173338,7.231000,166.822481,23.070458,0.000000,0.000000,0.905514,3.032183,false,false
2026-04-17T15:12:35.780341,0.049884,-0.796400,1.408509,9.298,N,1,0.797960,1,0.797960,1.376372,2.116481,1.488405,-1.168370,9.308656,2.489970,-0.896878,0.313547,-1.145708,1.488405,-0.147219,0.310930,-0.298102,0.455210,0.344022,6.159000,-66.264000,-21.398001,NaN,1.034887,true,Self-supervised model,0.174210,7.240000,167.117436,23.082519,0.000000,0.000000,0.924730,3.269712,false,false
2026-04-17T15:12:35.787237,0.049884,-0.796400,1.414005,8.983,N,1,0.797960,1,0.797960,1.383072,2.109144,1.418244,-1.268927,9.387665,2.554613,-0.880390,0.372705,-1.047578,1.418244,-0.128893,0.280387,-0.249844,0.397054,0.308594,6.159000,-66.264000,-21.398001,NaN,1.041777,true,Self-supervised model,0.171116,7.247000,167.432350,23.103677,0.000000,0.000000,0.975200,3.571913,false,false
2026-04-17T15:12:35.795671,0.049884,-0.796400,1.419736,8.655,N,1,0.797960,1,0.797960,1.374602,2.101763,1.330134,-1.283292,9.452309,2.636016,-0.863607,0.447173,-0.907456,1.330134,-0.107512,0.227853,-0.208305,0.326905,0.251944,6.159000,-66.264000,-21.398001,NaN,1.048449,true,Self-supervised model,0.172098,7.256000,167.760745,23.120279,0.000000,0.000000,1.033431,4.068872,false,false
2026-04-17T15:12:35.803453,0.049884,-0.796400,1.425626,8.318,N,1,0.797960,1,0.797960,1.344411,2.093469,1.185914,-1.295263,9.533711,2.755726,-0.782952,0.489016,-0.744473,1.185914,-0.072082,0.150273,-0.160658,0.231492,0.166667,6.159000,-66.264000,-21.398001,NaN,1.054973,true,Self-supervised model,0.170169,7.263000,168.098216,23.144460,0.000000,0.000000,1.133650,5.122911,false,false
2026-04-17T15:12:35.813188,0.049884,-0.796400,1.431600,7.975,N,1,0.797960,1,0.797960,1.282452,2.083028,0.957166,-1.240196,9.583989,2.894590,-0.627155,0.417143,-0.590624,0.957166,-0.027489,0.056810,-0.118508,0.134265,0.063112,6.159000,-66.264000,-21.398001,NaN,1.061279,true,Self-supervised model,0.169108,7.273000,168.440459,23.159695,0.000000,0.000000,1.339842,7.128917,false,false
2026-04-17T15:12:35.820396,0.049884,-0.796400,1.437583,7.633,N,1,0.797960,1,0.797960,1.200227,2.069716,0.768547,-1.106121,9.521740,3.021482,-0.474378,0.348430,-0.494193,0.768547,0.009774,-0.043371,-0.087354,0.098017,0.044459,6.159000,-66.264000,-21.398001,NaN,1.067305,true,Self-supervised model,0.164240,7.280000,168.783297,23.184519,0.000000,0.000000,1.561683,7.840979,false,false
2026-04-17T15:12:35.828360,0.049884,-0.796400,1.442933,7.326,N,1,0.797960,1,0.797960,1.096742,2.052797,0.553441,-0.962469,9.454702,3.112462,-0.275463,0.257159,-0.405323,0.553441,0.041539,-0.109345,-0.067195,0.134896,0.116969,4.865000,-65.798004,-22.567001,NaN,1.070121,true,Self-supervised model,0.157186,7.288000,169.089842,23.201131,0.000000,0.000000,1.981677,4.102721,false,false
2026-04-17T15:12:35.835865,0.049884,-0.796400,1.447691,7.053,N,1,0.797960,1,0.797960,0.990231,2.032294,0.431047,-0.768539,9.366117,3.193865,-0.093971,0.172114,-0.383859,0.431047,0.077580,-0.150273,-0.051313,0.176730,0.169117,4.865000,-65.798004,-22.567001,NaN,1.072505,true,Self-supervised model,0.154515,7.296000,169.362401,23.213048,0.000000,0.000000,2.297267,2.439014,false,false
2026-04-17T15:12:35.847101,0.049884,-0.796400,1.451904,6.812,N,1,0.797960,1,0.797960,0.897950,2.008921,0.413477,-0.588974,9.284714,3.205836,0.061417,0.126807,-0.388731,0.413477,0.103847,-0.150884,-0.046426,0.188959,0.183167,4.865000,-65.798004,-22.567001,NaN,1.074547,true,Self-supervised model,0.155411,7.307000,169.603840,23.211146,0.000000,0.000000,2.171703,2.188187,false,false
2026-04-17T15:12:35.851712,0.049884,-0.796400,1.456116,6.571,N,1,0.797960,1,0.797960,0.826610,1.983628,0.452073,-0.440533,9.251195,3.169923,0.174588,0.134629,-0.394670,0.452073,0.111177,-0.108123,-0.046426,0.161884,0.155084,4.865000,-65.798004,-22.567001,NaN,1.078751,true,Self-supervised model,0.152805,7.312000,169.845171,23.228278,0.000000,0.000000,1.828486,2.792577,false,false
2026-04-17T15:12:35.860028,0.049884,-0.796400,1.460212,6.336,N,1,0.797960,1,0.797960,0.776697,1.957351,0.514654,-0.332794,9.270349,3.134010,0.251574,0.167151,-0.416700,0.514654,0.100182,-0.043371,-0.050091,0.120111,0.109167,4.865000,-65.798004,-22.567001,NaN,1.082381,true,Self-supervised model,0.160318,7.320000,170.079831,23.234950,0.000000,0.000000,1.509164,4.284825,false,false
2026-04-17T15:12:35.867479,0.049884,-0.796400,1.464109,6.113,N,1,0.797960,1,0.797960,0.736572,1.930520,0.525920,-0.260968,9.313444,3.083732,0.291031,0.260459,-0.352212,0.525920,0.077580,0.058032,-0.056200,0.112003,0.096883,4.865000,-65.798004,-22.567001,NaN,1.085481,true,Self-supervised model,0.161647,7.327000,170.303082,23.243221,0.000000,0.000000,1.400541,4.695568,false,false
2026-04-17T15:12:35.876247,0.049884,-0.796400,1.467748,5.904,N,1,0.797960,1,0.797960,0.707114,1.903584,0.552455,-0.227449,9.416395,3.122039,0.306190,0.379635,-0.259484,0.552455,0.054978,0.172875,-0.067806,0.193665,0.181406,4.865000,-65.798004,-22.567001,NaN,1.088093,true,Self-supervised model,0.161953,7.336000,170.511612,23.243131,0.000000,0.000000,1.279947,2.852641,false,false
2026-04-17T15:12:35.884060,0.049884,-0.796400,1.471003,5.718,N,1,0.797960,1,0.797960,0.684708,1.876828,0.567076,-0.220267,9.538500,3.205836,0.265221,0.489944,-0.105768,0.567076,0.042150,0.288939,-0.079412,0.302603,0.291997,4.865000,-65.798004,-22.567001,NaN,1.089809,true,Self-supervised model,0.161055,7.344000,170.698102,23.243206,0.000000,0.000000,1.207436,1.873989,false,false
2026-04-17T15:12:35.891345,0.049884,-0.796400,1.473973,5.548,N,1,0.797960,1,0.797960,0.680034,1.850957,0.655498,-0.272939,9.651027,3.351882,0.182932,0.627089,0.054532,0.655498,0.039095,0.383013,-0.100182,0.397823,0.385003,4.865000,-65.798004,-22.567001,NaN,1.091640,true,Self-supervised model,0.163359,7.351000,170.868273,23.244222,0.000000,0.000000,1.037431,1.647712,false,false
2026-04-17T15:12:35.900921,0.049884,-0.796400,1.476779,5.387,N,1,0.797960,1,0.797960,0.695331,1.826732,0.775637,-0.371101,9.789890,3.505111,0.077968,0.740337,0.217796,0.775637,0.056200,0.467923,-0.114843,0.485076,0.471286,4.865000,-65.798004,-22.567001,NaN,1.093792,true,Self-supervised model,0.166470,7.361000,171.029068,23.234488,0.000000,0.000000,0.896463,1.599001,false,false
2026-04-17T15:12:35.907913,0.049884,-0.796400,1.479531,5.229,N,1,0.797960,1,0.797960,0.721377,1.804517,0.858120,-0.495600,9.904813,3.660734,-0.044033,0.791056,0.329640,0.858120,0.083078,0.509462,-0.114843,0.528812,0.516191,4.865000,-65.798004,-22.567001,NaN,1.096323,true,Self-supervised model,0.166579,7.368000,171.186707,23.233809,0.000000,0.000000,0.840648,1.622733,false,false
2026-04-17T15:12:35.916300,0.049884,-0.796400,1.482284,5.071,N,1,0.797960,1,0.797960,0.763082,1.784860,0.982034,-0.639252,9.957485,3.763685,-0.173200,0.862803,0.435848,0.982034,0.107512,0.505186,-0.104458,0.526956,0.516499,4.865000,-65.798004,-22.567001,NaN,1.099084,true,Self-supervised model,0.169725,7.376000,171.344466,23.229998,0.000000,0.000000,0.777043,1.863597,false,false
2026-04-17T15:12:35.923304,0.049884,-0.796400,1.485042,4.913,N,1,0.797960,1,0.797960,0.817249,1.768156,1.101624,-0.790087,10.031705,3.859453,-0.260263,0.921318,0.544988,1.101624,0.135612,0.456316,-0.074526,0.481840,0.476041,4.865000,-65.798004,-22.567001,NaN,1.101858,true,Self-supervised model,0.171836,7.383000,171.502461,23.229373,0.000000,0.000000,0.741858,2.286289,false,false
2026-04-17T15:12:35.931681,0.049884,-0.796400,1.487695,4.761,N,1,0.797960,1,0.797960,0.886864,1.754904,1.252341,-0.895431,10.093954,3.955221,-0.282023,1.048850,0.623486,1.252341,0.163712,0.376904,-0.031154,0.412103,0.410923,4.865000,-65.798004,-22.567001,NaN,1.104094,true,Self-supervised model,0.175616,7.392000,171.654475,23.221655,0.000000,0.000000,0.708165,3.038905,false,false
2026-04-17T15:12:35.939390,0.049884,-0.796400,1.490142,4.621,N,1,0.797960,1,0.797960,0.953666,1.744854,1.304377,-0.931344,10.225636,4.019865,-0.167750,1.091739,0.693806,1.304377,0.194866,0.295048,0.013439,0.353846,0.353590,4.865000,-65.798004,-22.567001,NaN,1.105718,true,Self-supervised model,0.176995,7.399000,171.794690,23.218636,0.000000,0.000000,0.731127,3.686290,false,false
2026-04-17T15:12:35.948200,0.049884,-0.796400,1.492264,4.500,N,1,0.797960,1,0.797960,1.017708,1.737769,1.353930,-0.826000,10.273520,4.074931,0.018074,1.162420,0.693959,1.353930,0.222355,0.221744,0.049480,0.317900,0.314026,4.865000,-65.798004,-22.567001,NaN,1.106541,true,Self-supervised model,0.178945,7.408000,171.916299,23.206844,0.000000,0.000000,0.751669,4.258981,false,false
2026-04-17T15:12:35.955276,0.049884,-0.796400,1.493977,4.401,N,1,0.797960,1,0.797960,1.079564,1.733440,1.404308,-0.644040,10.350134,4.058172,0.259803,1.232445,0.621017,1.404308,0.237016,0.147829,0.070250,0.288036,0.279338,4.865000,-65.798004,-22.567001,NaN,1.106615,true,Self-supervised model,0.180464,7.415000,172.014429,23.198170,0.000000,0.000000,0.768752,4.875452,false,false
2026-04-17T15:12:35.963759,0.049884,-0.796400,1.495264,4.328,N,1,0.797960,1,0.797960,1.143478,1.731842,1.479028,-0.402226,10.426748,3.967192,0.501483,1.288126,0.526088,1.479028,0.226020,0.081856,0.072082,0.250961,0.240386,4.865000,-65.798004,-22.567001,NaN,1.106200,true,Self-supervised model,0.183289,7.424000,172.088176,23.179981,0.000000,0.000000,0.773128,5.893460,false,false
2026-04-17T15:12:35.971681,0.049884,-0.796400,1.496174,4.276,N,1,0.797960,1,0.797960,1.205300,1.732780,1.529867,-0.158017,10.488997,3.854665,0.617954,1.308794,0.495667,1.529867,0.181427,0.023213,0.054367,0.190815,0.182906,4.865000,-65.798004,-22.567001,NaN,1.105598,true,Self-supervised model,0.186528,7.432000,172.140277,23.162039,0.000000,0.000000,0.787846,8.017544,false,false
2026-04-17T15:12:35.980862,0.049884,-0.796400,1.496808,4.239,N,1,0.797960,1,0.797960,1.270659,1.736295,1.613794,-0.038307,10.515334,3.809175,0.636281,1.376410,0.552243,1.613794,0.129503,-0.024435,0.032376,0.135707,0.131788,4.865000,-65.798004,-22.567001,NaN,1.105131,true,Self-supervised model,0.191932,7.441000,172.176605,23.138907,0.000000,0.000000,0.787374,11.891752,false,false
2026-04-17T15:12:35.987398,0.049884,-0.796400,1.497265,4.213,N,1,0.797960,1,0.797960,1.346399,1.742700,1.744032,-0.016759,10.587160,3.854665,0.537952,1.467312,0.774113,1.744032,0.070250,-0.064141,0.008552,0.095510,0.095126,6.189000,-65.053001,-23.372002,NaN,1.104880,true,Self-supervised model,0.199479,7.447000,172.202793,23.123780,0.000000,0.000000,0.772004,18.260181,false,false
2026-04-17T15:12:35.996015,0.049884,-0.796400,1.497636,4.192,N,1,0.797960,1,0.797960,1.427946,1.752109,1.856069,-0.112527,10.680533,4.070143,0.363922,1.571650,0.917862,1.856069,0.022602,-0.072693,-0.011606,0.077005,0.076126,6.189000,-65.053001,-23.372002,NaN,1.104907,true,Self-supervised model,0.206588,7.456000,172.224059,23.098720,0.000000,0.000000,0.769339,24.103114,false,false
2026-04-17T15:12:36.003337,0.049884,-0.796400,1.497984,4.172,N,1,0.797960,1,0.797960,1.506539,1.764287,1.919149,-0.284910,10.785878,4.211401,0.208695,1.634002,0.984691,1.919149,-0.010996,-0.021991,-0.028711,0.037800,0.024587,6.189000,-65.053001,-23.372002,NaN,1.105164,true,Self-supervised model,0.220631,7.463000,172.244011,23.079728,0.000000,0.000000,0.785004,0.000000,false,false
2026-04-17T15:12:36.012316,0.049884,-0.796400,1.498364,4.150,N,1,0.797960,1,0.797960,1.579481,1.778894,1.962430,-0.440533,10.848128,4.278439,-0.017644,1.718603,0.947219,1.962430,-0.029322,0.069639,-0.039706,0.085357,0.075560,6.189000,-65.053001,-23.372002,NaN,1.105670,true,Self-supervised model,0.207524,7.472000,172.265777,23.054842,0.000000,0.000000,0.804860,22.990757,false,false
2026-04-17T15:12:36.019403,0.049884,-0.796400,1.498810,4.125,N,1,0.797960,1,0.797960,1.650177,1.795746,2.021328,-0.670376,10.931925,4.242526,-0.292718,1.832415,0.801461,2.021328,-0.045204,0.230296,-0.039095,0.237925,0.234691,6.189000,-65.053001,-23.372002,NaN,1.106379,true,Self-supervised model,0.194694,7.479000,172.291310,23.036677,0.000000,0.000000,0.816382,8.495661,false,false
2026-04-17T15:12:36.028161,0.049884,-0.796400,1.499315,4.096,N,1,0.797960,1,0.797960,1.727246,1.815006,2.131861,-0.952892,11.044453,4.098873,-0.498950,2.004215,0.528206,2.131861,-0.072082,0.418443,-0.029932,0.425660,0.424606,6.189000,-65.053001,-23.372002,NaN,1.107123,true,Self-supervised model,0.191016,7.488000,172.320262,23.012856,0.000000,0.000000,0.810206,5.008371,false,false
2026-04-17T15:12:36.035630,0.049884,-0.796400,1.499825,4.066,N,1,0.797960,1,0.797960,1.823192,1.837333,2.326908,-1.170765,11.214440,3.828329,-0.763248,2.179405,0.286610,2.326908,-0.126449,0.607200,-0.015882,0.620430,0.620227,6.189000,-65.053001,-23.372002,NaN,1.107652,true,Self-supervised model,0.189551,7.496000,172.349492,22.992195,0.000000,0.000000,0.783526,3.750475,false,false
2026-04-17T15:12:36.045749,0.049884,-0.796400,1.500237,4.043,N,1,0.797960,1,0.797960,1.931977,1.863119,2.503096,-1.450886,11.386824,3.591303,-0.895596,2.336981,0.043777,2.503096,-0.189368,0.729373,0.000611,0.753555,0.753555,6.189000,-65.053001,-23.372002,NaN,1.107674,true,Self-supervised model,0.189370,7.506000,172.373118,22.964711,0.000000,0.000000,0.771835,3.321714,false,false
2026-04-17T15:12:36.051776,0.049884,-0.796400,1.500433,4.031,N,1,0.797960,1,0.797960,2.061857,1.893068,2.743729,-1.601721,11.540052,3.356671,-1.050076,2.530520,-0.147835,2.743729,-0.296881,0.803288,0.009163,0.856442,0.856393,6.189000,-65.053001,-23.372002,NaN,1.107004,true,Self-supervised model,0.190140,7.512000,172.384344,22.947863,0.000000,0.000000,0.751480,3.203636,false,false
2026-04-17T15:12:36.059570,0.049884,-0.796400,1.500310,4.039,N,1,0.797960,1,0.797960,2.186562,1.926808,2.841262,-1.776498,11.726800,3.179500,-1.155802,2.588568,-0.190289,2.841262,-0.436158,0.794125,0.000611,0.906018,0.906018,6.189000,-65.053001,-23.372002,NaN,1.105602,true,Self-supervised model,0.190221,7.519000,172.377260,22.925557,0.000000,0.000000,0.769574,3.135989,false,false
2026-04-17T15:12:36.067515,0.049884,-0.796400,1.499813,4.067,N,1,0.797960,1,0.797960,2.291792,1.963407,2.844251,-1.903390,11.774684,3.160346,-1.245302,2.556973,-0.029598,2.844251,-0.563218,0.715323,-0.011606,0.910514,0.910440,6.189000,-65.053001,-23.372002,NaN,1.103615,true,Self-supervised model,0.189453,7.527000,172.348821,22.897412,0.000000,0.000000,0.805763,3.123786,false,false
2026-04-17T15:12:36.076086,0.049884,-0.796400,1.498929,4.118,N,1,0.797960,1,0.797960,2.347851,2.000785,2.642159,-2.013524,11.729194,3.354277,-1.309330,2.251720,0.443186,2.642159,-0.697608,0.532064,-0.014050,0.877466,0.877353,6.189000,-65.053001,-23.372002,NaN,1.101180,true,Self-supervised model,0.187085,7.536000,172.298174,22.863346,0.000000,0.000000,0.888611,3.011125,false,false
2026-04-17T15:12:36.084265,0.049884,-0.796400,1.497632,4.192,N,1,0.797960,1,0.797960,2.337927,2.036271,2.285830,-2.094927,11.405977,3.871424,-1.179093,1.664804,1.031107,2.285830,-0.799012,0.285885,0.012828,0.848713,0.848617,6.189000,-65.053001,-23.372002,NaN,1.098227,true,Self-supervised model,0.182363,7.544000,172.223811,22.829243,0.000000,0.000000,1.022792,2.693288,false,false
2026-04-17T15:12:36.093031,0.049884,-0.796400,1.495840,4.295,N,1,0.797960,1,0.797960,2.301624,2.068885,2.111030,-1.975216,10.797850,4.513070,-0.970778,1.084560,1.528975,2.111030,-0.840551,0.003665,0.065363,0.843096,0.840559,6.189000,-65.053001,-23.372002,NaN,1.094459,true,Self-supervised model,0.179334,7.553000,172.121146,22.788448,0.000000,0.000000,1.090285,2.503902,false,false
2026-04-17T15:12:36.100649,0.049884,-0.796400,1.493420,4.433,N,1,0.797960,1,0.797960,2.295541,2.099951,2.263605,-1.766921,10.194510,5.070919,-0.699183,0.420663,2.111419,2.263605,-0.828944,-0.197920,0.121562,0.860871,0.852245,6.189000,-65.053001,-23.372002,NaN,1.089527,true,Self-supervised model,0.180057,7.561000,171.982491,22.745998,0.000000,0.000000,1.014109,2.629436,false,false
2026-04-17T15:12:36.107413,0.049884,-0.796400,1.490286,4.613,N,1,0.797960,1,0.797960,2.356214,2.132202,2.674747,-1.484405,9.507375,5.714960,-0.366518,-0.235152,2.639060,2.674747,-0.752586,-0.372017,0.195477,0.861971,0.839513,6.189000,-65.053001,-23.372002,NaN,1.083539,true,Self-supervised model,0.183697,7.567000,171.802955,22.704236,0.000000,0.000000,0.880911,3.103060,false,false
2026-04-17T15:12:36.116089,0.049884,-0.796400,1.486389,4.836,N,1,0.797960,1,0.797960,2.468206,2.167642,3.056163,-1.130063,8.829816,6.301539,0.015318,-0.815610,2.945280,3.056163,-0.605367,-0.451429,0.260229,0.798735,0.755154,6.189000,-65.053001,-23.372002,NaN,1.076586,true,Self-supervised model,0.189444,7.576000,171.579655,22.647790,0.000000,0.000000,0.807616,3.826255,false,false
2026-04-17T15:12:36.123184,0.049884,-0.796400,1.481752,5.102,N,1,0.797960,1,0.797960,2.597885,2.206852,3.278704,-0.718261,8.231265,6.658275,0.247070,-1.204956,3.039233,3.278704,-0.403171,-0.417221,0.304822,0.655390,0.580190,6.189000,-65.053001,-23.372002,NaN,1.068990,true,Self-supervised model,0.193269,7.583000,171.313969,22.591846,0.000000,0.000000,0.792351,5.002673,false,false
2026-04-17T15:12:36.131600,0.049884,-0.796400,1.476493,5.403,N,1,0.797960,1,0.797960,2.719309,2.249350,3.356784,-0.452504,7.829040,6.789956,0.445761,-1.557247,2.940115,3.356784,-0.210749,-0.317650,0.320704,0.498164,0.381204,6.189000,-65.053001,-23.372002,NaN,1.061243,true,Self-supervised model,0.198150,7.592000,171.012641,22.525374,0.000000,0.000000,0.810094,6.738307,false,false
2026-04-17T15:12:36.140610,0.049884,-0.796400,1.470804,5.729,N,1,0.797960,1,0.797960,2.794600,2.293160,3.189880,-0.220267,7.469909,6.713342,0.550597,-1.765270,2.599231,3.189880,0.017104,-0.141110,0.311541,0.342436,0.142143,6.189000,-65.053001,-23.372002,NaN,1.053837,true,Self-supervised model,0.201877,7.601000,170.686712,22.455823,0.000000,0.000000,0.876083,9.315255,false,false
2026-04-17T15:12:36.149492,0.049884,-0.796400,1.464926,6.066,N,1,0.797960,1,0.797960,2.784155,2.334800,2.729314,-0.086191,7.261614,6.378153,0.529665,-1.758425,2.019047,2.729314,0.222966,0.080023,0.278555,0.365664,0.236891,6.947001,-65.422005,-21.088001,NaN,1.047202,true,Self-supervised model,0.194111,7.609000,170.349946,22.387954,0.000000,0.000000,1.020093,7.463996,false,false
2026-04-17T15:12:36.155381,0.049884,-0.796400,1.459136,6.398,N,1,0.797960,1,0.797960,2.683737,2.370757,2.156546,-0.086191,7.273585,5.789180,0.368164,-1.609326,1.387521,2.156546,0.379958,0.323148,0.226020,0.547611,0.498791,6.947001,-65.422005,-21.088001,NaN,1.041759,true,Self-supervised model,0.178262,7.615000,170.018154,22.326744,0.000000,0.000000,1.244461,3.938098,false,false
2026-04-17T15:12:36.163874,0.049884,-0.796400,1.453690,6.710,N,1,0.797960,1,0.797960,2.503636,2.398072,1.558103,-0.237026,7.431602,5.137957,0.154610,-1.388003,0.690818,1.558103,0.458760,0.496633,0.172264,0.697696,0.676096,6.947001,-65.422005,-21.088001,NaN,1.037695,true,Self-supervised model,0.170257,7.624000,169.706154,22.259464,0.000000,0.000000,1.606849,2.233211,false,false
2026-04-17T15:12:36.171628,0.049884,-0.796400,1.448800,6.990,N,1,0.797960,1,0.797960,2.290400,2.415765,1.170913,-0.450110,7.663840,4.414908,-0.045147,-1.164507,0.113674,1.170913,0.477697,0.628580,0.108734,0.796951,0.789498,6.947001,-65.422005,-21.088001,NaN,1.035024,true,Self-supervised model,0.162614,7.632000,169.425945,22.199416,0.000000,0.000000,1.956080,1.469242,false,false
2026-04-17T15:12:36.179976,0.049884,-0.796400,1.444626,7.229,N,1,0.797960,1,0.797960,2.085647,2.424561,1.010692,-0.658405,7.898471,3.809175,-0.245682,-0.927827,-0.316665,1.010692,0.419054,0.665232,0.036041,0.787044,0.786219,6.947001,-65.422005,-21.088001,NaN,1.033718,true,Self-supervised model,0.160974,7.640000,169.186815,22.144871,0.000000,0.000000,2.063582,1.284162,false,false
2026-04-17T15:12:36.187340,0.049884,-0.796400,1.441270,7.421,N,1,0.797960,1,0.797960,1.924626,2.426563,1.079268,-0.873884,8.145074,3.351882,-0.418469,-0.792678,-0.601136,1.079268,0.359189,0.638965,-0.000611,0.733003,0.733003,6.947001,-65.422005,-21.088001,NaN,1.033631,true,Self-supervised model,0.162124,7.647000,168.994516,22.099453,0.000000,0.000000,1.783270,1.472392,false,false
2026-04-17T15:12:36.196188,0.049884,-0.796400,1.438774,7.564,N,1,0.797960,1,0.797960,1.810547,2.423923,1.211634,-1.065420,8.288726,3.043030,-0.556265,-0.684743,-0.830513,1.211634,0.265116,0.580322,-0.036041,0.639030,0.638012,6.947001,-65.422005,-21.088001,NaN,1.034578,true,Self-supervised model,0.166671,7.656000,168.851521,22.054796,0.000000,0.000000,1.494303,1.896053,false,false
2026-04-17T15:12:36.203282,0.049884,-0.796400,1.437141,7.658,N,1,0.797960,1,0.797960,1.727292,2.418057,1.290198,-1.228225,8.394072,2.815581,-0.640583,-0.654831,-0.908549,1.290198,0.145997,0.486249,-0.075136,0.513224,0.507694,6.947001,-65.422005,-21.088001,NaN,1.036397,true,Self-supervised model,0.170581,7.663000,168.757977,22.022443,0.000000,0.000000,1.338780,2.513911,false,false
2026-04-17T15:12:36.214753,0.049884,-0.796400,1.436273,7.708,N,1,0.797960,1,0.797960,1.659299,2.409707,1.302341,-1.333570,8.427590,2.724602,-0.665212,-0.710131,-0.865621,1.302341,0.015272,0.378736,-0.114232,0.395883,0.379044,6.947001,-65.422005,-21.088001,NaN,1.038588,true,Self-supervised model,0.174039,7.675000,168.708244,21.981530,0.000000,0.000000,1.274090,3.289711,false,false
2026-04-17T15:12:36.219600,0.049884,-0.796400,1.436090,7.718,N,1,0.797960,1,0.797960,1.608954,2.399677,1.344640,-1.379060,8.372523,2.762909,-0.699961,-0.900717,-0.711914,1.344640,-0.106901,0.278555,-0.147829,0.332978,0.298363,6.947001,-65.422005,-21.088001,NaN,1.041143,true,Self-supervised model,0.176595,7.680000,168.697735,21.965851,0.000000,0.000000,1.196568,4.038231,false,false
2026-04-17T15:12:36.227943,0.049884,-0.796400,1.436500,7.695,N,1,0.797960,1,0.797960,1.573788,2.388641,1.389165,-1.434127,8.178593,2.920926,-0.682602,-1.121900,-0.452960,1.389165,-0.194255,0.210138,-0.167988,0.331833,0.286169,6.947001,-65.422005,-21.088001,NaN,1.043929,true,Self-supervised model,0.177801,7.688000,168.721253,21.946053,0.000000,0.000000,1.132902,4.186342,false,false
2026-04-17T15:12:36.235337,0.049884,-0.796400,1.437405,7.643,N,1,0.797960,1,0.797960,1.565862,2.377730,1.524250,-1.436521,7.951144,3.191471,-0.635182,-1.376717,-0.156629,1.524250,-0.262672,0.155771,-0.174097,0.351526,0.305387,6.947001,-65.422005,-21.088001,NaN,1.046809,true,Self-supervised model,0.179709,7.695000,168.773071,21.932823,0.000000,0.000000,1.027300,4.336091,false,false
2026-04-17T15:12:36.246019,0.049884,-0.796400,1.438675,7.570,N,1,0.797960,1,0.797960,1.584439,2.367999,1.681973,-1.407791,7.687782,3.505111,-0.581718,-1.577585,0.043141,1.681973,-0.298713,0.134390,-0.171653,0.369804,0.327552,6.947001,-65.422005,-21.088001,NaN,1.049543,true,Self-supervised model,0.182460,7.706000,168.845850,21.910959,0.000000,0.000000,0.942013,4.548280,false,false
2026-04-17T15:12:36.251820,0.049884,-0.796400,1.440184,7.484,N,1,0.797960,1,0.797960,1.619743,2.360068,1.805084,-1.371878,7.477092,3.725378,-0.589130,-1.686072,0.261559,1.805084,-0.301157,0.138056,-0.164323,0.369806,0.331292,6.947001,-65.422005,-21.088001,NaN,1.052009,true,Self-supervised model,0.183491,7.712000,168.932333,21.905126,0.000000,0.000000,0.897323,4.881162,false,false
2026-04-17T15:12:36.259204,0.049884,-0.796400,1.441915,7.384,N,1,0.797960,1,0.797960,1.661446,2.354123,1.880389,-1.398214,7.357382,3.967192,-0.569753,-1.745053,0.407473,1.880389,-0.285274,0.164323,-0.139277,0.357465,0.329216,6.947001,-65.422005,-21.088001,NaN,1.054624,true,Self-supervised model,0.185640,7.719000,169.031493,21.898108,0.000000,0.000000,0.883565,5.260340,false,false
2026-04-17T15:12:36.267628,0.049884,-0.796400,1.443702,7.282,N,1,0.797960,1,0.797960,1.693414,2.349695,1.861246,-1.395820,7.287950,4.134786,-0.535671,-1.711967,0.496452,1.861246,-0.255953,0.209527,-0.104458,0.346878,0.330777,6.947001,-65.422005,-21.088001,NaN,1.056635,true,Self-supervised model,0.186036,7.728000,169.133865,21.885852,0.000000,0.000000,0.909828,5.365703,false,false
2026-04-17T15:12:36.275675,0.049884,-0.796400,1.445391,7.185,N,1,0.797960,1,0.797960,1.714026,2.346268,1.822240,-1.376666,7.311892,4.242526,-0.467601,-1.680554,0.526921,1.822240,-0.214414,0.264505,-0.062919,0.346258,0.340494,6.947001,-65.422005,-21.088001,NaN,1.057933,true,Self-supervised model,0.185709,7.736000,169.230632,21.875728,0.000000,0.000000,0.940615,5.262661,false,false
2026-04-17T15:12:36.283694,0.049884,-0.796400,1.446851,7.102,N,1,0.797960,1,0.797960,1.717828,2.343131,1.737788,-1.321599,7.335834,4.288015,-0.333524,-1.619537,0.534572,1.737788,-0.172264,0.311541,-0.031765,0.357410,0.355996,6.947001,-65.422005,-21.088001,NaN,1.058478,true,Self-supervised model,0.184370,7.744000,169.314286,21.863932,0.000000,0.000000,0.988514,4.862170,false,false
2026-04-17T15:12:36.291253,0.049884,-0.796400,1.448018,7.035,N,1,0.797960,1,0.797960,1.708177,2.339733,1.657510,-1.199495,7.390901,4.307169,-0.171608,-1.569900,0.503293,1.657510,-0.117897,0.347582,-0.003665,0.367051,0.367033,6.947001,-65.422005,-21.088001,NaN,1.058473,true,Self-supervised model,0.182970,7.751000,169.381153,21.852813,0.000000,0.000000,1.030568,4.515746,false,false
2026-04-17T15:12:36.300503,0.049884,-0.796400,1.448877,6.985,N,1,0.797960,1,0.797960,1.678136,2.335269,1.520418,-1.048660,7.436390,4.283227,-0.038977,-1.471630,0.380078,1.520418,-0.064752,0.356134,0.006109,0.362025,0.361973,6.947001,-65.422005,-21.088001,NaN,1.058102,true,Self-supervised model,0.181226,7.760000,169.430396,21.833814,0.000000,0.000000,1.103733,4.199765,false,false
2026-04-17T15:12:36.307902,0.049884,-0.796400,1.449478,6.951,N,1,0.797960,1,0.797960,1.622839,2.328772,1.332528,-0.926556,7.532158,4.163517,-0.054907,-1.309918,0.238183,1.332528,-0.029322,0.341474,-0.003665,0.342750,0.342730,5.996000,-64.189003,-20.710001,NaN,1.057665,true,Self-supervised model,0.178103,7.768000,169.464789,21.815756,0.000000,0.000000,1.217864,3.887757,false,false
2026-04-17T15:12:36.315823,0.049884,-0.796400,1.449910,6.926,N,1,0.797960,1,0.797960,1.547627,2.319526,1.152769,-0.952892,7.692570,4.022259,-0.161512,-1.139421,0.067147,1.152769,-0.006720,0.324980,-0.012217,0.325279,0.325050,5.996000,-64.189003,-20.710001,NaN,1.057428,true,Self-supervised model,0.174910,7.776000,169.489585,21.796500,0.000000,0.000000,1.342530,3.543936,false,false
2026-04-17T15:12:36.323207,0.049884,-0.796400,1.450275,6.905,N,1,0.797960,1,0.797960,1.463594,2.307288,1.022421,-1.070208,7.862558,3.849876,-0.306114,-0.969286,-0.110103,1.022421,0.003054,0.305433,-0.025656,0.306524,0.305448,5.996000,-64.189003,-20.710001,NaN,1.057521,true,Self-supervised model,0.172533,7.783000,169.510490,21.779582,0.000000,0.000000,1.431499,3.335537,false,false
2026-04-17T15:12:36.331465,0.049884,-0.796400,1.450654,6.884,N,1,0.797960,1,0.797960,1.387196,2.292485,0.986103,-1.225831,8.032547,3.670311,-0.450949,-0.851857,-0.208286,0.986103,0.000000,0.282831,-0.028100,0.284223,0.282831,5.996000,-64.189003,-20.710001,NaN,1.057955,true,Self-supervised model,0.172399,7.791000,169.532178,21.760002,0.000000,0.000000,1.406746,3.469467,false,false
2026-04-17T15:12:36.339228,0.049884,-0.796400,1.451068,6.860,N,1,0.797960,1,0.797960,1.317633,2.275491,0.952432,-1.381454,8.149862,3.569755,-0.541179,-0.743512,-0.247874,0.952432,-0.010996,0.271224,-0.021380,0.272288,0.271447,5.996000,-64.189003,-20.710001,NaN,1.058510,true,Self-supervised model,0.172057,7.799000,169.555898,21.740723,0.000000,0.000000,1.383441,3.497890,false,false
2026-04-17T15:12:36.347808,0.049884,-0.796400,1.451496,6.835,N,1,0.797960,1,0.797960,1.253012,2.256592,0.913747,-1.482011,8.257602,3.529053,-0.607746,-0.629739,-0.262692,0.913747,-0.021991,0.269392,-0.004276,0.270321,0.270288,5.996000,-64.189003,-20.710001,NaN,1.058994,true,Self-supervised model,0.171545,7.808000,169.580414,21.718803,0.000000,0.000000,1.371289,3.380223,false,false
2026-04-17T15:12:36.355892,0.049884,-0.796400,1.451900,6.812,N,1,0.797960,1,0.797960,1.188171,2.235855,0.847757,-1.558625,8.370130,3.514688,-0.616511,-0.546700,-0.199314,0.847757,-0.021991,0.293826,0.014661,0.295013,0.294648,5.996000,-64.189003,-20.710001,NaN,1.059303,true,Self-supervised model,0.169832,7.816000,169.603573,21.699536,0.000000,0.000000,1.401546,2.873631,false,false
2026-04-17T15:12:36.364046,0.049884,-0.796400,1.452256,6.792,N,1,0.797960,1,0.797960,1.120334,2.213234,0.764191,-1.577779,8.451532,3.579332,-0.574260,-0.482785,-0.145367,0.764191,-0.010385,0.320093,0.029932,0.321658,0.320262,5.996000,-64.189003,-20.710001,NaN,1.059470,true,Self-supervised model,0.167646,7.824000,169.624008,21.679960,0.000000,0.000000,1.466040,2.375789,false,false
2026-04-17T15:12:36.371321,0.049884,-0.796400,1.452565,6.774,N,1,0.797960,1,0.797960,1.053542,2.188846,0.702881,-1.546654,8.513782,3.634398,-0.538766,-0.431255,-0.133388,0.702881,0.010996,0.332922,0.048258,0.336581,0.333103,5.996000,-64.189003,-20.710001,NaN,1.059586,true,Self-supervised model,0.166211,7.831000,169.641684,21.662838,0.000000,0.000000,1.498890,2.088300,false,false
2026-04-17T15:12:36.380016,0.049884,-0.796400,1.452830,6.759,N,1,0.797960,1,0.797960,0.981814,2.162565,0.605242,-1.522712,8.564059,3.646369,-0.453056,-0.375629,-0.141282,0.605242,0.036652,0.335365,0.067195,0.343989,0.337362,5.996000,-64.189003,-20.710001,NaN,1.059675,true,Self-supervised model,0.163774,7.840000,169.656847,21.639904,0.000000,0.000000,1.622184,1.759482,false,false
2026-04-17T15:12:36.387567,0.049884,-0.796400,1.453060,6.746,N,1,0.797960,1,0.797960,0.912268,2.134553,0.547153,-1.448492,8.619126,3.636792,-0.380090,-0.354418,-0.171163,0.547153,0.064141,0.317039,0.084299,0.334267,0.323462,5.996000,-64.189003,-20.710001,NaN,1.059766,true,Self-supervised model,0.162625,7.847000,169.670025,21.622279,0.000000,0.000000,1.667298,1.636877,false,false
2026-04-17T15:12:36.397239,0.049884,-0.796400,1.453259,6.734,N,1,0.797960,1,0.797960,0.841062,2.104813,0.467230,-1.386243,8.640674,3.603274,-0.299169,-0.278987,-0.225761,0.467230,0.085521,0.274889,0.100182,0.304819,0.287885,5.996000,-64.189003,-20.710001,NaN,1.059845,true,Self-supervised model,0.161015,7.857000,169.681469,21.596216,0.000000,0.000000,1.800103,1.532812,false,false
2026-04-17T15:12:36.403453,0.049884,-0.796400,1.453421,6.725,N,1,0.797960,1,0.797960,0.771463,2.073479,0.406071,-1.314417,8.717288,3.543418,-0.189885,-0.199553,-0.298355,0.406071,0.096517,0.212581,0.117897,0.261545,0.233466,5.996000,-64.189003,-20.710001,NaN,1.059856,true,Self-supervised model,0.160024,7.863000,169.690752,21.580917,0.000000,0.000000,1.899825,1.552583,false,false
2026-04-17T15:12:36.412039,0.049884,-0.796400,1.453515,6.720,N,1,0.797960,1,0.797960,0.712889,2.041056,0.405373,-1.211466,8.798691,3.464410,-0.136317,-0.082385,-0.372770,0.405373,0.097738,0.156992,0.135001,0.228964,0.184931,5.996000,-64.189003,-20.710001,NaN,1.059677,true,Self-supervised model,0.161184,7.872000,169.696127,21.556927,0.000000,0.000000,1.758600,1.770462,false,false
2026-04-17T15:12:36.419446,0.049884,-0.796400,1.453502,6.720,N,1,0.797960,1,0.797960,0.668684,2.008161,0.436606,-1.161188,8.918402,3.383007,-0.038065,0.046248,-0.432478,0.436606,0.089186,0.093462,0.150273,0.198170,0.129188,5.996000,-64.189003,-20.710001,NaN,1.059236,true,Self-supervised model,0.163928,7.879000,169.695373,21.537679,0.000000,0.000000,1.531549,2.203190,false,false
2026-04-17T15:12:36.428272,0.049884,-0.796400,1.453345,6.729,N,1,0.797960,1,0.797960,0.637823,1.975347,0.475804,-1.063026,9.050082,3.315969,0.039464,0.176994,-0.439893,0.475804,0.068417,0.037874,0.159436,0.177581,0.078200,5.996000,-64.189003,-20.710001,NaN,1.058502,true,Self-supervised model,0.166930,7.888000,169.686360,21.511962,0.000000,0.000000,1.340515,2.679363,false,false
2026-04-17T15:12:36.435860,0.049884,-0.796400,1.452960,6.752,N,1,0.797960,1,0.797960,0.618451,1.943072,0.516749,-0.981623,9.184157,3.301604,0.192910,0.324652,-0.352728,0.516749,0.048258,-0.000611,0.156992,0.164243,0.048262,5.996000,-64.189003,-20.710001,NaN,1.057206,true,Self-supervised model,0.169604,7.896000,169.664300,21.487373,0.000000,0.000000,1.196811,3.146244,false,false
2026-04-17T15:12:36.445733,0.049884,-0.796400,1.452299,6.789,N,1,0.797960,1,0.797960,0.616921,1.912025,0.608886,-0.821211,9.334992,3.383007,0.370499,0.441772,-0.195727,0.608886,0.022602,-0.032376,0.144775,0.150063,0.039485,5.996000,-64.189003,-20.710001,NaN,1.055441,true,Self-supervised model,0.174080,7.906000,169.626422,21.455404,0.000000,0.000000,1.013196,4.057537,false,false
2026-04-17T15:12:36.452351,0.049884,-0.796400,1.451345,6.844,N,1,0.797960,1,0.797960,0.632752,1.882855,0.715865,-0.634463,9.454702,3.536236,0.502114,0.506992,0.057472,0.715865,0.005498,-0.051313,0.112399,0.123680,0.051606,5.996000,-64.189003,-20.710001,NaN,1.053315,true,Self-supervised model,0.178175,7.912000,169.571761,21.432225,0.000000,0.000000,0.883898,5.788029,false,false
2026-04-17T15:12:36.461862,0.049884,-0.796400,1.450153,6.912,N,1,0.797960,1,0.797960,0.662910,1.856057,0.821239,-0.493206,9.521740,3.787627,0.582354,0.517764,0.259264,0.821239,0.003054,-0.058643,0.072693,0.093448,0.058723,5.996000,-64.189003,-20.710001,NaN,1.051171,true,Self-supervised model,0.183178,7.922000,169.503465,21.396549,0.000000,0.000000,0.807207,8.788156,false,false
2026-04-17T15:12:36.467472,0.049884,-0.796400,1.448849,6.987,N,1,0.797960,1,0.797960,0.716267,1.832465,0.996395,-0.404620,9.533711,3.988740,0.666585,0.533563,0.513594,0.996395,0.008552,-0.054978,0.032376,0.064373,0.055639,7.628000,-62.138004,-19.431002,NaN,1.049420,true,Self-supervised model,0.190722,7.927000,169.428757,21.373629,0.000000,0.000000,0.718859,15.478434,false,false
2026-04-17T15:12:36.477090,0.049884,-0.796400,1.447554,7.061,N,1,0.797960,1,0.797960,0.785401,1.812583,1.148350,-0.313640,9.550470,4.242526,0.663499,0.537596,0.767768,1.148350,0.026878,-0.041539,-0.011606,0.050819,0.049476,7.628000,-62.138004,-19.431002,NaN,1.048162,true,Self-supervised model,0.199367,7.937000,169.354571,21.337353,0.000000,0.000000,0.683938,22.596672,false,false
2026-04-17T15:12:36.483921,0.049884,-0.796400,1.446340,7.131,N,1,0.797960,1,0.797960,0.866443,1.796737,1.291914,-0.311246,9.555259,4.496311,0.632276,0.542009,0.987671,1.291914,0.050091,-0.026878,-0.053145,0.077820,0.056847,7.628000,-62.138004,-19.431002,NaN,1.047269,true,Self-supervised model,0.196318,7.944000,169.284993,21.309793,0.000000,0.000000,0.670666,16.601303,false,false
2026-04-17T15:12:36.491198,0.049884,-0.796400,1.445218,7.195,N,1,0.797960,1,0.797960,0.946972,1.784746,1.369752,-0.337582,9.560047,4.716578,0.549369,0.534843,1.135058,1.369752,0.080634,-0.012217,-0.081856,0.115549,0.081555,7.628000,-62.138004,-19.431002,NaN,1.046518,true,Self-supervised model,0.193731,7.951000,169.220724,21.282949,0.000000,0.000000,0.691346,11.854310,false,false
2026-04-17T15:12:36.499324,0.049884,-0.796400,1.444208,7.253,N,1,0.797960,1,0.797960,1.024501,1.776337,1.431526,-0.416591,9.552865,4.865018,0.478090,0.410342,1.285424,1.431526,0.112399,-0.010385,-0.096517,0.148516,0.112878,7.628000,-62.138004,-19.431002,NaN,1.045956,true,Self-supervised model,0.192742,7.959000,169.162867,21.254287,0.000000,0.000000,0.715671,9.638888,false,false
2026-04-17T15:12:36.507482,0.049884,-0.796400,1.443398,7.299,N,1,0.797960,1,0.797960,1.094412,1.771060,1.461448,-0.486023,9.428367,5.015852,0.417617,0.268828,1.374466,1.461448,0.149051,-0.017104,-0.109956,0.186008,0.150029,7.628000,-62.138004,-19.431002,NaN,1.045944,true,Self-supervised model,0.191506,7.967000,169.116453,21.227118,0.000000,0.000000,0.748855,7.856900,false,false
2026-04-17T15:12:36.516218,0.049884,-0.796400,1.442832,7.332,N,1,0.797960,1,0.797960,1.158817,1.768570,1.496945,-0.545878,9.287108,5.104438,0.371665,0.162687,1.440917,1.496945,0.190590,-0.035430,-0.107512,0.221673,0.193855,7.628000,-62.138004,-19.431002,NaN,1.046355,true,Self-supervised model,0.190864,7.976000,169.084033,21.199101,0.000000,0.000000,0.774122,6.752955,false,false
2026-04-17T15:12:36.523400,0.049884,-0.796400,1.442516,7.350,N,1,0.797960,1,0.797960,1.205848,1.768061,1.452760,-0.591368,9.181764,5.169082,0.329887,0.156322,1.406147,1.452760,0.232740,-0.047037,-0.096517,0.256312,0.237445,7.628000,-62.138004,-19.431002,NaN,1.047038,true,Self-supervised model,0.188993,7.983000,169.065918,21.178243,0.000000,0.000000,0.830040,5.667942,false,false
2026-04-17T15:12:36.531811,0.049884,-0.796400,1.442418,7.356,N,1,0.797960,1,0.797960,1.225217,1.768347,1.326905,-0.632069,9.176975,5.130774,0.292222,0.129647,1.287818,1.326905,0.280387,-0.034819,-0.077580,0.292998,0.282541,7.628000,-62.138004,-19.431002,NaN,1.047813,true,Self-supervised model,0.185740,7.992000,169.060310,21.153692,0.000000,0.000000,0.923365,4.528713,false,false
2026-04-17T15:12:36.539419,0.049884,-0.796400,1.442486,7.352,N,1,0.797960,1,0.797960,1.206227,1.767862,1.106529,-0.667982,9.153033,5.006276,0.256515,0.165861,1.063530,1.106529,0.342085,0.007941,-0.052534,0.346186,0.342177,7.628000,-62.138004,-19.431002,NaN,1.048545,true,Self-supervised model,0.179869,7.999000,169.064213,21.135669,0.000000,0.000000,1.090100,3.196342,false,false
2026-04-17T15:12:36.547859,0.049884,-0.796400,1.442664,7.341,N,1,0.797960,1,0.797960,1.149518,1.765129,0.851796,-0.701501,9.193734,4.771644,0.170919,0.264822,0.791336,0.851796,0.403171,0.058032,-0.034819,0.408812,0.407326,7.628000,-62.138004,-19.431002,NaN,1.049163,true,Self-supervised model,0.172433,8.008000,169.074414,21.113189,0.000000,0.000000,1.349522,2.083591,false,false
2026-04-17T15:12:36.555407,0.049884,-0.796400,1.442931,7.326,N,1,0.797960,1,0.797960,1.074432,1.759501,0.680229,-0.785298,9.299079,4.484340,0.044764,0.407477,0.542835,0.680229,0.443488,0.076358,-0.012828,0.450197,0.450014,7.628000,-62.138004,-19.431002,NaN,1.049786,true,Self-supervised model,0.167064,8.015000,169.089714,21.096658,0.000000,0.000000,1.579515,1.510961,false,false
2026-04-17T15:12:36.563740,0.049884,-0.796400,1.443280,7.306,N,1,0.797960,1,0.797960,1.016548,1.751783,0.712660,-0.909797,9.449914,4.216189,-0.125644,0.673294,0.196907,0.712660,0.447153,0.054978,0.015882,0.450800,0.450520,7.628000,-62.138004,-19.431002,NaN,1.050462,true,Self-supervised model,0.168300,8.024000,169.109695,21.075485,0.000000,0.000000,1.426415,1.580876,false,false
2026-04-17T15:12:36.571655,0.049884,-0.796400,1.443679,7.283,N,1,0.797960,1,0.797960,1.022928,1.744629,1.056423,-1.077391,9.725247,3.847482,-0.332227,0.998477,-0.093261,1.056423,0.403782,-0.009163,0.061697,0.408571,0.403886,7.628000,-62.138004,-19.431002,NaN,1.051061,true,Self-supervised model,0.178106,8.032000,169.132545,21.057339,0.000000,0.000000,0.968295,2.585652,false,false
2026-04-17T15:12:36.581188,0.049884,-0.796400,1.444043,7.262,N,1,0.797960,1,0.797960,1.098831,1.740797,1.497320,-1.278504,10.060435,3.533842,-0.490714,1.403159,-0.179757,1.497320,0.324369,-0.099571,0.122173,0.360633,0.339308,7.628000,-62.138004,-19.431002,NaN,1.051287,true,Self-supervised model,0.187240,8.041000,169.153423,21.036366,0.000000,0.000000,0.733865,4.151923,false,false
2026-04-17T15:12:36.587756,0.049884,-0.796400,1.444206,7.253,N,1,0.797960,1,0.797960,1.215406,1.741781,1.827424,-1.426944,10.474632,3.426103,-0.598502,1.717996,-0.172528,1.827424,0.221744,-0.194255,0.201586,0.357131,0.294797,7.628000,-62.138004,-19.431002,NaN,1.050644,true,Self-supervised model,0.192287,8.048000,169.162751,21.019228,0.000000,0.000000,0.665092,5.116965,false,false
2026-04-17T15:12:36.595744,0.049884,-0.796400,1.443910,7.270,N,1,0.797960,1,0.797960,1.351028,1.748151,2.063047,-1.517924,10.797850,3.416526,-0.546728,1.989284,0.000310,2.063047,0.127671,-0.266948,0.273668,0.403057,0.295907,7.628000,-62.138004,-19.431002,NaN,1.048513,true,Self-supervised model,0.194490,8.056000,169.145790,20.996250,0.000000,0.000000,0.654871,5.118496,false,false
2026-04-17T15:12:36.603332,0.049884,-0.796400,1.442829,7.332,N,1,0.797960,1,0.797960,1.471155,1.759071,2.101821,-1.441309,11.075577,3.579332,-0.303599,2.059465,0.289966,2.101821,0.030543,-0.331089,0.344528,0.478803,0.332495,7.628000,-62.138004,-19.431002,NaN,1.044293,true,Self-supervised model,0.192933,8.063000,169.083867,20.970342,0.000000,0.000000,0.699943,4.389740,false,false
2026-04-17T15:12:36.613208,0.049884,-0.796400,1.440704,7.454,N,1,0.797960,1,0.797960,1.570572,1.773531,2.092513,-1.165976,11.149797,3.866636,0.010795,1.992727,0.638381,2.092513,-0.040928,-0.373850,0.390343,0.542039,0.376083,7.628000,-62.138004,-19.431002,NaN,1.037989,true,Self-supervised model,0.191226,8.073000,168.962093,20.929282,0.000000,0.000000,0.750568,3.860447,false,false
2026-04-17T15:12:36.620465,0.049884,-0.796400,1.437430,7.641,N,1,0.797960,1,0.797960,1.670150,1.791396,2.192932,-0.814029,11.085154,4.218584,0.427966,1.891488,1.023752,2.192932,-0.077580,-0.400117,0.398895,0.570289,0.407568,7.628000,-62.138004,-19.431002,NaN,1.030121,true,Self-supervised model,0.190292,8.080000,168.774517,20.887935,0.000000,0.000000,0.761606,3.845301,false,false
2026-04-17T15:12:36.628085,0.049884,-0.796400,1.433095,7.890,N,1,0.797960,1,0.797960,1.774830,1.812733,2.324401,-0.356736,10.984597,4.611232,0.687421,1.805522,1.292433,2.324401,-0.092241,-0.408058,0.377515,0.563504,0.418354,7.948000,-63.203003,-18.023001,NaN,1.021543,true,Self-supervised model,0.190895,8.088000,168.526149,20.836566,0.000000,0.000000,0.763564,4.124904,false,false
2026-04-17T15:12:36.635589,0.049884,-0.796400,1.427931,8.186,N,1,0.797960,1,0.797960,1.869266,1.836995,2.365053,-0.057461,10.898406,4.888960,0.871376,1.698238,1.396483,2.365053,-0.079412,-0.378736,0.321315,0.502982,0.386972,7.948000,-63.203003,-18.023001,NaN,1.013060,true,Self-supervised model,0.191633,8.095000,168.230251,20.781995,0.000000,0.000000,0.790370,4.702061,false,false
2026-04-17T15:12:36.646086,0.049884,-0.796400,1.422284,8.509,N,1,0.797960,1,0.797960,1.944136,1.863280,2.337204,0.162806,10.790668,5.001487,0.968145,1.626714,1.370774,2.337204,-0.054978,-0.332311,0.242514,0.415049,0.336828,7.948000,-63.203003,-18.023001,NaN,1.005486,true,Self-supervised model,0.194377,8.106000,167.906739,20.713883,0.000000,0.000000,0.831821,5.631151,false,false
2026-04-17T15:12:36.651995,0.049884,-0.796400,1.416561,8.837,N,1,0.797960,1,0.797960,1.971900,1.889625,2.117663,0.289698,10.718841,4.982334,0.964040,1.461863,1.190833,2.117663,-0.047037,-0.302989,0.166766,0.349036,0.306618,7.948000,-63.203003,-18.023001,NaN,0.999455,true,Self-supervised model,0.188499,8.112000,167.578825,20.658139,0.000000,0.000000,0.931168,6.067184,false,false
2026-04-17T15:12:36.659571,0.049884,-0.796400,1.411127,9.148,N,1,0.797960,1,0.797960,1.952191,1.914128,1.848719,0.308852,10.553641,4.807557,0.881056,1.309923,0.962083,1.848719,-0.075136,-0.295659,0.071471,0.313317,0.305057,7.948000,-63.203003,-18.023001,NaN,0.995177,true,Self-supervised model,0.187737,8.119000,167.267468,20.601979,0.000000,0.000000,1.055970,5.900470,false,false
2026-04-17T15:12:36.667962,0.049884,-0.796400,1.406308,9.424,N,1,0.797960,1,0.797960,1.878247,1.934692,1.490037,0.241814,10.400413,4.584896,0.777185,1.025987,0.750696,1.490037,-0.148440,-0.317039,-0.004276,0.350095,0.350069,7.948000,-63.203003,-18.023001,NaN,0.992819,true,Self-supervised model,0.181760,8.128000,166.991358,20.545197,0.000000,0.000000,1.260537,4.256092,false,false
2026-04-17T15:12:36.675822,0.049884,-0.796400,1.402274,9.656,N,1,0.797960,1,0.797960,1.777879,1.950420,1.250952,0.148441,10.113108,4.383783,0.703234,0.759355,0.702654,1.250952,-0.251676,-0.359189,-0.061087,0.442820,0.438586,7.948000,-63.203003,-18.023001,NaN,0.991926,true,Self-supervised model,0.175748,8.136000,166.760238,20.496588,0.000000,0.000000,1.421221,2.824969,false,false
2026-04-17T15:12:36.683476,0.049884,-0.796400,1.399070,9.839,N,1,0.797960,1,0.797960,1.671338,1.961257,1.111994,0.081403,9.840169,4.352659,0.625743,0.421811,0.816732,1.111994,-0.354302,-0.412945,-0.089797,0.551468,0.544108,7.948000,-63.203003,-18.023001,NaN,0.992039,true,Self-supervised model,0.172275,8.143000,166.576635,20.456421,0.000000,0.000000,1.503010,2.016425,false,false
2026-04-17T15:12:36.691196,0.049884,-0.796400,1.396618,9.980,N,1,0.797960,1,0.797960,1.598281,1.968738,1.214730,0.009577,9.493010,4.491522,0.528145,0.116414,1.087695,1.214730,-0.464258,-0.482584,-0.094684,0.676304,0.669643,7.948000,-63.203003,-18.023001,NaN,0.992600,true,Self-supervised model,0.173582,8.151000,166.436183,20.419112,0.000000,0.000000,1.315749,1.796130,false,false
2026-04-17T15:12:36.699340,0.049884,-0.796400,1.394757,10.086,N,1,0.797960,1,0.797960,1.593016,1.975709,1.565379,-0.081403,9.174581,4.795586,0.518685,-0.176464,1.466369,1.565379,-0.555277,-0.543059,-0.073915,0.780198,0.776689,7.948000,-63.203003,-18.023001,NaN,0.993099,true,Self-supervised model,0.179345,8.159000,166.329544,20.386021,0.000000,0.000000,1.017655,2.006388,false,false
2026-04-17T15:12:36.707321,0.049884,-0.796400,1.393265,10.172,N,1,0.797960,1,0.797960,1.649291,1.984652,1.944730,-0.081403,8.865729,5.214571,0.579881,-0.445795,1.801938,1.944730,-0.598037,-0.571159,-0.038485,0.827860,0.826965,7.948000,-63.203003,-18.023001,NaN,0.993085,true,Self-supervised model,0.184124,8.167000,166.244067,20.355585,0.000000,0.000000,0.848082,2.349105,false,false
2026-04-17T15:12:36.716024,0.049884,-0.796400,1.391922,10.249,N,1,0.797960,1,0.797960,1.779779,1.998457,2.464844,-0.007183,8.578424,5.595249,0.709858,-0.779473,2.227998,2.464844,-0.583987,-0.569937,-0.009163,0.816060,0.816008,7.948000,-63.203003,-18.023001,NaN,0.992338,true,Self-supervised model,0.190525,8.176000,166.167125,20.323768,0.000000,0.000000,0.722066,3.020421,false,false
2026-04-17T15:12:36.723256,0.049884,-0.796400,1.390563,10.327,N,1,0.797960,1,0.797960,1.966691,2.019186,2.947977,0.138864,8.226477,6.066907,0.873818,-1.079195,2.600451,2.947977,-0.514349,-0.554666,0.010996,0.756524,0.756445,7.948000,-63.203003,-18.023001,NaN,0.990914,true,Self-supervised model,0.196131,8.183000,166.089256,20.296866,0.000000,0.000000,0.667132,3.896737,false,false
2026-04-17T15:12:36.731421,0.049884,-0.796400,1.388987,10.417,N,1,0.797960,1,0.797960,2.166049,2.047061,3.212680,0.323217,7.908048,6.485892,0.964903,-1.408549,2.721446,3.212680,-0.379347,-0.533896,0.026267,0.655469,0.654942,7.948000,-63.203003,-18.023001,NaN,0.988468,true,Self-supervised model,0.200744,8.191000,165.998931,20.266015,0.000000,0.000000,0.674219,4.901347,false,false
2026-04-17T15:12:36.739435,0.049884,-0.796400,1.387095,10.525,N,1,0.797960,1,0.797960,2.338170,2.080705,3.241804,0.438139,7.560889,6.651093,1.019284,-1.661669,2.590214,3.241804,-0.213192,-0.490525,0.029322,0.535654,0.534851,7.948000,-63.203003,-18.023001,NaN,0.985315,true,Self-supervised model,0.203640,8.199000,165.890546,20.233022,0.000000,0.000000,0.721256,6.052049,false,false
2026-04-17T15:12:36.748414,0.049884,-0.796400,1.385223,10.633,N,1,0.797960,1,0.797960,2.464301,2.118049,3.126488,0.512359,7.297527,6.545747,0.971599,-1.878020,2.303034,3.126488,-0.073304,-0.448375,0.022602,0.454890,0.454328,7.948000,-63.203003,-18.023001,NaN,0.983523,true,Self-supervised model,0.204800,8.208000,165.783302,20.197771,0.000000,0.000000,0.788201,6.873071,false,false
2026-04-17T15:12:36.755218,0.049884,-0.796400,1.383421,10.736,N,1,0.797960,1,0.797960,2.519216,2.156096,2.807524,0.483629,7.074866,6.275203,0.838753,-1.954364,1.832797,2.807524,0.077580,-0.410501,0.012217,0.417947,0.417768,7.948000,-63.203003,-18.023001,NaN,0.981996,true,Self-supervised model,0.201835,8.215000,165.680012,20.167987,0.000000,0.000000,0.897309,6.717423,false,false
2026-04-17T15:12:36.763904,0.049884,-0.796400,1.381733,10.833,N,1,0.797960,1,0.797960,2.497231,2.191741,2.381805,0.368707,6.995857,5.813122,0.639705,-1.887443,1.304351,2.381805,0.185703,-0.373850,0.004887,0.417460,0.417432,7.948000,-63.203003,-18.023001,NaN,0.980770,true,Self-supervised model,0.197155,8.224000,165.583321,20.134159,0.000000,0.000000,1.048461,5.705466,false,false
2026-04-17T15:12:36.771770,0.049884,-0.796400,1.380178,10.922,N,1,0.797960,1,0.797960,2.401889,2.222147,1.901343,0.186748,7.062895,5.286397,0.381618,-1.740820,0.662583,1.901343,0.232740,-0.335976,0.012217,0.408897,0.408715,7.948000,-63.203003,-18.023001,NaN,0.979745,true,Self-supervised model,0.190030,8.232000,165.494231,20.103770,0.000000,0.000000,1.263259,4.649931,false,false
2026-04-17T15:12:36.782114,0.049884,-0.796400,1.378733,11.004,N,1,0.797960,1,0.797960,2.255147,2.245467,1.484755,-0.055067,7.211336,4.642357,0.139478,-1.475927,0.081749,1.484755,0.216246,-0.315206,0.022602,0.382921,0.382253,7.948000,-63.203003,-18.023001,NaN,0.978739,true,Self-supervised model,0.183774,8.242000,165.411424,20.069331,0.000000,0.000000,1.518868,3.877445,false,false
2026-04-17T15:12:36.787763,0.049884,-0.796400,1.377413,11.080,N,1,0.797960,1,0.797960,2.105705,2.261877,1.321132,-0.282516,7.479486,4.055778,-0.064873,-1.275558,-0.337833,1.321132,0.148440,-0.301157,0.037263,0.337814,0.335753,7.846000,-63.332005,-15.425001,NaN,0.977918,true,Self-supervised model,0.180585,8.248000,165.335775,20.045559,0.000000,0.000000,1.593864,3.910826,false,false
2026-04-17T15:12:36.796723,0.049884,-0.796400,1.375672,11.180,N,1,0.797960,1,0.797960,1.973419,2.272338,1.278916,-0.464475,7.671022,3.658340,-0.203687,-1.137058,-0.548852,1.278916,0.055589,-0.298102,0.056200,0.308405,0.303241,7.846000,-63.332005,-15.425001,NaN,0.974496,true,Self-supervised model,0.180701,8.257000,165.236046,20.011632,0.000000,0.000000,1.543040,4.146878,false,false
2026-04-17T15:12:36.803672,0.049884,-0.796400,1.373752,11.290,N,1,0.797960,1,0.797960,1.848163,2.277371,1.190570,-0.584185,7.802703,3.464410,-0.307909,-0.970160,-0.617607,1.190570,-0.025045,-0.303600,0.080023,0.314967,0.304631,7.846000,-63.332005,-15.425001,NaN,0.971856,true,Self-supervised model,0.178236,8.264000,165.126006,19.981366,0.000000,0.000000,1.552334,3.779988,false,false
2026-04-17T15:12:36.814129,0.049884,-0.796400,1.371732,11.406,N,1,0.797960,1,0.797960,1.731195,2.277524,1.117113,-0.670376,7.963115,3.411737,-0.337959,-0.910170,-0.552555,1.117113,-0.095906,-0.318872,0.111177,0.351052,0.332982,7.846000,-63.332005,-15.425001,NaN,0.969441,true,Self-supervised model,0.177075,8.274000,165.010299,19.943232,0.000000,0.000000,1.549704,3.182187,false,false
2026-04-17T15:12:36.819540,0.049884,-0.796400,1.369785,11.517,N,1,0.797960,1,0.797960,1.618679,2.273170,1.027974,-0.687136,8.020576,3.483563,-0.213100,-0.916275,-0.414438,1.027974,-0.167377,-0.354302,0.153327,0.420778,0.391848,7.846000,-63.332005,-15.425001,NaN,0.967783,true,Self-supervised model,0.173103,8.279000,164.898738,19.917712,0.000000,0.000000,1.574631,2.443031,false,false
2026-04-17T15:12:36.827984,0.049884,-0.796400,1.367508,11.648,N,1,0.797960,1,0.797960,1.522927,2.265161,1.020223,-0.536301,8.008605,3.636792,-0.096148,-0.972445,-0.293193,1.020223,-0.192423,-0.387899,0.180816,0.469241,0.433004,7.846000,-63.332005,-15.425001,NaN,0.964186,true,Self-supervised model,0.173239,8.288000,164.768274,19.880342,0.000000,0.000000,1.492738,2.174200,false,false
2026-04-17T15:12:36.835396,0.049884,-0.796400,1.364976,11.793,N,1,0.797960,1,0.797960,1.444101,2.254318,1.030264,-0.395043,7.946355,3.773262,0.062212,-1.014876,-0.166133,1.030264,-0.185092,-0.404393,0.187536,0.482662,0.444739,7.846000,-63.332005,-15.425001,NaN,0.960636,true,Self-supervised model,0.173107,8.295000,164.623221,19.846079,0.000000,0.000000,1.401680,2.134548,false,false
2026-04-17T15:12:36.845494,0.049884,-0.796400,1.362186,11.953,N,1,0.797960,1,0.797960,1.372049,2.241027,0.993780,-0.210690,7.896077,3.919308,0.148422,-0.979413,-0.079503,0.993780,-0.150273,-0.401949,0.186925,0.468066,0.429121,7.846000,-63.332005,-15.425001,NaN,0.956810,true,Self-supervised model,0.173373,8.305000,164.463327,19.802929,0.000000,0.000000,1.380636,2.123162,false,false
2026-04-17T15:12:36.851798,0.049884,-0.796400,1.359197,12.124,N,1,0.797960,1,0.797960,1.295308,2.225199,0.892414,-0.098162,7.924808,4.022259,0.221175,-0.857117,-0.113291,0.892414,-0.095295,-0.376904,0.175318,0.426467,0.388764,7.846000,-63.332005,-15.425001,NaN,0.953031,true,Self-supervised model,0.170454,8.312000,164.292115,19.765654,0.000000,0.000000,1.451465,2.092574,false,false
2026-04-17T15:12:36.859286,0.049884,-0.796400,1.356092,12.302,N,1,0.797960,1,0.797960,1.215512,2.206811,0.796585,0.000000,8.042124,4.000711,0.247998,-0.732067,-0.192673,0.796585,-0.026878,-0.345750,0.154549,0.379672,0.346793,7.846000,-63.332005,-15.425001,NaN,0.949458,true,Self-supervised model,0.169376,8.319000,164.114202,19.727636,0.000000,0.000000,1.525903,2.098089,false,false
2026-04-17T15:12:36.867317,0.049884,-0.796400,1.352968,12.481,N,1,0.797960,1,0.797960,1.139923,2.186136,0.743079,0.050278,8.164227,3.928885,0.289029,-0.580462,-0.362896,0.743079,0.029322,-0.313374,0.134390,0.342233,0.314743,7.846000,-63.332005,-15.425001,NaN,0.946257,true,Self-supervised model,0.169247,8.327000,163.935183,19.687184,0.000000,0.000000,1.534053,2.171264,false,false
2026-04-17T15:12:36.875445,0.049884,-0.796400,1.349909,12.656,N,1,0.797960,1,0.797960,1.085019,2.164091,0.796774,0.112527,8.315063,3.761291,0.237692,-0.445638,-0.616246,0.796774,0.091019,-0.275500,0.100182,0.306955,0.290146,7.846000,-63.332005,-15.425001,NaN,0.943462,true,Self-supervised model,0.171877,8.335000,163.759949,19.647264,0.000000,0.000000,1.361764,2.595739,false,false
2026-04-17T15:12:36.883583,0.049884,-0.796400,1.347031,12.821,N,1,0.797960,1,0.797960,1.072915,2.142444,1.009369,0.079009,8.451532,3.505111,0.188002,-0.358412,-0.924674,1.009369,0.131947,-0.234572,0.062308,0.276254,0.269136,7.846000,-63.332005,-15.425001,NaN,0.941305,true,Self-supervised model,0.178552,8.343000,163.595036,19.608658,0.000000,0.000000,1.062956,3.653766,false,false
2026-04-17T15:12:36.891220,0.049884,-0.796400,1.344449,12.969,N,1,0.797960,1,0.797960,1.092629,2.122451,1.196130,0.043096,8.542512,3.189077,0.122929,-0.236278,-1.166100,1.196130,0.145997,-0.200364,0.028711,0.249570,0.247913,7.846000,-63.332005,-15.425001,NaN,0.939909,true,Self-supervised model,0.183386,8.351000,163.447118,19.572161,0.000000,0.000000,0.913470,4.792770,false,false
2026-04-17T15:12:36.899656,0.049884,-0.796400,1.342242,13.095,N,1,0.797960,1,0.797960,1.148740,2.105503,1.443322,-0.011971,8.669404,2.937685,0.094545,-0.183788,-1.428447,1.443322,0.138666,-0.169821,-0.000611,0.219244,0.219243,7.846000,-63.332005,-15.425001,NaN,0.939199,true,Self-supervised model,0.189620,8.360000,163.320639,19.535962,0.000000,0.000000,0.795900,6.583190,false,false
2026-04-17T15:12:36.908360,0.049884,-0.796400,1.340448,13.198,N,1,0.797960,1,0.797960,1.229737,2.092472,1.654971,-0.033519,8.726865,2.664747,0.049996,-0.090891,-1.651717,1.654971,0.109956,-0.132558,-0.031154,0.175021,0.172226,7.846000,-63.332005,-15.425001,NaN,0.939061,true,Self-supervised model,0.195421,8.368000,163.217874,19.505004,0.000000,0.000000,0.743056,9.455836,false,false
2026-04-17T15:12:36.916948,0.049884,-0.796400,1.339087,13.276,N,1,0.797960,1,0.797960,1.315061,2.083376,1.763009,-0.074220,8.825027,2.430115,0.073313,-0.043014,-1.760958,1.763009,0.070250,-0.087965,-0.059254,0.127216,0.112573,7.846000,-63.332005,-15.425001,NaN,0.939427,true,Self-supervised model,0.201016,8.377000,163.139855,19.474735,0.000000,0.000000,0.745918,13.858439,false,false
2026-04-17T15:12:36.923336,0.049884,-0.796400,1.338171,13.328,N,1,0.797960,1,0.797960,1.394272,2.077812,1.810132,-0.050278,8.877700,2.310405,0.059730,0.000689,-1.809146,1.810132,0.031154,-0.034819,-0.087354,0.099064,0.046722,7.846000,-63.332005,-15.425001,NaN,0.940296,true,Self-supervised model,0.205657,8.383000,163.087397,19.454539,0.000000,0.000000,0.770260,18.272380,false,false
2026-04-17T15:12:36.931742,0.049884,-0.796400,1.337725,13.354,N,1,0.797960,1,0.797960,1.464947,2.075297,1.835993,-0.067038,8.925584,2.252944,0.021236,0.078344,-1.834198,1.835993,-0.006109,0.012217,-0.119730,0.120506,0.013659,7.846000,-63.332005,-15.425001,NaN,0.941728,true,Self-supervised model,0.204737,8.392000,163.061845,19.430630,0.000000,0.000000,0.797905,15.235672,false,false
2026-04-17T15:12:36.940740,0.049884,-0.796400,1.337774,13.351,N,1,0.797960,1,0.797960,1.522934,2.075203,1.827363,-0.112527,9.006987,2.219425,-0.084636,0.182471,-1.816259,1.827363,-0.042761,0.061697,-0.161879,0.178437,0.075067,7.846000,-63.332005,-15.425001,NaN,0.943757,true,Self-supervised model,0.200949,8.401000,163.064660,19.410149,0.000000,0.000000,0.833405,10.240915,false,false
2026-04-17T15:12:36.949234,0.049884,-0.796400,1.338373,13.317,N,1,0.797960,1,0.797960,1.559732,2.076584,1.752921,-0.229843,9.114726,2.229002,-0.249696,0.270771,-1.713787,1.752921,-0.054367,0.080634,-0.174707,0.199951,0.097250,6.476000,-63.321003,-18.039001,NaN,0.946553,true,Self-supervised model,0.198335,8.409000,163.098942,19.395760,0.000000,0.000000,0.889790,8.766757,false,false
2026-04-17T15:12:36.955390,0.049884,-0.796400,1.339200,13.270,N,1,0.797960,1,0.797960,1.578609,2.078665,1.677715,-0.402226,9.208099,2.319981,-0.426249,0.367832,-1.580423,1.677715,-0.085521,0.109345,-0.207083,0.249306,0.138817,6.476000,-63.321003,-18.039001,NaN,0.948294,true,Self-supervised model,0.194990,8.415000,163.146328,19.387561,0.000000,0.000000,0.940928,6.729530,false,false
2026-04-17T15:12:36.966085,0.049884,-0.796400,1.341062,13.163,N,1,0.797960,1,0.797960,1.570841,2.080352,1.530059,-0.605733,9.308656,2.444480,-0.536203,0.402815,-1.375249,1.530059,-0.094684,0.089797,-0.196699,0.236049,0.130494,6.476000,-63.321003,-18.039001,NaN,0.954297,true,Self-supervised model,0.192362,8.426000,163.253026,19.374914,0.000000,0.000000,1.026654,6.481967,false,false
2026-04-17T15:12:36.971261,0.049884,-0.796400,1.343441,13.026,N,1,0.797960,1,0.797960,1.543242,2.080867,1.398348,-0.735020,9.349358,2.636016,-0.563720,0.422236,-1.208021,1.398348,-0.096517,0.041539,-0.171042,0.200740,0.105076,6.476000,-63.321003,-18.039001,NaN,0.958746,true,Self-supervised model,0.188817,8.431000,163.389362,19.379595,0.000000,0.000000,1.103618,6.965980,false,false
2026-04-17T15:12:36.981138,0.049884,-0.796400,1.346227,12.867,N,1,0.797960,1,0.797960,1.494258,2.079403,1.237093,-0.780510,9.375694,2.786851,-0.495304,0.368793,-1.071944,1.237093,-0.084910,-0.002443,-0.139888,0.163659,0.084945,6.476000,-63.321003,-18.039001,NaN,0.963157,true,Self-supervised model,0.187674,8.441000,163.548976,19.375545,0.000000,0.000000,1.207879,7.558943,false,false
2026-04-17T15:12:36.987548,0.049884,-0.796400,1.349298,12.691,N,1,0.797960,1,0.797960,1.430352,2.075441,1.094844,-0.727837,9.330204,2.904167,-0.376456,0.328658,-0.974139,1.094844,-0.069028,-0.033598,-0.121562,0.143774,0.076770,6.476000,-63.321003,-18.039001,NaN,0.967369,true,Self-supervised model,0.183673,8.447000,163.724933,19.382613,0.000000,0.000000,1.306444,7.615027,false,false
2026-04-17T15:12:36.995648,0.049884,-0.796400,1.352548,12.505,N,1,0.797960,1,0.797960,1.355949,2.068661,0.965332,-0.622492,9.299079,2.980781,-0.256741,0.299455,-0.881066,0.965332,-0.040928,-0.047647,-0.106291,0.123463,0.062812,6.476000,-63.321003,-18.039001,NaN,0.971332,true,Self-supervised model,0.181928,8.456000,163.911110,19.384001,0.000000,0.000000,1.404645,7.818809,false,false
2026-04-17T15:12:37.003210,0.049884,-0.796400,1.355905,12.312,N,1,0.797960,1,0.797960,1.283741,2.059265,0.904651,-0.514753,9.279925,3.050213,-0.199760,0.314907,-0.824211,0.904651,-0.020159,-0.045204,-0.103236,0.114488,0.049495,6.476000,-63.321003,-18.039001,NaN,0.975122,true,Self-supervised model,0.180428,8.463000,164.103481,19.390698,0.000000,0.000000,1.419045,7.901718,false,false
2026-04-17T15:12:37.011683,0.049884,-0.796400,1.359342,12.115,N,1,0.797960,1,0.797960,1.208346,2.047228,0.812520,-0.469264,9.306262,3.081338,-0.121369,0.329901,-0.732546,0.812520,-0.010996,-0.039095,-0.105680,0.113215,0.040612,6.476000,-63.321003,-18.039001,NaN,0.978877,true,Self-supervised model,0.178330,8.472000,164.300404,19.393343,0.000000,0.000000,1.487159,7.176809,false,false
2026-04-17T15:12:37.019703,0.049884,-0.796400,1.362843,11.915,N,1,0.797960,1,0.797960,1.125123,2.032344,0.688204,-0.402226,9.332599,3.145981,-0.045484,0.361850,-0.583627,0.688204,-0.011606,-0.023824,-0.104458,0.107767,0.026501,6.476000,-63.321003,-18.039001,NaN,0.982632,true,Self-supervised model,0.174875,8.480000,164.500975,19.398700,0.000000,0.000000,1.634869,6.386029,false,false
2026-04-17T15:12:37.028320,0.049884,-0.796400,1.366377,11.712,N,1,0.797960,1,0.797960,1.032470,2.014349,0.546044,-0.337582,9.375694,3.268085,-0.036592,0.377618,-0.392722,0.546044,-0.018937,0.005498,-0.102625,0.104503,0.019719,6.476000,-63.321003,-18.039001,NaN,0.986303,true,Self-supervised model,0.170525,8.488000,164.703497,19.404276,0.000000,0.000000,1.890818,5.225175,false,false
2026-04-17T15:12:37.035562,0.049884,-0.796400,1.369912,11.510,N,1,0.797960,1,0.797960,0.935861,1.993209,0.428664,-0.339977,9.402030,3.433285,-0.027448,0.406206,-0.134148,0.428664,-0.021991,0.039095,-0.100793,0.110323,0.044856,6.476000,-63.321003,-18.039001,NaN,0.989836,true,Self-supervised model,0.166364,8.495000,164.906004,19.412125,0.000000,0.000000,2.183207,3.885520,false,false
2026-04-17T15:12:37.046971,0.049884,-0.796400,1.373409,11.309,N,1,0.797960,1,0.797960,0.862290,1.969972,0.476038,-0.342371,9.440337,3.667917,-0.089569,0.461850,0.072692,0.476038,-0.007941,0.092241,-0.089797,0.128976,0.092582,6.476000,-63.321003,-18.039001,NaN,0.993184,true,Self-supervised model,0.168924,8.507000,165.106370,19.408295,0.000000,0.000000,1.811388,3.690891,false,false
2026-04-17T15:12:37.052063,0.049884,-0.796400,1.376835,11.113,N,1,0.797960,1,0.797960,0.827007,1.946254,0.641771,-0.416591,9.504981,3.852271,-0.139532,0.533704,0.327966,0.641771,0.017715,0.142942,-0.075136,0.162456,0.144036,6.476000,-63.321003,-18.039001,NaN,0.996324,true,Self-supervised model,0.172882,8.512000,165.302649,19.419954,0.000000,0.000000,1.288631,3.950439,false,false
2026-04-17T15:12:37.059512,0.049884,-0.796400,1.380119,10.925,N,1,0.797960,1,0.797960,0.830776,1.923635,0.850565,-0.478840,9.583989,4.089296,-0.182401,0.635387,0.535233,0.850565,0.058643,0.196699,-0.053145,0.212023,0.205254,6.476000,-63.321003,-18.039001,NaN,0.999041,true,Self-supervised model,0.179802,8.519000,165.490811,19.426084,0.000000,0.000000,0.976734,4.011664,false,false
2026-04-17T15:12:37.067437,0.049884,-0.796400,1.383190,10.749,N,1,0.797960,1,0.797960,0.857688,1.902997,0.998977,-0.533907,9.691729,4.280833,-0.214354,0.725900,0.651980,0.998977,0.113621,0.240681,-0.023824,0.267216,0.266152,6.476000,-63.321003,-18.039001,NaN,1.001262,true,Self-supervised model,0.182312,8.527000,165.666784,19.428496,0.000000,0.000000,0.858566,3.738459,false,false
2026-04-17T15:12:37.075862,0.049884,-0.796400,1.385950,10.591,N,1,0.797960,1,0.797960,0.890528,1.884498,1.062936,-0.577003,9.787497,4.383783,-0.217156,0.766070,0.704139,1.062936,0.167988,0.264505,0.007330,0.313427,0.313341,6.476000,-63.321003,-18.039001,NaN,1.002775,true,Self-supervised model,0.183137,8.536000,165.824901,19.426535,0.000000,0.000000,0.837800,3.391336,false,false
2026-04-17T15:12:37.083847,0.049884,-0.796400,1.388308,10.456,N,1,0.797960,1,0.797960,0.927585,1.868222,1.122135,-0.588974,9.832987,4.422091,-0.183929,0.819737,0.743901,1.122135,0.215025,0.267559,0.031154,0.344665,0.343254,6.476000,-63.321003,-18.039001,NaN,1.003527,true,Self-supervised model,0.183532,8.544000,165.960016,19.424159,0.000000,0.000000,0.826625,3.255727,false,false
2026-04-17T15:12:37.091356,0.049884,-0.796400,1.390217,10.346,N,1,0.797960,1,0.797960,0.963967,1.854051,1.154970,-0.562637,9.892841,4.446033,-0.153363,0.886583,0.724159,1.154970,0.257174,0.251066,0.061697,0.364663,0.359406,6.476000,-63.321003,-18.039001,NaN,1.003641,true,Self-supervised model,0.183964,8.551000,166.069408,19.421051,0.000000,0.000000,0.834625,3.167227,false,false
2026-04-17T15:12:37.100450,0.049884,-0.796400,1.391652,10.264,N,1,0.797960,1,0.797960,1.002063,1.841972,1.202066,-0.536301,9.967062,4.407725,-0.049300,0.993241,0.675281,1.202066,0.285885,0.219301,0.094073,0.372388,0.360310,6.476000,-63.321003,-18.039001,NaN,1.003177,true,Self-supervised model,0.185247,8.560000,166.151603,19.410234,0.000000,0.000000,0.833617,3.227994,false,false
2026-04-17T15:12:37.107557,0.049884,-0.796400,1.392588,10.211,N,1,0.797960,1,0.797960,1.042628,1.831998,1.255595,-0.433351,10.081984,4.338294,0.068504,1.082670,0.632179,1.255595,0.292604,0.188147,0.119119,0.367703,0.347874,6.300000,-62.162003,-17.533001,NaN,1.002118,true,Self-supervised model,0.186304,8.567000,166.205233,19.400634,0.000000,0.000000,0.830386,3.414694,false,false
2026-04-17T15:12:37.116879,0.049884,-0.796400,1.393010,10.186,N,1,0.797960,1,0.797960,1.087287,1.824210,1.321751,-0.313640,10.180145,4.273650,0.253681,1.186432,0.524453,1.321751,0.288939,0.175318,0.132558,0.363034,0.337968,6.300000,-62.162003,-17.533001,NaN,1.000487,true,Self-supervised model,0.188021,8.577000,166.229442,19.380837,0.000000,0.000000,0.822611,3.640842,false,false
2026-04-17T15:12:37.123513,0.049884,-0.796400,1.392937,10.191,N,1,0.797960,1,0.797960,1.133852,1.818595,1.378315,-0.124498,10.292673,4.144363,0.447236,1.230822,0.429895,1.378315,0.263283,0.169821,0.137445,0.342123,0.313300,6.300000,-62.162003,-17.533001,NaN,0.998429,true,Self-supervised model,0.189502,8.583000,166.225227,19.366798,0.000000,0.000000,0.822636,4.028715,false,false
2026-04-17T15:12:37.131459,0.049884,-0.796400,1.392407,10.221,N,1,0.797960,1,0.797960,1.180032,1.815053,1.422476,0.074220,10.345345,4.029441,0.593181,1.235586,0.380658,1.422476,0.216857,0.169821,0.125838,0.302822,0.275438,6.300000,-62.162003,-17.533001,NaN,0.996073,true,Self-supervised model,0.190504,8.591000,166.194861,19.345229,0.000000,0.000000,0.829562,4.697395,false,false
2026-04-17T15:12:37.139378,0.049884,-0.796400,1.391511,10.272,N,1,0.797960,1,0.797960,1.229767,1.813641,1.490879,0.225055,10.357317,3.962404,0.776505,1.225332,0.343978,1.490879,0.149051,0.169821,0.102014,0.247916,0.225954,6.300000,-62.162003,-17.533001,NaN,0.993716,true,Self-supervised model,0.192494,8.599000,166.143559,19.321265,0.000000,0.000000,0.824861,6.013652,false,false
2026-04-17T15:12:37.148185,0.049884,-0.796400,1.390378,10.337,N,1,0.797960,1,0.797960,1.283893,1.814451,1.568054,0.411803,10.352529,3.912126,0.904306,1.191106,0.471478,1.568054,0.069639,0.156382,0.072693,0.185981,0.171186,6.300000,-62.162003,-17.533001,NaN,0.991633,true,Self-supervised model,0.195680,8.608000,166.078641,19.293522,0.000000,0.000000,0.818781,8.431254,false,false
2026-04-17T15:12:37.155501,0.049884,-0.796400,1.389150,10.408,N,1,0.797960,1,0.797960,1.339460,1.817452,1.631184,0.541090,10.321404,4.031836,0.957792,1.135773,0.673360,1.631184,-0.030543,0.145386,0.032987,0.152178,0.148560,6.300000,-62.162003,-17.533001,NaN,0.990023,true,Self-supervised model,0.198195,8.615000,166.008263,19.269676,0.000000,0.000000,0.821158,10.718933,false,false
2026-04-17T15:12:37.164614,0.049884,-0.796400,1.387966,10.475,N,1,0.797960,1,0.797960,1.400628,1.822779,1.721761,0.593762,10.266336,4.232949,0.966157,1.063633,0.948517,1.721761,-0.097128,0.154549,-0.003665,0.182572,0.182535,6.300000,-62.162003,-17.533001,NaN,0.989019,true,Self-supervised model,0.198577,8.625000,165.940451,19.239473,0.000000,0.000000,0.813486,9.430580,false,false
2026-04-17T15:12:37.171386,0.049884,-0.796400,1.386947,10.534,N,1,0.797960,1,0.797960,1.465650,1.830494,1.807015,0.598550,10.192117,4.513070,0.959036,0.928216,1.218182,1.807015,-0.127671,0.207694,-0.040928,0.247208,0.243796,6.300000,-62.162003,-17.533001,NaN,0.988657,true,Self-supervised model,0.197394,8.631000,165.882059,19.219332,0.000000,0.000000,0.811089,7.309692,false,false
2026-04-17T15:12:37.179704,0.049884,-0.796400,1.386198,10.577,N,1,0.797960,1,0.797960,1.534794,1.840666,1.897803,0.584185,10.053253,4.790798,0.861727,0.812210,1.483037,1.897803,-0.115454,0.282831,-0.092852,0.319287,0.305488,6.300000,-62.162003,-17.533001,NaN,0.988989,true,Self-supervised model,0.197497,8.640000,165.839145,19.194346,0.000000,0.000000,0.808721,5.943883,false,false
2026-04-17T15:12:37.188580,0.049884,-0.796400,1.385875,10.595,N,1,0.797960,1,0.797960,1.590376,1.852654,1.882182,0.474052,9.933543,5.063736,0.607967,0.834120,1.573921,1.882182,-0.059254,0.392786,-0.142332,0.421960,0.397231,6.300000,-62.162003,-17.533001,NaN,0.990369,true,Self-supervised model,0.195632,8.648000,165.820633,19.174449,0.000000,0.000000,0.844964,4.460567,false,false
2026-04-17T15:12:37.195590,0.049884,-0.796400,1.386120,10.581,N,1,0.797960,1,0.797960,1.612565,1.865050,1.729053,0.201113,9.952697,5.159505,0.262921,0.959583,1.414106,1.729053,0.018937,0.535729,-0.185092,0.567118,0.536063,6.300000,-62.162003,-17.533001,NaN,0.992886,true,Self-supervised model,0.191014,8.655000,165.834657,19.160561,0.000000,0.000000,0.932629,3.048841,false,false
2026-04-17T15:12:37.203352,0.049884,-0.796400,1.387041,10.528,N,1,0.797960,1,0.797960,1.603288,1.876580,1.554586,-0.169988,10.077195,4.999093,-0.207024,1.200395,0.965884,1.554586,0.086132,0.689056,-0.208916,0.725164,0.694418,6.300000,-62.162003,-17.533001,NaN,0.996514,true,Self-supervised model,0.185205,8.663000,165.887457,19.148962,0.000000,0.000000,1.031328,2.143772,false,false
2026-04-17T15:12:37.217906,0.049884,-0.796400,1.388678,10.435,N,1,0.797960,1,0.797960,1.611959,1.887995,1.657484,-0.672771,10.319010,4.544195,-0.704026,1.434868,0.439037,1.657484,0.131947,0.863763,-0.225409,0.902389,0.873783,6.300000,-62.162003,-17.533001,NaN,1.001012,true,Self-supervised model,0.184270,8.678000,165.981241,19.126670,0.000000,0.000000,0.972534,1.836772,false,false
2026-04-17T15:12:37.220230,0.049884,-0.796400,1.391012,10.301,N,1,0.797960,1,0.797960,1.690651,1.902101,2.103782,-1.209072,10.556035,4.005499,-1.191828,1.728680,-0.130807,2.103782,0.140499,0.985326,-0.229074,1.021314,0.995292,6.300000,-62.162003,-17.533001,NaN,1.006134,true,Self-supervised model,0.180703,8.680000,166.114963,19.137669,0.000000,0.000000,0.803625,2.059878,false,false
2026-04-17T15:12:37.227836,0.049884,-0.796400,1.393959,10.132,N,1,0.797960,1,0.797960,1.843662,1.921764,2.646971,-1.740585,10.852917,3.421314,-1.554303,2.042516,-0.647091,2.646971,0.084910,1.025032,-0.208916,1.049546,1.028543,6.300000,-62.162003,-17.533001,NaN,1.011533,true,Self-supervised model,0.190554,8.688000,166.283801,19.139480,0.000000,0.000000,0.696518,2.522016,false,false
2026-04-17T15:12:37.235337,0.049884,-0.796400,1.397325,9.939,N,1,0.797960,1,0.797960,2.058085,1.949217,3.183804,-2.147599,11.168951,2.892196,-1.880526,2.282345,-1.179463,3.183804,-0.026267,0.970054,-0.188147,0.988481,0.970410,6.300000,-62.162003,-17.533001,NaN,1.016578,true,Self-supervised model,0.195523,8.695000,166.476692,19.146256,0.000000,0.000000,0.646423,3.220907,false,false
2026-04-17T15:12:37.245151,0.049884,-0.796400,1.400876,9.736,N,1,0.797960,1,0.797960,2.295638,1.985074,3.542792,-2.516306,11.408371,2.353500,-2.114209,2.433785,-1.469076,3.542792,-0.241292,0.798401,-0.157603,0.848825,0.834066,6.300000,-62.162003,-17.533001,NaN,1.020867,true,Self-supervised model,0.201504,8.705000,166.680153,19.147634,0.000000,0.000000,0.647974,4.173759,false,false
2026-04-17T15:12:37.251536,0.049884,-0.796400,1.404312,9.539,N,1,0.797960,1,0.797960,2.493659,2.027417,3.533267,-2.786851,11.554418,2.070984,-2.244933,2.357553,-1.373388,3.533267,-0.525344,0.511294,-0.105680,0.740659,0.733081,6.300000,-62.162003,-17.533001,NaN,1.023843,true,Self-supervised model,0.202379,8.711000,166.877018,19.157045,0.000000,0.000000,0.705766,4.770434,false,false
2026-04-17T15:12:37.261468,0.049884,-0.796400,1.407269,9.369,N,1,0.797960,1,0.797960,2.596676,2.072187,3.137518,-2.944868,11.465832,2.193089,-2.165085,2.064815,-0.944971,3.137518,-0.834442,0.151495,-0.024435,0.848434,0.848082,6.300000,-62.162003,-17.533001,NaN,1.024881,true,Self-supervised model,0.199369,8.721000,167.046402,19.154501,0.000000,0.000000,0.827621,3.698009,false,false
2026-04-17T15:12:37.267502,0.049884,-0.796400,1.409288,9.254,N,1,0.797960,1,0.797960,2.547617,2.113204,2.290054,-2.877831,11.152191,2.671929,-1.771400,1.449391,-0.075864,2.290054,-1.069625,-0.177151,0.063530,1.086055,1.084196,6.448000,-64.637001,-14.482000,NaN,1.023152,true,Self-supervised model,0.186885,8.727000,167.162094,19.154589,0.000000,0.000000,1.112470,2.108598,false,false
2026-04-17T15:12:37.275796,0.049884,-0.796400,1.409987,9.214,N,1,0.797960,1,0.797960,2.400125,2.146681,1.625792,-2.480393,10.508151,3.612850,-1.196097,0.646332,0.891521,1.625792,-1.248609,-0.484416,0.164934,1.349402,1.339284,6.448000,-64.637001,-14.482000,NaN,1.018571,true,Self-supervised model,0.176014,8.736000,167.202164,19.139442,0.000000,0.000000,1.476280,1.204824,false,false
2026-04-17T15:12:37.284001,0.049884,-0.796400,1.409113,9.264,N,1,0.797960,1,0.797960,2.347872,2.176729,2.073545,-1.884237,9.670180,4.668694,-0.501906,-0.172471,2.004478,2.073545,-1.299310,-0.664011,0.235183,1.477981,1.459150,6.448000,-64.637001,-14.482000,NaN,1.011403,true,Self-supervised model,0.179897,8.744000,167.152072,19.116202,0.000000,0.000000,1.132299,1.402958,false,false
2026-04-17T15:12:37.291791,0.049884,-0.796400,1.406675,9.403,N,1,0.797960,1,0.797960,2.443676,2.209407,2.946647,-1.156399,8.813056,5.877765,0.048636,-0.850382,2.820854,2.946647,-1.204626,-0.711047,0.273057,1.425227,1.398825,6.448000,-64.637001,-14.482000,NaN,1.002708,true,Self-supervised model,0.187693,8.752000,167.012368,19.082766,0.000000,0.000000,0.829307,2.067493,false,false
2026-04-17T15:12:37.299804,0.049884,-0.796400,1.402912,9.619,N,1,0.797960,1,0.797960,2.654564,2.249213,3.761723,-0.565032,8.097190,6.787562,0.560208,-1.534894,3.388336,3.761723,-1.018923,-0.650571,0.275500,1.239898,1.208904,6.448000,-64.637001,-14.482000,NaN,0.993649,true,Self-supervised model,0.196143,8.760000,166.796798,19.040730,0.000000,0.000000,0.705678,3.033896,false,false
2026-04-17T15:12:37.307237,0.049884,-0.796400,1.398224,9.888,N,1,0.797960,1,0.797960,2.908323,2.297577,4.240560,-0.011971,7.378930,7.436390,0.856556,-2.044580,3.615018,4.240560,-0.737314,-0.507629,0.248011,0.928886,0.895165,6.448000,-64.637001,-14.482000,NaN,0.985256,true,Self-supervised model,0.203499,8.767000,166.528159,18.994885,0.000000,0.000000,0.685835,4.565210,false,false
2026-04-17T15:12:37.316997,0.049884,-0.796400,1.393076,10.183,N,1,0.797960,1,0.797960,3.139514,2.353255,4.353265,0.320823,6.842628,7.726089,0.919254,-2.376196,3.529812,4.353265,-0.408669,-0.315817,0.207083,0.556448,0.516479,6.448000,-64.637001,-14.482000,NaN,0.978272,true,Self-supervised model,0.212942,8.777000,166.233215,18.939639,0.000000,0.000000,0.721186,7.823310,false,false
2026-04-17T15:12:37.323846,0.049884,-0.796400,1.387884,10.480,N,1,0.797960,1,0.797960,3.286867,2.412599,4.060469,0.411803,6.493075,7.682993,0.809828,-2.455936,3.130489,4.060469,-0.087354,-0.095906,0.168599,0.212730,0.129725,6.448000,-64.637001,-14.482000,NaN,0.972901,true,Self-supervised model,0.222271,8.784000,165.935722,18.890679,0.000000,0.000000,0.809480,19.087408,false,false
2026-04-17T15:12:37.331637,0.049884,-0.796400,1.382954,10.763,N,1,0.797960,1,0.797960,3.312798,2.470607,3.448936,0.320823,6.404490,7.304709,0.439132,-2.371678,2.465252,3.448936,0.162490,0.105069,0.146608,0.242768,0.193501,6.448000,-64.637001,-14.482000,NaN,0.969021,true,Self-supervised model,0.214445,8.792000,165.653260,18.841363,0.000000,0.000000,0.960527,14.206716,false,false
2026-04-17T15:12:37.339757,0.049884,-0.796400,1.378466,11.020,N,1,0.797960,1,0.797960,3.218431,2.522520,2.723007,-0.040701,6.488286,6.641516,0.005394,-2.145718,1.676493,2.723007,0.394619,0.347582,0.140499,0.544314,0.525868,6.448000,-64.637001,-14.482000,NaN,0.966301,true,Self-supervised model,0.197975,8.800000,165.396119,18.795014,0.000000,0.000000,1.181940,5.002641,false,false
2026-04-17T15:12:37.348815,0.049884,-0.796400,1.374474,11.248,N,1,0.797960,1,0.797960,3.065969,2.566258,2.265541,-0.474052,6.720524,5.839458,-0.287418,-1.984439,1.054546,2.265541,0.559553,0.543059,0.152105,0.794449,0.779751,6.448000,-64.637001,-14.482000,NaN,0.964295,true,Self-supervised model,0.189286,8.809000,165.167422,18.749849,0.000000,0.000000,1.353305,2.851715,false,false
2026-04-17T15:12:37.355470,0.049884,-0.796400,1.370939,11.451,N,1,0.797960,1,0.797960,2.880389,2.600823,1.906095,-0.773327,6.892907,5.193024,-0.586309,-1.775208,0.371589,1.906095,0.645074,0.646295,0.170431,0.928905,0.913136,6.448000,-64.637001,-14.482000,NaN,0.962586,true,Self-supervised model,0.181698,8.815000,164.964880,18.714110,0.000000,0.000000,1.511146,2.051980,false,false
2026-04-17T15:12:37.363540,0.049884,-0.796400,1.367778,11.632,N,1,0.797960,1,0.797960,2.693599,2.626534,1.712953,-1.082179,7.117962,4.474763,-0.819983,-1.490117,-0.203445,1.712953,0.682336,0.677450,0.191201,0.980346,0.961520,6.448000,-64.637001,-14.482000,NaN,0.960920,true,Self-supervised model,0.179542,8.823000,164.783752,18.676612,0.000000,0.000000,1.572488,1.747294,false,false
2026-04-17T15:12:37.371582,0.049884,-0.796400,1.364894,11.797,N,1,0.797960,1,0.797960,2.529857,2.644667,1.670209,-1.326388,7.422025,3.857059,-0.989609,-1.203632,-0.601284,1.670209,0.661567,0.608422,0.216857,0.924595,0.898804,6.448000,-64.637001,-14.482000,NaN,0.959145,true,Self-supervised model,0.179605,8.831000,164.618516,18.640982,0.000000,0.000000,1.514695,1.806423,false,false
2026-04-17T15:12:37.380980,0.049884,-0.796400,1.362158,11.954,N,1,0.797960,1,0.797960,2.395903,2.656717,1.692643,-1.503559,7.728483,3.414132,-1.078563,-0.968342,-0.874102,1.692643,0.587041,0.463647,0.236405,0.784521,0.748055,6.448000,-64.637001,-14.482000,NaN,0.957002,true,Self-supervised model,0.181798,8.841000,164.461770,18.602168,0.000000,0.000000,1.415480,2.157549,false,false
2026-04-17T15:12:37.387586,0.049884,-0.796400,1.359671,12.097,N,1,0.797960,1,0.797960,2.287430,2.663945,1.717949,-1.601721,7.975086,3.114856,-1.065689,-0.800554,-1.083868,1.717949,0.491136,0.310320,0.242514,0.629544,0.580958,6.448000,-64.637001,-14.482000,NaN,0.955510,true,Self-supervised model,0.183223,8.847000,164.319279,18.573446,0.000000,0.000000,1.331489,2.728880,false,false
2026-04-17T15:12:37.395746,0.049884,-0.796400,1.357074,12.245,N,1,0.797960,1,0.797960,2.196063,2.667230,1.716388,-1.584962,8.159439,2.868254,-0.989348,-0.676871,-1.228424,1.716388,0.346971,0.124006,0.238848,0.439107,0.368465,6.448000,-64.637001,-14.482000,NaN,0.952473,true,Self-supervised model,0.186564,8.856000,164.170482,18.537769,0.000000,0.000000,1.279468,3.908814,false,false
2026-04-17T15:12:37.403393,0.049884,-0.796400,1.354314,12.404,N,1,0.797960,1,0.797960,2.096049,2.666383,1.570975,-1.498770,8.295909,2.695871,-0.795826,-0.685052,-1.168472,1.570975,0.190590,-0.038485,0.227242,0.299073,0.194437,6.448000,-64.637001,-14.482000,NaN,0.949057,true,Self-supervised model,0.186397,8.863000,164.012298,18.505280,0.000000,0.000000,1.334234,5.252821,false,false
2026-04-17T15:12:37.411844,0.049884,-0.796400,1.351370,12.572,N,1,0.797960,1,0.797960,1.986419,2.661184,1.410861,-1.290475,8.295909,2.738967,-0.547592,-0.779416,-1.040760,1.410861,0.029932,-0.145386,0.200975,0.249848,0.148435,6.448000,-64.637001,-14.482000,NaN,0.945383,true,Self-supervised model,0.184820,8.872000,163.843646,18.467498,0.000000,0.000000,1.407948,5.646884,false,false
2026-04-17T15:12:37.420459,0.049884,-0.796400,1.348265,12.750,N,1,0.797960,1,0.797960,1.878073,2.651860,1.309255,-1.024718,8.204929,2.861071,-0.287926,-0.998741,-0.796093,1.309255,-0.092241,-0.186925,0.175318,0.272371,0.208445,6.448000,-64.637001,-14.482000,NaN,0.941634,true,Self-supervised model,0.182344,8.880000,163.665763,18.430829,0.000000,0.000000,1.434459,4.806889,false,false
2026-04-17T15:12:37.428042,0.049884,-0.796400,1.345055,12.934,N,1,0.797960,1,0.797960,1.785254,2.639196,1.297952,-0.746991,7.984663,3.110068,-0.026381,-1.211810,-0.464220,1.297952,-0.204640,-0.167377,0.138056,0.298248,0.264372,7.234000,-64.822006,-11.868001,NaN,0.938001,true,Self-supervised model,0.181564,8.888000,163.481835,18.393546,0.000000,0.000000,1.375438,4.351922,false,false
2026-04-17T15:12:37.435509,0.049884,-0.796400,1.341824,13.119,N,1,0.797960,1,0.797960,1.717135,2.624313,1.359514,-0.469264,7.766790,3.454833,0.128880,-1.343052,-0.166969,1.359514,-0.277944,-0.102014,0.102014,0.313156,0.296074,7.234000,-64.822006,-11.868001,NaN,0.934686,true,Self-supervised model,0.183076,8.895000,163.296700,18.358257,0.000000,0.000000,1.263051,4.341331,false,false
2026-04-17T15:12:37.446806,0.049884,-0.796400,1.338672,13.300,N,1,0.797960,1,0.797960,1.677552,2.608443,1.469743,-0.301669,7.627927,3.770868,0.243423,-1.446264,0.095972,1.469743,-0.315817,-0.012828,0.073915,0.324605,0.316078,7.234000,-64.822006,-11.868001,NaN,0.931850,true,Self-supervised model,0.186722,8.907000,163.116096,18.313248,0.000000,0.000000,1.141391,4.527788,false,false
2026-04-17T15:12:37.452233,0.049884,-0.796400,1.335689,13.471,N,1,0.797960,1,0.797960,1.662431,2.592602,1.583044,-0.179565,7.515399,4.055778,0.314383,-1.517701,0.322143,1.583044,-0.319483,0.064141,0.054367,0.330362,0.325858,7.234000,-64.822006,-11.868001,NaN,0.929543,true,Self-supervised model,0.187131,8.912000,162.945170,18.283794,0.000000,0.000000,1.050148,4.791851,false,false
2026-04-17T15:12:37.459399,0.049884,-0.796400,1.332930,13.629,N,1,0.797960,1,0.797960,1.654710,2.577087,1.614172,-0.105345,7.433996,4.304775,0.410489,-1.502977,0.422029,1.614172,-0.310930,0.121562,0.034208,0.335597,0.333849,7.234000,-64.822006,-11.868001,NaN,0.927684,true,Self-supervised model,0.189326,8.919000,162.787129,18.251724,0.000000,0.000000,1.025114,4.809853,false,false
2026-04-17T15:12:37.467656,0.049884,-0.796400,1.330437,13.772,N,1,0.797960,1,0.797960,1.634278,2.561374,1.527009,-0.009577,7.438785,4.426879,0.459297,-1.404728,0.384109,1.527009,-0.299324,0.163712,0.010385,0.341327,0.341169,7.234000,-64.822006,-11.868001,NaN,0.926248,true,Self-supervised model,0.188573,8.928000,162.644243,18.217321,0.000000,0.000000,1.070248,4.473738,false,false
2026-04-17T15:12:37.475372,0.049884,-0.796400,1.328241,13.897,N,1,0.797960,1,0.797960,1.604343,2.545093,1.447190,0.035913,7.527370,4.410120,0.515788,-1.315999,0.310592,1.447190,-0.301157,0.190590,-0.016493,0.356780,0.356398,7.234000,-64.822006,-11.868001,NaN,0.925244,true,Self-supervised model,0.187051,8.935000,162.518425,18.188968,0.000000,0.000000,1.108593,4.056254,false,false
2026-04-17T15:12:37.484817,0.049884,-0.796400,1.326381,14.004,N,1,0.797960,1,0.797960,1.553608,2.527434,1.287246,0.086191,7.606379,4.357447,0.481865,-1.174135,0.214978,1.287246,-0.314596,0.208916,-0.047647,0.380640,0.377646,7.234000,-64.822006,-11.868001,NaN,0.924730,true,Self-supervised model,0.184579,8.945000,162.411882,18.156722,0.000000,0.000000,1.206924,3.381797,false,false
2026-04-17T15:12:37.491290,0.049884,-0.796400,1.324905,14.089,N,1,0.797960,1,0.797960,1.492213,2.508025,1.169892,0.043096,7.738060,4.283227,0.446075,-1.065090,0.187743,1.169892,-0.334754,0.226020,-0.080634,0.411883,0.403913,7.234000,-64.822006,-11.868001,NaN,0.924787,true,Self-supervised model,0.181769,8.951000,162.327306,18.135103,0.000000,0.000000,1.275514,2.840352,false,false
2026-04-17T15:12:37.499634,0.049884,-0.796400,1.323850,14.149,N,1,0.797960,1,0.797960,1.431267,2.486954,1.111300,-0.004788,7.836222,4.278439,0.374608,-1.010328,0.271835,1.111300,-0.348804,0.238237,-0.111177,0.436786,0.422400,7.234000,-64.822006,-11.868001,NaN,0.925415,true,Self-supervised model,0.181219,8.960000,162.266841,18.110138,0.000000,0.000000,1.287921,2.544268,false,false
2026-04-17T15:12:37.507296,0.049884,-0.796400,1.323233,14.184,N,1,0.797960,1,0.797960,1.377312,2.464569,1.094050,-0.090980,7.879318,4.386178,0.257746,-1.002956,0.352976,1.094050,-0.350637,0.245568,-0.141721,0.450926,0.428077,7.234000,-64.822006,-11.868001,NaN,0.926554,true,Self-supervised model,0.181258,8.967000,162.231522,18.092062,0.000000,0.000000,1.258912,2.426229,false,false
2026-04-17T15:12:37.516066,0.049884,-0.796400,1.323072,14.194,N,1,0.797960,1,0.797960,1.334040,2.441348,1.106861,-0.225055,7.874529,4.491522,0.121198,-1.002520,0.453219,1.106861,-0.334143,0.259007,-0.161268,0.452486,0.422772,7.234000,-64.822006,-11.868001,NaN,0.928214,true,Self-supervised model,0.182253,8.976000,162.222282,18.072892,0.000000,0.000000,1.205246,2.446177,false,false
2026-04-17T15:12:37.523553,0.049884,-0.796400,1.323350,14.178,N,1,0.797960,1,0.797960,1.292774,2.417405,1.076129,-0.380678,7.862558,4.616021,-0.092968,-0.966589,0.463807,1.076129,-0.298102,0.273668,-0.172264,0.439811,0.404671,7.234000,-64.822006,-11.868001,NaN,0.930249,true,Self-supervised model,0.181911,8.983000,162.238211,18.060582,0.000000,0.000000,1.201319,2.446799,false,false
2026-04-17T15:12:37.531756,0.049884,-0.796400,1.324029,14.139,N,1,0.797960,1,0.797960,1.255880,2.392944,1.062185,-0.615310,7.886500,4.649539,-0.282170,-0.921996,0.445579,1.062185,-0.246179,0.294437,-0.169821,0.419686,0.383793,7.234000,-64.822006,-11.868001,NaN,0.932533,true,Self-supervised model,0.181870,8.992000,162.277126,18.046833,0.000000,0.000000,1.182355,2.530906,false,false
2026-04-17T15:12:37.539351,0.049884,-0.796400,1.325053,14.080,N,1,0.797960,1,0.797960,1.228376,2.368361,1.083979,-0.826000,7.920019,4.651934,-0.578930,-0.830709,0.387006,1.083979,-0.197309,0.315817,-0.151495,0.402023,0.372386,7.234000,-64.822006,-11.868001,NaN,0.934933,true,Self-supervised model,0.182433,8.999000,162.335760,18.039311,0.000000,0.000000,1.133210,2.696313,false,false
2026-04-17T15:12:37.548123,0.049884,-0.796400,1.326328,14.007,N,1,0.797960,1,0.797960,1.214927,2.344224,1.144319,-1.144428,8.001422,4.611232,-0.819332,-0.733974,0.315345,1.144319,-0.133169,0.331700,-0.107512,0.373253,0.357433,7.234000,-64.822006,-11.868001,NaN,0.937219,true,Self-supervised model,0.184178,9.008000,162.408864,18.029403,0.000000,0.000000,1.061703,3.065801,false,false
2026-04-17T15:12:37.555613,0.049884,-0.796400,1.327730,13.927,N,1,0.797960,1,0.797960,1.205079,2.320658,1.153379,-1.405396,8.090008,4.553771,-0.954521,-0.622449,0.178133,1.153379,-0.065973,0.328035,-0.040317,0.337023,0.334603,7.234000,-64.822006,-11.868001,NaN,0.939125,true,Self-supervised model,0.184746,9.016000,162.489188,18.022315,0.000000,0.000000,1.044825,3.422255,false,false
2026-04-17T15:12:37.563674,0.049884,-0.796400,1.329103,13.848,N,1,0.797960,1,0.797960,1.188689,2.297379,1.102640,-1.558625,8.195353,4.426879,-0.961964,-0.534533,0.068668,1.102640,-0.003054,0.290772,0.034208,0.292793,0.290788,7.234000,-64.822006,-11.868001,NaN,0.940382,true,Self-supervised model,0.184755,9.024000,162.567849,18.015054,0.000000,0.000000,1.078039,3.765936,false,false
2026-04-17T15:12:37.572457,0.049884,-0.796400,1.330301,13.779,N,1,0.797960,1,0.797960,1.158790,2.273836,1.001822,-1.580173,8.279149,4.323928,-0.912523,-0.405572,-0.080380,1.001822,0.043371,0.230907,0.106901,0.258122,0.234945,7.234000,-64.822006,-11.868001,NaN,0.940876,true,Self-supervised model,0.183578,9.032000,162.636449,18.006693,0.000000,0.000000,1.156683,3.881193,false,false
2026-04-17T15:12:37.581177,0.049884,-0.796400,1.331183,13.729,N,1,0.797960,1,0.797960,1.116874,2.249557,0.896815,-1.539472,8.406042,4.177882,-0.791901,-0.317179,-0.276706,0.896815,0.081856,0.141721,0.187536,0.248907,0.163662,7.234000,-64.822006,-11.868001,NaN,0.940498,true,Self-supervised model,0.182039,9.041000,162.686995,17.994358,0.000000,0.000000,1.245379,3.603009,false,false
2026-04-17T15:12:37.588111,0.049884,-0.796400,1.331405,13.716,N,1,0.797960,1,0.797960,1.059566,2.223957,0.758700,-1.414973,8.497022,3.976769,-0.628972,-0.160518,-0.392750,0.758700,0.098349,0.043371,0.252898,0.274793,0.107488,5.301000,-65.107002,-10.869000,NaN,0.938083,true,Self-supervised model,0.179104,9.048000,162.699756,17.981847,0.000000,0.000000,1.396556,2.760986,false,false
2026-04-17T15:12:37.595444,0.049884,-0.796400,1.330865,13.747,N,1,0.797960,1,0.797960,0.998974,2.196958,0.680867,-1.240196,8.657434,3.854665,-0.477866,-0.049811,-0.482435,0.680867,0.095295,-0.058643,0.304822,0.324710,0.111893,5.301000,-65.107002,-10.869000,NaN,0.934489,true,Self-supervised model,0.176664,9.055000,162.668781,17.964526,0.000000,0.000000,1.467208,2.096849,false,false
2026-04-17T15:12:37.603329,0.049884,-0.796400,1.329521,13.824,N,1,0.797960,1,0.797960,0.933965,2.168438,0.592667,-1.070208,8.772355,3.758897,-0.279509,0.087227,-0.515287,0.592667,0.086132,-0.125838,0.339641,0.372304,0.152493,5.301000,-65.107002,-10.869000,NaN,0.929932,true,Self-supervised model,0.173282,9.063000,162.591781,17.940172,0.000000,0.000000,1.575868,1.591892,false,false
2026-04-17T15:12:37.611961,0.049884,-0.796400,1.327392,13.946,N,1,0.797960,1,0.797960,0.871020,2.138542,0.540560,-0.847547,8.913613,3.720589,-0.053867,0.207678,-0.496159,0.540560,0.074526,-0.172264,0.360410,0.406355,0.187694,5.301000,-65.107002,-10.869000,NaN,0.924665,true,Self-supervised model,0.171417,9.072000,162.469825,17.908931,0.000000,0.000000,1.611329,1.330265,false,false
2026-04-17T15:12:37.619684,0.049884,-0.796400,1.324528,14.110,N,1,0.797960,1,0.797960,0.814800,2.107592,0.519643,-0.593762,9.038112,3.734955,0.157064,0.304576,-0.390632,0.519643,0.064141,-0.190590,0.365297,0.416990,0.201093,5.301000,-65.107002,-10.869000,NaN,0.918857,true,Self-supervised model,0.170479,9.080000,162.305707,17.875078,0.000000,0.000000,1.568000,1.246176,false,false
2026-04-17T15:12:37.628472,0.049884,-0.796400,1.321390,14.290,N,1,0.797960,1,0.797960,0.774044,2.076250,0.560077,-0.361524,9.138668,3.835511,0.313881,0.362758,-0.289088,0.560077,0.061697,-0.196088,0.352469,0.408034,0.205565,5.301000,-65.107002,-10.869000,NaN,0.914623,true,Self-supervised model,0.172847,9.088000,162.125894,17.839557,0.000000,0.000000,1.382031,1.372625,false,false
2026-04-17T15:12:37.635843,0.049884,-0.796400,1.317989,14.485,N,1,0.797960,1,0.797960,0.754888,2.045396,0.654315,-0.181959,9.200917,3.931279,0.439881,0.463885,-0.139440,0.654315,0.062919,-0.188147,0.334754,0.389125,0.198388,5.301000,-65.107002,-10.869000,NaN,0.910175,true,Self-supervised model,0.176253,9.096000,161.931068,17.802448,0.000000,0.000000,1.153707,1.681503,false,false
2026-04-17T15:12:37.647232,0.049884,-0.796400,1.314297,14.696,N,1,0.797960,1,0.797960,0.756936,2.015857,0.767687,-0.031125,9.306262,4.074931,0.536539,0.548100,-0.032474,0.767687,0.072082,-0.171042,0.304822,0.356886,0.185611,5.301000,-65.107002,-10.869000,NaN,0.905313,true,Self-supervised model,0.181065,9.107000,161.719499,17.757714,0.000000,0.000000,0.985995,2.151071,false,false
2026-04-17T15:12:37.652577,0.049884,-0.796400,1.310339,14.923,N,1,0.797960,1,0.797960,0.778315,1.988356,0.890557,0.090980,9.394848,4.175488,0.594183,0.658527,0.079881,0.890557,0.086132,-0.141110,0.257174,0.305728,0.165320,5.301000,-65.107002,-10.869000,NaN,0.900295,true,Self-supervised model,0.181984,9.112000,161.492735,17.723083,0.000000,0.000000,0.873964,2.912912,false,false
2026-04-17T15:12:37.659522,0.049884,-0.796400,1.306230,15.159,N,1,0.797960,1,0.797960,0.806442,1.963079,0.954105,0.172383,9.509769,4.280833,0.564969,0.744775,0.190886,0.954105,0.111788,-0.105680,0.198531,0.251156,0.153834,5.301000,-65.107002,-10.869000,NaN,0.895579,true,Self-supervised model,0.184660,9.119000,161.257285,17.683659,0.000000,0.000000,0.845233,3.798852,false,false
2026-04-17T15:12:37.667509,0.049884,-0.796400,1.302167,15.391,N,1,0.797960,1,0.797960,0.841083,1.940199,1.022951,0.162806,9.600749,4.383783,0.441930,0.871240,0.303429,1.022951,0.135001,-0.080023,0.147829,0.215598,0.156936,5.301000,-65.107002,-10.869000,NaN,0.891703,true,Self-supervised model,0.187218,9.127000,161.024507,17.642654,0.000000,0.000000,0.822212,4.744712,false,false
2026-04-17T15:12:37.676148,0.049884,-0.796400,1.298326,15.611,N,1,0.797960,1,0.797960,0.880781,1.919822,1.089195,0.055067,9.732430,4.486734,0.316182,0.970821,0.379316,1.089195,0.160658,-0.062308,0.091630,0.195165,0.172317,5.301000,-65.107002,-10.869000,NaN,0.888747,true,Self-supervised model,0.189479,9.136000,160.804416,17.601184,0.000000,0.000000,0.808653,5.580907,false,false
2026-04-17T15:12:37.684420,0.049884,-0.796400,1.294862,15.810,N,1,0.797960,1,0.797960,0.916604,1.901694,1.104675,-0.059855,9.837775,4.551377,0.182414,0.995746,0.442179,1.104675,0.180816,-0.061697,0.038485,0.194890,0.191052,5.301000,-65.107002,-10.869000,NaN,0.886795,true,Self-supervised model,0.190001,9.144000,160.605972,17.564083,0.000000,0.000000,0.829750,5.668198,false,false
2026-04-17T15:12:37.691298,0.049884,-0.796400,1.291903,15.979,N,1,0.797960,1,0.797960,0.940256,1.885236,1.064429,-0.186748,9.868899,4.601655,0.020519,0.941425,0.496293,1.064429,0.196088,-0.080634,-0.001222,0.212023,0.212020,5.301000,-65.107002,-10.869000,NaN,0.885851,true,Self-supervised model,0.188409,9.151000,160.436405,17.532117,0.000000,0.000000,0.883343,5.020345,false,false
2026-04-17T15:12:37.699759,0.049884,-0.796400,1.289524,16.116,N,1,0.797960,1,0.797960,0.950646,1.869853,1.005196,-0.344765,9.821015,4.642357,-0.072530,0.843895,0.541295,1.005196,0.201586,-0.104458,-0.026878,0.228628,0.227042,5.301000,-65.107002,-10.869000,NaN,0.885797,true,Self-supervised model,0.188103,9.160000,160.300131,17.500014,0.000000,0.000000,0.945732,4.396651,false,false
2026-04-17T15:12:37.707496,0.049884,-0.796400,1.287746,16.218,N,1,0.797960,1,0.797960,0.947585,1.854962,0.931514,-0.435745,9.730036,4.673482,-0.150124,0.753482,0.526732,0.931514,0.205862,-0.119730,-0.046426,0.242630,0.238147,5.301000,-65.107002,-10.869000,NaN,0.886422,true,Self-supervised model,0.186595,9.167000,160.198272,17.475540,0.000000,0.000000,1.017253,3.839231,false,false
2026-04-17T15:12:37.716378,0.049884,-0.796400,1.286546,16.286,N,1,0.797960,1,0.797960,0.936955,1.840242,0.881149,-0.512359,9.646238,4.644751,-0.214943,0.715708,0.466888,0.881149,0.210749,-0.116064,-0.056200,0.247071,0.240595,5.301000,-65.107002,-10.869000,NaN,0.887530,true,Self-supervised model,0.186176,9.176000,160.129479,17.450902,0.000000,0.000000,1.063334,3.566372,false,false
2026-04-17T15:12:37.723674,0.049884,-0.796400,1.285854,16.326,N,1,0.797960,1,0.797960,0.934403,1.826008,0.921000,-0.577003,9.615114,4.570531,-0.240124,0.797550,0.393059,0.921000,0.214414,-0.076969,-0.059254,0.235390,0.227810,5.301000,-65.107002,-10.869000,NaN,0.888872,true,Self-supervised model,0.187969,9.184000,160.089822,17.431383,0.000000,0.000000,1.014552,3.912655,false,false
2026-04-17T15:12:37.731665,0.049884,-0.796400,1.285592,16.341,N,1,0.797960,1,0.797960,0.939682,1.812555,0.967401,-0.603339,9.703699,4.481946,-0.258040,0.881941,0.302423,0.967401,0.206472,-0.010996,-0.068417,0.217790,0.206765,5.301000,-65.107002,-10.869000,NaN,0.890335,true,Self-supervised model,0.189972,9.192000,160.074860,17.414584,0.000000,0.000000,0.971348,4.441888,false,false
2026-04-17T15:12:37.740663,0.049884,-0.796400,1.285709,16.334,N,1,0.797960,1,0.797960,0.967314,1.800745,1.112383,-0.624887,9.794679,4.376601,-0.351928,1.038442,0.187566,1.112383,0.197309,0.062308,-0.076969,0.220766,0.206914,5.301000,-65.107002,-10.869000,NaN,0.891960,true,Self-supervised model,0.193269,9.201000,160.081517,17.398274,0.000000,0.000000,0.869588,5.038744,false,false
2026-04-17T15:12:37.748182,0.049884,-0.796400,1.286164,16.308,N,1,0.797960,1,0.797960,1.009710,1.791104,1.232290,-0.725443,9.957485,4.247314,-0.378681,1.161970,0.158002,1.232290,0.174707,0.115454,-0.084299,0.225740,0.209409,6.227000,-65.704002,-11.165001,NaN,0.893772,true,Self-supervised model,0.195066,9.208000,160.107606,17.387881,0.000000,0.000000,0.819377,5.458888,false,false
2026-04-17T15:12:37.755560,0.049884,-0.796400,1.286915,16.265,N,1,0.797960,1,0.797960,1.074624,1.784445,1.415419,-0.761356,10.086772,4.204218,-0.447606,1.332063,0.169316,1.415419,0.136834,0.114843,-0.086132,0.198321,0.178640,6.227000,-65.704002,-11.165001,NaN,0.895708,true,Self-supervised model,0.198672,9.215000,160.150664,17.379345,0.000000,0.000000,0.759227,7.137023,false,false
2026-04-17T15:12:37.764490,0.049884,-0.796400,1.287908,16.208,N,1,0.797960,1,0.797960,1.159910,1.781463,1.607665,-0.840365,10.261548,4.204218,-0.539493,1.491837,0.260686,1.607665,0.081856,0.062919,-0.076969,0.128777,0.103243,6.227000,-65.704002,-11.165001,NaN,0.897666,true,Self-supervised model,0.205075,9.224000,160.207540,17.368554,0.000000,0.000000,0.721488,12.484128,false,false
2026-04-17T15:12:37.771655,0.049884,-0.796400,1.289060,16.142,N,1,0.797960,1,0.797960,1.262200,1.782693,1.799223,-0.940921,10.424355,4.288015,-0.635391,1.627025,0.431592,1.799223,0.028100,-0.020159,-0.051313,0.061879,0.034583,6.227000,-65.704002,-11.165001,NaN,0.899453,true,Self-supervised model,0.219143,9.232000,160.273523,17.360650,0.000000,0.000000,0.701525,29.076668,false,false
2026-04-17T15:12:37.781285,0.049884,-0.796400,1.290232,16.075,N,1,0.797960,1,0.797960,1.360202,1.787793,1.874711,-1.041478,10.560823,4.455609,-0.644972,1.672462,0.549023,1.874711,-0.012828,-0.098349,-0.013439,0.100089,0.099182,6.227000,-65.704002,-11.165001,NaN,0.900707,true,Self-supervised model,0.212549,9.241000,160.340682,17.351010,0.000000,0.000000,0.725553,18.730493,false,false
2026-04-17T15:12:37.788518,0.049884,-0.796400,1.291283,16.015,N,1,0.797960,1,0.797960,1.459508,1.796662,1.980863,-1.051055,10.606314,4.572925,-0.648535,1.756860,0.645496,1.980863,-0.022602,-0.124617,0.007330,0.126862,0.126650,6.227000,-65.704002,-11.165001,NaN,0.901275,true,Self-supervised model,0.211338,9.248000,160.400920,17.344390,0.000000,0.000000,0.736804,15.614368,false,false
2026-04-17T15:12:37.795400,0.049884,-0.796400,1.292122,15.967,N,1,0.797960,1,0.797960,1.552431,1.808893,2.040276,-1.051055,10.690110,4.671088,-0.663177,1.841435,0.576227,2.040276,-0.027489,-0.107512,0.020769,0.112898,0.110971,6.227000,-65.704002,-11.165001,NaN,0.901266,true,Self-supervised model,0.214080,9.255000,160.449001,17.336467,0.000000,0.000000,0.760893,18.071893,false,false
2026-04-17T15:12:37.803933,0.049884,-0.796400,1.292717,15.933,N,1,0.797960,1,0.797960,1.644172,1.824304,2.125812,-1.060631,10.773908,4.604050,-0.686084,1.981147,0.351316,2.125812,-0.031765,-0.043982,0.017104,0.056886,0.054254,6.227000,-65.704002,-11.165001,NaN,0.900881,true,Self-supervised model,0.230166,9.264000,160.483051,17.323300,0.000000,0.000000,0.773432,37.369722,false,false
2026-04-17T15:12:37.812313,0.049884,-0.796400,1.293107,15.910,N,1,0.797960,1,0.797960,1.750998,1.843372,2.311836,-1.079785,10.912771,4.381389,-0.851720,2.148007,0.072265,2.311836,-0.072082,0.031765,0.000611,0.078773,0.078771,6.227000,-65.704002,-11.165001,NaN,0.900453,true,Self-supervised model,0.226502,9.272000,160.505397,17.310763,0.000000,0.000000,0.757406,29.348001,false,false
2026-04-17T15:12:37.819519,0.049884,-0.796400,1.293372,15.895,N,1,0.797960,1,0.797960,1.888978,1.867196,2.613372,-1.244985,11.077971,4.106056,-1.110181,2.350533,-0.268707,2.613372,-0.150884,0.075747,-0.011606,0.169228,0.168830,6.227000,-65.704002,-11.165001,NaN,0.900220,true,Self-supervised model,0.219030,9.279000,160.520595,17.299342,0.000000,0.000000,0.722812,15.442868,false,false
2026-04-17T15:12:37.828088,0.049884,-0.796400,1.293565,15.884,N,1,0.797960,1,0.797960,2.049249,1.896478,2.890671,-1.505953,11.276690,3.773262,-1.326854,2.509282,-0.546753,2.890671,-0.305433,0.084910,-0.007941,0.317115,0.317016,6.227000,-65.704002,-11.165001,NaN,0.900126,true,Self-supervised model,0.215980,9.288000,160.531680,17.283773,0.000000,0.000000,0.708918,9.115529,false,false
2026-04-17T15:12:37.835308,0.049884,-0.796400,1.293669,15.878,N,1,0.797960,1,0.797960,2.186018,1.930060,2.904059,-1.726219,11.427525,3.512294,-1.394834,2.477977,-0.589602,2.904059,-0.527788,0.034819,0.018937,0.529274,0.528935,6.227000,-65.704002,-11.165001,NaN,0.899870,true,Self-supervised model,0.211555,9.295000,160.537615,17.271395,0.000000,0.000000,0.752746,5.486876,false,false
2026-04-17T15:12:37.845176,0.049884,-0.796400,1.293563,15.884,N,1,0.797960,1,0.797960,2.244541,1.964639,2.551785,-1.795651,11.382035,3.500323,-1.231575,2.210525,-0.329257,2.551785,-0.783129,-0.072082,0.071471,0.789681,0.786440,6.227000,-65.704002,-11.165001,NaN,0.898925,true,Self-supervised model,0.203759,9.305000,160.531529,17.252179,0.000000,0.000000,0.879596,3.231414,false,false
2026-04-17T15:12:37.851814,0.049884,-0.796400,1.293043,15.914,N,1,0.797960,1,0.797960,2.194756,1.995843,1.933383,-1.628057,11.092337,3.809175,-0.818169,1.713887,0.362160,1.933383,-0.987158,-0.197920,0.131947,1.015413,1.006804,6.227000,-65.704002,-11.165001,NaN,0.896750,true,Self-supervised model,0.192339,9.312000,160.501741,17.236012,0.000000,0.000000,1.135189,1.904036,false,false
2026-04-17T15:12:37.859412,0.049884,-0.796400,1.291899,15.980,N,1,0.797960,1,0.797960,2.124962,2.023008,1.758544,-1.201889,10.565612,4.565742,-0.321589,1.101787,1.332338,1.758544,-1.147816,-0.360410,0.204640,1.220350,1.203070,6.227000,-65.704002,-11.165001,NaN,0.893110,true,Self-supervised model,0.186283,9.319000,160.436201,17.216032,0.000000,0.000000,1.208364,1.441016,false,false
2026-04-17T15:12:37.867621,0.049884,-0.796400,1.289970,16.090,N,1,0.797960,1,0.797960,2.150858,2.050122,2.286812,-0.682347,9.916783,5.614403,0.211287,0.467362,2.228551,2.286812,-1.205848,-0.517403,0.244346,1.334721,1.312164,6.227000,-65.704002,-11.165001,NaN,0.888043,true,Self-supervised model,0.190289,9.328000,160.325698,17.187575,0.000000,0.000000,0.940549,1.713326,false,false
2026-04-17T15:12:37.875337,0.049884,-0.796400,1.287248,16.246,N,1,0.797960,1,0.797960,2.331688,2.083385,3.281047,-0.117316,9.241618,6.596025,0.724896,-0.296268,3.186223,3.281047,-1.138042,-0.690889,0.257174,1.355952,1.331340,6.227000,-65.704002,-11.165001,NaN,0.882146,true,Self-supervised model,0.197621,9.335000,160.169724,17.157978,0.000000,0.000000,0.710654,2.419737,false,false
2026-04-17T15:12:37.883896,0.049884,-0.796400,1.283881,16.439,N,1,0.797960,1,0.797960,2.610770,2.126480,4.075950,0.435745,8.437167,7.637504,1.100587,-1.084831,3.771634,4.075950,-1.001819,-0.847881,0.244346,1.335009,1.312457,6.227000,-65.704002,-11.165001,NaN,0.876198,true,Self-supervised model,0.203664,9.344000,159.976784,17.120803,0.000000,0.000000,0.640530,3.053126,false,false
2026-04-17T15:12:37.891548,0.049884,-0.796400,1.280100,16.656,N,1,0.797960,1,0.797960,2.908847,2.179775,4.473750,0.857124,7.611167,8.298303,1.247528,-1.727118,3.933851,4.473750,-0.752586,-0.987158,0.199753,1.257286,1.241317,6.227000,-65.704002,-11.165001,NaN,0.870766,true,Self-supervised model,0.207327,9.351000,159.760188,17.084824,0.000000,0.000000,0.650203,3.558260,false,false
2026-04-17T15:12:37.900631,0.049884,-0.796400,1.276191,16.880,N,1,0.797960,1,0.797960,3.165977,2.241223,4.515912,1.053449,6.938396,8.520964,1.204691,-2.130336,3.795240,4.515912,-0.436158,-1.065960,0.150273,1.161502,1.151740,6.227000,-65.704002,-11.165001,NaN,0.866342,true,Self-supervised model,0.210775,9.361000,159.536216,17.042647,0.000000,0.000000,0.701072,3.887994,false,false
2026-04-17T15:12:37.907709,0.049884,-0.796400,1.272416,17.096,N,1,0.797960,1,0.797960,3.343157,2.307300,4.273354,1.060631,6.514623,8.422802,0.934459,-2.453637,3.371647,4.273354,-0.152105,-1.114829,0.127060,1.132309,1.125158,4.473000,-67.358002,-7.617001,NaN,0.863102,true,Self-supervised model,0.209561,9.368000,159.319912,17.006822,0.000000,0.000000,0.782326,3.774017,false,false
2026-04-17T15:12:37.916383,0.049884,-0.796400,1.268915,17.297,N,1,0.797960,1,0.797960,3.432639,2.374314,3.902416,0.840365,6.181829,8.018182,0.580971,-2.735126,2.722206,3.902416,0.175318,-1.174083,0.124617,1.193623,1.187100,4.473000,-67.358002,-7.617001,NaN,0.860699,true,Self-supervised model,0.207109,9.376000,159.119332,16.970919,0.000000,0.000000,0.879619,3.269386,false,false
2026-04-17T15:12:37.923695,0.049884,-0.796400,1.265693,17.481,N,1,0.797960,1,0.797960,3.437692,2.438849,3.464220,0.538695,5.901707,7.366959,0.342894,-2.911677,1.845367,3.464220,0.514959,-1.102001,0.127060,1.223002,1.216384,4.473000,-67.358002,-7.617001,NaN,0.858590,true,Self-supervised model,0.202937,9.384000,158.934707,16.936776,0.000000,0.000000,0.992342,2.832555,false,false
2026-04-17T15:12:37.931409,0.049884,-0.796400,1.262682,17.654,N,1,0.797960,1,0.797960,3.396720,2.499164,3.181621,0.351948,5.736507,6.469133,0.170132,-3.015090,1.001499,3.181621,0.814283,-0.927293,0.129503,1.240847,1.234071,4.473000,-67.358002,-7.617001,NaN,0.856426,true,Self-supervised model,0.200162,9.391000,158.762201,16.905782,0.000000,0.000000,1.067607,2.564071,false,false
2026-04-17T15:12:37.940269,0.049884,-0.796400,1.259817,17.818,N,1,0.797960,1,0.797960,3.331043,2.554439,2.986238,0.225055,5.652710,5.588067,-0.011706,-2.985577,0.061738,2.986238,1.021978,-0.714712,0.131947,1.254058,1.247097,4.473000,-67.358002,-7.617001,NaN,0.854145,true,Self-supervised model,0.198347,9.400000,158.598062,16.872134,0.000000,0.000000,1.115465,2.381260,false,false
2026-04-17T15:12:37.948544,0.049884,-0.796400,1.257033,17.977,N,1,0.797960,1,0.797960,3.271575,2.605124,2.959366,0.081403,5.710171,4.594473,-0.179274,-2.873982,-0.682595,2.959366,1.178970,-0.441045,0.144164,1.266994,1.258766,4.473000,-67.358002,-7.617001,NaN,0.851683,true,Self-supervised model,0.197615,9.408000,158.438544,16.840832,0.000000,0.000000,1.105499,2.335738,false,false
2026-04-17T15:12:37.955663,0.049884,-0.796400,1.254247,18.137,N,1,0.797960,1,0.797960,3.216856,2.651594,2.929579,-0.057461,5.858612,3.778050,-0.294394,-2.587865,-1.341164,2.929579,1.226617,-0.211970,0.183870,1.258304,1.244798,4.473000,-67.358002,-7.617001,NaN,0.848887,true,Self-supervised model,0.196705,9.416000,158.278882,16.809567,0.000000,0.000000,1.098061,2.328196,false,false
2026-04-17T15:12:37.963506,0.049884,-0.796400,1.251304,18.306,N,1,0.797960,1,0.797960,3.174549,2.694512,2.952437,-0.150835,6.186617,3.035848,-0.349604,-2.279476,-1.843544,2.952437,1.158811,-0.047037,0.251676,1.186759,1.159766,4.473000,-67.358002,-7.617001,NaN,0.845320,true,Self-supervised model,0.197323,9.423000,158.110280,16.779187,0.000000,0.000000,1.075230,2.487815,false,false
2026-04-17T15:12:37.972553,0.049884,-0.796400,1.247994,18.495,N,1,0.797960,1,0.797960,3.140471,2.734350,2.961560,-0.186748,6.536170,2.449268,-0.392103,-1.836591,-2.289984,2.961560,1.004262,0.031765,0.329867,1.057528,1.004765,4.473000,-67.358002,-7.617001,NaN,0.840538,true,Self-supervised model,0.199155,9.432000,157.920603,16.743066,0.000000,0.000000,1.060411,2.800457,false,false
2026-04-17T15:12:37.980143,0.049884,-0.796400,1.244081,18.719,N,1,0.797960,1,0.797960,3.107084,2.771260,2.931806,-0.208296,7.015011,1.927332,-0.317850,-1.488151,-2.505966,2.931806,0.729984,0.041539,0.423940,0.845179,0.731165,4.473000,-67.358002,-7.617001,NaN,0.834217,true,Self-supervised model,0.200237,9.440000,157.696423,16.705130,0.000000,0.000000,1.059785,3.468858,false,false
2026-04-17T15:12:37.987932,0.049884,-0.796400,1.239337,18.991,N,1,0.797960,1,0.797960,3.056711,2.804678,2.792252,-0.107739,7.390901,1.651999,-0.136386,-1.236485,-2.499835,2.792252,0.381791,-0.038485,0.507629,0.636343,0.383726,4.473000,-67.358002,-7.617001,NaN,0.826151,true,Self-supervised model,0.201413,9.448000,157.424646,16.662219,0.000000,0.000000,1.094712,4.387967,false,false
2026-04-17T15:12:37.996308,0.049884,-0.796400,1.233631,19.318,N,1,0.797960,1,0.797960,2.980096,2.833694,2.577865,0.107739,7.659051,1.620875,0.155846,-1.125396,-2.313997,2.577865,0.003054,-0.189368,0.565050,0.595946,0.189393,4.473000,-67.358002,-7.617001,NaN,0.816594,true,Self-supervised model,0.200081,9.456000,157.097711,16.613548,0.000000,0.000000,1.156033,4.325668,false,false
2026-04-17T15:12:38.003245,0.049884,-0.796400,1.226962,19.700,N,1,0.797960,1,0.797960,2.873253,2.857277,2.312329,0.442927,7.773973,1.795651,0.498165,-1.076880,-1.984699,2.312329,-0.307876,-0.335976,0.581544,0.738824,0.455705,4.473000,-67.358002,-7.617001,NaN,0.806072,true,Self-supervised model,0.191590,9.463000,156.715589,16.560878,0.000000,0.000000,1.242580,3.129744,false,false
2026-04-17T15:12:38.013369,0.049884,-0.796400,1.219497,20.128,N,1,0.797960,1,0.797960,2.728854,2.874140,1.970760,0.835576,7.814674,2.138022,0.766210,-0.934079,-1.557021,1.970760,-0.599870,-0.475253,0.566883,0.952400,0.765316,4.473000,-67.358002,-7.617001,NaN,0.795423,true,Self-supervised model,0.186591,9.473000,156.287871,16.498245,0.000000,0.000000,1.384671,2.069257,false,false
2026-04-17T15:12:38.019549,0.049884,-0.796400,1.211525,20.585,N,1,0.797960,1,0.797960,2.578470,2.884313,1.788954,1.158794,7.939173,2.600103,1.031157,-0.855141,-1.185667,1.788954,-0.805120,-0.546114,0.520457,1.103329,0.972861,4.473000,-67.358002,-7.617001,NaN,0.785426,true,Self-supervised model,0.178513,9.479000,155.831138,16.439618,0.000000,0.000000,1.441328,1.621415,false,false
2026-04-17T15:12:38.028754,0.049884,-0.796400,1.203411,21.050,N,1,0.797960,1,0.797960,2.438025,2.888462,1.700686,1.479617,7.991845,3.021482,1.198956,-0.746385,-0.947495,1.700686,-0.946841,-0.552833,0.444710,1.183173,1.096418,4.473000,-67.358002,-7.617001,NaN,0.776739,true,Self-supervised model,0.178961,9.489000,155.366198,16.373295,0.000000,0.000000,1.433554,1.437394,false,false
2026-04-17T15:12:38.035706,0.049884,-0.796400,1.195544,21.500,N,1,0.797960,1,0.797960,2.311750,2.887393,1.648807,1.699883,8.068460,3.320758,1.358585,-0.623771,-0.695501,1.648807,-1.039693,-0.514959,0.365297,1.216382,1.160234,4.473000,-67.358002,-7.617001,NaN,0.769863,true,Self-supervised model,0.175233,9.496000,154.915458,16.313759,0.000000,0.000000,1.402074,1.355501,false,false
2026-04-17T15:12:38.046170,0.049884,-0.796400,1.188266,21.917,N,1,0.797960,1,0.797960,2.183774,2.881248,1.511900,1.905785,8.154651,3.641581,1.386025,-0.421069,-0.432985,1.511900,-1.134988,-0.425773,0.266948,1.241266,1.212221,4.473000,-67.358002,-7.617001,NaN,0.764942,true,Self-supervised model,0.176479,9.506000,154.498478,16.252733,0.000000,0.000000,1.444391,1.218031,false,false
2026-04-17T15:12:38.053760,0.049884,-0.796400,1.181883,22.283,N,1,0.797960,1,0.797960,2.056812,2.870271,1.390261,1.970428,8.317456,3.979163,1.353809,-0.293989,-0.116597,1.390261,-1.220509,-0.317039,0.174707,1.273059,1.261014,4.473000,-67.358002,-7.617001,NaN,0.762137,true,Self-supervised model,0.173084,9.514000,154.132745,16.200625,0.000000,0.000000,1.479443,1.092063,false,false
2026-04-17T15:12:38.062338,0.049884,-0.796400,1.176603,22.586,NE,1,0.797960,1,0.797960,1.951056,2.855502,1.395837,1.965640,8.401254,4.376601,1.335148,-0.194885,0.357439,1.395837,-1.292591,-0.229074,0.100182,1.316550,1.312732,4.473000,-67.358002,-7.617001,NaN,0.761269,true,Self-supervised model,0.174279,9.522000,153.830218,16.155242,0.000000,0.000000,1.397767,1.060224,false,false
2026-04-17T15:12:38.067588,0.049884,-0.796400,1.172522,22.819,NE,1,0.797960,1,0.797960,1.890433,2.838899,1.572160,1.965640,8.453926,4.936844,1.336714,-0.174635,0.808941,1.572160,-1.334741,-0.182649,0.044593,1.347917,1.347180,2.305000,-67.671005,-7.296000,NaN,0.761984,true,Self-supervised model,0.175768,9.527000,153.596382,16.122219,0.000000,0.000000,1.202443,1.166362,false,false
2026-04-17T15:12:38.075951,0.049884,-0.796400,1.169608,22.986,NE,1,0.797960,1,0.797960,1.874520,2.822324,1.790976,1.980005,8.425196,5.477933,1.339548,-0.195593,1.172583,1.790976,-1.357343,-0.156992,-0.008552,1.366418,1.366391,2.305000,-67.671005,-7.296000,NaN,0.763739,true,Self-supervised model,0.181496,9.536000,153.429431,16.089496,0.000000,0.000000,1.046647,1.310709,false,false
2026-04-17T15:12:38.084755,0.049884,-0.796400,1.167766,23.092,NE,1,0.797960,1,0.797960,1.886463,2.806890,1.949168,1.991976,8.353370,5.932832,1.387735,-0.270432,1.341758,1.949168,-1.354288,-0.149662,-0.058643,1.363794,1.362533,2.305000,-67.671005,-7.296000,NaN,0.766186,true,Self-supervised model,0.184409,9.545000,153.323914,16.063270,0.000000,0.000000,0.967830,1.429225,false,false
2026-04-17T15:12:38.091385,0.049884,-0.796400,1.166364,23.172,NE,1,0.797960,1,0.797960,1.913948,2.793172,2.058241,2.061408,8.226477,6.191406,1.368779,-0.400833,1.483959,2.058241,-1.327410,-0.128282,-0.102014,1.337491,1.333594,2.305000,-67.671005,-7.296000,NaN,0.766543,true,Self-supervised model,0.185983,9.551000,153.243588,16.044769,0.000000,0.000000,0.929895,1.538883,false,false
2026-04-17T15:12:38.099458,0.049884,-0.796400,1.165266,23.235,NE,1,0.797960,1,0.797960,1.942857,2.781160,2.094631,2.066196,8.042124,6.423643,1.270433,-0.499254,1.588780,2.094631,-1.263880,-0.086743,-0.155771,1.276394,1.266853,2.305000,-67.671005,-7.296000,NaN,0.766658,true,Self-supervised model,0.187772,9.559000,153.180646,16.024756,0.000000,0.000000,0.927542,1.641053,false,false
2026-04-17T15:12:38.107448,0.049884,-0.796400,1.164403,23.285,NE,1,0.797960,1,0.797960,1.962943,2.770431,2.068396,1.991976,7.888895,6.617573,1.152595,-0.566559,1.621356,2.068396,-1.165531,-0.009163,-0.213803,1.185014,1.165567,2.305000,-67.671005,-7.296000,NaN,0.766741,true,Self-supervised model,0.188674,9.567000,153.131245,16.006193,0.000000,0.000000,0.949017,1.745461,false,false
2026-04-17T15:12:38.115836,0.049884,-0.796400,1.163758,23.322,NE,1,0.797960,1,0.797960,1.969226,2.760383,2.002214,1.896208,7.766790,6.737284,0.996429,-0.535619,1.651999,2.002214,-1.028697,0.102014,-0.266337,1.067502,1.033743,2.305000,-67.671005,-7.296000,NaN,0.766965,true,Self-supervised model,0.189576,9.576000,153.094291,15.987290,0.000000,0.000000,0.983525,1.875607,false,false
2026-04-17T15:12:38.124044,0.049884,-0.796400,1.164216,23.295,NE,1,0.797960,1,0.797960,1.958656,2.750314,1.903161,1.728614,7.752425,6.842628,0.728173,-0.462293,1.696488,1.903161,-0.877813,0.209527,-0.296881,0.950050,0.902473,2.305000,-67.671005,-7.296000,NaN,0.771833,true,Self-supervised model,0.189939,9.584000,153.120510,15.976681,0.000000,0.000000,1.029159,2.003221,false,false
2026-04-17T15:12:38.131784,0.049884,-0.796400,1.165601,23.216,NE,1,0.797960,1,0.797960,1.918261,2.739032,1.706188,1.441309,7.785944,6.952762,0.374147,-0.293951,1.638500,1.706188,-0.669508,0.332311,-0.306043,0.807672,0.747444,2.305000,-67.671005,-7.296000,NaN,0.776927,true,Self-supervised model,0.188151,9.592000,153.199858,15.971628,0.000000,0.000000,1.124297,2.112475,false,false
2026-04-17T15:12:38.139481,0.049884,-0.796400,1.167716,23.095,NE,1,0.797960,1,0.797960,1.847324,2.725363,1.474902,1.060631,7.922413,6.947973,0.039602,-0.088667,1.471702,1.474902,-0.452651,0.441656,-0.283441,0.693031,0.632418,2.305000,-67.671005,-7.296000,NaN,0.781961,true,Self-supervised model,0.185462,9.599000,153.321023,15.972604,0.000000,0.000000,1.252506,2.128192,false,false
2026-04-17T15:12:38.148173,0.049884,-0.796400,1.170320,22.946,NE,1,0.797960,1,0.797960,1.758797,2.708701,1.294032,0.694318,8.104373,6.821081,-0.221274,0.175323,1.262861,1.294032,-0.255342,0.507018,-0.224188,0.610350,0.567685,2.305000,-67.671005,-7.296000,NaN,0.786525,true,Self-supervised model,0.183386,9.608000,153.470247,15.973173,0.000000,0.000000,1.359161,2.120148,false,false
2026-04-17T15:12:38.155987,0.049884,-0.796400,1.173140,22.784,NE,1,0.797960,1,0.797960,1.657423,2.688649,1.125212,0.399832,8.353370,6.639122,-0.354941,0.415771,0.983491,1.125212,-0.122173,0.524122,-0.154549,0.559925,0.538173,2.305000,-67.671005,-7.296000,NaN,0.790208,true,Self-supervised model,0.180637,9.616000,153.631838,15.976689,0.000000,0.000000,1.472987,2.009577,false,false
2026-04-17T15:12:38.163543,0.049884,-0.796400,1.175899,22.626,NE,1,0.797960,1,0.797960,1.562277,2.665595,1.062757,0.234632,8.585608,6.375759,-0.412932,0.636480,0.744199,1.062757,-0.005498,0.488081,-0.054367,0.491131,0.488112,2.305000,-67.671005,-7.296000,NaN,0.792722,true,Self-supervised model,0.180692,9.623000,153.789921,15.981494,0.000000,0.000000,1.470023,2.163898,false,false
2026-04-17T15:12:38.171342,0.049884,-0.796400,1.178329,22.487,N,1,0.797960,1,0.797960,1.479320,2.640144,1.043799,0.150835,8.803479,6.143522,-0.362372,0.826921,0.523838,1.043799,0.083078,0.402560,0.048258,0.413867,0.411043,2.305000,-67.671005,-7.296000,NaN,0.793834,true,Self-supervised model,0.182178,9.631000,153.929123,15.982673,0.000000,0.000000,1.417246,2.522067,false,false
2026-04-17T15:12:38.180373,0.049884,-0.796400,1.180198,22.380,N,1,0.797960,1,0.797960,1.402825,2.612651,1.001227,0.184354,8.995016,5.923255,-0.245855,0.894818,0.375913,1.001227,0.140499,0.277944,0.142332,0.342419,0.311436,2.305000,-67.671005,-7.296000,NaN,0.793458,true,Self-supervised model,0.183847,9.640000,154.036181,15.978857,0.000000,0.000000,1.401107,2.923979,false,false
2026-04-17T15:12:38.187970,0.049884,-0.796400,1.181328,22.315,N,1,0.797960,1,0.797960,1.329050,2.583307,0.941728,0.294487,9.066842,5.770026,-0.072527,0.915758,0.207312,0.941728,0.165544,0.154549,0.203418,0.304416,0.226474,2.305000,-67.671005,-7.296000,NaN,0.791638,true,Self-supervised model,0.184235,9.648000,154.100967,15.972322,0.000000,0.000000,1.411288,3.093553,false,false
2026-04-17T15:12:38.195461,0.049884,-0.796400,1.181647,22.297,N,1,0.797960,1,0.797960,1.269250,2.552745,0.955304,0.471658,9.093178,5.592855,0.153678,0.935784,0.115312,0.955304,0.180816,-0.001833,0.244957,0.304470,0.180825,2.305000,-67.671005,-7.296000,NaN,0.788709,true,Self-supervised model,0.186253,9.655000,154.119233,15.962634,0.000000,0.000000,1.328635,3.137601,false,false
2026-04-17T15:12:38.203209,0.049884,-0.796400,1.181167,22.324,N,1,0.797960,1,0.797960,1.225632,2.521660,0.996637,0.711078,9.119514,5.489904,0.298113,0.950747,0.022202,0.996637,0.181427,-0.139888,0.259007,0.345787,0.229095,2.305000,-67.671005,-7.296000,NaN,0.785034,true,Self-supervised model,0.187196,9.663000,154.091737,15.946573,0.000000,0.000000,1.229768,2.882224,false,false
2026-04-17T15:12:38.211609,0.049884,-0.796400,1.179979,22.392,N,1,0.797960,1,0.797960,1.204602,2.490978,1.094191,0.876278,9.141062,5.384560,0.496913,0.973222,-0.056309,1.094191,0.170431,-0.255953,0.252898,0.398141,0.307504,2.305000,-67.671005,-7.296000,NaN,0.781015,true,Self-supervised model,0.188597,9.672000,154.023687,15.924699,0.000000,0.000000,1.100906,2.748252,false,false
2026-04-17T15:12:38.220496,0.049884,-0.796400,1.178225,22.493,N,1,0.797960,1,0.797960,1.202059,2.461421,1.188712,1.101333,9.169792,5.293580,0.724521,0.924431,-0.183124,1.188712,0.156992,-0.309709,0.231518,0.417333,0.347226,2.305000,-67.671005,-7.296000,NaN,0.776992,true,Self-supervised model,0.190059,9.680000,153.923148,15.901152,0.000000,0.000000,1.011228,2.848356,false,false
2026-04-17T15:12:38.227817,0.049884,-0.796400,1.176061,22.617,NE,1,0.797960,1,0.797960,1.209997,2.433364,1.251667,1.357512,9.126697,5.154716,0.888508,0.825921,-0.308350,1.251667,0.133169,-0.321315,0.184481,0.393714,0.347818,1.464000,-67.343002,-6.196000,NaN,0.773194,true,Self-supervised model,0.191152,9.688000,153.799192,15.875226,0.000000,0.000000,0.966708,3.179130,false,false
2026-04-17T15:12:38.235352,0.049884,-0.796400,1.173674,22.753,NE,1,0.797960,1,0.797960,1.212765,2.406540,1.227296,1.549049,9.033323,5.018247,0.925961,0.734591,-0.330493,1.227296,0.111177,-0.293826,0.124006,0.337745,0.314156,1.464000,-67.343002,-6.196000,NaN,0.769913,true,Self-supervised model,0.191459,9.695000,153.662430,15.849658,0.000000,0.000000,0.988160,3.633795,false,false
2026-04-17T15:12:38.244914,0.049884,-0.796400,1.171147,22.898,NE,1,0.797960,1,0.797960,1.198251,2.380209,1.122056,1.613692,8.947132,4.984728,0.894306,0.628851,-0.252532,1.122056,0.105069,-0.236405,0.067806,0.267440,0.258702,1.464000,-67.343002,-6.196000,NaN,0.766823,true,Self-supervised model,0.191086,9.705000,153.517611,15.818404,0.000000,0.000000,1.067907,4.195535,false,false
2026-04-17T15:12:38.251979,0.049884,-0.796400,1.168657,23.041,NE,1,0.797960,1,0.797960,1.164124,2.353565,0.984956,1.604115,8.846576,5.051765,0.811895,0.529669,-0.174402,0.984956,0.109956,-0.145997,0.004276,0.182821,0.182771,1.464000,-67.343002,-6.196000,NaN,0.764482,true,Self-supervised model,0.189603,9.712000,153.374931,15.792312,0.000000,0.000000,1.181905,5.387535,false,false
2026-04-17T15:12:38.259373,0.049884,-0.796400,1.166344,23.173,NE,1,0.797960,1,0.797960,1.114727,2.326012,0.855392,1.537078,8.753201,5.118803,0.707485,0.470197,-0.100379,0.855392,0.128282,-0.047037,-0.047037,0.144503,0.136633,1.464000,-67.343002,-6.196000,NaN,0.762882,true,Self-supervised model,0.187863,9.719000,153.242445,15.767306,0.000000,0.000000,1.303176,5.919553,false,false
2026-04-17T15:12:38.267281,0.049884,-0.796400,1.164293,23.291,NE,1,0.797960,1,0.797960,1.060837,2.297405,0.777913,1.441309,8.700529,5.181053,0.654212,0.420477,-0.018799,0.777913,0.145386,0.057421,-0.095295,0.183072,0.156315,1.464000,-67.343002,-6.196000,NaN,0.761875,true,Self-supervised model,0.185437,9.727000,153.124919,15.742255,0.000000,0.000000,1.363696,4.249214,false,false
2026-04-17T15:12:38.275809,0.049884,-0.796400,1.162766,23.378,NE,1,0.797960,1,0.797960,0.991263,2.267159,0.626004,1.383849,8.657434,5.252879,0.485371,0.386657,0.082418,0.626004,0.161268,0.138056,-0.130725,0.249311,0.212290,1.464000,-67.343002,-6.196000,NaN,0.762447,true,Self-supervised model,0.180757,9.736000,153.037453,15.718719,0.000000,0.000000,1.583477,2.510938,false,false
2026-04-17T15:12:38.283820,0.049884,-0.796400,1.161774,23.435,NE,1,0.797960,1,0.797960,0.915003,2.235073,0.514638,1.204283,8.631097,5.343858,0.291103,0.371249,0.205633,0.514638,0.175929,0.219911,-0.157603,0.322724,0.281624,1.464000,-67.343002,-6.196000,NaN,0.763592,true,Self-supervised model,0.177114,9.744000,152.980602,15.699980,0.000000,0.000000,1.777956,1.594667,false,false
2026-04-17T15:12:38.291546,0.049884,-0.796400,1.161296,23.463,NE,1,0.797960,1,0.797960,0.844235,2.201439,0.472701,0.993594,8.623915,5.456386,0.098330,0.403137,0.226402,0.472701,0.188147,0.288328,-0.163712,0.381227,0.344285,1.464000,-67.343002,-6.196000,NaN,0.765168,true,Self-supervised model,0.176057,9.751000,152.953182,15.685897,0.000000,0.000000,1.785981,1.239946,false,false
2026-04-17T15:12:38.299742,0.049884,-0.796400,1.161272,23.464,NE,1,0.797960,1,0.797960,0.791660,2.167048,0.515640,0.780510,8.664616,5.465962,-0.034256,0.437210,0.271217,0.515640,0.193033,0.351858,-0.158214,0.431391,0.401331,1.464000,-67.343002,-6.196000,NaN,0.766964,true,Self-supervised model,0.178425,9.760000,152.951822,15.671293,0.000000,0.000000,1.535294,1.195298,false,false
2026-04-17T15:12:38.307752,0.049884,-0.796400,1.161613,23.444,NE,1,0.797960,1,0.797960,0.776319,2.133419,0.695779,0.624887,8.707711,5.499481,-0.200956,0.528620,0.405323,0.695779,0.196088,0.389732,-0.136834,0.457236,0.436281,1.464000,-67.343002,-6.196000,NaN,0.768766,true,Self-supervised model,0.184562,9.768000,152.971387,15.660461,0.000000,0.000000,1.115755,1.521706,false,false
2026-04-17T15:12:38.316350,0.049884,-0.796400,1.162072,23.418,NE,1,0.797960,1,0.797960,0.802061,2.102165,0.937208,0.438139,8.808268,5.621585,-0.263781,0.649547,0.621987,0.937208,0.183870,0.397673,-0.091630,0.447603,0.438124,1.464000,-67.343002,-6.196000,NaN,0.769695,true,Self-supervised model,0.190408,9.776000,152.997685,15.650336,0.000000,0.000000,0.855798,2.093838,false,false
2026-04-17T15:12:38.324027,0.049884,-0.796400,1.162601,23.388,NE,1,0.797960,1,0.797960,0.865142,2.074684,1.196314,0.354342,8.937555,5.827487,-0.212670,0.778769,0.882870,1.196314,0.165544,0.350637,-0.032376,0.389101,0.387751,1.464000,-67.343002,-6.196000,NaN,0.770500,true,Self-supervised model,0.195295,9.784000,153.027950,15.640633,0.000000,0.000000,0.723173,3.074563,false,false
2026-04-17T15:12:38.331613,0.049884,-0.796400,1.163075,23.361,NE,1,0.797960,1,0.797960,0.945817,2.051529,1.369364,0.387861,9.074024,6.078878,-0.113034,0.828070,1.084750,1.369364,0.135001,0.250455,0.027489,0.285847,0.284522,1.464000,-67.343002,-6.196000,NaN,0.770758,true,Self-supervised model,0.199272,9.792000,153.055121,15.630629,0.000000,0.000000,0.690698,4.790549,false,false
2026-04-17T15:12:38.339846,0.049884,-0.796400,1.163367,23.344,NE,1,0.797960,1,0.797960,1.036004,2.032908,1.509482,0.476446,9.129091,6.272809,0.089100,0.771245,1.294518,1.509482,0.105680,0.140499,0.067195,0.188211,0.175807,1.464000,-67.343002,-6.196000,NaN,0.770325,true,Self-supervised model,0.203820,9.800000,153.071886,15.619580,0.000000,0.000000,0.686331,8.020160,false,false
2026-04-17T15:12:38.347961,0.049884,-0.796400,1.163387,23.343,NE,1,0.797960,1,0.797960,1.126040,2.018633,1.598728,0.675165,9.076419,6.476315,0.325131,0.674765,1.412414,1.598728,0.074526,0.015272,0.093462,0.120509,0.076074,1.464000,-67.343002,-6.196000,NaN,0.769251,true,Self-supervised model,0.208984,9.808000,153.073000,15.606954,0.000000,0.000000,0.704335,13.266425,false,false
2026-04-17T15:12:38.355727,0.049884,-0.796400,1.163110,23.359,NE,1,0.797960,1,0.797960,1.210718,2.008317,1.655282,0.914585,8.983045,6.588843,0.584751,0.484070,1.470952,1.655282,0.034208,-0.089797,0.093462,0.134048,0.096092,1.464000,-67.343002,-6.196000,NaN,0.767791,true,Self-supervised model,0.208693,9.816000,153.057154,15.592620,0.000000,0.000000,0.731427,12.348389,false,false
2026-04-17T15:12:38.364126,0.049884,-0.796400,1.162584,23.389,NE,1,0.797960,1,0.797960,1.292625,2.001689,1.722635,1.182736,8.793902,6.643910,0.791955,0.330950,1.493569,1.722635,-0.009163,-0.153938,0.064141,0.167018,0.154211,1.464000,-67.343002,-6.196000,NaN,0.766268,true,Self-supervised model,0.207723,9.824000,153.027024,15.576855,0.000000,0.000000,0.750377,10.314082,false,false
2026-04-17T15:12:38.371532,0.049884,-0.796400,1.161927,23.427,NE,1,0.797960,1,0.797960,1.383657,1.998968,1.861579,1.400608,8.640674,6.665458,0.849580,0.286806,1.631389,1.861579,-0.037874,-0.162490,0.025045,0.168715,0.166846,1.464000,-67.343002,-6.196000,NaN,0.765083,true,Self-supervised model,0.209697,9.831000,152.989341,15.561931,0.000000,0.000000,0.743271,11.033867,false,false
2026-04-17T15:12:38.380977,0.049884,-0.796400,1.161290,23.463,NE,1,0.797960,1,0.797960,1.493449,2.000747,2.069855,1.467646,8.595184,6.804321,0.852163,0.257364,1.868658,2.069855,-0.039095,-0.104458,-0.031765,0.115970,0.111534,1.464000,-67.343002,-6.196000,NaN,0.764529,true,Self-supervised model,0.217272,9.841000,152.952846,15.542409,0.000000,0.000000,0.721523,17.848271,false,false
2026-04-17T15:12:38.388022,0.049884,-0.796400,1.160832,23.489,NE,1,0.797960,1,0.797960,1.595745,2.006547,2.132797,1.474828,8.564059,7.043741,0.776538,0.183435,1.977919,2.132797,0.005498,0.029322,-0.091630,0.096364,0.029832,1.952000,-68.021004,-4.353000,NaN,0.764785,true,Self-supervised model,0.221710,9.848000,152.926591,15.528695,0.000000,0.000000,0.748194,22.132740,false,false
2026-04-17T15:12:38.395460,0.049884,-0.796400,1.160678,23.498,NE,1,0.797960,1,0.797960,1.664675,2.014872,2.026559,1.395820,8.489840,7.153875,0.639970,0.125389,1.918764,2.026559,0.094684,0.230296,-0.141110,0.286205,0.249001,1.952000,-68.021004,-4.353000,NaN,0.765851,true,Self-supervised model,0.209419,9.855000,152.917801,15.516773,0.000000,0.000000,0.821429,7.080789,false,false
2026-04-17T15:12:38.403772,0.049884,-0.796400,1.160905,23.485,NE,1,0.797960,1,0.797960,1.672163,2.023164,1.711474,1.244985,8.434772,7.091625,0.381152,0.082230,1.666465,1.711474,0.192423,0.448986,-0.178373,0.520030,0.488482,1.952000,-68.021004,-4.353000,NaN,0.767599,true,Self-supervised model,0.200895,9.864000,152.930795,15.503933,0.000000,0.000000,0.977031,3.291104,false,false
2026-04-17T15:12:38.413608,0.049884,-0.796400,1.161531,23.449,NE,1,0.797960,1,0.797960,1.615339,2.028851,1.317012,0.960075,8.398860,6.830657,0.070701,0.079929,1.312682,1.317012,0.334754,0.805120,-0.207694,0.896335,0.871940,1.952000,-68.021004,-4.353000,NaN,0.769823,true,Self-supervised model,0.189641,9.874000,152.966680,15.491866,0.000000,0.000000,1.226518,1.469330,false,false
2026-04-17T15:12:38.420149,0.049884,-0.796400,1.162541,23.391,NE,1,0.797960,1,0.797960,1.523289,2.030628,1.040031,0.610521,8.408437,6.461950,-0.207202,0.167008,1.005405,1.040031,0.397673,0.976774,-0.201586,1.073717,1.054623,1.952000,-68.021004,-4.353000,NaN,0.772365,true,Self-supervised model,0.181523,9.880000,153.024511,15.488311,0.000000,0.000000,1.464658,0.968627,false,false
2026-04-17T15:12:38.428632,0.049884,-0.796400,1.163862,23.316,NE,1,0.797960,1,0.797960,1.409256,2.027773,0.810582,0.282516,8.511387,6.133945,-0.433014,0.247431,0.638999,0.810582,0.424551,1.141707,-0.173486,1.230381,1.218088,1.952000,-68.021004,-4.353000,NaN,0.774933,true,Self-supervised model,0.174658,9.889000,153.100207,15.481869,0.000000,0.000000,1.738574,0.658806,false,false
2026-04-17T15:12:38.435599,0.049884,-0.796400,1.165372,23.229,NE,1,0.797960,1,0.797960,1.312421,2.021159,0.804037,0.000000,8.609550,5.743690,-0.600129,0.393558,0.362537,0.804037,0.390343,1.204015,-0.130725,1.272442,1.265710,1.952000,-68.021004,-4.353000,NaN,0.777200,true,Self-supervised model,0.173443,9.896000,153.186737,15.479662,0.000000,0.000000,1.632289,0.631885,false,false
2026-04-17T15:12:38.444715,0.049884,-0.796400,1.166925,23.140,NE,1,0.797960,1,0.797960,1.261990,2.012792,0.997227,-0.225055,8.772355,5.444415,-0.739916,0.639284,0.195707,0.997227,0.275500,1.168585,-0.065363,1.202399,1.200621,1.952000,-68.021004,-4.353000,NaN,0.778926,true,Self-supervised model,0.178818,9.905000,153.275749,15.474583,0.000000,0.000000,1.265500,0.829364,false,false
2026-04-17T15:12:38.451961,0.049884,-0.796400,1.168372,23.057,NE,1,0.797960,1,0.797960,1.242782,2.003992,1.141938,-0.418985,9.030929,5.260061,-0.795030,0.802880,0.165325,1.141938,0.087965,1.027475,0.010996,1.031293,1.031234,1.952000,-68.021004,-4.353000,NaN,0.779946,true,Self-supervised model,0.182950,9.912000,153.358644,15.472018,0.000000,0.000000,1.088310,1.107288,false,false
2026-04-17T15:12:38.459899,0.049884,-0.796400,1.169561,22.989,NE,1,0.797960,1,0.797960,1.233918,1.995189,1.187384,-0.519542,9.200917,5.221754,-0.742567,0.871824,0.313685,1.187384,-0.116675,0.831388,0.076969,0.843056,0.839535,1.952000,-68.021004,-4.353000,NaN,0.780100,true,Self-supervised model,0.185826,9.920000,153.426727,15.466404,0.000000,0.000000,1.039190,1.408430,false,false
2026-04-17T15:12:38.467778,0.049884,-0.796400,1.170356,22.944,NE,1,0.797960,1,0.797960,1.210055,1.985784,1.084776,-0.500388,9.267955,5.374983,-0.478288,0.721457,0.653821,1.084776,-0.379347,0.543059,0.145386,0.678200,0.662433,1.952000,-68.021004,-4.353000,NaN,0.779327,true,Self-supervised model,0.186079,9.928000,153.472327,15.458534,0.000000,0.000000,1.115488,1.599494,false,false
2026-04-17T15:12:38.475599,0.049884,-0.796400,1.170651,22.927,NE,1,0.797960,1,0.797960,1.207962,1.976671,1.196971,-0.253785,9.105149,5.736507,-0.042605,0.291533,1.160144,1.196971,-0.621861,0.228464,0.184481,0.687706,0.662500,1.952000,-68.021004,-4.353000,NaN,0.777616,true,Self-supervised model,0.188699,9.936000,153.489209,15.447787,0.000000,0.000000,1.009182,1.740527,false,false
2026-04-17T15:12:38.484325,0.049884,-0.796400,1.170428,22.939,NE,1,0.797960,1,0.797960,1.288333,1.971137,1.710284,0.179565,8.652645,6.279991,0.421398,-0.166025,1.649221,1.710284,-0.788627,-0.064752,0.171042,0.809556,0.791281,1.952000,-68.021004,-4.353000,NaN,0.775320,true,Self-supervised model,0.194785,9.944000,153.476402,15.434071,0.000000,0.000000,0.753286,2.112620,false,false
2026-04-17T15:12:38.491695,0.049884,-0.796400,1.169803,22.975,NE,1,0.797960,1,0.797960,1.455345,1.972506,2.332158,0.653617,8.164227,6.818686,0.785039,-0.631061,2.103435,2.332158,-0.851546,-0.255342,0.116675,0.896629,0.889005,1.952000,-68.021004,-4.353000,NaN,0.773094,true,Self-supervised model,0.199717,9.952000,153.440645,15.418071,0.000000,0.000000,0.624034,2.601030,false,false
2026-04-17T15:12:38.499525,0.049884,-0.796400,1.169005,23.021,NE,1,0.797960,1,0.797960,1.674537,1.982587,2.825292,1.034295,7.663840,7.328651,0.883380,-0.956600,2.507356,2.825292,-0.817338,-0.381791,0.034819,0.902783,0.902111,1.952000,-68.021004,-4.353000,NaN,0.771599,true,Self-supervised model,0.204051,9.959000,153.394909,15.402642,0.000000,0.000000,0.592695,3.129536,false,false
2026-04-17T15:12:38.507655,0.049884,-0.796400,1.168293,23.062,NE,1,0.797960,1,0.797960,1.903258,2.001414,3.104045,1.151611,7.302315,7.788338,0.908425,-1.236218,2.698449,3.104045,-0.665232,-0.390954,-0.052534,0.773394,0.771608,1.952000,-68.021004,-4.353000,NaN,0.771229,true,Self-supervised model,0.208963,9.968000,153.354085,15.384639,0.000000,0.000000,0.613154,4.013536,false,false
2026-04-17T15:12:38.516463,0.049884,-0.796400,1.167890,23.085,NE,1,0.797960,1,0.797960,2.103611,2.027502,3.155465,1.192312,6.991069,8.027759,0.866768,-1.437501,2.671940,3.155465,-0.439823,-0.294437,-0.138666,0.547143,0.529280,1.952000,-68.021004,-4.353000,NaN,0.772067,true,Self-supervised model,0.214093,9.976000,153.331029,15.369991,0.000000,0.000000,0.666657,5.767164,false,false
2026-04-17T15:12:38.523966,0.049884,-0.796400,1.167948,23.082,NE,1,0.797960,1,0.797960,2.246138,2.058247,2.994402,1.158794,6.766014,8.037335,0.677520,-1.545727,2.473487,2.994402,-0.204640,-0.145997,-0.205862,0.324918,0.251381,1.952000,-68.021004,-4.353000,NaN,0.773964,true,Self-supervised model,0.218662,9.984000,153.334313,15.358004,0.000000,0.000000,0.750112,9.215879,false,false
2026-04-17T15:12:38.531921,0.049884,-0.796400,1.168548,23.047,NE,1,0.797960,1,0.797960,2.312237,2.090407,2.659260,0.967257,6.643910,7.860164,0.391049,-1.545362,2.128521,2.659260,0.078191,0.069639,-0.280387,0.299300,0.104706,1.952000,-68.021004,-4.353000,NaN,0.776735,true,Self-supervised model,0.216341,9.992000,153.368695,15.349149,0.000000,0.000000,0.869504,8.884941,false,false
2026-04-17T15:12:38.541041,0.049884,-0.796400,1.169743,22.979,NE,1,0.797960,1,0.797960,2.306573,2.121053,2.276833,0.665588,6.641516,7.520187,0.045696,-1.419094,1.779902,2.276833,0.336587,0.295048,-0.329256,0.555656,0.447598,1.952000,-68.021004,-4.353000,NaN,0.780312,true,Self-supervised model,0.206319,10.001000,153.437197,15.342186,0.000000,0.000000,1.013062,4.097558,false,false
2026-04-17T15:12:38.548362,0.049884,-0.796400,1.171542,22.876,NE,1,0.797960,1,0.797960,2.239442,2.147789,1.887007,0.292093,6.775591,7.161057,-0.212139,-1.220528,1.423413,1.887007,0.542448,0.484416,-0.351248,0.807641,0.727261,2.264000,-66.821007,-0.573000,NaN,0.784522,true,Self-supervised model,0.197127,10.008000,153.540243,15.341751,0.000000,0.000000,1.186770,2.336442,false,false
2026-04-17T15:12:38.555867,0.049884,-0.796400,1.173896,22.741,NE,1,0.797960,1,0.797960,2.121171,2.168724,1.500246,-0.004788,6.991069,6.780379,-0.429333,-1.106487,0.917659,1.500246,0.662789,0.602313,-0.356134,0.963796,0.895584,2.264000,-66.821007,-0.573000,NaN,0.789098,true,Self-supervised model,0.188905,10.016000,153.675107,15.342962,0.000000,0.000000,1.413882,1.556602,false,false
2026-04-17T15:12:38.563999,0.049884,-0.796400,1.176730,22.578,NE,1,0.797960,1,0.797960,1.975058,2.182978,1.207966,-0.268151,7.127539,6.241684,-0.607167,-0.930449,0.474126,1.207966,0.723264,0.662789,-0.351858,1.042211,0.981020,2.264000,-66.821007,-0.573000,NaN,0.793852,true,Self-supervised model,0.182699,10.024000,153.837477,15.346915,0.000000,0.000000,1.635028,1.159041,false,false
2026-04-17T15:12:38.571986,0.049884,-0.796400,1.179956,22.393,N,1,0.797960,1,0.797960,1.826263,2.190709,1.045089,-0.495600,7.328651,5.760449,-0.740041,-0.722907,0.148175,1.045089,0.703717,0.638354,-0.330478,1.005947,0.950112,2.264000,-66.821007,-0.573000,NaN,0.798650,true,Self-supervised model,0.179128,10.032000,154.022359,15.353106,0.000000,0.000000,1.747472,1.038910,false,false
2026-04-17T15:12:38.581269,0.049884,-0.796400,1.183487,22.191,N,1,0.797960,1,0.797960,1.694200,2.192849,1.000872,-0.677559,7.560889,5.396531,-0.835118,-0.543920,-0.092052,1.000872,0.621250,0.538783,-0.306043,0.877440,0.822337,2.264000,-66.821007,-0.573000,NaN,0.803396,true,Self-supervised model,0.179741,10.041000,154.224643,15.359490,0.000000,0.000000,1.692724,1.140673,false,false
2026-04-17T15:12:38.587880,0.049884,-0.796400,1.187202,21.978,N,1,0.797960,1,0.797960,1.581642,2.190400,0.990708,-0.816423,7.738060,5.159505,-0.873604,-0.385683,-0.263756,0.990708,0.516181,0.409280,-0.283441,0.717141,0.658751,2.264000,-66.821007,-0.573000,NaN,0.807849,true,Self-supervised model,0.179834,10.048000,154.437506,15.369975,0.000000,0.000000,1.596475,1.381469,false,false
2026-04-17T15:12:38.595329,0.049884,-0.796400,1.191104,21.755,N,1,0.797960,1,0.797960,1.477043,2.183866,0.927903,-0.895431,7.893683,4.991910,-0.823310,-0.274953,-0.327972,0.927903,0.376293,0.229074,-0.259618,0.511344,0.440536,2.264000,-66.821007,-0.573000,NaN,0.812498,true,Self-supervised model,0.181075,10.055000,154.661065,15.381508,0.000000,0.000000,1.591808,1.814635,false,false
2026-04-17T15:12:38.603406,0.049884,-0.796400,1.195066,21.528,N,1,0.797960,1,0.797960,1.373931,2.173469,0.832591,-0.876278,8.018182,4.905719,-0.709351,-0.283136,-0.331455,0.832591,0.218079,0.047647,-0.251676,0.336407,0.223223,2.264000,-66.821007,-0.573000,NaN,0.816701,true,Self-supervised model,0.181540,10.063000,154.888079,15.391839,0.000000,0.000000,1.650188,2.474950,false,false
2026-04-17T15:12:38.611702,0.049884,-0.796400,1.199044,21.300,N,1,0.797960,1,0.797960,1.263252,2.159060,0.682186,-0.785298,8.018182,4.888960,-0.494709,-0.396059,-0.252542,0.682186,0.080023,-0.124617,-0.255342,0.295182,0.148098,2.264000,-66.821007,-0.573000,NaN,0.820745,true,Self-supervised model,0.178503,10.072000,155.116029,15.400718,0.000000,0.000000,1.851772,2.311068,false,false
2026-04-17T15:12:38.620347,0.049884,-0.796400,1.203035,21.071,N,1,0.797960,1,0.797960,1.162404,2.141194,0.632951,-0.586579,7.908048,4.963180,-0.302034,-0.526011,-0.180874,0.632951,-0.014050,-0.233961,-0.270002,0.357543,0.234383,2.264000,-66.821007,-0.573000,NaN,0.824783,true,Self-supervised model,0.176869,10.080000,155.344658,15.411176,0.000000,0.000000,1.836483,1.770282,false,false
2026-04-17T15:12:38.629884,0.049884,-0.796400,1.207063,20.840,N,1,0.797960,1,0.797960,1.086990,2.121026,0.691067,-0.404620,7.776367,5.037400,-0.056991,-0.676530,-0.128967,0.691067,-0.094684,-0.315817,-0.297491,0.444080,0.329705,2.264000,-66.821007,-0.573000,NaN,0.828960,true,Self-supervised model,0.178762,10.090000,155.575432,15.418774,0.000000,0.000000,1.572915,1.556178,false,false
2026-04-17T15:12:38.635715,0.049884,-0.796400,1.211178,20.605,N,1,0.797960,1,0.797960,1.040377,2.099800,0.795660,-0.167594,7.620744,5.097255,0.106229,-0.779099,-0.121640,0.795660,-0.158825,-0.361632,-0.339030,0.520524,0.394972,2.264000,-66.821007,-0.573000,NaN,0.833427,true,Self-supervised model,0.179705,10.096000,155.811231,15.432967,0.000000,0.000000,1.307564,1.528577,false,false
2026-04-17T15:12:38.645471,0.049884,-0.796400,1.215448,20.360,N,1,0.797960,1,0.797960,1.018829,2.078561,0.905702,-0.011971,7.510611,5.116409,0.287391,-0.858032,-0.038515,0.905702,-0.204640,-0.386067,-0.381791,0.580249,0.436950,2.264000,-66.821007,-0.573000,NaN,0.838314,true,Self-supervised model,0.184381,10.105000,156.055879,15.443432,0.000000,0.000000,1.124906,1.560884,false,false
2026-04-17T15:12:38.652026,0.049884,-0.796400,1.219955,20.102,N,1,0.797960,1,0.797960,1.012009,2.057899,0.976202,0.160412,7.422025,5.214571,0.408161,-0.886465,0.023547,0.976202,-0.256563,-0.412945,-0.429438,0.648664,0.486157,2.264000,-66.821007,-0.573000,NaN,0.843770,true,Self-supervised model,0.184087,10.112000,156.314113,15.458279,0.000000,0.000000,1.036680,1.504941,false,false
2026-04-17T15:12:38.659877,0.049884,-0.796400,1.224778,19.825,N,1,0.797960,1,0.797960,1.015886,2.038218,1.036244,0.270545,7.376535,5.303157,0.463678,-0.905869,0.195460,1.036244,-0.306654,-0.449597,-0.457538,0.710996,0.544219,2.264000,-66.821007,-0.573000,NaN,0.849859,true,Self-supervised model,0.185065,10.120000,156.590477,15.473367,0.000000,0.000000,0.980354,1.457454,false,false
2026-04-17T15:12:38.667421,0.049884,-0.796400,1.229898,19.532,N,1,0.797960,1,0.797960,1.016150,2.019336,1.017536,0.316035,7.338228,5.504270,0.462195,-0.851844,0.310026,1.017536,-0.336587,-0.489303,-0.472810,0.759116,0.593892,2.264000,-66.821007,-0.573000,NaN,0.856164,true,Self-supervised model,0.183852,10.127000,156.883818,15.491638,0.000000,0.000000,0.998639,1.340422,false,false
2026-04-17T15:12:38.676009,0.049884,-0.796400,1.235254,19.225,N,1,0.797960,1,0.797960,1.024862,2.001557,1.070598,0.306458,7.371747,5.650316,0.450916,-0.829933,0.504048,1.070598,-0.353691,-0.525955,-0.475253,0.792207,0.633819,2.264000,-66.821007,-0.573000,NaN,0.862465,true,Self-supervised model,0.184638,10.136000,157.190695,15.508159,0.000000,0.000000,0.957280,1.351412,false,false
2026-04-17T15:12:38.684409,0.049884,-0.796400,1.240769,18.909,N,1,0.797960,1,0.797960,1.039753,1.985084,1.117933,0.289698,7.371747,5.877765,0.524088,-0.792624,0.588942,1.117933,-0.358578,-0.587652,-0.463036,0.829648,0.688414,2.264000,-66.821007,-0.573000,NaN,0.868615,true,Self-supervised model,0.184698,10.144000,157.506670,15.527077,0.000000,0.000000,0.930067,1.347479,false,false
2026-04-17T15:12:38.692244,0.049884,-0.796400,1.246344,18.590,N,1,0.797960,1,0.797960,1.062838,1.970195,1.184033,0.361524,7.386112,5.997475,0.558213,-0.823864,0.641545,1.184033,-0.365297,-0.674395,-0.450819,0.889656,0.766975,2.264000,-66.821007,-0.573000,NaN,0.874429,true,Self-supervised model,0.184283,10.152000,157.826071,15.546303,0.000000,0.000000,0.897642,1.330888,false,false
2026-04-17T15:12:38.700906,0.049884,-0.796400,1.251891,18.272,N,1,0.797960,1,0.797960,1.093032,1.957108,1.251550,0.399832,7.331046,6.086061,0.609963,-0.873311,0.657001,1.251550,-0.371406,-0.774577,-0.435547,0.963127,0.859018,2.264000,-66.821007,-0.573000,NaN,0.879865,true,Self-supervised model,0.184849,10.161000,158.143891,15.563812,0.000000,0.000000,0.873343,1.299465,false,false
2026-04-17T15:12:38.707682,0.049884,-0.796400,1.257337,17.960,N,1,0.797960,1,0.797960,1.113611,1.945368,1.221650,0.462081,7.256825,6.138733,0.647532,-0.813827,0.640950,1.221650,-0.378736,-0.872316,-0.428827,1.043201,0.950987,2.221000,-67.304001,1.591000,NaN,0.884907,true,Self-supervised model,0.182067,10.168000,158.455924,15.583785,0.000000,0.000000,0.911563,1.171059,false,false
2026-04-17T15:12:38.716273,0.049884,-0.796400,1.262851,17.644,N,1,0.797960,1,0.797960,1.130579,1.934777,1.219665,0.509965,7.297527,6.150704,0.594939,-0.851974,0.638569,1.219665,-0.388510,-0.995099,-0.414167,1.145730,1.068252,2.221000,-67.304001,1.591000,NaN,0.890694,true,Self-supervised model,0.181952,10.176000,158.771858,15.602580,0.000000,0.000000,0.926959,1.064531,false,false
2026-04-17T15:12:38.724757,0.049884,-0.796400,1.268369,17.328,N,1,0.797960,1,0.797960,1.135294,1.924797,1.160044,0.474052,7.240066,6.177041,0.548709,-0.820388,0.609578,1.160044,-0.389121,-1.084897,-0.403782,1.221252,1.152569,2.221000,-67.304001,1.591000,NaN,0.896230,true,Self-supervised model,0.179983,10.185000,159.088045,15.619838,0.000000,0.000000,0.978664,0.949881,false,false
2026-04-17T15:12:38.731787,0.049884,-0.796400,1.273854,17.014,N,1,0.797960,1,0.797960,1.119246,1.914575,1.034995,0.450110,7.252037,6.177041,0.436419,-0.717269,0.605209,1.034995,-0.373239,-1.127657,-0.390954,1.250505,1.187821,2.221000,-67.304001,1.591000,NaN,0.901579,true,Self-supervised model,0.176787,10.192000,159.402286,15.639942,0.000000,0.000000,1.081402,0.827662,false,false
2026-04-17T15:12:38.739645,0.049884,-0.796400,1.279282,16.703,N,1,0.797960,1,0.797960,1.097093,1.903876,0.980789,0.363919,7.335834,6.200983,0.322765,-0.675178,0.633960,0.980789,-0.339030,-1.119105,-0.378736,1.229138,1.169332,2.221000,-67.304001,1.591000,NaN,0.906783,true,Self-supervised model,0.175924,10.200000,159.713311,15.658168,0.000000,0.000000,1.118582,0.797949,false,false
2026-04-17T15:12:38.747843,0.049884,-0.796400,1.284636,16.396,N,1,0.797960,1,0.797960,1.073130,1.892646,0.947327,0.277727,7.359776,6.256049,0.247819,-0.674254,0.617573,0.947327,-0.277944,-1.086729,-0.361632,1.178563,1.121710,2.221000,-67.304001,1.591000,NaN,0.911838,true,Self-supervised model,0.176327,10.208000,160.020063,15.675947,0.000000,0.000000,1.132798,0.803799,false,false
2026-04-17T15:12:38.755937,0.049884,-0.796400,1.289697,16.106,N,1,0.797960,1,0.797960,1.050271,1.880951,0.930260,0.237026,7.335834,6.275203,0.285901,-0.700365,0.541418,0.930260,-0.198531,-1.053132,-0.336587,1.123295,1.071681,2.221000,-67.304001,1.591000,NaN,0.915726,true,Self-supervised model,0.176766,10.216000,160.310020,15.692054,0.000000,0.000000,1.129008,0.828153,false,false
2026-04-17T15:12:38.763836,0.049884,-0.796400,1.294487,15.831,N,1,0.797960,1,0.797960,1.032359,1.869007,0.938320,0.308852,7.287950,6.229713,0.397960,-0.689288,0.496946,0.938320,-0.122173,-1.027475,-0.317039,1.082195,1.034713,2.221000,-67.304001,1.591000,NaN,0.919433,true,Self-supervised model,0.177134,10.224000,160.584463,15.706618,0.000000,0.000000,1.100221,0.867053,false,false
2026-04-17T15:12:38.771494,0.049884,-0.796400,1.299009,15.572,N,1,0.797960,1,0.797960,1.022615,1.857152,0.971460,0.454898,7.280767,6.210559,0.508145,-0.657179,0.503626,0.971460,-0.053145,-1.018923,-0.299935,1.063480,1.020308,2.221000,-67.304001,1.591000,NaN,0.922884,true,Self-supervised model,0.178266,10.231000,160.843557,15.721196,0.000000,0.000000,1.052658,0.913473,false,false
2026-04-17T15:12:38.780129,0.049884,-0.796400,1.303427,15.319,N,1,0.797960,1,0.797960,1.007672,1.845173,0.929220,0.593762,7.307104,6.224925,0.542749,-0.559307,0.506014,0.929220,0.030543,-1.021978,-0.279776,1.060022,1.022434,2.221000,-67.304001,1.591000,NaN,0.926889,true,Self-supervised model,0.178056,10.240000,161.096727,15.732102,0.000000,0.000000,1.084428,0.876605,false,false
2026-04-17T15:12:38.788796,0.049884,-0.796400,1.307704,15.074,N,1,0.797960,1,0.797960,0.993629,1.833111,0.919901,0.658405,7.402872,6.229713,0.575513,-0.498627,0.516114,0.919901,0.115454,-1.035417,-0.262672,1.074436,1.041834,2.221000,-67.304001,1.591000,NaN,0.930596,true,Self-supervised model,0.177962,10.249000,161.341745,15.742194,0.000000,0.000000,1.080147,0.856171,false,false
2026-04-17T15:12:38.796017,0.049884,-0.796400,1.311807,14.839,N,1,0.797960,1,0.797960,0.983703,1.821134,0.931591,0.723049,7.465121,6.236896,0.640542,-0.433949,0.518899,0.931591,0.178373,-1.041525,-0.254731,1.086959,1.056689,2.221000,-67.304001,1.591000,NaN,0.934008,true,Self-supervised model,0.177961,10.256000,161.576863,15.754374,0.000000,0.000000,1.055938,0.857062,false,false
2026-04-17T15:12:38.803675,0.049884,-0.796400,1.315730,14.614,N,1,0.797960,1,0.797960,0.977934,1.809406,0.947650,0.821211,7.534553,6.232107,0.714140,-0.309927,0.540360,0.947650,0.237627,-1.048856,-0.246790,1.103390,1.075437,2.221000,-67.304001,1.591000,NaN,0.937208,true,Self-supervised model,0.178445,10.264000,161.801618,15.763992,0.000000,0.000000,1.031957,0.858853,false,false
2026-04-17T15:12:38.812653,0.049884,-0.796400,1.319470,14.400,N,1,0.797960,1,0.797960,0.986161,1.798477,1.029355,0.928950,7.666234,6.241684,0.793526,-0.132905,0.642047,1.029355,0.289550,-1.052521,-0.253509,1.120672,1.091622,2.221000,-67.304001,1.591000,NaN,0.940216,true,Self-supervised model,0.180454,10.273000,162.015896,15.771040,0.000000,0.000000,0.958039,0.918515,false,false
2026-04-17T15:12:38.819775,0.049884,-0.796400,1.322774,14.211,N,1,0.797960,1,0.797960,1.006029,1.788779,1.110333,1.053449,7.841011,6.344635,0.845040,0.038342,0.719219,1.110333,0.327424,-1.055575,-0.266337,1.136829,1.105190,2.221000,-67.304001,1.591000,NaN,0.941779,true,Self-supervised model,0.181656,10.280000,162.205235,15.778719,0.000000,0.000000,0.906061,0.976693,false,false
2026-04-17T15:12:38.828589,0.049884,-0.796400,1.325690,14.044,N,1,0.797960,1,0.797960,1.050127,1.781233,1.281642,1.151611,8.010999,6.421249,0.940962,0.156260,0.856025,1.281642,0.360410,-1.056186,-0.288939,1.152784,1.115986,2.221000,-67.304001,1.591000,NaN,0.943139,true,Self-supervised model,0.184569,10.288000,162.372289,15.782688,0.000000,0.000000,0.819361,1.111780,false,false
2026-04-17T15:12:38.835500,0.049884,-0.796400,1.328338,13.892,N,1,0.797960,1,0.797960,1.103795,1.776135,1.385554,1.292869,8.130709,6.552930,1.032559,0.239788,0.892235,1.385554,0.390954,-1.037249,-0.326202,1.155482,1.108481,2.221000,-67.304001,1.591000,NaN,0.944716,true,Self-supervised model,0.185334,10.295000,162.523996,15.786692,0.000000,0.000000,0.796645,1.199114,false,false
2026-04-17T15:12:38.847205,0.049884,-0.796400,1.330854,13.748,N,1,0.797960,1,0.797960,1.161325,1.773543,1.463357,1.426944,8.219295,6.579266,1.086363,0.329670,0.923335,1.463357,0.422719,-0.992656,-0.382402,1.144678,1.078915,2.221000,-67.304001,1.591000,NaN,0.946705,true,Self-supervised model,0.187566,10.307000,162.668162,15.782300,0.000000,0.000000,0.793603,1.278400,false,false
2026-04-17T15:12:38.852921,0.049884,-0.796400,1.333401,13.602,N,1,0.797960,1,0.797960,1.211861,1.773076,1.477175,1.517924,8.317456,6.596025,1.109675,0.361606,0.905488,1.477175,0.447153,-0.913244,-0.456316,1.114533,1.016838,2.221000,-67.304001,1.591000,NaN,0.949375,true,Self-supervised model,0.186397,10.313000,162.814090,15.787268,0.000000,0.000000,0.820391,1.325375,false,false
2026-04-17T15:12:38.862467,0.049884,-0.796400,1.336152,13.444,N,1,0.797960,1,0.797960,1.245301,1.773965,1.420860,1.570596,8.360553,6.560112,1.085080,0.393127,0.828791,1.420860,0.475864,-0.819170,-0.522290,1.081792,0.947358,2.221000,-67.304001,1.591000,NaN,0.952945,true,Self-supervised model,0.187208,10.322000,162.971741,15.788776,0.000000,0.000000,0.876442,1.313432,false,false
2026-04-17T15:12:38.867401,0.049884,-0.796400,1.339272,13.265,N,1,0.797960,1,0.797960,1.259206,1.775374,1.332209,1.565808,8.406042,6.461950,1.052905,0.355829,0.734545,1.332209,0.504575,-0.689667,-0.604757,1.046884,0.854538,5.933000,-64.874001,4.010000,NaN,0.957539,true,Self-supervised model,0.183736,10.327000,163.150500,15.798441,0.000000,0.000000,0.945202,1.272546,false,false
2026-04-17T15:12:38.875856,0.049884,-0.796400,1.343184,13.041,N,1,0.797960,1,0.797960,1.250139,1.776365,1.202538,1.532289,8.391677,6.335058,0.960578,0.314527,0.651506,1.202538,0.538783,-0.547946,-0.686002,1.030112,0.768461,5.933000,-64.874001,4.010000,NaN,0.964617,true,Self-supervised model,0.183804,10.336000,163.374617,15.806368,0.000000,0.000000,1.039584,1.167386,false,false
2026-04-17T15:12:38.884291,0.049884,-0.796400,1.347954,12.768,N,1,0.797960,1,0.797960,1.225725,1.776339,1.097549,1.426944,8.374918,6.217742,0.865018,0.312301,0.599021,1.097549,0.574213,-0.422108,-0.769690,1.048961,0.712668,5.933000,-64.874001,4.010000,NaN,0.972821,true,Self-supervised model,0.181568,10.344000,163.647916,15.820564,0.000000,0.000000,1.116783,1.046321,false,false
2026-04-17T15:12:38.891713,0.049884,-0.796400,1.353642,12.442,N,1,0.797960,1,0.797960,1.183844,1.774639,0.963968,1.307234,8.398860,6.129156,0.767282,0.316114,0.490494,0.963968,0.597426,-0.324369,-0.833220,1.075356,0.679804,5.933000,-64.874001,4.010000,NaN,0.982181,true,Self-supervised model,0.177918,10.352000,163.973824,15.839821,0.000000,0.000000,1.228095,0.896418,false,false
2026-04-17T15:12:38.899492,0.049884,-0.796400,1.360281,12.062,N,1,0.797960,1,0.797960,1.122039,1.770535,0.797564,1.175553,8.429984,5.983110,0.630677,0.347631,0.342794,0.797564,0.623083,-0.230296,-0.903470,1.121395,0.664280,5.933000,-64.874001,4.010000,NaN,0.992623,true,Self-supervised model,0.173552,10.359000,164.354203,15.865837,0.000000,0.000000,1.406832,0.711225,false,false
2026-04-17T15:12:38.907688,0.049884,-0.796400,1.367899,11.625,N,1,0.797960,1,0.797960,1.050080,1.763717,0.672298,0.995988,8.489840,5.796362,0.523095,0.361673,0.218055,0.672298,0.647517,-0.152716,-0.959669,1.167718,0.665282,5.933000,-64.874001,4.010000,NaN,1.004156,true,Self-supervised model,0.170446,10.368000,164.790667,15.894162,0.000000,0.000000,1.561928,0.575736,false,false
2026-04-17T15:12:38.916233,0.049884,-0.796400,1.376492,11.133,N,1,0.797960,1,0.797960,0.968016,1.753889,0.537178,0.837971,8.532935,5.631162,0.442900,0.293796,0.077995,0.537178,0.671341,-0.103847,-1.000597,1.209412,0.679325,5.933000,-64.874001,4.010000,NaN,1.016651,true,Self-supervised model,0.166072,10.376000,165.283016,15.929358,0.000000,0.000000,1.802041,0.444164,false,false
2026-04-17T15:12:38.923953,0.049884,-0.796400,1.386032,10.586,N,1,0.797960,1,0.797960,0.881360,1.740988,0.426416,0.701501,8.494628,5.449203,0.349194,0.225787,-0.094415,0.426416,0.681115,-0.088575,-1.019534,1.229314,0.686850,5.933000,-64.874001,4.010000,NaN,1.029978,true,Self-supervised model,0.161500,10.384000,165.829613,15.969724,0.000000,0.000000,2.066902,0.346873,false,false
2026-04-17T15:12:38.932013,0.049884,-0.796400,1.396453,9.989,N,1,0.797960,1,0.797960,0.797430,1.725246,0.356800,0.548272,8.456321,5.233725,0.241329,0.186904,-0.184753,0.356800,0.676839,-0.113621,-1.029919,1.237640,0.686309,5.933000,-64.874001,4.010000,NaN,1.043923,true,Self-supervised model,0.159905,10.392000,166.426689,16.014885,0.000000,0.000000,2.234949,0.288291,false,false
2026-04-17T15:12:38.939319,0.049884,-0.796400,1.407190,9.374,N,1,0.797960,1,0.797960,0.720560,1.707058,0.316989,0.395043,8.441956,5.106832,0.202049,0.197028,-0.144354,0.316989,0.645685,-0.210138,-1.018923,1.224447,0.679019,5.933000,-64.874001,4.010000,NaN,1.055928,true,Self-supervised model,0.157897,10.399000,167.041914,16.063267,0.000000,0.000000,2.273139,0.258883,false,false
2026-04-17T15:12:38.947901,0.049884,-0.796400,1.418187,8.744,N,1,0.797960,1,0.797960,0.648117,1.686701,0.267793,0.313640,8.475474,5.111620,0.165042,0.207092,-0.039837,0.267793,0.577268,-0.403171,-0.988380,1.213540,0.704120,5.933000,-64.874001,4.010000,NaN,1.067961,true,Self-supervised model,0.157320,10.408000,167.671988,16.109914,0.000000,0.000000,2.420217,0.220671,false,false
2026-04-17T15:12:38.955604,0.049884,-0.796400,1.429359,8.104,N,1,0.797960,1,0.797960,0.598286,1.665164,0.336675,0.241814,8.506598,5.183447,0.269583,0.121265,0.161152,0.336675,0.486860,-0.649961,-0.952339,1.251571,0.812084,5.933000,-64.874001,4.010000,NaN,1.079833,true,Self-supervised model,0.158778,10.416000,168.312090,16.158995,0.000000,0.000000,1.777043,0.269002,false,false
2026-04-17T15:12:38.963978,0.049884,-0.796400,1.441070,7.433,N,1,0.797960,1,0.797960,0.584007,1.643918,0.509038,0.308852,8.441956,5.351041,0.415886,-0.033300,0.291634,0.509038,0.346971,-1.012815,-0.915687,1.408781,1.070599,5.933000,-64.874001,4.010000,NaN,1.093700,true,Self-supervised model,0.164852,10.424000,168.983070,16.210962,0.000000,0.000000,1.147275,0.361332,false,false
2026-04-17T15:12:38.971381,0.049884,-0.796400,1.453124,6.742,N,1,0.797960,1,0.797960,0.604226,1.624330,0.710380,0.433351,8.303091,5.456386,0.599950,-0.193132,0.327718,0.710380,0.174097,-1.403157,-0.886365,1.668773,1.413917,5.933000,-64.874001,4.010000,NaN,1.107127,true,Self-supervised model,0.165868,10.431000,169.673716,16.266294,0.000000,0.000000,0.850568,0.425690,false,false
2026-04-17T15:12:38.979730,0.049884,-0.796400,1.465370,6.040,N,1,0.797960,1,0.797960,0.647666,1.607264,0.875725,0.612916,8.152257,5.477933,0.712843,-0.352836,0.366410,0.875725,-0.006720,-1.752572,-0.872316,1.957675,1.752585,5.933000,-64.874001,4.010000,NaN,1.120141,true,Self-supervised model,0.166382,10.440000,170.375364,16.319479,0.000000,0.000000,0.739577,0.447329,false,false
2026-04-17T15:12:38.987980,0.049884,-0.796400,1.477721,5.333,N,1,0.797960,1,0.797960,0.719677,1.593760,1.097732,0.737414,7.994239,5.513846,0.862760,-0.443433,0.513834,1.097732,-0.145997,-1.983479,-0.861931,2.167586,1.988845,5.933000,-64.874001,4.010000,NaN,1.132910,true,Self-supervised model,0.166426,10.448000,171.083004,16.374713,0.000000,0.000000,0.655603,0.506430,false,false
2026-04-17T15:12:38.995866,0.049884,-0.796400,1.490099,4.624,N,1,0.797960,1,0.797960,0.817512,1.584710,1.331145,0.912191,7.898471,5.669470,0.970406,-0.516470,0.750679,1.331145,-0.268781,-2.138028,-0.855822,2.318586,2.154857,5.933000,-64.874001,4.010000,NaN,1.145399,true,Self-supervised model,0.165309,10.456000,171.792228,16.430014,0.000000,0.000000,0.614142,0.574120,false,false
2026-04-17T15:12:39.003603,0.049884,-0.796400,1.502474,3.915,N,1,0.797960,1,0.797960,0.928349,1.580456,1.510245,1.053449,7.814674,5.923255,1.033699,-0.578743,0.936676,1.510245,-0.337198,-2.161241,-0.857044,2.349296,2.187388,5.933000,-64.874001,4.010000,NaN,1.157762,true,Self-supervised model,0.165750,10.464000,172.501280,16.485214,0.000000,0.000000,0.614701,0.642850,false,false
2026-04-17T15:12:39.011866,0.049884,-0.796400,1.514835,3.206,N,1,0.797960,1,0.797960,1.053750,1.581387,1.712104,1.154005,7.738060,6.131551,1.072285,-0.603782,1.190358,1.712104,-0.344528,-2.075720,-0.860098,2.273122,2.104118,5.933000,-64.874001,4.010000,NaN,1.170062,true,Self-supervised model,0.168649,10.472000,173.209472,16.540247,0.000000,0.000000,0.615471,0.753195,false,false
2026-04-17T15:12:39.021986,0.049884,-0.796400,1.527184,2.499,N,1,0.797960,1,0.797960,1.182411,1.587428,1.857884,1.228225,7.697359,6.409278,1.050807,-0.663343,1.381127,1.857884,-0.300546,-1.883298,-0.874148,2.097921,1.907128,5.933000,-64.874001,4.010000,NaN,1.182367,true,Self-supervised model,0.172738,10.482000,173.917021,16.591969,0.000000,0.000000,0.636429,0.885583,false,false
2026-04-17T15:12:39.029365,0.049884,-0.796400,1.539549,1.790,N,1,0.797960,1,0.797960,1.305547,1.598153,1.952011,1.235408,7.623138,6.622362,1.063415,-0.742452,1.458856,1.952011,-0.216246,-1.636508,-0.895528,1.878002,1.650733,8.632000,-63.833004,2.309000,NaN,1.194798,true,Self-supervised model,0.172362,10.489000,174.625509,16.648442,0.000000,0.000000,0.668822,1.039408,false,false
2026-04-17T15:12:39.035823,0.049884,-0.796400,1.551969,1.079,N,1,0.797960,1,0.797960,1.412120,1.612712,1.971630,1.266533,7.532158,6.718130,1.032938,-0.789412,1.482293,1.971630,-0.113010,-1.374447,-0.924850,1.660489,1.379085,8.632000,-63.833004,2.309000,NaN,1.207433,true,Self-supervised model,0.172841,10.496000,175.337094,16.705135,0.000000,0.000000,0.716220,1.187379,false,false
2026-04-17T15:12:39.047317,0.049884,-0.796400,1.564501,0.361,N,1,0.797960,1,0.797960,1.484506,1.629584,1.864532,1.242591,7.477092,6.754043,0.874981,-0.797661,1.440356,1.864532,-0.004887,-1.159422,-0.944398,1.495383,1.159433,8.632000,-63.833004,2.309000,NaN,1.220418,true,Self-supervised model,0.178669,10.507000,176.055155,16.755987,0.000000,0.000000,0.796182,1.246859,false,false
2026-04-17T15:12:39.052315,0.049884,-0.796400,1.577167,359.635,N,1,0.797960,1,0.797960,1.508637,1.646746,1.635324,1.079785,7.465121,6.718130,0.684507,-0.681546,1.319557,1.635324,0.122173,-0.944398,-0.959669,1.351954,0.952267,8.632000,-63.833004,2.309000,NaN,1.233619,true,Self-supervised model,0.166391,10.512000,176.780872,16.817054,0.000000,0.000000,0.922531,1.209601,false,false
2026-04-17T15:12:39.062520,0.049884,-0.796400,1.589981,358.901,N,1,0.797960,1,0.797960,1.487675,1.662383,1.377625,0.873884,7.582437,6.596025,0.516691,-0.553420,1.150917,1.377625,0.233961,-0.786794,-0.963945,1.266086,0.820843,8.632000,-63.833004,2.309000,NaN,1.247024,true,Self-supervised model,0.174462,10.522000,177.515056,16.870847,0.000000,0.000000,1.079884,1.088098,false,false
2026-04-17T15:12:39.067569,0.049884,-0.796400,1.602930,358.159,N,1,0.797960,1,0.797960,1.440690,1.675515,1.194018,0.682347,7.716512,6.418855,0.415271,-0.469364,1.016330,1.194018,0.306654,-0.728762,-0.957226,1.241536,0.790652,8.632000,-63.833004,2.309000,NaN,1.260512,true,Self-supervised model,0.165038,10.527000,178.256967,16.933311,0.000000,0.000000,1.206590,0.961726,false,false
2026-04-17T15:12:39.075740,0.049884,-0.796400,1.615988,357.411,N,1,0.797960,1,0.797960,1.368660,1.685241,0.990505,0.553061,7.809886,6.270414,0.272235,-0.391868,0.868002,0.990505,0.340863,-0.763582,-0.937678,1.256378,0.836208,8.632000,-63.833004,2.309000,NaN,1.274008,true,Self-supervised model,0.166763,10.536000,179.005150,16.989859,0.000000,0.000000,1.381781,0.788382,false,false
2026-04-17T15:12:39.084207,0.049884,-0.796400,1.629096,356.660,N,1,0.797960,1,0.797960,1.274517,1.690812,0.780263,0.383072,7.898471,6.105214,0.167174,-0.307907,0.697178,0.780263,0.352469,-0.881479,-0.901026,1.308850,0.949336,8.632000,-63.833004,2.309000,NaN,1.287316,true,Self-supervised model,0.162328,10.544000,179.756192,17.048197,0.000000,0.000000,1.633445,0.596144,false,false
2026-04-17T15:12:39.091599,0.049884,-0.796400,1.642179,355.910,N,1,0.797960,1,0.797960,1.168355,1.691914,0.611006,0.256180,7.994239,5.916072,0.102316,-0.206860,0.565747,0.611006,0.324980,-1.076955,-0.848492,1.409036,1.124920,8.632000,-63.833004,2.309000,NaN,1.300298,true,Self-supervised model,0.157092,10.552000,179.494211,17.010445,0.000000,0.000000,1.912182,0.433634,false,false
2026-04-17T15:12:39.099735,0.049884,-0.796400,1.654654,355.195,N,1,0.797960,1,0.797960,1.068249,1.688967,0.542691,0.193930,8.092402,5.789180,0.145021,-0.122571,0.508388,0.542691,0.249844,-1.325578,-0.789238,1.562842,1.348917,8.632000,-63.833004,2.309000,NaN,1.310338,true,Self-supervised model,0.156308,10.560000,178.779486,16.929876,0.000000,0.000000,1.968430,0.347246,false,false
2026-04-17T15:12:39.107713,0.049884,-0.796400,1.666956,354.490,N,1,0.797960,1,0.797960,0.989093,1.682972,0.573524,0.237026,8.185776,5.717354,0.298220,-0.101775,0.479204,0.573524,0.155160,-1.577865,-0.737314,1.748532,1.585475,8.632000,-63.833004,2.309000,NaN,1.321950,true,Self-supervised model,0.155041,10.568000,178.074641,16.850363,0.000000,0.000000,1.724588,0.328003,false,false
2026-04-17T15:12:39.116016,0.049884,-0.796400,1.678969,353.802,N,1,0.797960,1,0.797960,0.947982,1.675573,0.732151,0.404620,8.212111,5.679047,0.546477,-0.104650,0.475873,0.732151,0.013439,-1.877189,-0.692110,2.000759,1.877237,8.632000,-63.833004,2.309000,NaN,1.332811,true,Self-supervised model,0.158430,10.576000,177.386307,16.772533,0.000000,0.000000,1.294791,0.365936,false,false
2026-04-17T15:12:39.123907,0.049884,-0.796400,1.690618,353.135,N,1,0.797960,1,0.797960,0.946083,1.668393,0.936111,0.682347,8.209718,5.674258,0.745284,-0.183289,0.535967,0.936111,-0.135612,-2.142915,-0.665843,2.248071,2.147202,8.632000,-63.833004,2.309000,NaN,1.343002,true,Self-supervised model,0.159501,10.584000,176.718856,16.696793,0.000000,0.000000,1.010652,0.416406,false,false
2026-04-17T15:12:39.131662,0.049884,-0.796400,1.701887,352.489,N,1,0.797960,1,0.797960,0.987196,1.663145,1.203043,0.924162,8.125920,5.741296,1.003136,-0.239713,0.619329,1.203043,-0.260839,-2.313957,-0.650571,2.417784,2.328613,8.632000,-63.833004,2.309000,NaN,1.352747,true,Self-supervised model,0.161910,10.592000,176.073231,16.623228,0.000000,0.000000,0.820583,0.497581,false,false
2026-04-17T15:12:39.139332,0.049884,-0.796400,1.712809,351.863,N,1,0.797960,1,0.797960,1.061583,1.661083,1.452110,1.235408,8.058883,5.839458,1.217217,-0.383353,0.692854,1.452110,-0.338419,-2.381153,-0.653015,2.492157,2.405081,8.632000,-63.833004,2.309000,NaN,1.362285,true,Self-supervised model,0.163896,10.599000,175.447427,16.553206,0.000000,0.000000,0.731062,0.582672,false,false
2026-04-17T15:12:39.148576,0.049884,-0.796400,1.723444,351.254,N,1,0.797960,1,0.797960,1.168299,1.663371,1.728559,1.508347,7.900866,5.932832,1.440077,-0.538925,0.789719,1.728559,-0.398895,-2.345722,-0.687834,2.476822,2.379397,8.632000,-63.833004,2.309000,NaN,1.371771,true,Self-supervised model,0.168365,10.608000,174.838087,16.481720,0.000000,0.000000,0.675880,0.697894,false,false
2026-04-17T15:12:39.155838,0.049884,-0.796400,1.733902,350.655,N,1,0.797960,1,0.797960,1.297154,1.670723,1.973642,1.790863,7.728483,6.052542,1.628136,-0.652737,0.904637,1.973642,-0.412945,-2.288912,-0.714101,2.433019,2.325864,8.632000,-63.833004,2.309000,NaN,1.381518,true,Self-supervised model,0.168867,10.616000,174.238919,16.412860,0.000000,0.000000,0.657239,0.811190,false,false
2026-04-17T15:12:39.163802,0.049884,-0.796400,1.744290,350.060,N,1,0.797960,1,0.797960,1.432974,1.683213,2.146033,2.035071,7.596802,6.191406,1.743948,-0.725217,1.018902,2.146033,-0.419664,-2.198504,-0.758695,2.363293,2.238200,8.632000,-63.833004,2.309000,NaN,1.391630,true,Self-supervised model,0.170953,10.624000,173.643708,16.344476,0.000000,0.000000,0.667732,0.908069,false,false
2026-04-17T15:12:39.171358,0.049884,-0.796400,1.754148,349.495,N,1,0.797960,1,0.797960,1.574925,1.700881,2.320163,2.221819,7.493851,6.347029,1.831210,-0.785414,1.188676,2.320163,-0.414167,-2.083661,-0.811840,2.274261,2.124424,8.632000,-63.833004,2.309000,NaN,1.399369,true,Self-supervised model,0.173794,10.631000,173.078857,16.280581,0.000000,0.000000,0.678799,1.020183,false,false
2026-04-17T15:12:39.180946,0.049884,-0.796400,1.763676,348.949,N,1,0.797960,1,0.797960,1.714034,1.723407,2.444356,2.375048,7.402872,6.557718,1.854352,-0.869126,1.334494,2.444356,-0.391565,-1.973095,-0.873537,2.193056,2.011573,8.632000,-63.833004,2.309000,NaN,1.407573,true,Self-supervised model,0.177972,10.641000,172.532964,16.213980,0.000000,0.000000,0.701221,1.114589,false,false
2026-04-17T15:12:39.188365,0.049884,-0.796400,1.773714,348.374,N,1,0.797960,1,0.797960,1.822633,1.749376,2.392781,2.434903,7.302315,6.725313,1.758568,-0.913696,1.340895,2.392781,-0.354302,-1.850311,-0.934013,2.102751,1.883927,16.081001,-61.149002,5.222000,NaN,1.419650,true,Self-supervised model,0.176720,10.648000,171.957855,16.149310,0.000000,0.000000,0.761722,1.137929,false,false
2026-04-17T15:12:39.195673,0.049884,-0.796400,1.784300,347.767,N,1,0.797960,1,0.797960,1.892545,1.777103,2.259583,2.367866,7.242460,6.751649,1.572602,-0.948505,1.316425,2.259583,-0.304211,-1.736690,-0.981050,2.017695,1.763132,16.081001,-61.149002,5.222000,NaN,1.432431,true,Self-supervised model,0.176352,10.656000,171.351313,16.080266,0.000000,0.000000,0.837564,1.119883,false,false
2026-04-17T15:12:39.203347,0.049884,-0.796400,1.795448,347.128,N,1,0.797960,1,0.797960,1.911335,1.804472,2.009981,2.202666,7.194576,6.744466,1.333025,-0.926360,1.185295,2.009981,-0.230907,-1.593137,-1.026254,1.909083,1.609783,16.081001,-61.149002,5.222000,NaN,1.445829,true,Self-supervised model,0.175042,10.663000,170.712548,16.009805,0.000000,0.000000,0.950922,1.052851,false,false
2026-04-17T15:12:39.212286,0.049884,-0.796400,1.807159,346.457,N,1,0.797960,1,0.797960,1.886609,1.829758,1.756800,1.975216,7.206547,6.627151,1.104077,-0.811929,1.099150,1.756800,-0.151495,-1.454470,-1.062295,1.807458,1.462339,16.081001,-61.149002,5.222000,NaN,1.459791,true,Self-supervised model,0.174511,10.672000,170.041547,15.933428,0.000000,0.000000,1.073890,0.971973,false,false
2026-04-17T15:12:39.219833,0.049884,-0.796400,1.819378,345.757,N,1,0.797960,1,0.797960,1.830195,1.851775,1.534023,1.750161,7.314286,6.550536,0.862994,-0.684309,1.067797,1.534023,-0.065363,-1.339017,-1.080621,1.721911,1.340611,16.081001,-61.149002,5.222000,NaN,1.474039,true,Self-supervised model,0.171484,10.680000,169.341472,15.855943,0.000000,0.000000,1.193069,0.890884,false,false
2026-04-17T15:12:39.229344,0.049884,-0.796400,1.832072,345.030,N,1,0.797960,1,0.797960,1.744427,1.869481,1.294145,1.505953,7.438785,6.524199,0.602740,-0.553032,1.002831,1.294145,0.009163,-1.263880,-1.083675,1.664881,1.263913,16.081001,-61.149002,5.222000,NaN,1.488632,true,Self-supervised model,0.170966,10.689000,168.614189,15.774552,0.000000,0.000000,1.347938,0.777320,false,false
2026-04-17T15:12:39.235417,0.049884,-0.796400,1.845138,344.281,N,1,0.797960,1,0.797960,1.637725,1.882211,1.077540,1.237802,7.570466,6.459556,0.388517,-0.480303,0.882868,1.077540,0.090408,-1.211957,-1.076345,1.623432,1.215324,16.081001,-61.149002,5.222000,NaN,1.503192,true,Self-supervised model,0.164298,10.695000,167.865523,15.695701,0.000000,0.000000,1.519874,0.663742,false,false
2026-04-17T15:12:39.247715,0.049884,-0.796400,1.858483,343.517,N,1,0.797960,1,0.797960,1.520255,1.889733,0.903533,1.012747,7.647080,6.335058,0.220022,-0.427374,0.765058,0.903533,0.159436,-1.209513,-1.053132,1.611654,1.219976,16.081001,-61.149002,5.222000,NaN,1.517649,true,Self-supervised model,0.167359,10.708000,167.100924,15.605241,0.000000,0.000000,1.682567,0.560625,false,false
2026-04-17T15:12:39.253323,0.049884,-0.796400,1.871993,342.743,N,1,0.797960,1,0.797960,1.404237,1.892313,0.795144,0.833182,7.706935,6.208165,0.154979,-0.422223,0.655716,0.795144,0.211970,-1.251663,-1.029919,1.634724,1.269485,16.081001,-61.149002,5.222000,NaN,1.531817,true,Self-supervised model,0.157551,10.713000,166.326887,15.525706,0.000000,0.000000,1.766015,0.486409,false,false
2026-04-17T15:12:39.260304,0.049884,-0.796400,1.885571,341.965,N,1,0.797960,1,0.797960,1.280446,1.889838,0.630545,0.758962,7.721301,6.086061,0.072617,-0.363879,0.509810,0.630545,0.240070,-1.320080,-1.007928,1.678143,1.341732,16.081001,-61.149002,5.222000,NaN,1.545671,true,Self-supervised model,0.156617,10.720000,165.548909,15.442995,0.000000,0.000000,2.030696,0.375740,false,false
2026-04-17T15:12:39.267652,0.049884,-0.796400,1.898669,341.214,N,1,0.797960,1,0.797960,1.145255,1.882055,0.435502,0.689530,7.773973,5.947197,0.058931,-0.302753,0.307456,0.435502,0.262061,-1.423316,-0.988991,1.752885,1.447240,16.081001,-61.149002,5.222000,NaN,1.556847,true,Self-supervised model,0.154844,10.728000,164.798455,15.361526,0.000000,0.000000,2.629738,0.248448,false,false
2026-04-17T15:12:39.275962,0.049884,-0.796400,1.911370,340.487,N,1,0.797960,1,0.797960,1.012356,1.869267,0.314633,0.691924,7.831434,5.748478,0.107053,-0.234051,0.180980,0.314633,0.262061,-1.534493,-0.977384,1.838104,1.556710,16.081001,-61.149002,5.222000,NaN,1.567961,true,Self-supervised model,0.154854,10.736000,164.070739,15.282297,0.000000,0.000000,3.217574,0.171173,false,false
2026-04-17T15:12:39.284064,0.049884,-0.796400,1.924146,339.755,N,1,0.797960,1,0.797960,0.896824,1.852369,0.290283,0.744597,7.912837,5.602432,0.234405,-0.157774,0.066529,0.290283,0.238848,-1.644449,-0.978606,1.928453,1.661704,16.081001,-61.149002,5.222000,NaN,1.581036,true,Self-supervised model,0.153266,10.744000,163.338729,15.202786,0.000000,0.000000,3.089478,0.150527,false,false
2026-04-17T15:12:39.291655,0.049884,-0.796400,1.936987,339.019,N,1,0.797960,1,0.797960,0.808406,1.832611,0.344212,0.881066,8.001422,5.468357,0.339795,-0.054394,-0.007927,0.344212,0.210749,-1.720196,-0.990823,1.996302,1.733058,16.081001,-61.149002,5.222000,NaN,1.594141,true,Self-supervised model,0.151696,10.752000,162.602952,15.123042,0.000000,0.000000,2.348568,0.172425,false,false
2026-04-17T15:12:39.299656,0.049884,-0.796400,1.949924,338.278,N,1,0.797960,1,0.797960,0.753370,1.811441,0.464432,0.998382,8.116343,5.374983,0.453702,-0.011926,-0.098535,0.464432,0.161879,-1.778229,-1.020145,2.056453,1.785582,16.081001,-61.149002,5.222000,NaN,1.607459,true,Self-supervised model,0.156466,10.760000,161.861720,15.042911,0.000000,0.000000,1.622132,0.225841,false,false
2026-04-17T15:12:39.307629,0.049884,-0.796400,1.963023,337.527,N,1,0.797960,1,0.797960,0.729852,1.790178,0.606379,1.125275,8.169016,5.267244,0.556600,-0.022911,-0.239514,0.606379,0.103236,-1.803885,-1.060462,2.095051,1.806837,16.081001,-61.149002,5.222000,NaN,1.621206,true,Self-supervised model,0.159817,10.768000,161.111200,14.962036,0.000000,0.000000,1.203624,0.289434,false,false
2026-04-17T15:12:39.316742,0.049884,-0.796400,1.976373,336.762,NW,1,0.797960,1,0.797960,0.721287,1.769422,0.676320,1.240196,8.166622,5.111620,0.604369,-0.061364,-0.297289,0.676320,0.023824,-1.796555,-1.104444,2.109022,1.796713,16.081001,-61.149002,5.222000,NaN,1.635557,true,Self-supervised model,0.163904,10.777000,160.346335,14.878569,0.000000,0.000000,1.066488,0.320679,false,false
2026-04-17T15:12:39.324073,0.049884,-0.796400,1.989674,336.000,NW,1,0.797960,1,0.797960,0.713478,1.749184,0.672485,1.312023,8.125920,5.054160,0.576884,-0.115719,-0.325653,0.672485,-0.049480,-1.772731,-1.136820,2.106510,1.773421,16.081001,-61.149002,5.222000,NaN,1.648667,true,Self-supervised model,0.162102,10.784000,159.584212,14.798239,0.000000,0.000000,1.060958,0.319241,false,false
2026-04-17T15:12:39.331788,0.049884,-0.796400,2.003066,335.233,NW,1,0.797960,1,0.797960,0.694243,1.728987,0.593256,1.304840,8.068460,5.027823,0.491371,-0.147662,-0.297830,0.593256,-0.140499,-1.717142,-1.178359,2.087306,1.722881,16.081001,-61.149002,5.222000,NaN,1.662417,true,Self-supervised model,0.160754,10.792000,158.816958,14.716175,0.000000,0.000000,1.170225,0.284221,false,false
2026-04-17T15:12:39.340706,0.049884,-0.796400,2.017072,334.430,NW,1,0.797960,1,0.797960,0.656553,1.708089,0.458679,1.221043,8.037335,5.054160,0.358123,-0.186074,-0.217970,0.458679,-0.219301,-1.638951,-1.202183,2.044382,1.653558,16.081001,-61.149002,5.222000,NaN,1.678883,true,Self-supervised model,0.158580,10.801000,158.014459,14.629614,0.000000,0.000000,1.431397,0.224361,false,false
2026-04-17T15:12:39.347840,0.049884,-0.796400,2.031688,333.593,NW,1,0.797960,1,0.797960,0.597612,1.685670,0.288172,1.084573,7.996634,5.137957,0.189035,-0.198087,-0.089835,0.288172,-0.270613,-1.555874,-1.217454,1.994034,1.579232,23.452002,-59.735004,-4.657000,NaN,1.695939,true,Self-supervised model,0.151940,10.808000,157.177014,14.542655,0.000000,0.000000,2.073803,0.144517,false,false
2026-04-17T15:12:39.355597,0.049884,-0.796400,2.046869,332.723,NW,1,0.797960,1,0.797960,0.535049,1.661645,0.206594,0.907402,7.979874,5.274426,-0.012624,-0.205641,0.015282,0.206594,-0.313985,-1.435533,-1.226007,1.913749,1.469470,23.452002,-59.735004,-4.657000,NaN,1.713382,true,Self-supervised model,0.150372,10.816000,156.307177,14.451477,0.000000,0.000000,2.589852,0.107953,false,false
2026-04-17T15:12:39.363769,0.049884,-0.796400,2.062557,331.824,NW,1,0.797960,1,0.797960,0.502179,1.637267,0.329615,0.691924,7.965509,5.391742,-0.186718,-0.194899,0.189201,0.329615,-0.348804,-1.271211,-1.233337,1.805204,1.318196,23.452002,-59.735004,-4.657000,NaN,1.731095,true,Self-supervised model,0.158156,10.824000,155.408333,14.357754,0.000000,0.000000,1.523533,0.182592,false,false
2026-04-17T15:12:39.371408,0.049884,-0.796400,2.078692,330.900,NW,1,0.797960,1,0.797960,0.499953,1.613774,0.488263,0.497994,7.967903,5.580884,-0.328697,-0.219150,0.286936,0.488263,-0.350637,-1.182635,-1.232726,1.743899,1.233520,23.452002,-59.735004,-4.657000,NaN,1.749017,true,Self-supervised model,0.163868,10.831000,154.483888,14.263123,0.000000,0.000000,1.023942,0.279983,false,false
2026-04-17T15:12:39.381391,0.049884,-0.796400,2.095213,329.953,NW,1,0.797960,1,0.797960,0.530186,1.592431,0.688913,0.330400,7.934384,5.695806,-0.513290,-0.291221,0.355422,0.688913,-0.340863,-1.076955,-1.228450,1.668865,1.129611,23.452002,-59.735004,-4.657000,NaN,1.767083,true,Self-supervised model,0.172126,10.841000,153.537310,14.162652,0.000000,0.000000,0.769598,0.412803,false,false
2026-04-17T15:12:39.387760,0.049884,-0.796400,2.112033,328.989,NW,1,0.797960,1,0.797960,0.579782,1.573925,0.840156,0.114922,7.852982,5.781997,-0.669744,-0.311178,0.400590,0.840156,-0.312763,-0.971276,-1.214400,1.586179,1.020391,23.452002,-59.735004,-4.657000,NaN,1.785099,true,Self-supervised model,0.170530,10.848000,152.573600,14.064676,0.000000,0.000000,0.690088,0.529673,false,false
2026-04-17T15:12:39.395774,0.049884,-0.796400,2.129056,328.014,NW,1,0.797960,1,0.797960,0.646298,1.558820,0.995507,-0.076614,7.824251,5.844246,-0.864077,-0.250910,0.425968,0.995507,-0.267559,-0.894307,-1.191798,1.513854,0.933473,23.452002,-59.735004,-4.657000,NaN,1.802937,true,Self-supervised model,0.176802,10.856000,151.598229,13.964465,0.000000,0.000000,0.649215,0.657597,false,false
2026-04-17T15:12:39.403687,0.049884,-0.796400,2.146177,327.033,NW,1,0.797960,1,0.797960,0.724270,1.547438,1.133625,-0.308852,7.876924,5.884948,-1.043126,-0.110706,0.429812,1.133625,-0.213803,-0.841161,-1.149037,1.439983,0.867908,23.452002,-59.735004,-4.657000,NaN,1.820447,true,Self-supervised model,0.177443,10.864000,150.617273,13.863887,0.000000,0.000000,0.638897,0.787249,false,false
2026-04-17T15:12:39.412023,0.049884,-0.796400,2.163276,326.053,NW,1,0.797960,1,0.797960,0.823287,1.540472,1.343125,-0.526724,8.010999,5.901707,-1.277506,0.087705,0.405305,1.343125,-0.161268,-0.806953,-1.101390,1.374860,0.822910,23.452002,-59.735004,-4.657000,NaN,1.837459,true,Self-supervised model,0.181946,10.872000,149.637574,13.763574,0.000000,0.000000,0.612964,0.976918,false,false
2026-04-17T15:12:39.420249,0.049884,-0.796400,2.180239,325.082,NW,1,0.797960,1,0.797960,0.933637,1.538198,1.512978,-0.799663,8.204929,5.887342,-1.452032,0.297105,0.304029,1.512978,-0.105680,-0.775188,-1.039082,1.300683,0.782358,23.452002,-59.735004,-4.657000,NaN,1.853878,true,Self-supervised model,0.184470,10.880000,148.665666,13.664124,0.000000,0.000000,0.617086,1.163218,false,false
2026-04-17T15:12:39.428259,0.049884,-0.796400,2.197283,324.105,NW,1,0.797960,1,0.797960,1.048208,1.540599,1.649705,-1.022324,8.408437,5.798757,-1.575658,0.431578,0.229277,1.649705,-0.048869,-0.745866,-0.971276,1.225594,0.747466,23.452002,-59.735004,-4.657000,NaN,1.871248,true,Self-supervised model,0.186570,10.888000,147.689093,13.564391,0.000000,0.000000,0.635391,1.346045,false,false
2026-04-17T15:12:39.435706,0.049884,-0.796400,2.214298,323.130,NW,1,0.797960,1,0.797960,1.149166,1.546941,1.679193,-1.194707,8.540117,5.731719,-1.604374,0.465285,0.170827,1.679193,-0.000611,-0.736704,-0.905302,1.167178,0.736704,23.452002,-59.735004,-4.657000,NaN,1.888141,true,Self-supervised model,0.185963,10.896000,146.714252,13.464964,0.000000,0.000000,0.684356,1.438678,false,false
2026-04-17T15:12:39.445052,0.049884,-0.796400,2.231161,322.164,NW,1,0.797960,1,0.797960,1.232861,1.556378,1.672263,-1.271321,8.573636,5.676652,-1.597364,0.453753,0.197487,1.672263,0.039095,-0.750143,-0.845438,1.130932,0.751161,23.452002,-59.735004,-4.657000,NaN,1.904400,true,Self-supervised model,0.189511,10.905000,145.748059,13.365251,0.000000,0.000000,0.737241,1.478660,false,false
2026-04-17T15:12:39.452239,0.049884,-0.796400,2.247768,321.212,NW,1,0.797960,1,0.797960,1.297422,1.568020,1.636366,-1.309628,8.564059,5.702989,-1.563575,0.399737,0.270440,1.636366,0.086743,-0.805120,-0.783740,1.126939,0.809780,23.452002,-59.735004,-4.657000,NaN,1.919983,true,Self-supervised model,0.186637,10.912000,144.796548,13.269478,0.000000,0.000000,0.792868,1.452045,false,false
2026-04-17T15:12:39.462672,0.049884,-0.796400,2.264033,320.280,NW,1,0.797960,1,0.797960,1.335775,1.580730,1.537125,-1.316811,8.513782,5.772420,-1.473761,0.329799,0.286384,1.537125,0.131336,-0.890031,-0.726930,1.156646,0.899669,23.452002,-59.735004,-4.657000,NaN,1.934878,true,Self-supervised model,0.189508,10.923000,143.864648,13.170800,0.000000,0.000000,0.869008,1.328950,false,false
2026-04-17T15:12:39.467641,0.049884,-0.796400,2.279881,319.372,NW,1,0.797960,1,0.797960,1.348393,1.593437,1.414638,-1.261744,8.449138,5.781997,-1.364580,0.268023,0.259393,1.414638,0.167988,-0.990823,-0.675617,1.210954,1.004963,23.452002,-59.735004,-4.657000,NaN,1.949060,true,Self-supervised model,0.175191,10.928000,142.956617,13.081682,0.000000,0.000000,0.953172,1.168201,false,false
2026-04-17T15:12:39.475527,0.049884,-0.796400,2.295265,318.491,NW,1,0.797960,1,0.797960,1.343960,1.605457,1.320686,-1.180341,8.394072,5.746084,-1.278712,0.300057,0.138104,1.320686,0.188147,-1.063516,-0.642019,1.256445,1.080031,23.452002,-59.735004,-4.657000,NaN,1.962590,true,Self-supervised model,0.183084,10.935000,142.075153,12.992698,0.000000,0.000000,1.017622,1.051129,false,false
2026-04-17T15:12:39.483698,0.049884,-0.796400,2.309577,317.671,NW,1,0.797960,1,0.797960,1.325231,1.616248,1.226904,-1.096544,8.434772,5.612009,-1.192564,0.288244,-0.001019,1.226904,0.199142,-1.106277,-0.607811,1.277866,1.124058,23.452002,-59.735004,-4.657000,NaN,1.972611,true,Self-supervised model,0.183928,10.944000,141.255147,12.907086,0.000000,0.000000,1.080142,0.960120,false,false
2026-04-17T15:12:39.491949,0.049884,-0.796400,2.322945,316.905,NW,1,0.797960,1,0.797960,1.293754,1.625349,1.128500,-1.007959,8.432379,5.458780,-1.081486,0.274116,-0.169591,1.128500,0.197920,-1.094671,-0.580933,1.254974,1.112419,23.452002,-59.735004,-4.657000,NaN,1.982202,true,Self-supervised model,0.183395,10.952000,140.489234,12.827724,0.000000,0.000000,1.146436,0.899222,false,false
2026-04-17T15:12:39.500756,0.049884,-0.796400,2.336151,316.148,NW,1,0.797960,1,0.797960,1.251760,1.632405,1.031294,-0.914585,8.427590,5.276821,-0.955113,0.271926,-0.278177,1.031294,0.183260,-1.035417,-0.558942,1.190835,1.051509,23.452002,-59.735004,-4.657000,NaN,1.994761,true,Self-supervised model,0.182612,10.961000,139.732586,12.748160,0.000000,0.000000,1.213777,0.866026,false,false
2026-04-17T15:12:39.507401,0.049884,-0.796400,2.349184,315.402,NW,1,0.797960,1,0.797960,1.197332,1.637002,0.911582,-0.806846,8.434772,5.154716,-0.822113,0.272518,-0.284331,0.911582,0.162490,-0.968832,-0.541227,1.121590,0.982364,29.875002,-57.606003,-7.144001,NaN,2.007104,true,Self-supervised model,0.178471,10.967000,138.985826,12.673094,0.000000,0.000000,1.313466,0.812758,false,false
2026-04-17T15:12:39.515632,0.049884,-0.796400,2.362035,314.665,NW,1,0.797960,1,0.797960,1.125949,1.638560,0.751190,-0.694318,8.444349,5.135562,-0.673014,0.240259,-0.231548,0.751190,0.141110,-0.881479,-0.526566,1.036430,0.892702,29.875002,-57.606003,-7.144001,NaN,2.019224,true,Self-supervised model,0.178879,10.976000,138.249537,12.595621,0.000000,0.000000,1.498888,0.724786,false,false
2026-04-17T15:12:39.523716,0.049884,-0.796400,2.374675,313.941,NW,1,0.797960,1,0.797960,1.047716,1.636926,0.636995,-0.567426,8.420407,5.176264,-0.573749,0.198018,-0.193298,0.636995,0.119730,-0.799623,-0.522901,0.962890,0.808537,29.875002,-57.606003,-7.144001,NaN,2.031022,true,Self-supervised model,0.177179,10.984000,137.525316,12.520513,0.000000,0.000000,1.644779,0.661545,false,false
2026-04-17T15:12:39.531703,0.049884,-0.796400,2.386456,313.266,NW,1,0.797960,1,0.797960,0.962934,1.631967,0.517829,-0.471658,8.384495,5.204995,-0.480697,0.115822,-0.153829,0.517829,0.105680,-0.739758,-0.532064,0.917334,0.747268,29.875002,-57.606003,-7.144001,NaN,2.039370,true,Self-supervised model,0.174162,10.992000,136.850276,12.449989,0.000000,0.000000,1.859559,0.564494,false,false
2026-04-17T15:12:39.539667,0.049884,-0.796400,2.397568,312.629,NW,1,0.797960,1,0.797960,0.882572,1.623991,0.460669,-0.385466,8.307879,5.236119,-0.450831,0.022642,-0.091948,0.460669,0.080634,-0.673173,-0.553444,0.875194,0.677986,29.875002,-57.606003,-7.144001,NaN,2.047803,true,Self-supervised model,0.173964,11.000000,136.213608,12.383055,0.000000,0.000000,1.915849,0.526362,false,false
2026-04-17T15:12:39.547740,0.049884,-0.796400,2.408199,312.020,NW,1,0.797960,1,0.797960,0.826405,1.614087,0.531529,-0.366313,8.219295,5.291186,-0.530115,-0.019893,-0.033254,0.531529,0.046426,-0.620639,-0.571770,0.845144,0.622373,29.875002,-57.606003,-7.144001,NaN,2.056509,true,Self-supervised model,0.179122,11.008000,135.604509,12.318724,0.000000,0.000000,1.554770,0.628921,false,false
2026-04-17T15:12:39.556245,0.049884,-0.796400,2.419084,311.397,NW,1,0.797960,1,0.797960,0.793230,1.603253,0.619061,-0.478840,8.180987,5.343858,-0.610343,-0.095979,0.038812,0.619061,0.014661,-0.589485,-0.583376,0.829479,0.589667,29.875002,-57.606003,-7.144001,NaN,2.068408,true,Self-supervised model,0.182952,11.016000,134.980883,12.253167,0.000000,0.000000,1.281343,0.746326,false,false
2026-04-17T15:12:39.564153,0.049884,-0.796400,2.429776,310.784,NW,1,0.797960,1,0.797960,0.791557,1.592785,0.782771,-0.591368,8.106767,5.413290,-0.760561,-0.169712,0.073998,0.782771,-0.032987,-0.540005,-0.591318,0.801467,0.541011,29.875002,-57.606003,-7.144001,NaN,2.078332,true,Self-supervised model,0.187373,11.024000,134.368256,12.188702,0.000000,0.000000,1.011223,0.976673,false,false
2026-04-17T15:12:39.571222,0.049884,-0.796400,2.441202,310.129,NW,1,0.797960,1,0.797960,0.817086,1.583757,0.951114,-0.782904,8.032547,5.449203,-0.923066,-0.226728,0.034081,0.951114,-0.072082,-0.477697,-0.582765,0.756971,0.483104,29.875002,-57.606003,-7.144001,NaN,2.092691,true,Self-supervised model,0.190988,11.031000,133.713613,12.121622,0.000000,0.000000,0.859083,1.256473,false,false
2026-04-17T15:12:39.580205,0.049884,-0.796400,2.452798,309.465,NW,1,0.797960,1,0.797960,0.867845,1.577121,1.134332,-0.986411,7.972692,5.413290,-1.096132,-0.283916,0.067789,1.134332,-0.106291,-0.401949,-0.565661,0.702021,0.415766,29.875002,-57.606003,-7.144001,NaN,2.104969,true,Self-supervised model,0.195629,11.040000,133.049199,12.051558,0.000000,0.000000,0.765072,1.615808,false,false
2026-04-17T15:12:39.588508,0.049884,-0.796400,2.464538,308.792,NW,1,0.797960,1,0.797960,0.930334,1.573249,1.258400,-1.204283,7.910442,5.453991,-1.223160,-0.248029,0.161035,1.258400,-0.133779,-0.326813,-0.530842,0.637571,0.353134,29.875002,-57.606003,-7.144001,NaN,2.117285,true,Self-supervised model,0.198002,11.048000,132.376543,11.981946,0.000000,0.000000,0.739299,1.973741,false,false
2026-04-17T15:12:39.595877,0.049884,-0.796400,2.476354,308.115,NW,1,0.797960,1,0.797960,1.009715,1.572708,1.426464,-1.379060,7.939173,5.556942,-1.370288,-0.193798,0.345761,1.426464,-0.136223,-0.276722,-0.486860,0.576337,0.308434,29.875002,-57.606003,-7.144001,NaN,2.129407,true,Self-supervised model,0.199663,11.056000,131.699503,11.912039,0.000000,0.000000,0.707845,2.475052,false,false
2026-04-17T15:12:39.603949,0.049884,-0.796400,2.488153,307.439,NW,1,0.797960,1,0.797960,1.105396,1.576015,1.607725,-1.575385,7.984663,5.753267,-1.482120,-0.133777,0.608443,1.607725,-0.122173,-0.227242,-0.426384,0.498366,0.258002,29.875002,-57.606003,-7.144001,NaN,2.141133,true,Self-supervised model,0.203881,11.064000,131.023510,11.842327,0.000000,0.000000,0.687553,3.225995,false,false
2026-04-17T15:12:39.612003,0.049884,-0.796400,2.499784,306.773,NW,1,0.797960,1,0.797960,1.215942,1.583613,1.796306,-1.735796,8.034941,6.028600,-1.568618,-0.045238,0.874132,1.796306,-0.079412,-0.202807,-0.354913,0.416413,0.217801,29.875002,-57.606003,-7.144001,NaN,2.152095,true,Self-supervised model,0.207267,11.072000,130.357095,11.773582,0.000000,0.000000,0.676912,4.313756,false,false
2026-04-17T15:12:39.619606,0.049884,-0.796400,2.511068,306.126,NW,1,0.797960,1,0.797960,1.327302,1.595360,1.911945,-1.867477,8.113950,6.306327,-1.598255,0.027294,1.048986,1.911945,-0.006109,-0.192423,-0.276111,0.336602,0.192519,29.875002,-57.606003,-7.144001,NaN,2.161989,true,Self-supervised model,0.209114,11.080000,129.710585,11.706731,0.000000,0.000000,0.694216,5.680132,false,false
2026-04-17T15:12:39.628742,0.049884,-0.796400,2.521822,305.510,NW,1,0.797960,1,0.797960,1.423894,1.610501,1.931001,-1.936909,8.178593,6.490681,-1.562706,0.099246,1.129985,1.931001,0.070250,-0.185703,-0.211359,0.289989,0.198546,29.875002,-57.606003,-7.144001,NaN,2.170624,true,Self-supervised model,0.212813,11.089000,129.094429,11.641665,0.000000,0.000000,0.737386,6.658887,false,false
2026-04-17T15:12:39.635788,0.049884,-0.796400,2.531885,304.934,NW,1,0.797960,1,0.797960,1.503880,1.628237,1.923807,-1.934515,8.245630,6.576872,-1.560041,0.155049,1.115017,1.923807,0.168599,-0.178373,-0.136223,0.280712,0.245443,29.875002,-57.606003,-7.144001,NaN,2.177926,true,Self-supervised model,0.211842,11.096000,128.517831,11.582357,0.000000,0.000000,0.781721,6.853320,false,false
2026-04-17T15:12:39.646773,0.049884,-0.796400,2.540570,304.436,NW,1,0.797960,1,0.797960,1.556732,1.647376,1.834206,-1.939303,8.305486,6.555324,-1.568735,0.220791,0.924465,1.834206,0.269392,-0.154549,-0.062919,0.316885,0.310576,29.875002,-57.606003,-7.144001,NaN,2.181097,true,Self-supervised model,0.213469,11.107000,128.020219,11.526084,0.000000,0.000000,0.848723,5.788243,false,false
2026-04-17T15:12:39.652653,0.049884,-0.796400,2.547960,304.013,NW,1,0.797960,1,0.797960,1.589804,1.667074,1.763431,-1.951274,8.379706,6.351817,-1.590171,0.296344,0.702301,1.763431,0.362243,-0.112399,0.000611,0.379281,0.379280,29.875002,-57.606003,-7.144001,NaN,2.183307,true,Self-supervised model,0.208450,11.113000,127.596804,11.481760,0.000000,0.000000,0.901540,4.649406,false,false
2026-04-17T15:12:39.662697,0.049884,-0.796400,2.554135,303.659,NW,1,0.797960,1,0.797960,1.590739,1.686020,1.595646,-1.972822,8.468291,6.110003,-1.517369,0.349468,0.348640,1.595646,0.420275,-0.063530,0.050702,0.428063,0.425050,29.875002,-57.606003,-7.144001,NaN,2.184623,true,Self-supervised model,0.210437,11.123000,127.242982,11.439628,0.000000,0.000000,0.996924,3.727596,false,false
2026-04-17T15:12:39.667817,0.049884,-0.796400,2.559192,303.369,NW,1,0.797960,1,0.797960,1.584810,1.703972,1.553680,-1.898602,8.537724,5.731719,-1.466560,0.512953,-0.001569,1.553680,0.455095,0.001833,0.096517,0.465220,0.455098,35.929001,-52.525002,-18.570002,NaN,2.185204,true,Self-supervised model,0.207351,11.128000,126.953272,11.408454,0.000000,0.000000,1.020036,3.339665,false,false
2026-04-17T15:12:39.675600,0.049884,-0.796400,2.563229,303.138,NW,1,0.797960,1,0.797960,1.583376,1.721148,1.575852,-1.845930,8.719683,5.353435,-1.395249,0.651961,-0.333968,1.575852,0.464868,0.064141,0.136834,0.488815,0.469273,35.929001,-52.525002,-18.570002,NaN,2.185166,true,Self-supervised model,0.209826,11.136000,126.721935,11.379484,0.000000,0.000000,1.004775,3.223819,false,false
2026-04-17T15:12:39.683883,0.049884,-0.796400,2.566898,302.928,NW,1,0.797960,1,0.797960,1.596625,1.738167,1.666179,-1.790863,8.875306,4.994305,-1.335277,0.804506,-0.588180,1.666179,0.442266,0.119730,0.163101,0.486350,0.458186,35.929001,-52.525002,-18.570002,NaN,2.187358,true,Self-supervised model,0.211757,11.144000,126.511748,11.352454,0.000000,0.000000,0.958255,3.425881,false,false
2026-04-17T15:12:39.691682,0.049884,-0.796400,2.570192,302.739,NW,1,0.797960,1,0.797960,1.627787,1.755752,1.791388,-1.747767,9.045294,4.711789,-1.248578,0.918988,-0.897544,1.791388,0.390954,0.136223,0.177762,0.450556,0.414007,35.929001,-52.525002,-18.570002,NaN,2.189156,true,Self-supervised model,0.213779,11.152000,126.323003,11.327385,0.000000,0.000000,0.908673,3.975949,false,false
2026-04-17T15:12:39.699551,0.049884,-0.796400,2.573148,302.570,NW,1,0.797960,1,0.797960,1.671786,1.774393,1.902780,-1.678335,9.176975,4.374207,-1.132982,0.987662,-1.166810,1.902780,0.277944,0.114843,0.171042,0.345973,0.300735,35.929001,-52.525002,-18.570002,NaN,2.190756,true,Self-supervised model,0.217057,11.159000,126.153664,11.305105,0.000000,0.000000,0.878602,5.499800,false,false
2026-04-17T15:12:39.707629,0.049884,-0.796400,2.575839,302.415,NW,1,0.797960,1,0.797960,1.704864,1.793612,1.878524,-1.580173,9.260772,4.079720,-1.092148,1.050691,-1.110007,1.878524,0.124006,0.047037,0.135001,0.189249,0.132627,35.929001,-52.525002,-18.570002,NaN,2.192392,true,Self-supervised model,0.221161,11.168000,125.999451,11.282186,0.000000,0.000000,0.907555,9.926207,false,false
2026-04-17T15:12:39.715915,0.049884,-0.796400,2.577741,302.306,NW,1,0.797960,1,0.797960,1.720026,1.812669,1.799628,-1.537078,9.332599,4.122815,-1.029500,1.155956,-0.917907,1.799628,0.072693,0.053145,0.061087,0.108813,0.090048,35.929001,-52.525002,-18.570002,NaN,2.191134,true,Self-supervised model,0.225165,11.176000,125.890498,11.264361,0.000000,0.000000,0.955768,16.538731,false,false
2026-04-17T15:12:39.723893,0.049884,-0.796400,2.579156,302.225,NW,1,0.797960,1,0.797960,1.752837,1.832275,1.925095,-1.474828,9.442732,4.307169,-1.235261,1.181648,-0.885340,1.925095,-0.094073,-0.070860,-0.074526,0.139374,0.117775,35.929001,-52.525002,-18.570002,NaN,2.190603,true,Self-supervised model,0.224998,11.184000,125.809417,11.249054,0.000000,0.000000,0.910520,13.812470,false,false
2026-04-17T15:12:39.731868,0.049884,-0.796400,2.580455,302.151,NW,1,0.797960,1,0.797960,1.768973,1.851743,1.853690,-1.685518,9.469068,4.338294,-1.389779,0.943355,-0.784068,1.853690,-0.224798,-0.199753,-0.145997,0.334291,0.300725,35.929001,-52.525002,-18.570002,NaN,2.191439,true,Self-supervised model,0.217918,11.192000,125.734973,11.234361,0.000000,0.000000,0.954299,5.545134,false,false
2026-04-17T15:12:39.739465,0.049884,-0.796400,2.581921,302.067,NW,1,0.797960,1,0.797960,1.749186,1.869641,1.645304,-1.845930,9.224859,4.448427,-1.437102,0.536048,-0.595329,1.645304,-0.419054,-0.453873,-0.221744,0.656336,0.617743,35.929001,-52.525002,-18.570002,NaN,2.193573,true,Self-supervised model,0.210690,11.199000,125.650963,11.219838,0.000000,0.000000,1.063139,2.506802,false,false
2026-04-17T15:12:39.747760,0.049884,-0.796400,2.583735,301.963,NW,1,0.797960,1,0.797960,1.719649,1.885641,1.564578,-1.896208,8.803479,4.659117,-1.548533,0.067040,-0.213207,1.564578,-0.591928,-0.676839,-0.254120,0.934380,0.899161,35.929001,-52.525002,-18.570002,NaN,2.196775,true,Self-supervised model,0.206415,11.208000,125.547058,11.201558,0.000000,0.000000,1.099114,1.674455,false,false
2026-04-17T15:12:39.755512,0.049884,-0.796400,2.585943,301.836,NW,1,0.797960,1,0.797960,1.719650,1.901002,1.719653,-2.003947,8.312668,5.075707,-1.680543,-0.364577,0.008006,1.719653,-0.711047,-0.926683,-0.262672,1.197216,1.168045,35.929001,-52.525002,-18.570002,NaN,2.200564,true,Self-supervised model,0.205128,11.215000,125.420522,11.183283,0.000000,0.000000,0.999998,1.436377,false,false
2026-04-17T15:12:39.763649,0.049884,-0.796400,2.588515,301.689,NW,1,0.797960,1,0.797960,1.746558,1.916824,1.887825,-2.123657,7.852982,5.341464,-1.753683,-0.691881,0.098899,1.887825,-0.760527,-1.099557,-0.241292,1.358547,1.336947,35.929001,-52.525002,-18.570002,NaN,2.204589,true,Self-supervised model,0.205089,11.224000,125.273170,11.161188,0.000000,0.000000,0.925169,1.389591,false,false
2026-04-17T15:12:39.771243,0.049884,-0.796400,2.591381,301.525,NW,1,0.797960,1,0.797960,1.795967,1.933990,2.055366,-2.176329,7.493851,5.482722,-1.842382,-0.903560,0.117200,2.055366,-0.756862,-1.190576,-0.193644,1.424012,1.410784,35.929001,-52.525002,-18.570002,NaN,2.208632,true,Self-supervised model,0.205245,11.231000,125.108963,11.139610,0.000000,0.000000,0.873794,1.443363,false,false
2026-04-17T15:12:39.780042,0.049884,-0.796400,2.594430,301.350,NW,1,0.797960,1,0.797960,1.865447,1.953248,2.230220,-2.238579,7.249643,5.552154,-1.978759,-1.020235,0.132337,2.230220,-0.722654,-1.214400,-0.133779,1.419469,1.413151,35.929001,-52.525002,-18.570002,NaN,2.212414,true,Self-supervised model,0.206711,11.240000,124.934256,11.115147,0.000000,0.000000,0.836441,1.571165,false,false
2026-04-17T15:12:39.787852,0.049884,-0.796400,2.597529,301.173,NW,1,0.797960,1,0.797960,1.940399,1.974734,2.333897,-2.343924,7.101202,5.616797,-2.080851,-1.052979,0.091480,2.333897,-0.663400,-1.217454,-0.042761,1.387128,1.386468,35.929001,-52.525002,-18.570002,NaN,2.215710,true,Self-supervised model,0.207323,11.248000,124.756722,11.091458,0.000000,0.000000,0.831399,1.682539,false,false
2026-04-17T15:12:39.796646,0.049884,-0.796400,2.600510,301.002,NW,1,0.797960,1,0.797960,2.023992,1.998704,2.462852,-2.410961,7.038953,5.621585,-2.251496,-0.994546,0.085349,2.462852,-0.579100,-1.191187,0.102625,1.328464,1.324494,35.929001,-52.525002,-18.570002,NaN,2.218220,true,Self-supervised model,0.209351,11.257000,124.585926,11.067418,0.000000,0.000000,0.821808,1.853910,false,false
2026-04-17T15:12:39.803493,0.049884,-0.796400,2.603144,300.851,NW,1,0.797960,1,0.797960,2.104575,2.024939,2.527635,-2.540248,7.070077,5.657499,-2.303674,-1.035259,0.101305,2.527635,-0.500910,-1.132544,0.185703,1.252219,1.238373,35.929001,-52.525002,-18.570002,NaN,2.219468,true,Self-supervised model,0.210393,11.263000,124.434989,11.048121,0.000000,0.000000,0.832626,2.018525,false,false
2026-04-17T15:12:39.812554,0.049884,-0.796400,2.605193,300.733,NW,1,0.797960,1,0.797960,2.170969,2.052780,2.519538,-2.545036,7.005434,5.710171,-2.279539,-1.064133,0.139264,2.519538,-0.379347,-1.029308,0.273668,1.130607,1.096986,35.929001,-52.525002,-18.570002,NaN,2.219174,true,Self-supervised model,0.212998,11.272000,124.317606,11.028886,0.000000,0.000000,0.861654,2.228482,false,false
2026-04-17T15:12:39.821108,0.049884,-0.796400,2.606511,300.658,NW,1,0.797960,1,0.797960,2.203633,2.080814,2.375117,-2.470816,6.957550,5.777209,-2.111682,-1.070934,0.187298,2.375117,-0.216857,-0.896750,0.350637,0.986982,0.922598,35.929001,-52.525002,-18.570002,NaN,2.217571,true,Self-supervised model,0.213641,11.281000,124.242073,11.013392,0.000000,0.000000,0.927800,2.406443,false,false
2026-04-17T15:12:39.829074,0.049884,-0.796400,2.607027,300.628,NW,1,0.797960,1,0.797960,2.188551,2.107124,2.109375,-2.252944,6.938396,5.844246,-1.892111,-0.919154,0.156638,2.109375,-0.064752,-0.765414,0.408669,0.870093,0.768148,34.299000,-50.671001,-26.912001,NaN,2.214876,true,Self-supervised model,0.212633,11.289000,124.212530,11.002970,0.000000,0.000000,1.037535,2.424310,false,false
2026-04-17T15:12:39.835510,0.049884,-0.796400,2.606738,300.645,NW,1,0.797960,1,0.797960,2.146928,2.130716,1.928404,-1.984793,7.084443,5.822699,-1.797422,-0.694057,0.079393,1.928404,0.051313,-0.651182,0.455095,0.796105,0.653201,34.299000,-50.671001,-26.912001,NaN,2.211371,true,Self-supervised model,0.211488,11.295000,124.229056,10.998588,0.000000,0.000000,1.113318,2.422300,false,false
2026-04-17T15:12:39.846200,0.049884,-0.796400,2.605669,300.706,NW,1,0.797960,1,0.797960,2.070848,2.150321,1.671429,-1.843535,7.309498,5.746084,-1.631277,-0.357534,-0.069141,1.671429,0.107512,-0.561385,0.490525,0.753211,0.571587,34.299000,-50.671001,-26.912001,NaN,2.207179,true,Self-supervised model,0.208279,11.306000,124.290313,10.993306,0.000000,0.000000,1.238968,2.219072,false,false
2026-04-17T15:12:39.852135,0.049884,-0.796400,2.603867,300.809,NW,1,0.797960,1,0.797960,1.963143,2.164834,1.397692,-1.632846,7.649475,5.592855,-1.376904,-0.127780,-0.203347,1.397692,0.120340,-0.471588,0.514349,0.708118,0.486700,34.299000,-50.671001,-26.912001,NaN,2.202446,true,Self-supervised model,0.203249,11.312000,124.393559,10.996602,0.000000,0.000000,1.404561,1.973812,false,false
2026-04-17T15:12:39.863379,0.049884,-0.796400,2.601385,300.952,NW,1,0.797960,1,0.797960,1.833558,2.173583,1.153233,-1.335965,7.884106,5.451597,-1.118038,0.028791,-0.281262,1.153233,0.076358,-0.411723,0.518625,0.666572,0.418744,34.299000,-50.671001,-26.912001,NaN,2.197244,true,Self-supervised model,0.200129,11.323000,124.535769,10.998478,0.000000,0.000000,1.589928,1.730096,false,false
2026-04-17T15:12:39.867702,0.049884,-0.796400,2.598315,301.128,NW,1,0.797960,1,0.797960,1.682613,2.175944,0.890156,-1.036689,8.044518,5.367800,-0.811744,0.171610,-0.322489,0.890156,-0.011606,-0.380569,0.492357,0.622401,0.380746,34.299000,-50.671001,-26.912001,NaN,2.191821,true,Self-supervised model,0.192263,11.328000,124.711678,11.009152,0.000000,0.000000,1.890245,1.430197,false,false
2026-04-17T15:12:39.875425,0.049884,-0.796400,2.594792,301.329,NW,1,0.797960,1,0.797960,1.511578,2.171370,0.613643,-0.691924,8.188169,5.324705,-0.490916,0.265540,-0.255044,0.613643,-0.111177,-0.371406,0.452651,0.595983,0.387689,34.299000,-50.671001,-26.912001,NaN,2.186485,true,Self-supervised model,0.186956,11.335000,124.913549,11.020163,0.000000,0.000000,2.463286,1.029631,false,false
2026-04-17T15:12:39.883613,0.049884,-0.796400,2.592312,301.471,NW,1,0.797960,1,0.797960,1.334479,2.159894,0.404712,-0.380678,8.279149,5.396531,-0.209680,0.324490,-0.120550,0.404712,-0.233961,-0.378736,0.372628,0.580543,0.445173,34.299000,-50.671001,-26.912001,NaN,2.188179,true,Self-supervised model,0.183007,11.344000,125.055638,11.023945,0.000000,0.000000,3.297358,0.697126,false,false
2026-04-17T15:12:39.892187,0.049884,-0.796400,2.589524,301.631,NW,1,0.797960,1,0.797960,1.170172,2.142305,0.307559,-0.067038,8.329428,5.542577,-0.050688,0.302003,-0.028584,0.307559,-0.337198,-0.376904,0.274889,0.575607,0.505726,34.299000,-50.671001,-26.912001,NaN,2.184159,true,Self-supervised model,0.181223,11.352000,125.215371,11.030248,0.000000,0.000000,3.804713,0.534321,false,false
2026-04-17T15:12:39.899627,0.049884,-0.796400,2.586720,301.792,NW,1,0.797960,1,0.797960,1.020548,2.119435,0.235020,0.119710,8.293514,5.652710,0.035437,0.211225,0.096761,0.235020,-0.401949,-0.357967,0.177151,0.566645,0.538241,34.299000,-50.671001,-26.912001,NaN,2.181292,true,Self-supervised model,0.180667,11.360000,125.376008,11.036620,0.000000,0.000000,4.342390,0.414757,false,false
2026-04-17T15:12:39.907495,0.049884,-0.796400,2.584169,301.938,NW,1,0.797960,1,0.797960,0.894291,2.092429,0.231443,0.227449,8.185776,5.801151,-0.030437,0.108203,0.202316,0.231443,-0.435547,-0.301767,0.062308,0.533523,0.529872,34.299000,-50.671001,-26.912001,NaN,2.179751,true,Self-supervised model,0.179250,11.367000,125.522178,11.042683,0.000000,0.000000,3.863976,0.433802,false,false
2026-04-17T15:12:39.915846,0.049884,-0.796400,2.582118,302.056,NW,1,0.797960,1,0.797960,0.802653,2.062838,0.321556,0.174777,8.063671,5.932832,-0.185154,0.019605,0.262168,0.321556,-0.423330,-0.215025,-0.042761,0.476731,0.474809,34.299000,-50.671001,-26.912001,NaN,2.179701,true,Self-supervised model,0.181944,11.376000,125.639685,11.044276,0.000000,0.000000,2.496152,0.674503,false,false
2026-04-17T15:12:39.924246,0.049884,-0.796400,2.580735,302.135,NW,1,0.797960,1,0.797960,0.745338,2.032138,0.444431,0.023942,7.955932,6.019023,-0.327962,-0.037018,0.297640,0.444431,-0.374460,-0.114843,-0.127060,0.411769,0.391675,34.299000,-50.671001,-26.912001,NaN,2.180991,true,Self-supervised model,0.189658,11.384000,125.718916,11.043475,0.000000,0.000000,1.677060,1.079322,false,false
2026-04-17T15:12:39.931751,0.049884,-0.796400,2.580116,302.170,NW,1,0.797960,1,0.797960,0.715293,2.001464,0.557556,-0.124498,7.881712,6.078878,-0.484189,-0.072131,0.266882,0.557556,-0.301767,-0.008552,-0.203418,0.364027,0.301889,34.299000,-50.671001,-26.912001,NaN,2.183425,true,Self-supervised model,0.196047,11.392000,125.754408,11.038835,0.000000,0.000000,1.282909,1.531632,false,false
2026-04-17T15:12:39.939332,0.049884,-0.796400,2.580273,302.161,NW,1,0.797960,1,0.797960,0.719864,1.972200,0.743862,-0.294487,7.831434,6.069301,-0.712486,-0.143527,0.158411,0.743862,-0.257174,0.043982,-0.237016,0.352490,0.260908,34.299000,-50.671001,-26.912001,NaN,2.186686,true,Self-supervised model,0.202495,11.399000,125.745430,11.031269,0.000000,0.000000,0.967739,2.110303,false,false
2026-04-17T15:12:39.947499,0.049884,-0.796400,2.581179,302.109,NW,1,0.797960,1,0.797960,0.754056,1.945474,0.933562,-0.543484,7.747637,5.978322,-0.925852,-0.119291,0.010280,0.933562,-0.208305,0.092241,-0.270002,0.353271,0.227814,34.299000,-50.671001,-26.912001,NaN,2.190594,true,Self-supervised model,0.206189,11.407000,125.693467,11.018977,0.000000,0.000000,0.807719,2.642620,false,false
2026-04-17T15:12:39.956025,0.049884,-0.796400,2.582787,302.017,NW,1,0.797960,1,0.797960,0.799782,1.921647,1.039848,-0.782904,7.762002,5.844246,-1.028304,-0.100367,-0.117478,1.039848,-0.175318,0.113010,-0.287107,0.354877,0.208585,34.299000,-50.671001,-26.912001,NaN,2.195003,true,Self-supervised model,0.207568,11.416000,125.601377,11.002223,0.000000,0.000000,0.769134,2.930160,false,false
2026-04-17T15:12:39.963481,0.049884,-0.796400,2.585676,301.852,NW,1,0.797960,1,0.797960,0.855808,1.901013,1.149942,-0.938527,7.773973,5.726931,-1.109253,-0.085011,-0.291029,1.149942,-0.167377,0.107512,-0.290161,0.351806,0.198932,34.299000,-50.671001,-26.912001,NaN,2.203019,true,Self-supervised model,0.208215,11.423000,125.435847,10.980990,0.000000,0.000000,0.744218,3.268684,false,false
2026-04-17T15:12:39.971444,0.049884,-0.796400,2.589583,301.628,NW,1,0.797960,1,0.797960,0.905642,1.883198,1.167269,-1.072602,7.783550,5.561730,-1.097893,-0.074878,-0.389282,1.167269,-0.172875,0.095906,-0.289550,0.350604,0.197696,34.299000,-50.671001,-26.912001,NaN,2.211000,true,Self-supervised model,0.207752,11.431000,125.211959,10.953719,0.000000,0.000000,0.775864,3.329311,false,false
2026-04-17T15:12:39.980668,0.049884,-0.796400,2.594286,301.358,NW,1,0.797960,1,0.797960,0.955797,1.868102,1.219113,-1.113304,7.788338,5.470751,-1.092667,-0.093513,-0.532513,1.219113,-0.188147,0.096517,-0.287718,0.357066,0.211458,34.299000,-50.671001,-26.912001,NaN,2.218882,true,Self-supervised model,0.208677,11.441000,124.942531,10.920595,0.000000,0.000000,0.784010,3.414253,false,false
2026-04-17T15:12:39.987986,0.049884,-0.796400,2.599588,301.055,NW,1,0.797960,1,0.797960,1.001316,1.855431,1.240293,-1.158794,7.764396,5.334281,-1.054596,-0.131241,-0.639476,1.240293,-0.200364,0.124617,-0.288328,0.372570,0.235955,33.616001,-49.640003,-30.466002,NaN,2.226586,true,Self-supervised model,0.207638,11.448000,124.638713,10.887379,0.000000,0.000000,0.807322,3.329023,false,false
2026-04-17T15:12:39.995883,0.049884,-0.796400,2.605325,300.726,NW,1,0.797960,1,0.797960,1.048948,1.845172,1.299013,-1.170765,7.721301,5.233725,-1.049241,-0.173847,-0.745858,1.299013,-0.204640,0.178984,-0.290161,0.397625,0.271869,33.616001,-49.640003,-30.466002,NaN,2.234060,true,Self-supervised model,0.207874,11.456000,124.310013,10.851084,0.000000,0.000000,0.807496,3.266926,false,false
2026-04-17T15:12:40.003381,0.049884,-0.796400,2.611367,300.380,NW,1,0.797960,1,0.797960,1.096495,1.837224,1.346118,-1.216254,7.673417,5.133168,-1.063365,-0.216579,-0.796480,1.346118,-0.208305,0.259618,-0.293215,0.443585,0.332855,33.616001,-49.640003,-30.466002,NaN,2.241318,true,Self-supervised model,0.207710,11.463000,123.963876,10.814261,0.000000,0.000000,0.814561,3.034634,false,false
2026-04-17T15:12:40.011762,0.049884,-0.796400,2.617613,300.022,NW,1,0.797960,1,0.797960,1.146710,1.831604,1.410339,-1.283292,7.625533,5.087678,-1.110771,-0.266653,-0.827128,1.410339,-0.202807,0.337198,-0.296270,0.492553,0.393488,33.616001,-49.640003,-30.466002,NaN,2.248385,true,Self-supervised model,0.208400,11.472000,123.605987,10.774580,0.000000,0.000000,0.813074,2.863323,false,false
2026-04-17T15:12:40.019554,0.049884,-0.796400,2.623994,299.656,NW,1,0.797960,1,0.797960,1.194212,1.828108,1.443595,-1.386243,7.570466,5.061342,-1.168385,-0.295276,-0.794768,1.443595,-0.197920,0.384845,-0.295048,0.523767,0.432757,33.616001,-49.640003,-30.466002,NaN,2.255305,true,Self-supervised model,0.207768,11.479000,123.240377,10.736160,0.000000,0.000000,0.827248,2.756180,false,false
2026-04-17T15:12:40.028362,0.049884,-0.796400,2.630448,299.286,NW,1,0.797960,1,0.797960,1.240911,1.826620,1.486082,-1.501164,7.536947,5.097255,-1.230520,-0.347722,-0.757198,1.486082,-0.193644,0.403782,-0.284663,0.530633,0.447815,33.616001,-49.640003,-30.466002,NaN,2.262051,true,Self-supervised model,0.208764,11.488000,122.870583,10.695559,0.000000,0.000000,0.835022,2.800584,false,false
2026-04-17T15:12:40.035729,0.049884,-0.796400,2.636918,298.916,NW,1,0.797960,1,0.797960,1.298604,1.827500,1.601493,-1.620875,7.479486,5.137957,-1.317746,-0.404772,-0.815158,1.601493,-0.192423,0.397673,-0.270002,0.517756,0.441781,33.616001,-49.640003,-30.466002,NaN,2.268586,true,Self-supervised model,0.209736,11.496000,122.499861,10.655868,0.000000,0.000000,0.810871,3.093139,false,false
2026-04-17T15:12:40.044879,0.049884,-0.796400,2.643347,298.547,NW,1,0.797960,1,0.797960,1.358136,1.830725,1.670677,-1.764527,7.417237,5.082890,-1.357561,-0.411408,-0.882572,1.670677,-0.190590,0.375682,-0.239459,0.484564,0.421262,33.616001,-49.640003,-30.466002,NaN,2.274848,true,Self-supervised model,0.212076,11.505000,122.131528,10.615517,0.000000,0.000000,0.812925,3.447794,false,false
2026-04-17T15:12:40.051616,0.049884,-0.796400,2.649659,298.186,NW,1,0.797960,1,0.797960,1.436615,1.836961,1.848632,-1.857901,7.405266,5.018247,-1.456278,-0.482565,-1.031419,1.848632,-0.191812,0.353080,-0.200975,0.449275,0.401817,33.616001,-49.640003,-30.466002,NaN,2.280696,true,Self-supervised model,0.212825,11.512000,121.769855,10.577646,0.000000,0.000000,0.777123,4.114700,false,false
2026-04-17T15:12:40.060398,0.049884,-0.796400,2.655767,297.836,NW,1,0.797960,1,0.797960,1.530762,1.846713,2.025034,-2.006341,7.328651,4.872200,-1.542440,-0.515369,-1.206664,2.025034,-0.191201,0.340252,-0.163712,0.423238,0.390294,33.616001,-49.640003,-30.466002,NaN,2.285985,true,Self-supervised model,0.216742,11.520000,121.419903,10.539922,0.000000,0.000000,0.755919,4.784618,false,false
2026-04-17T15:12:40.067599,0.049884,-0.796400,2.661576,297.503,NW,1,0.797960,1,0.797960,1.630641,1.860070,2.155007,-2.138022,7.290344,4.699818,-1.592525,-0.519387,-1.355787,2.155007,-0.193033,0.335365,-0.111177,0.402607,0.386952,33.616001,-49.640003,-30.466002,NaN,2.290597,true,Self-supervised model,0.218208,11.528000,121.087092,10.503738,0.000000,0.000000,0.756676,5.352639,false,false
2026-04-17T15:12:40.075180,0.049884,-0.796400,2.666983,297.193,NW,1,0.797960,1,0.797960,1.716901,1.876343,2.169763,-2.229002,7.280767,4.553771,-1.580369,-0.498967,-1.400478,2.169763,-0.211970,0.321315,-0.059865,0.389562,0.384935,33.616001,-49.640003,-30.466002,NaN,2.294398,true,Self-supervised model,0.219084,11.535000,120.777294,10.470507,0.000000,0.000000,0.791285,5.569749,false,false
2026-04-17T15:12:40.083527,0.049884,-0.796400,2.671894,296.912,NW,1,0.797960,1,0.797960,1.776619,1.894354,2.090139,-2.252944,7.295133,4.513070,-1.563008,-0.388757,-1.332124,2.090139,-0.248011,0.295048,-0.017104,0.385818,0.385439,33.616001,-49.640003,-30.466002,NaN,2.297324,true,Self-supervised model,0.219346,11.543000,120.495919,10.438874,0.000000,0.000000,0.850000,5.417425,false,false
2026-04-17T15:12:40.091653,0.049884,-0.796400,2.676263,296.661,NW,1,0.797960,1,0.797960,1.804473,1.912759,1.950709,-2.267309,7.398083,4.587290,-1.549610,-0.209440,-1.166238,1.950709,-0.309098,0.238237,0.027489,0.391221,0.390254,33.616001,-49.640003,-30.466002,NaN,2.299527,true,Self-supervised model,0.218176,11.552000,120.245580,10.409070,0.000000,0.000000,0.925035,4.986203,false,false
2026-04-17T15:12:40.099415,0.049884,-0.796400,2.680086,296.442,NW,1,0.797960,1,0.797960,1.806557,1.930511,1.817497,-2.281674,7.568071,4.762067,-1.560643,-0.011302,-0.931430,1.817497,-0.380569,0.157603,0.064752,0.416970,0.411912,33.616001,-49.640003,-30.466002,NaN,2.301166,true,Self-supervised model,0.216256,11.559000,120.026526,10.383816,0.000000,0.000000,0.993981,4.358815,false,false
2026-04-17T15:12:40.107460,0.049884,-0.796400,2.683428,296.251,NW,1,0.797960,1,0.797960,1.797285,1.947182,1.748608,-2.317587,7.754819,5.008670,-1.559200,0.080709,-0.787407,1.748608,-0.435547,0.077580,0.095295,0.452549,0.442402,33.616001,-49.640003,-30.466002,NaN,2.302584,true,Self-supervised model,0.215643,11.567000,119.835033,10.360079,0.000000,0.000000,1.027838,3.863905,false,false
2026-04-17T15:12:40.115809,0.049884,-0.796400,2.686387,296.081,NW,1,0.797960,1,0.797960,1.774412,1.962271,1.654331,-2.339135,7.833828,5.166687,-1.503663,0.113694,-0.680353,1.654331,-0.464868,0.013439,0.116675,0.479475,0.465063,33.616001,-49.640003,-30.466002,NaN,2.304007,true,Self-supervised model,0.214286,11.576000,119.665533,10.337382,0.000000,0.000000,1.072586,3.450295,false,false
2026-04-17T15:12:40.123458,0.049884,-0.796400,2.689066,295.928,NW,1,0.797960,1,0.797960,1.741146,1.975426,1.566496,-2.305616,7.852982,5.288792,-1.432246,0.131554,-0.620705,1.566496,-0.474031,-0.043982,0.127671,0.492890,0.476067,33.616001,-49.640003,-30.466002,NaN,2.305571,true,Self-supervised model,0.212746,11.583000,119.512010,10.317881,0.000000,0.000000,1.111491,3.178189,false,false
2026-04-17T15:12:40.131704,0.049884,-0.796400,2.690895,295.823,NW,1,0.797960,1,0.797960,1.701174,1.986456,1.491321,-2.231396,7.850587,5.374983,-1.341660,0.079695,-0.646247,1.491321,-0.460592,-0.081856,0.136834,0.487411,0.467810,33.616001,-49.640003,-30.466002,NaN,2.303999,true,Self-supervised model,0.212445,11.592000,119.407205,10.300829,0.000000,0.000000,1.140716,3.059679,false,false
2026-04-17T15:12:40.140415,0.049884,-0.796400,2.692751,295.717,NW,1,0.797960,1,0.797960,1.665670,1.995625,1.479274,-2.161964,7.785944,5.363012,-1.287830,0.031008,-0.727174,1.479274,-0.430660,-0.108734,0.147829,0.468129,0.444175,33.616001,-49.640003,-30.466002,NaN,2.305958,true,Self-supervised model,0.212447,11.600000,119.300914,10.284562,0.000000,0.000000,1.126005,3.159971,false,false
2026-04-17T15:12:40.147897,0.049884,-0.796400,2.694635,295.609,NW,1,0.797960,1,0.797960,1.619317,2.002572,1.375963,-2.128445,7.726089,5.293580,-1.174272,-0.093040,-0.711128,1.375963,-0.406836,-0.139888,0.161268,0.459447,0.430214,30.678001,-49.573002,-33.782001,NaN,2.307959,true,Self-supervised model,0.210700,11.608000,119.192951,10.268173,0.000000,0.000000,1.176861,2.994822,false,false
2026-04-17T15:12:40.156087,0.049884,-0.796400,2.696506,295.502,NW,1,0.797960,1,0.797960,1.556041,2.006711,1.223845,-2.032677,7.592013,5.319916,-1.106003,-0.236905,-0.467364,1.223845,-0.383013,-0.232129,0.180816,0.482987,0.447864,30.678001,-49.573002,-33.782001,NaN,2.309777,true,Self-supervised model,0.208013,11.616000,119.085743,10.251872,0.000000,0.000000,1.271437,2.533906,false,false
2026-04-17T15:12:40.164113,0.049884,-0.796400,2.698320,295.398,NW,1,0.797960,1,0.797960,1.486931,2.007920,1.124100,-1.977611,7.438785,5.573701,-1.056841,-0.370838,-0.095745,1.124100,-0.368352,-0.381180,0.197309,0.565608,0.530077,30.678001,-49.573002,-33.782001,NaN,2.311362,true,Self-supervised model,0.205413,11.624000,118.981822,10.235876,0.000000,0.000000,1.322775,1.987419,false,false
2026-04-17T15:12:40.171492,0.049884,-0.796400,2.700048,295.299,NW,1,0.797960,1,0.797960,1.443425,2.007340,1.215018,-1.934515,7.295133,5.956774,-1.162620,-0.303276,0.180575,1.215018,-0.356134,-0.546114,0.219301,0.687870,0.651975,30.678001,-49.573002,-33.782001,NaN,2.312746,true,Self-supervised model,0.205956,11.631000,118.882820,10.221204,0.000000,0.000000,1.187986,1.766349,false,false
2026-04-17T15:12:40.180542,0.049884,-0.796400,2.700957,295.247,NW,1,0.797960,1,0.797960,1.436671,2.006513,1.401217,-2.011129,7.347805,6.256049,-1.328560,-0.104580,0.432898,1.401217,-0.337198,-0.669508,0.244346,0.788447,0.749629,30.678001,-49.573002,-33.782001,NaN,2.310380,true,Self-supervised model,0.208773,11.640000,118.830726,10.208825,0.000000,0.000000,1.025303,1.777186,false,false
2026-04-17T15:12:40.187878,0.049884,-0.796400,2.701184,295.234,NW,1,0.797960,1,0.797960,1.456630,2.006518,1.561413,-2.140416,7.532158,6.531382,-1.461750,0.064147,0.545146,1.561413,-0.303600,-0.754419,0.278555,0.859600,0.813216,30.678001,-49.573002,-33.782001,NaN,2.307879,true,Self-supervised model,0.210579,11.648000,118.817719,10.200697,0.000000,0.000000,0.932892,1.816441,false,false
2026-04-17T15:12:40.197153,0.049884,-0.796400,2.700839,295.253,NW,1,0.797960,1,0.797960,1.481295,2.007509,1.610783,-2.231396,7.687782,6.665458,-1.485938,0.202164,0.587997,1.610783,-0.242514,-0.772745,0.346971,0.881099,0.809906,30.678001,-49.573002,-33.782001,NaN,2.305247,true,Self-supervised model,0.210900,11.657000,118.837467,10.194515,0.000000,0.000000,0.919611,1.828151,false,false
2026-04-17T15:12:40.203619,0.049884,-0.796400,2.699979,295.303,NW,1,0.797960,1,0.797960,1.503249,2.009339,1.618510,-2.209848,7.814674,6.727707,-1.452120,0.381169,0.604676,1.618510,-0.215635,-0.740980,0.392175,0.865651,0.771718,30.678001,-49.573002,-33.782001,NaN,2.302327,true,Self-supervised model,0.210501,11.664000,118.886730,10.192621,0.000000,0.000000,0.928786,1.869703,false,false
2026-04-17T15:12:40.211960,0.049884,-0.796400,2.698549,295.385,NW,1,0.797960,1,0.797960,1.515619,2.011590,1.580561,-2.126051,7.984663,6.761226,-1.300162,0.603857,0.665665,1.580561,-0.202196,-0.683558,0.453873,0.845066,0.712836,30.678001,-49.573002,-33.782001,NaN,2.298612,true,Self-supervised model,0.210022,11.672000,118.968715,10.192659,0.000000,0.000000,0.958912,1.870341,false,false
2026-04-17T15:12:40.219818,0.049884,-0.796400,2.697346,295.453,NW,1,0.797960,1,0.797960,1.521620,2.013991,1.553128,-1.956063,8.200141,6.833052,-1.137558,0.766695,0.728249,1.553128,-0.207694,-0.606589,0.519235,0.825041,0.641161,30.678001,-49.573002,-33.782001,NaN,2.298321,true,Self-supervised model,0.210003,11.680000,119.037639,10.191579,0.000000,0.000000,0.979714,1.882485,false,false
2026-04-17T15:12:40.229611,0.049884,-0.796400,2.695959,295.533,NW,1,0.797960,1,0.797960,1.502294,2.015523,1.400833,-1.766921,8.355764,6.907272,-0.956835,0.734293,0.712470,1.400833,-0.237627,-0.527788,0.560163,0.805487,0.578814,30.678001,-49.573002,-33.782001,NaN,2.296199,true,Self-supervised model,0.208268,11.690000,119.117088,10.189657,0.000000,0.000000,1.072429,1.739113,false,false
2026-04-17T15:12:40.235663,0.049884,-0.796400,2.694134,295.637,NW,1,0.797960,1,0.797960,1.446065,2.014745,1.150861,-1.553837,8.315063,6.904878,-0.713515,0.596107,0.678258,1.150861,-0.275500,-0.437990,0.579100,0.776591,0.517432,30.678001,-49.573002,-33.782001,NaN,2.292622,true,Self-supervised model,0.203758,11.696000,119.221636,10.193368,0.000000,0.000000,1.256507,1.481940,false,false
2026-04-17T15:12:40.244748,0.049884,-0.796400,2.691298,295.800,NW,1,0.797960,1,0.797960,1.367242,2.010845,0.953423,-1.256956,8.166622,6.888118,-0.497934,0.387759,0.714646,0.953423,-0.294437,-0.348193,0.588263,0.744302,0.455995,30.678001,-49.573002,-33.782001,NaN,2.285742,true,Self-supervised model,0.200218,11.705000,119.384114,10.199412,0.000000,0.000000,1.434036,1.280962,false,false
2026-04-17T15:12:40.251841,0.049884,-0.796400,2.687610,296.011,NW,1,0.797960,1,0.797960,1.285187,2.003818,0.854396,-0.991199,7.946355,6.943185,-0.316835,0.201951,0.767348,0.854396,-0.302378,-0.261450,0.594372,0.716287,0.399736,30.678001,-49.573002,-33.782001,NaN,2.278642,true,Self-supervised model,0.197469,11.712000,119.595461,10.211361,0.000000,0.000000,1.504206,1.192812,false,false
2026-04-17T15:12:40.259812,0.049884,-0.796400,2.683220,296.263,NW,1,0.797960,1,0.797960,1.212623,1.994171,0.831665,-0.763750,7.747637,7.015011,-0.222114,0.152920,0.786732,0.831665,-0.298713,-0.213192,0.604146,0.706875,0.366988,30.678001,-49.573002,-33.782001,NaN,2.271446,true,Self-supervised model,0.196983,11.720000,119.847000,10.225853,0.000000,0.000000,1.458068,1.176537,false,false
2026-04-17T15:12:40.267363,0.049884,-0.796400,2.678241,296.548,NW,1,0.797960,1,0.797960,1.151138,1.982449,0.828343,-0.624887,7.685388,7.053318,-0.126882,0.197395,0.794411,0.828343,-0.297491,-0.199753,0.610865,0.708208,0.358333,30.678001,-49.573002,-33.782001,NaN,2.264111,true,Self-supervised model,0.196937,11.727000,120.132279,10.244076,0.000000,0.000000,1.389688,1.169632,false,false
2026-04-17T15:12:40.275689,0.049884,-0.796400,2.672773,296.861,NW,1,0.797960,1,0.797960,1.104006,1.969312,0.856559,-0.486023,7.716512,7.079654,-0.129369,0.329150,0.780139,0.856559,-0.293215,-0.222355,0.609644,0.712097,0.367990,30.678001,-49.573002,-33.782001,NaN,2.256691,true,Self-supervised model,0.198086,11.736000,120.445524,10.262911,0.000000,0.000000,1.288885,1.202868,false,false
