timestamp,position_x,position_y,heading_radians,heading_degrees,heading_label,steps,last_step_length_m,crossings,distance_m,filtered_accel,active_threshold,motion_magnitude,accel_x,accel_y,accel_z,user_accel_x,user_accel_y,user_accel_z,user_accel_magnitude,gyro_x,gyro_y,gyro_z,gyro_magnitude,tilt_gyro_magnitude,mag_x,mag_y,mag_z,geomagnetic_rotation_azimuth,game_rotation_azimuth,activity_recognition_granted,step_source,step_confidence,seconds_since_prev_step,heading_change_since_prev_step,heading_change_rate_since_prev_step,recent_step_interval_mean,recent_step_interval_std,filtered_to_user_accel_ratio,accel_to_gyro_ratio,phone_flat,imu_step_detected
2026-04-17T14:56:23.205466,0.000000,0.000000,0.000000,90.000,E,0,0.000000,0,0.000000,0.003388,1.100000,0.003388,-4.510676,8.717288,-0.083797,0.001616,-0.002978,-0.000024,0.003388,-0.167988,-0.536340,0.094073,0.569851,0.562032,14.134001,-33.955002,-13.790001,NaN,0.852549,true,Self-supervised model,0.283674,0.000000,0.000000,0.000000,0.000000,0.000000,0.000000,0.005946,false,false
2026-04-17T14:56:23.211031,0.000000,0.000000,-0.000585,90.034,E,0,0.000000,0,0.000000,0.039410,1.100000,0.228521,-4.663905,8.621520,-0.146046,-0.044264,-0.065527,0.214403,0.228521,-0.167988,-0.536340,0.094073,0.569851,0.562032,14.134001,-33.955002,-13.790001,NaN,0.849624,true,Self-supervised model,0.271176,0.000000,0.000000,0.000000,0.000000,0.000000,0.172455,0.401019,false,false
2026-04-17T14:56:23.217912,0.000000,0.000000,-0.004055,90.232,E,0,0.000000,0,0.000000,0.138265,1.100000,0.657254,-4.718972,8.554482,0.100556,0.122338,-0.087446,0.639819,0.657254,-0.167988,-0.536340,0.094073,0.569851,0.562032,14.134001,-33.955002,-13.790001,NaN,0.834616,true,Self-supervised model,0.274556,0.000000,0.000000,0.000000,0.000000,0.000000,0.210367,1.153378,false,false
2026-04-17T14:56:23.224564,0.000000,0.000000,-0.012045,90.690,E,0,0.000000,0,0.000000,0.292263,1.100000,1.100753,-4.544195,8.537724,0.622492,0.323071,-0.051969,1.050991,1.100753,-0.167988,-0.536340,0.094073,0.569851,0.562032,14.134001,-33.955002,-13.790001,NaN,0.808541,true,Self-supervised model,0.277349,0.000000,0.000000,0.000000,0.000000,0.000000,0.265512,1.931651,false,false
2026-04-17T14:56:23.233796,0.000000,0.000000,-0.026373,91.511,E,0,0.000000,0,0.000000,0.501170,1.100000,1.597934,-4.309563,8.590396,1.187524,0.628290,-0.036642,1.468776,1.597934,-0.167988,-0.536340,0.094073,0.569851,0.562032,14.134001,-33.955002,-13.790001,NaN,0.768866,true,Self-supervised model,0.294732,0.000000,0.000000,0.000000,0.000000,0.000000,0.313636,2.804126,false,false
2026-04-17T14:56:23.246165,0.000000,0.000000,-0.048262,92.765,E,0,0.000000,0,0.000000,0.741688,1.100000,2.004405,-3.931279,8.638280,1.824382,0.952494,-0.148491,1.757369,2.004405,-0.167988,-0.536340,0.094073,0.569851,0.562032,14.134001,-33.955002,-13.790001,NaN,0.716730,true,Self-supervised model,0.316556,0.000000,0.000000,0.000000,0.000000,0.000000,0.370029,3.517420,false,false
2026-04-17T14:56:23.248685,0.000000,0.000000,-0.078198,94.480,E,0,0.000000,0,0.000000,0.991361,1.100000,2.302147,-3.495534,8.568848,2.384625,1.206086,-0.285421,1.940044,2.302147,-0.167988,-0.536340,0.094073,0.569851,0.562032,14.134001,-33.955002,-13.790001,NaN,0.654606,true,Self-supervised model,0.144020,0.000000,0.000000,0.000000,0.000000,0.000000,0.430625,4.039911,false,false
2026-04-17T14:56:23.256125,0.000000,0.000000,-0.117748,96.746,E,0,0.000000,0,0.000000,1.268161,1.100000,2.721363,-3.100491,8.475474,2.873042,1.461972,-0.401293,2.259961,2.721363,-0.167988,-0.536340,0.094073,0.569851,0.562032,14.134001,-33.955002,-13.790001,NaN,0.576600,true,Self-supervised model,0.275851,0.000000,0.000000,0.000000,0.000000,0.000000,0.466002,4.775571,false,false
2026-04-17T14:56:23.264262,0.000000,0.000000,-0.168593,99.660,E,0,0.000000,0,0.000000,1.567738,1.100000,3.140517,-2.667141,8.398860,3.555390,1.690066,-0.394269,2.617456,3.140517,-0.167988,-0.536340,0.094073,0.569851,0.562032,14.134001,-33.955002,-13.790001,NaN,0.480578,true,Self-supervised model,0.278449,0.000000,0.000000,0.000000,0.000000,0.000000,0.499197,5.511122,false,false
2026-04-17T14:56:23.272018,0.000000,0.000000,-0.231576,103.268,E,0,0.000000,0,0.000000,1.876232,1.100000,3.495822,-2.217031,8.434772,4.335899,1.819943,-0.321150,2.967397,3.495822,-0.167988,-0.536340,0.094073,0.569851,0.562032,14.134001,-33.955002,-13.790001,NaN,0.369042,true,Self-supervised model,0.228163,0.000000,0.000000,0.000000,0.000000,0.000000,0.536707,6.134627,false,false
2026-04-17T14:56:23.280080,0.000000,0.000000,-0.305198,107.487,E,0,0.000000,0,0.000000,2.159715,1.100000,3.647999,-1.826776,8.513782,5.161899,1.808715,-0.232205,3.159514,3.647999,-0.167988,-0.536340,0.094073,0.569851,0.562032,14.134001,-33.955002,-13.790001,NaN,0.252863,true,Self-supervised model,0.232772,0.000000,0.000000,0.000000,0.000000,0.000000,0.592027,6.401673,false,false
2026-04-17T14:56:23.288876,0.000000,0.000000,-0.387213,112.186,E,0,0.000000,0,0.000000,2.436641,1.100000,3.890508,-1.558625,8.576031,5.851429,1.819103,-0.262163,3.429021,3.890508,-0.167988,-0.536340,0.094073,0.569851,0.562032,14.134001,-33.955002,-13.790001,NaN,0.137273,true,Self-supervised model,0.224413,0.000000,0.000000,0.000000,0.000000,0.000000,0.626304,6.827239,false,false
2026-04-17T14:56:23.298524,0.000000,0.000000,-0.474006,117.159,SE,0,0.000000,0,0.000000,2.686162,1.100000,3.996144,-1.256956,8.477868,6.641516,1.719105,-0.333937,3.591982,3.996144,-0.167988,-0.536340,0.094073,0.569851,0.562032,14.134001,-33.955002,-13.790001,NaN,0.031373,true,Self-supervised model,0.245738,0.000000,0.000000,0.000000,0.000000,0.000000,0.672188,7.012615,false,false
2026-04-17T14:56:23.304097,0.000000,0.000000,-0.559791,122.074,SE,0,0.000000,0,0.000000,2.868430,1.168066,3.825334,-1.070208,8.291121,7.333440,1.632046,-0.451960,3.430064,3.825334,-1.400103,-2.139861,1.010982,2.749796,2.557204,14.134001,-33.955002,-13.790001,NaN,-0.050383,true,Self-supervised model,0.103571,0.000000,0.000000,0.000000,0.000000,0.000000,0.749851,1.391134,false,false
2026-04-17T14:56:23.313258,0.000000,0.000000,-0.640606,126.704,SE,0,0.000000,0,0.000000,2.956298,1.261596,3.417608,-0.885855,8.030152,7.659051,1.435842,-0.483200,3.063482,3.417608,-1.243111,-2.180178,1.047023,2.719331,2.509682,14.134001,-33.955002,-13.790001,NaN,-0.111318,true,Self-supervised model,0.116285,0.000000,0.000000,0.000000,0.000000,0.000000,0.865020,1.256783,false,false
2026-04-17T14:56:23.320532,0.000000,0.000000,-0.714629,130.945,SE,0,0.000000,0,0.000000,2.973600,1.352076,3.064436,-0.842759,7.845799,7.711724,1.326905,-0.490845,2.718302,3.064436,-1.073901,-2.162463,1.087951,2.648235,2.414438,14.134001,-33.955002,-13.790001,NaN,-0.158171,true,Self-supervised model,0.101752,0.000000,0.000000,0.000000,0.000000,0.000000,0.970358,1.157162,false,false
2026-04-17T14:56:23.329245,0.000000,0.000000,-0.781296,134.765,SE,0,0.000000,0,0.000000,2.933325,1.437326,2.721880,-0.732626,7.685388,7.726089,1.234788,-0.433103,2.386703,2.721880,-0.803899,-1.988366,1.110553,2.415198,2.144727,14.134001,-33.955002,-13.790001,NaN,-0.195415,true,Self-supervised model,0.108839,0.000000,0.000000,0.000000,0.000000,0.000000,1.077683,1.126980,false,false
2026-04-17T14:56:23.339997,0.000000,0.000000,-0.841249,138.200,SE,0,0.000000,0,0.000000,2.834220,1.515202,2.313917,-0.622492,7.599196,7.697359,1.081448,-0.187631,2.037027,2.313917,-0.570548,-1.750129,1.091005,2.139806,1.840782,14.134001,-33.955002,-13.790001,NaN,-0.228515,true,Self-supervised model,0.130376,0.000000,0.000000,0.000000,0.000000,0.000000,1.224858,1.081368,false,false
2026-04-17T14:56:23.347375,0.000000,0.000000,-0.893523,141.195,SE,0,0.000000,0,0.000000,2.699574,1.584576,1.992683,-0.541090,7.685388,7.654263,0.944480,0.054497,1.753788,1.992683,-0.570548,-1.750129,1.091005,2.139806,1.840782,14.134001,-33.955002,-13.790001,NaN,-0.250068,true,Self-supervised model,0.110522,0.000000,0.000000,0.000000,0.000000,0.000000,1.354744,0.931245,false,false
2026-04-17T14:56:23.354586,0.000000,0.000000,-0.938594,143.777,SE,0,0.000000,0,0.000000,2.525918,1.644230,1.614223,-0.519542,7.829040,7.548918,0.843432,0.226120,1.357648,1.614223,-0.570548,-1.750129,1.091005,2.139806,1.840782,20.338001,-36.084003,-3.789000,NaN,-0.266328,true,Self-supervised model,0.121753,0.000000,0.000000,0.000000,0.000000,0.000000,1.564788,0.754378,false,false
2026-04-17T14:56:23.362764,0.000000,0.000000,-0.976953,145.975,SE,0,0.000000,0,0.000000,2.309671,1.692848,1.174373,-0.481235,7.934384,7.273585,0.725264,0.334719,0.860876,1.174373,-0.570548,-1.750129,1.091005,2.139806,1.840782,20.338001,-36.084003,-3.789000,NaN,-0.277844,true,Self-supervised model,0.157300,0.000000,0.000000,0.000000,0.000000,0.000000,1.966726,0.548822,false,false
2026-04-17T14:56:23.370559,0.000000,0.000000,-1.009228,147.825,SE,0,0.000000,0,0.000000,2.075769,1.730165,0.847788,-0.481235,8.013393,6.840234,0.651138,0.386221,0.381571,0.847788,-0.570548,-1.750129,1.091005,2.139806,1.840782,20.338001,-36.084003,-3.789000,NaN,-0.285778,true,Self-supervised model,0.174205,0.000000,0.000000,0.000000,0.000000,0.000000,2.448454,0.396198,false,false
2026-04-17T14:56:23.378283,0.000000,0.000000,-1.036261,149.373,SE,0,0.000000,0,0.000000,1.862135,1.757443,0.740555,-0.454898,8.068460,6.375759,0.611704,0.416959,0.019636,0.740555,-0.570548,-1.750129,1.091005,2.139806,1.840782,20.338001,-36.084003,-3.789000,NaN,-0.291845,true,Self-supervised model,0.180001,0.000000,0.000000,0.000000,0.000000,0.000000,2.514511,0.346085,false,false
2026-04-17T14:56:23.386443,0.000000,0.000000,-1.058769,150.663,SE,0,0.000000,0,0.000000,1.693913,1.776902,0.810746,-0.402226,8.128315,5.992687,0.577507,0.453127,-0.344195,0.810746,-0.570548,-1.750129,1.091005,2.139806,1.840782,20.338001,-36.084003,-3.789000,NaN,-0.296253,true,Self-supervised model,0.176922,0.000000,0.000000,0.000000,0.000000,0.000000,2.089326,0.378888,false,false
2026-04-17T14:56:23.394245,0.000000,0.000000,-1.077633,151.744,SE,0,0.000000,0,0.000000,1.581444,1.791084,0.990982,-0.351948,8.219295,5.571307,0.600601,0.521946,-0.590674,0.990982,-0.570548,-1.750129,1.091005,2.139806,1.840782,20.338001,-36.084003,-3.789000,NaN,-0.300539,true,Self-supervised model,0.158623,0.000000,0.000000,0.000000,0.000000,0.000000,1.595835,0.463118,false,false
2026-04-17T14:56:23.403101,0.000000,0.000000,-1.094570,152.714,SE,0,0.000000,0,0.000000,1.507744,1.801750,1.120817,-0.241814,8.362947,5.238513,0.651635,0.590858,-0.694615,1.120817,0.433714,-0.438601,0.542448,0.821419,0.616830,20.338001,-36.084003,-3.789000,NaN,-0.309771,true,Self-supervised model,0.202352,0.000000,0.000000,0.000000,0.000000,0.000000,1.345218,1.364489,false,false
2026-04-17T14:56:23.410610,0.000000,0.000000,-1.110414,153.622,SE,0,0.000000,0,0.000000,1.437974,1.809199,1.071686,-0.095768,8.516175,5.032612,0.662186,0.559554,-0.630016,1.071686,0.370184,-0.391565,0.478307,0.720512,0.538850,20.338001,-36.084003,-3.789000,NaN,-0.321241,true,Self-supervised model,0.193856,0.000000,0.000000,0.000000,0.000000,0.000000,1.341787,1.487395,false,false
2026-04-17T14:56:23.420452,0.000000,0.000000,-1.126062,154.519,SE,0,0.000000,0,0.000000,1.371601,1.813695,1.023140,0.011971,8.561666,5.001487,0.770813,0.474192,-0.477289,1.023140,0.323759,-0.334143,0.419664,0.626570,0.465265,20.338001,-36.084003,-3.789000,NaN,-0.336104,true,Self-supervised model,0.197936,0.000000,0.000000,0.000000,0.000000,0.000000,1.340580,1.632923,false,false
2026-04-17T14:56:23.426773,0.000000,0.000000,-1.142020,155.433,SE,0,0.000000,0,0.000000,1.310636,1.815573,0.990572,0.234632,8.537724,5.078102,0.834568,0.351045,-0.401865,0.990572,0.302989,-0.235183,0.343306,0.514755,0.383554,20.338001,-36.084003,-3.789000,NaN,-0.353302,true,Self-supervised model,0.179823,0.000000,0.000000,0.000000,0.000000,0.000000,1.323111,1.924356,false,false
2026-04-17T14:56:23.436247,0.000000,0.000000,-1.158307,156.366,SE,0,0.000000,0,0.000000,1.248314,1.814883,0.921123,0.421380,8.463503,5.092467,0.809093,0.196629,-0.393919,0.921123,0.311541,-0.103236,0.254731,0.415456,0.328201,20.338001,-36.084003,-3.789000,NaN,-0.370909,true,Self-supervised model,0.187286,0.000000,0.000000,0.000000,0.000000,0.000000,1.355209,2.217138,false,false
2026-04-17T14:56:23.442439,0.000000,0.000000,-1.174685,157.305,SE,0,0.000000,0,0.000000,1.186047,1.811729,0.859145,0.514753,8.348581,5.049371,0.725986,0.071574,-0.453819,0.859145,0.335976,0.035430,0.153327,0.371004,0.337839,20.338001,-36.084003,-3.789000,NaN,-0.387649,true,Self-supervised model,0.172296,0.000000,0.000000,0.000000,0.000000,0.000000,1.380497,2.315726,false,false
2026-04-17T14:56:23.453803,0.000000,0.000000,-1.190467,158.209,S,0,0.000000,0,0.000000,1.109062,1.805622,0.704893,0.538695,8.259995,4.939238,0.542735,0.035963,-0.448351,0.704893,0.359800,0.144164,0.065973,0.393181,0.387607,20.338001,-36.084003,-3.789000,NaN,-0.401046,true,Self-supervised model,0.188365,0.000000,0.000000,0.000000,0.000000,0.000000,1.573378,1.792793,false,false
2026-04-17T14:56:23.458546,0.000000,0.000000,-1.204675,159.023,S,0,0.000000,0,0.000000,1.010941,1.795835,0.495803,0.435745,8.257602,4.896142,0.287203,0.102742,-0.390869,0.495803,0.378736,0.226631,-0.032376,0.442551,0.441365,20.338001,-36.084003,-3.789000,NaN,-0.408959,true,Self-supervised model,0.180301,0.000000,0.000000,0.000000,0.000000,0.000000,2.038998,1.120330,false,false
2026-04-17T14:56:23.466775,0.000000,0.000000,-1.216820,159.719,S,0,0.000000,0,0.000000,0.910765,1.782432,0.384843,0.222661,8.355764,4.905719,0.110143,0.051560,-0.365122,0.384843,0.376293,0.258396,-0.111788,0.469959,0.456470,20.338001,-36.084003,-3.789000,NaN,-0.412848,true,Self-supervised model,0.208919,0.000000,0.000000,0.000000,0.000000,0.000000,2.366588,0.818887,false,false
2026-04-17T14:56:23.474479,0.000000,0.000000,-1.226149,160.253,S,0,0.000000,0,0.000000,0.818966,1.765894,0.337022,0.062249,8.331821,4.888960,-0.122591,-0.016715,-0.313489,0.337022,0.362243,0.266337,-0.164323,0.478704,0.449617,20.338001,-36.084003,-3.789000,NaN,-0.410920,true,Self-supervised model,0.209278,0.000000,0.000000,0.000000,0.000000,0.000000,2.430012,0.704029,false,false
2026-04-17T14:56:23.482921,0.000000,0.000000,-1.232230,160.602,S,0,0.000000,0,0.000000,0.755451,1.747476,0.421994,-0.189142,8.283937,4.908113,-0.318306,0.048958,-0.272697,0.421994,0.340863,0.289550,-0.201586,0.490575,0.447243,20.338001,-36.084003,-3.789000,NaN,-0.404002,true,Self-supervised model,0.190477,0.000000,0.000000,0.000000,0.000000,0.000000,1.790192,0.860204,false,false
2026-04-17T14:56:23.490550,0.000000,0.000000,-1.235043,160.763,S,0,0.000000,0,0.000000,0.723038,1.728499,0.552874,-0.433351,8.370130,4.915296,-0.460236,0.154953,-0.264277,0.552874,0.337198,0.337808,-0.215635,0.523751,0.477302,20.338001,-36.084003,-3.789000,NaN,-0.393746,true,Self-supervised model,0.153540,0.000000,0.000000,0.000000,0.000000,0.000000,1.307781,1.055605,false,false
2026-04-17T14:56:23.498341,0.000000,0.000000,-1.236586,160.851,S,0,0.000000,0,0.000000,0.718935,1.710116,0.697394,-0.644040,8.499416,4.884171,-0.559259,0.277845,-0.310466,0.697394,0.337198,0.409280,-0.212581,0.571317,0.530294,20.338001,-36.084003,-3.789000,NaN,-0.390211,true,Self-supervised model,0.140251,0.000000,0.000000,0.000000,0.000000,0.000000,1.030889,1.220678,false,false
2026-04-17T14:56:23.507172,0.000000,0.000000,-1.237077,160.879,S,0,0.000000,0,0.000000,0.739885,1.693307,0.849870,-0.773327,8.635885,4.814740,-0.661480,0.352315,-0.400744,0.849870,0.342695,0.483805,-0.208305,0.628410,0.592881,20.338001,-36.084003,-3.789000,NaN,-0.386495,true,Self-supervised model,0.160835,0.000000,0.000000,0.000000,0.000000,0.000000,0.870586,1.352413,false,false
2026-04-17T14:56:23.515130,0.000000,0.000000,-1.236686,160.857,S,0,0.000000,0,0.000000,0.776715,1.678643,0.970074,-0.909797,8.724471,4.699818,-0.713710,0.404432,-0.517779,0.970074,0.344528,0.570548,-0.196699,0.694921,0.666502,6.077000,-35.150002,-19.037001,NaN,-0.382572,true,Self-supervised model,0.180604,0.000000,0.000000,0.000000,0.000000,0.000000,0.800676,1.395948,false,false
2026-04-17T14:56:23.523108,0.000000,0.000000,-1.235683,160.799,S,0,0.000000,0,0.000000,0.822799,1.666409,1.064738,-1.000776,8.791509,4.556166,-0.756413,0.354680,-0.660082,1.064738,0.335976,0.634689,-0.185703,0.741752,0.718129,6.077000,-35.150002,-19.037001,NaN,-0.379120,true,Self-supervised model,0.192306,0.000000,0.000000,0.000000,0.000000,0.000000,0.772771,1.435437,false,false
2026-04-17T14:56:23.530965,0.000000,0.000000,-1.234202,160.715,S,0,0.000000,0,0.000000,0.873374,1.656688,1.138897,-1.082179,8.755595,4.388572,-0.792824,0.271698,-0.771167,1.138897,0.318261,0.673173,-0.169210,0.763600,0.744616,6.077000,-35.150002,-19.037001,NaN,-0.375729,true,Self-supervised model,0.198915,0.000000,0.000000,0.000000,0.000000,0.000000,0.766860,1.491485,false,false
2026-04-17T14:56:23.541255,0.000000,0.000000,-1.232032,160.590,S,0,0.000000,0,0.000000,0.934057,1.649783,1.252638,-1.158794,8.686164,4.252102,-0.853643,0.201946,-0.894211,1.252638,0.276722,0.679893,-0.150273,0.749274,0.734050,6.077000,-35.150002,-19.037001,NaN,-0.370806,true,Self-supervised model,0.213730,0.000000,0.000000,0.000000,0.000000,0.000000,0.745672,1.671802,false,false
2026-04-17T14:56:23.546792,0.000000,0.000000,-1.229305,160.434,S,0,0.000000,0,0.000000,1.006607,1.646056,1.387499,-1.268927,8.633492,4.096479,-0.952885,0.137988,-0.999060,1.387499,0.239459,0.665843,-0.134390,0.720242,0.707593,6.077000,-35.150002,-19.037001,NaN,-0.365847,true,Self-supervised model,0.229068,0.000000,0.000000,0.000000,0.000000,0.000000,0.725483,1.926434,false,false
2026-04-17T14:56:23.554559,0.000000,0.000000,-1.226137,160.252,S,0,0.000000,0,0.000000,1.096474,1.646072,1.568277,-1.417367,8.585608,3.960010,-1.103415,0.137801,-1.105883,1.568277,0.178373,0.629802,-0.106901,0.663246,0.654574,6.077000,-35.150002,-19.037001,NaN,-0.360913,true,Self-supervised model,0.256450,0.000000,0.000000,0.000000,0.000000,0.000000,0.699159,2.364547,false,false
2026-04-17T14:56:23.562546,0.000000,0.000000,-1.222649,160.053,S,0,0.000000,0,0.000000,1.195249,1.650039,1.713819,-1.616086,8.599973,3.823540,-1.207690,0.115465,-1.210507,1.713819,0.105680,0.595594,-0.068417,0.608754,0.604897,6.077000,-35.150002,-19.037001,NaN,-0.356148,true,Self-supervised model,0.276728,0.000000,0.000000,0.000000,0.000000,0.000000,0.697419,2.815292,false,false
2026-04-17T14:56:23.570514,0.000000,0.000000,-1.218960,159.841,S,0,0.000000,0,0.000000,1.299054,1.658000,1.844028,-1.766921,8.590396,3.691859,-1.297101,0.133463,-1.303901,1.844028,0.034819,0.571770,-0.031154,0.573676,0.572829,6.077000,-35.150002,-19.037001,NaN,-0.351657,true,Self-supervised model,0.295957,0.000000,0.000000,0.000000,0.000000,0.000000,0.704465,3.214409,false,false
2026-04-17T14:56:23.578723,0.000000,0.000000,-1.215848,159.663,S,0,0.000000,0,0.000000,1.405285,1.669891,1.962996,-1.900996,8.619126,3.574543,-1.395338,0.166004,-1.370704,1.962996,-0.054978,0.560163,0.015882,0.563079,0.562855,6.077000,-35.150002,-19.037001,NaN,-0.350853,true,Self-supervised model,0.317088,0.000000,0.000000,0.000000,0.000000,0.000000,0.715888,3.486183,false,false
2026-04-17T14:56:23.587980,0.000000,0.000000,-1.213368,159.521,S,0,0.000000,0,0.000000,1.495699,1.684924,1.970376,-2.025495,8.652645,3.502717,-1.412614,0.182349,-1.361488,1.970376,-0.147219,0.558942,0.064752,0.581620,0.578004,6.077000,-35.150002,-19.037001,NaN,-0.350895,true,Self-supervised model,0.320345,0.000000,0.000000,0.000000,0.000000,0.000000,0.759094,3.387736,false,false
2026-04-17T14:56:23.594393,0.000000,0.000000,-1.211561,159.417,S,0,0.000000,0,0.000000,1.567658,1.702233,1.945442,-2.066196,8.667010,3.512294,-1.430149,0.189765,-1.305146,1.945442,-0.233351,0.562607,0.111177,0.619144,0.609080,6.077000,-35.150002,-19.037001,NaN,-0.351788,true,Self-supervised model,0.316133,0.000000,0.000000,0.000000,0.000000,0.000000,0.805811,3.142147,false,false
2026-04-17T14:56:23.603274,0.000000,0.000000,-1.210424,159.352,S,0,0.000000,0,0.000000,1.615965,1.720782,1.869575,-2.104503,8.669404,3.574543,-1.420881,0.149634,-1.205827,1.869575,-0.326813,0.558331,0.145997,0.663216,0.646947,6.077000,-35.150002,-19.037001,NaN,-0.353324,true,Self-supervised model,0.304466,0.000000,0.000000,0.000000,0.000000,0.000000,0.864349,2.818954,false,false
2026-04-17T14:56:23.610666,0.000000,0.000000,-1.209918,159.323,S,0,0.000000,0,0.000000,1.646317,1.739804,1.805665,-2.114080,8.621520,3.684676,-1.489653,0.100254,-1.015534,1.805665,-0.378126,0.548557,0.161879,0.685637,0.666253,6.077000,-35.150002,-19.037001,NaN,-0.355345,true,Self-supervised model,0.294572,0.000000,0.000000,0.000000,0.000000,0.000000,0.911751,2.633557,false,false
2026-04-17T14:56:23.619681,0.000000,0.000000,-1.209991,159.327,S,0,0.000000,0,0.000000,1.662254,1.758702,1.745923,-2.200271,8.561666,3.890578,-1.564733,0.084560,-0.769874,1.745923,-0.444710,0.514349,0.183260,0.704205,0.679942,6.077000,-35.150002,-19.037001,NaN,-0.357737,true,Self-supervised model,0.285563,0.000000,0.000000,0.000000,0.000000,0.000000,0.952077,2.479280,false,false
2026-04-17T14:56:23.626399,0.000000,0.000000,-1.209475,159.298,S,0,0.000000,0,0.000000,1.665019,1.776954,1.679534,-2.291251,8.532935,4.156334,-1.614912,0.049168,-0.458776,1.679534,-0.496633,0.463647,0.216246,0.713005,0.679421,6.077000,-35.150002,-19.037001,NaN,-0.354864,true,Self-supervised model,0.272936,0.000000,0.000000,0.000000,0.000000,0.000000,0.991358,2.355572,false,false
2026-04-17T14:56:23.636060,0.000000,0.000000,-1.208535,159.244,S,0,0.000000,0,0.000000,1.666434,1.794534,1.673864,-2.384625,8.492233,4.469975,-1.666374,-0.021991,-0.156635,1.673864,-0.523512,0.420886,0.256563,0.719051,0.671721,6.077000,-35.150002,-19.037001,NaN,-0.352223,true,Self-supervised model,0.270409,0.000000,0.000000,0.000000,0.000000,0.000000,0.995561,2.327880,false,false
2026-04-17T14:56:23.642393,0.000000,0.000000,-1.207318,159.174,S,0,0.000000,0,0.000000,1.671114,1.811597,1.695684,-2.477999,8.413225,4.778827,-1.690340,-0.059878,0.120459,1.695684,-0.540005,0.386067,0.312763,0.733808,0.663817,6.077000,-35.150002,-19.037001,NaN,-0.349900,true,Self-supervised model,0.271024,0.000000,0.000000,0.000000,0.000000,0.000000,0.985510,2.310802,false,false
2026-04-17T14:56:23.654038,0.000000,0.000000,-1.205955,159.096,S,0,0.000000,0,0.000000,1.688028,1.828654,1.776828,-2.542642,8.365341,5.066131,-1.734115,-0.119806,0.368251,1.776828,-0.533896,0.375682,0.373850,0.752294,0.652826,6.077000,-35.150002,-19.037001,NaN,-0.347956,true,Self-supervised model,0.285011,0.000000,0.000000,0.000000,0.000000,0.000000,0.950023,2.361881,false,false
2026-04-17T14:56:23.658466,0.000000,0.000000,-1.204717,159.025,S,0,0.000000,0,0.000000,1.721131,1.846353,1.894922,-2.626439,8.293514,5.327099,-1.760992,-0.110559,0.690952,1.894922,-0.509462,0.386067,0.425162,0.767699,0.639217,6.077000,-35.150002,-19.037001,NaN,-0.347219,true,Self-supervised model,0.304177,0.000000,0.000000,0.000000,0.000000,0.000000,0.908286,2.468314,false,false
2026-04-17T14:56:23.667369,0.000000,0.000000,-1.203895,158.978,S,0,0.000000,0,0.000000,1.766356,1.865153,2.003787,-2.688689,8.288726,5.667076,-1.755836,-0.099996,0.960314,2.003787,-0.470977,0.414777,0.483805,0.792419,0.627582,6.077000,-35.150002,-19.037001,NaN,-0.348057,true,Self-supervised model,0.328770,0.000000,0.000000,0.000000,0.000000,0.000000,0.881509,2.528697,false,false
2026-04-17T14:56:23.674315,0.000000,0.000000,-1.203740,158.969,S,0,0.000000,0,0.000000,1.820121,1.885352,2.102388,-2.712631,8.283937,5.956774,-1.733334,-0.105879,1.185064,2.102388,-0.418443,0.455705,0.551000,0.828470,0.618677,7.118001,-36.657001,-18.048000,NaN,-0.350572,true,Self-supervised model,0.349971,0.000000,0.000000,0.000000,0.000000,0.000000,0.865740,2.537674,false,false
2026-04-17T14:56:23.682599,0.000000,0.000000,-1.204425,159.008,S,0,0.000000,0,0.000000,1.866914,1.906614,2.112577,-2.712631,8.262390,6.203377,-1.664038,-0.122412,1.295752,2.112577,-0.353080,0.524122,0.612087,0.879784,0.631957,7.118001,-36.657001,-18.048000,NaN,-0.354616,true,Self-supervised model,0.352646,0.000000,0.000000,0.000000,0.000000,0.000000,0.883714,2.401244,false,false
2026-04-17T14:56:23.690379,0.000000,0.000000,-1.206035,159.101,S,0,0.000000,0,0.000000,1.890049,1.927952,2.011507,-2.659958,8.231265,6.335058,-1.538479,-0.152751,1.286821,2.011507,-0.289550,0.614530,0.656069,0.944412,0.679328,7.118001,-36.657001,-18.048000,NaN,-0.359926,true,Self-supervised model,0.332337,0.000000,0.000000,0.000000,0.000000,0.000000,0.939618,2.129904,false,false
2026-04-17T14:56:23.698472,0.000000,0.000000,-1.209304,159.288,S,0,0.000000,0,0.000000,1.894241,1.948603,1.916251,-2.547431,8.188169,6.344635,-1.441613,-0.164054,1.251742,1.916251,-0.213192,0.757473,0.693332,1.048773,0.786903,7.118001,-36.657001,-18.048000,NaN,-0.369830,true,Self-supervised model,0.311093,0.000000,0.000000,0.000000,0.000000,0.000000,0.988514,1.827136,false,false
2026-04-17T14:56:23.706485,0.000000,0.000000,-1.213951,159.554,S,0,0.000000,0,0.000000,1.876320,1.967712,1.782236,-2.439692,8.171411,6.320693,-1.318798,-0.200032,1.182001,1.782236,-0.137445,0.929737,0.717156,1.182207,0.939841,7.118001,-36.657001,-18.048000,NaN,-0.379993,true,Self-supervised model,0.283124,0.000000,0.000000,0.000000,0.000000,0.000000,1.052790,1.507550,false,false
2026-04-17T14:56:23.714726,0.000000,0.000000,-1.219728,159.885,S,0,0.000000,0,0.000000,1.842058,1.984686,1.662181,-2.310405,8.133103,6.256049,-1.238678,-0.229267,1.084416,1.662181,-0.068417,1.101390,0.732427,1.324459,1.103513,7.118001,-36.657001,-18.048000,NaN,-0.390288,true,Self-supervised model,0.257870,0.000000,0.000000,0.000000,0.000000,0.000000,1.108218,1.254989,false,false
2026-04-17T14:56:23.722791,0.000000,0.000000,-1.226410,160.268,S,0,0.000000,0,0.000000,1.793511,1.999039,1.538636,-2.229002,8.104373,6.157887,-1.167289,-0.279719,0.962597,1.538636,-0.025656,1.241889,0.738536,1.445124,1.242154,7.118001,-36.657001,-18.048000,NaN,-0.400589,true,Self-supervised model,0.234802,0.000000,0.000000,0.000000,0.000000,0.000000,1.165650,1.064709,false,false
2026-04-17T14:56:23.730571,0.000000,0.000000,-1.233806,160.692,S,0,0.000000,0,0.000000,1.739995,2.010677,1.459036,-2.161964,8.056489,6.030994,-1.147558,-0.314825,0.844264,1.459036,0.004887,1.382388,0.736093,1.566159,1.382397,7.118001,-36.657001,-18.048000,NaN,-0.410840,true,Self-supervised model,0.213209,0.000000,0.000000,0.000000,0.000000,0.000000,1.192565,0.931602,false,false
2026-04-17T14:56:23.738664,0.000000,0.000000,-1.241754,161.147,S,0,0.000000,0,0.000000,1.685515,2.019671,1.399496,-2.152387,8.025364,5.904101,-1.163816,-0.312528,0.711652,1.399496,0.023824,1.492344,0.735482,1.663908,1.492534,7.118001,-36.657001,-18.048000,NaN,-0.420996,true,Self-supervised model,0.204026,0.000000,0.000000,0.000000,0.000000,0.000000,1.204373,0.841090,false,false
2026-04-17T14:56:23.747004,0.000000,0.000000,-1.250158,161.629,S,0,0.000000,0,0.000000,1.627602,2.025988,1.323560,-2.183512,8.032547,5.760449,-1.160458,-0.296153,0.563420,1.323560,0.025045,1.566869,0.747699,1.736307,1.567070,7.118001,-36.657001,-18.048000,NaN,-0.431229,true,Self-supervised model,0.193348,0.000000,0.000000,0.000000,0.000000,0.000000,1.229715,0.762285,false,false
2026-04-17T14:56:23.754753,0.000000,0.000000,-1.258971,162.134,S,0,0.000000,0,0.000000,1.573369,2.029883,1.288648,-2.197877,8.054094,5.600038,-1.203695,-0.279794,0.365304,1.288648,0.018937,1.611462,0.764192,1.783581,1.611574,7.118001,-36.657001,-18.048000,NaN,-0.441672,true,Self-supervised model,0.182176,0.000000,0.000000,0.000000,0.000000,0.000000,1.220946,0.722506,false,false
2026-04-17T14:56:23.762549,0.000000,0.000000,-1.268176,162.661,S,0,0.000000,0,0.000000,1.520888,2.031523,1.245362,-2.260126,8.075643,5.389348,-1.215317,-0.167167,0.214448,1.245362,-0.006720,1.654834,0.784962,1.831580,1.654848,7.118001,-36.657001,-18.048000,NaN,-0.452449,true,Self-supervised model,0.176748,0.000000,0.000000,0.000000,0.000000,0.000000,1.221242,0.679939,false,false
2026-04-17T14:56:23.770805,0.000000,0.000000,-1.277068,163.171,S,0,0.000000,0,0.000000,1.464752,2.030853,1.170040,-2.291251,8.192958,5.226542,-1.167481,0.023504,0.073681,1.170040,-0.037263,1.694540,0.805731,1.876715,1.694950,7.118001,-36.657001,-18.048000,NaN,-0.460087,true,Self-supervised model,0.178745,0.000000,0.000000,0.000000,0.000000,0.000000,1.251883,0.623451,false,false
2026-04-17T14:56:23.778790,0.000000,0.000000,-1.285802,163.671,S,0,0.000000,0,0.000000,1.407381,2.027914,1.106180,-2.286463,8.379706,5.082890,-1.091763,0.175735,-0.028377,1.106180,-0.072693,1.720807,0.821614,1.908275,1.722342,7.118001,-36.657001,-18.048000,NaN,-0.468188,true,Self-supervised model,0.172509,0.000000,0.000000,0.000000,0.000000,0.000000,1.272289,0.579676,false,false
2026-04-17T14:56:23.787059,0.000000,0.000000,-1.294503,164.170,S,0,0.000000,0,0.000000,1.347437,2.022695,1.032734,-2.252944,8.528147,4.977545,-0.976861,0.310863,-0.125082,1.032734,-0.101404,1.729360,0.825279,1.918867,1.732330,7.118001,-36.657001,-18.048000,NaN,-0.476758,true,Self-supervised model,0.174422,0.000000,0.000000,0.000000,0.000000,0.000000,1.304729,0.538200,false,false
2026-04-17T14:56:23.794362,0.000000,0.000000,-1.303221,164.669,S,0,0.000000,0,0.000000,1.279564,2.014969,0.923230,-2.178724,8.659827,4.876989,-0.803678,0.385676,-0.240227,0.923230,-0.131336,1.728138,0.821003,1.917747,1.733121,7.118001,-36.657001,-18.048000,NaN,-0.485546,true,Self-supervised model,0.169339,0.000000,0.000000,0.000000,0.000000,0.000000,1.385964,0.481414,false,false
2026-04-17T14:56:23.803033,0.000000,0.000000,-1.311968,165.170,S,0,0.000000,0,0.000000,1.214707,2.004959,0.874207,-2.044648,8.731653,4.757279,-0.677278,0.424069,-0.354540,0.874207,-0.161879,1.704314,0.800233,1.889779,1.711985,7.118001,-36.657001,-18.048000,NaN,-0.494406,true,Self-supervised model,0.171237,0.000000,0.000000,0.000000,0.000000,0.000000,1.389495,0.462598,false,false
2026-04-17T14:56:23.810641,0.000000,0.000000,-1.320732,165.672,S,0,0.000000,0,0.000000,1.154732,1.992950,0.839860,-1.956063,8.767567,4.637568,-0.504586,0.461918,-0.487226,0.839860,-0.183260,1.668273,0.778853,1.850225,1.678308,7.118001,-36.657001,-18.048000,NaN,-0.503237,true,Self-supervised model,0.166671,0.000000,0.000000,0.000000,0.000000,0.000000,1.374910,0.453923,false,false
2026-04-17T14:56:23.820278,0.000000,0.000000,-1.329493,166.174,S,0,0.000000,0,0.000000,1.103126,1.979357,0.832196,-1.819593,8.803479,4.498705,-0.343567,0.465816,-0.597936,0.832196,-0.209527,1.618182,0.753808,1.797398,1.631691,7.118001,-36.657001,-18.048000,NaN,-0.511989,true,Self-supervised model,0.171019,0.000000,0.000000,0.000000,0.000000,0.000000,1.325560,0.463000,false,false
2026-04-17T14:56:23.827172,0.000000,0.000000,-1.338220,166.674,S,0,0.000000,0,0.000000,1.063070,1.964705,0.852774,-1.692701,8.805874,4.381389,-0.223143,0.476934,-0.670794,0.852774,-0.253509,1.544267,0.713491,1.719912,1.564937,7.118001,-36.657001,-18.048000,NaN,-0.520581,true,Self-supervised model,0.160928,0.000000,0.000000,0.000000,0.000000,0.000000,1.246602,0.495824,false,false
2026-04-17T14:56:23.837346,0.000000,0.000000,-1.346882,167.171,S,0,0.000000,0,0.000000,1.030425,1.949334,0.859044,-1.604115,8.815451,4.302381,-0.100123,0.467113,-0.713959,0.859044,-0.312763,1.470963,0.668897,1.645897,1.503846,7.543000,-36.773003,-18.713001,NaN,-0.528979,true,Self-supervised model,0.172306,0.000000,0.000000,0.000000,0.000000,0.000000,1.199503,0.521930,false,false
2026-04-17T14:56:23.842578,0.000000,0.000000,-1.355472,167.663,S,0,0.000000,0,0.000000,1.006489,1.933620,0.880821,-1.510741,8.803479,4.254497,0.006411,0.450963,-0.756596,0.880821,-0.368963,1.409266,0.630413,1.587320,1.456765,7.543000,-36.773003,-18.713001,NaN,-0.537286,true,Self-supervised model,0.156011,0.000000,0.000000,0.000000,0.000000,0.000000,1.142671,0.554911,false,false
2026-04-17T14:56:23.854602,0.000000,0.000000,-1.363987,168.151,S,0,0.000000,0,0.000000,0.984950,1.917674,0.871870,-1.431733,8.784326,4.209007,0.084616,0.457684,-0.737240,0.871870,-0.437990,1.355510,0.586431,1.540501,1.424515,7.543000,-36.773003,-18.713001,NaN,-0.545495,true,Self-supervised model,0.174118,0.000000,0.000000,0.000000,0.000000,0.000000,1.129698,0.565965,false,false
2026-04-17T14:56:23.858864,0.000000,0.000000,-1.372456,168.636,S,0,0.000000,0,0.000000,0.952236,1.901056,0.780487,-1.379060,8.786720,4.228160,0.180433,0.406024,-0.641676,0.780487,-0.503964,1.324967,0.549168,1.520231,1.417574,7.543000,-36.773003,-18.713001,NaN,-0.553785,true,Self-supervised model,0.144609,0.000000,0.000000,0.000000,0.000000,0.000000,1.220053,0.513400,false,false
2026-04-17T14:56:23.866794,0.000000,0.000000,-1.380910,169.120,S,0,0.000000,0,0.000000,0.901831,1.883087,0.637208,-1.307234,8.729259,4.326323,0.229733,0.319936,-0.500897,0.637208,-0.557720,1.310917,0.515570,1.515047,1.424624,7.543000,-36.773003,-18.713001,NaN,-0.562175,true,Self-supervised model,0.160057,0.000000,0.000000,0.000000,0.000000,0.000000,1.415286,0.420586,false,false
2026-04-17T14:56:23.874606,0.000000,0.000000,-1.389380,169.606,S,0,0.000000,0,0.000000,0.826073,1.862806,0.428339,-1.280898,8.635885,4.472369,0.292243,0.151449,-0.274102,0.428339,-0.586431,1.298089,0.488081,1.505709,1.424407,7.543000,-36.773003,-18.713001,NaN,-0.570714,true,Self-supervised model,0.176978,0.000000,0.000000,0.000000,0.000000,0.000000,1.928547,0.284477,false,false
2026-04-17T14:56:23.882704,0.000000,0.000000,-1.397876,170.092,S,0,0.000000,0,0.000000,0.744523,1.840075,0.316387,-1.240196,8.458714,4.707001,0.303720,0.061056,-0.064239,0.316387,-0.605367,1.280374,0.455095,1.487594,1.416272,7.543000,-36.773003,-18.713001,NaN,-0.579313,true,Self-supervised model,0.189819,0.000000,0.000000,0.000000,0.000000,0.000000,2.353206,0.212683,false,false
2026-04-17T14:56:23.890595,0.000000,0.000000,-1.406401,170.581,S,0,0.000000,0,0.000000,0.679840,1.815666,0.340256,-1.249773,8.358158,4.927267,0.316648,0.062881,0.107489,0.340256,-0.610865,1.260215,0.428217,1.464468,1.400464,7.543000,-36.773003,-18.713001,NaN,-0.587951,true,Self-supervised model,0.175414,0.000000,0.000000,0.000000,0.000000,0.000000,1.998026,0.232341,false,false
2026-04-17T14:56:23.898566,0.000000,0.000000,-1.414981,171.072,S,0,0.000000,0,0.000000,0.638516,1.790580,0.421567,-1.256956,8.348581,5.111620,0.306860,0.121068,0.262485,0.421567,-0.612698,1.246165,0.412945,1.448741,1.388642,7.543000,-36.773003,-18.713001,NaN,-0.596753,true,Self-supervised model,0.152695,0.000000,0.000000,0.000000,0.000000,0.000000,1.514625,0.290989,false,false
2026-04-17T14:56:23.906946,0.000000,0.000000,-1.423628,171.568,S,0,0.000000,0,0.000000,0.619046,1.765718,0.516824,-1.285686,8.394072,5.281609,0.286895,0.178276,0.391172,0.516824,-0.609644,1.246165,0.406225,1.445549,1.387297,7.543000,-36.773003,-18.713001,NaN,-0.605668,true,Self-supervised model,0.142786,0.000000,0.000000,0.000000,0.000000,0.000000,1.197788,0.357528,false,false
2026-04-17T14:56:23.914731,0.000000,0.000000,-1.432367,172.069,S,0,0.000000,0,0.000000,0.620920,1.741926,0.630759,-1.323994,8.437167,5.427655,0.309440,0.195647,0.513639,0.630759,-0.596204,1.248609,0.411112,1.443432,1.383648,7.543000,-36.773003,-18.713001,NaN,-0.614772,true,Self-supervised model,0.147893,0.000000,0.000000,0.000000,0.000000,0.000000,0.984401,0.436985,false,false
2026-04-17T14:56:23.923951,0.000000,0.000000,-1.441224,172.576,S,0,0.000000,0,0.000000,0.639777,1.719840,0.738778,-1.319205,8.439561,5.568913,0.390539,0.148531,0.609271,0.738778,-0.582765,1.244943,0.417221,1.436514,1.374591,7.543000,-36.773003,-18.713001,NaN,-0.624104,true,Self-supervised model,0.166319,0.000000,0.000000,0.000000,0.000000,0.000000,0.865994,0.514285,false,false
2026-04-17T14:56:23.931192,0.000000,0.000000,-1.450192,173.090,S,0,0.000000,0,0.000000,0.664674,1.699634,0.795383,-1.254562,8.377312,5.683835,0.412811,0.075202,0.675697,0.795383,-0.558331,1.220509,0.405615,1.402105,1.342153,7.543000,-36.773003,-18.713001,NaN,-0.633517,true,Self-supervised model,0.168896,0.000000,0.000000,0.000000,0.000000,0.000000,0.835665,0.567278,false,false
2026-04-17T14:56:23.939223,0.000000,0.000000,-1.459283,173.611,S,0,0.000000,0,0.000000,0.705841,1.681882,0.921968,-1.247379,8.288726,5.770026,0.499393,0.021152,0.774715,0.921968,-0.543670,1.185689,0.397062,1.363486,1.304391,7.543000,-36.773003,-18.713001,NaN,-0.643098,true,Self-supervised model,0.187211,0.000000,0.000000,0.000000,0.000000,0.000000,0.765581,0.676184,false,false
2026-04-17T14:56:23.947525,0.000000,0.000000,-1.468469,174.137,S,0,0.000000,0,0.000000,0.753550,1.666749,1.004023,-1.173159,8.219295,5.889736,0.521198,-0.032172,0.857543,1.004023,-0.530842,1.104444,0.381180,1.283312,1.225394,7.543000,-36.773003,-18.713001,NaN,-0.652665,true,Self-supervised model,0.194683,0.000000,0.000000,0.000000,0.000000,0.000000,0.750531,0.782369,false,false
2026-04-17T14:56:23.955269,0.000000,0.000000,-1.477735,174.668,S,0,0.000000,0,0.000000,0.810187,1.654486,1.107528,-1.161188,8.149862,5.995081,0.587399,-0.075225,0.935907,1.107528,-0.519846,1.041525,0.376904,1.223549,1.164051,7.543000,-36.773003,-18.713001,NaN,-0.662248,true,Self-supervised model,0.201725,0.000000,0.000000,0.000000,0.000000,0.000000,0.731527,0.905177,false,false
2026-04-17T14:56:23.962436,0.000000,0.000000,-1.486722,175.183,S,0,0.000000,0,0.000000,0.867278,1.644998,1.167005,-1.101333,8.090008,6.098032,0.647871,-0.128308,0.962134,1.167005,-0.507629,0.925461,0.374460,1.119994,1.055540,7.543000,-36.773003,-18.713001,NaN,-0.670121,true,Self-supervised model,0.205926,0.000000,0.000000,0.000000,0.000000,0.000000,0.743165,1.041975,false,false
2026-04-17T14:56:23.971535,0.000000,0.000000,-1.495468,175.684,S,0,0.000000,0,0.000000,0.928156,1.638324,1.247766,-1.053449,8.020576,6.145916,0.681542,-0.171977,1.030943,1.247766,-0.496023,0.860098,0.368352,1.059004,0.992878,7.543000,-36.773003,-18.713001,NaN,-0.677903,true,Self-supervised model,0.216846,0.000000,0.000000,0.000000,0.000000,0.000000,0.743854,1.178244,false,false
2026-04-17T14:56:23.978660,0.000000,0.000000,-1.503982,176.172,S,0,0.000000,0,0.000000,0.989664,1.634378,1.312583,-1.029507,7.960721,6.236896,0.708612,-0.251826,1.075791,1.312583,-0.477697,0.806342,0.356745,1.002820,0.937220,7.543000,-36.773003,-18.713001,NaN,-0.685488,true,Self-supervised model,0.217528,0.000000,0.000000,0.000000,0.000000,0.000000,0.753982,1.308891,false,false
2026-04-17T14:56:23.988427,0.000000,0.000000,-1.512709,176.672,S,0,0.000000,0,0.000000,1.047807,1.632915,1.353058,-1.010353,7.864953,6.303933,0.685808,-0.367157,1.107081,1.353058,-0.442877,0.764803,0.339641,0.946795,0.883778,7.543000,-36.773003,-18.713001,NaN,-0.695069,true,Self-supervised model,0.221792,0.000000,0.000000,0.000000,0.000000,0.000000,0.774399,1.429093,false,false
2026-04-17T14:56:23.994599,0.000000,0.000000,-1.521541,177.178,S,0,0.000000,0,0.000000,1.093871,1.633353,1.335705,-1.027112,7.730877,6.366182,0.609977,-0.417964,1.112359,1.335705,-0.401338,0.737314,0.321926,0.899078,0.839467,6.683000,-40.130001,-15.071001,NaN,-0.704322,true,Self-supervised model,0.208063,0.000000,0.000000,0.000000,0.000000,0.000000,0.818946,1.485639,false,false
2026-04-17T14:56:24.005656,0.000000,0.000000,-1.530386,177.685,S,0,0.000000,0,0.000000,1.125480,1.635038,1.291427,-1.096544,7.661446,6.402095,0.517609,-0.459810,1.090156,1.291427,-0.315817,0.718988,0.315206,0.846191,0.785293,6.683000,-40.130001,-15.071001,NaN,-0.713216,true,Self-supervised model,0.202717,0.000000,0.000000,0.000000,0.000000,0.000000,0.871501,1.526164,false,false
2026-04-17T14:56:24.010519,0.000000,0.000000,-1.539180,178.189,S,0,0.000000,0,0.000000,1.142758,1.637347,1.233466,-1.182736,7.601591,6.409278,0.434869,-0.517319,1.031847,1.233466,-0.287107,0.720210,0.317650,0.837875,0.775328,6.683000,-40.130001,-15.071001,NaN,-0.721807,true,Self-supervised model,0.182191,0.000000,0.000000,0.000000,0.000000,0.000000,0.926461,1.472136,false,false
2026-04-17T14:56:24.022524,0.000000,0.000000,-1.547898,178.688,S,0,0.000000,0,0.000000,1.145999,1.639693,1.163017,-1.259350,7.527370,6.378153,0.380903,-0.547918,0.952527,1.163017,-0.213192,0.730595,0.334754,0.831432,0.761065,6.683000,-40.130001,-15.071001,NaN,-0.730224,true,Self-supervised model,0.180065,0.000000,0.000000,0.000000,0.000000,0.000000,0.985367,1.398811,false,false
2026-04-17T14:56:24.026392,0.000000,0.000000,-1.556562,179.184,S,0,0.000000,0,0.000000,1.136756,1.641576,1.088230,-1.307234,7.481880,6.323087,0.340756,-0.642846,0.809246,1.088230,-0.145997,0.747699,0.356134,0.840952,0.761820,6.683000,-40.130001,-15.071001,NaN,-0.738667,true,Self-supervised model,0.162553,0.000000,0.000000,0.000000,0.000000,0.000000,1.044592,1.294045,false,false
2026-04-17T14:56:24.035823,0.000000,0.000000,-1.564700,179.651,S,0,0.000000,0,0.000000,1.123401,1.642849,1.053289,-1.340753,7.374141,6.200983,0.351072,-0.763860,0.634574,1.053289,-0.063530,0.775188,0.389732,0.869968,0.777787,6.683000,-40.130001,-15.071001,NaN,-0.744702,true,Self-supervised model,0.170152,0.000000,0.000000,0.000000,0.000000,0.000000,1.066565,1.210722,false,false
2026-04-17T14:56:24.042838,0.000000,0.000000,-1.572452,180.095,S,0,0.000000,0,0.000000,1.112153,1.643621,1.053102,-1.335965,7.252037,6.026206,0.398409,-0.878880,0.421739,1.053102,0.018937,0.802066,0.425162,0.907982,0.802290,6.683000,-40.130001,-15.071001,NaN,-0.750912,true,Self-supervised model,0.168777,0.000000,0.000000,0.000000,0.000000,0.000000,1.056074,1.159827,false,false
2026-04-17T14:56:24.053498,0.000000,0.000000,-1.579901,180.522,S,0,0.000000,0,0.000000,1.110458,1.644294,1.101555,-1.292869,7.139510,5.808333,0.418563,-1.004858,0.168787,1.101555,0.094684,0.818559,0.452651,0.940158,0.824017,6.683000,-40.130001,-15.071001,NaN,-0.757149,true,Self-supervised model,0.174378,0.000000,0.000000,0.000000,0.000000,0.000000,1.008082,1.171670,false,false
2026-04-17T14:56:24.058556,0.000000,0.000000,-1.587102,180.934,S,0,0.000000,0,0.000000,1.123454,1.645461,1.191686,-1.276109,7.019799,5.544971,0.476366,-1.079420,-0.167460,1.191686,0.154549,0.825890,0.473421,0.964420,0.840226,6.683000,-40.130001,-15.071001,NaN,-0.763356,true,Self-supervised model,0.181031,0.000000,0.000000,0.000000,0.000000,0.000000,0.942744,1.235650,false,false
2026-04-17T14:56:24.066803,0.000000,0.000000,-1.594081,181.334,S,0,0.000000,0,0.000000,1.157838,1.647956,1.338352,-1.221043,6.955156,5.193024,0.471267,-1.149936,-0.496730,1.338352,0.207083,0.828333,0.492357,0.985614,0.853826,6.683000,-40.130001,-15.071001,NaN,-0.769449,true,Self-supervised model,0.206287,0.000000,0.000000,0.000000,0.000000,0.000000,0.865122,1.357887,false,false
2026-04-17T14:56:24.074855,0.000000,0.000000,-1.601114,181.737,S,0,0.000000,0,0.000000,1.208921,1.652394,1.477107,-1.228225,6.897695,4.843470,0.423450,-1.141662,-0.836147,1.477107,0.241292,0.816727,0.503353,0.989257,0.851625,6.683000,-40.130001,-15.071001,NaN,-0.776699,true,Self-supervised model,0.228327,0.000000,0.000000,0.000000,0.000000,0.000000,0.818438,1.493148,false,false
2026-04-17T14:56:24.083049,0.000000,0.000000,-1.608101,182.137,S,0,0.000000,0,0.000000,1.262231,1.658788,1.542109,-1.271321,6.916849,4.489128,0.323662,-1.059889,-1.072371,1.542109,0.245568,0.783129,0.521679,0.972494,0.820728,6.683000,-40.130001,-15.071001,NaN,-0.783501,true,Self-supervised model,0.237651,0.000000,0.000000,0.000000,0.000000,0.000000,0.818509,1.585727,false,false
2026-04-17T14:56:24.090667,0.000000,0.000000,-1.615029,182.534,S,0,0.000000,0,0.000000,1.317790,1.667148,1.609472,-1.367089,7.012617,4.232949,0.234475,-0.926903,-1.294710,1.609472,0.223577,0.725708,0.540616,0.932150,0.759367,6.683000,-40.130001,-15.071001,NaN,-0.790192,true,Self-supervised model,0.246918,0.000000,0.000000,0.000000,0.000000,0.000000,0.818771,1.726624,false,false
2026-04-17T14:56:24.098987,0.000000,0.000000,-1.621962,182.932,S,0,0.000000,0,0.000000,1.369720,1.677251,1.642352,-1.450886,7.161057,3.988740,0.177411,-0.683359,-1.482857,1.642352,0.169821,0.638354,0.566883,0.870455,0.660557,6.683000,-40.130001,-15.071001,NaN,-0.797146,true,Self-supervised model,0.253628,0.000000,0.000000,0.000000,0.000000,0.000000,0.833999,1.886775,false,false
2026-04-17T14:56:24.106877,0.000000,0.000000,-1.629013,183.336,S,0,0.000000,0,0.000000,1.416401,1.688817,1.661481,-1.498770,7.419631,3.780444,0.101027,-0.430474,-1.601563,1.661481,0.082467,0.543670,0.600481,0.814220,0.549889,6.683000,-40.130001,-15.071001,NaN,-0.804669,true,Self-supervised model,0.254780,0.000000,0.000000,0.000000,0.000000,0.000000,0.852493,2.040579,false,false
2026-04-17T14:56:24.115340,0.000000,0.000000,-1.636327,183.755,S,0,0.000000,0,0.000000,1.457336,1.701558,1.672240,-1.561020,7.685388,3.646369,0.081653,-0.267123,-1.648746,1.672240,-0.023824,0.472199,0.627359,0.785569,0.472799,6.683000,-40.130001,-15.071001,NaN,-0.813035,true,Self-supervised model,0.256518,0.000000,0.000000,0.000000,0.000000,0.000000,0.871487,2.128700,false,false
2026-04-17T14:56:24.122980,0.000000,0.000000,-1.643982,184.193,S,0,0.000000,0,0.000000,1.487209,1.714984,1.644047,-1.561020,7.857770,3.591303,0.073343,-0.111623,-1.638613,1.644047,-0.116064,0.431882,0.637743,0.778915,0.447206,6.683000,-40.130001,-15.071001,NaN,-0.822049,true,Self-supervised model,0.249262,0.000000,0.000000,0.000000,0.000000,0.000000,0.904603,2.110687,false,false
2026-04-17T14:56:24.130503,0.000000,0.000000,-1.652023,184.654,S,0,0.000000,0,0.000000,1.496801,1.728256,1.547156,-1.546654,8.018182,3.600879,0.089673,0.005057,-1.544547,1.547156,-0.221744,0.415999,0.646295,0.799952,0.471408,6.683000,-40.130001,-15.071001,NaN,-0.831637,true,Self-supervised model,0.232894,0.000000,0.000000,0.000000,0.000000,0.000000,0.967453,1.934061,false,false
2026-04-17T14:56:24.138843,0.000000,0.000000,-1.660450,185.137,S,0,0.000000,0,0.000000,1.482241,1.740416,1.405799,-1.505953,8.135497,3.701436,0.130091,0.096856,-1.396411,1.405799,-0.310320,0.432493,0.643241,0.834929,0.532304,6.683000,-40.130001,-15.071001,NaN,-0.841610,true,Self-supervised model,0.216352,0.000000,0.000000,0.000000,0.000000,0.000000,1.054376,1.683733,false,false
2026-04-17T14:56:24.147758,0.000000,0.000000,-1.669223,185.639,S,0,0.000000,0,0.000000,1.448173,1.750726,1.269320,-1.441309,8.224083,3.861847,0.153104,0.136821,-1.252603,1.269320,-0.379958,0.469755,0.635300,0.876724,0.604184,6.683000,-40.130001,-15.071001,NaN,-0.851768,true,Self-supervised model,0.205570,0.000000,0.000000,0.000000,0.000000,0.000000,1.140905,1.447800,false,false
2026-04-17T14:56:24.155363,0.000000,0.000000,-1.678269,186.158,S,0,0.000000,0,0.000000,1.392745,1.758407,1.101748,-1.395820,8.257602,4.022259,0.162204,0.188811,-1.073260,1.101748,-0.425162,0.510683,0.620639,0.909260,0.664500,8.511001,-38.329002,-13.326000,NaN,-0.861904,true,Self-supervised model,0.197405,0.000000,0.000000,0.000000,0.000000,0.000000,1.264124,1.211697,false,false
2026-04-17T14:56:24.162707,0.000000,0.000000,-1.687457,186.684,S,0,0.000000,0,0.000000,1.319881,1.762866,0.937344,-1.367089,8.300697,4.220978,0.169794,0.310465,-0.867983,0.937344,-0.459371,0.558942,0.599870,0.939830,0.723490,8.511001,-38.329002,-13.326000,NaN,-0.871658,true,Self-supervised model,0.194703,0.000000,0.000000,0.000000,0.000000,0.000000,1.408108,0.997354,false,false
2026-04-17T14:56:24.171350,0.000000,0.000000,-1.696702,187.214,S,0,0.000000,0,0.000000,1.245329,1.764164,0.853932,-1.343147,8.415619,4.441244,0.132375,0.445977,-0.716088,0.853932,-0.475253,0.595594,0.580322,0.957795,0.761969,8.511001,-38.329002,-13.326000,NaN,-0.881135,true,Self-supervised model,0.192092,0.000000,0.000000,0.000000,0.000000,0.000000,1.458346,0.891561,false,false
2026-04-17T14:56:24.178889,0.000000,0.000000,-1.705907,187.741,S,0,0.000000,0,0.000000,1.182439,1.762895,0.852263,-1.367089,8.544906,4.606444,0.109254,0.573006,-0.621354,0.852263,-0.483194,0.607200,0.552222,0.952427,0.775995,8.511001,-38.329002,-13.326000,NaN,-0.890179,true,Self-supervised model,0.180870,0.000000,0.000000,0.000000,0.000000,0.000000,1.387411,0.894832,false,false
2026-04-17T14:56:24.186855,0.000000,0.000000,-1.714988,188.262,S,0,0.000000,0,0.000000,1.129199,1.759547,0.849693,-1.379060,8.667010,4.711789,0.044809,0.672617,-0.517259,0.849693,-0.499077,0.596204,0.525955,0.938704,0.777520,8.511001,-38.329002,-13.326000,NaN,-0.898764,true,Self-supervised model,0.173661,0.000000,0.000000,0.000000,0.000000,0.000000,1.328950,0.905176,false,false
2026-04-17T14:56:24.194311,0.000000,0.000000,-1.723874,188.771,S,0,0.000000,0,0.000000,1.099328,1.755139,0.942505,-1.434127,8.762778,4.824317,-0.014163,0.886209,-0.320543,0.942505,-0.528398,0.553444,0.495412,0.911558,0.765183,8.511001,-38.329002,-13.326000,NaN,-0.906869,true,Self-supervised model,0.164571,0.000000,0.000000,0.000000,0.000000,0.000000,1.166390,1.033950,false,false
2026-04-17T14:56:24.203406,0.000000,0.000000,-1.732521,189.266,S,0,0.000000,0,0.000000,1.087609,1.750438,1.026086,-1.484405,8.973468,5.027823,-0.059434,1.018019,-0.113832,1.026086,-0.577268,0.467923,0.463036,0.875552,0.743095,8.511001,-38.329002,-13.326000,NaN,-0.914560,true,Self-supervised model,0.166794,0.000000,0.000000,0.000000,0.000000,0.000000,1.059959,1.171930,false,false
2026-04-17T14:56:24.210477,0.000000,0.000000,-1.740922,189.747,S,0,0.000000,0,0.000000,1.097291,1.746312,1.148122,-1.520318,9.102755,5.240908,-0.092156,1.140955,0.088955,1.148122,-0.607200,0.389121,0.442877,0.846314,0.721185,8.511001,-38.329002,-13.326000,NaN,-0.921975,true,Self-supervised model,0.177118,0.000000,0.000000,0.000000,0.000000,0.000000,0.955727,1.356615,false,false
2026-04-17T14:56:24.220004,0.000000,0.000000,-1.749122,190.217,S,0,0.000000,0,0.000000,1.123139,1.743385,1.258836,-1.541866,9.222465,5.451597,-0.095319,1.212211,0.325774,1.258836,-0.647517,0.325591,0.419664,0.837500,0.724768,8.511001,-38.329002,-13.326000,NaN,-0.929373,true,Self-supervised model,0.193541,0.000000,0.000000,0.000000,0.000000,0.000000,0.892204,1.503088,false,false
2026-04-17T14:56:24.226639,0.000000,0.000000,-1.757262,190.684,S,0,0.000000,0,0.000000,1.163027,1.742170,1.372441,-1.532289,9.284714,5.705383,-0.097315,1.244091,0.571280,1.372441,-0.678060,0.271835,0.404393,0.834981,0.730521,8.511001,-38.329002,-13.326000,NaN,-0.937273,true,Self-supervised model,0.207146,0.000000,0.000000,0.000000,0.000000,0.000000,0.847415,1.643679,false,false
2026-04-17T14:56:24.236195,0.000000,0.000000,-1.765261,191.142,S,0,0.000000,0,0.000000,1.210580,1.742907,1.460232,-1.520318,9.294291,5.987898,-0.085409,1.209478,0.813724,1.460232,-0.690889,0.256563,0.398284,0.837724,0.736988,8.511001,-38.329002,-13.326000,NaN,-0.944708,true,Self-supervised model,0.222534,0.000000,0.000000,0.000000,0.000000,0.000000,0.829032,1.743094,false,false
2026-04-17T14:56:24.242670,0.000000,0.000000,-1.773168,191.595,S,0,0.000000,0,0.000000,1.272953,1.746109,1.600411,-1.493982,9.241618,6.260838,-0.073619,1.125417,1.135489,1.600411,-0.687223,0.255342,0.397062,0.833747,0.733127,8.511001,-38.329002,-13.326000,NaN,-0.952249,true,Self-supervised model,0.239784,0.000000,0.000000,0.000000,0.000000,0.000000,0.795391,1.919541,false,false
2026-04-17T14:56:24.250893,0.000000,0.000000,-1.781002,192.044,S,0,0.000000,0,0.000000,1.360420,1.752681,1.819621,-1.467646,9.136273,6.617573,-0.033218,1.069420,1.471821,1.819621,-0.666454,0.249233,0.397062,0.814823,0.711532,8.511001,-38.329002,-13.326000,NaN,-0.959789,true,Self-supervised model,0.277670,0.000000,0.000000,0.000000,0.000000,0.000000,0.747639,2.233149,false,false
2026-04-17T14:56:24.258645,0.000000,0.000000,-1.788751,192.488,S,0,0.000000,0,0.000000,1.468133,1.763299,2.033630,-1.412579,9.057265,6.991069,0.043121,1.042783,1.745392,2.033630,-0.630413,0.238848,0.394619,0.781149,0.674143,8.511001,-38.329002,-13.326000,NaN,-0.967198,true,Self-supervised model,0.309177,0.000000,0.000000,0.000000,0.000000,0.000000,0.721928,2.603384,false,false
2026-04-17T14:56:24.266739,0.000000,0.000000,-1.796371,192.924,S,0,0.000000,0,0.000000,1.585176,1.778174,2.199649,-1.321599,9.006987,7.302315,0.043279,1.036613,1.939592,2.199649,-0.580322,0.234572,0.383013,0.733823,0.625937,8.511001,-38.329002,-13.326000,NaN,-0.974303,true,Self-supervised model,0.340736,0.000000,0.000000,0.000000,0.000000,0.000000,0.720649,2.997519,false,false
2026-04-17T14:56:24.274641,0.000000,0.000000,-1.803795,193.350,S,0,0.000000,0,0.000000,1.705755,1.797278,2.338796,-1.307234,8.978256,7.532158,0.107057,1.069220,2.077324,2.338796,-0.529009,0.242514,0.362854,0.685804,0.581948,8.511001,-38.329002,-13.326000,NaN,-0.980943,true,Self-supervised model,0.367067,0.000000,0.000000,0.000000,0.000000,0.000000,0.729330,3.410300,false,false
2026-04-17T14:56:24.283138,0.000000,0.000000,-1.810936,193.759,S,0,0.000000,0,0.000000,1.820967,1.820225,2.425829,-1.230620,8.990228,7.702147,0.116439,1.090131,2.163955,2.425829,-0.464258,0.272446,0.325591,0.629104,0.538295,8.511001,-38.329002,-13.326000,NaN,-0.986951,true,Self-supervised model,0.395644,0.000000,0.000000,0.000000,0.000000,0.000000,0.750658,3.856008,false,false
2026-04-17T14:56:24.290663,0.000000,0.000000,-1.817685,194.146,S,0,0.000000,0,0.000000,1.918833,1.846169,2.432628,-1.211466,8.992621,7.817069,0.106458,1.031861,2.200366,2.432628,-0.397062,0.313985,0.277944,0.577493,0.506206,8.511001,-38.329002,-13.326000,NaN,-0.992131,true,Self-supervised model,0.409182,0.000000,0.000000,0.000000,0.000000,0.000000,0.788790,4.212398,false,false
2026-04-17T14:56:24.298810,0.000000,0.000000,-1.823951,194.505,S,0,0.000000,0,0.000000,1.993691,1.874070,2.386699,-1.216254,8.918402,7.876924,0.108482,0.940062,2.191084,2.386699,-0.329256,0.347582,0.230296,0.531281,0.478773,8.511001,-38.329002,-13.326000,NaN,-0.996466,true,Self-supervised model,0.418013,0.000000,0.000000,0.000000,0.000000,0.000000,0.835334,4.492348,false,false
2026-04-17T14:56:24.307605,0.000000,0.000000,-1.829690,194.833,S,0,0.000000,0,0.000000,2.038171,1.902634,2.271687,-1.213860,8.813056,7.886500,0.142823,0.740603,2.142818,2.271687,-0.276722,0.363465,0.198531,0.498093,0.456817,8.511001,-38.329002,-13.326000,NaN,-1.000096,true,Self-supervised model,0.406086,0.000000,0.000000,0.000000,0.000000,0.000000,0.897206,4.560771,false,false
2026-04-17T14:56:24.317114,0.000000,0.000000,-1.834896,195.132,S,0,0.000000,0,0.000000,2.050888,1.930564,2.117656,-1.182736,8.602366,7.852982,0.236536,0.515182,2.040369,2.117656,-0.228464,0.354302,0.171042,0.454952,0.421575,8.723001,-39.208000,-13.957001,NaN,-1.003174,true,Self-supervised model,0.381523,0.000000,0.000000,0.000000,0.000000,0.000000,0.968471,4.654685,false,false
2026-04-17T14:56:24.324030,0.000000,0.000000,-1.839609,195.402,S,0,0.000000,0,0.000000,2.042580,1.957045,1.998959,-1.094150,8.367735,7.762002,0.322975,0.285943,1.951860,1.998959,-0.196088,0.316428,0.160047,0.405206,0.372260,8.723001,-39.208000,-13.957001,NaN,-1.005911,true,Self-supervised model,0.356896,0.000000,0.000000,0.000000,0.000000,0.000000,1.021822,4.933187,false,false
2026-04-17T14:56:24.330774,0.000000,0.000000,-1.843905,195.648,S,0,0.000000,0,0.000000,2.025446,1.981781,1.935497,-1.012747,8.130709,7.682993,0.390500,0.096201,1.893252,1.935497,-0.172875,0.259618,0.162490,0.351696,0.311909,8.723001,-39.208000,-13.957001,NaN,-1.008540,true,Self-supervised model,0.346728,0.000000,0.000000,0.000000,0.000000,0.000000,1.046473,5.503323,false,false
2026-04-17T14:56:24.339100,0.000000,0.000000,-1.847886,195.876,S,0,0.000000,0,0.000000,2.006232,2.004759,1.905357,-0.948104,7.934384,7.632715,0.500065,-0.173492,1.830361,1.905357,-0.158825,0.198531,0.176540,0.309526,0.254244,8.723001,-39.208000,-13.957001,NaN,-1.011263,true,Self-supervised model,0.343404,0.000000,0.000000,0.000000,0.000000,0.000000,1.052943,6.155725,false,false
2026-04-17T14:56:24.347048,0.000000,0.000000,-1.851664,196.093,S,0,0.000000,0,0.000000,1.991318,2.026222,1.913021,-0.837971,7.659051,7.577648,0.643138,-0.372252,1.762797,1.913021,-0.144775,0.121562,0.206472,0.279943,0.189043,8.723001,-39.208000,-13.957001,NaN,-1.014226,true,Self-supervised model,0.343187,0.000000,0.000000,0.000000,0.000000,0.000000,1.040928,6.833611,false,false
2026-04-17T14:56:24.356472,0.000000,0.000000,-1.855014,196.284,S,0,0.000000,0,0.000000,1.986103,2.046617,1.958722,-0.689530,7.455544,7.517793,0.755693,-0.497094,1.737359,1.958722,-0.139277,0.088575,0.223577,0.277903,0.165057,8.723001,-39.208000,-13.957001,NaN,-1.015864,true,Self-supervised model,0.349383,0.000000,0.000000,0.000000,0.000000,0.000000,1.013979,7.048210,false,false
2026-04-17T14:56:24.362756,0.000000,0.000000,-1.858831,196.503,S,0,0.000000,0,0.000000,1.987921,2.066269,1.997463,-0.572214,7.328651,7.496245,0.898172,-0.587759,1.684543,1.997463,-0.128893,-0.007941,0.295048,0.322071,0.129137,8.723001,-39.208000,-13.957001,NaN,-1.021553,true,Self-supervised model,0.345263,0.000000,0.000000,0.000000,0.000000,0.000000,0.995223,6.201937,false,false
2026-04-17T14:56:24.371064,0.000000,0.000000,-1.862796,196.730,S,0,0.000000,0,0.000000,1.998679,2.085565,2.055160,-0.407014,7.232883,7.455544,1.082826,-0.606740,1.637998,2.055160,-0.127060,-0.025045,0.340252,0.364064,0.129505,8.723001,-39.208000,-13.957001,NaN,-1.026109,true,Self-supervised model,0.351490,0.000000,0.000000,0.000000,0.000000,0.000000,0.972517,5.645045,false,false
2026-04-17T14:56:24.378567,0.000000,0.000000,-1.867011,196.972,S,0,0.000000,0,0.000000,2.017510,2.104843,2.116372,-0.201113,7.211336,7.417237,1.261956,-0.607103,1.586797,2.116372,-0.127060,-0.011606,0.394008,0.414151,0.127589,8.723001,-39.208000,-13.957001,NaN,-1.031323,true,Self-supervised model,0.357285,0.000000,0.000000,0.000000,0.000000,0.000000,0.953287,5.110142,false,false
2026-04-17T14:56:24.388081,0.000000,0.000000,-1.871610,197.235,S,0,0.000000,0,0.000000,2.047080,2.124533,2.202325,0.002394,7.208941,7.374141,1.440607,-0.617652,1.547059,2.202325,-0.139277,0.043982,0.436769,0.460543,0.146057,8.723001,-39.208000,-13.957001,NaN,-1.037457,true,Self-supervised model,0.371455,0.000000,0.000000,0.000000,0.000000,0.000000,0.929509,4.782022,false,false
2026-04-17T14:56:24.394437,0.000000,0.000000,-1.876676,197.526,S,0,0.000000,0,0.000000,2.090696,2.145179,2.319680,0.208296,7.194576,7.345411,1.644542,-0.619130,1.514290,2.319680,-0.142332,0.116064,0.457538,0.493022,0.183655,8.723001,-39.208000,-13.957001,NaN,-1.044393,true,Self-supervised model,0.388543,0.000000,0.000000,0.000000,0.000000,0.000000,0.901286,4.705027,false,false
2026-04-17T14:56:24.402985,0.000000,0.000000,-1.882229,197.844,S,0,0.000000,0,0.000000,2.140674,2.166999,2.403059,0.440533,7.187394,7.326257,1.782594,-0.644939,1.476856,2.403059,-0.151495,0.218079,0.461203,0.532182,0.265535,8.723001,-39.208000,-13.957001,NaN,-1.051892,true,Self-supervised model,0.407029,0.000000,0.000000,0.000000,0.000000,0.000000,0.890812,4.515485,false,false
2026-04-17T14:56:24.410821,0.000000,0.000000,-1.887982,198.173,S,0,0.000000,0,0.000000,2.203312,2.190451,2.532163,0.605733,7.153875,7.304709,1.911722,-0.767494,1.472454,2.532163,-0.152105,0.318872,0.442266,0.566052,0.353292,8.723001,-39.208000,-13.957001,NaN,-1.058443,true,Self-supervised model,0.430729,0.000000,0.000000,0.000000,0.000000,0.000000,0.870131,4.473376,false,false
2026-04-17T14:56:24.419698,0.000000,0.000000,-1.893835,198.509,S,0,0.000000,0,0.000000,2.268047,2.215555,2.607904,0.751779,7.026982,7.309498,1.962032,-0.855814,1.489690,2.607904,-0.152105,0.389121,0.403171,0.580602,0.417793,8.723001,-39.208000,-13.957001,NaN,-1.064698,true,Self-supervised model,0.451617,0.000000,0.000000,0.000000,0.000000,0.000000,0.869682,4.491727,false,false
2026-04-17T14:56:24.426347,0.000000,0.000000,-1.899680,198.844,S,0,0.000000,0,0.000000,2.331067,2.242176,2.661921,0.814029,6.933608,7.335834,1.992183,-0.924207,1.504285,2.661921,-0.153938,0.409280,0.361021,0.567048,0.437272,8.723001,-39.208000,-13.957001,NaN,-1.070514,true,Self-supervised model,0.462585,0.000000,0.000000,0.000000,0.000000,0.000000,0.875708,4.694351,false,false
2026-04-17T14:56:24.436292,0.000000,0.000000,-1.905927,199.202,S,0,0.000000,0,0.000000,2.373783,2.269440,2.598042,0.852336,6.859388,7.359776,1.911924,-0.879086,1.523673,2.598042,-0.158214,0.386067,0.306043,0.517438,0.417228,8.723001,-39.208000,-13.957001,NaN,-1.078363,true,Self-supervised model,0.468224,0.000000,0.000000,0.000000,0.000000,0.000000,0.913681,5.020975,false,false
2026-04-17T14:56:24.442871,0.000000,0.000000,-1.912405,199.573,S,0,0.000000,0,0.000000,2.384818,2.296055,2.442752,0.794875,6.888118,7.405266,1.747191,-0.729412,1.543478,2.442752,-0.171653,0.326813,0.259007,0.450950,0.369150,8.723001,-39.208000,-13.957001,NaN,-1.085769,true,Self-supervised model,0.437968,0.000000,0.000000,0.000000,0.000000,0.000000,0.976283,5.416902,false,false
2026-04-17T14:56:24.453713,0.000000,0.000000,-1.918994,199.950,S,0,0.000000,0,0.000000,2.362170,2.320700,2.243266,0.653617,7.019799,7.453150,1.559625,-0.547619,1.516550,2.243266,-0.187536,0.260839,0.238237,0.399955,0.321258,8.723001,-39.208000,-13.957001,NaN,-1.092801,true,Self-supervised model,0.411487,0.000000,0.000000,0.000000,0.000000,0.000000,1.053005,5.608797,false,false
2026-04-17T14:56:24.458829,0.000000,0.000000,-1.925623,200.330,S,0,0.000000,0,0.000000,2.308526,2.342213,2.026895,0.490811,7.182605,7.455544,1.368420,-0.370337,1.448648,2.026895,-0.202196,0.218690,0.240070,0.382547,0.297840,8.723001,-39.208000,-13.957001,NaN,-1.099591,true,Self-supervised model,0.356555,0.000000,0.000000,0.000000,0.000000,0.000000,1.138947,5.298422,false,false
2026-04-17T14:56:24.467315,0.000000,0.000000,-1.932273,200.711,S,0,0.000000,0,0.000000,2.241257,2.360175,1.888094,0.325611,7.340622,7.417237,1.257780,-0.276677,1.380702,1.888094,-0.218690,0.196699,0.255953,0.389907,0.294135,8.723001,-39.208000,-13.957001,NaN,-1.106324,true,Self-supervised model,0.337494,0.000000,0.000000,0.000000,0.000000,0.000000,1.187047,4.842425,false,false
2026-04-17T14:56:24.474612,0.000000,0.000000,-1.938953,201.094,S,0,0.000000,0,0.000000,2.175657,2.374794,1.831257,0.241814,7.414843,7.378930,1.215992,-0.285792,1.339100,1.831257,-0.231518,0.190590,0.274278,0.406391,0.299875,6.037000,-37.175003,-18.265001,NaN,-1.113123,true,Self-supervised model,0.319288,0.000000,0.000000,0.000000,0.000000,0.000000,1.188067,4.506145,false,false
2026-04-17T14:56:24.483495,0.000000,0.000000,-1.945683,201.479,S,0,0.000000,0,0.000000,2.110933,2.386239,1.771131,0.227449,7.386112,7.366959,1.182933,-0.340204,1.273513,1.771131,-0.239459,0.183260,0.291383,0.419319,0.301537,6.037000,-37.175003,-18.265001,NaN,-1.120054,true,Self-supervised model,0.305632,0.000000,0.000000,0.000000,0.000000,0.000000,1.191856,4.223825,false,false
2026-04-17T14:56:24.490796,0.000000,0.000000,-1.952468,201.868,S,0,0.000000,0,0.000000,2.051281,2.394841,1.738112,0.222661,7.311892,7.331046,1.120320,-0.349019,1.282225,1.738112,-0.239459,0.174097,0.306043,0.425809,0.296058,6.037000,-37.175003,-18.265001,NaN,-1.127062,true,Self-supervised model,0.292789,0.000000,0.000000,0.000000,0.000000,0.000000,1.180178,4.081909,false,false
2026-04-17T14:56:24.498707,0.000000,0.000000,-1.959323,202.261,S,0,0.000000,0,0.000000,1.985953,2.400486,1.642978,0.189142,7.283162,7.369353,1.020806,-0.312922,1.248763,1.642978,-0.226020,0.169821,0.332922,0.436762,0.282709,6.037000,-37.175003,-18.265001,NaN,-1.134196,true,Self-supervised model,0.277285,0.000000,0.000000,0.000000,0.000000,0.000000,1.208752,3.761724,false,false
2026-04-17T14:56:24.506906,0.000000,0.000000,-1.966266,202.659,SW,0,0.000000,0,0.000000,1.917195,2.403154,1.556214,0.119710,7.299921,7.364564,0.961183,-0.249562,1.198186,1.556214,-0.196088,0.173486,0.362854,0.447449,0.261816,6.037000,-37.175003,-18.265001,NaN,-1.141486,true,Self-supervised model,0.265308,0.000000,0.000000,0.000000,0.000000,0.000000,1.231961,3.477969,false,false
2026-04-17T14:56:24.515789,0.000000,0.000000,-1.973310,203.062,SW,0,0.000000,0,0.000000,1.844757,2.402818,1.464462,0.090980,7.345411,7.340622,0.932572,-0.143330,1.120007,1.464462,-0.147219,0.202807,0.398284,0.470568,0.250607,6.037000,-37.175003,-18.265001,NaN,-1.148940,true,Self-supervised model,0.252244,0.000000,0.000000,0.000000,0.000000,0.000000,1.259682,3.112116,false,false
2026-04-17T14:56:24.524249,0.000000,0.000000,-1.980474,203.473,SW,0,0.000000,0,0.000000,1.767476,2.399404,1.361747,0.093374,7.436390,7.285556,0.954787,-0.088065,0.966943,1.361747,-0.095295,0.244346,0.425162,0.499549,0.262271,6.037000,-37.175003,-18.265001,NaN,-1.156581,true,Self-supervised model,0.240217,0.000000,0.000000,0.000000,0.000000,0.000000,1.297948,2.725953,false,false
2026-04-17T14:56:24.531140,0.000000,0.000000,-1.987770,203.891,SW,0,0.000000,0,0.000000,1.685041,2.392830,1.252260,0.146046,7.479486,7.151481,0.992581,-0.000423,0.763505,1.252260,-0.023213,0.311541,0.446543,0.544974,0.312405,6.037000,-37.175003,-18.265001,NaN,-1.164405,true,Self-supervised model,0.226033,0.000000,0.000000,0.000000,0.000000,0.000000,1.345600,2.297834,false,false
2026-04-17T14:56:24.538924,0.000000,0.000000,-1.995190,204.316,SW,0,0.000000,0,0.000000,1.602783,2.383228,1.170928,0.213084,7.558495,6.962338,1.020331,0.047331,0.572500,1.170928,0.056810,0.378736,0.453873,0.593860,0.382974,6.037000,-37.175003,-18.265001,NaN,-1.172323,true,Self-supervised model,0.218112,0.000000,0.000000,0.000000,0.000000,0.000000,1.368814,1.971725,false,false
2026-04-17T14:56:24.546800,0.000000,0.000000,-2.002723,204.748,SW,0,0.000000,0,0.000000,1.520465,2.370717,1.088295,0.268151,7.601591,6.780379,1.044952,0.088759,0.290832,1.088295,0.135001,0.438601,0.450208,0.642871,0.458908,6.037000,-37.175003,-18.265001,NaN,-1.180306,true,Self-supervised model,0.209564,0.000000,0.000000,0.000000,0.000000,0.000000,1.397108,1.692866,false,false
2026-04-17T14:56:24.555139,0.000000,0.000000,-2.009917,205.160,SW,0,0.000000,0,0.000000,1.448146,2.355815,1.068471,0.318429,7.642292,6.502652,1.060651,0.119865,0.047773,1.068471,0.194866,0.468534,0.439212,0.671121,0.507441,6.037000,-37.175003,-18.265001,NaN,-1.186143,true,Self-supervised model,0.202221,0.000000,0.000000,0.000000,0.000000,0.000000,1.355345,1.592068,false,false
2026-04-17T14:56:24.562468,0.000000,0.000000,-2.016814,205.555,SW,0,0.000000,0,0.000000,1.379226,2.338751,1.017396,0.342371,7.682993,6.248867,0.993295,0.145569,-0.165138,1.017396,0.253509,0.470977,0.429438,0.685933,0.534870,6.037000,-37.175003,-18.265001,NaN,-1.191854,true,Self-supervised model,0.194921,0.000000,0.000000,0.000000,0.000000,0.000000,1.355643,1.483231,false,false
2026-04-17T14:56:24.571211,0.000000,0.000000,-2.023972,205.965,SW,0,0.000000,0,0.000000,1.320890,2.320037,1.014626,0.282516,7.721301,6.021417,0.926123,0.217328,-0.352889,1.014626,0.294437,0.437380,0.414777,0.670846,0.527251,6.037000,-37.175003,-18.265001,NaN,-1.200055,true,Self-supervised model,0.188165,0.000000,0.000000,0.000000,0.000000,0.000000,1.301849,1.512458,false,false
2026-04-17T14:56:24.578595,0.000000,0.000000,-2.031338,206.387,SW,0,0.000000,0,0.000000,1.270823,2.300068,1.007972,0.244209,7.802703,5.825093,0.793943,0.250293,-0.568345,1.007972,0.321926,0.395841,0.404393,0.651045,0.510222,6.037000,-37.175003,-18.265001,NaN,-1.208251,true,Self-supervised model,0.181080,0.000000,0.000000,0.000000,0.000000,0.000000,1.260772,1.548237,false,false
2026-04-17T14:56:24.587636,0.000000,0.000000,-2.038857,206.818,SW,0,0.000000,0,0.000000,1.231386,2.279321,1.024340,0.143652,7.848193,5.597643,0.658653,0.215902,-0.754211,1.024340,0.339641,0.332922,0.389121,0.614498,0.475597,6.037000,-37.175003,-18.265001,NaN,-1.216388,true,Self-supervised model,0.177447,0.000000,0.000000,0.000000,0.000000,0.000000,1.202126,1.666953,false,false
2026-04-17T14:56:24.594924,0.000000,0.000000,-2.046464,207.254,SW,0,0.000000,0,0.000000,1.205392,2.258364,1.068925,0.043096,7.829040,5.396531,0.547454,0.200365,-0.895963,1.068925,0.356134,0.271835,0.371406,0.581952,0.448025,6.037000,-37.175003,-18.265001,NaN,-1.224343,true,Self-supervised model,0.173082,0.000000,0.000000,0.000000,0.000000,0.000000,1.127667,1.836792,false,false
2026-04-17T14:56:24.603244,0.000000,0.000000,-2.054094,207.691,SW,0,0.000000,0,0.000000,1.190495,2.237649,1.112287,-0.031125,7.831434,5.236119,0.451537,0.191741,-0.998265,1.112287,0.364687,0.219301,0.357356,0.555691,0.425546,6.037000,-37.175003,-18.265001,NaN,-1.232065,true,Self-supervised model,0.173429,0.000000,0.000000,0.000000,0.000000,0.000000,1.070313,2.001629,false,false
2026-04-17T14:56:24.611160,0.000000,0.000000,-2.061607,208.121,SW,0,0.000000,0,0.000000,1.188729,2.217692,1.179456,-0.088585,7.843405,5.111620,0.404007,0.171348,-1.094776,1.179456,0.370184,0.182649,0.345750,0.538461,0.412792,6.037000,-37.175003,-18.265001,NaN,-1.239111,true,Self-supervised model,0.176797,0.000000,0.000000,0.000000,0.000000,0.000000,1.007862,2.190421,false,false
2026-04-17T14:56:24.622428,0.000000,0.000000,-2.068912,208.540,SW,0,0.000000,0,0.000000,1.203292,2.199116,1.279748,-0.100556,7.845799,4.989516,0.419197,0.094344,-1.205457,1.279748,0.372017,0.153938,0.334754,0.523597,0.402608,6.037000,-37.175003,-18.265001,NaN,-1.245583,true,Self-supervised model,0.188178,0.000000,0.000000,0.000000,0.000000,0.000000,0.940257,2.444146,false,false
2026-04-17T14:56:24.627591,0.000000,0.000000,-2.075945,208.943,SW,0,0.000000,0,0.000000,1.234989,2.182551,1.401398,-0.052672,7.793127,4.850653,0.442215,0.040733,-1.329174,1.401398,0.364076,0.142942,0.323148,0.507354,0.391131,6.037000,-37.175003,-18.265001,NaN,-1.251525,true,Self-supervised model,0.203183,0.000000,0.000000,0.000000,0.000000,0.000000,0.881255,2.762170,false,false
2026-04-17T14:56:24.638712,0.000000,0.000000,-2.082666,209.328,SW,0,0.000000,0,0.000000,1.271220,2.168098,1.461434,0.000000,7.764396,4.697424,0.434883,-0.010190,-1.395192,1.461434,0.342695,0.138056,0.310320,0.482491,0.369458,4.510000,-39.409000,-17.843000,NaN,-1.257001,true,Self-supervised model,0.213512,0.000000,0.000000,0.000000,0.000000,0.000000,0.869845,3.028934,false,false
2026-04-17T14:56:24.643076,0.000000,0.000000,-2.089062,209.694,SW,0,0.000000,0,0.000000,1.311469,2.155833,1.522779,0.019154,7.738060,4.601655,0.425671,-0.017003,-1.461975,1.522779,0.314596,0.141721,0.298713,0.456382,0.345044,4.510000,-39.409000,-17.843000,NaN,-1.262101,true,Self-supervised model,0.220371,0.000000,0.000000,0.000000,0.000000,0.000000,0.861234,3.336630,false,false
2026-04-17T14:56:24.654883,0.000000,0.000000,-2.095129,210.042,SW,0,0.000000,0,0.000000,1.348852,2.145553,1.545110,0.033519,7.754819,4.505888,0.400179,0.001988,-1.492387,1.545110,0.266337,0.147829,0.284052,0.416503,0.304613,4.510000,-39.409000,-17.843000,NaN,-1.266847,true,Self-supervised model,0.226412,0.000000,0.000000,0.000000,0.000000,0.000000,0.872981,3.709721,false,false
2026-04-17T14:56:24.658899,0.000000,0.000000,-2.100877,210.371,SW,0,0.000000,0,0.000000,1.376880,2.136807,1.524030,0.028730,7.795521,4.448427,0.372503,-0.010051,-1.477771,1.524030,0.211359,0.156992,0.272446,0.378875,0.263286,4.510000,-39.409000,-17.843000,NaN,-1.271320,true,Self-supervised model,0.222119,0.000000,0.000000,0.000000,0.000000,0.000000,0.903447,4.022515,false,false
2026-04-17T14:56:24.666573,0.000000,0.000000,-2.106312,210.683,SW,0,0.000000,0,0.000000,1.394146,2.129100,1.484789,0.019154,7.802703,4.438850,0.368922,-0.021470,-1.438066,1.484789,0.152105,0.167377,0.254120,0.340188,0.226166,4.510000,-39.409000,-17.843000,NaN,-1.275504,true,Self-supervised model,0.217996,0.000000,0.000000,0.000000,0.000000,0.000000,0.938952,4.364610,false,false
2026-04-17T14:56:24.674797,0.000000,0.000000,-2.111449,210.977,SW,0,0.000000,0,0.000000,1.396085,2.121779,1.406267,0.031125,7.807492,4.458004,0.372309,-0.078047,-1.353839,1.406267,0.104458,0.178373,0.238848,0.315875,0.206708,4.510000,-39.409000,-17.843000,NaN,-1.279446,true,Self-supervised model,0.209805,0.000000,0.000000,0.000000,0.000000,0.000000,0.992760,4.451978,false,false
2026-04-17T14:56:24.683834,0.000000,0.000000,-2.116288,211.254,SW,0,0.000000,0,0.000000,1.381178,2.114155,1.302917,0.047884,7.764396,4.525041,0.339599,-0.146051,-1.249373,1.302917,0.053145,0.185092,0.218690,0.291391,0.192571,4.510000,-39.409000,-17.843000,NaN,-1.283096,true,Self-supervised model,0.202740,0.000000,0.000000,0.000000,0.000000,0.000000,1.060066,4.471369,false,false
2026-04-17T14:56:24.690773,0.000000,0.000000,-2.120841,211.515,SW,0,0.000000,0,0.000000,1.348020,2.105510,1.173941,0.026336,7.706935,4.616021,0.342349,-0.156677,-1.111929,1.173941,0.015882,0.196699,0.204029,0.283849,0.197339,4.510000,-39.409000,-17.843000,NaN,-1.286504,true,Self-supervised model,0.196973,0.000000,0.000000,0.000000,0.000000,0.000000,1.148286,4.135790,false,false
2026-04-17T14:56:24.698601,0.000000,0.000000,-2.125122,211.761,SW,0,0.000000,0,0.000000,1.301603,2.095354,1.057912,0.038307,7.704541,4.742914,0.256030,-0.194210,-1.007924,1.057912,-0.012217,0.213803,0.193033,0.288310,0.214152,4.510000,-39.409000,-17.843000,NaN,-1.289700,true,Self-supervised model,0.196037,0.000000,0.000000,0.000000,0.000000,0.000000,1.230350,3.669354,false,false
2026-04-17T14:56:24.706716,0.000000,0.000000,-2.129167,211.992,SW,0,0.000000,0,0.000000,1.242658,2.083246,0.933198,-0.040701,7.673417,4.838682,0.147357,-0.158806,-0.907703,0.933198,-0.026267,0.233351,0.191201,0.302820,0.234824,4.510000,-39.409000,-17.843000,NaN,-1.292798,true,Self-supervised model,0.197729,0.000000,0.000000,0.000000,0.000000,0.000000,1.331613,3.081687,false,false
2026-04-17T14:56:24.715698,0.000000,0.000000,-2.133026,212.213,SW,0,0.000000,0,0.000000,1.181972,2.069195,0.863370,-0.143652,7.714118,4.932055,0.056868,-0.118276,-0.853338,0.863370,-0.031154,0.265116,0.200364,0.333770,0.266940,4.510000,-39.409000,-17.843000,NaN,-1.295914,true,Self-supervised model,0.194855,0.000000,0.000000,0.000000,0.000000,0.000000,1.369021,2.586722,false,false
2026-04-17T14:56:24.723212,0.000000,0.000000,-2.136755,212.427,SW,0,0.000000,0,0.000000,1.122759,2.053338,0.811888,-0.229843,7.759608,4.979939,-0.015566,-0.041993,-0.810652,0.811888,-0.030543,0.301767,0.211970,0.370038,0.303309,4.510000,-39.409000,-17.843000,NaN,-1.299122,true,Self-supervised model,0.189999,0.000000,0.000000,0.000000,0.000000,0.000000,1.382898,2.194070,false,false
2026-04-17T14:56:24.730479,0.000000,0.000000,-2.140405,212.636,SW,0,0.000000,0,0.000000,1.064585,2.035787,0.759174,-0.299275,7.841011,5.015852,-0.055742,0.050681,-0.755426,0.759174,-0.032376,0.332922,0.225409,0.403354,0.334492,4.510000,-39.409000,-17.843000,NaN,-1.302454,true,Self-supervised model,0.186312,0.000000,0.000000,0.000000,0.000000,0.000000,1.402294,1.882153,false,false
2026-04-17T14:56:24.739503,0.000000,0.000000,-2.144006,212.842,SW,0,0.000000,0,0.000000,1.006179,2.016603,0.699549,-0.337582,7.939173,5.063736,-0.109686,0.121203,-0.680182,0.699549,-0.029322,0.345139,0.233351,0.417652,0.346382,4.510000,-39.409000,-17.843000,NaN,-1.305862,true,Self-supervised model,0.185402,0.000000,0.000000,0.000000,0.000000,0.000000,1.438325,1.674958,false,false
2026-04-17T14:56:24.746893,0.000000,0.000000,-2.147570,213.047,SW,0,0.000000,0,0.000000,0.945694,1.995767,0.628146,-0.390255,8.015787,5.130774,-0.069896,0.190981,-0.594313,0.628146,-0.025656,0.343917,0.237016,0.418466,0.344873,4.510000,-39.409000,-17.843000,NaN,-1.309279,true,Self-supervised model,0.185531,0.000000,0.000000,0.000000,0.000000,0.000000,1.505533,1.501068,false,false
2026-04-17T14:56:24.755157,0.000000,0.000000,-2.151100,213.249,SW,0,0.000000,0,0.000000,0.881384,1.973191,0.543754,-0.349553,8.092402,5.207389,-0.054493,0.228643,-0.490328,0.543754,-0.012217,0.324369,0.236405,0.401562,0.324599,4.510000,-39.409000,-17.843000,NaN,-1.312670,true,Self-supervised model,0.190668,0.000000,0.000000,0.000000,0.000000,0.000000,1.620923,1.354098,false,false
2026-04-17T14:56:24.762528,0.000000,0.000000,-2.154594,213.449,SW,0,0.000000,0,0.000000,0.822314,1.949156,0.512201,-0.332794,8.137892,5.300763,0.014840,0.253367,-0.444898,0.512201,0.000611,0.293215,0.233961,0.375118,0.293216,4.510000,-39.409000,-17.843000,NaN,-1.316023,true,Self-supervised model,0.186068,0.000000,0.000000,0.000000,0.000000,0.000000,1.605453,1.365439,false,false
2026-04-17T14:56:24.771050,0.000000,0.000000,-2.158053,213.647,SW,0,0.000000,0,0.000000,0.761517,1.923651,0.442333,-0.260968,8.171411,5.334281,0.063187,0.238748,-0.366968,0.442333,0.019548,0.249844,0.230907,0.340767,0.250607,4.510000,-39.409000,-17.843000,NaN,-1.319341,true,Self-supervised model,0.191563,0.000000,0.000000,0.000000,0.000000,0.000000,1.721593,1.298051,false,false
2026-04-17T14:56:24.778693,0.000000,0.000000,-2.161481,213.844,SW,0,0.000000,0,0.000000,0.708654,1.897051,0.431120,-0.208296,8.166622,5.398925,0.107006,0.263887,-0.323694,0.431120,0.037874,0.203418,0.230296,0.309596,0.206914,4.510000,-39.409000,-17.843000,NaN,-1.322643,true,Self-supervised model,0.183625,0.000000,0.000000,0.000000,0.000000,0.000000,1.643750,1.392525,false,false
2026-04-17T14:56:24.789372,0.000000,0.000000,-2.164894,214.039,SW,0,0.000000,0,0.000000,0.661511,1.869629,0.414010,-0.158017,8.202535,5.427655,0.084247,0.271526,-0.300966,0.414010,0.054978,0.170431,0.237016,0.297062,0.179079,4.510000,-39.409000,-17.843000,NaN,-1.325999,true,Self-supervised model,0.178930,0.000000,0.000000,0.000000,0.000000,0.000000,1.597814,1.393681,false,false
2026-04-17T14:56:24.794634,0.000000,0.000000,-2.168305,214.235,SW,0,0.000000,0,0.000000,0.623114,1.841769,0.421529,-0.172383,8.221688,5.434838,0.019639,0.328835,-0.262999,0.421529,0.065973,0.155771,0.243124,0.296187,0.169166,3.767000,-39.156002,-17.077002,NaN,-1.329399,true,Self-supervised model,0.164561,0.000000,0.000000,0.000000,0.000000,0.000000,1.478224,1.423187,false,false
2026-04-17T14:56:24.803714,0.000000,0.000000,-2.171730,214.431,SW,0,0.000000,0,0.000000,0.595502,1.813918,0.450542,-0.227449,8.291121,5.456386,-0.012193,0.387894,-0.228861,0.450542,0.083078,0.147829,0.259618,0.310092,0.169574,3.767000,-39.156002,-17.077002,NaN,-1.332882,true,Self-supervised model,0.150403,0.000000,0.000000,0.000000,0.000000,0.000000,1.321747,1.452931,false,false
2026-04-17T14:56:24.810782,0.000000,0.000000,-2.175190,214.629,SW,0,0.000000,0,0.000000,0.581867,1.786636,0.510280,-0.248997,8.362947,5.473145,-0.025427,0.482203,-0.164981,0.510280,0.094073,0.145997,0.269392,0.320526,0.173680,3.767000,-39.156002,-17.077002,NaN,-1.336481,true,Self-supervised model,0.136460,0.000000,0.000000,0.000000,0.000000,0.000000,1.140289,1.592009,false,false
2026-04-17T14:56:24.820729,0.000000,0.000000,-2.178698,214.830,SW,0,0.000000,0,0.000000,0.575243,1.760180,0.540468,-0.251391,8.470686,5.518635,-0.029411,0.532807,-0.085775,0.540468,0.111788,0.144164,0.280387,0.334510,0.182428,3.767000,-39.156002,-17.077002,NaN,-1.340183,true,Self-supervised model,0.135393,0.000000,0.000000,0.000000,0.000000,0.000000,1.064341,1.615702,false,false
2026-04-17T14:56:24.826725,0.000000,0.000000,-2.182263,215.034,SW,0,0.000000,0,0.000000,0.581312,1.735026,0.613174,-0.244209,8.535329,5.578490,0.025805,0.612026,0.027213,0.613174,0.134390,0.131336,0.288328,0.344156,0.187909,3.767000,-39.156002,-17.077002,NaN,-1.343972,true,Self-supervised model,0.141268,0.000000,0.000000,0.000000,0.000000,0.000000,0.948037,1.781676,false,false
2026-04-17T14:56:24.836046,0.000000,0.000000,-2.185895,215.243,SW,0,0.000000,0,0.000000,0.595629,1.711450,0.670791,-0.177171,8.628703,5.671864,0.127531,0.641434,0.149195,0.670791,0.170431,0.109956,0.289550,0.353520,0.202823,3.767000,-39.156002,-17.077002,NaN,-1.347876,true,Self-supervised model,0.150723,0.000000,0.000000,0.000000,0.000000,0.000000,0.887950,1.897462,false,false
2026-04-17T14:56:24.843274,0.000000,0.000000,-2.189606,215.455,SW,0,0.000000,0,0.000000,0.623558,1.689934,0.770186,-0.062249,8.671799,5.774815,0.224755,0.702005,0.223296,0.770186,0.213192,0.073304,0.291383,0.368413,0.225442,3.767000,-39.156002,-17.077002,NaN,-1.351902,true,Self-supervised model,0.167296,0.000000,0.000000,0.000000,0.000000,0.000000,0.809619,2.090552,false,false
2026-04-17T14:56:24.851283,0.000000,0.000000,-2.193396,215.672,SW,0,0.000000,0,0.000000,0.668885,1.671092,0.906855,0.050278,8.746018,5.829881,0.291115,0.814644,0.272016,0.906855,0.254731,0.035430,0.291383,0.388648,0.257183,3.767000,-39.156002,-17.077002,NaN,-1.356005,true,Self-supervised model,0.190161,0.000000,0.000000,0.000000,0.000000,0.000000,0.737588,2.333359,false,false
2026-04-17T14:56:24.859349,0.000000,0.000000,-2.197257,215.894,SW,0,0.000000,0,0.000000,0.724201,1.655216,1.014609,0.134075,8.872911,5.858612,0.346081,0.890762,0.340885,1.014609,0.287718,0.004276,0.291383,0.409516,0.287749,3.767000,-39.156002,-17.077002,NaN,-1.360153,true,Self-supervised model,0.202791,0.000000,0.000000,0.000000,0.000000,0.000000,0.713773,2.477580,false,false
2026-04-17T14:56:24.866923,0.000000,0.000000,-2.201175,216.118,SW,0,0.000000,0,0.000000,0.783661,1.642354,1.095824,0.208296,8.963891,5.906496,0.349475,0.951694,0.415904,1.095824,0.329256,-0.025045,0.288939,0.438774,0.330208,3.767000,-39.156002,-17.077002,NaN,-1.364300,true,Self-supervised model,0.208176,0.000000,0.000000,0.000000,0.000000,0.000000,0.715134,2.497465,false,false
2026-04-17T14:56:24.874650,0.000000,0.000000,-2.205133,216.345,SW,0,0.000000,0,0.000000,0.836119,1.632105,1.111525,0.232238,9.040505,5.959168,0.354626,0.934704,0.485857,1.111525,0.378736,-0.042761,0.285885,0.476445,0.381143,3.767000,-39.156002,-17.077002,NaN,-1.368414,true,Self-supervised model,0.201157,0.000000,0.000000,0.000000,0.000000,0.000000,0.752227,2.332956,false,false
2026-04-17T14:56:24.884405,0.000000,0.000000,-2.209105,216.572,SW,0,0.000000,0,0.000000,0.884721,1.624209,1.139883,0.258574,9.040505,6.004658,0.383733,0.927817,0.539664,1.139883,0.436158,-0.048869,0.276722,0.518842,0.438887,3.767000,-39.156002,-17.077002,NaN,-1.372446,true,Self-supervised model,0.198755,0.000000,0.000000,0.000000,0.000000,0.000000,0.776151,2.196976,false,false
2026-04-17T14:56:24.890907,0.000000,0.000000,-2.213064,216.799,SW,0,0.000000,0,0.000000,0.928022,1.618362,1.155354,0.308852,9.052477,6.030994,0.392057,0.947460,0.532403,1.155354,0.491136,-0.045815,0.266337,0.560579,0.493268,3.767000,-39.156002,-17.077002,NaN,-1.376353,true,Self-supervised model,0.193168,0.000000,0.000000,0.000000,0.000000,0.000000,0.803237,2.061001,false,false
2026-04-17T14:56:24.898747,0.000000,0.000000,-2.216983,217.024,SW,0,0.000000,0,0.000000,0.957775,1.613938,1.113976,0.337582,9.093178,5.992687,0.391939,0.928726,0.474125,1.113976,0.555887,-0.035430,0.249233,0.610232,0.557015,3.767000,-39.156002,-17.077002,NaN,-1.380110,true,Self-supervised model,0.179397,0.000000,0.000000,0.000000,0.000000,0.000000,0.859781,1.825496,false,false
2026-04-17T14:56:24.906850,0.000000,0.000000,-2.220823,217.244,SW,0,0.000000,0,0.000000,0.987612,1.610885,1.144254,0.356736,9.097966,5.899313,0.386337,0.993969,0.414832,1.144254,0.616363,-0.028100,0.233961,0.659872,0.617003,3.767000,-39.156002,-17.077002,NaN,-1.383634,true,Self-supervised model,0.181519,0.000000,0.000000,0.000000,0.000000,0.000000,0.863106,1.734054,false,false
2026-04-17T14:56:24.914934,0.000000,0.000000,-2.224563,217.458,SW,0,0.000000,0,0.000000,1.021742,1.609320,1.200927,0.368707,9.188946,5.801151,0.360290,1.095466,0.335220,1.200927,0.668287,-0.034208,0.218690,0.703990,0.669162,3.767000,-39.156002,-17.077002,NaN,-1.386971,true,Self-supervised model,0.188849,0.000000,0.000000,0.000000,0.000000,0.000000,0.850794,1.705886,false,false
2026-04-17T14:56:24.923783,0.000000,0.000000,-2.228214,217.667,SW,0,0.000000,0,0.000000,1.062700,1.609455,1.277726,0.359130,9.318233,5.679047,0.357791,1.202515,0.241925,1.277726,0.702495,-0.058032,0.215635,0.737133,0.704888,3.767000,-39.156002,-17.077002,NaN,-1.390272,true,Self-supervised model,0.200276,0.000000,0.000000,0.000000,0.000000,0.000000,0.831712,1.733371,false,false
2026-04-17T14:56:24.930585,0.000000,0.000000,-2.231805,217.873,SW,0,0.000000,0,0.000000,1.119879,1.611872,1.420069,0.373495,9.454702,5.540183,0.387210,1.351753,0.198566,1.420069,0.727540,-0.108734,0.220522,0.767964,0.735621,3.767000,-39.156002,-17.077002,NaN,-1.393620,true,Self-supervised model,0.223332,0.000000,0.000000,0.000000,0.000000,0.000000,0.788608,1.849136,false,false
2026-04-17T14:56:24.938850,0.000000,0.000000,-2.235377,218.078,SW,0,0.000000,0,0.000000,1.175610,1.616421,1.468202,0.421380,9.634268,5.449203,0.411414,1.402711,0.136954,1.468202,0.728151,-0.177151,0.226020,0.782734,0.749391,3.767000,-39.156002,-17.077002,NaN,-1.397117,true,Self-supervised model,0.229686,0.000000,0.000000,0.000000,0.000000,0.000000,0.800715,1.875736,false,false
2026-04-17T14:56:24.947343,0.000000,0.000000,-2.238954,218.283,SW,0,0.000000,0,0.000000,1.226176,1.622812,1.491645,0.466869,9.715671,5.339070,0.463949,1.413685,0.106068,1.491645,0.714101,-0.238237,0.226020,0.785992,0.752793,3.767000,-39.156002,-17.077002,NaN,-1.400715,true,Self-supervised model,0.231120,0.000000,0.000000,0.000000,0.000000,0.000000,0.822029,1.897787,false,false
2026-04-17T14:56:24.955817,0.000000,0.000000,-2.242540,218.488,SW,0,0.000000,0,0.000000,1.266279,1.630550,1.476818,0.543484,9.756371,5.260061,0.566492,1.361451,0.080807,1.476818,0.667065,-0.319483,0.218690,0.771278,0.739625,3.458000,-39.744003,-17.730001,NaN,-1.404333,true,Self-supervised model,0.226447,0.000000,0.000000,0.000000,0.000000,0.000000,0.857437,1.914768,false,false
2026-04-17T14:56:24.962971,0.000000,0.000000,-2.246109,218.693,SW,0,0.000000,0,0.000000,1.304140,1.639494,1.502913,0.672771,9.732430,5.188235,0.663080,1.344776,0.103199,1.502913,0.635300,-0.351248,0.207083,0.754894,0.725934,3.458000,-39.744003,-17.730001,NaN,-1.407838,true,Self-supervised model,0.230497,0.000000,0.000000,0.000000,0.000000,0.000000,0.867741,1.990894,false,false
2026-04-17T14:56:24.971005,0.000000,0.000000,-2.249614,218.893,SW,0,0.000000,0,0.000000,1.327591,1.649018,1.450706,0.797269,9.742006,5.166687,0.714555,1.256081,0.127355,1.450706,0.582155,-0.366519,0.179594,0.710981,0.687925,3.458000,-39.744003,-17.730001,NaN,-1.411083,true,Self-supervised model,0.221884,0.000000,0.000000,0.000000,0.000000,0.000000,0.915134,2.040427,false,false
2026-04-17T14:56:24.978698,0.000000,0.000000,-2.252966,219.085,SW,0,0.000000,0,0.000000,1.343491,1.658797,1.426967,0.876278,9.677363,5.149928,0.721018,1.222130,0.150888,1.426967,0.538172,-0.343917,0.143553,0.654611,0.638677,3.458000,-39.744003,-17.730001,NaN,-1.413825,true,Self-supervised model,0.217508,0.000000,0.000000,0.000000,0.000000,0.000000,0.941501,2.179869,false,false
2026-04-17T14:56:24.986988,0.000000,0.000000,-2.256056,219.262,SW,0,0.000000,0,0.000000,1.355413,1.668661,1.418005,0.907402,9.665392,5.135562,0.680099,1.238148,0.123261,1.418005,0.486249,-0.270613,0.090408,0.563776,0.556479,3.458000,-39.744003,-17.730001,NaN,-1.415867,true,Self-supervised model,0.215346,0.000000,0.000000,0.000000,0.000000,0.000000,0.955859,2.515194,false,false
2026-04-17T14:56:24.994708,0.000000,0.000000,-2.258755,219.417,SW,0,0.000000,0,0.000000,1.361150,1.678361,1.391266,0.885855,9.701305,5.073313,0.570621,1.261140,0.139782,1.391266,0.432493,-0.151495,0.030543,0.459275,0.458258,3.458000,-39.744003,-17.730001,NaN,-1.417003,true,Self-supervised model,0.210091,0.000000,0.000000,0.000000,0.000000,0.000000,0.978353,3.029267,false,false
2026-04-17T14:56:25.003098,0.000000,0.000000,-2.260948,219.543,SW,0,0.000000,0,0.000000,1.359933,1.687624,1.353548,0.787692,9.742006,5.058948,0.381899,1.286162,0.178974,1.353548,0.376904,-0.000611,-0.031154,0.378190,0.376904,3.458000,-39.744003,-17.730001,NaN,-1.417173,true,Self-supervised model,0.205661,0.000000,0.000000,0.000000,0.000000,0.000000,1.004718,3.579018,false,false
2026-04-17T14:56:25.011175,0.000000,0.000000,-2.262554,219.635,SW,0,0.000000,0,0.000000,1.367324,1.696812,1.406128,0.600945,9.782708,5.070919,0.169102,1.360980,0.310375,1.406128,0.332922,0.132558,-0.081245,0.367436,0.358341,3.458000,-39.744003,-17.730001,NaN,-1.416426,true,Self-supervised model,0.211651,0.000000,0.000000,0.000000,0.000000,0.000000,0.972404,3.826866,false,false
2026-04-17T14:56:25.021373,0.000000,0.000000,-2.263520,219.690,SW,0,0.000000,0,0.000000,1.390532,1.706561,1.512369,0.380678,9.871294,5.178658,-0.149281,1.437408,0.445905,1.512369,0.293826,0.291383,-0.128282,0.433237,0.413809,3.458000,-39.744003,-17.730001,NaN,-1.414837,true,Self-supervised model,0.228203,0.000000,0.000000,0.000000,0.000000,0.000000,0.919440,3.490861,false,false
2026-04-17T14:56:25.026831,0.000000,0.000000,-2.263862,219.710,SW,0,0.000000,0,0.000000,1.445715,1.718127,1.735426,0.045490,9.959879,5.293580,-0.495847,1.570280,0.547775,1.735426,0.262061,0.437990,-0.152105,0.532586,0.510403,3.458000,-39.744003,-17.730001,NaN,-1.412681,true,Self-supervised model,0.271574,0.000000,0.000000,0.000000,0.000000,0.000000,0.833061,3.258490,false,false
2026-04-17T14:56:25.035583,0.000000,0.000000,-2.263649,219.698,SW,0,0.000000,0,0.000000,1.524273,1.732373,1.936703,-0.325611,10.103531,5.377377,-0.711565,1.704277,0.583038,1.936703,0.237016,0.574824,-0.157603,0.641434,0.621771,3.458000,-39.744003,-17.730001,NaN,-1.410249,true,Self-supervised model,0.310785,0.000000,0.000000,0.000000,0.000000,0.000000,0.787045,3.019331,false,false
2026-04-17T14:56:25.042616,0.000000,0.000000,-2.263003,219.661,SW,0,0.000000,0,0.000000,1.624996,1.750077,2.153792,-0.572214,10.247183,5.396531,-0.963676,1.843779,0.557343,2.153792,0.222966,0.689667,-0.146608,0.739492,0.724813,3.458000,-39.744003,-17.730001,NaN,-1.407871,true,Self-supervised model,0.349459,0.000000,0.000000,0.000000,0.000000,0.000000,0.754481,2.912531,false,false
2026-04-17T14:56:25.051643,0.000000,0.000000,-2.262071,219.607,SW,0,0.000000,0,0.000000,1.741398,1.771730,2.352510,-0.859518,10.395624,5.355829,-1.165054,1.990938,0.461646,2.352510,0.215635,0.795957,-0.119730,0.833296,0.824650,3.458000,-39.744003,-17.730001,NaN,-1.405791,true,Self-supervised model,0.385539,0.000000,0.000000,0.000000,0.000000,0.000000,0.740230,2.823139,false,false
2026-04-17T14:56:25.058867,0.000000,0.000000,-2.261014,219.547,SW,0,0.000000,0,0.000000,1.856658,1.797127,2.461772,-1.098939,10.551247,5.245696,-1.240926,2.090572,0.387212,2.461772,0.208305,0.871094,-0.079412,0.899167,0.895654,3.458000,-39.744003,-17.730001,NaN,-1.404238,true,Self-supervised model,0.410260,0.000000,0.000000,0.000000,0.000000,0.000000,0.754196,2.737836,false,false
2026-04-17T14:56:25.066655,0.000000,0.000000,-2.259996,219.488,SW,0,0.000000,0,0.000000,1.966344,1.825896,2.542196,-1.213860,10.658986,5.157111,-1.306305,2.159417,0.305360,2.542196,0.200364,0.896139,-0.036041,0.918972,0.918265,3.458000,-39.744003,-17.730001,NaN,-1.403377,true,Self-supervised model,0.435207,0.000000,0.000000,0.000000,0.000000,0.000000,0.773482,2.766346,false,false
2026-04-17T14:56:25.074755,0.000000,0.000000,-2.259125,219.438,SW,0,0.000000,0,0.000000,2.060771,1.857291,2.556515,-1.316811,10.735600,5.061342,-1.319788,2.173911,0.260842,2.556515,0.177151,0.860098,-0.003054,0.878158,0.878152,3.458000,-39.744003,-17.730001,NaN,-1.403093,true,Self-supervised model,0.454045,0.000000,0.000000,0.000000,0.000000,0.000000,0.806086,2.911226,false,false
2026-04-17T14:56:25.083134,0.000000,0.000000,-2.258473,219.401,SW,0,0.000000,0,0.000000,2.125816,1.890032,2.467297,-1.364695,10.757148,5.003881,-1.233493,2.113198,0.316926,2.467297,0.130725,0.738536,0.023824,0.750395,0.750016,3.458000,-39.744003,-17.730001,NaN,-1.403316,true,Self-supervised model,0.456125,0.000000,0.000000,0.000000,0.000000,0.000000,0.861597,3.287999,false,false
2026-04-17T14:56:25.090834,0.000000,0.000000,-2.258083,219.379,SW,0,0.000000,0,0.000000,2.146910,1.922307,2.257655,-1.307234,10.702082,5.049371,-1.083780,1.932352,0.434099,2.257655,0.072082,0.524122,0.049480,0.531365,0.529056,3.458000,-39.744003,-17.730001,NaN,-1.403974,true,Self-supervised model,0.429826,0.000000,0.000000,0.000000,0.000000,0.000000,0.950947,4.248786,false,false
2026-04-17T14:56:25.099144,0.000000,0.000000,-2.257954,219.371,SW,0,0.000000,0,0.000000,2.113006,1.951935,1.935012,-1.177947,10.524911,5.159505,-0.807836,1.658086,0.585169,1.935012,0.010385,0.248622,0.059254,0.255796,0.248839,3.458000,-39.744003,-17.730001,NaN,-1.404887,true,Self-supervised model,0.385969,0.000000,0.000000,0.000000,0.000000,0.000000,1.091986,7.564653,false,false
2026-04-17T14:56:25.107379,0.000000,0.000000,-2.258046,219.377,SW,0,0.000000,0,0.000000,2.025529,1.976879,1.566275,-0.912191,10.251971,5.307945,-0.537825,1.259801,0.759515,1.566275,-0.069028,-0.003665,0.055589,0.088704,0.069125,3.458000,-39.744003,-17.730001,NaN,-1.405868,true,Self-supervised model,0.378059,0.000000,0.000000,0.000000,0.000000,0.000000,1.293214,17.657349,false,false
2026-04-17T14:56:25.114890,0.000000,0.000000,-2.258282,219.390,SW,0,0.000000,0,0.000000,1.918581,1.996547,1.357103,-0.641646,9.852140,5.485116,-0.253484,0.811810,1.057563,1.357103,-0.147219,-0.279165,0.039706,0.318093,0.315605,1.405000,-41.275002,-12.163000,NaN,-1.406677,true,Self-supervised model,0.289201,0.000000,0.000000,0.000000,0.000000,0.000000,1.413733,4.266370,false,false
2026-04-17T14:56:25.123289,0.000000,0.000000,-2.258572,219.407,SW,0,0.000000,0,0.000000,1.840818,2.012318,1.432560,-0.347159,9.399636,5.791574,-0.122622,0.459526,1.351306,1.432560,-0.197920,-0.488692,0.019548,0.527612,0.527250,1.405000,-41.275002,-12.163000,NaN,-1.407182,true,Self-supervised model,0.269993,0.000000,0.000000,0.000000,0.000000,0.000000,1.284984,2.715177,false,false
2026-04-17T14:56:25.130640,0.000000,0.000000,-2.258842,219.422,SW,0,0.000000,0,0.000000,1.818490,2.026565,1.701267,-0.198719,9.040505,6.098032,0.013422,0.038808,1.700772,1.701267,-0.206472,-0.605367,0.003665,0.639620,0.639610,1.405000,-41.275002,-12.163000,NaN,-1.407377,true,Self-supervised model,0.272328,0.000000,0.000000,0.000000,0.000000,0.000000,1.068903,2.659809,false,false
2026-04-17T14:56:25.139525,0.000000,0.000000,-2.259040,219.433,SW,0,0.000000,0,0.000000,1.849255,2.041472,2.010770,-0.040701,8.611943,6.461950,0.162650,-0.353909,1.972686,2.010770,-0.169821,-0.625526,-0.011606,0.648272,0.648168,1.405000,-41.275002,-12.163000,NaN,-1.407279,true,Self-supervised model,0.318870,0.000000,0.000000,0.000000,0.000000,0.000000,0.919675,3.101739,false,false
2026-04-17T14:56:25.146872,0.000000,0.000000,-2.259124,219.438,SW,0,0.000000,0,0.000000,1.905042,2.058015,2.197926,0.131681,8.212111,6.746861,0.210933,-0.672611,2.081821,2.197926,-0.085521,-0.568105,-0.028711,0.575223,0.574506,1.405000,-41.275002,-12.163000,NaN,-1.406912,true,Self-supervised model,0.358621,0.000000,0.000000,0.000000,0.000000,0.000000,0.866745,3.821000,false,false
2026-04-17T14:56:25.158915,0.000000,0.000000,-2.259071,219.435,SW,0,0.000000,0,0.000000,1.958804,2.076047,2.241053,0.201113,7.888895,6.864176,0.158395,-0.858730,2.063931,2.241053,0.048869,-0.426384,-0.043982,0.431423,0.429175,1.405000,-41.275002,-12.163000,NaN,-1.406312,true,Self-supervised model,0.376215,0.000000,0.000000,0.000000,0.000000,0.000000,0.874055,5.194560,false,false
2026-04-17T14:56:25.162542,0.000000,0.000000,-2.258879,219.424,SW,0,0.000000,0,0.000000,1.997917,2.094921,2.203261,0.165200,7.702147,6.847417,0.051851,-1.087702,1.915353,2.203261,0.145386,-0.313374,-0.048869,0.348896,0.345457,1.405000,-41.275002,-12.163000,NaN,-1.405563,true,Self-supervised model,0.377341,0.000000,0.000000,0.000000,0.000000,0.000000,0.906800,6.314951,false,false
2026-04-17T14:56:25.170761,0.000000,0.000000,-2.258520,219.404,SW,0,0.000000,0,0.000000,2.020329,2.113938,2.137996,0.069432,7.477092,6.691794,0.096590,-1.349894,1.655138,2.137996,0.280998,-0.132558,-0.069028,0.318271,0.310695,1.405000,-41.275002,-12.163000,NaN,-1.404536,true,Self-supervised model,0.370295,0.000000,0.000000,0.000000,0.000000,0.000000,0.944964,6.717537,false,false
2026-04-17T14:56:25.178371,0.000000,0.000000,-2.257915,219.369,SW,0,0.000000,0,0.000000,2.026644,2.132446,2.059794,0.117316,7.223307,6.416461,0.155415,-1.529670,1.370659,2.059794,0.398284,0.042761,-0.109956,0.415390,0.400573,1.405000,-41.275002,-12.163000,NaN,-1.402946,true,Self-supervised model,0.348745,0.000000,0.000000,0.000000,0.000000,0.000000,0.983906,4.958698,false,false
2026-04-17T14:56:25.186864,0.000000,0.000000,-2.256942,219.313,SW,0,0.000000,0,0.000000,2.021845,2.150022,1.996652,0.169988,7.055712,6.110003,0.177920,-1.599425,1.181865,1.996652,0.486860,0.185703,-0.167988,0.547483,0.521074,1.405000,-41.275002,-12.163000,NaN,-1.400501,true,Self-supervised model,0.332719,0.000000,0.000000,0.000000,0.000000,0.000000,1.012618,3.646966,false,false
2026-04-17T14:56:25.194541,0.000000,0.000000,-2.255474,219.229,SW,0,0.000000,0,0.000000,2.003123,2.166146,1.904830,0.177171,7.000646,5.894525,0.138825,-1.584283,1.048405,1.904830,0.541837,0.265726,-0.225409,0.644211,0.603488,1.405000,-41.275002,-12.163000,NaN,-1.397054,true,Self-supervised model,0.314246,0.000000,0.000000,0.000000,0.000000,0.000000,1.051602,2.956843,false,false
2026-04-17T14:56:25.202460,0.000000,0.000000,-2.253380,219.109,SW,0,0.000000,0,0.000000,1.968050,2.180222,1.783919,0.114922,7.031770,5.731719,0.041482,-1.486033,0.986078,1.783919,0.582155,0.300546,-0.291383,0.717032,0.655158,1.405000,-41.275002,-12.163000,NaN,-1.392454,true,Self-supervised model,0.293073,0.000000,0.000000,0.000000,0.000000,0.000000,1.103217,2.487919,false,false
2026-04-17T14:56:25.210493,0.000000,0.000000,-2.250587,218.949,SW,0,0.000000,0,0.000000,1.923201,2.191941,1.687745,-0.011971,7.146692,5.638345,-0.098127,-1.380856,0.965449,1.687745,0.615141,0.262061,-0.339030,0.749677,0.668637,1.405000,-41.275002,-12.163000,NaN,-1.386865,true,Self-supervised model,0.276515,0.000000,0.000000,0.000000,0.000000,0.000000,1.139509,2.251295,false,false
2026-04-17T14:56:25.219924,0.000000,0.000000,-2.247134,218.751,SW,0,0.000000,0,0.000000,1.874717,2.201252,1.620175,-0.184354,7.268796,5.585672,-0.283425,-1.317280,0.899673,1.620175,0.638965,0.172875,-0.362854,0.754868,0.661938,1.405000,-41.275002,-12.163000,NaN,-1.380773,true,Self-supervised model,0.263546,0.000000,0.000000,0.000000,0.000000,0.000000,1.157108,2.146304,false,false
2026-04-17T14:56:25.226386,0.000000,0.000000,-2.243063,218.518,SW,0,0.000000,0,0.000000,1.827344,2.208296,1.578636,-0.402226,7.326257,5.530606,-0.427053,-1.297996,0.790522,1.578636,0.656680,0.083078,-0.369573,0.758100,0.661914,1.405000,-41.275002,-12.163000,NaN,-1.374232,true,Self-supervised model,0.249569,0.000000,0.000000,0.000000,0.000000,0.000000,1.157546,2.082359,false,false
2026-04-17T14:56:25.235873,0.000000,0.000000,-2.238489,218.256,SW,0,0.000000,0,0.000000,1.782823,2.213277,1.549089,-0.577003,7.343017,5.425261,-0.472738,-1.305563,0.686804,1.549089,0.673173,-0.020769,-0.357356,0.762429,0.673494,1.405000,-41.275002,-12.163000,NaN,-1.367643,true,Self-supervised model,0.244291,0.000000,0.000000,0.000000,0.000000,0.000000,1.150885,2.031782,false,false
2026-04-17T14:56:25.242508,0.000000,0.000000,-2.233538,217.972,SW,0,0.000000,0,0.000000,1.750646,2.216772,1.581714,-0.648829,7.354988,5.284003,-0.474987,-1.392806,0.579913,1.581714,0.681726,-0.116675,-0.337198,0.769458,0.691638,1.405000,-41.275002,-12.163000,NaN,-1.361188,true,Self-supervised model,0.238527,0.000000,0.000000,0.000000,0.000000,0.000000,1.106803,2.055622,false,false
2026-04-17T14:56:25.254615,0.000000,0.000000,-2.228351,217.675,SW,0,0.000000,0,0.000000,1.723460,2.219039,1.580732,-0.672771,7.287950,5.137957,-0.410138,-1.456491,0.457312,1.580732,0.679282,-0.196088,-0.309709,0.771877,0.707018,1.405000,-41.275002,-12.163000,NaN,-1.355054,true,Self-supervised model,0.242020,0.000000,0.000000,0.000000,0.000000,0.000000,1.090292,2.047906,false,false
2026-04-17T14:56:25.259034,0.000000,0.000000,-2.223045,217.371,SW,0,0.000000,0,0.000000,1.707282,2.220569,1.622347,-0.624887,7.244854,4.975151,-0.363500,-1.549135,0.316323,1.622347,0.671341,-0.243735,-0.284663,0.768855,0.714217,1.405000,-41.275002,-12.163000,NaN,-1.349269,true,Self-supervised model,0.234618,0.000000,0.000000,0.000000,0.000000,0.000000,1.052353,2.110081,false,false
2026-04-17T14:56:25.267273,0.000000,0.000000,-2.217740,217.067,SW,0,0.000000,0,0.000000,1.697154,2.221632,1.643983,-0.591368,7.173028,4.793192,-0.344416,-1.603640,0.111344,1.643983,0.658513,-0.274278,-0.249844,0.755837,0.713350,1.405000,-41.275002,-12.163000,NaN,-1.343975,true,Self-supervised model,0.244608,0.000000,0.000000,0.000000,0.000000,0.000000,1.032342,2.175050,false,false
2026-04-17T14:56:25.274731,0.000000,0.000000,-2.212505,216.767,SW,0,0.000000,0,0.000000,1.698500,2.222707,1.705568,-0.581791,7.139510,4.546589,-0.345529,-1.669060,-0.061721,1.705568,0.642630,-0.276722,-0.211359,0.730905,0.699678,3.281000,-41.668003,-9.862000,NaN,-1.339013,true,Self-supervised model,0.250909,0.000000,0.000000,0.000000,0.000000,0.000000,0.995856,2.333503,false,false
2026-04-17T14:56:25.282777,0.000000,0.000000,-2.207470,216.479,SW,0,0.000000,0,0.000000,1.708412,2.224135,1.760452,-0.591368,7.089231,4.343082,-0.340225,-1.713233,-0.219707,1.760452,0.621250,-0.262061,-0.171653,0.695767,0.674261,3.281000,-41.668003,-9.862000,NaN,-1.334784,true,Self-supervised model,0.259592,0.000000,0.000000,0.000000,0.000000,0.000000,0.970440,2.530230,false,false
2026-04-17T14:56:25.290749,0.000000,0.000000,-2.202758,216.209,SW,0,0.000000,0,0.000000,1.722220,2.226059,1.794708,-0.591368,7.062895,4.149151,-0.292302,-1.735410,-0.351979,1.794708,0.597426,-0.243124,-0.138666,0.659739,0.645002,3.281000,-41.668003,-9.862000,NaN,-1.331358,true,Self-supervised model,0.264305,0.000000,0.000000,0.000000,0.000000,0.000000,0.959610,2.720330,false,false
2026-04-17T14:56:25.298895,0.000000,0.000000,-2.198436,215.961,SW,0,0.000000,0,0.000000,1.743222,2.228745,1.853485,-0.545878,7.060501,3.976769,-0.284654,-1.766948,-0.481950,1.853485,0.563829,-0.220522,-0.106901,0.614785,0.605420,3.281000,-41.668003,-9.862000,NaN,-1.328600,true,Self-supervised model,0.275455,0.000000,0.000000,0.000000,0.000000,0.000000,0.940510,3.014851,false,false
2026-04-17T14:56:25.306739,0.000000,0.000000,-2.194535,215.738,SW,0,0.000000,0,0.000000,1.767795,2.232307,1.896804,-0.538695,7.048530,3.806781,-0.266347,-1.782845,-0.590245,1.896804,0.524122,-0.202196,-0.078191,0.567187,0.561772,3.281000,-41.668003,-9.862000,NaN,-1.326381,true,Self-supervised model,0.283516,0.000000,0.000000,0.000000,0.000000,0.000000,0.931986,3.344229,false,false
2026-04-17T14:56:25.314889,0.000000,0.000000,-2.191060,215.539,SW,0,0.000000,0,0.000000,1.785315,2.236428,1.877294,-0.519542,7.050924,3.660734,-0.268288,-1.725366,-0.689467,1.877294,0.481973,-0.191201,-0.059254,0.521887,0.518513,3.281000,-41.668003,-9.862000,NaN,-1.324614,true,Self-supervised model,0.283261,0.000000,0.000000,0.000000,0.000000,0.000000,0.951005,3.597124,false,false
2026-04-17T14:56:25.323772,0.000000,0.000000,-2.188014,215.364,SW,0,0.000000,0,0.000000,1.786847,2.240444,1.794886,-0.519542,7.125144,3.526659,-0.268752,-1.610815,-0.744758,1.794886,0.422108,-0.175929,-0.039706,0.459024,0.457303,3.281000,-41.668003,-9.862000,NaN,-1.323279,true,Self-supervised model,0.273336,0.000000,0.000000,0.000000,0.000000,0.000000,0.995521,3.910226,false,false
2026-04-17T14:56:25.330434,0.000000,0.000000,-2.185395,215.214,SW,0,0.000000,0,0.000000,1.766439,2.243484,1.659297,-0.517148,7.254431,3.440468,-0.281941,-1.434119,-0.785542,1.659297,0.349415,-0.156992,-0.018937,0.383531,0.383063,3.281000,-41.668003,-9.862000,NaN,-1.322369,true,Self-supervised model,0.258411,0.000000,0.000000,0.000000,0.000000,0.000000,1.064571,4.326370,false,false
2026-04-17T14:56:25.338622,0.000000,0.000000,-2.183192,215.088,SW,0,0.000000,0,0.000000,1.737714,2.245253,1.586908,-0.526724,7.443573,3.373430,-0.283310,-1.343467,-0.795682,1.586908,0.266337,-0.123395,-0.005498,0.293585,0.293533,3.281000,-41.668003,-9.862000,NaN,-1.321834,true,Self-supervised model,0.256146,0.000000,0.000000,0.000000,0.000000,0.000000,1.095031,5.405280,false,false
2026-04-17T14:56:25.346676,0.000000,0.000000,-2.181377,214.984,SW,0,0.000000,0,0.000000,1.700841,2.245477,1.507261,-0.524330,7.544129,3.342306,-0.288933,-1.259667,-0.775624,1.507261,0.189979,-0.085521,0.000611,0.208342,0.208341,3.281000,-41.668003,-9.862000,NaN,-1.321566,true,Self-supervised model,0.256543,0.000000,0.000000,0.000000,0.000000,0.000000,1.128432,7.234559,false,false
2026-04-17T14:56:25.355330,0.000000,0.000000,-2.179898,214.899,SW,0,0.000000,0,0.000000,1.659334,2.244031,1.441420,-0.526724,7.635109,3.347094,-0.307492,-1.230724,-0.684440,1.441420,0.112399,-0.032987,0.001833,0.117154,0.117140,3.281000,-41.668003,-9.862000,NaN,-1.321435,true,Self-supervised model,0.274629,0.000000,0.000000,0.000000,0.000000,0.000000,1.151180,12.303631,false,false
2026-04-17T14:56:25.362579,0.000000,0.000000,-2.178695,214.830,SW,0,0.000000,0,0.000000,1.620979,2.241109,1.419619,-0.543484,7.668628,3.428497,-0.319227,-1.261686,-0.567064,1.419619,0.045815,0.025656,-0.003054,0.052598,0.052510,3.281000,-41.668003,-9.862000,NaN,-1.321334,true,Self-supervised model,0.351637,0.000000,0.000000,0.000000,0.000000,0.000000,1.141841,26.989833,false,false
2026-04-17T14:56:25.373396,0.000000,0.000000,-2.177691,214.773,SW,0,0.000000,0,0.000000,1.584865,2.236859,1.395266,-0.555455,7.639898,3.541024,-0.364239,-1.274257,-0.436311,1.395266,0.005498,0.092241,-0.014661,0.093560,0.092404,3.281000,-41.668003,-9.862000,NaN,-1.321128,true,Self-supervised model,0.278919,0.000000,0.000000,0.000000,0.000000,0.000000,1.135888,14.913037,false,false
2026-04-17T14:56:25.378556,0.000000,0.000000,-2.176796,214.721,SW,0,0.000000,0,0.000000,1.551788,2.231456,1.378134,-0.603339,7.627927,3.670311,-0.341722,-1.300436,-0.302238,1.378134,-0.006720,0.140499,-0.029932,0.143809,0.140660,3.281000,-41.668003,-9.862000,NaN,-1.320667,true,Self-supervised model,0.247212,0.000000,0.000000,0.000000,0.000000,0.000000,1.126007,9.583079,false,false
2026-04-17T14:56:25.387060,0.000000,0.000000,-2.175924,214.671,SW,0,0.000000,0,0.000000,1.512036,2.224680,1.303334,-0.586579,7.601591,3.804387,-0.368977,-1.238013,-0.172801,1.303334,0.001833,0.189979,-0.049480,0.196325,0.189988,3.281000,-41.668003,-9.862000,NaN,-1.319887,true,Self-supervised model,0.230961,0.000000,0.000000,0.000000,0.000000,0.000000,1.160129,6.638639,false,false
2026-04-17T14:56:25.394773,0.000000,0.000000,-2.174998,214.618,SW,0,0.000000,0,0.000000,1.465179,2.216300,1.219183,-0.622492,7.663840,3.933673,-0.405765,-1.147516,-0.070498,1.219183,0.027489,0.215635,-0.063530,0.226474,0.217381,3.281000,-41.668003,-9.862000,NaN,-1.318744,true,Self-supervised model,0.222732,0.000000,0.000000,0.000000,0.000000,0.000000,1.201771,5.383332,false,false
2026-04-17T14:56:25.404615,0.000000,0.000000,-2.173973,214.559,SW,0,0.000000,0,0.000000,1.415254,2.206258,1.153149,-0.670376,7.754819,4.034230,-0.405469,-1.079385,-0.016591,1.153149,0.055589,0.215635,-0.075747,0.235216,0.222685,3.281000,-41.668003,-9.862000,NaN,-1.317326,true,Self-supervised model,0.217688,0.000000,0.000000,0.000000,0.000000,0.000000,1.227296,4.902518,false,false
2026-04-17T14:56:25.410817,0.000000,0.000000,-2.172832,214.494,SW,0,0.000000,0,0.000000,1.360408,2.194424,1.072462,-0.682347,7.824251,4.084508,-0.474467,-0.961797,-0.001545,1.072462,0.080023,0.197309,-0.080023,0.227461,0.212920,3.281000,-41.668003,-9.862000,NaN,-1.315721,true,Self-supervised model,0.213199,0.000000,0.000000,0.000000,0.000000,0.000000,1.268490,4.714927,false,false
2026-04-17T14:56:25.421630,0.000000,0.000000,-2.171595,214.423,SW,0,0.000000,0,0.000000,1.305749,2.180877,1.018789,-0.763750,7.943961,4.094085,-0.527757,-0.871400,0.008152,1.018789,0.106901,0.163101,-0.075136,0.208986,0.195012,3.281000,-41.668003,-9.862000,NaN,-1.314095,true,Self-supervised model,0.209638,0.000000,0.000000,0.000000,0.000000,0.000000,1.281667,4.874906,false,false
2026-04-17T14:56:25.427139,0.000000,0.000000,-2.170304,214.349,SW,0,0.000000,0,0.000000,1.252356,2.165736,0.972044,-0.828394,8.037335,4.096479,-0.590168,-0.772241,0.014729,0.972044,0.130725,0.118508,-0.065363,0.188163,0.176446,3.281000,-41.668003,-9.862000,NaN,-1.312595,true,Self-supervised model,0.204735,0.000000,0.000000,0.000000,0.000000,0.000000,1.288373,5.165960,false,false
2026-04-17T14:56:25.435393,0.000000,0.000000,-2.169022,214.276,SW,0,0.000000,0,0.000000,1.211766,2.149577,0.998671,-0.900220,8.140285,4.094085,-0.653156,-0.755357,-0.012875,0.998671,0.159436,0.053145,-0.046426,0.174355,0.168060,4.349000,-42.064003,-9.827001,NaN,-1.311346,true,Self-supervised model,0.198965,0.000000,0.000000,0.000000,0.000000,0.000000,1.213379,5.727810,false,false
2026-04-17T14:56:25.442409,0.000000,0.000000,-2.167804,214.206,SW,0,0.000000,0,0.000000,1.179413,2.132771,1.009561,-0.969652,8.161834,4.055778,-0.702670,-0.724885,-0.003075,1.009561,0.180205,-0.007330,-0.028100,0.182530,0.180354,4.349000,-42.064003,-9.827001,NaN,-1.310383,true,Self-supervised model,0.193519,0.000000,0.000000,0.000000,0.000000,0.000000,1.168244,5.530927,false,false
2026-04-17T14:56:25.453950,0.000000,0.000000,-2.166663,214.141,SW,0,0.000000,0,0.000000,1.150740,2.115489,1.000205,-1.022324,8.197746,4.053383,-0.743043,-0.668318,0.040594,1.000205,0.196699,-0.092852,-0.002443,0.217526,0.217513,4.349000,-42.064003,-9.827001,NaN,-1.309547,true,Self-supervised model,0.188198,0.000000,0.000000,0.000000,0.000000,0.000000,1.150504,4.598086,false,false
2026-04-17T14:56:25.458986,0.000000,0.000000,-2.165704,214.086,SW,0,0.000000,0,0.000000,1.117071,2.097553,0.940306,-1.063026,8.259995,4.084508,-0.740759,-0.571731,0.092596,0.940306,0.205251,-0.182038,0.019548,0.275041,0.274346,4.349000,-42.064003,-9.827001,NaN,-1.309321,true,Self-supervised model,0.182444,0.000000,0.000000,0.000000,0.000000,0.000000,1.187987,3.418779,false,false
2026-04-17T14:56:25.466681,0.000000,0.000000,-2.164960,214.043,SW,0,0.000000,0,0.000000,1.070734,2.078480,0.827469,-1.055843,8.362947,4.122815,-0.668164,-0.458277,0.168061,0.827469,0.198531,-0.271835,0.040317,0.339020,0.336614,4.349000,-42.064003,-9.827001,NaN,-1.309436,true,Self-supervised model,0.183383,0.000000,0.000000,0.000000,0.000000,0.000000,1.293987,2.440769,false,false
2026-04-17T14:56:25.475079,0.000000,0.000000,-2.164450,214.014,SW,0,0.000000,0,0.000000,1.011224,2.057790,0.698796,-0.974440,8.482656,4.185065,-0.551204,-0.337130,0.266145,0.698796,0.182649,-0.339030,0.058032,0.389448,0.385100,4.349000,-42.064003,-9.827001,NaN,-1.309858,true,Self-supervised model,0.190004,0.000000,0.000000,0.000000,0.000000,0.000000,1.447096,1.794323,false,false
2026-04-17T14:56:25.482756,0.000000,0.000000,-2.164193,213.999,SW,0,0.000000,0,0.000000,0.947980,2.035397,0.615949,-0.845153,8.609550,4.271256,-0.451513,-0.210393,0.362304,0.615949,0.158214,-0.389732,0.078191,0.427828,0.420622,4.349000,-42.064003,-9.827001,NaN,-1.310619,true,Self-supervised model,0.192023,0.000000,0.000000,0.000000,0.000000,0.000000,1.539056,1.439713,false,false
2026-04-17T14:56:25.491525,0.000000,0.000000,-2.163792,213.976,SW,0,0.000000,0,0.000000,0.888933,2.011539,0.578937,-0.730232,8.741230,4.357447,-0.360852,-0.130065,0.433632,0.578937,0.138666,-0.394008,0.087354,0.426733,0.417697,4.349000,-42.064003,-9.827001,NaN,-1.309641,true,Self-supervised model,0.187499,0.000000,0.000000,0.000000,0.000000,0.000000,1.535458,1.356671,false,false
2026-04-17T14:56:25.498299,0.000000,0.000000,-2.163243,213.945,SW,0,0.000000,0,0.000000,0.839954,1.986675,0.582816,-0.632069,8.822633,4.426879,-0.256533,-0.046031,0.521293,0.582816,0.125227,-0.360410,0.088575,0.391693,0.381546,4.349000,-42.064003,-9.827001,NaN,-1.308498,true,Self-supervised model,0.176343,0.000000,0.000000,0.000000,0.000000,0.000000,1.441200,1.487942,false,false
2026-04-17T14:56:25.506491,0.000000,0.000000,-2.162557,213.905,SW,0,0.000000,0,0.000000,0.810953,1.961646,0.658696,-0.521936,8.906430,4.515464,-0.149750,0.039070,0.640256,0.658696,0.124617,-0.291994,0.091019,0.330263,0.317474,4.349000,-42.064003,-9.827001,NaN,-1.307263,true,Self-supervised model,0.156510,0.000000,0.000000,0.000000,0.000000,0.000000,1.231150,1.994455,false,false
2026-04-17T14:56:25.514735,0.000000,0.000000,-2.161762,213.860,SW,0,0.000000,0,0.000000,0.795820,1.937013,0.716374,-0.411803,8.990228,4.637568,0.005042,0.079565,0.711924,0.716374,0.128893,-0.210138,0.083078,0.260140,0.246518,4.349000,-42.064003,-9.827001,NaN,-1.306034,true,Self-supervised model,0.150380,0.000000,0.000000,0.000000,0.000000,0.000000,1.110901,2.753798,false,false
2026-04-17T14:56:25.523384,0.000000,0.000000,-2.160904,213.811,SW,0,0.000000,0,0.000000,0.791975,1.913212,0.771786,-0.256180,9.028535,4.714183,0.087348,0.094237,0.761014,0.771786,0.141721,-0.139888,0.073304,0.212195,0.199132,4.349000,-42.064003,-9.827001,NaN,-1.304923,true,Self-supervised model,0.152535,0.000000,0.000000,0.000000,0.000000,0.000000,1.026159,3.637146,false,false
2026-04-17T14:56:25.530395,0.000000,0.000000,-2.160031,213.761,SW,0,0.000000,0,0.000000,0.790614,1.890308,0.783471,-0.174777,9.040505,4.769250,0.211163,0.020732,0.754193,0.783471,0.157603,-0.100793,0.060476,0.196609,0.187077,4.349000,-42.064003,-9.827001,NaN,-1.303989,true,Self-supervised model,0.153804,0.000000,0.000000,0.000000,0.000000,0.000000,1.009118,3.984909,false,false
2026-04-17T14:56:25.538573,0.000000,0.000000,-2.159169,213.711,SW,0,0.000000,0,0.000000,0.797969,1.868614,0.836582,-0.052672,8.963891,4.769250,0.344489,-0.038254,0.761403,0.836582,0.172875,-0.086743,0.027489,0.195360,0.193417,4.349000,-42.064003,-9.827001,NaN,-1.303173,true,Self-supervised model,0.159773,0.000000,0.000000,0.000000,0.000000,0.000000,0.953844,4.282251,false,false
2026-04-17T14:56:25.546587,0.000000,0.000000,-2.158310,213.662,SW,0,0.000000,0,0.000000,0.809212,1.848238,0.868239,0.079009,8.901642,4.783615,0.422125,-0.087409,0.753664,0.868239,0.184481,-0.105069,-0.014661,0.212809,0.212304,4.349000,-42.064003,-9.827001,NaN,-1.302325,true,Self-supervised model,0.163044,0.000000,0.000000,0.000000,0.000000,0.000000,0.932016,4.079894,false,false
2026-04-17T14:56:25.555326,0.000000,0.000000,-2.157405,213.610,SW,0,0.000000,0,0.000000,0.816276,1.828960,0.853360,0.155623,8.848969,4.783615,0.424784,0.020947,0.739827,0.853360,0.193033,-0.142332,-0.065363,0.248581,0.239834,4.349000,-42.064003,-9.827001,NaN,-1.301238,true,Self-supervised model,0.159444,0.000000,0.000000,0.000000,0.000000,0.000000,0.956543,3.432927,false,false
2026-04-17T14:56:25.562333,0.000000,0.000000,-2.156389,213.552,SW,0,0.000000,0,0.000000,0.823817,1.810754,0.863407,0.158017,8.954314,4.776433,0.453661,0.173832,0.713755,0.863407,0.207694,-0.164323,-0.106291,0.285371,0.264837,4.349000,-42.064003,-9.827001,NaN,-1.299776,true,Self-supervised model,0.160030,0.000000,0.000000,0.000000,0.000000,0.000000,0.954147,3.025561,false,false
2026-04-17T14:56:25.570798,0.000000,0.000000,-2.155181,213.483,SW,0,0.000000,0,0.000000,0.829391,1.793500,0.858655,0.186748,9.105149,4.754885,0.435670,0.349400,0.652226,0.858655,0.222355,-0.169821,-0.150273,0.317589,0.279787,4.349000,-42.064003,-9.827001,NaN,-1.297801,true,Self-supervised model,0.158998,0.000000,0.000000,0.000000,0.000000,0.000000,0.965919,2.703667,false,false
2026-04-17T14:56:25.578889,0.000000,0.000000,-2.153701,213.398,SW,0,0.000000,0,0.000000,0.830037,1.776961,0.833428,0.167594,9.279925,4.695030,0.415355,0.475533,0.544013,0.833428,0.240681,-0.134390,-0.197309,0.338997,0.275659,4.349000,-42.064003,-9.827001,NaN,-1.295229,true,Self-supervised model,0.155354,0.000000,0.000000,0.000000,0.000000,0.000000,0.995931,2.458509,false,false
2026-04-17T14:56:25.587459,0.000000,0.000000,-2.151862,213.293,SW,0,0.000000,0,0.000000,0.829979,1.761082,0.829678,0.143652,9.406818,4.584896,0.398775,0.557189,0.467852,0.829678,0.254120,-0.078802,-0.236405,0.355913,0.266058,4.349000,-42.064003,-9.827001,NaN,-1.291958,true,Self-supervised model,0.153652,0.000000,0.000000,0.000000,0.000000,0.000000,1.000363,2.331129,false,false
2026-04-17T14:56:25.594644,0.000000,0.000000,-2.149612,213.164,SW,0,0.000000,0,0.000000,0.826311,1.745691,0.807049,0.119710,9.490616,4.503493,0.345242,0.604319,0.408576,0.807049,0.255953,-0.034819,-0.266337,0.371025,0.258310,3.813000,-43.611004,-9.085000,NaN,-1.288066,true,Self-supervised model,0.150472,0.000000,0.000000,0.000000,0.000000,0.000000,1.023867,2.175186,false,false
2026-04-17T14:56:25.602659,0.000000,0.000000,-2.146916,213.009,SW,0,0.000000,0,0.000000,0.824411,1.730840,0.814436,0.055067,9.540894,4.436456,0.246876,0.679531,0.374960,0.814436,0.248011,-0.012217,-0.291383,0.382835,0.248312,3.813000,-43.611004,-9.085000,NaN,-1.283584,true,Self-supervised model,0.150100,0.000000,0.000000,0.000000,0.000000,0.000000,1.012248,2.127379,false,false
2026-04-17T14:56:25.610569,0.000000,0.000000,-2.143789,212.830,SW,0,0.000000,0,0.000000,0.840978,1.717245,0.927958,-0.057461,9.619903,4.393360,0.192933,0.826309,0.375627,0.927958,0.230296,-0.028711,-0.296881,0.376827,0.232079,3.813000,-43.611004,-9.085000,NaN,-1.278731,true,Self-supervised model,0.163411,0.000000,0.000000,0.000000,0.000000,0.000000,0.906268,2.462556,false,false
2026-04-17T14:56:25.620070,0.000000,0.000000,-2.140311,212.631,SW,0,0.000000,0,0.000000,0.870423,1.705372,1.025008,-0.126893,9.770737,4.383783,0.099745,0.949180,0.373832,1.025008,0.202807,-0.074526,-0.279165,0.353013,0.216067,3.813000,-43.611004,-9.085000,NaN,-1.273851,true,Self-supervised model,0.179751,0.000000,0.000000,0.000000,0.000000,0.000000,0.849186,2.903599,false,false
2026-04-17T14:56:25.626647,0.000000,0.000000,-2.136629,212.420,SW,0,0.000000,0,0.000000,0.919281,1.695929,1.175786,-0.234632,9.897630,4.371812,0.113826,1.110549,0.369050,1.175786,0.175929,-0.124006,-0.246790,0.327465,0.215241,3.813000,-43.611004,-9.085000,NaN,-1.269351,true,Self-supervised model,0.205554,0.000000,0.000000,0.000000,0.000000,0.000000,0.781844,3.590567,false,false
2026-04-17T14:56:25.637309,0.000000,0.000000,-2.132893,212.206,SW,0,0.000000,0,0.000000,0.974216,1.689060,1.262626,-0.232238,10.062830,4.357447,0.176997,1.205262,0.332024,1.262626,0.138056,-0.182038,-0.202196,0.305091,0.228467,3.813000,-43.611004,-9.085000,NaN,-1.265401,true,Self-supervised model,0.218932,0.000000,0.000000,0.000000,0.000000,0.000000,0.771579,4.138524,false,false
2026-04-17T14:56:25.642821,0.000000,0.000000,-2.129250,211.997,SW,0,0.000000,0,0.000000,1.032019,1.684779,1.335484,-0.177171,10.160992,4.311957,0.284611,1.276731,0.269207,1.335484,0.100793,-0.208916,-0.163101,0.283561,0.231959,3.813000,-43.611004,-9.085000,NaN,-1.262128,true,Self-supervised model,0.226666,0.000000,0.000000,0.000000,0.000000,0.000000,0.772768,4.709684,false,false
2026-04-17T14:56:25.654234,0.000000,0.000000,-2.125783,211.798,SW,0,0.000000,0,0.000000,1.089634,1.682973,1.392109,-0.074220,10.235212,4.242526,0.423788,1.317864,0.146988,1.392109,0.064752,-0.205862,-0.141721,0.258179,0.215805,3.813000,-43.611004,-9.085000,NaN,-1.259365,true,Self-supervised model,0.236086,0.000000,0.000000,0.000000,0.000000,0.000000,0.782721,5.392026,false,false
2026-04-17T14:56:25.659152,0.000000,0.000000,-2.122522,211.612,SW,0,0.000000,0,0.000000,1.141290,1.683305,1.412484,0.062249,10.278308,4.115633,0.529175,1.309568,-0.010687,1.412484,0.034819,-0.174707,-0.130114,0.220601,0.178143,3.813000,-43.611004,-9.085000,NaN,-1.256929,true,Self-supervised model,0.236966,0.000000,0.000000,0.000000,0.000000,0.000000,0.808002,6.402888,false,false
2026-04-17T14:56:25.666433,0.000000,0.000000,-2.119430,211.434,SW,0,0.000000,0,0.000000,1.196596,1.685837,1.486955,0.165200,10.271125,3.955221,0.641052,1.328816,-0.185292,1.486955,-0.013439,-0.123395,-0.136834,0.184744,0.124124,3.813000,-43.611004,-9.085000,NaN,-1.254516,true,Self-supervised model,0.256439,0.000000,0.000000,0.000000,0.000000,0.000000,0.804729,8.048727,false,false
2026-04-17T14:56:25.674662,0.000000,0.000000,-2.116407,211.261,SW,0,0.000000,0,0.000000,1.247311,1.690296,1.513565,0.272939,10.290278,3.780444,0.719836,1.297338,-0.299384,1.513565,-0.086132,-0.095906,-0.164934,0.209332,0.128906,3.813000,-43.611004,-9.085000,NaN,-1.251767,true,Self-supervised model,0.255762,0.000000,0.000000,0.000000,0.000000,0.000000,0.824088,7.230464,false,false
2026-04-17T14:56:25.683401,0.000000,0.000000,-2.113346,211.086,SW,0,0.000000,0,0.000000,1.301073,1.696727,1.583321,0.344765,10.256760,3.670311,0.781890,1.299971,-0.453465,1.583321,-0.186314,-0.109956,-0.199142,0.294042,0.216340,3.813000,-43.611004,-9.085000,NaN,-1.248552,true,Self-supervised model,0.259121,0.000000,0.000000,0.000000,0.000000,0.000000,0.821736,5.384677,false,false
2026-04-17T14:56:25.690700,0.000000,0.000000,-2.110145,210.902,SW,0,0.000000,0,0.000000,1.353528,1.704999,1.628916,0.397437,10.254366,3.526659,0.785604,1.343262,-0.481500,1.628916,-0.345750,-0.185092,-0.235183,0.457289,0.392176,3.813000,-43.611004,-9.085000,NaN,-1.244793,true,Self-supervised model,0.256693,0.000000,0.000000,0.000000,0.000000,0.000000,0.830938,3.562117,false,false
2026-04-17T14:56:25.698509,0.000000,0.000000,-2.106799,210.711,SW,0,0.000000,0,0.000000,1.389500,1.714379,1.578356,0.390255,10.287885,3.519476,0.780772,1.335144,-0.314632,1.578356,-0.535729,-0.306043,-0.255342,0.667733,0.616983,3.813000,-43.611004,-9.085000,NaN,-1.240866,true,Self-supervised model,0.238389,0.000000,0.000000,0.000000,0.000000,0.000000,0.880346,2.363753,false,false
2026-04-17T14:56:25.706583,0.000000,0.000000,-2.103395,210.516,SW,0,0.000000,0,0.000000,1.411036,1.724245,1.524099,0.375890,10.263943,3.720589,0.771635,1.314045,-0.027249,1.524099,-0.722043,-0.465479,-0.251676,0.895186,0.859079,3.813000,-43.611004,-9.085000,NaN,-1.237229,true,Self-supervised model,0.224323,0.000000,0.000000,0.000000,0.000000,0.000000,0.925817,1.702550,false,false
2026-04-17T14:56:25.714823,0.000000,0.000000,-2.100103,210.327,SW,0,0.000000,0,0.000000,1.423141,1.734201,1.486690,0.361524,10.220847,4.055778,0.822598,1.173800,0.394679,1.486690,-0.856433,-0.601091,-0.217468,1.068682,1.046321,3.813000,-43.611004,-9.085000,NaN,-1.234389,true,Self-supervised model,0.216560,0.000000,0.000000,0.000000,0.000000,0.000000,0.957254,1.391144,false,false
2026-04-17T14:56:25.723414,0.000000,0.000000,-2.097089,210.154,SW,0,0.000000,0,0.000000,1.450847,1.744867,1.596307,0.414197,10.053253,4.537012,1.078991,0.841654,0.821945,1.596307,-0.968832,-0.731817,-0.177762,1.227107,1.214163,3.813000,-43.611004,-9.085000,NaN,-1.232481,true,Self-supervised model,0.234265,0.000000,0.000000,0.000000,0.000000,0.000000,0.908877,1.300870,false,false
2026-04-17T14:56:25.730517,0.000000,0.000000,-2.094434,210.002,SW,0,0.000000,0,0.000000,1.517827,1.757785,1.869471,0.679953,9.689334,5.032612,1.329123,0.483686,1.222457,1.869471,-1.012815,-0.809396,-0.150884,1.305252,1.296501,3.813000,-43.611004,-9.085000,NaN,-1.231269,true,Self-supervised model,0.282519,0.000000,0.000000,0.000000,0.000000,0.000000,0.811902,1.432269,false,false
2026-04-17T14:56:25.739313,0.000000,0.000000,-2.092114,209.869,SW,0,0.000000,0,0.000000,1.620054,1.774276,2.156746,0.945710,9.296685,5.506664,1.550117,0.173999,1.489434,2.156746,-0.988380,-0.822225,-0.138666,1.293127,1.285670,3.813000,-43.611004,-9.085000,NaN,-1.230282,true,Self-supervised model,0.333206,0.000000,0.000000,0.000000,0.000000,0.000000,0.751157,1.667854,false,false
2026-04-17T14:56:25.747030,0.000000,0.000000,-2.090037,209.750,SW,0,0.000000,0,0.000000,1.765601,1.795929,2.529724,1.185130,8.951921,5.846641,1.818834,-0.129849,1.753421,2.529724,-0.923017,-0.792903,-0.144164,1.225332,1.216822,3.813000,-43.611004,-9.085000,NaN,-1.229183,true,Self-supervised model,0.390844,0.000000,0.000000,0.000000,0.000000,0.000000,0.697942,2.064521,false,false
2026-04-17T14:56:25.755260,0.000000,0.000000,-2.088163,209.643,SW,0,0.000000,0,0.000000,1.936768,1.823563,2.835391,1.472434,8.614338,6.179435,2.003171,-0.431777,1.959672,2.835391,-0.810618,-0.751364,-0.170431,1.118346,1.105283,3.416000,-43.208000,-9.335000,NaN,-1.228116,true,Self-supervised model,0.444702,0.000000,0.000000,0.000000,0.000000,0.000000,0.683069,2.535344,false,false
2026-04-17T14:56:25.762499,-0.449214,-0.792981,-2.086210,209.531,SW,1,0.911379,1,0.911379,2.103884,1.856776,2.981246,1.675941,8.281544,6.447585,2.051950,-0.694580,2.048142,2.981246,-0.671952,-0.699441,-0.215025,0.993465,0.969916,3.416000,-43.208000,-9.335000,NaN,-1.225848,true,Self-supervised model,0.484878,0.000000,0.000000,0.000000,0.000000,0.000000,0.705706,3.000857,false,true
2026-04-17T14:56:25.770941,-0.449214,-0.792981,-2.084006,209.405,SW,1,0.911379,1,0.911379,2.241149,1.894151,2.961791,1.738190,7.991845,6.588843,1.982875,-0.888075,2.012892,2.961791,-0.513738,-0.656680,-0.273668,0.877524,0.833760,3.416000,-43.208000,-9.335000,NaN,-1.222642,true,Self-supervised model,0.503935,0.008000,0.126264,15.783051,0.000000,0.000000,0.756687,3.375166,false,false
2026-04-17T14:56:25.778460,-0.449214,-0.792981,-2.081417,209.256,SW,1,0.911379,1,0.911379,2.329960,1.933583,2.796220,1.678335,7.776367,6.596025,1.776627,-1.074609,1.872874,2.796220,-0.368963,-0.622472,-0.325591,0.793482,0.723605,3.416000,-43.208000,-9.335000,NaN,-1.218513,true,Self-supervised model,0.505629,0.015000,0.274598,18.306548,0.000000,0.000000,0.833254,3.523986,false,false
2026-04-17T14:56:25.787548,-0.449214,-0.792981,-2.078342,209.080,SW,1,0.911379,1,0.911379,2.353296,1.972371,2.475808,1.477222,7.572860,6.488286,1.485371,-1.141821,1.618501,2.475808,-0.207694,-0.599259,-0.377515,0.738082,0.634230,3.416000,-43.208000,-9.335000,NaN,-1.213495,true,Self-supervised model,0.468821,0.025000,0.450765,18.030581,0.000000,0.000000,0.950516,3.354380,false,false
2026-04-17T14:56:25.794755,-0.449214,-0.792981,-2.074774,208.876,SW,1,0.911379,1,0.911379,2.301280,2.007528,2.028195,1.187524,7.493851,6.256049,1.147908,-1.081998,1.274818,2.028195,-0.074526,-0.599259,-0.405004,0.727113,0.603875,3.416000,-43.208000,-9.335000,NaN,-1.207950,true,Self-supervised model,0.368218,0.032000,0.655240,20.476256,0.000000,0.000000,1.134644,2.789381,false,false
2026-04-17T14:56:25.802988,-0.449214,-0.792981,-2.070805,208.648,SW,1,0.911379,1,0.911379,2.180884,2.036462,1.548806,0.849942,7.546524,5.925649,0.780559,-0.951584,0.940220,1.548806,0.017715,-0.624915,-0.397062,0.740602,0.625166,3.416000,-43.208000,-9.335000,NaN,-1.202383,true,Self-supervised model,0.290945,0.040000,0.882611,22.065265,0.000000,0.000000,1.408107,2.091280,false,false
2026-04-17T14:56:25.810453,-0.449214,-0.792981,-2.066613,208.408,SW,1,0.911379,1,0.911379,1.998473,2.056943,1.040816,0.483629,7.673417,5.597643,0.464856,-0.789484,0.493886,1.040816,0.053756,-0.653626,-0.361021,0.748634,0.655833,3.416000,-43.208000,-9.335000,NaN,-1.197296,true,Self-supervised model,0.250205,0.047000,1.122800,23.889358,0.000000,0.000000,1.920102,1.390288,false,false
2026-04-17T14:56:25.820607,-0.449214,-0.792981,-2.062457,208.170,SW,1,0.911379,1,0.911379,1.810070,2.069068,0.820953,0.172383,7.833828,5.154716,0.277530,-0.769423,0.070202,0.820953,0.067806,-0.681115,-0.287718,0.742493,0.684482,3.416000,-43.208000,-9.335000,NaN,-1.193285,true,Self-supervised model,0.241215,0.058000,1.360920,23.464134,0.000000,0.000000,2.204840,1.105671,false,false
2026-04-17T14:56:25.826639,-0.449214,-0.792981,-2.059735,208.014,SW,1,0.911379,1,0.911379,1.659789,2.074696,0.870815,-0.004788,7.852982,4.733337,0.131626,-0.814668,-0.278045,0.870815,0.053145,-0.693332,-0.193644,0.721825,0.695366,3.416000,-43.208000,-9.335000,NaN,-1.196296,true,Self-supervised model,0.231996,0.064000,1.516911,23.701734,0.000000,0.000000,1.906019,1.206406,false,false
2026-04-17T14:56:25.835804,-0.449214,-0.792981,-2.058101,207.921,SW,1,0.911379,1,0.911379,1.568077,2.076432,1.086587,-0.105345,7.795521,4.410120,0.115116,-0.917894,-0.569991,1.086587,0.027489,-0.696386,-0.107512,0.705173,0.696929,3.416000,-43.208000,-9.335000,NaN,-1.199018,true,Self-supervised model,0.221007,0.073000,1.610506,22.061731,0.000000,0.000000,1.443122,1.540880,false,false
2026-04-17T14:56:25.842802,-0.449214,-0.792981,-2.056799,207.846,SW,1,0.911379,1,0.911379,1.523356,2.076309,1.288574,-0.079009,7.682993,4.137180,0.236314,-1.050385,-0.708004,1.288574,-0.018326,-0.700662,-0.010385,0.700979,0.700902,3.416000,-43.208000,-9.335000,NaN,-1.199041,true,Self-supervised model,0.205017,0.080000,1.685115,21.063937,0.000000,0.000000,1.182204,1.838248,false,false
2026-04-17T14:56:25.855055,-0.449214,-0.792981,-2.056036,207.802,SW,1,0.911379,1,0.911379,1.504950,2.075454,1.408318,0.069432,7.548918,4.003105,0.409172,-1.128864,-0.735937,1.408318,-0.073304,-0.719599,0.083078,0.728079,0.723323,3.416000,-43.208000,-9.335000,NaN,-1.200437,true,Self-supervised model,0.205750,0.092000,1.728806,18.791364,0.000000,0.000000,1.068615,1.934293,false,false
2026-04-17T14:56:25.859377,-0.449214,-0.792981,-2.055964,207.798,SW,1,0.911379,1,0.911379,1.487348,2.073930,1.394934,0.275333,7.467515,3.981557,0.489529,-1.107644,-0.692335,1.394934,-0.124006,-0.753808,0.168599,0.782323,0.763939,3.416000,-43.208000,-9.335000,NaN,-1.203127,true,Self-supervised model,0.203696,0.096000,1.732941,18.051474,0.000000,0.000000,1.066249,1.783067,false,false
2026-04-17T14:56:25.866464,-0.449214,-0.792981,-2.056652,207.837,SW,1,0.911379,1,0.911379,1.456096,2.071217,1.292025,0.395043,7.484274,4.034230,0.576590,-0.982220,-0.610014,1.292025,-0.151495,-0.772134,0.226631,0.818842,0.786855,3.416000,-43.208000,-9.335000,NaN,-1.206855,true,Self-supervised model,0.196293,0.103000,1.693523,16.441974,0.000000,0.000000,1.126987,1.577869,false,false
2026-04-17T14:56:25.874916,-0.449214,-0.792981,-2.058082,207.919,SW,1,0.911379,1,0.911379,1.405084,2.066571,1.137272,0.526724,7.603985,4.127604,0.653188,-0.805860,-0.466179,1.137272,-0.160047,-0.772745,0.260839,0.831136,0.789145,3.416000,-43.208000,-9.335000,NaN,-1.211255,true,Self-supervised model,0.192285,0.112000,1.611572,14.389040,0.000000,0.000000,1.235486,1.368335,false,false
2026-04-17T14:56:25.884150,-0.449214,-0.792981,-2.060328,208.048,SW,1,0.911379,1,0.911379,1.349545,2.059890,1.057963,0.651223,7.773973,4.283227,0.712519,-0.707718,-0.332773,1.057963,-0.137445,-0.742812,0.262672,0.799786,0.755421,3.416000,-43.208000,-9.335000,NaN,-1.216761,true,Self-supervised model,0.188666,0.121000,1.482923,12.255560,0.000000,0.000000,1.275607,1.322808,false,false
2026-04-17T14:56:25.890873,-0.449214,-0.792981,-2.063170,208.211,SW,1,0.911379,1,0.911379,1.293732,2.051244,1.000716,0.763750,7.864953,4.429273,0.750277,-0.608824,-0.260480,1.000716,-0.083689,-0.700662,0.233351,0.743225,0.705643,3.416000,-43.208000,-9.335000,NaN,-1.221988,true,Self-supervised model,0.183022,0.128000,1.320101,10.313287,0.000000,0.000000,1.292807,1.346450,false,false
2026-04-17T14:56:25.898485,-0.449214,-0.792981,-2.066372,208.394,SW,1,0.911379,1,0.911379,1.249644,2.041180,1.018184,0.852336,7.958326,4.510676,0.765834,-0.622444,-0.250519,1.018184,-0.019548,-0.650571,0.195477,0.679586,0.650865,3.416000,-43.208000,-9.335000,NaN,-1.226631,true,Self-supervised model,0.175647,0.135000,1.136635,8.419516,0.000000,0.000000,1.227327,1.498242,false,false
2026-04-17T14:56:25.907148,-0.449214,-0.792981,-2.069669,208.583,SW,1,0.911379,1,0.911379,1.219562,2.030315,1.061630,0.914585,7.941567,4.525041,0.775659,-0.648549,-0.323722,1.061630,0.059865,-0.596204,0.122784,0.611653,0.599202,3.416000,-43.208000,-9.335000,NaN,-1.230308,true,Self-supervised model,0.168776,0.144000,0.947732,6.581471,0.000000,0.000000,1.148763,1.735674,false,false
2026-04-17T14:56:25.914560,-0.449214,-0.792981,-2.072784,208.762,SW,1,0.911379,1,0.911379,1.199313,2.019075,1.093007,0.964863,7.915231,4.450821,0.709518,-0.709122,-0.434046,1.093007,0.138666,-0.542448,0.040928,0.561385,0.559892,3.740000,-42.426003,-9.819000,NaN,-1.232698,true,Self-supervised model,0.164505,0.152000,0.769218,5.060643,0.000000,0.000000,1.097260,1.946982,false,false
2026-04-17T14:56:25.923103,-0.449214,-0.792981,-2.075323,208.907,SW,1,0.911379,1,0.911379,1.182813,2.007625,1.096183,0.931344,7.857770,4.333505,0.598492,-0.720820,-0.569072,1.096183,0.214414,-0.488692,-0.037874,0.535003,0.533660,3.740000,-42.426003,-9.819000,NaN,-1.232931,true,Self-supervised model,0.163008,0.160000,0.623736,3.898349,0.000000,0.000000,1.079028,2.048931,false,false
2026-04-17T14:56:25.930534,-0.449214,-0.792981,-2.077193,209.014,SW,1,0.911379,1,0.911379,1.175769,1.996351,1.138793,0.840365,7.852982,4.185065,0.448404,-0.725666,-0.754448,1.138793,0.272446,-0.452040,-0.094073,0.536113,0.527795,3.740000,-42.426003,-9.819000,NaN,-1.232123,true,Self-supervised model,0.163243,0.168000,0.516609,3.075056,0.000000,0.000000,1.032470,2.124166,false,false
2026-04-17T14:56:25.938753,-0.449214,-0.792981,-2.078364,209.081,SW,1,0.911379,1,0.911379,1.178727,1.985646,1.194253,0.703895,7.857770,3.981557,0.248370,-0.699374,-0.935643,1.194253,0.329867,-0.419664,-0.138056,0.551353,0.533789,3.740000,-42.426003,-9.819000,NaN,-1.230500,true,Self-supervised model,0.167992,0.176000,0.449512,2.554047,0.000000,0.000000,0.986999,2.166041,false,false
2026-04-17T14:56:25.946791,-0.449214,-0.792981,-2.078961,209.116,SW,1,0.911379,1,0.911379,1.190319,1.975832,1.251175,0.512359,7.896077,3.778050,0.039527,-0.622150,-1.084807,1.251175,0.364687,-0.409891,-0.161879,0.572024,0.548641,3.740000,-42.426003,-9.819000,NaN,-1.228799,true,Self-supervised model,0.175166,0.184000,0.415322,2.257187,0.000000,0.000000,0.951360,2.187278,false,false
2026-04-17T14:56:25.955844,-0.449214,-0.792981,-2.079030,209.120,SW,1,0.911379,1,0.911379,1.217943,1.967517,1.362971,0.311246,7.987057,3.603274,-0.102842,-0.536365,-1.248770,1.362971,0.380569,-0.416610,-0.166155,0.588221,0.564267,3.740000,-42.426003,-9.819000,NaN,-1.226760,true,Self-supervised model,0.192188,0.193000,0.411338,2.131285,0.000000,0.000000,0.893594,2.317105,false,false
2026-04-17T14:56:25.962576,-0.449214,-0.792981,-2.078658,209.098,SW,1,0.911379,1,0.911379,1.259346,1.961190,1.476709,0.174777,8.087613,3.411737,-0.237575,-0.412415,-1.397907,1.476709,0.376904,-0.421497,-0.160658,0.587816,0.565435,3.740000,-42.426003,-9.819000,NaN,-1.224619,true,Self-supervised model,0.210039,0.200000,0.432682,2.163409,0.000000,0.000000,0.852805,2.512199,false,false
2026-04-17T14:56:25.972795,-0.449214,-0.792981,-2.077934,209.057,SW,1,0.911379,1,0.911379,1.312453,1.957241,1.591270,0.045490,8.226477,3.234566,-0.348325,-0.297492,-1.523912,1.591270,0.351858,-0.420275,-0.155160,0.569658,0.548120,3.740000,-42.426003,-9.819000,NaN,-1.222488,true,Self-supervised model,0.228559,0.210000,0.474178,2.257988,0.000000,0.000000,0.824784,2.793378,false,false
2026-04-17T14:56:25.978658,-0.449214,-0.792981,-2.076911,208.998,SW,1,0.911379,1,0.911379,1.371199,1.955799,1.679615,-0.059855,8.355764,3.081338,-0.403089,-0.181649,-1.620380,1.679615,0.317650,-0.397062,-0.158825,0.532715,0.508488,3.740000,-42.426003,-9.819000,NaN,-1.220270,true,Self-supervised model,0.240744,0.216000,0.532789,2.466617,0.000000,0.000000,0.816377,3.152934,false,false
2026-04-17T14:56:25.988047,-0.449214,-0.792981,-2.075603,208.923,SW,1,0.911379,1,0.911379,1.425793,1.956599,1.712409,-0.110133,8.485051,2.959233,-0.443606,-0.078969,-1.652066,1.712409,0.273668,-0.353080,-0.167377,0.477048,0.446721,3.740000,-42.426003,-9.819000,NaN,-1.217821,true,Self-supervised model,0.244937,0.225000,0.607741,2.701072,0.000000,0.000000,0.832624,3.589596,false,false
2026-04-17T14:56:25.994929,-0.449214,-0.792981,-2.074000,208.831,SW,1,0.911379,1,0.911379,1.474895,1.959331,1.732679,-0.148441,8.599973,2.904167,-0.399595,0.024752,-1.685790,1.732679,0.230907,-0.301767,-0.186314,0.423196,0.379976,3.740000,-42.426003,-9.819000,NaN,-1.215039,true,Self-supervised model,0.246007,0.232000,0.699590,3.015474,0.000000,0.000000,0.851222,4.094275,false,false
2026-04-17T14:56:26.002910,-0.449214,-0.792981,-2.072045,208.719,SW,1,0.911379,1,0.911379,1.517251,1.963647,1.739620,-0.105345,8.714894,2.849100,-0.413586,0.060348,-1.688663,1.739620,0.171042,-0.241903,-0.214414,0.365712,0.296264,3.740000,-42.426003,-9.819000,NaN,-1.211679,true,Self-supervised model,0.247227,0.240000,0.811565,3.381523,0.000000,0.000000,0.872174,4.756797,false,false
2026-04-17T14:56:26.010566,-0.449214,-0.792981,-2.069696,208.585,SW,1,0.911379,1,0.911379,1.547456,1.969000,1.706035,-0.124498,8.760384,2.827552,-0.392270,0.080523,-1.658371,1.706035,0.109956,-0.187536,-0.241903,0.325233,0.217393,3.740000,-42.426003,-9.819000,NaN,-1.207752,true,Self-supervised model,0.241419,0.248000,0.946142,3.815088,0.000000,0.000000,0.907048,5.245571,false,false
2026-04-17T14:56:26.020611,-0.449214,-0.792981,-2.066908,208.425,SW,1,0.911379,1,0.911379,1.567767,1.974950,1.674396,-0.112527,8.789114,2.841918,-0.400436,0.125816,-1.620933,1.674396,0.054978,-0.147219,-0.265116,0.308192,0.157149,3.740000,-42.426003,-9.819000,NaN,-1.203205,true,Self-supervised model,0.237308,0.258000,1.105917,4.286500,0.000000,0.000000,0.936318,5.432971,false,false
2026-04-17T14:56:26.026774,-0.449214,-0.792981,-2.063654,208.239,SW,1,0.911379,1,0.911379,1.573129,1.980878,1.601281,-0.134075,8.841787,2.865860,-0.414632,0.160472,-1.538321,1.601281,-0.013439,-0.113621,-0.286496,0.308497,0.114413,3.740000,-42.426003,-9.819000,NaN,-1.198089,true,Self-supervised model,0.225330,0.264000,1.292361,4.895306,0.000000,0.000000,0.982419,5.190595,false,false
2026-04-17T14:56:26.036355,-0.449214,-0.792981,-2.059944,208.026,SW,1,0.911379,1,0.911379,1.553155,1.985769,1.448293,-0.165200,8.882488,2.937685,-0.462470,0.184417,-1.360024,1.448293,-0.081856,-0.101404,-0.295659,0.323106,0.130319,3.740000,-42.426003,-9.819000,NaN,-1.192554,true,Self-supervised model,0.210925,0.273000,1.504934,5.512580,0.000000,0.000000,1.072404,4.482416,false,false
2026-04-17T14:56:26.042752,-0.449214,-0.792981,-2.055834,207.791,SW,1,0.911379,1,0.911379,1.518973,1.989097,1.339519,-0.232238,8.911219,3.107674,-0.514270,0.255021,-1.210290,1.339519,-0.149662,-0.095295,-0.287107,0.337506,0.177426,3.740000,-42.426003,-9.819000,NaN,-1.186849,true,Self-supervised model,0.203058,0.280000,1.740370,6.215608,0.000000,0.000000,1.133969,3.968879,false,false
2026-04-17T14:56:26.051450,-0.449214,-0.792981,-2.051413,207.537,SW,1,0.911379,1,0.911379,1.461660,1.989999,1.160767,-0.304064,8.985439,3.251326,-0.525210,0.352652,-0.973227,1.160767,-0.197309,-0.091019,-0.266337,0.343731,0.217291,3.740000,-42.426003,-9.819000,NaN,-1.181179,true,Self-supervised model,0.202310,0.288000,1.993694,6.922550,0.000000,0.000000,1.259220,3.376962,false,false
2026-04-17T14:56:26.059728,-0.449214,-0.792981,-2.046787,207.272,SW,1,0.911379,1,0.911379,1.387920,1.987916,1.000786,-0.335188,9.085996,3.483563,-0.498146,0.450760,-0.741781,1.000786,-0.243735,-0.074526,-0.235794,0.347217,0.254874,3.740000,-42.426003,-9.819000,NaN,-1.175736,true,Self-supervised model,0.202948,0.297000,2.258726,7.605137,0.000000,0.000000,1.386830,2.882306,false,false
2026-04-17T14:56:26.067006,-0.449214,-0.792981,-2.042063,207.002,SW,1,0.911379,1,0.911379,1.302426,1.982497,0.853578,-0.328006,9.186552,3.711013,-0.447160,0.551184,-0.474173,0.853578,-0.271224,-0.035430,-0.199753,0.338702,0.273529,3.740000,-42.426003,-9.819000,NaN,-1.170617,true,Self-supervised model,0.203459,0.304000,2.529407,8.320418,0.000000,0.000000,1.525843,2.520144,false,false
2026-04-17T14:56:26.074662,-0.449214,-0.792981,-2.037316,206.730,SW,1,0.911379,1,0.911379,1.214625,1.973782,0.753671,-0.296881,9.289502,3.974375,-0.342525,0.636749,-0.212714,0.753671,-0.275500,0.027489,-0.175929,0.328035,0.276868,0.924000,-41.424004,-13.403001,NaN,-1.165780,true,Self-supervised model,0.201512,0.312000,2.801387,8.978806,0.000000,0.000000,1.611611,2.297532,false,false
2026-04-17T14:56:26.082604,-0.449214,-0.792981,-2.032595,206.459,SW,1,0.911379,1,0.911379,1.140866,1.962465,0.753632,-0.213084,9.378088,4.230555,-0.212291,0.721520,0.047982,0.753632,-0.258396,0.093462,-0.163712,0.319852,0.274779,0.924000,-41.424004,-13.403001,NaN,-1.161164,true,Self-supervised model,0.189493,0.320000,3.071867,9.599586,0.000000,0.000000,1.513824,2.356190,false,false
2026-04-17T14:56:26.090767,-0.449214,-0.792981,-2.027938,206.192,SW,1,0.911379,1,0.911379,1.094028,1.949728,0.848126,-0.105345,9.466674,4.484340,-0.125709,0.766992,0.339468,0.848126,-0.215635,0.175318,-0.156382,0.318889,0.277912,0.924000,-41.424004,-13.403001,NaN,-1.156757,true,Self-supervised model,0.167382,0.328000,3.338744,10.179098,0.000000,0.000000,1.289936,2.659625,false,false
2026-04-17T14:56:26.098559,-0.449214,-0.792981,-2.023429,205.934,SW,1,0.911379,1,0.911379,1.074292,1.936710,0.970681,-0.043096,9.516952,4.766856,-0.053494,0.770813,0.587543,0.970681,-0.146608,0.237627,-0.156382,0.320024,0.279214,0.924000,-41.424004,-13.403001,NaN,-1.152847,true,Self-supervised model,0.153711,0.336000,3.597060,10.705535,0.000000,0.000000,1.106741,3.033150,false,false
2026-04-17T14:56:26.106539,-0.449214,-0.792981,-2.019126,205.687,SW,1,0.911379,1,0.911379,1.069135,1.924007,1.042062,0.004788,9.524135,5.008670,0.001290,0.743820,0.729810,1.042062,-0.058643,0.267559,-0.153327,0.313905,0.273910,0.924000,-41.424004,-13.403001,NaN,-1.149364,true,Self-supervised model,0.154830,0.344000,3.843624,11.173326,0.000000,0.000000,1.025981,3.319678,false,false
2026-04-17T14:56:26.114789,-0.449214,-0.792981,-2.015063,205.455,SW,1,0.911379,1,0.911379,1.083581,1.912390,1.159421,0.035913,9.500193,5.145139,0.035279,0.759624,0.875206,1.159421,0.016493,0.260229,-0.150273,0.300953,0.260751,0.924000,-41.424004,-13.403001,NaN,-1.146264,true,Self-supervised model,0.167154,0.352000,4.076389,11.580652,0.000000,0.000000,0.934588,3.852495,false,false
2026-04-17T14:56:26.122991,-0.449214,-0.792981,-2.011296,205.239,SW,1,0.911379,1,0.911379,1.111456,1.902353,1.257802,0.047884,9.519346,5.284003,0.053765,0.864469,0.912069,1.257802,0.104458,0.218079,-0.140499,0.279660,0.241805,0.924000,-41.424004,-13.403001,NaN,-1.143677,true,Self-supervised model,0.181641,0.360000,4.292257,11.922937,0.000000,0.000000,0.883649,4.497609,false,false
2026-04-17T14:56:26.130669,-0.449214,-0.792981,-2.007809,205.039,SW,1,0.911379,1,0.911379,1.145625,1.894084,1.325010,0.047884,9.627085,5.315128,0.031172,1.017094,0.848647,1.325010,0.182038,0.163712,-0.125227,0.274993,0.244825,0.924000,-41.424004,-13.403001,NaN,-1.141316,true,Self-supervised model,0.190702,0.368000,4.492003,12.206530,0.000000,0.000000,0.864616,4.818339,false,false
2026-04-17T14:56:26.138822,-0.449214,-0.792981,-2.004604,204.855,SW,1,0.911379,1,0.911379,1.180640,1.887546,1.364470,0.009577,9.785102,5.240908,0.008014,1.160340,0.717861,1.364470,0.237627,0.115454,-0.106901,0.284998,0.264189,0.924000,-41.424004,-13.403001,NaN,-1.139231,true,Self-supervised model,0.194877,0.376000,4.675685,12.435332,0.000000,0.000000,0.865274,4.787648,false,false
2026-04-17T14:56:26.146768,-0.449214,-0.792981,-2.001683,204.688,SW,1,0.911379,1,0.911379,1.216033,1.882685,1.401844,-0.026336,9.935937,5.094861,-0.022422,1.275893,0.580311,1.401844,0.263894,0.091630,-0.091630,0.293993,0.279349,0.924000,-41.424004,-13.403001,NaN,-1.137454,true,Self-supervised model,0.198369,0.384000,4.843002,12.611985,0.000000,0.000000,0.867452,4.768288,false,false
2026-04-17T14:56:26.155642,-0.449214,-0.792981,-1.999044,204.537,SW,1,0.911379,1,0.911379,1.247911,1.879294,1.415273,-0.067038,10.060435,4.939238,0.038521,1.348201,0.428797,1.415273,0.256563,0.065363,-0.076358,0.275550,0.264758,0.924000,-41.424004,-13.403001,NaN,-1.135940,true,Self-supervised model,0.200527,0.393000,4.994205,12.707900,0.000000,0.000000,0.881746,5.136180,false,false
2026-04-17T14:56:26.162609,-0.449214,-0.792981,-1.996661,204.400,SW,1,0.911379,1,0.911379,1.276625,1.877188,1.427371,-0.014365,10.141838,4.769250,0.095453,1.373741,0.375649,1.427371,0.207694,0.032987,-0.070860,0.221915,0.210297,0.924000,-41.424004,-13.403001,NaN,-1.134577,true,Self-supervised model,0.205541,0.400000,5.130783,12.826958,0.000000,0.000000,0.894389,6.432068,false,false
2026-04-17T14:56:26.170840,-0.449214,-0.792981,-1.994477,204.275,SW,1,0.911379,1,0.911379,1.311349,1.876554,1.493650,0.035913,10.175357,4.699818,0.143909,1.432798,0.396697,1.493650,0.124006,-0.013439,-0.075747,0.145930,0.124732,0.924000,-41.424004,-13.403001,NaN,-1.133195,true,Self-supervised model,0.233499,0.408000,5.255877,12.882051,0.000000,0.000000,0.877949,10.235361,false,false
2026-04-17T14:56:26.178447,-0.449214,-0.792981,-1.992437,204.158,SW,1,0.911379,1,0.911379,1.365012,1.878092,1.646746,0.079009,10.240001,4.709395,0.119777,1.564487,0.499806,1.646746,0.036652,-0.036652,-0.083689,0.098440,0.051834,0.924000,-41.424004,-13.403001,NaN,-1.131728,true,Self-supervised model,0.295689,0.415000,5.372765,12.946422,0.000000,0.000000,0.828915,16.728372,false,false
2026-04-17T14:56:26.187928,-0.449214,-0.792981,-1.990571,204.051,SW,1,0.911379,1,0.911379,1.442959,1.882687,1.852177,0.050278,10.374076,4.807557,0.008455,1.756559,0.587355,1.852177,-0.039706,-0.033598,-0.087965,0.102192,0.052013,0.924000,-41.424004,-13.403001,NaN,-1.130557,true,Self-supervised model,0.337503,0.425000,5.479693,12.893395,0.000000,0.000000,0.779061,18.124523,false,false
2026-04-17T14:56:26.194907,-0.449214,-0.792981,-1.988666,203.942,SW,1,0.911379,1,0.911379,1.541856,1.891054,2.061068,-0.064643,10.565612,4.896142,-0.100375,1.929116,0.718635,2.061068,-0.159436,0.047037,-0.095295,0.191607,0.166229,0.924000,-41.424004,-13.403001,NaN,-1.128497,true,Self-supervised model,0.327587,0.432000,5.588844,12.937140,0.000000,0.000000,0.748086,10.756729,false,false
2026-04-17T14:56:26.204688,-0.449214,-0.792981,-1.986822,203.837,SW,1,0.911379,1,0.911379,1.650898,1.903448,2.223367,-0.181959,10.733206,5.037400,-0.226429,2.036567,0.862837,2.223367,-0.237016,0.194866,-0.088575,0.319366,0.306837,0.924000,-41.424004,-13.403001,NaN,-1.126900,true,Self-supervised model,0.334920,0.442000,5.694468,12.883411,0.000000,0.000000,0.742521,6.961809,false,false
2026-04-17T14:56:26.210563,-0.449214,-0.792981,-1.985060,203.736,SW,1,0.911379,1,0.911379,1.747507,1.919210,2.254707,-0.318429,10.833763,5.195418,-0.300156,2.033509,0.926525,2.254707,-0.269392,0.304211,-0.081856,0.414508,0.406345,0.924000,-41.424004,-13.403001,NaN,-1.125464,true,Self-supervised model,0.332795,0.448000,5.795424,12.936215,0.000000,0.000000,0.775049,5.439483,false,false
2026-04-17T14:56:26.218794,-0.449214,-0.792981,-1.983408,203.641,SW,1,0.911379,1,0.911379,1.810638,1.936867,2.142077,-0.407014,10.821792,5.276821,-0.335797,1.921708,0.884745,2.142077,-0.305433,0.460592,-0.073304,0.557501,0.552661,0.924000,-41.424004,-13.403001,NaN,-1.124251,true,Self-supervised model,0.309669,0.456000,5.890085,12.916853,0.000000,0.000000,0.845272,3.842281,false,false
2026-04-17T14:56:26.227466,-0.449214,-0.792981,-1.981873,203.553,SW,1,0.911379,1,0.911379,1.847525,1.955293,2.041178,-0.462081,10.699687,5.255273,-0.371956,1.837388,0.807503,2.041178,-0.340863,0.581544,-0.069028,0.677603,0.674078,0.924000,-41.424004,-13.403001,NaN,-1.123183,true,Self-supervised model,0.288132,0.464000,5.978055,12.883739,0.000000,0.000000,0.905127,3.012352,false,false
2026-04-17T14:56:26.235679,-0.449214,-0.792981,-1.980458,203.472,SW,1,0.911379,1,0.911379,1.855479,1.973301,1.897239,-0.521936,10.603919,5.200206,-0.424686,1.713840,0.694196,1.897239,-0.380569,0.624915,-0.065973,0.734646,0.731677,1.282000,-41.181004,-14.424001,NaN,-1.122248,true,Self-supervised model,0.262495,0.473000,6.059139,12.810019,0.000000,0.000000,0.977989,2.582523,false,false
2026-04-17T14:56:26.243046,-0.449214,-0.792981,-1.979147,203.397,SW,1,0.911379,1,0.911379,1.841094,1.990013,1.765573,-0.600945,10.467450,5.111620,-0.513183,1.563807,0.639059,1.765573,-0.455095,0.586431,-0.072693,0.745853,0.742302,1.282000,-41.181004,-14.424001,NaN,-1.121356,true,Self-supervised model,0.243319,0.480000,6.134232,12.779651,0.000000,0.000000,1.042774,2.367187,false,false
2026-04-17T14:56:26.250685,-0.449214,-0.792981,-1.977883,203.324,SW,1,0.911379,1,0.911379,1.810678,2.004839,1.650994,-0.715866,10.302250,5.085284,-0.570883,1.362514,0.737177,1.650994,-0.570548,0.425162,-0.094684,0.717811,0.711539,1.282000,-41.181004,-14.424001,NaN,-1.120275,true,Self-supervised model,0.230788,0.488000,6.206689,12.718624,0.000000,0.000000,1.096720,2.300038,false,false
2026-04-17T14:56:26.258851,-0.449214,-0.792981,-1.976586,203.250,SW,1,0.911379,1,0.911379,1.798017,2.018566,1.731545,-0.797269,10.081984,5.219360,-0.624824,1.237596,1.037401,1.731545,-0.695776,0.158825,-0.127060,0.724895,0.713673,1.282000,-41.181004,-14.424001,NaN,-1.118851,true,Self-supervised model,0.234416,0.496000,6.280981,12.663268,0.000000,0.000000,1.038389,2.388683,false,false
2026-04-17T14:56:26.266584,-0.449214,-0.792981,-1.975231,203.172,SW,1,0.911379,1,0.911379,1.848677,2.033771,2.114645,-0.869095,9.933543,5.564125,-0.663756,1.143291,1.650465,2.114645,-0.788016,-0.113621,-0.135001,0.807530,0.796165,1.282000,-41.181004,-14.424001,NaN,-1.117263,true,Self-supervised model,0.291299,0.504000,6.358605,12.616279,0.000000,0.000000,0.874226,2.618658,false,false
2026-04-17T14:56:26.274759,-0.449214,-0.792981,-1.973905,203.096,SW,1,0.911379,1,0.911379,1.947142,2.052306,2.464080,-0.916979,9.811439,6.229713,-0.585679,0.905639,2.215510,2.464080,-0.832609,-0.408669,-0.103236,0.933224,0.927496,1.282000,-41.181004,-14.424001,NaN,-1.116051,true,Self-supervised model,0.348156,0.512000,6.434590,12.567558,0.000000,0.000000,0.790211,2.640396,false,false
2026-04-17T14:56:26.282468,-0.449214,-0.792981,-1.972722,203.029,SW,1,0.911379,1,0.911379,2.075693,2.075241,2.750587,-0.835576,9.543288,6.852205,-0.355988,0.543723,2.672708,2.750587,-0.794125,-0.595594,-0.061697,0.994572,0.992656,1.282000,-41.181004,-14.424001,NaN,-1.115440,true,Self-supervised model,0.390334,0.519000,6.502380,12.528670,0.000000,0.000000,0.754636,2.765600,false,false
2026-04-17T14:56:26.290852,-0.449214,-0.792981,-1.971796,202.976,SW,1,0.911379,1,0.911379,2.210011,2.102632,2.915181,-0.591368,9.150639,7.366959,-0.131229,0.175961,2.906905,2.915181,-0.661567,-0.633467,-0.006109,0.915963,0.915943,1.282000,-41.181004,-14.424001,NaN,-1.115546,true,Self-supervised model,0.427523,0.528000,6.555406,12.415541,0.000000,0.000000,0.758104,3.182639,false,false
2026-04-17T14:56:26.298412,-0.449214,-0.792981,-1.971196,202.941,SW,1,0.911379,1,0.911379,2.341429,2.134184,3.031376,-0.344765,8.755595,7.651869,0.218135,-0.358494,3.002190,3.031376,-0.481973,-0.568716,0.034208,0.746261,0.745476,1.282000,-41.181004,-14.424001,NaN,-1.116246,true,Self-supervised model,0.467454,0.535000,6.589795,12.317375,0.000000,0.000000,0.772398,4.062087,false,false
2026-04-17T14:56:26.307504,-0.449214,-0.792981,-1.970939,202.927,SW,1,0.911379,1,0.911379,2.456077,2.169059,3.057976,0.028730,8.200141,7.785944,0.497663,-0.863442,2.891023,3.057976,-0.226631,-0.418443,0.066584,0.480509,0.475874,1.282000,-41.181004,-14.424001,NaN,-1.117365,true,Self-supervised model,0.510623,0.545000,6.604495,12.118340,0.000000,0.000000,0.803171,6.364028,false,false
2026-04-17T14:56:26.314956,-0.803761,-1.631127,-1.970984,202.929,SW,2,0.910051,2,1.821430,2.522837,2.205211,2.873329,0.330400,7.682993,7.697359,0.641667,-1.220659,2.520768,2.873329,0.042150,-0.222355,0.075747,0.238655,0.226315,1.282000,-41.181004,-14.424001,NaN,-1.118613,true,Self-supervised model,0.539845,0.000000,0.000000,0.000000,0.552000,0.000000,0.878019,12.039700,false,true
2026-04-17T14:56:26.323443,-0.803761,-1.631127,-1.971230,202.943,SW,2,0.910051,2,1.821430,2.536184,2.240450,2.606255,0.490811,7.323863,7.331046,0.644970,-1.412455,2.093215,2.606255,0.280998,-0.026267,0.064141,0.289420,0.282223,1.282000,-41.181004,-14.424001,NaN,-1.119668,true,Self-supervised model,0.646552,0.008000,0.014131,1.766327,0.552000,0.000000,0.973114,9.005098,false,false
2026-04-17T14:56:26.330584,-0.803761,-1.631127,-1.971563,202.962,SW,2,0.910051,2,1.821430,2.469571,2.271614,2.119854,0.502782,7.139510,6.890512,0.504671,-1.352913,1.552004,2.119854,0.437990,0.100182,0.043982,0.451449,0.449302,1.282000,-41.181004,-14.424001,NaN,-1.120344,true,Self-supervised model,0.516918,0.015000,0.033182,2.212127,0.552000,0.000000,1.164972,4.695665,false,false
2026-04-17T14:56:26.338599,-0.803761,-1.631127,-1.971874,202.980,SW,2,0.910051,2,1.821430,2.318711,2.295498,1.526694,0.363919,7.213730,6.323087,0.238000,-1.077513,1.055043,1.526694,0.556498,0.172264,0.020159,0.582899,0.582551,1.282000,-41.181004,-14.424001,NaN,-1.120568,true,Self-supervised model,0.371694,0.023000,0.050991,2.217004,0.552000,0.000000,1.518779,2.619139,false,false
2026-04-17T14:56:26.347001,-0.803761,-1.631127,-1.972110,202.994,SW,2,0.910051,2,1.821430,2.116661,2.310345,1.055900,0.093374,7.508216,5.791574,-0.024707,-0.794133,0.695462,1.055900,0.604757,0.158825,0.008552,0.625323,0.625265,1.282000,-41.181004,-14.424001,NaN,-1.120508,true,Self-supervised model,0.302173,0.032000,0.064550,2.017186,0.552000,0.000000,2.004604,1.688567,false,false
2026-04-17T14:56:26.355576,-0.803761,-1.631127,-1.972286,203.004,SW,2,0.910051,2,1.821430,1.883908,2.315287,0.661953,-0.174777,7.812280,5.394136,-0.270408,-0.522143,0.304019,0.661953,0.582765,0.071471,0.014050,0.587300,0.587132,1.282000,-41.181004,-14.424001,NaN,-1.120438,true,Self-supervised model,0.268992,0.040000,0.074594,1.864845,0.552000,0.000000,2.845984,1.127113,false,false
2026-04-17T14:56:26.362638,-0.803761,-1.631127,-1.972458,203.014,SW,2,0.910051,2,1.821430,1.658871,2.311031,0.477429,-0.423774,8.104373,4.965574,-0.331470,-0.332895,-0.085129,0.477429,0.519235,-0.042761,0.023824,0.521538,0.520993,1.282000,-41.181004,-14.424001,NaN,-1.120600,true,Self-supervised model,0.258122,0.047000,0.084481,1.797473,0.552000,0.000000,3.474592,0.915426,false,false
2026-04-17T14:56:26.370756,-0.803761,-1.631127,-1.972617,203.023,SW,2,0.910051,2,1.821430,1.482514,2.299890,0.556638,-0.483629,8.300697,4.563348,-0.285138,-0.289048,-0.380780,0.556638,0.392786,-0.190590,0.019548,0.437021,0.436584,1.282000,-41.181004,-14.424001,NaN,-1.120704,true,Self-supervised model,0.260493,0.055000,0.093589,1.701622,0.552000,0.000000,2.663334,1.273709,false,false
2026-04-17T14:56:26.378933,-0.803761,-1.631127,-1.972723,203.029,SW,2,0.910051,2,1.821430,1.355440,2.284112,0.688304,-0.430956,8.358158,4.242526,-0.149068,-0.385758,-0.550210,0.688304,0.230296,-0.320704,-0.004887,0.394856,0.394826,1.282000,-41.181004,-14.424001,NaN,-1.120595,true,Self-supervised model,0.262054,0.063000,0.099620,1.581273,0.552000,0.000000,1.969247,1.743176,false,false
2026-04-17T14:56:26.388091,-0.803761,-1.631127,-1.972683,203.026,SW,2,0.910051,2,1.821430,1.279797,2.265939,0.882669,-0.284910,8.269572,4.058172,0.057516,-0.617812,-0.627777,0.882669,0.081856,-0.402560,-0.043371,0.413081,0.410798,1.282000,-41.181004,-14.424001,NaN,-1.119974,true,Self-supervised model,0.258730,0.073000,0.097335,1.333353,0.552000,0.000000,1.449918,2.136791,false,false
2026-04-17T14:56:26.395893,-0.803761,-1.631127,-1.972358,203.008,SW,2,0.910051,2,1.821430,1.260344,2.247716,1.158215,-0.067038,8.039729,3.976769,0.318423,-0.932563,-0.608600,1.158215,-0.091630,-0.432493,-0.104458,0.454266,0.442093,3.209000,-40.891003,-16.100000,NaN,-1.118512,true,Self-supervised model,0.267617,0.080000,0.078748,0.984348,0.552000,0.000000,1.088178,2.549642,false,false
2026-04-17T14:56:26.402588,-0.803761,-1.631127,-1.971608,202.965,SW,2,0.910051,2,1.821430,1.278470,2.230946,1.373635,0.203507,7.721301,4.003105,0.442786,-1.213562,-0.466990,1.373635,-0.237627,-0.392786,-0.175929,0.491629,0.459072,3.209000,-40.891003,-16.100000,NaN,-1.116057,true,Self-supervised model,0.295493,0.087000,0.035750,0.410922,0.552000,0.000000,0.930721,2.794050,false,false
2026-04-17T14:56:26.410672,-0.803761,-1.631127,-1.970332,202.892,SW,2,0.910051,2,1.821430,1.307410,2.216004,1.459340,0.332794,7.431602,4.161122,0.444593,-1.354229,-0.313166,1.459340,-0.335976,-0.290161,-0.234572,0.502093,0.443929,3.209000,-40.891003,-16.100000,NaN,-1.112680,true,Self-supervised model,0.308477,0.095000,0.037350,0.393162,0.552000,0.000000,0.895891,2.906514,false,false
2026-04-17T14:56:26.419305,-0.803761,-1.631127,-1.968488,202.786,SW,2,0.910051,2,1.821430,1.342344,2.203058,1.525751,0.332794,7.278373,4.338294,0.346245,-1.480694,-0.124803,1.525751,-0.379958,-0.167377,-0.273057,0.496934,0.415191,3.209000,-40.891003,-16.100000,NaN,-1.108562,true,Self-supervised model,0.318628,0.104000,0.143015,1.375147,0.552000,0.000000,0.879792,3.070330,false,false
2026-04-17T14:56:26.427186,-0.803761,-1.631127,-1.966078,202.648,SW,2,0.910051,2,1.821430,1.371619,2.191800,1.525312,0.225055,7.137115,4.553771,0.229765,-1.507907,-0.000224,1.525312,-0.397673,-0.010996,-0.303600,0.500438,0.397825,3.209000,-40.891003,-16.100000,NaN,-1.103892,true,Self-supervised model,0.317757,0.112000,0.281069,2.509540,0.552000,0.000000,0.899238,3.047956,false,false
2026-04-17T14:56:26.435489,-0.803761,-1.631127,-1.963163,202.481,S,2,0.910051,2,1.821430,1.391113,2.181773,1.493454,0.090980,7.094019,4.707001,0.033534,-1.482479,0.177588,1.493454,-0.385456,0.118508,-0.317650,0.513344,0.403262,3.209000,-40.891003,-16.100000,NaN,-1.098954,true,Self-supervised model,0.312754,0.120000,0.448088,3.734069,0.552000,0.000000,0.931473,2.909267,false,false
2026-04-17T14:56:26.442671,-0.803761,-1.631127,-1.959868,202.292,S,2,0.910051,2,1.821430,1.394964,2.172300,1.415184,-0.129287,7.103596,4.912902,-0.120999,-1.381633,0.281417,1.415184,-0.343306,0.201586,-0.301767,0.499559,0.398115,3.209000,-40.891003,-16.100000,NaN,-1.094137,true,Self-supervised model,0.299968,0.127000,0.636910,5.015038,0.552000,0.000000,0.985712,2.832865,false,false
2026-04-17T14:56:26.454344,-0.803761,-1.631127,-1.956357,202.091,S,2,0.910051,2,1.821430,1.393919,2.163165,1.388434,-0.311246,7.189788,5.042189,-0.306721,-1.304080,0.364758,1.388434,-0.290772,0.215635,-0.267559,0.450150,0.362004,3.209000,-40.891003,-16.100000,NaN,-1.089764,true,Self-supervised model,0.299658,0.139000,0.838075,6.029314,0.552000,0.000000,1.003950,3.084384,false,false
2026-04-17T14:56:26.459249,-0.803761,-1.631127,-1.952810,201.888,S,2,0.910051,2,1.821430,1.393169,2.154365,1.389228,-0.524330,7.254431,5.147533,-0.402670,-1.269581,0.394937,1.389228,-0.226020,0.174097,-0.220522,0.360590,0.285298,3.209000,-40.891003,-16.100000,NaN,-1.086073,true,Self-supervised model,0.296627,0.144000,1.041298,7.231234,0.552000,0.000000,1.002836,3.852658,false,false
2026-04-17T14:56:26.466477,-0.803761,-1.631127,-1.949405,201.693,S,2,0.910051,2,1.821430,1.384548,2.145573,1.339291,-0.644040,7.278373,5.195418,-0.404636,-1.218761,0.380250,1.339291,-0.158214,0.075136,-0.167377,0.242265,0.175149,3.209000,-40.891003,-16.100000,NaN,-1.083240,true,Self-supervised model,0.300678,0.151000,1.236350,8.187746,0.552000,0.000000,1.033792,5.528209,false,false
2026-04-17T14:56:26.474769,-0.803761,-1.631127,-1.946262,201.513,S,2,0.910051,2,1.821430,1.371861,2.136624,1.305250,-0.663194,7.319075,5.197812,-0.382883,-1.187234,0.384128,1.305250,-0.087965,-0.043982,-0.115454,0.151663,0.098347,3.209000,-40.891003,-16.100000,NaN,-1.081138,true,Self-supervised model,0.309891,0.159000,1.416476,8.908652,0.552000,0.000000,1.051033,8.606242,false,false
2026-04-17T14:56:26.482494,-0.803761,-1.631127,-1.943456,201.352,S,2,0.910051,2,1.821430,1.346843,2.127033,1.215501,-0.651223,7.343017,5.214571,-0.323373,-1.112621,0.367350,1.215501,-0.029322,-0.150884,-0.079412,0.173009,0.153706,3.209000,-40.891003,-16.100000,NaN,-1.079686,true,Self-supervised model,0.289731,0.167000,1.577218,9.444417,0.552000,0.000000,1.108056,7.025666,false,false
2026-04-17T14:56:26.491629,-0.803761,-1.631127,-1.941011,201.212,S,2,0.910051,2,1.821430,1.316333,2.116605,1.156157,-0.593762,7.414843,5.202600,-0.234327,-1.093135,0.294695,1.156157,0.033598,-0.258396,-0.049480,0.265227,0.260571,3.209000,-40.891003,-16.100000,NaN,-1.078683,true,Self-supervised model,0.272008,0.176000,1.717302,9.757400,0.552000,0.000000,1.138542,4.359115,false,false
2026-04-17T14:56:26.498325,-0.803761,-1.631127,-1.938906,201.091,S,2,0.910051,2,1.821430,1.285306,2.105353,1.122411,-0.500388,7.433996,5.130774,-0.144751,-1.097519,0.185214,1.122411,0.092241,-0.320704,-0.035430,0.335581,0.333706,3.209000,-40.891003,-16.100000,NaN,-1.077939,true,Self-supervised model,0.262100,0.183000,1.837898,10.043160,0.552000,0.000000,1.145130,3.344675,false,false
2026-04-17T14:56:26.506639,-0.803761,-1.631127,-1.937097,200.987,S,2,0.910051,2,1.821430,1.246838,2.093012,1.044884,-0.402226,7.431602,5.018247,-0.081292,-1.039376,0.069800,1.044884,0.140499,-0.339030,-0.029322,0.368159,0.366990,3.209000,-40.891003,-16.100000,NaN,-1.077309,true,Self-supervised model,0.254312,0.191000,1.941592,10.165402,0.552000,0.000000,1.193279,2.838131,false,false
2026-04-17T14:56:26.514364,-0.803761,-1.631127,-1.935503,200.896,S,2,0.910051,2,1.821430,1.202696,2.079400,0.970952,-0.328006,7.493851,4.896142,-0.040699,-0.966398,-0.084661,0.970952,0.174097,-0.316428,-0.028100,0.362251,0.361160,3.209000,-40.891003,-16.100000,NaN,-1.076580,true,Self-supervised model,0.247628,0.199000,2.032903,10.215591,0.552000,0.000000,1.238677,2.680328,false,false
2026-04-17T14:56:26.522691,-0.803761,-1.631127,-1.934066,200.814,S,2,0.910051,2,1.821430,1.158350,2.064558,0.925533,-0.277727,7.570466,4.735731,-0.046015,-0.894918,-0.231551,0.925533,0.200975,-0.259618,-0.034208,0.330095,0.328317,3.209000,-40.891003,-16.100000,NaN,-1.075770,true,Self-supervised model,0.243801,0.207000,2.115228,10.218493,0.552000,0.000000,1.251549,2.803844,false,false
2026-04-17T14:56:26.530475,-0.803761,-1.631127,-1.932719,200.737,S,2,0.910051,2,1.821430,1.115796,2.048607,0.892388,-0.275333,7.647080,4.580108,-0.076851,-0.807507,-0.371998,0.892388,0.208916,-0.188147,-0.048869,0.285365,0.281149,3.209000,-40.891003,-16.100000,NaN,-1.074782,true,Self-supervised model,0.240167,0.215000,2.192405,10.197231,0.552000,0.000000,1.250349,3.127181,false,false
2026-04-17T14:56:26.538652,-0.803761,-1.631127,-1.931388,200.660,S,2,0.910051,2,1.821430,1.075830,2.031696,0.866005,-0.301669,7.740454,4.429273,-0.094449,-0.756224,-0.411301,0.866005,0.201586,-0.128893,-0.067195,0.248526,0.239270,3.209000,-40.891003,-16.100000,NaN,-1.073515,true,Self-supervised model,0.237197,0.223000,2.268674,10.173425,0.552000,0.000000,1.242291,3.484562,false,false
2026-04-17T14:56:26.547176,-0.803761,-1.631127,-1.930019,200.582,S,2,0.910051,2,1.821430,1.037882,2.013944,0.838655,-0.318429,7.797915,4.378995,-0.154760,-0.661538,-0.491690,0.838655,0.188147,-0.094684,-0.080023,0.225317,0.210628,3.209000,-40.891003,-16.100000,NaN,-1.071994,true,Self-supervised model,0.233897,0.232000,2.347114,10.116872,0.552000,0.000000,1.237556,3.722103,false,false
2026-04-17T14:56:26.555368,-0.803761,-1.631127,-1.928588,200.500,S,2,0.910051,2,1.821430,1.003219,1.995515,0.821243,-0.380678,7.898471,4.288015,-0.215894,-0.611794,-0.503525,0.821243,0.167377,-0.080023,-0.085521,0.204286,0.185523,1.946000,-41.065002,-16.787001,NaN,-1.070317,true,Self-supervised model,0.231085,0.240000,2.429090,10.121207,0.552000,0.000000,1.221586,4.020069,false,false
2026-04-17T14:56:26.562475,-0.803761,-1.631127,-1.927091,200.414,S,2,0.910051,2,1.821430,0.973317,1.976627,0.816330,-0.445322,7.953538,4.266468,-0.281216,-0.566191,-0.516469,0.816330,0.146608,-0.086132,-0.085521,0.190332,0.170037,1.946000,-41.065002,-16.787001,NaN,-1.068552,true,Self-supervised model,0.228351,0.247000,2.514890,10.181740,0.552000,0.000000,1.192308,4.288973,false,false
2026-04-17T14:56:26.570976,-0.803761,-1.631127,-1.925547,200.326,S,2,0.910051,2,1.821430,0.939282,1.957133,0.760597,-0.514753,8.003817,4.244920,-0.339899,-0.469592,-0.492402,0.760597,0.125227,-0.105069,-0.076358,0.180422,0.163467,1.946000,-41.065002,-16.787001,NaN,-1.066825,true,Self-supervised model,0.224996,0.256000,2.603321,10.169224,0.552000,0.000000,1.234927,4.215667,false,false
2026-04-17T14:56:26.578447,-0.803761,-1.631127,-1.924004,200.237,S,2,0.910051,2,1.821430,0.891723,1.936517,0.642038,-0.577003,8.104373,4.261679,-0.350066,-0.365146,-0.395392,0.642038,0.106291,-0.137445,-0.062308,0.184583,0.173749,1.946000,-41.065002,-16.787001,NaN,-1.065280,true,Self-supervised model,0.222734,0.263000,2.691773,10.234878,0.552000,0.000000,1.388894,3.478308,false,false
2026-04-17T14:56:26.587415,-0.803761,-1.631127,-1.922520,200.152,S,2,0.910051,2,1.821430,0.825921,1.914093,0.480464,-0.588974,8.212111,4.352659,-0.324892,-0.236181,-0.263645,0.480464,0.090408,-0.197309,-0.034208,0.219715,0.217036,1.946000,-41.065002,-16.787001,NaN,-1.064036,true,Self-supervised model,0.226984,0.272000,2.776786,10.208773,0.552000,0.000000,1.719009,2.186754,false,false
2026-04-17T14:56:26.595095,-0.803761,-1.631127,-1.921163,200.075,S,2,0.910051,2,1.821430,0.743229,1.889258,0.309095,-0.562637,8.343793,4.479551,-0.246127,-0.142813,-0.120688,0.309095,0.086132,-0.265116,-0.003054,0.278773,0.278756,1.946000,-41.065002,-16.787001,NaN,-1.063187,true,Self-supervised model,0.232937,0.280000,2.854528,10.194744,0.552000,0.000000,2.404533,1.108770,false,false
2026-04-17T14:56:26.602625,-0.803761,-1.631127,-1.919986,200.007,S,2,0.910051,2,1.821430,0.645742,1.861518,0.133935,-0.478840,8.439561,4.618415,-0.108990,-0.061222,0.048080,0.133935,0.084299,-0.320093,0.021380,0.331698,0.331008,1.946000,-41.065002,-16.787001,NaN,-1.062732,true,Self-supervised model,0.238460,0.287000,2.921939,10.180973,0.552000,0.000000,4.821300,0.403787,false,false
2026-04-17T14:56:26.610534,-0.803761,-1.631127,-1.919011,199.951,S,2,0.910051,2,1.821430,0.580946,1.832295,0.240767,-0.332794,8.523358,4.783615,0.032076,-0.013144,0.238259,0.240767,0.094073,-0.372628,0.032376,0.385680,0.384319,1.946000,-41.065002,-16.787001,NaN,-1.062560,true,Self-supervised model,0.225503,0.295000,2.977828,10.094332,0.552000,0.000000,2.412894,0.624266,false,false
2026-04-17T14:56:26.618910,-0.803761,-1.631127,-1.918226,199.906,S,2,0.910051,2,1.821430,0.560675,1.803430,0.454249,-0.179565,8.573636,4.970363,0.192336,0.058600,0.407326,0.454249,0.114843,-0.406836,0.031765,0.423926,0.422735,1.946000,-41.065002,-16.787001,NaN,-1.062537,true,Self-supervised model,0.183947,0.303000,3.022804,9.976251,0.552000,0.000000,1.234290,1.071527,false,false
2026-04-17T14:56:26.626971,-0.803761,-1.631127,-1.917586,199.870,S,2,0.910051,2,1.821430,0.572968,1.776211,0.637508,-0.004788,8.647857,5.135562,0.306541,0.079633,0.553270,0.637508,0.150884,-0.412945,0.020159,0.440109,0.439647,1.946000,-41.065002,-16.787001,NaN,-1.062476,true,Self-supervised model,0.202008,0.312000,3.059487,9.806048,0.552000,0.000000,0.898761,1.448525,false,false
2026-04-17T14:56:26.635581,-0.803761,-1.631127,-1.917029,199.838,S,2,0.910051,2,1.821430,0.610277,1.751574,0.806151,0.124498,8.671799,5.276821,0.414164,0.121840,0.680810,0.806151,0.194255,-0.403782,-0.003054,0.448090,0.448079,1.946000,-41.065002,-16.787001,NaN,-1.062252,true,Self-supervised model,0.235944,0.320000,3.091399,9.660621,0.552000,0.000000,0.757026,1.799084,false,false
2026-04-17T14:56:26.642526,-0.803761,-1.631127,-1.916511,199.808,S,2,0.910051,2,1.821430,0.661868,1.729986,0.932717,0.246603,8.717288,5.398925,0.520238,0.204491,0.746656,0.932717,0.252898,-0.383013,-0.033598,0.460201,0.458973,1.946000,-41.065002,-16.787001,NaN,-1.061890,true,Self-supervised model,0.254715,0.327000,3.121081,9.544590,0.552000,0.000000,0.709613,2.026760,false,false
2026-04-17T14:56:26.652486,-0.803761,-1.631127,-1.916006,199.779,S,2,0.910051,2,1.821430,0.711197,1.711234,0.970178,0.366313,8.803479,5.458780,0.552586,0.267491,0.751227,0.970178,0.306043,-0.365908,-0.072693,0.482531,0.477024,1.946000,-41.065002,-16.787001,NaN,-1.061437,true,Self-supervised model,0.254946,0.337000,3.150012,9.347217,0.552000,0.000000,0.733059,2.010604,false,false
2026-04-17T14:56:26.659108,-0.803761,-1.631127,-1.915440,199.747,S,2,0.910051,2,1.821430,0.750773,1.694816,0.958548,0.411803,8.870518,5.456386,0.564690,0.343129,0.694408,0.958548,0.345750,-0.364076,-0.114232,0.514920,0.502090,1.946000,-41.065002,-16.787001,NaN,-1.060628,true,Self-supervised model,0.246001,0.344000,3.182433,9.251258,0.552000,0.000000,0.783240,1.861547,false,false
2026-04-17T14:56:26.666425,-0.803761,-1.631127,-1.914733,199.706,S,2,0.910051,2,1.821430,0.776194,1.680071,0.909651,0.435745,8.951921,5.389348,0.563827,0.390987,0.597238,0.909651,0.363465,-0.374460,-0.152105,0.543565,0.521850,1.946000,-41.065002,-16.787001,NaN,-1.059359,true,Self-supervised model,0.231594,0.351000,3.222908,9.182073,0.552000,0.000000,0.853288,1.673489,false,false
2026-04-17T14:56:26.674696,-0.803761,-1.631127,-1.913817,199.654,S,2,0.910051,2,1.821430,0.793759,1.666618,0.885976,0.445322,9.006987,5.279215,0.628349,0.359134,0.511033,0.885976,0.364076,-0.409280,-0.193644,0.580998,0.547778,1.946000,-41.065002,-16.787001,NaN,-1.057604,true,Self-supervised model,0.224020,0.359000,3.275397,9.123669,0.552000,0.000000,0.895915,1.524920,false,false
2026-04-17T14:56:26.682906,-0.803761,-1.631127,-1.912633,199.586,S,2,0.910051,2,1.821430,0.798269,1.653885,0.821948,0.519542,8.983045,5.178658,0.621434,0.327591,0.426735,0.821948,0.335976,-0.458149,-0.237016,0.615595,0.568138,1.946000,-41.065002,-16.787001,NaN,-1.055347,true,Self-supervised model,0.210793,0.367000,3.343259,9.109697,0.552000,0.000000,0.971192,1.335210,false,false
2026-04-17T14:56:26.690919,-0.803761,-1.631127,-1.911106,199.498,S,2,0.910051,2,1.821430,0.785351,1.641143,0.717533,0.521936,8.959103,5.080496,0.546087,0.306691,0.350119,0.717533,0.292604,-0.491136,-0.282831,0.637828,0.571692,1.946000,-41.065002,-16.787001,NaN,-1.052451,true,Self-supervised model,0.197854,0.375000,3.430728,9.148607,0.552000,0.000000,1.094517,1.124962,false,false
2026-04-17T14:56:26.698669,-0.803761,-1.631127,-1.909153,199.386,S,2,0.910051,2,1.821430,0.751682,1.627565,0.574919,0.454898,8.944737,4.991910,0.363552,0.339736,0.287995,0.574919,0.249844,-0.485638,-0.321926,0.633958,0.546137,1.946000,-41.065002,-16.787001,NaN,-1.048790,true,Self-supervised model,0.195871,0.383000,3.542654,9.249749,0.552000,0.000000,1.307458,0.906873,false,false
2026-04-17T14:56:26.707471,-0.803761,-1.631127,-1.906701,199.246,S,2,0.910051,2,1.821430,0.722161,1.613349,0.567173,0.277727,8.983045,4.920084,0.178586,0.452789,0.291160,0.567173,0.208916,-0.434325,-0.356134,0.599263,0.481959,1.946000,-41.065002,-16.787001,NaN,-1.044344,true,Self-supervised model,0.191991,0.392000,3.683141,9.395769,0.552000,0.000000,1.273264,0.946451,false,false
2026-04-17T14:56:26.714560,-0.803761,-1.631127,-1.903719,199.075,S,2,0.910051,2,1.821430,0.714562,1.599397,0.674667,0.093374,9.100361,4.915296,0.037497,0.580723,0.341365,0.674667,0.185092,-0.353691,-0.376904,0.549011,0.399195,1.908000,-40.626003,-15.343000,NaN,-1.039240,true,Self-supervised model,0.190551,0.399000,3.854020,9.659197,0.552000,0.000000,1.059133,1.228877,false,false
2026-04-17T14:56:26.722881,-0.803761,-1.631127,-1.900203,198.874,S,2,0.910051,2,1.821430,0.729914,1.586618,0.810516,-0.052672,9.232041,4.958392,-0.119833,0.696656,0.396544,0.810516,0.169821,-0.283441,-0.383623,0.506305,0.330421,1.908000,-40.626003,-15.343000,NaN,-1.033593,true,Self-supervised model,0.211875,0.407000,4.055431,9.964205,0.552000,0.000000,0.900555,1.600845,false,false
2026-04-17T14:56:26.730921,-0.803761,-1.631127,-1.896184,198.643,S,2,0.910051,2,1.821430,0.770798,1.575985,0.985439,-0.220267,9.351752,5.006276,-0.218183,0.860102,0.428616,0.985439,0.157603,-0.246179,-0.376904,0.476969,0.292306,1.908000,-40.626003,-15.343000,NaN,-1.027558,true,Self-supervised model,0.244851,0.415000,4.285719,10.327034,0.552000,0.000000,0.782188,2.066045,false,false
2026-04-17T14:56:26.738706,-0.803761,-1.631127,-1.891761,198.390,S,2,0.910051,2,1.821430,0.833817,1.568298,1.164668,-0.332794,9.519346,5.030218,-0.277016,1.047337,0.427551,1.164668,0.142942,-0.233351,-0.357356,0.450098,0.273651,1.908000,-40.626003,-15.343000,NaN,-1.021521,true,Self-supervised model,0.272567,0.423000,4.539130,10.730803,0.552000,0.000000,0.715927,2.587586,false,false
2026-04-17T14:56:26.746520,-0.803761,-1.631127,-1.887081,198.122,S,2,0.910051,2,1.821430,0.912446,1.564064,1.325246,-0.407014,9.710882,5.020641,-0.294411,1.208726,0.456707,1.325246,0.111788,-0.261450,-0.322537,0.429980,0.284346,1.908000,-40.626003,-15.343000,NaN,-1.015814,true,Self-supervised model,0.294008,0.431000,4.807250,11.153713,0.552000,0.000000,0.688511,3.082110,false,false
2026-04-17T14:56:26.755447,-0.803761,-1.631127,-1.882311,197.848,S,2,0.910051,2,1.821430,1.014378,1.564077,1.549519,-0.438139,9.876082,5.042189,-0.265217,1.440570,0.505398,1.549519,0.076969,-0.306043,-0.284663,0.424994,0.315574,1.908000,-40.626003,-15.343000,NaN,-1.010678,true,Self-supervised model,0.324587,0.440000,5.080606,11.546833,0.552000,0.000000,0.654640,3.645977,false,false
2026-04-17T14:56:26.762851,-0.803761,-1.631127,-1.877640,197.581,S,2,0.910051,2,1.821430,1.132230,1.568803,1.750955,-0.418985,10.110714,5.085284,-0.201150,1.635576,0.591838,1.750955,0.031765,-0.376904,-0.230296,0.442834,0.378240,1.908000,-40.626003,-15.343000,NaN,-1.006409,true,Self-supervised model,0.348963,0.447000,5.348208,11.964671,0.552000,0.000000,0.646636,3.953977,false,false
2026-04-17T14:56:26.772058,-0.803761,-1.631127,-1.873221,197.328,S,2,0.910051,2,1.821430,1.248549,1.577993,1.859226,-0.359130,10.307038,5.169082,-0.056767,1.738663,0.656165,1.859226,-0.010385,-0.447153,-0.183260,0.483361,0.447274,1.908000,-40.626003,-15.343000,NaN,-1.002997,true,Self-supervised model,0.367345,0.457000,5.601395,12.256881,0.552000,0.000000,0.671542,3.846453,false,false
2026-04-17T14:56:26.778571,-0.803761,-1.631127,-1.869131,197.093,S,2,0.910051,2,1.821430,1.347765,1.590784,1.868647,-0.213084,10.409989,5.233725,0.142938,1.732983,0.684238,1.868647,-0.048869,-0.496023,-0.155771,0.522198,0.498424,1.908000,-40.626003,-15.343000,NaN,-1.000224,true,Self-supervised model,0.368896,0.463000,5.835717,12.604140,0.552000,0.000000,0.721252,3.578424,false,false
2026-04-17T14:56:26.787906,-0.803761,-1.631127,-1.865355,196.877,S,2,0.910051,2,1.821430,1.418972,1.605911,1.792809,-0.007183,10.402806,5.264850,0.374024,1.630092,0.645812,1.792809,-0.067806,-0.513127,-0.149051,0.538621,0.517587,1.908000,-40.626003,-15.343000,NaN,-0.997703,true,Self-supervised model,0.366884,0.472000,6.052061,12.822164,0.552000,0.000000,0.791480,3.328515,false,false
2026-04-17T14:56:26.795837,-0.803761,-1.631127,-1.861799,196.673,S,2,0.910051,2,1.821430,1.451975,1.621754,1.625241,0.232238,10.297462,5.231331,0.613002,1.417757,0.505571,1.625241,-0.086743,-0.502742,-0.169821,0.537692,0.510171,1.908000,-40.626003,-15.343000,NaN,-0.995027,true,Self-supervised model,0.339047,0.480000,6.255807,13.032932,0.552000,0.000000,0.893391,3.022623,false,false
2026-04-17T14:56:26.802692,-0.803761,-1.631127,-1.858285,196.472,S,2,0.910051,2,1.821430,1.451704,1.636952,1.450279,0.478840,10.081984,5.097255,0.774149,1.182434,0.325350,1.450279,-0.117897,-0.477086,-0.220522,0.538647,0.491437,1.908000,-40.626003,-15.343000,NaN,-0.991677,true,Self-supervised model,0.306679,0.487000,6.457182,13.259100,0.552000,0.000000,1.000982,2.692448,false,false
2026-04-17T14:56:26.810523,-0.803761,-1.631127,-1.854606,196.261,S,2,0.910051,2,1.821430,1.435358,1.650888,1.349542,0.644040,9.842564,4.924873,0.897005,0.998829,0.137790,1.349542,-0.164934,-0.459982,-0.283441,0.564912,0.488657,1.908000,-40.626003,-15.343000,NaN,-0.987342,true,Self-supervised model,0.289542,0.495000,6.667961,13.470628,0.552000,0.000000,1.063589,2.388943,false,false
2026-04-17T14:56:26.819091,-0.803761,-1.631127,-1.850586,196.031,S,2,0.910051,2,1.821430,1.411625,1.663317,1.287026,0.766145,9.653421,4.747702,0.945371,0.872950,-0.025854,1.287026,-0.243735,-0.469145,-0.345139,0.631367,0.528681,1.908000,-40.626003,-15.343000,NaN,-0.981959,true,Self-supervised model,0.276754,0.504000,6.898269,13.687041,0.552000,0.000000,1.096812,2.038475,false,false
2026-04-17T14:56:26.826927,-0.803761,-1.631127,-1.846099,195.774,S,2,0.910051,2,1.821430,1.373146,1.673711,1.171134,0.809240,9.519346,4.599261,0.836682,0.818234,0.044818,1.171134,-0.366519,-0.500910,-0.405615,0.741465,0.620682,1.908000,-40.626003,-15.343000,NaN,-0.975601,true,Self-supervised model,0.254368,0.511000,7.155374,14.002689,0.552000,0.000000,1.172493,1.579487,false,false
2026-04-17T14:56:26.835732,-0.803761,-1.631127,-1.841127,195.489,S,2,0.910051,2,1.821430,1.331417,1.682019,1.112341,0.691924,9.452309,4.692636,0.712076,0.797344,0.307395,1.112341,-0.500910,-0.554666,-0.433103,0.863796,0.747372,1.908000,-40.626003,-15.343000,NaN,-0.968689,true,Self-supervised model,0.240922,0.520000,7.440268,14.308207,0.552000,0.000000,1.196951,1.287736,false,false
2026-04-17T14:56:26.842947,-0.803761,-1.631127,-1.836108,195.201,S,2,0.910051,2,1.821430,1.304208,1.688906,1.161362,0.557849,9.414001,4.987122,0.627099,0.739261,0.639533,1.161362,-0.584598,-0.595594,-0.431882,0.939685,0.834558,1.908000,-40.626003,-15.343000,NaN,-0.963484,true,Self-supervised model,0.235854,0.527000,7.727820,14.663795,0.552000,0.000000,1.122999,1.235906,false,false
2026-04-17T14:56:26.851034,-0.803761,-1.631127,-1.830457,194.877,S,2,0.910051,2,1.821430,1.314650,1.695936,1.369470,0.466869,9.339781,5.348647,0.628830,0.523836,1.098005,1.369470,-0.669508,-0.630413,-0.404393,1.004587,0.919599,1.908000,-40.626003,-15.343000,NaN,-0.955306,true,Self-supervised model,0.257918,0.536000,8.051578,15.021601,0.552000,0.000000,0.959970,1.363216,false,false
2026-04-17T14:56:26.858885,-0.803761,-1.631127,-1.824757,194.551,S,2,0.910051,2,1.821430,1.379990,1.705298,1.723021,0.462081,9.093178,5.863400,0.736305,0.224766,1.541473,1.723021,-0.675006,-0.630413,-0.370795,0.995260,0.923609,1.908000,-40.626003,-15.343000,NaN,-0.949409,true,Self-supervised model,0.307577,0.543000,8.378163,15.429398,0.552000,0.000000,0.800913,1.731227,false,false
2026-04-17T14:56:26.866939,-0.803761,-1.631127,-1.819171,194.231,S,2,0.910051,2,1.821430,1.484507,1.718467,2.033221,0.567426,8.767567,6.354211,0.867237,-0.089912,1.836792,2.033221,-0.612698,-0.607200,-0.316428,0.918813,0.862607,1.908000,-40.626003,-15.343000,NaN,-0.944275,true,Self-supervised model,0.355190,0.551000,8.698257,15.786310,0.552000,0.000000,0.730126,2.212878,false,false
2026-04-17T14:56:26.874803,-0.803761,-1.631127,-1.813854,193.926,S,2,0.910051,2,1.821430,1.605260,1.735938,2.239217,0.699107,8.427590,6.694188,1.028884,-0.341223,1.959352,2.239217,-0.492968,-0.562607,-0.263894,0.793211,0.748027,2.980000,-41.130001,-13.499001,NaN,-0.940041,true,Self-supervised model,0.388055,0.559000,9.002849,16.105276,0.552000,0.000000,0.716885,2.822977,false,false
2026-04-17T14:56:26.882566,-0.803761,-1.631127,-1.808947,193.645,S,2,0.910051,2,1.821430,1.722196,1.757389,2.336107,0.864307,8.154651,6.854599,1.178035,-0.582385,1.931439,2.336107,-0.375682,-0.514349,-0.222355,0.674636,0.636939,2.980000,-41.130001,-13.499001,NaN,-0.936770,true,Self-supervised model,0.416944,0.567000,9.284014,16.373922,0.552000,0.000000,0.737208,3.462769,false,false
2026-04-17T14:56:26.890625,-0.803761,-1.631127,-1.804440,193.387,S,2,0.910051,2,1.821430,1.814727,1.781682,2.300517,1.019930,7.896077,6.856994,1.253423,-0.726520,1.787031,2.300517,-0.222966,-0.456316,-0.189979,0.542246,0.507876,2.980000,-41.130001,-13.499001,NaN,-0.933863,true,Self-supervised model,0.437291,0.575000,9.542254,16.595224,0.552000,0.000000,0.788834,4.242574,false,false
2026-04-17T14:56:26.898585,-0.803761,-1.631127,-1.800314,193.150,S,2,0.910051,2,1.821430,1.858092,1.806739,2.085758,1.101333,7.740454,6.732495,1.170866,-0.780405,1.539620,2.085758,-0.072693,-0.413556,-0.181427,0.457415,0.419896,2.980000,-41.130001,-13.499001,NaN,-0.931261,true,Self-supervised model,0.419375,0.583000,9.778661,16.773003,0.552000,0.000000,0.890847,4.559883,false,false
2026-04-17T14:56:26.906688,-0.803761,-1.631127,-1.796491,192.931,S,2,0.910051,2,1.821430,1.835369,1.829884,1.716073,1.024718,7.680599,6.495469,1.007765,-0.724062,1.185348,1.716073,0.044593,-0.393397,-0.194255,0.441005,0.395917,2.980000,-41.130001,-13.499001,NaN,-0.928649,true,Self-supervised model,0.356265,0.591000,9.997715,16.916608,0.552000,0.000000,1.069517,3.891281,false,false
2026-04-17T14:56:26.914495,-0.803761,-1.631127,-1.792862,192.723,S,2,0.910051,2,1.821430,1.747961,1.848607,1.289071,0.866701,7.735666,6.143522,0.811771,-0.584850,0.812823,1.289071,0.114843,-0.409280,-0.211970,0.475005,0.425087,2.980000,-41.130001,-13.499001,NaN,-0.925798,true,Self-supervised model,0.286613,0.599000,10.205628,17.037777,0.552000,0.000000,1.355985,2.713803,false,false
2026-04-17T14:56:26.923107,-0.803761,-1.631127,-1.789338,192.522,S,2,0.910051,2,1.821430,1.606481,1.860922,0.863709,0.675165,7.876924,5.767632,0.593165,-0.471394,0.414652,0.863709,0.155160,-0.475253,-0.233351,0.551718,0.499940,2.980000,-41.130001,-13.499001,NaN,-0.922692,true,Self-supervised model,0.251852,0.608000,10.407549,17.117680,0.552000,0.000000,1.859979,1.565491,false,false
2026-04-17T14:56:26.931021,-0.803761,-1.631127,-1.785872,192.323,S,2,0.910051,2,1.821430,1.448451,1.866423,0.618793,0.462081,7.994239,5.363012,0.415155,-0.456344,0.047979,0.618793,0.151495,-0.554666,-0.244957,0.624987,0.574982,2.980000,-41.130001,-13.499001,NaN,-0.919460,true,Self-supervised model,0.238901,0.616000,10.606124,17.217733,0.552000,0.000000,2.340768,0.990090,false,false
2026-04-17T14:56:26.939136,-0.803761,-1.631127,-1.782997,192.158,S,2,0.910051,2,1.821430,1.318168,1.866493,0.634184,0.292093,8.013393,4.989516,0.204601,-0.513467,-0.310932,0.634184,0.115454,-0.614530,-0.252898,0.674488,0.625282,2.980000,-41.130001,-13.499001,NaN,-0.918948,true,Self-supervised model,0.233319,0.624000,10.770848,17.260974,0.552000,0.000000,2.078527,0.940244,false,false
2026-04-17T14:56:26.946824,-0.803761,-1.631127,-1.780618,192.022,S,2,0.910051,2,1.821430,1.246909,1.863710,0.872798,0.107739,7.951144,4.639963,0.048531,-0.623399,-0.608930,0.872798,0.047037,-0.665843,-0.247400,0.711875,0.667502,2.980000,-41.130001,-13.499001,NaN,-0.918555,true,Self-supervised model,0.222805,0.631000,10.907131,17.285469,0.552000,0.000000,1.428634,1.226055,false,false
2026-04-17T14:56:26.955313,-0.803761,-1.631127,-1.778578,191.905,S,2,0.910051,2,1.821430,1.220891,1.859997,1.084294,-0.019154,7.833828,4.355053,-0.063967,-0.760880,-0.769847,1.084294,-0.058032,-0.695776,-0.216246,0.730913,0.698191,2.980000,-41.130001,-13.499001,NaN,-0.917869,true,Self-supervised model,0.225791,0.640000,11.024020,17.225030,0.552000,0.000000,1.125977,1.483480,false,false
2026-04-17T14:56:26.962541,-0.803761,-1.631127,-1.776706,191.798,S,2,0.910051,2,1.821430,1.221717,1.856466,1.226053,-0.102951,7.687782,4.209007,-0.132558,-0.871927,-0.851691,1.226053,-0.114843,-0.696386,-0.185703,0.729814,0.705792,2.980000,-41.130001,-13.499001,NaN,-0.916670,true,Self-supervised model,0.239485,0.647000,11.131272,17.204439,0.552000,0.000000,0.996463,1.679953,false,false
2026-04-17T14:56:26.970839,-0.803761,-1.631127,-1.774765,191.687,S,2,0.910051,2,1.821430,1.225399,1.853223,1.244730,-0.146046,7.568071,4.141969,-0.125001,-0.958395,-0.784351,1.244730,-0.180816,-0.700662,-0.139888,0.737015,0.723618,2.980000,-41.130001,-13.499001,NaN,-0.914449,true,Self-supervised model,0.242091,0.655000,11.242528,17.164165,0.552000,0.000000,0.984469,1.688881,false,false
2026-04-17T14:56:26.978569,-0.803761,-1.631127,-1.772940,191.582,S,2,0.910051,2,1.821430,1.220396,1.849910,1.194131,-0.119710,7.474698,4.220978,-0.023376,-1.032473,-0.599502,1.194131,-0.255953,-0.715323,-0.071471,0.763091,0.759736,2.980000,-41.130001,-13.499001,NaN,-0.913092,true,Self-supervised model,0.234992,0.663000,11.347078,17.114748,0.552000,0.000000,1.021995,1.564862,false,false
2026-04-17T14:56:26.987810,-0.803761,-1.631127,-1.771415,191.495,S,2,0.910051,2,1.821430,1.195795,1.845745,1.066638,0.004788,7.390901,4.422091,0.039248,-1.001201,-0.365750,1.066638,-0.313985,-0.743423,0.004276,0.807021,0.807009,2.980000,-41.130001,-13.499001,NaN,-0.912767,true,Self-supervised model,0.223000,0.672000,11.434440,17.015536,0.552000,0.000000,1.121088,1.321698,false,false
2026-04-17T14:56:26.995109,-0.803761,-1.631127,-1.770397,191.436,S,2,0.910051,2,1.821430,1.166239,1.840565,1.011071,0.095768,7.410054,4.675876,0.159183,-0.988823,-0.138397,1.011071,-0.345750,-0.761138,0.081856,0.839985,0.835987,2.980000,-41.130001,-13.499001,NaN,-0.913776,true,Self-supervised model,0.217913,0.680000,11.492774,16.901138,0.552000,0.000000,1.153469,1.203678,false,false
2026-04-17T14:56:27.002815,-0.803761,-1.631127,-1.769974,191.412,S,2,0.910051,2,1.821430,1.139922,1.834539,1.001759,0.251391,7.407660,4.927267,0.329406,-0.929919,0.173966,1.001759,-0.348193,-0.755029,0.134390,0.842240,0.831449,2.980000,-41.130001,-13.499001,NaN,-0.915732,true,Self-supervised model,0.218028,0.687000,11.517027,16.764231,0.552000,0.000000,1.137920,1.189398,false,false
2026-04-17T14:56:27.011024,-0.803761,-1.631127,-1.770180,191.424,S,2,0.910051,2,1.821430,1.135787,1.828589,1.114077,0.462081,7.450756,5.264850,0.539938,-0.878225,0.422320,1.114077,-0.304822,-0.717767,0.171653,0.798480,0.779811,2.980000,-41.130001,-13.499001,NaN,-0.918457,true,Self-supervised model,0.230799,0.696000,11.505207,16.530470,0.552000,0.000000,1.019487,1.395247,false,false
2026-04-17T14:56:27.020511,-0.803761,-1.631127,-1.770962,191.469,S,2,0.910051,2,1.821430,1.163434,1.823983,1.308579,0.715866,7.486669,5.537788,0.784215,-0.857081,0.602328,1.308579,-0.218690,-0.650571,0.169210,0.706895,0.686344,2.980000,-41.130001,-13.499001,NaN,-0.921538,true,Self-supervised model,0.259348,0.705000,11.460436,16.255937,0.552000,0.000000,0.889082,1.851165,false,false
2026-04-17T14:56:27.027413,-0.803761,-1.631127,-1.772181,191.538,S,2,0.910051,2,1.821430,1.192750,1.820734,1.346662,1.003170,7.493851,5.738902,0.888351,-0.817681,0.596430,1.346662,-0.097738,-0.552833,0.130725,0.576425,0.561406,2.980000,-41.130001,-13.499001,NaN,-0.924510,true,Self-supervised model,0.264990,0.712000,11.390562,15.997980,0.552000,0.000000,0.885709,2.336229,false,false
2026-04-17T14:56:27.036429,-0.803761,-1.631127,-1.773476,191.613,S,2,0.910051,2,1.821430,1.218951,1.818662,1.356507,1.146823,7.522582,5.748478,0.954000,-0.822618,0.503281,1.356507,0.021380,-0.453262,0.069028,0.458986,0.453766,1.582000,-39.765003,-14.600000,NaN,-0.926108,true,Self-supervised model,0.269651,0.721000,11.316356,15.695362,0.552000,0.000000,0.898596,2.955440,false,false
2026-04-17T14:56:27.043132,-0.803761,-1.631127,-1.774611,191.678,S,2,0.910051,2,1.821430,1.211283,1.816367,1.171024,1.240196,7.515399,5.657499,0.859432,-0.744548,0.279861,1.171024,0.158214,-0.342695,-0.025045,0.378284,0.377454,1.582000,-39.765003,-14.600000,NaN,-0.926600,true,Self-supervised model,0.243466,0.728000,11.251355,15.455158,0.552000,0.000000,1.034379,3.095618,false,false
2026-04-17T14:56:27.050488,-0.803761,-1.631127,-1.775363,191.721,S,2,0.910051,2,1.821430,1.168241,1.812442,0.942273,1.163582,7.596802,5.427655,0.674073,-0.657423,-0.036011,0.942273,0.276111,-0.262672,-0.120340,0.399645,0.381096,1.582000,-39.765003,-14.600000,NaN,-0.925823,true,Self-supervised model,0.224610,0.735000,11.208259,15.249332,0.552000,0.000000,1.239812,2.357776,false,false
2026-04-17T14:56:27.059176,-0.803761,-1.631127,-1.775569,191.733,S,2,0.910051,2,1.821430,1.110562,1.806367,0.807747,0.986411,7.692570,5.097255,0.451209,-0.577172,-0.340203,0.807747,0.365297,-0.224798,-0.197309,0.472131,0.428925,1.582000,-39.765003,-14.600000,NaN,-0.923846,true,Self-supervised model,0.218860,0.744000,11.196438,15.048976,0.552000,0.000000,1.374888,1.710854,false,false
2026-04-17T14:56:27.066323,-0.803761,-1.631127,-1.775164,191.709,S,2,0.910051,2,1.821430,1.070481,1.798932,0.860055,0.763750,7.785944,4.771644,0.206649,-0.466259,-0.692527,0.860055,0.412334,-0.227853,-0.240681,0.529021,0.471101,1.582000,-39.765003,-14.600000,NaN,-0.920994,true,Self-supervised model,0.212673,0.751000,11.219656,14.939622,0.552000,0.000000,1.244666,1.625747,false,false
2026-04-17T14:56:27.074791,-0.803761,-1.631127,-1.774151,191.651,S,2,0.910051,2,1.821430,1.079867,1.792169,1.129142,0.514753,7.912837,4.393360,0.004450,-0.428722,-1.044576,1.129142,0.431882,-0.270002,-0.270613,0.576762,0.509336,1.582000,-39.765003,-14.600000,NaN,-0.917552,true,Self-supervised model,0.233993,0.759000,11.277679,14.858601,0.552000,0.000000,0.956361,1.957725,false,false
2026-04-17T14:56:27.082569,-0.803761,-1.631127,-1.772712,191.569,S,2,0.910051,2,1.821430,1.124417,1.787459,1.358304,0.306458,7.967903,4.012682,-0.127988,-0.383265,-1.296810,1.358304,0.415388,-0.337198,-0.275500,0.601789,0.535023,1.582000,-39.765003,-14.600000,NaN,-0.914407,true,Self-supervised model,0.268292,0.767000,11.360133,14.811126,0.552000,0.000000,0.827809,2.257109,false,false
2026-04-17T14:56:27.091065,-0.803761,-1.631127,-1.770842,191.462,S,2,0.910051,2,1.821430,1.193706,1.785709,1.557477,0.172383,8.030152,3.732560,-0.220041,-0.358763,-1.499535,1.557477,0.362243,-0.411723,-0.274889,0.613433,0.548394,1.582000,-39.765003,-14.600000,NaN,-0.910813,true,Self-supervised model,0.296176,0.776000,11.467281,14.777424,0.552000,0.000000,0.766436,2.538951,false,false
2026-04-17T14:56:27.098673,-0.803761,-1.631127,-1.768610,191.334,S,2,0.910051,2,1.821430,1.266971,1.786959,1.651611,0.079009,8.070854,3.502717,-0.242685,-0.317829,-1.602469,1.651611,0.302378,-0.473421,-0.266337,0.621687,0.561747,1.582000,-39.765003,-14.600000,NaN,-0.907133,true,Self-supervised model,0.306448,0.783000,11.595166,14.808641,0.552000,0.000000,0.767112,2.656658,false,false
2026-04-17T14:56:27.106995,-0.803761,-1.631127,-1.766094,191.190,S,2,0.910051,2,1.821430,1.333782,1.790832,1.684542,0.057461,8.125920,3.375824,-0.248504,-0.293476,-1.640060,1.684542,0.219911,-0.516792,-0.254731,0.616703,0.561636,1.582000,-39.765003,-14.600000,NaN,-0.903480,true,Self-supervised model,0.310995,0.792000,11.739335,14.822392,0.552000,0.000000,0.791778,2.731528,false,false
2026-04-17T14:56:27.114755,-0.803761,-1.631127,-1.763353,191.033,S,2,0.910051,2,1.821430,1.383100,1.796523,1.642017,0.055067,8.161834,3.318364,-0.176475,-0.266200,-1.610656,1.642017,0.135001,-0.523512,-0.246179,0.594048,0.540638,1.582000,-39.765003,-14.600000,NaN,-0.899840,true,Self-supervised model,0.304800,0.799000,11.896381,14.889088,0.552000,0.000000,0.842318,2.764113,false,false
2026-04-17T14:56:27.124520,-0.803761,-1.631127,-1.760604,190.875,S,2,0.910051,2,1.821430,1.410435,1.803079,1.553945,0.131681,8.197746,3.332729,-0.093352,-0.241182,-1.532274,1.553945,0.076969,-0.510072,-0.243124,0.570270,0.515847,1.582000,-39.765003,-14.600000,NaN,-0.897059,true,Self-supervised model,0.295462,0.809000,12.053891,14.899742,0.552000,0.000000,0.907648,2.724930,false,false
2026-04-17T14:56:27.130600,-0.803761,-1.631127,-1.757437,190.694,S,2,0.910051,2,1.821430,1.413837,1.809510,1.431697,0.217872,8.226477,3.404555,-0.028841,-0.255471,-1.408424,1.431697,-0.010996,-0.443488,-0.251066,0.509742,0.443624,1.582000,-39.765003,-14.600000,NaN,-0.892222,true,Self-supervised model,0.276223,0.815000,12.235327,15.012671,0.552000,0.000000,0.987525,2.808672,false,false
2026-04-17T14:56:27.138709,-0.803761,-1.631127,-1.754080,190.501,S,2,0.910051,2,1.821430,1.390775,1.814760,1.269700,0.284910,8.214506,3.524265,0.004220,-0.223321,-1.249899,1.269700,-0.073915,-0.361021,-0.262061,0.452190,0.368510,1.582000,-39.765003,-14.600000,NaN,-0.888105,true,Self-supervised model,0.259247,0.823000,12.427652,15.100428,0.552000,0.000000,1.095357,2.807890,false,false
2026-04-17T14:56:27.146415,-0.803761,-1.631127,-1.750517,190.297,S,2,0.910051,2,1.821430,1.347792,1.818082,1.122128,0.316035,8.245630,3.684676,0.036874,-0.179588,-1.107050,1.122128,-0.123395,-0.270613,-0.279165,0.407911,0.297419,1.582000,-39.765003,-14.600000,NaN,-0.883712,true,Self-supervised model,0.243521,0.831000,12.631846,15.200777,0.552000,0.000000,1.201103,2.750917,false,false
2026-04-17T14:56:27.155009,-0.803761,-1.631127,-1.746741,190.081,S,2,0.910051,2,1.821430,1.284373,1.818733,0.951426,0.342371,8.286332,3.833117,0.020936,-0.105712,-0.945303,0.951426,-0.157603,-0.197920,-0.289550,0.384513,0.253004,1.582000,-39.765003,-14.600000,NaN,-0.879090,true,Self-supervised model,0.232329,0.840000,12.848175,15.295446,0.552000,0.000000,1.349946,2.474363,false,false
2026-04-17T14:56:27.162768,-0.803761,-1.631127,-1.742775,189.854,S,2,0.910051,2,1.821430,1.201451,1.816042,0.766113,0.316035,8.355764,4.003105,0.001105,-0.083458,-0.761552,0.766113,-0.184481,-0.123395,-0.291383,0.366283,0.221945,1.582000,-39.765003,-14.600000,NaN,-0.874362,true,Self-supervised model,0.224213,0.847000,13.075417,15.437329,0.552000,0.000000,1.568244,2.091584,false,false
2026-04-17T14:56:27.170966,-0.803761,-1.631127,-1.738668,189.618,S,2,0.910051,2,1.821430,1.101604,1.809464,0.577407,0.282516,8.372523,4.197036,-0.028361,0.004162,-0.576695,0.577407,-0.199142,-0.062308,-0.283441,0.351964,0.208662,1.582000,-39.765003,-14.600000,NaN,-0.869691,true,Self-supervised model,0.223179,0.856000,13.310726,15.549913,0.552000,0.000000,1.907847,1.640526,false,false
2026-04-17T14:56:27.178521,-0.803761,-1.631127,-1.734541,189.382,S,2,0.910051,2,1.821430,0.996398,1.798942,0.444062,0.237026,8.453926,4.393360,-0.081653,0.097264,-0.425516,0.444062,-0.203418,-0.013439,-0.266948,0.335888,0.203862,1.582000,-39.765003,-14.600000,NaN,-0.865485,true,Self-supervised model,0.221955,0.863000,13.547175,15.697770,0.552000,0.000000,2.243825,1.322054,false,false
2026-04-17T14:56:27.188828,-0.803761,-1.631127,-1.730462,189.148,S,2,0.910051,2,1.821430,0.889979,1.784583,0.331282,0.167594,8.544906,4.548983,-0.136891,0.170386,-0.248952,0.331282,-0.187536,0.036652,-0.238848,0.305878,0.191084,1.582000,-39.765003,-14.600000,NaN,-0.861597,true,Self-supervised model,0.225018,0.873000,13.780886,15.785665,0.552000,0.000000,2.686468,1.083053,false,false
2026-04-17T14:56:27.194627,-0.803761,-1.631127,-1.726491,188.921,S,2,0.910051,2,1.821430,0.810832,1.767633,0.395307,0.095768,8.616732,4.728549,-0.227775,0.318994,-0.051277,0.395307,-0.178373,0.062919,-0.220522,0.290527,0.189144,0.588000,-39.525002,-16.317001,NaN,-0.858058,true,Self-supervised model,0.209204,0.879000,14.008411,15.936759,0.552000,0.000000,2.051143,1.360657,false,false
2026-04-17T14:56:27.202850,-0.803761,-1.631127,-1.722671,188.702,S,2,0.910051,2,1.821430,0.782705,1.750236,0.635041,-0.011971,8.765172,4.927267,-0.313575,0.526050,0.167985,0.635041,-0.150273,0.097128,-0.191201,0.261865,0.178929,0.588000,-39.525002,-16.317001,NaN,-0.854843,true,Self-supervised model,0.189226,0.887000,14.227277,16.039772,0.552000,0.000000,1.232527,2.425066,false,false
2026-04-17T14:56:27.210477,-0.803761,-1.631127,-1.719024,188.493,S,2,0.910051,2,1.821430,0.796047,1.734068,0.866091,-0.114922,8.973468,5.145139,-0.379630,0.690744,0.358981,0.866091,-0.105680,0.130114,-0.161268,0.232606,0.167624,0.588000,-39.525002,-16.317001,NaN,-0.851885,true,Self-supervised model,0.213265,0.895000,14.436262,16.129901,0.552000,0.000000,0.919126,3.723431,false,false
2026-04-17T14:56:27.219888,-0.803761,-1.631127,-1.715552,188.294,S,2,0.910051,2,1.821430,0.835966,1.720144,1.045539,-0.198719,9.141062,5.331887,-0.406662,0.781933,0.562458,1.045539,-0.052534,0.150884,-0.131947,0.207209,0.159768,0.588000,-39.525002,-16.317001,NaN,-0.849119,true,Self-supervised model,0.245770,0.904000,14.635149,16.189324,0.552000,0.000000,0.799555,5.045808,false,false
2026-04-17T14:56:27.226508,-0.803761,-1.631127,-1.712318,188.109,S,2,0.910051,2,1.821430,0.895691,1.709166,1.209249,-0.244209,9.236830,5.528212,-0.442192,0.859192,0.727007,1.209249,0.020769,0.159436,-0.095295,0.186902,0.160783,0.588000,-39.525002,-16.317001,NaN,-0.846830,true,Self-supervised model,0.269907,0.911000,14.820488,16.268374,0.552000,0.000000,0.740700,6.469972,false,false
2026-04-17T14:56:27.236026,-0.803761,-1.631127,-1.709419,187.942,S,2,0.910051,2,1.821430,0.956024,1.701041,1.272769,-0.296881,9.318233,5.686229,-0.376105,0.887712,0.830935,1.272769,0.103847,0.139888,-0.058643,0.183826,0.174221,0.588000,-39.525002,-16.317001,NaN,-0.845276,true,Self-supervised model,0.280217,0.921000,14.986562,16.272054,0.552000,0.000000,0.751137,6.923780,false,false
2026-04-17T14:56:27.242413,-0.803761,-1.631127,-1.706986,187.803,S,2,0.910051,2,1.821430,1.017602,1.695703,1.340888,-0.244209,9.351752,5.781997,-0.342458,0.931557,0.901612,1.340888,0.193033,0.091630,-0.020159,0.214626,0.213677,0.588000,-39.525002,-16.317001,NaN,-0.844706,true,Self-supervised model,0.283793,0.927000,15.125954,16.317102,0.552000,0.000000,0.758902,6.247557,false,false
2026-04-17T14:56:27.253069,-0.803761,-1.631127,-1.705061,187.693,S,2,0.910051,2,1.821430,1.074035,1.692836,1.370310,-0.217872,9.402030,5.841852,-0.254036,0.996303,0.905868,1.370310,0.268170,0.033598,0.018937,0.270929,0.270266,0.588000,-39.525002,-16.317001,NaN,-0.844812,true,Self-supervised model,0.284794,0.938000,15.236255,16.243343,0.552000,0.000000,0.783790,5.057822,false,false
2026-04-17T14:56:27.259253,-0.803761,-1.631127,-1.703695,187.615,S,2,0.910051,2,1.821430,1.112479,1.691622,1.314308,-0.131681,9.476251,5.829881,-0.154656,1.062768,0.757636,1.314308,0.349415,-0.037263,0.065363,0.357424,0.351396,0.588000,-39.525002,-16.317001,NaN,-0.845684,true,Self-supervised model,0.269934,0.944000,15.314507,16.222994,0.552000,0.000000,0.846437,3.677174,false,false
2026-04-17T14:56:27.266764,-0.803761,-1.631127,-1.702926,187.570,S,2,0.910051,2,1.821430,1.139500,1.691537,1.281359,-0.028730,9.555259,5.659893,-0.010570,1.145863,0.573383,1.281359,0.408058,-0.099571,0.107512,0.433572,0.420031,0.588000,-39.525002,-16.317001,NaN,-0.847300,true,Self-supervised model,0.263093,0.951000,15.358588,16.149935,0.552000,0.000000,0.889290,2.955355,false,false
2026-04-17T14:56:27.275423,-0.803761,-1.631127,-1.702746,187.560,S,2,0.910051,2,1.821430,1.155140,1.692081,1.237251,0.124498,9.653421,5.449203,0.136507,1.191734,0.303191,1.237251,0.432493,-0.153327,0.141110,0.480074,0.458867,0.588000,-39.525002,-16.317001,NaN,-0.849478,true,Self-supervised model,0.256086,0.960000,15.368895,16.009266,0.552000,0.000000,0.933634,2.577208,false,false
2026-04-17T14:56:27.282849,-0.803761,-1.631127,-1.703143,187.583,S,2,0.910051,2,1.821430,1.179727,1.693587,1.308808,0.284910,9.715671,5.149928,0.284221,1.273637,0.100229,1.308808,0.414777,-0.199753,0.163101,0.488409,0.460371,0.588000,-39.525002,-16.317001,NaN,-0.852181,true,Self-supervised model,0.265214,0.967000,15.346160,15.869865,0.552000,0.000000,0.901375,2.679737,false,false
2026-04-17T14:56:27.291089,-0.803761,-1.631127,-1.704075,187.636,S,2,0.910051,2,1.821430,1.216114,1.696488,1.407150,0.450110,9.813833,4.917690,0.433323,1.338278,-0.036247,1.407150,0.351858,-0.248011,0.180205,0.466677,0.430481,0.588000,-39.525002,-16.317001,NaN,-0.855256,true,Self-supervised model,0.279019,0.976000,15.292737,15.668788,0.552000,0.000000,0.864240,3.015251,false,false
2026-04-17T14:56:27.298713,-0.803761,-1.631127,-1.705461,187.716,S,2,0.910051,2,1.821430,1.259529,1.701010,1.487453,0.620098,9.892841,4.754885,0.491792,1.403796,-0.003459,1.487453,0.257174,-0.284663,0.182649,0.424891,0.383630,0.588000,-39.525002,-16.317001,NaN,-0.858455,true,Self-supervised model,0.290892,0.983000,15.213348,15.476447,0.552000,0.000000,0.846769,3.500787,false,false
2026-04-17T14:56:27.306735,-0.803761,-1.631127,-1.707199,187.815,S,2,0.910051,2,1.821430,1.315693,1.707597,1.610555,0.701501,9.969456,4.766856,0.449112,1.542474,0.113844,1.610555,0.169821,-0.287718,0.180205,0.379598,0.334096,0.588000,-39.525002,-16.317001,NaN,-0.861604,true,Self-supervised model,0.310885,0.991000,15.113745,15.251004,0.552000,0.000000,0.816919,4.242796,false,false
2026-04-17T14:56:27.315127,-0.803761,-1.631127,-1.709182,187.929,S,2,0.910051,2,1.821430,1.383626,1.716638,1.740274,0.682347,10.115502,4.869806,0.376911,1.668011,0.322848,1.740274,0.079412,-0.244346,0.169821,0.307978,0.256927,0.588000,-39.525002,-16.317001,NaN,-0.864565,true,Self-supervised model,0.334691,1.000000,15.000129,15.000129,0.552000,0.000000,0.795062,5.650645,false,false
2026-04-17T14:56:27.323340,-0.803761,-1.631127,-1.711321,188.051,S,2,0.910051,2,1.821430,1.460943,1.728410,1.866861,0.632069,10.244789,5.070919,0.214951,1.779374,0.522296,1.866861,0.021380,-0.139888,0.160658,0.214095,0.141513,0.588000,-39.525002,-16.317001,NaN,-0.867328,true,Self-supervised model,0.366244,1.008000,14.877574,14.759498,0.552000,0.000000,0.782567,8.719779,false,false
2026-04-17T14:56:27.330680,-0.803761,-1.631127,-1.713549,188.179,S,2,0.910051,2,1.821430,1.544631,1.743059,1.983992,0.488417,10.357317,5.267244,0.046676,1.868178,0.666300,1.983992,-0.001222,0.015882,0.155160,0.155975,0.015929,0.588000,-39.525002,-16.317001,NaN,-0.869912,true,Self-supervised model,0.401050,1.015000,14.749923,14.531944,0.552000,0.000000,0.778547,12.719910,false,false
2026-04-17T14:56:27.338706,-0.803761,-1.631127,-1.715847,188.311,S,2,0.910051,2,1.821430,1.629253,1.760507,2.073518,0.332794,10.445902,5.410896,-0.175207,1.930724,0.735584,2.073518,0.004887,0.174097,0.155771,0.233662,0.174165,0.588000,-39.525002,-16.317001,NaN,-0.872491,true,Self-supervised model,0.397198,1.023000,14.618252,14.289592,0.552000,0.000000,0.785743,8.874000,false,false
2026-04-17T14:56:27.347842,-0.803761,-1.631127,-1.718212,188.446,S,2,0.910051,2,1.821430,1.696979,1.779966,2.052540,0.117316,10.508151,5.480328,-0.380743,1.899341,0.678572,2.052540,0.025656,0.362243,0.161268,0.397348,0.363151,0.588000,-39.525002,-16.317001,NaN,-0.875123,true,Self-supervised model,0.379779,1.032000,14.482754,14.033677,0.552000,0.000000,0.826770,5.165592,false,false
2026-04-17T14:56:27.355195,-0.803761,-1.631127,-1.720672,188.587,S,2,0.910051,2,1.821430,1.744932,1.800565,1.996687,-0.088585,10.477027,5.422867,-0.535157,1.862470,0.481218,1.996687,0.040317,0.515570,0.176540,0.546447,0.517144,3.585000,-38.301003,-13.287001,NaN,-0.877964,true,Self-supervised model,0.363392,1.040000,14.341805,13.790197,0.552000,0.000000,0.873914,3.653942,false,false
2026-04-17T14:56:27.362854,-0.803761,-1.631127,-1.723255,188.735,S,2,0.910051,2,1.821430,1.776009,1.821582,1.939163,-0.248997,10.441113,5.224148,-0.633868,1.804164,0.321801,1.939163,0.025045,0.595594,0.192423,0.626407,0.596120,3.585000,-38.301003,-13.287001,NaN,-0.881038,true,Self-supervised model,0.352149,1.047000,14.193809,13.556646,0.552000,0.000000,0.915864,3.095692,false,false
2026-04-17T14:56:27.371590,-0.803761,-1.631127,-1.725992,188.892,S,2,0.910051,2,1.821430,1.798711,1.842667,1.917897,-0.356736,10.383653,5.063736,-0.668495,1.787947,0.186256,1.917897,-0.021991,0.580322,0.211359,0.618005,0.580738,3.585000,-38.301003,-13.287001,NaN,-0.884391,true,Self-supervised model,0.350789,1.056000,14.037000,13.292613,0.552000,0.000000,0.937856,3.103370,false,false
2026-04-17T14:56:27.378671,-0.803761,-1.631127,-1.728895,189.058,S,2,0.910051,2,1.821430,1.803001,1.863081,1.825523,-0.399832,10.366894,4.929661,-0.619073,1.712674,0.126613,1.825523,-0.130114,0.444710,0.222966,0.514209,0.463354,3.585000,-38.301003,-13.287001,NaN,-0.887956,true,Self-supervised model,0.341897,1.063000,13.870695,13.048631,0.552000,0.000000,0.987663,3.550161,false,false
2026-04-17T14:56:27.386767,-0.803761,-1.631127,-1.731886,189.230,S,2,0.910051,2,1.821430,1.778736,1.881707,1.651345,-0.354342,10.287885,4.876989,-0.500299,1.544439,0.302239,1.651345,-0.289550,0.197309,0.208305,0.407629,0.350386,3.585000,-38.301003,-13.287001,NaN,-0.891301,true,Self-supervised model,0.323707,1.071000,13.699316,12.791145,0.552000,0.000000,1.077144,4.051099,false,false
2026-04-17T14:56:27.394783,-0.803761,-1.631127,-1.734800,189.397,S,2,0.910051,2,1.821430,1.735020,1.897840,1.505508,-0.232238,10.110714,5.068525,-0.416853,1.299130,0.636433,1.505508,-0.467923,-0.126449,0.161879,0.511024,0.484707,3.585000,-38.301003,-13.287001,NaN,-0.893908,true,Self-supervised model,0.296091,1.079000,13.532342,12.541559,0.552000,0.000000,1.152448,2.946058,false,false
2026-04-17T14:56:27.402358,-0.803761,-1.631127,-1.737462,189.549,S,2,0.910051,2,1.821430,1.710705,1.912354,1.583055,-0.136469,9.849746,5.430049,-0.269890,0.925531,1.255632,1.583055,-0.591928,-0.397062,0.116675,0.722254,0.712768,3.585000,-38.301003,-13.287001,NaN,-0.895559,true,Self-supervised model,0.292772,1.087000,13.379843,12.308963,0.552000,0.000000,1.080636,2.191825,false,false
2026-04-17T14:56:27.410552,-0.803761,-1.631127,-1.739734,189.679,S,2,0.910051,2,1.821430,1.755069,1.928063,1.987979,0.031125,9.454702,6.086061,-0.225586,0.562803,1.893257,1.987979,-0.656680,-0.630413,0.072082,0.913151,0.910302,3.585000,-38.301003,-13.287001,NaN,-0.896278,true,Self-supervised model,0.335741,1.095000,13.249611,12.100102,0.552000,0.000000,0.882841,2.177053,false,false
2026-04-17T14:56:27.418951,-0.803761,-1.631127,-1.741589,189.786,S,2,0.910051,2,1.821430,1.844330,1.946713,2.312949,0.102951,9.066842,6.766014,-0.165672,0.214519,2.297013,2.312949,-0.618196,-0.715323,0.046426,0.946577,0.945438,3.585000,-38.301003,-13.287001,NaN,-0.896459,true,Self-supervised model,0.371559,1.103000,13.143350,11.916002,0.552000,0.000000,0.797393,2.443487,false,false
2026-04-17T14:56:27.427212,-0.803761,-1.631127,-1.743055,189.870,S,2,0.910051,2,1.821430,1.944343,1.968619,2.469415,0.193930,8.693346,7.211336,-0.098711,-0.087263,2.465898,2.469415,-0.478918,-0.619417,0.029932,0.783541,0.782969,3.585000,-38.301003,-13.287001,NaN,-0.896368,true,Self-supervised model,0.402293,1.112000,13.059378,11.744045,0.552000,0.000000,0.787370,3.151609,false,false
2026-04-17T14:56:27.435566,-0.803761,-1.631127,-1.744206,189.936,S,2,0.910051,2,1.821430,2.037272,1.993365,2.525148,0.289698,8.370130,7.414843,-0.092037,-0.407640,2.490327,2.525148,-0.303600,-0.446543,0.020159,0.540351,0.539975,3.585000,-38.301003,-13.287001,NaN,-0.896263,true,Self-supervised model,0.431474,1.120000,12.993405,11.601254,0.552000,0.000000,0.806793,4.673159,false,false
2026-04-17T14:56:27.442880,-0.962083,-2.530026,-1.745137,189.989,S,3,0.912736,3,2.734166,2.098880,2.019585,2.422322,0.318429,8.034941,7.462727,-0.099661,-0.695932,2.318057,2.422322,-0.070860,-0.193033,0.012828,0.206028,0.205629,3.585000,-38.301003,-13.287001,NaN,-0.896310,true,Self-supervised model,0.470322,0.000000,0.000000,0.000000,0.839500,0.287500,0.866475,11.757229,false,true
2026-04-17T14:56:27.450453,-0.962083,-2.530026,-1.745940,190.035,S,3,0.912736,3,2.734166,2.112609,2.045306,2.184689,0.323217,7.740454,7.299921,-0.150307,-0.878147,1.994776,2.184689,0.153938,0.039095,0.013439,0.159393,0.158825,3.585000,-38.301003,-13.287001,NaN,-0.896607,true,Self-supervised model,0.587471,0.007000,0.046052,6.578883,0.839500,0.287500,0.967007,13.706343,false,false
2026-04-17T14:56:27.459098,-0.962083,-2.530026,-1.746703,190.079,S,3,0.912736,3,2.734166,2.057949,2.067812,1.770983,0.275333,7.560889,6.971915,-0.258648,-0.914536,1.494358,1.770983,0.324369,0.190590,0.017715,0.376635,0.376218,3.585000,-38.301003,-13.287001,NaN,-0.897203,true,Self-supervised model,0.489033,0.016000,0.089726,5.607885,0.839500,0.287500,1.162038,4.702122,false,false
2026-04-17T14:56:27.466659,-0.962083,-2.530026,-1.747463,190.122,S,3,0.912736,3,2.734166,1.939082,2.084663,1.315031,0.162806,7.534553,6.454768,-0.430342,-0.802295,0.948913,1.315031,0.413556,0.237016,0.020769,0.477112,0.476660,3.585000,-38.301003,-13.287001,NaN,-0.897957,true,Self-supervised model,0.392465,0.023000,0.133306,5.795923,0.839500,0.287500,1.474553,2.756229,false,false
2026-04-17T14:56:27.474677,-0.962083,-2.530026,-1.748221,190.166,S,3,0.912736,3,2.734166,1.780516,2.094497,0.948042,-0.016759,7.661446,5.884948,-0.630424,-0.569525,0.420702,0.948042,0.447764,0.210749,0.020159,0.495292,0.494882,3.585000,-38.301003,-13.287001,NaN,-0.898703,true,Self-supervised model,0.328423,0.031000,0.176717,5.700545,0.839500,0.287500,1.878098,1.914107,false,false
2026-04-17T14:56:27.482592,-0.962083,-2.530026,-1.748965,190.208,S,3,0.912736,3,2.734166,1.635327,2.098130,0.873088,-0.225055,7.910442,5.329493,-0.773237,-0.395813,0.087860,0.873088,0.417221,0.109956,0.025045,0.432193,0.431467,3.585000,-38.301003,-13.287001,NaN,-0.899393,true,Self-supervised model,0.320380,0.039000,0.219352,5.624411,0.839500,0.287500,1.873038,2.020134,false,false
2026-04-17T14:56:27.490759,-0.962083,-2.530026,-1.749363,190.231,S,3,0.912736,3,2.734166,1.517828,2.096918,0.900957,-0.373495,8.099585,4.970363,-0.812361,-0.274688,-0.276297,0.900957,0.348804,-0.037874,0.027489,0.351929,0.350854,3.585000,-38.301003,-13.287001,NaN,-0.898406,true,Self-supervised model,0.329581,0.047000,0.242148,5.152085,0.839500,0.287500,1.684685,2.560050,false,false
2026-04-17T14:56:27.498535,-0.962083,-2.530026,-1.749689,190.250,S,3,0.912736,3,2.734166,1.420884,2.091877,0.911925,-0.421380,8.226477,4.596867,-0.724721,-0.268798,-0.483875,0.911925,0.221744,-0.186925,0.002443,0.290030,0.290020,3.585000,-38.301003,-13.287001,NaN,-0.898443,true,Self-supervised model,0.334328,0.055000,0.260817,4.742130,0.839500,0.287500,1.558114,3.144247,false,false
2026-04-17T14:56:27.507276,-0.962083,-2.530026,-1.749776,190.255,S,3,0.912736,3,2.734166,1.330984,2.083441,0.859009,-0.330400,8.240842,4.374207,-0.518547,-0.369869,-0.576369,0.859009,0.057421,-0.367741,-0.042761,0.374645,0.372197,3.585000,-38.301003,-13.287001,NaN,-0.897577,true,Self-supervised model,0.323345,0.064000,0.265828,4.153565,0.839500,0.287500,1.549442,2.292859,false,false
2026-04-17T14:56:27.514655,-0.962083,-2.530026,-1.749427,190.235,S,3,0.912736,3,2.734166,1.254222,2.072272,0.851225,-0.117316,8.142680,4.276044,-0.335566,-0.562715,-0.543444,0.851225,-0.125227,-0.506407,-0.111788,0.533504,0.521661,0.874000,-40.258003,-11.656000,NaN,-0.895483,true,Self-supervised model,0.316792,0.071000,0.245840,3.462542,0.839500,0.287500,1.473432,1.595536,false,false
2026-04-17T14:56:27.523103,-0.962083,-2.530026,-1.748476,190.180,S,3,0.912736,3,2.734166,1.200795,2.059413,0.920304,0.074220,7.946355,4.314352,-0.113221,-0.826007,-0.389681,0.920304,-0.279165,-0.558331,-0.178373,0.649218,0.624233,0.874000,-40.258003,-11.656000,NaN,-0.892120,true,Self-supervised model,0.322809,0.080000,0.191309,2.391362,0.839500,0.287500,1.304782,1.417558,false,false
2026-04-17T14:56:27.530812,-0.962083,-2.530026,-1.746801,190.084,S,3,0.912736,3,2.734166,1.179679,2.046224,1.068820,0.304064,7.673417,4.484340,0.014662,-1.059756,-0.138122,1.068820,-0.425773,-0.535729,-0.250455,0.728708,0.684316,0.874000,-40.258003,-11.656000,NaN,-0.887554,true,Self-supervised model,0.341947,0.087000,0.095360,1.096089,0.839500,0.287500,1.103721,1.466732,false,false
2026-04-17T14:56:27.538811,-0.962083,-2.530026,-1.744332,189.943,S,3,0.912736,3,2.734166,1.194452,2.034153,1.272012,0.435745,7.424419,4.762067,0.068117,-1.262812,0.136673,1.272012,-0.527177,-0.421497,-0.314596,0.744678,0.674963,0.874000,-40.258003,-11.656000,NaN,-0.881908,true,Self-supervised model,0.369675,0.095000,0.046093,0.485184,0.839500,0.287500,0.939026,1.708137,false,false
2026-04-17T14:56:27.546583,-0.962083,-2.530026,-1.741072,189.756,S,3,0.912736,3,2.734166,1.239797,2.024379,1.477859,0.486023,7.201759,5.070919,0.046802,-1.444059,0.310758,1.477859,-0.580322,-0.238848,-0.365297,0.726130,0.627552,0.874000,-40.258003,-11.656000,NaN,-0.875482,true,Self-supervised model,0.393938,0.103000,0.232895,2.261113,0.839500,0.287500,0.838915,2.035255,false,false
2026-04-17T14:56:27.555002,-0.962083,-2.530026,-1.737083,189.528,S,3,0.912736,3,2.734166,1.311503,2.017864,1.687955,0.452504,6.998251,5.284003,-0.008121,-1.610017,0.506924,1.687955,-0.582765,-0.058643,-0.395841,0.706926,0.585709,0.874000,-40.258003,-11.656000,NaN,-0.868580,true,Self-supervised model,0.417450,0.112000,0.461433,4.119935,0.839500,0.287500,0.776977,2.387739,false,false
2026-04-17T14:56:27.562682,-0.962083,-2.530026,-1.732473,189.263,S,3,0.912736,3,2.734166,1.400590,2.015173,1.868296,0.375890,6.809110,5.521029,-0.132852,-1.754881,0.627114,1.868296,-0.547946,0.136834,-0.408058,0.696764,0.564773,0.874000,-40.258003,-11.656000,NaN,-0.861484,true,Self-supervised model,0.434162,0.119000,0.725573,6.097253,0.839500,0.287500,0.749662,2.681390,false,false
2026-04-17T14:56:27.571922,-0.962083,-2.530026,-1.727414,188.974,S,3,0.912736,3,2.734166,1.488310,2.016098,1.948843,0.220267,6.641516,5.681441,-0.282396,-1.782078,0.736505,1.948843,-0.482584,0.282831,-0.399506,0.687375,0.559357,0.874000,-40.258003,-11.656000,NaN,-0.854630,true,Self-supervised model,0.448282,0.129000,1.015420,7.871476,0.839500,0.287500,0.763689,2.835195,false,false
2026-04-17T14:56:27.578696,-0.962083,-2.530026,-1.722124,188.670,S,3,0.912736,3,2.734166,1.563994,2.020014,1.961334,0.033519,6.593631,5.827487,-0.441968,-1.752217,0.762385,1.961334,-0.400728,0.357356,-0.358578,0.645650,0.536923,0.874000,-40.258003,-11.656000,NaN,-0.848415,true,Self-supervised model,0.447660,0.135000,1.318525,9.766855,0.839500,0.287500,0.797413,3.037766,false,false
2026-04-17T14:56:27.587582,-0.962083,-2.530026,-1.716840,188.368,S,3,0.912736,3,2.734166,1.617525,2.025914,1.898565,-0.165200,6.605602,5.884948,-0.639705,-1.629787,0.734248,1.898565,-0.317039,0.365297,-0.299324,0.568815,0.483690,0.874000,-40.258003,-11.656000,NaN,-0.843157,true,Self-supervised model,0.454348,0.144000,1.621257,11.258730,0.839500,0.287500,0.851973,3.337753,false,false
2026-04-17T14:56:27.594801,-0.962083,-2.530026,-1.711823,188.080,S,3,0.912736,3,2.734166,1.648444,2.032816,1.810767,-0.399832,6.713342,5.882554,-0.793145,-1.499269,0.634027,1.810767,-0.207083,0.326813,-0.209527,0.439990,0.386898,0.874000,-40.258003,-11.656000,NaN,-0.839206,true,Self-supervised model,0.452145,0.151000,1.908714,12.640493,0.839500,0.287500,0.910357,4.115468,false,false
2026-04-17T14:56:27.602845,-0.962083,-2.530026,-1.707339,187.823,S,3,0.912736,3,2.734166,1.649036,2.039464,1.652143,-0.584185,6.833052,5.801151,-0.893185,-1.313242,0.455184,1.652143,-0.093462,0.260839,-0.098960,0.294220,0.277078,0.874000,-40.258003,-11.656000,NaN,-0.836852,true,Self-supervised model,0.445631,0.159000,2.165661,13.620508,0.839500,0.287500,0.998119,5.615327,false,false
2026-04-17T14:56:27.611045,-0.962083,-2.530026,-1.703614,187.610,S,3,0.912736,3,2.734166,1.618441,2.044624,1.457820,-0.706290,7.012617,5.633556,-0.866685,-1.146153,0.245825,1.457820,0.018937,0.188757,0.003054,0.189729,0.189705,0.874000,-40.258003,-11.656000,NaN,-0.836169,true,Self-supervised model,0.427521,0.168000,2.379047,14.160997,0.839500,0.287500,1.110179,7.683679,false,false
2026-04-17T14:56:27.619588,-0.962083,-2.530026,-1.700768,187.447,S,3,0.912736,3,2.734166,1.565844,2.047472,1.289707,-0.691924,7.177817,5.427655,-0.777070,-1.028305,-0.045785,1.289707,0.094684,0.119730,0.076358,0.170678,0.152644,0.874000,-40.258003,-11.656000,NaN,-0.836832,true,Self-supervised model,0.400054,0.176000,2.542158,14.444080,0.839500,0.287500,1.214108,7.556396,false,false
2026-04-17T14:56:27.627089,-0.962083,-2.530026,-1.698814,187.335,S,3,0.912736,3,2.734166,1.497107,2.047458,1.136237,-0.605733,7.297527,5.133168,-0.644443,-0.896708,-0.267660,1.136237,0.158825,0.037874,0.125227,0.205771,0.163278,0.874000,-40.258003,-11.656000,NaN,-0.838448,true,Self-supervised model,0.367008,0.184000,2.654122,14.424575,0.839500,0.287500,1.317601,5.521854,false,false
2026-04-17T14:56:27.636754,-0.962083,-2.530026,-1.697679,187.270,S,3,0.912736,3,2.734166,1.425868,2.044594,1.051862,-0.469264,7.433996,4.903325,-0.562957,-0.795917,-0.394979,1.051862,0.200975,-0.053145,0.151495,0.257227,0.207883,0.874000,-40.258003,-11.656000,NaN,-0.840592,true,Self-supervised model,0.350090,0.193000,2.719127,14.088743,0.839500,0.287500,1.355565,4.089232,false,false
2026-04-17T14:56:27.642579,-0.962083,-2.530026,-1.697247,187.245,S,3,0.912736,3,2.734166,1.366213,2.039459,1.053029,-0.378284,7.541735,4.764462,-0.411724,-0.773076,-0.584557,1.053029,0.225409,-0.136834,0.156992,0.306887,0.263691,0.874000,-40.258003,-11.656000,NaN,-0.842971,true,Self-supervised model,0.347792,0.199000,2.743875,13.788318,0.839500,0.287500,1.297413,3.431329,false,false
2026-04-17T14:56:27.651064,-0.962083,-2.530026,-1.697373,187.252,S,3,0.912736,3,2.734166,1.322187,2.032768,1.091047,-0.213084,7.572860,4.560954,-0.241954,-0.755762,-0.748776,1.091047,0.233351,-0.202196,0.146608,0.341804,0.308765,0.874000,-40.258003,-11.656000,NaN,-0.845328,true,Self-supervised model,0.353101,0.208000,2.736661,13.157023,0.839500,0.287500,1.211852,3.192029,false,false
2026-04-17T14:56:27.659553,-0.962083,-2.530026,-1.697902,187.283,S,3,0.912736,3,2.734166,1.302727,2.025566,1.200560,-0.026336,7.599196,4.381389,-0.078373,-0.752867,-0.931876,1.200560,0.227242,-0.257174,0.125227,0.365321,0.343187,0.874000,-40.258003,-11.656000,NaN,-0.847468,true,Self-supervised model,0.368492,0.216000,2.706361,12.529447,0.839500,0.287500,1.085099,3.286317,false,false
2026-04-17T14:56:27.667608,-0.962083,-2.530026,-1.698676,187.327,S,3,0.912736,3,2.734166,1.295589,2.018367,1.258117,0.155623,7.611167,4.182671,0.030668,-0.674772,-1.061415,1.258117,0.197920,-0.274278,0.104458,0.353995,0.338232,0.874000,-40.258003,-11.656000,NaN,-0.849226,true,Self-supervised model,0.377014,0.224000,2.661984,11.883856,0.839500,0.287500,1.029784,3.554051,false,false
2026-04-17T14:56:27.674567,-0.962083,-2.530026,-1.699598,187.380,S,3,0.912736,3,2.734166,1.294052,2.011395,1.285984,0.282516,7.697359,4.039018,0.080737,-0.540412,-1.164126,1.285984,0.159436,-0.265726,0.086743,0.321799,0.309888,0.113000,-39.271004,-11.376000,NaN,-0.850737,true,Self-supervised model,0.381739,0.231000,2.609169,11.295104,0.839500,0.287500,1.006274,3.996232,false,false
2026-04-17T14:56:27.682848,-0.962083,-2.530026,-1.700580,187.436,S,3,0.912736,3,2.734166,1.288677,2.004486,1.260459,0.349553,7.838616,3.924097,0.185999,-0.418476,-1.174325,1.260459,0.109956,-0.224188,0.069028,0.259066,0.249700,0.113000,-39.271004,-11.376000,NaN,-0.851956,true,Self-supervised model,0.382381,0.239000,2.552940,10.681758,0.839500,0.287500,1.022387,4.865398,false,false
2026-04-17T14:56:27.690894,-0.962083,-2.530026,-1.701542,187.491,S,3,0.912736,3,2.734166,1.271162,1.997153,1.179209,0.469264,7.965509,3.904943,0.242034,-0.328111,-1.106479,1.179209,0.060476,-0.161879,0.047037,0.179094,0.172807,0.113000,-39.271004,-11.376000,NaN,-0.852843,true,Self-supervised model,0.377475,0.248000,2.497801,10.071779,0.839500,0.287500,1.077979,6.584302,false,false
2026-04-17T14:56:27.698863,-0.962083,-2.530026,-1.702404,187.541,S,3,0.912736,3,2.734166,1.241613,1.988931,1.086478,0.536301,8.058883,3.967192,0.302006,-0.295984,-1.000810,1.086478,0.016493,-0.106291,0.018326,0.109113,0.107563,0.113000,-39.271004,-11.376000,NaN,-0.853303,true,Self-supervised model,0.375673,0.255000,2.448411,9.601611,0.839500,0.287500,1.142787,9.957408,false,false
2026-04-17T14:56:27.707011,-0.962083,-2.530026,-1.703078,187.579,S,3,0.912736,3,2.734166,1.191863,1.979049,0.930674,0.603339,8.092402,4.070143,0.315783,-0.317871,-0.815717,0.930674,-0.007941,-0.073915,-0.017715,0.076422,0.074340,0.113000,-39.271004,-11.376000,NaN,-0.853228,true,Self-supervised model,0.358916,0.264000,2.409766,9.127902,0.839500,0.287500,1.280644,12.178150,false,false
2026-04-17T14:56:27.714936,-0.962083,-2.530026,-1.703463,187.601,S,3,0.912736,3,2.734166,1.118928,1.966644,0.736020,0.620098,8.070854,4.254497,0.335648,-0.310401,-0.576816,0.736020,-0.025045,-0.064752,-0.062919,0.093696,0.069427,0.113000,-39.271004,-11.376000,NaN,-0.852454,true,Self-supervised model,0.317635,0.272000,2.387710,8.778347,0.839500,0.287500,1.520242,7.855428,false,false
2026-04-17T14:56:27.723290,-0.962083,-2.530026,-1.703502,187.603,S,3,0.912736,3,2.734166,1.020839,1.950812,0.505871,0.639252,8.078036,4.493917,0.230359,-0.264535,-0.364502,0.505871,-0.028711,-0.095295,-0.100182,0.141216,0.099526,0.113000,-39.271004,-11.376000,NaN,-0.851108,true,Self-supervised model,0.281956,0.280000,2.385488,8.519601,0.839500,0.287500,2.017981,3.582263,false,false
2026-04-17T14:56:27.731219,-0.962083,-2.530026,-1.703190,187.586,S,3,0.912736,3,2.734166,0.909202,1.931147,0.323108,0.531513,8.123527,4.707001,0.132066,-0.221265,-0.194934,0.323108,-0.023824,-0.144164,-0.119119,0.188521,0.146119,0.113000,-39.271004,-11.376000,NaN,-0.849393,true,Self-supervised model,0.262505,0.288000,2.403372,8.345042,0.839500,0.287500,2.813922,1.713912,false,false
2026-04-17T14:56:27.738887,-0.962083,-2.530026,-1.702583,187.551,S,3,0.912736,3,2.734166,0.791447,1.907559,0.173233,0.430956,8.166622,4.876989,-0.013562,-0.169001,0.035560,0.173233,-0.002443,-0.202196,-0.116064,0.233153,0.202211,0.113000,-39.271004,-11.376000,NaN,-0.847606,true,Self-supervised model,0.250902,0.296000,2.438159,8.237023,0.839500,0.287500,4.568687,0.743001,false,false
2026-04-17T14:56:27.747154,-0.962083,-2.530026,-1.701786,187.505,S,3,0.912736,3,2.734166,0.709528,1.881638,0.279452,0.284910,8.219295,5.106832,-0.026287,-0.057570,0.272192,0.279452,0.023824,-0.272446,-0.097128,0.290221,0.273486,0.113000,-39.271004,-11.376000,NaN,-0.846052,true,Self-supervised model,0.255067,0.304000,2.483792,8.170370,0.839500,0.287500,2.538995,0.962895,false,false
2026-04-17T14:56:27.755856,-0.962083,-2.530026,-1.700923,187.456,S,3,0.912736,3,2.734166,0.679805,1.855565,0.523758,0.275333,8.331821,5.341464,0.032745,0.002596,0.522727,0.523758,0.059254,-0.353080,-0.064752,0.363826,0.358018,0.113000,-39.271004,-11.376000,NaN,-0.844922,true,Self-supervised model,0.269247,0.312000,2.533249,8.119386,0.839500,0.287500,1.297936,1.439584,false,false
2026-04-17T14:56:27.763169,-0.962083,-2.530026,-1.700102,187.409,S,3,0.912736,3,2.734166,0.686649,1.830808,0.722583,0.342371,8.394072,5.588067,0.115781,0.056736,0.710987,0.722583,0.101404,-0.414167,-0.037263,0.428025,0.426400,0.113000,-39.271004,-11.376000,NaN,-0.844268,true,Self-supervised model,0.300393,0.320000,2.580306,8.063457,0.839500,0.287500,0.950270,1.688180,false,false
2026-04-17T14:56:27.771312,-0.962083,-2.530026,-1.699403,187.369,S,3,0.912736,3,2.734166,0.721727,1.808445,0.905888,0.438139,8.451532,5.770026,0.233655,0.076709,0.871869,0.905888,0.147829,-0.437380,-0.020769,0.462153,0.461686,0.113000,-39.271004,-11.376000,NaN,-0.844059,true,Self-supervised model,0.328997,0.328000,2.620347,7.988863,0.839500,0.287500,0.796707,1.960147,false,false
2026-04-17T14:56:27.779388,-0.962083,-2.530026,-1.698870,187.338,S,3,0.912736,3,2.734166,0.771643,1.788973,1.033703,0.572214,8.475474,5.923255,0.378478,0.103881,0.956297,1.033703,0.210749,-0.426384,-0.019548,0.476026,0.475624,0.113000,-39.271004,-11.376000,NaN,-0.844187,true,Self-supervised model,0.345026,0.336000,2.650908,7.889607,0.839500,0.287500,0.746485,2.171528,false,false
2026-04-17T14:56:27.786912,-0.962083,-2.530026,-1.698526,187.318,S,3,0.912736,3,2.734166,0.822851,1.772328,1.091693,0.735020,8.506598,5.999869,0.530013,0.141350,0.943875,1.091693,0.273057,-0.381180,-0.035430,0.470227,0.468890,0.113000,-39.271004,-11.376000,NaN,-0.844601,true,Self-supervised model,0.351862,0.344000,2.670615,7.763416,0.839500,0.287500,0.753739,2.321630,false,false
2026-04-17T14:56:27.795662,-0.962083,-2.530026,-1.698312,187.306,S,3,0.912736,3,2.734166,0.865658,1.758061,1.090390,0.905008,8.547300,5.980716,0.621678,0.181623,0.877200,1.090390,0.330478,-0.331700,-0.070250,0.473472,0.468231,0.113000,-39.271004,-11.376000,NaN,-0.844907,true,Self-supervised model,0.351622,0.352000,2.682872,7.621795,0.839500,0.287500,0.793897,2.302967,false,false
2026-04-17T14:56:27.802718,-0.962083,-2.530026,-1.698137,187.296,S,3,0.912736,3,2.734166,0.887166,1.745225,1.000086,1.012747,8.592790,5.904101,0.680411,0.188880,0.708193,1.000086,0.367130,-0.299935,-0.111788,0.487075,0.474073,0.113000,-39.271004,-11.376000,NaN,-0.844891,true,Self-supervised model,0.338478,0.359000,2.692867,7.501022,0.839500,0.287500,0.887090,2.053249,false,false
2026-04-17T14:56:27.810672,-0.962083,-2.530026,-1.697897,187.282,S,3,0.912736,3,2.734166,0.885176,1.732823,0.874726,1.084573,8.607155,5.722142,0.708962,0.187474,0.476835,0.874726,0.387289,-0.266337,-0.167988,0.499147,0.470030,0.113000,-39.271004,-11.376000,NaN,-0.844386,true,Self-supervised model,0.318726,0.367000,2.706651,7.375071,0.839500,0.287500,1.011946,1.752441,false,false
2026-04-17T14:56:27.819400,-0.962083,-2.530026,-1.697481,187.258,S,3,0.912736,3,2.734166,0.861837,1.719984,0.739311,1.122881,8.614338,5.475539,0.662203,0.211384,0.251763,0.739311,0.388510,-0.235183,-0.224188,0.506470,0.454149,0.113000,-39.271004,-11.376000,NaN,-0.843268,true,Self-supervised model,0.297459,0.376000,2.730492,7.261947,0.839500,0.287500,1.165731,1.459734,false,false
2026-04-17T14:56:27.827827,-0.962083,-2.530026,-1.696788,187.219,S,3,0.912736,3,2.734166,0.818475,1.705923,0.590820,1.082179,8.647857,5.233725,0.504635,0.306416,0.022832,0.590820,0.376293,-0.202807,-0.270002,0.505597,0.427466,0.113000,-39.271004,-11.376000,NaN,-0.841468,true,Self-supervised model,0.277054,0.384000,2.770185,7.214022,0.839500,0.287500,1.385320,1.168559,false,false
2026-04-17T14:56:27.835924,-0.962083,-2.530026,-1.695711,187.157,S,3,0.912736,3,2.734166,0.783513,1.691027,0.599965,0.926556,8.753201,4.987122,0.330670,0.465569,-0.184013,0.599965,0.350026,-0.163101,-0.316428,0.499246,0.386161,0.827000,-37.347000,-10.555000,NaN,-0.838857,true,Self-supervised model,0.277652,0.393000,2.831864,7.205760,0.839500,0.287500,1.305932,1.201741,false,false
2026-04-17T14:56:27.843166,-0.962083,-2.530026,-1.694168,187.069,S,3,0.912736,3,2.734166,0.777940,1.676504,0.748682,0.749385,8.923190,4.762067,0.162236,0.626685,-0.376125,0.748682,0.310320,-0.109956,-0.357356,0.485893,0.329224,0.827000,-37.347000,-10.555000,NaN,-0.835445,true,Self-supervised model,0.300522,0.400000,2.920306,7.300766,0.839500,0.287500,1.039079,1.540838,false,false
2026-04-17T14:56:27.855248,-0.962083,-2.530026,-1.692055,186.948,S,3,0.912736,3,2.734166,0.796667,1.663310,0.894987,0.572214,9.095572,4.551377,-0.004332,0.744566,-0.496592,0.894987,0.262672,-0.061087,-0.389121,0.473438,0.269682,0.827000,-37.347000,-10.555000,NaN,-0.831053,true,Self-supervised model,0.326086,0.412000,3.041383,7.381996,0.839500,0.287500,0.890145,1.890399,false,false
2026-04-17T14:56:27.859863,-0.962083,-2.530026,-1.689328,186.791,S,3,0.912736,3,2.734166,0.838209,1.652306,1.056303,0.390255,9.224859,4.412514,-0.165947,0.870237,-0.575261,1.056303,0.215025,-0.041539,-0.403171,0.458811,0.219000,0.827000,-37.347000,-10.555000,NaN,-0.825875,true,Self-supervised model,0.342539,0.416000,3.197579,7.686487,0.839500,0.287500,0.793531,2.302260,false,false
2026-04-17T14:56:27.867407,-0.962083,-2.530026,-1.686005,186.601,S,3,0.912736,3,2.734166,0.900369,1.644229,1.226711,0.208296,9.361329,4.316746,-0.306182,1.031111,-0.589815,1.226711,0.139277,-0.054978,-0.413556,0.439828,0.149736,0.827000,-37.347000,-10.555000,NaN,-0.820164,true,Self-supervised model,0.367004,0.424000,3.387977,7.990512,0.839500,0.287500,0.733970,2.789066,false,false
2026-04-17T14:56:27.874640,-0.962083,-2.530026,-1.682153,186.380,S,3,0.912736,3,2.734166,0.974196,1.639427,1.361784,0.045490,9.531317,4.288015,-0.408864,1.215801,-0.457289,1.361784,0.046426,-0.117897,-0.406225,0.425528,0.126709,0.827000,-37.347000,-10.555000,NaN,-0.814197,true,Self-supervised model,0.381545,0.431000,3.608679,8.372805,0.839500,0.287500,0.715382,3.200222,false,false
2026-04-17T14:56:27.882784,-0.962083,-2.530026,-1.677838,186.133,S,3,0.912736,3,2.734166,1.047970,1.637769,1.435287,-0.079009,9.722853,4.410120,-0.430316,1.346176,-0.250371,1.435287,-0.047647,-0.217468,-0.373239,0.434591,0.222627,0.827000,-37.347000,-10.555000,NaN,-0.808027,true,Self-supervised model,0.389765,0.439000,3.855936,8.783454,0.839500,0.287500,0.730147,3.302611,false,false
2026-04-17T14:56:27.891588,-0.962083,-2.530026,-1.673249,185.870,S,3,0.912736,3,2.734166,1.125510,1.639279,1.532592,-0.119710,9.854534,4.616021,-0.386519,1.480201,0.091904,1.532592,-0.123395,-0.323759,-0.333532,0.480926,0.346476,0.827000,-37.347000,-10.555000,NaN,-0.802343,true,Self-supervised model,0.398688,0.448000,4.118884,9.193937,0.839500,0.287500,0.734383,3.186752,false,false
2026-04-17T14:56:27.898746,-0.962083,-2.530026,-1.668582,185.603,S,3,0.912736,3,2.734166,1.210953,1.644146,1.659533,-0.088585,9.986216,4.963180,-0.257007,1.574253,0.457955,1.659533,-0.187536,-0.431271,-0.279776,0.547210,0.470281,0.827000,-37.347000,-10.555000,NaN,-0.797369,true,Self-supervised model,0.409026,0.455000,4.386236,9.640078,0.839500,0.287500,0.729695,3.032715,false,false
2026-04-17T14:56:27.906798,-0.962083,-2.530026,-1.664019,185.341,S,3,0.912736,3,2.734166,1.297755,1.652290,1.753462,0.035913,10.074800,5.339070,-0.024273,1.552992,0.813792,1.753462,-0.216857,-0.502131,-0.230907,0.593701,0.546958,0.827000,-37.347000,-10.555000,NaN,-0.793216,true,Self-supervised model,0.421577,0.463000,4.647713,10.038256,0.839500,0.287500,0.740110,2.953443,false,false
2026-04-17T14:56:27.914470,-0.962083,-2.530026,-1.659673,185.092,S,3,0.912736,3,2.734166,1.383631,1.663544,1.834481,0.270545,10.046070,5.707777,0.215657,1.476999,1.066435,1.834481,-0.204640,-0.533896,-0.190590,0.602700,0.571771,0.827000,-37.347000,-10.555000,NaN,-0.789741,true,Self-supervised model,0.431719,0.471000,4.896709,10.396410,0.839500,0.287500,0.754236,3.043771,false,false
2026-04-17T14:56:27.922995,-0.962083,-2.530026,-1.655584,184.858,S,3,0.912736,3,2.734166,1.463660,1.677548,1.883813,0.517148,9.962274,5.973533,0.523075,1.364123,1.189248,1.883813,-0.171653,-0.526566,-0.175318,0.580924,0.553838,0.827000,-37.347000,-10.555000,NaN,-0.786681,true,Self-supervised model,0.444350,0.480000,5.130977,10.689535,0.839500,0.287500,0.776967,3.242786,false,false
2026-04-17T14:56:27.930937,-0.962083,-2.530026,-1.651728,184.637,S,3,0.912736,3,2.734166,1.533062,1.693769,1.897421,0.833182,9.842564,6.107608,0.749828,1.328570,1.128212,1.897421,-0.122784,-0.481973,-0.178373,0.528385,0.497367,0.827000,-37.347000,-10.555000,NaN,-0.783756,true,Self-supervised model,0.451471,0.488000,5.351903,10.967015,0.839500,0.287500,0.807971,3.590984,false,false
2026-04-17T14:56:27.938584,-0.962083,-2.530026,-1.648028,184.425,S,3,0.912736,3,2.734166,1.579612,1.711203,1.823998,1.067814,9.801862,6.054936,0.913139,1.314923,0.874142,1.823998,-0.073915,-0.397673,-0.201586,0.451934,0.404484,0.827000,-37.347000,-10.555000,NaN,-0.780678,true,Self-supervised model,0.451502,0.495000,5.563919,11.240241,0.839500,0.287500,0.866016,4.035986,false,false
2026-04-17T14:56:27.946349,-0.962083,-2.530026,-1.644346,184.214,S,3,0.912736,3,2.734166,1.605034,1.728956,1.738504,1.235408,9.785102,5.805939,0.924724,1.369250,0.540773,1.738504,-0.051313,-0.291994,-0.241292,0.382250,0.296468,0.827000,-37.347000,-10.555000,NaN,-0.777067,true,Self-supervised model,0.446834,0.503000,5.774907,11.480928,0.839500,0.287500,0.923227,4.548083,false,false
2026-04-17T14:56:27.955097,-0.962083,-2.530026,-1.640548,183.996,S,3,0.912736,3,2.734166,1.616637,1.746463,1.677551,1.244985,9.837775,5.475539,0.823004,1.452303,0.166303,1.677551,-0.067195,-0.214414,-0.280387,0.359312,0.224696,0.827000,-37.347000,-10.555000,NaN,-0.772810,true,Self-supervised model,0.441136,0.512000,5.992476,11.704055,0.839500,0.287500,0.963689,4.668780,false,false
2026-04-17T14:56:27.962885,-0.962083,-2.530026,-1.636517,183.766,S,3,0.912736,3,2.734166,1.622860,1.763519,1.655533,1.134852,9.919178,5.104438,0.738366,1.479953,-0.073120,1.655533,-0.145997,-0.177762,-0.323759,0.397157,0.230031,0.827000,-37.347000,-10.555000,NaN,-0.767843,true,Self-supervised model,0.432009,0.520000,6.223452,11.968177,0.839500,0.287500,0.980264,4.168457,false,false
2026-04-17T14:56:27.970628,-0.962083,-2.530026,-1.632135,183.514,S,3,0.912736,3,2.734166,1.610780,1.779409,1.547357,1.036689,9.943120,4.872200,0.699229,1.377862,-0.083002,1.547357,-0.279776,-0.229074,-0.370795,0.517918,0.361594,0.827000,-37.347000,-10.555000,NaN,-0.762058,true,Self-supervised model,0.405993,0.527000,6.474528,12.285631,0.839500,0.287500,1.040988,2.987650,false,false
2026-04-17T14:56:27.978696,-0.962083,-2.530026,-1.627302,183.238,S,3,0.912736,3,2.734166,1.574411,1.793209,1.383474,0.981623,9.832987,4.876989,0.671275,1.200610,0.148070,1.383474,-0.448986,-0.351858,-0.420275,0.708537,0.570432,0.827000,-37.347000,-10.555000,NaN,-0.755422,true,Self-supervised model,0.369636,0.535000,6.751431,12.619497,0.839500,0.287500,1.138013,1.952579,false,false
2026-04-17T14:56:27.987727,-0.962083,-2.530026,-1.621962,182.932,S,3,0.912736,3,2.734166,1.541329,1.805134,1.367650,0.938527,9.641450,5.133168,0.669397,0.974287,0.687850,1.367650,-0.575435,-0.483194,-0.453873,0.877840,0.751400,0.827000,-37.347000,-10.555000,NaN,-0.748055,true,Self-supervised model,0.357172,0.544000,7.057368,12.973103,0.839500,0.287500,1.126991,1.557972,false,false
2026-04-17T14:56:27.994592,-0.962083,-2.530026,-1.616150,182.599,S,3,0.912736,3,2.734166,1.565588,1.817552,1.692949,0.924162,9.394848,5.707777,0.615221,0.706961,1.409889,1.692949,-0.661567,-0.619417,-0.464868,1.018554,0.906283,1.140000,-39.434002,-7.407001,NaN,-0.740352,true,Self-supervised model,0.379057,0.551000,7.390389,13.412684,0.839500,0.287500,0.924770,1.662111,false,false
2026-04-17T14:56:28.002798,-0.962083,-2.530026,-1.609981,182.245,S,3,0.912736,3,2.734166,1.660023,1.833251,2.155805,0.861913,9.102755,6.471527,0.687934,0.458022,1.991095,2.155805,-0.660345,-0.706771,-0.455095,1.068968,0.967255,1.140000,-39.434002,-7.407001,NaN,-0.732754,true,Self-supervised model,0.425409,0.559000,7.743868,13.853074,0.839500,0.287500,0.770025,2.016716,false,false
2026-04-17T14:56:28.010356,-0.992073,-3.444082,-1.603594,181.879,S,4,0.914547,4,3.648713,1.826048,1.854963,2.697678,0.931344,8.827422,7.096414,0.771641,0.089757,2.583405,2.697678,-0.570548,-0.736704,-0.435547,1.028571,0.931803,1.140000,-39.434002,-7.407001,NaN,-0.725500,true,Self-supervised model,0.461425,0.000000,0.000000,0.000000,0.748667,0.267592,0.676896,2.622743,false,true
2026-04-17T14:56:28.021543,-0.992073,-3.444082,-1.597152,181.510,S,4,0.914547,4,3.648713,2.020860,1.883599,3.043623,1.015141,8.434772,7.728483,0.894083,-0.235876,2.899762,3.043623,-0.424551,-0.710436,-0.406225,0.921945,0.827625,1.140000,-39.434002,-7.407001,NaN,-0.718833,true,Self-supervised model,0.553205,0.011000,0.369124,33.556754,0.748667,0.267592,0.663965,3.301307,false,false
2026-04-17T14:56:28.026721,-0.992073,-3.444082,-1.590814,181.147,S,4,0.914547,4,3.648713,2.190770,1.917886,3.082797,1.139640,8.090008,8.075643,0.961328,-0.535997,2.879617,3.082797,-0.203418,-0.625526,-0.365297,0.752399,0.657770,1.140000,-39.434002,-7.407001,NaN,-0.712912,true,Self-supervised model,0.547753,0.016000,0.732276,45.767219,0.748667,0.267592,0.710644,4.097291,false,false
2026-04-17T14:56:28.036499,-0.992073,-3.444082,-1.584715,180.797,S,4,0.914547,4,3.648713,2.306875,1.955445,2.916427,1.209072,7.778761,8.073248,0.996897,-0.709274,2.647390,2.916427,0.045815,-0.500299,-0.323148,0.597346,0.502392,1.140000,-39.434002,-7.407001,NaN,-0.707770,true,Self-supervised model,0.595777,0.026000,1.081721,41.604661,0.748667,0.267592,0.790994,4.882308,false,false
2026-04-17T14:56:28.042771,-0.992073,-3.444082,-1.578935,180.466,S,4,0.914547,4,3.648713,2.345689,1.993055,2.549463,1.244985,7.603985,7.843405,1.023080,-0.894330,2.157137,2.549463,0.252287,-0.402560,-0.297491,0.560540,0.475083,1.140000,-39.434002,-7.407001,NaN,-0.703270,true,Self-supervised model,0.559214,0.032000,1.412845,44.151406,0.748667,0.267592,0.920072,4.548229,false,false
2026-04-17T14:56:28.050934,-0.992073,-3.444082,-1.573481,180.154,S,4,0.914547,4,3.648713,2.293557,2.027075,2.019864,1.268927,7.426814,7.340622,0.961242,-0.953880,1.498658,2.019864,0.441656,-0.324369,-0.290772,0.620341,0.547974,1.140000,-39.434002,-7.407001,NaN,-0.699117,true,Self-supervised model,0.483344,0.040000,1.725339,43.133471,0.748667,0.267592,1.135501,3.256052,false,false
2026-04-17T14:56:28.059947,-0.992073,-3.444082,-1.568296,179.857,S,4,0.914547,4,3.648713,2.157745,2.054302,1.444735,1.201889,7.383718,6.655881,0.780859,-0.903720,0.812901,1.444735,0.556498,-0.323759,-0.302378,0.711296,0.643824,1.140000,-39.434002,-7.407001,NaN,-0.695007,true,Self-supervised model,0.365648,0.049000,2.022423,41.273945,0.748667,0.267592,1.493523,2.031130,false,false
2026-04-17T14:56:28.067345,-0.992073,-3.444082,-1.563335,179.572,S,4,0.914547,4,3.648713,1.981501,2.073390,1.056219,1.015141,7.455544,5.935226,0.547974,-0.842928,0.323721,1.056219,0.591318,-0.400728,-0.310930,0.779049,0.714310,1.140000,-39.434002,-7.407001,NaN,-0.690939,true,Self-supervised model,0.300815,0.056000,2.306708,41.191207,0.748667,0.267592,1.876033,1.355780,false,false
2026-04-17T14:56:28.074640,-0.992073,-3.444082,-1.558559,179.299,S,4,0.914547,4,3.648713,1.796832,2.084328,0.827318,0.778116,7.539341,5.408502,0.346367,-0.709131,-0.248229,0.827318,0.562607,-0.510072,-0.313985,0.821758,0.759408,1.140000,-39.434002,-7.407001,NaN,-0.686908,true,Self-supervised model,0.276038,0.064000,2.580330,40.317661,0.748667,0.267592,2.171876,1.006766,false,false
2026-04-17T14:56:28.082703,-0.992073,-3.444082,-1.553937,179.034,S,4,0.914547,4,3.648713,1.663240,2.089484,0.961884,0.577003,7.694964,4.800375,0.196426,-0.614698,-0.713291,0.961884,0.463036,-0.650571,-0.316428,0.858937,0.798527,1.140000,-39.434002,-7.407001,NaN,-0.682900,true,Self-supervised model,0.288223,0.072000,2.845152,39.515999,0.748667,0.267592,1.729149,1.119854,false,false
2026-04-17T14:56:28.090799,-0.992073,-3.444082,-1.549428,178.776,S,4,0.914547,4,3.648713,1.595235,2.091714,1.238206,0.433351,7.807492,4.304775,0.105497,-0.646321,-1.050854,1.238206,0.313985,-0.775799,-0.317650,0.895183,0.836929,1.140000,-39.434002,-7.407001,NaN,-0.678844,true,Self-supervised model,0.322783,0.080000,3.103486,38.793575,0.748667,0.267592,1.288344,1.383188,false,false
2026-04-17T14:56:28.098850,-0.992073,-3.444082,-1.544986,178.521,S,4,0.914547,4,3.648713,1.566389,2.092701,1.414947,0.354342,7.788338,3.945644,0.073192,-0.714946,-1.218839,1.414947,0.135001,-0.857044,-0.313985,0.922679,0.867611,1.140000,-39.434002,-7.407001,NaN,-0.674668,true,Self-supervised model,0.347634,0.088000,3.358009,38.159192,0.748667,0.267592,1.107030,1.533521,false,false
2026-04-17T14:56:28.107327,-0.992073,-3.444082,-1.540562,178.268,S,4,0.914547,4,3.648713,1.561292,2.093445,1.534536,0.337582,7.726089,3.766079,0.085193,-0.847372,-1.276520,1.534536,-0.016493,-0.878424,-0.301157,0.928761,0.878579,1.140000,-39.434002,-7.407001,NaN,-0.670319,true,Self-supervised model,0.363405,0.096000,3.611460,37.619371,0.748667,0.267592,1.017436,1.652240,false,false
2026-04-17T14:56:28.115006,-0.992073,-3.444082,-1.536152,178.015,S,4,0.914547,4,3.648713,1.550746,2.093737,1.495377,0.366313,7.594408,3.706224,0.123383,-0.961878,-1.138297,1.495377,-0.181427,-0.849714,-0.277944,0.912240,0.868866,1.140000,-39.434002,-7.407001,NaN,-0.665963,true,Self-supervised model,0.353918,0.104000,3.864144,37.155232,0.748667,0.267592,1.037027,1.639237,false,false
2026-04-17T14:56:28.123253,-0.992073,-3.444082,-1.531807,177.766,S,4,0.914547,4,3.648713,1.521233,2.092837,1.366290,0.421380,7.474698,3.852271,0.162200,-1.032821,-0.879613,1.366290,-0.312152,-0.782518,-0.247400,0.878055,0.842481,1.140000,-39.434002,-7.407001,NaN,-0.661876,true,Self-supervised model,0.337457,0.112000,4.113128,36.724354,0.748667,0.267592,1.113404,1.556041,false,false
2026-04-17T14:56:28.131208,-0.992073,-3.444082,-1.527590,177.524,S,4,0.914547,4,3.648713,1.471429,2.089980,1.209959,0.476446,7.393295,4.127604,0.209276,-1.039798,-0.582259,1.209959,-0.399506,-0.696386,-0.210138,0.829890,0.802844,1.140000,-39.434002,-7.407001,NaN,-0.658177,true,Self-supervised model,0.313731,0.120000,4.354700,36.289166,0.748667,0.267592,1.216098,1.457976,false,false
2026-04-17T14:56:28.138951,-0.992073,-3.444082,-1.523574,177.294,S,4,0.914547,4,3.648713,1.412168,2.084868,1.101047,0.538695,7.371747,4.448427,0.271259,-1.046779,-0.207310,1.101047,-0.438601,-0.632856,-0.176540,0.789965,0.769986,1.140000,-39.434002,-7.407001,NaN,-0.654958,true,Self-supervised model,0.300206,0.128000,4.584838,35.819047,0.748667,0.267592,1.282568,1.393792,false,false
2026-04-17T14:56:28.146914,-0.992073,-3.444082,-1.519823,177.079,S,4,0.914547,4,3.648713,1.360249,2.077883,1.087675,0.615310,7.347805,4.850653,0.342822,-1.021690,0.147173,1.087675,-0.442266,-0.572992,-0.141110,0.737449,0.723822,1.140000,-39.434002,-7.407001,NaN,-0.652272,true,Self-supervised model,0.300985,0.136000,4.799738,35.292189,0.748667,0.267592,1.250602,1.474916,false,false
2026-04-17T14:56:28.154991,-0.992073,-3.444082,-1.516473,176.888,S,4,0.914547,4,3.648713,1.322667,2.069674,1.125363,0.701501,7.354988,5.233725,0.382161,-0.969016,0.425915,1.125363,-0.409280,-0.533896,-0.119730,0.683294,0.672722,2.727000,-40.120003,-7.576000,NaN,-0.650524,true,Self-supervised model,0.311100,0.144000,4.991677,34.664426,0.748667,0.267592,1.175325,1.646969,false,false
2026-04-17T14:56:28.163464,-0.992073,-3.444082,-1.513503,176.717,S,4,0.914547,4,3.648713,1.303164,2.061014,1.200770,0.758962,7.388506,5.542577,0.382955,-0.948905,0.628311,1.200770,-0.335976,-0.513127,-0.114843,0.623993,0.613334,2.727000,-40.120003,-7.576000,NaN,-0.649073,true,Self-supervised model,0.325834,0.153000,5.161862,33.737660,0.748667,0.267592,1.085273,1.924332,false,false
2026-04-17T14:56:28.170837,-0.992073,-3.444082,-1.510861,176.566,S,4,0.914547,4,3.648713,1.296540,2.052435,1.261765,0.778116,7.390901,5.772420,0.426888,-0.921610,0.748633,1.261765,-0.245568,-0.500910,-0.117897,0.570187,0.557865,2.727000,-40.120003,-7.576000,NaN,-0.647747,true,Self-supervised model,0.337107,0.160000,5.313209,33.207555,0.748667,0.267592,1.027560,2.212896,false,false
2026-04-17T14:56:28.179012,-0.992073,-3.444082,-1.508353,176.422,S,4,0.914547,4,3.648713,1.290952,2.043976,1.261617,0.840365,7.402872,5.916072,0.442690,-0.892723,0.773789,1.261617,-0.114232,-0.488692,-0.135001,0.519706,0.501865,2.727000,-40.120003,-7.576000,NaN,-0.645772,true,Self-supervised model,0.340312,0.168000,5.456911,32.481611,0.748667,0.267592,1.023252,2.427560,false,false
2026-04-17T14:56:28.188692,-0.992073,-3.444082,-1.505933,176.284,S,4,0.914547,4,3.648713,1.272540,2.035118,1.175872,0.869095,7.424419,5.951985,0.455421,-0.845485,0.678544,1.175872,0.036041,-0.469755,-0.157603,0.496798,0.471136,2.727000,-40.120003,-7.576000,NaN,-0.643704,true,Self-supervised model,0.328508,0.178000,5.595570,31.435787,0.748667,0.267592,1.082209,2.366904,false,false
2026-04-17T14:56:28.195055,-0.992073,-3.444082,-1.503543,176.147,S,4,0.914547,4,3.648713,1.229587,2.024897,1.004087,0.893037,7.469909,5.858612,0.393982,-0.821069,0.422863,1.004087,0.188147,-0.451429,-0.185703,0.523138,0.489068,2.727000,-40.120003,-7.576000,NaN,-0.641432,true,Self-supervised model,0.299177,0.184000,5.732532,31.155064,0.748667,0.267592,1.224583,1.919353,false,false
2026-04-17T14:56:28.202658,-0.992073,-3.444082,-1.501129,176.008,S,4,0.914547,4,3.648713,1.162507,2.012401,0.810337,0.840365,7.498640,5.595249,0.306420,-0.747442,0.063904,0.810337,0.304211,-0.437380,-0.211359,0.573165,0.532771,2.727000,-40.120003,-7.576000,NaN,-0.638924,true,Self-supervised model,0.274729,0.192000,5.870845,30.577318,0.748667,0.267592,1.434596,1.413795,false,false
2026-04-17T14:56:28.210645,-0.992073,-3.444082,-1.498631,175.865,S,4,0.914547,4,3.648713,1.100608,1.997930,0.775637,0.758962,7.582437,5.219360,0.161770,-0.654879,-0.382853,0.775637,0.412334,-0.423330,-0.242514,0.638780,0.590955,2.727000,-40.120003,-7.576000,NaN,-0.636094,true,Self-supervised model,0.268321,0.200000,6.013926,30.069628,0.748667,0.267592,1.418974,1.214246,false,false
2026-04-17T14:56:28.219448,-0.992073,-3.444082,-1.495991,175.714,S,4,0.914547,4,3.648713,1.074795,1.983004,0.939278,0.617704,7.690176,4.747702,0.029576,-0.568227,-0.747319,0.939278,0.477697,-0.411112,-0.271835,0.686368,0.630244,2.727000,-40.120003,-7.576000,NaN,-0.632880,true,Self-supervised model,0.286871,0.209000,6.165213,29.498626,0.748667,0.267592,1.144278,1.368474,false,false
2026-04-17T14:56:28.227620,-0.992073,-3.444082,-1.493155,175.551,S,4,0.914547,4,3.648713,1.099457,1.969662,1.228934,0.486023,7.795521,4.352659,-0.143024,-0.462232,-1.129675,1.228934,0.508240,-0.399506,-0.296881,0.711372,0.646462,2.727000,-40.120003,-7.576000,NaN,-0.629260,true,Self-supervised model,0.329466,0.217000,6.327729,29.160043,0.748667,0.267592,0.894643,1.727554,false,false
2026-04-17T14:56:28.235254,-0.992073,-3.444082,-1.490118,175.377,S,4,0.914547,4,3.648713,1.170308,1.959688,1.542275,0.311246,7.922413,3.936068,-0.286070,-0.363272,-1.471329,1.542275,0.509462,-0.405615,-0.318261,0.724820,0.651210,2.727000,-40.120003,-7.576000,NaN,-0.625421,true,Self-supervised model,0.367378,0.224000,6.501734,29.025599,0.748667,0.267592,0.758820,2.127803,false,false
2026-04-17T14:56:28.242638,-0.992073,-3.444082,-1.486817,175.188,S,4,0.914547,4,3.648713,1.275901,1.954337,1.830261,0.165200,8.042124,3.560178,-0.410264,-0.302588,-1.757833,1.830261,0.472810,-0.424551,-0.333532,0.717661,0.635447,2.727000,-40.120003,-7.576000,NaN,-0.621066,true,Self-supervised model,0.397794,0.232000,6.690843,28.839841,0.748667,0.267592,0.697114,2.550315,false,false
2026-04-17T14:56:28.251482,-0.992073,-3.444082,-1.483239,174.983,S,4,0.914547,4,3.648713,1.387507,1.953664,1.973443,0.035913,8.123527,3.239355,-0.419251,-0.220777,-1.915715,1.973443,0.402560,-0.453262,-0.343917,0.696979,0.606219,2.727000,-40.120003,-7.576000,NaN,-0.616376,true,Self-supervised model,0.417579,0.241000,6.895870,28.613568,0.748667,0.267592,0.703090,2.831422,false,false
2026-04-17T14:56:28.260012,-0.992073,-3.444082,-1.479397,174.763,S,4,0.914547,4,3.648713,1.496229,1.957366,2.067019,0.021548,8.224083,3.050213,-0.398187,-0.112315,-2.025191,2.067019,0.318261,-0.494801,-0.346971,0.683013,0.588318,2.727000,-40.120003,-7.576000,NaN,-0.611481,true,Self-supervised model,0.432655,0.249000,7.115992,28.578281,0.748667,0.267592,0.723859,3.026323,false,false
2026-04-17T14:56:28.266906,-0.992073,-3.444082,-1.475293,174.528,S,4,0.914547,4,3.648713,1.585379,1.964487,2.053415,0.038307,8.348581,2.913743,-0.321174,0.008384,-2.028125,2.053415,0.196699,-0.541837,-0.349415,0.674069,0.576436,2.727000,-40.120003,-7.576000,NaN,-0.606329,true,Self-supervised model,0.433270,0.256000,7.351124,28.715329,0.748667,0.267592,0.772069,3.046298,false,false
2026-04-17T14:56:28.274459,-0.992073,-3.444082,-1.470925,174.278,S,4,0.914547,4,3.648713,1.642081,1.973590,1.939766,0.112527,8.480263,2.892196,-0.216517,0.052646,-1.926926,1.939766,0.064752,-0.576657,-0.356134,0.680851,0.580281,2.727000,-40.120003,-7.576000,NaN,-0.600904,true,Self-supervised model,0.428335,0.264000,7.601394,28.793161,0.748667,0.267592,0.846535,2.849034,false,false
2026-04-17T14:56:28.282744,-0.992073,-3.444082,-1.466261,174.011,S,4,0.914547,4,3.648713,1.652212,1.982735,1.705398,0.215478,8.530540,2.983175,-0.101672,0.087426,-1.700118,1.705398,-0.063530,-0.569937,-0.373850,0.684564,0.573467,2.727000,-40.120003,-7.576000,NaN,-0.595055,true,Self-supervised model,0.401242,0.272000,7.868636,28.928808,0.748667,0.267592,0.968813,2.491217,false,false
2026-04-17T14:56:28.291517,-0.992073,-3.444082,-1.461278,173.725,S,4,0.914547,4,3.648713,1.598710,1.989374,1.317828,0.328006,8.566454,3.208230,-0.011047,0.087703,-1.314860,1.317828,-0.148440,-0.539394,-0.390954,0.682514,0.559447,2.727000,-40.120003,-7.576000,NaN,-0.588799,true,Self-supervised model,0.337770,0.281000,8.154121,29.018225,0.748667,0.267592,1.213141,1.930844,false,false
2026-04-17T14:56:28.298718,-0.992073,-3.444082,-1.455959,173.420,S,4,0.914547,4,3.648713,1.494866,1.991594,0.949687,0.414197,8.564059,3.598485,0.075762,0.095538,-0.941827,0.949687,-0.216857,-0.476475,-0.412945,0.666767,0.523503,2.727000,-40.120003,-7.576000,NaN,-0.582135,true,Self-supervised model,0.282814,0.288000,8.458869,29.371071,0.748667,0.267592,1.574062,1.424315,false,false
2026-04-17T14:56:28.307243,-0.992073,-3.444082,-1.450299,173.096,S,4,0.914547,4,3.648713,1.358793,1.988282,0.644409,0.493206,8.566454,3.981557,0.085847,0.078457,-0.633828,0.644409,-0.246790,-0.374460,-0.436158,0.625587,0.448470,2.727000,-40.120003,-7.576000,NaN,-0.575109,true,Self-supervised model,0.257585,0.296000,8.783183,29.672917,0.748667,0.267592,2.108587,1.030087,false,false
2026-04-17T14:56:28.314429,-0.992073,-3.444082,-1.444305,172.753,S,4,0.914547,4,3.648713,1.205548,1.978973,0.401008,0.490811,8.542512,4.302381,0.111304,0.052055,-0.381718,0.401008,-0.246179,-0.254120,-0.455705,0.576930,0.353809,3.228000,-38.856003,-7.967000,NaN,-0.567780,true,Self-supervised model,0.244627,0.304000,9.126613,30.021753,0.748667,0.267592,3.006296,0.695071,false,false
2026-04-17T14:56:28.322815,-0.992073,-3.444082,-1.438008,172.392,S,4,0.914547,4,3.648713,1.041495,1.963474,0.180221,0.497994,8.508993,4.568137,0.130020,0.015349,-0.123850,0.180221,-0.219301,-0.158825,-0.469755,0.542207,0.270773,3.228000,-38.856003,-7.967000,NaN,-0.560271,true,Self-supervised model,0.241266,0.312000,9.487408,30.408360,0.748667,0.267592,5.778977,0.332385,false,false
2026-04-17T14:56:28.331278,-0.992073,-3.444082,-1.431458,172.016,S,4,0.914547,4,3.648713,0.899801,1.942927,0.155903,0.493206,8.465898,4.838682,0.097778,0.068125,0.100520,0.155903,-0.172264,-0.072693,-0.474031,0.509573,0.186974,3.228000,-38.856003,-7.967000,NaN,-0.552710,true,Self-supervised model,0.239764,0.320000,9.862687,30.820896,0.748667,0.267592,5.771534,0.305949,false,false
2026-04-17T14:56:28.338821,-0.992073,-3.444082,-1.424729,171.631,S,4,0.914547,4,3.648713,0.805466,1.919428,0.310212,0.433351,8.513782,5.073313,-0.003709,0.181035,0.251881,0.310212,-0.106291,-0.005498,-0.467923,0.479875,0.106433,3.228000,-38.856003,-7.967000,NaN,-0.545266,true,Self-supervised model,0.233227,0.328000,10.248215,31.244557,0.748667,0.267592,2.596502,0.646444,false,false
2026-04-17T14:56:28.346841,-0.992073,-3.444082,-1.417928,171.241,S,4,0.914547,4,3.648713,0.757347,1.894945,0.504719,0.301669,8.623915,5.231331,-0.166257,0.355945,0.316865,0.504719,-0.032987,0.050091,-0.447764,0.451763,0.059977,3.228000,-38.856003,-7.967000,NaN,-0.538173,true,Self-supervised model,0.229956,0.336000,10.637909,31.660442,0.748667,0.267592,1.500531,1.117220,false,false
2026-04-17T14:56:28.355237,-0.992073,-3.444082,-1.411229,170.857,S,4,0.914547,4,3.648713,0.756734,1.871417,0.753518,0.107739,8.798691,5.298368,-0.313528,0.587359,0.352844,0.753518,0.036652,0.090408,-0.422719,0.433830,0.097555,3.228000,-38.856003,-7.967000,NaN,-0.531886,true,Self-supervised model,0.255744,0.344000,11.021713,32.039864,0.748667,0.267592,1.004268,1.736899,false,false
2026-04-17T14:56:28.362704,-0.992073,-3.444082,-1.404617,170.479,S,4,0.914547,4,3.648713,0.786730,1.850029,0.944209,-0.069432,9.038112,5.322310,-0.427889,0.763859,0.353499,0.944209,0.114843,0.124617,-0.394008,0.428906,0.169464,3.228000,-38.856003,-7.967000,NaN,-0.525621,true,Self-supervised model,0.284072,0.352000,11.400542,32.387903,0.748667,0.267592,0.833216,2.201435,false,false
2026-04-17T14:56:28.370889,-0.992073,-3.444082,-1.398153,170.108,S,4,0.914547,4,3.648713,0.828834,1.831181,1.049877,-0.215478,9.220071,5.315128,-0.538322,0.839821,0.327342,1.049877,0.189979,0.130114,-0.366519,0.432849,0.230265,3.228000,-38.856003,-7.967000,NaN,-0.519748,true,Self-supervised model,0.299664,0.360000,11.770913,32.696979,0.748667,0.267592,0.789458,2.425506,false,false
2026-04-17T14:56:28.378423,-0.992073,-3.444082,-1.391875,169.749,S,4,0.914547,4,3.648713,0.869338,1.814708,1.081986,-0.356736,9.303867,5.276821,-0.607503,0.856074,0.262242,1.081986,0.249844,0.108734,-0.344528,0.439255,0.272479,3.228000,-38.856003,-7.967000,NaN,-0.514216,true,Self-supervised model,0.300405,0.368000,12.130594,32.963571,0.748667,0.267592,0.803465,2.463233,false,false
2026-04-17T14:56:28.386843,-0.992073,-3.444082,-1.385740,169.397,S,4,0.914547,4,3.648713,0.903311,1.800252,1.081668,-0.454898,9.330204,5.195418,-0.672816,0.827456,0.180666,1.081668,0.305433,0.058032,-0.316428,0.443603,0.310897,3.228000,-38.856003,-7.967000,NaN,-0.508651,true,Self-supervised model,0.301034,0.376000,12.482113,33.197108,0.748667,0.267592,0.835109,2.438370,false,false
2026-04-17T14:56:28.394775,-0.992073,-3.444082,-1.379793,169.056,S,4,0.914547,4,3.648713,0.932788,1.787553,1.087544,-0.548272,9.315839,5.090073,-0.656125,0.862146,0.094642,1.087544,0.342695,-0.022602,-0.274278,0.439522,0.343440,3.228000,-38.856003,-7.967000,NaN,-0.503457,true,Self-supervised model,0.299535,0.384000,12.822851,33.392842,0.748667,0.267592,0.857701,2.474379,false,false
2026-04-17T14:56:28.404653,-0.992073,-3.444082,-1.374125,168.732,S,4,0.914547,4,3.648713,0.945624,1.775876,1.013010,-0.555455,9.366117,4.977545,-0.564316,0.841237,0.007571,1.013010,0.352469,-0.122173,-0.218079,0.432110,0.373043,3.228000,-38.856003,-7.967000,NaN,-0.498901,true,Self-supervised model,0.291910,0.394000,13.147648,33.369665,0.748667,0.267592,0.933479,2.344333,false,false
2026-04-17T14:56:28.410443,-0.992073,-3.444082,-1.368979,168.437,S,4,0.914547,4,3.648713,0.958038,1.765162,1.023212,-0.481235,9.361329,4.862624,-0.452319,0.911010,-0.111497,1.023212,0.339641,-0.205251,-0.162490,0.428820,0.396842,3.228000,-38.856003,-7.967000,NaN,-0.495848,true,Self-supervised model,0.285835,0.400000,13.442469,33.606173,0.748667,0.267592,0.936304,2.386109,false,false
2026-04-17T14:56:28.419016,-0.992073,-3.444082,-1.364455,168.177,S,4,0.914547,4,3.648713,0.968117,1.755281,1.021035,-0.375890,9.445126,4.718972,-0.239628,0.967695,-0.220582,1.021035,0.301767,-0.262061,-0.098349,0.411597,0.399674,3.228000,-38.856003,-7.967000,NaN,-0.493809,true,Self-supervised model,0.294869,0.408000,13.701685,33.582562,0.748667,0.267592,0.948173,2.480665,false,false
2026-04-17T14:56:28.427065,-0.992073,-3.444082,-1.360603,167.957,S,4,0.914547,4,3.648713,0.974376,1.746044,1.007231,-0.162806,9.514558,4.587290,0.009121,0.975941,-0.248939,1.007231,0.249844,-0.271224,-0.053145,0.372571,0.368761,3.228000,-38.856003,-7.967000,NaN,-0.492648,true,Self-supervised model,0.295541,0.416000,13.922371,33.467238,0.748667,0.267592,0.967381,2.703462,false,false
2026-04-17T14:56:28.435279,-0.992073,-3.444082,-1.357319,167.769,S,4,0.914547,4,3.648713,0.979758,1.737393,1.008016,0.090980,9.533711,4.539406,0.219794,0.965039,-0.191012,1.008016,0.189368,-0.255342,-0.028711,0.319193,0.317899,3.228000,-38.856003,-7.967000,NaN,-0.491634,true,Self-supervised model,0.299067,0.424000,14.110534,33.279562,0.748667,0.267592,0.971967,3.158016,false,false
2026-04-17T14:56:28.442482,-0.992073,-3.444082,-1.354577,167.612,S,4,0.914547,4,3.648713,0.993507,1.729638,1.065687,0.306458,9.533711,4.577713,0.438442,0.971150,-0.018013,1.065687,0.135001,-0.241903,-0.023213,0.277995,0.277024,3.228000,-38.856003,-7.967000,NaN,-0.491058,true,Self-supervised model,0.310885,0.432000,14.267660,33.026991,0.748667,0.267592,0.932269,3.833480,false,false
2026-04-17T14:56:28.452767,-0.992073,-3.444082,-1.352299,167.481,S,4,0.914547,4,3.648713,1.015635,1.723077,1.131808,0.531513,9.548077,4.735731,0.517668,0.972962,0.257588,1.131808,0.078802,-0.230296,-0.026878,0.244885,0.243405,3.228000,-38.856003,-7.967000,NaN,-0.490640,true,Self-supervised model,0.326587,0.442000,14.398153,32.575008,0.748667,0.267592,0.897357,4.621800,false,false
2026-04-17T14:56:28.459183,-0.992073,-3.444082,-1.350380,167.371,S,4,0.914547,4,3.648713,1.055088,1.718358,1.262214,0.617704,9.555259,5.001487,0.480156,1.020076,0.567522,1.262214,0.051313,-0.215635,-0.037263,0.224767,0.221657,3.228000,-38.856003,-7.967000,NaN,-0.490156,true,Self-supervised model,0.347225,0.448000,14.508097,32.384144,0.748667,0.267592,0.835902,5.615660,false,false
2026-04-17T14:56:28.469598,-0.992073,-3.444082,-1.348749,167.278,S,4,0.914547,4,3.648713,1.112367,1.716118,1.413087,0.586579,9.605537,5.305551,0.390777,1.132440,0.749459,1.413087,0.062919,-0.186925,-0.034819,0.200280,0.197230,3.228000,-38.856003,-7.967000,NaN,-0.489675,true,Self-supervised model,0.375221,0.459000,14.601563,31.811685,0.748667,0.267592,0.787190,7.055557,false,false
2026-04-17T14:56:28.474710,-0.992073,-3.444082,-1.347365,167.198,S,4,0.914547,4,3.648713,1.186289,1.716925,1.574377,0.502782,9.720459,5.482722,0.264527,1.304006,0.841580,1.574377,0.094073,-0.133779,-0.023824,0.165270,0.163544,5.564000,-40.725002,-7.167000,NaN,-0.489282,true,Self-supervised model,0.403220,0.464000,14.680841,31.639744,0.748667,0.267592,0.753497,9.526068,false,false
2026-04-17T14:56:28.482896,-0.992073,-3.444082,-1.346212,167.132,S,4,0.914547,4,3.648713,1.264722,1.720837,1.676496,0.380678,9.895236,5.568913,0.118857,1.452408,0.828868,1.676496,0.146608,-0.054978,-0.014050,0.157206,0.156577,5.564000,-40.725002,-7.167000,NaN,-0.489050,true,Self-supervised model,0.423896,0.472000,14.746916,31.243467,0.748667,0.267592,0.754384,10.664316,false,false
2026-04-17T14:56:28.491956,-0.992073,-3.444082,-1.345290,167.079,S,4,0.914547,4,3.648713,1.342992,1.727723,1.753906,0.237026,10.048465,5.547365,-0.058104,1.625276,0.656727,1.753906,0.196088,0.032376,0.000611,0.198743,0.198743,5.564000,-40.725002,-7.167000,NaN,-0.489051,true,Self-supervised model,0.428525,0.481000,14.799772,30.768757,0.748667,0.267592,0.765715,8.824975,false,false
2026-04-17T14:56:28.498928,-0.992073,-3.444082,-1.344609,167.040,S,4,0.914547,4,3.648713,1.413541,1.737156,1.783925,0.059855,10.228029,5.363012,-0.206740,1.720268,0.424647,1.783925,0.219301,0.110567,0.019548,0.246373,0.245597,5.564000,-40.725002,-7.167000,NaN,-0.489337,true,Self-supervised model,0.428569,0.488000,14.838772,30.407319,0.748667,0.267592,0.792377,7.240738,false,false
2026-04-17T14:56:28.506542,-0.992073,-3.444082,-1.344169,167.015,S,4,0.914547,4,3.648713,1.471431,1.748527,1.775356,-0.090980,10.330980,5.116409,-0.320480,1.743361,0.099352,1.775356,0.207694,0.160658,0.029932,0.264280,0.262579,5.564000,-40.725002,-7.167000,NaN,-0.489861,true,Self-supervised model,0.430110,0.496000,14.863976,29.967693,0.748667,0.267592,0.828809,6.717719,false,false
2026-04-17T14:56:28.514585,-0.992073,-3.444082,-1.343944,167.002,S,4,0.914547,4,3.648713,1.528594,1.761730,1.828698,-0.208296,10.362105,4.776433,-0.479207,1.758429,-0.149747,1.828698,0.150884,0.169821,0.036041,0.230008,0.227167,5.564000,-40.725002,-7.167000,NaN,-0.490496,true,Self-supervised model,0.445612,0.504000,14.876858,29.517575,0.748667,0.267592,0.835892,7.950569,false,false
2026-04-17T14:56:28.522883,-0.992073,-3.444082,-1.343876,166.998,S,4,0.914547,4,3.648713,1.580244,1.776470,1.851406,-0.371101,10.383653,4.515464,-0.531262,1.748065,-0.299554,1.851406,0.038485,0.106901,0.026878,0.116754,0.113618,5.564000,-40.725002,-7.167000,NaN,-0.491053,true,Self-supervised model,0.484785,0.512000,14.880783,29.064030,0.748667,0.267592,0.853537,15.857377,false,false
2026-04-17T14:56:28.530659,-0.992073,-3.444082,-1.343854,166.997,S,4,0.914547,4,3.648713,1.617491,1.792111,1.813041,-0.426168,10.376471,4.359841,-0.585928,1.685585,-0.320325,1.813041,-0.135612,-0.028100,-0.003054,0.138526,0.138493,5.564000,-40.725002,-7.167000,NaN,-0.491218,true,Self-supervised model,0.472216,0.520000,14.882029,28.619287,0.748667,0.267592,0.892143,13.088051,false,false
2026-04-17T14:56:28.539279,-0.992073,-3.444082,-1.343738,166.990,S,4,0.914547,4,3.648713,1.631614,1.807691,1.705758,-0.481235,10.311827,4.343082,-0.565361,1.606349,-0.098085,1.705758,-0.325591,-0.204029,-0.038485,0.386159,0.384236,5.564000,-40.725002,-7.167000,NaN,-0.490724,true,Self-supervised model,0.418196,0.528000,14.888693,28.198282,0.748667,0.267592,0.956533,4.417247,false,false
2026-04-17T14:56:28.546927,-0.992073,-3.444082,-1.343361,166.969,S,4,0.914547,4,3.648713,1.612721,1.821892,1.513533,-0.457293,10.223241,4.582502,-0.496826,1.387233,0.345732,1.513533,-0.567494,-0.433103,-0.092852,0.719895,0.713882,5.564000,-40.725002,-7.167000,NaN,-0.489306,true,Self-supervised model,0.368648,0.536000,14.910268,27.817664,0.748667,0.267592,1.065534,2.102435,false,false
2026-04-17T14:56:28.555371,-0.992073,-3.444082,-1.342581,166.924,S,4,0.914547,4,3.648713,1.597574,1.834920,1.518050,-0.380678,9.986216,5.058948,-0.387235,1.121711,0.946725,1.518050,-0.785573,-0.633467,-0.145386,1.019579,1.009161,5.564000,-40.725002,-7.167000,NaN,-0.486911,true,Self-supervised model,0.350288,0.545000,14.954970,27.440312,0.748667,0.267592,1.052386,1.488898,false,false
2026-04-17T14:56:28.562993,-0.992073,-3.444082,-1.341355,166.854,S,4,0.914547,4,3.648713,1.651965,1.849601,1.937522,-0.258574,9.694122,5.707777,-0.271912,0.731283,1.773493,1.937522,-0.924239,-0.751364,-0.166155,1.202653,1.191120,5.564000,-40.725002,-7.167000,NaN,-0.483901,true,Self-supervised model,0.387135,0.552000,15.025231,27.219621,0.748667,0.267592,0.852618,1.611040,false,false
2026-04-17T14:56:28.570826,-0.992073,-3.444082,-1.339717,166.760,S,4,0.914547,4,3.648713,1.773237,1.868547,2.409916,-0.126893,9.270349,6.593631,-0.033635,0.200688,2.401309,2.409916,-0.965778,-0.764803,-0.177151,1.244602,1.231930,5.564000,-40.725002,-7.167000,NaN,-0.480616,true,Self-supervised model,0.423047,0.560000,15.119082,26.998360,0.748667,0.267592,0.735809,1.936295,false,false
2026-04-17T14:56:28.578754,-0.780878,-4.333655,-1.337701,166.645,S,5,0.914300,5,4.563013,1.966197,1.894453,2.979235,0.129287,8.702923,7.285556,0.157276,-0.313252,2.958543,2.979235,-0.911411,-0.659734,-0.193644,1.141673,1.125131,5.564000,-40.725002,-7.167000,NaN,-0.477088,true,Self-supervised model,0.470694,0.000000,0.000000,0.000000,0.703500,0.244590,0.659967,2.609534,false,true
2026-04-17T14:56:28.589367,-0.780878,-4.333655,-1.335377,166.511,S,5,0.914300,5,4.563013,2.192655,1.928381,3.381560,0.335188,8.152257,7.905654,0.254359,-0.661750,3.306408,3.381560,-0.740980,-0.453873,-0.198531,0.891328,0.868937,5.564000,-40.725002,-7.167000,NaN,-0.473533,true,Self-supervised model,0.613572,0.010000,0.133146,13.314587,0.703500,0.244590,0.648415,3.793844,false,false
2026-04-17T14:56:28.595705,-0.780878,-4.333655,-1.332998,166.375,S,5,0.914300,5,4.563013,2.421109,1.970090,3.620491,0.440533,7.771579,8.307879,0.232358,-0.961182,3.482829,3.620491,-0.562607,-0.274278,-0.196088,0.655901,0.625903,5.564000,-40.725002,-7.167000,NaN,-0.470932,true,Self-supervised model,0.658846,0.016000,0.269462,16.841396,0.703500,0.244590,0.668724,5.519878,false,false
2026-04-17T14:56:28.604260,-0.780878,-4.333655,-1.330324,166.222,S,5,0.914300,5,4.563013,2.583799,2.016638,3.437919,0.418985,7.453150,8.516175,0.109196,-1.089450,3.258905,3.437919,-0.221744,0.022602,-0.177762,0.285097,0.222893,5.564000,-40.725002,-7.167000,NaN,-0.467081,true,Self-supervised model,0.714288,0.025000,0.422648,16.905910,0.703500,0.244590,0.751559,12.058751,false,false
2026-04-17T14:56:28.610678,-0.780878,-4.333655,-1.327703,166.072,S,5,0.914300,5,4.563013,2.651487,2.064032,3.006849,0.284910,7.307104,8.322245,-0.144509,-1.141264,2.778089,3.006849,0.080634,0.222355,-0.142332,0.276047,0.236524,5.564000,-40.725002,-7.167000,NaN,-0.464672,true,Self-supervised model,0.701640,0.031000,0.572805,18.477594,0.703500,0.244590,0.881816,10.892531,false,false
2026-04-17T14:56:28.619399,-0.780878,-4.333655,-1.325264,165.932,S,5,0.914300,5,4.563013,2.620419,2.108288,2.457315,0.014365,7.254431,7.843405,-0.350037,-1.091230,2.173726,2.457315,0.329867,0.312152,-0.102625,0.465600,0.454149,5.564000,-40.725002,-7.167000,NaN,-0.462956,true,Self-supervised model,0.613172,0.040000,0.712585,17.814618,0.703500,0.244590,1.066375,5.277738,false,false
2026-04-17T14:56:28.627542,-0.780878,-4.333655,-1.323083,165.807,S,5,0.914300,5,4.563013,2.485435,2.145374,1.776766,-0.210690,7.314286,7.223307,-0.511777,-0.916814,1.433330,1.776766,0.477697,0.283441,-0.075747,0.560599,0.555458,5.564000,-40.725002,-7.167000,NaN,-0.461810,true,Self-supervised model,0.450556,0.048000,0.837544,17.448841,0.703500,0.244590,1.398853,3.169408,false,false
2026-04-17T14:56:28.636205,-0.780878,-4.333655,-1.321190,165.699,S,5,0.914300,5,4.563013,2.285471,2.172978,1.235665,-0.390255,7.505822,6.454768,-0.667369,-0.697934,0.770957,1.235665,0.562607,0.137445,-0.047037,0.581059,0.579152,6.231000,-40.820004,-6.364000,NaN,-0.461068,true,Self-supervised model,0.343692,0.057000,0.946011,16.596676,0.703500,0.244590,1.849589,2.126572,false,false
2026-04-17T14:56:28.642631,-0.780878,-4.333655,-1.319607,165.608,S,5,0.914300,5,4.563013,2.061046,2.190500,0.882810,-0.557849,7.745243,5.758055,-0.753572,-0.443482,0.121685,0.882810,0.565050,-0.083078,-0.017104,0.571381,0.571125,6.231000,-40.820004,-6.364000,NaN,-0.460730,true,Self-supervised model,0.297500,0.063000,1.036661,16.454930,0.703500,0.244590,2.334642,1.545046,false,false
2026-04-17T14:56:28.652585,-0.780878,-4.333655,-1.318296,165.533,S,5,0.914300,5,4.563013,1.875562,2.199903,0.901776,-0.646434,8.020576,5.073313,-0.791890,-0.306294,-0.303799,0.901776,0.494190,-0.330478,-0.010385,0.594598,0.594508,6.231000,-40.820004,-6.364000,NaN,-0.460504,true,Self-supervised model,0.301381,0.073000,1.111774,15.229787,0.703500,0.244590,2.079854,1.516613,false,false
2026-04-17T14:56:28.659081,-0.780878,-4.333655,-1.317143,165.467,S,5,0.914300,5,4.563013,1.739789,2.203498,1.026975,-0.677559,8.176199,4.616021,-0.717788,-0.263126,-0.685729,1.026975,0.389121,-0.527788,-0.026878,0.656275,0.655725,6.231000,-40.820004,-6.364000,NaN,-0.459980,true,Self-supervised model,0.313910,0.080000,1.177872,14.723395,0.703500,0.244590,1.694090,1.564854,false,false
2026-04-17T14:56:28.666963,-0.780878,-4.333655,-1.315959,165.399,S,5,0.914300,5,4.563013,1.645547,2.203180,1.150780,-0.588974,8.233660,4.209007,-0.513831,-0.434598,-0.933486,1.150780,0.229074,-0.709215,-0.076969,0.749256,0.745292,6.231000,-40.820004,-6.364000,NaN,-0.458677,true,Self-supervised model,0.326597,0.088000,1.245680,14.155456,0.703500,0.244590,1.429941,1.535897,false,false
2026-04-17T14:56:28.674937,-0.780878,-4.333655,-1.314495,165.315,S,5,0.914300,5,4.563013,1.581207,2.200301,1.243419,-0.366313,8.070854,3.945644,-0.261875,-0.692822,-0.998754,1.243419,0.050091,-0.808175,-0.153327,0.824115,0.809726,6.231000,-40.820004,-6.364000,NaN,-0.456087,true,Self-supervised model,0.334490,0.096000,1.329604,13.850043,0.703500,0.244590,1.271661,1.508794,false,false
2026-04-17T14:56:28.682819,-0.780878,-4.333655,-1.312565,165.204,S,5,0.914300,5,4.563013,1.542661,2.195996,1.340298,-0.095768,7.814674,3.876213,-0.068841,-0.995316,-0.894989,1.340298,-0.133169,-0.805731,-0.234572,0.849683,0.816662,6.231000,-40.820004,-6.364000,NaN,-0.452299,true,Self-supervised model,0.345223,0.104000,1.440144,13.847536,0.703500,0.244590,1.150984,1.577410,false,false
2026-04-17T14:56:28.691404,-0.780878,-4.333655,-1.310049,165.060,S,5,0.914300,5,4.563013,1.524929,2.191153,1.431834,0.112527,7.508216,3.986346,0.089455,-1.258790,-0.676457,1.431834,-0.271224,-0.726930,-0.296270,0.830521,0.775880,6.231000,-40.820004,-6.364000,NaN,-0.447436,true,Self-supervised model,0.357776,0.112000,1.584302,14.145550,0.703500,0.244590,1.065018,1.724019,false,false
2026-04-17T14:56:28.699001,-0.780878,-4.333655,-1.306894,164.880,S,5,0.914300,5,4.563013,1.530464,2.186725,1.559522,0.280122,7.235278,4.220978,0.090810,-1.498119,-0.423676,1.559522,-0.401949,-0.562607,-0.348804,0.774438,0.691440,6.231000,-40.820004,-6.364000,NaN,-0.441724,true,Self-supervised model,0.375503,0.120000,1.765085,14.709044,0.703500,0.244590,0.981367,2.013747,false,false
2026-04-17T14:56:28.706771,-0.780878,-4.333655,-1.303113,164.663,S,5,0.914300,5,4.563013,1.561930,2.183734,1.727130,0.282516,6.981492,4.498705,0.120904,-1.719174,-0.113130,1.727130,-0.493579,-0.353080,-0.382402,0.717298,0.606866,6.231000,-40.820004,-6.364000,NaN,-0.435439,true,Self-supervised model,0.400238,0.128000,1.981735,15.482307,0.703500,0.244590,0.904350,2.407826,false,false
2026-04-17T14:56:28.714564,-0.780878,-4.333655,-1.298792,164.415,S,5,0.914300,5,4.563013,1.611438,2.182842,1.871353,0.304064,6.742072,4.841076,0.095401,-1.863777,0.138548,1.871353,-0.529620,-0.149662,-0.392175,0.675794,0.550360,6.231000,-40.820004,-6.364000,NaN,-0.428960,true,Self-supervised model,0.421218,0.135000,2.229300,16.513336,0.703500,0.244590,0.861108,2.769117,false,false
2026-04-17T14:56:28.723092,-0.780878,-4.333655,-1.294076,164.145,S,5,0.914300,5,4.563013,1.657860,2.183842,1.901578,0.260968,6.576872,5.128380,-0.002779,-1.876383,0.308512,1.901578,-0.518625,0.000000,-0.378126,0.641834,0.518625,6.231000,-40.820004,-6.364000,NaN,-0.422662,true,Self-supervised model,0.430316,0.144000,2.499516,17.357749,0.703500,0.244590,0.871834,2.962728,false,false
2026-04-17T14:56:28.730792,-0.780878,-4.333655,-1.289157,163.863,S,5,0.914300,5,4.563013,1.687367,2.185983,1.842275,0.138864,6.543353,5.334281,-0.152365,-1.787100,0.420753,1.842275,-0.474642,0.131947,-0.339030,0.598027,0.492641,6.231000,-40.820004,-6.364000,NaN,-0.416931,true,Self-supervised model,0.423506,0.152000,2.781364,18.298449,0.703500,0.244590,0.915915,3.080586,false,false
2026-04-17T14:56:28.739156,-0.780878,-4.333655,-1.284257,163.583,S,5,0.914300,5,4.563013,1.702094,2.188628,1.779412,-0.038307,6.612785,5.480328,-0.273274,-1.705001,0.429649,1.779412,-0.403171,0.195477,-0.280387,0.528559,0.448060,6.231000,-40.820004,-6.364000,NaN,-0.412110,true,Self-supervised model,0.421051,0.160000,3.062092,19.138073,0.703500,0.244590,0.956549,3.366532,false,false
2026-04-17T14:56:28.746540,-0.780878,-4.333655,-1.279579,163.314,S,5,0.914300,5,4.563013,1.690498,2.190703,1.629618,-0.186748,6.677429,5.518635,-0.392820,-1.537220,0.371886,1.629618,-0.328645,0.188147,-0.218079,0.436996,0.378691,6.231000,-40.820004,-6.364000,NaN,-0.408319,true,Self-supervised model,0.400098,0.167000,3.330108,19.940767,0.703500,0.244590,1.037359,3.729137,false,false
2026-04-17T14:56:28.754920,-0.780878,-4.333655,-1.275297,163.069,S,5,0.914300,5,4.563013,1.652849,2.191189,1.455196,-0.330400,6.830657,5.485116,-0.425579,-1.367629,0.257041,1.455196,-0.243124,0.116675,-0.150273,0.308714,0.269671,6.231000,-40.820004,-6.364000,NaN,-0.405618,true,Self-supervised model,0.379963,0.176000,3.575481,20.315230,0.703500,0.244590,1.135826,4.713731,false,false
2026-04-17T14:56:28.762794,-0.780878,-4.333655,-1.271520,162.853,S,5,0.914300,5,4.563013,1.594773,2.189332,1.289874,-0.380678,6.988675,5.389348,-0.404468,-1.218481,0.124436,1.289874,-0.163712,-0.009774,-0.094684,0.189373,0.164003,6.231000,-40.820004,-6.364000,NaN,-0.403863,true,Self-supervised model,0.361639,0.184000,3.791887,20.608079,0.703500,0.244590,1.236379,6.811280,false,false
2026-04-17T14:56:28.770913,-0.780878,-4.333655,-1.268273,162.667,S,5,0.914300,5,4.563013,1.525181,2.184766,1.159822,-0.368707,7.129933,5.269638,-0.341459,-1.108075,0.027643,1.159822,-0.093462,-0.163101,-0.059254,0.197099,0.187982,6.231000,-40.820004,-6.364000,NaN,-0.402735,true,Self-supervised model,0.338393,0.192000,3.977932,20.718394,0.703500,0.244590,1.315013,5.884453,false,false
2026-04-17T14:56:28.779119,-0.780878,-4.333655,-1.265533,162.510,S,5,0.914300,5,4.563013,1.450805,2.177407,1.060329,-0.306458,7.235278,5.181053,-0.312424,-1.004915,-0.129750,1.060329,-0.039706,-0.286496,-0.037874,0.291703,0.289234,6.231000,-40.820004,-6.364000,NaN,-0.402024,true,Self-supervised model,0.314720,0.200000,4.134921,20.674605,0.703500,0.244590,1.368259,3.634957,false,false
2026-04-17T14:56:28.788318,-0.780878,-4.333655,-1.263249,162.379,S,5,0.914300,5,4.563013,1.382745,2.167621,1.025429,-0.270545,7.335834,5.027823,-0.306440,-0.920797,-0.331257,1.025429,0.023213,-0.428217,-0.020769,0.429348,0.428845,6.231000,-40.820004,-6.364000,NaN,-0.401565,true,Self-supervised model,0.303517,0.209000,4.265777,20.410415,0.703500,0.244590,1.348455,2.388341,false,false
2026-04-17T14:56:28.795094,-0.780878,-4.333655,-1.261370,162.271,S,5,0.914300,5,4.563013,1.324941,2.155914,1.021472,-0.251391,7.419631,4.826711,-0.297511,-0.836082,-0.505826,1.021472,0.049480,-0.469755,-0.012217,0.472512,0.472354,8.216001,-41.089001,-5.984000,NaN,-0.401308,true,Self-supervised model,0.298642,0.216000,4.373396,20.247203,0.703500,0.244590,1.297090,2.161790,false,false
2026-04-17T14:56:28.804161,-0.780878,-4.333655,-1.259854,162.184,S,5,0.914300,5,4.563013,1.281188,2.142925,1.051483,-0.225055,7.505822,4.649539,-0.319287,-0.750124,-0.664068,1.051483,0.071471,-0.482584,0.000000,0.487847,0.487847,8.216001,-41.089001,-5.984000,NaN,-0.401239,true,Self-supervised model,0.302846,0.225000,4.460291,19.823516,0.703500,0.244590,1.218458,2.155352,false,false
2026-04-17T14:56:28.810896,-0.780878,-4.333655,-1.258663,162.116,S,5,0.914300,5,4.563013,1.263174,2.129735,1.168601,-0.227449,7.594408,4.486734,-0.346235,-0.702929,-0.866972,1.168601,0.080023,-0.460592,0.012828,0.467668,0.467492,8.216001,-41.089001,-5.984000,NaN,-0.401352,true,Self-supervised model,0.318618,0.232000,4.528510,19.519438,0.703500,0.244590,1.080928,2.498781,false,false
2026-04-17T14:56:28.820503,-0.780878,-4.333655,-1.257776,162.065,S,5,0.914300,5,4.563013,1.260304,2.116957,1.245237,-0.234632,7.644686,4.278439,-0.327065,-0.650997,-1.009874,1.245237,0.071471,-0.416610,0.022602,0.423300,0.422696,8.216001,-41.089001,-5.984000,NaN,-0.401680,true,Self-supervised model,0.333244,0.241000,4.579329,19.001367,0.703500,0.244590,1.012100,2.941735,false,false
2026-04-17T14:56:28.827075,-0.780878,-4.333655,-1.257157,162.030,S,5,0.914300,5,4.563013,1.265213,2.104888,1.290986,-0.196325,7.699753,4.129998,-0.316003,-0.624475,-1.084812,1.290986,0.043982,-0.370184,0.029322,0.373939,0.372788,8.216001,-41.089001,-5.984000,NaN,-0.402131,true,Self-supervised model,0.342451,0.248000,4.614817,18.608133,0.703500,0.244590,0.980036,3.452394,false,false
2026-04-17T14:56:28.835728,-0.780878,-4.333655,-1.256769,162.008,S,5,0.914300,5,4.563013,1.262481,2.093191,1.248141,-0.167594,7.728483,4.050989,-0.292268,-0.570119,-1.071167,1.248141,0.001222,-0.350637,0.037874,0.352678,0.350639,8.216001,-41.089001,-5.984000,NaN,-0.402670,true,Self-supervised model,0.337788,0.256000,4.637025,18.113377,0.703500,0.244590,1.011490,3.539035,false,false
2026-04-17T14:56:28.842496,-0.780878,-4.333655,-1.256589,161.997,S,5,0.914300,5,4.563013,1.247304,2.081356,1.167623,-0.126893,7.783550,4.062960,-0.218735,-0.454082,-1.053236,1.167623,-0.041539,-0.356745,0.046426,0.362144,0.359156,8.216001,-41.089001,-5.984000,NaN,-0.403318,true,Self-supervised model,0.325461,0.263000,4.647362,17.670580,0.703500,0.244590,1.068242,3.224197,false,false
2026-04-17T14:56:28.850700,-0.780878,-4.333655,-1.256595,161.998,S,5,0.914300,5,4.563013,1.211907,2.068578,1.026070,-0.035913,7.898471,4.082114,-0.129452,-0.326576,-0.964059,1.026070,-0.089186,-0.370184,0.055589,0.384813,0.380776,8.216001,-41.089001,-5.984000,NaN,-0.404069,true,Self-supervised model,0.304547,0.271000,4.647031,17.147717,0.703500,0.244590,1.181115,2.666414,false,false
2026-04-17T14:56:28.859232,-0.780878,-4.333655,-1.256745,162.006,S,5,0.914300,5,4.563013,1.152729,2.053944,0.842049,0.071826,8.022970,4.175488,-0.033284,-0.190537,-0.819532,0.842049,-0.123395,-0.380569,0.061697,0.404803,0.400074,8.216001,-41.089001,-5.984000,NaN,-0.404797,true,Self-supervised model,0.281663,0.280000,4.638420,16.565787,0.703500,0.244590,1.368958,2.080143,false,false
2026-04-17T14:56:28.867335,-0.780878,-4.333655,-1.256976,162.019,S,5,0.914300,5,4.563013,1.077411,2.036883,0.681988,0.186748,8.154651,4.326323,0.030054,-0.084974,-0.676005,0.681988,-0.144775,-0.379958,0.053145,0.410064,0.406606,8.216001,-41.089001,-5.984000,NaN,-0.405351,true,Self-supervised model,0.266926,0.288000,4.625182,16.059660,0.703500,0.244590,1.579810,1.663125,false,false
2026-04-17T14:56:28.874968,-0.780878,-4.333655,-1.257212,162.033,S,5,0.914300,5,4.563013,0.989080,2.016971,0.525346,0.268151,8.255207,4.477157,0.080574,0.037156,-0.517799,0.525346,-0.153327,-0.376904,0.037874,0.408657,0.406898,8.216001,-41.089001,-5.984000,NaN,-0.405609,true,Self-supervised model,0.256546,0.296000,4.611642,15.579872,0.703500,0.244590,1.882722,1.285544,false,false
2026-04-17T14:56:28.882892,-0.780878,-4.333655,-1.257365,162.042,S,5,0.914300,5,4.563013,0.889035,1.993853,0.363794,0.335188,8.372523,4.642357,0.109275,0.082087,-0.337145,0.363794,-0.153327,-0.378126,0.009163,0.408133,0.408030,8.216001,-41.089001,-5.984000,NaN,-0.405426,true,Self-supervised model,0.249326,0.304000,4.602906,15.141139,0.703500,0.244590,2.443785,0.891363,false,false
2026-04-17T14:56:28.891393,-0.780878,-4.333655,-1.257357,162.041,S,5,0.914300,5,4.563013,0.792162,1.967785,0.283579,0.378284,8.413225,4.829105,0.165889,0.169469,-0.155494,0.283579,-0.155771,-0.398284,-0.018937,0.428081,0.427662,8.216001,-41.089001,-5.984000,NaN,-0.404778,true,Self-supervised model,0.245457,0.312000,4.603343,14.754304,0.703500,0.244590,2.793439,0.662443,false,false
2026-04-17T14:56:28.898829,-0.780878,-4.333655,-1.257144,162.029,S,5,0.914300,5,4.563013,0.713492,1.939614,0.300477,0.447716,8.497022,5.015852,0.213131,0.211122,0.016996,0.300477,-0.155160,-0.436769,-0.045204,0.465709,0.463510,8.216001,-41.089001,-5.984000,NaN,-0.403743,true,Self-supervised model,0.241600,0.320000,4.615554,14.423607,0.703500,0.244590,2.374535,0.645203,false,false
2026-04-17T14:56:28.906821,-0.780878,-4.333655,-1.256728,162.005,S,5,0.914300,5,4.563013,0.670967,1.910868,0.447709,0.507571,8.535329,5.193024,0.326411,0.229134,0.203463,0.447709,-0.151495,-0.471588,-0.065363,0.499618,0.495324,8.216001,-41.089001,-5.984000,NaN,-0.402513,true,Self-supervised model,0.233635,0.328000,4.639411,14.144547,0.703500,0.244590,1.498668,0.896102,false,false
2026-04-17T14:56:28.914653,-0.780878,-4.333655,-1.256128,161.971,S,5,0.914300,5,4.563013,0.665523,1.883054,0.636946,0.634463,8.549694,5.384560,0.452750,0.280845,0.349061,0.636946,-0.135612,-0.502131,-0.084299,0.526909,0.520122,8.216001,-41.089001,-5.984000,NaN,-0.401182,true,Self-supervised model,0.246600,0.335000,4.673756,13.951510,0.703500,0.244590,1.044867,1.208835,false,false
2026-04-17T14:56:28.922924,-0.780878,-4.333655,-1.255349,161.926,S,5,0.914300,5,4.563013,0.684024,1.857093,0.781152,0.775721,8.597578,5.535394,0.528671,0.315539,0.480771,0.781152,-0.108123,-0.509462,-0.108123,0.531914,0.520809,8.216001,-41.089001,-5.984000,NaN,-0.399684,true,Self-supervised model,0.272301,0.344000,4.718389,13.716248,0.703500,0.244590,0.875660,1.468569,false,false
2026-04-17T14:56:28.931267,-0.780878,-4.333655,-1.254374,161.870,S,5,0.914300,5,4.563013,0.725388,1.833825,0.942551,0.866701,8.628703,5.671864,0.603619,0.347000,0.635324,0.942551,-0.072082,-0.488692,-0.139888,0.513405,0.493980,8.216001,-41.089001,-5.984000,NaN,-0.397926,true,Self-supervised model,0.299001,0.352000,4.774242,13.563188,0.703500,0.244590,0.769601,1.835881,false,false
2026-04-17T14:56:28.938833,-0.780878,-4.333655,-1.253194,161.803,S,5,0.914300,5,4.563013,0.774993,1.813471,1.035415,0.955287,8.657434,5.829881,0.594419,0.410573,0.741742,1.035415,-0.027489,-0.458760,-0.168599,0.489532,0.459583,8.216001,-41.089001,-5.984000,NaN,-0.395925,true,Self-supervised model,0.310986,0.360000,4.841857,13.449604,0.703500,0.244590,0.748485,2.115111,false,false
2026-04-17T14:56:28.947274,-0.780878,-4.333655,-1.251780,161.722,S,5,0.914300,5,4.563013,0.824724,1.795921,1.085813,0.957681,8.719683,5.937620,0.504528,0.470021,0.838762,1.085813,0.029932,-0.414167,-0.206472,0.463747,0.415247,8.216001,-41.089001,-5.984000,NaN,-0.393574,true,Self-supervised model,0.317083,0.368000,4.922889,13.377415,0.703500,0.244590,0.759545,2.341393,false,false
2026-04-17T14:56:28.955096,-0.780878,-4.333655,-1.250100,161.625,S,5,0.914300,5,4.563013,0.860013,1.780485,1.045281,0.876278,8.779537,6.033388,0.415784,0.474940,0.833167,1.045281,0.089797,-0.378736,-0.244957,0.459901,0.389236,8.741000,-40.768002,-2.722000,NaN,-0.390829,true,Self-supervised model,0.308345,0.376000,5.019171,13.348859,0.703500,0.244590,0.822758,2.272840,false,false
2026-04-17T14:56:28.962773,-0.780878,-4.333655,-1.248127,161.512,S,5,0.914300,5,4.563013,0.877461,1.766364,0.969065,0.792481,8.786720,6.023811,0.315273,0.461494,0.791652,0.969065,0.129503,-0.372628,-0.270613,0.478387,0.394490,8.741000,-40.768002,-2.722000,NaN,-0.387690,true,Self-supervised model,0.293598,0.384000,5.132162,13.365005,0.703500,0.244590,0.905472,2.025692,false,false
2026-04-17T14:56:28.970886,-0.780878,-4.333655,-1.245854,161.382,S,5,0.914300,5,4.563013,0.881393,1.752965,0.902035,0.694318,8.777143,5.975927,0.263570,0.391963,0.768481,0.902035,0.160658,-0.405004,-0.293215,0.525180,0.435705,8.741000,-40.768002,-2.722000,NaN,-0.384213,true,Self-supervised model,0.280958,0.392000,5.262402,13.424494,0.703500,0.244590,0.977116,1.717573,false,false
2026-04-17T14:56:28.978566,-0.780878,-4.333655,-1.243307,161.236,S,5,0.914300,5,4.563013,0.872854,1.739761,0.828023,0.644040,8.712500,5.944803,0.246392,0.322190,0.721877,0.828023,0.172875,-0.463647,-0.298713,0.578000,0.494827,8.741000,-40.768002,-2.722000,NaN,-0.380569,true,Self-supervised model,0.266872,0.399000,5.408351,13.554764,0.703500,0.244590,1.054142,1.432567,false,false
2026-04-17T14:56:28.986893,-0.780878,-4.333655,-1.240550,161.078,S,5,0.914300,5,4.563013,0.858178,1.726498,0.781131,0.629675,8.647857,5.889736,0.257816,0.290936,0.677534,0.781131,0.174097,-0.516792,-0.291994,0.618582,0.545329,8.741000,-40.768002,-2.722000,NaN,-0.376973,true,Self-supervised model,0.259302,0.408000,5.566322,13.642947,0.703500,0.244590,1.098636,1.262776,false,false
2026-04-17T14:56:28.995049,-0.780878,-4.333655,-1.237659,160.913,S,5,0.914300,5,4.563013,0.841493,1.713097,0.753894,0.646434,8.621520,5.837064,0.332094,0.274172,0.618789,0.753894,0.179594,-0.523512,-0.278555,0.619606,0.553460,8.741000,-40.768002,-2.722000,NaN,-0.373545,true,Self-supervised model,0.254948,0.416000,5.731977,13.778790,0.703500,0.244590,1.116195,1.216732,false,false
2026-04-17T14:56:29.003676,-0.780878,-4.333655,-1.234685,160.742,S,5,0.914300,5,4.563013,0.822638,1.699479,0.723649,0.727837,8.609550,5.770026,0.385287,0.312137,0.527061,0.723649,0.188147,-0.477086,-0.276111,0.582449,0.512845,8.741000,-40.768002,-2.722000,NaN,-0.370243,true,Self-supervised model,0.251185,0.424000,5.902338,13.920609,0.703500,0.244590,1.136790,1.242425,false,false
2026-04-17T14:56:29.010425,-0.780878,-4.333655,-1.231650,160.568,S,5,0.914300,5,4.563013,0.805354,1.685714,0.714615,0.787692,8.652645,5.669470,0.448835,0.356548,0.426726,0.714615,0.205862,-0.386067,-0.286496,0.522978,0.437523,8.741000,-40.768002,-2.722000,NaN,-0.366958,true,Self-supervised model,0.249042,0.431000,6.076274,14.098085,0.703500,0.244590,1.126976,1.366434,false,false
2026-04-17T14:56:29.019146,-0.780878,-4.333655,-1.228523,160.389,S,5,0.914300,5,4.563013,0.784981,1.671685,0.678024,0.854730,8.702923,5.559336,0.445292,0.409560,0.306092,0.678024,0.219301,-0.293215,-0.313374,0.481945,0.366153,8.741000,-40.768002,-2.722000,NaN,-0.363468,true,Self-supervised model,0.246717,0.440000,6.255418,14.216859,0.703500,0.244590,1.157749,1.406849,false,false
2026-04-17T14:56:29.027615,-0.780878,-4.333655,-1.225102,160.193,S,5,0.914300,5,4.563013,0.762013,1.657298,0.641426,0.849942,8.762778,5.427655,0.297950,0.541174,0.172581,0.641426,0.222966,-0.230296,-0.340252,0.467463,0.320547,8.741000,-40.768002,-2.722000,NaN,-0.358867,true,Self-supervised model,0.242141,0.448000,6.451450,14.400558,0.703500,0.244590,1.187997,1.372144,false,false
2026-04-17T14:56:29.035665,-0.780878,-4.333655,-1.221380,159.980,S,5,0.914300,5,4.563013,0.757447,1.643304,0.733478,0.691924,8.904037,5.279215,0.158971,0.715766,0.019923,0.733478,0.217468,-0.187536,-0.352469,0.454639,0.287162,8.741000,-40.768002,-2.722000,NaN,-0.353944,true,Self-supervised model,0.254064,0.456000,6.664692,14.615553,0.703500,0.244590,1.032679,1.613319,false,false
2026-04-17T14:56:29.042552,-0.780878,-4.333655,-1.217463,159.755,S,5,0.914300,5,4.563013,0.781521,1.630832,0.907912,0.538695,9.088389,5.111620,0.044947,0.903870,-0.072824,0.907912,0.180816,-0.194255,-0.360410,0.447577,0.265386,8.741000,-40.768002,-2.722000,NaN,-0.349247,true,Self-supervised model,0.282424,0.463000,6.889106,14.879279,0.703500,0.244590,0.860790,2.028504,false,false
2026-04-17T14:56:29.055185,-0.780878,-4.333655,-1.213339,159.519,S,5,0.914300,5,4.563013,0.831569,1.620862,1.094318,0.411803,9.284714,5.006276,-0.037923,1.090808,-0.078947,1.094318,0.128893,-0.238237,-0.350637,0.443076,0.270870,8.741000,-40.768002,-2.722000,NaN,-0.344294,true,Self-supervised model,0.316151,0.476000,7.125394,14.969316,0.703500,0.244590,0.759897,2.469820,false,false
2026-04-17T14:56:29.060448,-0.780878,-4.333655,-1.209049,159.273,S,5,0.914300,5,4.563013,0.912192,1.614515,1.335465,0.316035,9.478644,4.989516,-0.039392,1.334863,0.007527,1.335465,0.070860,-0.298102,-0.335976,0.454715,0.306408,8.741000,-40.768002,-2.722000,NaN,-0.339338,true,Self-supervised model,0.339067,0.481000,7.371218,15.324778,0.703500,0.244590,0.683052,2.936926,false,false
2026-04-17T14:56:29.066822,-0.780878,-4.333655,-1.204662,159.022,S,5,0.914300,5,4.563013,1.009089,1.612298,1.517796,0.304064,9.727641,5.068525,0.022505,1.507389,0.176000,1.517796,0.000000,-0.367741,-0.311541,0.481966,0.367741,8.741000,-40.768002,-2.722000,NaN,-0.334567,true,Self-supervised model,0.361227,0.488000,7.622546,15.619972,0.703500,0.244590,0.664838,3.149175,false,false
2026-04-17T14:56:29.074669,-0.780878,-4.333655,-1.200233,158.768,S,5,0.914300,5,4.563013,1.109443,1.614184,1.636300,0.359130,9.902418,5.233725,0.157518,1.586953,0.366397,1.636300,-0.067806,-0.424551,-0.297491,0.522822,0.429932,8.741000,-40.768002,-2.722000,NaN,-0.329969,true,Self-supervised model,0.376460,0.495000,7.876301,15.911720,0.703500,0.244590,0.678019,3.129748,false,false
2026-04-17T14:56:29.082451,-0.780878,-4.333655,-1.195766,158.512,S,5,0.914300,5,4.563013,1.201902,1.619693,1.687313,0.490811,9.981427,5.425261,0.281087,1.573574,0.540260,1.687313,-0.127060,-0.458149,-0.293826,0.558908,0.475442,8.741000,-40.768002,-2.722000,NaN,-0.325349,true,Self-supervised model,0.383879,0.503000,8.132248,16.167490,0.703500,0.244590,0.712317,3.018945,false,false
2026-04-17T14:56:29.090577,-0.780878,-4.333655,-1.191238,158.253,S,5,0.914300,5,4.563013,1.274475,1.627884,1.655482,0.612916,9.964667,5.604826,0.445533,1.480763,0.591152,1.655482,-0.165544,-0.452040,-0.306654,0.570773,0.481399,8.741000,-40.768002,-2.722000,NaN,-0.320577,true,Self-supervised model,0.385100,0.511000,8.391692,16.422098,0.703500,0.244590,0.769851,2.900419,false,false
2026-04-17T14:56:29.099136,-0.780878,-4.333655,-1.186578,157.986,S,5,0.914300,5,4.563013,1.317218,1.637457,1.541621,0.775721,9.866506,5.664681,0.596086,1.322320,0.522250,1.541621,-0.200364,-0.408058,-0.337198,0.566003,0.454595,8.741000,-40.768002,-2.722000,NaN,-0.315390,true,Self-supervised model,0.372537,0.520000,8.658684,16.651315,0.703500,0.244590,0.854437,2.723698,false,false
2026-04-17T14:56:29.107265,-0.780878,-4.333655,-1.181683,157.705,S,5,0.914300,5,4.563013,1.328016,1.647080,1.384703,0.921768,9.701305,5.607220,0.701001,1.119732,0.414972,1.384703,-0.238237,-0.358578,-0.387899,0.579484,0.430506,8.741000,-40.768002,-2.722000,NaN,-0.309556,true,Self-supervised model,0.348203,0.528000,8.939123,16.930158,0.703500,0.244590,0.959062,2.389547,false,false
2026-04-17T14:56:29.114851,-0.780878,-4.333655,-1.176412,157.403,SE,5,0.914300,5,4.563013,1.308087,1.655520,1.203458,1.017536,9.490616,5.513846,0.796809,0.861942,0.265450,1.203458,-0.313374,-0.337198,-0.456927,0.648605,0.460332,9.358001,-41.235001,-2.014000,NaN,-0.302778,true,Self-supervised model,0.312555,0.536000,9.241149,17.240950,0.703500,0.244590,1.086939,1.855458,false,false
2026-04-17T14:56:29.123164,-0.780878,-4.333655,-1.170622,157.072,SE,5,0.914300,5,4.563013,1.263296,1.661831,1.028144,1.098939,9.222465,5.382165,0.787227,0.646132,0.140944,1.028144,-0.408058,-0.344528,-0.518625,0.744434,0.534051,9.358001,-41.235001,-2.014000,NaN,-0.294912,true,Self-supervised model,0.282496,0.544000,9.572906,17.597253,0.703500,0.244590,1.228715,1.381107,false,false
2026-04-17T14:56:29.131419,-0.780878,-4.333655,-1.164190,156.703,SE,5,0.914300,5,4.563013,1.194834,1.665151,0.835408,1.070208,8.992621,5.281609,0.659169,0.478633,0.185241,0.835408,-0.551000,-0.378736,-0.592539,0.893390,0.668613,9.358001,-41.235001,-2.014000,NaN,-0.285915,true,Self-supervised model,0.252153,0.552000,9.941410,18.009801,0.703500,0.244590,1.430239,0.935099,false,false
2026-04-17T14:56:29.138873,-0.780878,-4.333655,-1.157085,156.296,SE,5,0.914300,5,4.563013,1.123226,1.665474,0.747283,0.919373,8.805874,5.358223,0.465540,0.441889,0.382673,0.747283,-0.707382,-0.427606,-0.638354,1.044381,0.826581,9.358001,-41.235001,-2.014000,NaN,-0.276117,true,Self-supervised model,0.232202,0.560000,10.348496,18.479457,0.703500,0.244590,1.503080,0.715527,false,false
2026-04-17T14:56:29.146654,-0.780878,-4.333655,-1.149386,155.855,SE,5,0.914300,5,4.563013,1.101608,1.664919,0.988118,0.701501,8.743625,5.597643,0.182250,0.372972,0.896691,0.988118,-0.828333,-0.476475,-0.643852,1.152263,0.955596,9.358001,-41.235001,-2.014000,NaN,-0.266042,true,Self-supervised model,0.241562,0.567000,10.789611,19.029297,0.703500,0.244590,1.114855,0.857546,false,false
2026-04-17T14:56:29.154996,-0.780878,-4.333655,-1.141305,155.392,SE,5,0.914300,5,4.563013,1.181048,1.667565,1.598107,0.395043,8.643068,6.162675,0.057205,0.261681,1.575499,1.598107,-0.930348,-0.538783,-0.601702,1.232023,1.075097,9.358001,-41.235001,-2.014000,NaN,-0.256429,true,Self-supervised model,0.315208,0.576000,11.252665,19.535877,0.703500,0.244590,0.739029,1.297141,false,false
2026-04-17T14:56:29.163130,-0.780878,-4.333655,-1.133115,154.923,SE,5,0.914300,5,4.563013,1.360591,1.677286,2.303189,0.251391,8.494628,6.900089,0.140761,0.002511,2.298882,2.303189,-0.959669,-0.598648,-0.532064,1.249974,1.131081,9.358001,-41.235001,-2.014000,NaN,-0.247806,true,Self-supervised model,0.368047,0.584000,11.721916,20.071774,0.703500,0.244590,0.590742,1.842589,false,false
2026-04-17T14:56:29.170805,-0.780878,-4.333655,-1.125077,154.462,SE,5,0.914300,5,4.563013,1.587717,1.695703,2.780133,0.323217,8.195353,7.685388,0.319621,-0.182621,2.755654,2.780133,-0.905302,-0.648739,-0.445932,1.199704,1.113748,9.358001,-41.235001,-2.014000,NaN,-0.240380,true,Self-supervised model,0.399548,0.592000,12.182408,20.578393,0.703500,0.244590,0.571094,2.317349,false,false
2026-04-17T14:56:29.178379,-0.780878,-4.333655,-1.117428,154.024,SE,5,0.914300,5,4.563013,1.857131,1.724160,3.271552,0.497994,7.970297,8.202535,0.574966,-0.385762,3.197445,3.271552,-0.796568,-0.675006,-0.369573,1.107582,1.044105,9.358001,-41.235001,-2.014000,NaN,-0.234280,true,Self-supervised model,0.446754,0.599000,12.620703,21.069621,0.703500,0.244590,0.567660,2.953778,false,false
2026-04-17T14:56:29.189260,-0.373304,-5.155384,-1.110356,153.619,SE,6,0.917254,6,5.480267,2.127679,1.762301,3.548058,0.756568,7.730877,8.698134,0.878729,-0.574199,3.389225,3.548058,-0.603535,-0.682947,-0.281609,0.953926,0.911412,9.358001,-41.235001,-2.014000,NaN,-0.229523,true,Self-supervised model,0.511521,0.000000,0.000000,0.000000,0.684800,0.221942,0.599674,3.719427,false,true
2026-04-17T14:56:29.195202,-0.373304,-5.155384,-1.104012,153.255,SE,6,0.917254,6,5.480267,2.367595,1.808513,3.627154,1.070208,7.513005,8.932767,1.146115,-0.736733,3.361531,3.627154,-0.353691,-0.661567,-0.202196,0.776950,0.750179,9.358001,-41.235001,-2.014000,NaN,-0.226087,true,Self-supervised model,0.557877,0.005000,0.363489,72.697899,0.684800,0.221942,0.652742,4.668451,false,false
2026-04-17T14:56:29.205282,-0.373304,-5.155384,-1.098458,152.937,SE,6,0.917254,6,5.480267,2.551654,1.860238,3.517961,1.352724,7.331046,8.932767,1.288336,-0.850567,3.161135,3.517961,-0.084299,-0.632246,-0.142942,0.653662,0.637841,9.358001,-41.235001,-2.014000,NaN,-0.223692,true,Self-supervised model,0.656483,0.016000,0.681726,42.607885,0.684800,0.221942,0.725322,5.381931,false,false
2026-04-17T14:56:29.210609,-0.373304,-5.155384,-1.093673,152.663,SE,6,0.917254,6,5.480267,2.653084,1.913952,3.185590,1.513135,7.208941,8.743625,1.419520,-0.934732,2.694294,3.185590,0.138666,-0.615141,-0.116675,0.641280,0.630577,9.358001,-41.235001,-2.014000,NaN,-0.221984,true,Self-supervised model,0.636350,0.021000,0.955893,45.518724,0.684800,0.221942,0.832839,4.967547,false,false
2026-04-17T14:56:29.219702,-0.373304,-5.155384,-1.089554,152.427,SE,6,0.917254,6,5.480267,2.652507,1.965494,2.649479,1.663970,7.127539,8.271967,1.389861,-0.897153,2.069575,2.649479,0.352469,-0.626748,-0.120951,0.729162,0.719060,9.358001,-41.235001,-2.014000,NaN,-0.220529,true,Self-supervised model,0.607990,0.030000,1.191903,39.730092,0.684800,0.221942,1.001143,3.633596,false,false
2026-04-17T14:56:29.227020,-0.373304,-5.155384,-1.085928,152.219,SE,6,0.917254,6,5.480267,2.543310,2.010607,1.970025,1.654393,7.177817,7.627927,1.178373,-0.689879,1.420037,1.970025,0.499688,-0.668897,-0.150884,0.848456,0.834932,9.358001,-41.235001,-2.014000,NaN,-0.218876,true,Self-supervised model,0.458010,0.037000,1.399649,37.828341,0.684800,0.221942,1.291004,2.321895,false,false
2026-04-17T14:56:29.236980,-0.373304,-5.155384,-1.082623,152.030,SE,6,0.917254,6,5.480267,2.373716,2.047131,1.483351,1.462857,7.405266,6.947973,1.000227,-0.520396,0.963880,1.483351,0.568105,-0.737314,-0.185092,0.949018,0.930793,9.358001,-41.235001,-2.014000,NaN,-0.216856,true,Self-supervised model,0.360040,0.047000,1.588993,33.808354,0.684800,0.221942,1.600239,1.563038,false,false
2026-04-17T14:56:29.242915,-0.373304,-5.155384,-1.079502,151.851,SE,6,0.917254,6,5.480267,2.172654,2.074152,1.117075,1.304840,7.599196,6.454768,0.880878,-0.439752,0.527759,1.117075,0.573602,-0.797790,-0.221133,1.007169,0.982593,9.358001,-41.235001,-2.014000,NaN,-0.214466,true,Self-supervised model,0.298882,0.053000,1.767853,33.355708,0.684800,0.221942,1.944949,1.109124,false,false
2026-04-17T14:56:29.252232,-0.373304,-5.155384,-1.076421,151.674,SE,6,0.917254,6,5.480267,1.979291,2.092358,0.964135,1.206678,7.704541,5.980716,0.818997,-0.450842,0.235671,0.964135,0.540616,-0.843605,-0.271224,1.038026,1.001965,9.358001,-41.235001,-2.014000,NaN,-0.211548,true,Self-supervised model,0.286485,0.062000,1.944384,31.361036,0.684800,0.221942,2.052920,0.928816,false,false
2026-04-17T14:56:29.258711,-0.373304,-5.155384,-1.073542,151.509,SE,6,0.917254,6,5.480267,1.820855,2.103498,0.989068,1.165976,7.716512,5.652710,0.810557,-0.566247,-0.024848,0.989068,0.489914,-0.846659,-0.320093,1.029227,0.978186,9.358001,-41.235001,-2.014000,NaN,-0.209478,true,Self-supervised model,0.283946,0.069000,2.109321,30.569876,0.684800,0.221942,1.840980,0.960982,false,false
2026-04-17T14:56:29.270390,-0.373304,-5.155384,-1.070828,151.354,SE,6,0.917254,6,5.480267,1.702012,2.109438,1.078084,1.187524,7.611167,5.374983,0.772682,-0.707118,-0.255367,1.078084,0.434936,-0.805120,-0.357967,0.982613,0.915089,9.358001,-41.235001,-2.014000,NaN,-0.207424,true,Self-supervised model,0.298519,0.081000,2.264810,27.960623,0.684800,0.221942,1.578738,1.097160,false,false
2026-04-17T14:56:29.274887,-0.373304,-5.155384,-1.068299,151.209,SE,6,0.917254,6,5.480267,1.621280,2.111912,1.197436,1.180341,7.474698,5.135562,0.719620,-0.829030,-0.478236,1.197436,0.393397,-0.753808,-0.380569,0.931569,0.850287,13.016001,-41.433002,-3.304000,NaN,-0.205635,true,Self-supervised model,0.303543,0.085000,2.409707,28.349495,0.684800,0.221942,1.353959,1.285397,false,false
2026-04-17T14:56:29.282488,-0.373304,-5.155384,-1.065979,151.076,SE,6,0.917254,6,5.480267,1.565039,2.112037,1.269774,1.158794,7.352593,4.910508,0.639356,-0.890340,-0.640970,1.269774,0.353691,-0.709215,-0.398284,0.886968,0.792517,13.016001,-41.433002,-3.304000,NaN,-0.204151,true,Self-supervised model,0.322745,0.093000,2.542628,27.340090,0.684800,0.221942,1.232534,1.431588,false,false
2026-04-17T14:56:29.290734,-0.373304,-5.155384,-1.063721,150.947,SE,6,0.917254,6,5.480267,1.521767,2.110426,1.294592,1.110910,7.287950,4.750096,0.515292,-0.923440,-0.746794,1.294592,0.326813,-0.723875,-0.398895,0.888774,0.794231,13.016001,-41.433002,-3.304000,NaN,-0.202142,true,Self-supervised model,0.326602,0.101000,2.671986,26.455307,0.684800,0.221942,1.175480,1.456604,false,false
2026-04-17T14:56:29.298581,-0.373304,-5.155384,-1.061419,150.815,SE,6,0.917254,6,5.480267,1.490668,2.107636,1.327398,1.015141,7.254431,4.642357,0.477100,-0.914424,-0.835577,1.327398,0.292604,-0.784351,-0.378126,0.918587,0.837152,13.016001,-41.433002,-3.304000,NaN,-0.199658,true,Self-supervised model,0.328375,0.109000,2.803935,25.724176,0.684800,0.221942,1.123000,1.445043,false,false
2026-04-17T14:56:29.306874,-0.373304,-5.155384,-1.059047,150.679,SE,6,0.917254,6,5.480267,1.449502,2.103310,1.233378,1.003170,7.266402,4.546589,0.433950,-0.824766,-0.807879,1.233378,0.225409,-0.904691,-0.343917,0.993758,0.932350,13.016001,-41.433002,-3.304000,NaN,-0.197011,true,Self-supervised model,0.311432,0.117000,2.939825,25.126711,0.684800,0.221942,1.175229,1.241125,false,false
2026-04-17T14:56:29.314541,-0.373304,-5.155384,-1.056358,150.525,SE,6,0.917254,6,5.480267,1.398344,2.097112,1.129765,0.988805,7.359776,4.565742,0.425721,-0.743834,-0.736099,1.129765,0.142332,-1.067182,-0.298713,1.117302,1.076631,13.016001,-41.433002,-3.304000,NaN,-0.193053,true,Self-supervised model,0.289104,0.125000,3.093898,24.751182,0.684800,0.221942,1.237730,1.011154,false,false
2026-04-17T14:56:29.323609,-0.373304,-5.155384,-1.053530,150.363,SE,6,0.917254,6,5.480267,1.333580,2.088570,0.993571,1.005565,7.448361,4.623203,0.427236,-0.652068,-0.616003,0.993571,0.050091,-1.213178,-0.243124,1.238314,1.214212,13.016001,-41.433002,-3.304000,NaN,-0.189670,true,Self-supervised model,0.268765,0.134000,3.255925,24.297944,0.684800,0.221942,1.342209,0.802358,false,false
2026-04-17T14:56:29.331832,-0.373304,-5.155384,-1.050703,150.201,SE,6,0.917254,6,5.480267,1.265167,2.077634,0.905999,1.041478,7.544129,4.733337,0.457483,-0.643089,-0.444949,0.905999,-0.017104,-1.279152,-0.197309,1.294393,1.279266,13.016001,-41.433002,-3.304000,NaN,-0.186849,true,Self-supervised model,0.255161,0.142000,3.417872,24.069522,0.684800,0.221942,1.396433,0.699941,false,false
2026-04-17T14:56:29.338775,-0.373304,-5.155384,-1.047975,150.045,SE,6,0.917254,6,5.480267,1.201546,2.064591,0.867534,1.113304,7.553706,4.898537,0.555637,-0.628911,-0.219897,0.867534,-0.070860,-1.277319,-0.158214,1.289030,1.279283,13.016001,-41.433002,-3.304000,NaN,-0.184512,true,Self-supervised model,0.247268,0.149000,3.574205,23.987954,0.684800,0.221942,1.385013,0.673013,false,false
2026-04-17T14:56:29.346848,-0.373304,-5.155384,-1.045391,149.896,SE,6,0.917254,6,5.480267,1.158908,2.050363,0.935057,1.256956,7.565677,5.121197,0.661875,-0.651845,-0.106544,0.935057,-0.084910,-1.186300,-0.140499,1.197605,1.189335,13.016001,-41.433002,-3.304000,NaN,-0.182505,true,Self-supervised model,0.258750,0.157000,3.722265,23.708692,0.684800,0.221942,1.239398,0.780773,false,false
2026-04-17T14:56:29.355848,-0.373304,-5.155384,-1.043108,149.766,SE,6,0.917254,6,5.480267,1.126978,2.035428,0.959348,1.407791,7.539341,5.233725,0.671462,-0.683867,-0.042596,0.959348,-0.073304,-1.015869,-0.154549,1.030169,1.018510,13.016001,-41.433002,-3.304000,NaN,-0.181430,true,Self-supervised model,0.268330,0.166000,3.853030,23.211026,0.684800,0.221942,1.174733,0.931253,false,false
2026-04-17T14:56:29.363334,-0.373304,-5.155384,-1.040809,149.634,SE,6,0.917254,6,5.480267,1.105308,2.020223,0.991538,1.462857,7.501034,5.300763,0.678509,-0.722697,-0.021956,0.991538,-0.037874,-0.831998,-0.187536,0.853713,0.832860,13.016001,-41.433002,-3.304000,NaN,-0.179061,true,Self-supervised model,0.275638,0.174000,3.984794,22.901116,0.684800,0.221942,1.114741,1.161442,false,false
2026-04-17T14:56:29.370813,-0.373304,-5.155384,-1.038379,149.495,SE,6,0.917254,6,5.480267,1.079642,2.004600,0.944900,1.498770,7.460332,5.319916,0.583031,-0.737428,-0.095452,0.944900,0.012217,-0.601702,-0.241903,0.648623,0.601826,13.016001,-41.433002,-3.304000,NaN,-0.176112,true,Self-supervised model,0.273414,0.181000,4.123994,22.784499,0.684800,0.221942,1.142600,1.456779,false,false
2026-04-17T14:56:29.378789,-0.373304,-5.155384,-1.035698,149.341,SE,6,0.917254,6,5.480267,1.036704,1.987884,0.811278,1.419762,7.445967,5.243302,0.340294,-0.695110,-0.243297,0.811278,0.066584,-0.400117,-0.300546,0.504831,0.405619,13.016001,-41.433002,-3.304000,NaN,-0.172426,true,Self-supervised model,0.259713,0.189000,4.277600,22.632802,0.684800,0.221942,1.277866,1.607028,false,false
2026-04-17T14:56:29.387091,-0.373304,-5.155384,-1.032696,149.169,SE,6,0.917254,6,5.480267,0.992710,1.970077,0.761738,1.180341,7.491457,5.090073,0.143727,-0.643465,-0.381496,0.761738,0.119730,-0.255953,-0.344528,0.445585,0.282572,13.016001,-41.433002,-3.304000,NaN,-0.168140,true,Self-supervised model,0.254990,0.197000,4.449598,22.586793,0.684800,0.221942,1.303217,1.709521,false,false
2026-04-17T14:56:29.395499,-0.373304,-5.155384,-1.029369,148.979,SE,6,0.917254,6,5.480267,0.954050,1.951436,0.751089,0.976834,7.548918,4.944026,-0.116211,-0.507992,-0.540901,0.751089,0.161879,-0.196088,-0.359189,0.440082,0.254274,13.016001,-41.433002,-3.304000,NaN,-0.163512,true,Self-supervised model,0.251316,0.206000,4.640229,22.525381,0.684800,0.221942,1.270222,1.706704,false,false
2026-04-17T14:56:29.403564,-0.373304,-5.155384,-1.025785,148.773,SE,6,0.917254,6,5.480267,0.933221,1.932707,0.823864,0.703895,7.692570,4.774038,-0.291062,-0.374295,-0.673749,0.823864,0.200975,-0.203418,-0.353691,0.454826,0.285954,13.016001,-41.433002,-3.304000,NaN,-0.158900,true,Self-supervised model,0.256272,0.214000,4.845579,22.642895,0.684800,0.221942,1.132736,1.811382,false,false
2026-04-17T14:56:29.410775,-0.373304,-5.155384,-1.022042,148.559,SE,6,0.917254,6,5.480267,0.931910,1.914676,0.925031,0.514753,7.836222,4.627992,-0.404077,-0.275171,-0.785294,0.925031,0.219911,-0.279165,-0.330478,0.485294,0.355379,13.016001,-41.433002,-3.304000,NaN,-0.154521,true,Self-supervised model,0.268743,0.221000,5.060047,22.896141,0.684800,0.221942,1.007436,1.906126,false,false
2026-04-17T14:56:29.419683,-0.373304,-5.155384,-1.018277,148.343,SE,6,0.917254,6,5.480267,0.948123,1.898013,1.033242,0.390255,7.946355,4.501099,-0.435396,-0.260020,-0.900227,1.033242,0.221133,-0.397673,-0.298713,0.544310,0.455021,13.016001,-41.433002,-3.304000,NaN,-0.150667,true,Self-supervised model,0.286911,0.230000,5.275785,22.938196,0.684800,0.221942,0.917620,1.898259,false,false
2026-04-17T14:56:29.427542,-0.373304,-5.155384,-1.014529,148.128,SE,6,0.917254,6,5.480267,0.974984,1.883092,1.116003,0.354342,7.972692,4.369418,-0.464901,-0.227632,-0.988693,1.116003,0.206472,-0.502742,-0.277333,0.610159,0.543489,13.016001,-41.433002,-3.304000,NaN,-0.146987,true,Self-supervised model,0.298348,0.238000,5.490536,23.069481,0.684800,0.221942,0.873639,1.829036,false,false
2026-04-17T14:56:29.436621,-0.373304,-5.155384,-1.010836,147.917,SE,6,0.917254,6,5.480267,1.009701,1.870157,1.191963,0.325611,8.015787,4.264073,-0.459410,-0.165525,-1.087346,1.191963,0.178373,-0.607200,-0.261450,0.684737,0.632858,15.778001,-40.852001,-3.742000,NaN,-0.143516,true,Self-supervised model,0.310502,0.247000,5.702112,23.085473,0.684800,0.221942,0.847090,1.740761,false,false
2026-04-17T14:56:29.442414,-0.373304,-5.155384,-1.007203,147.708,SE,6,0.917254,6,5.480267,1.049034,1.859312,1.255535,0.337582,8.087613,4.149151,-0.414318,-0.133362,-1.177677,1.255535,0.144164,-0.662178,-0.255953,0.724413,0.677689,15.778001,-40.852001,-3.742000,NaN,-0.140122,true,Self-supervised model,0.311833,0.253000,5.910271,23.360755,0.684800,0.221942,0.835528,1.733175,false,false
2026-04-17T14:56:29.454213,-0.373304,-5.155384,-1.003585,147.501,SE,6,0.917254,6,5.480267,1.095793,1.850771,1.341278,0.392649,8.128315,4.043807,-0.376782,-0.116615,-1.281976,1.341278,0.102014,-0.653626,-0.266948,0.713369,0.661539,15.778001,-40.852001,-3.742000,NaN,-0.136563,true,Self-supervised model,0.332236,0.264000,6.117581,23.172654,0.684800,0.221942,0.816977,1.880203,false,false
2026-04-17T14:56:29.458784,-0.373304,-5.155384,-0.999885,147.289,SE,6,0.917254,6,5.480267,1.141528,1.844401,1.381636,0.440533,8.152257,3.926491,-0.289633,-0.121881,-1.345428,1.381636,0.057421,-0.602924,-0.287718,0.670519,0.605652,15.778001,-40.852001,-3.742000,NaN,-0.132536,true,Self-supervised model,0.326802,0.269000,6.329568,23.529994,0.684800,0.221942,0.826215,2.060547,false,false
2026-04-17T14:56:29.467392,-0.373304,-5.155384,-0.996003,147.067,SE,6,0.917254,6,5.480267,1.175796,1.839657,1.355700,0.533907,8.154651,3.849876,-0.258801,-0.108673,-1.326324,1.355700,-0.003665,-0.490525,-0.321926,0.586740,0.490538,15.778001,-40.852001,-3.742000,NaN,-0.127927,true,Self-supervised model,0.335871,0.278000,6.551977,23.568263,0.684800,0.221942,0.867298,2.310561,false,false
2026-04-17T14:56:29.475218,-0.373304,-5.155384,-0.991857,146.829,SE,6,0.917254,6,5.480267,1.200172,1.836078,1.328148,0.565032,8.173804,3.859453,-0.241953,-0.129457,-1.299491,1.328148,-0.064141,-0.340863,-0.351248,0.493636,0.346845,15.778001,-40.852001,-3.742000,NaN,-0.122723,true,Self-supervised model,0.333416,0.285000,6.789534,23.822926,0.684800,0.221942,0.903643,2.690542,false,false
2026-04-17T14:56:29.482513,-0.373304,-5.155384,-0.987419,146.575,SE,6,0.917254,6,5.480267,1.206604,1.832899,1.240370,0.574608,8.157045,3.881001,-0.276205,-0.147669,-1.200176,1.240370,-0.115454,-0.208916,-0.368352,0.438929,0.238695,15.778001,-40.852001,-3.742000,NaN,-0.117121,true,Self-supervised model,0.320434,0.293000,7.043781,24.040208,0.684800,0.221942,0.972777,2.825904,false,false
2026-04-17T14:56:29.490731,-0.373304,-5.155384,-0.982699,146.304,SE,6,0.917254,6,5.480267,1.198178,1.829510,1.153942,0.526724,8.137892,3.983952,-0.358610,-0.182819,-1.081461,1.153942,-0.170431,-0.059254,-0.372017,0.413466,0.180438,15.778001,-40.852001,-3.742000,NaN,-0.111268,true,Self-supervised model,0.307446,0.301000,7.314250,24.299833,0.684800,0.221942,1.038334,2.790897,false,false
2026-04-17T14:56:29.498789,-0.373304,-5.155384,-0.977748,146.021,SE,6,0.917254,6,5.480267,1.170672,1.825156,1.026266,0.423774,8.099585,4.110844,-0.438225,-0.146508,-0.916360,1.026266,-0.214414,0.072693,-0.361021,0.426138,0.226401,15.778001,-40.852001,-3.742000,NaN,-0.105396,true,Self-supervised model,0.285758,0.309000,7.597908,24.588699,0.684800,0.221942,1.140710,2.408292,false,false
2026-04-17T14:56:29.506612,-0.373304,-5.155384,-0.972650,145.729,SE,6,0.917254,6,5.480267,1.137154,1.819636,0.961187,0.318429,8.130709,4.288015,-0.532918,-0.089444,-0.794908,0.961187,-0.244957,0.197309,-0.339030,0.462468,0.314539,15.778001,-40.852001,-3.742000,NaN,-0.099711,true,Self-supervised model,0.272274,0.317000,7.889985,24.889541,0.684800,0.221942,1.183073,2.078387,false,false
2026-04-17T14:56:29.514434,-0.373304,-5.155384,-0.967515,145.435,SE,6,0.917254,6,5.480267,1.092006,1.812531,0.854979,0.193930,8.180987,4.424485,-0.610638,0.009201,-0.598352,0.854979,-0.254120,0.285885,-0.308487,0.491397,0.382501,15.778001,-40.852001,-3.742000,NaN,-0.094425,true,Self-supervised model,0.257933,0.325000,8.184214,25.182197,0.684800,0.221942,1.277232,1.739894,false,false
2026-04-17T14:56:29.522958,-0.373304,-5.155384,-0.962468,145.145,SE,6,0.917254,6,5.480267,1.048201,1.803958,0.818221,0.083797,8.271967,4.637568,-0.689385,0.158175,-0.411358,0.818221,-0.245568,0.370184,-0.263894,0.516701,0.444230,15.778001,-40.852001,-3.742000,NaN,-0.089731,true,Self-supervised model,0.253366,0.333000,8.473386,25.445603,0.684800,0.221942,1.281072,1.583549,false,false
2026-04-17T14:56:29.531139,-0.373304,-5.155384,-0.957627,144.868,SE,6,0.917254,6,5.480267,1.009989,1.794199,0.809380,-0.028730,8.413225,4.841076,-0.681983,0.354246,-0.253976,0.809380,-0.219911,0.418443,-0.219301,0.521103,0.472711,15.778001,-40.852001,-3.742000,NaN,-0.085716,true,Self-supervised model,0.250975,0.341000,8.750731,25.661967,0.684800,0.221942,1.247856,1.553205,false,false
2026-04-17T14:56:29.539003,-0.373304,-5.155384,-0.953077,144.607,SE,6,0.917254,6,5.480267,0.984420,1.783808,0.850183,-0.055067,8.602366,5.013458,-0.666107,0.515486,-0.115703,0.850183,-0.182649,0.435547,-0.180205,0.505505,0.472294,15.778001,-40.852001,-3.742000,NaN,-0.082327,true,Self-supervised model,0.253503,0.349000,9.011449,25.820772,0.684800,0.221942,1.157892,1.681849,false,false
2026-04-17T14:56:29.546673,-0.373304,-5.155384,-0.948654,144.354,SE,6,0.917254,6,5.480267,0.976584,1.773519,0.935441,-0.071826,8.757990,5.164293,-0.629926,0.688358,0.066375,0.935441,-0.140499,0.421497,-0.150884,0.469218,0.444297,15.778001,-40.852001,-3.742000,NaN,-0.078411,true,Self-supervised model,0.265592,0.357000,9.264889,25.952071,0.684800,0.221942,1.043982,1.993616,false,false
2026-04-17T14:56:29.554828,-0.373304,-5.155384,-0.944378,144.109,SE,6,0.917254,6,5.480267,0.970759,1.763409,0.940179,-0.074220,8.935161,5.343858,-0.542867,0.734122,0.224269,0.940179,-0.080634,0.371406,-0.124006,0.399777,0.380058,15.778001,-40.852001,-3.742000,NaN,-0.074728,true,Self-supervised model,0.269580,0.365000,9.509854,26.054394,0.684800,0.221942,1.032526,2.351758,false,false
2026-04-17T14:56:29.563152,-0.373304,-5.155384,-0.940260,143.873,SE,6,0.917254,6,5.480267,0.960606,1.753296,0.907305,-0.023942,8.987833,5.494693,-0.436977,0.734127,0.305468,0.907305,-0.007330,0.308487,-0.108123,0.326969,0.308574,15.778001,-40.852001,-3.742000,NaN,-0.071240,true,Self-supervised model,0.267023,0.373000,9.745794,26.128134,0.684800,0.221942,1.058747,2.774898,false,false
2026-04-17T14:56:29.570806,-0.373304,-5.155384,-0.936370,143.650,SE,6,0.917254,6,5.480267,0.945852,1.742999,0.868392,0.047884,8.997410,5.564125,-0.350741,0.709477,0.357390,0.868392,0.080023,0.244957,-0.098960,0.276045,0.257697,15.778001,-40.852001,-3.742000,NaN,-0.068261,true,Self-supervised model,0.262504,0.381000,9.968678,26.164509,0.684800,0.221942,1.089199,3.145838,false,false
2026-04-17T14:56:29.578674,-0.373304,-5.155384,-0.932963,143.455,SE,6,0.917254,6,5.480267,0.918887,1.732034,0.777318,0.105345,8.983045,5.602432,-0.291016,0.640249,0.331079,0.777318,0.159436,0.182038,-0.089797,0.258111,0.241987,15.778001,-40.852001,-3.742000,NaN,-0.066786,true,Self-supervised model,0.252225,0.389000,10.163895,26.128264,0.684800,0.221942,1.182124,3.011569,false,false
2026-04-17T14:56:29.587938,-0.373304,-5.155384,-0.930010,143.286,SE,6,0.917254,6,5.480267,0.887193,1.720241,0.720802,0.148441,8.920795,5.566519,-0.252664,0.646952,0.192794,0.720802,0.233961,0.088575,-0.070860,0.260009,0.250167,15.778001,-40.852001,-3.742000,NaN,-0.065647,true,Self-supervised model,0.247634,0.398000,10.333119,25.962610,0.684800,0.221942,1.230842,2.772217,false,false
2026-04-17T14:56:29.595323,-0.373304,-5.155384,-0.927488,143.141,SE,6,0.917254,6,5.480267,0.859043,1.707793,0.711255,0.174777,8.937555,5.413290,-0.253378,0.661478,-0.064265,0.711255,0.262672,-0.012217,-0.052534,0.268152,0.262956,17.544001,-39.311001,-4.691000,NaN,-0.064853,true,Self-supervised model,0.244954,0.406000,10.477588,25.806867,0.684800,0.221942,1.207785,2.652427,false,false
2026-04-17T14:56:29.603745,-0.373304,-5.155384,-0.925361,143.019,SE,6,0.917254,6,5.480267,0.853238,1.695610,0.822760,0.167594,8.963891,5.137957,-0.268445,0.695595,-0.347877,0.822760,0.227242,-0.087965,-0.036041,0.246324,0.243673,17.544001,-39.311001,-4.691000,NaN,-0.064304,true,Self-supervised model,0.261707,0.414000,10.599456,25.602551,0.684800,0.221942,1.037044,3.340149,false,false
2026-04-17T14:56:29.611127,-0.373304,-5.155384,-0.923566,142.916,SE,6,0.917254,6,5.480267,0.882703,1.685094,1.037396,0.150835,9.009381,4.836287,-0.286198,0.801943,-0.592596,1.037396,0.141721,-0.115454,-0.030543,0.185330,0.182796,17.544001,-39.311001,-4.691000,NaN,-0.063837,true,Self-supervised model,0.306384,0.421000,10.702300,25.421141,0.684800,0.221942,0.850883,5.597565,false,false
2026-04-17T14:56:29.620113,-0.373304,-5.155384,-0.921846,142.818,SE,6,0.917254,6,5.480267,0.934307,1.677063,1.205229,0.134075,9.124303,4.577713,-0.264671,0.929584,-0.720001,1.205229,-0.011606,-0.090408,-0.030543,0.096131,0.091150,17.544001,-39.311001,-4.691000,NaN,-0.062415,true,Self-supervised model,0.360459,0.430000,10.800878,25.118321,0.684800,0.221942,0.775211,12.537330,false,false
2026-04-17T14:56:29.626983,-0.373304,-5.155384,-0.920290,142.729,SE,6,0.917254,6,5.480267,0.979045,1.671142,1.213918,0.150835,9.260772,4.436456,-0.259869,0.959326,-0.696964,1.213918,-0.196088,0.009774,-0.042150,0.200805,0.196331,17.544001,-39.311001,-4.691000,NaN,-0.061519,true,Self-supervised model,0.333779,0.437000,10.890010,24.919932,0.684800,0.221942,0.806517,6.045266,false,false
2026-04-17T14:56:29.635973,-0.373304,-5.155384,-0.918758,142.641,SE,6,0.917254,6,5.480267,0.987994,1.665816,1.034979,0.153229,9.287108,4.465186,-0.245969,0.924733,-0.394398,1.034979,-0.385456,0.162490,-0.070860,0.424265,0.418305,17.544001,-39.311001,-4.691000,NaN,-0.060081,true,Self-supervised model,0.289576,0.446000,10.977787,24.613872,0.684800,0.221942,0.954603,2.439466,false,false
2026-04-17T14:56:29.642627,-0.373304,-5.155384,-0.917125,142.547,SE,6,0.917254,6,5.480267,0.981694,1.660451,0.948618,0.158017,9.241618,4.786009,-0.323897,0.883011,0.123525,0.948618,-0.528398,0.320093,-0.101404,0.626057,0.617790,17.544001,-39.311001,-4.691000,NaN,-0.058046,true,Self-supervised model,0.267696,0.453000,11.071334,24.440030,0.684800,0.221942,1.034868,1.515226,false,false
2026-04-17T14:56:29.653843,-0.373304,-5.155384,-0.915300,142.443,SE,6,0.917254,6,5.480267,1.009844,1.656427,1.157629,0.062249,9.181764,5.334281,-0.557148,0.748702,0.684935,1.157629,-0.634078,0.514349,-0.132558,0.827152,0.816462,17.544001,-39.311001,-4.691000,NaN,-0.055450,true,Self-supervised model,0.296723,0.464000,11.175914,24.086021,0.684800,0.221942,0.872338,1.399535,false,false
2026-04-17T14:56:29.659344,-0.373304,-5.155384,-0.913251,142.325,SE,6,0.917254,6,5.480267,1.086830,1.655643,1.491010,-0.198719,9.023746,5.935226,-0.754712,0.653297,1.107574,1.491010,-0.668897,0.695165,-0.155160,0.977114,0.964716,17.544001,-39.311001,-4.691000,NaN,-0.052507,true,Self-supervised model,0.331185,0.470000,11.293304,24.028307,0.684800,0.221942,0.728922,1.525932,false,false
2026-04-17T14:56:29.667507,-0.373304,-5.155384,-0.911017,142.197,SE,6,0.917254,6,5.480267,1.210295,1.659829,1.858483,-0.433351,8.901642,6.402095,-0.962211,0.594327,1.474749,1.858483,-0.648128,0.811840,-0.154549,1.050257,1.038823,17.544001,-39.311001,-4.691000,NaN,-0.049532,true,Self-supervised model,0.370339,0.478000,11.421308,23.893951,0.684800,0.221942,0.651227,1.769551,false,false
2026-04-17T14:56:29.675279,-0.373304,-5.155384,-0.908700,142.065,SE,6,0.917254,6,5.480267,1.344862,1.669230,2.051343,-0.684742,8.815451,6.813898,-1.170660,0.538510,1.596111,2.051343,-0.582765,0.893085,-0.137445,1.075224,1.066403,17.544001,-39.311001,-4.691000,NaN,-0.046885,true,Self-supervised model,0.389427,0.486000,11.554038,23.773740,0.684800,0.221942,0.655601,1.907828,false,false
2026-04-17T14:56:29.682803,-0.373304,-5.155384,-0.906440,141.935,SE,6,0.917254,6,5.480267,1.466127,1.683106,2.102767,-0.940921,8.734048,6.976704,-1.369656,0.548920,1.498118,2.102767,-0.489303,0.919963,-0.099571,1.046740,1.041993,17.544001,-39.311001,-4.691000,NaN,-0.044848,true,Self-supervised model,0.403136,0.493000,11.683566,23.698918,0.684800,0.221942,0.697237,2.008873,false,false
2026-04-17T14:56:29.690950,-0.373304,-5.155384,-0.904385,141.817,SE,6,0.917254,6,5.480267,1.571208,1.700630,2.122884,-1.187524,8.722076,6.914454,-1.552556,0.653537,1.291934,2.122884,-0.387899,0.900415,-0.047647,0.981572,0.980415,17.544001,-39.311001,-4.691000,NaN,-0.043619,true,Self-supervised model,0.418852,0.501000,11.801277,23.555444,0.684800,0.221942,0.740129,2.162738,false,false
2026-04-17T14:56:29.699518,-0.373304,-5.155384,-0.902658,141.719,SE,6,0.917254,6,5.480267,1.661772,1.721076,2.137232,-1.414973,8.808268,6.737284,-1.743289,0.855187,0.892950,2.137232,-0.317039,0.833831,-0.002443,0.892073,0.892070,17.544001,-39.311001,-4.691000,NaN,-0.043201,true,Self-supervised model,0.434321,0.510000,11.900236,23.333795,0.684800,0.221942,0.777535,2.395804,false,false
2026-04-17T14:56:29.706602,-0.373304,-5.155384,-0.901346,141.643,SE,6,0.917254,6,5.480267,1.747280,1.744124,2.196196,-1.644817,8.995016,6.361394,-1.849121,1.088128,0.469045,2.196196,-0.282220,0.691499,0.043371,0.748131,0.746873,17.544001,-39.311001,-4.691000,NaN,-0.043549,true,Self-supervised model,0.457560,0.517000,11.975412,23.163273,0.684800,0.221942,0.795594,2.935575,false,false
2026-04-17T14:56:29.714334,-0.373304,-5.155384,-0.900481,141.594,SE,6,0.917254,6,5.480267,1.851778,1.770430,2.400397,-1.781286,9.215282,5.956774,-1.994356,1.328657,0.138270,2.400397,-0.315817,0.468534,0.077580,0.570336,0.565035,17.544001,-39.311001,-4.691000,NaN,-0.044470,true,Self-supervised model,0.500579,0.525000,12.025004,22.904769,0.684800,0.221942,0.771447,4.208743,false,false
2026-04-17T14:56:29.722468,-0.373304,-5.155384,-0.900027,141.568,SE,6,0.917254,6,5.480267,1.970624,1.800438,2.594565,-1.946486,9.442732,5.645528,-2.113485,1.503102,-0.075062,2.594565,-0.418443,0.196699,0.092852,0.471599,0.462369,17.544001,-39.311001,-4.691000,NaN,-0.045663,true,Self-supervised model,0.539933,0.533000,12.051002,22.609759,0.684800,0.221942,0.759520,5.501629,false,false
2026-04-17T14:56:29.730858,-0.373304,-5.155384,-0.899931,141.562,SE,6,0.917254,6,5.480267,2.104003,1.834581,2.804242,-2.073379,9.600749,5.456386,-2.301672,1.599471,-0.088165,2.804242,-0.549168,-0.021380,0.103236,0.559196,0.549584,17.544001,-39.311001,-4.691000,NaN,-0.047000,true,Self-supervised model,0.562891,0.541000,12.056475,22.285537,0.684800,0.221942,0.750293,5.014775,false,false
2026-04-17T14:56:29.738990,-0.373304,-5.155384,-0.900161,141.575,SE,6,0.917254,6,5.480267,2.210427,1.871615,2.769155,-2.257732,9.674969,5.475539,-2.339425,1.480499,0.058573,2.769155,-0.715934,-0.191812,0.124006,0.751486,0.741184,17.544001,-39.311001,-4.691000,NaN,-0.048531,true,Self-supervised model,0.556975,0.549000,12.043317,21.936825,0.684800,0.221942,0.798232,3.684907,false,false
2026-04-17T14:56:29.747079,0.193520,-5.870732,-0.900722,141.608,SE,7,0.912695,7,6.392962,2.247828,1.908663,2.444184,-2.281674,9.526528,5.664681,-2.171952,1.079252,0.303102,2.444184,-0.870483,-0.219301,0.158825,0.911624,0.897682,17.544001,-39.311001,-4.691000,NaN,-0.050417,true,Self-supervised model,0.515887,0.000000,0.000000,0.000000,0.685800,0.221352,0.919664,2.681131,false,true
2026-04-17T14:56:29.755115,0.193520,-5.870732,-0.901646,141.660,SE,7,0.912695,7,6.392962,2.235377,1.943732,2.170008,-2.094927,9.088389,5.961562,-1.938192,0.674267,0.705484,2.170008,-0.973108,-0.140499,0.205251,1.004394,0.983199,20.653002,-38.581001,-6.033000,NaN,-0.052792,true,Self-supervised model,0.544801,0.008000,0.052932,6.616551,0.685800,0.221352,1.030124,2.160514,false,false
2026-04-17T14:56:29.762970,0.193520,-5.870732,-0.902964,141.736,SE,7,0.912695,7,6.392962,2.207352,1.976276,2.060219,-1.841141,8.640674,6.423643,-1.690365,0.162473,1.166520,2.060219,-1.008538,-0.025045,0.245568,1.038307,1.008849,20.653002,-38.581001,-6.033000,NaN,-0.055690,true,Self-supervised model,0.514624,0.015000,0.128481,8.565369,0.685800,0.221352,1.071416,1.984210,false,false
2026-04-17T14:56:29.770724,0.193520,-5.870732,-0.904709,141.836,SE,7,0.912695,7,6.392962,2.215073,2.007828,2.255609,-1.575385,8.082825,6.947973,-1.624966,-0.204887,1.550896,2.255609,-0.988991,0.148440,0.295659,1.042857,1.000069,20.653002,-38.581001,-6.033000,NaN,-0.059142,true,Self-supervised model,0.542343,0.023000,0.228476,9.933720,0.685800,0.221352,0.982029,2.162912,false,false
2026-04-17T14:56:29.778900,0.193520,-5.870732,-0.906924,141.963,SE,7,0.912695,7,6.392962,2.259538,2.039897,2.492978,-1.496376,7.668628,7.395689,-1.597415,-0.430741,1.864851,2.492978,-0.907135,0.329867,0.351248,1.027171,0.965249,20.653002,-38.581001,-6.033000,NaN,-0.063235,true,Self-supervised model,0.571047,0.031000,0.355380,11.463862,0.685800,0.221352,0.906361,2.427032,false,false
2026-04-17T14:56:29.786969,0.193520,-5.870732,-0.909671,142.120,SE,7,0.912695,7,6.392962,2.308193,2.072629,2.563633,-1.460463,7.398083,7.769185,-1.577168,-0.450545,1.970220,2.563633,-0.779464,0.492357,0.409891,1.008955,0.921944,20.653002,-38.581001,-6.033000,NaN,-0.068108,true,Self-supervised model,0.575893,0.039000,0.512738,13.147135,0.685800,0.221352,0.900360,2.540879,false,false
2026-04-17T14:56:29.795042,0.193520,-5.870732,-0.912964,142.309,SE,7,0.912695,7,6.392962,2.335586,2.105147,2.479398,-1.436521,7.338228,7.927202,-1.527141,-0.433381,1.904583,2.479398,-0.649961,0.597426,0.448986,0.990432,0.882818,20.653002,-38.581001,-6.033000,NaN,-0.073586,true,Self-supervised model,0.560634,0.047000,0.701401,14.923427,0.685800,0.221352,0.941997,2.503351,false,false
2026-04-17T14:56:29.803349,0.193520,-5.870732,-0.916788,142.528,SE,7,0.912695,7,6.392962,2.313890,2.135497,2.199988,-1.386243,7.321469,7.905654,-1.400676,-0.329914,1.664095,2.199988,-0.492968,0.664011,0.477697,0.955051,0.826999,20.653002,-38.581001,-6.033000,NaN,-0.079536,true,Self-supervised model,0.511140,0.056000,0.920515,16.437772,0.685800,0.221352,1.051774,2.303531,false,false
2026-04-17T14:56:29.810787,0.193520,-5.870732,-0.921067,142.773,SE,7,0.912695,7,6.392962,2.238955,2.161635,1.845548,-1.261744,7.398083,7.699753,-1.296957,-0.156897,1.303585,1.845548,-0.340252,0.677450,0.478918,0.896701,0.758096,20.653002,-38.581001,-6.033000,NaN,-0.085635,true,Self-supervised model,0.434113,0.063000,1.165698,18.503147,0.685800,0.221352,1.213166,2.058154,false,false
2026-04-17T14:56:29.819186,0.193520,-5.870732,-0.925660,143.036,SE,7,0.912695,7,6.392962,2.135827,2.182603,1.594401,-1.161188,7.551312,7.364564,-1.197765,0.021489,1.052146,1.594401,-0.209527,0.618196,0.447153,0.791210,0.652738,20.653002,-38.581001,-6.033000,NaN,-0.091481,true,Self-supervised model,0.387345,0.072000,1.428836,19.844938,0.685800,0.221352,1.339579,2.015142,false,false
2026-04-17T14:56:29.826607,0.193520,-5.870732,-0.930389,143.307,SE,7,0.912695,7,6.392962,2.025910,2.198335,1.448846,-1.065420,7.716512,7.129933,-1.232521,0.156139,0.745431,1.448846,-0.112399,0.483805,0.403171,0.639725,0.496690,20.653002,-38.581001,-6.033000,NaN,-0.096757,true,Self-supervised model,0.362348,0.079000,1.699795,21.516398,0.685800,0.221352,1.398292,2.264796,false,false
2026-04-17T14:56:29.836570,0.193520,-5.870732,-0.935058,143.575,SE,7,0.912695,7,6.392962,1.925844,2.209435,1.400495,-1.101333,7.843405,6.833052,-1.298921,0.171378,0.494793,1.400495,-0.025656,0.251066,0.335365,0.419716,0.252373,20.653002,-38.581001,-6.033000,NaN,-0.101184,true,Self-supervised model,0.367780,0.089000,1.967296,22.104453,0.685800,0.221352,1.375116,3.336765,false,false
2026-04-17T14:56:29.842902,0.193520,-5.870732,-0.939506,143.830,SE,7,0.912695,7,6.392962,1.857638,2.217363,1.499558,-1.163582,7.855376,6.586449,-1.459808,0.075736,0.334514,1.499558,0.031154,-0.041539,0.274278,0.279150,0.051924,20.653002,-38.581001,-6.033000,NaN,-0.104750,true,Self-supervised model,0.391251,0.095000,2.222162,23.391174,0.685800,0.221352,1.238790,5.371873,false,false
2026-04-17T14:56:29.853716,0.193520,-5.870732,-0.943616,144.065,SE,7,0.912695,7,6.392962,1.822976,2.223588,1.640998,-1.312023,7.759608,6.426037,-1.630433,-0.086247,0.164692,1.640998,0.054978,-0.334143,0.224188,0.406121,0.338636,20.653002,-38.581001,-6.033000,NaN,-0.107506,true,Self-supervised model,0.411852,0.106000,2.457634,23.185226,0.685800,0.221352,1.110894,4.040662,false,false
2026-04-17T14:56:29.858658,0.193520,-5.870732,-0.947308,144.277,SE,7,0.912695,7,6.392962,1.646871,2.222519,0.722325,-1.460463,7.599196,6.253655,-0.694343,0.151886,0.128727,0.722325,0.027489,-0.246179,0.171042,0.301023,0.247709,20.653002,-38.581001,-6.033000,NaN,-0.109530,true,Self-supervised model,0.270997,0.111000,2.669211,24.046942,0.685800,0.221352,2.279960,2.399563,false,false
2026-04-17T14:56:29.867518,0.193520,-5.870732,-0.950417,144.455,SE,7,0.912695,7,6.392962,1.519884,2.216414,0.853200,-0.500388,7.838616,6.215348,-0.661861,-0.365995,0.394891,0.853200,-0.043371,0.040317,0.066584,0.089107,0.059216,20.653002,-38.581001,-6.033000,NaN,-0.110303,true,Self-supervised model,0.307544,0.120000,2.847321,23.727672,0.685800,0.221352,1.781392,9.575031,false,false
2026-04-17T14:56:29.874864,0.193520,-5.870732,-0.952751,144.589,SE,7,0.912695,7,6.392962,1.419751,2.206547,0.894054,-0.464475,7.319075,6.483498,-0.506089,-0.640066,0.365407,0.894054,-0.150884,0.126449,-0.052534,0.203753,0.196864,20.653002,-38.581001,-6.033000,NaN,-0.109537,true,Self-supervised model,0.295435,0.127000,2.981038,23.472742,0.685800,0.221352,1.587993,4.387938,false,false
2026-04-17T14:56:29.882721,0.193520,-5.870732,-0.954158,144.669,SE,7,0.912695,7,6.392962,1.354213,2.194454,1.010135,-0.318429,7.038953,6.461950,-0.537394,-0.750621,0.410059,1.010135,-0.250455,0.296881,-0.153938,0.417807,0.388414,20.653002,-38.581001,-6.033000,NaN,-0.107241,true,Self-supervised model,0.297576,0.135000,3.061694,22.679217,0.685800,0.221352,1.340625,2.417708,false,false
2026-04-17T14:56:29.890925,0.193520,-5.870732,-0.954553,144.692,SE,7,0.912695,7,6.392962,1.331666,2.181942,1.213295,-0.373495,6.916849,6.521805,-0.746717,-0.889210,0.351858,1.213295,-0.355524,0.555277,-0.248622,0.704657,0.659340,20.653002,-38.581001,-6.033000,NaN,-0.103582,true,Self-supervised model,0.318010,0.143000,3.084299,21.568524,0.685800,0.221352,1.097562,1.721822,false,false
2026-04-17T14:56:29.899519,0.193520,-5.870732,-0.953940,144.657,SE,7,0.912695,7,6.392962,1.360086,2.171068,1.509295,-0.624887,6.761226,6.485892,-1.135094,-0.907639,0.407091,1.509295,-0.440434,0.787405,-0.307876,0.953298,0.902213,20.653002,-38.581001,-6.033000,NaN,-0.098939,true,Self-supervised model,0.355999,0.152000,3.049171,20.060335,0.685800,0.221352,0.901140,1.583235,false,false
2026-04-17T14:56:29.907106,0.193520,-5.870732,-0.952481,144.573,SE,7,0.912695,7,6.392962,1.414352,2.162800,1.699247,-1.072602,6.720524,6.569689,-1.330666,-1.004050,0.329623,1.699247,-0.497855,0.956004,-0.307876,1.120978,1.077870,20.653002,-38.581001,-6.033000,NaN,-0.094097,true,Self-supervised model,0.373624,0.160000,2.965591,18.534941,0.685800,0.221352,0.832341,1.515861,false,false
2026-04-17T14:56:29.914650,0.193520,-5.870732,-0.950374,144.452,SE,7,0.912695,7,6.392962,1.421635,2.155153,1.459871,-1.338359,6.598420,6.524199,-1.204842,-0.759369,0.320842,1.459871,-0.554666,1.023810,-0.304822,1.203643,1.164406,23.019001,-34.925003,-8.765000,NaN,-0.089397,true,Self-supervised model,0.334748,0.167000,2.844865,17.035120,0.685800,0.221352,0.973809,1.212877,false,false
2026-04-17T14:56:29.922711,0.193520,-5.870732,-0.947798,144.305,SE,7,0.912695,7,6.392962,1.350858,2.144981,0.979280,-1.288081,6.813898,6.550536,-0.844308,-0.465171,0.172476,0.979280,-0.572992,0.990213,-0.299935,1.182709,1.144046,23.019001,-34.925003,-8.765000,NaN,-0.084944,true,Self-supervised model,0.268715,0.175000,2.697252,15.412866,0.685800,0.221352,1.379441,0.827997,false,false
2026-04-17T14:56:29.931471,0.193520,-5.870732,-0.944893,144.138,SE,7,0.912695,7,6.392962,1.248914,2.131138,0.713705,-1.003170,7.077260,6.438008,-0.595226,-0.248070,0.305847,0.713705,-0.531453,0.842383,-0.293215,1.038281,0.996018,23.019001,-34.925003,-8.765000,NaN,-0.080726,true,Self-supervised model,0.250931,0.184000,2.530825,13.754484,0.685800,0.221352,1.749902,0.687391,false,false
2026-04-17T14:56:29.939120,0.193520,-5.870732,-0.941793,143.961,SE,7,0.912695,7,6.392962,1.186543,2.115355,0.859094,-0.823605,7.264008,6.605602,-0.470739,-0.455421,0.555912,0.859094,-0.453262,0.593150,-0.273057,0.794880,0.746508,23.019001,-34.925003,-8.765000,NaN,-0.076843,true,Self-supervised model,0.263067,0.192000,2.353190,12.256198,0.685800,0.221352,1.381156,1.080785,false,false
2026-04-17T14:56:29.946779,0.193520,-5.870732,-0.938581,143.777,SE,7,0.912695,7,6.392962,1.179871,2.099935,1.144846,-0.756568,7.029376,6.885724,-0.309107,-0.809855,0.747837,1.144846,-0.381180,0.386067,-0.271835,0.606828,0.542536,23.019001,-34.925003,-8.765000,NaN,-0.073184,true,Self-supervised model,0.304512,0.199000,2.169151,10.900256,0.685800,0.221352,1.030594,1.886607,false,false
2026-04-17T14:56:29.955138,0.193520,-5.870732,-0.935254,143.586,SE,7,0.912695,7,6.392962,1.219053,2.086700,1.424759,-0.639252,6.651093,7.103596,-0.605518,-1.057663,0.737993,1.424759,-0.292604,0.270613,-0.292604,0.494435,0.398559,23.019001,-34.925003,-8.765000,NaN,-0.069401,true,Self-supervised model,0.355232,0.208000,1.978571,9.512361,0.685800,0.221352,0.855621,2.881588,false,false
2026-04-17T14:56:29.963641,0.193520,-5.870732,-0.931817,143.389,SE,7,0.912695,7,6.392962,1.284502,2.076612,1.628107,-0.972046,6.382942,7.115568,-1.026812,-1.113460,0.597156,1.628107,-0.192423,0.408669,-0.281609,0.532297,0.451704,23.019001,-34.925003,-8.765000,NaN,-0.065519,true,Self-supervised model,0.383828,0.216000,1.781626,8.248267,0.685800,0.221352,0.788954,3.058642,false,false
2026-04-17T14:56:29.970837,0.193520,-5.870732,-0.928376,143.192,SE,7,0.912695,7,6.392962,1.360479,2.069967,1.759363,-1.431733,6.311116,6.991069,-1.237792,-1.004832,0.744004,1.759363,-0.073304,0.715934,-0.224188,0.753787,0.719677,23.019001,-34.925003,-8.765000,NaN,-0.062065,true,Self-supervised model,0.393069,0.223000,1.584495,7.105361,0.685800,0.221352,0.773280,2.334031,false,false
2026-04-17T14:56:29.978642,0.193520,-5.870732,-0.925055,143.002,SE,7,0.912695,7,6.392962,1.456811,2.067441,1.962554,-1.692701,6.409278,7.146692,-1.571778,-0.956615,0.682656,1.962554,0.023824,0.879646,-0.164934,0.895292,0.879968,23.019001,-34.925003,-8.765000,NaN,-0.059220,true,Self-supervised model,0.414803,0.231000,1.394186,6.035437,0.685800,0.221352,0.742304,2.192083,false,false
2026-04-17T14:56:29.986969,0.193520,-5.870732,-0.921945,142.824,SE,7,0.912695,7,6.392962,1.527268,2.067834,1.897165,-2.085350,6.452374,7.086837,-1.668669,-0.757434,0.490992,1.897165,0.106901,0.945619,-0.106901,0.957628,0.951643,23.019001,-34.925003,-8.765000,NaN,-0.056954,true,Self-supervised model,0.414371,0.239000,1.215971,5.087745,0.685800,0.221352,0.805026,1.981108,false,false
2026-04-17T14:56:29.995117,0.193520,-5.870732,-0.919083,142.660,SE,7,0.912695,7,6.392962,1.561060,2.069563,1.738466,-2.243367,6.651093,6.890512,-1.649781,-0.478125,0.268105,1.738466,0.173486,0.936456,-0.065363,0.954631,0.952391,23.019001,-34.925003,-8.765000,NaN,-0.055089,true,Self-supervised model,0.399962,0.248000,1.052024,4.242031,0.685800,0.221352,0.897953,1.821087,false,false
2026-04-17T14:56:30.005601,0.193520,-5.870732,-0.916488,142.511,SE,7,0.912695,7,6.392962,1.577823,2.071893,1.665834,-2.284068,6.933608,6.658275,-1.631889,-0.319594,-0.098997,1.665834,0.227853,0.894307,-0.025656,0.923233,0.922877,23.019001,-34.925003,-8.765000,NaN,-0.053561,true,Self-supervised model,0.395956,0.258000,0.903359,3.501390,0.685800,0.221352,0.947167,1.804348,false,false
2026-04-17T14:56:30.010700,0.193520,-5.870732,-0.913523,142.341,SE,7,0.912695,7,6.392962,1.600041,2.075019,1.716685,-2.322376,7.098808,6.277597,-1.640185,-0.232644,-0.450197,1.716685,0.265726,0.847881,0.001222,0.888546,0.888545,23.019001,-34.925003,-8.765000,NaN,-0.049115,true,Self-supervised model,0.398442,0.263000,0.733480,2.788899,0.685800,0.221352,0.932053,1.932016,false,false
2026-04-17T14:56:30.020123,0.193520,-5.870732,-0.910290,142.156,SE,7,0.912695,7,6.392962,1.642627,2.079723,1.866202,-2.410961,7.182605,5.920861,-1.740623,-0.260609,-0.620504,1.866202,0.299935,0.796568,0.022602,0.851465,0.851165,23.019001,-34.925003,-8.765000,NaN,-0.044808,true,Self-supervised model,0.430352,0.273000,0.548222,2.008140,0.685800,0.221352,0.880198,2.191754,false,false
2026-04-17T14:56:30.027509,0.193520,-5.870732,-0.906843,141.958,SE,7,0.912695,7,6.392962,1.691831,2.086208,1.950150,-2.588132,7.156269,5.738902,-1.799675,-0.369051,-0.654261,1.950150,0.337198,0.709825,0.032987,0.786538,0.785846,23.019001,-34.925003,-8.765000,NaN,-0.040504,true,Self-supervised model,0.444029,0.280000,0.350695,1.252483,0.685800,0.221352,0.867539,2.479409,false,false
2026-04-17T14:56:30.037780,0.193520,-5.870732,-0.903197,141.749,SE,7,0.912695,7,6.392962,1.750597,2.094783,2.059120,-2.719813,7.053318,5.688623,-1.909230,-0.547386,-0.543308,2.059120,0.375071,0.601091,0.042150,0.709765,0.708512,23.019001,-34.925003,-8.765000,NaN,-0.036064,true,Self-supervised model,0.468171,0.290000,0.141791,0.488935,0.685800,0.221352,0.850168,2.901130,false,false
2026-04-17T14:56:30.042682,0.193520,-5.870732,-0.900081,141.571,SE,7,0.912695,7,6.392962,1.821189,2.105839,2.191796,-2.896984,6.883330,5.779603,-2.006925,-0.781813,-0.406192,2.191796,0.423940,0.441045,0.061697,0.614860,0.611756,23.019001,-34.925003,-8.765000,NaN,-0.035071,true,Self-supervised model,0.482621,0.295000,0.036710,0.124441,0.685800,0.221352,0.830912,3.564709,false,false
2026-04-17T14:56:30.054488,0.193520,-5.870732,-0.897425,141.419,SE,7,0.912695,7,6.392962,1.879234,2.118775,2.183971,-3.023877,6.667852,5.889736,-1.932110,-0.949439,-0.367757,2.183971,0.474642,0.279165,0.094073,0.558631,0.550653,23.019001,-34.925003,-8.765000,NaN,-0.034251,true,Self-supervised model,0.503786,0.307000,0.188901,0.615311,0.685800,0.221352,0.860467,3.909506,false,false
2026-04-17T14:56:30.058704,0.193520,-5.870732,-0.895216,141.292,SE,7,0.912695,7,6.392962,1.927181,2.133111,2.178904,-2.968810,6.521805,5.899313,-1.836009,-1.114779,-0.366010,2.178904,0.517403,0.138666,0.140499,0.553782,0.535662,23.019001,-34.925003,-8.765000,NaN,-0.033832,true,Self-supervised model,0.499983,0.311000,0.315456,1.014326,0.685800,0.221352,0.884473,3.934591,false,false
2026-04-17T14:56:30.067639,0.193520,-5.870732,-0.893526,141.195,SE,7,0.912695,7,6.392962,1.978653,2.148933,2.248878,-2.882619,6.380548,5.870583,-1.832567,-1.142841,-0.626947,2.248878,0.520457,0.087965,0.225409,0.573954,0.527838,23.019001,-34.925003,-8.765000,NaN,-0.034217,true,Self-supervised model,0.519484,0.320000,0.412288,1.288401,0.685800,0.221352,0.879840,3.918222,false,false
2026-04-17T14:56:30.074887,0.193520,-5.870732,-0.892680,141.147,SE,7,0.912695,7,6.392962,2.046667,2.166842,2.403744,-2.880225,6.378153,5.578490,-1.925727,-1.038933,-0.995077,2.403744,0.455095,0.132558,0.437380,0.644968,0.474007,22.661001,-33.422001,-8.729000,NaN,-0.036746,true,Self-supervised model,0.541267,0.327000,0.460780,1.409114,0.685800,0.221352,0.851450,3.726921,false,false
2026-04-17T14:56:30.082620,0.193520,-5.870732,-0.893238,141.179,SE,7,0.912695,7,6.392962,2.023137,2.183094,1.899600,-2.964022,6.507440,5.181053,-1.611834,-0.623369,-0.788595,1.899600,0.342695,0.334143,0.731817,0.874441,0.478635,22.661001,-33.422001,-8.729000,NaN,-0.042924,true,Self-supervised model,0.462672,0.335000,0.428769,1.279907,0.685800,0.221352,1.065033,2.172359,false,false
2026-04-17T14:56:30.090565,0.193520,-5.870732,-0.895575,141.313,SE,7,0.912695,7,6.392962,1.857295,2.192062,0.986626,-2.631228,6.945579,5.363012,-0.898603,-0.368613,-0.173402,0.986626,0.298102,0.512516,0.941954,1.113021,0.592906,22.661001,-33.422001,-8.729000,NaN,-0.052371,true,Self-supervised model,0.295732,0.343000,0.294915,0.859810,0.685800,0.221352,1.882471,0.886440,false,false
2026-04-17T14:56:30.099517,0.193520,-5.870732,-0.899607,141.544,SE,7,0.912695,7,6.392962,1.646916,2.192256,0.542427,-1.893813,7.220912,5.956774,-0.249189,-0.475990,-0.074607,0.542427,0.310320,0.602924,0.979217,1.191084,0.678097,22.661001,-33.422001,-8.729000,NaN,-0.063188,true,Self-supervised model,0.256536,0.352000,0.063874,0.181461,0.685800,0.221352,3.036196,0.455406,false,false
2026-04-17T14:56:30.106714,0.193520,-5.870732,-0.904907,141.847,SE,7,0.912695,7,6.392962,1.445313,2.184379,0.386897,-1.218649,7.134721,6.033388,0.380013,-0.055269,-0.047164,0.386897,0.352469,0.739758,0.883922,1.205319,0.819437,22.661001,-33.422001,-8.729000,NaN,-0.073560,true,Self-supervised model,0.245312,0.359000,0.239811,0.667997,0.685800,0.221352,3.735657,0.320991,false,false
2026-04-17T14:56:30.114679,0.193520,-5.870732,-0.910828,142.187,SE,7,0.912695,7,6.392962,1.284269,2.170374,0.438787,-0.572214,7.577648,6.035782,0.335995,0.164862,-0.229045,0.438787,0.339641,0.732427,0.695776,1.065791,0.807345,22.661001,-33.422001,-8.729000,NaN,-0.081960,true,Self-supervised model,0.242447,0.367000,0.579023,1.577719,0.685800,0.221352,2.926863,0.411701,false,false
2026-04-17T14:56:30.122725,0.193520,-5.870732,-0.916853,142.532,SE,7,0.912695,7,6.392962,1.171069,2.152402,0.576771,-0.610521,7.819463,5.827487,-0.046284,0.292317,-0.495049,0.576771,0.285885,0.664621,0.549779,0.908685,0.723500,22.661001,-33.422001,-8.729000,NaN,-0.088406,true,Self-supervised model,0.243322,0.375000,0.924253,2.464676,0.685800,0.221352,2.030389,0.634731,false,false
2026-04-17T14:56:30.131305,0.193520,-5.870732,-0.922750,142.870,SE,7,0.912695,7,6.392962,1.052388,2.130402,0.429315,-0.993594,7.965509,5.537788,-0.132456,0.284393,-0.293066,0.429315,0.226631,0.647517,0.483194,0.839117,0.686032,22.661001,-33.422001,-8.729000,NaN,-0.093790,true,Self-supervised model,0.238493,0.384000,1.262139,3.286821,0.685800,0.221352,2.451319,0.511628,false,false
2026-04-17T14:56:30.139319,0.193520,-5.870732,-0.928438,143.196,SE,7,0.912695,7,6.392962,0.974898,2.106181,0.568073,-1.084573,7.972692,5.719748,-0.155493,0.287270,0.464763,0.568073,0.169210,0.574824,0.437380,0.741860,0.599212,22.661001,-33.422001,-8.729000,NaN,-0.098641,true,Self-supervised model,0.236532,0.392000,1.588032,4.051101,0.685800,0.221352,1.716149,0.765742,false,false
2026-04-17T14:56:30.146922,0.193520,-5.870732,-0.933878,143.507,SE,7,0.912695,7,6.392962,1.039581,2.085517,1.379164,-1.113304,7.987057,6.461950,-0.476385,0.624866,1.133444,1.379164,0.165544,0.426995,0.412945,0.616647,0.457962,22.661001,-33.422001,-8.729000,NaN,-0.103087,true,Self-supervised model,0.328494,0.399000,1.899691,4.761130,0.685800,0.221352,0.753776,2.236556,false,false
2026-04-17T14:56:30.154829,0.193520,-5.870732,-0.939130,143.808,SE,7,0.912695,7,6.392962,1.162280,2.070588,1.806450,-1.436521,8.334216,7.117962,-0.585533,0.951488,1.419536,1.806450,0.208305,0.273057,0.427606,0.548450,0.343440,22.661001,-33.422001,-8.729000,NaN,-0.107589,true,Self-supervised model,0.377186,0.407000,2.200604,5.406890,0.685800,0.221352,0.643405,3.293736,false,false
2026-04-17T14:56:30.163401,0.193520,-5.870732,-0.944326,144.106,SE,7,0.912695,7,6.392962,1.269018,2.060525,1.829397,-1.539472,8.671799,7.390901,-0.341779,1.079286,1.437018,1.829397,0.244957,0.194255,0.463036,0.558696,0.312632,22.661001,-33.422001,-8.729000,NaN,-0.112560,true,Self-supervised model,0.385960,0.416000,2.498309,6.005549,0.685800,0.221352,0.693681,3.274404,false,false
2026-04-17T14:56:30.171080,0.193520,-5.870732,-0.949631,144.410,SE,7,0.912695,7,6.392962,1.380362,2.055319,1.964918,-1.280898,8.813056,7.393295,-0.112207,1.092771,1.629160,1.964918,0.167377,-0.075747,0.516792,0.548477,0.183719,22.661001,-33.422001,-8.729000,NaN,-0.118305,true,Self-supervised model,0.405202,0.424000,2.802300,6.609199,0.685800,0.221352,0.702504,3.582500,false,false
2026-04-17T14:56:30.178660,0.193520,-5.870732,-0.955098,144.723,SE,7,0.912695,7,6.392962,1.501442,2.055163,2.137109,-1.024718,8.839393,7.572860,-0.195526,0.627105,2.033653,2.137109,0.286496,-0.063530,0.491747,0.572652,0.293455,22.661001,-33.422001,-8.729000,NaN,-0.124417,true,Self-supervised model,0.428495,0.431000,3.115531,7.228611,0.685800,0.221352,0.702557,3.731950,false,false
2026-04-17T14:56:30.186924,0.193520,-5.870732,-0.960501,145.033,SE,7,0.912695,7,6.392962,1.659832,2.061350,2.491383,-1.072602,8.386889,7.965509,-0.662273,0.566993,2.333859,2.491383,0.567494,-0.064141,0.453873,0.729496,0.571107,22.661001,-33.422001,-8.729000,NaN,-0.129564,true,Self-supervised model,0.463448,0.439000,3.425099,7.802049,0.685800,0.221352,0.666229,3.415213,false,false
2026-04-17T14:56:30.194660,0.193520,-5.870732,-0.965830,145.338,SE,7,0.912695,7,6.392962,1.767862,2.071611,2.335018,-1.508347,8.350976,8.238448,-1.234347,0.802805,1.812237,2.335018,0.718378,-0.163101,0.502131,0.891518,0.736660,22.661001,-33.422001,-8.729000,NaN,-0.134597,true,Self-supervised model,0.454738,0.447000,3.730424,8.345468,0.685800,0.221352,0.757108,2.619149,false,false
2026-04-17T14:56:30.203468,0.193520,-5.870732,-0.971338,145.654,SE,7,0.912695,7,6.392962,1.864956,2.085345,2.374698,-2.044648,8.621520,7.675811,-1.919043,0.599191,1.263896,2.374698,0.749532,-0.213803,0.618196,0.994824,0.779429,22.661001,-33.422001,-8.729000,NaN,-0.140820,true,Self-supervised model,0.466355,0.456000,4.046000,8.872807,0.685800,0.221352,0.785345,2.387053,false,false
2026-04-17T14:56:30.210492,0.193520,-5.870732,-0.977343,145.998,SE,7,0.912695,7,6.392962,1.966986,2.102610,2.502646,-2.683900,8.456321,7.082048,-2.218524,0.385532,1.092133,2.502646,0.750143,-0.171042,0.745256,1.071156,0.769395,22.661001,-33.422001,-8.729000,NaN,-0.148816,true,Self-supervised model,0.476378,0.463000,4.390086,9.481828,0.685800,0.221352,0.785963,2.336397,false,false
2026-04-17T14:56:30.219244,0.193520,-5.870732,-0.984108,146.385,SE,7,0.912695,7,6.392962,2.029841,2.121699,2.359832,-2.930503,8.281544,6.864176,-2.130259,0.324917,0.961889,2.359832,0.752586,-0.103847,0.864374,1.150788,0.759717,22.661001,-33.422001,-8.729000,NaN,-0.158620,true,Self-supervised model,0.464067,0.472000,4.777703,10.122252,0.685800,0.221352,0.860164,2.050623,false,false
2026-04-17T14:56:30.227541,0.193520,-5.870732,-0.991954,146.835,SE,7,0.912695,7,6.392962,2.069036,2.141593,2.274804,-2.784456,8.259995,6.687006,-2.020061,0.324620,0.994339,2.274804,0.730595,-0.034819,1.025643,1.259732,0.731424,22.661001,-33.422001,-8.729000,NaN,-0.170789,true,Self-supervised model,0.440791,0.480000,5.227235,10.890072,0.685800,0.221352,0.909544,1.805784,false,false
2026-04-17T14:56:30.236501,0.193520,-5.870732,-1.001133,147.361,SE,7,0.912695,7,6.392962,2.105459,2.162148,2.296684,-2.609680,8.298303,6.672640,-2.027894,0.305678,1.033906,2.296684,0.735482,0.005498,1.187522,1.396844,0.735502,25.432001,-30.590002,-4.877000,NaN,-0.185298,true,Self-supervised model,0.420779,0.489000,5.753118,11.765068,0.685800,0.221352,0.916739,1.644195,false,false
2026-04-17T14:56:30.242485,0.193520,-5.870732,-1.011885,147.977,SE,7,0.912695,7,6.392962,2.137943,2.183179,2.308481,-2.545036,8.317456,6.665458,-2.018384,0.281634,1.084386,2.308481,0.756251,0.053756,1.357953,1.555263,0.758159,25.432001,-30.590002,-4.877000,NaN,-0.202348,true,Self-supervised model,0.338954,0.495000,6.369210,12.867091,0.685800,0.221352,0.926125,1.484303,false,false
2026-04-17T14:56:30.253894,0.193520,-5.870732,-1.024387,148.693,SE,7,0.912695,7,6.392962,2.143660,2.203599,2.173675,-2.454057,8.331821,6.667852,-1.911386,0.257282,1.002633,2.173675,0.777021,0.107512,1.493566,1.687026,0.784423,25.432001,-30.590002,-4.877000,NaN,-0.221847,true,Self-supervised model,0.369839,0.506000,7.085522,14.003008,0.685800,0.221352,0.986192,1.288465,false,false
2026-04-17T14:56:30.258993,0.193520,-5.870732,-1.038774,149.517,SE,7,0.912695,7,6.392962,2.107019,2.221735,1.914656,-2.257732,8.346188,6.536170,-1.756195,0.254703,0.718899,1.914656,0.789238,0.175318,1.638951,1.827511,0.808476,25.432001,-30.590002,-4.877000,NaN,-0.243774,true,Self-supervised model,0.229246,0.511000,7.909834,15.479127,0.685800,0.221352,1.100469,1.047686,false,false
2026-04-17T14:56:30.267532,0.193520,-5.870732,-1.055132,150.455,SE,7,0.912695,7,6.392962,2.014152,2.235432,1.526601,-2.006341,8.382100,6.200983,-1.439271,0.225107,0.456441,1.526601,0.773355,0.254731,1.755627,1.935250,0.814227,25.432001,-30.590002,-4.877000,NaN,-0.268015,true,Self-supervised model,0.229579,0.520000,8.847069,17.013594,0.685800,0.221352,1.319370,0.788840,false,false
2026-04-17T14:56:30.275133,0.193520,-5.870732,-1.073396,151.501,SE,7,0.912695,7,6.392962,1.877855,2.243129,1.162294,-1.587356,8.389283,5.887342,-1.093205,0.284736,0.273417,1.162294,0.737925,0.344528,1.834428,2.007078,0.814391,25.432001,-30.590002,-4.877000,NaN,-0.293904,true,Self-supervised model,0.195745,0.528000,9.893525,18.737736,0.685800,0.221352,1.615645,0.579098,false,false
2026-04-17T14:56:30.282567,0.193520,-5.870732,-1.093390,152.647,SE,7,0.912695,7,6.392962,1.701659,2.243470,0.776627,-1.137246,8.482656,5.655105,-0.543754,0.532699,0.153990,0.776627,0.684780,0.383623,1.853976,2.013285,0.784914,25.432001,-30.590002,-4.877000,NaN,-0.320814,true,Self-supervised model,0.195230,0.535000,11.039059,20.633755,0.685800,0.221352,2.191089,0.385751,false,false
2026-04-17T14:56:30.290963,0.193520,-5.870732,-1.114767,153.871,SE,7,0.912695,7,6.392962,1.588774,2.239282,0.996126,-0.483629,8.760384,5.489904,0.101647,0.909156,-0.394172,0.996126,0.544281,0.330478,1.822822,1.930838,0.636755,25.432001,-30.590002,-4.877000,NaN,-0.347726,true,Self-supervised model,0.181377,0.543000,12.263865,22.585388,0.685800,0.221352,1.594952,0.515904,false,false
2026-04-17T14:56:30.299264,0.193520,-5.870732,-1.137046,155.148,SE,7,0.912695,7,6.392962,1.613737,2.236261,1.744796,0.265756,9.160215,4.903325,1.292051,0.975961,-0.649938,1.744796,0.355524,0.405615,1.706758,1.789956,0.539370,25.432001,-30.590002,-4.877000,NaN,-0.373614,true,Self-supervised model,0.206779,0.552000,13.540376,24.529667,0.685800,0.221352,0.924886,0.974771,false,false
2026-04-17T14:56:30.306547,0.193520,-5.870732,-1.159517,156.435,SE,7,0.912695,7,6.392962,1.767972,2.239529,2.577706,1.553837,9.241618,4.620809,2.368422,0.908660,-0.457695,2.577706,0.129503,0.495412,1.488679,1.574283,0.512059,25.432001,-30.590002,-4.877000,NaN,-0.396852,true,Self-supervised model,0.248760,0.559000,14.827868,26.525703,0.685800,0.221352,0.685870,1.637384,false,false
2026-04-17T14:56:30.314768,0.193520,-5.870732,-1.181428,157.691,S,7,0.912695,7,6.392962,2.118186,2.256675,3.956811,2.712631,9.179369,4.800375,3.854126,0.883912,0.144095,3.956811,-0.066584,0.521068,1.238835,1.345607,0.525305,25.432001,-30.590002,-4.877000,NaN,-0.416523,true,Self-supervised model,0.336917,0.567000,16.083270,28.365556,0.685800,0.221352,0.535327,2.940541,false,false
2026-04-17T14:56:30.322682,0.193520,-5.870732,-1.201890,158.863,S,7,0.912695,7,6.392962,2.690017,2.296009,5.692129,4.264073,9.150639,5.403713,5.176505,1.398199,1.910280,5.692129,-0.342695,0.172264,0.884533,0.964113,0.383556,25.432001,-30.590002,-4.877000,NaN,-0.431191,true,Self-supervised model,0.419964,0.575000,17.255679,30.009877,0.685800,0.221352,0.472585,5.904008,false,false
2026-04-17T14:56:30.331240,0.193520,-5.870732,-1.220092,159.906,S,7,0.912695,7,6.392962,3.054123,2.348334,4.965681,5.638345,9.651027,7.187394,4.268053,2.126192,1.386007,4.965681,-0.395230,-0.007941,0.515570,0.649679,0.395310,25.432001,-30.590002,-4.877000,NaN,-0.440349,true,Self-supervised model,0.484523,0.584000,18.298543,31.333122,0.685800,0.221352,0.615046,7.643287,false,false
2026-04-17T14:56:30.339106,0.193520,-5.870732,-1.235529,160.791,S,7,0.912695,7,6.392962,3.141999,2.402080,3.603348,4.771644,10.359711,6.689400,2.718207,2.083505,1.120031,3.603348,-0.360410,-0.078191,0.240681,0.440383,0.368795,25.432001,-30.590002,-4.877000,NaN,-0.444731,true,Self-supervised model,0.462207,0.592000,19.183052,32.403805,0.685800,0.221352,0.871967,8.182312,false,false
2026-04-17T14:56:30.346616,0.193520,-5.870732,-1.248288,161.522,S,7,0.912695,7,6.392962,2.997268,2.447888,2.237428,3.246537,10.299856,6.447585,0.959558,1.325827,1.525620,2.237428,-0.342085,0.090408,0.148440,0.383706,0.353830,25.432001,-30.590002,-4.877000,NaN,-0.446773,true,Self-supervised model,0.351052,0.599000,19.914057,33.245504,0.685800,0.221352,1.339604,5.831106,false,false
2026-04-17T14:56:30.354823,0.193520,-5.870732,-1.258889,162.129,S,7,0.912695,7,6.392962,2.896810,2.487845,2.369404,1.498770,9.526528,6.876147,-0.645728,0.659492,2.182242,2.369404,-0.267559,0.389121,0.197309,0.511795,0.472232,25.432001,-30.590002,-4.877000,NaN,-0.448748,true,Self-supervised model,0.380680,0.607000,20.521495,33.808064,0.685800,0.221352,1.222590,4.629597,false,false
2026-04-17T14:56:30.362977,0.193520,-5.870732,-1.268189,162.662,S,7,0.912695,7,6.392962,2.956964,2.528609,3.272775,-0.107739,8.846576,7.553706,-1.563311,0.162807,2.870646,3.272775,-0.091630,0.535729,0.373239,0.659324,0.543508,25.432001,-30.590002,-4.877000,NaN,-0.452838,true,Self-supervised model,0.485206,0.615000,21.054309,34.234649,0.685800,0.221352,0.903504,4.963833,false,false
2026-04-17T14:56:30.370933,0.193520,-5.870732,-1.277019,163.168,S,7,0.912695,7,6.392962,3.086916,2.572942,3.769165,-1.027112,8.341399,8.255207,-1.778698,-0.208056,3.316556,3.769165,0.147219,0.461814,0.552833,0.735235,0.484712,25.432001,-30.590002,-4.877000,NaN,-0.459793,true,Self-supervised model,0.516182,0.623000,21.560259,34.607157,0.685800,0.221352,0.818992,5.126479,false,false
2026-04-17T14:56:30.378683,0.193520,-5.870732,-1.285989,163.682,S,7,0.912695,7,6.392962,3.168214,2.618752,3.595024,-1.233014,7.970297,8.700529,-1.512058,-0.329933,3.244846,3.595024,0.363465,0.307876,0.671952,0.823659,0.476334,25.432001,-30.590002,-4.877000,NaN,-0.469320,true,Self-supervised model,0.500389,0.631000,22.074196,34.982877,0.685800,0.221352,0.881277,4.364702,false,false
2026-04-17T14:56:30.387875,0.193520,-5.870732,-1.295433,164.223,S,7,0.912695,7,6.392962,3.122328,2.660895,2.881429,-0.940921,7.857770,8.611943,-0.890511,-0.252325,2.728728,2.881429,0.577268,0.143553,0.748310,0.955936,0.594849,25.432001,-30.590002,-4.877000,NaN,-0.480662,true,Self-supervised model,0.431064,0.640000,22.615311,35.336423,0.685800,0.221352,1.083604,3.014250,false,false
2026-04-17T14:56:30.395113,0.193520,-5.870732,-1.305432,164.796,S,7,0.912695,7,6.392962,2.971752,2.695330,2.181225,-0.280122,7.953538,8.063671,-0.395159,-0.220006,2.133821,2.181225,0.736093,0.084910,0.751975,1.055703,0.740974,20.001001,-31.312002,-0.639000,NaN,-0.492877,true,Self-supervised model,0.310679,0.648000,23.188184,35.784235,0.685800,0.221352,1.362423,2.066135,false,false
2026-04-17T14:56:30.404131,0.193520,-5.870732,-1.315868,165.394,S,7,0.912695,7,6.392962,2.743004,2.719237,1.542082,0.260968,8.010999,7.424419,0.021052,-0.244699,1.522398,1.542082,0.827722,0.133779,0.712880,1.100554,0.838464,20.001001,-31.312002,-0.639000,NaN,-0.505065,true,Self-supervised model,0.263030,0.657000,23.786141,36.204173,0.685800,0.221352,1.778767,1.401187,false,false
2026-04-17T14:56:30.410585,0.193520,-5.870732,-1.326563,166.006,S,7,0.912695,7,6.392962,2.480842,2.731701,1.104487,0.720655,8.015787,6.761226,0.325450,-0.322999,1.004811,1.104487,0.899805,0.257785,0.651793,1.140586,0.936003,20.001001,-31.312002,-0.639000,NaN,-0.516793,true,Self-supervised model,0.227932,0.663000,24.398899,36.800752,0.685800,0.221352,2.246148,0.968351,false,false
2026-04-17T14:56:30.419150,0.193520,-5.870732,-1.337353,166.625,S,7,0.912695,7,6.392962,2.218197,2.733161,0.839314,1.060631,7.970297,6.186617,0.471515,-0.398260,0.568780,0.839314,0.938900,0.406225,0.593761,1.182837,1.023011,20.001001,-31.312002,-0.639000,NaN,-0.527964,true,Self-supervised model,0.225744,0.672000,25.017122,37.227860,0.685800,0.221352,2.642869,0.709577,false,false
2026-04-17T14:56:30.426733,0.193520,-5.870732,-1.348093,167.240,S,7,0.912695,7,6.392962,1.985647,2.725260,0.764761,1.233014,7.929596,5.691018,0.528332,-0.456631,0.311791,0.764761,0.941343,0.538783,0.538783,1.211075,1.084626,20.001001,-31.312002,-0.639000,NaN,-0.538503,true,Self-supervised model,0.215141,0.679000,25.632461,37.750310,0.685800,0.221352,2.596428,0.631473,false,false
2026-04-17T14:56:30.437434,0.193520,-5.870732,-1.358659,167.845,S,7,0.912695,7,6.392962,1.783021,2.709571,0.719229,1.307234,7.905654,5.374983,0.479821,-0.534656,0.034725,0.719229,0.907746,0.622472,0.495412,1.207024,1.100670,20.001001,-31.312002,-0.639000,NaN,-0.548375,true,Self-supervised model,0.213859,0.690000,26.237866,38.025893,0.685800,0.221352,2.479071,0.595870,false,false
2026-04-17T14:56:30.442620,0.193520,-5.870732,-1.368925,168.434,S,7,0.912695,7,6.392962,1.612586,2.687691,0.717806,1.268927,7.860164,5.042189,0.331884,-0.633553,-0.060910,0.717806,0.839940,0.684780,0.439823,1.169558,1.083708,20.001001,-31.312002,-0.639000,NaN,-0.557439,true,Self-supervised model,0.191488,0.695000,26.826055,38.598641,0.685800,0.221352,2.246549,0.613741,false,false
2026-04-17T14:56:30.452724,0.193520,-5.870732,-1.378757,168.997,S,7,0.912695,7,6.392962,1.484253,2.661554,0.810503,1.125275,7.790732,4.896142,0.164707,-0.786224,-0.107883,0.810503,0.754419,0.701273,0.380569,1.098073,1.030015,20.001001,-31.312002,-0.639000,NaN,-0.565538,true,Self-supervised model,0.197392,0.705000,27.389405,38.850220,0.685800,0.221352,1.831274,0.738114,false,false
2026-04-17T14:56:30.458460,0.193520,-5.870732,-1.387932,169.523,S,7,0.912695,7,6.392962,1.399017,2.633052,0.951528,0.957681,7.663840,4.805163,0.014174,-0.940361,-0.144654,0.951528,0.666454,0.690278,0.325591,1.013239,0.959502,20.001001,-31.312002,-0.639000,NaN,-0.572085,true,Self-supervised model,0.172380,0.711000,27.915113,39.261763,0.685800,0.221352,1.470285,0.939095,false,false
2026-04-17T14:56:30.467471,0.193520,-5.870732,-1.396479,170.012,S,7,0.912695,7,6.392962,1.359504,2.604110,1.152061,0.804452,7.517793,4.754885,-0.137424,-1.128645,-0.185796,1.152061,0.589485,0.679282,0.278555,0.941546,0.899398,20.001001,-31.312002,-0.639000,NaN,-0.578116,true,Self-supervised model,0.200058,0.720000,28.404792,39.451100,0.685800,0.221352,1.180062,1.223584,false,false
2026-04-17T14:56:30.474841,0.193520,-5.870732,-1.404319,170.462,S,7,0.912695,7,6.392962,1.344262,2.575716,1.264243,0.646434,7.347805,4.683059,-0.185050,-1.240026,-0.162491,1.264243,0.499077,0.682336,0.220522,0.873665,0.845376,20.001001,-31.312002,-0.639000,NaN,-0.583132,true,Self-supervised model,0.205168,0.727000,28.854013,39.689151,0.685800,0.221352,1.063294,1.447056,false,false
2026-04-17T14:56:30.482455,0.193520,-5.870732,-1.411379,170.866,S,7,0.912695,7,6.392962,1.340616,2.548312,1.321476,0.588974,7.252037,4.680665,-0.163702,-1.308639,-0.083455,1.321476,0.425773,0.698830,0.157603,0.833357,0.818319,20.001001,-31.312002,-0.639000,NaN,-0.587068,true,Self-supervised model,0.214635,0.735000,29.258489,39.807468,0.685800,0.221352,1.014484,1.585725,false,false
2026-04-17T14:56:30.490515,0.193520,-5.870732,-1.417570,171.221,S,7,0.912695,7,6.392962,1.332898,2.521696,1.292373,0.596156,7.196970,4.738125,-0.161249,-1.282268,0.004096,1.292373,0.370184,0.711047,0.087965,0.806450,0.801639,20.001001,-31.312002,-0.639000,NaN,-0.589784,true,Self-supervised model,0.220268,0.743000,29.613195,39.856252,0.685800,0.221352,1.031356,1.602545,false,false
2026-04-17T14:56:30.499381,0.193520,-5.870732,-1.422774,171.519,S,7,0.912695,7,6.392962,1.314336,2.495401,1.216887,0.579397,7.235278,4.807557,-0.216791,-1.196768,0.039524,1.216887,0.337808,0.714712,0.025656,0.790940,0.790524,20.001001,-31.312002,-0.639000,NaN,-0.591044,true,Self-supervised model,0.218227,0.752000,29.911394,39.775790,0.685800,0.221352,1.080081,1.538532,false,false
2026-04-17T14:56:30.506917,0.193520,-5.870732,-1.426965,171.759,S,7,0.912695,7,6.392962,1.288371,2.469120,1.152053,0.500388,7.323863,4.841076,-0.355755,-1.095447,0.025717,1.152053,0.312152,0.721432,-0.037874,0.786980,0.786068,20.001001,-31.312002,-0.639000,NaN,-0.591181,true,Self-supervised model,0.215204,0.759000,30.151532,39.725338,0.685800,0.221352,1.118326,1.463891,false,false
2026-04-17T14:56:30.514975,0.193520,-5.870732,-1.430153,171.942,S,7,0.912695,7,6.392962,1.253002,2.442475,1.067317,0.332794,7.429208,4.824317,-0.509442,-0.937347,0.031847,1.067317,0.298102,0.731206,-0.084299,0.794124,0.789637,20.001001,-31.312002,-0.639000,NaN,-0.590355,true,Self-supervised model,0.214864,0.767000,30.334177,39.549123,0.685800,0.221352,1.173973,1.344018,false,false
2026-04-17T14:56:30.522516,0.193520,-5.870732,-1.432391,172.070,S,7,0.912695,7,6.392962,1.230389,2.415992,1.111673,0.146046,7.592013,4.826711,-0.752951,-0.810972,0.105855,1.111673,0.298713,0.738536,-0.108123,0.803962,0.796659,20.001001,-31.312002,-0.639000,NaN,-0.588796,true,Self-supervised model,0.221837,0.775000,30.462430,39.306361,0.685800,0.221352,1.106791,1.382742,false,false
2026-04-17T14:56:30.531612,0.193520,-5.870732,-1.433785,172.150,S,7,0.912695,7,6.392962,1.224397,2.390328,1.192938,-0.134075,7.723695,4.896142,-0.922248,-0.718852,0.236248,1.192938,0.323759,0.745256,-0.113621,0.820448,0.812543,20.001001,-31.312002,-0.639000,NaN,-0.586812,true,Self-supervised model,0.235542,0.784000,30.542290,38.957002,0.685800,0.221352,1.026371,1.454008,false,false
2026-04-17T14:56:30.539067,0.193520,-5.870732,-1.434487,172.190,S,7,0.912695,7,6.392962,1.235315,2.366128,1.292636,-0.342371,7.821857,5.020641,-1.056900,-0.680979,0.300231,1.292636,0.378126,0.747088,-0.095295,0.842734,0.837329,20.001001,-31.312002,-0.639000,NaN,-0.584743,true,Self-supervised model,0.248123,0.791000,30.582467,38.663043,0.685800,0.221352,0.955656,1.533860,false,false
2026-04-17T14:56:30.547365,0.193520,-5.870732,-1.434688,172.202,S,7,0.912695,7,6.392962,1.247252,2.343373,1.309919,-0.517148,7.867347,5.075707,-1.105857,-0.657370,0.246645,1.309919,0.450819,0.744645,-0.059865,0.872535,0.870479,20.001001,-31.312002,-0.639000,NaN,-0.582944,true,Self-supervised model,0.251160,0.800000,30.594000,38.242500,0.685800,0.221352,0.952159,1.501281,false,false
2026-04-17T14:56:30.555092,0.193520,-5.870732,-1.434606,172.197,S,7,0.912695,7,6.392962,1.245875,2.321473,1.238647,-0.605733,7.900866,5.008670,-1.080436,-0.605563,-0.014129,1.238647,0.522290,0.734871,-0.012828,0.901658,0.901566,18.846001,-31.568001,-0.644000,NaN,-0.581729,true,Self-supervised model,0.242311,0.808000,30.589295,37.858038,0.685800,0.221352,1.005836,1.373744,false,false
2026-04-17T14:56:30.562848,0.193520,-5.870732,-1.434489,172.190,S,7,0.912695,7,6.392962,1.236297,2.300066,1.186013,-0.617704,7.965509,4.728549,-0.986918,-0.537316,-0.379355,1.186013,0.558331,0.737925,0.051313,0.926769,0.925347,18.846001,-31.568001,-0.644000,NaN,-0.581474,true,Self-supervised model,0.235511,0.815000,30.582609,37.524674,0.685800,0.221352,1.042398,1.279729,false,false
2026-04-17T14:56:30.571379,0.193520,-5.870732,-1.434557,172.194,S,7,0.912695,7,6.392962,1.226888,2.279139,1.177488,-0.557849,8.049306,4.338294,-0.842495,-0.415481,-0.709970,1.177488,0.558942,0.755029,0.119730,0.947006,0.939407,18.846001,-31.568001,-0.644000,NaN,-0.582280,true,Self-supervised model,0.234285,0.824000,30.586507,37.119547,0.685800,0.221352,1.041953,1.243380,false,false
2026-04-17T14:56:30.578584,0.193520,-5.870732,-1.434992,172.219,S,7,0.912695,7,6.392962,1.226199,2.259021,1.222584,-0.442927,8.188169,3.979163,-0.709764,-0.307885,-0.946654,1.222584,0.512516,0.762360,0.186314,0.937325,0.918621,18.846001,-31.568001,-0.644000,NaN,-0.584185,true,Self-supervised model,0.238389,0.831000,30.611451,36.836884,0.685800,0.221352,1.002957,1.304333,false,false
2026-04-17T14:56:30.586874,0.193520,-5.870732,-1.435928,172.273,S,7,0.912695,7,6.392962,1.239478,2.240239,1.309188,-0.335188,8.312668,3.713407,-0.589195,-0.198654,-1.152111,1.309188,0.436769,0.752586,0.240681,0.902818,0.870145,18.846001,-31.568001,-0.644000,NaN,-0.587121,true,Self-supervised model,0.248375,0.839000,30.665047,36.549519,0.685800,0.221352,0.946753,1.450114,false,false
2026-04-17T14:56:30.594392,0.193520,-5.870732,-1.437480,172.362,S,7,0.912695,7,6.392962,1.257080,2.222913,1.349492,-0.234632,8.437167,3.481169,-0.439111,-0.201005,-1.260122,1.349492,0.311541,0.711047,0.304822,0.834004,0.776303,18.846001,-31.568001,-0.644000,NaN,-0.591139,true,Self-supervised model,0.253370,0.847000,30.753972,36.309294,0.685800,0.221352,0.931521,1.618089,false,false
2026-04-17T14:56:30.603668,0.193520,-5.870732,-1.439882,172.499,S,7,0.912695,7,6.392962,1.257769,2.206307,1.261386,-0.098162,8.446744,3.351882,-0.326867,-0.363990,-1.162653,1.261386,0.174707,0.634078,0.356134,0.747937,0.657706,18.846001,-31.568001,-0.644000,NaN,-0.596941,true,Self-supervised model,0.246419,0.856000,30.891593,36.088309,0.685800,0.221352,0.997133,1.686487,false,false
2026-04-17T14:56:30.610392,0.193520,-5.870732,-1.443061,172.681,S,7,0.912695,7,6.392962,1.240644,2.189681,1.150740,0.011971,8.291121,3.435679,-0.184428,-0.582174,-0.975326,1.150740,0.051924,0.544281,0.379958,0.665812,0.546752,18.846001,-31.568001,-0.644000,NaN,-0.603227,true,Self-supervised model,0.230701,0.863000,31.073728,36.006637,0.685800,0.221352,1.078127,1.728325,false,false
2026-04-17T14:56:30.618652,0.193520,-5.870732,-1.446883,172.900,S,7,0.912695,7,6.392962,1.222633,2.172999,1.128072,0.158017,8.075643,3.617639,-0.098706,-0.813620,-0.775130,1.128072,-0.021380,0.469145,0.382402,0.605628,0.469631,18.846001,-31.568001,-0.644000,NaN,-0.609625,true,Self-supervised model,0.232412,0.871000,31.292746,35.927377,0.685800,0.221352,1.083825,1.862649,false,false
2026-04-17T14:56:30.626612,0.193520,-5.870732,-1.451192,173.147,S,7,0.912695,7,6.392962,1.213230,2.156608,1.163866,0.251391,7.843405,3.818752,-0.058572,-0.975659,-0.631857,1.163866,-0.073304,0.403782,0.375071,0.555960,0.410382,18.846001,-31.568001,-0.644000,NaN,-0.615878,true,Self-supervised model,0.234859,0.879000,31.539615,35.881246,0.685800,0.221352,1.042414,2.093435,false,false
2026-04-17T14:56:30.635545,0.193520,-5.870732,-1.455859,173.415,S,7,0.912695,7,6.392962,1.197184,2.140231,1.112943,0.301669,7.678205,3.967192,-0.026963,-0.964178,-0.555227,1.112943,-0.093462,0.364687,0.368352,0.526702,0.376472,18.846001,-31.568001,-0.644000,NaN,-0.621977,true,Self-supervised model,0.231760,0.888000,31.806997,35.818690,0.685800,0.221352,1.075692,2.113044,false,false
2026-04-17T14:56:30.642686,0.193520,-5.870732,-1.460773,173.696,S,7,0.912695,7,6.392962,1.176641,2.123687,1.068790,0.344765,7.685388,4.050989,-0.035691,-0.924085,-0.535822,1.068790,-0.083689,0.361632,0.365908,0.521220,0.371189,18.846001,-31.568001,-0.644000,NaN,-0.627882,true,Self-supervised model,0.224778,0.895000,32.088576,35.853157,0.685800,0.221352,1.100909,2.050554,false,false
2026-04-17T14:56:30.652008,0.193520,-5.870732,-1.465907,173.990,S,7,0.912695,7,6.392962,1.155152,2.106946,1.042333,0.347159,7.721301,4.077325,-0.056455,-0.850900,-0.599367,1.042333,-0.070250,0.378736,0.371406,0.535088,0.385196,18.846001,-31.568001,-0.644000,NaN,-0.633896,true,Self-supervised model,0.225361,0.904000,32.382753,35.821629,0.685800,0.221352,1.108237,1.947967,false,false
2026-04-17T14:56:30.658559,0.193520,-5.870732,-1.471264,174.297,S,7,0.912695,7,6.392962,1.129795,2.089860,0.996671,0.337582,7.790732,4.019865,-0.079292,-0.773533,-0.623467,0.996671,-0.050091,0.419664,0.386678,0.572841,0.422643,18.846001,-31.568001,-0.644000,NaN,-0.640141,true,Self-supervised model,0.212284,0.911000,32.689652,35.883262,0.685800,0.221352,1.133569,1.739873,false,false
2026-04-17T14:56:30.667023,0.193520,-5.870732,-1.476863,174.618,S,7,0.912695,7,6.392962,1.097796,2.072177,0.929804,0.325611,7.864953,4.000711,-0.023053,-0.663215,-0.651268,0.929804,-0.034208,0.453262,0.408058,0.610842,0.454551,18.846001,-31.568001,-0.644000,NaN,-0.646712,true,Self-supervised model,0.210311,0.919000,33.010477,35.919997,0.685800,0.221352,1.180676,1.522167,false,false
2026-04-17T14:56:30.674590,0.193520,-5.870732,-1.482752,174.955,S,7,0.912695,7,6.392962,1.067743,2.054000,0.909961,0.392649,7.972692,3.976769,0.037157,-0.610664,-0.673600,0.909961,-0.026267,0.474031,0.434936,0.643867,0.474759,18.846001,-31.568001,-0.644000,NaN,-0.653757,true,Self-supervised model,0.204469,0.927000,33.347866,35.973966,0.685800,0.221352,1.173394,1.413273,false,false
2026-04-17T14:56:30.682747,0.193520,-5.870732,-1.488936,175.310,S,7,0.912695,7,6.392962,1.045776,2.035671,0.930452,0.464475,8.022970,3.957615,0.127704,-0.618052,-0.683699,0.930452,-0.025045,0.489303,0.452040,0.666622,0.489944,18.846001,-31.568001,-0.644000,NaN,-0.661126,true,Self-supervised model,0.206617,0.935000,33.702211,36.045145,0.685800,0.221352,1.123944,1.395772,false,false
2026-04-17T14:56:30.690661,0.193520,-5.870732,-1.495410,175.681,S,7,0.912695,7,6.392962,1.024096,2.017208,0.910274,0.567426,8.013393,3.950433,0.248994,-0.577318,-0.658258,0.910274,-0.032376,0.513738,0.463647,0.692779,0.514757,18.846001,-31.568001,-0.644000,NaN,-0.668754,true,Self-supervised model,0.199654,0.943000,34.073100,36.132662,0.685800,0.221352,1.125042,1.313945,false,false
2026-04-17T14:56:30.699171,0.193520,-5.870732,-1.502142,176.066,S,7,0.912695,7,6.392962,0.996502,1.998380,0.851636,0.701501,8.051701,3.979163,0.392270,-0.498002,-0.568685,0.851636,-0.042150,0.550390,0.469145,0.724432,0.552001,18.846001,-31.568001,-0.644000,NaN,-0.676525,true,Self-supervised model,0.194763,0.952000,34.458863,36.196284,0.685800,0.221352,1.170103,1.175592,false,false
2026-04-17T14:56:30.707506,0.193520,-5.870732,-1.509087,176.464,S,7,0.912695,7,6.392962,0.964883,1.979040,0.798879,0.857124,8.128315,4.072537,0.460323,-0.435330,-0.486619,0.798879,-0.045815,0.595594,0.466701,0.758051,0.597353,18.846001,-31.568001,-0.644000,NaN,-0.684314,true,Self-supervised model,0.188146,0.960000,34.856732,36.309096,0.685800,0.221352,1.207795,1.053860,false,false
2026-04-17T14:56:30.714747,0.193520,-5.870732,-1.516201,176.872,S,7,0.912695,7,6.392962,0.917984,1.958598,0.671766,0.936133,8.188169,4.158728,0.505921,-0.329683,-0.294316,0.671766,-0.042761,0.635911,0.459982,0.785999,0.637347,17.879002,-28.376001,5.502000,NaN,-0.692112,true,Self-supervised model,0.177608,0.967000,35.264386,36.467824,0.685800,0.221352,1.366523,0.854665,false,false
2026-04-17T14:56:30.722628,0.193520,-5.870732,-1.523452,177.287,S,7,0.912695,7,6.392962,0.855473,1.936473,0.527292,0.991199,8.291121,4.355053,0.490790,-0.176392,-0.077768,0.527292,-0.036041,0.678671,0.449597,0.814881,0.679628,17.879002,-28.376001,5.502000,NaN,-0.699904,true,Self-supervised model,0.176221,0.975000,35.679798,36.594665,0.685800,0.221352,1.622390,0.647078,false,false
2026-04-17T14:56:30.731027,0.193520,-5.870732,-1.530818,177.709,S,7,0.912695,7,6.392962,0.782277,1.912305,0.397997,0.984017,8.441956,4.575319,0.387904,-0.044896,0.076921,0.397997,-0.032376,0.692721,0.448375,0.825803,0.693477,17.879002,-28.376001,5.502000,NaN,-0.707736,true,Self-supervised model,0.183432,0.983000,36.101873,36.726219,0.685800,0.221352,1.965535,0.481951,false,false
2026-04-17T14:56:30.739448,0.193520,-5.870732,-1.538298,178.138,S,7,0.912695,7,6.392962,0.718311,1.886545,0.382488,0.888249,8.571242,4.733337,0.243301,0.125089,0.267310,0.382488,-0.031154,0.665232,0.456927,0.807643,0.665961,17.879002,-28.376001,5.502000,NaN,-0.715669,true,Self-supervised model,0.178757,0.992000,36.530438,36.825039,0.685800,0.221352,1.877995,0.473586,false,false
2026-04-17T14:56:30.746550,0.193520,-5.870732,-1.545897,178.573,S,7,0.912695,7,6.392962,0.682157,1.860370,0.492347,0.751779,8.738836,4.927267,0.094418,0.271555,0.399686,0.492347,-0.037263,0.628580,0.472199,0.787066,0.629684,17.879002,-28.376001,5.502000,NaN,-0.723743,true,Self-supervised model,0.163543,0.999000,36.965817,37.002820,0.685800,0.221352,1.385519,0.625548,false,false
2026-04-17T14:56:30.754912,0.193520,-5.870732,-1.553635,179.017,S,7,0.912695,7,6.392962,0.668088,1.834678,0.594225,0.612916,8.882488,5.063736,-0.018777,0.370957,0.463834,0.594225,-0.051924,0.585820,0.501520,0.772919,0.588116,17.879002,-28.376001,5.502000,NaN,-0.732039,true,Self-supervised model,0.169705,1.007000,37.409185,37.149141,0.685800,0.221352,1.124300,0.768807,false,false
2026-04-17T14:56:30.763205,0.193520,-5.870732,-1.561538,179.470,S,7,0.912695,7,6.392962,0.667152,1.809977,0.662237,0.512359,8.978256,5.133168,-0.074318,0.404387,0.519140,0.662237,-0.076358,0.569937,0.531453,0.783008,0.575030,17.879002,-28.376001,5.502000,NaN,-0.740600,true,Self-supervised model,0.176783,1.016000,37.861975,37.265724,0.685800,0.221352,1.007421,0.845760,false,false
2026-04-17T14:56:30.770810,0.193520,-5.870732,-1.569618,179.932,S,7,0.912695,7,6.392962,0.700392,1.787594,0.874903,0.471658,9.006987,5.195418,-0.137503,0.446241,0.739876,0.874903,-0.098960,0.605978,0.546724,0.822138,0.614006,17.879002,-28.376001,5.502000,NaN,-0.749389,true,Self-supervised model,0.197479,1.023000,38.324917,37.463262,0.685800,0.221352,0.800537,1.064180,false,false
2026-04-17T14:56:30.779195,0.193520,-5.870732,-1.577834,180.403,S,7,0.912695,7,6.392962,0.789933,1.769687,1.260027,0.423774,9.042900,5.425261,-0.128713,0.515683,1.142441,1.260027,-0.106901,0.689056,0.546724,0.886078,0.697299,17.879002,-28.376001,5.502000,NaN,-0.758151,true,Self-supervised model,0.232576,1.032000,38.795683,37.592716,0.685800,0.221352,0.626918,1.422028,false,false
2026-04-17T14:56:30.787019,0.193520,-5.870732,-1.586097,180.877,S,7,0.912695,7,6.392962,0.951566,1.758963,1.800137,0.445322,9.105149,5.839458,-0.108286,0.567260,1.704988,1.800137,-0.071471,0.768468,0.536951,0.940196,0.771785,17.879002,-28.376001,5.502000,NaN,-0.766599,true,Self-supervised model,0.256969,1.039000,39.269103,37.795094,0.685800,0.221352,0.528607,1.914641,false,false
2026-04-17T14:56:30.794677,0.193520,-5.870732,-1.594313,181.347,S,7,0.912695,7,6.392962,1.136524,1.756065,2.107555,0.474052,9.148245,6.416461,-0.161990,0.603362,2.012834,2.107555,0.013439,0.842994,0.512516,0.986657,0.843101,17.879002,-28.376001,5.502000,NaN,-0.774628,true,Self-supervised model,0.267152,1.047000,39.739845,37.955917,0.685800,0.221352,0.539262,2.136056,false,false
2026-04-17T14:56:30.803860,0.193520,-5.870732,-1.602533,181.818,S,7,0.912695,7,6.392962,1.322323,1.760715,2.297765,0.423774,9.176975,6.737284,-0.253738,0.635198,2.193597,2.297765,0.096517,0.902248,0.497244,1.034707,0.907396,17.879002,-28.376001,5.502000,NaN,-0.782865,true,Self-supervised model,0.280985,1.056000,40.210826,38.078433,0.685800,0.221352,0.575482,2.220692,false,false
2026-04-17T14:56:30.810684,0.193520,-5.870732,-1.610748,182.289,S,7,0.912695,7,6.392962,1.558752,1.774637,2.800006,0.332794,9.208099,6.919243,-0.174626,0.796871,2.678532,2.800006,0.215635,0.947452,0.472199,1.080341,0.971681,17.879002,-28.376001,5.502000,NaN,-0.791060,true,Self-supervised model,0.284288,1.063000,40.681516,38.270476,0.685800,0.221352,0.556696,2.591781,false,false
2026-04-17T14:56:30.819437,0.193520,-5.870732,-1.618943,182.759,S,7,0.912695,7,6.392962,1.803111,1.797776,3.085997,0.409408,9.373300,7.398083,-0.152165,1.110438,2.875265,3.085997,0.370795,0.894307,0.446543,1.066149,0.968129,17.879002,-28.376001,5.502000,NaN,-0.799176,true,Self-supervised model,0.315420,1.072000,41.151068,38.387190,0.685800,0.221352,0.584288,2.894527,false,false
2026-04-17T14:56:30.826320,0.193520,-5.870732,-1.627117,183.227,S,7,0.912695,7,6.392962,1.996904,1.827741,3.014314,0.428562,9.696517,7.577648,-0.165206,1.260314,2.733204,3.014314,0.521068,0.786184,0.424551,1.034331,0.943184,17.879002,-28.376001,5.502000,NaN,-0.807261,true,Self-supervised model,0.299456,1.079000,41.619363,38.572163,0.685800,0.221352,0.662474,2.914265,false,false
2026-04-17T14:56:30.835389,0.193520,-5.870732,-1.635270,183.694,S,7,0.912695,7,6.392962,2.088938,1.860189,2.572120,0.414197,9.861717,7.407660,-0.334112,1.226033,2.236294,2.572120,0.621861,0.701273,0.408669,1.022500,0.937281,17.879002,-28.376001,5.502000,NaN,-0.815335,true,Self-supervised model,0.295372,1.088000,42.086520,38.682463,0.685800,0.221352,0.812147,2.515522,false,false
2026-04-17T14:56:30.842370,0.193520,-5.870732,-1.643424,184.161,S,7,0.912695,7,6.392962,2.051090,1.889825,1.852383,0.246603,9.847352,6.873753,-0.579062,1.071765,1.395468,1.852383,0.671341,0.659734,0.402560,1.023720,0.941248,17.879002,-28.376001,5.502000,NaN,-0.823491,true,Self-supervised model,0.217862,1.095000,42.553703,38.861829,0.685800,0.221352,1.107271,1.809463,false,false
2026-04-17T14:56:30.852136,0.193520,-5.870732,-1.651613,184.630,S,7,0.912695,7,6.392962,1.956582,1.914495,1.460414,0.004788,9.715671,5.990293,-0.869740,0.992435,0.625648,1.460414,0.625526,0.715323,0.417221,1.037807,0.950247,17.879002,-28.376001,5.502000,NaN,-0.831818,true,Self-supervised model,0.212479,1.105000,43.022874,38.934727,0.685800,0.221352,1.339744,1.407212,false,false
2026-04-17T14:56:30.858563,0.193520,-5.870732,-1.659886,185.104,S,7,0.912695,7,6.392962,1.879889,1.935111,1.477255,-0.282516,9.658210,5.178658,-1.000033,1.039066,0.320247,1.477255,0.497855,0.869261,0.447153,1.097005,1.001736,17.879002,-28.376001,5.502000,NaN,-0.840432,true,Self-supervised model,0.188674,1.111000,43.496912,39.151136,0.685800,0.221352,1.272556,1.346625,false,false
2026-04-17T14:56:30.869787,0.193520,-5.870732,-1.668294,185.586,S,7,0.912695,7,6.392962,1.833534,1.953048,1.590167,-0.411803,9.722853,4.838682,-1.081892,1.098238,0.389890,1.590167,0.359800,1.009149,0.480751,1.174291,1.071372,17.879002,-28.376001,5.502000,NaN,-0.849376,true,Self-supervised model,0.207124,1.122000,43.978643,39.196652,0.685800,0.221352,1.153045,1.354150,false,false
2026-04-17T14:56:30.875162,0.193520,-5.870732,-1.676873,186.078,S,7,0.912695,7,6.392962,1.835423,1.970343,1.845343,-0.495600,9.794679,4.884171,-1.221979,1.134475,0.790585,1.845343,0.205251,1.109331,0.520457,1.242425,1.128159,14.979001,-25.979002,8.276000,NaN,-0.858641,true,Self-supervised model,0.177115,1.128000,44.470198,39.423934,0.685800,0.221352,0.994625,1.485275,false,false
2026-04-17T14:56:30.882698,0.193520,-5.870732,-1.685693,186.583,S,7,0.912695,7,6.392962,1.880647,1.988755,2.118074,-0.639252,9.837775,5.272032,-1.327904,1.043794,1.278047,2.118074,0.089186,1.122159,0.571159,1.262307,1.125698,14.979001,-25.979002,8.276000,NaN,-0.868423,true,Self-supervised model,0.209601,1.135000,44.975525,39.626013,0.685800,0.221352,0.887904,1.677939,false,false
2026-04-17T14:56:30.890493,0.193520,-5.870732,-1.694861,187.108,S,7,0.912695,7,6.392962,1.953700,2.009353,2.337229,-0.746991,9.749189,5.755661,-1.259234,0.905900,1.748231,2.337229,0.034819,1.060462,0.629191,1.233561,1.061034,14.979001,-25.979002,8.276000,NaN,-0.878985,true,Self-supervised model,0.223046,1.143000,45.500824,39.808245,0.685800,0.221352,0.835905,1.894700,false,false
2026-04-17T14:56:30.899100,0.193520,-5.870732,-1.704485,187.660,S,7,0.912695,7,6.392962,2.026155,2.032025,2.406545,-0.675165,9.610326,6.227319,-1.142265,0.649323,2.016201,2.406545,0.032987,0.964556,0.674395,1.177398,0.965120,14.979001,-25.979002,8.276000,NaN,-0.890434,true,Self-supervised model,0.236194,1.152000,46.052259,39.975919,0.685800,0.221352,0.841935,2.043952,false,false
2026-04-17T14:56:30.906551,0.193520,-5.870732,-1.714612,188.240,S,7,0.912695,7,6.392962,2.065942,2.055382,2.274824,-0.548272,9.351752,6.497863,-0.962629,0.327482,2.034926,2.274824,0.071471,0.853990,0.708604,1.111992,0.856975,14.979001,-25.979002,8.276000,NaN,-0.902572,true,Self-supervised model,0.221141,1.159000,46.632496,40.235113,0.685800,0.221352,0.908177,2.045720,false,false
2026-04-17T14:56:30.914922,0.193520,-5.870732,-1.725193,188.846,S,7,0.912695,7,6.392962,2.056406,2.077423,2.006338,-0.351948,9.028535,6.517017,-0.786377,0.063638,1.844709,2.006338,0.139888,0.793514,0.702495,1.068987,0.805750,14.979001,-25.979002,8.276000,NaN,-0.914965,true,Self-supervised model,0.210929,1.167000,47.238701,40.478750,0.685800,0.221352,1.024955,1.876859,false,false
2026-04-17T14:56:30.922596,0.193520,-5.870732,-1.736081,189.470,S,7,0.912695,7,6.392962,1.981293,2.095577,1.586953,-0.155623,8.765172,6.323087,-0.613685,-0.190748,1.451008,1.586953,0.213803,0.806953,0.662178,1.065535,0.834796,14.979001,-25.979002,8.276000,NaN,-0.927087,true,Self-supervised model,0.180285,1.175000,47.862578,40.734109,0.685800,0.221352,1.248489,1.489349,false,false
2026-04-17T14:56:30.931311,0.193520,-5.870732,-1.747067,190.100,S,7,0.912695,7,6.392962,1.851974,2.107833,1.173047,0.035913,8.513782,5.920861,-0.478786,-0.282529,1.032948,1.173047,0.267559,0.864374,0.601091,1.086297,0.904837,14.979001,-25.979002,8.276000,NaN,-0.938460,true,Self-supervised model,0.177032,1.184000,48.491997,40.956079,0.685800,0.221352,1.578772,1.079858,false,false
2026-04-17T14:56:30.939384,0.193520,-5.870732,-1.757853,190.718,S,7,0.912695,7,6.392962,1.675569,2.112543,0.749447,0.184354,8.427590,5.489904,-0.317694,-0.184669,0.653176,0.749447,0.314596,0.970665,0.505186,1.138584,1.020373,14.979001,-25.979002,8.276000,NaN,-0.948447,true,Self-supervised model,0.185726,1.192000,49.109980,41.199648,0.685800,0.221352,2.235741,0.658227,false,false
2026-04-17T14:56:30.946475,0.193520,-5.870732,-1.768030,191.301,S,7,0.912695,7,6.392962,1.487788,2.109552,0.501933,0.349553,8.532935,5.094861,-0.291524,0.028265,0.407618,0.501933,0.328645,1.091616,0.402560,1.209003,1.140015,14.979001,-25.979002,8.276000,NaN,-0.956190,true,Self-supervised model,0.193634,1.199000,49.693090,41.445446,0.685800,0.221352,2.964114,0.415163,false,false
2026-04-17T14:56:30.954898,0.193520,-5.870732,-1.777535,191.845,S,7,0.912695,7,6.392962,1.339166,2.100737,0.558905,0.366313,8.753201,4.836287,-0.397009,0.308773,0.243757,0.558905,0.321315,1.172250,0.329256,1.259295,1.215489,14.979001,-25.979002,8.276000,NaN,-0.963007,true,Self-supervised model,0.179188,1.207000,50.237696,41.621952,0.685800,0.221352,2.396056,0.443823,false,false
2026-04-17T14:56:30.962749,0.193520,-5.870732,-1.786219,192.343,S,7,0.912695,7,6.392962,1.252252,2.088798,0.795954,0.244209,9.042900,4.656722,-0.590661,0.503710,0.175893,0.795954,0.285274,1.227839,0.263283,1.287745,1.260544,14.979001,-25.979002,8.276000,NaN,-0.968407,true,Self-supervised model,0.146330,1.215000,50.735263,41.757419,0.685800,0.221352,1.573272,0.618099,false,false
2026-04-17T14:56:30.972889,0.193520,-5.870732,-1.794080,192.793,S,7,0.912695,7,6.392962,1.214702,2.075834,1.017559,0.026336,9.246407,4.575319,-0.792450,0.608993,0.191253,1.017559,0.233961,1.248609,0.234572,1.291815,1.270339,14.979001,-25.979002,8.276000,NaN,-0.972977,true,Self-supervised model,0.150083,1.225000,51.185677,41.784226,0.685800,0.221352,1.193740,0.787698,false,false
2026-04-17T14:56:30.978404,0.193520,-5.870732,-1.800977,193.188,S,7,0.912695,7,6.392962,1.199491,2.062780,1.119634,-0.203507,9.358934,4.580108,-0.925731,0.581606,0.241534,1.119634,0.172264,1.243111,0.236405,1.277062,1.254990,14.979001,-25.979002,8.276000,NaN,-0.976013,true,Self-supervised model,0.139299,1.231000,51.580808,41.901550,0.685800,0.221352,1.071324,0.876727,false,false
2026-04-17T14:56:30.986803,0.193520,-5.870732,-1.807096,193.539,S,7,0.912695,7,6.392962,1.200159,2.050275,1.203664,-0.371101,9.334992,4.627992,-1.047807,0.450561,0.384582,1.203664,0.128893,1.226007,0.253509,1.258560,1.232763,14.979001,-25.979002,8.276000,NaN,-0.979023,true,Self-supervised model,0.162175,1.239000,51.931403,41.913966,0.685800,0.221352,0.997088,0.956382,false,false
2026-04-17T14:56:30.994722,0.193520,-5.870732,-1.812605,193.855,S,7,0.912695,7,6.392962,1.196676,2.038131,1.178390,-0.526724,9.205706,4.771644,-1.056279,0.213471,0.476767,1.178390,0.088575,1.195463,0.280998,1.231234,1.198740,14.979001,-25.979002,8.276000,NaN,-0.982095,true,Self-supervised model,0.161837,1.247000,52.247084,41.898223,0.685800,0.221352,1.015518,0.957080,false,false
2026-04-17T14:56:31.004558,0.193520,-5.870732,-1.817630,194.143,S,7,0.912695,7,6.392962,1.187238,2.026095,1.137692,-0.567426,8.968679,4.867412,-1.003412,-0.139137,0.517828,1.137692,0.060476,1.161255,0.310320,1.203523,1.162829,14.979001,-25.979002,8.276000,NaN,-0.985178,true,Self-supervised model,0.167696,1.257000,52.534950,41.793914,0.685800,0.221352,1.043550,0.945301,false,false
2026-04-17T14:56:31.010554,0.193520,-5.870732,-1.822210,194.405,S,7,0.912695,7,6.392962,1.179891,2.014247,1.141320,-0.545878,8.614338,4.915296,-0.919376,-0.411201,0.536910,1.141320,0.044593,1.134988,0.326813,1.181944,1.135863,14.979001,-25.979002,8.276000,NaN,-0.987981,true,Self-supervised model,0.159052,1.263000,52.797369,41.803142,0.685800,0.221352,1.033795,0.965629,false,false
2026-04-17T14:56:31.018703,0.193520,-5.870732,-1.826333,194.641,S,7,0.912695,7,6.392962,1.185899,2.003113,1.217443,-0.493206,8.339005,4.944026,-0.806489,-0.719904,0.559894,1.217443,0.037874,1.139875,0.323759,1.185567,1.140504,14.979001,-25.979002,8.276000,NaN,-0.990279,true,Self-supervised model,0.175127,1.271000,53.033631,41.725909,0.685800,0.221352,0.974090,1.026887,false,false
2026-04-17T14:56:31.027296,0.193520,-5.870732,-1.829910,194.846,S,7,0.912695,7,6.392962,1.213348,1.993523,1.357454,-0.414197,8.025364,4.979939,-0.756357,-0.916697,0.655951,1.357454,0.037263,1.150870,0.297491,1.189282,1.151473,14.979001,-25.979002,8.276000,NaN,-0.991670,true,Self-supervised model,0.186690,1.280000,53.238584,41.592644,0.685800,0.221352,0.893841,1.141406,false,false
2026-04-17T14:56:31.036030,0.193520,-5.870732,-1.832836,195.014,S,7,0.912695,7,6.392962,1.253374,1.985917,1.463511,-0.402226,7.821857,5.092467,-0.744271,-1.025661,0.732082,1.463511,0.050091,1.155146,0.260229,1.185154,1.156232,12.021001,-23.948002,10.165001,NaN,-0.991992,true,Self-supervised model,0.196318,1.288000,53.406230,41.464464,0.685800,0.221352,0.856416,1.234869,false,false
2026-04-17T14:56:31.042459,0.193520,-5.870732,-1.835050,195.141,S,7,0.912695,7,6.392962,1.297849,1.980394,1.531342,-0.433351,7.704541,5.188235,-0.807000,-1.054361,0.762944,1.531342,0.073915,1.140485,0.226631,1.165132,1.142878,12.021001,-23.948002,10.165001,NaN,-0.991354,true,Self-supervised model,0.201088,1.295000,53.533040,41.338255,0.685800,0.221352,0.847524,1.314308,false,false
2026-04-17T14:56:31.052500,0.193520,-5.870732,-1.836544,195.226,S,7,0.912695,7,6.392962,1.335035,1.976580,1.530258,-0.543484,7.666234,5.240908,-0.871524,-1.027271,0.725846,1.530258,0.101404,1.119105,0.205862,1.142391,1.123690,12.021001,-23.948002,10.165001,NaN,-0.989972,true,Self-supervised model,0.208771,1.305000,53.618653,41.087091,0.685800,0.221352,0.872424,1.339522,false,false
2026-04-17T14:56:31.058657,0.193520,-5.870732,-1.837494,195.281,S,7,0.912695,7,6.392962,1.352891,1.973632,1.446639,-0.658405,7.682993,5.226542,-0.958820,-0.908548,0.589891,1.446639,0.136223,1.086729,0.198531,1.113082,1.095234,12.021001,-23.948002,10.165001,NaN,-0.988748,true,Self-supervised model,0.203396,1.311000,53.673121,40.940596,0.685800,0.221352,0.935196,1.299670,false,false
2026-04-17T14:56:31.067458,0.193520,-5.870732,-1.838066,195.313,S,7,0.912695,7,6.392962,1.351574,1.970750,1.344658,-0.794875,7.793127,5.109226,-1.033707,-0.755777,0.410309,1.344658,0.161268,1.064127,0.214414,1.097428,1.076278,12.021001,-23.948002,10.165001,NaN,-0.987804,true,Self-supervised model,0.199739,1.320000,53.705876,40.686270,0.685800,0.221352,1.005144,1.225281,false,false
2026-04-17T14:56:31.074875,0.193520,-5.870732,-1.838434,195.335,S,7,0.912695,7,6.392962,1.343524,1.967661,1.301264,-0.916979,7.939173,4.944026,-1.101272,-0.647832,0.246581,1.301264,0.175318,1.056797,0.244957,1.098890,1.071241,12.021001,-23.948002,10.165001,NaN,-0.987358,true,Self-supervised model,0.197615,1.327000,53.726964,40.487539,0.685800,0.221352,1.032476,1.184162,false,false
2026-04-17T14:56:31.082684,0.193520,-5.870732,-1.838756,195.353,S,7,0.912695,7,6.392962,1.333442,1.964292,1.280508,-1.029507,8.042124,4.790798,-1.139763,-0.572299,0.114525,1.280508,0.175929,1.062906,0.279776,1.113101,1.077367,12.021001,-23.948002,10.165001,NaN,-0.987493,true,Self-supervised model,0.196239,1.335000,53.745382,40.258713,0.685800,0.221352,1.041338,1.150397,false,false
2026-04-17T14:56:31.090909,0.193520,-5.870732,-1.839191,195.378,S,7,0.912695,7,6.392962,1.309511,1.960101,1.183874,-1.110910,8.113950,4.666299,-1.054172,-0.535839,0.056165,1.183874,0.163101,1.062906,0.326813,1.123911,1.075347,12.021001,-23.948002,10.165001,NaN,-0.988385,true,Self-supervised model,0.189664,1.343000,53.770340,40.037483,0.685800,0.221352,1.106124,1.053352,false,false
2026-04-17T14:56:31.098862,0.193520,-5.870732,-1.839899,195.418,S,7,0.912695,7,6.392962,1.271716,1.954565,1.073293,-1.065420,8.147469,4.613626,-0.932107,-0.530958,0.034901,1.073293,0.147219,1.040303,0.368963,1.113570,1.050669,12.021001,-23.948002,10.165001,NaN,-0.990181,true,Self-supervised model,0.182878,1.351000,53.810885,39.830411,0.685800,0.221352,1.184873,0.963831,false,false
2026-04-17T14:56:31.106721,0.193520,-5.870732,-1.840994,195.481,S,7,0.912695,7,6.392962,1.217045,1.947065,0.930023,-0.979228,8.149862,4.596867,-0.759930,-0.536005,0.012112,0.930023,0.132558,1.001208,0.398895,1.085867,1.009945,12.021001,-23.948002,10.165001,NaN,-0.992827,true,Self-supervised model,0.176501,1.359000,53.873644,39.642122,0.685800,0.221352,1.308619,0.856479,false,false
2026-04-17T14:56:31.114800,0.193520,-5.870732,-1.842560,195.571,S,7,0.912695,7,6.392962,1.154987,1.937382,0.829182,-0.837971,8.142680,4.577713,-0.578544,-0.593994,-0.000499,0.829182,0.116064,0.955393,0.419054,1.049692,0.962417,12.021001,-23.948002,10.165001,NaN,-0.996276,true,Self-supervised model,0.173495,1.367000,53.963377,39.475770,0.685800,0.221352,1.392924,0.789929,false,false
2026-04-17T14:56:31.122773,0.193520,-5.870732,-1.844627,195.689,S,7,0.912695,7,6.392962,1.097334,1.925780,0.794657,-0.682347,8.082825,4.568137,-0.485793,-0.628298,-0.026973,0.794657,0.105069,0.902248,0.435547,1.007369,0.908345,12.021001,-23.948002,10.165001,NaN,-1.000347,true,Self-supervised model,0.170464,1.375000,54.081807,39.332223,0.685800,0.221352,1.380890,0.788844,false,false
2026-04-17T14:56:31.130904,0.193520,-5.870732,-1.847209,195.837,S,7,0.912695,7,6.392962,1.043217,1.912477,0.759100,-0.610521,8.046912,4.544195,-0.414456,-0.634142,-0.048195,0.759100,0.092852,0.843605,0.448986,0.960145,0.848699,12.021001,-23.948002,10.165001,NaN,-1.004989,true,Self-supervised model,0.169297,1.383000,54.229745,39.211674,0.685800,0.221352,1.374282,0.790609,false,false
2026-04-17T14:56:31.139840,0.193520,-5.870732,-1.850314,196.015,S,7,0.912695,7,6.392962,0.991292,1.897630,0.718687,-0.555455,8.039729,4.525041,-0.335841,-0.633030,-0.054719,0.718687,0.084910,0.788627,0.461203,0.917524,0.793185,12.021001,-23.948002,10.165001,NaN,-1.010183,true,Self-supervised model,0.167221,1.392000,54.407616,39.085931,0.685800,0.221352,1.379310,0.783289,false,false
2026-04-17T14:56:31.146466,0.193520,-5.870732,-1.853948,196.223,S,7,0.912695,7,6.392962,0.949927,1.881722,0.732761,-0.488417,8.039729,4.520253,-0.264651,-0.682551,-0.031988,0.732761,0.087354,0.724486,0.476475,0.871515,0.729733,12.021001,-23.948002,10.165001,NaN,-1.015936,true,Self-supervised model,0.163219,1.399000,54.615843,39.039202,0.685800,0.221352,1.296366,0.840790,false,false
2026-04-17T14:56:31.154737,0.193520,-5.870732,-1.858105,196.462,S,7,0.912695,7,6.392962,0.921699,1.865321,0.773504,-0.423774,7.989451,4.544195,-0.118747,-0.764012,-0.022223,0.773504,0.105680,0.678060,0.480140,0.837537,0.686246,12.021001,-23.948002,10.165001,NaN,-1.022182,true,Self-supervised model,0.167779,1.407000,54.853996,38.986493,0.685800,0.221352,1.191589,0.923546,false,false
2026-04-17T14:56:31.162876,0.193520,-5.870732,-1.862738,196.727,S,7,0.912695,7,6.392962,0.905202,1.848916,0.818594,-0.280122,7.908048,4.553771,0.014613,-0.810980,-0.110425,0.818594,0.139277,0.649961,0.470977,0.814657,0.664716,12.021001,-23.948002,10.165001,NaN,-1.028724,true,Self-supervised model,0.170493,1.415000,55.119484,38.953699,0.685800,0.221352,1.105802,1.004832,false,false
2026-04-17T14:56:31.171458,0.193520,-5.870732,-1.867773,197.015,S,7,0.912695,7,6.392962,0.909147,1.833325,0.929854,-0.146046,7.862558,4.462792,0.100912,-0.878964,-0.286124,0.929854,0.169210,0.637132,0.449597,0.797939,0.659219,12.021001,-23.948002,10.165001,NaN,-1.035361,true,Self-supervised model,0.179330,1.424000,55.407930,38.910063,0.685800,0.221352,0.977731,1.165319,false,false
2026-04-17T14:56:31.178433,0.193520,-5.870732,-1.873100,197.321,S,7,0.912695,7,6.392962,0.928346,1.819126,1.029141,-0.057461,7.797915,4.280833,0.205895,-0.864903,-0.518344,1.029141,0.196088,0.629802,0.419054,0.781477,0.659622,12.021001,-23.948002,10.165001,NaN,-1.041859,true,Self-supervised model,0.181922,1.431000,55.713150,38.933019,0.685800,0.221352,0.902059,1.316917,false,false
2026-04-17T14:56:31.187377,0.193520,-5.870732,-1.878607,197.636,S,7,0.912695,7,6.392962,0.962052,1.806843,1.139010,0.050278,7.817069,4.039018,0.318718,-0.804194,-0.740969,1.139010,0.199753,0.629802,0.381180,0.762791,0.660721,12.021001,-23.948002,10.165001,NaN,-1.048087,true,Self-supervised model,0.196313,1.440000,56.028692,38.908814,0.685800,0.221352,0.844639,1.493214,false,false
2026-04-17T14:56:31.194695,0.193520,-5.870732,-1.884181,197.956,S,7,0.912695,7,6.392962,0.999149,1.796535,1.193911,0.165200,7.884106,3.804387,0.353637,-0.703526,-0.897449,1.193911,0.193033,0.624915,0.337198,0.735855,0.654050,9.660001,-21.547001,10.805000,NaN,-1.053931,true,Self-supervised model,0.197786,1.447000,56.348085,38.941317,0.685800,0.221352,0.836871,1.622480,false,false
2026-04-17T14:56:31.203936,0.193520,-5.870732,-1.889700,198.272,S,7,0.912695,7,6.392962,1.041970,1.788353,1.266779,0.201113,7.991845,3.634398,0.387891,-0.550088,-1.073161,1.266779,0.175929,0.615141,0.300546,0.706879,0.639805,9.660001,-21.547001,10.805000,NaN,-1.059224,true,Self-supervised model,0.208611,1.456000,56.664257,38.917759,0.685800,0.221352,0.822535,1.792075,false,false
2026-04-17T14:56:31.210801,0.193520,-5.870732,-1.895064,198.579,S,7,0.912695,7,6.392962,1.092210,1.782507,1.355971,0.234632,8.152257,3.445256,0.407283,-0.395761,-1.231322,1.355971,0.144775,0.607200,0.266948,0.678906,0.624221,9.660001,-21.547001,10.805000,NaN,-1.063974,true,Self-supervised model,0.207816,1.463000,56.971632,38.941649,0.685800,0.221352,0.805482,1.997290,false,false
2026-04-17T14:56:31.218733,0.193520,-5.870732,-1.900222,198.875,S,7,0.912695,7,6.392962,1.149930,1.779204,1.452960,0.251391,8.312668,3.275268,0.401871,-0.233421,-1.376629,1.452960,0.108123,0.609644,0.240070,0.664070,0.619157,9.660001,-21.547001,10.805000,NaN,-1.068305,true,Self-supervised model,0.218829,1.471000,57.267157,38.930766,0.685800,0.221352,0.791440,2.187961,false,false
2026-04-17T14:56:31.226587,0.193520,-5.870732,-1.905164,199.158,S,7,0.912695,7,6.392962,1.208006,1.778356,1.512903,0.241814,8.480263,3.119645,0.433832,-0.120590,-1.444342,1.512903,0.062308,0.631635,0.215025,0.670134,0.634700,9.660001,-21.547001,10.805000,NaN,-1.072381,true,Self-supervised model,0.222344,1.479000,57.550285,38.911619,0.685800,0.221352,0.798469,2.257611,false,false
2026-04-17T14:56:31.236690,0.193520,-5.870732,-1.909881,199.428,S,7,0.912695,7,6.392962,1.256301,1.779474,1.509847,0.268151,8.597578,3.043030,0.462861,-0.009234,-1.437119,1.509847,0.021991,0.659124,0.195477,0.687851,0.659490,9.660001,-21.547001,10.805000,NaN,-1.076202,true,Self-supervised model,0.226894,1.489000,57.820568,38.831812,0.685800,0.221352,0.832072,2.195021,false,false
2026-04-17T14:56:31.242453,0.193520,-5.870732,-1.914365,199.685,S,7,0.912695,7,6.392962,1.283392,1.781631,1.425624,0.289698,8.712500,3.043030,0.465538,0.004717,-1.347462,1.425624,-0.017715,0.704328,0.169821,0.724728,0.704550,9.660001,-21.547001,10.805000,NaN,-1.079753,true,Self-supervised model,0.204790,1.495000,58.077491,38.847820,0.685800,0.221352,0.900232,1.967116,false,false
2026-04-17T14:56:31.252116,0.193520,-5.870732,-1.918612,199.928,S,7,0.912695,7,6.392962,1.286117,1.783810,1.300425,0.282516,8.729259,3.126827,0.456577,0.009424,-1.217602,1.300425,-0.043982,0.766025,0.144775,0.780826,0.767287,9.660001,-21.547001,10.805000,NaN,-1.083050,true,Self-supervised model,0.204204,1.505000,58.320809,38.751368,0.685800,0.221352,0.988998,1.665449,false,false
2026-04-17T14:56:31.258688,0.193520,-5.870732,-1.922616,200.158,S,7,0.912695,7,6.392962,1.271668,1.785324,1.195806,0.260968,8.736442,3.251326,0.414647,0.033308,-1.121120,1.195806,-0.061087,0.821003,0.122173,0.832288,0.823272,9.660001,-21.547001,10.805000,NaN,-1.086082,true,Self-supervised model,0.187885,1.511000,58.550206,38.749309,0.685800,0.221352,1.063440,1.436769,false,false
2026-04-17T14:56:31.267244,0.193520,-5.870732,-1.926403,200.375,S,7,0.912695,7,6.392962,1.244528,1.785693,1.102045,0.203507,8.762778,3.342306,0.384189,0.095118,-1.028521,1.102045,-0.070250,0.861931,0.108734,0.871598,0.864789,9.660001,-21.547001,10.805000,NaN,-1.089006,true,Self-supervised model,0.184624,1.520000,58.767228,38.662650,0.685800,0.221352,1.129290,1.264396,false,false
2026-04-17T14:56:31.274971,0.193520,-5.870732,-1.930012,200.582,S,7,0.912695,7,6.392962,1.203752,1.784415,0.989680,0.155623,8.827422,3.428497,0.326220,0.197170,-0.913330,0.989680,-0.086132,0.897972,0.096517,0.907242,0.902093,9.660001,-21.547001,10.805000,NaN,-1.091899,true,Self-supervised model,0.175023,1.527000,58.974001,38.620826,0.685800,0.221352,1.216304,1.090867,false,false
2026-04-17T14:56:31.282497,0.193520,-5.870732,-1.933492,200.781,S,7,0.912695,7,6.392962,1.151474,1.781097,0.877010,0.079009,8.932767,3.536236,0.211286,0.284554,-0.802205,0.877010,-0.108734,0.915687,0.095295,0.927031,0.922120,9.660001,-21.547001,10.805000,NaN,-1.094863,true,Self-supervised model,0.169295,1.535000,59.173380,38.549433,0.685800,0.221352,1.312954,0.946041,false,false
2026-04-17T14:56:31.290769,0.193520,-5.870732,-1.936910,200.977,S,7,0.912695,7,6.392962,1.092348,1.775547,0.781938,-0.055067,9.023746,3.639187,0.087910,0.364662,-0.686091,0.781938,-0.138666,0.900415,0.104458,0.916999,0.911030,9.660001,-21.547001,10.805000,NaN,-1.098035,true,Self-supervised model,0.167685,1.543000,59.369235,38.476497,0.685800,0.221352,1.396974,0.852714,false,false
2026-04-17T14:56:31.298655,0.193520,-5.870732,-1.940333,201.173,S,7,0.912695,7,6.392962,1.027243,1.767615,0.685441,-0.196325,9.107543,3.746926,-0.053982,0.416326,-0.541838,0.685441,-0.174097,0.877813,0.119119,0.902804,0.894911,9.660001,-21.547001,10.805000,NaN,-1.101472,true,Self-supervised model,0.164664,1.551000,59.565306,38.404453,0.685800,0.221352,1.498659,0.759236,false,false
2026-04-17T14:56:31.306700,0.193520,-5.870732,-1.943814,201.372,S,7,0.912695,7,6.392962,0.961149,1.757356,0.614156,-0.354342,9.162610,3.883395,-0.171603,0.425447,-0.408332,0.614156,-0.210138,0.841772,0.141110,0.879005,0.867605,9.660001,-21.547001,10.805000,NaN,-1.105191,true,Self-supervised model,0.164918,1.559000,59.764781,38.335331,0.685800,0.221352,1.564992,0.698694,false,false
2026-04-17T14:56:31.314590,0.193520,-5.870732,-1.947401,201.578,S,7,0.912695,7,6.392962,0.898941,1.745020,0.572352,-0.486023,9.174581,4.010288,-0.260423,0.394817,-0.322313,0.572352,-0.250455,0.792292,0.174097,0.848978,0.830936,9.660001,-21.547001,10.805000,NaN,-1.109201,true,Self-supervised model,0.162561,1.567000,59.970304,38.270775,0.685800,0.221352,1.570609,0.674166,false,false
2026-04-17T14:56:31.322704,0.193520,-5.870732,-1.951135,201.792,S,7,0.912695,7,6.392962,0.843754,1.730969,0.554021,-0.586579,9.145850,4.091691,-0.361212,0.358143,-0.219544,0.554021,-0.283441,0.748310,0.207694,0.826707,0.800192,9.660001,-21.547001,10.805000,NaN,-1.113520,true,Self-supervised model,0.161682,1.575000,60.184215,38.212200,0.685800,0.221352,1.522963,0.670155,false,false
2026-04-17T14:56:31.330690,0.193520,-5.870732,-1.955063,202.017,S,7,0.912695,7,6.392962,0.787288,1.715222,0.490839,-0.696713,9.109938,4.192247,-0.371386,0.318281,-0.041142,0.490839,-0.320704,0.696386,0.247400,0.805613,0.766685,9.660001,-21.547001,10.805000,NaN,-1.118230,true,Self-supervised model,0.160055,1.583000,60.409320,38.161289,0.685800,0.221352,1.603964,0.609274,false,false
2026-04-17T14:56:31.340356,0.193520,-5.870732,-1.959220,202.255,S,7,0.912695,7,6.392962,0.741292,1.698265,0.499816,-0.713472,9.069236,4.371812,-0.359979,0.244295,0.246072,0.499816,-0.337808,0.645685,0.281609,0.781234,0.728713,9.660001,-21.547001,10.805000,NaN,-1.123296,true,Self-supervised model,0.159379,1.593000,60.647454,38.071220,0.685800,0.221352,1.483130,0.639778,false,false
2026-04-17T14:56:31.347277,0.193520,-5.870732,-1.963598,202.506,SW,7,0.912695,7,6.392962,0.730295,1.681546,0.672559,-0.706290,8.992621,4.663905,-0.357829,0.203235,0.531968,0.672559,-0.337198,0.593150,0.311541,0.750058,0.682297,9.660001,-21.547001,10.805000,NaN,-1.128564,true,Self-supervised model,0.161653,1.600000,60.898335,38.061459,0.685800,0.221352,1.085846,0.896675,false,false
2026-04-17T14:56:31.354819,0.193520,-5.870732,-1.968239,202.772,SW,7,0.912695,7,6.392962,0.767016,1.666965,0.959803,-0.706290,8.947132,4.958392,-0.308543,0.222631,0.881168,0.959803,-0.309098,0.540005,0.334143,0.706257,0.622211,10.186001,-22.153002,15.464001,NaN,-1.134254,true,Self-supervised model,0.191095,1.607000,61.164237,38.061131,0.685800,0.221352,0.799139,1.359000,false,false
2026-04-17T14:56:31.362979,0.193520,-5.870732,-1.973213,203.057,SW,7,0.912695,7,6.392962,0.835024,1.655687,1.192065,-0.656011,8.959103,5.322310,-0.225926,0.302491,1.130697,1.192065,-0.248622,0.466701,0.365297,0.642701,0.528794,10.186001,-22.153002,15.464001,NaN,-1.140561,true,Self-supervised model,0.211986,1.615000,61.449233,38.049060,0.685800,0.221352,0.700485,1.854773,false,false
2026-04-17T14:56:31.372743,0.193520,-5.870732,-1.978559,203.363,SW,7,0.912695,7,6.392962,0.909354,1.647834,1.299587,-0.567426,9.030929,5.588067,-0.122287,0.399493,1.230600,1.299587,-0.163712,0.386067,0.396452,0.577081,0.419344,10.186001,-22.153002,15.464001,NaN,-1.147394,true,Self-supervised model,0.221498,1.625000,61.755529,38.003403,0.685800,0.221352,0.699726,2.251999,false,false
2026-04-17T14:56:31.378379,0.193520,-5.870732,-1.984282,203.691,SW,7,0.912695,7,6.392962,0.959237,1.642290,1.221121,-0.452504,9.121908,5.700594,-0.044655,0.431634,1.141418,1.221121,-0.073915,0.321315,0.431271,0.542864,0.329707,10.186001,-22.153002,15.464001,NaN,-1.154623,true,Self-supervised model,0.202184,1.631000,62.083407,38.064627,0.685800,0.221352,0.785538,2.249405,false,false
2026-04-17T14:56:31.386941,0.193520,-5.870732,-1.990411,204.042,SW,7,0.912695,7,6.392962,0.970859,1.637433,1.031874,-0.359130,9.150639,5.619191,0.028590,0.453439,0.926466,1.031874,-0.007941,0.287718,0.452651,0.536412,0.287827,10.186001,-22.153002,15.464001,NaN,-1.162379,true,Self-supervised model,0.195340,1.639000,62.434580,38.093093,0.685800,0.221352,0.940870,1.923660,false,false
2026-04-17T14:56:31.394745,0.193520,-5.870732,-1.996931,204.416,SW,7,0.912695,7,6.392962,0.934184,1.631303,0.741640,-0.265756,9.172187,5.406107,0.092393,0.410698,0.610590,0.741640,0.053756,0.276722,0.472810,0.550467,0.281895,10.186001,-22.153002,15.464001,NaN,-1.170461,true,Self-supervised model,0.170566,1.647000,62.808138,38.134874,0.685800,0.221352,1.259619,1.347293,false,false
2026-04-17T14:56:31.403117,0.193520,-5.870732,-2.003806,204.810,SW,7,0.912695,7,6.392962,0.862005,1.622531,0.483068,-0.179565,9.131485,5.087678,0.150530,0.347276,0.300159,0.483068,0.091630,0.288328,0.484416,0.571129,0.302538,10.186001,-22.153002,15.464001,NaN,-1.178759,true,Self-supervised model,0.170410,1.656000,63.202068,38.165500,0.685800,0.221352,1.784438,0.845813,false,false
2026-04-17T14:56:31.410692,0.193520,-5.870732,-2.010967,205.220,SW,7,0.912695,7,6.392962,0.786378,1.611085,0.389335,-0.098162,9.071630,4.771644,0.221393,0.298173,0.116874,0.389335,0.103847,0.309709,0.488081,0.587305,0.326655,10.186001,-22.153002,15.464001,NaN,-1.187063,true,Self-supervised model,0.170745,1.663000,63.612368,38.251574,0.685800,0.221352,2.019799,0.662918,false,false
2026-04-17T14:56:31.418838,0.193520,-5.870732,-2.018385,205.645,SW,7,0.912695,7,6.392962,0.732015,1.597922,0.446608,-0.004788,9.026140,4.582502,0.354620,0.270136,-0.027024,0.446608,0.106901,0.329867,0.488692,0.599216,0.346757,10.186001,-22.153002,15.464001,NaN,-1.195508,true,Self-supervised model,0.161509,1.671000,64.037388,38.322794,0.685800,0.221352,1.639054,0.745320,false,false
2026-04-17T14:56:31.426583,0.193520,-5.870732,-2.026007,206.082,SW,7,0.912695,7,6.392962,0.695125,1.583810,0.501455,0.150835,9.002198,4.431667,0.424139,0.261144,-0.058022,0.501455,0.103847,0.357356,0.481362,0.608438,0.372139,10.186001,-22.153002,15.464001,NaN,-1.203944,true,Self-supervised model,0.154859,1.679000,64.474065,38.400277,0.685800,0.221352,1.386218,0.824167,false,false
2026-04-17T14:56:31.436940,0.193520,-5.870732,-2.033784,206.527,SW,7,0.912695,7,6.392962,0.681434,1.569715,0.609556,0.241814,8.997410,4.393360,0.523174,0.312094,0.021095,0.609556,0.105069,0.372017,0.473421,0.611198,0.386570,10.186001,-22.153002,15.464001,NaN,-1.212347,true,Self-supervised model,0.165476,1.689000,64.919699,38.436767,0.685800,0.221352,1.117918,0.997314,false,false
2026-04-17T14:56:31.442615,0.193520,-5.870732,-2.041687,206.980,SW,7,0.912695,7,6.392962,0.680428,1.556144,0.675148,0.361524,9.052477,4.465186,0.552925,0.379835,0.076319,0.675148,0.106901,0.370184,0.466090,0.604735,0.385311,10.186001,-22.153002,15.464001,NaN,-1.220750,true,Self-supervised model,0.156173,1.695000,65.372506,38.567850,0.685800,0.221352,1.007821,1.116437,false,false
2026-04-17T14:56:31.453089,0.193520,-5.870732,-2.049726,207.441,SW,7,0.912695,7,6.392962,0.684502,1.543278,0.705891,0.411803,9.124303,4.513070,0.607722,0.354036,0.060122,0.705891,0.114232,0.349415,0.465479,0.593136,0.367614,10.186001,-22.153002,15.464001,NaN,-1.229334,true,Self-supervised model,0.174749,1.706000,65.833108,38.589160,0.685800,0.221352,0.969700,1.190100,false,false
2026-04-17T14:56:31.458672,0.193520,-5.870732,-2.057925,207.910,SW,7,0.912695,7,6.392962,0.687023,1.531028,0.700255,0.488417,9.102755,4.489128,0.634003,0.287524,-0.075682,0.700255,0.111177,0.317650,0.469145,0.577372,0.336544,10.186001,-22.153002,15.464001,NaN,-1.238172,true,Self-supervised model,0.158563,1.711000,66.302868,38.750946,0.685800,0.221352,0.981103,1.212832,false,false
2026-04-17T14:56:31.467167,0.193520,-5.870732,-2.066309,208.391,SW,7,0.912695,7,6.392962,0.694470,1.519565,0.733568,0.538695,9.040505,4.345476,0.667473,0.233342,-0.195327,0.733568,0.088575,0.290161,0.464868,0.555105,0.303379,10.186001,-22.153002,15.464001,NaN,-1.247297,true,Self-supervised model,0.173729,1.720000,66.783245,38.827468,0.685800,0.221352,0.946702,1.321494,false,false
2026-04-17T14:56:31.475269,0.193520,-5.870732,-2.074896,208.883,SW,7,0.912695,7,6.392962,0.717056,1.509465,0.835633,0.598550,8.990228,4.218584,0.727419,0.220481,-0.347177,0.835633,0.058032,0.265116,0.453262,0.528300,0.271393,10.186001,-22.153002,15.464001,NaN,-1.256692,true,Self-supervised model,0.182965,1.728000,67.275204,38.932410,0.685800,0.221352,0.858100,1.581740,false,false
2026-04-17T14:56:31.482387,0.193520,-5.870732,-2.083686,209.386,SW,7,0.912695,7,6.392962,0.752375,1.501181,0.937798,0.687136,8.980651,4.060566,0.799623,0.193953,-0.449946,0.937798,0.017715,0.249233,0.423940,0.492094,0.249862,10.186001,-22.153002,15.464001,NaN,-1.266297,true,Self-supervised model,0.187660,1.735000,67.778834,39.065610,0.685800,0.221352,0.802278,1.905731,false,false
2026-04-17T14:56:31.490776,0.193520,-5.870732,-2.092617,209.898,SW,7,0.912695,7,6.392962,0.801473,1.495193,1.059236,0.790087,8.956709,3.952827,0.904825,0.187238,-0.517893,1.059236,-0.024435,0.235794,0.386067,0.453038,0.237057,10.186001,-22.153002,15.464001,NaN,-1.275795,true,Self-supervised model,0.199670,1.743000,68.290580,39.179908,0.685800,0.221352,0.756652,2.338073,false,false
2026-04-17T14:56:31.499367,0.193520,-5.870732,-2.101598,210.413,SW,7,0.912695,7,6.392962,0.851258,1.491436,1.112631,0.926556,8.951921,3.881001,0.941307,0.231438,-0.546191,1.112631,-0.065973,0.237627,0.341474,0.421216,0.246615,10.186001,-22.153002,15.464001,NaN,-1.284972,true,Self-supervised model,0.202031,1.752000,68.805137,39.272338,0.685800,0.221352,0.765086,2.641471,false,false
2026-04-17T14:56:31.507368,0.193520,-5.870732,-2.110536,210.925,SW,7,0.912695,7,6.392962,0.890418,1.489395,1.096007,0.993594,8.997410,3.849876,0.948329,0.271600,-0.477636,1.096007,-0.098349,0.252898,0.296881,0.402204,0.271349,10.186001,-22.153002,15.464001,NaN,-1.293739,true,Self-supervised model,0.198841,1.760000,69.317239,39.384795,0.685800,0.221352,0.812420,2.725002,false,false
2026-04-17T14:56:31.514480,0.193520,-5.870732,-2.119298,211.427,SW,7,0.912695,7,6.392962,0.906074,1.488062,0.988272,1.029507,9.038112,3.916914,0.874880,0.305375,-0.343528,0.988272,-0.127060,0.277944,0.248011,0.393582,0.305609,7.678000,-21.694000,16.194000,NaN,-1.301800,true,Self-supervised model,0.185315,1.767000,69.819293,39.512899,0.685800,0.221352,0.916827,2.510970,false,false
2026-04-17T14:56:31.522662,0.193520,-5.870732,-2.127770,211.912,SW,7,0.912695,7,6.392962,0.898586,1.486483,0.859272,0.981623,9.071630,4.050989,0.771690,0.335061,-0.174860,0.859272,-0.142332,0.305433,0.202807,0.393291,0.336968,7.678000,-21.694000,16.194000,NaN,-1.309106,true,Self-supervised model,0.178182,1.775000,70.304657,39.608258,0.685800,0.221352,1.045753,2.184822,false,false
2026-04-17T14:56:31.530974,0.193520,-5.870732,-2.135869,212.376,SW,7,0.912695,7,6.392962,0.871687,1.483891,0.730470,0.900220,9.100361,4.220978,0.657673,0.310200,-0.069491,0.730470,-0.147829,0.328035,0.169210,0.397608,0.359806,7.678000,-21.694000,16.194000,NaN,-1.315719,true,Self-supervised model,0.169799,1.783000,70.768734,39.690821,0.685800,0.221352,1.193324,1.837162,false,false
2026-04-17T14:56:31.539329,0.193520,-5.870732,-2.143550,212.816,SW,7,0.912695,7,6.392962,0.828756,1.479686,0.603364,0.804452,9.074024,4.328717,0.537110,0.264308,0.075515,0.603364,-0.145386,0.340863,0.150273,0.399883,0.370573,7.678000,-21.694000,16.194000,NaN,-1.321724,true,Self-supervised model,0.164721,1.792000,71.208807,39.737058,0.685800,0.221352,1.373558,1.508852,false,false
2026-04-17T14:56:31.546498,0.193520,-5.870732,-2.150770,213.230,SW,7,0.912695,7,6.392962,0.786185,1.473946,0.562688,0.699107,9.026140,4.477157,0.486520,0.218787,0.179022,0.562688,-0.138666,0.348193,0.119730,0.393449,0.374789,7.678000,-21.694000,16.194000,NaN,-1.327102,true,Self-supervised model,0.161801,1.799000,71.622494,39.812392,0.685800,0.221352,1.397194,1.430144,false,false
2026-04-17T14:56:31.554716,0.193520,-5.870732,-2.157470,213.614,SW,7,0.912695,7,6.392962,0.745461,1.466806,0.531663,0.660800,8.978256,4.584896,0.451202,0.178158,0.217583,0.531663,-0.123395,0.353691,0.080634,0.383178,0.374598,7.678000,-21.694000,16.194000,NaN,-1.331719,true,Self-supervised model,0.163804,1.807000,72.006348,39.848560,0.685800,0.221352,1.402131,1.387509,false,false
2026-04-17T14:56:31.562515,0.193520,-5.870732,-2.163579,213.964,SW,7,0.912695,7,6.392962,0.711928,1.458611,0.535878,0.634463,8.935161,4.627992,0.419659,0.195091,0.270168,0.535878,-0.111788,0.359189,0.032987,0.377626,0.376182,7.678000,-21.694000,16.194000,NaN,-1.335469,true,Self-supervised model,0.162878,1.815000,72.356402,39.865786,0.685800,0.221352,1.328527,1.419071,false,false
2026-04-17T14:56:31.573394,0.193520,-5.870732,-2.169020,214.276,SW,7,0.912695,7,6.392962,0.679068,1.449430,0.506554,0.608127,8.949526,4.685453,0.332296,0.176108,0.339356,0.506554,-0.097128,0.357356,-0.009163,0.370434,0.370320,7.678000,-21.694000,16.194000,NaN,-1.338233,true,Self-supervised model,0.167330,1.826000,72.668120,39.796342,0.685800,0.221352,1.340563,1.367463,false,false
2026-04-17T14:56:31.578363,0.193520,-5.870732,-2.173713,214.545,SW,7,0.912695,7,6.392962,0.642564,1.439155,0.450919,0.521936,8.927979,4.759673,0.186787,0.171226,0.372988,0.450919,-0.073915,0.342695,-0.057421,0.355247,0.350576,7.678000,-21.694000,16.194000,NaN,-1.339938,true,Self-supervised model,0.155618,1.831000,72.937027,39.834531,0.685800,0.221352,1.425012,1.269309,false,false
2026-04-17T14:56:31.586578,0.193520,-5.870732,-2.177611,214.768,SW,7,0.912695,7,6.392962,0.605813,1.427821,0.412867,0.373495,8.920795,4.797980,0.025718,0.173004,0.373988,0.412867,-0.042150,0.324369,-0.092852,0.340020,0.327097,7.678000,-21.694000,16.194000,NaN,-1.340652,true,Self-supervised model,0.165549,1.839000,73.160336,39.782673,0.685800,0.221352,1.467332,1.214243,false,false
2026-04-17T14:56:31.594757,0.193520,-5.870732,-2.180666,214.943,SW,7,0.912695,7,6.392962,0.578343,1.415842,0.434126,0.205901,8.920795,4.802769,-0.116890,0.217045,0.357342,0.434126,-0.010385,0.307876,-0.117286,0.329623,0.308051,7.678000,-21.694000,16.194000,NaN,-1.340337,true,Self-supervised model,0.167896,1.847000,73.335374,39.705130,0.685800,0.221352,1.332202,1.317035,false,false
2026-04-17T14:56:31.602980,0.193520,-5.870732,-2.182860,215.069,SW,7,0.912695,7,6.392962,0.561301,1.403661,0.471829,0.052672,8.963891,4.788404,-0.293846,0.245733,0.275486,0.471829,0.014050,0.296270,-0.130725,0.324133,0.296603,7.678000,-21.694000,16.194000,NaN,-1.339088,true,Self-supervised model,0.173225,1.855000,73.461093,39.601667,0.685800,0.221352,1.189627,1.455666,false,false
2026-04-17T14:56:31.610521,0.193520,-5.870732,-2.184261,215.149,SW,7,0.912695,7,6.392962,0.552774,1.391625,0.508012,-0.138864,8.992621,4.707001,-0.428008,0.256504,0.095348,0.508012,0.043371,0.279165,-0.125838,0.309273,0.282514,7.678000,-21.694000,16.194000,NaN,-1.337319,true,Self-supervised model,0.179540,1.863000,73.541396,39.474716,0.685800,0.221352,1.088113,1.642602,false,false
2026-04-17T14:56:31.618910,0.193520,-5.870732,-2.184982,215.190,SW,7,0.912695,7,6.392962,0.550789,1.379992,0.540366,-0.289698,9.004593,4.525041,-0.489504,0.211344,-0.087837,0.540366,0.058643,0.265116,-0.120951,0.297245,0.271524,7.678000,-21.694000,16.194000,NaN,-1.335315,true,Self-supervised model,0.186362,1.871000,73.582671,39.327991,0.685800,0.221352,1.019288,1.817917,false,false
2026-04-17T14:56:31.626656,0.193520,-5.870732,-2.185154,215.200,SW,7,0.912695,7,6.392962,0.561451,1.369250,0.617424,-0.368707,8.961497,4.338294,-0.555895,0.170466,-0.207690,0.617424,0.070250,0.263283,-0.114843,0.295705,0.272494,7.678000,-21.694000,16.194000,NaN,-1.333294,true,Self-supervised model,0.197010,1.879000,73.592534,39.165798,0.685800,0.221352,0.909343,2.087971,false,false
2026-04-17T14:56:31.636893,0.193520,-5.870732,-2.184896,215.185,SW,7,0.912695,7,6.392962,0.578128,1.359605,0.665684,-0.452504,8.923190,4.213795,-0.529027,0.117285,-0.386664,0.665684,0.074526,0.265116,-0.109956,0.296531,0.275391,7.678000,-21.694000,16.194000,NaN,-1.331315,true,Self-supervised model,0.202054,1.889000,73.577748,38.950634,0.685800,0.221352,0.868472,2.244906,false,false
2026-04-17T14:56:31.642544,0.193520,-5.870732,-2.184254,215.149,SW,7,0.912695,7,6.392962,0.606272,1.351472,0.754030,-0.442927,8.872911,4.029441,-0.548973,0.101745,-0.506792,0.754030,0.076358,0.269392,-0.111788,0.301495,0.280004,7.678000,-21.694000,16.194000,NaN,-1.329137,true,Self-supervised model,0.208470,1.895000,73.540969,38.807899,0.685800,0.221352,0.804043,2.500974,false,false
2026-04-17T14:56:31.652019,0.193520,-5.870732,-2.183121,215.084,SW,7,0.912695,7,6.392962,0.636059,1.344855,0.792440,-0.481235,8.860941,3.902549,-0.528390,0.107404,-0.580715,0.792440,0.078802,0.270613,-0.115454,0.304583,0.281853,7.678000,-21.694000,16.194000,NaN,-1.326039,true,Self-supervised model,0.210935,1.904000,73.476038,38.590356,0.685800,0.221352,0.802659,2.601722,false,false
2026-04-17T14:56:31.658553,0.193520,-5.870732,-2.181421,214.986,SW,7,0.912695,7,6.392962,0.671242,1.339911,0.855949,-0.483629,8.872911,3.816358,-0.525451,0.112923,-0.666182,0.855949,0.080023,0.261450,-0.117286,0.297516,0.273423,7.678000,-21.694000,16.194000,NaN,-1.322072,true,Self-supervised model,0.212957,1.911000,73.378641,38.398033,0.685800,0.221352,0.784207,2.876981,false,false
2026-04-17T14:56:31.670012,0.193520,-5.870732,-2.179059,214.851,SW,7,0.912695,7,6.392962,0.714711,1.336903,0.942924,-0.507571,8.887277,3.713407,-0.558934,0.105622,-0.752026,0.942924,0.079412,0.241903,-0.113621,0.278806,0.254604,7.678000,-21.694000,16.194000,NaN,-1.317064,true,Self-supervised model,0.221811,1.922000,73.243328,38.107871,0.685800,0.221352,0.757973,3.382005,false,false
2026-04-17T14:56:31.675062,0.193520,-5.870732,-2.176045,214.678,SW,7,0.912695,7,6.392962,0.760035,1.335828,0.997985,-0.572214,8.892065,3.603274,-0.614321,0.108608,-0.778965,0.997985,0.070860,0.221744,-0.100182,0.253433,0.232791,4.567000,-22.319000,15.953001,NaN,-1.311442,true,Self-supervised model,0.218567,1.927000,73.070657,37.919386,0.685800,0.221352,0.761569,3.937871,false,false
2026-04-17T14:56:31.682775,0.193520,-5.870732,-2.172906,214.498,SW,7,0.912695,7,6.392962,0.801963,1.336473,1.022085,-0.660800,8.908825,3.548207,-0.653531,0.119742,-0.776670,1.022085,0.053756,0.199753,-0.075136,0.220083,0.206860,4.567000,-22.319000,15.953001,NaN,-1.307798,true,Self-supervised model,0.224778,1.935000,72.890761,37.669644,0.685800,0.221352,0.784634,4.644091,false,false
2026-04-17T14:56:31.690871,0.193520,-5.870732,-2.169704,214.315,SW,7,0.912695,7,6.392962,0.834133,1.338380,1.003025,-0.723049,8.927979,3.533842,-0.658257,0.073684,-0.753212,1.003025,0.035430,0.178373,-0.048258,0.188151,0.181857,4.567000,-22.319000,15.953001,NaN,-1.304349,true,Self-supervised model,0.225732,1.943000,72.707327,37.420137,0.685800,0.221352,0.831617,5.330947,false,false
2026-04-17T14:56:31.698852,0.193520,-5.870732,-2.166518,214.132,SW,7,0.912695,7,6.392962,0.847416,1.340741,0.917152,-0.749385,8.889671,3.541024,-0.619613,0.013989,-0.676055,0.917152,0.009774,0.147219,-0.019548,0.148832,0.147543,4.567000,-22.319000,15.953001,NaN,-1.301224,true,Self-supervised model,0.219944,1.951000,72.524771,37.173127,0.685800,0.221352,0.923965,6.162332,false,false
2026-04-17T14:56:31.707778,0.193520,-5.870732,-2.163419,213.955,SW,7,0.912695,7,6.392962,0.835993,1.342551,0.776021,-0.730232,8.836999,3.603274,-0.538206,-0.040006,-0.557623,0.776021,-0.009774,0.107512,0.000611,0.107957,0.107956,4.567000,-22.319000,15.953001,NaN,-1.298477,true,Self-supervised model,0.212480,1.960000,72.347241,36.911858,0.685800,0.221352,1.077280,7.188222,false,false
2026-04-17T14:56:31.714427,0.193520,-5.870732,-2.160436,213.784,SW,7,0.912695,7,6.392962,0.818966,1.343608,0.729577,-0.665588,8.789114,3.708618,-0.514244,-0.100465,-0.507684,0.729577,-0.017104,0.059254,0.013439,0.063120,0.061673,4.567000,-22.319000,15.953001,NaN,-1.295955,true,Self-supervised model,0.218011,1.967000,72.176315,36.693602,0.685800,0.221352,1.122522,11.558493,false,false
2026-04-17T14:56:31.722749,0.193520,-5.870732,-2.157565,213.619,SW,7,0.912695,7,6.392962,0.802070,1.343946,0.713363,-0.656011,8.734048,3.746926,-0.513627,-0.146123,-0.472993,0.713363,-0.014661,0.023824,0.018326,0.033442,0.027973,4.567000,-22.319000,15.953001,NaN,-1.293531,true,Self-supervised model,0.227162,1.975000,72.011806,36.461674,0.685800,0.221352,1.124350,0.000000,false,false
2026-04-17T14:56:31.730545,0.193520,-5.870732,-2.154815,213.462,SW,7,0.912695,7,6.392962,0.794200,1.343956,0.752885,-0.667982,8.693346,3.770868,-0.517343,-0.170174,-0.519839,0.752885,-0.006109,-0.015272,0.032987,0.036860,0.016448,4.567000,-22.319000,15.953001,NaN,-1.291268,true,Self-supervised model,0.233515,1.983000,71.854266,36.235132,0.685800,0.221352,1.054876,0.000000,false,false
2026-04-17T14:56:31.738544,0.193520,-5.870732,-2.152227,213.314,SW,7,0.912695,7,6.392962,0.781441,1.343456,0.714455,-0.682347,8.674192,3.713407,-0.408475,-0.168065,-0.561559,0.714455,0.003054,-0.039095,0.046426,0.060771,0.039215,4.567000,-22.319000,15.953001,NaN,-1.289327,true,Self-supervised model,0.222605,1.991000,71.705991,36.015063,0.685800,0.221352,1.093757,11.756496,false,false
2026-04-17T14:56:31.746535,0.193520,-5.870732,-2.149861,213.178,SW,7,0.912695,7,6.392962,0.767707,1.342426,0.695605,-0.581791,8.681376,3.660734,-0.285454,-0.156681,-0.614681,0.695605,0.014050,-0.053145,0.062919,0.083550,0.054971,4.567000,-22.319000,15.953001,NaN,-1.287846,true,Self-supervised model,0.214209,1.999000,71.570395,35.803099,0.685800,0.221352,1.103654,8.325590,false,false
2026-04-17T14:56:31.754976,0.193520,-5.870732,-2.147755,213.057,SW,7,0.912695,7,6.392962,0.763558,1.341271,0.741776,-0.464475,8.698134,3.596091,-0.162213,-0.181531,-0.700689,0.741776,0.021991,-0.058643,0.067195,0.091858,0.062631,4.567000,-22.319000,15.953001,NaN,-1.286781,true,Self-supervised model,0.220244,2.007000,71.449716,35.600257,0.685800,0.221352,1.029365,8.075284,false,false
2026-04-17T14:56:31.762613,0.193520,-5.870732,-2.145928,212.953,SW,7,0.912695,7,6.392962,0.773522,1.340561,0.825833,-0.344765,8.678981,3.497929,-0.018986,-0.192287,-0.802911,0.825833,0.027489,-0.049480,0.064752,0.086004,0.056603,4.567000,-22.319000,15.953001,NaN,-1.286073,true,Self-supervised model,0.232594,2.015000,71.345057,35.406976,0.685800,0.221352,0.936656,9.602256,false,false
2026-04-17T14:56:31.770627,0.193520,-5.870732,-2.144373,212.864,SW,7,0.912695,7,6.392962,0.792695,1.340647,0.893354,-0.203507,8.674192,3.383007,0.082772,-0.188640,-0.869279,0.893354,0.015882,-0.029322,0.054978,0.064301,0.033347,4.567000,-22.319000,15.953001,NaN,-1.285606,true,Self-supervised model,0.250913,2.023000,71.255986,35.222930,0.685800,0.221352,0.887325,13.893394,false,false
2026-04-17T14:56:31.778388,0.193520,-5.870732,-2.143051,212.788,SW,7,0.912695,7,6.392962,0.806568,1.341283,0.879400,-0.102951,8.683769,3.303998,0.151103,-0.153487,-0.852616,0.879400,-0.002443,-0.014050,0.037263,0.039898,0.014261,4.567000,-22.319000,15.953001,NaN,-1.285213,true,Self-supervised model,0.259042,2.031000,71.180218,35.046882,0.685800,0.221352,0.917180,0.000000,false,false
2026-04-17T14:56:31.786723,0.193520,-5.870732,-2.141907,212.722,SW,7,0.912695,7,6.392962,0.809704,1.342020,0.826170,-0.035913,8.724471,3.308787,0.226855,-0.091477,-0.789129,0.826170,-0.020769,-0.010996,0.016493,0.028711,0.023500,4.567000,-22.319000,15.953001,NaN,-1.284782,true,Self-supervised model,0.251923,2.039000,71.114672,34.877230,0.685800,0.221352,0.980070,0.000000,false,false
2026-04-17T14:56:31.794573,0.193520,-5.870732,-2.140867,212.663,SW,7,0.912695,7,6.392962,0.801182,1.342387,0.756439,0.038307,8.791509,3.361459,0.283573,-0.064726,-0.698282,0.756439,-0.043982,-0.030543,-0.013439,0.055208,0.053547,4.567000,-22.319000,15.953001,NaN,-1.284156,true,Self-supervised model,0.237444,2.047000,71.055064,34.711804,0.685800,0.221352,1.059149,13.701584,false,false
2026-04-17T14:56:31.804083,0.193520,-5.870732,-2.139853,212.605,SW,7,0.912695,7,6.392962,0.778849,1.341845,0.661604,0.093374,8.822633,3.442862,0.263611,-0.077947,-0.601792,0.661604,-0.062308,-0.067195,-0.047037,0.103005,0.091638,4.567000,-22.319000,15.953001,NaN,-1.283250,true,Self-supervised model,0.212158,2.057000,70.996987,34.514821,0.685800,0.221352,1.177213,6.423054,false,false
2026-04-17T14:56:31.810696,0.193520,-5.870732,-2.138806,212.545,SW,7,0.912695,7,6.392962,0.749785,1.340163,0.597197,0.071826,8.813056,3.531447,0.262437,-0.064402,-0.532563,0.597197,-0.071471,-0.106901,-0.072082,0.147417,0.128593,4.567000,-22.319000,15.953001,NaN,-1.282072,true,Self-supervised model,0.200150,2.063000,70.937028,34.385374,0.685800,0.221352,1.255507,4.051063,false,false
2026-04-17T14:56:31.819519,0.193520,-5.870732,-2.137696,212.481,SW,7,0.912695,7,6.392962,0.711188,1.337004,0.508551,0.069432,8.829816,3.593697,0.248416,-0.072016,-0.437867,0.508551,-0.073915,-0.145997,-0.087965,0.185785,0.163641,4.567000,-22.319000,15.953001,NaN,-1.280707,true,Self-supervised model,0.191322,2.072000,70.873416,34.205317,0.685800,0.221352,1.398459,2.737303,false,false
2026-04-17T14:56:31.827011,0.193520,-5.870732,-2.136512,212.413,SW,7,0.912695,7,6.392962,0.665206,1.332132,0.423802,0.055067,8.825027,3.682282,0.259720,-0.026872,-0.333813,0.423802,-0.067806,-0.188147,-0.102014,0.224508,0.199992,4.567000,-22.319000,15.953001,NaN,-1.279225,true,Self-supervised model,0.184523,2.079000,70.805551,34.057504,0.685800,0.221352,1.569616,1.887693,false,false
2026-04-17T14:56:31.836440,0.193520,-5.870732,-2.135266,212.342,SW,7,0.912695,7,6.392962,0.622676,1.325754,0.399396,0.067038,8.872911,3.780444,0.281625,0.068335,-0.274836,0.399396,-0.056810,-0.225409,-0.111788,0.257941,0.232458,5.730000,-24.741001,19.016001,NaN,-1.277735,true,Self-supervised model,0.181813,2.089000,70.734181,33.860307,0.685800,0.221352,1.559045,1.548402,false,false
2026-04-17T14:56:31.842509,0.193520,-5.870732,-2.133995,212.269,SW,7,0.912695,7,6.392962,0.583681,1.318071,0.378955,0.090980,8.971074,3.833117,0.263091,0.187132,-0.198423,0.378955,-0.048258,-0.276111,-0.109956,0.301092,0.280297,5.730000,-24.741001,19.016001,NaN,-1.276364,true,Self-supervised model,0.177544,2.095000,70.661377,33.728581,0.685800,0.221352,1.540238,1.258602,false,false
2026-04-17T14:56:31.853086,0.193520,-5.870732,-2.132755,212.198,SW,7,0.912695,7,6.392962,0.559661,1.309734,0.433558,0.076614,9.093178,3.902549,0.251302,0.327153,-0.133381,0.433558,-0.040928,-0.329867,-0.102625,0.347879,0.332397,5.730000,-24.741001,19.016001,NaN,-1.275242,true,Self-supervised model,0.179627,2.106000,70.590281,33.518652,0.685800,0.221352,1.290858,1.246290,false,false
2026-04-17T14:56:31.858564,0.193520,-5.870732,-2.131628,212.133,SW,7,0.912695,7,6.392962,0.553330,1.301478,0.520091,0.071826,9.236830,3.960010,0.257121,0.445390,-0.077532,0.520091,-0.040928,-0.400728,-0.082467,0.411167,0.402812,5.730000,-24.741001,19.016001,NaN,-1.274574,true,Self-supervised model,0.184620,2.111000,70.525742,33.408689,0.685800,0.221352,1.063910,1.264913,false,false
2026-04-17T14:56:31.867403,0.193520,-5.870732,-2.130701,212.080,SW,7,0.912695,7,6.392962,0.567509,1.294119,0.641951,0.088585,9.358934,4.007894,0.275092,0.577844,-0.050218,0.641951,-0.043982,-0.486860,-0.062308,0.492797,0.488842,5.730000,-24.741001,19.016001,NaN,-1.274446,true,Self-supervised model,0.197023,2.120000,70.472642,33.241812,0.685800,0.221352,0.884039,1.302667,false,false
2026-04-17T14:56:31.875954,0.193520,-5.870732,-2.129828,212.030,SW,7,0.912695,7,6.392962,0.591442,1.288012,0.717092,0.122104,9.495404,4.027047,0.346203,0.623933,-0.071222,0.717092,-0.051924,-0.559553,-0.039706,0.563358,0.561957,5.730000,-24.741001,19.016001,NaN,-1.273784,true,Self-supervised model,0.200934,2.128000,70.422576,33.093316,0.685800,0.221352,0.824779,1.272890,false,false
2026-04-17T14:56:31.882554,0.193520,-5.870732,-2.129091,211.988,SW,7,0.912695,7,6.392962,0.630445,1.283710,0.835208,0.208296,9.540894,4.007894,0.460813,0.680067,-0.150777,0.835208,-0.068417,-0.638354,-0.018326,0.642272,0.642010,5.730000,-24.741001,19.016001,NaN,-1.273594,true,Self-supervised model,0.206556,2.135000,70.380347,32.965034,0.685800,0.221352,0.754836,1.300398,false,false
2026-04-17T14:56:31.890540,0.193520,-5.870732,-2.128544,211.957,SW,7,0.912695,7,6.392962,0.674501,1.281341,0.905797,0.342371,9.595961,3.931279,0.586216,0.672277,-0.157678,0.905797,-0.094684,-0.696997,-0.001222,0.703400,0.703399,5.730000,-24.741001,19.016001,NaN,-1.273807,true,Self-supervised model,0.208413,2.143000,70.349009,32.827349,0.685800,0.221352,0.744649,1.287741,false,false
2026-04-17T14:56:31.898886,0.193520,-5.870732,-2.128189,211.936,SW,7,0.912695,7,6.392962,0.716880,1.280763,0.939367,0.490811,9.586384,3.928885,0.663605,0.655852,-0.109071,0.939367,-0.120951,-0.747699,0.002443,0.757423,0.757419,5.730000,-24.741001,19.016001,NaN,-1.274221,true,Self-supervised model,0.207187,2.151000,70.328681,32.695807,0.685800,0.221352,0.763152,1.240215,false,false
2026-04-17T14:56:31.906701,0.193520,-5.870732,-2.128280,211.941,SW,7,0.912695,7,6.392962,0.752496,1.281632,0.939482,0.593762,9.567230,3.983952,0.735412,0.584242,-0.021392,0.939482,-0.144775,-0.781297,0.000611,0.794597,0.794597,5.730000,-24.741001,19.016001,NaN,-1.276098,true,Self-supervised model,0.204206,2.159000,70.333929,32.577086,0.685800,0.221352,0.800969,1.182338,false,false
2026-04-17T14:56:31.914266,0.193520,-5.870732,-2.128724,211.967,SW,7,0.912695,7,6.392962,0.779969,1.283566,0.924204,0.699107,9.495404,4.072537,0.770204,0.501920,0.094946,0.924204,-0.165544,-0.810007,-0.008552,0.826795,0.826751,5.730000,-24.741001,19.016001,NaN,-1.277951,true,Self-supervised model,0.198890,2.167000,70.359358,32.468554,0.685800,0.221352,0.843937,1.117815,false,false
2026-04-17T14:56:31.922659,0.193520,-5.870732,-2.129437,212.008,SW,7,0.912695,7,6.392962,0.810456,1.286641,0.970512,0.768539,9.411607,4.192247,0.845192,0.406373,0.249811,0.970512,-0.175929,-0.820392,-0.018326,0.839244,0.839044,5.730000,-24.741001,19.016001,NaN,-1.279739,true,Self-supervised model,0.200106,2.175000,70.400192,32.367904,0.685800,0.221352,0.835081,1.156413,false,false
2026-04-17T14:56:31.930762,0.193520,-5.870732,-2.130326,212.059,SW,7,0.912695,7,6.392962,0.850471,1.291195,1.060546,0.878672,9.313444,4.352659,0.898899,0.323768,0.460340,1.060546,-0.176540,-0.824668,-0.039095,0.844258,0.843353,5.730000,-24.741001,19.016001,NaN,-1.281335,true,Self-supervised model,0.204821,2.183000,70.451144,32.272627,0.685800,0.221352,0.801918,1.256187,false,false
2026-04-17T14:56:31.939288,0.193520,-5.870732,-2.131300,212.114,SW,7,0.912695,7,6.392962,0.914656,1.298133,1.251627,0.967257,9.227253,4.570531,0.972291,0.246690,0.748576,1.251627,-0.156382,-0.837496,-0.058032,0.853946,0.851971,5.730000,-24.741001,19.016001,NaN,-1.282646,true,Self-supervised model,0.215555,2.192000,70.506934,32.165572,0.685800,0.221352,0.730773,1.465699,false,false
2026-04-17T14:56:31.946460,0.193520,-5.870732,-2.132253,212.169,SW,7,0.912695,7,6.392962,1.001382,1.308263,1.456696,1.074997,9.145850,4.867412,1.039338,0.160201,1.008007,1.456696,-0.118508,-0.858266,-0.090408,0.871113,0.866409,5.730000,-24.741001,19.016001,NaN,-1.283515,true,Self-supervised model,0.224875,2.199000,70.561521,32.088004,0.685800,0.221352,0.687434,1.672225,false,false
2026-04-17T14:56:31.954657,0.193520,-5.870732,-2.133063,212.215,SW,7,0.912695,7,6.392962,1.092899,1.321648,1.573359,1.175553,9.054871,5.135562,1.054951,0.061309,1.165667,1.573359,-0.064752,-0.886365,-0.130114,0.898202,0.888727,5.730000,-24.741001,19.016001,NaN,-1.283754,true,Self-supervised model,0.229304,2.207000,70.607925,31.992717,0.685800,0.221352,0.694628,1.751677,false,false
2026-04-17T14:56:31.962700,0.193520,-5.870732,-2.133632,212.248,SW,7,0.912695,7,6.392962,1.178952,1.337941,1.630732,1.223437,8.951921,5.300763,1.021839,-0.043163,1.270145,1.630732,-0.007941,-0.915687,-0.173486,0.932010,0.915721,5.730000,-24.741001,19.016001,NaN,-1.283361,true,Self-supervised model,0.230270,2.215000,70.640552,31.891897,0.685800,0.221352,0.722959,1.749693,false,false
2026-04-17T14:56:31.971560,0.193520,-5.870732,-2.133864,212.261,SW,7,0.912695,7,6.392962,1.253592,1.356567,1.645455,1.221043,8.844181,5.410896,0.968812,-0.098235,1.326376,1.645455,0.044593,-0.941954,-0.207694,0.965610,0.943009,5.730000,-24.741001,19.016001,NaN,-1.282244,true,Self-supervised model,0.229418,2.224000,70.653858,31.768821,0.685800,0.221352,0.761852,1.704057,false,false
2026-04-17T14:56:31.978580,0.193520,-5.870732,-2.133686,212.251,SW,7,0.912695,7,6.392962,1.312689,1.376811,1.622945,1.197101,8.786720,5.470751,0.929451,-0.140144,1.323039,1.622945,0.108123,-0.978606,-0.251066,1.016068,0.984561,5.730000,-24.741001,19.016001,NaN,-1.280425,true,Self-supervised model,0.224873,2.231000,70.643658,31.664571,0.685800,0.221352,0.808831,1.597280,false,false
2026-04-17T14:56:31.987714,0.193520,-5.870732,-2.133046,212.215,SW,7,0.912695,7,6.392962,1.349618,1.397724,1.543497,1.185130,8.743625,5.468357,0.934560,-0.123572,1.222174,1.543497,0.170431,-1.023199,-0.293215,1.077942,1.037296,5.730000,-24.741001,19.016001,NaN,-1.277936,true,Self-supervised model,0.215357,2.240000,70.606970,31.520969,0.685800,0.221352,0.874390,1.431892,false,false
2026-04-17T14:56:31.994608,0.193520,-5.870732,-2.131909,212.149,SW,7,0.912695,7,6.392962,1.357135,1.418100,1.396597,1.216254,8.760384,5.365406,0.921866,-0.110914,1.043237,1.396597,0.225409,-1.053743,-0.334143,1.128200,1.077582,5.879000,-24.443001,18.666000,NaN,-1.274813,true,Self-supervised model,0.200840,2.247000,70.541839,31.393787,0.685800,0.221352,0.971744,1.237898,false,false
2026-04-17T14:56:32.003725,0.193520,-5.870732,-2.130270,212.055,SW,7,0.912695,7,6.392962,1.343956,1.437134,1.274768,1.228225,8.774749,5.181053,0.975186,-0.085063,0.816584,1.274768,0.259618,-1.062906,-0.370184,1.155078,1.094152,5.879000,-24.443001,18.666000,NaN,-1.271166,true,Self-supervised model,0.192580,2.256000,70.447937,31.226922,0.685800,0.221352,1.054275,1.103620,false,false
2026-04-17T14:56:32.010615,0.193520,-5.870732,-2.128148,211.934,SW,7,0.912695,7,6.392962,1.330479,1.454868,1.259727,1.304840,8.803479,4.946421,1.097460,-0.007539,0.618414,1.259727,0.288328,-1.048856,-0.411723,1.163077,1.087764,5.879000,-24.443001,18.666000,NaN,-1.267111,true,Self-supervised model,0.187030,2.263000,70.326348,31.076601,0.685800,0.221352,1.056165,1.083098,false,false
2026-04-17T14:56:32.018856,0.193520,-5.870732,-2.125550,211.785,SW,7,0.912695,7,6.392962,1.324255,1.471644,1.291581,1.448492,8.884883,4.738125,1.183954,0.059679,0.512712,1.291581,0.302378,-1.020756,-0.456316,1.158274,1.064601,5.879000,-24.443001,18.666000,NaN,-1.262606,true,Self-supervised model,0.189758,2.271000,70.177458,30.901567,0.685800,0.221352,1.025298,1.115091,false,false
2026-04-17T14:56:32.027301,0.193520,-5.870732,-2.122459,211.608,SW,7,0.912695,7,6.392962,1.320842,1.487612,1.302922,1.553837,8.956709,4.620809,1.230179,0.116655,0.413105,1.302922,0.312763,-1.002430,-0.499077,1.162654,1.050089,5.879000,-24.443001,18.666000,NaN,-1.257548,true,Self-supervised model,0.189038,2.280000,70.000384,30.701923,0.685800,0.221352,1.013754,1.120645,false,false
2026-04-17T14:56:32.036866,0.193520,-5.870732,-2.118850,211.401,SW,7,0.912695,7,6.392962,1.314254,1.502677,1.279670,1.616086,9.018958,4.508282,1.240738,0.194391,0.245631,1.279670,0.319483,-0.996932,-0.548557,1.181887,1.046873,5.879000,-24.443001,18.666000,NaN,-1.251866,true,Self-supervised model,0.187227,2.289000,69.793609,30.490873,0.685800,0.221352,1.027026,1.082734,false,false
2026-04-17T14:56:32.042670,0.193520,-5.870732,-2.114716,211.164,SW,7,0.912695,7,6.392962,1.292416,1.516267,1.177764,1.640028,9.102755,4.326323,1.148209,0.261894,0.012439,1.177764,0.314596,-0.989602,-0.588263,1.193455,1.038404,5.879000,-24.443001,18.666000,NaN,-1.245632,true,Self-supervised model,0.172411,2.295000,69.556752,30.307953,0.685800,0.221352,1.097347,0.986852,false,false
2026-04-17T14:56:32.052552,0.193520,-5.870732,-2.110076,210.898,SW,7,0.912695,7,6.392962,1.278733,1.528766,1.206896,1.558625,9.176975,4.077325,1.127341,0.396068,-0.169791,1.206896,0.290772,-0.967000,-0.615752,1.182703,1.009771,5.879000,-24.443001,18.666000,NaN,-1.238966,true,Self-supervised model,0.182241,2.305000,69.290878,30.061118,0.685800,0.221352,1.059522,1.020455,false,false
2026-04-17T14:56:32.058642,0.193520,-5.870732,-2.104955,210.605,SW,7,0.912695,7,6.392962,1.276007,1.540655,1.261695,1.546654,9.318233,3.878607,1.070467,0.553890,-0.373068,1.261695,0.263283,-0.937678,-0.631024,1.160495,0.973940,5.879000,-24.443001,18.666000,NaN,-1.231923,true,Self-supervised model,0.179046,2.311000,68.997478,29.856114,0.685800,0.221352,1.011343,1.087204,false,false
2026-04-17T14:56:32.067407,0.193520,-5.870732,-2.099403,210.287,SW,7,0.912695,7,6.392962,1.292818,1.552742,1.381079,1.496376,9.483433,3.658340,1.042126,0.728743,-0.538782,1.381079,0.206472,-0.896750,-0.635911,1.118559,0.920213,5.879000,-24.443001,18.666000,NaN,-1.224644,true,Self-supervised model,0.191206,2.320000,68.679350,29.603168,0.685800,0.221352,0.936093,1.234694,false,false
2026-04-17T14:56:32.074914,0.193520,-5.870732,-2.093484,209.948,SW,7,0.912695,7,6.392962,1.322692,1.565540,1.479532,1.472434,9.665392,3.476381,1.005956,0.856579,-0.665839,1.479532,0.137445,-0.850935,-0.622472,1.063228,0.861964,5.879000,-24.443001,18.666000,NaN,-1.217262,true,Self-supervised model,0.194914,2.327000,68.340256,29.368396,0.685800,0.221352,0.893994,1.391548,false,false
2026-04-17T14:56:32.082489,0.193520,-5.870732,-2.087288,209.593,SW,7,0.912695,7,6.392962,1.360287,1.579330,1.557658,1.438915,9.799467,3.335123,1.030658,0.894820,-0.750559,1.557658,0.049480,-0.799623,-0.602313,1.002310,0.801152,5.879000,-24.443001,18.666000,NaN,-1.209953,true,Self-supervised model,0.200237,2.335000,67.985218,29.115725,0.685800,0.221352,0.873290,1.554068,false,false
2026-04-17T14:56:32.090512,0.193520,-5.870732,-2.080189,209.186,SW,7,0.912695,7,6.392962,1.398006,1.594077,1.596033,1.465251,9.842564,3.239355,1.097361,0.931100,-0.690052,1.596033,-0.039706,-0.764803,-0.587652,0.965317,0.765833,5.879000,-24.443001,18.666000,NaN,-1.199244,true,Self-supervised model,0.203484,2.343000,67.578481,28.842715,0.685800,0.221352,0.875926,1.653377,false,false
2026-04-17T14:56:32.098790,0.193520,-5.870732,-2.072380,208.739,SW,7,0.912695,7,6.392962,1.420719,1.609142,1.539958,1.517924,9.880871,3.296816,1.152034,0.886898,-0.507642,1.539958,-0.146608,-0.743423,-0.575435,0.951471,0.757741,5.879000,-24.443001,18.666000,NaN,-1.188595,true,Self-supervised model,0.198971,2.351000,67.131052,28.554255,0.685800,0.221352,0.922570,1.618502,false,false
2026-04-17T14:56:32.106686,0.193520,-5.870732,-2.064007,208.259,SW,7,0.912695,7,6.392962,1.432765,1.624087,1.496007,1.558625,9.835381,3.483563,1.220280,0.836388,-0.222281,1.496007,-0.241903,-0.757473,-0.562607,0.974068,0.795162,5.879000,-24.443001,18.666000,NaN,-1.177966,true,Self-supervised model,0.190744,2.359000,66.651320,28.254057,0.685800,0.221352,0.957726,1.535834,false,false
2026-04-17T14:56:32.114504,0.193520,-5.870732,-2.055195,207.754,SW,7,0.912695,7,6.392962,1.433371,1.638459,1.436552,1.613692,9.780313,3.780444,1.236496,0.731134,0.014189,1.436552,-0.316428,-0.798401,-0.549168,1.019390,0.858819,5.879000,-24.443001,18.666000,NaN,-1.167400,true,Self-supervised model,0.184950,2.367000,66.146452,27.945269,0.685800,0.221352,0.997786,1.409227,false,false
2026-04-17T14:56:32.122642,0.193520,-5.870732,-2.046086,207.232,SW,7,0.912695,7,6.392962,1.429431,1.652097,1.408748,1.618480,9.667787,4.034230,1.264576,0.572686,0.239688,1.408748,-0.357356,-0.834442,-0.533285,1.052801,0.907743,5.879000,-24.443001,18.666000,NaN,-1.157099,true,Self-supervised model,0.185710,2.375000,65.624515,27.631375,0.685800,0.221352,1.014682,1.338095,false,false
2026-04-17T14:56:32.130809,0.193520,-5.870732,-2.037390,206.734,SW,7,0.912695,7,6.392962,1.426565,1.665076,1.411518,1.637634,9.500193,4.280833,1.277236,0.412229,0.437171,1.411518,-0.381180,-0.864374,-0.510683,1.073889,0.944691,5.879000,-24.443001,18.666000,NaN,-1.150061,true,Self-supervised model,0.186920,2.383000,65.126314,27.329548,0.685800,0.221352,1.010660,1.314398,false,false
2026-04-17T14:56:32.139645,0.193520,-5.870732,-2.029129,206.261,SW,7,0.912695,7,6.392962,1.431245,1.677723,1.455819,1.656788,9.330204,4.498705,1.308823,0.257236,0.583284,1.455819,-0.375682,-0.871094,-0.487470,1.066569,0.948653,5.879000,-24.443001,18.666000,NaN,-1.143536,true,Self-supervised model,0.191329,2.392000,64.652985,27.028840,0.685800,0.221352,0.983121,1.364955,false,false
2026-04-17T14:56:32.147180,0.193520,-5.870732,-2.021342,205.814,SW,7,0.912695,7,6.392962,1.450319,1.690627,1.550457,1.697489,9.165004,4.666299,1.407297,0.095000,0.643743,1.550457,-0.347582,-0.861931,-0.469755,1.041349,0.929375,5.879000,-24.443001,18.666000,NaN,-1.137643,true,Self-supervised model,0.195713,2.400000,64.206796,26.752832,0.685800,0.221352,0.935414,1.488892,false,false
2026-04-17T14:56:32.154870,0.193520,-5.870732,-2.014071,205.398,SW,7,0.912695,7,6.392962,1.482771,1.704313,1.653141,1.807622,8.992621,4.747702,1.482082,-0.065256,0.729417,1.653141,-0.313374,-0.836885,-0.461203,1.005629,0.893633,8.368000,-25.914001,18.322001,NaN,-1.132440,true,Self-supervised model,0.204469,2.407000,63.790217,26.501960,0.685800,0.221352,0.896941,1.643889,false,false
2026-04-17T14:56:32.162385,0.193520,-5.870732,-2.007342,205.012,SW,7,0.912695,7,6.392962,1.524054,1.719102,1.740794,1.896208,8.822633,4.853047,1.538392,-0.204813,0.788521,1.740794,-0.257785,-0.801455,-0.456316,0.957605,0.841893,8.368000,-25.914001,18.322001,NaN,-1.127878,true,Self-supervised model,0.213078,2.415000,63.404676,26.254524,0.685800,0.221352,0.875494,1.817861,false,false
2026-04-17T14:56:32.171814,0.193520,-5.870732,-2.001160,204.658,SW,7,0.912695,7,6.392962,1.560806,1.734770,1.753750,1.968034,8.674192,4.929661,1.492930,-0.340600,0.854862,1.753750,-0.191201,-0.758084,-0.457538,0.905864,0.781824,8.368000,-25.914001,18.322001,NaN,-1.123882,true,Self-supervised model,0.223126,2.424000,63.050460,26.010916,0.685800,0.221352,0.889982,1.935997,false,false
2026-04-17T14:56:32.178480,0.193520,-5.870732,-1.995540,204.336,SW,7,0.912695,7,6.392962,1.581131,1.750625,1.687836,1.939303,8.530540,5.011064,1.391309,-0.432123,0.852244,1.687836,-0.119730,-0.717156,-0.459982,0.860367,0.727082,8.368000,-25.914001,18.322001,NaN,-1.120514,true,Self-supervised model,0.215693,2.431000,62.728485,25.803573,0.685800,0.221352,0.936780,1.961764,false,false
2026-04-17T14:56:32.186652,0.193520,-5.870732,-1.990518,204.048,SW,7,0.912695,7,6.392962,1.583527,1.765941,1.596109,1.855506,8.432379,5.020641,1.278250,-0.519969,0.802043,1.596109,-0.059254,-0.685391,-0.451429,0.822837,0.687947,8.368000,-25.914001,18.322001,NaN,-1.117882,true,Self-supervised model,0.220316,2.439000,62.440751,25.600964,0.685800,0.221352,0.992117,1.939764,false,false
2026-04-17T14:56:32.194671,0.193520,-5.870732,-1.986144,203.798,SW,7,0.912695,7,6.392962,1.566085,1.779947,1.474513,1.762132,8.339005,4.979939,1.188990,-0.560773,0.667851,1.474513,-0.000611,-0.656680,-0.435547,0.787991,0.656680,8.368000,-25.914001,18.322001,NaN,-1.116100,true,Self-supervised model,0.217359,2.447000,62.190137,25.414850,0.685800,0.221352,1.062103,1.871230,false,false
2026-04-17T14:56:32.203559,0.193520,-5.870732,-1.982497,203.589,SW,7,0.912695,7,6.392962,1.541844,1.792423,1.414577,1.695095,8.293514,4.853047,1.160870,-0.597220,0.544735,1.414577,0.045815,-0.632246,-0.411723,0.755877,0.633903,8.368000,-25.914001,18.322001,NaN,-1.115359,true,Self-supervised model,0.217810,2.456000,61.981161,25.236629,0.685800,0.221352,1.089968,1.871439,false,false
2026-04-17T14:56:32.210855,0.193520,-5.870732,-1.979639,203.425,SW,7,0.912695,7,6.392962,1.520321,1.803538,1.407327,1.692701,8.252813,4.735731,1.198337,-0.631426,0.381917,1.407327,0.078802,-0.616363,-0.389121,0.733163,0.621380,8.368000,-25.914001,18.322001,NaN,-1.115660,true,Self-supervised model,0.219827,2.463000,61.817430,25.098429,0.685800,0.221352,1.080290,1.919528,false,false
2026-04-17T14:56:32.218647,0.193520,-5.870732,-1.977606,203.308,SW,7,0.912695,7,6.392962,1.500763,1.813427,1.398086,1.759738,8.214506,4.577713,1.195841,-0.682181,0.243389,1.398086,0.090408,-0.614530,-0.379958,0.728141,0.621145,8.368000,-25.914001,18.322001,NaN,-1.116925,true,Self-supervised model,0.222751,2.471000,61.700939,24.970028,0.685800,0.221352,1.073441,1.920076,false,false
2026-04-17T14:56:32.226694,0.193520,-5.870732,-1.976393,203.239,SW,7,0.912695,7,6.392962,1.489382,1.822466,1.429632,1.790863,8.159439,4.443638,1.222640,-0.732443,0.111919,1.429632,0.096517,-0.629191,-0.372017,0.737288,0.636551,8.368000,-25.914001,18.322001,NaN,-1.118991,true,Self-supervised model,0.227968,2.479000,61.631415,24.861402,0.685800,0.221352,1.041794,1.939041,false,false
2026-04-17T14:56:32.236278,0.193520,-5.870732,-1.975909,203.211,SW,7,0.912695,7,6.392962,1.477938,1.830685,1.417854,1.855506,8.104373,4.316746,1.208290,-0.741753,-0.012089,1.417854,0.089797,-0.670119,-0.371406,0.771405,0.676109,8.368000,-25.914001,18.322001,NaN,-1.121426,true,Self-supervised model,0.228614,2.489000,61.603707,24.750385,0.685800,0.221352,1.042377,1.838015,false,false
2026-04-17T14:56:32.242877,0.193520,-5.870732,-1.975851,203.208,SW,7,0.912695,7,6.392962,1.471847,1.838331,1.439868,1.881842,8.090008,4.197036,1.217881,-0.749563,-0.167745,1.439868,0.073915,-0.711047,-0.378736,0.809007,0.714879,8.368000,-25.914001,18.322001,NaN,-1.123068,true,Self-supervised model,0.229780,2.495000,61.600355,24.689521,0.685800,0.221352,1.022210,1.779796,false,false
2026-04-17T14:56:32.252125,0.193520,-5.870732,-1.975970,203.215,SW,7,0.912695,7,6.392962,1.464349,1.845372,1.424984,1.929727,8.078036,4.043807,1.212782,-0.667057,-0.338781,1.424984,0.045204,-0.761138,-0.391565,0.857145,0.762479,8.368000,-25.914001,18.322001,NaN,-1.123899,true,Self-supervised model,0.226978,2.505000,61.607201,24.593693,0.685800,0.221352,1.027625,1.662477,false,false
2026-04-17T14:56:32.259268,0.193520,-5.870732,-1.976048,203.219,SW,7,0.912695,7,6.392962,1.452065,1.851639,1.387576,1.960851,8.157045,3.873818,1.181404,-0.546588,-0.480513,1.387576,0.001833,-0.803288,-0.411723,0.902658,0.803290,8.368000,-25.914001,18.322001,NaN,-1.123812,true,Self-supervised model,0.222899,2.512000,61.611671,24.526939,0.685800,0.221352,1.046476,1.537212,false,false
2026-04-17T14:56:32.267185,0.193520,-5.870732,-1.975934,203.213,SW,7,0.912695,7,6.392962,1.430438,1.856791,1.316896,1.963245,8.274361,3.732560,1.106791,-0.392718,-0.595820,1.316896,-0.043982,-0.828944,-0.428217,0.934052,0.830110,8.368000,-25.914001,18.322001,NaN,-1.122926,true,Self-supervised model,0.217192,2.520000,61.605097,24.446467,0.685800,0.221352,1.086219,1.409876,false,false
2026-04-17T14:56:32.275120,0.193520,-5.870732,-1.975577,203.192,SW,7,0.912695,7,6.392962,1.396378,1.860375,1.217562,1.920150,8.425196,3.617639,1.028504,-0.183635,-0.625232,1.217562,-0.082467,-0.839940,-0.431882,0.948062,0.843978,8.368000,-25.914001,18.322001,NaN,-1.121601,true,Self-supervised model,0.209908,2.528000,61.584651,24.361017,0.685800,0.221352,1.146864,1.284264,false,false
2026-04-17T14:56:32.282675,0.193520,-5.870732,-1.975000,203.159,SW,7,0.912695,7,6.392962,1.358258,1.862290,1.158129,1.872266,8.631097,3.588908,0.950412,0.001580,-0.661799,1.158129,-0.122784,-0.837496,-0.425773,0.947501,0.846449,8.368000,-25.914001,18.322001,NaN,-1.120145,true,Self-supervised model,0.205690,2.535000,61.551619,24.280718,0.685800,0.221352,1.172804,1.222298,false,false
2026-04-17T14:56:32.290487,0.193520,-5.870732,-1.974289,203.118,SW,7,0.912695,7,6.392962,1.318612,1.862543,1.110473,1.824382,8.813056,3.552995,0.884263,0.110366,-0.662607,1.110473,-0.163712,-0.806342,-0.405615,0.917340,0.822794,8.368000,-25.914001,18.322001,NaN,-1.118896,true,Self-supervised model,0.203597,2.543000,61.510871,24.188309,0.685800,0.221352,1.187434,1.210536,false,false
2026-04-17T14:56:32.298949,0.193520,-5.870732,-1.973521,203.074,SW,7,0.912695,7,6.392962,1.279954,1.861239,1.076997,1.788469,8.918402,3.552995,0.849426,0.152251,-0.644375,1.076997,-0.196699,-0.751364,-0.379958,0.864643,0.776684,8.368000,-25.914001,18.322001,NaN,-1.117902,true,Self-supervised model,0.203733,2.551000,61.466882,24.095210,0.685800,0.221352,1.188447,1.245598,false,false
2026-04-17T14:56:32.307477,0.193520,-5.870732,-1.972779,203.032,SW,7,0.912695,7,6.392962,1.238929,1.858347,1.023548,1.783680,8.956709,3.572149,0.860417,0.141888,-0.535910,1.023548,-0.230907,-0.698830,-0.361021,0.819767,0.735990,8.368000,-25.914001,18.322001,NaN,-1.117264,true,Self-supervised model,0.202456,2.560000,61.424381,23.993899,0.685800,0.221352,1.210426,1.248584,false,false
2026-04-17T14:56:32.314496,0.193520,-5.870732,-1.972082,202.992,SW,7,0.912695,7,6.392962,1.194698,1.853801,0.962484,1.824382,8.942344,3.682282,0.889017,0.115629,-0.350220,0.962484,-0.268781,-0.645074,-0.353080,0.782962,0.698830,17.881001,-23.965002,13.634001,NaN,-1.116742,true,Self-supervised model,0.200208,2.567000,61.384402,23.912895,0.685800,0.221352,1.241265,1.229287,false,false
2026-04-17T14:56:32.322896,0.193520,-5.870732,-1.971408,202.953,SW,7,0.912695,7,6.392962,1.147833,1.847562,0.901795,1.881842,8.911219,3.871424,0.889575,0.037885,-0.143020,0.901795,-0.303600,-0.621250,-0.354302,0.776952,0.691465,17.881001,-23.965002,13.634001,NaN,-1.116164,true,Self-supervised model,0.197502,2.575000,61.345795,23.823610,0.685800,0.221352,1.272832,1.160683,false,false
2026-04-17T14:56:32.330778,0.193520,-5.870732,-1.970700,202.913,SW,7,0.912695,7,6.392962,1.105264,1.839870,0.881775,1.910573,8.827422,4.084508,0.881281,-0.009768,0.027861,0.881775,-0.332311,-0.610865,-0.362854,0.784379,0.695404,17.881001,-23.965002,13.634001,NaN,-1.115321,true,Self-supervised model,0.196235,2.583000,61.305254,23.734128,0.685800,0.221352,1.253453,1.124171,false,false
2026-04-17T14:56:32.338853,0.193520,-5.870732,-1.969894,202.867,SW,7,0.912695,7,6.392962,1.073164,1.831202,0.904641,1.929727,8.772355,4.264073,0.870890,-0.020153,0.243966,0.904641,-0.346971,-0.621250,-0.374460,0.804090,0.711576,17.881001,-23.965002,13.634001,NaN,-1.114122,true,Self-supervised model,0.197692,2.591000,61.259074,23.643024,0.685800,0.221352,1.186288,1.125049,false,false
2026-04-17T14:56:32.346526,0.193520,-5.870732,-1.968903,202.810,SW,7,0.912695,7,6.392962,1.047160,1.821841,0.910637,1.946486,8.753201,4.491522,0.808720,-0.038872,0.416798,0.910637,-0.358578,-0.643852,-0.396452,0.836838,0.736969,17.881001,-23.965002,13.634001,NaN,-1.112388,true,Self-supervised model,0.197225,2.599000,61.202260,23.548388,0.685800,0.221352,1.149920,1.088188,false,false
2026-04-17T14:56:32.354629,0.193520,-5.870732,-1.967558,202.733,SW,7,0.912695,7,6.392962,1.023728,1.811916,0.900710,1.910573,8.724471,4.678270,0.727980,-0.030240,0.529538,0.900710,-0.364076,-0.671952,-0.415388,0.869838,0.764245,17.881001,-23.965002,13.634001,NaN,-1.109632,true,Self-supervised model,0.196038,2.607000,61.125233,23.446579,0.685800,0.221352,1.136578,1.035492,false,false
2026-04-17T14:56:32.362515,0.193520,-5.870732,-1.965734,202.628,SW,7,0.912695,7,6.392962,0.996184,1.801287,0.851579,1.853112,8.722076,4.807557,0.571471,-0.030477,0.630619,0.851579,-0.367130,-0.689667,-0.432493,0.893014,0.781297,17.881001,-23.965002,13.634001,NaN,-1.105885,true,Self-supervised model,0.191326,2.615000,61.020676,23.334867,0.685800,0.221352,1.169808,0.953601,false,false
2026-04-17T14:56:32.370994,0.193520,-5.870732,-1.963311,202.489,S,7,0.912695,7,6.392962,0.977443,1.790333,0.879053,1.716643,8.710106,4.927267,0.404564,-0.030088,0.779845,0.879053,-0.364687,-0.699441,-0.445321,0.905828,0.788805,17.881001,-23.965002,13.634001,NaN,-1.101073,true,Self-supervised model,0.192588,2.623000,60.881881,23.210782,0.685800,0.221352,1.111927,0.970442,false,false
2026-04-17T14:56:32.378446,0.193520,-5.870732,-1.960217,202.312,S,7,0.912695,7,6.392962,0.981091,1.779963,1.000241,1.565808,8.698134,5.097255,0.241548,0.011368,0.970571,1.000241,-0.349415,-0.714101,-0.454484,0.915744,0.795004,17.881001,-23.965002,13.634001,NaN,-1.095291,true,Self-supervised model,0.198148,2.631000,60.704594,23.072822,0.685800,0.221352,0.980855,1.092271,false,false
2026-04-17T14:56:32.386931,0.193520,-5.870732,-1.956442,202.096,S,7,0.912695,7,6.392962,1.003128,1.770890,1.118824,1.414973,8.726865,5.310339,0.133845,-0.014318,1.110697,1.118824,-0.317039,-0.750753,-0.455095,0.933411,0.814951,17.881001,-23.965002,13.634001,NaN,-1.088793,true,Self-supervised model,0.204576,2.639000,60.488306,22.920919,0.685800,0.221352,0.896591,1.198641,false,false
2026-04-17T14:56:32.394518,0.193520,-5.870732,-1.952030,201.843,S,7,0.912695,7,6.392962,1.029768,1.763245,1.169629,1.316811,8.688558,5.473145,0.087325,0.026216,1.166070,1.169629,-0.276722,-0.791681,-0.449597,0.951563,0.838650,17.881001,-23.965002,13.634001,NaN,-1.081834,true,Self-supervised model,0.203582,2.647000,60.235528,22.756150,0.685800,0.221352,0.880423,1.229167,false,false
2026-04-17T14:56:32.404180,0.193520,-5.870732,-1.947075,201.559,S,7,0.912695,7,6.392962,1.043729,1.756464,1.117021,1.278504,8.717288,5.549759,0.058046,0.053299,1.114238,1.117021,-0.223577,-0.831388,-0.447153,0.970123,0.860925,17.881001,-23.965002,13.634001,NaN,-1.074707,true,Self-supervised model,0.201187,2.657000,59.951633,22.563655,0.685800,0.221352,0.934386,1.151423,false,false
2026-04-17T14:56:32.410630,0.193520,-5.870732,-1.941684,201.250,S,7,0.912695,7,6.392962,1.040103,1.749810,1.021064,1.256956,8.734048,5.516241,0.088804,0.062040,1.015302,1.021064,-0.173486,-0.855211,-0.438601,0.976655,0.872630,17.881001,-23.965002,13.634001,NaN,-1.067569,true,Self-supervised model,0.188449,2.663000,59.642727,22.396818,0.685800,0.221352,1.018645,1.045471,false,false
2026-04-17T14:56:32.418620,0.193520,-5.870732,-1.935945,200.921,S,7,0.912695,7,6.392962,1.019595,1.742601,0.911931,1.295263,8.734048,5.432444,0.062748,0.066847,0.907311,0.911931,-0.127671,-0.859487,-0.433714,0.971147,0.868918,17.881001,-23.965002,13.634001,NaN,-1.060442,true,Self-supervised model,0.184159,2.671000,59.313924,22.206636,0.685800,0.221352,1.118061,0.939025,false,false
2026-04-17T14:56:32.426441,0.193520,-5.870732,-1.929917,200.576,S,7,0.912695,7,6.392962,0.997318,1.734790,0.880361,1.276109,8.731653,5.336676,0.045126,0.072532,0.876207,0.880361,-0.091019,-0.857655,-0.438601,0.967588,0.862471,17.881001,-23.965002,13.634001,NaN,-1.053258,true,Self-supervised model,0.182499,2.679000,58.968562,22.011408,0.685800,0.221352,1.132851,0.909851,false,false
2026-04-17T14:56:32.435883,0.193520,-5.870732,-1.923636,200.216,S,7,0.912695,7,6.392962,0.975727,1.726427,0.862374,1.264138,8.731653,5.315128,-0.052131,0.043108,0.859716,0.862374,-0.043982,-0.849103,-0.441656,0.958107,0.850241,17.881001,-23.965002,13.634001,NaN,-1.045963,true,Self-supervised model,0.185600,2.688000,58.608681,21.803825,0.685800,0.221352,1.131443,0.900081,false,false
2026-04-17T14:56:32.444431,0.193520,-5.870732,-1.917150,199.845,S,7,0.912695,7,6.392962,0.945997,1.717210,0.789919,1.170765,8.698134,5.305551,-0.119354,0.052730,0.779067,0.789919,0.004276,-0.846048,-0.438601,0.952989,0.846059,17.881001,-23.965002,13.634001,NaN,-1.038654,true,Self-supervised model,0.180303,2.697000,58.237021,21.593259,0.685800,0.221352,1.197589,0.828886,false,false
2026-04-17T14:56:32.451607,0.193520,-5.870732,-1.910523,199.465,S,7,0.912695,7,6.392962,0.904951,1.706720,0.689459,1.106121,8.705317,5.228937,-0.186240,0.084661,0.658408,0.689459,0.049480,-0.850935,-0.425162,0.952524,0.852373,17.881001,-23.965002,13.634001,NaN,-1.031469,true,Self-supervised model,0.173414,2.704000,57.857362,21.396953,0.685800,0.221352,1.312553,0.723823,false,false
2026-04-17T14:56:32.458582,0.193520,-5.870732,-1.903845,199.082,S,7,0.912695,7,6.392962,0.841502,1.694111,0.508396,1.041478,8.736442,5.109226,-0.150752,0.108142,0.473334,0.508396,0.076358,-0.861320,-0.408058,0.956145,0.864698,17.881001,-23.965002,13.634001,NaN,-1.024584,true,Self-supervised model,0.166330,2.711000,57.474738,21.200567,0.685800,0.221352,1.655212,0.531714,false,false
2026-04-17T14:56:32.470450,0.193520,-5.870732,-1.897184,198.701,S,7,0.912695,7,6.392962,0.758169,1.678674,0.320670,1.079785,8.760384,4.922479,-0.089691,0.094634,0.292966,0.320670,0.100793,-0.866207,-0.395230,0.957434,0.872051,17.881001,-23.965002,13.634001,NaN,-1.017988,true,Self-supervised model,0.179736,2.723000,57.093053,20.966968,0.685800,0.221352,2.364330,0.334926,false,false
2026-04-17T14:56:32.474595,0.193520,-5.870732,-1.890574,198.322,S,7,0.912695,7,6.392962,0.663597,1.660070,0.167092,1.144428,8.748413,4.738125,-0.019436,0.075548,0.147765,0.167092,0.114843,-0.867429,-0.388510,0.957372,0.874998,19.297001,-23.393002,13.177001,NaN,-1.011585,true,Self-supervised model,0.193480,2.727000,56.714325,20.797332,0.685800,0.221352,3.971449,0.174532,false,false
2026-04-17T14:56:32.482700,0.193520,-5.870732,-1.884022,197.947,S,7,0.912695,7,6.392962,0.576260,1.638718,0.117744,1.218649,8.731653,4.587290,-0.020926,0.103464,0.052163,0.117744,0.126449,-0.868650,-0.386067,0.958953,0.877806,19.297001,-23.393002,13.177001,NaN,-1.005268,true,Self-supervised model,0.205699,2.735000,56.338957,20.599253,0.685800,0.221352,4.894168,0.122784,false,false
2026-04-17T14:56:32.490494,0.193520,-5.870732,-1.877532,197.575,S,7,0.912695,7,6.392962,0.508828,1.615522,0.154810,1.221043,8.762778,4.484340,-0.058033,0.101621,-0.101348,0.154810,0.135001,-0.868650,-0.384845,0.959627,0.879078,19.297001,-23.393002,13.177001,NaN,-0.999021,true,Self-supervised model,0.187444,2.743000,55.967077,20.403601,0.685800,0.221352,3.286797,0.161323,false,false
2026-04-17T14:56:32.498765,0.193520,-5.870732,-1.871143,197.209,S,7,0.912695,7,6.392962,0.469852,1.591696,0.265226,1.187524,8.765172,4.321534,-0.035576,0.107794,-0.239708,0.265226,0.138666,-0.864374,-0.375682,0.952632,0.875426,19.297001,-23.393002,13.177001,NaN,-0.993039,true,Self-supervised model,0.163311,2.751000,55.601027,20.211206,0.685800,0.221352,1.771512,0.278414,false,false
2026-04-17T14:56:32.506783,0.193520,-5.870732,-1.864898,196.851,S,7,0.912695,7,6.392962,0.459694,1.568416,0.406368,1.213860,8.777143,4.170700,-0.008979,0.136676,-0.382588,0.406368,0.135001,-0.858877,-0.362243,0.941867,0.869422,19.297001,-23.393002,13.177001,NaN,-0.987368,true,Self-supervised model,0.170458,2.759000,55.243202,20.022908,0.685800,0.221352,1.131228,0.431449,false,false
2026-04-17T14:56:32.514543,0.193520,-5.870732,-1.858817,196.502,S,7,0.912695,7,6.392962,0.476242,1.546729,0.563113,1.244985,8.813056,4.012682,0.024435,0.151119,-0.541906,0.563113,0.124617,-0.846048,-0.348193,0.923345,0.855177,19.297001,-23.393002,13.177001,NaN,-0.981946,true,Self-supervised model,0.186731,2.767000,54.894810,19.839107,0.685800,0.221352,0.845729,0.609862,false,false
2026-04-17T14:56:32.523148,0.193520,-5.870732,-1.852923,196.165,S,7,0.912695,7,6.392962,0.513700,1.527407,0.710356,1.283292,8.834604,3.837905,0.093232,0.148476,-0.688381,0.710356,0.105680,-0.833831,-0.340863,0.906989,0.840501,19.297001,-23.393002,13.177001,NaN,-0.976801,true,Self-supervised model,0.201424,2.776000,54.557137,19.653147,0.685800,0.221352,0.723158,0.783202,false,false
2026-04-17T14:56:32.530773,0.193520,-5.870732,-1.847176,195.835,S,7,0.912695,7,6.392962,0.558088,1.510635,0.791128,1.357512,8.839393,3.675100,0.124112,0.120377,-0.772004,0.791128,0.071471,-0.805120,-0.337808,0.876037,0.808286,19.297001,-23.393002,13.177001,NaN,-0.971640,true,Self-supervised model,0.205051,2.783000,54.227856,19.485396,0.685800,0.221352,0.705433,0.903076,false,false
2026-04-17T14:56:32.538805,0.193520,-5.870732,-1.841539,195.512,S,7,0.912695,7,6.392962,0.594859,1.496004,0.787906,1.393425,8.817844,3.576937,0.177188,0.080844,-0.763456,0.787906,0.030543,-0.779464,-0.342695,0.852020,0.780062,19.297001,-23.393002,13.177001,NaN,-0.966442,true,Self-supervised model,0.205669,2.791000,53.904870,19.313819,0.685800,0.221352,0.754987,0.924752,false,false
2026-04-17T14:56:32.546634,0.193520,-5.870732,-1.835984,195.194,S,7,0.912695,7,6.392962,0.616578,1.482827,0.730602,1.450886,8.784326,3.572149,0.178270,0.029698,-0.707896,0.730602,-0.009163,-0.752586,-0.346971,0.828769,0.752642,19.297001,-23.393002,13.177001,NaN,-0.961216,true,Self-supervised model,0.199119,2.799000,53.586595,19.144907,0.685800,0.221352,0.843932,0.881550,false,false
2026-04-17T14:56:32.555224,0.193520,-5.870732,-1.830476,194.879,S,7,0.912695,7,6.392962,0.616332,1.470167,0.615040,1.455675,8.738836,3.615245,0.203891,0.038763,-0.578964,0.615040,-0.036652,-0.739758,-0.359189,0.823166,0.740665,19.297001,-23.393002,13.177001,NaN,-0.955894,true,Self-supervised model,0.190834,2.808000,53.270993,18.971151,0.685800,0.221352,1.002101,0.747164,false,false
2026-04-17T14:56:32.562591,0.193520,-5.870732,-1.824966,194.563,S,7,0.912695,7,6.392962,0.600786,1.457392,0.519170,1.484405,8.753201,3.732560,0.172698,-0.011546,-0.489469,0.519170,-0.064752,-0.730595,-0.369573,0.821308,0.733459,19.297001,-23.393002,13.177001,NaN,-0.950379,true,Self-supervised model,0.181584,2.815000,52.955314,18.811835,0.685800,0.221352,1.157205,0.632126,false,false
2026-04-17T14:56:32.571589,0.193520,-5.870732,-1.819424,194.245,S,7,0.912695,7,6.392962,0.575142,1.444102,0.440511,1.455675,8.707711,3.811569,0.144520,-0.066077,-0.410850,0.440511,-0.083078,-0.722654,-0.377515,0.819541,0.727413,19.297001,-23.393002,13.177001,NaN,-0.944705,true,Self-supervised model,0.177894,2.824000,52.637751,18.639430,0.685800,0.221352,1.305624,0.537510,false,false
2026-04-17T14:56:32.578674,0.193520,-5.870732,-1.813810,193.924,S,7,0.912695,7,6.392962,0.542504,1.430038,0.371151,1.429338,8.657434,3.881001,0.114794,-0.091237,-0.340956,0.371151,-0.096517,-0.712269,-0.386067,0.815898,0.718778,19.297001,-23.393002,13.177001,NaN,-0.938807,true,Self-supervised model,0.173115,2.831000,52.316116,18.479730,0.685800,0.221352,1.461679,0.454899,false,false
2026-04-17T14:56:32.587213,0.193520,-5.870732,-1.808069,193.595,S,7,0.912695,7,6.392962,0.501204,1.414884,0.284379,1.400608,8.635885,3.943250,0.107974,-0.127501,-0.230122,0.284379,-0.113010,-0.701273,-0.398895,0.814661,0.710321,19.297001,-23.393002,13.177001,NaN,-0.932554,true,Self-supervised model,0.172994,2.840000,51.987150,18.305335,0.685800,0.221352,1.762452,0.349076,false,false
2026-04-17T14:56:32.594528,0.193520,-5.870732,-1.802140,193.255,S,7,0.912695,7,6.392962,0.456746,1.398559,0.223345,1.393425,8.602366,4.048595,0.097711,-0.158123,-0.123825,0.223345,-0.124617,-0.703717,-0.415999,0.826923,0.714665,19.297001,-23.393002,13.177001,NaN,-0.925874,true,Self-supervised model,0.173444,2.847000,51.647434,18.141002,0.685800,0.221352,2.045029,0.270091,false,false
2026-04-17T14:56:32.603341,0.193520,-5.870732,-1.795965,192.901,S,7,0.912695,7,6.392962,0.416585,1.381280,0.205737,1.381454,8.573636,4.151546,0.029145,-0.183496,-0.088362,0.205737,-0.127060,-0.710436,-0.434936,0.842635,0.721709,19.297001,-23.393002,13.177001,NaN,-0.918719,true,Self-supervised model,0.173132,2.856000,51.293672,17.959969,0.685800,0.221352,2.024838,0.244160,false,false
2026-04-17T14:56:32.611005,0.193520,-5.870732,-1.789505,192.531,S,7,0.912695,7,6.392962,0.380535,1.363250,0.191276,1.309628,8.549694,4.185065,-0.040327,-0.182178,-0.042091,0.191276,-0.127671,-0.714101,-0.445321,0.851206,0.725425,19.297001,-23.393002,13.177001,NaN,-0.911114,true,Self-supervised model,0.170326,2.863000,50.923516,17.786768,0.685800,0.221352,1.989454,0.224712,false,false
2026-04-17T14:56:32.618724,0.193520,-5.870732,-1.782736,192.143,S,7,0.912695,7,6.392962,0.347724,1.344629,0.175462,1.235408,8.552089,4.230555,-0.055753,-0.166270,0.005710,0.175462,-0.127060,-0.714712,-0.458760,0.858731,0.725919,19.297001,-23.393002,13.177001,NaN,-0.903112,true,Self-supervised model,0.169157,2.871000,50.535693,17.602122,0.685800,0.221352,1.981765,0.204327,false,false
2026-04-17T14:56:32.627310,0.193520,-5.870732,-1.775656,191.738,S,7,0.912695,7,6.392962,0.323694,1.325792,0.197541,1.213860,8.568848,4.278439,-0.115075,-0.147902,0.062493,0.197541,-0.123395,-0.706771,-0.472199,0.858908,0.717462,19.297001,-23.393002,13.177001,NaN,-0.894787,true,Self-supervised model,0.166913,2.880000,50.130039,17.406264,0.685800,0.221352,1.638616,0.229991,false,false
2026-04-17T14:56:32.636732,0.193520,-5.870732,-1.768271,191.314,S,7,0.912695,7,6.392962,0.304636,1.306945,0.204581,1.146823,8.588001,4.335899,-0.141954,-0.124791,0.078293,0.204581,-0.119119,-0.704938,-0.485638,0.864275,0.714932,25.960001,-18.570002,9.889001,NaN,-0.886182,true,Self-supervised model,0.167898,2.889000,49.706910,17.205576,0.685800,0.221352,1.489072,0.236708,false,false
2026-04-17T14:56:32.642824,0.193520,-5.870732,-1.761046,190.901,S,7,0.912695,7,6.392962,0.299898,1.288664,0.275024,1.110910,8.611943,4.352659,-0.208742,-0.125460,0.127768,0.275024,-0.117897,-0.705549,-0.490525,0.867360,0.715332,25.960001,-18.570002,9.889001,NaN,-0.879597,true,Self-supervised model,0.172418,2.895000,49.292944,17.026924,0.685800,0.221352,1.090445,0.317081,false,false
2026-04-17T14:56:32.652294,0.193520,-5.870732,-1.753035,190.441,S,7,0.912695,7,6.392962,0.309506,1.271497,0.359948,1.036689,8.611943,4.402937,-0.322977,-0.112372,0.112343,0.359948,-0.112399,-0.719599,-0.496633,0.881534,0.728325,25.960001,-18.570002,9.889001,NaN,-0.868440,true,Self-supervised model,0.190331,2.905000,48.833923,16.810300,0.685800,0.221352,0.859863,0.408320,false,false
2026-04-17T14:56:32.658637,0.193520,-5.870732,-1.744831,189.971,S,7,0.912695,7,6.392962,0.326616,1.255702,0.416444,0.909797,8.626308,4.388572,-0.399185,-0.101498,0.061440,0.416444,-0.110567,-0.733649,-0.492968,0.890777,0.741934,25.960001,-18.570002,9.889001,NaN,-0.859469,true,Self-supervised model,0.189759,2.911000,48.363908,16.614190,0.685800,0.221352,0.784298,0.467507,false,false
2026-04-17T14:56:32.667031,0.193520,-5.870732,-1.736466,189.492,S,7,0.912695,7,6.392962,0.346574,1.241337,0.451354,0.823605,8.638280,4.338294,-0.442150,-0.087961,0.022063,0.451354,-0.119119,-0.742201,-0.486249,0.895260,0.751699,25.960001,-18.570002,9.889001,NaN,-0.850456,true,Self-supervised model,0.197229,2.919000,47.884611,16.404457,0.685800,0.221352,0.767854,0.504160,false,false
2026-04-17T14:56:32.674853,0.193520,-5.870732,-1.727959,189.005,S,7,0.912695,7,6.392962,0.356490,1.227943,0.408546,0.770933,8.652645,4.299986,-0.403794,-0.062115,-0.001202,0.408546,-0.126449,-0.745866,-0.475864,0.893730,0.756509,25.960001,-18.570002,9.889001,NaN,-0.841382,true,Self-supervised model,0.188152,2.927000,47.397197,16.193098,0.685800,0.221352,0.872582,0.457125,false,false
2026-04-17T14:56:32.682292,0.193520,-5.870732,-1.719336,188.511,S,7,0.912695,7,6.392962,0.355903,1.215061,0.352825,0.799663,8.678981,4.278439,-0.348721,-0.052600,0.010605,0.352825,-0.139888,-0.748310,-0.469145,0.894222,0.761273,25.960001,-18.570002,9.889001,NaN,-0.832294,true,Self-supervised model,0.180331,2.935000,46.903118,15.980619,0.685800,0.221352,1.008725,0.394561,false,false
2026-04-17T14:56:32.690463,0.193520,-5.870732,-1.710589,188.010,S,7,0.912695,7,6.392962,0.351778,1.202530,0.330122,0.845153,8.688558,4.292804,-0.329225,-0.004379,0.023923,0.330122,-0.151495,-0.753808,-0.471588,0.901982,0.768880,25.960001,-18.570002,9.889001,NaN,-0.823053,true,Self-supervised model,0.179784,2.943000,46.401961,15.766891,0.685800,0.221352,1.065602,0.365996,false,false
2026-04-17T14:56:32.698672,0.193520,-5.870732,-1.701702,187.500,S,7,0.912695,7,6.392962,0.350825,1.190462,0.345819,0.854730,8.736442,4.309563,-0.342720,0.015502,0.043513,0.345819,-0.163101,-0.761138,-0.472199,0.910442,0.778417,25.960001,-18.570002,9.889001,NaN,-0.813605,true,Self-supervised model,0.182470,2.951000,45.892777,15.551602,0.685800,0.221352,1.014476,0.379836,false,false
2026-04-17T14:56:32.707294,0.193520,-5.870732,-1.692657,186.982,S,7,0.912695,7,6.392962,0.364381,1.179419,0.435549,0.830788,8.755595,4.333505,-0.417932,0.076362,0.095939,0.435549,-0.171042,-0.775799,-0.468534,0.922303,0.794430,25.960001,-18.570002,9.889001,NaN,-0.803931,true,Self-supervised model,0.194174,2.960000,45.374572,15.329247,0.685800,0.221352,0.836602,0.472240,false,false
2026-04-17T14:56:32.714695,0.193520,-5.870732,-1.683435,186.454,S,7,0.912695,7,6.392962,0.394416,1.170019,0.552104,0.744597,8.815451,4.390966,-0.514381,0.151824,0.131077,0.552104,-0.177762,-0.809396,-0.453262,0.944547,0.828687,25.960001,-18.570002,9.889001,NaN,-0.793997,true,Self-supervised model,0.202170,2.967000,44.846171,15.114988,0.685800,0.221352,0.714387,0.584518,false,false
2026-04-17T14:56:32.722782,0.193520,-5.870732,-1.674060,185.917,S,7,0.912695,7,6.392962,0.430779,1.162449,0.621683,0.636858,8.889671,4.431667,-0.532271,0.265734,0.180451,0.621683,-0.179594,-0.840551,-0.426384,0.959470,0.859523,25.960001,-18.570002,9.889001,NaN,-0.784011,true,Self-supervised model,0.208177,2.975000,44.309014,14.893786,0.685800,0.221352,0.692924,0.647944,false,false
2026-04-17T14:56:32.731097,0.193520,-5.870732,-1.664610,185.375,S,7,0.912695,7,6.392962,0.466818,1.156624,0.656020,0.608127,9.002198,4.486734,-0.527928,0.331845,0.203796,0.656020,-0.171653,-0.867429,-0.383623,0.963880,0.884250,25.960001,-18.570002,9.889001,NaN,-0.774261,true,Self-supervised model,0.208585,2.984000,43.767568,14.667416,0.685800,0.221352,0.711590,0.680604,false,false
2026-04-17T14:56:32.739226,0.193520,-5.870732,-1.655217,184.837,S,7,0.912695,7,6.392962,0.491515,1.152019,0.621178,0.603339,9.066842,4.515464,-0.471339,0.355007,0.194091,0.621178,-0.170431,-0.889420,-0.344528,0.968924,0.905602,25.960001,-18.570002,9.889001,NaN,-0.765098,true,Self-supervised model,0.203730,2.992000,43.229406,14.448331,0.685800,0.221352,0.791264,0.641100,false,false
2026-04-17T14:56:32.746955,0.193520,-5.870732,-1.646007,184.309,S,7,0.912695,7,6.392962,0.500240,1.147948,0.546045,0.653617,9.088389,4.510676,-0.399064,0.354272,0.115777,0.546045,-0.167988,-0.915687,-0.302378,0.978844,0.930969,25.960001,-18.570002,9.889001,NaN,-0.756617,true,Self-supervised model,0.193072,2.999000,42.701694,14.238644,0.685800,0.221352,0.916115,0.557847,false,false
2026-04-17T14:56:32.754659,0.193520,-5.870732,-1.637073,183.797,S,7,0.912695,7,6.392962,0.489451,1.143608,0.432808,0.723049,9.085996,4.436456,-0.301403,0.310525,-0.007323,0.432808,-0.176540,-0.935235,-0.269392,0.989142,0.951751,25.960001,-18.570002,9.889001,NaN,-0.748787,true,Self-supervised model,0.181874,3.007000,42.189793,14.030527,0.685800,0.221352,1.130873,0.437559,false,false
2026-04-17T14:56:32.763349,0.193520,-5.870732,-1.628471,183.305,S,7,0.912695,7,6.392962,0.471721,1.138733,0.378639,0.821211,9.040505,4.316746,-0.199489,0.302942,-0.108618,0.378639,-0.187536,-0.944398,-0.255953,0.996277,0.962838,25.960001,-18.570002,9.889001,NaN,-0.741516,true,Self-supervised model,0.180251,3.016000,41.696957,13.825251,0.685800,0.221352,1.245833,0.380054,false,false
2026-04-17T14:56:32.771745,0.193520,-5.870732,-1.620193,182.830,S,7,0.912695,7,6.392962,0.466380,1.133839,0.438343,0.926556,9.030929,4.218584,-0.163887,0.334030,-0.231752,0.438343,-0.216246,-0.947452,-0.246179,1.002513,0.971817,25.960001,-18.570002,9.889001,NaN,-0.734533,true,Self-supervised model,0.188375,3.024000,41.222673,13.631836,0.685800,0.221352,1.063963,0.437244,false,false
2026-04-17T14:56:32.778687,0.193520,-5.870732,-1.612204,182.372,S,7,0.912695,7,6.392962,0.472669,1.129392,0.505687,0.967257,9.059659,4.098873,-0.124361,0.406291,-0.274191,0.505687,-0.249844,-0.941343,-0.240681,1.003233,0.973935,25.960001,-18.570002,9.889001,NaN,-0.727698,true,Self-supervised model,0.192037,3.031000,40.764917,13.449329,0.685800,0.221352,0.934708,0.504057,false,false
2026-04-17T14:56:32.787636,0.193520,-5.870732,-1.604457,181.929,S,7,0.912695,7,6.392962,0.483394,1.125552,0.539701,1.012747,9.129091,4.060566,-0.116654,0.472092,-0.234091,0.539701,-0.287107,-0.934013,-0.234572,1.004905,0.977144,25.960001,-18.570002,9.889001,NaN,-0.720920,true,Self-supervised model,0.201324,3.040000,40.321049,13.263503,0.685800,0.221352,0.895671,0.537067,false,false
2026-04-17T14:56:32.794345,0.193520,-5.870732,-1.596935,181.498,S,7,0.912695,7,6.392962,0.489798,1.122122,0.523418,1.027112,9.191340,4.106056,-0.140866,0.481280,-0.149976,0.523418,-0.315817,-0.926072,-0.226020,1.004208,0.978442,29.382002,-16.641001,12.440001,NaN,-0.714296,true,Self-supervised model,0.195128,3.047000,39.890050,13.091582,0.685800,0.221352,0.935769,0.521225,false,false
2026-04-17T14:56:32.802653,0.193520,-5.870732,-1.589632,181.079,S,7,0.912695,7,6.392962,0.491051,1.118879,0.497629,1.010353,9.196129,4.197036,-0.147043,0.474964,0.020543,0.497629,-0.343917,-0.915076,-0.207694,0.999390,0.977570,29.382002,-16.641001,12.440001,NaN,-0.707873,true,Self-supervised model,0.197974,3.055000,39.471639,12.920340,0.685800,0.221352,0.986782,0.497933,false,false
2026-04-17T14:56:32.811078,0.193520,-5.870732,-1.582575,180.675,S,7,0.912695,7,6.392962,0.486799,1.115596,0.464478,1.012747,9.184157,4.376601,-0.143002,0.388567,0.210490,0.464478,-0.359189,-0.907135,-0.181427,0.992384,0.975659,29.382002,-16.641001,12.440001,NaN,-0.701797,true,Self-supervised model,0.195485,3.063000,39.067294,12.754585,0.685800,0.221352,1.048057,0.468043,false,false
2026-04-17T14:56:32.818636,0.193520,-5.870732,-1.575824,180.288,S,7,0.912695,7,6.392962,0.488396,1.112508,0.496780,1.027112,9.090784,4.577713,-0.084326,0.317808,0.372395,0.496780,-0.355524,-0.904081,-0.156992,0.984076,0.971472,29.382002,-16.641001,12.440001,NaN,-0.696274,true,Self-supervised model,0.198673,3.071000,38.680519,12.595415,0.685800,0.221352,0.983124,0.504819,false,false
2026-04-17T14:56:32.826843,0.193520,-5.870732,-1.569433,179.922,S,7,0.912695,7,6.392962,0.499185,1.109975,0.555824,1.098939,9.011775,4.752491,0.052969,0.209508,0.512095,0.555824,-0.339641,-0.901026,-0.146608,0.974011,0.962915,29.382002,-16.641001,12.440001,NaN,-0.691320,true,Self-supervised model,0.207964,3.079000,38.314331,12.443758,0.685800,0.221352,0.898098,0.570655,false,false
2026-04-17T14:56:32.836193,0.193520,-5.870732,-1.563420,179.577,S,7,0.912695,7,6.392962,0.519041,1.108338,0.623287,1.252167,8.894460,4.905719,0.181018,0.137240,0.580417,0.623287,-0.309098,-0.895528,-0.145386,0.958462,0.947371,29.382002,-16.641001,12.440001,NaN,-0.686818,true,Self-supervised model,0.216702,3.089000,37.969794,12.291937,0.685800,0.221352,0.832749,0.650299,false,false
2026-04-17T14:56:32.842671,0.193520,-5.870732,-1.557749,179.252,S,7,0.912695,7,6.392962,0.539023,1.107565,0.643927,1.398214,8.813056,4.987122,0.222228,0.088138,0.597904,0.643927,-0.273668,-0.893696,-0.155771,0.947550,0.934658,29.382002,-16.641001,12.440001,NaN,-0.682519,true,Self-supervised model,0.213794,3.095000,37.644903,12.163135,0.685800,0.221352,0.837087,0.679571,false,false
2026-04-17T14:56:32.851924,0.193520,-5.870732,-1.552366,178.944,S,7,0.912695,7,6.392962,0.558157,1.107589,0.658611,1.458069,8.755595,5.015852,0.277973,0.083459,0.591214,0.658611,-0.235794,-0.900415,-0.174097,0.946919,0.930777,29.382002,-16.641001,12.440001,NaN,-0.678282,true,Self-supervised model,0.220078,3.104000,37.336441,12.028493,0.685800,0.221352,0.847476,0.695530,false,false
2026-04-17T14:56:32.858348,0.193520,-5.870732,-1.547194,178.648,S,7,0.912695,7,6.392962,0.576357,1.108339,0.671907,1.532289,8.743625,5.018247,0.340957,0.070567,0.574655,0.671907,-0.207083,-0.921185,-0.192423,0.963583,0.944174,29.382002,-16.641001,12.440001,NaN,-0.673961,true,Self-supervised model,0.216168,3.111000,37.040156,11.906190,0.685800,0.221352,0.857793,0.697301,false,false
2026-04-17T14:56:32.866661,0.193520,-5.870732,-1.542170,178.360,S,7,0.912695,7,6.392962,0.592168,1.109693,0.675177,1.613692,8.724471,5.008670,0.396572,0.116524,0.533870,0.675177,-0.179594,-0.959669,-0.210749,0.998816,0.976329,29.382002,-16.641001,12.440001,NaN,-0.669525,true,Self-supervised model,0.218923,3.119000,36.752299,11.783360,0.685800,0.221352,0.877056,0.675977,false,false
2026-04-17T14:56:32.874614,0.193520,-5.870732,-1.537251,178.078,S,7,0.912695,7,6.392962,0.604586,1.111488,0.669780,1.687912,8.765172,4.972757,0.446361,0.116073,0.485690,0.669780,-0.152716,-1.006095,-0.226020,1.042418,1.017620,29.382002,-16.641001,12.440001,NaN,-0.665025,true,Self-supervised model,0.215758,3.127000,36.470436,11.663075,0.685800,0.221352,0.902663,0.642526,false,false
2026-04-17T14:56:32.882386,0.193520,-5.870732,-1.532414,177.801,S,7,0.912695,7,6.392962,0.606133,1.113274,0.614252,1.757344,8.760384,4.927267,0.465989,0.093352,0.389159,0.614252,-0.127671,-1.058630,-0.238237,1.092590,1.066300,29.382002,-16.641001,12.440001,NaN,-0.660518,true,Self-supervised model,0.209329,3.135000,36.193310,11.544916,0.685800,0.221352,0.986782,0.562198,false,false
2026-04-17T14:56:32.890580,0.193520,-5.870732,-1.527647,177.528,S,7,0.912695,7,6.392962,0.597424,1.114640,0.551702,1.798046,8.734048,4.831499,0.484197,0.074815,0.253636,0.551702,-0.115454,-1.094671,-0.245568,1.127802,1.100742,29.382002,-16.641001,12.440001,NaN,-0.656031,true,Self-supervised model,0.204112,3.143000,35.920188,11.428631,0.685800,0.221352,1.082874,0.489184,false,false
2026-04-17T14:56:32.898700,0.193520,-5.870732,-1.522934,177.258,S,7,0.912695,7,6.392962,0.593666,1.115801,0.573939,1.838747,8.712500,4.695030,0.553789,0.091648,0.119682,0.573939,-0.105069,-1.130101,-0.259618,1.164289,1.134974,29.382002,-16.641001,12.440001,NaN,-0.651534,true,Self-supervised model,0.205939,3.151000,35.650158,11.313919,0.685800,0.221352,1.034372,0.492952,false,false
2026-04-17T14:56:32.906711,0.193520,-5.870732,-1.518244,176.989,S,7,0.912695,7,6.392962,0.598604,1.117113,0.624527,1.932121,8.726865,4.558560,0.610903,0.129601,-0.005962,0.624527,-0.105680,-1.160033,-0.278555,1.197680,1.164837,29.382002,-16.641001,12.440001,NaN,-0.646935,true,Self-supervised model,0.210185,3.159000,35.381434,11.200201,0.685800,0.221352,0.958492,0.521447,false,false
2026-04-17T14:56:32.914322,0.193520,-5.870732,-1.513538,176.719,S,7,0.912695,7,6.392962,0.609905,1.118825,0.669238,2.013524,8.762778,4.429273,0.629330,0.200899,-0.107066,0.669238,-0.117897,-1.189965,-0.296881,1.232094,1.195792,29.382002,-16.641001,12.440001,NaN,-0.642164,true,Self-supervised model,0.211820,3.167000,35.111787,11.086766,0.685800,0.221352,0.911343,0.543171,false,false
2026-04-17T14:56:32.922688,0.193520,-5.870732,-1.508788,176.447,S,7,0.912695,7,6.392962,0.628107,1.121196,0.723667,2.056619,8.832211,4.323928,0.594732,0.348792,-0.219844,0.723667,-0.136834,-1.205237,-0.307265,1.251292,1.212980,29.382002,-16.641001,12.440001,NaN,-0.637240,true,Self-supervised model,0.216860,3.175000,34.839638,10.973114,0.685800,0.221352,0.867951,0.578336,false,false
2026-04-17T14:56:32.930585,0.193520,-5.870732,-1.503991,176.172,S,7,0.912695,7,6.392962,0.653153,1.124475,0.784642,2.047042,8.978256,4.206613,0.588085,0.408445,-0.320922,0.784642,-0.164323,-1.221730,-0.310930,1.271340,1.232732,29.382002,-16.641001,12.440001,NaN,-0.632256,true,Self-supervised model,0.219024,3.183000,34.564806,10.859191,0.685800,0.221352,0.832422,0.617177,false,false
2026-04-17T14:56:32.939668,0.193520,-5.870732,-1.499171,175.896,S,7,0.912695,7,6.392962,0.677294,1.128587,0.804037,2.066196,9.035717,4.101267,0.551660,0.466278,-0.353174,0.804037,-0.200975,-1.221730,-0.304822,1.275121,1.238150,29.382002,-16.641001,12.440001,NaN,-0.627339,true,Self-supervised model,0.222227,3.192000,34.288594,10.742041,0.685800,0.221352,0.842367,0.630558,false,false
2026-04-17T14:56:32.947383,0.193520,-5.870732,-1.494363,175.621,S,7,0.912695,7,6.392962,0.702062,1.133526,0.832090,2.056619,9.090784,4.065354,0.590604,0.476936,-0.340723,0.832090,-0.230296,-1.208902,-0.296881,1.265946,1.230643,29.382002,-16.641001,12.440001,NaN,-0.622585,true,Self-supervised model,0.221407,3.200000,34.013149,10.629109,0.685800,0.221352,0.843733,0.657287,false,false
2026-04-17T14:56:32.954754,0.193520,-5.870732,-1.489620,175.349,S,7,0.912695,7,6.392962,0.719226,1.138954,0.809340,2.123657,9.097966,4.074931,0.645345,0.373419,-0.314833,0.809340,-0.264505,-1.183857,-0.291383,1.247551,1.213046,26.865002,-16.072001,10.911000,NaN,-0.618096,true,Self-supervised model,0.219920,3.207000,33.741357,10.521159,0.685800,0.221352,0.888657,0.648743,false,false
2026-04-17T14:56:32.962454,0.193520,-5.870732,-1.484942,175.081,S,7,0.912695,7,6.392962,0.726003,1.144436,0.761584,2.207454,8.990228,4.098873,0.690480,0.196428,-0.254289,0.761584,-0.293826,-1.149037,-0.297491,1.222752,1.186011,26.865002,-16.072001,10.911000,NaN,-0.613684,true,Self-supervised model,0.216968,3.215000,33.473365,10.411622,0.685800,0.221352,0.953281,0.622844,false,false
2026-04-17T14:56:32.971441,0.193520,-5.870732,-1.480295,174.815,S,7,0.912695,7,6.392962,0.731831,1.149932,0.762428,2.281674,8.808268,4.158728,0.744132,0.046430,-0.159399,0.762428,-0.312763,-1.087951,-0.323759,1.177403,1.132015,26.865002,-16.072001,10.911000,NaN,-0.609159,true,Self-supervised model,0.219839,3.224000,33.207121,10.299975,0.685800,0.221352,0.959870,0.647550,false,false
2026-04-17T14:56:32.978936,0.193520,-5.870732,-1.475621,174.547,S,7,0.912695,7,6.392962,0.747549,1.155837,0.830068,2.363077,8.652645,4.254497,0.823861,-0.096059,-0.032238,0.830068,-0.315206,-1.049466,-0.353080,1.151260,1.095781,26.865002,-16.072001,10.911000,NaN,-0.604373,true,Self-supervised model,0.224352,3.231000,32.939283,10.194764,0.685800,0.221352,0.900588,0.721008,false,false
2026-04-17T14:56:32.986569,0.193520,-5.870732,-1.470822,174.272,S,7,0.912695,7,6.392962,0.770294,1.162415,0.889704,2.468422,8.504205,4.383783,0.859108,-0.212366,0.091693,0.889704,-0.299935,-0.999376,-0.417221,1.123737,1.043414,26.865002,-16.072001,10.911000,NaN,-0.599080,true,Self-supervised model,0.229098,3.239000,32.664356,10.084704,0.685800,0.221352,0.865787,0.791737,false,false
2026-04-17T14:56:32.994642,0.193520,-5.870732,-1.465768,173.982,S,7,0.912695,7,6.392962,0.786685,1.169386,0.872741,2.525883,8.382100,4.510676,0.810973,-0.279508,0.160860,0.872741,-0.265116,-0.949285,-0.498466,1.104489,0.985610,26.865002,-16.072001,10.911000,NaN,-0.593003,true,Self-supervised model,0.229427,3.247000,32.374774,9.970673,0.685800,0.221352,0.901396,0.790176,false,false
2026-04-17T14:56:33.005236,0.193520,-5.870732,-1.460341,173.671,S,7,0.912695,7,6.392962,0.782085,1.175894,0.757933,2.494758,8.310274,4.582502,0.671185,-0.312663,0.161909,0.757933,-0.209527,-0.872316,-0.587041,1.072126,0.897126,26.865002,-16.072001,10.911000,NaN,-0.586082,true,Self-supervised model,0.223510,3.258000,32.063797,9.841558,0.685800,0.221352,1.031865,0.706944,false,false
2026-04-17T14:56:33.011300,0.193520,-5.870732,-1.453946,173.305,S,7,0.912695,7,6.392962,0.741312,1.180511,0.527254,2.365471,8.274361,4.584896,0.406993,-0.300132,0.149247,0.527254,-0.152716,-0.784962,-0.659124,1.036307,0.799680,26.865002,-16.072001,10.911000,NaN,-0.575820,true,Self-supervised model,0.199052,3.264000,31.697423,9.711220,0.685800,0.221352,1.405986,0.508782,false,false
2026-04-17T14:56:33.018552,0.193520,-5.870732,-1.446617,172.885,S,7,0.912695,7,6.392962,0.665635,1.181916,0.268333,2.090138,8.288726,4.572925,-0.000997,-0.221488,0.151475,0.268333,-0.076969,-0.657902,-0.732427,0.987527,0.662389,26.865002,-16.072001,10.911000,NaN,-0.564753,true,Self-supervised model,0.196182,3.271000,31.277512,9.562064,0.685800,0.221352,2.480632,0.271722,false,false
2026-04-17T14:56:33.026682,0.193520,-5.870732,-1.438413,172.415,S,7,0.912695,7,6.392962,0.634207,1.182007,0.469208,1.661576,8.372523,4.572925,-0.435358,-0.067182,0.161575,0.469208,0.003665,-0.510072,-0.788016,0.938700,0.510086,26.865002,-16.072001,10.911000,NaN,-0.553048,true,Self-supervised model,0.201427,3.279000,30.807448,9.395379,0.685800,0.221352,1.351654,0.499849,false,false
2026-04-17T14:56:33.037047,0.193520,-5.870732,-1.429412,171.899,S,7,0.912695,7,6.392962,0.658526,1.183068,0.786197,1.197101,8.535329,4.577713,-0.752390,0.033306,0.225624,0.786197,0.091630,-0.362243,-0.826501,0.907039,0.373652,26.865002,-16.072001,10.911000,NaN,-0.540858,true,Self-supervised model,0.234643,3.289000,30.291712,9.210007,0.685800,0.221352,0.837608,0.866774,false,false
2026-04-17T14:56:33.042546,0.193520,-5.870732,-1.419748,171.346,S,7,0.912695,7,6.392962,0.741025,1.187386,1.174148,0.840365,8.647857,4.632780,-1.131668,0.149644,0.274876,1.174148,0.176540,-0.247400,-0.837496,0.890940,0.303930,26.865002,-16.072001,10.911000,NaN,-0.528544,true,Self-supervised model,0.242908,3.295000,29.738013,9.025194,0.685800,0.221352,0.631117,1.317876,false,false
2026-04-17T14:56:33.052673,0.193520,-5.870732,-1.409596,170.764,S,7,0.912695,7,6.392962,0.861083,1.196334,1.491389,0.414197,8.779537,4.668694,-1.443626,0.227146,0.297643,1.491389,0.271224,-0.130725,-0.831998,0.884801,0.301084,26.865002,-16.072001,10.911000,NaN,-0.516440,true,Self-supervised model,0.271731,3.305000,29.156354,8.821892,0.685800,0.221352,0.577370,1.685564,false,false
2026-04-17T14:56:33.058412,0.193520,-5.870732,-1.399129,170.164,S,7,0.912695,7,6.392962,0.996617,1.210345,1.708170,0.050278,8.875306,4.673482,-1.670584,0.271266,0.231104,1.708170,0.354302,-0.023824,-0.803288,0.878276,0.355102,26.865002,-16.072001,10.911000,NaN,-0.504710,true,Self-supervised model,0.261740,3.311000,28.556609,8.624769,0.685800,0.221352,0.583441,1.944913,false,false
2026-04-17T14:56:33.066642,0.193520,-5.870732,-1.388508,169.556,S,7,0.912695,7,6.392962,1.123916,1.228888,1.792233,-0.232238,8.939949,4.584896,-1.753476,0.330385,0.168128,1.792233,0.415388,0.081856,-0.759305,0.869363,0.423377,26.865002,-16.072001,10.911000,NaN,-0.493476,true,Self-supervised model,0.278909,3.319000,27.948078,8.420632,0.685800,0.221352,0.627104,2.061546,false,false
2026-04-17T14:56:33.074700,0.193520,-5.870732,-1.377875,168.946,S,7,0.912695,7,6.392962,1.227874,1.250848,1.773658,-0.373495,9.021352,4.496311,-1.722767,0.403163,0.124075,1.773658,0.448986,0.161268,-0.725097,0.867964,0.477070,26.865002,-16.072001,10.911000,NaN,-0.482795,true,Self-supervised model,0.278885,3.327000,27.338863,8.217272,0.685800,0.221352,0.692284,2.043469,false,false
2026-04-17T14:56:33.082666,0.193520,-5.870732,-1.367310,168.341,S,7,0.912695,7,6.392962,1.309896,1.275210,1.740509,-0.402226,9.117120,4.424485,-1.665047,0.497400,0.097896,1.740509,0.466090,0.224188,-0.690278,0.862545,0.517204,26.865002,-16.072001,10.911000,NaN,-0.472500,true,Self-supervised model,0.274951,3.335000,26.733515,8.016046,0.685800,0.221352,0.752594,2.017877,false,false
2026-04-17T14:56:33.090549,0.193520,-5.870732,-1.356841,167.741,S,7,0.912695,7,6.392962,1.376958,1.301280,1.729032,-0.404620,9.234436,4.369418,-1.633888,0.553841,0.114988,1.729032,0.463647,0.250455,-0.662178,0.846272,0.526969,26.865002,-16.072001,10.911000,NaN,-0.462417,true,Self-supervised model,0.276051,3.343000,26.133697,7.817438,0.685800,0.221352,0.796375,2.043117,false,false
2026-04-17T14:56:33.098782,0.193520,-5.870732,-1.345669,167.101,S,7,0.912695,7,6.392962,1.431289,1.328480,1.716527,-0.433351,9.313444,4.357447,-1.606791,0.584764,0.150804,1.716527,0.439212,0.233351,-0.629191,0.802023,0.497353,26.865002,-16.072001,10.911000,NaN,-0.448435,true,Self-supervised model,0.279531,3.351000,25.493618,7.607764,0.685800,0.221352,0.833828,2.140246,false,false
2026-04-17T14:56:33.107245,0.193520,-5.870732,-1.333960,166.430,S,7,0.912695,7,6.392962,1.477625,1.356446,1.720888,-0.483629,9.366117,4.369418,-1.597740,0.610373,0.190073,1.720888,0.400728,0.175929,-0.598037,0.741068,0.437646,26.865002,-16.072001,10.911000,NaN,-0.434576,true,Self-supervised model,0.281237,3.360000,24.822747,7.387722,0.685800,0.221352,0.858641,2.322172,false,false
2026-04-17T14:56:33.114560,0.193520,-5.870732,-1.321875,165.738,S,7,0.912695,7,6.392962,1.520420,1.385005,1.745095,-0.548272,9.411607,4.386178,-1.601875,0.647913,0.244057,1.745095,0.344528,0.062919,-0.554055,0.655466,0.350226,20.789001,-17.430000,4.234000,NaN,-0.420985,true,Self-supervised model,0.281071,3.367000,24.130306,7.166708,0.685800,0.221352,0.871253,2.662375,false,false
2026-04-17T14:56:33.122583,0.193520,-5.870732,-1.310398,165.080,S,7,0.912695,7,6.392962,1.556961,1.413883,1.748803,-0.620098,9.466674,4.419696,-1.590039,0.674295,0.274612,1.748803,0.279776,-0.086132,-0.500299,0.579648,0.292734,20.789001,-17.430000,4.234000,NaN,-0.411942,true,Self-supervised model,0.289800,3.375000,23.472735,6.954884,0.685800,0.221352,0.890301,3.017006,false,false
2026-04-17T14:56:33.130745,0.193520,-5.870732,-1.299526,164.457,S,7,0.912695,7,6.392962,1.581267,1.442578,1.708875,-0.648829,9.507375,4.429273,-1.520110,0.710629,0.323301,1.708875,0.212581,-0.255953,-0.446543,0.556869,0.332720,20.789001,-17.430000,4.234000,NaN,-0.403490,true,Self-supervised model,0.289449,3.383000,22.849824,6.754308,0.685800,0.221352,0.925327,3.068722,false,false
2026-04-17T14:56:33.139766,0.193520,-5.870732,-1.289260,163.869,S,7,0.912695,7,6.392962,1.589523,1.470456,1.632862,-0.610521,9.555259,4.460398,-1.428225,0.711257,0.347170,1.632862,0.155771,-0.408058,-0.404393,0.595239,0.436779,20.789001,-17.430000,4.234000,NaN,-0.395647,true,Self-supervised model,0.287214,3.392000,22.261616,6.562977,0.685800,0.221352,0.973458,2.743205,false,false
2026-04-17T14:56:33.146781,0.193520,-5.870732,-1.279582,163.315,S,7,0.912695,7,6.392962,1.582301,1.496930,1.544389,-0.541090,9.564836,4.469975,-1.347282,0.690304,0.305694,1.544389,0.092241,-0.575435,-0.364076,0.687157,0.582781,20.789001,-17.430000,4.234000,NaN,-0.388320,true,Self-supervised model,0.274059,3.399000,21.707091,6.386317,0.685800,0.221352,1.024549,2.247504,false,false
2026-04-17T14:56:33.155124,0.193520,-5.870732,-1.270444,162.791,S,7,0.912695,7,6.392962,1.568004,1.521773,1.492941,-0.474052,9.550470,4.417302,-1.292721,0.688196,0.290053,1.492941,0.038485,-0.722043,-0.335365,0.797055,0.723068,20.789001,-17.430000,4.234000,NaN,-0.381341,true,Self-supervised model,0.271514,3.408000,21.183497,6.215815,0.685800,0.221352,1.050278,1.873072,false,false
2026-04-17T14:56:33.162413,0.193520,-5.870732,-1.261782,162.295,S,7,0.912695,7,6.392962,1.554837,1.545095,1.485713,-0.426168,9.552865,4.393360,-1.277220,0.716407,0.250626,1.485713,0.000611,-0.825890,-0.319483,0.885530,0.825890,20.789001,-17.430000,4.234000,NaN,-0.374587,true,Self-supervised model,0.266220,3.415000,20.687228,6.057754,0.685800,0.221352,1.046526,1.677766,false,false
2026-04-17T14:56:33.171062,0.193520,-5.870732,-1.253542,161.823,S,7,0.912695,7,6.392962,1.545819,1.567124,1.498477,-0.411803,9.583989,4.347870,-1.261476,0.781862,0.206891,1.498477,-0.035430,-0.912022,-0.299935,0.960729,0.912710,20.789001,-17.430000,4.234000,NaN,-0.368034,true,Self-supervised model,0.267768,3.423000,20.215116,5.905672,0.685800,0.221352,1.031594,1.559730,false,false
2026-04-17T14:56:33.178728,0.193520,-5.870732,-1.245730,161.375,S,7,0.912695,7,6.392962,1.539985,1.588039,1.509354,-0.392649,9.651027,4.299986,-1.228503,0.862701,0.157084,1.509354,-0.058643,-0.970665,-0.270613,1.009386,0.972435,20.789001,-17.430000,4.234000,NaN,-0.361934,true,Self-supervised model,0.264591,3.431000,19.767528,5.761448,0.685800,0.221352,1.020294,1.495318,false,false
2026-04-17T14:56:33.188136,0.193520,-5.870732,-1.238374,160.954,S,7,0.912695,7,6.392962,1.539381,1.608092,1.536213,-0.351948,9.732430,4.247314,-1.204109,0.949030,0.097025,1.536213,-0.072693,-1.003652,-0.235183,1.033398,1.006281,20.789001,-17.430000,4.234000,NaN,-0.356403,true,Self-supervised model,0.270069,3.441000,19.346073,5.622224,0.685800,0.221352,1.002063,1.486564,false,false
2026-04-17T14:56:33.194494,0.193520,-5.870732,-1.231025,160.533,S,7,0.912695,7,6.392962,1.547466,1.627667,1.589913,-0.316035,9.818622,4.185065,-1.202376,1.039614,0.036302,1.589913,-0.086743,-1.005484,-0.200364,1.028916,1.009219,20.789001,-17.430000,4.234000,NaN,-0.349076,true,Self-supervised model,0.265025,3.447000,18.924956,5.490269,0.685800,0.221352,0.973303,1.545231,false,false
2026-04-17T14:56:33.202742,0.193520,-5.870732,-1.223914,160.125,S,7,0.912695,7,6.392962,1.551619,1.646626,1.573419,-0.311246,9.909601,4.122815,-1.116399,1.106907,0.063702,1.573419,-0.092852,-0.971276,-0.155771,0.988060,0.975704,20.789001,-17.430000,4.234000,NaN,-0.342922,true,Self-supervised model,0.271396,3.455000,18.517538,5.359635,0.685800,0.221352,0.986145,1.592433,false,false
2026-04-17T14:56:33.210819,0.193520,-5.870732,-1.217234,159.742,S,7,0.912695,7,6.392962,1.546187,1.664608,1.517672,-0.217872,9.976639,4.149151,-1.043586,1.095687,0.117171,1.517672,-0.093462,-0.917520,-0.109345,0.928727,0.922268,20.789001,-17.430000,4.234000,NaN,-0.337968,true,Self-supervised model,0.271219,3.463000,18.134834,5.236741,0.685800,0.221352,1.018789,1.634143,false,false
2026-04-17T14:56:33.219263,0.193520,-5.870732,-1.211145,159.394,S,7,0.912695,7,6.392962,1.529679,1.681211,1.443013,-0.134075,9.964667,4.201824,-0.961464,1.058226,0.195014,1.443013,-0.075747,-0.847270,-0.062919,0.852973,0.850649,20.789001,-17.430000,4.234000,NaN,-0.334239,true,Self-supervised model,0.270694,3.472000,17.785945,5.122680,0.685800,0.221352,1.060060,1.691745,false,false
2026-04-17T14:56:33.226444,0.193520,-5.870732,-1.205744,159.084,S,7,0.912695,7,6.392962,1.497838,1.695876,1.330671,-0.038307,9.926360,4.278439,-0.857322,0.963063,0.328930,1.330671,-0.051313,-0.780686,-0.027489,0.782853,0.782370,20.789001,-17.430000,4.234000,NaN,-0.331593,true,Self-supervised model,0.265876,3.479000,17.476505,5.023428,0.685800,0.221352,1.125626,1.699772,false,false
2026-04-17T14:56:33.235208,0.193520,-5.870732,-1.201077,158.817,S,7,0.912695,7,6.392962,1.443951,1.707799,1.161046,0.081403,9.830592,4.410120,-0.677356,0.833691,0.440654,1.161046,-0.014050,-0.713491,0.003665,0.713638,0.713629,20.789001,-17.430000,4.234000,NaN,-0.329859,true,Self-supervised model,0.259987,3.488000,17.209085,4.933797,0.685800,0.221352,1.243664,1.626939,false,false
2026-04-17T14:56:33.242658,0.193520,-5.870732,-1.197120,158.590,S,7,0.912695,7,6.392962,1.381592,1.716751,1.054207,0.277727,9.701305,4.517859,-0.557089,0.722481,0.528228,1.054207,0.029322,-0.653626,0.020159,0.654594,0.654283,20.789001,-17.430000,4.234000,NaN,-0.328744,true,Self-supervised model,0.254698,3.495000,16.982371,4.859048,0.685800,0.221352,1.310552,1.610475,false,false
2026-04-17T14:56:33.251670,0.193520,-5.870732,-1.193794,158.399,S,7,0.912695,7,6.392962,1.314412,1.722657,0.961714,0.414197,9.591172,4.599261,-0.418671,0.655499,0.565623,0.961714,0.071471,-0.595594,0.015882,0.600077,0.599867,20.789001,-17.430000,4.234000,NaN,-0.327942,true,Self-supervised model,0.252728,3.504000,16.791816,4.792185,0.685800,0.221352,1.366739,1.602651,false,false
2026-04-17T14:56:33.258862,0.193520,-5.870732,-1.190959,158.237,S,7,0.912695,7,6.392962,1.250375,1.725766,0.914180,0.567426,9.526528,4.627992,-0.344581,0.582607,0.614457,0.914180,0.105680,-0.539394,0.000000,0.549649,0.549649,20.789001,-17.430000,4.234000,NaN,-0.327069,true,Self-supervised model,0.250496,3.511000,16.629367,4.736362,0.685800,0.221352,1.367756,1.663206,false,false
2026-04-17T14:56:33.271725,0.193520,-5.870732,-1.188447,158.093,S,7,0.912695,7,6.392962,1.207870,1.727050,0.984722,0.653617,9.457097,4.666299,-0.422110,0.542188,0.705361,0.984722,0.133169,-0.469755,-0.031154,0.489259,0.488266,20.789001,-17.430000,4.234000,NaN,-0.325851,true,Self-supervised model,0.260603,3.524000,16.485444,4.678049,0.685800,0.221352,1.226610,2.012680,false,false
2026-04-17T14:56:33.275344,0.193520,-5.870732,-1.186120,157.960,S,7,0.912695,7,6.392962,1.194843,1.727762,1.126450,0.584185,9.421184,4.745308,-0.509788,0.539173,0.847525,1.126450,0.163101,-0.390343,-0.059865,0.427263,0.423048,19.697001,-15.680000,6.051000,NaN,-0.324265,true,Self-supervised model,0.265170,3.528000,16.352132,4.634958,0.685800,0.221352,1.060716,2.636434,false,false
2026-04-17T14:56:33.282640,0.193520,-5.870732,-1.183916,157.833,S,7,0.912695,7,6.392962,1.227530,1.729752,1.399134,0.500388,9.423578,4.874595,-0.663792,0.566507,1.093629,1.399134,0.189979,-0.322537,-0.076358,0.382037,0.374329,19.697001,-15.680000,6.051000,NaN,-0.322550,true,Self-supervised model,0.290953,3.535000,16.225835,4.590052,0.685800,0.221352,0.877350,3.662294,false,false
2026-04-17T14:56:33.290627,0.193520,-5.870732,-1.181854,157.715,S,7,0.912695,7,6.392962,1.301417,1.734619,1.689326,0.347159,9.457097,5.106832,-0.799811,0.624213,1.350734,1.689326,0.217468,-0.282220,-0.079412,0.365030,0.356287,19.697001,-15.680000,6.051000,NaN,-0.321057,true,Self-supervised model,0.307677,3.543000,16.107692,4.546343,0.685800,0.221352,0.770376,4.627915,false,false
2026-04-17T14:56:33.298842,0.193520,-5.870732,-1.180036,157.611,S,7,0.912695,7,6.392962,1.406226,1.743483,1.956476,0.210690,9.521740,5.348647,-0.985175,0.700153,1.538511,1.956476,0.249233,-0.274278,-0.066584,0.376536,0.370602,19.697001,-15.680000,6.051000,NaN,-0.320217,true,Self-supervised model,0.321334,3.551000,16.003546,4.506772,0.685800,0.221352,0.718755,5.195990,false,false
2026-04-17T14:56:33.306749,0.193520,-5.870732,-1.178607,157.529,S,7,0.912695,7,6.392962,1.517504,1.756444,2.101713,0.026336,9.605537,5.518635,-1.114345,0.748764,1.617030,2.101713,0.280998,-0.300546,-0.039706,0.413357,0.411446,19.697001,-15.680000,6.051000,NaN,-0.320341,true,Self-supervised model,0.327805,3.559000,15.921652,4.473631,0.685800,0.221352,0.722032,5.084495,false,false
2026-04-17T14:56:33.314414,0.193520,-5.870732,-1.177674,157.476,SE,7,0.912695,7,6.392962,1.620082,1.772990,2.158614,-0.098162,9.662998,5.576096,-1.259535,0.763378,1.578113,2.158614,0.297491,-0.328035,-0.004276,0.442861,0.442841,19.697001,-15.680000,6.051000,NaN,-0.321393,true,Self-supervised model,0.331883,3.567000,15.868194,4.448611,0.685800,0.221352,0.750519,4.874244,false,false
2026-04-17T14:56:33.322630,0.193520,-5.870732,-1.177315,157.455,SE,7,0.912695,7,6.392962,1.705788,1.792302,2.155748,-0.234632,9.686940,5.513846,-1.332271,0.761192,1.514229,2.155748,0.307265,-0.370184,0.039706,0.482727,0.481091,19.697001,-15.680000,6.051000,NaN,-0.323330,true,Self-supervised model,0.333239,3.575000,15.847621,4.432901,0.685800,0.221352,0.791275,4.465774,false,false
2026-04-17T14:56:33.330737,0.193520,-5.870732,-1.177594,157.471,SE,7,0.912695,7,6.392962,1.761461,1.813068,2.053745,-0.294487,9.694122,5.425261,-1.327853,0.778689,1.359528,2.053745,0.298713,-0.400117,0.085521,0.506593,0.499322,19.697001,-15.680000,6.051000,NaN,-0.326164,true,Self-supervised model,0.329188,3.583000,15.863636,4.427473,0.685800,0.221352,0.857683,4.054030,false,false
2026-04-17T14:56:33.339423,0.193520,-5.870732,-1.178540,157.525,S,7,0.912695,7,6.392962,1.788850,1.834099,1.932637,-0.272939,9.720459,5.245696,-1.255376,0.761078,1.256932,1.932637,0.281609,-0.422108,0.127671,0.523238,0.507424,19.697001,-15.680000,6.051000,NaN,-0.329774,true,Self-supervised model,0.321897,3.592000,15.917822,4.431465,0.685800,0.221352,0.925600,3.693608,false,false
2026-04-17T14:56:33.346783,0.193520,-5.870732,-1.180112,157.615,S,7,0.912695,7,6.392962,1.787052,1.854217,1.777616,-0.179565,9.710882,5.118803,-1.206900,0.727805,1.083333,1.777616,0.253509,-0.434325,0.150884,0.525044,0.502897,19.697001,-15.680000,6.051000,NaN,-0.333851,true,Self-supervised model,0.312018,3.599000,16.007891,4.447872,0.685800,0.221352,1.005308,3.385652,false,false
2026-04-17T14:56:33.355073,0.193520,-5.870732,-1.182241,157.737,S,7,0.912695,7,6.392962,1.762594,1.872552,1.634191,-0.107739,9.684546,4.922479,-1.188943,0.638489,0.921590,1.634191,0.211970,-0.435547,0.171042,0.513700,0.484389,19.697001,-15.680000,6.051000,NaN,-0.338209,true,Self-supervised model,0.303244,3.607000,16.129875,4.471826,0.685800,0.221352,1.078573,3.181216,false,false
2026-04-17T14:56:33.362691,0.193520,-5.870732,-1.184827,157.886,S,7,0.912695,7,6.392962,1.724261,1.888621,1.523010,-0.064643,9.600749,4.740520,-1.183951,0.539042,0.791993,1.523010,0.155160,-0.425773,0.188147,0.490669,0.453164,19.697001,-15.680000,6.051000,NaN,-0.342619,true,Self-supervised model,0.295149,3.615000,16.278005,4.502906,0.685800,0.221352,1.132140,3.103944,false,false
2026-04-17T14:56:33.371213,0.193520,-5.870732,-1.187701,158.050,S,7,0.912695,7,6.392962,1.679241,1.902246,1.442889,-0.033519,9.504981,4.594473,-1.168827,0.425023,0.731525,1.442889,0.084910,-0.417221,0.197920,0.469527,0.425774,19.697001,-15.680000,6.051000,NaN,-0.346649,true,Self-supervised model,0.290354,3.624000,16.442682,4.537164,0.685800,0.221352,1.163805,3.073070,false,false
2026-04-17T14:56:33.378954,0.193520,-5.870732,-1.190627,158.218,S,7,0.912695,7,6.392962,1.627757,1.913266,1.357464,0.007183,9.392453,4.522647,-1.086942,0.344604,0.736554,1.357464,0.023824,-0.414777,0.206472,0.463938,0.415461,19.697001,-15.680000,6.051000,NaN,-0.349784,true,Self-supervised model,0.283602,3.631000,16.610355,4.574595,0.685800,0.221352,1.199116,2.925957,false,false
2026-04-17T14:56:33.386836,0.193520,-5.870732,-1.193373,158.375,S,7,0.912695,7,6.392962,1.570321,1.921548,1.268783,0.112527,9.311050,4.522647,-1.014415,0.247452,0.720791,1.268783,-0.048258,-0.425773,0.206472,0.475650,0.428499,19.697001,-15.680000,6.051000,NaN,-0.351806,true,Self-supervised model,0.277280,3.639000,16.767663,4.607767,0.685800,0.221352,1.237660,2.667474,false,false
2026-04-17T14:56:33.395193,0.193520,-5.870732,-1.195720,158.510,S,7,0.912695,7,6.392962,1.506289,1.926938,1.170123,0.205901,9.210494,4.508282,-0.912580,0.186108,0.708343,1.170123,-0.096517,-0.427606,0.199753,0.481730,0.438363,19.697001,-15.680000,6.051000,NaN,-0.352562,true,Self-supervised model,0.271495,3.648000,16.902176,4.633272,0.685800,0.221352,1.287292,2.429004,false,false
2026-04-17T14:56:33.403807,0.193520,-5.870732,-1.197449,158.609,S,7,0.912695,7,6.392962,1.451688,1.929928,1.165030,0.325611,9.143456,4.503493,-0.878095,0.114722,0.757022,1.165030,-0.185092,-0.414167,0.158214,0.480442,0.453644,19.697001,-15.680000,6.051000,NaN,-0.351816,true,Self-supervised model,0.271870,3.656000,17.001237,4.650229,0.685800,0.221352,1.246052,2.424910,false,false
2026-04-17T14:56:33.410982,0.193520,-5.870732,-1.198364,158.661,S,7,0.912695,7,6.392962,1.423870,1.931686,1.277825,0.373495,9.064447,4.565742,-0.931461,0.013734,0.874659,1.277825,-0.219301,-0.392175,0.127060,0.466946,0.449327,19.697001,-15.680000,6.051000,NaN,-0.349473,true,Self-supervised model,0.280650,3.663000,17.053629,4.655645,0.685800,0.221352,1.114292,2.736558,false,false
2026-04-17T14:56:33.419246,0.193520,-5.870732,-1.198306,158.658,S,7,0.912695,7,6.392962,1.427576,1.933521,1.447032,0.328006,8.954314,4.702212,-1.007327,-0.109965,1.033007,1.447032,-0.254731,-0.357967,0.083078,0.447135,0.439350,19.697001,-15.680000,6.051000,NaN,-0.345526,true,Self-supervised model,0.293027,3.672000,17.050315,4.643332,0.685800,0.221352,0.986554,3.236229,false,false
2026-04-17T14:56:33.428114,0.193520,-5.870732,-1.197170,158.593,S,7,0.912695,7,6.392962,1.468702,1.936928,1.684612,0.253785,8.820239,4.884171,-1.146321,-0.280785,1.202093,1.684612,-0.263894,-0.326813,0.041539,0.422104,0.420055,19.697001,-15.680000,6.051000,NaN,-0.340079,true,Self-supervised model,0.304397,3.681000,16.985251,4.614304,0.685800,0.221352,0.871834,3.990986,false,false
2026-04-17T14:56:33.435250,0.193520,-5.870732,-1.194875,158.461,S,7,0.912695,7,6.392962,1.539162,1.943018,1.909080,0.110133,8.638280,5.080496,-1.357347,-0.405717,1.279682,1.909080,-0.254120,-0.293826,0.004887,0.388503,0.388472,20.174002,-17.068001,5.110000,NaN,-0.333147,true,Self-supervised model,0.313727,3.688000,16.853756,4.569891,0.685800,0.221352,0.806232,4.913937,false,false
2026-04-17T14:56:33.443152,0.193520,-5.870732,-1.191394,158.262,S,7,0.912695,7,6.392962,1.639003,1.952857,2.163167,-0.112527,8.501810,5.188235,-1.564215,-0.544930,1.391249,2.163167,-0.229685,-0.263894,-0.019548,0.350396,0.349850,20.174002,-17.068001,5.110000,NaN,-0.324919,true,Self-supervised model,0.324629,3.696000,16.654280,4.506028,0.685800,0.221352,0.757687,6.173492,false,false
2026-04-17T14:56:33.453031,0.193520,-5.870732,-1.186738,157.995,S,7,0.912695,7,6.392962,1.753316,1.966876,2.353460,-0.337582,8.350976,5.331887,-1.721753,-0.648200,1.467711,2.353460,-0.192423,-0.233351,-0.037874,0.304817,0.302455,20.174002,-17.068001,5.110000,NaN,-0.315566,true,Self-supervised model,0.336374,3.705000,16.387517,4.423082,0.685800,0.221352,0.744995,7.720897,false,false
2026-04-17T14:56:33.458643,0.193520,-5.870732,-1.180969,157.665,S,7,0.912695,7,6.392962,1.876555,1.985263,2.523561,-0.519542,8.236053,5.442020,-1.864311,-0.739695,1.531520,2.523561,-0.141110,-0.211359,-0.041539,0.257508,0.254135,20.174002,-17.068001,5.110000,NaN,-0.305346,true,Self-supervised model,0.339019,3.711000,16.057001,4.326866,0.685800,0.221352,0.743614,9.799941,false,false
2026-04-17T14:56:33.466763,0.193520,-5.870732,-1.174196,157.276,SE,7,0.912695,7,6.392962,1.985703,2.007280,2.558728,-0.691924,8.133103,5.540183,-1.887639,-0.795658,1.533244,2.558728,-0.075136,-0.192423,-0.034208,0.209385,0.206572,20.174002,-17.068001,5.110000,NaN,-0.294552,true,Self-supervised model,0.353661,3.719000,15.668890,4.213200,0.685800,0.221352,0.776051,12.220201,false,false
2026-04-17T14:56:33.477615,0.193520,-5.870732,-1.166534,156.837,SE,7,0.912695,7,6.392962,2.081567,2.032252,2.584850,-0.749385,8.066066,5.576096,-1.856700,-0.899942,1.556992,2.584850,0.035430,-0.154549,-0.014661,0.159234,0.158558,20.174002,-17.068001,5.110000,NaN,-0.283338,true,Self-supervised model,0.367352,3.730000,15.229906,4.083085,0.685800,0.221352,0.805295,16.232987,false,false
2026-04-17T14:56:33.483227,0.193520,-5.870732,-1.158096,156.354,SE,7,0.912695,7,6.392962,2.154178,2.059129,2.535390,-0.756568,7.951144,5.633556,-1.771631,-1.026322,1.495389,2.535390,0.076969,-0.140499,-0.013439,0.160763,0.160201,20.174002,-17.068001,5.110000,NaN,-0.271797,true,Self-supervised model,0.351342,3.736000,14.746466,3.947127,0.685800,0.221352,0.849644,15.770959,false,false
2026-04-17T14:56:33.490450,0.193520,-5.870732,-1.150922,155.943,SE,7,0.912695,7,6.392962,2.220452,2.087582,2.568387,-0.713472,7.814674,5.604826,-1.771737,-1.140575,1.468554,2.568387,0.169821,-0.098960,-0.013439,0.197009,0.196551,20.174002,-17.068001,5.110000,NaN,-0.269674,true,Self-supervised model,0.359247,3.743000,14.335389,3.829919,0.685800,0.221352,0.864531,13.036872,false,false
2026-04-17T14:56:33.498703,0.193520,-5.870732,-1.144763,155.590,SE,7,0.912695,7,6.392962,2.274881,2.117074,2.560637,-0.720655,7.702147,5.576096,-1.764502,-1.235799,1.384267,2.560637,0.255342,-0.069028,-0.020159,0.265275,0.264507,20.174002,-17.068001,5.110000,NaN,-0.267580,true,Self-supervised model,0.356196,3.751000,13.982530,3.727681,0.685800,0.221352,0.888405,9.652780,false,false
2026-04-17T14:56:33.507146,0.193520,-5.870732,-1.139444,155.285,SE,7,0.912695,7,6.392962,2.328296,2.147523,2.608721,-0.723049,7.611167,5.485116,-1.874591,-1.300414,1.265011,2.608721,0.346361,-0.031765,-0.025656,0.348759,0.347814,20.174002,-17.068001,5.110000,NaN,-0.265618,true,Self-supervised model,0.354162,3.760000,13.677765,3.637703,0.685800,0.221352,0.892505,7.480007,false,false
2026-04-17T14:56:33.514633,0.193520,-5.870732,-1.134910,155.026,SE,7,0.912695,7,6.392962,2.379481,2.178801,2.648205,-0.845153,7.553706,5.353435,-2.027446,-1.336754,1.056191,2.648205,0.429438,0.003054,-0.015882,0.429743,0.429449,20.174002,-17.068001,5.110000,NaN,-0.264226,true,Self-supervised model,0.351634,3.767000,13.417994,3.561984,0.685800,0.221352,0.898526,6.162303,false,false
2026-04-17T14:56:33.522648,0.193520,-5.870732,-1.131171,154.811,SE,7,0.912695,7,6.392962,2.425880,2.210684,2.669474,-1.010353,7.527370,5.125986,-2.116842,-1.368225,0.879221,2.669474,0.496023,0.026878,0.009774,0.496846,0.496750,20.174002,-17.068001,5.110000,NaN,-0.263669,true,Self-supervised model,0.352244,3.775000,13.203792,3.497693,0.685800,0.221352,0.908748,5.372835,false,false
2026-04-17T14:56:33.530788,0.193520,-5.870732,-1.128285,154.646,SE,7,0.912695,7,6.392962,2.460100,2.242661,2.639753,-1.110910,7.508216,4.924873,-2.175416,-1.355928,0.630331,2.639753,0.539394,0.041539,0.047647,0.543085,0.540991,20.174002,-17.068001,5.110000,NaN,-0.264192,true,Self-supervised model,0.350521,3.783000,13.038433,3.446585,0.685800,0.221352,0.931943,4.860660,false,false
2026-04-17T14:56:33.538843,0.193520,-5.870732,-1.124592,154.434,SE,7,0.912695,7,6.392962,2.472744,2.273864,2.539126,-1.177947,7.534553,4.647145,-2.098407,-1.379542,0.375117,2.539126,0.576046,0.050091,0.093462,0.585725,0.578220,20.174002,-17.068001,5.110000,NaN,-0.257272,true,Self-supervised model,0.342260,3.791000,12.826839,3.383498,0.685800,0.221352,0.973856,4.335017,false,false
2026-04-17T14:56:33.546541,0.193520,-5.870732,-1.120834,154.219,SE,7,0.912695,7,6.392962,2.460584,2.303333,2.396747,-1.139640,7.517793,4.386178,-1.938539,-1.406154,0.095891,2.396747,0.597426,0.065973,0.135612,0.616167,0.601058,20.174002,-17.068001,5.110000,NaN,-0.253249,true,Self-supervised model,0.332834,3.799000,12.611473,3.319682,0.685800,0.221352,1.026635,3.889771,false,false
2026-04-17T14:56:33.555207,0.193520,-5.870732,-1.117562,154.032,SE,7,0.912695,7,6.392962,2.423932,2.330157,2.231506,-1.007959,7.501034,4.091691,-1.750185,-1.380120,-0.108349,2.231506,0.605978,0.080634,0.163101,0.632703,0.611320,20.174002,-17.068001,5.110000,NaN,-0.251928,true,Self-supervised model,0.325961,3.808000,12.424040,3.262616,0.685800,0.221352,1.086231,3.526939,false,false
2026-04-17T14:56:33.562646,0.193520,-5.870732,-1.115165,153.894,SE,7,0.912695,7,6.392962,2.369873,2.353745,2.086067,-0.837971,7.539341,3.864242,-1.563424,-1.336869,-0.346645,2.086067,0.602924,0.102014,0.177151,0.636637,0.611493,20.174002,-17.068001,5.110000,NaN,-0.253029,true,Self-supervised model,0.318910,3.815000,12.286711,3.220632,0.685800,0.221352,1.136048,3.276698,false,false
2026-04-17T14:56:33.571437,0.193520,-5.870732,-1.113883,153.821,SE,7,0.912695,7,6.392962,2.304433,2.373773,1.960870,-0.660800,7.596802,3.596091,-1.360319,-1.268355,-0.621145,1.960870,0.580933,0.130114,0.182038,0.622536,0.595326,20.174002,-17.068001,5.110000,NaN,-0.256206,true,Self-supervised model,0.315006,3.824000,12.213247,3.193841,0.685800,0.221352,1.175209,3.149813,false,false
2026-04-17T14:56:33.578734,0.193520,-5.870732,-1.113832,153.818,SE,7,0.912695,7,6.392962,2.241567,2.390485,1.911519,-0.459687,7.680599,3.287239,-1.225543,-1.175957,-0.876969,1.911519,0.536951,0.165544,0.182038,0.590643,0.561890,20.174002,-17.068001,5.110000,NaN,-0.261077,true,Self-supervised model,0.314908,3.831000,12.210301,3.187236,0.685800,0.221352,1.172663,3.236338,false,false
2026-04-17T14:56:33.587423,0.193520,-5.870732,-1.114924,153.880,SE,7,0.912695,7,6.392962,2.185438,2.404283,1.890763,-0.320823,7.788338,2.995146,-1.105545,-1.082203,-1.087010,1.890763,0.467312,0.207083,0.173486,0.539779,0.511140,20.174002,-17.068001,5.110000,NaN,-0.266743,true,Self-supervised model,0.312377,3.840000,12.272872,3.196060,0.685800,0.221352,1.155850,3.502847,false,false
2026-04-17T14:56:33.594349,0.193520,-5.870732,-1.116822,153.989,SE,7,0.912695,7,6.392962,2.136176,2.415559,1.877551,-0.193930,7.896077,2.750938,-1.002459,-0.969364,-1.257221,1.877551,0.391565,0.248622,0.156992,0.489676,0.463827,18.775002,-19.809000,2.852000,NaN,-0.271867,true,Self-supervised model,0.309561,3.847000,12.381639,3.218518,0.685800,0.221352,1.137746,3.834273,false,false
2026-04-17T14:56:33.602573,0.193520,-5.870732,-1.119214,154.126,SE,7,0.912695,7,6.392962,2.086703,2.424404,1.826971,-0.086191,8.020576,2.552219,-0.925421,-0.848837,-1.326987,1.826971,0.286496,0.296270,0.136834,0.434257,0.412135,18.775002,-19.809000,2.852000,NaN,-0.276230,true,Self-supervised model,0.308230,3.855000,12.518653,3.247381,0.685800,0.221352,1.142166,4.207120,false,false
2026-04-17T14:56:33.610635,0.193520,-5.870732,-1.121807,154.275,SE,7,0.912695,7,6.392962,2.037785,2.430940,1.780965,-0.007183,8.149862,2.461239,-0.872022,-0.797104,-1.332681,1.780965,0.174707,0.320704,0.111177,0.381752,0.365204,18.775002,-19.809000,2.852000,NaN,-0.279633,true,Self-supervised model,0.306637,3.863000,12.667257,3.279124,0.685800,0.221352,1.144203,4.665244,false,false
2026-04-17T14:56:33.618673,0.193520,-5.870732,-1.124371,154.422,SE,7,0.912695,7,6.392962,1.986176,2.435149,1.715231,0.045490,8.207323,2.442086,-0.821294,-0.783052,-1.286205,1.715231,0.071471,0.324369,0.088575,0.343758,0.332150,18.775002,-19.809000,2.852000,NaN,-0.282076,true,Self-supervised model,0.304120,3.871000,12.814137,3.310291,0.685800,0.221352,1.157964,4.989653,false,false
2026-04-17T14:56:33.626307,0.193520,-5.870732,-1.126731,154.557,SE,7,0.912695,7,6.392962,1.928156,2.436869,1.623546,0.093374,8.224083,2.482787,-0.728401,-0.766324,-1.232105,1.623546,-0.010996,0.314596,0.065363,0.321502,0.314788,18.775002,-19.809000,2.852000,NaN,-0.283622,true,Self-supervised model,0.299306,3.879000,12.949353,3.338323,0.685800,0.221352,1.187620,5.049878,false,false
2026-04-17T14:56:33.634978,0.193520,-5.870732,-1.128748,154.672,SE,7,0.912695,7,6.392962,1.855280,2.435606,1.472683,0.181959,8.240842,2.537854,-0.598275,-0.720770,-1.136377,1.472683,-0.099571,0.298102,0.037874,0.316566,0.314292,18.775002,-19.809000,2.852000,NaN,-0.284268,true,Self-supervised model,0.291606,3.887000,13.064928,3.361185,0.685800,0.221352,1.259796,4.652063,false,false
2026-04-17T14:56:33.642551,0.193520,-5.870732,-1.130286,154.761,SE,7,0.912695,7,6.392962,1.761128,2.430627,1.266833,0.306458,8.283937,2.640805,-0.456874,-0.562980,-1.038838,1.266833,-0.174707,0.266948,0.000000,0.319036,0.319036,18.775002,-19.809000,2.852000,NaN,-0.283889,true,Self-supervised model,0.279107,3.895000,13.153053,3.376907,0.685800,0.221352,1.390182,3.970813,false,false
2026-04-17T14:56:33.651446,0.193520,-5.870732,-1.131234,154.815,SE,7,0.912695,7,6.392962,1.649316,2.421374,1.062299,0.440533,8.437167,2.750938,-0.294673,-0.401081,-0.938499,1.062299,-0.238848,0.221744,-0.040928,0.328472,0.325913,18.775002,-19.809000,2.852000,NaN,-0.282477,true,Self-supervised model,0.266909,3.904000,13.207368,3.383035,0.685800,0.221352,1.552591,3.234058,false,false
2026-04-17T14:56:33.659186,0.193520,-5.870732,-1.131505,154.830,SE,7,0.912695,7,6.392962,1.527072,2.407602,0.885293,0.593762,8.592790,2.868254,-0.171894,-0.170613,-0.851521,0.885293,-0.287718,0.167377,-0.075136,0.341236,0.332861,18.775002,-19.809000,2.852000,NaN,-0.280041,true,Self-supervised model,0.256076,3.912000,13.222903,3.380088,0.685800,0.221352,1.724933,2.594374,false,false
2026-04-17T14:56:33.666767,0.193520,-5.870732,-1.130996,154.801,SE,7,0.912695,7,6.392962,1.407320,2.389591,0.778622,0.706290,8.815451,2.975993,-0.092362,0.051034,-0.771438,0.778622,-0.342695,0.100182,-0.107512,0.372875,0.357039,18.775002,-19.809000,2.852000,NaN,-0.276413,true,Self-supervised model,0.248281,3.919000,13.193756,3.366613,0.685800,0.221352,1.807450,2.088161,false,false
2026-04-17T14:56:33.674713,0.193520,-5.870732,-1.129634,154.723,SE,7,0.912695,7,6.392962,1.305265,2.368218,0.769477,0.773327,9.028535,3.078943,-0.086967,0.191525,-0.740169,0.769477,-0.391565,0.039706,-0.136223,0.416481,0.393573,18.775002,-19.809000,2.852000,NaN,-0.271637,true,Self-supervised model,0.245602,3.927000,13.115709,3.339880,0.685800,0.221352,1.696301,1.847571,false,false
2026-04-17T14:56:33.682466,0.193520,-5.870732,-1.127426,154.597,SE,7,0.912695,7,6.392962,1.207307,2.343781,0.693027,0.763750,9.160215,3.134010,-0.127556,0.286488,-0.618013,0.693027,-0.431271,0.004276,-0.156382,0.458768,0.431292,18.775002,-19.809000,2.852000,NaN,-0.266046,true,Self-supervised model,0.238724,3.935000,12.989206,3.300942,0.685800,0.221352,1.742078,1.510626,false,false
2026-04-17T14:56:33.690498,0.193520,-5.870732,-1.124421,154.425,SE,7,0.912695,7,6.392962,1.109336,2.316404,0.594990,0.706290,9.246407,3.280056,-0.240971,0.304889,-0.450543,0.594990,-0.468534,-0.028711,-0.167377,0.498360,0.469412,18.775002,-19.809000,2.852000,NaN,-0.259850,true,Self-supervised model,0.231469,3.943000,12.817001,3.250571,0.685800,0.221352,1.864461,1.193895,false,false
2026-04-17T14:56:33.698510,0.193520,-5.870732,-1.120705,154.212,SE,7,0.912695,7,6.392962,1.014258,2.286318,0.515094,0.574608,9.255983,3.471592,-0.367895,0.292182,-0.211199,0.515094,-0.494190,-0.058032,-0.166766,0.524788,0.497586,18.775002,-19.809000,2.852000,NaN,-0.253292,true,Self-supervised model,0.225610,3.951000,12.604095,3.190102,0.685800,0.221352,1.969073,0.981528,false,false
2026-04-17T14:56:33.707445,0.193520,-5.870732,-1.116416,153.966,SE,7,0.912695,7,6.392962,0.929173,2.254032,0.482480,0.428562,9.234436,3.734955,-0.392120,0.279408,0.030989,0.482480,-0.495412,-0.081245,-0.155771,0.525641,0.502029,18.775002,-19.809000,2.852000,NaN,-0.246711,true,Self-supervised model,0.223038,3.960000,12.358351,3.120796,0.685800,0.221352,1.925826,0.917890,false,false
2026-04-17T14:56:33.714646,0.193520,-5.870732,-1.111691,153.695,SE,7,0.912695,7,6.392962,0.872206,2.220759,0.573130,0.385466,9.212888,4.000711,-0.354501,0.306878,0.329595,0.573130,-0.470977,-0.097128,-0.143553,0.501857,0.480888,18.775002,-19.809000,2.852000,NaN,-0.240241,true,Self-supervised model,0.228674,3.967000,12.087620,3.047043,0.685800,0.221352,1.521830,1.142018,false,false
2026-04-17T14:56:33.722529,0.193520,-5.870732,-1.106633,153.405,SE,7,0.912695,7,6.392962,0.847227,2.187818,0.716083,0.404620,9.232041,4.321534,-0.264281,0.350118,0.565993,0.716083,-0.409891,-0.113010,-0.143553,0.448764,0.425184,18.775002,-19.809000,2.852000,NaN,-0.233855,true,Self-supervised model,0.241903,3.975000,11.797849,2.968012,0.685800,0.221352,1.183141,1.595678,false,false
2026-04-17T14:56:33.730963,0.193520,-5.870732,-1.101300,153.100,SE,7,0.912695,7,6.392962,0.841686,2.155972,0.812600,0.476446,9.267955,4.577713,-0.194754,0.413248,0.672024,0.812600,-0.326813,-0.118508,-0.157603,0.381693,0.347636,18.775002,-19.809000,2.852000,NaN,-0.227420,true,Self-supervised model,0.252472,3.983000,11.492295,2.885336,0.685800,0.221352,1.035794,2.128937,false,false
2026-04-17T14:56:33.738986,0.193520,-5.870732,-1.095736,152.781,SE,7,0.912695,7,6.392962,0.843842,2.125487,0.855159,0.526724,9.325416,4.699818,-0.272151,0.467272,0.662486,0.855159,-0.233351,-0.100793,-0.171653,0.306719,0.254188,18.775002,-19.809000,2.852000,NaN,-0.220929,true,Self-supervised model,0.257890,3.991000,11.173475,2.799668,0.685800,0.221352,0.986766,2.788087,false,false
2026-04-17T14:56:33.747236,0.193520,-5.870732,-1.090410,152.476,SE,7,0.912695,7,6.392962,0.851310,2.096520,0.890518,0.428562,9.375694,4.702212,-0.475400,0.536337,0.528544,0.890518,-0.156382,-0.065363,-0.175929,0.244292,0.169492,18.775002,-19.809000,2.852000,NaN,-0.216558,true,Self-supervised model,0.263353,4.000000,10.868330,2.717082,0.685800,0.221352,0.955972,3.645302,false,false
2026-04-17T14:56:33.754641,0.193520,-5.870732,-1.085355,152.186,SE,7,0.912695,7,6.392962,0.880798,2.069891,1.035610,0.213084,9.440337,4.580108,-0.761369,0.610163,0.347140,1.035610,-0.078802,-0.007941,-0.157603,0.176385,0.079201,20.824001,-19.820002,6.152000,NaN,-0.212586,true,Self-supervised model,0.276242,4.007000,10.578697,2.640054,0.685800,0.221352,0.850511,5.871316,false,false
2026-04-17T14:56:33.763545,0.193520,-5.870732,-1.080658,151.917,SE,7,0.912695,7,6.392962,0.933299,2.046428,1.208930,-0.086191,9.512163,4.405331,-1.003992,0.651088,0.172038,1.208930,-0.023824,0.066584,-0.120340,0.139581,0.070718,20.824001,-19.820002,6.152000,NaN,-0.209322,true,Self-supervised model,0.291498,4.016000,10.309591,2.567129,0.685800,0.221352,0.772004,8.661136,false,false
2026-04-17T14:56:33.772416,0.193520,-5.870732,-1.075916,151.645,SE,7,0.912695,7,6.392962,0.999465,2.026549,1.346833,-0.342371,9.552865,4.232949,-1.177385,0.652899,0.038050,1.346833,0.013439,0.144775,-0.071471,0.162014,0.145397,20.824001,-19.820002,6.152000,NaN,-0.204397,true,Self-supervised model,0.296591,4.025000,10.037866,2.493880,0.685800,0.221352,0.742085,8.313062,false,false
2026-04-17T14:56:33.778643,0.193520,-5.870732,-1.071268,151.379,SE,7,0.912695,7,6.392962,1.058599,2.009831,1.369052,-0.541090,9.557653,4.096479,-1.221113,0.615773,-0.063327,1.369052,0.026878,0.218079,-0.028711,0.221597,0.219729,20.824001,-19.820002,6.152000,NaN,-0.200130,true,Self-supervised model,0.291438,4.031000,9.771588,2.424110,0.685800,0.221352,0.773235,6.178123,false,false
2026-04-17T14:56:33.786792,0.193520,-5.870732,-1.067428,151.159,SE,7,0.912695,7,6.392962,1.105992,1.995677,1.354808,-0.610521,9.524135,3.991134,-1.230185,0.561461,-0.083133,1.354808,0.036041,0.320704,0.017104,0.323176,0.322723,20.824001,-19.820002,6.152000,NaN,-0.199518,true,Self-supervised model,0.290104,4.039000,9.551550,2.364831,0.685800,0.221352,0.816346,4.192168,false,false
2026-04-17T14:56:33.794336,0.193520,-5.870732,-1.064359,150.983,SE,7,0.912695,7,6.392962,1.138965,1.983409,1.312073,-0.632069,9.471462,3.969586,-1.226151,0.466385,0.023967,1.312073,0.043982,0.428217,0.048869,0.433234,0.430469,20.824001,-19.820002,6.152000,NaN,-0.199534,true,Self-supervised model,0.285305,4.047000,9.375714,2.316707,0.685800,0.221352,0.868065,3.028552,false,false
2026-04-17T14:56:33.802686,0.193520,-5.870732,-1.062000,150.848,SE,7,0.912695,7,6.392962,1.155913,1.972309,1.244888,-0.641646,9.378088,4.074931,-1.165353,0.395131,0.188602,1.244888,0.054978,0.524122,0.069028,0.531499,0.526998,20.824001,-19.820002,6.152000,NaN,-0.200014,true,Self-supervised model,0.281037,4.055000,9.240541,2.278802,0.685800,0.221352,0.928527,2.342219,false,false
2026-04-17T14:56:33.811027,0.193520,-5.870732,-1.060262,150.749,SE,7,0.912695,7,6.392962,1.170527,1.962238,1.247250,-0.596156,9.308656,4.237737,-1.148762,0.342688,0.344303,1.247250,0.070250,0.572381,0.079412,0.582118,0.576676,20.824001,-19.820002,6.152000,NaN,-0.200760,true,Self-supervised model,0.280821,4.063000,9.140955,2.249804,0.685800,0.221352,0.938486,2.142608,false,false
2026-04-17T14:56:33.818542,0.193520,-5.870732,-1.059065,150.680,SE,7,0.912695,7,6.392962,1.183966,1.953107,1.254521,-0.596156,9.258378,4.390966,-1.148631,0.280322,0.419391,1.254521,0.085521,0.593150,0.091019,0.606156,0.599284,20.824001,-19.820002,6.152000,NaN,-0.201731,true,Self-supervised model,0.281108,4.071000,9.072413,2.228547,0.685800,0.221352,0.943759,2.069633,false,false
2026-04-17T14:56:33.826387,0.193520,-5.870732,-1.057599,150.596,SE,7,0.912695,7,6.392962,1.196736,1.944852,1.263779,-0.612916,9.198523,4.462792,-1.168100,0.274308,0.396779,1.263779,0.095295,0.592539,0.104458,0.609176,0.600153,20.824001,-19.820002,6.152000,NaN,-0.199187,true,Self-supervised model,0.280907,4.079000,8.988425,2.203585,0.685800,0.221352,0.946950,2.074571,false,false
2026-04-17T14:56:33.835319,0.193520,-5.870732,-1.055951,150.502,SE,7,0.912695,7,6.392962,1.214028,1.937619,1.304810,-0.665588,9.196129,4.436456,-1.215010,0.311840,0.359214,1.304810,0.087965,0.579100,0.117897,0.597490,0.585743,20.824001,-19.820002,6.152000,NaN,-0.196810,true,Self-supervised model,0.283293,4.088000,8.893997,2.175635,0.685800,0.221352,0.930425,2.183818,false,false
2026-04-17T14:56:33.842700,0.193520,-5.870732,-1.054201,150.401,SE,7,0.912695,7,6.392962,1.234149,1.931480,1.339785,-0.744597,9.236830,4.395754,-1.251714,0.306962,0.366075,1.339785,0.074526,0.548557,0.134390,0.569675,0.553596,20.824001,-19.820002,6.152000,NaN,-0.194650,true,Self-supervised model,0.285222,4.095000,8.793700,2.147424,0.685800,0.221352,0.921154,2.351841,false,false
2026-04-17T14:56:33.852101,0.193520,-5.870732,-1.052423,150.299,SE,7,0.912695,7,6.392962,1.257863,1.926536,1.382364,-0.811634,9.234436,4.400543,-1.283706,0.329181,0.393281,1.382364,0.058643,0.503353,0.156382,0.530338,0.506758,20.824001,-19.820002,6.152000,NaN,-0.192761,true,Self-supervised model,0.289196,4.105000,8.691816,2.117373,0.685800,0.221352,0.909936,2.606572,false,false
2026-04-17T14:56:33.858532,0.193520,-5.870732,-1.050694,150.200,SE,7,0.912695,7,6.392962,1.280226,1.922683,1.397629,-0.871489,9.258378,4.426879,-1.280477,0.354571,0.433618,1.397629,0.043371,0.452651,0.177762,0.488235,0.454724,20.824001,-19.820002,6.152000,NaN,-0.191230,true,Self-supervised model,0.290174,4.111000,8.592766,2.090189,0.685800,0.221352,0.915998,2.862615,false,false
2026-04-17T14:56:33.868522,0.193520,-5.870732,-1.049078,150.108,SE,7,0.912695,7,6.392962,1.294005,1.919536,1.366349,-0.893037,9.284714,4.467580,-1.244449,0.344720,0.446569,1.366349,0.034208,0.407447,0.197920,0.454264,0.408881,20.824001,-19.820002,6.152000,NaN,-0.190066,true,Self-supervised model,0.291058,4.121000,8.500191,2.062653,0.685800,0.221352,0.947054,3.007829,false,false
2026-04-17T14:56:33.874818,0.193520,-5.870732,-1.047653,150.026,SE,7,0.912695,7,6.392962,1.294793,1.916546,1.298926,-0.878672,9.275137,4.481946,-1.164008,0.325811,0.475543,1.298926,0.026878,0.361021,0.218690,0.422947,0.362021,20.824001,-19.820002,6.152000,NaN,-0.189404,true,Self-supervised model,0.287802,4.127000,8.418546,2.039870,0.685800,0.221352,0.996818,3.071134,false,false
2026-04-17T14:56:33.882642,0.193520,-5.870732,-1.046473,149.959,SE,7,0.912695,7,6.392962,1.276639,1.912950,1.181329,-0.816423,9.255983,4.513070,-1.040988,0.328789,0.451421,1.181329,0.022602,0.334143,0.238237,0.410998,0.334907,20.824001,-19.820002,6.152000,NaN,-0.189206,true,Self-supervised model,0.282460,4.135000,8.350951,2.019577,0.685800,0.221352,1.080680,2.874291,false,false
2026-04-17T14:56:33.890869,0.193520,-5.870732,-1.045553,149.906,SE,7,0.912695,7,6.392962,1.248924,1.908389,1.103423,-0.708684,9.258378,4.491522,-0.984677,0.320046,0.381475,1.103423,0.016493,0.305433,0.250455,0.395334,0.305878,20.824001,-19.820002,6.152000,NaN,-0.189324,true,Self-supervised model,0.279075,4.143000,8.298235,2.002953,0.685800,0.221352,1.131863,2.791119,false,false
2026-04-17T14:56:33.898701,0.193520,-5.870732,-1.044866,149.866,SE,7,0.912695,7,6.392962,1.204834,1.902247,0.973362,-0.665588,9.248801,4.424485,-0.884279,0.299599,0.275182,0.973362,0.005498,0.278555,0.251676,0.375452,0.278609,20.824001,-19.820002,6.152000,NaN,-0.189569,true,Self-supervised model,0.271572,4.151000,8.258870,1.989610,0.685800,0.221352,1.237807,2.592510,false,false
2026-04-17T14:56:33.907795,0.193520,-5.870732,-1.044363,149.838,SE,7,0.912695,7,6.392962,1.148214,1.894086,0.850959,-0.577003,9.227253,4.321534,-0.775420,0.286799,0.201499,0.850959,-0.015272,0.245568,0.248011,0.349351,0.246042,20.824001,-19.820002,6.152000,NaN,-0.189800,true,Self-supervised model,0.264491,4.160000,8.230016,1.978369,0.685800,0.221352,1.349318,2.435826,false,false
2026-04-17T14:56:33.914444,0.193520,-5.870732,-1.043972,149.815,SE,7,0.912695,7,6.392962,1.081440,1.883580,0.730875,-0.478840,9.212888,4.252102,-0.662355,0.269724,0.150709,0.730875,-0.036652,0.213803,0.233351,0.318602,0.216922,21.394001,-21.380001,5.559000,NaN,-0.189861,true,Self-supervised model,0.256601,4.167000,8.207639,1.969676,0.685800,0.221352,1.479651,2.294003,false,false
2026-04-17T14:56:33.922616,0.193520,-5.870732,-1.043623,149.795,SE,7,0.912695,7,6.392962,1.009473,1.870615,0.631647,-0.375890,9.193734,4.206613,-0.575632,0.229053,0.123126,0.631647,-0.050091,0.188147,0.215025,0.290075,0.194700,21.394001,-21.380001,5.559000,NaN,-0.189678,true,Self-supervised model,0.250283,4.175000,8.187643,1.961112,0.685800,0.221352,1.598160,2.177527,false,false
2026-04-17T14:56:33.930811,0.193520,-5.870732,-1.043238,149.773,SE,7,0.912695,7,6.392962,0.937984,1.855310,0.562665,-0.299275,9.150639,4.185065,-0.521791,0.198096,0.071301,0.562665,-0.058032,0.175318,0.194866,0.268472,0.184673,21.394001,-21.380001,5.559000,NaN,-0.189148,true,Self-supervised model,0.245824,4.183000,8.165570,1.952085,0.685800,0.221352,1.667038,2.095807,false,false
2026-04-17T14:56:33.938782,0.193520,-5.870732,-1.042763,149.746,SE,7,0.912695,7,6.392962,0.877715,1.838206,0.561302,-0.256180,9.117120,4.139575,-0.515005,0.214873,0.060489,0.561302,-0.056810,0.167377,0.172264,0.246815,0.176756,21.394001,-21.380001,5.559000,NaN,-0.188312,true,Self-supervised model,0.246959,4.191000,8.138334,1.941860,0.685800,0.221352,1.563713,2.274184,false,false
2026-04-17T14:56:33.947378,0.193520,-5.870732,-1.042162,149.711,SE,7,0.912695,7,6.392962,0.829204,1.819846,0.574522,-0.260968,9.131485,4.134786,-0.516870,0.224246,0.112403,0.574522,-0.052534,0.169821,0.149662,0.232374,0.177761,21.394001,-21.380001,5.559000,NaN,-0.187210,true,Self-supervised model,0.249552,4.200000,8.103912,1.929503,0.685800,0.221352,1.443293,2.472405,false,false
2026-04-17T14:56:33.954586,0.193520,-5.870732,-1.041445,149.670,SE,7,0.912695,7,6.392962,0.795445,1.800870,0.618213,-0.275333,9.138668,4.192247,-0.530260,0.238073,0.210553,0.618213,-0.037263,0.177762,0.142332,0.230751,0.181625,21.394001,-21.380001,5.559000,NaN,-0.186027,true,Self-supervised model,0.254606,4.207000,8.062819,1.916525,0.685800,0.221352,1.286685,2.679133,false,false
2026-04-17T14:56:33.962985,0.193520,-5.870732,-1.040668,149.626,SE,7,0.912695,7,6.392962,0.768596,1.781579,0.627637,-0.301669,9.150639,4.295198,-0.465257,0.280159,0.314603,0.627637,-0.016493,0.177762,0.139277,0.226428,0.178525,21.394001,-21.380001,5.559000,NaN,-0.185011,true,Self-supervised model,0.256780,4.215000,8.018299,1.902325,0.685800,0.221352,1.224587,2.771909,false,false
2026-04-17T14:56:33.971224,0.193520,-5.870732,-1.039910,149.582,SE,7,0.912695,7,6.392962,0.739881,1.761911,0.589129,-0.248997,9.191340,4.402937,-0.373018,0.275979,0.362996,0.589129,0.017715,0.171653,0.142942,0.224079,0.172565,21.394001,-21.380001,5.559000,NaN,-0.184332,true,Self-supervised model,0.254371,4.224000,7.974900,1.887997,0.685800,0.221352,1.255890,2.629118,false,false
2026-04-17T14:56:33.978853,0.193520,-5.870732,-1.039246,149.544,SE,7,0.912695,7,6.392962,0.699668,1.741422,0.488551,-0.167594,9.186552,4.453215,-0.244369,0.249282,0.341795,0.488551,0.056810,0.160658,0.143553,0.222813,0.170406,21.394001,-21.380001,5.559000,NaN,-0.184041,true,Self-supervised model,0.245616,4.231000,7.936846,1.875879,0.685800,0.221352,1.432131,2.192644,false,false
2026-04-17T14:56:33.987354,0.193520,-5.870732,-1.038722,149.514,SE,7,0.912695,7,6.392962,0.651430,1.719822,0.398178,-0.047884,9.160215,4.431667,-0.141325,0.221453,0.299219,0.398178,0.098960,0.154549,0.138666,0.230015,0.183517,21.394001,-21.380001,5.559000,NaN,-0.184076,true,Self-supervised model,0.237713,4.240000,7.906813,1.864814,0.685800,0.221352,1.636026,1.731097,false,false
2026-04-17T14:56:33.994704,0.193520,-5.870732,-1.038321,149.491,SE,7,0.912695,7,6.392962,0.594036,1.696790,0.292719,0.047884,9.133880,4.386178,-0.062589,0.175766,0.225551,0.292719,0.133169,0.157603,0.121562,0.239479,0.206331,21.394001,-21.380001,5.559000,NaN,-0.184170,true,Self-supervised model,0.228612,4.247000,7.883865,1.856337,0.685800,0.221352,2.029376,1.222316,false,false
2026-04-17T14:56:34.002711,0.193520,-5.870732,-1.037977,149.472,SE,7,0.912695,7,6.392962,0.523213,1.671847,0.151390,0.119710,9.090784,4.307169,-0.049934,0.083466,0.116013,0.151390,0.167377,0.167988,0.092241,0.254447,0.237139,21.394001,-21.380001,5.559000,NaN,-0.184052,true,Self-supervised model,0.223856,4.255000,7.864153,1.848215,0.685800,0.221352,3.456061,0.594976,false,false
2026-04-17T14:56:34.010791,0.193520,-5.870732,-1.037584,149.449,SE,7,0.912695,7,6.392962,0.459733,1.645363,0.126464,0.124498,9.002198,4.189853,-0.113975,0.028536,0.046782,0.126464,0.196088,0.191812,0.058643,0.280502,0.274303,21.394001,-21.380001,5.559000,NaN,-0.183460,true,Self-supervised model,0.222792,4.263000,7.841601,1.839456,0.685800,0.221352,3.635296,0.450848,false,false
2026-04-17T14:56:34.019015,0.193520,-5.870732,-1.037058,149.419,SE,7,0.912695,7,6.392962,0.425330,1.618561,0.244713,0.050278,8.951921,4.110844,-0.242604,-0.024902,0.020198,0.244713,0.223577,0.219301,0.028100,0.314434,0.313176,21.394001,-21.380001,5.559000,NaN,-0.182407,true,Self-supervised model,0.225978,4.271000,7.811488,1.828960,0.685800,0.221352,1.738073,0.778266,false,false
2026-04-17T14:56:34.026355,0.193520,-5.870732,-1.036338,149.378,SE,7,0.912695,7,6.392962,0.416423,1.592476,0.369662,-0.090980,8.904037,4.072537,-0.364146,-0.059881,0.021490,0.369662,0.245568,0.231518,0.014050,0.337789,0.337497,21.394001,-21.380001,5.559000,NaN,-0.180907,true,Self-supervised model,0.244062,4.279000,7.770214,1.815895,0.685800,0.221352,1.126497,1.094356,false,false
2026-04-17T14:56:34.035541,0.193520,-5.870732,-1.035418,149.325,SE,7,0.912695,7,6.392962,0.415654,1.567403,0.411616,-0.227449,8.875306,4.060566,-0.400865,-0.071536,0.060145,0.411616,0.273668,0.232740,0.017715,0.359688,0.359252,21.394001,-21.380001,5.559000,NaN,-0.179192,true,Self-supervised model,0.249564,4.288000,7.717533,1.799798,0.685800,0.221352,1.009810,1.144369,false,false
2026-04-17T14:56:34.042732,0.193520,-5.870732,-1.034377,149.265,SE,7,0.912695,7,6.392962,0.411441,1.543165,0.389322,-0.280122,8.870518,4.084508,-0.381090,-0.067075,0.042932,0.389322,0.301157,0.220522,0.036652,0.375058,0.373263,21.394001,-21.380001,5.559000,NaN,-0.177665,true,Self-supervised model,0.246380,4.295000,7.657894,1.782979,0.685800,0.221352,1.056814,1.038030,false,false
2026-04-17T14:56:34.051770,0.193520,-5.870732,-1.033322,149.205,SE,7,0.912695,7,6.392962,0.392200,1.519126,0.291187,-0.275333,8.882488,4.050989,-0.279629,-0.068228,-0.044070,0.291187,0.326813,0.207083,0.051924,0.390367,0.386898,21.394001,-21.380001,5.559000,NaN,-0.176551,true,Self-supervised model,0.233588,4.304000,7.597421,1.765200,0.685800,0.221352,1.346901,0.745931,false,false
2026-04-17T14:56:34.058799,0.193520,-5.870732,-1.032385,149.151,SE,7,0.912695,7,6.392962,0.357181,1.494648,0.173331,-0.186748,8.889671,3.945644,-0.112091,-0.017697,-0.131019,0.173331,0.345139,0.182038,0.060476,0.394862,0.390203,21.394001,-21.380001,5.559000,NaN,-0.176089,true,Self-supervised model,0.218654,4.311000,7.543747,1.749883,0.685800,0.221352,2.060685,0.438967,false,false
2026-04-17T14:56:34.070890,0.193520,-5.870732,-1.031668,149.110,SE,7,0.912695,7,6.392962,0.338031,1.470383,0.237493,-0.028730,8.949526,3.837905,0.080550,-0.003758,-0.223384,0.237493,0.354302,0.152105,0.059254,0.390099,0.385572,21.394001,-21.380001,5.559000,NaN,-0.176252,true,Self-supervised model,0.229860,4.323000,7.502673,1.735525,0.685800,0.221352,1.423330,0.608803,false,false
2026-04-17T14:56:34.075080,0.193520,-5.870732,-1.031184,149.082,SE,7,0.912695,7,6.392962,0.347988,1.447488,0.400265,0.158017,8.973468,3.722984,0.234896,0.019066,-0.323531,0.400265,0.355524,0.122784,0.034819,0.377737,0.376129,20.743002,-22.735001,3.472000,NaN,-0.176698,true,Self-supervised model,0.254484,4.328000,7.474924,1.727108,0.685800,0.221352,0.869395,1.059639,false,false
2026-04-17T14:56:34.082793,0.193520,-5.870732,-1.030850,149.063,SE,7,0.912695,7,6.392962,0.376211,1.426637,0.524378,0.308852,9.006987,3.598485,0.331327,0.005835,-0.406399,0.524378,0.350637,0.103236,0.004887,0.365551,0.365519,20.743002,-22.735001,3.472000,NaN,-0.176965,true,Self-supervised model,0.266636,4.335000,7.455783,1.719904,0.685800,0.221352,0.717442,1.434485,false,false
2026-04-17T14:56:34.090978,0.193520,-5.870732,-1.030536,149.045,SE,7,0.912695,7,6.392962,0.409493,1.407951,0.584226,0.402226,9.004593,3.490746,0.380773,0.038196,-0.441443,0.584226,0.344528,0.079412,-0.028711,0.354726,0.353562,20.743002,-22.735001,3.472000,NaN,-0.176733,true,Self-supervised model,0.270132,4.343000,7.437811,1.712598,0.685800,0.221352,0.700916,1.646979,false,false
2026-04-17T14:56:34.098568,0.193520,-5.870732,-1.030124,149.022,SE,7,0.912695,7,6.392962,0.447369,1.391528,0.646221,0.447716,9.047688,3.430891,0.405240,0.087424,-0.495721,0.646221,0.337198,0.062919,-0.059254,0.348098,0.343018,20.743002,-22.735001,3.472000,NaN,-0.175928,true,Self-supervised model,0.273021,4.351000,7.414211,1.704025,0.685800,0.221352,0.692286,1.856435,false,false
2026-04-17T14:56:34.107575,0.193520,-5.870732,-1.029590,148.991,SE,7,0.912695,7,6.392962,0.486774,1.377337,0.693645,0.466869,9.107543,3.351882,0.405943,0.107845,-0.552017,0.693645,0.328035,0.054367,-0.079412,0.341861,0.332509,20.743002,-22.735001,3.472000,NaN,-0.174903,true,Self-supervised model,0.274944,4.360000,7.383582,1.693482,0.685800,0.221352,0.701762,2.029027,false,false
2026-04-17T14:56:34.114884,0.193520,-5.870732,-1.028982,148.956,SE,7,0.912695,7,6.392962,0.531871,1.365519,0.768631,0.462081,9.138668,3.270479,0.324549,0.183126,-0.672255,0.768631,0.309709,0.061697,-0.086132,0.327330,0.315794,20.743002,-22.735001,3.472000,NaN,-0.174002,true,Self-supervised model,0.278499,4.367000,7.348753,1.682792,0.685800,0.221352,0.691971,2.348187,false,false
2026-04-17T14:56:34.123378,0.193520,-5.870732,-1.028404,148.923,SE,7,0.912695,7,6.392962,0.582336,1.356191,0.847278,0.375890,9.224859,3.124433,0.304038,0.186660,-0.768505,0.847278,0.263283,0.081856,-0.081856,0.287609,0.275714,20.743002,-22.735001,3.472000,NaN,-0.173545,true,Self-supervised model,0.283223,4.376000,7.315654,1.671767,0.685800,0.221352,0.687302,2.945942,false,false
2026-04-17T14:56:34.130852,0.193520,-5.870732,-1.027997,148.900,SE,7,0.912695,7,6.392962,0.628106,1.349068,0.868398,0.351948,9.239224,3.002329,0.295584,0.209851,-0.789119,0.868398,0.191812,0.097128,-0.059865,0.223180,0.215001,20.743002,-22.735001,3.472000,NaN,-0.173819,true,Self-supervised model,0.285824,4.383000,7.292320,1.663774,0.685800,0.221352,0.723293,3.891023,false,false
2026-04-17T14:56:34.139559,0.193520,-5.870732,-1.027870,148.893,SE,7,0.912695,7,6.392962,0.661343,1.343559,0.835838,0.342371,9.272743,2.956839,0.339661,0.239573,-0.725162,0.835838,0.097738,0.094684,-0.040317,0.141927,0.136080,20.743002,-22.735001,3.472000,NaN,-0.174814,true,Self-supervised model,0.287700,4.392000,7.285049,1.658709,0.685800,0.221352,0.791234,5.889196,false,false
2026-04-17T14:56:34.146863,0.193520,-5.870732,-1.027724,148.884,SE,7,0.912695,7,6.392962,0.675080,1.338820,0.747201,0.387861,9.311050,2.999935,0.493676,0.277908,-0.487197,0.747201,0.015272,0.081856,-0.030543,0.088693,0.083268,20.743002,-22.735001,3.472000,NaN,-0.174591,true,Self-supervised model,0.285844,4.399000,7.276677,1.654166,0.685800,0.221352,0.903479,8.424545,false,false
2026-04-17T14:56:34.155152,0.193520,-5.870732,-1.027603,148.877,SE,7,0.912695,7,6.392962,0.684842,1.334661,0.736090,0.538695,9.351752,3.232172,0.677345,0.261342,-0.121379,0.736090,-0.065973,0.058032,-0.029932,0.092823,0.087865,20.743002,-22.735001,3.472000,NaN,-0.174571,true,Self-supervised model,0.284210,4.408000,7.269760,1.649220,0.685800,0.221352,0.930377,7.930010,false,false
2026-04-17T14:56:34.162898,0.193520,-5.870732,-1.027502,148.872,SE,7,0.912695,7,6.392962,0.713027,1.331795,0.860998,0.720655,9.334992,3.598485,0.819216,0.174880,0.199047,0.860998,-0.112399,0.016493,-0.036652,0.119369,0.113603,20.743002,-22.735001,3.472000,NaN,-0.174548,true,Self-supervised model,0.290925,4.415000,7.263960,1.645291,0.685800,0.221352,0.828140,7.212904,false,false
2026-04-17T14:56:34.170925,0.193520,-5.870732,-1.028039,148.902,SE,7,0.912695,7,6.392962,0.759729,1.330913,1.004916,0.861913,9.246407,3.924097,0.908935,0.046841,0.426029,1.004916,-0.137445,-0.018937,-0.056200,0.149693,0.138743,20.743002,-22.735001,3.472000,NaN,-0.177640,true,Self-supervised model,0.296758,4.423000,7.294747,1.649276,0.685800,0.221352,0.756012,6.713176,false,false
2026-04-17T14:56:34.179352,0.193520,-5.870732,-1.029103,148.963,SE,7,0.912695,7,6.392962,0.824519,1.332657,1.164664,0.964863,9.117120,4.153940,0.989794,-0.062710,0.610587,1.164664,-0.142332,-0.048258,-0.073304,0.167214,0.150290,20.743002,-22.735001,3.472000,NaN,-0.180808,true,Self-supervised model,0.303269,4.432000,7.355677,1.659674,0.685800,0.221352,0.707946,6.965099,false,false
2026-04-17T14:56:34.186520,0.193520,-5.870732,-1.030592,149.049,SE,7,0.912695,7,6.392962,0.911538,1.337812,1.368392,1.060631,9.004593,4.345476,1.141056,-0.173544,0.735100,1.368392,-0.118508,-0.076358,-0.106291,0.176557,0.140978,20.743002,-22.735001,3.472000,NaN,-0.183999,true,Self-supervised model,0.311579,4.439000,7.440996,1.676278,0.685800,0.221352,0.666138,7.750430,false,false
2026-04-17T14:56:34.194595,0.193520,-5.870732,-1.032330,149.148,SE,7,0.912695,7,6.392962,1.004642,1.346485,1.493434,1.228225,8.889671,4.479551,1.228237,-0.159359,0.834496,1.493434,-0.083689,-0.094684,-0.159436,0.203442,0.126368,20.743002,-22.735001,3.472000,NaN,-0.186736,true,Self-supervised model,0.315564,4.447000,7.540606,1.695661,0.685800,0.221352,0.672706,7.340834,false,false
2026-04-17T14:56:34.203657,0.193520,-5.870732,-1.034138,149.252,SE,7,0.912695,7,6.392962,1.081773,1.357897,1.486709,1.331176,8.899248,4.589684,1.230559,-0.159482,0.818898,1.486709,-0.050091,-0.114232,-0.207694,0.242270,0.124732,20.743002,-22.735001,3.472000,NaN,-0.188820,true,Self-supervised model,0.313638,4.456000,7.644183,1.715481,0.685800,0.221352,0.727629,6.136573,false,false
2026-04-17T14:56:34.211068,0.193520,-5.870732,-1.035880,149.352,SE,7,0.912695,7,6.392962,1.116034,1.370222,1.295908,1.347936,8.894460,4.584896,1.138697,-0.208273,0.582552,1.295908,-0.004887,-0.115454,-0.252898,0.278048,0.115557,20.743002,-22.735001,3.472000,NaN,-0.190297,true,Self-supervised model,0.302704,4.463000,7.743969,1.735149,0.685800,0.221352,0.861199,4.660727,false,false
2026-04-17T14:56:34.218917,0.193520,-5.870732,-1.037532,149.446,SE,7,0.912695,7,6.392962,1.114040,1.381975,1.103570,1.268927,8.841787,4.357447,1.055141,-0.193123,0.259323,1.103570,0.015272,-0.075136,-0.274889,0.285382,0.076673,20.743002,-22.735001,3.472000,NaN,-0.191591,true,Self-supervised model,0.291869,4.471000,7.838624,1.753215,0.685800,0.221352,1.009487,3.866993,false,false
2026-04-17T14:56:34.227263,0.193520,-5.870732,-1.039121,149.537,SE,7,0.912695,7,6.392962,1.106408,1.392952,1.066341,1.197101,8.853758,4.041412,1.059078,-0.120629,0.029754,1.066341,-0.007330,-0.003054,-0.290161,0.290270,0.007941,20.743002,-22.735001,3.472000,NaN,-0.192928,true,Self-supervised model,0.290109,4.480000,7.929665,1.770014,0.685800,0.221352,1.037574,3.673622,false,false
2026-04-17T14:56:34.236933,0.193520,-5.870732,-1.040646,149.625,SE,7,0.912695,7,6.392962,1.101719,1.403303,1.077102,1.211466,8.923190,3.818752,1.074772,0.033784,-0.062234,1.077102,-0.053756,0.062308,-0.307876,0.318684,0.082292,24.630001,-23.625002,11.688001,NaN,-0.194197,true,Self-supervised model,0.289574,4.489000,8.017048,1.785932,0.685800,0.221352,1.022855,3.379840,false,false
2026-04-17T14:56:34.242927,0.193520,-5.870732,-1.042002,149.702,SE,7,0.912695,7,6.392962,1.090018,1.412772,1.028588,1.235408,9.074024,3.734955,1.015169,0.165552,-0.004196,1.028588,-0.124006,0.114232,-0.339641,0.379186,0.168601,24.630001,-23.625002,11.688001,NaN,-0.194876,true,Self-supervised model,0.283217,4.495000,8.094732,1.800830,0.685800,0.221352,1.059722,2.712619,false,false
2026-04-17T14:56:34.252635,0.193520,-5.870732,-1.043048,149.762,SE,7,0.912695,7,6.392962,1.060377,1.420676,0.904761,1.180341,9.200917,3.804387,0.851540,0.260923,0.159347,0.904761,-0.207083,0.122173,-0.358578,0.431727,0.240437,24.630001,-23.625002,11.688001,NaN,-0.194685,true,Self-supervised model,0.275029,4.505000,8.154686,1.810141,0.685800,0.221352,1.171997,2.095680,false,false
2026-04-17T14:56:34.258502,0.193520,-5.870732,-1.043681,149.799,SE,7,0.912695,7,6.392962,1.020546,1.426671,0.811433,1.017536,9.289502,3.983952,0.649792,0.303624,0.379483,0.811433,-0.292604,0.091630,-0.356134,0.469942,0.306616,24.630001,-23.625002,11.688001,NaN,-0.193667,true,Self-supervised model,0.267089,4.511000,8.190982,1.815780,0.685800,0.221352,1.257708,1.726668,false,false
2026-04-17T14:56:34.266735,0.193520,-5.870732,-1.042965,149.758,SE,7,0.912695,7,6.392962,0.998729,1.431553,0.884192,0.814029,9.323022,4.225766,0.480079,0.323427,0.668367,0.884192,-0.354302,0.036041,-0.331700,0.486676,0.356130,24.630001,-23.625002,11.688001,NaN,-0.187553,true,Self-supervised model,0.272183,4.519000,8.149958,1.803487,0.685800,0.221352,1.129539,1.816798,false,false
2026-04-17T14:56:34.275238,0.193520,-5.870732,-1.041324,149.663,SE,7,0.912695,7,6.392962,1.000723,1.436320,1.011188,0.622492,9.332599,4.539406,0.412943,0.283134,0.878530,1.011188,-0.414777,-0.059254,-0.284052,0.506199,0.418989,24.630001,-23.625002,11.688001,NaN,-0.182211,true,Self-supervised model,0.278125,4.528000,8.055930,1.779137,0.685800,0.221352,0.989651,1.997611,false,false
2026-04-17T14:56:34.282828,0.193520,-5.870732,-1.039853,149.579,SE,7,0.912695,7,6.392962,1.023235,1.441796,1.141422,0.538695,9.279925,4.778827,0.381491,0.203886,1.056286,1.141422,-0.466701,-0.150884,-0.218690,0.537030,0.490485,24.630001,-23.625002,11.688001,NaN,-0.181421,true,Self-supervised model,0.283978,4.535000,7.971654,1.757807,0.685800,0.221352,0.896456,2.125436,false,false
2026-04-17T14:56:34.291044,0.193520,-5.870732,-1.038064,149.477,SE,7,0.912695,7,6.392962,1.061225,1.448574,1.260676,0.512359,9.184157,4.994305,0.391860,0.116830,1.192519,1.260676,-0.502131,-0.227242,-0.150273,0.571276,0.551158,24.630001,-23.625002,11.688001,NaN,-0.178356,true,Self-supervised model,0.288320,4.543000,7.869112,1.732140,0.685800,0.221352,0.841790,2.206772,false,false
2026-04-17T14:56:34.299073,0.193520,-5.870732,-1.036250,149.373,SE,7,0.912695,7,6.392962,1.128680,1.457778,1.482816,0.519542,9.081207,5.166687,0.469993,0.030818,1.406023,1.482816,-0.515570,-0.293826,-0.092241,0.600545,0.593419,24.630001,-23.625002,11.688001,NaN,-0.176446,true,Self-supervised model,0.296695,4.551000,7.765186,1.706259,0.685800,0.221352,0.761173,2.469116,false,false
2026-04-17T14:56:34.307823,0.193520,-5.870732,-1.034655,149.281,SE,7,0.912695,7,6.392962,1.207804,1.469779,1.623205,0.600945,8.978256,5.418078,0.598473,-0.088080,1.506276,1.623205,-0.519235,-0.380569,-0.026267,0.644304,0.643769,24.630001,-23.625002,11.688001,NaN,-0.175726,true,Self-supervised model,0.301243,4.560000,7.673802,1.682851,0.685800,0.221352,0.744086,2.519314,false,false
2026-04-17T14:56:34.314952,0.193520,-5.870732,-1.033471,149.214,SE,7,0.912695,7,6.392962,1.290482,1.484607,1.724543,0.739808,8.841787,5.556942,0.786666,-0.238013,1.516098,1.724543,-0.503964,-0.463036,0.034208,0.685239,0.684384,24.630001,-23.625002,11.688001,NaN,-0.176185,true,Self-supervised model,0.304460,4.567000,7.605951,1.665415,0.685800,0.221352,0.748304,2.516704,false,false
2026-04-17T14:56:34.322804,0.193520,-5.870732,-1.032803,149.175,SE,7,0.912695,7,6.392962,1.376376,1.502278,1.827320,0.945710,8.674192,5.604826,1.000126,-0.328327,1.493669,1.827320,-0.480751,-0.517403,0.078802,0.710659,0.706277,24.630001,-23.625002,11.688001,NaN,-0.177583,true,Self-supervised model,0.308695,4.575000,7.567690,1.654140,0.685800,0.221352,0.753221,2.571301,false,false
2026-04-17T14:56:34.330923,0.193520,-5.870732,-1.033169,149.196,SE,7,0.912695,7,6.392962,1.462395,1.522682,1.913992,1.182736,8.566454,5.619191,1.209595,-0.449349,1.413624,1.913992,-0.456316,-0.540616,0.100793,0.714597,0.707453,24.630001,-23.625002,11.688001,NaN,-0.182083,true,Self-supervised model,0.312636,4.583000,7.588643,1.655824,0.685800,0.221352,0.764055,2.678421,false,false
2026-04-17T14:56:34.339119,0.193520,-5.870732,-1.034442,149.269,SE,7,0.912695,7,6.392962,1.558597,1.546119,2.063657,1.431733,8.422802,5.585672,1.435266,-0.548676,1.377552,2.063657,-0.421497,-0.534507,0.099571,0.687948,0.680704,24.630001,-23.625002,11.688001,NaN,-0.186989,true,Self-supervised model,0.317210,4.592000,7.661631,1.668474,0.685800,0.221352,0.755260,2.999730,false,false
2026-04-17T14:56:34.346872,0.193520,-5.870732,-1.036459,149.385,SE,7,0.912695,7,6.392962,1.652787,1.572386,2.147283,1.699883,8.300697,5.595249,1.528473,-0.662524,1.354865,2.147283,-0.371406,-0.508240,0.078802,0.634397,0.629484,24.630001,-23.625002,11.688001,NaN,-0.191974,true,Self-supervised model,0.320256,4.599000,7.777143,1.691051,0.685800,0.221352,0.769711,3.384761,false,false
2026-04-17T14:56:34.355090,0.193520,-5.870732,-1.039041,149.533,SE,7,0.912695,7,6.392962,1.735012,1.600891,2.166693,1.836353,8.164227,5.616797,1.524003,-0.721806,1.360504,2.166693,-0.321315,-0.478307,0.047647,0.578180,0.576213,24.630001,-23.625002,11.688001,NaN,-0.196821,true,Self-supervised model,0.322563,4.608000,7.925100,1.719857,0.685800,0.221352,0.800765,3.747439,false,false
2026-04-17T14:56:34.365227,0.193520,-5.870732,-1.042053,149.705,SE,7,0.912695,7,6.392962,1.811996,1.631335,2.216163,1.874660,8.082825,5.664681,1.591834,-0.827182,1.301235,2.216163,-0.254120,-0.439823,0.010996,0.508077,0.507958,24.630001,-23.625002,11.688001,NaN,-0.201554,true,Self-supervised model,0.326970,4.618000,8.097691,1.753506,0.685800,0.221352,0.817627,4.361866,false,false
2026-04-17T14:56:34.370929,0.193520,-5.870732,-1.045349,149.894,SE,7,0.912695,7,6.392962,1.861680,1.662549,2.122522,1.984793,7.955932,5.645528,1.530022,-0.854804,1.197264,2.122522,-0.178984,-0.385456,-0.037874,0.426668,0.424984,24.630001,-23.625002,11.688001,NaN,-0.205983,true,Self-supervised model,0.321830,4.623000,8.286522,1.792455,0.685800,0.221352,0.877108,4.974642,false,false
2026-04-17T14:56:34.378457,0.193520,-5.870732,-1.048833,150.094,SE,7,0.912695,7,6.392962,1.881535,1.693308,1.985771,1.963245,7.908048,5.578490,1.443938,-0.890918,1.031792,1.985771,-0.097738,-0.316428,-0.080634,0.340854,0.331179,24.630001,-23.625002,11.688001,NaN,-0.210222,true,Self-supervised model,0.322080,4.631000,8.486162,1.832469,0.685800,0.221352,0.947508,5.825869,false,false
2026-04-17T14:56:34.387411,0.193520,-5.870732,-1.051487,150.246,SE,7,0.912695,7,6.392962,1.874196,1.722544,1.835670,1.915361,7.852982,5.446809,1.377314,-0.907694,0.805468,1.835670,-0.032987,-0.239459,-0.115454,0.267877,0.241721,24.630001,-23.625002,11.688001,NaN,-0.209552,true,Self-supervised model,0.321187,4.640000,8.638197,1.861680,0.685800,0.221352,1.020988,6.852647,false,false
2026-04-17T14:56:34.394358,0.193520,-5.870732,-1.053399,150.355,SE,7,0.912695,7,6.392962,1.841987,1.749321,1.672892,1.857901,7.831434,5.228937,1.301781,-0.864410,0.597267,1.672892,0.026878,-0.129503,-0.149051,0.199273,0.132263,24.320002,-25.033001,10.849001,NaN,-0.208499,true,Self-supervised model,0.317898,4.647000,8.747757,1.882453,0.685800,0.221352,1.101080,8.394967,false,false
2026-04-17T14:56:34.402671,0.193520,-5.870732,-1.054663,150.428,SE,7,0.912695,7,6.392962,1.787443,1.772846,1.501083,1.786075,7.872135,5.025429,1.171551,-0.853890,0.389348,1.501083,0.070860,-0.020159,-0.180205,0.194683,0.073672,24.320002,-25.033001,10.849001,NaN,-0.207170,true,Self-supervised model,0.310742,4.655000,8.820177,1.894775,0.685800,0.221352,1.190768,7.710396,false,false
2026-04-17T14:56:34.410661,0.193520,-5.870732,-1.055355,150.467,SE,7,0.912695,7,6.392962,1.728510,1.793073,1.419116,1.654393,7.881712,4.819528,1.098724,-0.856691,0.269768,1.419116,0.098960,0.076358,-0.197920,0.234086,0.124995,24.320002,-25.033001,10.849001,NaN,-0.205577,true,Self-supervised model,0.303670,4.663000,8.859855,1.900033,0.685800,0.221352,1.218019,6.062375,false,false
2026-04-17T14:56:34.419262,0.193520,-5.870732,-1.055528,150.477,SE,7,0.912695,7,6.392962,1.657902,1.809666,1.287206,1.575385,7.879318,4.699818,0.977607,-0.819762,0.170805,1.287206,0.108123,0.144775,-0.208916,0.276218,0.180694,24.320002,-25.033001,10.849001,NaN,-0.203668,true,Self-supervised model,0.294521,4.672000,8.869725,1.898486,0.685800,0.221352,1.287985,4.660112,false,false
2026-04-17T14:56:34.426384,0.193520,-5.870732,-1.055227,150.460,SE,7,0.912695,7,6.392962,1.585452,1.822697,1.205093,1.443704,7.917625,4.599261,0.914987,-0.778346,0.096056,1.205093,0.098960,0.196699,-0.218690,0.310336,0.220190,24.320002,-25.033001,10.849001,NaN,-0.201477,true,Self-supervised model,0.287956,4.679000,8.852513,1.891967,0.685800,0.221352,1.315626,3.883184,false,false
2026-04-17T14:56:34.435776,0.193520,-5.870732,-1.054501,150.418,SE,7,0.912695,7,6.392962,1.507338,1.832083,1.097238,1.367089,7.960721,4.522647,0.832917,-0.710262,0.075555,1.097238,0.074526,0.220522,-0.221133,0.321067,0.232775,24.320002,-25.033001,10.849001,NaN,-0.199046,true,Self-supervised model,0.280528,4.688000,8.810892,1.879456,0.685800,0.221352,1.373757,3.417473,false,false
2026-04-17T14:56:34.443289,0.193520,-5.870732,-1.054389,150.412,SE,7,0.912695,7,6.392962,1.424371,1.837775,0.988792,1.268927,8.030152,4.501099,0.746607,-0.639349,0.107329,0.988792,0.031765,0.204640,-0.222355,0.303856,0.207091,24.320002,-25.033001,10.849001,NaN,-0.201392,true,Self-supervised model,0.274905,4.696000,8.804478,1.874889,0.685800,0.221352,1.440516,3.254150,false,false
2026-04-17T14:56:34.453474,0.193520,-5.870732,-1.054659,150.428,SE,7,0.912695,7,6.392962,1.333788,1.839615,0.858228,1.192312,8.092402,4.548983,0.649567,-0.539143,0.154735,0.858228,-0.013439,0.160658,-0.222355,0.274651,0.161219,24.320002,-25.033001,10.849001,NaN,-0.203192,true,Self-supervised model,0.266951,4.706000,8.819968,1.874196,0.685800,0.221352,1.554119,3.124794,false,false
2026-04-17T14:56:34.458674,0.193520,-5.870732,-1.055161,150.456,SE,7,0.912695,7,6.392962,1.238758,1.837581,0.739852,1.103727,8.183381,4.613626,0.553984,-0.464396,0.157537,0.739852,-0.063530,0.073915,-0.212581,0.233859,0.097465,24.320002,-25.033001,10.849001,NaN,-0.204620,true,Self-supervised model,0.259267,4.711000,8.848721,1.878311,0.685800,0.221352,1.674333,3.163662,false,false
2026-04-17T14:56:34.466818,0.193520,-5.870732,-1.055784,150.492,SE,7,0.912695,7,6.392962,1.140106,1.831682,0.622184,1.017536,8.248025,4.635174,0.446811,-0.409997,0.139197,0.622184,-0.120340,-0.022602,-0.197309,0.232215,0.122445,24.320002,-25.033001,10.849001,NaN,-0.205728,true,Self-supervised model,0.250900,4.719000,8.884425,1.882692,0.685800,0.221352,1.832425,2.679349,false,false
2026-04-17T14:56:34.475247,0.193520,-5.870732,-1.055761,150.491,SE,7,0.912695,7,6.392962,1.042459,1.822113,0.529812,0.921768,8.291121,4.637568,0.389866,-0.343809,0.102468,0.529812,-0.174707,-0.115454,-0.178984,0.275477,0.209409,24.320002,-25.033001,10.849001,NaN,-0.203118,true,Self-supervised model,0.243896,4.728000,8.883081,1.878824,0.685800,0.221352,1.967604,1.923255,false,false
2026-04-17T14:56:34.483179,0.193520,-5.870732,-1.055273,150.463,SE,7,0.912695,7,6.392962,0.950806,1.809261,0.469626,0.859518,8.350976,4.613626,0.345746,-0.309437,0.072507,0.469626,-0.217468,-0.175929,-0.153938,0.319281,0.279720,24.320002,-25.033001,10.849001,NaN,-0.200772,true,Self-supervised model,0.238383,4.736000,8.855115,1.869745,0.685800,0.221352,2.024601,1.470887,false,false
2026-04-17T14:56:34.490804,0.193520,-5.870732,-1.054487,150.418,SE,7,0.912695,7,6.392962,0.869124,1.793655,0.440291,0.814029,8.377312,4.599261,0.307438,-0.307038,0.071174,0.440291,-0.258396,-0.225409,-0.122784,0.364217,0.342896,24.320002,-25.033001,10.849001,NaN,-0.198793,true,Self-supervised model,0.235520,4.743000,8.810069,1.857489,0.685800,0.221352,1.973974,1.208872,false,false
2026-04-17T14:56:34.498544,0.193520,-5.870732,-1.054111,150.396,SE,7,0.912695,7,6.392962,0.792698,1.775617,0.391466,0.778116,8.370130,4.616021,0.279352,-0.267868,0.058783,0.391466,-0.284663,-0.246790,-0.090408,0.387443,0.376747,24.320002,-25.033001,10.849001,NaN,-0.200061,true,Self-supervised model,0.232503,4.751000,8.788561,1.849834,0.685800,0.221352,2.024946,1.010385,false,false
2026-04-17T14:56:34.506767,0.193520,-5.870732,-1.054112,150.396,SE,7,0.912695,7,6.392962,0.729720,1.755781,0.399086,0.770933,8.394072,4.630386,0.322215,-0.206649,0.112885,0.399086,-0.302378,-0.226631,-0.056200,0.382037,0.377881,24.320002,-25.033001,10.849001,NaN,-0.201568,true,Self-supervised model,0.234496,4.759000,8.788630,1.846739,0.685800,0.221352,1.828481,1.044624,false,false
2026-04-17T14:56:34.514657,0.193520,-5.870732,-1.054468,150.417,SE,7,0.912695,7,6.392962,0.689284,1.735121,0.476995,0.835576,8.439561,4.711789,0.362660,-0.200308,0.236388,0.476995,-0.304822,-0.192423,-0.031765,0.361873,0.360476,24.320002,-25.033001,10.849001,NaN,-0.203343,true,Self-supervised model,0.243062,4.767000,8.809015,1.847916,0.685800,0.221352,1.445055,1.318131,false,false
2026-04-17T14:56:34.522841,0.193520,-5.870732,-1.055177,150.457,SE,7,0.912695,7,6.392962,0.675210,1.714725,0.601318,0.897826,8.429984,4.862624,0.422193,-0.193950,0.381732,0.601318,-0.291994,-0.155771,-0.007330,0.331026,0.330945,24.320002,-25.033001,10.849001,NaN,-0.205464,true,Self-supervised model,0.255806,4.775000,8.849635,1.853327,0.685800,0.221352,1.122884,1.816525,false,false
2026-04-17T14:56:34.531163,0.193520,-5.870732,-1.056235,150.518,SE,7,0.912695,7,6.392962,0.678444,1.695274,0.695426,0.979228,8.420407,5.035006,0.412118,-0.180639,0.530231,0.695426,-0.259618,-0.123395,0.017715,0.287996,0.287450,24.320002,-25.033001,10.849001,NaN,-0.207918,true,Self-supervised model,0.264138,4.784000,8.910246,1.862510,0.685800,0.221352,0.975581,2.414710,false,false
2026-04-17T14:56:34.538899,0.193520,-5.870732,-1.057637,150.598,SE,7,0.912695,7,6.392962,0.687663,1.676969,0.736061,0.991199,8.418014,5.209783,0.372937,-0.153662,0.615704,0.736061,-0.213192,-0.105680,0.041539,0.241546,0.237948,24.320002,-25.033001,10.849001,NaN,-0.210695,true,Self-supervised model,0.267593,4.791000,8.990565,1.876553,0.685800,0.221352,0.934248,3.047289,false,false
2026-04-17T14:56:34.548152,0.193520,-5.870732,-1.059371,150.698,SE,7,0.912695,7,6.392962,0.696005,1.659731,0.739802,0.974440,8.429984,5.319916,0.328543,-0.168395,0.641100,0.739802,-0.167377,-0.098349,0.063530,0.204264,0.194133,24.320002,-25.033001,10.849001,NaN,-0.213761,true,Self-supervised model,0.269030,4.801000,9.089952,1.893346,0.685800,0.221352,0.940799,3.621796,false,false
2026-04-17T14:56:34.555554,0.193520,-5.870732,-1.061437,150.816,SE,7,0.912695,7,6.392962,0.689400,1.642917,0.654724,0.952892,8.401254,5.367800,0.273547,-0.165441,0.571372,0.654724,-0.108123,-0.107512,0.096517,0.180458,0.152478,26.935001,-27.934002,8.658000,NaN,-0.217152,true,Self-supervised model,0.262577,4.808000,9.208323,1.915209,0.685800,0.221352,1.052963,3.628131,false,false
2026-04-17T14:56:34.562616,0.193520,-5.870732,-1.063835,150.953,SE,7,0.912695,7,6.392962,0.655993,1.625440,0.480603,0.921768,8.391677,5.317522,0.260279,-0.147578,0.376104,0.480603,-0.059254,-0.125838,0.125227,0.187158,0.139091,26.935001,-27.934002,8.658000,NaN,-0.220876,true,Self-supervised model,0.246618,4.815000,9.345693,1.940954,0.685800,0.221352,1.364938,2.567895,false,false
2026-04-17T14:56:34.572844,0.193520,-5.870732,-1.066354,151.098,SE,7,0.912695,7,6.392962,0.607787,1.606734,0.354707,0.933739,8.398860,5.137957,0.319705,-0.091899,0.123128,0.354707,-0.042150,-0.137445,0.141110,0.201444,0.143762,26.935001,-27.934002,8.658000,NaN,-0.223884,true,Self-supervised model,0.235076,4.825000,9.490050,1.966850,0.685800,0.221352,1.713491,1.760822,false,false
2026-04-17T14:56:34.578732,0.193520,-5.870732,-1.069528,151.279,SE,7,0.912695,7,6.392962,0.577077,1.587548,0.415848,1.012747,8.446744,4.896142,0.390086,-0.035924,-0.139544,0.415848,-0.017715,-0.158825,0.183260,0.243153,0.159810,26.935001,-27.934002,8.658000,NaN,-0.229675,true,Self-supervised model,0.239319,4.831000,9.671898,2.002049,0.685800,0.221352,1.387709,1.710236,false,false
2026-04-17T14:56:34.586684,0.193520,-5.870732,-1.073046,151.481,SE,7,0.912695,7,6.392962,0.584458,1.569424,0.623210,1.120486,8.494628,4.642357,0.496010,0.019834,-0.376791,0.623210,-0.023213,-0.165544,0.199142,0.260003,0.167164,26.935001,-27.934002,8.658000,NaN,-0.234567,true,Self-supervised model,0.260700,4.839000,9.873435,2.040387,0.685800,0.221352,0.937819,2.396937,false,false
2026-04-17T14:56:34.594971,0.193520,-5.870732,-1.076871,151.700,SE,7,0.912695,7,6.392962,0.622436,1.553545,0.821821,1.256956,8.544906,4.410120,0.592081,0.040829,-0.568474,0.821821,-0.037263,-0.150884,0.206472,0.258428,0.155417,26.935001,-27.934002,8.658000,NaN,-0.239623,true,Self-supervised model,0.273703,4.847000,10.092606,2.082238,0.685800,0.221352,0.757387,3.180070,false,false
2026-04-17T14:56:34.603926,0.193520,-5.870732,-1.080985,151.936,SE,7,0.912695,7,6.392962,0.682835,1.540716,0.999929,1.383849,8.561666,4.220978,0.649586,0.053732,-0.758294,0.999929,-0.062308,-0.123395,0.199142,0.242417,0.138234,26.935001,-27.934002,8.658000,NaN,-0.244892,true,Self-supervised model,0.282035,4.856000,10.328319,2.126919,0.685800,0.221352,0.682883,4.124826,false,false
2026-04-17T14:56:34.611139,0.193520,-5.870732,-1.085325,152.185,SE,7,0.912695,7,6.392962,0.759055,1.531450,1.159209,1.472434,8.571242,4.031836,0.768486,0.056630,-0.866019,1.159209,-0.095906,-0.070860,0.181427,0.217106,0.119244,26.935001,-27.934002,8.658000,NaN,-0.250136,true,Self-supervised model,0.288121,4.864000,10.576979,2.174543,0.685800,0.221352,0.654804,5.339378,false,false
2026-04-17T14:56:34.622051,0.193520,-5.870732,-1.089714,152.436,SE,7,0.912695,7,6.392962,0.834951,1.525590,1.233404,1.620875,8.571242,3.924097,0.851780,0.055573,-0.890318,1.233404,-0.125838,-0.026267,0.162490,0.207191,0.128550,26.935001,-27.934002,8.658000,NaN,-0.254722,true,Self-supervised model,0.292819,4.874000,10.828462,2.221679,0.685800,0.221352,0.676948,5.952967,false,false
2026-04-17T14:56:34.626852,0.193520,-5.870732,-1.094254,152.696,SE,7,0.912695,7,6.392962,0.895635,1.522392,1.214226,1.728614,8.568848,3.897760,0.854627,0.091251,-0.857688,1.214226,-0.176540,0.058032,0.106291,0.214084,0.185834,26.935001,-27.934002,8.658000,NaN,-0.259866,true,Self-supervised model,0.283501,4.879000,11.088591,2.272718,0.685800,0.221352,0.737618,5.671735,false,false
2026-04-17T14:56:34.636921,0.193520,-5.870732,-1.098710,152.951,SE,7,0.912695,7,6.392962,0.924727,1.520485,1.077463,1.757344,8.599973,3.933673,0.765902,0.165971,-0.739442,1.077463,-0.201586,0.106291,0.068417,0.237940,0.227891,26.935001,-27.934002,8.658000,NaN,-0.263984,true,Self-supervised model,0.282668,4.889000,11.343879,2.320286,0.685800,0.221352,0.858245,4.528304,false,false
2026-04-17T14:56:34.643115,0.193520,-5.870732,-1.102975,153.196,SE,7,0.912695,7,6.392962,0.921327,1.518519,0.903479,1.687912,8.671799,4.053383,0.595348,0.245367,-0.633743,0.903479,-0.229074,0.158214,0.029932,0.280005,0.278400,26.935001,-27.934002,8.658000,NaN,-0.267485,true,Self-supervised model,0.268392,4.896000,11.588229,2.366877,0.685800,0.221352,1.019756,3.226653,false,false
2026-04-17T14:56:34.653643,0.193520,-5.870732,-1.106978,153.425,SE,7,0.912695,7,6.392962,0.886648,1.515244,0.704581,1.532289,8.748413,4.161122,0.397745,0.284161,-0.507431,0.704581,-0.251676,0.203418,0.007330,0.323688,0.323605,26.935001,-27.934002,8.658000,NaN,-0.270441,true,Self-supervised model,0.256911,4.906000,11.817588,2.408803,0.685800,0.221352,1.258405,2.176731,false,false
2026-04-17T14:56:34.658919,0.193520,-5.870732,-1.110706,153.639,SE,7,0.912695,7,6.392962,0.830449,1.509852,0.535406,1.345541,8.784326,4.290410,0.265386,0.268209,-0.379861,0.535406,-0.273668,0.243124,0.003665,0.366083,0.366065,26.935001,-27.934002,8.658000,NaN,-0.273070,true,Self-supervised model,0.239526,4.911000,12.031194,2.449846,0.685800,0.221352,1.551063,1.462527,false,false
2026-04-17T14:56:34.667140,0.193520,-5.870732,-1.114154,153.836,SE,7,0.912695,7,6.392962,0.755228,1.501667,0.360314,1.221043,8.765172,4.422091,0.114057,0.255177,-0.227380,0.360314,-0.288939,0.269392,0.007941,0.395121,0.395041,26.935001,-27.934002,8.658000,NaN,-0.275398,true,Self-supervised model,0.227944,4.920000,12.228760,2.485520,0.685800,0.221352,2.096027,0.911907,false,false
2026-04-17T14:56:34.675349,0.193520,-5.870732,-1.117335,154.019,SE,7,0.912695,7,6.392962,0.678340,1.490734,0.274680,1.074997,8.748413,4.580108,0.084036,0.255060,-0.057716,0.274680,-0.307265,0.278555,0.013439,0.414952,0.414734,26.935001,-27.934002,8.658000,NaN,-0.277511,true,Self-supervised model,0.222338,4.928000,12.411030,2.518472,0.685800,0.221352,2.469567,0.661955,false,false
2026-04-17T14:56:34.683729,0.193520,-5.870732,-1.120241,154.185,SE,7,0.912695,7,6.392962,0.618468,1.477844,0.304141,1.048660,8.743625,4.757279,0.102989,0.263351,0.111986,0.304141,-0.318872,0.265726,0.016493,0.415405,0.415078,26.935001,-27.934002,8.658000,NaN,-0.279314,true,Self-supervised model,0.224590,4.936000,12.577505,2.548117,0.685800,0.221352,2.033494,0.732154,false,false
2026-04-17T14:56:34.690817,0.193520,-5.870732,-1.122845,154.334,SE,7,0.912695,7,6.392962,0.582646,1.464036,0.394581,1.070208,8.746018,4.936844,0.127375,0.297064,0.226326,0.394581,-0.327424,0.226631,0.016493,0.398547,0.398206,26.935001,-27.934002,8.658000,NaN,-0.280714,true,Self-supervised model,0.234940,4.943000,12.726732,2.574698,0.685800,0.221352,1.476618,0.990049,false,false
2026-04-17T14:56:34.699041,0.193520,-5.870732,-1.125127,154.465,SE,7,0.912695,7,6.392962,0.569883,1.450270,0.502878,1.096544,8.772355,5.063736,0.144638,0.358324,0.321823,0.502878,-0.331700,0.182649,0.011606,0.378840,0.378663,26.935001,-27.934002,8.658000,NaN,-0.281705,true,Self-supervised model,0.248200,4.951000,12.857465,2.596943,0.685800,0.221352,1.133244,1.327414,false,false
2026-04-17T14:56:34.707610,0.193520,-5.870732,-1.127064,154.576,SE,7,0.912695,7,6.392962,0.567835,1.436972,0.557080,1.115698,8.825027,5.173870,0.130525,0.406318,0.358061,0.557080,-0.337808,0.119730,0.006720,0.358462,0.358399,26.935001,-27.934002,8.658000,NaN,-0.282262,true,Self-supervised model,0.254241,4.960000,12.968433,2.614603,0.685800,0.221352,1.019305,1.554085,false,false
2026-04-17T14:56:34.714712,0.193520,-5.870732,-1.128642,154.666,SE,7,0.912695,7,6.392962,0.560434,1.423911,0.521581,1.103727,8.863335,5.226542,0.075290,0.417076,0.304017,0.521581,-0.345750,0.058643,0.010996,0.350860,0.350688,28.184002,-27.030001,9.423000,NaN,-0.282407,true,Self-supervised model,0.251694,4.967000,13.058866,2.629125,0.685800,0.221352,1.074491,1.486580,false,false
2026-04-17T14:56:34.722619,0.193520,-5.870732,-1.129897,154.738,SE,7,0.912695,7,6.392962,0.541428,1.410611,0.441647,1.051055,8.863335,5.190629,0.028258,0.383240,0.217672,0.441647,-0.356745,0.004887,0.019548,0.357314,0.356779,28.184002,-27.030001,9.423000,NaN,-0.282369,true,Self-supervised model,0.244823,4.975000,13.130781,2.639353,0.685800,0.221352,1.225929,1.236021,false,false
2026-04-17T14:56:34.730659,0.193520,-5.870732,-1.130885,154.795,SE,7,0.912695,7,6.392962,0.520343,1.397001,0.409645,1.007959,8.817844,5.123591,0.077938,0.369350,0.159105,0.409645,-0.369573,-0.027489,0.029322,0.371753,0.370594,28.184002,-27.030001,9.423000,NaN,-0.282289,true,Self-supervised model,0.242671,4.983000,13.187393,2.646477,0.685800,0.221352,1.270231,1.101928,false,false
2026-04-17T14:56:34.738895,0.193520,-5.870732,-1.131677,154.840,SE,7,0.912695,7,6.392962,0.508815,1.383473,0.448294,1.063026,8.791509,5.085284,0.185979,0.375511,0.159283,0.448294,-0.386067,-0.043371,0.040317,0.390582,0.388495,28.184002,-27.030001,9.423000,NaN,-0.282297,true,Self-supervised model,0.247733,4.991000,13.232779,2.651328,0.685800,0.221352,1.135003,1.147760,false,false
2026-04-17T14:56:34.746853,0.193520,-5.870732,-1.132319,154.877,SE,7,0.912695,7,6.392962,0.501304,1.370186,0.461869,1.177947,8.784326,5.106832,0.290966,0.312819,0.175517,0.461869,-0.394619,-0.047037,0.040317,0.399452,0.397412,28.184002,-27.030001,9.423000,NaN,-0.282335,true,Self-supervised model,0.249716,4.999000,13.269524,2.654436,0.685800,0.221352,1.085382,1.156255,false,false
2026-04-17T14:56:34.754826,0.193520,-5.870732,-1.132837,154.907,SE,7,0.912695,7,6.392962,0.508713,1.357727,0.547613,1.290475,8.707711,5.145139,0.429516,0.247990,0.232158,0.547613,-0.392786,-0.037874,0.032376,0.395934,0.394608,28.184002,-27.030001,9.423000,NaN,-0.282361,true,Self-supervised model,0.257966,5.007000,13.299211,2.656124,0.685800,0.221352,0.928965,1.383092,false,false
2026-04-17T14:56:34.762435,0.193520,-5.870732,-1.133240,154.930,SE,7,0.912695,7,6.392962,0.530319,1.346631,0.643749,1.436521,8.628703,5.224148,0.535430,0.216422,0.284410,0.643749,-0.378736,-0.017104,0.010996,0.379282,0.379122,28.184002,-27.030001,9.423000,NaN,-0.282304,true,Self-supervised model,0.265192,5.015000,13.322307,2.656492,0.685800,0.221352,0.823798,1.697283,false,false
2026-04-17T14:56:34.770853,0.193520,-5.870732,-1.133533,154.947,SE,7,0.912695,7,6.392962,0.568130,1.337491,0.766636,1.549049,8.583213,5.298368,0.644831,0.215408,0.354291,0.766636,-0.356134,0.003054,-0.014050,0.356425,0.356148,28.184002,-27.030001,9.423000,NaN,-0.282155,true,Self-supervised model,0.272577,5.023000,13.339086,2.655602,0.685800,0.221352,0.741069,2.150906,false,false
2026-04-17T14:56:34.778920,0.193520,-5.870732,-1.133716,154.957,SE,7,0.912695,7,6.392962,0.606968,1.330270,0.810867,1.663970,8.568848,5.389348,0.671310,0.242198,0.384952,0.810867,-0.323759,0.009163,-0.042761,0.326699,0.323888,28.184002,-27.030001,9.423000,NaN,-0.281902,true,Self-supervised model,0.274923,5.031000,13.349608,2.653470,0.685800,0.221352,0.748542,2.482001,false,false
2026-04-17T14:56:34.786898,0.193520,-5.870732,-1.133793,154.962,SE,7,0.912695,7,6.392962,0.644639,1.324845,0.842416,1.695095,8.583213,5.439626,0.698067,0.236841,0.407767,0.842416,-0.292604,-0.001833,-0.066584,0.300090,0.292610,28.184002,-27.030001,9.423000,NaN,-0.281549,true,Self-supervised model,0.276654,5.039000,13.353977,2.650124,0.685800,0.221352,0.765226,2.807210,false,false
2026-04-17T14:56:34.794972,0.193520,-5.870732,-1.133743,154.959,SE,7,0.912695,7,6.392962,0.672103,1.320735,0.816290,1.726219,8.566454,5.480328,0.696531,0.246764,0.346816,0.816290,-0.254120,-0.021380,-0.092852,0.271395,0.255018,28.184002,-27.030001,9.423000,NaN,-0.280997,true,Self-supervised model,0.275460,5.047000,13.351150,2.645364,0.685800,0.221352,0.823364,3.007751,false,false
2026-04-17T14:56:34.802836,0.193520,-5.870732,-1.133551,154.948,SE,7,0.912695,7,6.392962,0.681572,1.317169,0.731282,1.728614,8.566454,5.434838,0.638209,0.274132,0.228724,0.731282,-0.212581,-0.033598,-0.123395,0.248084,0.215220,28.184002,-27.030001,9.423000,NaN,-0.280233,true,Self-supervised model,0.270333,5.055000,13.340127,2.638996,0.685800,0.221352,0.932023,2.947717,false,false
2026-04-17T14:56:34.811340,0.193520,-5.870732,-1.133228,154.929,SE,7,0.912695,7,6.392962,0.679609,1.313666,0.669302,1.673547,8.585608,5.329493,0.597165,0.295126,0.065266,0.669302,-0.185092,-0.031154,-0.139277,0.233726,0.187696,28.184002,-27.030001,9.423000,NaN,-0.279387,true,Self-supervised model,0.266285,5.064000,13.321618,2.630651,0.685800,0.221352,1.015400,2.863616,false,false
2026-04-17T14:56:34.818743,0.193520,-5.870732,-1.132803,154.905,SE,7,0.912695,7,6.392962,0.682933,1.310437,0.700383,1.635240,8.599973,5.176264,0.619028,0.302865,-0.124950,0.700383,-0.169821,-0.014661,-0.149051,0.226429,0.170452,28.184002,-27.030001,9.423000,NaN,-0.278552,true,Self-supervised model,0.268876,5.071000,13.297246,2.622214,0.685800,0.221352,0.975085,3.093164,false,false
2026-04-17T14:56:34.826672,0.193520,-5.870732,-1.132299,154.876,SE,7,0.912695,7,6.392962,0.703004,1.308140,0.808381,1.659182,8.602366,4.994305,0.682794,0.343198,-0.263607,0.808381,-0.169821,0.024435,-0.163712,0.237145,0.171569,28.184002,-27.030001,9.423000,NaN,-0.277736,true,Self-supervised model,0.275662,5.079000,13.268391,2.612402,0.685800,0.221352,0.869644,3.408809,false,false
2026-04-17T14:56:34.835180,0.193520,-5.870732,-1.131713,154.842,SE,7,0.912695,7,6.392962,0.738219,1.307343,0.923098,1.723825,8.638280,4.862624,0.781914,0.409464,-0.270296,0.923098,-0.178984,0.065363,-0.186314,0.266496,0.190545,28.184002,-27.030001,9.423000,NaN,-0.276820,true,Self-supervised model,0.281018,5.088000,13.234811,2.601181,0.685800,0.221352,0.799719,3.463832,false,false
2026-04-17T14:56:34.842894,0.193520,-5.870732,-1.131003,154.802,SE,7,0.912695,7,6.392962,0.774559,1.308032,0.965342,1.821988,8.700529,4.862624,0.830601,0.444636,-0.210440,0.965342,-0.193644,0.091630,-0.219301,0.306573,0.214229,28.184002,-27.030001,9.423000,NaN,-0.275617,true,Self-supervised model,0.281494,5.095000,13.194159,2.589629,0.685800,0.221352,0.802367,3.148818,false,false
2026-04-17T14:56:34.851890,0.193520,-5.870732,-1.130116,154.751,SE,7,0.912695,7,6.392962,0.803897,1.309866,0.957924,1.867477,8.731653,4.929661,0.804524,0.511021,-0.096011,0.957924,-0.204640,0.087965,-0.243735,0.330185,0.222745,28.184002,-27.030001,9.423000,NaN,-0.274020,true,Self-supervised model,0.280102,5.104000,13.143347,2.575107,0.685800,0.221352,0.839208,2.901174,false,false
2026-04-17T14:56:34.858691,0.193520,-5.870732,-1.129007,154.687,SE,7,0.912695,7,6.392962,0.817595,1.312175,0.889507,1.836353,8.793902,5.051765,0.712777,0.532139,0.001050,0.889507,-0.212581,0.070860,-0.265116,0.347128,0.224080,28.184002,-27.030001,9.423000,NaN,-0.272022,true,Self-supervised model,0.274995,5.111000,13.079796,2.559146,0.685800,0.221352,0.919155,2.562474,false,false
2026-04-17T14:56:34.870984,0.193520,-5.870732,-1.127671,154.611,SE,7,0.912695,7,6.392962,0.817114,1.314373,0.814589,1.738190,8.810662,5.157111,0.575478,0.574928,0.042881,0.814589,-0.218690,0.032376,-0.266948,0.346605,0.221073,28.184002,-27.030001,9.423000,NaN,-0.269777,true,Self-supervised model,0.271072,5.123000,13.003227,2.538205,0.685800,0.221352,1.003100,2.350198,false,false
2026-04-17T14:56:34.874982,0.193520,-5.870732,-1.126136,154.523,SE,7,0.912695,7,6.392962,0.814887,1.316393,0.803197,1.594538,8.848969,5.207389,0.506152,0.622962,0.029227,0.803197,-0.230296,-0.022602,-0.253509,0.343240,0.231403,28.358002,-27.367001,8.878000,NaN,-0.267449,true,Self-supervised model,0.266353,5.127000,12.915296,2.519075,0.685800,0.221352,1.014555,2.340042,false,false
2026-04-17T14:56:34.883457,0.193520,-5.870732,-1.124469,154.427,SE,7,0.912695,7,6.392962,0.809124,1.318103,0.778864,1.520318,8.892065,5.202600,0.481839,0.611780,-0.013591,0.778864,-0.245568,-0.076969,-0.232740,0.346981,0.257348,28.358002,-27.367001,8.878000,NaN,-0.265250,true,Self-supervised model,0.267637,5.136000,12.819755,2.496058,0.685800,0.221352,1.038851,2.244690,false,false
2026-04-17T14:56:34.890999,0.193520,-5.870732,-1.122747,154.329,SE,7,0.912695,7,6.392962,0.800102,1.319383,0.752737,1.493982,8.875306,5.169082,0.501246,0.556044,-0.078611,0.752737,-0.271224,-0.149662,-0.205251,0.371603,0.309776,28.358002,-27.367001,8.878000,NaN,-0.263313,true,Self-supervised model,0.264965,5.143000,12.721129,2.473484,0.685800,0.221352,1.062924,2.025645,false,false
2026-04-17T14:56:34.898616,0.193520,-5.870732,-1.121032,154.230,SE,7,0.912695,7,6.392962,0.796359,1.320462,0.776709,1.515530,8.813056,5.114015,0.593222,0.487175,-0.118428,0.776709,-0.305433,-0.205862,-0.185092,0.412222,0.368331,28.358002,-27.367001,8.878000,NaN,-0.261621,true,Self-supervised model,0.265730,5.151000,12.622841,2.450561,0.685800,0.221352,1.025299,1.884200,false,false
2026-04-17T14:56:34.906914,0.193520,-5.870732,-1.119346,154.134,SE,7,0.912695,7,6.392962,0.810180,1.322050,0.882740,1.613692,8.736442,5.085284,0.766019,0.431631,-0.078353,0.882740,-0.337808,-0.247400,-0.183870,0.457307,0.418714,28.358002,-27.367001,8.878000,NaN,-0.260053,true,Self-supervised model,0.271347,5.159000,12.526233,2.428035,0.685800,0.221352,0.917801,1.930300,false,false
2026-04-17T14:56:34.914730,0.193520,-5.870732,-1.117672,154.038,SE,7,0.912695,7,6.392962,0.838214,1.324697,0.985390,1.795651,8.671799,5.137957,0.934750,0.305313,0.063410,0.985390,-0.348804,-0.271835,-0.199753,0.485242,0.442220,28.358002,-27.367001,8.878000,NaN,-0.258428,true,Self-supervised model,0.275466,5.167000,12.430325,2.405714,0.685800,0.221352,0.850641,2.030719,false,false
2026-04-17T14:56:34.922821,0.193520,-5.870732,-1.115947,153.939,SE,7,0.912695,7,6.392962,0.888632,1.329254,1.153330,1.975216,8.535329,5.293580,1.106151,0.246355,0.214269,1.153330,-0.342085,-0.279776,-0.237016,0.501471,0.441924,28.358002,-27.367001,8.878000,NaN,-0.256499,true,Self-supervised model,0.282504,5.175000,12.331501,2.382899,0.685800,0.221352,0.770492,2.299895,false,false
2026-04-17T14:56:34.931082,0.193520,-5.870732,-1.114080,153.832,SE,7,0.912695,7,6.392962,0.939766,1.335675,1.208220,2.157176,8.465898,5.458780,1.145703,0.191417,0.332446,1.208220,-0.304822,-0.275500,-0.293826,0.505124,0.410873,28.358002,-27.367001,8.878000,NaN,-0.254064,true,Self-supervised model,0.284330,5.184000,12.224541,2.358129,0.685800,0.221352,0.777811,2.391926,false,false
2026-04-17T14:56:34.939451,0.193520,-5.870732,-1.111978,153.712,SE,7,0.912695,7,6.392962,0.981403,1.343504,1.199996,2.205060,8.401254,5.590461,1.088299,0.263991,0.431167,1.199996,-0.252287,-0.260839,-0.340252,0.497451,0.362886,28.358002,-27.367001,8.878000,NaN,-0.251021,true,Self-supervised model,0.283879,5.192000,12.104104,2.331299,0.685800,0.221352,0.817838,2.412291,false,false
2026-04-17T14:56:34.946738,0.193520,-5.870732,-1.109554,153.573,SE,7,0.912695,7,6.392962,1.014081,1.352327,1.185638,2.152387,8.465898,5.700594,1.016536,0.360034,0.492713,1.185638,-0.176540,-0.241903,-0.394008,0.494900,0.299472,28.358002,-27.367001,8.878000,NaN,-0.247308,true,Self-supervised model,0.282705,5.199000,11.965201,2.301443,0.685800,0.221352,0.855304,2.395713,false,false
2026-04-17T14:56:34.955779,0.193520,-5.870732,-1.106765,153.413,SE,7,0.912695,7,6.392962,1.031723,1.361503,1.124343,2.080561,8.556877,5.770026,0.905858,0.469584,0.472292,1.124343,-0.096517,-0.229685,-0.428827,0.495947,0.249140,28.358002,-27.367001,8.878000,NaN,-0.243059,true,Self-supervised model,0.280594,5.208000,11.805386,2.266779,0.685800,0.221352,0.917623,2.267061,false,false
2026-04-17T14:56:34.963109,0.193520,-5.870732,-1.103325,153.216,SE,7,0.912695,7,6.392962,1.042451,1.370741,1.098773,1.965640,8.664616,5.753267,0.858268,0.570726,0.380722,1.098773,-0.012828,-0.216246,-0.449597,0.499063,0.216626,28.358002,-27.367001,8.878000,NaN,-0.237020,true,Self-supervised model,0.277664,5.216000,11.608332,2.225524,0.685800,0.221352,0.948740,2.201671,false,false
2026-04-17T14:56:34.971681,0.193520,-5.870732,-1.099351,152.988,SE,7,0.912695,7,6.392962,1.044073,1.379674,1.052589,1.900996,8.767567,5.662287,0.778864,0.664021,0.245746,1.052589,0.047037,-0.211970,-0.462425,0.510863,0.217126,28.358002,-27.367001,8.878000,NaN,-0.230903,true,Self-supervised model,0.275242,5.224000,11.380599,2.178522,0.685800,0.221352,0.991909,2.060415,false,false
2026-04-17T14:56:34.979682,0.193520,-5.870732,-1.094945,152.736,SE,7,0.912695,7,6.392962,1.032342,1.387781,0.970752,1.802834,8.865729,5.523423,0.652365,0.716613,0.056963,0.970752,0.098349,-0.212581,-0.469755,0.524913,0.234229,28.358002,-27.367001,8.878000,NaN,-0.224771,true,Self-supervised model,0.270173,5.232000,11.128146,2.126939,0.685800,0.221352,1.063445,1.849358,false,false
2026-04-17T14:56:34.986843,0.193520,-5.870732,-1.090476,152.480,SE,7,0.912695,7,6.392962,1.008897,1.394625,0.885813,1.656788,8.925584,5.327099,0.538807,0.695772,-0.101262,0.885813,0.121562,-0.219301,-0.470977,0.533563,0.250739,28.358002,-27.367001,8.878000,NaN,-0.220055,true,Self-supervised model,0.264381,5.239000,10.872143,2.075232,0.685800,0.221352,1.138950,1.660185,false,false
2026-04-17T14:56:34.995084,0.193520,-5.870732,-1.085958,152.221,SE,7,0.912695,7,6.392962,0.988443,1.400378,0.881057,1.532289,8.913613,5.157111,0.475491,0.717294,-0.188835,0.881057,0.124006,-0.226020,-0.468534,0.534777,0.257803,28.358002,-27.367001,8.878000,NaN,-0.215333,true,Self-supervised model,0.265045,5.248000,10.613230,2.022338,0.685800,0.221352,1.121883,1.647522,false,false
2026-04-17T14:56:35.003790,0.193520,-5.870732,-1.081378,151.958,SE,7,0.912695,7,6.392962,0.968425,1.405100,0.863332,1.458069,8.944737,5.056554,0.402851,0.736359,-0.202062,0.863332,0.115454,-0.232740,-0.469755,0.536812,0.259802,28.358002,-27.367001,8.878000,NaN,-0.210513,true,Self-supervised model,0.264143,5.256000,10.350864,1.969342,0.685800,0.221352,1.121730,1.608257,false,false
2026-04-17T14:56:35.011619,0.193520,-5.870732,-1.076726,151.692,SE,7,0.912695,7,6.392962,0.949496,1.408876,0.850121,1.374272,8.973468,5.030218,0.356735,0.760661,-0.129770,0.850121,0.099571,-0.243735,-0.470977,0.539575,0.263289,28.358002,-27.367001,8.878000,NaN,-0.205569,true,Self-supervised model,0.262661,5.264000,10.084316,1.915714,0.685800,0.221352,1.116896,1.575539,false,false
2026-04-17T14:56:35.021041,0.193520,-5.870732,-1.071965,151.419,SE,7,0.912695,7,6.392962,0.938427,1.412058,0.880312,1.316811,9.006987,5.090073,0.344689,0.809461,0.030198,0.880312,0.087354,-0.266337,-0.474642,0.551227,0.280297,28.358002,-27.367001,8.878000,NaN,-0.200372,true,Self-supervised model,0.265842,5.273000,9.811521,1.860709,0.685800,0.221352,1.066016,1.597004,false,false
2026-04-17T14:56:35.027696,0.193520,-5.870732,-1.067059,151.138,SE,7,0.912695,7,6.392962,0.936310,1.415028,0.925196,1.292869,9.064447,5.238513,0.325725,0.853904,0.144009,0.925196,0.080634,-0.301767,-0.480140,0.572800,0.312355,28.358002,-27.367001,8.878000,NaN,-0.194887,true,Self-supervised model,0.265101,5.280000,9.530433,1.805006,0.685800,0.221352,1.012013,1.615216,false,false
2026-04-17T14:56:35.035965,0.193520,-5.870732,-1.061971,150.846,SE,7,0.912695,7,6.392962,0.945766,1.418257,0.995410,1.261744,9.117120,5.341464,0.230359,0.927328,0.278995,0.995410,0.083078,-0.339030,-0.484416,0.597078,0.349061,30.060001,-28.756001,7.278000,NaN,-0.189071,true,Self-supervised model,0.270093,5.288000,9.238913,1.747147,0.685800,0.221352,0.950127,1.667135,false,false
2026-04-17T14:56:35.043230,0.193520,-5.870732,-1.056675,150.543,SE,7,0.912695,7,6.392962,0.972069,1.422410,1.110164,1.154005,9.198523,5.465962,0.137185,1.041589,0.358798,1.110164,0.086132,-0.392175,-0.483805,0.628719,0.401523,30.060001,-28.756001,7.278000,NaN,-0.182941,true,Self-supervised model,0.273297,5.296000,8.935461,1.687209,0.685800,0.221352,0.875609,1.765754,false,false
2026-04-17T14:56:35.052448,0.193520,-5.870732,-1.051194,150.229,SE,7,0.912695,7,6.392962,1.001777,1.427585,1.157743,1.048660,9.320627,5.535394,0.028398,1.093538,0.379127,1.157743,0.096517,-0.441045,-0.469145,0.651101,0.451482,30.060001,-28.756001,7.278000,NaN,-0.176721,true,Self-supervised model,0.276095,5.305000,8.621417,1.625149,0.685800,0.221352,0.865284,1.778132,false,false
2026-04-17T14:56:35.059023,0.193520,-5.870732,-1.045583,149.907,SE,7,0.912695,7,6.392962,1.025061,1.433484,1.147300,0.928950,9.380483,5.544971,-0.044255,1.099858,0.323497,1.147300,0.103847,-0.487470,-0.447764,0.670003,0.498409,30.060001,-28.756001,7.278000,NaN,-0.170591,true,Self-supervised model,0.271505,5.311000,8.299937,1.562782,0.685800,0.221352,0.893455,1.712379,false,false
2026-04-17T14:56:35.067056,0.193520,-5.870732,-1.039912,149.583,SE,7,0.912695,7,6.392962,1.042432,1.439842,1.133629,0.847547,9.394848,5.477933,-0.133274,1.104083,0.219892,1.133629,0.098349,-0.508240,-0.425162,0.669883,0.517668,30.060001,-28.756001,7.278000,NaN,-0.164681,true,Self-supervised model,0.273134,5.319000,7.975030,1.499348,0.685800,0.221352,0.919553,1.692278,false,false
2026-04-17T14:56:35.075240,0.193520,-5.870732,-1.034243,149.258,SE,7,0.912695,7,6.392962,1.050934,1.446285,1.095571,0.751779,9.406818,5.363012,-0.171170,1.077811,0.096434,1.095571,0.084299,-0.513127,-0.400117,0.656124,0.520005,30.060001,-28.756001,7.278000,NaN,-0.159017,true,Self-supervised model,0.271594,5.328000,7.650205,1.435849,0.685800,0.221352,0.959257,1.669762,false,false
2026-04-17T14:56:35.083079,0.193520,-5.870732,-1.028640,148.937,SE,7,0.912695,7,6.392962,1.052752,1.452544,1.062299,0.708684,9.387665,5.228937,-0.183842,1.045570,0.038270,1.062299,0.053756,-0.489914,-0.366519,0.614200,0.492854,30.060001,-28.756001,7.278000,NaN,-0.153679,true,Self-supervised model,0.269870,5.336000,7.329170,1.373533,0.685800,0.221352,0.991013,1.729566,false,false
2026-04-17T14:56:35.090659,0.193520,-5.870732,-1.023155,148.622,SE,7,0.912695,7,6.392962,1.038212,1.457971,0.961877,0.691924,9.361329,5.161899,-0.142110,0.950389,0.042114,0.961877,0.009774,-0.458760,-0.335976,0.568714,0.458864,30.060001,-28.756001,7.278000,NaN,-0.148668,true,Self-supervised model,0.265944,5.343000,7.014924,1.312919,0.685800,0.221352,1.079361,1.691319,false,false
2026-04-17T14:56:35.098573,0.193520,-5.870732,-1.017806,148.316,SE,7,0.912695,7,6.392962,1.004352,1.461826,0.826586,0.730232,9.270349,5.159505,-0.086255,0.816517,0.095415,0.826586,-0.034208,-0.437380,-0.321926,0.544158,0.438715,30.060001,-28.756001,7.278000,NaN,-0.143858,true,Self-supervised model,0.259128,5.351000,6.708409,1.253674,0.685800,0.221352,1.215061,1.519019,false,false
2026-04-17T14:56:35.106889,0.193520,-5.870732,-1.012554,148.015,SE,7,0.912695,7,6.392962,0.954439,1.463530,0.692394,0.782904,9.138668,5.209783,-0.018201,0.663299,0.197770,0.692394,-0.092241,-0.426995,-0.320704,0.541926,0.436844,30.060001,-28.756001,7.278000,NaN,-0.138996,true,Self-supervised model,0.251966,5.359000,6.407485,1.195649,0.685800,0.221352,1.378462,1.277653,false,false
2026-04-17T14:56:35.114636,0.193520,-5.870732,-1.007324,147.715,SE,7,0.912695,7,6.392962,0.902612,1.463094,0.630520,0.847547,8.985439,5.312734,-0.009385,0.560211,0.289189,0.630520,-0.149051,-0.428827,-0.332922,0.562980,0.453992,30.060001,-28.756001,7.278000,NaN,-0.133855,true,Self-supervised model,0.247227,5.367000,6.107831,1.138035,0.685800,0.221352,1.431537,1.119969,false,false
2026-04-17T14:56:35.122951,0.193520,-5.870732,-1.002033,147.412,SE,7,0.912695,7,6.392962,0.852420,1.460667,0.588915,0.852336,8.880095,5.408502,-0.107444,0.380496,0.436462,0.588915,-0.201586,-0.441045,-0.350637,0.598417,0.484930,30.060001,-28.756001,7.278000,NaN,-0.128324,true,Self-supervised model,0.245441,5.375000,5.804722,1.079948,0.685800,0.221352,1.447442,0.984121,false,false
2026-04-17T14:56:35.130817,0.193520,-5.870732,-0.996602,147.101,SE,7,0.912695,7,6.392962,0.829984,1.457439,0.712194,0.749385,8.695741,5.564125,-0.252728,0.215088,0.630147,0.712194,-0.255953,-0.463036,-0.369573,0.645367,0.529069,30.060001,-28.756001,7.278000,NaN,-0.122326,true,Self-supervised model,0.253657,5.383000,5.493511,1.020530,0.685800,0.221352,1.165391,1.103549,false,false
2026-04-17T14:56:35.139208,0.193520,-5.870732,-0.990991,146.780,SE,7,0.912695,7,6.392962,0.846792,1.455014,0.935032,0.598550,8.523358,5.770026,-0.388642,0.133003,0.839972,0.935032,-0.291994,-0.499688,-0.381791,0.693334,0.578747,30.060001,-28.756001,7.278000,NaN,-0.116000,true,Self-supervised model,0.266694,5.392000,5.172053,0.959209,0.685800,0.221352,0.905629,1.348602,false,false
2026-04-17T14:56:35.148030,0.193520,-5.870732,-0.985205,146.448,SE,7,0.912695,7,6.392962,0.885626,1.454238,1.089507,0.457293,8.432379,5.995081,-0.451801,0.080987,0.988101,1.089507,-0.316428,-0.555887,-0.384234,0.746173,0.639639,30.060001,-28.756001,7.278000,NaN,-0.109512,true,Self-supervised model,0.272179,5.400000,4.840535,0.896395,0.685800,0.221352,0.812869,1.460128,false,false
2026-04-17T14:56:35.155061,0.193520,-5.870732,-0.979244,146.107,SE,7,0.912695,7,6.392962,0.936356,1.455523,1.202689,0.390255,8.370130,6.160281,-0.514122,-0.077642,1.084486,1.202689,-0.326813,-0.605978,-0.383623,0.788152,0.688488,30.060001,-28.756001,7.278000,NaN,-0.102852,true,Self-supervised model,0.274106,5.407000,4.499005,0.832070,0.685800,0.221352,0.778552,1.525961,false,false
2026-04-17T14:56:35.162651,0.193520,-5.870732,-0.973106,145.755,SE,7,0.912695,7,6.392962,0.993368,1.459037,1.292682,0.325611,8.200141,6.275203,-0.556016,-0.182255,1.152674,1.292682,-0.332922,-0.657291,-0.374460,0.826492,0.736796,30.060001,-28.756001,7.278000,NaN,-0.096003,true,Self-supervised model,0.276004,5.415000,4.147291,0.765889,0.685800,0.221352,0.768455,1.564059,false,false
2026-04-17T14:56:35.171613,0.193520,-5.870732,-0.966804,145.394,SE,7,0.912695,7,6.392962,1.048821,1.464628,1.339944,0.282516,8.082825,6.363788,-0.520227,-0.328603,1.190309,1.339944,-0.335976,-0.696997,-0.365297,0.855644,0.773747,30.060001,-28.756001,7.278000,NaN,-0.089047,true,Self-supervised model,0.277841,5.424000,3.786215,0.698049,0.685800,0.221352,0.782734,1.566006,false,false
2026-04-17T14:56:35.178981,0.193520,-5.870732,-0.960351,145.024,SE,7,0.912695,7,6.392962,1.096191,1.471890,1.344885,0.318429,7.922413,6.423643,-0.415946,-0.414177,1.210026,1.344885,-0.328035,-0.736093,-0.368963,0.886325,0.805878,30.060001,-28.756001,7.278000,NaN,-0.081991,true,Self-supervised model,0.275935,5.431000,3.416492,0.629072,0.685800,0.221352,0.815081,1.517372,false,false
2026-04-17T14:56:35.187357,0.193520,-5.870732,-0.953745,144.646,SE,7,0.912695,7,6.392962,1.136597,1.480479,1.348730,0.423774,7.821857,6.466739,-0.302703,-0.525279,1.204792,1.348730,-0.314596,-0.764803,-0.376293,0.908565,0.826979,30.060001,-28.756001,7.278000,NaN,-0.074771,true,Self-supervised model,0.276752,5.440000,3.037988,0.558454,0.685800,0.221352,0.842717,1.484461,false,false
2026-04-17T14:56:35.194775,0.193520,-5.870732,-0.946956,144.257,SE,7,0.912695,7,6.392962,1.173539,1.490201,1.367486,0.538695,7.694964,6.485892,-0.199298,-0.645257,1.189093,1.367486,-0.295659,-0.805120,-0.399506,0.946170,0.857690,32.661003,-25.792002,3.680000,NaN,-0.067252,true,Self-supervised model,0.275285,5.447000,2.649013,0.486325,0.685800,0.221352,0.858173,1.445285,false,false
2026-04-17T14:56:35.202949,0.193520,-5.870732,-0.939948,143.855,SE,7,0.912695,7,6.392962,1.208562,1.500936,1.392432,0.644040,7.558495,6.495469,-0.119445,-0.752651,1.165382,1.392432,-0.268781,-0.830777,-0.426995,0.971986,0.873174,32.661003,-25.792002,3.680000,NaN,-0.059370,true,Self-supervised model,0.276929,5.455000,2.247512,0.412010,0.685800,0.221352,0.867951,1.432563,false,false
2026-04-17T14:56:35.211093,0.193520,-5.870732,-0.932693,143.439,SE,7,0.912695,7,6.392962,1.236260,1.512349,1.381675,0.725443,7.433996,6.497863,-0.036095,-0.795166,1.129351,1.381675,-0.231518,-0.836275,-0.462425,0.983256,0.867730,32.661003,-25.792002,3.680000,NaN,-0.051121,true,Self-supervised model,0.276220,5.464000,1.831790,0.335247,0.685800,0.221352,0.894755,1.405204,false,false
2026-04-17T14:56:35.220991,0.193520,-5.870732,-0.925167,143.008,SE,7,0.912695,7,6.392962,1.268626,1.524600,1.438545,0.809240,7.374141,6.488286,0.068308,-0.876136,1.138917,1.438545,-0.184481,-0.821003,-0.497855,0.977721,0.841474,32.661003,-25.792002,3.680000,NaN,-0.042517,true,Self-supervised model,0.279392,5.473000,1.400621,0.255915,0.685800,0.221352,0.881881,1.471324,false,false
2026-04-17T14:56:35.226778,0.193520,-5.870732,-0.917338,142.560,SE,7,0.912695,7,6.392962,1.310500,1.538036,1.530337,0.912191,7.275979,6.524199,0.130490,-0.965080,1.180476,1.530337,-0.113010,-0.777631,-0.552222,0.960433,0.785800,32.661003,-25.792002,3.680000,NaN,-0.033472,true,Self-supervised model,0.274998,5.479000,0.952031,0.173760,0.685800,0.221352,0.856347,1.593382,false,false
2026-04-17T14:56:35.235355,0.193520,-5.870732,-0.909177,142.092,SE,7,0.912695,7,6.392962,1.352450,1.552612,1.572689,0.969652,7.170634,6.591237,0.142655,-1.017540,1.190636,1.572689,-0.019548,-0.704938,-0.612087,0.933794,0.705209,32.661003,-25.792002,3.680000,NaN,-0.023983,true,Self-supervised model,0.283735,5.488000,0.484423,0.088270,0.685800,0.221352,0.859960,1.684193,false,false
2026-04-17T14:56:35.243113,0.193520,-5.870732,-0.900789,141.611,SE,7,0.912695,7,6.392962,1.388477,1.568047,1.577621,0.972046,7.103596,6.624756,0.137967,-0.986547,1.223347,1.577621,0.084910,-0.613920,-0.678671,0.919077,0.619764,32.661003,-25.792002,3.680000,NaN,-0.014690,true,Self-supervised model,0.282988,5.496000,0.003855,0.000701,0.685800,0.221352,0.880108,1.716528,false,false
2026-04-17T14:56:35.253303,0.193520,-5.870732,-0.892096,141.113,SE,7,0.912695,7,6.392962,1.417301,1.584017,1.568628,0.952892,7.137115,6.655881,0.054476,-0.962295,1.237585,1.568628,0.184481,-0.537561,-0.732427,0.927068,0.568336,32.661003,-25.792002,3.680000,NaN,-0.004776,true,Self-supervised model,0.286197,5.506000,0.494210,0.089758,0.685800,0.221352,0.903529,1.692031,false,false
2026-04-17T14:56:35.258676,0.193520,-5.870732,-0.883051,140.595,SE,7,0.912695,7,6.392962,1.422790,1.599568,1.451606,0.847547,7.168240,6.663064,-0.122471,-0.861247,1.162073,1.451606,0.296881,-0.447153,-0.778242,0.945381,0.536735,32.661003,-25.792002,3.680000,NaN,0.005677,true,Self-supervised model,0.271022,5.511000,1.012441,0.183713,0.685800,0.221352,0.980149,1.535472,false,false
2026-04-17T14:56:35.269301,0.193520,-5.870732,-0.873672,140.058,SE,7,0.912695,7,6.392962,1.404912,1.613782,1.311053,0.641646,7.280767,6.574478,-0.305721,-0.764315,1.020400,1.311053,0.395841,-0.359189,-0.794736,0.957764,0.534515,32.661003,-25.792002,3.680000,NaN,0.016394,true,Self-supervised model,0.274588,5.522000,1.549833,0.280665,0.685800,0.221352,1.071591,1.368869,false,false
2026-04-17T14:56:35.274835,0.193520,-5.870732,-0.864016,139.504,SE,7,0.912695,7,6.392962,1.382901,1.626546,1.267343,0.423774,7.393295,6.414066,-0.556577,-0.665592,0.923779,1.267343,0.466701,-0.286496,-0.790460,0.961622,0.547622,32.661003,-25.792002,3.680000,NaN,0.027159,true,Self-supervised model,0.261108,5.527000,2.103108,0.380515,0.685800,0.221352,1.091181,1.317923,false,false
2026-04-17T14:56:35.283185,0.193520,-5.870732,-0.854175,138.941,SE,7,0.912695,7,6.392962,1.367233,1.638174,1.284978,0.134075,7.510611,6.294356,-0.796121,-0.618850,0.796483,1.284978,0.502131,-0.244346,-0.766025,0.947964,0.558427,32.661003,-25.792002,3.680000,NaN,0.037736,true,Self-supervised model,0.269067,5.536000,2.666933,0.481744,0.685800,0.221352,1.064013,1.355514,false,false
2026-04-17T14:56:35.290617,0.193520,-5.870732,-0.843958,138.355,SE,7,0.912695,7,6.392962,1.359029,1.649008,1.315959,-0.146046,7.577648,6.141128,-0.991820,-0.545869,0.670871,1.315959,0.518014,-0.230907,-0.728151,0.922963,0.567147,32.661003,-25.792002,3.680000,NaN,0.049459,true,Self-supervised model,0.267386,5.543000,3.252326,0.586745,0.685800,0.221352,1.032730,1.425798,false,false
2026-04-17T14:56:35.298570,0.193520,-5.870732,-0.833470,137.754,SE,7,0.912695,7,6.392962,1.356376,1.659303,1.342445,-0.387861,7.651869,6.019023,-1.084656,-0.556494,0.562134,1.342445,0.509462,-0.248622,-0.675617,0.881942,0.566890,32.661003,-25.792002,3.680000,NaN,0.061029,true,Self-supervised model,0.267765,5.551000,3.853221,0.694149,0.685800,0.221352,1.010377,1.522146,false,false
2026-04-17T14:56:35.306899,0.193520,-5.870732,-0.822787,137.142,SE,7,0.912695,7,6.392962,1.359617,1.669315,1.376631,-0.526724,7.642292,5.913678,-1.183308,-0.547692,0.441506,1.376631,0.483194,-0.288939,-0.632246,0.846580,0.562994,32.661003,-25.792002,3.680000,NaN,0.072493,true,Self-supervised model,0.270576,5.559000,4.465313,0.803258,0.685800,0.221352,0.987641,1.626109,false,false
2026-04-17T14:56:35.314775,0.193520,-5.870732,-0.812012,136.525,SE,7,0.912695,7,6.392962,1.366599,1.679207,1.403256,-0.670376,7.651869,5.796362,-1.256390,-0.512618,0.357542,1.403256,0.436158,-0.351248,-0.577268,0.804268,0.560008,32.661003,-25.792002,3.680000,NaN,0.083638,true,Self-supervised model,0.269104,5.567000,5.082695,0.913004,0.685800,0.221352,0.973877,1.744763,false,false
2026-04-17T14:56:35.323170,0.193520,-5.870732,-0.801225,135.907,SE,7,0.912695,7,6.392962,1.372891,1.688954,1.405923,-0.785298,7.687782,5.714960,-1.289727,-0.464945,0.311526,1.405923,0.381791,-0.409891,-0.522901,0.766289,0.560156,32.661003,-25.792002,3.680000,NaN,0.094474,true,Self-supervised model,0.271089,5.576000,5.700771,1.022377,0.685800,0.221352,0.976505,1.834715,false,false
2026-04-17T14:56:35.330532,0.193520,-5.870732,-0.790506,135.293,SE,7,0.912695,7,6.392962,1.368572,1.698139,1.345901,-0.857124,7.735666,5.671864,-1.243156,-0.452272,0.247917,1.345901,0.320704,-0.473421,-0.469755,0.740033,0.571820,32.661003,-25.792002,3.680000,NaN,0.104915,true,Self-supervised model,0.266494,5.583000,6.314876,1.131090,0.685800,0.221352,1.016845,1.818705,false,false
2026-04-17T14:56:35.338475,0.193520,-5.870732,-0.779923,134.686,SE,7,0.912695,7,6.392962,1.360419,1.706630,1.317613,-0.845153,7.747637,5.612009,-1.214769,-0.443382,0.252690,1.317613,0.273668,-0.519846,-0.424551,0.724830,0.587481,32.661003,-25.792002,3.680000,NaN,0.114959,true,Self-supervised model,0.265220,5.591000,6.921257,1.237928,0.685800,0.221352,1.032487,1.817825,false,false
2026-04-17T14:56:35.347403,0.193520,-5.870732,-0.769545,134.092,SE,7,0.912695,7,6.392962,1.336851,1.713839,1.213120,-0.847547,7.754819,5.621585,-1.130348,-0.387977,0.208439,1.213120,0.226020,-0.558331,-0.379347,0.711845,0.602344,32.661003,-25.792002,3.680000,NaN,0.124515,true,Self-supervised model,0.262992,5.600000,7.515867,1.342119,0.685800,0.221352,1.101995,1.704191,false,false
2026-04-17T14:56:35.354848,0.193520,-5.870732,-0.759429,133.512,SE,7,0.912695,7,6.392962,1.295810,1.719118,1.080346,-0.790087,7.807492,5.583278,-1.010784,-0.343617,0.165499,1.080346,0.175318,-0.577268,-0.340252,0.692637,0.603303,33.701000,-25.344002,0.856000,NaN,0.133583,true,Self-supervised model,0.255518,5.607000,8.095464,1.443814,0.685800,0.221352,1.199440,1.559758,false,false
2026-04-17T14:56:35.362836,0.193520,-5.870732,-0.749592,132.948,SE,7,0.912695,7,6.392962,1.246891,1.722229,0.990064,-0.694318,7.848193,5.547365,-0.936243,-0.276799,0.164495,0.990064,0.133169,-0.585209,-0.312763,0.676775,0.600169,33.701000,-25.344002,0.856000,NaN,0.142305,true,Self-supervised model,0.251751,5.615000,8.659087,1.542135,0.685800,0.221352,1.259404,1.462915,false,false
2026-04-17T14:56:35.371265,0.193520,-5.870732,-0.740035,132.401,SE,7,0.912695,7,6.392962,1.195632,1.723165,0.926523,-0.641646,7.910442,5.554548,-0.880286,-0.240481,0.160345,0.926523,0.100793,-0.601702,-0.293826,0.677155,0.610086,33.701000,-25.344002,0.856000,NaN,0.150743,true,Self-supervised model,0.250685,5.624000,9.206679,1.637034,0.685800,0.221352,1.290450,1.368259,false,false
2026-04-17T14:56:35.379606,0.193520,-5.870732,-0.730751,131.869,SE,7,0.912695,7,6.392962,1.148195,1.722166,0.899153,-0.605733,7.941567,5.559336,-0.862224,-0.198606,0.160009,0.899153,0.063530,-0.626137,-0.273057,0.686035,0.629352,33.701000,-25.344002,0.856000,NaN,0.158933,true,Self-supervised model,0.249574,5.632000,9.738602,1.729155,0.685800,0.221352,1.276974,1.310653,false,false
2026-04-17T14:56:35.386628,0.193520,-5.870732,-0.721737,131.352,SE,7,0.912695,7,6.392962,1.105154,1.719486,0.879188,-0.605733,7.977480,5.568913,-0.839223,-0.218472,0.144728,0.879188,0.034208,-0.654237,-0.254731,0.702911,0.655130,33.701000,-25.344002,0.856000,NaN,0.166868,true,Self-supervised model,0.247116,5.639000,10.255072,1.818598,0.685800,0.221352,1.257017,1.250782,false,false
2026-04-17T14:56:35.394752,0.193520,-5.870732,-0.712987,130.851,SE,7,0.912695,7,6.392962,1.064780,1.715297,0.852815,-0.598550,7.951144,5.564125,-0.825700,-0.182872,0.109863,0.852815,0.007941,-0.677450,-0.237016,0.717759,0.677496,33.701000,-25.344002,0.856000,NaN,0.174561,true,Self-supervised model,0.247537,5.647000,10.756400,1.904799,0.685800,0.221352,1.248548,1.188164,false,false
2026-04-17T14:56:35.402873,0.193520,-5.870732,-0.704492,130.364,SE,7,0.912695,7,6.392962,1.026637,1.709751,0.826389,-0.598550,7.979874,5.540183,-0.804268,-0.180753,0.058312,0.826389,-0.009774,-0.694554,-0.224798,0.730092,0.694623,33.701000,-25.344002,0.856000,NaN,0.182040,true,Self-supervised model,0.246367,5.655000,11.243168,1.988182,0.685800,0.221352,1.242317,1.131897,false,false
2026-04-17T14:56:35.412103,0.193520,-5.870732,-0.696256,129.893,SE,7,0.912695,7,6.392962,0.979420,1.702538,0.731528,-0.588974,7.975086,5.499481,-0.722674,-0.111857,-0.019052,0.731528,-0.025656,-0.712269,-0.210138,0.743063,0.712731,33.701000,-25.344002,0.856000,NaN,0.189233,true,Self-supervised model,0.242279,5.665000,11.715005,2.067962,0.685800,0.221352,1.338869,0.984475,false,false
2026-04-17T14:56:35.420238,0.193520,-5.870732,-0.688274,129.435,SE,7,0.912695,7,6.392962,0.929650,1.693622,0.668355,-0.517148,8.037335,5.432444,-0.657166,-0.002860,-0.121752,0.668355,-0.040317,-0.727540,-0.199142,0.755380,0.728657,33.701000,-25.344002,0.856000,NaN,0.196205,true,Self-supervised model,0.237750,5.673000,12.172367,2.145667,0.685800,0.221352,1.390951,0.884794,false,false
2026-04-17T14:56:35.426600,0.193520,-5.870732,-0.680569,128.994,SE,7,0.912695,7,6.392962,0.876824,1.682950,0.599493,-0.459687,8.140285,5.339070,-0.553600,0.055186,-0.223323,0.599493,-0.057421,-0.739147,-0.183260,0.763688,0.741374,33.701000,-25.344002,0.856000,NaN,0.202800,true,Self-supervised model,0.230917,5.679000,12.613831,2.221136,0.685800,0.221352,1.462611,0.784997,false,false
2026-04-17T14:56:35.436937,0.193520,-5.870732,-0.673151,128.569,SE,7,0.912695,7,6.392962,0.831357,1.670887,0.592654,-0.361524,8.192958,5.245696,-0.464136,0.129186,-0.345148,0.592654,-0.074526,-0.745256,-0.174707,0.769079,0.748973,33.701000,-25.344002,0.856000,NaN,0.209071,true,Self-supervised model,0.236140,5.689000,13.038868,2.291944,0.685800,0.221352,1.402770,0.770602,false,false
2026-04-17T14:56:35.442943,0.193520,-5.870732,-0.666035,128.161,SE,7,0.912695,7,6.392962,0.796805,1.657923,0.615405,-0.275333,8.262390,5.130774,-0.395763,0.157019,-0.444343,0.615405,-0.097738,-0.733649,-0.164934,0.758286,0.740131,33.701000,-25.344002,0.856000,NaN,0.214975,true,Self-supervised model,0.234429,5.695000,13.446553,2.361116,0.685800,0.221352,1.294764,0.811575,false,false
2026-04-17T14:56:35.451768,0.193520,-5.870732,-0.659211,127.770,SE,7,0.912695,7,6.392962,0.778848,1.644760,0.684574,-0.208296,8.286332,5.037400,-0.404649,0.213167,-0.509373,0.684574,-0.131336,-0.705549,-0.160047,0.735299,0.717669,33.701000,-25.344002,0.856000,NaN,0.220635,true,Self-supervised model,0.243004,5.704000,13.837554,2.425939,0.685800,0.221352,1.137711,0.931015,false,false
2026-04-17T14:56:35.458454,0.193520,-5.870732,-0.652673,127.395,SE,7,0.912695,7,6.392962,0.749415,1.630946,0.594891,-0.217872,8.339005,4.977545,-0.351175,0.185610,-0.442855,0.594891,-0.160658,-0.663400,-0.154549,0.699854,0.682576,33.701000,-25.344002,0.856000,NaN,0.226028,true,Self-supervised model,0.235756,5.711000,14.212159,2.488559,0.685800,0.221352,1.259751,0.850022,false,false
2026-04-17T14:56:35.466961,0.193520,-5.870732,-0.646397,127.036,SE,7,0.912695,7,6.392962,0.703965,1.615867,0.465354,-0.165200,8.307879,5.049371,-0.342407,0.167932,-0.266666,0.465354,-0.175929,-0.627969,-0.153938,0.670070,0.652148,33.701000,-25.344002,0.856000,NaN,0.231254,true,Self-supervised model,0.229779,5.719000,14.571730,2.547951,0.685800,0.221352,1.512751,0.694486,false,false
2026-04-17T14:56:35.474796,0.193520,-5.870732,-0.640346,126.689,SE,7,0.912695,7,6.392962,0.649915,1.599229,0.366151,-0.158017,8.286332,5.231331,-0.323050,0.138426,-0.102684,0.366151,-0.180205,-0.592539,-0.156992,0.638924,0.619336,33.701000,-25.344002,0.856000,NaN,0.236409,true,Self-supervised model,0.222002,5.727000,14.918453,2.604933,0.685800,0.221352,1.774990,0.573075,false,false
2026-04-17T14:56:35.482901,0.193520,-5.870732,-0.634479,126.353,SE,7,0.912695,7,6.392962,0.604253,1.581430,0.364531,-0.141258,8.252813,5.401319,-0.350542,0.094590,0.032491,0.364531,-0.173486,-0.564439,-0.161879,0.612286,0.590499,33.701000,-25.344002,0.856000,NaN,0.241535,true,Self-supervised model,0.224560,5.735000,15.254575,2.659908,0.685800,0.221352,1.657620,0.595360,false,false
2026-04-17T14:56:35.490984,0.193520,-5.870732,-0.628762,126.025,SE,7,0.912695,7,6.392962,0.573763,1.563123,0.413685,-0.172383,8.204929,5.542577,-0.374637,0.043644,0.169935,0.413685,-0.158214,-0.540005,-0.162490,0.585696,0.562705,33.701000,-25.344002,0.856000,NaN,0.246658,true,Self-supervised model,0.231135,5.743000,15.582171,2.713246,0.685800,0.221352,1.386955,0.706313,false,false
2026-04-17T14:56:35.498831,0.193520,-5.870732,-0.623176,125.705,SE,7,0.912695,7,6.392962,0.551901,1.544674,0.437128,-0.201113,8.149862,5.686229,-0.364807,0.011717,0.240540,0.437128,-0.138056,-0.531453,-0.161268,0.572284,0.549091,33.701000,-25.344002,0.856000,NaN,0.251715,true,Self-supervised model,0.233860,5.751000,15.902197,2.765119,0.685800,0.221352,1.262562,0.763830,false,false
2026-04-17T14:56:35.507745,0.193520,-5.870732,-0.617724,125.393,SE,7,0.912695,7,6.392962,0.534524,1.526268,0.443292,-0.196325,8.113950,5.762844,-0.350994,0.005981,0.270695,0.443292,-0.114232,-0.532064,-0.160658,0.567408,0.544188,33.701000,-25.344002,0.856000,NaN,0.256633,true,Self-supervised model,0.236441,5.760000,16.214575,2.815030,0.685800,0.221352,1.205804,0.781259,false,false
2026-04-17T14:56:35.515431,0.193520,-5.870732,-0.612413,125.089,SE,7,0.912695,7,6.392962,0.515973,1.507857,0.418583,-0.186748,8.104373,5.798757,-0.304639,0.007117,0.286978,0.418583,-0.090408,-0.530231,-0.161268,0.561539,0.537883,36.964001,-21.647001,-2.428000,NaN,0.261379,true,Self-supervised model,0.234432,5.768000,16.518867,2.863881,0.685800,0.221352,1.232665,0.745422,false,false
2026-04-17T14:56:35.522692,0.193520,-5.870732,-0.607227,124.792,SE,7,0.912695,7,6.392962,0.502274,1.489633,0.430353,-0.143652,8.101978,5.820304,-0.318479,0.010417,0.289252,0.430353,-0.072693,-0.522901,-0.169210,0.554384,0.527929,36.964001,-21.647001,-2.428000,NaN,0.266065,true,Self-supervised model,0.236674,5.775000,16.815994,2.911861,0.685800,0.221352,1.167120,0.776273,false,false
2026-04-17T14:56:35.530378,0.193520,-5.870732,-0.602141,124.500,SE,7,0.912695,7,6.392962,0.491465,1.471707,0.434716,-0.160412,8.101978,5.827487,-0.346467,0.075529,0.251464,0.434716,-0.056200,-0.510683,-0.174707,0.542659,0.513766,36.964001,-21.647001,-2.428000,NaN,0.270752,true,Self-supervised model,0.238073,5.783000,17.107411,2.958224,0.685800,0.221352,1.130542,0.801085,false,false
2026-04-17T14:56:35.539095,0.193520,-5.870732,-0.597140,124.214,SE,7,0.912695,7,6.392962,0.494131,1.454604,0.508132,-0.191536,8.164227,5.793968,-0.429310,0.130486,0.238461,0.508132,-0.037874,-0.502742,-0.175318,0.533780,0.504167,36.964001,-21.647001,-2.428000,NaN,0.275414,true,Self-supervised model,0.245528,5.792000,17.393963,3.003101,0.685800,0.221352,0.972448,0.951950,false,false
2026-04-17T14:56:35.548363,0.193520,-5.870732,-0.592222,123.932,SE,7,0.912695,7,6.392962,0.506105,1.438664,0.568966,-0.277727,8.216900,5.784391,-0.490477,0.139591,0.252327,0.568966,-0.026878,-0.494190,-0.169821,0.523245,0.494920,36.964001,-21.647001,-2.428000,NaN,0.279999,true,Self-supervised model,0.250484,5.801000,17.675746,3.047017,0.685800,0.221352,0.889517,1.087380,false,false
2026-04-17T14:56:35.555091,0.193520,-5.870732,-0.587384,123.655,SE,7,0.912695,7,6.392962,0.522509,1.424017,0.608633,-0.342371,8.224083,5.801151,-0.546731,0.122004,0.237979,0.608633,-0.017715,-0.487470,-0.161879,0.513952,0.487792,36.964001,-21.647001,-2.428000,NaN,0.284514,true,Self-supervised model,0.250276,5.808000,17.952906,3.091065,0.685800,0.221352,0.858497,1.184222,false,false
2026-04-17T14:56:35.562635,0.193520,-5.870732,-0.582632,123.382,SE,7,0.912695,7,6.392962,0.532399,1.410353,0.584319,-0.402226,8.204929,5.789180,-0.528831,0.096949,0.228840,0.584319,-0.006109,-0.478307,-0.149051,0.501031,0.478346,36.964001,-21.647001,-2.428000,NaN,0.288928,true,Self-supervised model,0.249628,5.815000,18.225215,3.134173,0.685800,0.221352,0.911144,1.166235,false,false
2026-04-17T14:56:35.570838,0.193520,-5.870732,-0.577983,123.116,SE,7,0.912695,7,6.392962,0.532631,1.397244,0.533850,-0.387861,8.178593,5.781997,-0.490006,0.095451,0.189155,0.533850,0.005498,-0.478307,-0.136834,0.497526,0.478339,36.964001,-21.647001,-2.428000,NaN,0.293162,true,Self-supervised model,0.246858,5.823000,18.491587,3.175612,0.685800,0.221352,0.997716,1.073010,false,false
2026-04-17T14:56:35.579706,0.193520,-5.870732,-0.573452,122.856,SE,7,0.912695,7,6.392962,0.515162,1.383961,0.423446,-0.351948,8.176199,5.743690,-0.401903,0.064858,0.116508,0.423446,0.010996,-0.484416,-0.127060,0.500923,0.484541,36.964001,-21.647001,-2.428000,NaN,0.297220,true,Self-supervised model,0.238022,5.832000,18.751181,3.215223,0.685800,0.221352,1.216592,0.845332,false,false
2026-04-17T14:56:35.586761,0.193520,-5.870732,-0.569038,122.603,SE,7,0.912695,7,6.392962,0.481817,1.369875,0.306758,-0.265756,8.145074,5.671864,-0.304903,0.019819,0.027238,0.306758,0.006720,-0.485638,-0.125227,0.501569,0.485684,36.964001,-21.647001,-2.428000,NaN,0.301169,true,Self-supervised model,0.226163,5.839000,19.004106,3.254685,0.685800,0.221352,1.570673,0.611598,false,false
2026-04-17T14:56:35.594867,0.193520,-5.870732,-0.564726,122.356,SE,7,0.912695,7,6.392962,0.437727,1.354589,0.206256,-0.169988,8.099585,5.583278,-0.203519,0.001237,-0.033469,0.206256,-0.002443,-0.481973,-0.133779,0.500201,0.481979,36.964001,-21.647001,-2.428000,NaN,0.305068,true,Self-supervised model,0.216520,5.847000,19.251124,3.292479,0.685800,0.221352,2.122251,0.412347,false,false
2026-04-17T14:56:35.603030,0.193520,-5.870732,-0.560094,122.091,SE,7,0.912695,7,6.392962,0.392425,1.338102,0.154589,-0.069432,8.080431,5.523423,-0.146105,-0.001963,-0.050470,0.154589,-0.025045,-0.474031,-0.146608,0.496817,0.474693,36.964001,-21.647001,-2.428000,NaN,0.310986,true,Self-supervised model,0.212229,5.855000,19.516556,3.333315,0.685800,0.221352,2.538507,0.311159,false,false
2026-04-17T14:56:35.611086,0.193520,-5.870732,-0.555285,121.815,SE,7,0.912695,7,6.392962,0.347499,1.320478,0.111635,-0.026336,8.075643,5.509058,-0.094208,-0.021605,-0.055861,0.111635,-0.039095,-0.472199,-0.169210,0.503122,0.473815,36.964001,-21.647001,-2.428000,NaN,0.316500,true,Self-supervised model,0.210283,5.864000,19.792091,3.375186,0.685800,0.221352,3.112816,0.221884,false,false
2026-04-17T14:56:35.621575,0.193520,-5.870732,-0.550673,121.551,SE,7,0.912695,7,6.392962,0.305611,1.301884,0.085702,0.014365,8.054094,5.506664,-0.083185,-0.000330,-0.020615,0.085702,-0.054367,-0.473421,-0.188757,0.512555,0.476532,36.964001,-21.647001,-2.428000,NaN,0.320321,true,Self-supervised model,0.210979,5.874000,20.056301,3.414420,0.685800,0.221352,3.565984,0.167205,false,false
2026-04-17T14:56:35.627191,0.193520,-5.870732,-0.546212,121.296,SE,7,0.912695,7,6.392962,0.263990,1.282368,0.045478,0.026336,8.073248,5.544971,-0.039173,0.009509,0.021053,0.045478,-0.067806,-0.479529,-0.210138,0.527924,0.484299,36.964001,-21.647001,-2.428000,NaN,0.324184,true,Self-supervised model,0.213972,5.880000,20.311942,3.454412,0.685800,0.221352,0.000000,0.086145,false,false
2026-04-17T14:56:35.635090,0.193520,-5.870732,-0.541855,121.046,SE,7,0.912695,7,6.392962,0.235773,1.262504,0.087633,0.071826,8.080431,5.590461,-0.012335,0.060280,0.062400,0.087633,-0.070250,-0.484416,-0.235794,0.543316,0.489483,36.964001,-21.647001,-2.428000,NaN,0.328119,true,Self-supervised model,0.207663,5.888000,20.561538,3.492109,0.685800,0.221352,2.690456,0.161293,false,false
2026-04-17T14:56:35.643645,0.193520,-5.870732,-0.537552,120.799,SE,7,0.912695,7,6.392962,0.214921,1.242601,0.105449,0.100556,8.128315,5.635951,0.007309,0.082076,0.065800,0.105449,-0.062308,-0.492357,-0.260229,0.560372,0.496284,36.964001,-21.647001,-2.428000,NaN,0.332211,true,Self-supervised model,0.211206,5.896000,20.808112,3.529191,0.685800,0.221352,2.038150,0.188177,false,false
2026-04-17T14:56:35.652555,0.193520,-5.870732,-0.533256,120.553,SE,7,0.912695,7,6.392962,0.204162,1.223063,0.147676,0.122104,8.147469,5.643134,-0.015842,0.146270,0.012743,0.147676,-0.048869,-0.494190,-0.277944,0.569091,0.496600,36.964001,-21.647001,-2.428000,NaN,0.336477,true,Self-supervised model,0.222602,5.905000,21.054253,3.565496,0.685800,0.221352,1.382498,0.259495,false,false
2026-04-17T14:56:35.658744,0.193520,-5.870732,-0.528936,120.306,SE,7,0.912695,7,6.392962,0.206321,1.204393,0.217657,0.100556,8.209718,5.592855,-0.047730,0.192722,-0.089189,0.217657,-0.028711,-0.485638,-0.290772,0.566760,0.486486,36.964001,-21.647001,-2.428000,NaN,0.340894,true,Self-supervised model,0.235272,5.911000,21.301778,3.603752,0.685800,0.221352,0.947917,0.384038,false,false
2026-04-17T14:56:35.670632,0.193520,-5.870732,-0.524580,120.056,SE,7,0.912695,7,6.392962,0.226387,1.187273,0.331731,0.069432,8.255207,5.492299,-0.035438,0.242904,-0.223130,0.331731,-0.015272,-0.461814,-0.299935,0.550878,0.462067,36.964001,-21.647001,-2.428000,NaN,0.345392,true,Self-supervised model,0.250248,5.923000,21.551344,3.638586,0.685800,0.221352,0.682441,0.602185,false,false
2026-04-17T14:56:35.674812,0.193520,-5.870732,-0.520180,119.804,SE,7,0.912695,7,6.392962,0.266504,1.172442,0.477122,0.081403,8.305486,5.358223,-0.014248,0.303959,-0.367494,0.477122,-0.009163,-0.427606,-0.303600,0.524503,0.427704,36.408001,-17.835001,-8.029000,NaN,0.349971,true,Self-supervised model,0.251925,5.927000,21.803465,3.678668,0.685800,0.221352,0.558566,0.909665,false,false
2026-04-17T14:56:35.683799,0.193520,-5.870732,-0.515726,119.549,SE,7,0.912695,7,6.392962,0.315818,1.160177,0.574716,0.100556,8.367735,5.212177,0.007405,0.371222,-0.438677,0.574716,-0.012828,-0.366519,-0.312763,0.481997,0.366744,36.408001,-17.835001,-8.029000,NaN,0.354636,true,Self-supervised model,0.260004,5.936000,22.058624,3.716076,0.685800,0.221352,0.549520,1.192364,false,false
2026-04-17T14:56:35.690781,0.193520,-5.870732,-0.511207,119.290,SE,7,0.912695,7,6.392962,0.357454,1.150068,0.576039,0.117316,8.437167,5.137957,0.010657,0.377896,-0.434628,0.576039,-0.023824,-0.306043,-0.323759,0.446150,0.306969,36.408001,-17.835001,-8.029000,NaN,0.359417,true,Self-supervised model,0.257056,5.943000,22.317542,3.755265,0.685800,0.221352,0.620537,1.291133,false,false
2026-04-17T14:56:35.698261,0.193520,-5.870732,-0.506607,119.026,SE,7,0.912695,7,6.392962,0.381042,1.141307,0.504879,0.112527,8.446744,5.137957,-0.014496,0.384243,-0.327185,0.504879,-0.032987,-0.264505,-0.337198,0.429829,0.266554,36.408001,-17.835001,-8.029000,NaN,0.364343,true,Self-supervised model,0.252800,5.951000,22.581125,3.794509,0.685800,0.221352,0.754719,1.174604,false,false
2026-04-17T14:56:35.706800,0.193520,-5.870732,-0.501908,118.757,SE,7,0.912695,7,6.392962,0.390186,1.133263,0.438195,0.076614,8.456321,5.240908,-0.116704,0.369059,-0.205403,0.438195,-0.037263,-0.243735,-0.349415,0.427652,0.246567,36.408001,-17.835001,-8.029000,NaN,0.369437,true,Self-supervised model,0.247897,5.959000,22.850356,3.834596,0.685800,0.221352,0.890440,1.024653,false,false
2026-04-17T14:56:35.715828,0.193520,-5.870732,-0.497104,118.482,SE,7,0.912695,7,6.392962,0.402076,1.126015,0.464500,-0.038307,8.444349,5.358223,-0.224865,0.397177,-0.086292,0.464500,-0.036041,-0.240070,-0.351248,0.426975,0.242760,36.408001,-17.835001,-8.029000,NaN,0.374661,true,Self-supervised model,0.249967,5.968000,23.125606,3.874934,0.685800,0.221352,0.865611,1.087886,false,false
2026-04-17T14:56:35.722702,0.193520,-5.870732,-0.492212,118.202,SE,7,0.912695,7,6.392962,0.415353,1.119589,0.485057,-0.160412,8.475474,5.473145,-0.284972,0.392002,-0.020147,0.485057,-0.031154,-0.242514,-0.343917,0.421974,0.244506,36.408001,-17.835001,-8.029000,NaN,0.379905,true,Self-supervised model,0.248487,5.975000,23.405895,3.917305,0.685800,0.221352,0.856297,1.149495,false,false
2026-04-17T14:56:35.730903,0.193520,-5.870732,-0.487261,117.918,SE,7,0.912695,7,6.392962,0.429140,1.113971,0.501520,-0.234632,8.473080,5.535394,-0.326681,0.379909,0.021718,0.501520,-0.028100,-0.259618,-0.332922,0.423117,0.261134,36.408001,-17.835001,-8.029000,NaN,0.385091,true,Self-supervised model,0.250753,5.983000,23.689557,3.959478,0.685800,0.221352,0.855679,1.185300,false,false
2026-04-17T14:56:35.738767,0.193520,-5.870732,-0.482287,117.633,SE,7,0.912695,7,6.392962,0.440198,1.109020,0.498252,-0.289698,8.463503,5.573701,-0.335873,0.365653,0.041737,0.498252,-0.024435,-0.270613,-0.323148,0.422200,0.271714,36.408001,-17.835001,-8.029000,NaN,0.390158,true,Self-supervised model,0.249154,5.991000,23.974547,4.001760,0.685800,0.221352,0.883485,1.180131,false,false
2026-04-17T14:56:35.746892,0.193520,-5.870732,-0.477307,117.348,SE,7,0.912695,7,6.392962,0.446353,1.104513,0.478667,-0.311246,8.451532,5.590461,-0.343450,0.330070,0.047101,0.478667,-0.022602,-0.284663,-0.315206,0.425322,0.285559,36.408001,-17.835001,-8.029000,NaN,0.395163,true,Self-supervised model,0.247992,5.999000,24.259892,4.043989,0.685800,0.221352,0.932491,1.125422,false,false
2026-04-17T14:56:35.755105,0.193520,-5.870732,-0.472321,117.062,SE,7,0.912695,7,6.392962,0.452269,1.100423,0.483331,-0.330400,8.418014,5.592855,-0.341660,0.337888,0.052047,0.483331,-0.023213,-0.289550,-0.315206,0.428641,0.290479,36.408001,-17.835001,-8.029000,NaN,0.400169,true,Self-supervised model,0.247985,6.008000,24.545535,4.085475,0.685800,0.221352,0.935734,1.127589,false,false
2026-04-17T14:56:35.762513,0.193520,-5.870732,-0.467310,116.775,SE,7,0.912695,7,6.392962,0.464053,1.100000,0.525919,-0.339977,8.427590,5.595249,-0.399202,0.333842,0.076014,0.525919,-0.020769,-0.289550,-0.317650,0.430316,0.290294,36.408001,-17.835001,-8.029000,NaN,0.405285,true,Self-supervised model,0.249740,6.015000,24.832672,4.128458,0.685800,0.221352,0.882367,1.222168,false,false
2026-04-17T14:56:35.770898,0.193520,-5.870732,-0.462119,116.477,SE,7,0.912695,7,6.392962,0.478234,1.100000,0.552680,-0.409408,8.425196,5.616797,-0.415575,0.351410,0.096252,0.552680,-0.016493,-0.293826,-0.318872,0.433918,0.294289,36.408001,-17.835001,-8.029000,NaN,0.411196,true,Self-supervised model,0.251401,6.023000,25.130116,4.172359,0.685800,0.221352,0.865299,1.273697,false,false
2026-04-17T14:56:35.779105,0.193520,-5.870732,-0.456751,116.170,SE,7,0.912695,7,6.392962,0.499031,1.100000,0.608217,-0.442927,8.446744,5.631162,-0.493312,0.330976,0.130481,0.608217,-0.009774,-0.296270,-0.312763,0.430920,0.296431,36.408001,-17.835001,-8.029000,NaN,0.417267,true,Self-supervised model,0.253872,6.032000,25.437648,4.217117,0.685800,0.221352,0.820482,1.411438,false,false
2026-04-17T14:56:35.786549,0.193520,-5.870732,-0.451219,115.853,SE,7,0.912695,7,6.392962,0.523589,1.100000,0.652518,-0.538695,8.429984,5.659893,-0.546029,0.327254,0.143308,0.652518,0.004887,-0.289550,-0.301157,0.417802,0.289591,36.408001,-17.835001,-8.029000,NaN,0.423460,true,Self-supervised model,0.254600,6.039000,25.754633,4.264718,0.685800,0.221352,0.802413,1.561789,false,false
2026-04-17T14:56:35.794872,0.193520,-5.870732,-0.445556,115.528,SE,7,0.912695,7,6.392962,0.544377,1.100000,0.653516,-0.610521,8.429984,5.667076,-0.559428,0.299317,0.156628,0.653516,0.022602,-0.274889,-0.281609,0.394181,0.275817,36.408001,-17.835001,-8.029000,NaN,0.429642,true,Self-supervised model,0.254919,6.047000,26.079065,4.312728,0.685800,0.221352,0.832998,1.657909,false,false
2026-04-17T14:56:35.803081,0.193520,-5.870732,-0.440038,115.212,SE,7,0.912695,7,6.392962,0.555464,1.100000,0.613670,-0.644040,8.406042,5.674258,-0.524795,0.289238,0.132372,0.613670,0.042150,-0.257785,-0.261450,0.369575,0.261208,36.408001,-17.835001,-8.029000,NaN,0.434583,true,Self-supervised model,0.252484,6.056000,26.395232,4.358526,0.685800,0.221352,0.905151,1.660472,false,false
2026-04-17T14:56:35.810798,0.193520,-5.870732,-0.434677,114.905,SE,7,0.912695,7,6.392962,0.551182,1.100000,0.528701,-0.622492,8.398860,5.645528,-0.456793,0.261553,0.049541,0.528701,0.062919,-0.244957,-0.238848,0.347867,0.252909,36.408001,-17.835001,-8.029000,NaN,0.439315,true,Self-supervised model,0.246055,6.063000,26.702393,4.404155,0.685800,0.221352,1.042522,1.519837,false,false
2026-04-17T14:56:35.821066,0.193520,-5.870732,-0.429483,114.608,SE,7,0.912695,7,6.392962,0.537093,1.100000,0.463125,-0.567426,8.374918,5.556942,-0.374839,0.269115,-0.039462,0.463125,0.075747,-0.236405,-0.225409,0.335312,0.248244,36.408001,-17.835001,-8.029000,NaN,0.443843,true,Self-supervised model,0.243305,6.073000,27.000003,4.445909,0.685800,0.221352,1.159715,1.381174,false,false
2026-04-17T14:56:35.827113,0.193520,-5.870732,-0.424467,114.320,SE,7,0.912695,7,6.392962,0.516254,1.100000,0.406849,-0.497994,8.386889,5.461174,-0.255479,0.254857,-0.187895,0.406849,0.067195,-0.231518,-0.216246,0.323849,0.241072,36.408001,-17.835001,-8.029000,NaN,0.448145,true,Self-supervised model,0.236138,6.080000,27.287393,4.488058,0.685800,0.221352,1.268907,1.256292,false,false
2026-04-17T14:56:35.834966,0.193520,-5.870732,-0.419621,114.043,SE,7,0.912695,7,6.392962,0.498085,1.100000,0.402701,-0.390255,8.377312,5.305551,-0.172975,0.238509,-0.274519,0.402701,0.047647,-0.237016,-0.217468,0.325175,0.241758,35.384003,-17.778002,-10.302000,NaN,0.452312,true,Self-supervised model,0.237674,6.087000,27.565055,4.528512,0.685800,0.221352,1.236862,1.238411,false,false
2026-04-17T14:56:35.843051,0.193520,-5.870732,-0.414915,113.773,SE,7,0.912695,7,6.392962,0.477665,1.100000,0.370457,-0.318429,8.365341,5.212177,-0.133988,0.203953,-0.278727,0.370457,0.015882,-0.237016,-0.222966,0.325795,0.237547,35.384003,-17.778002,-10.302000,NaN,0.456456,true,Self-supervised model,0.236096,6.095000,27.834671,4.566804,0.685800,0.221352,1.289394,1.137085,false,false
2026-04-17T14:56:35.852020,0.193520,-5.870732,-0.410310,113.509,SE,7,0.912695,7,6.392962,0.450556,1.100000,0.308234,-0.289698,8.334216,5.202600,-0.128659,0.163528,-0.227406,0.308234,-0.017715,-0.248011,-0.238848,0.344778,0.248643,35.384003,-17.778002,-10.302000,NaN,0.460661,true,Self-supervised model,0.230002,6.104000,28.098545,4.603300,0.685800,0.221352,1.461735,0.894006,false,false
2026-04-17T14:56:35.858594,0.193520,-5.870732,-0.405772,113.249,SE,7,0.912695,7,6.392962,0.410399,1.100000,0.199576,-0.294487,8.295909,5.250484,-0.104419,0.112388,-0.127656,0.199576,-0.037263,-0.254120,-0.251676,0.359592,0.256837,35.384003,-17.778002,-10.302000,NaN,0.464928,true,Self-supervised model,0.215993,6.111000,28.358537,4.640572,0.685800,0.221352,2.056357,0.555006,false,false
2026-04-17T14:56:35.866972,0.193520,-5.870732,-0.401263,112.991,SE,7,0.912695,7,6.392962,0.364523,1.100000,0.123677,-0.280122,8.245630,5.348647,-0.099572,0.067146,-0.029543,0.123677,-0.047647,-0.268170,-0.272446,0.385243,0.272370,35.384003,-17.778002,-10.302000,NaN,0.469322,true,Self-supervised model,0.210851,6.119000,28.616882,4.676725,0.685800,0.221352,2.947375,0.321037,false,false
2026-04-17T14:56:35.874869,0.193520,-5.870732,-0.396753,112.732,SE,7,0.912695,7,6.392962,0.330915,1.100000,0.154471,-0.284910,8.200141,5.446809,-0.125913,0.075145,0.048584,0.154471,-0.046426,-0.276722,-0.287107,0.401448,0.280589,35.384003,-17.778002,-10.302000,NaN,0.473835,true,Self-supervised model,0.213113,6.127000,28.875282,4.712793,0.685800,0.221352,2.142250,0.384784,false,false
2026-04-17T14:56:35.883705,0.193520,-5.870732,-0.392213,112.472,E,7,0.912695,7,6.392962,0.303613,1.100000,0.160277,-0.320823,8.207323,5.525817,-0.118605,0.061540,0.088511,0.160277,-0.026267,-0.285274,-0.302989,0.416982,0.286481,35.384003,-17.778002,-10.302000,NaN,0.478496,true,Self-supervised model,0.215661,6.136000,29.135412,4.748274,0.685800,0.221352,1.894304,0.384374,false,false
2026-04-17T14:56:35.890863,0.193520,-5.870732,-0.387622,112.209,E,7,0.912695,7,6.392962,0.285951,1.100000,0.193225,-0.323217,8.192958,5.566519,-0.158943,0.099943,0.045654,0.193225,-0.004887,-0.286496,-0.313985,0.425077,0.286537,35.384003,-17.778002,-10.302000,NaN,0.483292,true,Self-supervised model,0.222133,6.143000,29.398476,4.785687,0.685800,0.221352,1.479888,0.454564,false,false
2026-04-17T14:56:35.899015,0.193520,-5.870732,-0.382965,111.942,E,7,0.912695,7,6.392962,0.269625,1.100000,0.183913,-0.373495,8.231265,5.523423,-0.155719,0.096708,-0.014930,0.183913,0.020769,-0.283441,-0.321926,0.429426,0.284201,35.384003,-17.778002,-10.302000,NaN,0.488210,true,Self-supervised model,0.222373,6.151000,29.665282,4.822839,0.685800,0.221352,1.466047,0.428276,false,false
2026-04-17T14:56:35.906800,0.193520,-5.870732,-0.378234,111.671,E,7,0.912695,7,6.392962,0.259776,1.100000,0.208070,-0.380678,8.228871,5.461174,-0.156208,0.121334,-0.064579,0.208070,0.039706,-0.263894,-0.332311,0.426201,0.266864,35.384003,-17.778002,-10.302000,NaN,0.493240,true,Self-supervised model,0.227157,6.159000,29.936358,4.860587,0.685800,0.221352,1.248501,0.488198,false,false
2026-04-17T14:56:35.915774,0.193520,-5.870732,-0.373665,111.409,E,7,0.912695,7,6.392962,0.258710,1.100000,0.253114,-0.392649,8.255207,5.408502,-0.153425,0.179034,-0.092057,0.253114,0.056810,-0.248622,-0.337808,0.423267,0.255030,35.384003,-17.778002,-10.302000,NaN,0.497158,true,Self-supervised model,0.235397,6.168000,30.198118,4.895934,0.685800,0.221352,1.022108,0.598001,false,false
2026-04-17T14:56:35.923019,0.193520,-5.870732,-0.368708,111.125,E,7,0.912695,7,6.392962,0.266055,1.100000,0.304617,-0.399832,8.315063,5.377377,-0.174657,0.218144,-0.121240,0.304617,0.078802,-0.224798,-0.348193,0.421880,0.238210,35.384003,-17.778002,-10.302000,NaN,0.503668,true,Self-supervised model,0.240083,6.175000,30.482123,4.936376,0.685800,0.221352,0.873409,0.722046,false,false
2026-04-17T14:56:35.931104,0.193520,-5.870732,-0.363653,110.836,E,7,0.912695,7,6.392962,0.284058,1.100000,0.378570,-0.438139,8.358158,5.341464,-0.209221,0.273638,-0.157049,0.378570,0.097128,-0.204640,-0.356134,0.422070,0.226520,35.384003,-17.778002,-10.302000,NaN,0.509117,true,Self-supervised model,0.246433,6.184000,30.771777,4.976031,0.685800,0.221352,0.750343,0.896938,false,false
2026-04-17T14:56:35.939089,0.193520,-5.870732,-0.358481,110.539,E,7,0.912695,7,6.392962,0.312934,1.100000,0.464537,-0.488417,8.418014,5.298368,-0.280481,0.299524,-0.217739,0.464537,0.108123,-0.191201,-0.364687,0.425728,0.219655,35.384003,-17.778002,-10.302000,NaN,0.514757,true,Self-supervised model,0.249907,6.192000,31.068125,5.017462,0.685800,0.221352,0.673647,1.091159,false,false
2026-04-17T14:56:35.947194,0.193520,-5.870732,-0.353177,110.236,E,7,0.912695,7,6.392962,0.348252,1.100000,0.533668,-0.577003,8.449138,5.228937,-0.333602,0.346198,-0.231641,0.533668,0.115454,-0.186314,-0.366519,0.427058,0.219186,35.384003,-17.778002,-10.302000,NaN,0.520589,true,Self-supervised model,0.252793,6.200000,31.372030,5.060005,0.685800,0.221352,0.652563,1.249637,false,false
2026-04-17T14:56:35.955532,0.193520,-5.870732,-0.347754,109.925,E,7,0.912695,7,6.392962,0.393354,1.100000,0.630140,-0.648829,8.501810,5.204995,-0.431881,0.389824,-0.242057,0.630140,0.116675,-0.191812,-0.357356,0.422029,0.224510,35.384003,-17.778002,-10.302000,NaN,0.526483,true,Self-supervised model,0.255698,6.208000,31.682696,5.103527,0.685800,0.221352,0.624233,1.493120,false,false
2026-04-17T14:56:35.962688,0.193520,-5.870732,-0.342238,109.609,E,7,0.912695,7,6.392962,0.435269,1.100000,0.655326,-0.766145,8.552089,5.183447,-0.449140,0.389724,-0.275391,0.655326,0.117286,-0.210138,-0.340252,0.416756,0.240653,35.384003,-17.778002,-10.302000,NaN,0.532378,true,Self-supervised model,0.254294,6.215000,31.998784,5.148638,0.685800,0.221352,0.664203,1.572446,false,false
2026-04-17T14:56:35.971638,0.193520,-5.870732,-0.336663,109.289,E,7,0.912695,7,6.392962,0.471602,1.100000,0.662350,-0.802058,8.559271,5.137957,-0.429285,0.384171,-0.326854,0.662350,0.117286,-0.236405,-0.319483,0.414382,0.263900,35.384003,-17.778002,-10.302000,NaN,0.538183,true,Self-supervised model,0.254041,6.224000,32.318174,5.192509,0.685800,0.221352,0.712014,1.598403,false,false
2026-04-17T14:56:35.979556,0.193520,-5.870732,-0.331064,108.969,E,7,0.912695,7,6.392962,0.503756,1.100000,0.672567,-0.799663,8.561666,5.073313,-0.410793,0.389834,-0.362801,0.672567,0.117286,-0.260229,-0.298713,0.413164,0.285438,35.384003,-17.778002,-10.302000,NaN,0.543880,true,Self-supervised model,0.252415,6.232000,32.638963,5.237318,0.685800,0.221352,0.749006,1.627845,false,false
2026-04-17T14:56:35.987776,0.193520,-5.870732,-0.325480,108.649,E,7,0.912695,7,6.392962,0.532313,1.100000,0.682237,-0.797269,8.576031,5.023035,-0.360338,0.404526,-0.414684,0.682237,0.114843,-0.277333,-0.282220,0.412008,0.300170,35.384003,-17.778002,-10.302000,NaN,0.549405,true,Self-supervised model,0.252806,6.240000,32.958911,5.281877,0.685800,0.221352,0.780247,1.655884,false,false
2026-04-17T14:56:35.994721,0.193520,-5.870732,-0.319945,108.332,E,7,0.912695,7,6.392962,0.557930,1.100000,0.692421,-0.761356,8.599973,4.955997,-0.313561,0.399571,-0.470604,0.692421,0.114232,-0.279776,-0.265726,0.402410,0.302198,36.479000,-13.573001,-13.079000,NaN,0.554743,true,Self-supervised model,0.250586,6.247000,33.276033,5.326722,0.685800,0.221352,0.805768,1.720683,false,false
2026-04-17T14:56:36.003720,0.193520,-5.870732,-0.314491,108.019,E,7,0.912695,7,6.392962,0.582965,1.100000,0.714398,-0.727837,8.604761,4.884171,-0.263122,0.418028,-0.516125,0.714398,0.111788,-0.278555,-0.251066,0.391310,0.300149,36.479000,-13.573001,-13.079000,NaN,0.559875,true,Self-supervised model,0.253276,6.256000,33.588549,5.369014,0.685800,0.221352,0.816023,1.825660,false,false
2026-04-17T14:56:36.011351,0.193520,-5.870732,-0.309145,107.713,E,7,0.912695,7,6.392962,0.604775,1.100000,0.719274,-0.689530,8.633492,4.821922,-0.227978,0.423971,-0.534443,0.719274,0.113010,-0.274278,-0.234572,0.378185,0.296648,36.479000,-13.573001,-13.079000,NaN,0.564788,true,Self-supervised model,0.252315,6.264000,33.894859,5.411057,0.685800,0.221352,0.840813,1.901909,false,false
2026-04-17T14:56:36.020481,0.193520,-5.870732,-0.303924,107.414,E,7,0.912695,7,6.392962,0.629318,1.100000,0.758173,-0.665588,8.650250,4.786009,-0.227111,0.431659,-0.580446,0.758173,0.116064,-0.268170,-0.218690,0.364981,0.292209,36.479000,-13.573001,-13.079000,NaN,0.569507,true,Self-supervised model,0.255477,6.273000,34.193980,5.450977,0.685800,0.221352,0.830046,2.077294,false,false
2026-04-17T14:56:36.026468,0.193520,-5.870732,-0.298860,107.123,E,7,0.912695,7,6.392962,0.660199,1.100000,0.822322,-0.675165,8.669404,4.721366,-0.200902,0.445779,-0.661161,0.822322,0.112399,-0.254731,-0.198531,0.341959,0.278427,36.479000,-13.573001,-13.079000,NaN,0.573947,true,Self-supervised model,0.254227,6.279000,34.484161,5.491983,0.685800,0.221352,0.802847,2.404739,false,false
2026-04-17T14:56:36.035394,0.193520,-5.870732,-0.293978,106.844,E,7,0.912695,7,6.392962,0.692780,1.100000,0.863828,-0.658405,8.695741,4.620809,-0.209082,0.430451,-0.719163,0.863828,0.106291,-0.241903,-0.175929,0.317436,0.264224,36.479000,-13.573001,-13.079000,NaN,0.578098,true,Self-supervised model,0.259567,6.288000,34.763864,5.528604,0.685800,0.221352,0.801988,2.721267,false,false
2026-04-17T14:56:36.042961,0.193520,-5.870732,-0.289312,106.576,E,7,0.912695,7,6.392962,0.722857,1.100000,0.880763,-0.675165,8.693346,4.541800,-0.175191,0.422128,-0.752901,0.880763,0.089797,-0.227853,-0.154549,0.289596,0.244909,36.479000,-13.573001,-13.079000,NaN,0.581902,true,Self-supervised model,0.259842,6.295000,35.031215,5.564927,0.685800,0.221352,0.820717,3.041351,false,false
2026-04-17T14:56:36.051563,0.193520,-5.870732,-0.284890,106.323,E,7,0.912695,7,6.392962,0.743676,1.100000,0.852978,-0.648829,8.698134,4.486734,-0.149763,0.380459,-0.748594,0.852978,0.065973,-0.224798,-0.133169,0.269482,0.234279,36.479000,-13.573001,-13.079000,NaN,0.585348,true,Self-supervised model,0.259677,6.304000,35.284587,5.597174,0.685800,0.221352,0.871859,3.165247,false,false
2026-04-17T14:56:36.058532,0.193520,-5.870732,-0.280723,106.084,E,7,0.912695,7,6.392962,0.754532,1.100000,0.811525,-0.629675,8.669404,4.469975,-0.121129,0.331981,-0.730540,0.811525,0.042150,-0.232129,-0.114843,0.262391,0.235925,36.479000,-13.573001,-13.079000,NaN,0.588491,true,Self-supervised model,0.256264,6.311000,35.523308,5.628792,0.685800,0.221352,0.929771,3.092803,false,false
2026-04-17T14:56:36.068551,0.193520,-5.870732,-0.276826,105.861,E,7,0.912695,7,6.392962,0.761186,1.100000,0.796118,-0.605733,8.633492,4.467580,-0.070689,0.315091,-0.727684,0.796118,0.015272,-0.254120,-0.097738,0.272696,0.254578,36.479000,-13.573001,-13.079000,NaN,0.591310,true,Self-supervised model,0.257808,6.321000,35.746584,5.655210,0.685800,0.221352,0.956122,2.919436,false,false
2026-04-17T14:56:36.074507,0.193520,-5.870732,-0.273215,105.654,E,7,0.912695,7,6.392962,0.759067,1.100000,0.747944,-0.557849,8.628703,4.450821,0.008455,0.277159,-0.694645,0.747944,-0.004276,-0.270002,-0.083689,0.282707,0.270036,36.479000,-13.573001,-13.079000,NaN,0.593779,true,Self-supervised model,0.251936,6.327000,35.953501,5.682551,0.685800,0.221352,1.014872,2.645648,false,false
2026-04-17T14:56:36.082654,0.193520,-5.870732,-0.269910,105.465,E,7,0.912695,7,6.392962,0.751616,1.100000,0.712496,-0.478840,8.602366,4.465186,0.080172,0.218883,-0.673285,0.712496,-0.032376,-0.288328,-0.071471,0.298814,0.290140,36.479000,-13.573001,-13.079000,NaN,0.595857,true,Self-supervised model,0.252431,6.335000,36.142844,5.705263,0.685800,0.221352,1.054905,2.384415,false,false
2026-04-17T14:56:36.091060,0.193520,-5.870732,-0.266922,105.293,E,7,0.912695,7,6.392962,0.745136,1.102649,0.711118,-0.404620,8.554482,4.469975,0.178368,0.200036,-0.658680,0.711118,-0.055589,-0.299935,-0.068417,0.312621,0.305043,36.479000,-13.573001,-13.079000,NaN,0.597581,true,Self-supervised model,0.252488,6.343000,36.314069,5.725062,0.685800,0.221352,1.047837,2.274698,false,false
2026-04-17T14:56:36.098629,0.193520,-5.870732,-0.264241,105.140,E,7,0.912695,7,6.392962,0.739971,1.110142,0.712853,-0.301669,8.544906,4.469975,0.270034,0.172884,-0.636672,0.712853,-0.080023,-0.306654,-0.071471,0.324883,0.316924,36.479000,-13.573001,-13.079000,NaN,0.599033,true,Self-supervised model,0.252210,6.351000,36.467690,5.742039,0.685800,0.221352,1.038041,2.194185,false,false
2026-04-17T14:56:36.106824,0.193520,-5.870732,-0.261838,105.002,E,7,0.912695,7,6.392962,0.740598,1.117360,0.743894,-0.203507,8.525752,4.479551,0.374867,0.154067,-0.623792,0.743894,-0.100793,-0.310320,-0.087354,0.337769,0.326278,36.479000,-13.573001,-13.079000,NaN,0.600322,true,Self-supervised model,0.254280,6.359000,36.605362,5.756465,0.685800,0.221352,0.995570,2.202372,false,false
2026-04-17T14:56:36.115144,0.193520,-5.870732,-0.259661,104.877,E,7,0.912695,7,6.392962,0.734141,1.124031,0.700238,-0.090980,8.513782,4.481946,0.409948,0.127045,-0.553295,0.700238,-0.124617,-0.304822,-0.110567,0.347377,0.329311,36.479000,-13.573001,-13.079000,NaN,0.601594,true,Self-supervised model,0.251815,6.368000,36.730070,5.767913,0.685800,0.221352,1.048416,2.015789,false,false
2026-04-17T14:56:36.122712,0.193520,-5.870732,-0.257635,104.761,E,7,0.912695,7,6.392962,0.717685,1.129777,0.631292,-0.047884,8.492233,4.544195,0.438517,0.094204,-0.444250,0.631292,-0.144775,-0.301157,-0.145386,0.364407,0.334148,36.479000,-13.573001,-13.079000,NaN,0.603018,true,Self-supervised model,0.247275,6.375000,36.846153,5.779789,0.685800,0.221352,1.136851,1.732383,false,false
2026-04-17T14:56:36.131070,0.193520,-5.870732,-0.255671,104.649,E,7,0.912695,7,6.392962,0.690894,1.134222,0.550243,-0.011971,8.463503,4.647145,0.401166,0.107938,-0.360808,0.550243,-0.151495,-0.302378,-0.177762,0.382077,0.338206,36.479000,-13.573001,-13.079000,NaN,0.604737,true,Self-supervised model,0.242206,6.383000,36.958715,5.790179,0.685800,0.221352,1.255616,1.440138,false,false
2026-04-17T14:56:36.138879,0.193520,-5.870732,-0.253687,104.535,E,7,0.912695,7,6.392962,0.645884,1.136688,0.409582,-0.043096,8.480263,4.726154,0.271856,0.117442,-0.282948,0.409582,-0.146608,-0.298713,-0.202807,0.389685,0.332751,36.479000,-13.573001,-13.079000,NaN,0.606798,true,Self-supervised model,0.231078,6.391000,37.072386,5.800718,0.685800,0.221352,1.576934,1.051061,false,false
2026-04-17T14:56:36.148759,0.193520,-5.870732,-0.251620,104.417,E,7,0.912695,7,6.392962,0.599083,1.137184,0.353378,-0.167594,8.492233,4.800375,0.172915,0.189208,-0.243262,0.353378,-0.136223,-0.290161,-0.224798,0.391516,0.320547,36.479000,-13.573001,-13.079000,NaN,0.609193,true,Self-supervised model,0.227393,6.401000,37.190770,5.810150,0.685800,0.221352,1.695307,0.902589,false,false
2026-04-17T14:56:36.155446,0.193520,-5.870732,-0.249436,104.292,E,7,0.912695,7,6.392962,0.554003,1.135857,0.317331,-0.263362,8.566454,4.836287,0.114152,0.205825,-0.212848,0.317331,-0.122784,-0.270002,-0.237016,0.379676,0.296610,39.317001,-12.225000,-16.145000,NaN,0.611850,true,Self-supervised model,0.224166,6.408000,37.315919,5.823333,0.685800,0.221352,1.745822,0.835794,false,false
2026-04-17T14:56:36.162386,0.193520,-5.870732,-0.247110,104.158,E,7,0.912695,7,6.392962,0.517970,1.133142,0.328795,-0.320823,8.585608,4.862624,0.052434,0.260434,-0.193729,0.328795,-0.106291,-0.252287,-0.247400,0.368990,0.273764,39.317001,-12.225000,-16.145000,NaN,0.614744,true,Self-supervised model,0.226732,6.415000,37.449200,5.837755,0.685800,0.221352,1.575356,0.891068,false,false
2026-04-17T14:56:36.172027,0.193520,-5.870732,-0.244630,104.016,E,7,0.912695,7,6.392962,0.493767,1.129567,0.366700,-0.383072,8.643068,4.876989,-0.003081,0.288338,-0.226542,0.366700,-0.092241,-0.240070,-0.248622,0.357708,0.257181,39.317001,-12.225000,-16.145000,NaN,0.617837,true,Self-supervised model,0.232995,6.424000,37.591274,5.851693,0.685800,0.221352,1.346512,1.025139,false,false
2026-04-17T14:56:36.178729,0.193520,-5.870732,-0.242004,103.866,E,7,0.912695,7,6.392962,0.478733,1.125533,0.399807,-0.440533,8.674192,4.838682,-0.033622,0.299012,-0.263263,0.399807,-0.086132,-0.235794,-0.249844,0.354174,0.251033,39.317001,-12.225000,-16.145000,NaN,0.621049,true,Self-supervised model,0.235748,6.431000,37.741744,5.868721,0.685800,0.221352,1.197409,1.128844,false,false
2026-04-17T14:56:36.186851,0.193520,-5.870732,-0.239243,103.708,E,7,0.912695,7,6.392962,0.470535,1.121333,0.427494,-0.474052,8.688558,4.795586,-0.053569,0.307154,-0.292469,0.427494,-0.083078,-0.221133,-0.248622,0.342950,0.236224,39.317001,-12.225000,-16.145000,NaN,0.624350,true,Self-supervised model,0.239649,6.439000,37.899945,5.885999,0.685800,0.221352,1.100682,1.246520,false,false
2026-04-17T14:56:36.194380,0.193520,-5.870732,-0.236349,103.542,E,7,0.912695,7,6.392962,0.464568,1.117063,0.433241,-0.497994,8.700529,4.759673,-0.072356,0.308346,-0.295609,0.433241,-0.089186,-0.211359,-0.248622,0.338290,0.229406,39.317001,-12.225000,-16.145000,NaN,0.627774,true,Self-supervised model,0.239921,6.447000,38.065740,5.904411,0.685800,0.221352,1.072309,1.280679,false,false
2026-04-17T14:56:36.202724,0.193520,-5.870732,-0.233325,103.369,E,7,0.912695,7,6.392962,0.454361,1.112555,0.400776,-0.521936,8.705317,4.750096,-0.083008,0.317348,-0.230263,0.400776,-0.094684,-0.210749,-0.252287,0.342095,0.231041,39.317001,-12.225000,-16.145000,NaN,0.631319,true,Self-supervised model,0.237696,6.455000,38.238993,5.923934,0.685800,0.221352,1.133704,1.171534,false,false
2026-04-17T14:56:36.210834,0.193520,-5.870732,-0.230181,103.188,E,7,0.912695,7,6.392962,0.436622,1.107517,0.343489,-0.538695,8.717288,4.809951,-0.052681,0.295984,-0.166142,0.343489,-0.102625,-0.222966,-0.253509,0.352863,0.245450,39.317001,-12.225000,-16.145000,NaN,0.634945,true,Self-supervised model,0.232450,6.463000,38.419148,5.944476,0.685800,0.221352,1.271136,0.973434,false,false
2026-04-17T14:56:36.220047,0.193520,-5.870732,-0.226947,103.003,E,7,0.912695,7,6.392962,0.411992,1.101696,0.282685,-0.514753,8.698134,4.869806,-0.045846,0.264008,-0.090050,0.282685,-0.107512,-0.249233,-0.257785,0.374338,0.271433,39.317001,-12.225000,-16.145000,NaN,0.638538,true,Self-supervised model,0.226533,6.472000,38.604442,5.964840,0.685800,0.221352,1.457422,0.755160,false,false
2026-04-17T14:56:36.226349,0.193520,-5.870732,-0.223593,102.811,E,7,0.912695,7,6.392962,0.387901,1.100000,0.261422,-0.512359,8.674192,4.932055,-0.046956,0.252029,-0.051162,0.261422,-0.105680,-0.262672,-0.264505,0.387463,0.283134,39.317001,-12.225000,-16.145000,NaN,0.642374,true,Self-supervised model,0.223355,6.479000,38.796642,5.988060,0.685800,0.221352,1.483812,0.674701,false,false
2026-04-17T14:56:36.234691,0.193520,-5.870732,-0.220097,102.611,E,7,0.912695,7,6.392962,0.366516,1.100000,0.254249,-0.519542,8.662222,4.970363,-0.078581,0.223673,-0.091857,0.254249,-0.098960,-0.271224,-0.277944,0.400760,0.288714,39.317001,-12.225000,-16.145000,NaN,0.646436,true,Self-supervised model,0.224480,6.487000,38.996947,6.011553,0.685800,0.221352,1.441567,0.634416,false,false
2026-04-17T14:56:36.242473,0.193520,-5.870732,-0.216438,102.401,E,7,0.912695,7,6.392962,0.356867,1.100000,0.306207,-0.557849,8.633492,4.929661,-0.173434,0.224181,-0.115871,0.306207,-0.091630,-0.259007,-0.287718,0.397821,0.274737,39.317001,-12.225000,-16.145000,NaN,0.650748,true,Self-supervised model,0.231238,6.495000,39.206599,6.036428,0.685800,0.221352,1.165444,0.769709,false,false
2026-04-17T14:56:36.252686,0.193520,-5.870732,-0.212601,102.181,E,7,0.912695,7,6.392962,0.360732,1.100000,0.381026,-0.660800,8.633492,4.905719,-0.268561,0.246372,-0.111158,0.381026,-0.086132,-0.233351,-0.291383,0.383112,0.248739,39.317001,-12.225000,-16.145000,NaN,0.655293,true,Self-supervised model,0.240164,6.505000,39.426408,6.060939,0.685800,0.221352,0.946739,0.994554,false,false
2026-04-17T14:56:36.258399,0.193520,-5.870732,-0.208584,101.951,E,7,0.912695,7,6.392962,0.376953,1.100000,0.462110,-0.766145,8.655039,4.910508,-0.361654,0.280622,-0.063270,0.462110,-0.075747,-0.210749,-0.291994,0.367985,0.223948,39.317001,-12.225000,-16.145000,NaN,0.660034,true,Self-supervised model,0.242423,6.511000,39.656586,6.090706,0.685800,0.221352,0.815721,1.255785,false,false
2026-04-17T14:56:36.269198,0.193520,-5.870732,-0.204391,101.711,E,7,0.912695,7,6.392962,0.406309,1.100000,0.560427,-0.871489,8.688558,4.958392,-0.500861,0.247629,-0.043551,0.560427,-0.063530,-0.190590,-0.284663,0.348416,0.200899,39.317001,-12.225000,-16.145000,NaN,0.664927,true,Self-supervised model,0.250770,6.522000,39.896800,6.117265,0.685800,0.221352,0.724998,1.608500,false,false
2026-04-17T14:56:36.274602,0.193520,-5.870732,-0.200021,101.460,E,7,0.912695,7,6.392962,0.456415,1.100000,0.719474,-1.024718,8.655039,4.977545,-0.657200,0.280994,-0.082298,0.719474,-0.048258,-0.168599,-0.271224,0.322981,0.175369,39.317001,-12.225000,-16.145000,NaN,0.670009,true,Self-supervised model,0.253192,6.527000,40.147204,6.150943,0.685800,0.221352,0.634374,2.227601,false,false
2026-04-17T14:56:36.283108,0.193520,-5.870732,-0.195470,101.200,E,7,0.912695,7,6.392962,0.519627,1.100000,0.851490,-1.197101,8.688558,4.936844,-0.789578,0.304077,-0.095596,0.851490,-0.039095,-0.141110,-0.249233,0.289063,0.146426,39.317001,-12.225000,-16.145000,NaN,0.675281,true,Self-supervised model,0.260081,6.536000,40.407941,6.182365,0.685800,0.221352,0.610256,2.945687,false,false
2026-04-17T14:56:36.290951,0.193520,-5.870732,-0.190769,100.930,E,7,0.912695,7,6.392962,0.587540,1.100000,0.944083,-1.347936,8.712500,4.920084,-0.877141,0.338856,-0.084224,0.944083,-0.032987,-0.118508,-0.225409,0.256791,0.123013,39.317001,-12.225000,-16.145000,NaN,0.680583,true,Self-supervised model,0.262008,6.543000,40.677280,6.216916,0.685800,0.221352,0.622339,3.676468,false,false
2026-04-17T14:56:36.298504,0.193520,-5.870732,-0.185984,100.656,E,7,0.912695,7,6.392962,0.650384,1.100000,0.980316,-1.455675,8.748413,4.927267,-0.916425,0.344993,-0.046531,0.980316,-0.029932,-0.105069,-0.193644,0.222336,0.109249,39.317001,-12.225000,-16.145000,NaN,0.685707,true,Self-supervised model,0.263236,6.551000,40.951467,6.251178,0.685800,0.221352,0.663444,4.409154,false,false
2026-04-17T14:56:36.307603,0.193520,-5.870732,-0.181179,100.381,E,7,0.912695,7,6.392962,0.703804,1.100000,0.984261,-1.515530,8.755595,4.960786,-0.925229,0.334545,-0.028279,0.984261,-0.030543,-0.114843,-0.157603,0.197384,0.118835,39.317001,-12.225000,-16.145000,NaN,0.690588,true,Self-supervised model,0.264816,6.560000,41.226751,6.284566,0.685800,0.221352,0.715059,4.986524,false,false
2026-04-17T14:56:36.316192,0.193520,-5.870732,-0.176427,100.109,E,7,0.912695,7,6.392962,0.745765,1.100000,0.966058,-1.544260,8.746018,4.975151,-0.926226,0.274105,-0.015437,0.966058,-0.034819,-0.136223,-0.126449,0.189099,0.140603,38.300003,-12.071000,-18.986000,NaN,0.695130,true,Self-supervised model,0.263321,6.569000,41.499027,6.317404,0.685800,0.221352,0.771967,5.108738,false,false
2026-04-17T14:56:36.323522,0.193520,-5.870732,-0.171760,99.841,E,7,0.912695,7,6.392962,0.772355,1.100000,0.911956,-1.563414,8.686164,4.984728,-0.887949,0.206889,-0.020162,0.911956,-0.041539,-0.156382,-0.103236,0.191933,0.161804,38.300003,-12.071000,-18.986000,NaN,0.699456,true,Self-supervised model,0.259941,6.576000,41.766422,6.351342,0.685800,0.221352,0.846922,4.751421,false,false
2026-04-17T14:56:36.330813,0.193520,-5.870732,-0.167195,99.580,E,7,0.912695,7,6.392962,0.789674,1.105399,0.880597,-1.541866,8.619126,4.977545,-0.870088,0.135338,-0.008997,0.880597,-0.045815,-0.179594,-0.080634,0.202126,0.185346,38.300003,-12.071000,-18.986000,NaN,0.703613,true,Self-supervised model,0.257991,6.583000,42.027971,6.384319,0.685800,0.221352,0.896749,4.356668,false,false
2026-04-17T14:56:36.339422,0.193520,-5.870732,-0.162736,99.324,E,7,0.912695,7,6.392962,0.797661,1.115090,0.839593,-1.539472,8.547300,4.987122,-0.829250,0.131374,-0.001239,0.839593,-0.053145,-0.200364,-0.067806,0.218100,0.207292,38.300003,-12.071000,-18.986000,NaN,0.707650,true,Self-supervised model,0.256158,6.592000,42.283468,6.414361,0.685800,0.221352,0.950057,3.849572,false,false
2026-04-17T14:56:36.347688,0.193520,-5.870732,-0.158361,99.073,E,7,0.912695,7,6.392962,0.802901,1.124602,0.830411,-1.513135,8.542512,4.994305,-0.817691,0.144555,0.008229,0.830411,-0.056810,-0.222355,-0.062308,0.237806,0.229498,38.300003,-12.071000,-18.986000,NaN,0.711686,true,Self-supervised model,0.255022,6.600000,42.534119,6.444564,0.685800,0.221352,0.966872,3.491973,false,false
2026-04-17T14:56:36.355457,0.193520,-5.870732,-0.154060,98.827,E,7,0.912695,7,6.392962,0.807399,1.133914,0.831013,-1.515530,8.554482,5.003881,-0.807080,0.196153,0.026996,0.831013,-0.051924,-0.244957,-0.056810,0.256763,0.250400,38.300003,-12.071000,-18.986000,NaN,0.715694,true,Self-supervised model,0.253670,6.608000,42.780572,6.474058,0.685800,0.221352,0.971584,3.236494,false,false
2026-04-17T14:56:36.362968,0.193520,-5.870732,-0.149827,98.584,E,7,0.912695,7,6.392962,0.814678,1.143145,0.852894,-1.517924,8.604761,5.023035,-0.811878,0.257277,0.045729,0.852894,-0.048258,-0.264505,-0.051313,0.273724,0.268871,38.300003,-12.071000,-18.986000,NaN,0.719654,true,Self-supervised model,0.253987,6.615000,43.023109,6.503871,0.685800,0.221352,0.955193,3.115895,false,false
2026-04-17T14:56:36.370973,0.193520,-5.870732,-0.145661,98.346,E,7,0.912695,7,6.392962,0.827169,1.152506,0.892747,-1.534683,8.664616,5.042189,-0.839091,0.301401,0.045617,0.892747,-0.035430,-0.273668,-0.045815,0.279729,0.275952,38.300003,-12.071000,-18.986000,NaN,0.723550,true,Self-supervised model,0.255932,6.623000,43.261783,6.532052,0.685800,0.221352,0.926543,3.191473,false,false
2026-04-17T14:56:36.379589,0.193520,-5.870732,-0.141559,98.111,E,7,0.912695,7,6.392962,0.846571,1.162268,0.948432,-1.572991,8.707711,5.042189,-0.890695,0.325802,-0.006253,0.948432,-0.021380,-0.274278,-0.036652,0.277541,0.275111,38.300003,-12.071000,-18.986000,NaN,0.727398,true,Self-supervised model,0.257922,6.632000,43.496818,6.558628,0.685800,0.221352,0.892600,3.417266,false,false
2026-04-17T14:56:36.389357,0.193520,-5.870732,-0.137531,97.880,E,7,0.912695,7,6.392962,0.870680,1.172605,0.997248,-1.635240,8.731653,4.989516,-0.916437,0.387629,-0.066264,0.997248,-0.004887,-0.268781,-0.022602,0.269774,0.268825,38.300003,-12.071000,-18.986000,NaN,0.731131,true,Self-supervised model,0.260162,6.642000,43.727627,6.583503,0.685800,0.221352,0.873082,3.696610,false,false
2026-04-17T14:56:36.394983,0.193520,-5.870732,-0.133605,97.655,E,7,0.912695,7,6.392962,0.907653,1.184007,1.101764,-1.671153,8.793902,4.927267,-0.985983,0.474898,-0.127251,1.101764,0.009774,-0.254731,-0.002443,0.254930,0.254918,38.300003,-12.071000,-18.986000,NaN,0.734649,true,Self-supervised model,0.260903,6.647000,43.952578,6.612393,0.685800,0.221352,0.823818,4.321829,false,false
2026-04-17T14:56:36.405043,0.193520,-5.870732,-0.129825,97.438,E,7,0.912695,7,6.392962,0.946094,1.196490,1.147907,-1.750161,8.882488,4.862624,-0.994304,0.539777,-0.194139,1.147907,0.016493,-0.243735,0.022602,0.245336,0.244293,38.300003,-12.071000,-18.986000,NaN,0.737843,true,Self-supervised model,0.266077,6.657000,44.169139,6.634992,0.685800,0.221352,0.824190,4.678917,false,false
2026-04-17T14:56:36.411059,0.193520,-5.870732,-0.126236,97.233,E,7,0.912695,7,6.392962,0.988899,1.210186,1.213629,-1.766921,8.949526,4.790798,-1.028093,0.584766,-0.271970,1.213629,0.018326,-0.242514,0.050702,0.248434,0.243205,38.300003,-12.071000,-18.986000,NaN,0.740670,true,Self-supervised model,0.265804,6.663000,44.374788,6.659881,0.685800,0.221352,0.814828,4.885121,false,false
2026-04-17T14:56:36.421158,0.193520,-5.870732,-0.122881,97.041,E,7,0.912695,7,6.392962,1.025214,1.224788,1.215864,-1.807622,8.997410,4.707001,-1.025140,0.552671,-0.349238,1.215864,0.014050,-0.233961,0.081856,0.248265,0.234383,38.300003,-12.071000,-18.986000,NaN,0.743087,true,Self-supervised model,0.267976,6.674000,44.567000,6.677704,0.685800,0.221352,0.843198,4.897436,false,false
2026-04-17T14:56:36.426780,0.193520,-5.870732,-0.119783,96.863,E,7,0.912695,7,6.392962,1.049460,1.239774,1.176752,-1.810017,8.968679,4.623203,-1.001419,0.525172,-0.325727,1.176752,0.007941,-0.213803,0.108123,0.239719,0.213950,38.300003,-12.071000,-18.986000,NaN,0.745157,true,Self-supervised model,0.264046,6.679000,44.744489,6.699280,0.685800,0.221352,0.891828,4.908875,false,false
2026-04-17T14:56:36.435258,0.193520,-5.870732,-0.116951,96.701,E,7,0.912695,7,6.392962,1.054922,1.254380,1.083600,-1.790863,8.944737,4.639963,-0.928020,0.488038,-0.273471,1.083600,0.003054,-0.198531,0.125227,0.234746,0.198555,38.300003,-12.071000,-18.986000,NaN,0.746927,true,Self-supervised model,0.262924,6.688000,44.906762,6.714528,0.685800,0.221352,0.973535,4.616046,false,false
2026-04-17T14:56:36.442632,0.193520,-5.870732,-0.114361,96.552,E,7,0.912695,7,6.392962,1.040573,1.267828,0.965239,-1.721431,8.911219,4.685453,-0.835610,0.441169,-0.197009,0.965239,0.008552,-0.185092,0.131336,0.227115,0.185290,38.300003,-12.071000,-18.986000,NaN,0.748547,true,Self-supervised model,0.257889,6.695000,45.055147,6.729671,0.685800,0.221352,1.078047,4.249993,false,false
2026-04-17T14:56:36.453799,0.193520,-5.870732,-0.111985,96.416,E,7,0.912695,7,6.392962,1.010898,1.279551,0.855105,-1.632846,8.868123,4.754885,-0.731588,0.420272,-0.139123,0.855105,0.022602,-0.178984,0.131336,0.223148,0.180405,38.300003,-12.071000,-18.986000,NaN,0.750070,true,Self-supervised model,0.254095,6.706000,45.191312,6.738937,0.685800,0.221352,1.182192,3.832005,false,false
2026-04-17T14:56:36.458646,0.193520,-5.870732,-0.109793,96.291,E,7,0.912695,7,6.392962,0.971353,1.289223,0.763739,-1.532289,8.851364,4.805163,-0.599295,0.465753,-0.084954,0.763739,0.043982,-0.171042,0.125838,0.216853,0.176607,38.300003,-12.071000,-18.986000,NaN,0.751520,true,Self-supervised model,0.246684,6.711000,45.316858,6.752624,0.685800,0.221352,1.271839,3.521922,false,false
2026-04-17T14:56:36.470683,0.193520,-5.870732,-0.107743,96.173,E,7,0.912695,7,6.392962,0.937500,1.297154,0.759772,-1.403002,8.901642,4.850653,-0.529157,0.541791,-0.060902,0.759772,0.063530,-0.156382,0.105069,0.198823,0.168793,38.300003,-12.071000,-18.986000,NaN,0.753008,true,Self-supervised model,0.250472,6.723000,45.434348,6.758047,0.685800,0.221352,1.233922,3.821346,false,false
2026-04-17T14:56:36.474599,0.193520,-5.870732,-0.105782,96.061,E,7,0.912695,7,6.392962,0.920656,1.304094,0.832229,-1.335965,8.983045,4.865018,-0.551849,0.622175,0.031063,0.832229,0.082467,-0.140499,0.084299,0.183432,0.162913,38.415001,-8.459001,-22.200001,NaN,0.754608,true,Self-supervised model,0.250811,6.727000,45.546675,6.770726,0.685800,0.221352,1.106254,4.536999,false,false
2026-04-17T14:56:36.483062,0.193520,-5.870732,-0.103875,95.952,E,7,0.912695,7,6.392962,0.927974,1.311049,0.966391,-1.362301,9.069236,4.946421,-0.634098,0.723644,0.090392,0.966391,0.106901,-0.131336,0.066584,0.181963,0.169343,38.415001,-8.459001,-22.200001,NaN,0.756301,true,Self-supervised model,0.260679,6.735000,45.655937,6.778907,0.685800,0.221352,0.960246,5.310923,false,false
2026-04-17T14:56:36.490852,0.193520,-5.870732,-0.102015,95.845,E,7,0.912695,7,6.392962,0.961558,1.319070,1.137875,-1.448492,9.176975,4.994305,-0.795632,0.805309,0.114922,1.137875,0.135001,-0.122173,0.062308,0.192442,0.182076,38.415001,-8.459001,-22.200001,NaN,0.757974,true,Self-supervised model,0.266461,6.743000,45.762511,6.786669,0.685800,0.221352,0.845047,5.912825,false,false
2026-04-17T14:56:36.498543,0.193520,-5.870732,-0.100242,95.743,E,7,0.912695,7,6.392962,1.006198,1.328555,1.240559,-1.613692,9.265560,5.006276,-0.922381,0.826298,0.073699,1.240559,0.160047,-0.108123,0.082467,0.210015,0.193146,38.415001,-8.459001,-22.200001,NaN,0.759400,true,Self-supervised model,0.269076,6.751000,45.864116,6.793677,0.685800,0.221352,0.811085,5.907000,false,false
2026-04-17T14:56:36.506662,0.193520,-5.870732,-0.098633,95.651,E,7,0.912695,7,6.392962,1.060076,1.339816,1.342935,-1.742979,9.294291,4.951209,-1.036463,0.853781,0.016680,1.342935,0.172875,-0.087965,0.108734,0.222366,0.193968,38.415001,-8.459001,-22.200001,NaN,0.760351,true,Self-supervised model,0.272073,6.759000,45.956293,6.799274,0.685800,0.221352,0.789373,6.039306,false,false
2026-04-17T14:56:36.515380,0.193520,-5.870732,-0.097285,95.574,E,7,0.912695,7,6.392962,1.106787,1.352494,1.352016,-1.857901,9.330204,4.879383,-1.083145,0.809136,-0.006580,1.352016,0.173486,-0.061087,0.152716,0.239063,0.183926,38.415001,-8.459001,-22.200001,NaN,0.760655,true,Self-supervised model,0.271935,6.768000,46.033523,6.801643,0.685800,0.221352,0.818619,5.655480,false,false
2026-04-17T14:56:36.522937,0.193520,-5.870732,-0.096308,95.518,E,7,0.912695,7,6.392962,1.140416,1.366011,1.316969,-1.903390,9.294291,4.841076,-1.058431,0.783460,0.017963,1.316969,0.172264,-0.049480,0.204029,0.271571,0.179229,38.415001,-8.459001,-22.200001,NaN,0.760150,true,Self-supervised model,0.269994,6.775000,46.089519,6.802881,0.685800,0.221352,0.865940,4.849441,false,false
2026-04-17T14:56:36.530628,0.193520,-5.870732,-0.095804,95.489,E,7,0.912695,7,6.392962,1.146258,1.379221,1.176927,-1.874660,9.277532,4.850653,-0.917383,0.736340,0.037024,1.176927,0.162490,-0.041539,0.254731,0.304986,0.167716,38.415001,-8.459001,-22.200001,NaN,0.758760,true,Self-supervised model,0.264993,6.783000,46.118383,6.799113,0.685800,0.221352,0.973941,3.858957,false,false
2026-04-17T14:56:36.538974,0.193520,-5.870732,-0.095829,95.491,E,7,0.912695,7,6.392962,1.121865,1.390927,0.993806,-1.726219,9.239224,4.855441,-0.740984,0.660864,0.043033,0.993806,0.146608,-0.040317,0.291383,0.328669,0.152050,38.415001,-8.459001,-22.200001,NaN,0.756621,true,Self-supervised model,0.257971,6.791000,46.116968,6.790895,0.685800,0.221352,1.128858,3.023730,false,false
2026-04-17T14:56:36.547328,0.193520,-5.870732,-0.096409,95.524,E,7,0.912695,7,6.392962,1.069854,1.400084,0.796796,-1.539472,9.172187,4.848258,-0.507286,0.607777,0.090295,0.796796,0.115454,-0.040317,0.323148,0.345513,0.122291,38.415001,-8.459001,-22.200001,NaN,0.753821,true,Self-supervised model,0.248020,6.800000,46.083745,6.777021,0.685800,0.221352,1.342695,2.306123,false,false
2026-04-17T14:56:36.554843,0.193520,-5.870732,-0.097536,95.588,E,7,0.912695,7,6.392962,1.008477,1.406420,0.686248,-1.292869,9.126697,4.884171,-0.320965,0.577615,0.185148,0.686248,0.075747,-0.042150,0.337198,0.348162,0.086685,38.415001,-8.459001,-22.200001,NaN,0.750503,true,Self-supervised model,0.241725,6.807000,46.019151,6.760563,0.685800,0.221352,1.469551,1.971063,false,false
2026-04-17T14:56:36.562355,0.193520,-5.870732,-0.099171,95.682,E,7,0.912695,7,6.392962,0.950969,1.410202,0.649053,-1.091756,9.102755,4.970363,-0.210171,0.556067,0.260553,0.649053,0.042761,-0.047037,0.340863,0.346740,0.063568,38.415001,-8.459001,-22.200001,NaN,0.746839,true,Self-supervised model,0.239711,6.815000,45.925483,6.738882,0.685800,0.221352,1.465164,1.871875,false,false
2026-04-17T14:56:36.570934,0.193520,-5.870732,-0.101279,95.803,E,7,0.912695,7,6.392962,0.902720,1.411902,0.649411,-0.964863,9.085996,5.039794,-0.146093,0.548156,0.316096,0.649411,0.002443,-0.050091,0.347582,0.351182,0.050151,38.415001,-8.459001,-22.200001,NaN,0.742840,true,Self-supervised model,0.240258,6.823000,45.804726,6.713282,0.685800,0.221352,1.390060,1.849217,false,false
2026-04-17T14:56:36.579184,0.193520,-5.870732,-0.103844,95.950,E,7,0.912695,7,6.392962,0.863645,1.411972,0.658501,-0.883460,9.081207,5.092467,-0.090690,0.506101,0.411413,0.658501,-0.042150,-0.054367,0.359189,0.365717,0.068792,38.415001,-8.459001,-22.200001,NaN,0.738443,true,Self-supervised model,0.240762,6.832000,45.657737,6.682924,0.685800,0.221352,1.311532,1.800575,false,false
2026-04-17T14:56:36.587100,0.193520,-5.870732,-0.106861,96.123,E,7,0.912695,7,6.392962,0.840322,1.411106,0.717873,-0.809240,9.040505,5.188235,-0.022717,0.511312,0.503375,0.717873,-0.083689,-0.064141,0.372628,0.387259,0.105441,38.415001,-8.459001,-22.200001,NaN,0.733621,true,Self-supervised model,0.243282,6.840000,45.484885,6.649837,0.685800,0.221352,1.170571,1.853730,false,false
2026-04-17T14:56:36.594743,0.193520,-5.870732,-0.110337,96.322,E,7,0.912695,7,6.392962,0.837104,1.410146,0.820211,-0.720655,9.045294,5.284003,0.143495,0.513288,0.623451,0.820211,-0.115454,-0.074526,0.384845,0.408643,0.137418,38.415001,-8.459001,-22.200001,NaN,0.728308,true,Self-supervised model,0.247574,6.847000,45.285721,6.613951,0.685800,0.221352,1.020596,2.007157,false,false
2026-04-17T14:56:36.603136,0.193520,-5.870732,-0.114271,96.547,E,7,0.912695,7,6.392962,0.851432,1.409798,0.926655,-0.531513,9.045294,5.410896,0.367376,0.483099,0.700243,0.926655,-0.140499,-0.072693,0.387289,0.418350,0.158191,38.415001,-8.459001,-22.200001,NaN,0.722542,true,Self-supervised model,0.251822,6.856000,45.060318,6.572392,0.685800,0.221352,0.918823,2.215024,false,false
2026-04-17T14:56:36.610513,0.193520,-5.870732,-0.118639,96.798,E,7,0.912695,7,6.392962,0.894345,1.411179,1.119637,-0.282516,9.011775,5.497087,0.609430,0.496882,0.797051,1.119637,-0.155160,-0.036652,0.374460,0.406987,0.159430,38.415001,-8.459001,-22.200001,NaN,0.716438,true,Self-supervised model,0.257303,6.863000,44.810053,6.529222,0.685800,0.221352,0.798781,2.751039,false,false
2026-04-17T14:56:36.620055,0.193520,-5.870732,-0.123326,97.066,E,7,0.912695,7,6.392962,0.964074,1.415295,1.330149,-0.014365,9.021352,5.604826,0.846376,0.508681,0.891172,1.330149,-0.155771,0.018326,0.339641,0.374107,0.156845,38.415001,-8.459001,-22.200001,NaN,0.710476,true,Self-supervised model,0.264553,6.872000,44.541520,6.481595,0.685800,0.221352,0.724786,3.555527,false,false
2026-04-17T14:56:36.626974,0.193520,-5.870732,-0.128133,97.341,E,7,0.912695,7,6.392962,1.051994,1.422763,1.513574,0.246603,9.028535,5.710171,0.997450,0.496485,1.024452,1.513574,-0.138666,0.086132,0.291994,0.334526,0.163239,38.415001,-8.459001,-22.200001,NaN,0.705187,true,Self-supervised model,0.267317,6.879000,44.266082,6.434959,0.685800,0.221352,0.695039,4.524539,false,false
2026-04-17T14:56:36.634522,0.193520,-5.870732,-0.132881,97.614,E,7,0.912695,7,6.392962,1.147964,1.433771,1.651807,0.416591,9.011775,5.853823,1.015561,0.529402,1.190309,1.651807,-0.111177,0.165544,0.235794,0.308811,0.199413,39.320004,-9.654000,-27.654001,NaN,0.700674,true,Self-supervised model,0.272219,6.887000,43.994019,6.387980,0.685800,0.221352,0.694975,5.348926,false,false
2026-04-17T14:56:36.642575,0.193520,-5.870732,-0.137415,97.873,E,7,0.912695,7,6.392962,1.221434,1.447278,1.607151,0.447716,9.040505,6.028600,0.974841,0.479681,1.184282,1.607151,-0.051924,0.237627,0.174097,0.299119,0.243233,39.320004,-9.654000,-27.654001,NaN,0.697000,true,Self-supervised model,0.272378,6.895000,43.734275,6.342897,0.685800,0.221352,0.759999,5.372951,false,false
2026-04-17T14:56:36.653030,0.193520,-5.870732,-0.141520,98.108,E,7,0.912695,7,6.392962,1.265585,1.462010,1.497382,0.414197,8.987833,6.028600,0.896517,0.436785,1.116973,1.497382,0.007330,0.304211,0.122784,0.328137,0.304299,39.320004,-9.654000,-27.654001,NaN,0.694608,true,Self-supervised model,0.270041,6.905000,43.499064,6.299647,0.685800,0.221352,0.845199,4.563282,false,false
2026-04-17T14:56:36.658424,0.193520,-5.870732,-0.145262,98.323,E,7,0.912695,7,6.392962,1.264736,1.476119,1.260275,0.335188,8.944737,5.961562,0.783913,0.318928,0.933840,1.260275,0.051924,0.351248,0.100182,0.368927,0.355065,39.320004,-9.654000,-27.654001,NaN,0.692320,true,Self-supervised model,0.258797,6.911000,43.284671,6.263156,0.685800,0.221352,1.003540,3.416052,false,false
2026-04-17T14:56:36.669527,0.193520,-5.870732,-0.148691,98.519,E,7,0.912695,7,6.392962,1.225366,1.488089,1.018672,0.220267,8.827422,5.777209,0.716329,0.166517,0.704867,1.018672,0.086132,0.401949,0.091630,0.421163,0.411074,39.320004,-9.654000,-27.654001,NaN,0.690142,true,Self-supervised model,0.252799,6.922000,43.088205,6.224820,0.685800,0.221352,1.202904,2.418715,false,false
2026-04-17T14:56:36.674747,0.193520,-5.870732,-0.151936,98.705,E,7,0.912695,7,6.392962,1.175132,1.497571,0.911407,0.148441,8.676587,5.544971,0.756855,0.016249,0.507514,0.911407,0.095906,0.463647,0.097128,0.483322,0.473462,39.320004,-9.654000,-27.654001,NaN,0.687632,true,Self-supervised model,0.244349,6.927000,42.902265,6.193484,0.685800,0.221352,1.289360,1.885715,false,false
2026-04-17T14:56:36.683620,0.193520,-5.870732,-0.155152,98.890,E,7,0.912695,7,6.392962,1.148934,1.505625,1.011396,0.184354,8.528147,5.343858,0.904096,-0.049829,0.450610,1.011396,0.091630,0.507629,0.106901,0.526793,0.515833,39.320004,-9.654000,-27.654001,NaN,0.684532,true,Self-supervised model,0.250198,6.936000,42.717998,6.158881,0.685800,0.221352,1.135989,1.919911,false,false
2026-04-17T14:56:36.691083,0.193520,-5.870732,-0.158470,99.080,E,7,0.912695,7,6.392962,1.163574,1.513943,1.240431,0.328006,8.463503,5.284003,1.121072,-0.148780,0.509639,1.240431,0.088575,0.527788,0.110567,0.546471,0.535169,39.320004,-9.654000,-27.654001,NaN,0.680809,true,Self-supervised model,0.257142,6.944000,42.527918,6.124412,0.685800,0.221352,0.938040,2.269895,false,false
2026-04-17T14:56:36.698724,0.193520,-5.870732,-0.161980,99.281,E,7,0.912695,7,6.392962,1.217207,1.524074,1.498778,0.543484,8.365341,5.341464,1.361105,-0.156060,0.607761,1.498778,0.087965,0.503964,0.106291,0.522508,0.511583,39.320004,-9.654000,-27.654001,NaN,0.676527,true,Self-supervised model,0.264329,6.951000,42.326788,6.089309,0.685800,0.221352,0.812133,2.868428,false,false
2026-04-17T14:56:36.706942,0.193520,-5.870732,-0.165701,99.494,E,7,0.912695,7,6.392962,1.299989,1.537110,1.734596,0.785298,8.358158,5.439626,1.523313,-0.127137,0.819866,1.734596,0.097738,0.443488,0.086132,0.462226,0.454131,39.320004,-9.654000,-27.654001,NaN,0.671961,true,Self-supervised model,0.271426,6.959000,42.113564,6.051669,0.685800,0.221352,0.749447,3.752698,false,false
2026-04-17T14:56:36.715614,0.193520,-5.870732,-0.169604,99.718,E,7,0.912695,7,6.392962,1.391665,1.553292,1.872963,0.952892,8.386889,5.652710,1.604768,-0.141569,0.955337,1.872963,0.130725,0.347582,0.059865,0.376147,0.371352,39.320004,-9.654000,-27.654001,NaN,0.667333,true,Self-supervised model,0.276544,6.968000,41.889952,6.011761,0.685800,0.221352,0.743028,4.979342,false,false
2026-04-17T14:56:36.723289,0.193520,-5.870732,-0.173640,99.949,E,7,0.912695,7,6.392962,1.479705,1.572349,1.941914,1.043872,8.372523,5.789180,1.650893,-0.221386,0.998284,1.941914,0.174097,0.258396,0.034208,0.313446,0.311574,39.320004,-9.654000,-27.654001,NaN,0.662768,true,Self-supervised model,0.279417,6.976000,41.658743,5.971723,0.685800,0.221352,0.761983,6.195371,false,false
2026-04-17T14:56:36.730611,0.193520,-5.870732,-0.177013,100.142,E,7,0.912695,7,6.392962,1.552732,1.593564,1.936123,1.103727,8.293514,5.832275,1.681393,-0.264586,0.922759,1.936123,0.243735,0.160658,0.001222,0.291923,0.291921,39.320004,-9.654000,-27.654001,NaN,0.662042,true,Self-supervised model,0.281242,6.983000,41.465459,5.938058,0.685800,0.221352,0.801980,6.632300,false,false
2026-04-17T14:56:36.738909,0.193520,-5.870732,-0.179772,100.300,E,7,0.912695,7,6.392962,1.603886,1.615977,1.872447,1.132457,8.257602,5.743690,1.719800,-0.202354,0.712319,1.872447,0.310320,0.102625,-0.025045,0.327807,0.326849,39.320004,-9.654000,-27.654001,NaN,0.661742,true,Self-supervised model,0.280055,6.991000,41.307391,5.908653,0.685800,0.221352,0.856572,5.712041,false,false
2026-04-17T14:56:36.748135,0.193520,-5.870732,-0.181978,100.427,E,7,0.912695,7,6.392962,1.631194,1.638586,1.774562,1.170765,8.329428,5.516241,1.731313,-0.108678,0.373919,1.774562,0.364076,0.088575,-0.040928,0.376924,0.374696,39.320004,-9.654000,-27.654001,NaN,0.661747,true,Self-supervised model,0.277330,7.001000,41.180999,5.882160,0.685800,0.221352,0.919209,4.708009,false,false
2026-04-17T14:56:36.755324,0.193520,-5.870732,-0.184800,100.588,E,7,0.912695,7,6.392962,1.641562,1.660705,1.695992,1.182736,8.434772,5.157111,1.695707,0.002913,0.030924,1.695992,0.390954,0.116675,-0.042761,0.410227,0.407993,39.320004,-9.654000,-27.654001,NaN,0.656459,true,Self-supervised model,0.273070,7.008000,41.019290,5.853209,0.685800,0.221352,0.967907,4.134274,false,false
2026-04-17T14:56:36.762354,0.193520,-5.870732,-0.188226,100.785,E,7,0.912695,7,6.392962,1.647608,1.682181,1.679353,1.175553,8.554482,4.802769,1.661333,0.101253,-0.223485,1.679353,0.390343,0.174707,-0.039706,0.429496,0.427657,39.320004,-9.654000,-27.654001,NaN,0.650618,true,Self-supervised model,0.271457,7.015000,40.822989,5.819386,0.685800,0.221352,0.981097,3.910055,false,false
2026-04-17T14:56:36.770830,0.193520,-5.870732,-0.192265,101.016,E,7,0.912695,7,6.392962,1.637768,1.702404,1.586105,1.170765,8.662222,4.534618,1.537630,0.115382,-0.371632,1.586105,0.364076,0.245568,-0.031154,0.440256,0.439152,39.320004,-9.654000,-27.654001,NaN,0.644128,true,Self-supervised model,0.268513,7.023000,40.591574,5.779806,0.685800,0.221352,1.032572,3.602689,false,false
2026-04-17T14:56:36.778631,0.193520,-5.870732,-0.196913,101.282,E,7,0.912695,7,6.392962,1.603439,1.720446,1.423213,1.077391,8.686164,4.371812,1.344466,0.172803,-0.433686,1.423213,0.321315,0.302989,-0.012828,0.441826,0.441640,39.320004,-9.654000,-27.654001,NaN,0.637042,true,Self-supervised model,0.262025,7.031000,40.325249,5.735350,0.685800,0.221352,1.126634,3.221205,false,false
2026-04-17T14:56:36.788437,0.193520,-5.870732,-0.202172,101.584,E,7,0.912695,7,6.392962,1.546293,1.735480,1.246277,0.914585,8.753201,4.295198,1.144277,0.233616,-0.435038,1.246277,0.254120,0.359800,0.024435,0.441169,0.440491,39.320004,-9.654000,-27.654001,NaN,0.629343,true,Self-supervised model,0.256732,7.041000,40.023959,5.684414,0.685800,0.221352,1.240730,2.824944,false,false
2026-04-17T14:56:36.794767,0.193520,-5.870732,-0.208058,101.921,E,7,0.912695,7,6.392962,1.465311,1.746673,1.040158,0.744597,8.822633,4.280833,0.919391,0.272105,-0.403245,1.040158,0.171042,0.389732,0.085521,0.434120,0.425613,40.470001,-11.243001,-25.870001,NaN,0.620946,true,Self-supervised model,0.245614,7.047000,39.686712,5.631717,0.685800,0.221352,1.408740,2.396013,false,false
2026-04-17T14:56:36.803072,0.193520,-5.870732,-0.214629,102.297,E,7,0.912695,7,6.392962,1.370524,1.753627,0.872889,0.550666,8.868123,4.302381,0.759343,0.255309,-0.346627,0.872889,0.076358,0.397062,0.165544,0.436914,0.404338,40.470001,-11.243001,-25.870001,NaN,0.611637,true,Self-supervised model,0.240174,7.055000,39.310241,5.571969,0.685800,0.221352,1.570101,1.997849,false,false
2026-04-17T14:56:36.810680,0.193520,-5.870732,-0.220878,102.655,E,7,0.912695,7,6.392962,1.274400,1.756458,0.769751,0.423774,8.856153,4.352659,0.710971,0.100562,-0.277352,0.769751,-0.012828,0.387289,0.247400,0.459743,0.387501,40.470001,-11.243001,-25.870001,NaN,0.606671,true,Self-supervised model,0.235158,7.063000,38.952157,5.514959,0.685800,0.221352,1.655600,1.674306,false,false
2026-04-17T14:56:36.820100,0.193520,-5.870732,-0.227185,103.017,E,7,0.912695,7,6.392962,1.200873,1.756235,0.814856,0.383072,8.702923,4.419696,0.787238,-0.182169,-0.105172,0.814856,-0.152716,0.332311,0.355524,0.510049,0.365722,40.470001,-11.243001,-25.870001,NaN,0.600137,true,Self-supervised model,0.239411,7.073000,38.590813,5.456074,0.685800,0.221352,1.473725,1.597604,false,false
2026-04-17T14:56:36.826587,0.193520,-5.870732,-0.233807,103.396,E,7,0.912695,7,6.392962,1.182672,1.755292,1.087119,0.474052,8.418014,4.596867,0.958926,-0.499210,0.114362,1.087119,-0.224188,0.271224,0.393397,0.527811,0.351884,40.470001,-11.243001,-25.870001,NaN,0.592254,true,Self-supervised model,0.247787,7.079000,38.211401,5.397853,0.685800,0.221352,1.087896,2.059677,false,false
2026-04-17T14:56:36.835419,0.193520,-5.870732,-0.240802,103.797,E,7,0.912695,7,6.392962,1.219215,1.755849,1.411063,0.667982,8.094796,4.829105,1.180098,-0.724123,0.272234,1.411063,-0.309709,0.167988,0.422108,0.549831,0.352334,40.470001,-11.243001,-25.870001,NaN,0.583766,true,Self-supervised model,0.259528,7.088000,37.810614,5.334455,0.685800,0.221352,0.864040,2.566355,false,false
2026-04-17T14:56:36.842684,0.193520,-5.870732,-0.248114,104.216,E,7,0.912695,7,6.392962,1.295480,1.759434,1.695874,0.916979,7.860164,5.006276,1.353937,-0.931811,0.417818,1.695874,-0.359189,0.069028,0.419664,0.556686,0.365761,40.470001,-11.243001,-25.870001,NaN,0.575189,true,Self-supervised model,0.264654,7.095000,37.391698,5.270148,0.685800,0.221352,0.763901,3.046372,false,false
2026-04-17T14:56:36.852998,0.193520,-5.870732,-0.255614,104.646,E,7,0.912695,7,6.392962,1.400499,1.767077,1.951850,1.122881,7.639898,5.176264,1.539177,-1.079895,0.523907,1.951850,-0.397062,-0.040317,0.400728,0.565568,0.399104,40.470001,-11.243001,-25.870001,NaN,0.566934,true,Self-supervised model,0.272474,7.105000,36.961968,5.202247,0.685800,0.221352,0.717524,3.451135,false,false
2026-04-17T14:56:36.858506,0.193520,-5.870732,-0.263127,105.076,E,7,0.912695,7,6.392962,1.508362,1.778728,2.074642,1.343147,7.477092,5.310339,1.613338,-1.171661,0.573141,2.074642,-0.408669,-0.130725,0.356134,0.557612,0.429068,40.470001,-11.243001,-25.870001,NaN,0.559370,true,Self-supervised model,0.268214,7.111000,36.531509,5.137324,0.685800,0.221352,0.727047,3.720584,false,false
2026-04-17T14:56:36.868732,0.193520,-5.870732,-0.270468,105.497,E,7,0.912695,7,6.392962,1.605427,1.793796,2.115015,1.453280,7.369353,5.389348,1.671419,-1.145812,0.605609,2.115015,-0.395841,-0.189979,0.304211,0.534159,0.439069,40.470001,-11.243001,-25.870001,NaN,0.552716,true,Self-supervised model,0.277052,7.121000,36.110884,5.071041,0.685800,0.221352,0.759062,3.959521,false,false
2026-04-17T14:56:36.874735,0.193520,-5.870732,-0.277486,105.899,E,7,0.912695,7,6.392962,1.682340,1.811338,2.086135,1.546654,7.378930,5.451597,1.655015,-1.139624,0.560483,2.086135,-0.369573,-0.215025,0.259618,0.500221,0.427575,40.470001,-11.243001,-25.870001,NaN,0.546992,true,Self-supervised model,0.273615,7.127000,35.708792,5.010354,0.685800,0.221352,0.806439,4.170423,false,false
2026-04-17T14:56:36.883654,0.193520,-5.870732,-0.284971,106.328,E,7,0.912695,7,6.392962,1.730321,1.830097,1.982219,1.563414,7.369353,5.434838,1.589831,-1.076827,0.492010,1.982219,-0.324369,-0.215635,0.207694,0.441419,0.389505,40.470001,-11.243001,-25.870001,NaN,0.537639,true,Self-supervised model,0.275346,7.136000,35.279950,4.943939,0.685800,0.221352,0.872921,4.490557,false,false
2026-04-17T14:56:36.891502,0.193520,-5.870732,-0.292606,106.765,E,7,0.912695,7,6.392962,1.749442,1.848871,1.849831,1.553837,7.412448,5.401319,1.460246,-1.058778,0.410543,1.849831,-0.267559,-0.189368,0.165544,0.367224,0.327793,40.470001,-11.243001,-25.870001,NaN,0.529400,true,Self-supervised model,0.272979,7.144000,34.842459,4.877164,0.685800,0.221352,0.945731,5.037343,false,false
2026-04-17T14:56:36.898718,0.193520,-5.870732,-0.300149,107.197,E,7,0.912695,7,6.392962,1.738771,1.866467,1.682749,1.474828,7.412448,5.351041,1.298379,-1.011621,0.349970,1.682749,-0.208305,-0.140499,0.127060,0.281559,0.251259,40.470001,-11.243001,-25.870001,NaN,0.522226,true,Self-supervised model,0.271507,7.151000,34.410260,4.811951,0.685800,0.221352,1.033292,5.976552,false,false
2026-04-17T14:56:36.906346,0.193520,-5.870732,-0.307434,107.615,E,7,0.912695,7,6.392962,1.707566,1.882111,1.543736,1.357512,7.443573,5.317522,1.142648,-0.995553,0.293853,1.543736,-0.155771,-0.092852,0.100793,0.207473,0.181345,40.470001,-11.243001,-25.870001,NaN,0.515978,true,Self-supervised model,0.270817,7.159000,33.992899,4.748275,0.685800,0.221352,1.106125,7.440658,false,false
2026-04-17T14:56:36.914889,0.193520,-5.870732,-0.314340,108.010,E,7,0.912695,7,6.392962,1.661337,1.895280,1.418637,1.240196,7.445967,5.284003,0.983878,-0.989251,0.256706,1.418637,-0.089186,-0.029932,0.073304,0.119263,0.094075,40.470001,-11.243001,-25.870001,NaN,0.510585,true,Self-supervised model,0.274512,7.167000,33.597210,4.687765,0.685800,0.221352,1.171080,11.895055,false,false
2026-04-17T14:56:36.922911,0.193520,-5.870732,-0.320799,108.380,E,7,0.912695,7,6.392962,1.621416,1.906326,1.411833,1.113304,7.441179,5.264850,0.914922,-1.050517,0.229354,1.411833,-0.015272,0.029322,0.054978,0.064152,0.033060,40.470001,-11.243001,-25.870001,NaN,0.505915,true,Self-supervised model,0.285920,7.175000,33.227149,4.630962,0.685800,0.221352,1.148448,22.007455,false,false
2026-04-17T14:56:36.930508,0.193520,-5.870732,-0.326764,108.722,E,7,0.912695,7,6.392962,1.580868,1.915307,1.367986,1.070208,7.371747,5.250484,0.861246,-1.050428,0.161991,1.367986,0.062308,0.083689,0.034819,0.109993,0.104336,40.470001,-11.243001,-25.870001,NaN,0.501924,true,Self-supervised model,0.274122,7.183000,32.885369,4.578222,0.685800,0.221352,1.155617,12.437022,false,false
2026-04-17T14:56:36.938890,0.193520,-5.870732,-0.331751,109.008,E,7,0.912695,7,6.392962,1.546628,1.922560,1.366868,1.036689,7.366959,5.190629,0.867562,-1.055871,0.028265,1.366868,0.127671,0.128282,0.020769,0.182174,0.180986,40.470001,-11.243001,-25.870001,NaN,0.500849,true,Self-supervised model,0.270657,7.191000,32.599623,4.533392,0.685800,0.221352,1.131512,7.503086,false,false
2026-04-17T14:56:36.947671,0.193520,-5.870732,-0.335904,109.246,E,7,0.912695,7,6.392962,1.517809,1.928370,1.366511,1.043872,7.364564,5.051765,0.905882,-1.011537,-0.153379,1.366511,0.193033,0.173486,0.006109,0.259608,0.259537,40.470001,-11.243001,-25.870001,NaN,0.500034,true,Self-supervised model,0.268726,7.200000,32.361688,4.494679,0.685800,0.221352,1.110718,5.263741,false,false
2026-04-17T14:56:36.957388,0.193520,-5.870732,-0.339703,109.464,E,7,0.912695,7,6.392962,1.498805,1.933187,1.399034,1.079785,7.414843,4.860229,0.950552,-0.963943,-0.352931,1.399034,0.242514,0.210749,-0.013439,0.321572,0.321291,44.664001,-15.342001,-22.231001,NaN,0.497647,true,Self-supervised model,0.269077,7.210000,32.143992,4.458251,0.685800,0.221352,1.071314,4.350614,false,false
2026-04-17T14:56:36.962328,0.193520,-5.870732,-0.343080,109.657,E,7,0.912695,7,6.392962,1.491039,1.937501,1.450267,1.130063,7.467515,4.651934,0.914048,-0.928268,-0.637267,1.450267,0.263283,0.239459,-0.032987,0.357417,0.355891,44.664001,-15.342001,-22.231001,NaN,0.495961,true,Self-supervised model,0.266194,7.215000,31.950516,4.428346,0.685800,0.221352,1.028113,4.057636,false,false
2026-04-17T14:56:36.970526,0.193520,-5.870732,-0.345947,109.821,E,7,0.912695,7,6.392962,1.490808,1.941634,1.489598,1.094150,7.510611,4.355053,0.871048,-0.879459,-0.828691,1.489598,0.259618,0.264505,-0.065973,0.376453,0.370627,44.664001,-15.342001,-22.231001,NaN,0.495133,true,Self-supervised model,0.271109,7.223000,31.786243,4.400698,0.685800,0.221352,1.000812,3.956934,false,false
2026-04-17T14:56:36.978736,0.193520,-5.870732,-0.348209,109.951,E,7,0.912695,7,6.392962,1.491276,1.945619,1.493729,1.046266,7.568071,4.149151,0.759448,-0.869030,-0.948290,1.493729,0.232129,0.279165,-0.098349,0.376151,0.363066,44.664001,-15.342001,-22.231001,NaN,0.495293,true,Self-supervised model,0.271847,7.231000,31.656654,4.377908,0.685800,0.221352,0.998357,3.971088,false,false
2026-04-17T14:56:36.986853,0.193520,-5.870732,-0.349814,110.043,E,7,0.912695,7,6.392962,1.488420,1.949331,1.473428,0.924162,7.587225,4.015076,0.671212,-0.817257,-1.025942,1.473428,0.197309,0.274889,-0.127671,0.361656,0.338371,44.664001,-15.342001,-22.231001,NaN,0.496315,true,Self-supervised model,0.272294,7.239000,31.564697,4.360367,0.685800,0.221352,1.010175,4.074116,false,false
2026-04-17T14:56:36.995007,0.193520,-5.870732,-0.350750,110.097,E,7,0.912695,7,6.392962,1.480749,1.952588,1.440472,0.821211,7.647080,3.924097,0.573831,-0.761745,-1.079547,1.440472,0.156382,0.255342,-0.146608,0.333389,0.299424,44.664001,-15.342001,-22.231001,NaN,0.498052,true,Self-supervised model,0.272776,7.247000,31.511041,4.348150,0.685800,0.221352,1.027960,4.320693,false,false
2026-04-17T14:56:37.002716,0.193520,-5.870732,-0.351066,110.115,E,7,0.912695,7,6.392962,1.462573,1.954988,1.367152,0.706290,7.709330,3.859453,0.498948,-0.656754,-1.090335,1.367152,0.108734,0.222966,-0.156992,0.293570,0.248066,44.664001,-15.342001,-22.231001,NaN,0.500219,true,Self-supervised model,0.272261,7.255000,31.492946,4.340861,0.685800,0.221352,1.069795,4.656986,false,false
2026-04-17T14:56:37.010386,0.193520,-5.870732,-0.350845,110.102,E,7,0.912695,7,6.392962,1.431923,1.956065,1.271008,0.612916,7.819463,3.840300,0.456982,-0.561785,-1.044522,1.271008,0.061697,0.188757,-0.161879,0.256205,0.198585,44.664001,-15.342001,-22.231001,NaN,0.502586,true,Self-supervised model,0.270326,7.263000,31.505594,4.337821,0.685800,0.221352,1.126604,4.960910,false,false
2026-04-17T14:56:37.019690,0.193520,-5.870732,-0.350204,110.065,E,7,0.912695,7,6.392962,1.393535,1.955564,1.192002,0.553061,7.917625,3.881001,0.420420,-0.455665,-1.018079,1.192002,0.015882,0.144164,-0.153327,0.211056,0.145036,44.664001,-15.342001,-22.231001,NaN,0.504912,true,Self-supervised model,0.268681,7.272000,31.542358,4.337508,0.685800,0.221352,1.169071,5.647790,false,false
2026-04-17T14:56:37.026468,0.193520,-5.870732,-0.349270,110.012,E,7,0.912695,7,6.392962,1.348139,1.953267,1.109807,0.500388,8.025364,3.904943,0.302626,-0.372329,-1.000730,1.109807,-0.005498,0.126449,-0.144164,0.191841,0.126569,44.664001,-15.342001,-22.231001,NaN,0.507012,true,Self-supervised model,0.265581,7.279000,31.595845,4.340685,0.685800,0.221352,1.214751,5.785040,false,false
2026-04-17T14:56:37.034712,0.193520,-5.870732,-0.348204,109.951,E,7,0.912695,7,6.392962,1.298990,1.949096,1.040960,0.368707,8.109161,3.921702,0.317973,-0.192666,-0.972302,1.040960,-0.021991,0.103847,-0.120340,0.160467,0.106150,44.664001,-15.342001,-22.231001,NaN,0.508612,true,Self-supervised model,0.264394,7.287000,31.656963,4.344307,0.685800,0.221352,1.247877,6.487067,false,false
2026-04-17T14:56:37.042519,0.193520,-5.870732,-0.347143,109.890,E,7,0.912695,7,6.392962,1.258481,1.943471,1.045810,0.373495,8.288726,3.950433,0.315444,-0.027226,-0.996731,1.045810,-0.038485,0.084910,-0.096517,0.134188,0.093225,44.664001,-15.342001,-22.231001,NaN,0.509646,true,Self-supervised model,0.266226,7.295000,31.717711,4.347870,0.685800,0.221352,1.203356,7.793647,false,false
2026-04-17T14:56:37.051790,0.193520,-5.870732,-0.346221,109.837,E,7,0.912695,7,6.392962,1.225486,1.936752,1.052257,0.363919,8.453926,3.926491,0.326101,0.083044,-0.996999,1.052257,-0.056200,0.079412,-0.067195,0.118237,0.097287,44.664001,-15.342001,-22.231001,NaN,0.510018,true,Self-supervised model,0.268321,7.304000,31.770564,4.349749,0.685800,0.221352,1.164625,8.899579,false,false
2026-04-17T14:56:37.058426,0.193520,-5.870732,-0.345546,109.798,E,7,0.912695,7,6.392962,1.202917,1.929398,1.084434,0.371101,8.564059,3.926491,0.381420,0.180914,-0.998893,1.084434,-0.066584,0.080023,-0.039095,0.111201,0.104102,44.664001,-15.342001,-22.231001,NaN,0.509701,true,Self-supervised model,0.270555,7.311000,31.809218,4.350871,0.685800,0.221352,1.109258,9.752024,false,false
2026-04-17T14:56:37.066444,0.193520,-5.870732,-0.345226,109.780,E,7,0.912695,7,6.392962,1.187656,1.921729,1.107534,0.426168,8.662222,3.924097,0.492877,0.270927,-0.954098,1.107534,-0.079412,0.081856,-0.007941,0.114323,0.114047,44.664001,-15.342001,-22.231001,NaN,0.508601,true,Self-supervised model,0.272114,7.319000,31.827538,4.348618,0.685800,0.221352,1.072342,9.687746,false,false
2026-04-17T14:56:37.074989,0.193520,-5.870732,-0.345336,109.786,E,7,0.912695,7,6.392962,1.177869,1.913974,1.126484,0.541090,8.753201,3.967192,0.562524,0.352789,-0.909985,1.126484,-0.083689,0.082467,0.018326,0.118913,0.117493,44.664001,-15.342001,-22.231001,NaN,0.506776,true,Self-supervised model,0.272981,7.327000,31.821284,4.343017,0.685800,0.221352,1.045615,9.473145,false,false
2026-04-17T14:56:37.083509,0.193520,-5.870732,-0.345921,109.820,E,7,0.912695,7,6.392962,1.172343,1.906309,1.143332,0.617704,8.836999,4.007894,0.643487,0.361534,-0.873170,1.143332,-0.078802,0.089186,0.038485,0.125080,0.119012,44.664001,-15.342001,-22.231001,NaN,0.504285,true,Self-supervised model,0.272913,7.336000,31.787736,4.333116,0.685800,0.221352,1.025374,9.140823,false,false
2026-04-17T14:56:37.091146,0.193520,-5.870732,-0.346998,109.882,E,7,0.912695,7,6.392962,1.167279,1.898748,1.140696,0.708684,8.848969,4.039018,0.700774,0.411926,-0.800263,1.140696,-0.070860,0.109345,0.046426,0.138322,0.130298,44.664001,-15.342001,-22.231001,NaN,0.501245,true,Self-supervised model,0.271373,7.344000,31.726056,4.319997,0.685800,0.221352,1.023304,8.246702,false,false
2026-04-17T14:56:37.098480,0.193520,-5.870732,-0.348555,109.971,E,7,0.912695,7,6.392962,1.166519,1.891459,1.162530,0.778116,8.904037,4.103662,0.735302,0.474960,-0.764997,1.162530,-0.054978,0.139888,0.050091,0.158431,0.150304,44.664001,-15.342001,-22.231001,NaN,0.497763,true,Self-supervised model,0.270583,7.351000,31.636815,4.303743,0.685800,0.221352,1.003431,7.337774,false,false
2026-04-17T14:56:37.107511,0.193520,-5.870732,-0.350574,110.086,E,7,0.912695,7,6.392962,1.165400,1.884416,1.159521,0.826000,8.973468,4.127604,0.704181,0.569636,-0.723970,1.159521,-0.035430,0.164934,0.050091,0.175976,0.168696,44.664001,-15.342001,-22.231001,NaN,0.493897,true,Self-supervised model,0.269662,7.360000,31.521120,4.282761,0.685800,0.221352,1.005070,6.589091,false,false
2026-04-17T14:56:37.115272,0.193520,-5.870732,-0.353056,110.229,E,7,0.912695,7,6.392962,1.168585,1.877783,1.185310,0.809240,9.076419,4.153940,0.702890,0.650372,-0.698515,1.185310,-0.016493,0.189979,0.059865,0.199870,0.190694,47.409000,-19.164001,-21.557001,NaN,0.489568,true,Self-supervised model,0.268573,7.368000,31.378952,4.258815,0.685800,0.221352,0.985890,5.930417,false,false
2026-04-17T14:56:37.123084,0.193520,-5.870732,-0.356014,110.398,E,7,0.912695,7,6.392962,1.177748,1.871782,1.225849,0.823605,9.167398,4.161122,0.671109,0.760317,-0.688649,1.225849,-0.005498,0.206472,0.070250,0.218165,0.206546,47.409000,-19.164001,-21.557001,NaN,0.484702,true,Self-supervised model,0.268752,7.376000,31.209460,4.231217,0.685800,0.221352,0.960761,5.618901,false,false
2026-04-17T14:56:37.130724,0.193520,-5.870732,-0.359478,110.597,E,7,0.912695,7,6.392962,1.191705,1.866579,1.264980,0.809240,9.289502,4.149151,0.680398,0.808872,-0.694953,1.264980,0.002443,0.227242,0.089186,0.244129,0.227255,47.409000,-19.164001,-21.557001,NaN,0.479212,true,Self-supervised model,0.268583,7.383000,31.010959,4.200320,0.685800,0.221352,0.942074,5.181602,false,false
2026-04-17T14:56:37.138886,0.193520,-5.870732,-0.363461,110.825,E,7,0.912695,7,6.392962,1.201548,1.861977,1.253224,0.837971,9.351752,4.118027,0.702341,0.806181,-0.653727,1.253224,0.002443,0.246179,0.101404,0.266257,0.246191,47.409000,-19.164001,-21.557001,NaN,0.473157,true,Self-supervised model,0.267550,7.391000,30.782773,4.164900,0.685800,0.221352,0.958766,4.706826,false,false
2026-04-17T14:56:37.147326,0.193520,-5.870732,-0.367865,111.077,E,7,0.912695,7,6.392962,1.205431,1.857715,1.225816,0.881066,9.363723,4.132392,0.765739,0.759109,-0.583114,1.225816,0.000000,0.257174,0.108734,0.279216,0.257174,47.409000,-19.164001,-21.557001,NaN,0.467066,true,Self-supervised model,0.265941,7.400000,30.530424,4.125733,0.685800,0.221352,0.983370,4.390205,false,false
2026-04-17T14:56:37.155818,0.193520,-5.870732,-0.372570,111.347,E,7,0.912695,7,6.392962,1.200160,1.853413,1.172491,0.964863,9.330204,4.177882,0.754118,0.737289,-0.512294,1.172491,-0.000611,0.264505,0.105680,0.284836,0.264505,47.409000,-19.164001,-21.557001,NaN,0.461160,true,Self-supervised model,0.263811,7.408000,30.260869,4.084891,0.685800,0.221352,1.023599,4.116378,false,false
2026-04-17T14:56:37.162535,0.193520,-5.870732,-0.377450,111.626,E,7,0.912695,7,6.392962,1.188518,1.848817,1.127395,0.972046,9.320627,4.225766,0.760977,0.728870,-0.400851,1.127395,-0.004276,0.264505,0.095906,0.281387,0.264539,47.409000,-19.164001,-21.557001,NaN,0.455578,true,Self-supervised model,0.260656,7.415000,29.981262,4.043326,0.685800,0.221352,1.054216,4.006556,false,false
2026-04-17T14:56:37.170910,0.193520,-5.870732,-0.382375,111.908,E,7,0.912695,7,6.392962,1.172187,1.843752,1.086449,0.995988,9.323022,4.316746,0.736346,0.769885,-0.213173,1.086449,-0.006109,0.246179,0.081856,0.259503,0.246254,47.409000,-19.164001,-21.557001,NaN,0.450475,true,Self-supervised model,0.261566,7.423000,29.699093,4.000956,0.685800,0.221352,1.078916,4.186658,false,false
2026-04-17T14:56:37.179196,0.193520,-5.870732,-0.387893,112.225,E,7,0.912695,7,6.392962,1.162202,1.838490,1.109782,0.986411,9.373300,4.486734,0.710566,0.852342,-0.014976,1.109782,-0.000611,0.207694,0.069028,0.218865,0.207695,47.409000,-19.164001,-21.557001,NaN,0.442585,true,Self-supervised model,0.263289,7.432000,29.382943,3.953571,0.685800,0.221352,1.047235,5.070611,false,false
2026-04-17T14:56:37.189335,0.193520,-5.870732,-0.393098,112.523,SE,7,0.912695,7,6.392962,1.162879,1.833466,1.166432,0.991199,9.471462,4.654328,0.712485,0.915450,0.121981,1.166432,0.020769,0.135612,0.062919,0.150933,0.137193,47.409000,-19.164001,-21.557001,NaN,0.438628,true,Self-supervised model,0.269899,7.442000,29.084682,3.908181,0.685800,0.221352,0.996954,7.728136,false,false
2026-04-17T14:56:37.194440,0.193520,-5.870732,-0.397982,112.803,SE,7,0.912695,7,6.392962,1.171667,1.828994,1.217804,1.005565,9.540894,4.778827,0.690264,0.993338,0.140940,1.217804,0.041539,0.097738,0.065973,0.125023,0.106199,47.409000,-19.164001,-21.557001,NaN,0.435033,true,Self-supervised model,0.270092,7.447000,28.804879,3.867984,0.685800,0.221352,0.962114,9.740636,false,false
2026-04-17T14:56:37.202724,0.193520,-5.870732,-0.402556,113.065,SE,7,0.912695,7,6.392962,1.183364,1.825169,1.244771,0.995988,9.624691,4.786009,0.708602,1.016130,0.121727,1.244771,0.069639,0.055589,0.069639,0.113089,0.089105,47.409000,-19.164001,-21.557001,NaN,0.431697,true,Self-supervised model,0.275636,7.455000,28.542806,3.828680,0.685800,0.221352,0.950668,11.006977,false,false
2026-04-17T14:56:37.211227,0.193520,-5.870732,-0.406844,113.310,SE,7,0.912695,7,6.392962,1.196785,1.822033,1.267248,1.027112,9.653421,4.754885,0.734501,1.031571,0.047813,1.267248,0.088575,0.045204,0.070860,0.122107,0.099444,47.409000,-19.164001,-21.557001,NaN,0.428553,true,Self-supervised model,0.276005,7.464000,28.297122,3.791147,0.685800,0.221352,0.944397,10.378147,false,false
2026-04-17T14:56:37.218886,0.193520,-5.870732,-0.410863,113.541,SE,7,0.912695,7,6.392962,1.203361,1.819286,1.237882,1.065420,9.674969,4.668694,0.696868,1.022926,-0.018662,1.237882,0.102014,0.053145,0.067806,0.133525,0.115028,47.409000,-19.164001,-21.557001,NaN,0.425611,true,Self-supervised model,0.273852,7.471000,28.066866,3.756775,0.685800,0.221352,0.972113,9.270759,false,false
2026-04-17T14:56:37.226585,0.193520,-5.870732,-0.414611,113.755,SE,7,0.912695,7,6.392962,1.212001,1.816995,1.257362,1.039083,9.672575,4.589684,0.649165,1.076800,-0.006710,1.257362,0.101404,0.067806,0.064752,0.138106,0.121985,47.409000,-19.164001,-21.557001,NaN,0.422945,true,Self-supervised model,0.274709,7.479000,27.852105,3.724041,0.685800,0.221352,0.963923,9.104357,false,false
2026-04-17T14:56:37.235203,0.193520,-5.870732,-0.418096,113.955,SE,7,0.912695,7,6.392962,1.211370,1.814770,1.208056,1.000776,9.732430,4.589684,0.600895,1.045085,0.078241,1.208056,0.098349,0.086132,0.064141,0.145621,0.130734,47.409000,-19.164001,-21.557001,NaN,0.420513,true,Self-supervised model,0.273462,7.488000,27.652426,3.692899,0.685800,0.221352,1.002743,8.295913,false,false
2026-04-17T14:56:37.242864,0.193520,-5.870732,-0.421328,114.140,SE,7,0.912695,7,6.392962,1.214830,1.812772,1.233000,0.960075,9.706094,4.663905,0.587659,1.049831,0.269813,1.233000,0.098349,0.091019,0.067195,0.149907,0.134004,47.409000,-19.164001,-21.557001,NaN,0.418292,true,Self-supervised model,0.274140,7.495000,27.467241,3.664742,0.685800,0.221352,0.985264,8.225077,false,false
2026-04-17T14:56:37.255040,0.193520,-5.870732,-0.424326,114.312,SE,7,0.912695,7,6.392962,1.230721,1.811490,1.314145,0.952892,9.715671,4.845864,0.630540,1.062076,0.448765,1.314145,0.106291,0.093462,0.072082,0.158836,0.141538,47.409000,-19.164001,-21.557001,NaN,0.416230,true,Self-supervised model,0.278239,7.507000,27.295460,3.636001,0.685800,0.221352,0.936518,8.273618,false,false
2026-04-17T14:56:37.259092,0.193520,-5.870732,-0.427107,114.471,SE,7,0.912695,7,6.392962,1.250459,1.811049,1.354086,1.000776,9.732430,5.015852,0.647792,1.040746,0.575120,1.354086,0.122784,0.087354,0.071471,0.166777,0.150687,47.409000,-19.164001,-21.557001,NaN,0.414317,true,Self-supervised model,0.275509,7.512000,27.136115,3.612369,0.685800,0.221352,0.923471,8.119123,false,false
2026-04-17T14:56:37.268012,0.193520,-5.870732,-0.429667,114.618,SE,7,0.912695,7,6.392962,1.271921,1.811484,1.384597,1.022324,9.715671,5.133168,0.656506,1.028583,0.654314,1.384597,0.144164,0.081856,0.066584,0.178654,0.165782,47.409000,-19.164001,-21.557001,NaN,0.412644,true,Self-supervised model,0.278825,7.520000,26.989467,3.589025,0.685800,0.221352,0.918622,7.750168,false,false
2026-04-17T14:56:37.274531,0.193520,-5.870732,-0.432001,114.752,SE,7,0.912695,7,6.392962,1.294996,1.812824,1.416138,1.034295,9.708488,5.202600,0.661428,1.015887,0.732075,1.416138,0.163101,0.073304,0.061087,0.188963,0.178817,49.474003,-18.980001,-19.281000,NaN,0.411212,true,Self-supervised model,0.278682,7.527000,26.855743,3.567921,0.685800,0.221352,0.914456,7.494268,false,false
2026-04-17T14:56:37.283335,0.193520,-5.870732,-0.434106,114.872,SE,7,0.912695,7,6.392962,1.316232,1.814961,1.427723,1.041478,9.701305,5.269638,0.676800,1.002416,0.758615,1.427723,0.185092,0.062308,0.050702,0.201772,0.195298,49.474003,-18.980001,-19.281000,NaN,0.410023,true,Self-supervised model,0.279407,7.536000,26.735133,3.547656,0.685800,0.221352,0.921910,7.075907,false,false
2026-04-17T14:56:37.290833,0.193520,-5.870732,-0.435985,114.980,SE,7,0.912695,7,6.392962,1.337901,1.817878,1.451664,1.058237,9.694122,5.284003,0.707053,1.007346,0.769843,1.451664,0.208305,0.046426,0.033598,0.216044,0.213416,49.474003,-18.980001,-19.281000,NaN,0.409045,true,Self-supervised model,0.279413,7.543000,26.627442,3.530086,0.685800,0.221352,0.921633,6.719289,false,false
2026-04-17T14:56:37.298579,0.193520,-5.870732,-0.437641,115.075,SE,7,0.912695,7,6.392962,1.360080,1.821566,1.476517,1.089362,9.706094,5.281609,0.704095,1.066673,0.739297,1.476517,0.223577,0.026878,0.021380,0.226199,0.225187,49.474003,-18.980001,-19.281000,NaN,0.408284,true,Self-supervised model,0.279943,7.551000,26.532571,3.513782,0.685800,0.221352,0.921141,6.527507,false,false
2026-04-17T14:56:37.306657,0.193520,-5.870732,-0.439073,115.157,SE,7,0.912695,7,6.392962,1.379222,1.825873,1.479721,1.086968,9.773131,5.236119,0.665450,1.149334,0.652520,1.479721,0.236405,0.004276,0.007941,0.236577,0.236444,49.474003,-18.980001,-19.281000,NaN,0.407750,true,Self-supervised model,0.280088,7.559000,26.450546,3.499212,0.685800,0.221352,0.932083,6.254718,false,false
2026-04-17T14:56:37.315053,0.193520,-5.870732,-0.440289,115.227,SE,7,0.912695,7,6.392962,1.399850,1.830832,1.508144,1.048660,9.864111,5.133168,0.636536,1.238885,0.578347,1.508144,0.242514,-0.010996,-0.003665,0.242790,0.242763,49.474003,-18.980001,-19.281000,NaN,0.407393,true,Self-supervised model,0.280862,7.567000,26.380834,3.486300,0.685800,0.221352,0.928194,6.211714,false,false
2026-04-17T14:56:37.322779,0.193520,-5.870732,-0.441313,115.285,SE,7,0.912695,7,6.392962,1.425482,1.836618,1.560050,1.019930,9.962274,5.042189,0.629112,1.316548,0.551975,1.560050,0.235794,-0.022602,-0.006109,0.236954,0.236875,49.474003,-18.980001,-19.281000,NaN,0.407140,true,Self-supervised model,0.282530,7.575000,26.322176,3.474875,0.685800,0.221352,0.913741,6.583783,false,false
2026-04-17T14:56:37.330925,0.193520,-5.870732,-0.442179,115.335,SE,7,0.912695,7,6.392962,1.452487,1.843253,1.594266,1.012747,10.048465,4.999093,0.624041,1.392158,0.462769,1.594266,0.226020,-0.019548,-0.004276,0.226904,0.226864,49.474003,-18.980001,-19.281000,NaN,0.406904,true,Self-supervised model,0.284153,7.583000,26.272539,3.464663,0.685800,0.221352,0.911070,7.026165,false,false
2026-04-17T14:56:37.338723,0.193520,-5.870732,-0.442924,115.378,SE,7,0.912695,7,6.392962,1.484066,1.850885,1.649850,1.007959,10.132261,4.893748,0.607372,1.478016,0.410578,1.649850,0.204029,0.004276,-0.002443,0.204088,0.204074,49.474003,-18.980001,-19.281000,NaN,0.406645,true,Self-supervised model,0.286687,7.591000,26.229858,3.455389,0.685800,0.221352,0.899515,8.083998,false,false
2026-04-17T14:56:37.346784,0.193520,-5.870732,-0.443571,115.415,SE,7,0.912695,7,6.392962,1.517851,1.859564,1.695226,0.991199,10.225636,4.826711,0.579766,1.548105,0.375545,1.695226,0.172875,0.042761,-0.002443,0.178102,0.178085,49.474003,-18.980001,-19.281000,NaN,0.406391,true,Self-supervised model,0.289556,7.599000,26.192802,3.446875,0.685800,0.221352,0.895368,9.518314,false,false
2026-04-17T14:56:37.355138,0.193520,-5.870732,-0.444113,115.446,SE,7,0.912695,7,6.392962,1.544635,1.868967,1.685252,0.962469,10.302250,4.778827,0.537392,1.552274,0.376469,1.685252,0.137445,0.100182,-0.009163,0.170327,0.170081,49.474003,-18.980001,-19.281000,NaN,0.406266,true,Self-supervised model,0.289887,7.608000,26.161732,3.438713,0.685800,0.221352,0.916561,9.894191,false,false
2026-04-17T14:56:37.363239,0.193520,-5.870732,-0.444518,115.469,SE,7,0.912695,7,6.392962,1.556136,1.878453,1.616517,0.916979,10.311827,4.769250,0.428552,1.495544,0.439110,1.616517,0.099571,0.158825,-0.024435,0.189042,0.187456,49.474003,-18.980001,-19.281000,NaN,0.406412,true,Self-supervised model,0.286949,7.616000,26.138552,3.432058,0.685800,0.221352,0.962648,8.551109,false,false
2026-04-17T14:56:37.370679,0.193520,-5.870732,-0.444724,115.481,SE,7,0.912695,7,6.392962,1.541480,1.886974,1.464533,0.802058,10.259154,4.824317,0.227578,1.315736,0.601584,1.464533,0.056200,0.219301,-0.048869,0.231602,0.226387,49.474003,-18.980001,-19.281000,NaN,0.406999,true,Self-supervised model,0.280672,7.623000,26.126727,3.427355,0.685800,0.221352,1.052540,6.323497,false,false
2026-04-17T14:56:37.378866,0.193520,-5.870732,-0.444677,115.478,SE,7,0.912695,7,6.392962,1.504570,1.893678,1.310795,0.591368,10.081984,4.982334,-0.120554,1.046171,0.780497,1.310795,0.026267,0.275500,-0.068417,0.285081,0.276750,49.474003,-18.980001,-19.281000,NaN,0.408063,true,Self-supervised model,0.274177,7.631000,26.129466,3.424121,0.685800,0.221352,1.147831,4.597971,false,false
2026-04-17T14:56:37.387951,0.193520,-5.870732,-0.444359,115.460,SE,7,0.912695,7,6.392962,1.483728,1.899280,1.374306,0.229843,9.813833,5.159505,-0.396584,0.851668,1.003046,1.374306,0.003054,0.316428,-0.082467,0.327012,0.316443,49.474003,-18.980001,-19.281000,NaN,0.409463,true,Self-supervised model,0.274804,7.640000,26.147691,3.422473,0.685800,0.221352,1.079619,4.202617,false,false
2026-04-17T14:56:37.394420,0.193520,-5.870732,-0.443787,115.427,SE,7,0.912695,7,6.392962,1.500143,1.905315,1.586321,-0.062249,9.619903,5.382165,-0.654130,0.731839,1.246170,1.586321,-0.005498,0.336587,-0.088575,0.348090,0.336632,49.474003,-18.980001,-19.281000,NaN,0.411050,true,Self-supervised model,0.279591,7.647000,26.180459,3.423625,0.685800,0.221352,0.945674,4.557219,false,false
2026-04-17T14:56:37.403686,0.193520,-5.870732,-0.443026,115.384,SE,7,0.912695,7,6.392962,1.551598,1.913166,1.821737,-0.337582,9.500193,5.626374,-0.820994,0.734082,1.451144,1.821737,0.001222,0.320093,-0.081856,0.330396,0.320096,49.474003,-18.980001,-19.281000,NaN,0.412567,true,Self-supervised model,0.285648,7.656000,26.224057,3.425295,0.685800,0.221352,0.851713,5.513796,false,false
2026-04-17T14:56:37.410819,0.193520,-5.870732,-0.442179,115.335,SE,7,0.912695,7,6.392962,1.615624,1.923264,1.951761,-0.521936,9.502586,5.832275,-1.011901,0.757472,1.487167,1.951761,0.017104,0.269392,-0.055589,0.275598,0.269934,49.474003,-18.980001,-19.281000,NaN,0.413756,true,Self-supervised model,0.289956,7.663000,26.272561,3.428496,0.685800,0.221352,0.827778,7.081904,false,false
2026-04-17T14:56:37.420296,0.193520,-5.870732,-0.441398,115.290,SE,7,0.912695,7,6.392962,1.662938,1.934851,1.911333,-0.727837,9.526528,5.868188,-1.116414,0.778203,1.342093,1.911333,0.020159,0.211359,-0.010385,0.212572,0.212319,49.474003,-18.980001,-19.281000,NaN,0.414276,true,Self-supervised model,0.292071,7.673000,26.317320,3.429861,0.685800,0.221352,0.870041,8.991448,false,false
2026-04-17T14:56:37.427291,0.193520,-5.870732,-0.440846,115.259,SE,7,0.912695,7,6.392962,1.690087,1.947061,1.832623,-0.842759,9.548077,5.722142,-1.224077,0.840040,1.074466,1.832623,0.005498,0.160658,0.038485,0.165294,0.160752,49.474003,-18.980001,-19.281000,NaN,0.413911,true,Self-supervised model,0.293016,7.680000,26.348945,3.430852,0.685800,0.221352,0.922223,11.087048,false,false
2026-04-17T14:56:37.434930,0.193520,-5.870732,-0.440688,115.250,SE,7,0.912695,7,6.392962,1.693863,1.958933,1.713684,-0.955287,9.610326,5.453991,-1.316088,0.819546,0.730048,1.713684,-0.048258,0.120951,0.103847,0.166560,0.130223,53.432003,-25.673000,-15.747001,NaN,0.412491,true,Self-supervised model,0.290339,7.687000,26.357972,3.428902,0.685800,0.221352,0.988434,10.288674,false,false
2026-04-17T14:56:37.442816,0.193520,-5.870732,-0.441036,115.269,SE,7,0.912695,7,6.392962,1.687181,1.970063,1.652100,-1.046266,9.588778,5.111620,-1.415335,0.660533,0.538478,1.652100,-0.137445,0.108123,0.161268,0.237885,0.174876,53.432003,-25.673000,-15.747001,NaN,0.410123,true,Self-supervised model,0.284778,7.695000,26.338065,3.422751,0.685800,0.221352,1.021234,6.944960,false,false
2026-04-17T14:56:37.452013,0.193520,-5.870732,-0.441952,115.322,SE,7,0.912695,7,6.392962,1.682583,1.980564,1.658442,-1.139640,9.425972,4.927267,-1.484688,0.462233,0.576606,1.658442,-0.246179,0.117897,0.208916,0.343729,0.272954,53.432003,-25.673000,-15.747001,NaN,0.406931,true,Self-supervised model,0.281231,7.704000,26.285557,3.411936,0.685800,0.221352,1.014556,4.824857,false,false
2026-04-17T14:56:37.458908,0.193520,-5.870732,-0.443421,115.406,SE,7,0.912695,7,6.392962,1.696918,1.991218,1.772180,-1.199495,9.220071,4.979939,-1.553983,0.178946,0.832908,1.772180,-0.335365,0.113621,0.236405,0.425754,0.354090,53.432003,-25.673000,-15.747001,NaN,0.403253,true,Self-supervised model,0.280880,7.711000,26.201402,3.397925,0.685800,0.221352,0.957532,4.162448,false,false
2026-04-17T14:56:37.466773,0.193520,-5.870732,-0.445403,115.520,SE,7,0.912695,7,6.392962,1.755604,2.003793,2.063703,-1.256956,8.925584,5.257667,-1.654421,-0.101209,1.229438,2.063703,-0.410501,0.095906,0.266337,0.498643,0.421556,53.432003,-25.673000,-15.747001,NaN,0.399219,true,Self-supervised model,0.285229,7.719000,26.087861,3.379694,0.685800,0.221352,0.850706,4.138637,false,false
2026-04-17T14:56:37.474566,0.193520,-5.870732,-0.447840,115.659,SE,7,0.912695,7,6.392962,1.852365,2.019736,2.360365,-1.343147,8.631097,5.681441,-1.737868,-0.319469,1.564952,2.360365,-0.448375,0.059865,0.288939,0.536759,0.452354,53.432003,-25.673000,-15.747001,NaN,0.394960,true,Self-supervised model,0.289468,7.727000,25.948222,3.358124,0.685800,0.221352,0.784779,4.397441,false,false
2026-04-17T14:56:37.483687,0.193520,-5.870732,-0.450538,115.814,SE,7,0.912695,7,6.392962,1.986540,2.040408,2.690954,-1.410185,8.396465,6.047753,-1.782129,-0.547908,1.940372,2.690954,-0.452040,0.009774,0.312152,0.549431,0.452146,53.432003,-25.673000,-15.747001,NaN,0.391217,true,Self-supervised model,0.295512,7.736000,25.793621,3.334232,0.685800,0.221352,0.738229,4.897706,false,false
2026-04-17T14:56:37.491199,0.193520,-5.870732,-0.453425,115.979,SE,7,0.912695,7,6.392962,2.126011,2.065832,2.858235,-1.438915,8.149862,6.457162,-1.741786,-0.715984,2.150129,2.858235,-0.427606,-0.058643,0.337198,0.547711,0.431608,53.432003,-25.673000,-15.747001,NaN,0.387577,true,Self-supervised model,0.297977,7.744000,25.628223,3.309430,0.685800,0.221352,0.743819,5.218506,false,false
2026-04-17T14:56:37.498706,0.193520,-5.870732,-0.456421,116.151,SE,7,0.912695,7,6.392962,2.237064,2.094682,2.820095,-1.381454,7.963115,6.701371,-1.628150,-0.898068,2.120268,2.820095,-0.393397,-0.119730,0.368963,0.552476,0.411213,53.432003,-25.673000,-15.747001,NaN,0.384142,true,Self-supervised model,0.298059,7.751000,25.456548,3.284292,0.685800,0.221352,0.793259,5.104464,false,false
2026-04-17T14:56:37.506796,0.193520,-5.870732,-0.459456,116.325,SE,7,0.912695,7,6.392962,2.333340,2.126228,2.838786,-1.249773,7.762002,6.706159,-1.443243,-1.019820,2.221649,2.838786,-0.337808,-0.180205,0.384234,0.542425,0.382869,53.432003,-25.673000,-15.747001,NaN,0.380954,true,Self-supervised model,0.299797,7.759000,25.282677,3.258497,0.685800,0.221352,0.821950,5.233513,false,false
2026-04-17T14:56:37.514809,0.193520,-5.870732,-0.462424,116.495,SE,7,0.912695,7,6.392962,2.386483,2.158638,2.665486,-1.046266,7.620744,6.842628,-1.222017,-1.029813,2.133302,2.665486,-0.262061,-0.241292,0.384234,0.523960,0.356227,53.432003,-25.673000,-15.747001,NaN,0.378251,true,Self-supervised model,0.297937,7.767000,25.112604,3.233244,0.685800,0.221352,0.895328,5.087197,false,false
2026-04-17T14:56:37.522780,0.193520,-5.870732,-0.465198,116.654,SE,7,0.912695,7,6.392962,2.379511,2.189473,2.342907,-0.806846,7.592013,6.787562,-1.085543,-1.071621,1.778324,2.342907,-0.176540,-0.301157,0.388510,0.522304,0.349087,53.432003,-25.673000,-15.747001,NaN,0.376255,true,Self-supervised model,0.291833,7.775000,24.953674,3.209476,0.685800,0.221352,1.015623,4.485711,false,false
2026-04-17T14:56:37.530476,0.193520,-5.870732,-0.468467,116.841,SE,7,0.912695,7,6.392962,2.330500,2.217114,2.073193,-0.653617,7.532158,6.464345,-1.068543,-1.278282,1.233831,2.073193,-0.111788,-0.301157,0.401338,0.514067,0.321235,53.432003,-25.673000,-15.747001,NaN,0.371007,true,Self-supervised model,0.285505,7.783000,24.766387,3.182113,0.685800,0.221352,1.124112,4.032926,false,false
2026-04-17T14:56:37.538716,0.193520,-5.870732,-0.472112,117.050,SE,7,0.912695,7,6.392962,2.261012,2.240870,1.896198,-0.603339,7.316680,5.932832,-0.967666,-1.430219,0.783367,1.896198,-0.091630,-0.229074,0.412945,0.481035,0.246721,53.432003,-25.673000,-15.747001,NaN,0.365858,true,Self-supervised model,0.281908,7.791000,24.557561,3.152042,0.685800,0.221352,1.192392,3.941913,false,false
2026-04-17T14:56:37.546714,0.193520,-5.870732,-0.474560,117.190,SE,7,0.912695,7,6.392962,2.184346,2.260609,1.781850,-0.471658,7.156269,5.494693,-0.764199,-1.557329,0.407084,1.781850,-0.104458,-0.142942,0.411112,0.447613,0.177042,53.432003,-25.673000,-15.747001,NaN,0.368196,true,Self-supervised model,0.280374,7.799000,24.417288,3.130823,0.685800,0.221352,1.225886,3.980783,false,false
2026-04-17T14:56:37.555502,0.193520,-5.870732,-0.476043,117.275,SE,7,0.912695,7,6.392962,2.116783,2.276856,1.762077,-0.277727,7.003040,5.166687,-0.595203,-1.642488,0.229963,1.762077,-0.142942,-0.047037,0.384234,0.412651,0.150483,53.432003,-25.673000,-15.747001,NaN,0.370571,true,Self-supervised model,0.281534,7.808000,24.332279,3.116327,0.685800,0.221352,1.201300,4.270137,false,false
2026-04-17T14:56:37.562670,0.193520,-5.870732,-0.478064,117.391,SE,7,0.912695,7,6.392962,2.079060,2.290944,1.881013,-0.122104,6.890512,5.039794,-0.526814,-1.789303,0.243046,1.881013,-0.185703,0.020159,0.335365,0.383877,0.186794,53.432003,-25.673000,-15.747001,NaN,0.366405,true,Self-supervised model,0.283653,7.815000,24.216533,3.098725,0.685800,0.221352,1.105287,4.900038,false,false
2026-04-17T14:56:37.570743,0.193520,-5.870732,-0.480367,117.523,SE,7,0.912695,7,6.392962,2.066707,2.303975,2.001857,-0.035913,6.732495,5.070919,-0.564178,-1.889834,0.343020,2.001857,-0.226631,0.062308,0.273057,0.360283,0.235040,53.432003,-25.673000,-15.747001,NaN,0.362966,true,Self-supervised model,0.286496,7.823000,24.084531,3.078682,0.685800,0.221352,1.032395,5.556345,false,false
2026-04-17T14:56:37.578580,0.193520,-5.870732,-0.482174,117.627,SE,7,0.912695,7,6.392962,2.064878,2.316411,2.055272,-0.059855,6.619968,5.190629,-0.542372,-1.921481,0.487737,2.055272,-0.250455,0.086132,0.219911,0.344249,0.264851,53.432003,-25.673000,-15.747001,NaN,0.363146,true,Self-supervised model,0.288043,7.831000,23.981000,3.062316,0.685800,0.221352,1.004674,5.970307,false,false
2026-04-17T14:56:37.588007,0.193520,-5.870732,-0.483578,117.707,SE,7,0.912695,7,6.392962,2.063040,2.328276,2.053393,-0.043096,6.567295,5.372589,-0.511121,-1.885278,0.633170,2.053393,-0.249233,0.092241,0.144775,0.302631,0.265754,53.432003,-25.673000,-15.747001,NaN,0.363358,true,Self-supervised model,0.289833,7.840000,23.900598,3.048546,0.685800,0.221352,1.004698,6.785148,false,false
2026-04-17T14:56:37.594425,0.193520,-5.870732,-0.484615,117.766,SE,7,0.912695,7,6.392962,2.060113,2.339549,2.044746,-0.016759,6.584054,5.552154,-0.515270,-1.843979,0.717790,2.044746,-0.232740,0.089186,0.106291,0.270961,0.249243,54.696003,-33.410000,-10.061001,NaN,0.363783,true,Self-supervised model,0.290527,7.847000,23.841143,3.038249,0.685800,0.221352,1.007516,7.546285,false,false
2026-04-17T14:56:37.602645,0.193520,-5.870732,-0.485306,117.806,SE,7,0.912695,7,6.392962,2.054306,2.350140,2.023816,-0.026336,6.607996,5.667076,-0.521043,-1.824453,0.704072,2.023816,-0.193644,0.086132,0.054978,0.218951,0.211936,54.696003,-33.410000,-10.061001,NaN,0.364482,true,Self-supervised model,0.292966,7.855000,23.801588,3.030119,0.685800,0.221352,1.015065,9.243251,false,false
2026-04-17T14:56:37.610681,0.193520,-5.870732,-0.485666,117.827,SE,7,0.912695,7,6.392962,2.042057,2.359816,1.977752,-0.038307,6.612785,5.679047,-0.573493,-1.796020,0.597427,1.977752,-0.153327,0.087965,0.012217,0.177190,0.176768,54.696003,-33.410000,-10.061001,NaN,0.365442,true,Self-supervised model,0.294624,7.863000,23.780947,3.024411,0.685800,0.221352,1.032514,11.161763,false,false
2026-04-17T14:56:37.618988,0.193520,-5.870732,-0.485698,117.828,SE,7,0.912695,7,6.392962,2.016863,2.368098,1.884597,-0.098162,6.629545,5.592855,-0.664606,-1.706212,0.445920,1.884597,-0.105680,0.108734,-0.034208,0.155440,0.151629,54.696003,-33.410000,-10.061001,NaN,0.366720,true,Self-supervised model,0.294142,7.871000,23.779086,3.021101,0.685800,0.221352,1.070183,12.124294,false,false
2026-04-17T14:56:37.626798,0.193520,-5.870732,-0.485411,117.812,SE,7,0.912695,7,6.392962,1.980630,2.374600,1.790403,-0.198719,6.710948,5.456386,-0.746265,-1.595505,0.320927,1.790403,-0.062308,0.133779,-0.072082,0.164241,0.147578,54.696003,-33.410000,-10.061001,NaN,0.368287,true,Self-supervised model,0.290520,7.879000,23.795548,3.020123,0.685800,0.221352,1.106248,10.901072,false,false
2026-04-17T14:56:37.634690,0.193520,-5.870732,-0.484828,117.779,SE,7,0.912695,7,6.392962,1.934847,2.379009,1.694492,-0.292093,6.816292,5.341464,-0.809192,-1.475306,0.199960,1.694492,-0.027489,0.159436,-0.095906,0.188078,0.161788,54.696003,-33.410000,-10.061001,NaN,0.370052,true,Self-supervised model,0.285878,7.887000,23.828946,3.021294,0.685800,0.221352,1.141845,9.009512,false,false
2026-04-17T14:56:37.642496,0.193520,-5.870732,-0.483985,117.730,SE,7,0.912695,7,6.392962,1.878140,2.380975,1.580428,-0.368707,6.933608,5.226542,-0.882408,-1.301823,0.156096,1.580428,0.003054,0.182038,-0.106901,0.211128,0.182063,54.696003,-33.410000,-10.061001,NaN,0.371936,true,Self-supervised model,0.281010,7.895000,23.877254,3.024351,0.685800,0.221352,1.188375,7.485639,false,false
2026-04-17T14:56:37.653046,0.193520,-5.870732,-0.482931,117.670,SE,7,0.912695,7,6.392962,1.815133,2.380341,1.484342,-0.457293,7.105990,5.185841,-0.949643,-1.132091,0.140785,1.484342,0.042150,0.203418,-0.101404,0.231167,0.207739,54.696003,-33.410000,-10.061001,NaN,0.373835,true,Self-supervised model,0.277321,7.905000,23.937664,3.028167,0.685800,0.221352,1.222853,6.421079,false,false
2026-04-17T14:56:37.658657,0.193520,-5.870732,-0.481737,117.601,SE,7,0.912695,7,6.392962,1.750752,2.377157,1.412753,-0.541090,7.275979,5.171476,-1.009638,-0.982733,0.103626,1.412753,0.085521,0.199753,-0.080634,0.231769,0.217290,54.696003,-33.410000,-10.061001,NaN,0.375589,true,Self-supervised model,0.273944,7.911000,24.006084,3.034520,0.685800,0.221352,1.239248,6.095516,false,false
2026-04-17T14:56:37.667976,0.193520,-5.870732,-0.480509,117.531,SE,7,0.912695,7,6.392962,1.678598,2.371215,1.299789,-0.617704,7.426814,5.133168,-0.985714,-0.846649,-0.031688,1.299789,0.121562,0.166766,-0.048258,0.211937,0.206369,54.696003,-33.410000,-10.061001,NaN,0.376950,true,Self-supervised model,0.271659,7.920000,24.076420,3.039952,0.685800,0.221352,1.291439,6.132907,false,false
2026-04-17T14:56:37.674644,0.193520,-5.870732,-0.479381,117.466,SE,7,0.912695,7,6.392962,1.606115,2.362611,1.225578,-0.608127,7.565677,4.994305,-0.908932,-0.779250,-0.262016,1.225578,0.162490,0.107512,-0.006109,0.194934,0.194838,54.696003,-33.410000,-10.061001,NaN,0.377681,true,Self-supervised model,0.269351,7.927000,24.141068,3.045423,0.685800,0.221352,1.310496,6.287144,false,false
2026-04-17T14:56:37.683893,0.193520,-5.870732,-0.478473,117.414,SE,7,0.912695,7,6.392962,1.537705,2.351615,1.178554,-0.541090,7.637504,4.757279,-0.739359,-0.720387,-0.568667,1.178554,0.185092,0.051313,0.031154,0.194583,0.192073,54.696003,-33.410000,-10.061001,NaN,0.377707,true,Self-supervised model,0.268505,7.936000,24.193079,3.048523,0.685800,0.221352,1.304738,6.056810,false,false
2026-04-17T14:56:37.691255,0.193520,-5.870732,-0.477861,117.379,SE,7,0.912695,7,6.392962,1.489720,2.339139,1.237798,-0.375890,7.702147,4.441244,-0.609944,-0.724676,-0.796842,1.237798,0.189368,0.020159,0.053145,0.197715,0.190438,54.696003,-33.410000,-10.061001,NaN,0.377137,true,Self-supervised model,0.270931,7.944000,24.228159,3.049869,0.685800,0.221352,1.203524,6.260527,false,false
2026-04-17T14:56:37.698633,0.193520,-5.870732,-0.477564,117.362,SE,7,0.912695,7,6.392962,1.458258,2.325904,1.293082,-0.246603,7.704541,4.201824,-0.406309,-0.691015,-1.014629,1.293082,0.185092,0.020769,0.058032,0.195085,0.186254,54.696003,-33.410000,-10.061001,NaN,0.376171,true,Self-supervised model,0.273468,7.951000,24.245153,3.049321,0.685800,0.221352,1.127738,6.628296,false,false
2026-04-17T14:56:37.706525,0.193520,-5.870732,-0.477531,117.360,SE,7,0.912695,7,6.392962,1.436207,2.312316,1.320443,-0.040701,7.745243,3.971981,-0.245719,-0.678826,-1.105616,1.320443,0.175929,0.039706,0.049480,0.187019,0.180354,54.696003,-33.410000,-10.061001,NaN,0.375152,true,Self-supervised model,0.275124,7.959000,24.247068,3.046497,0.685800,0.221352,1.087671,7.060490,false,false
2026-04-17T14:56:37.715098,0.193520,-5.870732,-0.477648,117.367,SE,7,0.912695,7,6.392962,1.419246,2.298593,1.330198,0.122104,7.764396,3.869030,-0.173717,-0.659084,-1.142303,1.330198,0.164323,0.072082,0.025045,0.181177,0.179437,54.696003,-33.410000,-10.061001,NaN,0.374433,true,Self-supervised model,0.275727,7.968000,24.240367,3.042215,0.685800,0.221352,1.066944,7.341983,false,false
2026-04-17T14:56:37.723028,0.193520,-5.870732,-0.477809,117.376,SE,7,0.912695,7,6.392962,1.396784,2.284521,1.278857,0.193930,7.790732,3.821146,-0.177649,-0.600853,-1.114851,1.278857,0.161879,0.116675,0.000611,0.199545,0.199545,54.696003,-33.410000,-10.061001,NaN,0.374093,true,Self-supervised model,0.273379,7.975000,24.231105,3.038383,0.685800,0.221352,1.092212,6.408851,false,false
2026-04-17T14:56:37.730350,0.193520,-5.870732,-0.477952,117.385,SE,7,0.912695,7,6.392962,1.361281,2.269591,1.174889,0.186748,7.855376,3.837905,-0.260315,-0.511616,-1.025110,1.174889,0.165544,0.147219,-0.012828,0.221907,0.221536,54.696003,-33.410000,-10.061001,NaN,0.374024,true,Self-supervised model,0.269312,7.983000,24.222909,3.034312,0.685800,0.221352,1.158646,5.294506,false,false
2026-04-17T14:56:37.738694,0.193520,-5.870732,-0.478059,117.391,SE,7,0.912695,7,6.392962,1.310008,2.253208,1.040830,0.098162,7.951144,3.916914,-0.298424,-0.377118,-0.923067,1.040830,0.175929,0.166155,-0.014661,0.242433,0.241989,54.696003,-33.410000,-10.061001,NaN,0.374064,true,Self-supervised model,0.264101,7.991000,24.216807,3.030510,0.685800,0.221352,1.258619,4.293273,false,false
2026-04-17T14:56:37.747474,0.193520,-5.870732,-0.478145,117.396,SE,7,0.912695,7,6.392962,1.248409,2.235016,0.925011,0.052672,8.092402,4.007894,-0.343533,-0.231252,-0.827135,0.925011,0.188757,0.163712,-0.001833,0.249869,0.249862,54.696003,-33.410000,-10.061001,NaN,0.374060,true,Self-supervised model,0.259614,8.000000,24.211878,3.026485,0.685800,0.221352,1.349616,3.701990,false,false
2026-04-17T14:56:37.755903,0.193520,-5.870732,-0.478250,117.402,SE,7,0.912695,7,6.392962,1.191461,2.215274,0.892486,0.000000,8.245630,4.091691,-0.351534,-0.162724,-0.804037,0.892486,0.200975,0.134390,0.021991,0.242766,0.241768,54.159004,-35.880001,-8.261001,NaN,0.373878,true,Self-supervised model,0.258938,8.008000,24.205855,3.022709,0.685800,0.221352,1.334992,3.676325,false,false
2026-04-17T14:56:37.762487,0.193520,-5.870732,-0.478418,117.411,SE,7,0.912695,7,6.392962,1.145245,2.194473,0.902609,-0.014365,8.322245,4.101267,-0.366187,-0.137793,-0.813402,0.902609,0.205251,0.109956,0.045815,0.237312,0.232848,54.159004,-35.880001,-8.261001,NaN,0.373459,true,Self-supervised model,0.260008,8.015000,24.196233,3.018869,0.685800,0.221352,1.268816,3.803464,false,false
2026-04-17T14:56:37.770919,0.193520,-5.870732,-0.478698,117.427,SE,7,0.912695,7,6.392962,1.116132,2.173339,0.963292,-0.033519,8.355764,4.077325,-0.368779,-0.175319,-0.872466,0.963292,0.202196,0.082467,0.069028,0.229017,0.218367,54.159004,-35.880001,-8.261001,NaN,0.372732,true,Self-supervised model,0.263175,8.023000,24.180208,3.013861,0.685800,0.221352,1.158665,4.206194,false,false
2026-04-17T14:56:37.778703,0.193520,-5.870732,-0.479113,117.451,SE,7,0.912695,7,6.392962,1.098145,2.152331,1.003712,-0.038307,8.327033,4.003105,-0.363623,-0.172024,-0.919578,1.003712,0.184481,0.059254,0.084910,0.211552,0.193764,54.159004,-35.880001,-8.261001,NaN,0.371772,true,Self-supervised model,0.265398,8.031000,24.156386,3.007893,0.685800,0.221352,1.094084,4.744521,false,false
2026-04-17T14:56:37.786467,0.193520,-5.870732,-0.479659,117.482,SE,7,0.912695,7,6.392962,1.083642,2.131584,1.007503,-0.033519,8.339005,3.940856,-0.357210,-0.168115,-0.926930,1.007503,0.156992,0.044593,0.094073,0.188374,0.163203,54.159004,-35.880001,-8.261001,NaN,0.370708,true,Self-supervised model,0.266431,8.039000,24.125131,3.001011,0.685800,0.221352,1.075573,5.348404,false,false
2026-04-17T14:56:37.794393,0.193520,-5.870732,-0.480305,117.519,SE,7,0.912695,7,6.392962,1.056476,2.110579,0.913852,-0.026336,8.350976,3.919308,-0.320142,-0.122655,-0.847107,0.913852,0.127671,0.032987,0.097738,0.164136,0.131863,54.159004,-35.880001,-8.261001,NaN,0.369658,true,Self-supervised model,0.263772,8.047000,24.088101,2.993426,0.685800,0.221352,1.156069,5.567636,false,false
2026-04-17T14:56:37.802660,0.193520,-5.870732,-0.481021,117.560,SE,7,0.912695,7,6.392962,1.017094,2.088840,0.810340,0.011971,8.403648,3.986346,-0.309840,-0.114680,-0.739931,0.810340,0.095295,0.011606,0.098960,0.137873,0.095999,54.159004,-35.880001,-8.261001,NaN,0.368664,true,Self-supervised model,0.260668,8.055000,24.047083,2.985361,0.685800,0.221352,1.255145,5.877437,false,false
2026-04-17T14:56:37.810450,0.193520,-5.870732,-0.481775,117.604,SE,7,0.912695,7,6.392962,0.961170,2.065733,0.667566,0.023942,8.418014,4.082114,-0.275991,-0.093967,-0.600536,0.667566,0.065973,-0.008552,0.100793,0.120768,0.066525,54.159004,-35.880001,-8.261001,NaN,0.367757,true,Self-supervised model,0.254384,8.063000,24.003873,2.977040,0.685800,0.221352,1.439811,5.527694,false,false
2026-04-17T14:56:37.820092,0.193520,-5.870732,-0.482533,117.647,SE,7,0.912695,7,6.392962,0.890385,2.040719,0.518767,0.059855,8.444349,4.211401,-0.261496,-0.079679,-0.440897,0.518767,0.039706,-0.031765,0.098349,0.110717,0.050849,54.159004,-35.880001,-8.261001,NaN,0.366986,true,Self-supervised model,0.246229,8.073000,23.960476,2.967977,0.685800,0.221352,1.716348,4.685539,false,false
2026-04-17T14:56:37.826745,0.193520,-5.870732,-0.483260,117.689,SE,7,0.912695,7,6.392962,0.796283,2.012942,0.302249,0.076614,8.463503,4.362236,-0.211095,0.019117,-0.215471,0.302249,0.017104,-0.050091,0.097128,0.110614,0.052931,54.159004,-35.880001,-8.261001,NaN,0.366381,true,Self-supervised model,0.229296,8.079000,23.918821,2.960617,0.685800,0.221352,2.634527,2.732470,false,false
2026-04-17T14:56:37.834991,0.193520,-5.870732,-0.483918,117.726,SE,7,0.912695,7,6.392962,0.705755,1.982654,0.230479,0.129287,8.566454,4.580108,-0.175281,0.135367,0.063818,0.230479,-0.001222,-0.090408,0.093462,0.130040,0.090416,54.159004,-35.880001,-8.261001,NaN,0.365999,true,Self-supervised model,0.224252,8.087000,23.881117,2.953026,0.685800,0.221352,3.062122,1.772374,false,false
2026-04-17T14:56:37.842491,0.193520,-5.870732,-0.484470,117.758,SE,7,0.912695,7,6.392962,0.655513,1.951569,0.391743,0.167594,8.686164,4.853047,-0.092337,0.235302,0.299282,0.391743,-0.000611,-0.150273,0.083689,0.172006,0.150274,54.159004,-35.880001,-8.261001,NaN,0.365871,true,Self-supervised model,0.240515,8.095000,23.849493,2.946200,0.685800,0.221352,1.673322,2.277498,false,false
2026-04-17T14:56:37.852223,0.193520,-5.870732,-0.484908,117.783,SE,7,0.912695,7,6.392962,0.647116,1.921390,0.603032,0.253785,8.789114,5.082890,-0.023338,0.352308,0.488857,0.603032,0.015272,-0.224798,0.073304,0.236941,0.225317,54.159004,-35.880001,-8.261001,NaN,0.365886,true,Self-supervised model,0.255277,8.105000,23.824363,2.939465,0.685800,0.221352,1.073104,2.545072,false,false
2026-04-17T14:56:37.858664,0.193520,-5.870732,-0.485264,117.804,SE,7,0.912695,7,6.392962,0.655121,1.892740,0.697146,0.328006,8.908825,5.267244,0.028427,0.385818,0.579956,0.697146,0.039706,-0.271224,0.060476,0.280707,0.274115,54.159004,-35.880001,-8.261001,NaN,0.365860,true,Self-supervised model,0.258993,8.111000,23.803961,2.934775,0.685800,0.221352,0.939718,2.483537,false,false
2026-04-17T14:56:37.868436,0.193520,-5.870732,-0.485546,117.820,SE,7,0.912695,7,6.392962,0.665636,1.865656,0.720842,0.387861,8.944737,5.353435,0.062072,0.418924,0.583321,0.720842,0.073915,-0.295659,0.041539,0.307576,0.304758,54.159004,-35.880001,-8.261001,NaN,0.365874,true,Self-supervised model,0.259560,8.121000,23.787794,2.929171,0.685800,0.221352,0.923415,2.343624,false,false
2026-04-17T14:56:37.875022,0.193520,-5.870732,-0.485738,117.831,SE,7,0.912695,7,6.392962,0.678671,1.840176,0.747102,0.430956,8.980651,5.351041,0.081903,0.465616,0.578493,0.747102,0.108734,-0.278555,0.007330,0.299114,0.299025,54.159004,-35.880001,-8.261001,NaN,0.366044,true,Self-supervised model,0.260570,8.127000,23.776815,2.925657,0.685800,0.221352,0.908405,2.497712,false,false
2026-04-17T14:56:37.882765,0.193520,-5.870732,-0.485801,117.834,SE,7,0.912695,7,6.392962,0.701734,1.816638,0.822817,0.459687,9.030929,5.339070,0.089502,0.559132,0.596983,0.822817,0.141721,-0.248011,-0.024435,0.286690,0.285647,54.159004,-35.880001,-8.261001,NaN,0.366495,true,Self-supervised model,0.263590,8.135000,23.773204,2.922336,0.685800,0.221352,0.852843,2.870054,false,false
2026-04-17T14:56:37.891650,0.193520,-5.870732,-0.485673,117.827,SE,7,0.912695,7,6.392962,0.733064,1.795295,0.897543,0.474052,9.129091,5.348647,0.059813,0.634627,0.631866,0.897543,0.177151,-0.205251,-0.060476,0.277791,0.271128,54.159004,-35.880001,-8.261001,NaN,0.367390,true,Self-supervised model,0.266010,8.144000,23.780561,2.920010,0.685800,0.221352,0.816744,3.231007,false,false
2026-04-17T14:56:37.898835,0.193520,-5.870732,-0.485304,117.806,SE,7,0.912695,7,6.392962,0.765976,1.776123,0.938768,0.447716,9.210494,5.372589,-0.021380,0.727792,0.592577,0.938768,0.216246,-0.161268,-0.091019,0.284701,0.269759,54.159004,-35.880001,-8.261001,NaN,0.368720,true,Self-supervised model,0.266731,8.151000,23.801688,2.920094,0.685800,0.221352,0.815938,3.297386,false,false
2026-04-17T14:56:37.907211,0.193520,-5.870732,-0.484675,117.770,SE,7,0.912695,7,6.392962,0.798561,1.759020,0.969630,0.366313,9.311050,5.319916,-0.063603,0.783910,0.567118,0.969630,0.244957,-0.119730,-0.113621,0.295379,0.272652,54.159004,-35.880001,-8.261001,NaN,0.370391,true,Self-supervised model,0.267161,8.160000,23.837739,2.921292,0.685800,0.221352,0.823573,3.282663,false,false
2026-04-17T14:56:37.914732,0.193520,-5.870732,-0.483792,117.719,SE,7,0.912695,7,6.392962,0.831598,1.743923,1.005041,0.320823,9.375694,5.279215,-0.122468,0.872618,0.483371,1.005041,0.261450,-0.085521,-0.126449,0.302753,0.275082,49.114002,-39.668003,-2.743000,NaN,0.372287,true,Self-supervised model,0.267626,8.167000,23.888311,2.924980,0.685800,0.221352,0.827427,3.319671,false,false
2026-04-17T14:56:37.923010,0.193520,-5.870732,-0.482674,117.655,SE,7,0.912695,7,6.392962,0.872296,1.731058,1.085965,0.256180,9.473856,5.178658,-0.143210,0.994331,0.412452,1.085965,0.265726,-0.040928,-0.137445,0.301955,0.268860,49.114002,-39.668003,-2.743000,NaN,0.374345,true,Self-supervised model,0.269721,8.175000,23.952351,2.929951,0.685800,0.221352,0.803245,3.596451,false,false
2026-04-17T14:56:37.930490,0.193520,-5.870732,-0.481349,117.579,SE,7,0.912695,7,6.392962,0.912914,1.720332,1.126157,0.227449,9.605537,5.090073,-0.154780,1.051394,0.372619,1.126157,0.259007,0.001833,-0.145386,0.297027,0.259013,49.114002,-39.668003,-2.743000,NaN,0.376500,true,Self-supervised model,0.270389,8.183000,24.028277,2.936365,0.685800,0.221352,0.810645,3.791432,false,false
2026-04-17T14:56:37.938656,0.193520,-5.870732,-0.479834,117.492,SE,7,0.912695,7,6.392962,0.955123,1.711724,1.176721,0.205901,9.672575,5.032612,-0.114265,1.092125,0.422942,1.176721,0.243124,0.042761,-0.154549,0.291244,0.246856,49.114002,-39.668003,-2.743000,NaN,0.378778,true,Self-supervised model,0.271747,8.191000,24.115118,2.944099,0.685800,0.221352,0.811682,4.040323,false,false
2026-04-17T14:56:37.946585,0.193520,-5.870732,-0.478131,117.395,SE,7,0.912695,7,6.392962,1.012533,1.705756,1.313931,0.234632,9.722853,5.066131,-0.048527,1.186234,0.562947,1.313931,0.223577,0.050091,-0.163712,0.281598,0.229119,49.114002,-39.668003,-2.743000,NaN,0.381226,true,Self-supervised model,0.274964,8.199000,24.212643,2.953121,0.685800,0.221352,0.770613,4.665987,false,false
2026-04-17T14:56:37.957766,0.193520,-5.870732,-0.476243,117.287,SE,7,0.912695,7,6.392962,1.083954,1.702884,1.458915,0.287304,9.825804,5.190629,0.041394,1.245115,0.759215,1.458915,0.204029,0.027489,-0.174097,0.269617,0.205872,49.114002,-39.668003,-2.743000,NaN,0.383860,true,Self-supervised model,0.279130,8.210000,24.320852,2.962345,0.685800,0.221352,0.742986,5.411073,false,false
2026-04-17T14:56:37.962772,0.193520,-5.870732,-0.474166,117.168,SE,7,0.912695,7,6.392962,1.168865,1.703524,1.614652,0.363919,9.892841,5.372589,0.142312,1.342781,0.885317,1.614652,0.189979,-0.030543,-0.185092,0.266991,0.192419,49.114002,-39.668003,-2.743000,NaN,0.386689,true,Self-supervised model,0.280793,8.215000,24.439834,2.975025,0.685800,0.221352,0.723912,6.047594,false,false
2026-04-17T14:56:37.971264,0.193520,-5.870732,-0.471906,117.038,SE,7,0.912695,7,6.392962,1.259352,1.707757,1.734404,0.452504,9.998186,5.485116,0.185708,1.443501,0.943383,1.734404,0.171653,-0.124617,-0.189368,0.284349,0.212118,49.114002,-39.668003,-2.743000,NaN,0.389685,true,Self-supervised model,0.283793,8.224000,24.569353,2.987519,0.685800,0.221352,0.726101,6.099558,false,false
2026-04-17T14:56:37.978520,0.193520,-5.870732,-0.469477,116.899,SE,7,0.912695,7,6.392962,1.354972,1.715645,1.856977,0.486023,10.105926,5.530606,0.247305,1.590457,0.926095,1.856977,0.149662,-0.223577,-0.191812,0.330419,0.269045,49.114002,-39.668003,-2.743000,NaN,0.392784,true,Self-supervised model,0.284484,8.231000,24.708481,3.001881,0.685800,0.221352,0.729665,5.620062,false,false
2026-04-17T14:56:37.986747,0.193520,-5.870732,-0.466921,116.753,SE,7,0.912695,7,6.392962,1.441774,1.726690,1.897488,0.541090,10.259154,5.501875,0.333030,1.690758,0.794285,1.897488,0.109956,-0.347582,-0.185703,0.409132,0.364560,49.114002,-39.668003,-2.743000,NaN,0.395856,true,Self-supervised model,0.283596,8.239000,24.854981,3.016747,0.685800,0.221352,0.759833,4.637832,false,false
2026-04-17T14:56:37.994439,0.193520,-5.870732,-0.464286,116.602,SE,7,0.912695,7,6.392962,1.516397,1.740279,1.908165,0.624887,10.364499,5.360618,0.459700,1.737777,0.640236,1.908165,0.055589,-0.444099,-0.171653,0.479353,0.447565,49.114002,-39.668003,-2.743000,NaN,0.398800,true,Self-supervised model,0.281855,8.247000,25.005917,3.032123,0.685800,0.221352,0.794688,3.980714,false,false
2026-04-17T14:56:38.003008,0.193520,-5.870732,-0.461600,116.448,SE,7,0.912695,7,6.392962,1.582282,1.755959,1.928180,0.754174,10.414778,5.200206,0.679118,1.750900,0.437065,1.928180,-0.001833,-0.492968,-0.169821,0.521402,0.492972,49.114002,-39.668003,-2.743000,NaN,0.401694,true,Self-supervised model,0.281681,8.255000,25.159834,3.047830,0.685800,0.221352,0.820609,3.698068,false,false
2026-04-17T14:56:38.010677,0.193520,-5.870732,-0.458826,116.289,SE,7,0.912695,7,6.392962,1.643193,1.773448,1.962976,0.979228,10.429143,4.994305,0.891643,1.725410,0.284975,1.962976,-0.054978,-0.481973,-0.186925,0.519866,0.485098,49.114002,-39.668003,-2.743000,NaN,0.404816,true,Self-supervised model,0.281843,8.263000,25.318743,3.064110,0.685800,0.221352,0.837093,3.775924,false,false
2026-04-17T14:56:38.018909,0.193520,-5.870732,-0.455861,116.119,SE,7,0.912695,7,6.392962,1.713489,1.793050,2.082544,1.197101,10.402806,4.843470,1.115431,1.740324,0.253127,2.082544,-0.115454,-0.403782,-0.227242,0.477502,0.419964,49.114002,-39.668003,-2.743000,NaN,0.408549,true,Self-supervised model,0.285164,8.271000,25.488641,3.081688,0.685800,0.221352,0.822787,4.361329,false,false
2026-04-17T14:56:38.027127,0.193520,-5.870732,-0.452555,115.929,SE,7,0.912695,7,6.392962,1.775594,1.814352,2.101647,1.422156,10.414778,4.817134,1.140832,1.740458,0.293645,2.101647,-0.175929,-0.271224,-0.287107,0.432370,0.323286,49.114002,-39.668003,-2.743000,NaN,0.413219,true,Self-supervised model,0.286441,8.280000,25.678072,3.101216,0.685800,0.221352,0.844859,4.860760,false,false
2026-04-17T14:56:38.034756,0.193520,-5.870732,-0.448772,115.713,SE,7,0.912695,7,6.392962,1.818309,1.836510,2.042562,1.441309,10.409989,4.867412,0.988845,1.732703,0.438160,2.042562,-0.218079,-0.125227,-0.340863,0.423589,0.251476,49.114002,-39.668003,-2.743000,NaN,0.418909,true,Self-supervised model,0.284817,8.287000,25.894820,3.124752,0.685800,0.221352,0.890210,4.822036,false,false
2026-04-17T14:56:38.042503,0.193520,-5.870732,-0.444429,115.464,SE,7,0.912695,7,6.392962,1.829538,1.858231,1.888486,1.273715,10.395624,5.025429,0.631452,1.619019,0.739206,1.888486,-0.266948,0.055589,-0.386067,0.472651,0.272675,49.114002,-39.668003,-2.743000,NaN,0.425491,true,Self-supervised model,0.280005,8.295000,26.143646,3.151736,0.685800,0.221352,0.968785,3.995518,false,false
2026-04-17T14:56:38.053220,0.193520,-5.870732,-0.439547,115.184,SE,7,0.912695,7,6.392962,1.843679,1.879649,1.917924,0.890643,10.273520,5.343858,0.308039,1.485458,1.173439,1.917924,-0.309098,0.200975,-0.403782,0.546783,0.368690,49.114002,-39.668003,-2.743000,NaN,0.432532,true,Self-supervised model,0.279794,8.306000,26.423397,3.181242,0.685800,0.221352,0.961289,3.507649,false,false
2026-04-17T14:56:38.059980,0.193520,-5.870732,-0.434234,114.880,SE,7,0.912695,7,6.392962,1.881845,1.901737,2.082215,0.533907,10.129868,5.798757,0.045797,1.334241,1.597912,2.082215,-0.338419,0.268170,-0.392175,0.583305,0.431790,49.114002,-39.668003,-2.743000,NaN,0.439565,true,Self-supervised model,0.278564,8.312000,26.727787,3.215566,0.685800,0.221352,0.903771,3.569686,false,false
2026-04-17T14:56:38.069129,0.193520,-5.870732,-0.428665,114.561,SE,7,0.912695,7,6.392962,1.971057,1.926510,2.439419,0.234632,9.967062,6.246472,-0.126553,1.107081,2.170051,2.439419,-0.344528,0.250455,-0.369573,0.563925,0.425943,49.114002,-39.668003,-2.743000,NaN,0.446158,true,Self-supervised model,0.286914,8.322000,27.046841,3.250041,0.685800,0.221352,0.808003,4.325784,false,false
2026-04-17T14:56:38.076788,0.193520,-5.870732,-0.423027,114.238,SE,7,0.912695,7,6.392962,2.105365,1.955664,2.810484,0.026336,9.727641,6.842628,-0.160689,0.879531,2.664474,2.810484,-0.314596,0.133169,-0.330478,0.475310,0.341620,43.678001,-38.640003,0.058000,NaN,0.452075,true,Self-supervised model,0.293087,8.329000,27.369897,3.286096,0.685800,0.221352,0.749111,5.912943,false,false
2026-04-17T14:56:38.082738,0.193520,-5.870732,-0.417492,113.921,SE,7,0.912695,7,6.392962,2.250280,1.989449,3.011086,-0.038307,9.488221,7.359776,-0.155967,0.594900,2.947610,3.011086,-0.237627,-0.048258,-0.283441,0.373007,0.242477,43.678001,-38.640003,0.058000,NaN,0.457196,true,Self-supervised model,0.296847,8.335000,27.687025,3.321779,0.685800,0.221352,0.747332,8.072461,false,false
2026-04-17T14:56:38.091026,0.193520,-5.870732,-0.412210,113.618,SE,7,0.912695,7,6.392962,2.371086,2.026714,3.005317,-0.055067,9.193734,7.661446,-0.046946,0.414680,2.976200,3.005317,-0.132558,-0.255953,-0.231518,0.369708,0.288242,43.678001,-38.640003,0.058000,NaN,0.461468,true,Self-supervised model,0.300942,8.343000,27.989680,3.354870,0.685800,0.221352,0.788964,8.128900,false,false
2026-04-17T14:56:38.098767,0.193520,-5.870732,-0.407297,113.336,SE,7,0.912695,7,6.392962,2.435988,2.065085,2.776721,0.043096,9.006987,7.702147,0.216708,0.302075,2.751720,2.776721,-0.022602,-0.428827,-0.189979,0.469570,0.429423,43.678001,-38.640003,0.058000,NaN,0.464904,true,Self-supervised model,0.294260,8.351000,28.271174,3.385364,0.685800,0.221352,0.877290,5.913328,false,false
2026-04-17T14:56:38.106803,0.193520,-5.870732,-0.402799,113.079,SE,7,0.912695,7,6.392962,2.417462,2.101180,2.320199,0.306458,8.892065,7.481880,0.579877,0.259160,2.231570,2.320199,0.097128,-0.560774,-0.165544,0.592711,0.569123,43.678001,-38.640003,0.058000,NaN,0.467741,true,Self-supervised model,0.284539,8.359000,28.528883,3.412954,0.685800,0.221352,1.041920,3.914553,false,false
2026-04-17T14:56:38.114492,0.193520,-5.870732,-0.398668,112.842,SE,7,0.912695,7,6.392962,2.325791,2.132165,1.844522,0.677559,8.851364,6.957550,0.849007,0.326782,1.604576,1.844522,0.205862,-0.590707,-0.164323,0.646773,0.625550,43.678001,-38.640003,0.058000,NaN,0.470405,true,Self-supervised model,0.272635,8.367000,28.765573,3.437979,0.685800,0.221352,1.260918,2.851885,false,false
2026-04-17T14:56:38.122864,0.193520,-5.870732,-0.394834,112.622,SE,7,0.912695,7,6.392962,2.188249,2.156408,1.466150,0.957681,8.925584,6.318298,0.925339,0.353247,1.081000,1.466150,0.268781,-0.534507,-0.166155,0.620926,0.598282,43.678001,-38.640003,0.058000,NaN,0.473052,true,Self-supervised model,0.263312,8.375000,28.985259,3.460927,0.685800,0.221352,1.492513,2.361234,false,false
2026-04-17T14:56:38.130718,0.193520,-5.870732,-0.391232,112.416,E,7,0.912695,7,6.392962,2.017673,2.172858,1.122148,1.043872,8.961497,5.777209,0.871349,0.344909,0.617256,1.122148,0.287107,-0.426995,-0.164934,0.540331,0.514543,43.678001,-38.640003,0.058000,NaN,0.475723,true,Self-supervised model,0.252574,8.383000,29.191614,3.482240,0.685800,0.221352,1.798045,2.076777,false,false
2026-04-17T14:56:38.142199,0.193520,-5.870732,-0.387858,112.223,E,7,0.912695,7,6.392962,1.824988,2.180944,0.813392,0.995988,8.963891,5.293580,0.709551,0.307700,0.251922,0.813392,0.285274,-0.264505,-0.145386,0.415308,0.389030,43.678001,-38.640003,0.058000,NaN,0.478187,true,Self-supervised model,0.243132,8.395000,29.384938,3.500290,0.685800,0.221352,2.243675,1.958525,false,false
2026-04-17T14:56:38.146688,0.193520,-5.870732,-0.384769,112.046,E,7,0.912695,7,6.392962,1.629326,2.180879,0.602101,0.835576,8.937555,4.908113,0.546810,0.252027,0.002629,0.602101,0.259007,-0.096517,-0.104458,0.295485,0.276406,43.678001,-38.640003,0.058000,NaN,0.480138,true,Self-supervised model,0.231970,8.399000,29.561946,3.519698,0.685800,0.221352,2.706068,2.037669,false,false
2026-04-17T14:56:38.155414,0.193520,-5.870732,-0.382073,111.891,E,7,0.912695,7,6.392962,1.443264,2.173374,0.466437,0.670376,8.892065,4.639963,0.415730,0.154777,-0.144140,0.466437,0.213192,0.081856,-0.047647,0.233284,0.228366,43.678001,-38.640003,0.058000,NaN,0.481256,true,Self-supervised model,0.228862,8.408000,29.716362,3.534296,0.685800,0.221352,3.094230,1.999438,false,false
2026-04-17T14:56:38.162667,0.193520,-5.870732,-0.379903,111.767,E,7,0.912695,7,6.392962,1.271430,2.159297,0.369301,0.533907,8.803479,4.477157,0.312624,0.026405,-0.194814,0.369301,0.152105,0.233351,0.005498,0.278601,0.278547,43.678001,-38.640003,0.058000,NaN,0.481326,true,Self-supervised model,0.223941,8.415000,29.840707,3.546133,0.685800,0.221352,3.442799,1.325554,false,false
2026-04-17T14:56:38.170748,0.193520,-5.870732,-0.378392,111.680,E,7,0.912695,7,6.392962,1.104945,2.139122,0.230903,0.423774,8.681376,4.414908,0.179108,-0.141749,-0.033820,0.230903,0.061087,0.383623,0.076358,0.395890,0.388456,43.678001,-38.640003,0.058000,NaN,0.480202,true,Self-supervised model,0.219444,8.423000,29.927293,3.553044,0.685800,0.221352,4.785316,0.583251,false,false
2026-04-17T14:56:38.178615,0.193520,-5.870732,-0.377645,111.637,E,7,0.912695,7,6.392962,1.000354,2.115572,0.451247,0.282516,8.516175,4.570531,0.120866,-0.373167,0.223074,0.451247,-0.038485,0.458760,0.149051,0.483899,0.460371,43.678001,-38.640003,0.058000,NaN,0.477894,true,Self-supervised model,0.229529,8.431000,29.970116,3.554752,0.685800,0.221352,2.216863,0.932525,false,false
2026-04-17T14:56:38.187283,0.193520,-5.870732,-0.377743,111.643,E,7,0.912695,7,6.392962,0.980135,2.092154,0.873987,0.217872,8.283937,4.829105,0.075159,-0.648743,0.580808,0.873987,-0.131336,0.445932,0.219301,0.514001,0.464870,43.678001,-38.640003,0.058000,NaN,0.474413,true,Self-supervised model,0.253237,8.440000,29.964492,3.550295,0.685800,0.221352,1.121452,1.700362,false,false
2026-04-17T14:56:38.194580,0.193520,-5.870732,-0.378730,111.700,E,7,0.912695,7,6.392962,1.048711,2.072417,1.408735,0.169988,8.003817,5.195418,0.166855,-1.083720,0.884446,1.408735,-0.191812,0.382402,0.268781,0.505238,0.427812,43.678001,-38.640003,0.058000,NaN,0.469872,true,Self-supervised model,0.267161,8.447000,29.907954,3.540660,0.685800,0.221352,0.744435,2.788257,false,false
2026-04-17T14:56:38.202733,0.193520,-5.870732,-0.380572,111.805,E,7,0.912695,7,6.392962,1.175265,2.058530,1.839676,0.265756,7.560889,5.513846,0.283026,-1.436803,1.113508,1.839676,-0.243124,0.274278,0.304211,0.476322,0.366522,43.678001,-38.640003,0.058000,NaN,0.464606,true,Self-supervised model,0.274867,8.455000,29.802374,3.524822,0.685800,0.221352,0.638844,3.862254,false,false
2026-04-17T14:56:38.210870,0.193520,-5.870732,-0.383152,111.953,E,7,0.912695,7,6.392962,1.340993,2.051829,2.211061,0.392649,7.196970,5.762844,0.421952,-1.763841,1.264759,2.211061,-0.260839,0.136223,0.307876,0.425889,0.294268,43.678001,-38.640003,0.058000,NaN,0.459079,true,Self-supervised model,0.281306,8.463000,29.654578,3.504027,0.685800,0.221352,0.606493,5.191635,false,false
2026-04-17T14:56:38.220460,0.193520,-5.870732,-0.386278,112.132,E,7,0.912695,7,6.392962,1.525663,2.052782,2.495181,0.548272,6.856994,5.937620,0.563863,-2.016047,1.357771,2.495181,-0.246790,0.015882,0.290772,0.381714,0.247300,43.678001,-38.640003,0.058000,NaN,0.453768,true,Self-supervised model,0.287120,8.473000,29.475481,3.478754,0.685800,0.221352,0.611444,6.536782,false,false
2026-04-17T14:56:38.227156,0.193520,-5.870732,-0.389713,112.329,E,7,0.912695,7,6.392962,1.699337,2.060645,2.611126,0.711078,6.591237,6.054936,0.648142,-2.152186,1.328904,2.611126,-0.201586,-0.118508,0.248011,0.340867,0.233839,43.678001,-38.640003,0.058000,NaN,0.449094,true,Self-supervised model,0.289287,8.480000,29.278648,3.452671,0.685800,0.221352,0.650806,7.660245,false,false
2026-04-17T14:56:38.234977,0.193520,-5.870732,-0.393209,112.529,SE,7,0.912695,7,6.392962,1.842105,2.073903,2.591637,0.818817,6.442797,6.047753,0.745610,-2.151676,1.237311,2.591637,-0.141721,-0.260839,0.186314,0.350478,0.296853,43.777000,-36.864002,-2.617000,NaN,0.445353,true,Self-supervised model,0.290220,8.487000,29.078316,3.426218,0.685800,0.221352,0.710788,7.394578,false,false
2026-04-17T14:56:38.242411,0.193520,-5.870732,-0.396518,112.719,SE,7,0.912695,7,6.392962,1.953245,2.091077,2.536729,0.940921,6.433220,5.973533,0.874031,-2.134830,1.055255,2.536729,-0.075136,-0.401338,0.105069,0.421613,0.408311,43.777000,-36.864002,-2.617000,NaN,0.442797,true,Self-supervised model,0.288499,8.495000,28.888752,3.400677,0.685800,0.221352,0.769986,6.016724,false,false
2026-04-17T14:56:38.252575,0.193520,-5.870732,-0.399414,112.885,SE,7,0.912695,7,6.392962,2.015670,2.110060,2.343404,1.094150,6.442797,5.803545,0.905613,-2.022805,0.761361,2.343404,-0.016493,-0.492968,0.027489,0.494009,0.493244,43.777000,-36.864002,-2.617000,NaN,0.441551,true,Self-supervised model,0.285941,8.505000,28.722830,3.377170,0.685800,0.221352,0.860146,4.743642,false,false
2026-04-17T14:56:38.258702,0.193520,-5.870732,-0.401704,113.016,SE,7,0.912695,7,6.392962,2.019294,2.128430,2.038318,1.149217,6.550536,5.516241,0.770674,-1.822960,0.487461,2.038318,0.050091,-0.541837,-0.053756,0.546797,0.544148,43.777000,-36.864002,-2.617000,NaN,0.441682,true,Self-supervised model,0.279052,8.511000,28.591594,3.359369,0.685800,0.221352,0.990667,3.727744,false,false
2026-04-17T14:56:38.268482,0.193520,-5.870732,-0.403297,113.107,SE,7,0.912695,7,6.392962,1.965789,2.143924,1.684890,1.034295,6.749255,5.243302,0.582963,-1.566534,0.212088,1.684890,0.120951,-0.521679,-0.108123,0.546323,0.535517,43.777000,-36.864002,-2.617000,NaN,0.442881,true,Self-supervised model,0.273039,8.521000,28.500346,3.344718,0.685800,0.221352,1.166717,3.084055,false,false
2026-04-17T14:56:38.274664,0.193520,-5.870732,-0.404379,113.169,SE,7,0.912695,7,6.392962,1.874738,2.155157,1.396715,0.861913,7.007828,4.963180,0.419372,-1.332231,0.010087,1.396715,0.199753,-0.442266,-0.121562,0.500278,0.485284,43.777000,-36.864002,-2.617000,NaN,0.443841,true,Self-supervised model,0.265982,8.527000,28.438338,3.335093,0.685800,0.221352,1.342248,2.791877,false,false
2026-04-17T14:56:38.282988,0.193520,-5.870732,-0.404953,113.202,SE,7,0.912695,7,6.392962,1.760438,2.161368,1.160366,0.713472,7.242460,4.759673,0.287167,-1.108628,-0.186890,1.160366,0.271835,-0.345139,-0.104458,0.451582,0.439335,43.777000,-36.864002,-2.617000,NaN,0.445299,true,Self-supervised model,0.259937,8.535000,28.405440,3.328112,0.685800,0.221352,1.517141,2.569555,false,false
2026-04-17T14:56:38.291302,0.193520,-5.870732,-0.405260,113.220,SE,7,0.912695,7,6.392962,1.641287,2.162565,1.015746,0.588974,7.474698,4.546589,0.195697,-0.936180,-0.342068,1.015746,0.359189,-0.205251,-0.056200,0.417496,0.413696,43.777000,-36.864002,-2.617000,NaN,0.446062,true,Self-supervised model,0.255507,8.544000,28.387873,3.322551,0.685800,0.221352,1.615844,2.432948,false,false
2026-04-17T14:56:38.298279,0.193520,-5.870732,-0.405540,113.236,SE,7,0.912695,7,6.392962,1.548664,2.160009,1.062391,0.502782,7.659051,4.369418,0.254518,-0.936529,-0.432213,1.062391,0.424551,-0.070250,0.000611,0.430325,0.430324,43.777000,-36.864002,-2.617000,NaN,0.445887,true,Self-supervised model,0.257398,8.551000,28.371808,3.317952,0.685800,0.221352,1.457716,2.468813,false,false
2026-04-17T14:56:38.306533,0.193520,-5.870732,-0.405961,113.260,SE,7,0.912695,7,6.392962,1.502081,2.155692,1.257523,0.565032,7.673417,4.252102,0.513033,-1.098934,-0.332425,1.257523,0.458760,0.020159,0.036041,0.460615,0.459202,43.777000,-36.864002,-2.617000,NaN,0.444906,true,Self-supervised model,0.263579,8.559000,28.347717,3.312036,0.685800,0.221352,1.194476,2.730098,false,false
2026-04-17T14:56:38.314661,0.193520,-5.870732,-0.406528,113.292,SE,7,0.912695,7,6.392962,1.505398,2.151680,1.522811,0.826000,7.527370,4.321534,0.756098,-1.314626,-0.137942,1.522811,0.467923,0.047647,0.031154,0.471373,0.470342,43.777000,-36.864002,-2.617000,NaN,0.443750,true,Self-supervised model,0.270217,8.567000,28.315200,3.305148,0.685800,0.221352,0.988565,3.230585,false,false
2026-04-17T14:56:38.322848,0.193520,-5.870732,-0.407125,113.327,SE,7,0.912695,7,6.392962,1.526442,2.148670,1.636921,1.070208,7.328651,4.484340,0.873808,-1.384173,-0.005717,1.636921,0.454484,0.014661,-0.004887,0.454746,0.454720,43.777000,-36.864002,-2.617000,NaN,0.443038,true,Self-supervised model,0.273009,8.575000,28.281021,3.298078,0.685800,0.221352,0.932508,3.599634,false,false
2026-04-17T14:56:38.330348,0.193520,-5.870732,-0.407595,113.353,SE,7,0.912695,7,6.392962,1.552210,2.146812,1.687497,1.187524,7.275979,4.584896,0.948805,-1.380881,0.201447,1.687497,0.422719,-0.083689,-0.055589,0.434494,0.430923,43.777000,-36.864002,-2.617000,NaN,0.443073,true,Self-supervised model,0.274600,8.583000,28.254079,3.291865,0.685800,0.221352,0.919830,3.883821,false,false
2026-04-17T14:56:38.338531,0.193520,-5.870732,-0.407795,113.365,SE,7,0.912695,7,6.392962,1.574756,2.145930,1.693123,1.261744,7.295133,4.762067,0.952569,-1.357284,0.342138,1.693123,0.393397,-0.240070,-0.101404,0.471887,0.460863,43.777000,-36.864002,-2.617000,NaN,0.443953,true,Self-supervised model,0.274520,8.591000,28.242610,3.287465,0.685800,0.221352,0.930090,3.587981,false,false
2026-04-17T14:56:38.346334,0.193520,-5.870732,-0.407646,113.356,SE,7,0.912695,7,6.392962,1.584878,2.145488,1.638016,1.266533,7.333440,4.874595,1.051413,-1.203506,0.359444,1.638016,0.368352,-0.390343,-0.126449,0.551398,0.536703,43.777000,-36.864002,-2.617000,NaN,0.445500,true,Self-supervised model,0.272067,8.599000,28.251165,3.285401,0.685800,0.221352,0.967559,2.970659,false,false
2026-04-17T14:56:38.355090,0.193520,-5.870732,-0.407152,113.328,SE,7,0.912695,7,6.392962,1.587102,2.145152,1.598776,1.369483,7.501034,4.865018,1.136065,-1.079803,0.315386,1.598776,0.345750,-0.555887,-0.145386,0.670590,0.654640,43.777000,-36.864002,-2.617000,NaN,0.447375,true,Self-supervised model,0.268969,8.608000,28.279495,3.285257,0.685800,0.221352,0.992698,2.384134,false,false
2026-04-17T14:56:38.362426,0.193520,-5.870732,-0.406323,113.281,SE,7,0.912695,7,6.392962,1.592286,2.145038,1.619506,1.462857,7.637504,4.795586,1.307572,-0.928800,0.224468,1.619506,0.320704,-0.693943,-0.164323,0.781927,0.764466,43.777000,-36.864002,-2.617000,NaN,0.449539,true,Self-supervised model,0.267219,8.615000,28.326955,3.288097,0.685800,0.221352,0.983193,2.071173,false,false
2026-04-17T14:56:38.370846,0.193520,-5.870732,-0.405138,113.213,SE,7,0.912695,7,6.392962,1.584894,2.144632,1.546087,1.647211,7.800309,4.680665,1.280999,-0.858042,0.114842,1.546087,0.286496,-0.766025,-0.200975,0.842179,0.817847,43.777000,-36.864002,-2.617000,NaN,0.452152,true,Self-supervised model,0.264394,8.623000,28.394870,3.292922,0.685800,0.221352,1.025101,1.835818,false,false
2026-04-17T14:56:38.378380,0.193520,-5.870732,-0.403513,113.120,SE,7,0.912695,7,6.392962,1.541513,2.142507,1.313760,1.635240,7.881712,4.548983,1.077161,-0.747891,0.079673,1.313760,0.263894,-0.750753,-0.245568,0.832811,0.795783,43.777000,-36.864002,-2.617000,NaN,0.455535,true,Self-supervised model,0.258069,8.631000,28.487971,3.300657,0.685800,0.221352,1.173360,1.577501,false,false
2026-04-17T14:56:38.387366,0.193520,-5.870732,-0.401623,113.011,SE,7,0.912695,7,6.392962,1.434011,2.136167,0.869625,1.443704,8.001422,4.493917,0.613483,-0.615447,-0.033321,0.869625,0.261450,-0.665843,-0.287107,0.770801,0.715334,43.777000,-36.864002,-2.617000,NaN,0.458486,true,Self-supervised model,0.244105,8.640000,28.596262,3.309753,0.685800,0.221352,1.649000,1.128210,false,false
2026-04-17T14:56:38.394407,0.193520,-5.870732,-0.399479,112.888,SE,7,0.912695,7,6.392962,1.277797,2.123832,0.457674,0.993594,8.140285,4.367024,0.106936,-0.425746,-0.129502,0.457674,0.270613,-0.526566,-0.282831,0.656122,0.592033,40.258003,-38.313004,1.007000,NaN,0.461644,true,Self-supervised model,0.225303,8.647000,28.719087,3.321278,0.685800,0.221352,2.791936,0.697544,false,false
2026-04-17T14:56:38.402630,0.193520,-5.870732,-0.396983,112.745,SE,7,0.912695,7,6.392962,1.148225,2.106808,0.467975,0.495600,8.336611,4.256891,-0.344542,-0.215099,-0.232429,0.467975,0.274889,-0.401338,-0.241903,0.543280,0.486453,40.258003,-38.313004,1.007000,NaN,0.465550,true,Self-supervised model,0.227699,8.655000,28.862101,3.334731,0.685800,0.221352,2.453606,0.861387,false,false
2026-04-17T14:56:38.410536,0.193520,-5.870732,-0.394455,112.601,SE,7,0.912695,7,6.392962,1.061349,2.086990,0.605246,0.043096,8.556877,4.134786,-0.576173,-0.083296,-0.165556,0.605246,0.276722,-0.292604,-0.160047,0.433367,0.402731,40.258003,-38.313004,1.007000,NaN,0.468208,true,Self-supervised model,0.237811,8.663000,29.006972,3.348375,0.685800,0.221352,1.753583,1.396611,false,false
2026-04-17T14:56:38.419208,0.193520,-5.870732,-0.392194,112.471,E,7,0.912695,7,6.392962,0.994187,2.065278,0.641590,-0.189142,8.698134,4.182671,-0.578810,-0.272080,-0.050882,0.641590,0.277944,-0.235794,-0.073304,0.371786,0.364488,40.258003,-38.313004,1.007000,NaN,0.469396,true,Self-supervised model,0.242076,8.672000,29.136479,3.359834,0.685800,0.221352,1.549567,1.725697,false,false
2026-04-17T14:56:38.426888,0.193520,-5.870732,-0.390396,112.368,E,7,0.912695,7,6.392962,0.949175,2.042634,0.712861,-0.189142,8.518570,4.278439,-0.501452,-0.506041,0.025293,0.712861,0.271835,-0.222966,-0.002443,0.351588,0.351579,40.258003,-38.313004,1.007000,NaN,0.469348,true,Self-supervised model,0.246991,8.679000,29.239538,3.368999,0.685800,0.221352,1.331501,2.027547,false,false
2026-04-17T14:56:38.435562,0.193520,-5.870732,-0.389152,112.297,E,7,0.912695,7,6.392962,0.906373,2.019183,0.681660,-0.105345,8.293514,4.335899,-0.216967,-0.629019,0.148057,0.681660,0.248622,-0.226631,0.042150,0.339045,0.336414,40.258003,-38.313004,1.007000,NaN,0.468371,true,Self-supervised model,0.247245,8.688000,29.310788,3.373709,0.685800,0.221352,1.329655,2.010532,false,false
2026-04-17T14:56:38.442418,0.193520,-5.870732,-0.388503,112.260,E,7,0.912695,7,6.392962,0.873286,1.995347,0.699584,0.189142,8.178593,4.441244,0.160413,-0.632456,0.252358,0.699584,0.207083,-0.287107,0.053145,0.357964,0.353997,40.258003,-38.313004,1.007000,NaN,0.466643,true,Self-supervised model,0.249115,8.695000,29.347988,3.375272,0.685800,0.221352,1.248295,1.954341,false,false
2026-04-17T14:56:38.451705,0.193520,-5.870732,-0.388280,112.247,E,7,0.912695,7,6.392962,0.843125,1.971258,0.684777,0.581791,8.178593,4.537012,0.400940,-0.480412,0.278156,0.684777,0.137445,-0.392786,0.026267,0.416968,0.416140,40.258003,-38.313004,1.007000,NaN,0.465160,true,Self-supervised model,0.249135,8.704000,29.360754,3.373248,0.685800,0.221352,1.231240,1.642277,false,false
2026-04-17T14:56:38.458706,0.193520,-5.870732,-0.388241,112.245,E,7,0.912695,7,6.392962,0.815681,1.947035,0.671604,0.840365,8.331821,4.558560,0.404892,-0.399295,0.357320,0.671604,0.036652,-0.532674,-0.023213,0.534438,0.533934,40.258003,-38.313004,1.007000,NaN,0.464464,true,Self-supervised model,0.248099,8.711000,29.362993,3.370795,0.685800,0.221352,1.214528,1.256653,false,false
2026-04-17T14:56:38.467895,0.193520,-5.870732,-0.388050,112.234,E,7,0.912695,7,6.392962,0.794942,1.922952,0.686060,0.864307,8.410830,4.639963,0.178556,-0.313847,0.583349,0.686060,-0.054367,-0.645074,-0.060476,0.650179,0.647361,40.258003,-38.313004,1.007000,NaN,0.465263,true,Self-supervised model,0.247948,8.720000,29.373937,3.368571,0.685800,0.221352,1.158706,1.055186,false,false
2026-04-17T14:56:38.474587,0.193520,-5.870732,-0.387610,112.208,E,7,0.912695,7,6.392962,0.816755,1.900704,0.931272,0.656011,8.494628,4.867412,-0.162803,-0.181983,0.898690,0.931272,-0.141721,-0.771523,-0.069028,0.787462,0.784431,40.258003,-38.313004,1.007000,NaN,0.466700,true,Self-supervised model,0.254672,8.727000,29.399166,3.368760,0.685800,0.221352,0.877032,1.182624,false,false
2026-04-17T14:56:38.482568,0.193520,-5.870732,-0.386984,112.173,E,7,0.912695,7,6.392962,0.880172,1.881882,1.213113,0.335188,8.621520,5.190629,-0.446670,-0.119683,1.121519,1.213113,-0.182038,-0.886976,-0.035430,0.906157,0.905464,40.258003,-38.313004,1.007000,NaN,0.468067,true,Self-supervised model,0.259349,8.735000,29.435008,3.369778,0.685800,0.221352,0.725548,1.338745,false,false
2026-04-17T14:56:38.490855,0.193520,-5.870732,-0.386339,112.136,E,7,0.912695,7,6.392962,0.967091,1.867291,1.423414,0.076614,8.676587,5.425261,-0.638749,-0.146980,1.263528,1.423414,-0.196088,-0.977995,0.023213,0.997729,0.997459,40.258003,-38.313004,1.007000,NaN,0.468788,true,Self-supervised model,0.261657,8.743000,29.471942,3.370919,0.685800,0.221352,0.679416,1.426653,false,false
2026-04-17T14:56:38.498516,0.193520,-5.870732,-0.385846,112.107,E,7,0.912695,7,6.392962,1.070999,1.857439,1.616514,-0.083797,8.640674,5.580884,-0.656963,-0.248070,1.456015,1.616514,-0.172875,-1.028086,0.076358,1.045312,1.042520,40.258003,-38.313004,1.007000,NaN,0.468676,true,Self-supervised model,0.263911,8.751000,29.500207,3.371067,0.685800,0.221352,0.662536,1.546442,false,false
2026-04-17T14:56:38.506516,0.193520,-5.870732,-0.385662,112.097,E,7,0.912695,7,6.392962,1.157528,1.851443,1.611807,-0.064643,8.530540,5.786786,-0.629001,-0.185190,1.472407,1.611807,-0.096517,-1.023199,0.136834,1.036810,1.027741,40.258003,-38.313004,1.007000,NaN,0.467625,true,Self-supervised model,0.264102,8.759000,29.510771,3.369194,0.685800,0.221352,0.718155,1.554582,false,false
2026-04-17T14:56:38.514844,0.193520,-5.870732,-0.385348,112.079,E,7,0.912695,7,6.392962,1.209416,1.847762,1.481832,0.004788,8.585608,5.813122,-0.598337,-0.095348,1.352304,1.481832,0.009774,-0.941343,0.192423,0.960859,0.941394,40.258003,-38.313004,1.007000,NaN,0.468455,true,Self-supervised model,0.262526,8.767000,29.528742,3.368170,0.685800,0.221352,0.816163,1.542195,false,false
2026-04-17T14:56:38.522830,0.193520,-5.870732,-0.385758,112.102,E,7,0.912695,7,6.392962,1.223932,1.844808,1.300137,0.067038,8.659827,5.719748,-0.539934,-0.070826,1.180597,1.300137,0.143553,-0.789238,0.232740,0.835267,0.802187,40.258003,-38.313004,1.007000,NaN,0.465149,true,Self-supervised model,0.260170,8.775000,29.505230,3.362419,0.685800,0.221352,0.941387,1.556551,false,false
2026-04-17T14:56:38.530747,0.193520,-5.870732,-0.386906,112.168,E,7,0.912695,7,6.392962,1.200410,1.841032,1.076922,0.167594,8.683769,5.542577,-0.519353,0.021049,0.943181,1.076922,0.266948,-0.578489,0.248622,0.683904,0.637112,40.258003,-38.313004,1.007000,NaN,0.461052,true,Self-supervised model,0.255570,8.783000,29.439470,3.351869,0.685800,0.221352,1.114668,1.574669,false,false
2026-04-17T14:56:38.538873,0.193520,-5.870732,-0.388768,112.275,E,7,0.912695,7,6.392962,1.150448,1.835409,0.888146,0.225055,8.779537,5.291186,-0.463227,0.139493,0.744826,0.888146,0.394619,-0.260229,0.259007,0.539006,0.472698,40.258003,-38.313004,1.007000,NaN,0.456331,true,Self-supervised model,0.250922,8.791000,29.332765,3.336681,0.685800,0.221352,1.295336,1.647747,false,false
2026-04-17T14:56:38.547685,0.193520,-5.870732,-0.391310,112.420,E,7,0.912695,7,6.392962,1.100472,1.828012,0.838098,0.308852,8.906430,5.070919,-0.325192,0.309474,0.707732,0.838098,0.485027,0.051924,0.260229,0.552871,0.487798,40.258003,-38.313004,1.007000,NaN,0.451072,true,Self-supervised model,0.248755,8.800000,29.187141,3.316721,0.685800,0.221352,1.313058,1.515903,false,false
2026-04-17T14:56:38.557478,0.193520,-5.870732,-0.394460,112.601,SE,7,0.912695,7,6.392962,1.063327,1.819424,0.868316,0.464475,9.088389,5.006276,-0.137695,0.470029,0.716998,0.868316,0.540005,0.372628,0.240070,0.698635,0.656092,39.119003,-38.375000,-0.021000,NaN,0.445492,true,Self-supervised model,0.248440,8.810000,29.006693,3.292474,0.685800,0.221352,1.224585,1.242876,false,false
2026-04-17T14:56:38.562518,0.193520,-5.870732,-0.398080,112.808,SE,7,0.912695,7,6.392962,1.056713,1.810916,1.021988,0.660800,9.263166,4.984728,0.083391,0.646236,0.787327,1.021988,0.538783,0.434936,0.224188,0.727816,0.692428,39.119003,-38.375000,-0.021000,NaN,0.439986,true,Self-supervised model,0.250936,8.815000,28.799251,3.267073,0.685800,0.221352,1.033978,1.404184,false,false
2026-04-17T14:56:38.570730,0.193520,-5.870732,-0.401938,113.029,SE,7,0.912695,7,6.392962,1.068968,1.803238,1.133306,0.883460,9.454702,5.023035,0.202755,0.671812,0.889911,1.133306,0.511905,0.511294,0.168599,0.742896,0.723511,39.119003,-38.375000,-0.021000,NaN,0.435180,true,Self-supervised model,0.255791,8.823000,28.578213,3.239059,0.685800,0.221352,0.943229,1.525525,false,false
2026-04-17T14:56:38.578508,0.193520,-5.870732,-0.405750,113.248,SE,7,0.912695,7,6.392962,1.099429,1.797085,1.259351,0.998382,9.495404,5.094861,0.166639,0.693444,1.037946,1.259351,0.464868,0.508240,0.097738,0.695675,0.688775,39.119003,-38.375000,-0.021000,NaN,0.431550,true,Self-supervised model,0.259214,8.831000,28.359789,3.211390,0.685800,0.221352,0.873012,1.810259,false,false
2026-04-17T14:56:38.587305,0.193520,-5.870732,-0.409293,113.451,SE,7,0.912695,7,6.392962,1.150394,1.793218,1.417961,0.952892,9.531317,5.214571,0.041448,0.804799,1.166702,1.417961,0.417221,0.422719,0.048869,0.595947,0.593940,39.119003,-38.375000,-0.021000,NaN,0.429083,true,Self-supervised model,0.264903,8.840000,28.156781,3.185156,0.685800,0.221352,0.811302,2.379341,false,false
2026-04-17T14:56:38.594440,0.193520,-5.870732,-0.412306,113.623,SE,7,0.912695,7,6.392962,1.205521,1.791710,1.494938,0.816423,9.655815,5.317522,-0.127314,1.040274,1.066050,1.494938,0.333532,0.245568,0.012217,0.414363,0.414183,39.119003,-38.375000,-0.021000,NaN,0.428191,true,Self-supervised model,0.269452,8.847000,27.984154,3.163124,0.685800,0.221352,0.806402,3.607799,false,false
2026-04-17T14:56:38.602775,0.193520,-5.870732,-0.414911,113.773,SE,7,0.912695,7,6.392962,1.257354,1.792336,1.529473,0.636858,9.900024,5.200206,-0.313326,1.261836,0.805534,1.529473,0.218079,0.027489,0.010996,0.220079,0.219805,39.119003,-38.375000,-0.021000,NaN,0.427216,true,Self-supervised model,0.275569,8.855000,27.834881,3.143408,0.685800,0.221352,0.822083,6.949644,false,false
2026-04-17T14:56:38.610812,0.193520,-5.870732,-0.417162,113.902,SE,7,0.912695,7,6.392962,1.303987,1.794802,1.548811,0.447716,10.129868,4.922479,-0.447422,1.384944,0.529679,1.548811,0.057421,-0.177762,0.035430,0.190136,0.186806,39.119003,-38.375000,-0.021000,NaN,0.426382,true,Self-supervised model,0.277628,8.863000,27.705911,3.126019,0.685800,0.221352,0.841928,8.145800,false,false
2026-04-17T14:56:38.619953,0.193520,-5.870732,-0.419135,114.015,SE,7,0.912695,7,6.392962,1.348233,1.798939,1.580522,0.318429,10.256760,4.637568,-0.587099,1.456243,0.180896,1.580522,-0.108734,-0.321315,0.069028,0.346167,0.339215,39.119003,-38.375000,-0.021000,NaN,0.425526,true,Self-supervised model,0.274358,8.872000,27.592918,3.110112,0.685800,0.221352,0.853030,4.565786,false,false
2026-04-17T14:56:38.626850,0.193520,-5.870732,-0.420874,114.114,SE,7,0.912695,7,6.392962,1.377920,1.804098,1.533781,0.191536,10.326192,4.290410,-0.690458,1.369187,-0.032840,1.533781,-0.323148,-0.431882,0.104458,0.549416,0.539394,39.119003,-38.375000,-0.021000,NaN,0.424715,true,Self-supervised model,0.269621,8.879000,27.493238,3.096434,0.685800,0.221352,0.898381,2.791658,false,false
2026-04-17T14:56:38.634666,0.193520,-5.870732,-0.422382,114.201,SE,7,0.912695,7,6.392962,1.377849,1.809048,1.377473,0.107739,10.230424,4.091691,-0.750136,1.150671,-0.103359,1.377473,-0.537561,-0.456316,0.129503,0.716916,0.705122,39.119003,-38.375000,-0.021000,NaN,0.424136,true,Self-supervised model,0.264516,8.887000,27.406850,3.083926,0.685800,0.221352,1.000273,1.921387,false,false
2026-04-17T14:56:38.642586,0.193520,-5.870732,-0.423602,114.271,SE,7,0.912695,7,6.392962,1.343678,1.812433,1.164284,0.071826,9.995792,4.050989,-0.749300,0.890822,0.023292,1.164284,-0.719599,-0.363465,0.136834,0.817712,0.806182,39.119003,-38.375000,-0.021000,NaN,0.424067,true,Self-supervised model,0.258053,8.895000,27.336956,3.073295,0.685800,0.221352,1.154081,1.423831,false,false
2026-04-17T14:56:38.653411,0.193520,-5.870732,-0.424445,114.319,SE,7,0.912695,7,6.392962,1.291373,1.813591,1.016769,0.095768,9.713276,4.220978,-0.680665,0.647848,0.388340,1.016769,-0.828333,-0.202807,0.121562,0.861420,0.852799,39.119003,-38.375000,-0.021000,NaN,0.424729,true,Self-supervised model,0.253676,8.906000,27.288627,3.064072,0.685800,0.221352,1.270075,1.180341,false,false
2026-04-17T14:56:38.658853,0.193520,-5.870732,-0.424845,114.342,SE,7,0.912695,7,6.392962,1.287054,1.814530,1.264379,0.181959,9.442732,4.639963,-0.596276,0.467807,1.012061,1.264379,-0.888809,0.020769,0.091630,0.893761,0.889052,39.119003,-38.375000,-0.021000,NaN,0.426105,true,Self-supervised model,0.260347,8.911000,27.265725,3.059783,0.685800,0.221352,1.017933,1.414673,false,false
2026-04-17T14:56:38.667801,0.193520,-5.870732,-0.424757,114.337,SE,7,0.912695,7,6.392962,1.358634,1.818294,1.734428,0.275333,9.232041,5.324705,-0.614063,0.278646,1.597974,1.734428,-0.869872,0.239459,0.047647,0.903487,0.902230,39.119003,-38.375000,-0.021000,NaN,0.428144,true,Self-supervised model,0.269937,8.920000,27.270776,3.057262,0.685800,0.221352,0.783333,1.919704,false,false
2026-04-17T14:56:38.675062,0.193520,-5.870732,-0.424181,114.304,SE,7,0.912695,7,6.392962,1.478424,1.826699,2.107322,0.256180,9.011775,5.973533,-0.684096,0.114190,1.989919,2.107322,-0.797790,0.415999,-0.000611,0.899736,0.899736,39.119003,-38.375000,-0.021000,NaN,0.430669,true,Self-supervised model,0.275063,8.927000,27.303749,3.058558,0.685800,0.221352,0.701565,2.342156,false,false
2026-04-17T14:56:38.683128,0.193520,-5.870732,-0.423125,114.243,SE,7,0.912695,7,6.392962,1.635901,1.841067,2.462657,0.174777,8.817844,6.426037,-0.820296,-0.096297,2.320026,2.462657,-0.715934,0.507629,-0.045815,0.878833,0.877638,39.119003,-38.375000,-0.021000,NaN,0.433652,true,Self-supervised model,0.280050,8.936000,27.364308,3.062255,0.685800,0.221352,0.664283,2.802189,false,false
2026-04-17T14:56:38.691352,0.193520,-5.870732,-0.421623,114.157,SE,7,0.912695,7,6.392962,1.805060,1.861627,2.693142,0.019154,8.580819,6.811504,-1.042084,-0.207289,2.474693,2.693142,-0.613920,0.551611,-0.085521,0.829751,0.825332,39.119003,-38.375000,-0.021000,NaN,0.436933,true,Self-supervised model,0.283983,8.944000,27.450351,3.069136,0.685800,0.221352,0.670243,3.245725,false,false
2026-04-17T14:56:38.698475,0.193520,-5.870732,-0.419764,114.051,SE,7,0.912695,7,6.392962,1.957390,1.887457,2.757122,-0.227449,8.446744,7.015011,-1.285712,-0.235347,2.427607,2.757122,-0.521679,0.542448,-0.097128,0.758837,0.752595,39.119003,-38.375000,-0.021000,NaN,0.440219,true,Self-supervised model,0.286155,8.951000,27.556841,3.078633,0.685800,0.221352,0.709939,3.633354,false,false
2026-04-17T14:56:38.709353,0.193520,-5.870732,-0.417698,113.932,SE,7,0.912695,7,6.392962,2.080351,1.917173,2.725898,-0.497994,8.398860,7.010222,-1.482779,-0.223094,2.276425,2.725898,-0.447764,0.500299,-0.084299,0.676682,0.671410,39.119003,-38.375000,-0.021000,NaN,0.443118,true,Self-supervised model,0.288187,8.962000,27.675250,3.088066,0.685800,0.221352,0.763180,4.028332,false,false
2026-04-17T14:56:38.714624,0.193520,-5.870732,-0.415577,113.811,SE,7,0.912695,7,6.392962,2.167064,1.949169,2.622306,-0.720655,8.394072,6.895301,-1.630054,-0.253294,2.038445,2.622306,-0.402560,0.457538,-0.059865,0.612356,0.609423,37.841003,-39.256001,-3.831000,NaN,0.445455,true,Self-supervised model,0.286610,8.967000,27.796765,3.099896,0.685800,0.221352,0.826396,4.282325,false,false
2026-04-17T14:56:38.723715,0.193520,-5.870732,-0.413428,113.688,SE,7,0.912695,7,6.392962,2.219975,1.982001,2.497757,-0.890643,8.348581,6.689400,-1.666031,-0.342974,1.829070,2.497757,-0.375071,0.398895,-0.018937,0.547863,0.547536,37.841003,-39.256001,-3.831000,NaN,0.447718,true,Self-supervised model,0.287658,8.976000,27.919903,3.110506,0.685800,0.221352,0.888787,4.559087,false,false
2026-04-17T14:56:38.730312,0.193520,-5.870732,-0.411326,113.567,SE,7,0.912695,7,6.392962,2.254602,2.014905,2.436398,-0.948104,8.243237,6.512228,-1.666820,-0.405959,1.730012,2.436398,-0.350026,0.329256,0.024435,0.481170,0.480549,37.841003,-39.256001,-3.831000,NaN,0.449627,true,Self-supervised model,0.287283,8.983000,28.040294,3.121484,0.685800,0.221352,0.925383,5.063484,false,false
2026-04-17T14:56:38.738732,0.193520,-5.870732,-0.409324,113.453,SE,7,0.912695,7,6.392962,2.253546,2.046451,2.247998,-0.967257,8.164227,6.445191,-1.510103,-0.509235,1.585485,2.247998,-0.320093,0.262061,0.069028,0.419405,0.413686,37.841003,-39.256001,-3.831000,NaN,0.451234,true,Self-supervised model,0.286168,8.991000,28.155018,3.131467,0.685800,0.221352,1.002468,5.359967,false,false
2026-04-17T14:56:38.746445,0.193520,-5.870732,-0.407409,113.343,SE,7,0.912695,7,6.392962,2.221994,2.075472,2.056347,-0.826000,8.044518,6.332664,-1.285095,-0.652609,1.466695,2.056347,-0.286496,0.225409,0.098960,0.377733,0.364540,37.841003,-39.256001,-3.831000,NaN,0.452799,true,Self-supervised model,0.283142,8.999000,28.264726,3.140874,0.685800,0.221352,1.080554,5.443914,false,false
2026-04-17T14:56:38.756402,0.193520,-5.870732,-0.405504,113.234,SE,7,0.912695,7,6.392962,2.175285,2.101465,1.930063,-0.615310,7.884106,6.246472,-0.963186,-0.912488,1.401707,1.930063,-0.233961,0.194255,0.114843,0.325057,0.304094,37.841003,-39.256001,-3.831000,NaN,0.454664,true,Self-supervised model,0.282044,9.009000,28.373870,3.149503,0.685800,0.221352,1.127054,5.937619,false,false
2026-04-17T14:56:38.762920,0.193520,-5.870732,-0.403479,113.118,SE,7,0.912695,7,6.392962,2.123717,2.124355,1.852986,-0.308852,7.606379,6.215348,-0.683671,-1.107278,1.319122,1.852986,-0.163101,0.178373,0.100793,0.261874,0.241700,37.841003,-39.256001,-3.831000,NaN,0.457169,true,Self-supervised model,0.280970,9.015000,28.489893,3.160277,0.685800,0.221352,1.146105,7.075870,false,false
2026-04-17T14:56:38.770938,0.193520,-5.870732,-0.401228,112.989,SE,7,0.912695,7,6.392962,2.059218,2.143749,1.720596,-0.047884,7.393295,6.167464,-0.367286,-1.120148,1.253325,1.720596,-0.091019,0.167377,0.071471,0.203489,0.190524,37.841003,-39.256001,-3.831000,NaN,0.460327,true,Self-supervised model,0.280111,9.023000,28.618897,3.171772,0.685800,0.221352,1.196805,8.455487,false,false
2026-04-17T14:56:38.778398,0.193520,-5.870732,-0.398616,112.839,SE,7,0.912695,7,6.392962,1.980613,2.159224,1.567939,0.246603,7.362170,6.136339,-0.242670,-1.224473,0.948793,1.567939,0.006720,0.172875,0.013439,0.173527,0.173005,37.841003,-39.256001,-3.831000,NaN,0.464379,true,Self-supervised model,0.276509,9.031000,28.768536,3.185532,0.685800,0.221352,1.263195,9.035728,false,false
2026-04-17T14:56:38.787379,0.193520,-5.870732,-0.396271,112.705,SE,7,0.912695,7,6.392962,1.894341,2.170629,1.441411,0.344765,7.240066,5.865794,-0.330218,-1.297125,0.534872,1.441411,0.080023,0.260229,-0.047037,0.276288,0.272255,37.841003,-39.256001,-3.831000,NaN,0.465657,true,Self-supervised model,0.269861,9.040000,28.902892,3.197223,0.685800,0.221352,1.314227,5.217057,false,false
2026-04-17T14:56:38.794596,0.193520,-5.870732,-0.393968,112.573,SE,7,0.912695,7,6.392962,1.801806,2.177876,1.316001,0.241814,7.165846,5.456386,-0.362076,-1.206283,0.381630,1.316001,0.126449,0.355524,-0.103236,0.391209,0.377341,37.841003,-39.256001,-3.831000,NaN,0.467791,true,Self-supervised model,0.263726,9.047000,29.034828,3.209332,0.685800,0.221352,1.369153,3.363937,false,false
2026-04-17T14:56:38.803045,0.193520,-5.870732,-0.390907,112.397,E,7,0.912695,7,6.392962,1.694184,2.180528,1.129167,0.186748,7.256825,5.305551,-0.455767,-1.010597,0.214449,1.129167,0.160658,0.399506,-0.128893,0.449476,0.430599,37.841003,-39.256001,-3.831000,NaN,0.473888,true,Self-supervised model,0.256641,9.055000,29.210237,3.225868,0.685800,0.221352,1.500384,2.512183,false,false
2026-04-17T14:56:38.810749,0.193520,-5.870732,-0.387358,112.194,E,7,0.912695,7,6.392962,1.582035,2.178588,0.993255,0.047884,7.438785,5.166687,-0.567763,-0.814780,-0.018307,0.993255,0.184481,0.409891,-0.132558,0.468631,0.449493,37.841003,-39.256001,-3.831000,NaN,0.479388,true,Self-supervised model,0.250944,9.063000,29.413593,3.245459,0.685800,0.221352,1.592778,2.119482,false,false
2026-04-17T14:56:38.820538,0.193520,-5.870732,-0.383579,111.977,E,7,0.912695,7,6.392962,1.503841,2.173598,1.093321,-0.107739,7.625533,4.953603,-0.692032,-0.816692,-0.222388,1.093321,0.184481,0.433103,-0.113621,0.484274,0.470757,37.841003,-39.256001,-3.831000,NaN,0.484085,true,Self-supervised model,0.255063,9.073000,29.630098,3.265744,0.685800,0.221352,1.375480,2.257648,false,false
2026-04-17T14:56:38.827128,0.193520,-5.870732,-0.379786,111.760,E,7,0.912695,7,6.392962,1.445333,2.166468,1.138162,-0.272939,7.618350,4.762067,-0.691070,-0.878024,-0.216585,1.138162,0.166766,0.408058,-0.080023,0.448025,0.440820,37.841003,-39.256001,-3.831000,NaN,0.487933,true,Self-supervised model,0.255650,9.080000,29.847403,3.287159,0.685800,0.221352,1.269883,2.540401,false,false
2026-04-17T14:56:38.834919,0.193520,-5.870732,-0.376139,111.551,E,7,0.912695,7,6.392962,1.398858,2.157763,1.154864,-0.308852,7.553706,4.776433,-0.691082,-0.904831,-0.193386,1.154864,0.156382,0.340863,-0.053756,0.378857,0.375024,37.841003,-39.256001,-3.831000,NaN,0.490999,true,Self-supervised model,0.258088,9.087000,30.056382,3.307624,0.685800,0.221352,1.211275,3.048288,false,false
2026-04-17T14:56:38.842575,0.193520,-5.870732,-0.372771,111.358,E,7,0.912695,7,6.392962,1.347362,2.147347,1.077011,-0.339977,7.524976,4.805163,-0.669879,-0.825025,-0.174782,1.077011,0.154549,0.232129,-0.007941,0.278984,0.278871,37.841003,-39.256001,-3.831000,NaN,0.493250,true,Self-supervised model,0.257887,9.095000,30.249361,3.325933,0.685800,0.221352,1.251020,3.860473,false,false
2026-04-17T14:56:38.852553,0.193520,-5.870732,-0.370102,111.205,E,7,0.912695,7,6.392962,1.302292,2.135545,1.065675,-0.342371,7.603985,4.826711,-0.634654,-0.829913,-0.210052,1.065675,0.156382,0.097738,0.040928,0.188900,0.184413,37.841003,-39.256001,-3.831000,NaN,0.493124,true,Self-supervised model,0.261314,9.105000,30.402292,3.339077,0.685800,0.221352,1.222035,5.641489,false,false
2026-04-17T14:56:38.858685,0.193520,-5.870732,-0.368149,111.093,E,7,0.912695,7,6.392962,1.281556,2.123386,1.172691,-0.313640,7.603985,4.783615,-0.700619,-0.856623,-0.387987,1.172691,0.152105,0.005498,0.091630,0.177658,0.152205,37.841003,-39.256001,-3.831000,NaN,0.492208,true,Self-supervised model,0.265292,9.111000,30.514148,3.349155,0.685800,0.221352,1.092834,6.600838,false,false
2026-04-17T14:56:38.867766,0.193520,-5.870732,-0.366945,111.024,E,7,0.912695,7,6.392962,1.262747,2.110960,1.164000,-0.378284,7.582437,4.596867,-0.670382,-0.875769,-0.372175,1.164000,0.144775,-0.061697,0.142942,0.212600,0.157373,37.841003,-39.256001,-3.831000,NaN,0.490423,true,Self-supervised model,0.265506,9.120000,30.583175,3.353418,0.685800,0.221352,1.084834,5.475062,false,false
2026-04-17T14:56:38.874695,0.193520,-5.870732,-0.366521,111.000,E,7,0.912695,7,6.392962,1.233494,2.097861,1.079915,-0.339977,7.568071,4.604050,-0.570879,-0.859144,-0.319666,1.079915,0.160658,-0.155771,0.202196,0.301594,0.223775,36.709003,-39.531002,-1.354000,NaN,0.487722,true,Self-supervised model,0.261730,9.127000,30.607442,3.353505,0.685800,0.221352,1.142214,3.580697,false,false
2026-04-17T14:56:38.883622,0.193520,-5.870732,-0.366927,111.023,E,7,0.912695,7,6.392962,1.217085,2.084630,1.130938,-0.225055,7.589619,4.647145,-0.451844,-0.870189,-0.563585,1.130938,0.202196,-0.196088,0.260229,0.383475,0.281663,36.709003,-39.531002,-1.354000,NaN,0.484000,true,Self-supervised model,0.262433,9.136000,30.584208,3.347659,0.685800,0.221352,1.076173,2.949186,false,false
2026-04-17T14:56:38.891548,0.193520,-5.870732,-0.368055,111.088,E,7,0.912695,7,6.392962,1.196822,2.071118,1.090441,-0.083797,7.584831,4.390966,-0.242010,-0.787857,-0.713985,1.090441,0.226631,-0.176540,0.314596,0.426026,0.287277,36.709003,-39.531002,-1.354000,NaN,0.479982,true,Self-supervised model,0.260317,9.144000,30.519577,3.337662,0.685800,0.221352,1.097558,2.559563,false,false
2026-04-17T14:56:38.898653,0.193520,-5.870732,-0.369934,111.196,E,7,0.912695,7,6.392962,1.178940,2.057431,1.085058,0.148441,7.673417,4.228160,0.065480,-0.733058,-0.797301,1.085058,0.244957,-0.155160,0.337198,0.444725,0.289963,36.709003,-39.531002,-1.354000,NaN,0.475099,true,Self-supervised model,0.259478,9.151000,30.411916,3.323343,0.685800,0.221352,1.086522,2.439838,false,false
2026-04-17T14:56:38.906639,0.193520,-5.870732,-0.372523,111.344,E,7,0.912695,7,6.392962,1.192436,2.044831,1.263289,0.481235,7.735666,4.129998,0.271160,-0.763028,-0.969618,1.263289,0.259007,-0.119119,0.348804,0.450487,0.285086,36.709003,-39.531002,-1.354000,NaN,0.469667,true,Self-supervised model,0.263532,9.159000,30.263543,3.304241,0.685800,0.221352,0.943914,2.804277,false,false
2026-04-17T14:56:38.914425,0.193520,-5.870732,-0.375728,111.528,E,7,0.912695,7,6.392962,1.217419,2.033735,1.348580,0.713472,7.714118,3.940856,0.458482,-0.738125,-1.031326,1.348580,0.252898,-0.065363,0.340252,0.428954,0.261208,36.709003,-39.531002,-1.354000,NaN,0.464001,true,Self-supervised model,0.265227,9.167000,30.079912,3.281326,0.685800,0.221352,0.902741,3.143883,false,false
2026-04-17T14:56:38.923830,0.193520,-5.870732,-0.379384,111.737,E,7,0.912695,7,6.392962,1.244714,2.024174,1.388017,0.926556,7.747637,3.861847,0.598166,-0.614720,-1.091288,1.388017,0.234572,-0.020159,0.307265,0.387095,0.235437,36.709003,-39.531002,-1.354000,NaN,0.458540,true,Self-supervised model,0.267096,9.176000,29.870435,3.255278,0.685800,0.221352,0.896757,3.585729,false,false
2026-04-17T14:56:38.930478,0.193520,-5.870732,-0.383294,111.961,E,7,0.912695,7,6.392962,1.265861,2.015841,1.376878,1.089362,7.879318,3.785233,0.621661,-0.482891,-1.129667,1.376878,0.194255,0.007941,0.276722,0.338191,0.194417,36.709003,-39.531002,-1.354000,NaN,0.453614,true,Self-supervised model,0.266113,9.183000,29.646405,3.228401,0.685800,0.221352,0.919370,4.071303,false,false
2026-04-17T14:56:38.938815,0.193520,-5.870732,-0.387303,112.191,E,7,0.912695,7,6.392962,1.254966,2.007406,1.197770,1.132457,8.018182,3.732560,0.511224,-0.356476,-1.022853,1.197770,0.139277,0.013439,0.249844,0.286358,0.139924,36.709003,-39.531002,-1.354000,NaN,0.449210,true,Self-supervised model,0.263876,9.191000,29.416711,3.200600,0.685800,0.221352,1.047752,4.182777,false,false
2026-04-17T14:56:38.946979,0.193520,-5.870732,-0.391321,112.421,E,7,0.912695,7,6.392962,1.217646,1.997816,1.021713,1.039083,8.149862,3.828329,0.418109,-0.297570,-0.883479,1.021713,0.084910,-0.012217,0.235794,0.250914,0.085785,36.709003,-39.531002,-1.354000,NaN,0.445158,true,Self-supervised model,0.259638,9.199000,29.186521,3.172793,0.685800,0.221352,1.191769,4.071966,false,false
2026-04-17T14:56:38.955795,0.193520,-5.870732,-0.395330,112.651,SE,7,0.912695,7,6.392962,1.154514,1.986084,0.823071,0.962469,8.212111,3.960010,0.364247,-0.244177,-0.696525,0.823071,0.041539,-0.054978,0.238848,0.248589,0.068906,36.709003,-39.531002,-1.354000,NaN,0.441182,true,Self-supervised model,0.252819,9.208000,28.956813,3.144745,0.685800,0.221352,1.402691,3.310967,false,false
2026-04-17T14:56:38.962786,0.193520,-5.870732,-0.399345,112.881,SE,7,0.912695,7,6.392962,1.073727,1.971589,0.649595,0.926556,8.267179,4.141969,0.300467,-0.239595,-0.523725,0.649595,0.000611,-0.112399,0.246179,0.270625,0.112401,36.709003,-39.531002,-1.354000,NaN,0.437142,true,Self-supervised model,0.244027,9.215000,28.726747,3.117390,0.685800,0.221352,1.652917,2.400352,false,false
2026-04-17T14:56:38.971244,0.193520,-5.870732,-0.403387,113.112,SE,7,0.912695,7,6.392962,0.986222,1.954175,0.526825,0.883460,8.271967,4.311957,0.295809,-0.231309,-0.369510,0.526825,-0.034819,-0.178984,0.251676,0.310787,0.182339,36.709003,-39.531002,-1.354000,NaN,0.432995,true,Self-supervised model,0.238651,9.224000,28.495181,3.089243,0.685800,0.221352,1.872012,1.695132,false,false
2026-04-17T14:56:38.978601,0.193520,-5.870732,-0.407450,113.345,SE,7,0.912695,7,6.392962,0.887742,1.933517,0.370722,0.902614,8.279149,4.465186,0.268825,-0.195535,-0.164116,0.370722,-0.060476,-0.262061,0.252898,0.369176,0.268949,36.709003,-39.531002,-1.354000,NaN,0.428846,true,Self-supervised model,0.228200,9.231000,28.262376,3.061681,0.685800,0.221352,2.394628,1.004189,false,false
2026-04-17T14:56:38.987392,0.193520,-5.870732,-0.411487,113.576,SE,7,0.912695,7,6.392962,0.803364,1.910311,0.360375,0.902614,8.312668,4.671088,0.332565,-0.134442,0.034584,0.360375,-0.064141,-0.350026,0.251676,0.435859,0.355854,36.709003,-39.531002,-1.354000,NaN,0.424915,true,Self-supervised model,0.228775,9.240000,28.031092,3.033668,0.685800,0.221352,2.229243,0.826816,false,false
2026-04-17T14:56:38.994843,0.193520,-5.870732,-0.415495,113.806,SE,7,0.912695,7,6.392962,0.740966,1.885538,0.413378,0.995988,8.370130,4.872200,0.373359,-0.051966,0.169658,0.413378,-0.052534,-0.447153,0.249844,0.514906,0.450229,36.709003,-39.531002,-1.354000,NaN,0.421022,true,Self-supervised model,0.233271,9.247000,27.801452,3.006537,0.685800,0.221352,1.792466,0.802823,false,false
2026-04-17T14:56:39.003478,0.193520,-5.870732,-0.419486,114.035,SE,7,0.912695,7,6.392962,0.707063,1.860399,0.529072,1.070208,8.449138,5.008670,0.464028,0.084888,0.239562,0.529072,-0.029322,-0.508240,0.249233,0.566820,0.509085,36.709003,-39.531002,-1.354000,NaN,0.417097,true,Self-supervised model,0.241876,9.256000,27.572768,2.978907,0.685800,0.221352,1.336421,0.933405,false,false
2026-04-17T14:56:39.010624,0.193520,-5.870732,-0.423475,114.263,SE,7,0.912695,7,6.392962,0.702185,1.836070,0.676576,1.197101,8.583213,5.078102,0.591238,0.163199,0.285583,0.676576,0.007330,-0.556498,0.246179,0.608562,0.556547,36.709003,-39.531002,-1.354000,NaN,0.413118,true,Self-supervised model,0.248354,9.263000,27.344220,2.951983,0.685800,0.221352,1.037852,1.111761,false,false
2026-04-17T14:56:39.018587,0.193520,-5.870732,-0.427583,114.499,SE,7,0.912695,7,6.392962,0.727003,1.813707,0.857295,1.362301,8.659827,5.121197,0.749320,0.316879,0.270300,0.857295,0.036652,-0.611476,0.244346,0.659508,0.612574,36.709003,-39.531002,-1.354000,NaN,0.408536,true,Self-supervised model,0.253580,9.271000,27.108880,2.924051,0.685800,0.221352,0.848019,1.299900,false,false
2026-04-17T14:56:39.027856,0.193520,-5.870732,-0.431840,114.743,SE,7,0.912695,7,6.392962,0.752172,1.793246,0.884312,1.563414,8.813056,5.099649,0.822604,0.323545,0.025484,0.884312,0.056810,-0.654237,0.229074,0.695506,0.656699,36.709003,-39.531002,-1.354000,NaN,0.403677,true,Self-supervised model,0.254366,9.280000,26.864921,2.894927,0.685800,0.221352,0.850573,1.271466,false,false
2026-04-17T14:56:39.034627,0.193520,-5.870732,-0.436281,114.997,SE,7,0.912695,7,6.392962,0.790008,1.775116,0.988644,1.683124,8.820239,4.845864,0.948346,0.251117,-0.122461,0.988644,0.042761,-0.659124,0.206472,0.692028,0.660509,32.535000,-40.895000,2.820000,NaN,0.398506,true,Self-supervised model,0.255054,9.287000,26.610503,2.865350,0.685800,0.221352,0.799082,1.428618,false,false
2026-04-17T14:56:39.042674,0.193520,-5.870732,-0.440896,115.261,SE,7,0.912695,7,6.392962,0.835338,1.759525,1.073324,1.857901,8.748413,4.687847,1.051233,0.145663,-0.160360,1.073324,0.026267,-0.642630,0.162490,0.663375,0.643167,32.535000,-40.895000,2.820000,NaN,0.393192,true,Self-supervised model,0.258208,9.295000,26.346078,2.834435,0.685800,0.221352,0.778272,1.617974,false,false
2026-04-17T14:56:39.051540,0.193520,-5.870732,-0.445587,115.530,SE,7,0.912695,7,6.392962,0.897262,1.747035,1.222362,2.011129,8.643068,4.639963,1.211146,0.002234,-0.165193,1.222362,0.017715,-0.591928,0.107512,0.601874,0.592193,32.535000,-40.895000,2.820000,NaN,0.388199,true,Self-supervised model,0.261896,9.304000,26.077315,2.802807,0.685800,0.221352,0.734040,2.030927,false,false
2026-04-17T14:56:39.058845,0.193520,-5.870732,-0.450229,115.796,SE,7,0.912695,7,6.392962,0.974045,1.738115,1.377156,2.219425,8.499416,4.625597,1.370561,-0.102658,-0.087071,1.377156,0.016493,-0.503964,0.020769,0.504661,0.504234,32.535000,-40.895000,2.820000,NaN,0.383751,true,Self-supervised model,0.265547,9.311000,25.811343,2.772134,0.685800,0.221352,0.707287,2.728872,false,false
2026-04-17T14:56:39.067735,0.193520,-5.870732,-0.454669,116.051,SE,7,0.912695,7,6.392962,1.050540,1.732612,1.452139,2.422932,8.394072,4.695030,1.445029,-0.138330,-0.038267,1.452139,0.024435,-0.412334,-0.087354,0.422193,0.413057,32.535000,-40.895000,2.820000,NaN,0.380120,true,Self-supervised model,0.268973,9.320000,25.556953,2.742162,0.685800,0.221352,0.723443,3.439513,false,false
2026-04-17T14:56:39.074729,0.193520,-5.870732,-0.457929,116.237,SE,7,0.912695,7,6.392962,1.106139,1.729553,1.398033,2.535460,8.358158,4.735731,1.393577,-0.109258,0.022373,1.398033,0.028711,-0.334754,-0.210138,0.396286,0.335983,32.535000,-40.895000,2.820000,NaN,0.381577,true,Self-supervised model,0.268815,9.327000,25.370135,2.720074,0.685800,0.221352,0.791211,3.527839,false,false
2026-04-17T14:56:39.083128,0.193520,-5.870732,-0.459891,116.350,SE,7,0.912695,7,6.392962,1.113457,1.726909,1.151879,2.492364,8.389283,4.790798,1.148624,-0.018707,0.084488,1.151879,0.021991,-0.281609,-0.317039,0.424619,0.282466,32.535000,-40.895000,2.820000,NaN,0.384811,true,Self-supervised model,0.265327,9.336000,25.257736,2.705413,0.685800,0.221352,0.966644,2.712738,false,false
2026-04-17T14:56:39.092619,0.193520,-5.870732,-0.460464,116.383,SE,7,0.912695,7,6.392962,1.062506,1.722333,0.795013,2.245761,8.482656,4.848258,0.740312,0.145724,0.250494,0.795013,0.004887,-0.246790,-0.415999,0.483719,0.246838,32.535000,-40.895000,2.820000,NaN,0.389795,true,Self-supervised model,0.254912,9.345000,25.224932,2.699297,0.685800,0.221352,1.336464,1.643542,false,false
2026-04-17T14:56:39.098697,0.193520,-5.870732,-0.459662,116.337,SE,7,0.912695,7,6.392962,0.992054,1.715122,0.622179,1.826776,8.650250,5.011064,0.349910,0.248158,0.450651,0.622179,-0.015272,-0.246179,-0.474642,0.534904,0.246652,32.535000,-40.895000,2.820000,NaN,0.396093,true,Self-supervised model,0.246863,9.351000,25.270865,2.702477,0.685800,0.221352,1.594484,1.163159,false,false
2026-04-17T14:56:39.106721,0.193520,-5.870732,-0.457607,116.219,SE,7,0.912695,7,6.392962,0.951050,1.706559,0.735782,1.419762,8.755595,5.209783,-0.063985,0.310150,0.664144,0.735782,-0.023213,-0.265116,-0.492968,0.560217,0.266130,32.535000,-40.895000,2.820000,NaN,0.403160,true,Self-supervised model,0.252110,9.359000,25.388584,2.712745,0.685800,0.221352,1.292571,1.313387,false,false
2026-04-17T14:56:39.114824,0.193520,-5.870732,-0.454895,116.064,SE,7,0.912695,7,6.392962,0.962855,1.698811,1.024830,0.986411,8.820239,5.422867,-0.303052,0.377831,0.903150,1.024830,-0.019548,-0.299935,-0.484416,0.570089,0.300571,32.535000,-40.895000,2.820000,NaN,0.408503,true,Self-supervised model,0.261336,9.367000,25.543987,2.727019,0.685800,0.221352,0.939526,1.797666,false,false
2026-04-17T14:56:39.123258,0.193520,-5.870732,-0.451548,115.872,SE,7,0.912695,7,6.392962,1.005294,1.693070,1.228101,0.739808,8.887277,5.664681,-0.339495,0.435625,1.096908,1.228101,0.009163,-0.367130,-0.467312,0.594347,0.367244,32.535000,-40.895000,2.820000,NaN,0.414392,true,Self-supervised model,0.264964,9.376000,25.735790,2.744858,0.685800,0.221352,0.818576,2.066302,false,false
2026-04-17T14:56:39.130524,0.193520,-5.870732,-0.447626,115.647,SE,7,0.912695,7,6.392962,1.057625,1.689653,1.332362,0.694318,8.944737,5.861006,-0.361252,0.489675,1.185286,1.332362,0.058643,-0.429438,-0.452651,0.626697,0.433424,32.535000,-40.895000,2.820000,NaN,0.420608,true,Self-supervised model,0.265234,9.383000,25.960463,2.766755,0.685800,0.221352,0.793797,2.126005,false,false
2026-04-17T14:56:39.138763,0.193520,-5.870732,-0.443226,115.395,SE,7,0.912695,7,6.392962,1.113234,1.688596,1.405182,0.663194,8.999804,5.949591,-0.289704,0.570350,1.251123,1.405182,0.114232,-0.469755,-0.447153,0.658533,0.483445,32.535000,-40.895000,2.820000,NaN,0.426924,true,Self-supervised model,0.265865,9.391000,26.212584,2.791245,0.685800,0.221352,0.792235,2.133808,false,false
2026-04-17T14:56:39.146894,0.193520,-5.870732,-0.438446,115.121,SE,7,0.912695,7,6.392962,1.172615,1.689957,1.484361,0.725443,9.083601,6.011840,-0.263279,0.769739,1.241577,1.484361,0.196088,-0.494801,-0.441656,0.691620,0.532239,32.535000,-40.895000,2.820000,NaN,0.433221,true,Self-supervised model,0.266193,9.399000,26.486433,2.818005,0.685800,0.221352,0.789979,2.146210,false,false
2026-04-17T14:56:39.155892,0.193520,-5.870732,-0.433405,114.832,SE,7,0.912695,7,6.392962,1.223062,1.693281,1.487909,0.742203,9.289502,5.992687,-0.279446,0.909978,1.143557,1.487909,0.298713,-0.492968,-0.431882,0.720256,0.576409,32.535000,-40.895000,2.820000,NaN,0.439311,true,Self-supervised model,0.265320,9.408000,26.775307,2.846015,0.685800,0.221352,0.822000,2.065805,false,false
2026-04-17T14:56:39.163288,0.193520,-5.870732,-0.428252,114.537,SE,7,0.912695,7,6.392962,1.252459,1.697648,1.406794,0.715866,9.440337,5.877765,-0.361666,1.001194,0.919716,1.406794,0.395841,-0.453262,-0.420275,0.734008,0.601778,32.535000,-40.895000,2.820000,NaN,0.444909,true,Self-supervised model,0.262567,9.416000,27.070546,2.874952,0.685800,0.221352,0.890293,1.916592,false,false
2026-04-17T14:56:39.170970,0.193520,-5.870732,-0.423097,114.242,SE,7,0.912695,7,6.392962,1.277141,1.702828,1.406723,0.622492,9.548077,5.626374,-0.533218,1.142057,0.624703,1.406723,0.465479,-0.384234,-0.404393,0.726526,0.603578,32.535000,-40.895000,2.820000,NaN,0.450072,true,Self-supervised model,0.262436,9.423000,27.365903,2.904160,0.685800,0.221352,0.907884,1.936232,false,false
2026-04-17T14:56:39.178394,0.193520,-5.870732,-0.418066,113.953,SE,7,0.912695,7,6.392962,1.321188,1.709562,1.552434,0.438139,9.708488,5.298368,-0.690797,1.338293,0.376595,1.552434,0.524122,-0.270613,-0.370184,0.696399,0.589861,32.535000,-40.895000,2.820000,NaN,0.454604,true,Self-supervised model,0.265538,9.431000,27.654122,2.932258,0.685800,0.221352,0.851043,2.229230,false,false
2026-04-17T14:56:39.187771,0.193520,-5.870732,-0.413316,113.681,SE,7,0.912695,7,6.392962,1.395290,1.718991,1.784324,0.265756,9.926360,5.013458,-0.830715,1.569266,0.176434,1.784324,0.561996,-0.161268,-0.310930,0.662212,0.584677,32.535000,-40.895000,2.820000,NaN,0.458232,true,Self-supervised model,0.271042,9.440000,27.926269,2.958291,0.685800,0.221352,0.781971,2.694491,false,false
2026-04-17T14:56:39.195244,0.193520,-5.870732,-0.409019,113.435,SE,7,0.912695,7,6.392962,1.470452,1.731050,1.865054,0.110133,10.180145,4.774038,-0.828307,1.670991,-0.011052,1.865054,0.565661,-0.081245,-0.237016,0.618668,0.571466,30.794001,-42.146004,2.290000,NaN,0.460721,true,Self-supervised model,0.272160,9.448000,28.172515,2.981850,0.685800,0.221352,0.788423,3.014629,false,false
2026-04-17T14:56:39.203164,0.193520,-5.870732,-0.405311,113.223,SE,7,0.912695,7,6.392962,1.521870,1.744682,1.791813,0.098162,10.304645,4.546589,-0.795016,1.575484,-0.310472,1.791813,0.535118,-0.020769,-0.166766,0.560886,0.535521,30.794001,-42.146004,2.290000,NaN,0.462070,true,Self-supervised model,0.272240,9.456000,28.384972,3.001795,0.685800,0.221352,0.849346,3.194609,false,false
2026-04-17T14:56:39.210818,0.193520,-5.870732,-0.402265,113.048,SE,7,0.912695,7,6.392962,1.535254,1.758305,1.605519,0.119710,10.230424,4.209007,-0.694565,1.308203,-0.619577,1.605519,0.445321,0.059865,-0.099571,0.460227,0.449327,30.794001,-42.146004,2.290000,NaN,0.462466,true,Self-supervised model,0.270785,9.463000,28.559469,3.018014,0.685800,0.221352,0.956235,3.488538,false,false
2026-04-17T14:56:39.220196,0.193520,-5.870732,-0.399835,112.909,SE,7,0.912695,7,6.392962,1.521327,1.770826,1.448211,0.210690,9.981427,3.866636,-0.522842,1.100932,-0.782240,1.448211,0.295659,0.143553,-0.049480,0.332370,0.328666,30.794001,-42.146004,2.290000,NaN,0.462435,true,Self-supervised model,0.270551,9.473000,28.698708,3.029527,0.685800,0.221352,1.050487,4.357222,false,false
2026-04-17T14:56:39.227397,0.193520,-5.870732,-0.397927,112.800,SE,7,0.912695,7,6.392962,1.498428,1.781930,1.378212,0.373495,9.787497,3.679888,-0.325183,1.118117,-0.737251,1.378212,0.103236,0.205862,-0.004887,0.230349,0.230297,30.794001,-42.146004,2.290000,NaN,0.462255,true,Self-supervised model,0.271133,9.480000,28.808041,3.038823,0.685800,0.221352,1.087226,5.983153,false,false
2026-04-17T14:56:39.234770,0.193520,-5.870732,-0.396440,112.714,SE,7,0.912695,7,6.392962,1.455647,1.790879,1.231045,0.562637,9.811439,3.713407,-0.112679,1.142377,-0.444692,1.231045,-0.077580,0.209527,0.028100,0.225188,0.223428,30.794001,-42.146004,2.290000,NaN,0.462057,true,Self-supervised model,0.267722,9.487000,28.893236,3.045561,0.685800,0.221352,1.182448,5.466741,false,false
2026-04-17T14:56:39.242466,0.193520,-5.870732,-0.395280,112.648,SE,7,0.912695,7,6.392962,1.383861,1.796598,1.006986,0.768539,9.835381,4.007894,0.072038,1.004283,0.015718,1.006986,-0.290161,0.147219,0.067195,0.332238,0.325372,30.794001,-42.146004,2.290000,NaN,0.461906,true,Self-supervised model,0.258998,9.495000,28.959660,3.049991,0.685800,0.221352,1.374261,3.030920,false,false
2026-04-17T14:56:39.251405,0.193520,-5.870732,-0.394383,112.596,SE,7,0.912695,7,6.392962,1.317010,1.799415,0.966042,0.950498,9.689334,4.484340,0.198241,0.743858,0.583621,0.966042,-0.467312,0.033598,0.102625,0.479626,0.468518,30.794001,-42.146004,2.290000,NaN,0.461755,true,Self-supervised model,0.256331,9.504000,29.011072,3.052512,0.685800,0.221352,1.363305,2.014157,false,false
2026-04-17T14:56:39.258849,0.193520,-5.870732,-0.393712,112.558,SE,7,0.912695,7,6.392962,1.302604,1.801542,1.226973,1.079785,9.414001,5.080496,0.341160,0.517695,1.058804,1.226973,-0.588263,-0.115454,0.132558,0.613966,0.599486,30.794001,-42.146004,2.290000,NaN,0.461520,true,Self-supervised model,0.262714,9.511000,29.049510,3.054307,0.685800,0.221352,1.061640,1.998437,false,false
2026-04-17T14:56:39.268083,0.193520,-5.870732,-0.393237,112.531,SE,7,0.912695,7,6.392962,1.364399,1.806056,1.688818,1.233014,9.167398,5.592855,0.496581,0.306701,1.584755,1.688818,-0.636522,-0.246790,0.144775,0.697871,0.682689,30.794001,-42.146004,2.290000,NaN,0.461214,true,Self-supervised model,0.271183,9.521000,29.076751,3.053960,0.685800,0.221352,0.807902,2.419955,false,false
2026-04-17T14:56:39.274760,0.193520,-5.870732,-0.392894,112.511,SE,7,0.912695,7,6.392962,1.492478,1.815513,2.164897,1.405396,8.932767,6.160281,0.666126,0.125048,2.056068,2.164897,-0.619417,-0.388510,0.130114,0.742663,0.731176,30.794001,-42.146004,2.290000,NaN,0.461028,true,Self-supervised model,0.277470,9.527000,29.096413,3.054100,0.685800,0.221352,0.689399,2.915047,false,false
2026-04-17T14:56:39.283129,0.193520,-5.870732,-0.392634,112.496,E,7,0.912695,7,6.392962,1.656739,1.831162,2.519106,1.596933,8.726865,6.672640,0.746111,0.010503,2.406056,2.519106,-0.518625,-0.502742,0.111788,0.730902,0.722303,30.794001,-42.146004,2.290000,NaN,0.460953,true,Self-supervised model,0.282494,9.536000,29.111281,3.052777,0.685800,0.221352,0.657669,3.446572,false,false
2026-04-17T14:56:39.291497,0.193520,-5.870732,-0.392456,112.486,E,7,0.912695,7,6.392962,1.842706,1.853624,2.819032,1.702277,8.590396,7.058106,0.809900,-0.032944,2.699985,2.819032,-0.335976,-0.584598,0.087965,0.679980,0.674266,30.794001,-42.146004,2.290000,NaN,0.460805,true,Self-supervised model,0.287464,9.544000,29.121487,3.051287,0.685800,0.221352,0.653666,4.145759,false,false
2026-04-17T14:56:39.298460,0.193520,-5.870732,-0.392402,112.483,E,7,0.912695,7,6.392962,1.992750,1.881189,2.780480,1.793257,8.530540,7.376535,0.904286,-0.077168,2.628190,2.780480,-0.130114,-0.619417,0.064752,0.636239,0.632936,30.794001,-42.146004,2.290000,NaN,0.460364,true,Self-supervised model,0.288690,9.551000,29.124601,3.049377,0.685800,0.221352,0.716693,4.370179,false,false
2026-04-17T14:56:39.306836,0.193520,-5.870732,-0.392532,112.490,E,7,0.912695,7,6.392962,2.042565,1.909644,2.304097,1.915361,8.477868,7.314286,0.983576,-0.087268,2.081785,2.304097,0.107512,-0.587652,0.041539,0.598849,0.597406,30.794001,-42.146004,2.290000,NaN,0.459496,true,Self-supervised model,0.283398,9.559000,29.117145,3.046045,0.685800,0.221352,0.886493,3.847545,false,false
2026-04-17T14:56:39.315326,0.193520,-5.870732,-0.392905,112.512,SE,7,0.912695,7,6.392962,2.000579,1.935282,1.780152,2.020706,8.468291,6.761226,1.019527,-0.062144,1.457959,1.780152,0.304822,-0.459982,0.024435,0.552355,0.551815,30.794001,-42.146004,2.290000,NaN,0.458152,true,Self-supervised model,0.274802,9.568000,29.095777,3.040947,0.685800,0.221352,1.123825,3.222840,false,false
2026-04-17T14:56:39.323134,0.193520,-5.870732,-0.393543,112.548,SE,7,0.912695,7,6.392962,1.884280,1.955242,1.273709,2.078167,8.501810,6.117185,1.031472,-0.104754,0.739882,1.273709,0.418443,-0.282831,0.012828,0.505225,0.505062,30.794001,-42.146004,2.290000,NaN,0.456454,true,Self-supervised model,0.262675,9.576000,29.059225,3.034589,0.685800,0.221352,1.479365,2.521073,false,false
2026-04-17T14:56:39.331144,0.193520,-5.870732,-0.394435,112.599,SE,7,0.912695,7,6.392962,1.748259,1.968962,1.034149,2.104503,8.473080,5.370194,0.999775,-0.183619,0.190260,1.034149,0.480140,-0.040928,0.003665,0.481895,0.481881,30.794001,-42.146004,2.290000,NaN,0.454542,true,Self-supervised model,0.255212,9.584000,29.008070,3.026719,0.685800,0.221352,1.690528,2.146005,false,false
2026-04-17T14:56:39.338820,0.193520,-5.870732,-0.395543,112.663,SE,7,0.912695,7,6.392962,1.624419,1.977180,0.974262,2.078167,8.410830,4.788404,0.932786,-0.231128,-0.160237,0.974262,0.456316,0.169210,0.000611,0.486679,0.486679,30.794001,-42.146004,2.290000,NaN,0.452574,true,Self-supervised model,0.253124,9.591000,28.944598,3.017892,0.685800,0.221352,1.667333,2.001856,false,false
2026-04-17T14:56:39.347197,0.193520,-5.870732,-0.396794,112.735,SE,7,0.912695,7,6.392962,1.515622,1.980718,0.944432,2.008735,8.379706,4.407725,0.846925,-0.359651,-0.212890,0.944432,0.370795,0.298713,0.001222,0.476151,0.476150,30.794001,-42.146004,2.290000,NaN,0.450753,true,Self-supervised model,0.252749,9.600000,28.872954,3.007599,0.685800,0.221352,1.604797,1.983470,false,false
2026-04-17T14:56:39.356451,0.193520,-5.870732,-0.398125,112.811,SE,7,0.912695,7,6.392962,1.431936,1.980767,0.992586,1.915361,8.264784,4.331111,0.783892,-0.608564,-0.019723,0.992586,0.270613,0.334754,0.009163,0.430553,0.430455,31.503002,-40.010002,-0.168000,NaN,0.449096,true,Self-supervised model,0.255735,9.609000,28.796648,2.996841,0.685800,0.221352,1.442632,2.305374,false,false
2026-04-17T14:56:39.363143,0.193520,-5.870732,-0.399497,112.889,SE,7,0.912695,7,6.392962,1.418937,1.980294,1.350691,1.843535,8.025364,4.508282,0.936942,-0.900519,0.368199,1.350691,0.145997,0.309098,0.020769,0.342473,0.341843,31.503002,-40.010002,-0.168000,NaN,0.447567,true,Self-supervised model,0.267168,9.616000,28.718080,2.986489,0.685800,0.221352,1.050527,3.943931,false,false
2026-04-17T14:56:39.370913,0.193520,-5.870732,-0.400846,112.967,SE,7,0.912695,7,6.392962,1.491707,1.982750,1.873750,1.989582,7.738060,4.888960,1.228293,-1.113780,0.872771,1.873750,0.050091,0.240681,0.011606,0.246112,0.245838,31.503002,-40.010002,-0.168000,NaN,0.446307,true,Self-supervised model,0.280322,9.623000,28.640787,2.976285,0.685800,0.221352,0.796108,7.613403,false,false
2026-04-17T14:56:39.378491,0.193520,-5.870732,-0.402070,113.037,SE,7,0.912695,7,6.392962,1.612325,1.989933,2.245568,2.276886,7.524976,5.394136,1.421507,-1.295394,1.159245,2.245568,-0.009774,0.142942,-0.028711,0.146125,0.143276,31.503002,-40.010002,-0.168000,NaN,0.445583,true,Self-supervised model,0.292525,9.631000,28.570654,2.966530,0.685800,0.221352,0.718003,15.367494,false,false
2026-04-17T14:56:39.387114,0.193520,-5.870732,-0.403025,113.092,SE,7,0.912695,7,6.392962,1.753645,2.002482,2.495575,2.468422,7.340622,5.686229,1.453169,-1.487085,1.380136,2.495575,-0.042761,0.050702,-0.079412,0.103467,0.066326,31.503002,-40.010002,-0.168000,NaN,0.445703,true,Self-supervised model,0.303866,9.640000,28.515929,2.958084,0.685800,0.221352,0.702702,24.119456,false,false
2026-04-17T14:56:39.394775,0.193520,-5.870732,-0.403548,113.122,SE,7,0.912695,7,6.392962,1.885161,2.019789,2.575622,2.499547,7.144298,5.916072,1.355480,-1.617595,1.476444,2.575622,-0.068417,-0.053145,-0.153327,0.176109,0.086633,31.503002,-40.010002,-0.168000,NaN,0.446911,true,Self-supervised model,0.298164,9.647000,28.485989,2.952834,0.685800,0.221352,0.731925,14.625124,false,false
2026-04-17T14:56:39.402848,0.193520,-5.870732,-0.403482,113.118,SE,7,0.912695,7,6.392962,1.988667,2.040544,2.532073,2.401384,7.007828,6.023811,1.107949,-1.685326,1.530855,2.532073,-0.073915,-0.152716,-0.229685,0.285554,0.169663,31.503002,-40.010002,-0.168000,NaN,0.449326,true,Self-supervised model,0.293502,9.655000,28.489715,2.950773,0.685800,0.221352,0.785391,8.867233,false,false
2026-04-17T14:56:39.410849,0.193520,-5.870732,-0.402690,113.072,SE,7,0.912695,7,6.392962,2.054584,2.063105,2.400646,2.152387,6.933608,6.090849,0.841346,-1.691675,1.481039,2.400646,-0.058032,-0.230907,-0.301157,0.383902,0.238088,31.503002,-40.010002,-0.168000,NaN,0.453030,true,Self-supervised model,0.288876,9.663000,28.535132,2.953030,0.685800,0.221352,0.855846,6.253272,false,false
2026-04-17T14:56:39.419553,0.193520,-5.870732,-0.401119,112.982,SE,7,0.912695,7,6.392962,2.071957,2.085460,2.163167,1.881842,6.921637,6.052542,0.496052,-1.618092,1.347220,2.163167,-0.031765,-0.273668,-0.347582,0.443527,0.275505,31.503002,-40.010002,-0.168000,NaN,0.457711,true,Self-supervised model,0.283533,9.672000,28.625108,2.959585,0.685800,0.221352,0.957835,4.877190,false,false
2026-04-17T14:56:39.428868,0.193520,-5.870732,-0.398796,112.849,SE,7,0.912695,7,6.392962,2.031751,2.105311,1.820669,1.529895,6.991069,5.928043,0.167572,-1.407668,1.142465,1.820669,0.011606,-0.297491,-0.380569,0.483186,0.297718,31.503002,-40.010002,-0.168000,NaN,0.463049,true,Self-supervised model,0.276173,9.681000,28.758256,2.970587,0.685800,0.221352,1.115936,3.768051,false,false
2026-04-17T14:56:39.434832,0.193520,-5.870732,-0.396257,112.704,SE,7,0.912695,7,6.392962,1.942180,2.120786,1.471935,1.192312,7.199365,5.729325,-0.050840,-1.175791,0.884038,1.471935,0.055589,-0.276111,-0.389121,0.480357,0.281651,31.503002,-40.010002,-0.168000,NaN,0.466448,true,Self-supervised model,0.266531,9.687000,28.903730,2.983765,0.685800,0.221352,1.319474,3.064254,false,false
2026-04-17T14:56:39.442443,0.193520,-5.870732,-0.393448,112.543,SE,7,0.912695,7,6.392962,1.824242,2.130924,1.205067,0.981623,7.412448,5.504270,-0.272324,-0.984228,0.639782,1.205067,0.102014,-0.208305,-0.375682,0.441514,0.231944,31.503002,-40.010002,-0.168000,NaN,0.470337,true,Self-supervised model,0.260250,9.695000,29.064675,2.997904,0.685800,0.221352,1.513810,2.729394,false,false
2026-04-17T14:56:39.451355,0.193520,-5.870732,-0.390396,112.368,E,7,0.912695,7,6.392962,1.701172,2.135734,1.055053,0.761356,7.589619,5.286397,-0.422982,-0.873430,0.413936,1.055053,0.137445,-0.118508,-0.347582,0.392108,0.181480,31.503002,-40.010002,-0.168000,NaN,0.474358,true,Self-supervised model,0.256240,9.704000,29.239503,3.013139,0.685800,0.221352,1.612404,2.690721,false,false
2026-04-17T14:56:39.458785,0.193520,-5.870732,-0.387196,112.185,E,7,0.912695,7,6.392962,1.597665,2.136211,1.054252,0.605733,7.690176,5.080496,-0.448821,-0.914790,0.270494,1.054252,0.170431,-0.014050,-0.307265,0.351648,0.171010,31.503002,-40.010002,-0.168000,NaN,0.478151,true,Self-supervised model,0.256463,9.711000,29.422837,3.029846,0.685800,0.221352,1.515448,2.998034,false,false
2026-04-17T14:56:39.468351,0.193520,-5.870732,-0.383877,111.995,E,7,0.912695,7,6.392962,1.505769,2.132994,1.023319,0.569820,7.642292,4.951209,-0.374439,-0.928593,0.211407,1.023319,0.189368,0.069028,-0.267559,0.334982,0.201557,31.503002,-40.010002,-0.168000,NaN,0.481947,true,Self-supervised model,0.256321,9.721000,29.612999,3.046291,0.685800,0.221352,1.471456,3.054849,false,false
2026-04-17T14:56:39.474594,0.193520,-5.870732,-0.380553,111.804,E,7,0.912695,7,6.392962,1.425908,2.126710,1.006635,0.624887,7.635109,4.884171,-0.215901,-0.971288,0.152643,1.006635,0.184481,0.110567,-0.243124,0.324604,0.215077,31.503002,-40.010002,-0.168000,NaN,0.485291,true,Self-supervised model,0.254955,9.727000,29.803452,3.063992,0.685800,0.221352,1.416509,3.101117,false,false
2026-04-17T14:56:39.482505,0.193520,-5.870732,-0.377271,111.616,E,7,0.912695,7,6.392962,1.347669,2.117549,0.936913,0.763750,7.599196,4.817134,-0.050581,-0.920038,0.169636,0.936913,0.161879,0.116064,-0.229685,0.304025,0.199188,31.503002,-40.010002,-0.168000,NaN,0.488410,true,Self-supervised model,0.253732,9.735000,29.991548,3.080796,0.685800,0.221352,1.438415,3.081696,false,false
2026-04-17T14:56:39.491457,0.193520,-5.870732,-0.374033,111.431,E,7,0.912695,7,6.392962,1.289823,2.106440,0.986133,0.909797,7.656657,4.826711,-0.019118,-0.922251,0.348635,0.986133,0.114843,0.073304,-0.233961,0.270740,0.136243,31.503002,-40.010002,-0.168000,NaN,0.491467,true,Self-supervised model,0.257039,9.744000,30.177055,3.096988,0.685800,0.221352,1.307960,3.642360,false,false
2026-04-17T14:56:39.498463,0.193520,-5.870732,-0.370799,111.245,E,7,0.912695,7,6.392962,1.249960,2.094180,1.040678,0.926556,7.651869,5.013458,-0.014112,-0.865371,0.577880,1.040678,0.075136,-0.017715,-0.228464,0.241153,0.077197,31.503002,-40.010002,-0.168000,NaN,0.494684,true,Self-supervised model,0.259581,9.751000,30.362325,3.113765,0.685800,0.221352,1.201101,4.315421,false,false
2026-04-17T14:56:39.507209,0.193520,-5.870732,-0.367563,111.060,E,7,0.912695,7,6.392962,1.232613,2.081718,1.141545,0.919373,7.704541,5.252879,0.022665,-0.809181,0.804884,1.141545,0.059865,-0.117897,-0.221133,0.257650,0.132225,31.503002,-40.010002,-0.168000,NaN,0.497931,true,Self-supervised model,0.262661,9.760000,30.547755,3.129893,0.685800,0.221352,1.079776,4.430608,false,false
2026-04-17T14:56:39.514874,0.193520,-5.870732,-0.364304,110.873,E,7,0.912695,7,6.392962,1.216155,2.069095,1.129747,0.948104,7.754819,5.492299,-0.027857,-0.743891,0.849810,1.129747,0.062308,-0.230907,-0.217468,0.323253,0.239166,30.021002,-41.765003,-1.572000,NaN,0.501280,true,Self-supervised model,0.260692,9.767000,30.734473,3.146767,0.685800,0.221352,1.076485,3.494926,false,false
2026-04-17T14:56:39.523260,0.193520,-5.870732,-0.361082,110.688,E,7,0.912695,7,6.392962,1.177275,2.055422,0.973156,0.890643,7.821857,5.535394,-0.016102,-0.577876,0.782836,0.973156,0.065363,-0.326202,-0.195477,0.385864,0.332686,30.021002,-41.765003,-1.572000,NaN,0.504353,true,Self-supervised model,0.255581,9.776000,30.919063,3.162752,0.685800,0.221352,1.209750,2.522015,false,false
2026-04-17T14:56:39.530885,0.193520,-5.870732,-0.357941,110.508,E,7,0.912695,7,6.392962,1.115269,2.039816,0.789739,0.900220,7.989451,5.465962,-0.092772,-0.447351,0.644173,0.789739,0.055589,-0.426384,-0.175929,0.464591,0.429992,30.021002,-41.765003,-1.572000,NaN,0.507175,true,Self-supervised model,0.248010,9.783000,31.099072,3.178889,0.685800,0.221352,1.412199,1.699861,false,false
2026-04-17T14:56:39.539354,0.193520,-5.870732,-0.354902,110.334,E,7,0.912695,7,6.392962,1.024809,2.021216,0.549892,0.826000,8.121132,5.324705,-0.360691,-0.280142,0.306274,0.549892,0.024435,-0.508851,-0.156992,0.533079,0.509437,30.021002,-41.765003,-1.572000,NaN,0.509803,true,Self-supervised model,0.236930,9.792000,31.273194,3.193749,0.685800,0.221352,1.863656,1.031540,false,false
2026-04-17T14:56:39.547142,0.193520,-5.870732,-0.352022,110.169,E,7,0.912695,7,6.392962,0.971030,2.001208,0.688692,0.565032,8.288726,4.984728,-0.662512,-0.139596,0.126045,0.688692,-0.036041,-0.586431,-0.105069,0.596858,0.587537,30.021002,-41.765003,-1.572000,NaN,0.512047,true,Self-supervised model,0.243886,9.800000,31.438199,3.207979,0.685800,0.221352,1.409964,1.153862,false,false
2026-04-17T14:56:39.555398,0.193520,-5.870732,-0.349407,110.020,E,7,0.912695,7,6.392962,0.954422,1.981337,0.867231,0.275333,8.427590,4.805163,-0.865436,-0.043985,-0.034296,0.867231,-0.118508,-0.654848,-0.032987,0.666301,0.665484,30.021002,-41.765003,-1.572000,NaN,0.513603,true,Self-supervised model,0.250575,9.808000,31.588040,3.220640,0.685800,0.221352,1.100539,1.301560,false,false
2026-04-17T14:56:39.562775,0.193520,-5.870732,-0.347183,109.892,E,7,0.912695,7,6.392962,0.945596,1.961907,0.899259,0.090980,8.518570,4.649539,-0.880756,0.069114,-0.167804,0.899259,-0.193644,-0.676839,0.051924,0.705907,0.703995,30.021002,-41.765003,-1.572000,NaN,0.514259,true,Self-supervised model,0.251175,9.815000,31.715431,3.231323,0.685800,0.221352,1.051528,1.273905,false,false
2026-04-17T14:56:39.570753,0.193520,-5.870732,-0.345436,109.792,E,7,0.912695,7,6.392962,0.911863,1.941906,0.734766,0.100556,8.623915,4.525041,-0.703643,0.096532,-0.188280,0.734766,-0.257785,-0.646295,0.111788,0.704732,0.695810,30.021002,-41.765003,-1.572000,NaN,0.514101,true,Self-supervised model,0.246197,9.823000,31.815532,3.238881,0.685800,0.221352,1.241025,1.042618,false,false
2026-04-17T14:56:39.579244,0.193520,-5.870732,-0.344184,109.720,E,7,0.912695,7,6.392962,0.846283,1.920081,0.501986,0.306458,8.640674,4.517859,-0.474492,0.116912,-0.114800,0.501986,-0.315206,-0.549168,0.158825,0.652814,0.633199,30.021002,-41.765003,-1.572000,NaN,0.513371,true,Self-supervised model,0.236831,9.832000,31.887246,3.243211,0.685800,0.221352,1.685870,0.768957,false,false
2026-04-17T14:56:39.588382,0.193520,-5.870732,-0.342966,109.651,E,7,0.912695,7,6.392962,0.750559,1.895300,0.248008,0.565032,8.647857,4.608838,-0.186772,0.162960,-0.008265,0.248008,-0.352469,-0.372628,0.183260,0.544674,0.512919,30.021002,-41.765003,-1.572000,NaN,0.514456,true,Self-supervised model,0.220453,9.841000,31.957053,3.247338,0.685800,0.221352,3.026350,0.455333,false,false
2026-04-17T14:56:39.595122,0.193520,-5.870732,-0.342213,109.607,E,7,0.912695,7,6.392962,0.668357,1.868222,0.236797,0.869095,8.676587,4.742914,-0.062889,0.192996,0.121943,0.236797,-0.364076,-0.261450,0.182649,0.484012,0.448227,30.021002,-41.765003,-1.572000,NaN,0.513350,true,Self-supervised model,0.221472,9.848000,32.000220,3.249413,0.685800,0.221352,2.822495,0.489237,false,false
2026-04-17T14:56:39.602809,0.193520,-5.870732,-0.341811,109.584,E,7,0.912695,7,6.392962,0.612692,1.840001,0.320448,1.015141,8.690952,4.896142,-0.050452,0.220988,0.226508,0.320448,-0.372628,-0.122784,0.178984,0.431234,0.392336,30.021002,-41.765003,-1.572000,NaN,0.512345,true,Self-supervised model,0.232146,9.855000,32.023241,3.249441,0.685800,0.221352,1.911983,0.743097,false,false
2026-04-17T14:56:39.610441,0.193520,-5.870732,-0.341694,109.578,E,7,0.912695,7,6.392962,0.592871,1.812116,0.488811,1.043872,8.702923,5.025429,-0.130746,0.175074,0.437254,0.488811,-0.375682,0.023213,0.186314,0.419987,0.376399,30.021002,-41.765003,-1.572000,NaN,0.511322,true,Self-supervised model,0.245924,9.863000,32.029935,3.247484,0.685800,0.221352,1.212883,1.163873,false,false
2026-04-17T14:56:39.618980,0.193520,-5.870732,-0.341823,109.585,E,7,0.912695,7,6.392962,0.602392,1.785727,0.652379,0.974440,8.640674,5.262455,-0.238383,0.127282,0.593778,0.652379,-0.385456,0.116675,0.194255,0.447129,0.402727,30.021002,-41.765003,-1.572000,NaN,0.510211,true,Self-supervised model,0.253230,9.871000,32.022557,3.244105,0.685800,0.221352,0.923377,1.459040,false,false
2026-04-17T14:56:39.626991,0.193520,-5.870732,-0.342174,109.605,E,7,0.912695,7,6.392962,0.637280,1.761789,0.820440,0.873884,8.576031,5.446809,-0.359117,0.044709,0.736314,0.820440,-0.417832,0.144775,0.212581,0.490646,0.442203,30.021002,-41.765003,-1.572000,NaN,0.508969,true,Self-supervised model,0.257596,9.879000,32.002428,3.239440,0.685800,0.221352,0.776754,1.672161,false,false
2026-04-17T14:56:39.634976,0.193520,-5.870732,-0.342726,109.637,E,7,0.912695,7,6.392962,0.706469,1.741576,1.069714,0.758962,8.475474,5.619191,-0.440638,0.033577,0.974165,1.069714,-0.460592,0.118508,0.229685,0.528152,0.475594,30.021002,-41.765003,-1.572000,NaN,0.507614,true,Self-supervised model,0.262215,9.887000,31.970797,3.233620,0.685800,0.221352,0.660428,2.025389,false,false
2026-04-17T14:56:39.642351,0.193520,-5.870732,-0.343089,109.658,E,7,0.912695,7,6.392962,0.806839,1.726187,1.333781,0.684742,8.444349,5.889736,-0.439324,0.008635,1.259322,1.333781,-0.500299,0.039706,0.259618,0.565046,0.501872,30.021002,-41.765003,-1.572000,NaN,0.508007,true,Self-supervised model,0.266284,9.895000,31.949994,3.228903,0.685800,0.221352,0.604926,2.360483,false,false
2026-04-17T14:56:39.651915,0.193520,-5.870732,-0.343389,109.675,E,7,0.912695,7,6.392962,0.926754,1.716209,1.556305,0.687136,8.394072,6.217742,-0.339231,0.017048,1.518788,1.556305,-0.515570,-0.073915,0.282220,0.592388,0.520842,30.021002,-41.765003,-1.572000,NaN,0.507960,true,Self-supervised model,0.269314,9.904000,31.932813,3.224234,0.685800,0.221352,0.595483,2.627170,false,false
2026-04-17T14:56:39.659368,0.193520,-5.870732,-0.344059,109.713,E,7,0.912695,7,6.392962,1.064901,1.712157,1.790173,0.794875,8.374918,6.521805,-0.160895,0.076774,1.781274,1.790173,-0.483805,-0.189979,0.287107,0.593793,0.519769,30.021002,-41.765003,-1.572000,NaN,0.505811,true,Self-supervised model,0.272163,9.912000,31.894438,3.217760,0.685800,0.221352,0.594859,3.014810,false,false
2026-04-17T14:56:39.668478,0.193520,-5.870732,-0.345059,109.770,E,7,0.912695,7,6.392962,1.195668,1.713497,1.882197,0.995988,8.410830,6.818686,-0.012866,0.177520,1.873763,1.882197,-0.418443,-0.259618,0.282220,0.567577,0.492438,30.021002,-41.765003,-1.572000,NaN,0.503489,true,Self-supervised model,0.273963,9.921000,31.837129,3.209064,0.685800,0.221352,0.635251,3.316197,false,false
2026-04-17T14:56:39.674466,0.193520,-5.870732,-0.346368,109.845,E,7,0.912695,7,6.392962,1.303632,1.719103,1.870446,1.170765,8.489840,6.940791,0.097725,0.247973,1.851358,1.870446,-0.301767,-0.280387,0.266948,0.490858,0.411923,29.639002,-41.270000,-1.601000,NaN,0.500943,true,Self-supervised model,0.274354,9.927000,31.762105,3.199567,0.685800,0.221352,0.696964,3.810562,false,false
2026-04-17T14:56:39.682906,0.193520,-5.870732,-0.347961,109.937,E,7,0.912695,7,6.392962,1.381673,1.727606,1.791387,1.309628,8.542512,6.940791,0.171484,0.319997,1.754212,1.791387,-0.157603,-0.255342,0.242514,0.385812,0.300064,29.639002,-41.270000,-1.601000,NaN,0.498220,true,Self-supervised model,0.275669,9.935000,31.670889,3.187810,0.685800,0.221352,0.771287,4.643158,false,false
2026-04-17T14:56:39.691382,0.193520,-5.870732,-0.349811,110.043,E,7,0.912695,7,6.392962,1.414842,1.737095,1.588979,1.410185,8.602366,6.856994,0.269728,0.402631,1.513271,1.588979,-0.022602,-0.213803,0.216857,0.305368,0.214994,29.639002,-41.270000,-1.601000,NaN,0.495334,true,Self-supervised model,0.273679,9.944000,31.564842,3.174260,0.685800,0.221352,0.890409,5.203492,false,false
2026-04-17T14:56:39.698581,0.193520,-5.870732,-0.351896,110.162,E,7,0.912695,7,6.392962,1.383734,1.744961,1.220416,1.532289,8.678981,6.619968,0.319686,0.445197,1.090420,1.220416,0.128282,-0.139277,0.182649,0.263087,0.189352,29.639002,-41.270000,-1.601000,NaN,0.492314,true,Self-supervised model,0.265794,9.951000,31.445403,3.160024,0.685800,0.221352,1.133822,4.638825,false,false
2026-04-17T14:56:39.706883,0.193520,-5.870732,-0.354149,110.291,E,7,0.912695,7,6.392962,1.294668,1.748949,0.827069,1.601721,8.722076,6.191406,0.318293,0.448780,0.617518,0.827069,0.235183,-0.045815,0.142942,0.279003,0.239604,29.639002,-41.270000,-1.601000,NaN,0.489388,true,Self-supervised model,0.252665,9.959000,31.316314,3.144524,0.685800,0.221352,1.565368,2.964373,false,false
2026-04-17T14:56:39.714607,0.193520,-5.870732,-0.356487,110.425,E,7,0.912695,7,6.392962,1.190697,1.748619,0.644851,1.613692,8.731653,5.705383,0.308072,0.463488,0.325736,0.644851,0.291994,0.020159,0.106901,0.311600,0.292689,29.639002,-41.270000,-1.601000,NaN,0.486711,true,Self-supervised model,0.244247,9.967000,31.182366,3.128561,0.685800,0.221352,1.846467,2.069485,false,false
2026-04-17T14:56:39.723296,0.193520,-5.870732,-0.358827,110.559,E,7,0.912695,7,6.392962,1.081578,1.743937,0.508702,1.611298,8.755595,5.396531,0.275120,0.426403,0.035594,0.508702,0.308487,0.040928,0.076969,0.320567,0.311190,29.639002,-41.270000,-1.601000,NaN,0.484363,true,Self-supervised model,0.237898,9.976000,31.048310,3.112301,0.685800,0.221352,2.126153,1.586879,false,false
2026-04-17T14:56:39.730783,0.193520,-5.870732,-0.361018,110.685,E,7,0.912695,7,6.392962,0.993924,1.735937,0.533743,1.582567,8.729259,5.087678,0.283516,0.437206,-0.115549,0.533743,0.293215,0.037874,0.045815,0.299180,0.295651,29.639002,-41.270000,-1.601000,NaN,0.482765,true,Self-supervised model,0.241084,9.983000,30.922753,3.097541,0.685800,0.221352,1.862176,1.784021,false,false
2026-04-17T14:56:39.738883,0.193520,-5.870732,-0.363011,110.799,E,7,0.912695,7,6.392962,0.918108,1.725224,0.520073,1.592144,8.748413,4.922479,0.321595,0.379083,-0.152804,0.520073,0.268781,0.027489,0.018937,0.270846,0.270183,29.639002,-41.270000,-1.601000,NaN,0.481566,true,Self-supervised model,0.242467,9.991000,30.808566,3.083632,0.685800,0.221352,1.765343,1.920184,false,false
2026-04-17T14:56:39.746499,0.193520,-5.870732,-0.364784,110.901,E,7,0.912695,7,6.392962,0.854263,1.712385,0.519076,1.630451,8.698134,4.872200,0.429430,0.278131,-0.087591,0.519076,0.241903,0.006720,-0.012828,0.242336,0.241996,29.639002,-41.270000,-1.601000,NaN,0.480675,true,Self-supervised model,0.244205,9.999000,30.707003,3.071007,0.685800,0.221352,1.645738,2.141970,false,false
2026-04-17T14:56:39.755262,0.193520,-5.870732,-0.366305,110.988,E,7,0.912695,7,6.392962,0.819497,1.698670,0.636978,1.738190,8.604761,4.924873,0.590188,0.239594,0.003660,0.636978,0.229685,-0.015272,-0.047647,0.235072,0.230192,29.639002,-41.270000,-1.601000,NaN,0.480158,true,Self-supervised model,0.252074,10.008000,30.619826,3.059535,0.685800,0.221352,1.286539,2.709714,false,false
2026-04-17T14:56:39.762924,0.193520,-5.870732,-0.367538,111.058,E,7,0.912695,7,6.392962,0.809788,1.685114,0.758817,1.898602,8.573636,5.003881,0.724584,0.172404,0.145112,0.758817,0.229685,-0.064141,-0.100793,0.258899,0.238473,29.639002,-41.270000,-1.601000,NaN,0.480078,true,Self-supervised model,0.257317,10.015000,30.549168,3.050341,0.685800,0.221352,1.067173,2.930939,false,false
2026-04-17T14:56:39.771575,0.193520,-5.870732,-0.368422,111.109,E,7,0.912695,7,6.392962,0.798350,1.671644,0.738300,2.032677,8.513782,5.133168,0.715072,0.085917,0.162409,0.738300,0.233961,-0.130725,-0.169821,0.317279,0.268006,29.639002,-41.270000,-1.601000,NaN,0.480592,true,Self-supervised model,0.256436,10.024000,30.498532,3.042551,0.685800,0.221352,1.081336,2.326973,false,false
2026-04-17T14:56:39.778363,0.193520,-5.870732,-0.368863,111.134,E,7,0.912695,7,6.392962,0.763405,1.657314,0.579941,2.023100,8.434772,5.137957,0.555710,0.115879,0.118700,0.579941,0.245568,-0.190590,-0.234572,0.389426,0.310851,29.639002,-41.270000,-1.601000,NaN,0.481921,true,Self-supervised model,0.249491,10.031000,30.473259,3.037908,0.685800,0.221352,1.316349,1.489222,false,false
2026-04-17T14:56:39.787209,0.193520,-5.870732,-0.368829,111.132,E,7,0.912695,7,6.392962,0.750406,1.643038,0.682165,1.862689,8.473080,5.080496,0.621443,-0.010095,-0.281170,0.682165,0.209527,-0.245568,-0.297491,0.438983,0.322808,29.639002,-41.270000,-1.601000,NaN,0.483857,true,Self-supervised model,0.254448,10.040000,30.475226,3.035381,0.685800,0.221352,1.100036,1.553968,false,false
2026-04-17T14:56:39.794712,0.193520,-5.870732,-0.367901,111.079,E,7,0.912695,7,6.392962,0.691351,1.626970,0.381312,1.927332,8.355764,4.666299,0.328080,0.017051,0.193576,0.381312,0.131336,-0.421497,-0.384845,0.585675,0.441485,29.639002,-41.270000,-1.601000,NaN,0.488359,true,Self-supervised model,0.236226,10.047000,30.528387,3.038558,0.685800,0.221352,1.813085,0.651065,false,false
2026-04-17T14:56:39.802915,0.193520,-5.870732,-0.366089,110.975,E,7,0.912695,7,6.392962,0.606575,1.608155,0.161497,1.625663,8.391677,5.128380,0.081997,-0.018217,0.137934,0.161497,0.149051,-0.571159,-0.426384,0.728177,0.590287,29.639002,-41.270000,-1.601000,NaN,0.493708,true,Self-supervised model,0.215998,10.055000,30.632206,3.046465,0.685800,0.221352,3.755958,0.221782,false,false
2026-04-17T14:56:39.810703,0.193520,-5.870732,-0.363536,110.829,E,7,0.912695,7,6.392962,0.528727,1.586978,0.120030,1.374272,8.365341,5.058948,-0.028153,-0.043322,-0.108341,0.120030,0.199142,-0.558942,-0.432493,0.734250,0.593358,29.639002,-41.270000,-1.601000,NaN,0.499225,true,Self-supervised model,0.213265,10.063000,30.778490,3.058580,0.685800,0.221352,4.404964,0.163473,false,false
2026-04-17T14:56:39.819992,0.193520,-5.870732,-0.360439,110.652,E,7,0.912695,7,6.392962,0.565086,1.568102,0.755967,1.259350,8.350976,4.795586,-0.452146,0.477748,-0.372569,0.755967,0.355524,-0.309709,-0.423330,0.633660,0.471504,29.639002,-41.270000,-1.601000,NaN,0.504497,true,Self-supervised model,0.255352,10.072000,30.955921,3.073463,0.685800,0.221352,0.747500,1.193018,false,false
2026-04-17T14:56:39.827758,0.193520,-5.870732,-0.357308,110.472,E,7,0.912695,7,6.392962,0.769670,1.558165,1.843739,0.823605,8.887277,4.508282,-0.301940,0.588833,-1.720895,1.843739,0.530842,0.277333,-0.315206,0.676803,0.598921,29.639002,-41.270000,-1.601000,NaN,0.507765,true,Self-supervised model,0.269306,10.080000,31.135313,3.088821,0.685800,0.221352,0.417451,2.724190,false,false
2026-04-17T14:56:39.835991,0.193520,-5.870732,-0.354440,110.308,E,7,0.912695,7,6.392962,0.933595,1.555182,1.794200,0.948104,9.021352,3.126827,0.119285,0.300209,-1.764879,1.794200,0.469755,0.686002,-0.246179,0.867106,0.831426,28.183001,-38.628002,-3.214000,NaN,0.509582,true,Self-supervised model,0.267058,10.088000,31.299658,3.102662,0.685800,0.221352,0.520341,2.069182,false,false
2026-04-17T14:56:39.842682,0.193520,-5.870732,-0.351738,110.153,E,7,0.912695,7,6.392962,1.010956,1.555413,1.417100,1.331176,8.755595,3.052607,0.442542,-0.159753,-1.336716,1.417100,0.350637,0.690889,-0.282220,0.824573,0.774773,28.183001,-38.628002,-3.214000,NaN,0.511618,true,Self-supervised model,0.261924,10.095000,31.454462,3.115846,0.685800,0.221352,0.713398,1.718586,false,false
2026-04-17T14:56:39.852106,0.193520,-5.870732,-0.348947,109.993,E,7,0.912695,7,6.392962,1.085405,1.558612,1.476262,1.611298,8.315063,3.457227,0.486384,-0.128837,-1.387869,1.476262,0.224188,0.561385,-0.312763,0.680613,0.604494,28.183001,-38.628002,-3.214000,NaN,0.514766,true,Self-supervised model,0.265406,10.105000,31.614375,3.128587,0.685800,0.221352,0.735239,2.169018,false,false
2026-04-17T14:56:39.859180,0.193520,-5.870732,-0.345902,109.819,E,7,0.912695,7,6.392962,1.094431,1.562045,1.141821,1.613692,8.360553,3.390190,0.435801,0.121037,-1.048419,1.141821,0.069028,0.447153,-0.330478,0.560292,0.452450,28.183001,-38.628002,-3.214000,NaN,0.518828,true,Self-supervised model,0.259615,10.112000,31.788851,3.143676,0.685800,0.221352,0.958497,2.037904,false,false
2026-04-17T14:56:39.868567,0.193520,-5.870732,-0.342550,109.627,E,7,0.912695,7,6.392962,1.033657,1.562910,0.714591,1.525106,8.619126,3.722984,0.272065,0.164979,-0.639845,0.714591,-0.052534,0.371406,-0.326813,0.497503,0.375103,28.183001,-38.628002,-3.214000,NaN,0.523407,true,Self-supervised model,0.247464,10.121000,31.980910,3.159857,0.685800,0.221352,1.446502,1.436355,false,false
2026-04-17T14:56:39.874503,0.193520,-5.870732,-0.338918,109.419,E,7,0.912695,7,6.392962,0.904813,1.558586,0.228380,1.326388,8.667010,4.132392,0.039155,0.054995,-0.218174,0.228380,-0.144775,0.257174,-0.310320,0.428248,0.295124,28.183001,-38.628002,-3.214000,NaN,0.528159,true,Self-supervised model,0.218063,10.127000,32.189003,3.178533,0.685800,0.221352,3.961874,0.533289,false,false
2026-04-17T14:56:39.882631,0.193520,-5.870732,-0.335072,109.198,E,7,0.912695,7,6.392962,0.795593,1.550066,0.222194,1.063026,8.556877,4.560954,-0.217085,0.004333,0.047174,0.222194,-0.241903,0.035430,-0.274889,0.367881,0.244484,28.183001,-38.628002,-3.214000,NaN,0.532862,true,Self-supervised model,0.219573,10.135000,32.409375,3.197768,0.685800,0.221352,3.580630,0.603983,false,false
2026-04-17T14:56:39.891038,0.193520,-5.870732,-0.331097,108.970,E,7,0.912695,7,6.392962,0.758489,1.540403,0.563692,0.785298,8.501810,4.838682,-0.527840,0.142365,0.137354,0.563692,-0.350026,-0.223577,-0.225409,0.472561,0.415337,28.183001,-38.628002,-3.214000,NaN,0.537350,true,Self-supervised model,0.243916,10.143000,32.637099,3.217697,0.685800,0.221352,1.345574,1.192844,false,false
2026-04-17T14:56:39.898610,0.193520,-5.870732,-0.327092,108.741,E,7,0.912695,7,6.392962,0.776372,1.531842,0.870260,0.464475,8.631097,4.946421,-0.812646,0.210861,0.229118,0.870260,-0.459982,-0.473421,-0.162490,0.679789,0.660083,28.183001,-38.628002,-3.214000,NaN,0.541479,true,Self-supervised model,0.252401,10.151000,32.866589,3.237769,0.685800,0.221352,0.892116,1.280191,false,false
2026-04-17T14:56:39.906668,0.193520,-5.870732,-0.323171,108.516,E,7,0.912695,7,6.392962,0.844661,1.526355,1.203177,0.181959,8.686164,5.061342,-1.118654,0.185368,0.402353,1.203177,-0.532064,-0.656680,-0.096517,0.850668,0.845175,28.183001,-38.628002,-3.214000,NaN,0.545058,true,Self-supervised model,0.257821,10.159000,33.091195,3.257328,0.685800,0.221352,0.702026,1.414391,false,false
2026-04-17T14:56:39.914626,0.193520,-5.870732,-0.319486,108.305,E,7,0.912695,7,6.392962,0.935051,1.524702,1.409596,-0.110133,8.643068,5.262455,-1.305277,0.110167,0.520651,1.409596,-0.577268,-0.869872,-0.005498,1.044005,1.043990,28.183001,-38.628002,-3.214000,NaN,0.547803,true,Self-supervised model,0.258316,10.167000,33.302337,3.275532,0.685800,0.221352,0.663346,1.350182,false,false
2026-04-17T14:56:39.923128,0.193520,-5.870732,-0.316216,108.118,E,7,0.912695,7,6.392962,1.020772,1.526545,1.470808,-0.270545,8.547300,5.410896,-1.365460,0.197075,0.509859,1.470808,-0.582155,-1.027475,0.092852,1.184580,1.180936,28.183001,-38.628002,-3.214000,NaN,0.549412,true,Self-supervised model,0.257935,10.176000,33.489696,3.291047,0.685800,0.221352,0.694021,1.241628,false,false
2026-04-17T14:56:39.931002,0.193520,-5.870732,-0.313576,107.967,E,7,0.912695,7,6.392962,1.088149,1.531009,1.441880,-0.292093,8.611943,5.430049,-1.324441,0.352773,0.447691,1.441880,-0.491747,-1.030530,0.205251,1.160144,1.141843,28.183001,-38.628002,-3.214000,NaN,0.549534,true,Self-supervised model,0.257537,10.183000,33.640973,3.303641,0.685800,0.221352,0.754674,1.242846,false,false
2026-04-17T14:56:39.938757,0.193520,-5.870732,-0.311804,107.865,E,7,0.912695,7,6.392962,1.078201,1.534897,1.025969,-0.203507,8.746018,5.394136,-0.954719,0.363801,-0.093663,1.025969,-0.394008,-0.835664,0.298102,0.970794,0.923892,28.183001,-38.628002,-3.214000,NaN,0.547833,true,Self-supervised model,0.251796,10.191000,33.742504,3.311010,0.685800,0.221352,1.050909,1.056835,false,false
2026-04-17T14:56:39.946511,0.193520,-5.870732,-0.311010,107.820,E,7,0.912695,7,6.392962,1.014357,1.536075,0.679180,0.215478,8.738836,4.872200,-0.407696,0.302256,-0.451344,0.679180,-0.304211,-0.474642,0.355524,0.666503,0.563764,28.183001,-38.628002,-3.214000,NaN,0.544714,true,Self-supervised model,0.244610,10.199000,33.787984,3.312872,0.685800,0.221352,1.493503,1.019020,false,false
2026-04-17T14:56:39.955479,0.193520,-5.870732,-0.311086,107.824,E,7,0.912695,7,6.392962,0.946978,1.534512,0.593235,0.804452,8.662222,4.529830,-0.031250,0.177803,-0.565099,0.593235,-0.232740,-0.108734,0.344528,0.429756,0.256887,28.183001,-38.628002,-3.214000,NaN,0.541158,true,Self-supervised model,0.244776,10.208000,33.783619,3.309524,0.685800,0.221352,1.596295,1.380399,false,false
2026-04-17T14:56:39.962834,0.193520,-5.870732,-0.311839,107.867,E,7,0.912695,7,6.392962,0.887573,1.530634,0.575701,1.209072,8.525752,4.429273,0.274093,0.059954,-0.502703,0.575701,-0.165544,0.243124,0.307265,0.425354,0.294133,28.183001,-38.628002,-3.214000,NaN,0.537697,true,Self-supervised model,0.244134,10.215000,33.740472,3.303032,0.685800,0.221352,1.541727,1.353462,false,false
2026-04-17T14:56:39.970595,0.193520,-5.870732,-0.313066,107.937,E,7,0.912695,7,6.392962,0.846660,1.525275,0.631865,1.527501,8.398860,4.503493,0.539653,-0.001208,-0.328673,0.631865,-0.095295,0.536951,0.248011,0.599088,0.545341,28.183001,-38.628002,-3.214000,NaN,0.534579,true,Self-supervised model,0.245166,10.223000,33.670223,3.293576,0.685800,0.221352,1.339938,1.054711,false,false
2026-04-17T14:56:39.978462,0.193520,-5.870732,-0.314562,108.023,E,7,0.912695,7,6.392962,0.807482,1.518563,0.601797,1.790863,8.331821,4.687847,0.594490,-0.066476,-0.065748,0.601797,0.003665,0.868039,0.169821,0.884503,0.868047,28.183001,-38.628002,-3.214000,NaN,0.531999,true,Self-supervised model,0.241304,10.231000,33.584461,3.282618,0.685800,0.221352,1.341784,0.680379,false,false
2026-04-17T14:56:39.987583,0.193520,-5.870732,-0.316170,108.115,E,7,0.912695,7,6.392962,0.769903,1.510617,0.572610,1.826776,8.264784,4.958392,0.539461,-0.080765,0.174189,0.572610,0.106901,1.122159,0.102014,1.131847,1.127240,28.183001,-38.628002,-3.214000,NaN,0.529946,true,Self-supervised model,0.238451,10.240000,33.492324,3.270735,0.685800,0.221352,1.344549,0.505908,false,false
2026-04-17T14:56:39.994544,0.193520,-5.870732,-0.317767,108.207,E,7,0.912695,7,6.392962,0.727096,1.501276,0.502364,1.738190,8.252813,5.202600,0.394844,-0.053570,0.305939,0.502364,0.197920,1.263269,0.043982,1.279436,1.278680,29.225002,-40.032001,-3.470000,NaN,0.528396,true,Self-supervised model,0.233752,10.247000,33.400859,3.259574,0.685800,0.221352,1.447349,0.392645,false,false
2026-04-17T14:56:40.002667,0.193520,-5.870732,-0.319264,108.292,E,7,0.912695,7,6.392962,0.673346,1.490159,0.391158,1.549049,8.286332,5.334281,0.182104,-0.058159,0.341263,0.391158,0.252898,1.296867,0.003054,1.321299,1.321295,29.225002,-40.032001,-3.470000,NaN,0.527297,true,Self-supervised model,0.228012,10.255000,33.315095,3.248668,0.685800,0.221352,1.721418,0.296040,false,false
2026-04-17T14:56:40.010724,0.193520,-5.870732,-0.320553,108.366,E,7,0.912695,7,6.392962,0.635961,1.477991,0.439688,1.285686,8.291121,5.365406,-0.016891,-0.239623,0.368267,0.439688,0.290772,1.221120,-0.049480,1.256236,1.255262,29.225002,-40.032001,-3.470000,NaN,0.526837,true,Self-supervised model,0.233004,10.263000,33.241211,3.238937,0.685800,0.221352,1.446393,0.350004,false,false
2026-04-17T14:56:40.018523,0.193520,-5.870732,-0.321519,108.422,E,7,0.912695,7,6.392962,0.618700,1.465619,0.528081,1.034295,8.121132,5.384560,-0.181507,-0.360150,0.340905,0.528081,0.309709,1.061684,-0.108123,1.111208,1.105935,29.225002,-40.032001,-3.470000,NaN,0.527169,true,Self-supervised model,0.239830,10.271000,33.185898,3.231029,0.685800,0.221352,1.171602,0.475231,false,false
2026-04-17T14:56:40.027148,0.193520,-5.870732,-0.322070,108.453,E,7,0.912695,7,6.392962,0.601859,1.453069,0.513446,0.818817,8.013393,5.346252,-0.287575,-0.356645,0.231802,0.513446,0.309098,0.895528,-0.152105,0.959504,0.947371,29.225002,-40.032001,-3.470000,NaN,0.528272,true,Self-supervised model,0.241416,10.280000,33.154297,3.225126,0.685800,0.221352,1.172196,0.535116,false,false
2026-04-17T14:56:40.035002,0.193520,-5.870732,-0.322137,108.457,E,7,0.912695,7,6.392962,0.566426,1.439603,0.380399,0.665588,8.030152,5.224148,-0.278752,-0.209229,0.152393,0.380399,0.294437,0.703717,-0.194255,0.787176,0.762831,29.225002,-40.032001,-3.470000,NaN,0.530144,true,Self-supervised model,0.236336,10.287000,33.150466,3.222559,0.685800,0.221352,1.489032,0.483245,false,false
2026-04-17T14:56:40.042607,0.193520,-5.870732,-0.321709,108.433,E,7,0.912695,7,6.392962,0.515566,1.424642,0.248553,0.632069,8.190564,5.130774,-0.218042,-0.027478,0.116109,0.248553,0.266337,0.507629,-0.217468,0.613119,0.573256,29.225002,-40.032001,-3.470000,NaN,0.532552,true,Self-supervised model,0.227271,10.295000,33.174991,3.222437,0.685800,0.221352,2.074269,0.405391,false,false
2026-04-17T14:56:40.051563,0.193520,-5.870732,-0.320802,108.381,E,7,0.912695,7,6.392962,0.472912,1.408572,0.248976,0.656011,8.384495,5.080496,-0.215864,0.119287,0.034093,0.248976,0.242514,0.330478,-0.234572,0.472285,0.409913,29.225002,-40.032001,-3.470000,NaN,0.535375,true,Self-supervised model,0.230094,10.304000,33.226965,3.224667,0.685800,0.221352,1.899429,0.527173,false,false
2026-04-17T14:56:40.059168,0.193520,-5.870732,-0.319471,108.304,E,7,0.912695,7,6.392962,0.456963,1.392508,0.373235,0.627281,8.542512,4.984728,-0.235538,0.235792,-0.168014,0.373235,0.219301,0.213192,-0.233961,0.385073,0.305849,29.225002,-40.032001,-3.470000,NaN,0.538401,true,Self-supervised model,0.242837,10.312000,33.303219,3.229560,0.685800,0.221352,1.224330,0.969258,false,false
2026-04-17T14:56:40.067670,0.193520,-5.870732,-0.317797,108.208,E,7,0.912695,7,6.392962,0.475438,1.377825,0.572432,0.581791,8.669404,4.769250,-0.288412,0.329467,-0.368713,0.572432,0.186314,0.118508,-0.226020,0.315978,0.220810,29.225002,-40.032001,-3.470000,NaN,0.541450,true,Self-supervised model,0.253713,10.320000,33.399159,3.236353,0.685800,0.221352,0.830558,1.811621,false,false
2026-04-17T14:56:40.074870,0.193520,-5.870732,-0.315873,108.098,E,7,0.912695,7,6.392962,0.532303,1.366004,0.830844,0.507571,8.772355,4.556166,-0.397942,0.407834,-0.604661,0.830844,0.150273,0.054978,-0.202807,0.258332,0.160014,29.225002,-40.032001,-3.470000,NaN,0.544369,true,Self-supervised model,0.261345,10.327000,33.509362,3.244830,0.685800,0.221352,0.640678,3.216190,false,false
2026-04-17T14:56:40.082776,0.193520,-5.870732,-0.313822,107.981,E,7,0.912695,7,6.392962,0.602949,1.357482,0.973837,0.380678,8.858546,4.309563,-0.407909,0.442134,-0.765825,0.973837,0.111177,0.030543,-0.169821,0.205262,0.115297,29.225002,-40.032001,-3.470000,NaN,0.546930,true,Self-supervised model,0.265230,10.335000,33.626866,3.253688,0.685800,0.221352,0.619147,4.744372,false,false
2026-04-17T14:56:40.091675,0.193520,-5.870732,-0.311695,107.859,E,7,0.912695,7,6.392962,0.681036,1.352424,1.090994,0.356736,8.899248,4.139575,-0.407609,0.402653,-0.928437,1.090994,0.070860,0.054978,-0.137445,0.164118,0.089687,29.225002,-40.032001,-3.470000,NaN,0.549361,true,Self-supervised model,0.268910,10.344000,33.748724,3.262638,0.685800,0.221352,0.624234,6.647613,false,false
2026-04-17T14:56:40.098898,0.193520,-5.870732,-0.309579,107.738,E,7,0.912695,7,6.392962,0.737176,1.349814,1.031908,0.342371,8.868123,3.964798,-0.294050,0.381560,-0.912568,1.031908,0.026267,0.120951,-0.101404,0.160006,0.123771,29.225002,-40.032001,-3.470000,NaN,0.551437,true,Self-supervised model,0.267444,10.351000,33.870003,3.272148,0.685800,0.221352,0.714381,6.449188,false,false
2026-04-17T14:56:40.106925,0.193520,-5.870732,-0.307571,107.623,E,7,0.912695,7,6.392962,0.763711,1.348370,0.903023,0.440533,8.856153,3.967192,-0.155653,0.336933,-0.823224,0.903023,0.003665,0.215025,-0.071471,0.226621,0.215056,29.225002,-40.032001,-3.470000,NaN,0.553008,true,Self-supervised model,0.262760,10.359000,33.985025,3.280724,0.685800,0.221352,0.845728,3.984724,false,false
2026-04-17T14:56:40.114865,0.193520,-5.870732,-0.305764,107.519,E,7,0.912695,7,6.392962,0.762632,1.346941,0.756966,0.562637,8.820239,4.043807,0.057788,0.268493,-0.705387,0.756966,-0.002443,0.312152,-0.058032,0.317510,0.312162,29.225002,-40.032001,-3.470000,NaN,0.554014,true,Self-supervised model,0.256984,10.367000,34.088570,3.288181,0.685800,0.221352,1.007485,2.384070,false,false
2026-04-17T14:56:40.123945,0.193520,-5.870732,-0.304143,107.426,E,7,0.912695,7,6.392962,0.747412,1.344960,0.667506,0.758962,8.760384,4.149151,0.236383,0.230638,-0.580081,0.667506,0.000000,0.395230,-0.064141,0.400401,0.395230,29.225002,-40.032001,-3.470000,NaN,0.554888,true,Self-supervised model,0.253404,10.376000,34.181433,3.294278,0.685800,0.221352,1.119708,1.667095,false,false
2026-04-17T14:56:40.130759,0.193520,-5.870732,-0.302634,107.340,E,7,0.912695,7,6.392962,0.730380,1.342376,0.640966,0.919373,8.724471,4.273650,0.356925,0.175683,-0.502571,0.640966,0.008552,0.483805,-0.085521,0.491380,0.483881,29.225002,-40.032001,-3.470000,NaN,0.555951,true,Self-supervised model,0.251137,10.383000,34.267894,3.300385,0.685800,0.221352,1.139500,1.304419,false,false
2026-04-17T14:56:40.138868,0.193520,-5.870732,-0.301154,107.255,E,7,0.912695,7,6.392962,0.703172,1.338808,0.560325,1.017536,8.671799,4.350265,0.369011,0.106012,-0.408113,0.560325,0.015272,0.551000,-0.114843,0.563048,0.551212,29.225002,-40.032001,-3.470000,NaN,0.557316,true,Self-supervised model,0.247471,10.391000,34.352714,3.306007,0.685800,0.221352,1.254934,0.995164,false,false
2026-04-17T14:56:40.147187,0.193520,-5.870732,-0.299616,107.167,E,7,0.912695,7,6.392962,0.668683,1.334003,0.487618,1.003170,8.604761,4.443638,0.350880,0.084064,-0.328007,0.487618,0.018937,0.579100,-0.144164,0.597075,0.579410,29.225002,-40.032001,-3.470000,NaN,0.559086,true,Self-supervised model,0.243760,10.400000,34.440848,3.311620,0.685800,0.221352,1.371325,0.816678,false,false
2026-04-17T14:56:40.155017,0.193520,-5.870732,-0.298244,107.088,E,7,0.912695,7,6.392962,0.625765,1.327674,0.400446,0.955287,8.585608,4.522647,0.294202,0.075518,-0.260959,0.400446,0.015272,0.576657,-0.167988,0.600821,0.576859,30.002001,-40.003002,-4.587000,NaN,0.559792,true,Self-supervised model,0.238982,10.407000,34.519440,3.316944,0.685800,0.221352,1.562670,0.666498,false,false
2026-04-17T14:56:40.162892,0.193520,-5.870732,-0.296945,107.014,E,7,0.912695,7,6.392962,0.579559,1.319749,0.336975,0.873884,8.585608,4.577713,0.203953,0.043865,-0.264634,0.336975,0.003665,0.540005,-0.190590,0.572663,0.540017,30.002001,-40.003002,-4.587000,NaN,0.560798,true,Self-supervised model,0.235580,10.415000,34.593850,3.321541,0.685800,0.221352,1.719887,0.588434,false,false
2026-04-17T14:56:40.170729,0.193520,-5.870732,-0.295628,106.938,E,7,0.912695,7,6.392962,0.535372,1.310374,0.303392,0.758962,8.561666,4.563348,0.103404,0.066129,-0.277455,0.303392,-0.025045,0.471588,-0.208916,0.516399,0.472253,30.002001,-40.003002,-4.587000,NaN,0.562188,true,Self-supervised model,0.234559,10.423000,34.669304,3.326231,0.685800,0.221352,1.764623,0.587514,false,false
2026-04-17T14:56:40.178462,0.193520,-5.870732,-0.294212,106.857,E,7,0.912695,7,6.392962,0.495581,1.299782,0.286681,0.634463,8.590396,4.541800,-0.015619,0.082993,-0.273960,0.286681,-0.070860,0.383013,-0.224798,0.449727,0.389512,30.002001,-40.003002,-4.587000,NaN,0.564002,true,Self-supervised model,0.235074,10.431000,34.750452,3.331459,0.685800,0.221352,1.728687,0.637456,false,false
2026-04-17T14:56:40.186920,0.193520,-5.870732,-0.292605,106.765,E,7,0.912695,7,6.392962,0.477528,1.288892,0.382748,0.493206,8.611943,4.539406,-0.200365,0.096704,-0.311446,0.382748,-0.109956,0.299324,-0.233961,0.395504,0.318881,30.002001,-40.003002,-4.587000,NaN,0.566374,true,Self-supervised model,0.244592,10.439000,34.842547,3.337728,0.685800,0.221352,1.247630,0.967749,false,false
2026-04-17T14:56:40.194712,0.193520,-5.870732,-0.290539,106.647,E,7,0.912695,7,6.392962,0.483382,1.278672,0.514116,0.287304,8.628703,4.498705,-0.405461,0.088329,-0.303504,0.514116,-0.168599,0.213803,-0.243735,0.365437,0.272281,30.002001,-40.003002,-4.587000,NaN,0.570275,true,Self-supervised model,0.251666,10.447000,34.960926,3.346504,0.685800,0.221352,0.940220,1.406853,false,false
2026-04-17T14:56:40.202921,0.193520,-5.870732,-0.288075,106.505,E,7,0.912695,7,6.392962,0.498911,1.269481,0.580434,0.057461,8.616732,4.515464,-0.541248,0.067734,-0.198411,0.580434,-0.218690,0.134390,-0.237016,0.349374,0.256683,30.002001,-40.003002,-4.587000,NaN,0.574327,true,Self-supervised model,0.254151,10.455000,35.102069,3.357443,0.685800,0.221352,0.859547,1.661354,false,false
2026-04-17T14:56:40.210631,0.193520,-5.870732,-0.285292,106.346,E,7,0.912695,7,6.392962,0.520440,1.261520,0.633470,-0.100556,8.590396,4.632780,-0.624657,0.099001,-0.035878,0.633470,-0.244346,0.067195,-0.230296,0.342427,0.253417,30.002001,-40.003002,-4.587000,NaN,0.578389,true,Self-supervised model,0.255206,10.463000,35.261524,3.370116,0.685800,0.221352,0.821570,1.849940,false,false
2026-04-17T14:56:40.219024,0.193520,-5.870732,-0.282274,106.173,E,7,0.912695,7,6.392962,0.542776,1.254770,0.660040,-0.203507,8.614338,4.809951,-0.642864,0.147350,0.025820,0.660040,-0.237627,0.051313,-0.218690,0.326993,0.243104,30.002001,-40.003002,-4.587000,NaN,0.582345,true,Self-supervised model,0.256045,10.471000,35.434425,3.384054,0.685800,0.221352,0.822338,2.018513,false,false
2026-04-17T14:56:40.227108,0.193520,-5.870732,-0.278967,105.984,E,7,0.912695,7,6.392962,0.569375,1.249354,0.709019,-0.239420,8.655039,4.886566,-0.663998,0.236768,0.075865,0.709019,-0.218079,0.079412,-0.207694,0.311451,0.232088,30.002001,-40.003002,-4.587000,NaN,0.586809,true,Self-supervised model,0.257248,10.480000,35.623900,3.399227,0.685800,0.221352,0.803046,2.276504,false,false
2026-04-17T14:56:40.234705,0.193520,-5.870732,-0.275403,105.779,E,7,0.912695,7,6.392962,0.600923,1.245417,0.766549,-0.282516,8.741230,4.944026,-0.698721,0.289598,0.124575,0.766549,-0.188147,0.139277,-0.196088,0.305365,0.234088,30.002001,-40.003002,-4.587000,NaN,0.591403,true,Self-supervised model,0.258109,10.487000,35.828126,3.416432,0.685800,0.221352,0.783932,2.510274,false,false
2026-04-17T14:56:40.242404,0.193520,-5.870732,-0.271631,105.563,E,7,0.912695,7,6.392962,0.635025,1.243001,0.814062,-0.342371,8.791509,4.999093,-0.699808,0.375422,0.178956,0.814062,-0.163712,0.178984,-0.181427,0.302907,0.242563,30.002001,-40.003002,-4.587000,NaN,0.596008,true,Self-supervised model,0.258922,10.495000,36.044272,3.434423,0.685800,0.221352,0.780069,2.687503,false,false
2026-04-17T14:56:40.251123,0.193520,-5.870732,-0.267718,105.339,E,7,0.912695,7,6.392962,0.666418,1.241938,0.831230,-0.371101,8.875306,5.058948,-0.707036,0.334002,0.281931,0.831230,-0.131336,0.203418,-0.161268,0.290922,0.242132,30.002001,-40.003002,-4.587000,NaN,0.600483,true,Self-supervised model,0.259516,10.504000,36.268469,3.452825,0.685800,0.221352,0.801725,2.857227,false,false
2026-04-17T14:56:40.259658,0.193520,-5.870732,-0.263757,105.112,E,7,0.912695,7,6.392962,0.683069,1.241583,0.770485,-0.407014,8.832211,5.166687,-0.614260,0.263548,0.383243,0.770485,-0.092852,0.220522,-0.139277,0.276857,0.239273,30.002001,-40.003002,-4.587000,NaN,0.604633,true,Self-supervised model,0.257684,10.512000,36.495385,3.471783,0.685800,0.221352,0.886544,2.782974,false,false
2026-04-17T14:56:40.268081,0.193520,-5.870732,-0.259835,104.887,E,7,0.912695,7,6.392962,0.689111,1.241484,0.720831,-0.342371,8.760384,5.272032,-0.534479,0.194935,0.442639,0.720831,-0.048258,0.232129,-0.124006,0.267563,0.237092,30.002001,-40.003002,-4.587000,NaN,0.608400,true,Self-supervised model,0.256085,10.521000,36.720085,3.490171,0.685800,0.221352,0.955995,2.694060,false,false
2026-04-17T14:56:40.274642,0.193520,-5.870732,-0.256021,104.669,E,7,0.912695,7,6.392962,0.682647,1.241131,0.648712,-0.289698,8.690952,5.334281,-0.396233,0.132876,0.496155,0.648712,-0.007330,0.242514,-0.117286,0.269486,0.242624,30.002001,-40.003002,-4.587000,NaN,0.611784,true,Self-supervised model,0.252568,10.527000,36.938616,3.508940,0.685800,0.221352,1.052312,2.407221,false,false
2026-04-17T14:56:40.282752,0.193520,-5.870732,-0.252355,104.459,E,7,0.912695,7,6.392962,0.669970,1.240284,0.603416,-0.177171,8.628703,5.389348,-0.292443,0.122404,0.513424,0.603416,0.041539,0.261450,-0.117286,0.289548,0.264730,30.002001,-40.003002,-4.587000,NaN,0.614857,true,Self-supervised model,0.251599,10.535000,37.148662,3.526214,0.685800,0.221352,1.110296,2.083995,false,false
2026-04-17T14:56:40.291058,0.193520,-5.870732,-0.248851,104.258,E,7,0.912695,7,6.392962,0.644982,1.238472,0.513797,-0.098162,8.619126,5.406107,-0.244408,0.170205,0.418667,0.513797,0.091019,0.268170,-0.118508,0.306991,0.283195,30.002001,-40.003002,-4.587000,NaN,0.617713,true,Self-supervised model,0.247589,10.543000,37.349418,3.542580,0.685800,0.221352,1.255324,1.673654,false,false
2026-04-17T14:56:40.298760,0.193520,-5.870732,-0.245494,104.066,E,7,0.912695,7,6.392962,0.616013,1.235574,0.463923,-0.074220,8.669404,5.307945,-0.302197,0.202317,0.288044,0.463923,0.125838,0.261450,-0.119730,0.313890,0.290158,30.002001,-40.003002,-4.587000,NaN,0.620485,true,Self-supervised model,0.245060,10.551000,37.541787,3.558126,0.685800,0.221352,1.327834,1.477981,false,false
2026-04-17T14:56:40.307600,0.193520,-5.870732,-0.242262,103.881,E,7,0.912695,7,6.392962,0.592368,1.231846,0.468232,-0.155623,8.705317,5.171476,-0.370303,0.238346,0.159084,0.468232,0.142942,0.248622,-0.117286,0.309841,0.286785,30.002001,-40.003002,-4.587000,NaN,0.623217,true,Self-supervised model,0.246351,10.560000,37.726990,3.572632,0.685800,0.221352,1.265116,1.511200,false,false
2026-04-17T14:56:40.314543,0.193520,-5.870732,-0.239141,103.702,E,7,0.912695,7,6.392962,0.568275,1.227303,0.441791,-0.246603,8.746018,5.035006,-0.372217,0.228280,0.067241,0.441791,0.156382,0.235794,-0.111788,0.304221,0.282938,30.397001,-37.429001,0.368000,NaN,0.625891,true,Self-supervised model,0.244761,10.567000,37.905798,3.587186,0.685800,0.221352,1.286300,1.452201,false,false
2026-04-17T14:56:40.323048,0.193520,-5.870732,-0.236122,103.529,E,7,0.912695,7,6.392962,0.558792,1.222562,0.509001,-0.270545,8.741230,4.934450,-0.393597,0.301086,-0.116232,0.509001,0.174707,0.243124,-0.105680,0.317491,0.299386,30.397001,-37.429001,0.368000,NaN,0.628503,true,Self-supervised model,0.249375,10.575000,38.078772,3.600829,0.685800,0.221352,1.097820,1.603199,false,false
2026-04-17T14:56:40.330880,0.193520,-5.870732,-0.233230,103.363,E,7,0.912695,7,6.392962,0.564721,1.218249,0.595849,-0.313640,8.820239,4.740520,-0.372140,0.396922,-0.242901,0.595849,0.181427,0.272446,-0.090408,0.339582,0.327326,30.397001,-37.429001,0.368000,NaN,0.630886,true,Self-supervised model,0.252574,10.583000,38.244465,3.613764,0.685800,0.221352,0.947758,1.754653,false,false
2026-04-17T14:56:40.339013,0.193520,-5.870732,-0.230493,103.206,E,7,0.912695,7,6.392962,0.575421,1.214536,0.631599,-0.313640,8.923190,4.601655,-0.321775,0.437128,-0.322950,0.631599,0.182038,0.306654,-0.075747,0.364571,0.356616,30.397001,-37.429001,0.368000,NaN,0.633006,true,Self-supervised model,0.253755,10.591000,38.401305,3.625843,0.685800,0.221352,0.911055,1.732443,false,false
2026-04-17T14:56:40.346607,0.193520,-5.870732,-0.227927,103.059,E,7,0.912695,7,6.392962,0.578192,1.211082,0.592738,-0.284910,8.971074,4.508282,-0.264018,0.316474,-0.426001,0.592738,0.181427,0.345139,-0.061087,0.394675,0.389919,30.397001,-37.429001,0.368000,NaN,0.634884,true,Self-supervised model,0.251630,10.599000,38.548303,3.636975,0.685800,0.221352,0.975460,1.501839,false,false
2026-04-17T14:56:40.355011,0.193520,-5.870732,-0.225538,102.922,E,7,0.912695,7,6.392962,0.572450,1.207537,0.542304,-0.248997,8.858546,4.390966,-0.210385,0.250539,-0.432507,0.542304,0.180816,0.396452,-0.053145,0.438968,0.435739,30.397001,-37.429001,0.368000,NaN,0.636566,true,Self-supervised model,0.249400,10.607000,38.685172,3.647136,0.685800,0.221352,1.055589,1.235407,false,false
2026-04-17T14:56:40.363149,0.193520,-5.870732,-0.223334,102.796,E,7,0.912695,7,6.392962,0.554411,1.203412,0.459710,-0.217872,8.801085,4.369418,-0.083856,0.169796,-0.418892,0.459710,0.188147,0.464258,-0.047037,0.503137,0.500933,30.397001,-37.429001,0.368000,NaN,0.638030,true,Self-supervised model,0.245010,10.616000,38.811447,3.655939,0.685800,0.221352,1.206003,0.913688,false,false
2026-04-17T14:56:40.370976,0.193520,-5.870732,-0.221321,102.681,E,7,0.912695,7,6.392962,0.526789,1.198347,0.381772,-0.114922,8.729259,4.367024,0.053362,0.103045,-0.363708,0.381772,0.199753,0.518625,-0.050091,0.558016,0.555763,30.397001,-37.429001,0.368000,NaN,0.639282,true,Self-supervised model,0.240153,10.623000,38.926813,3.664390,0.685800,0.221352,1.379854,0.684159,false,false
2026-04-17T14:56:40.378829,0.193520,-5.870732,-0.219504,102.577,E,7,0.912695,7,6.392962,0.500947,1.192451,0.365274,-0.002394,8.671799,4.405331,0.188877,0.086239,-0.300523,0.365274,0.216857,0.572992,-0.050091,0.614700,0.612655,30.397001,-37.429001,0.368000,NaN,0.640313,true,Self-supervised model,0.239337,10.631000,39.030923,3.671425,0.685800,0.221352,1.371425,0.594233,false,false
