timestamp,position_x,position_y,heading_radians,heading_degrees,heading_label,steps,last_step_length_m,crossings,distance_m,filtered_accel,active_threshold,motion_magnitude,accel_x,accel_y,accel_z,user_accel_x,user_accel_y,user_accel_z,user_accel_magnitude,gyro_x,gyro_y,gyro_z,gyro_magnitude,tilt_gyro_magnitude,mag_x,mag_y,mag_z,geomagnetic_rotation_azimuth,game_rotation_azimuth,activity_recognition_granted,step_source,step_confidence,seconds_since_prev_step,heading_change_since_prev_step,heading_change_rate_since_prev_step,recent_step_interval_mean,recent_step_interval_std,filtered_to_user_accel_ratio,accel_to_gyro_ratio,phone_flat,imu_step_detected
2026-04-17T14:33:03.841079,0.000000,0.000000,0.000000,90.000,E,0,0.000000,0,0.000000,0.590899,1.140899,0.590899,0.749385,8.626308,4.529830,-0.031814,0.261544,-0.528908,0.590899,0.244957,0.048258,-0.048258,0.254287,0.249665,-20.211000,-30.365002,-22.584002,NaN,-0.415529,true,Self-supervised model,0.121076,0.000000,0.000000,0.000000,0.000000,0.000000,1.000000,2.323752,false,false
2026-04-17T14:33:03.848620,0.000000,0.000000,-0.000292,90.017,E,0,0.000000,0,0.000000,0.600914,1.141299,0.653495,0.636858,8.774749,4.448427,-0.125578,0.360468,-0.530423,0.653495,0.244957,0.048258,-0.048258,0.254287,0.249665,-20.211000,-30.365002,-22.584002,NaN,-0.416988,true,Self-supervised model,0.127264,0.000000,0.000000,0.000000,0.000000,0.000000,0.919540,2.569914,false,false
2026-04-17T14:33:03.856382,0.000000,0.000000,-0.000367,90.021,E,0,0.000000,0,0.000000,0.617677,1.142355,0.705682,0.577003,8.918402,4.376601,-0.160483,0.452268,-0.517384,0.705682,0.244957,0.048258,-0.048258,0.254287,0.249665,-20.211000,-30.365002,-22.584002,NaN,-0.416196,true,Self-supervised model,0.134431,0.000000,0.000000,0.000000,0.000000,0.000000,0.875291,2.775145,false,false
2026-04-17T14:33:03.864655,0.000000,0.000000,-0.000074,90.004,E,0,0.000000,0,0.000000,0.628079,1.143784,0.682690,0.524330,9.035717,4.419696,-0.183518,0.523427,-0.398008,0.682690,0.244957,0.048258,-0.048258,0.254287,0.249665,-20.211000,-30.365002,-22.584002,NaN,-0.414429,true,Self-supervised model,0.129345,0.000000,0.000000,0.000000,0.000000,0.000000,0.920007,2.684725,false,false
2026-04-17T14:33:03.872407,0.000000,0.000000,0.000741,89.958,E,0,0.000000,0,0.000000,0.623152,1.144958,0.597285,0.402226,9.066842,4.826711,-0.262408,0.535276,0.037029,0.597285,0.053145,0.400117,-0.029322,0.404694,0.403631,-20.211000,-30.365002,-22.584002,NaN,-0.411528,true,Self-supervised model,0.116581,0.000000,0.000000,0.000000,0.000000,0.000000,1.043307,1.475893,false,false
2026-04-17T14:33:03.880938,0.000000,0.000000,0.002351,89.865,E,0,0.000000,0,0.000000,0.605772,1.145391,0.514528,0.569820,9.042900,4.867412,-0.078515,0.499097,0.097350,0.514528,0.118508,0.256563,-0.006109,0.282677,0.282611,-20.211000,-30.365002,-22.584002,NaN,-0.406738,true,Self-supervised model,0.120730,0.000000,0.000000,0.000000,0.000000,0.000000,1.177335,1.820199,false,false
2026-04-17T14:33:03.888651,0.000000,0.000000,0.003699,89.788,E,0,0.000000,0,0.000000,0.591720,1.145244,0.517947,0.670376,9.074024,4.788404,0.023630,0.515480,0.044626,0.517947,0.172264,0.118508,-0.026267,0.210734,0.209091,-20.211000,-30.365002,-22.584002,NaN,-0.406436,true,Self-supervised model,0.119982,0.000000,0.000000,0.000000,0.000000,0.000000,1.142433,2.457822,false,false
2026-04-17T14:33:03.897227,0.000000,0.000000,0.004472,89.744,E,0,0.000000,0,0.000000,0.585895,1.144870,0.555314,0.706290,9.119514,4.795586,0.056240,0.546984,0.077583,0.555314,0.222355,0.004887,-0.051313,0.228251,0.222409,-20.211000,-30.365002,-22.584002,NaN,-0.407965,true,Self-supervised model,0.117838,0.000000,0.000000,0.000000,0.000000,0.000000,1.055071,2.432906,false,false
2026-04-17T14:33:03.904778,0.000000,0.000000,0.004788,89.726,E,0,0.000000,0,0.000000,0.574573,1.144058,0.515132,0.792481,9.059659,4.838682,0.129146,0.479827,0.135824,0.515132,0.266337,-0.082467,-0.062919,0.285824,0.278812,-20.211000,-30.365002,-22.584002,NaN,-0.409479,true,Self-supervised model,0.117078,0.000000,0.000000,0.000000,0.000000,0.000000,1.115391,1.802271,false,false
2026-04-17T14:33:03.913105,0.000000,0.000000,0.004568,89.738,E,0,0.000000,0,0.000000,0.542610,1.142000,0.374807,0.945710,8.858546,4.747702,0.248199,0.275147,0.056312,0.374807,0.307265,-0.171653,-0.065973,0.358091,0.351961,-20.211000,-30.365002,-22.584002,NaN,-0.411841,true,Self-supervised model,0.140007,0.000000,0.000000,0.000000,0.000000,0.000000,1.447708,1.046680,false,false
2026-04-17T14:33:03.920463,0.000000,0.000000,0.003302,89.811,E,0,0.000000,0,0.000000,0.500762,1.138351,0.281059,0.998382,8.659827,4.611232,0.263238,0.072312,-0.066862,0.281059,0.339030,-0.226020,-0.065973,0.412770,0.407464,-20.211000,-30.365002,-22.584002,NaN,-0.417287,true,Self-supervised model,0.162172,0.000000,0.000000,0.000000,0.000000,0.000000,1.781700,0.680908,false,false
2026-04-17T14:33:03.929850,0.000000,0.000000,0.001148,89.934,E,0,0.000000,0,0.000000,0.461881,1.133292,0.257758,0.981623,8.564059,4.522647,0.214359,-0.028943,-0.140184,0.257758,0.360410,-0.236405,-0.067806,0.436326,0.431025,-20.211000,-30.365002,-22.584002,NaN,-0.422996,true,Self-supervised model,0.159877,0.000000,0.000000,0.000000,0.000000,0.000000,1.791921,0.590745,false,false
2026-04-17T14:33:03.936381,0.000000,0.000000,-0.001500,90.086,E,0,0.000000,0,0.000000,0.440649,1.127586,0.329179,1.007959,8.499416,4.407725,0.208222,-0.102302,-0.233531,0.329179,0.365908,-0.219301,-0.072082,0.432640,0.426593,-20.211000,-30.365002,-22.584002,NaN,-0.427624,true,Self-supervised model,0.119966,0.000000,0.000000,0.000000,0.000000,0.000000,1.338631,0.760860,false,false
2026-04-17T14:33:03.944411,0.000000,0.000000,-0.004618,90.265,E,0,0.000000,0,0.000000,0.439620,1.122068,0.434220,0.924162,8.485051,4.204218,0.105217,-0.135301,-0.398961,0.434220,0.354913,-0.179594,-0.075747,0.404913,0.397765,-20.211000,-30.365002,-22.584002,NaN,-0.432616,true,Self-supervised model,0.104269,0.000000,0.000000,0.000000,0.000000,0.000000,1.012437,1.072377,false,false
2026-04-17T14:33:03.953126,0.000000,0.000000,-0.007783,90.446,E,0,0.000000,0,0.000000,0.463920,1.117742,0.591494,0.835576,8.504205,3.971981,0.009869,-0.146316,-0.573027,0.591494,0.319483,-0.102014,-0.084299,0.345807,0.335374,-20.211000,-30.365002,-22.584002,NaN,-0.435972,true,Self-supervised model,0.130778,0.000000,0.000000,0.000000,0.000000,0.000000,0.784319,1.710475,false,false
2026-04-17T14:33:03.960526,0.000000,0.000000,-0.010756,90.616,E,0,0.000000,0,0.000000,0.501283,1.115083,0.697438,0.756568,8.485051,3.813963,-0.065477,-0.200274,-0.664848,0.697438,0.266948,-0.001833,-0.090408,0.281848,0.266954,-20.211000,-30.365002,-22.584002,NaN,-0.438176,true,Self-supervised model,0.149940,0.000000,0.000000,0.000000,0.000000,0.000000,0.718749,2.474520,false,false
2026-04-17T14:33:03.968422,0.000000,0.000000,-0.013369,90.766,E,0,0.000000,0,0.000000,0.536095,1.113924,0.718858,0.751779,8.523358,3.720589,-0.066458,-0.198300,-0.687762,0.718858,0.208305,0.084910,-0.091630,0.242892,0.224946,-20.211000,-30.365002,-22.584002,NaN,-0.439351,true,Self-supervised model,0.148591,0.000000,0.000000,0.000000,0.000000,0.000000,0.745760,2.959571,false,false
2026-04-17T14:33:03.976396,0.000000,0.000000,-0.015857,90.909,E,0,0.000000,0,0.000000,0.560298,1.113779,0.687363,0.715866,8.465898,3.732560,-0.094734,-0.285394,-0.618097,0.687363,0.134390,0.167988,-0.086132,0.231731,0.215130,-20.211000,-30.365002,-22.584002,NaN,-0.441339,true,Self-supervised model,0.136282,0.000000,0.000000,0.000000,0.000000,0.000000,0.815141,2.966205,false,false
2026-04-17T14:33:03.985611,0.000000,0.000000,-0.018126,91.039,E,0,0.000000,0,0.000000,0.570998,1.114068,0.627175,0.636858,8.473080,3.778050,-0.156233,-0.302465,-0.526739,0.627175,0.065973,0.227853,-0.080634,0.250542,0.237212,-20.211000,-30.365002,-22.584002,NaN,-0.442729,true,Self-supervised model,0.122235,0.000000,0.000000,0.000000,0.000000,0.000000,0.910429,2.503273,false,false
2026-04-17T14:33:03.993218,0.000000,0.000000,-0.019828,91.136,E,0,0.000000,0,0.000000,0.574612,1.114489,0.593582,0.524330,8.441956,3.885789,-0.254799,-0.335093,-0.418484,0.593582,0.009163,0.276111,-0.067195,0.284318,0.276263,-20.211000,-30.365002,-22.584002,NaN,-0.442166,true,Self-supervised model,0.116642,0.000000,0.000000,0.000000,0.000000,0.000000,0.968041,2.087742,false,false
2026-04-17T14:33:04.001571,0.000000,0.000000,-0.020957,91.201,E,0,0.000000,0,0.000000,0.570144,1.114716,0.546692,0.426168,8.420407,4.067749,-0.338393,-0.356702,-0.239012,0.546692,-0.021991,0.299935,-0.057421,0.306173,0.300740,-17.913000,-33.232002,-23.315001,NaN,-0.441000,true,Self-supervised model,0.114228,0.000000,0.000000,0.000000,0.000000,0.000000,1.042898,1.785569,false,false
2026-04-17T14:33:04.009290,0.000000,0.000000,-0.021629,91.239,E,0,0.000000,0,0.000000,0.564652,1.114713,0.535817,0.354342,8.415619,4.326323,-0.395750,-0.360878,0.015770,0.535817,-0.028711,0.307265,-0.044593,0.311809,0.308604,-17.913000,-33.232002,-23.315001,NaN,-0.439846,true,Self-supervised model,0.114419,0.000000,0.000000,0.000000,0.000000,0.000000,1.053816,1.718414,false,false
2026-04-17T14:33:04.017057,0.000000,0.000000,-0.021958,91.258,E,0,0.000000,0,0.000000,0.569740,1.114914,0.596450,0.351948,8.379706,4.539406,-0.384513,-0.396297,0.225499,0.596450,-0.007941,0.274889,-0.036652,0.277436,0.275004,-17.913000,-33.232002,-23.315001,NaN,-0.438801,true,Self-supervised model,0.119862,0.000000,0.000000,0.000000,0.000000,0.000000,0.955219,2.149866,false,false
2026-04-17T14:33:04.024910,0.000000,0.000000,-0.022033,91.262,E,0,0.000000,0,0.000000,0.577538,1.115419,0.618481,0.390255,8.365341,4.635174,-0.333613,-0.411006,0.319836,0.618481,0.033598,0.227242,-0.033598,0.232156,0.229712,-17.913000,-33.232002,-23.315001,NaN,-0.437861,true,Self-supervised model,0.124274,0.000000,0.000000,0.000000,0.000000,0.000000,0.933802,2.664072,false,false
2026-04-17T14:33:04.032929,0.000000,0.000000,-0.021906,91.255,E,0,0.000000,0,0.000000,0.576360,1.115857,0.570175,0.407014,8.379706,4.584896,-0.305476,-0.398130,0.270696,0.570175,0.080023,0.176540,-0.032376,0.196515,0.193830,-17.913000,-33.232002,-23.315001,NaN,-0.436927,true,Self-supervised model,0.120717,0.000000,0.000000,0.000000,0.000000,0.000000,1.010847,2.901427,false,false
2026-04-17T14:33:04.040898,0.000000,0.000000,-0.021617,91.239,E,0,0.000000,0,0.000000,0.559297,1.115594,0.469716,0.354342,8.465898,4.331111,-0.347864,-0.314915,0.021280,0.469716,0.125838,0.138056,-0.029322,0.189088,0.186801,-17.913000,-33.232002,-23.315001,NaN,-0.435991,true,Self-supervised model,0.123120,0.000000,0.000000,0.000000,0.000000,0.000000,1.190712,2.484113,false,false
2026-04-17T14:33:04.049766,0.000000,0.000000,-0.021206,91.215,E,0,0.000000,0,0.000000,0.552815,1.115083,0.518781,0.299275,8.547300,4.062960,-0.393738,-0.237521,-0.240182,0.518781,0.136223,0.112399,-0.020769,0.177825,0.176608,-17.913000,-33.232002,-23.315001,NaN,-0.435091,true,Self-supervised model,0.118811,0.000000,0.000000,0.000000,0.000000,0.000000,1.065603,2.917371,false,false
2026-04-17T14:33:04.057186,0.000000,0.000000,-0.020721,91.187,E,0,0.000000,0,0.000000,0.575410,1.115496,0.694038,0.210690,8.611943,3.821146,-0.474011,-0.176914,-0.475082,0.694038,0.109956,0.102014,-0.005498,0.150091,0.149991,-17.913000,-33.232002,-23.315001,NaN,-0.434306,true,Self-supervised model,0.144476,0.000000,0.000000,0.000000,0.000000,0.000000,0.829076,4.624100,false,false
2026-04-17T14:33:04.065521,0.000000,0.000000,-0.020197,91.157,E,0,0.000000,0,0.000000,0.594052,1.116638,0.691920,0.191536,8.621520,3.828329,-0.485734,-0.170666,-0.462265,0.691920,0.081856,0.097738,0.015882,0.128474,0.127488,-17.913000,-33.232002,-23.315001,NaN,-0.433631,true,Self-supervised model,0.144376,0.000000,0.000000,0.000000,0.000000,0.000000,0.858556,5.385700,false,false
2026-04-17T14:33:04.072805,0.000000,0.000000,-0.019669,91.127,E,0,0.000000,0,0.000000,0.602447,1.118071,0.646524,0.186748,8.547300,3.936068,-0.483696,-0.247383,-0.350476,0.646524,0.056810,0.084910,0.029322,0.106287,0.102163,-17.913000,-33.232002,-23.315001,NaN,-0.433084,true,Self-supervised model,0.139036,0.000000,0.000000,0.000000,0.000000,0.000000,0.931825,6.082811,false,false
2026-04-17T14:33:04.081839,0.000000,0.000000,-0.019146,91.097,E,0,0.000000,0,0.000000,0.610247,1.119758,0.651196,0.136469,8.580819,3.967192,-0.526886,-0.216124,-0.315813,0.651196,0.047037,0.078802,0.037263,0.099049,0.091772,-17.913000,-33.232002,-23.315001,NaN,-0.432585,true,Self-supervised model,0.141977,0.000000,0.000000,0.000000,0.000000,0.000000,0.937118,6.574500,false,false
2026-04-17T14:33:04.089163,0.000000,0.000000,-0.018604,91.066,E,0,0.000000,0,0.000000,0.619956,1.121766,0.670925,0.081403,8.619126,3.981557,-0.573651,-0.180327,-0.297567,0.670925,0.048869,0.083689,0.040317,0.104964,0.096912,-17.913000,-33.232002,-23.315001,NaN,-0.431963,true,Self-supervised model,0.143780,0.000000,0.000000,0.000000,0.000000,0.000000,0.924032,6.391949,false,false
2026-04-17T14:33:04.097854,0.000000,0.000000,-0.018004,91.032,E,0,0.000000,0,0.000000,0.625047,1.123897,0.651780,0.098162,8.667010,3.948039,-0.547583,-0.135319,-0.326586,0.651780,0.050702,0.091630,0.047037,0.114800,0.104722,-17.913000,-33.232002,-23.315001,NaN,-0.431133,true,Self-supervised model,0.138688,0.000000,0.000000,0.000000,0.000000,0.000000,0.958985,5.677506,false,false
2026-04-17T14:33:04.105082,0.000000,0.000000,-0.017332,90.993,E,0,0.000000,0,0.000000,0.625516,1.125962,0.627978,0.134075,8.714894,3.888184,-0.491797,-0.092262,-0.379446,0.627978,0.042761,0.103847,0.045815,0.121292,0.112306,-17.913000,-33.232002,-23.315001,NaN,-0.430171,true,Self-supervised model,0.134711,0.000000,0.000000,0.000000,0.000000,0.000000,0.996080,5.177414,false,false
2026-04-17T14:33:04.120102,0.000000,0.000000,-0.016199,90.928,E,0,0.000000,0,0.000000,0.620696,1.127751,0.595388,0.174777,8.719683,3.859453,-0.430689,-0.092604,-0.400523,0.595388,0.036041,0.130725,0.048869,0.144140,0.135602,-17.913000,-33.232002,-23.315001,NaN,-0.427197,true,Self-supervised model,0.129671,0.000000,0.000000,0.000000,0.000000,0.000000,1.042506,4.130637,false,false
2026-04-17T14:33:04.121557,0.000000,0.000000,-0.014707,90.843,E,0,0.000000,0,0.000000,0.610768,1.129072,0.558645,0.234632,8.734048,3.835511,-0.359865,-0.081399,-0.419470,0.558645,0.033598,0.161268,0.051313,0.172538,0.164731,-17.913000,-33.232002,-23.315001,NaN,-0.424270,true,Self-supervised model,0.124075,0.000000,0.000000,0.000000,0.000000,0.000000,1.093303,3.237810,false,false
2026-04-17T14:33:04.130474,0.000000,0.000000,-0.013345,90.765,E,0,0.000000,0,0.000000,0.605342,1.130123,0.576860,0.260968,8.702923,3.785233,-0.322011,-0.115883,-0.464379,0.576860,0.028100,0.188147,0.053145,0.197517,0.190233,-17.913000,-33.232002,-23.315001,NaN,-0.423426,true,Self-supervised model,0.123723,0.000000,0.000000,0.000000,0.000000,0.000000,1.049375,2.920553,false,false
2026-04-17T14:33:04.136790,0.000000,0.000000,-0.012105,90.694,E,0,0.000000,0,0.000000,0.613497,1.131458,0.656311,0.210690,8.726865,3.703830,-0.360532,-0.095474,-0.540043,0.656311,0.021380,0.200975,0.051924,0.208672,0.202109,-17.913000,-33.232002,-23.315001,NaN,-0.422674,true,Self-supervised model,0.129461,0.000000,0.000000,0.000000,0.000000,0.000000,0.934766,3.145182,false,false
2026-04-17T14:33:04.144553,0.000000,0.000000,-0.010980,90.629,E,0,0.000000,0,0.000000,0.630596,1.133423,0.720365,0.160412,8.743625,3.643975,-0.399047,-0.082268,-0.594070,0.720365,0.008552,0.198531,0.056810,0.206677,0.198715,-17.913000,-33.232002,-23.315001,NaN,-0.422005,true,Self-supervised model,0.138454,0.000000,0.000000,0.000000,0.000000,0.000000,0.875384,3.485471,false,false
2026-04-17T14:33:04.155372,0.000000,0.000000,-0.009950,90.570,E,0,0.000000,0,0.000000,0.645954,1.135924,0.726583,0.131681,8.779537,3.639187,-0.416779,-0.049822,-0.593073,0.726583,-0.002443,0.193644,0.069639,0.205800,0.193660,-17.913000,-33.232002,-23.315001,NaN,-0.421358,true,Self-supervised model,0.138098,0.000000,0.000000,0.000000,0.000000,0.000000,0.889030,3.530531,false,false
2026-04-17T14:33:04.161367,0.000000,0.000000,-0.009023,90.517,E,0,0.000000,0,0.000000,0.648708,1.138436,0.663166,0.162806,8.784326,3.682282,-0.375645,-0.048330,-0.544374,0.663166,-0.016493,0.183260,0.076358,0.199215,0.184000,-15.481001,-35.381001,-20.359001,NaN,-0.420846,true,Self-supervised model,0.128655,0.000000,0.000000,0.000000,0.000000,0.000000,0.978199,3.328891,false,false
2026-04-17T14:33:04.168773,0.000000,0.000000,-0.008211,90.470,E,0,0.000000,0,0.000000,0.618104,1.139622,0.457433,0.311246,8.777143,3.823540,-0.218258,-0.058641,-0.397705,0.457433,-0.018326,0.168599,0.076969,0.186241,0.169592,-15.481001,-35.381001,-20.359001,NaN,-0.420493,true,Self-supervised model,0.140321,0.000000,0.000000,0.000000,0.000000,0.000000,1.351245,2.456137,false,false
2026-04-17T14:33:04.176433,0.000000,0.000000,-0.007518,90.431,E,0,0.000000,0,0.000000,0.573777,1.138989,0.341059,0.397437,8.784326,3.902549,-0.124081,-0.054680,-0.312946,0.341059,-0.009774,0.144164,0.064752,0.158340,0.144495,-15.481001,-35.381001,-20.359001,NaN,-0.420275,true,Self-supervised model,0.165912,0.000000,0.000000,0.000000,0.000000,0.000000,1.682338,2.153964,false,false
2026-04-17T14:33:04.185694,0.000000,0.000000,-0.006926,90.397,E,0,0.000000,0,0.000000,0.515806,1.136061,0.211459,0.483629,8.805874,4.003105,-0.030359,-0.036595,-0.206044,0.211459,0.003054,0.131947,0.050702,0.141386,0.131982,-15.481001,-35.381001,-20.359001,NaN,-0.420086,true,Self-supervised model,0.195498,0.000000,0.000000,0.000000,0.000000,0.000000,2.439267,1.495618,false,false
2026-04-17T14:33:04.193103,0.000000,0.000000,-0.006403,90.367,E,0,0.000000,0,0.000000,0.459249,1.130989,0.162324,0.502782,8.868123,4.041412,-0.004089,0.021936,-0.160783,0.162324,0.027489,0.124006,0.028711,0.130220,0.127016,-15.481001,-35.381001,-20.359001,NaN,-0.419841,true,Self-supervised model,0.200362,0.000000,0.000000,0.000000,0.000000,0.000000,2.829205,1.246536,false,false
2026-04-17T14:33:04.200928,0.000000,0.000000,-0.005927,90.340,E,0,0.000000,0,0.000000,0.417147,1.124435,0.196109,0.433351,8.904037,4.017470,-0.065924,0.053628,-0.176739,0.196109,0.052534,0.126449,0.009163,0.137234,0.136928,-15.481001,-35.381001,-20.359001,NaN,-0.419548,true,Self-supervised model,0.181416,0.000000,0.000000,0.000000,0.000000,0.000000,2.127119,1.429008,false,false
2026-04-17T14:33:04.209092,0.000000,0.000000,-0.005460,90.313,E,0,0.000000,0,0.000000,0.403394,1.117593,0.331192,0.287304,8.942344,3.938462,-0.203316,0.087080,-0.246511,0.331192,0.067195,0.129503,-0.001833,0.145910,0.145898,-15.481001,-35.381001,-20.359001,NaN,-0.419122,true,Self-supervised model,0.117493,0.000000,0.000000,0.000000,0.000000,0.000000,1.218006,2.269839,false,false
2026-04-17T14:33:04.217270,0.000000,0.000000,-0.004958,90.284,E,0,0.000000,0,0.000000,0.414920,1.111487,0.475430,0.165200,8.949526,3.830723,-0.315815,0.088934,-0.344072,0.475430,0.065363,0.132558,-0.001222,0.147802,0.147797,-15.481001,-35.381001,-20.359001,NaN,-0.418478,true,Self-supervised model,0.125217,0.000000,0.000000,0.000000,0.000000,0.000000,0.872725,3.216678,false,false
2026-04-17T14:33:04.225133,0.000000,0.000000,-0.004392,90.252,E,0,0.000000,0,0.000000,0.433998,1.106387,0.534158,0.100556,8.968679,3.792415,-0.369936,0.102388,-0.371468,0.534158,0.063530,0.139888,0.004887,0.153716,0.153638,-15.481001,-35.381001,-20.359001,NaN,-0.417657,true,Self-supervised model,0.136047,0.000000,0.000000,0.000000,0.000000,0.000000,0.812489,3.474966,false,false
2026-04-17T14:33:04.233122,0.000000,0.000000,-0.003747,90.215,E,0,0.000000,0,0.000000,0.441368,1.101786,0.480059,0.143652,8.968679,3.790021,-0.309484,0.092691,-0.355085,0.480059,0.065363,0.139277,0.011606,0.154289,0.153852,-15.481001,-35.381001,-20.359001,NaN,-0.416697,true,Self-supervised model,0.122407,0.000000,0.000000,0.000000,0.000000,0.000000,0.919402,3.111426,false,false
2026-04-17T14:33:04.240893,0.000000,0.000000,-0.002789,90.160,E,0,0.000000,0,0.000000,0.433481,1.100000,0.392074,0.189142,8.939949,3.828329,-0.247861,0.054783,-0.298808,0.392074,0.068417,0.133169,0.013439,0.150318,0.149716,-15.481001,-35.381001,-20.359001,NaN,-0.414487,true,Self-supervised model,0.115394,0.000000,0.000000,0.000000,0.000000,0.000000,1.105609,2.608305,false,false
2026-04-17T14:33:04.249866,0.000000,0.000000,-0.001619,90.093,E,0,0.000000,0,0.000000,0.436280,1.100000,0.450975,0.174777,9.002198,3.746926,-0.246816,0.107732,-0.361738,0.450975,0.071471,0.127060,0.015882,0.146645,0.145782,-15.481001,-35.381001,-20.359001,NaN,-0.412466,true,Self-supervised model,0.118486,0.000000,0.000000,0.000000,0.000000,0.000000,0.967414,3.075294,false,false
2026-04-17T14:33:04.257100,0.000000,0.000000,-0.000298,90.017,E,0,0.000000,0,0.000000,0.450125,1.100000,0.522814,0.153229,9.059659,3.658340,-0.252895,0.155306,-0.430417,0.522814,0.070860,0.139277,0.023213,0.157982,0.156267,-15.481001,-35.381001,-20.359001,NaN,-0.410544,true,Self-supervised model,0.129215,0.000000,0.000000,0.000000,0.000000,0.000000,0.860966,3.309336,false,false
2026-04-17T14:33:04.265101,0.000000,0.000000,0.001132,89.935,E,0,0.000000,0,0.000000,0.461935,1.100000,0.523937,0.186748,9.117120,3.629610,-0.204229,0.202403,-0.437988,0.523937,0.067195,0.158214,0.032987,0.175029,0.171892,-15.481001,-35.381001,-20.359001,NaN,-0.408677,true,Self-supervised model,0.126111,0.000000,0.000000,0.000000,0.000000,0.000000,0.881662,2.993435,false,false
2026-04-17T14:33:04.272891,0.000000,0.000000,0.002607,89.851,E,0,0.000000,0,0.000000,0.465339,1.100000,0.483209,0.179565,9.174581,3.682282,-0.196922,0.249518,-0.363942,0.483209,0.061697,0.160658,0.040317,0.176757,0.172097,-15.481001,-35.381001,-20.359001,NaN,-0.407018,true,Self-supervised model,0.117972,0.000000,0.000000,0.000000,0.000000,0.000000,0.963017,2.733756,false,false
2026-04-17T14:33:04.281546,0.000000,0.000000,0.004080,89.766,E,0,0.000000,0,0.000000,0.471287,1.100000,0.502513,0.138864,9.265560,3.718195,-0.223350,0.330018,-0.306141,0.502513,0.059254,0.152105,0.042150,0.168593,0.163239,-15.481001,-35.381001,-20.359001,NaN,-0.405557,true,Self-supervised model,0.120706,0.000000,0.000000,0.000000,0.000000,0.000000,0.937860,2.980623,false,false
2026-04-17T14:33:04.289694,0.000000,0.000000,0.005552,89.682,E,0,0.000000,0,0.000000,0.477823,1.100000,0.512140,0.136469,9.320627,3.725378,-0.212115,0.374775,-0.277197,0.512140,0.054367,0.137445,0.042150,0.153699,0.147807,-15.481001,-35.381001,-20.359001,NaN,-0.404090,true,Self-supervised model,0.122523,0.000000,0.000000,0.000000,0.000000,0.000000,0.932994,3.332093,false,false
2026-04-17T14:33:04.297303,0.000000,0.000000,0.007014,89.598,E,0,0.000000,0,0.000000,0.491502,1.100000,0.563313,0.102951,9.397242,3.720589,-0.232890,0.441544,-0.261003,0.563313,0.055589,0.131947,0.042761,0.149427,0.143179,-15.481001,-35.381001,-20.359001,NaN,-0.402664,true,Self-supervised model,0.130907,0.000000,0.000000,0.000000,0.000000,0.000000,0.872520,3.769808,false,false
2026-04-17T14:33:04.304764,0.000000,0.000000,0.008456,89.516,E,0,0.000000,0,0.000000,0.502981,1.100000,0.563246,0.079009,9.409213,3.715801,-0.244344,0.444102,-0.245591,0.563246,0.055589,0.135001,0.041539,0.151792,0.145998,-15.481001,-35.381001,-20.359001,NaN,-0.401307,true,Self-supervised model,0.129032,0.000000,0.000000,0.000000,0.000000,0.000000,0.893004,3.710633,false,false
2026-04-17T14:33:04.313635,0.000000,0.000000,0.009878,89.434,E,0,0.000000,0,0.000000,0.508831,1.100000,0.539543,0.059855,9.411607,3.751714,-0.251326,0.437698,-0.190687,0.539543,0.058643,0.141110,0.039706,0.157885,0.152810,-15.481001,-35.381001,-20.359001,NaN,-0.399963,true,Self-supervised model,0.123852,0.000000,0.000000,0.000000,0.000000,0.000000,0.943077,3.417321,false,false
2026-04-17T14:33:04.321602,0.000000,0.000000,0.011272,89.354,E,0,0.000000,0,0.000000,0.507687,1.100000,0.501683,0.016759,9.370906,3.780444,-0.282406,0.388785,-0.144147,0.501683,0.065363,0.146608,0.045815,0.166928,0.160518,-15.246000,-36.893002,-21.410002,NaN,-0.398682,true,Self-supervised model,0.118854,0.000000,0.000000,0.000000,0.000000,0.000000,1.011968,3.005379,false,false
2026-04-17T14:33:04.330968,0.000000,0.000000,0.012635,89.276,E,0,0.000000,0,0.000000,0.508994,1.100000,0.515856,-0.023942,9.390059,3.813963,-0.311655,0.400228,-0.093791,0.515856,0.076358,0.154549,0.059865,0.182482,0.172383,-15.246000,-36.893002,-21.410002,NaN,-0.397440,true,Self-supervised model,0.119496,0.000000,0.000000,0.000000,0.000000,0.000000,0.986698,2.826884,false,false
2026-04-17T14:33:04.336944,0.000000,0.000000,0.013942,89.201,E,0,0.000000,0,0.000000,0.510185,1.100000,0.516436,-0.016759,9.414001,3.809175,-0.293724,0.416740,-0.082219,0.516436,0.084910,0.158214,0.065973,0.191295,0.179559,-15.246000,-36.893002,-21.410002,NaN,-0.396361,true,Self-supervised model,0.118417,0.000000,0.000000,0.000000,0.000000,0.000000,0.987895,2.699678,false,false
2026-04-17T14:33:04.344748,0.000000,0.000000,0.015160,89.131,E,0,0.000000,0,0.000000,0.516447,1.100000,0.549326,-0.023942,9.466674,3.818752,-0.291236,0.462291,-0.056816,0.549326,0.095906,0.161268,0.080023,0.203983,0.187631,-15.246000,-36.893002,-21.410002,NaN,-0.395497,true,Self-supervised model,0.121924,0.000000,0.000000,0.000000,0.000000,0.000000,0.940147,2.692996,false,false
2026-04-17T14:33:04.354337,0.000000,0.000000,0.016248,89.069,E,0,0.000000,0,0.000000,0.532177,1.100000,0.614758,-0.040701,9.548077,3.849876,-0.299234,0.536914,-0.010499,0.614758,0.103236,0.171653,0.092241,0.220524,0.200306,-15.246000,-36.893002,-21.410002,NaN,-0.394926,true,Self-supervised model,0.131150,0.000000,0.000000,0.000000,0.000000,0.000000,0.865669,2.787715,false,false
2026-04-17T14:33:04.361106,0.000000,0.000000,0.017179,89.016,E,0,0.000000,0,0.000000,0.550270,1.100000,0.645259,-0.040701,9.593566,3.840300,-0.291166,0.575809,-0.005182,0.645259,0.109345,0.188757,0.103236,0.241337,0.218141,-15.246000,-36.893002,-21.410002,NaN,-0.394625,true,Self-supervised model,0.133238,0.000000,0.000000,0.000000,0.000000,0.000000,0.852789,2.673690,false,false
2026-04-17T14:33:04.369262,0.000000,0.000000,0.017927,88.973,E,0,0.000000,0,0.000000,0.574336,1.100000,0.700681,-0.074220,9.648633,3.804387,-0.316679,0.624471,-0.026556,0.700681,0.106291,0.200364,0.107512,0.251002,0.226811,-15.246000,-36.893002,-21.410002,NaN,-0.394612,true,Self-supervised model,0.140866,0.000000,0.000000,0.000000,0.000000,0.000000,0.819682,2.791532,false,false
2026-04-17T14:33:04.376464,0.000000,0.000000,0.018504,88.940,E,0,0.000000,0,0.000000,0.605307,1.100000,0.767903,-0.148441,9.689334,3.763685,-0.387527,0.660532,-0.056518,0.767903,0.100793,0.216246,0.116064,0.265316,0.238583,-15.246000,-36.893002,-21.410002,NaN,-0.394715,true,Self-supervised model,0.149458,0.000000,0.000000,0.000000,0.000000,0.000000,0.788260,2.894294,false,false
2026-04-17T14:33:04.385329,0.000000,0.000000,0.018712,88.928,E,0,0.000000,0,0.000000,0.642026,1.100000,0.834802,-0.191536,9.749189,3.763685,-0.426616,0.716052,-0.046507,0.834802,0.086743,0.236405,0.122784,0.280156,0.251817,-15.246000,-36.893002,-21.410002,NaN,-0.395985,true,Self-supervised model,0.157306,0.000000,0.000000,0.000000,0.000000,0.000000,0.769075,2.979775,false,false
2026-04-17T14:33:04.392805,0.000000,0.000000,0.018628,88.933,E,0,0.000000,0,0.000000,0.684919,1.100000,0.910109,-0.210690,9.832987,3.813963,-0.441029,0.796011,0.012599,0.910109,0.070250,0.265116,0.126449,0.302011,0.274265,-15.246000,-36.893002,-21.410002,NaN,-0.397237,true,Self-supervised model,0.165211,0.000000,0.000000,0.000000,0.000000,0.000000,0.752568,3.013498,false,false
2026-04-17T14:33:04.400784,0.000000,0.000000,0.018311,88.951,E,0,0.000000,0,0.000000,0.724405,1.100000,0.931704,-0.203507,9.861717,3.890578,-0.428804,0.821501,0.096620,0.931704,0.055589,0.286496,0.130725,0.319780,0.291839,-15.246000,-36.893002,-21.410002,NaN,-0.398484,true,Self-supervised model,0.162297,0.000000,0.000000,0.000000,0.000000,0.000000,0.777506,2.913580,false,false
2026-04-17T14:33:04.408927,0.000000,0.000000,0.017788,88.981,E,0,0.000000,0,0.000000,0.759563,1.106092,0.944146,-0.155623,9.888053,3.976769,-0.375983,0.845246,0.188698,0.944146,0.045204,0.313985,0.138666,0.346205,0.317222,-15.246000,-36.893002,-21.410002,NaN,-0.399833,true,Self-supervised model,0.158282,0.000000,0.000000,0.000000,0.000000,0.000000,0.804498,2.727126,false,false
2026-04-17T14:33:04.417269,0.000000,0.000000,0.017057,89.023,E,0,0.000000,0,0.000000,0.797726,1.115758,0.998078,-0.114922,9.931149,4.101267,-0.331074,0.886321,0.317782,0.998078,0.040928,0.325591,0.144164,0.358424,0.328153,-15.246000,-36.893002,-21.410002,NaN,-0.401396,true,Self-supervised model,0.162674,0.000000,0.000000,0.000000,0.000000,0.000000,0.799262,2.784627,false,false
2026-04-17T14:33:04.425475,0.000000,0.000000,0.016098,89.078,E,0,0.000000,0,0.000000,0.834307,1.126500,1.026357,0.002394,9.976639,4.158728,-0.211026,0.930393,0.378477,1.026357,0.025656,0.307876,0.142332,0.340153,0.308943,-15.246000,-36.893002,-21.410002,NaN,-0.403265,true,Self-supervised model,0.163664,0.000000,0.000000,0.000000,0.000000,0.000000,0.812882,3.017337,false,false
2026-04-17T14:33:04.432866,0.000000,0.000000,0.014897,89.146,E,0,0.000000,0,0.000000,0.865815,1.138072,1.031231,0.081403,9.964667,4.230555,-0.130526,0.917790,0.451731,1.031231,0.006109,0.275500,0.130725,0.305003,0.275568,-15.246000,-36.893002,-21.410002,NaN,-0.405435,true,Self-supervised model,0.161999,0.000000,0.000000,0.000000,0.000000,0.000000,0.839593,3.381054,false,false
2026-04-17T14:33:04.440766,0.000000,0.000000,0.013497,89.227,E,0,0.000000,0,0.000000,0.904266,1.150720,1.106138,0.129287,10.010158,4.316746,-0.081829,0.963864,0.536481,1.106138,-0.034208,0.233351,0.107512,0.259194,0.235845,-15.246000,-36.893002,-21.410002,NaN,-0.407632,true,Self-supervised model,0.174440,0.000000,0.000000,0.000000,0.000000,0.000000,0.817498,4.267606,false,false
2026-04-17T14:33:04.448855,0.000000,0.000000,0.011986,89.313,E,0,0.000000,0,0.000000,0.959857,1.165085,1.251708,0.050278,10.101137,4.436456,-0.160059,1.056885,0.651267,1.251708,-0.084910,0.219301,0.089797,0.251726,0.235165,-15.246000,-36.893002,-21.410002,NaN,-0.409587,true,Self-supervised model,0.197569,0.000000,0.000000,0.000000,0.000000,0.000000,0.766838,4.972500,false,false
2026-04-17T14:33:04.457113,0.000000,0.000000,0.010445,89.402,E,0,0.000000,0,0.000000,1.040695,1.182110,1.465095,-0.033519,10.184934,4.675876,-0.242375,1.144058,0.882546,1.465095,-0.119730,0.234572,0.080634,0.275429,0.263362,-15.246000,-36.893002,-21.410002,NaN,-0.411248,true,Self-supervised model,0.227739,0.000000,0.000000,0.000000,0.000000,0.000000,0.710326,5.319318,false,false
2026-04-17T14:33:04.464930,0.000000,0.000000,0.008923,89.489,E,0,0.000000,0,0.000000,1.146948,1.202703,1.704774,-0.033519,10.230424,4.996699,-0.239387,1.193702,1.193325,1.704774,-0.135612,0.279776,0.067195,0.318089,0.310911,-15.246000,-36.893002,-21.410002,NaN,-0.412695,true,Self-supervised model,0.256940,0.000000,0.000000,0.000000,0.000000,0.000000,0.672786,5.359426,false,false
2026-04-17T14:33:04.472627,0.000000,0.000000,0.007447,89.573,E,0,0.000000,0,0.000000,1.263298,1.227127,1.874135,-0.038307,10.237606,5.228937,-0.238595,1.205049,1.415384,1.874135,-0.127060,0.332922,0.050091,0.359847,0.356344,-15.246000,-36.893002,-21.410002,NaN,-0.413985,true,Self-supervised model,0.275460,0.000000,0.000000,0.000000,0.000000,0.000000,0.674070,5.208139,false,false
2026-04-17T14:33:04.482411,0.000000,0.000000,0.006068,89.652,E,0,0.000000,0,0.000000,1.369244,1.254812,1.925460,-0.057461,10.240001,5.298368,-0.249062,1.210914,1.476161,1.925460,-0.100793,0.385456,0.021991,0.399023,0.398416,-14.225000,-37.666000,-21.020000,NaN,-0.414978,true,Self-supervised model,0.279450,0.000000,0.000000,0.000000,0.000000,0.000000,0.711126,4.825439,false,false
2026-04-17T14:33:04.489590,0.000000,0.000000,0.004848,89.722,E,0,0.000000,0,0.000000,1.443890,1.284375,1.835782,-0.136469,10.196905,5.207389,-0.316350,1.170432,1.378444,1.835782,-0.074526,0.425773,0.004887,0.432274,0.432246,-14.225000,-37.666000,-21.020000,NaN,-0.415557,true,Self-supervised model,0.262300,0.000000,0.000000,0.000000,0.000000,0.000000,0.786526,4.246804,false,false
2026-04-17T14:33:04.497595,0.000000,0.000000,0.003843,89.780,E,0,0.000000,0,0.000000,1.472426,1.313897,1.622240,-0.253785,10.101137,4.972757,-0.419418,1.076521,1.138795,1.622240,-0.054367,0.460592,-0.007330,0.463848,0.463790,-14.225000,-37.666000,-21.020000,NaN,-0.415707,true,Self-supervised model,0.227198,0.000000,0.000000,0.000000,0.000000,0.000000,0.907650,3.497353,false,false
2026-04-17T14:33:04.504855,0.000000,0.000000,0.003078,89.824,E,0,0.000000,0,0.000000,1.476589,1.342405,1.498448,-0.390255,10.062830,4.771644,-0.541341,1.039813,0.933320,1.498448,-0.053756,0.468534,0.004887,0.471633,0.471607,-14.225000,-37.666000,-21.020000,NaN,-0.415513,true,Self-supervised model,0.210297,0.000000,0.000000,0.000000,0.000000,0.000000,0.985412,3.177151,false,false
2026-04-17T14:33:04.515484,0.000000,0.000000,0.002481,89.858,E,0,0.000000,0,0.000000,1.462733,1.369218,1.389988,-0.440533,9.983821,4.661511,-0.579391,0.962694,0.818286,1.389988,-0.067195,0.439212,0.037263,0.445882,0.444322,-14.225000,-37.666000,-21.020000,NaN,-0.415432,true,Self-supervised model,0.200559,0.000000,0.000000,0.000000,0.000000,0.000000,1.052335,3.117387,false,false
2026-04-17T14:33:04.521577,0.000000,0.000000,0.001916,89.890,E,0,0.000000,0,0.000000,1.431327,1.393702,1.266443,-0.471658,9.840169,4.601655,-0.602584,0.821594,0.752166,1.266443,-0.091019,0.369573,0.072082,0.387382,0.380617,-14.225000,-37.666000,-21.020000,NaN,-0.415874,true,Self-supervised model,0.193896,0.000000,0.000000,0.000000,0.000000,0.000000,1.130194,3.269236,false,false
2026-04-17T14:33:04.530674,0.000000,0.000000,0.001232,89.929,E,0,0.000000,0,0.000000,1.389460,1.415532,1.169659,-0.428562,9.665392,4.654328,-0.557755,0.650506,0.796149,1.169659,-0.133169,0.235183,0.113010,0.292944,0.270268,-14.225000,-37.666000,-21.020000,NaN,-0.417031,true,Self-supervised model,0.193073,0.000000,0.000000,0.000000,0.000000,0.000000,1.187919,3.992771,false,false
2026-04-17T14:33:04.536909,0.000000,0.000000,0.000297,89.983,E,0,0.000000,0,0.000000,1.327476,1.434010,1.002061,-0.306458,9.363723,4.697424,-0.441538,0.354238,0.826853,1.002061,-0.191812,0.076969,0.152105,0.256616,0.206678,-14.225000,-37.666000,-21.020000,NaN,-0.418971,true,Self-supervised model,0.193267,0.000000,0.000000,0.000000,0.000000,0.000000,1.324746,3.904898,false,false
2026-04-17T14:33:04.545386,0.000000,0.000000,-0.000987,90.057,E,0,0.000000,0,0.000000,1.262316,1.449142,0.920224,-0.105345,9.030929,4.771644,-0.253249,0.028905,0.884218,0.920224,-0.263283,-0.073304,0.182649,0.328712,0.273297,-14.225000,-37.666000,-21.020000,NaN,-0.421655,true,Self-supervised model,0.184634,0.000000,0.000000,0.000000,0.000000,0.000000,1.371749,2.799479,false,false
2026-04-17T14:33:04.553381,0.000000,0.000000,-0.002670,90.153,E,0,0.000000,0,0.000000,1.232280,1.462468,1.074590,0.153229,8.633492,4.922479,-0.012635,-0.358623,1.012904,1.074590,-0.335365,-0.176540,0.197920,0.427561,0.378994,-14.225000,-37.666000,-21.020000,NaN,-0.424930,true,Self-supervised model,0.160449,0.000000,0.000000,0.000000,0.000000,0.000000,1.146744,2.513302,false,false
2026-04-17T14:33:04.561665,0.000000,0.000000,-0.004727,90.271,E,0,0.000000,0,0.000000,1.267476,1.476668,1.452254,0.241814,8.303091,5.221754,0.054384,-0.676302,1.284017,1.452254,-0.411723,-0.243124,0.215025,0.524272,0.478148,-14.225000,-37.666000,-21.020000,NaN,-0.428484,true,Self-supervised model,0.182270,0.000000,0.000000,0.000000,0.000000,0.000000,0.872764,2.770040,false,false
2026-04-17T14:33:04.568911,0.000000,0.000000,-0.007111,90.407,E,0,0.000000,0,0.000000,1.363494,1.494141,1.867590,0.270545,7.991845,5.564125,0.059661,-0.972453,1.593319,1.867590,-0.458149,-0.230907,0.239459,0.566179,0.513048,-14.225000,-37.666000,-21.020000,NaN,-0.432176,true,Self-supervised model,0.239069,0.000000,0.000000,0.000000,0.000000,0.000000,0.730082,3.298582,false,false
2026-04-17T14:33:04.577236,0.000000,0.000000,-0.009803,90.562,E,0,0.000000,0,0.000000,1.505607,1.516600,2.251704,0.270545,7.718906,5.906496,0.039753,-1.224248,1.889393,2.251704,-0.452651,-0.139888,0.273057,0.546829,0.473774,-14.225000,-37.666000,-21.020000,NaN,-0.436097,true,Self-supervised model,0.290828,0.000000,0.000000,0.000000,0.000000,0.000000,0.668652,4.117749,false,false
2026-04-17T14:33:04.584817,0.000000,0.000000,-0.012634,90.724,E,0,0.000000,0,0.000000,1.683007,1.545256,2.614352,0.143652,7.515399,6.270414,-0.104232,-1.404372,2.202660,2.614352,-0.406225,-0.003665,0.300546,0.505332,0.406242,-14.225000,-37.666000,-21.020000,NaN,-0.439489,true,Self-supervised model,0.340899,0.000000,0.000000,0.000000,0.000000,0.000000,0.643757,5.173536,false,false
2026-04-17T14:33:04.593272,0.000000,0.000000,-0.015625,90.895,E,0,0.000000,0,0.000000,1.866004,1.580086,2.826742,-0.064643,7.481880,6.517017,-0.330338,-1.423769,2.419552,2.826742,-0.296270,0.189979,0.336587,0.486989,0.351949,-14.225000,-37.666000,-21.020000,NaN,-0.443116,true,Self-supervised model,0.378875,0.000000,0.000000,0.000000,0.000000,0.000000,0.660125,5.804529,false,false
2026-04-17T14:33:04.600794,0.000000,0.000000,-0.019098,91.094,E,0,0.000000,0,0.000000,2.033839,1.620236,2.914974,-0.292093,7.572860,6.653487,-0.572010,-1.322227,2.534086,2.914974,-0.145386,0.389121,0.389121,0.569182,0.415394,-14.225000,-37.666000,-21.020000,NaN,-0.448520,true,Self-supervised model,0.395866,0.000000,0.000000,0.000000,0.000000,0.000000,0.697721,5.121343,false,false
2026-04-17T14:33:04.608742,0.000000,0.000000,-0.023126,91.325,E,0,0.000000,0,0.000000,2.170656,1.664253,2.888940,-0.581791,7.673417,6.600814,-0.874017,-1.216177,2.470422,2.888940,0.039706,0.555887,0.459982,0.722614,0.557304,-14.225000,-37.666000,-21.020000,NaN,-0.454766,true,Self-supervised model,0.398136,0.000000,0.000000,0.000000,0.000000,0.000000,0.751367,3.997905,false,false
2026-04-17T14:33:04.617548,0.000000,0.000000,-0.027858,91.596,E,0,0.000000,0,0.000000,2.254938,1.709880,2.697419,-0.744597,7.766790,6.347029,-1.049727,-1.122450,2.216810,2.697419,0.199142,0.642019,0.530231,0.856149,0.672195,-14.225000,-37.666000,-21.020000,NaN,-0.462315,true,Self-supervised model,0.381670,0.000000,0.000000,0.000000,0.000000,0.000000,0.835961,3.150641,false,false
2026-04-17T14:33:04.625123,0.000000,0.000000,-0.033442,91.916,E,0,0.000000,0,0.000000,2.256780,1.753756,2.266452,-0.720655,7.814674,5.817910,-1.041740,-1.079271,1.699046,2.266452,0.370184,0.668897,0.607200,0.976295,0.764500,-14.225000,-37.666000,-21.020000,NaN,-0.471307,true,Self-supervised model,0.320807,0.000000,0.000000,0.000000,0.000000,0.000000,0.995732,2.321483,false,false
2026-04-17T14:33:04.633371,0.000000,0.000000,-0.040017,92.293,E,0,0.000000,0,0.000000,2.196380,1.793461,1.879281,-0.660800,7.860164,5.298368,-1.002409,-1.042495,1.200031,1.879281,0.503964,0.618196,0.667676,1.040162,0.797587,-14.225000,-37.666000,-21.020000,NaN,-0.481847,true,Self-supervised model,0.272109,0.000000,0.000000,0.000000,0.000000,0.000000,1.168735,1.806720,false,false
2026-04-17T14:33:04.642212,0.000000,0.000000,-0.047642,92.730,E,0,0.000000,0,0.000000,2.072034,1.826604,1.419215,-0.469264,7.967903,4.718972,-0.836805,-0.945974,0.647349,1.419215,0.580322,0.500910,0.702495,1.039800,0.766605,-12.483001,-38.162003,-19.505001,NaN,-0.493671,true,Self-supervised model,0.233864,0.000000,0.000000,0.000000,0.000000,0.000000,1.459986,1.364893,false,false
2026-04-17T14:33:04.649872,0.000000,0.000000,-0.056291,93.225,E,0,0.000000,0,0.000000,1.925302,1.852552,1.154962,-0.213084,7.963115,4.218584,-0.612215,-0.963179,0.177248,1.154962,0.610865,0.304211,0.706771,0.982459,0.682423,-12.483001,-38.162003,-19.505001,NaN,-0.506414,true,Self-supervised model,0.214808,0.000000,0.000000,0.000000,0.000000,0.000000,1.666983,1.175583,false,false
2026-04-17T14:33:04.661234,0.000000,0.000000,-0.065849,93.773,E,0,0.000000,0,0.000000,1.783824,1.871803,1.041064,0.105345,7.979874,3.778050,-0.331282,-0.959904,-0.229456,1.041064,0.604146,0.171653,0.686002,0.930083,0.628058,-12.483001,-38.162003,-19.505001,NaN,-0.519607,true,Self-supervised model,0.212613,0.000000,0.000000,0.000000,0.000000,0.000000,1.713463,1.119323,false,false
2026-04-17T14:33:04.665780,0.000000,0.000000,-0.076178,94.365,E,0,0.000000,0,0.000000,1.660196,1.885339,1.011150,0.363919,8.054094,3.524265,-0.113609,-0.899068,-0.448548,1.011150,0.562607,-0.015272,0.622472,0.839185,0.562814,-12.483001,-38.162003,-19.505001,NaN,-0.533026,true,Self-supervised model,0.177497,0.000000,0.000000,0.000000,0.000000,0.000000,1.641888,1.204920,false,false
2026-04-17T14:33:04.672574,0.000000,0.000000,-0.087018,94.986,E,0,0.000000,0,0.000000,1.559621,1.894310,1.031598,0.486023,8.135497,3.327940,-0.033590,-0.829941,-0.611772,1.031598,0.498466,-0.180816,0.546724,0.761624,0.530248,-12.483001,-38.162003,-19.505001,NaN,-0.545905,true,Self-supervised model,0.180781,0.000000,0.000000,0.000000,0.000000,0.000000,1.511849,1.354473,false,false
2026-04-17T14:33:04.680861,0.000000,0.000000,-0.098034,95.617,E,0,0.000000,0,0.000000,1.474631,1.899523,1.028438,0.502782,8.243237,3.191471,-0.058777,-0.732053,-0.719951,1.028438,0.387899,-0.368963,0.452040,0.700671,0.535350,-12.483001,-38.162003,-19.505001,NaN,-0.557626,true,Self-supervised model,0.177420,0.000000,0.000000,0.000000,0.000000,0.000000,1.433855,1.467791,false,false
2026-04-17T14:33:04.689120,0.000000,0.000000,-0.108837,96.236,E,0,0.000000,0,0.000000,1.406368,1.901797,1.047987,0.526724,8.233660,3.160346,-0.075677,-0.748174,-0.729922,1.047987,0.248622,-0.510683,0.358578,0.671706,0.567988,-12.483001,-38.162003,-19.505001,NaN,-0.567580,true,Self-supervised model,0.167312,0.000000,0.000000,0.000000,0.000000,0.000000,1.341971,1.560188,false,false
2026-04-17T14:33:04.697435,0.000000,0.000000,-0.119097,96.824,E,0,0.000000,0,0.000000,1.343857,1.901479,1.015674,0.581791,8.169016,3.275268,-0.058476,-0.815637,-0.602422,1.015674,0.105680,-0.573602,0.272446,0.643751,0.583256,-12.483001,-38.162003,-19.505001,NaN,-0.575665,true,Self-supervised model,0.161353,0.000000,0.000000,0.000000,0.000000,0.000000,1.323118,1.577745,false,false
2026-04-17T14:33:04.704564,0.000000,0.000000,-0.128531,97.364,E,0,0.000000,0,0.000000,1.289514,1.899001,1.004208,0.598550,8.073248,3.457227,-0.074364,-0.910662,-0.416653,1.004208,-0.012217,-0.551000,0.199753,0.586218,0.551136,-12.483001,-38.162003,-19.505001,NaN,-0.581795,true,Self-supervised model,0.154717,0.000000,0.000000,0.000000,0.000000,0.000000,1.284109,1.713028,false,false
2026-04-17T14:33:04.714047,0.000000,0.000000,-0.136928,97.845,E,0,0.000000,0,0.000000,1.251787,1.895112,1.053725,0.596156,7.948750,3.687071,-0.101443,-1.031160,-0.191715,1.053725,-0.127060,-0.423330,0.124617,0.459218,0.441987,-12.483001,-38.162003,-19.505001,NaN,-0.586047,true,Self-supervised model,0.149972,0.000000,0.000000,0.000000,0.000000,0.000000,1.187964,2.294606,false,false
2026-04-17T14:33:04.722446,0.000000,0.000000,-0.144126,98.258,E,0,0.000000,0,0.000000,1.237177,1.890795,1.160475,0.533907,7.826645,3.876213,-0.178362,-1.146583,-0.015347,1.160475,-0.219301,-0.224188,0.061087,0.319506,0.313613,-12.483001,-38.162003,-19.505001,NaN,-0.588448,true,Self-supervised model,0.149523,0.000000,0.000000,0.000000,0.000000,0.000000,1.066096,3.632085,false,false
2026-04-17T14:33:04.732008,0.000000,0.000000,-0.150039,98.597,E,0,0.000000,0,0.000000,1.240949,1.886801,1.260748,0.459687,7.733272,3.998317,-0.256533,-1.231268,0.087504,1.260748,-0.288939,0.024435,0.011606,0.290203,0.289971,-12.483001,-38.162003,-19.505001,NaN,-0.589218,true,Self-supervised model,0.155721,0.000000,0.000000,0.000000,0.000000,0.000000,0.984295,4.344371,false,false
2026-04-17T14:33:04.737377,0.000000,0.000000,-0.154665,98.862,E,0,0.000000,0,0.000000,1.256488,1.883588,1.338067,0.294487,7.694964,4.113238,-0.415469,-1.259406,0.178061,1.338067,-0.335365,0.242514,-0.022602,0.414480,0.413863,-12.483001,-38.162003,-19.505001,NaN,-0.588699,true,Self-supervised model,0.155918,0.000000,0.000000,0.000000,0.000000,0.000000,0.939032,3.228307,false,false
2026-04-17T14:33:04.744609,0.000000,0.000000,-0.158076,99.057,E,0,0.000000,0,0.000000,1.270528,1.881066,1.344240,0.076614,7.764396,4.153940,-0.618147,-1.178466,0.189986,1.344240,-0.381791,0.460592,-0.043982,0.599870,0.598255,-12.483001,-38.162003,-19.505001,NaN,-0.587246,true,Self-supervised model,0.153925,0.000000,0.000000,0.000000,0.000000,0.000000,0.945164,2.240886,false,false
2026-04-17T14:33:04.753405,0.000000,0.000000,-0.160392,99.190,E,0,0.000000,0,0.000000,1.281296,1.879075,1.337825,-0.102951,7.852982,4.163517,-0.775859,-1.077013,0.166921,1.337825,-0.422719,0.607811,-0.049480,0.742006,0.740355,-12.483001,-38.162003,-19.505001,NaN,-0.585184,true,Self-supervised model,0.153843,0.000000,0.000000,0.000000,0.000000,0.000000,0.957745,1.802983,false,false
2026-04-17T14:33:04.761026,0.000000,0.000000,-0.161769,99.269,E,0,0.000000,0,0.000000,1.280969,1.877151,1.279256,-0.203507,7.965509,4.127604,-0.851432,-0.950038,0.094791,1.279256,-0.475253,0.673784,-0.048258,0.825942,0.824531,-12.483001,-38.162003,-19.505001,NaN,-0.582808,true,Self-supervised model,0.150466,0.000000,0.000000,0.000000,0.000000,0.000000,1.001339,1.548845,false,false
2026-04-17T14:33:04.769118,0.000000,0.000000,-0.162379,99.304,E,0,0.000000,0,0.000000,1.274378,1.875040,1.239772,-0.330400,8.109161,4.144363,-0.952739,-0.790057,0.071650,1.239772,-0.524733,0.675006,-0.040928,0.855952,0.854973,-12.483001,-38.162003,-19.505001,NaN,-0.580347,true,Self-supervised model,0.149714,0.000000,0.000000,0.000000,0.000000,0.000000,1.027913,1.448414,false,false
2026-04-17T14:33:04.776890,0.000000,0.000000,-0.162374,99.303,E,0,0.000000,0,0.000000,1.255785,1.872270,1.158171,-0.373495,8.274361,4.288015,-0.971617,-0.606475,0.171778,1.158171,-0.577879,0.632246,-0.026878,0.856972,0.856550,-12.483001,-38.162003,-19.505001,NaN,-0.577883,true,Self-supervised model,0.148203,0.000000,0.000000,0.000000,0.000000,0.000000,1.084283,1.351469,false,false
2026-04-17T14:33:04.785175,0.000000,0.000000,-0.161901,99.276,E,0,0.000000,0,0.000000,1.233634,1.868724,1.117341,-0.339977,8.370130,4.587290,-0.911262,-0.489678,0.422218,1.117341,-0.607811,0.572381,-0.012828,0.834996,0.834897,-12.483001,-38.162003,-19.505001,NaN,-0.575536,true,Self-supervised model,0.146304,0.000000,0.000000,0.000000,0.000000,0.000000,1.104080,1.338139,false,false
2026-04-17T14:33:04.793287,0.000000,0.000000,-0.160873,99.217,E,0,0.000000,0,0.000000,1.216139,1.864621,1.124290,-0.246603,8.401254,4.884171,-0.791625,-0.436291,0.668587,1.124290,-0.606589,0.498466,-0.008552,0.785170,0.785123,-12.483001,-38.162003,-19.505001,NaN,-0.572288,true,Self-supervised model,0.144792,0.000000,0.000000,0.000000,0.000000,0.000000,1.081695,1.431907,false,false
2026-04-17T14:33:04.801760,0.000000,0.000000,-0.159354,99.130,E,0,0.000000,0,0.000000,1.231911,1.861312,1.314715,-0.253785,8.465898,5.272032,-0.771907,-0.348777,1.005479,1.314715,-0.578489,0.431882,-0.015882,0.722097,0.721922,-14.091001,-37.562000,-20.234001,NaN,-0.568810,true,Self-supervised model,0.156176,0.000000,0.000000,0.000000,0.000000,0.000000,0.937018,1.820690,false,false
2026-04-17T14:33:04.808813,0.000000,0.000000,-0.157344,99.015,E,0,0.000000,0,0.000000,1.281727,1.860129,1.543259,-0.342371,8.530540,5.590461,-0.831585,-0.261226,1.273529,1.543259,-0.513738,0.367741,-0.030543,0.632529,0.631791,-14.091001,-37.562000,-20.234001,NaN,-0.564832,true,Self-supervised model,0.184269,0.000000,0.000000,0.000000,0.000000,0.000000,0.830532,2.439824,false,false
2026-04-17T14:33:04.817394,0.000000,0.000000,-0.154797,98.869,E,0,0.000000,0,0.000000,1.350090,1.861727,1.708998,-0.450110,8.566454,5.798757,-0.907979,-0.203123,1.433524,1.708998,-0.422719,0.318872,-0.036041,0.530725,0.529500,-14.091001,-37.562000,-20.234001,NaN,-0.560139,true,Self-supervised model,0.206603,0.000000,0.000000,0.000000,0.000000,0.000000,0.789989,3.220118,false,false
2026-04-17T14:33:04.826498,0.000000,0.000000,-0.151688,98.691,E,0,0.000000,0,0.000000,1.434637,1.866644,1.878506,-0.541090,8.542512,6.009446,-0.965343,-0.205755,1.598300,1.878506,-0.308487,0.280387,-0.029322,0.417901,0.416871,-14.091001,-37.562000,-20.234001,NaN,-0.554777,true,Self-supervised model,0.232473,0.000000,0.000000,0.000000,0.000000,0.000000,0.763711,4.495104,false,false
2026-04-17T14:33:04.832990,0.000000,0.000000,-0.148032,98.482,E,0,0.000000,0,0.000000,1.518693,1.874726,1.959989,-0.591368,8.482656,6.100426,-1.000126,-0.254706,1.666262,1.959989,-0.206472,0.246179,-0.013439,0.321583,0.321302,-14.091001,-37.562000,-20.234001,NaN,-0.548939,true,Self-supervised model,0.248698,0.000000,0.000000,0.000000,0.000000,0.000000,0.774848,6.094820,false,false
2026-04-17T14:33:04.841095,0.000000,0.000000,-0.144741,98.293,E,0,0.000000,0,0.000000,1.590504,1.885357,1.967510,-0.591368,8.410830,6.121974,-0.986931,-0.319050,1.671906,1.967510,-0.086132,0.211359,0.017104,0.228876,0.228236,-14.091001,-37.562000,-20.234001,NaN,-0.547106,true,Self-supervised model,0.269237,0.000000,0.000000,0.000000,0.000000,0.000000,0.808384,8.596415,false,false
2026-04-17T14:33:04.849585,0.000000,0.000000,-0.141839,98.127,E,0,0.000000,0,0.000000,1.634439,1.897320,1.865097,-0.605733,8.394072,6.002264,-0.991708,-0.332191,1.544263,1.865097,0.029932,0.191201,0.058643,0.202219,0.193530,-14.091001,-37.562000,-20.234001,NaN,-0.545759,true,Self-supervised model,0.260813,0.000000,0.000000,0.000000,0.000000,0.000000,0.876329,9.223131,false,false
2026-04-17T14:33:04.857265,0.000000,0.000000,-0.139420,97.988,E,0,0.000000,0,0.000000,1.645389,1.909243,1.702881,-0.591368,8.358158,5.808333,-0.971259,-0.367933,1.349476,1.702881,0.118508,0.190590,0.103847,0.247291,0.224430,-14.091001,-37.562000,-20.234001,NaN,-0.545274,true,Self-supervised model,0.223672,0.000000,0.000000,0.000000,0.000000,0.000000,0.966239,6.886142,false,false
2026-04-17T14:33:04.865507,0.000000,0.000000,-0.137581,97.883,E,0,0.000000,0,0.000000,1.628863,1.920028,1.542100,-0.512359,8.384495,5.664681,-0.890027,-0.344490,1.211302,1.542100,0.203418,0.188757,0.160047,0.320349,0.277504,-14.091001,-37.562000,-20.234001,NaN,-0.545752,true,Self-supervised model,0.200268,0.000000,0.000000,0.000000,0.000000,0.000000,1.056263,4.813819,false,false
2026-04-17T14:33:04.872599,0.000000,0.000000,-0.136426,97.817,E,0,0.000000,0,0.000000,1.592937,1.928944,1.404324,-0.404620,8.508993,5.585672,-0.784436,-0.225263,1.142823,1.404324,0.269392,0.162490,0.210749,0.378668,0.314603,-14.091001,-37.562000,-20.234001,NaN,-0.547333,true,Self-supervised model,0.190391,0.000000,0.000000,0.000000,0.000000,0.000000,1.134308,3.708585,false,false
2026-04-17T14:33:04.881963,0.000000,0.000000,-0.136026,97.794,E,0,0.000000,0,0.000000,1.545497,1.935606,1.296435,-0.296881,8.690952,5.528212,-0.683428,-0.050693,1.100500,1.296435,0.331089,0.133169,0.252898,0.437391,0.356867,-14.091001,-37.562000,-20.234001,NaN,-0.549956,true,Self-supervised model,0.185335,0.000000,0.000000,0.000000,0.000000,0.000000,1.192113,2.964016,false,false
2026-04-17T14:33:04.890325,0.000000,0.000000,-0.136422,97.816,E,0,0.000000,0,0.000000,1.486238,1.939631,1.175130,-0.150835,8.913613,5.434838,-0.547711,0.162436,1.026917,1.175130,0.386678,0.119730,0.280387,0.492414,0.404790,-14.091001,-37.562000,-20.234001,NaN,-0.553536,true,Self-supervised model,0.181100,0.000000,0.000000,0.000000,0.000000,0.000000,1.264743,2.386467,false,false
2026-04-17T14:33:04.897739,0.000000,0.000000,-0.137618,97.885,E,0,0.000000,0,0.000000,1.406392,1.940302,0.987201,0.088585,9.035717,5.298368,-0.305240,0.281848,0.895520,0.987201,0.450819,0.123395,0.286496,0.548218,0.467401,-14.091001,-37.562000,-20.234001,NaN,-0.557928,true,Self-supervised model,0.182012,0.000000,0.000000,0.000000,0.000000,0.000000,1.424626,1.800744,false,false
2026-04-17T14:33:04.904879,0.000000,0.000000,-0.138875,97.957,E,0,0.000000,0,0.000000,1.309605,1.937074,0.801472,0.301669,9.157822,5.080496,-0.091162,0.397820,0.689773,0.801472,0.503353,0.138056,0.265116,0.585414,0.521942,-14.091001,-37.562000,-20.234001,NaN,-0.559434,true,Self-supervised model,0.187053,0.000000,0.000000,0.000000,0.000000,0.000000,1.634000,1.369068,false,false
2026-04-17T14:33:04.915610,0.000000,0.000000,-0.140303,98.039,E,0,0.000000,0,0.000000,1.214903,1.930187,0.717717,0.435745,9.198523,4.946421,0.043748,0.429749,0.573166,0.717717,0.537561,0.147829,0.224188,0.600904,0.557518,-14.091001,-37.562000,-20.234001,NaN,-0.561543,true,Self-supervised model,0.184333,0.000000,0.000000,0.000000,0.000000,0.000000,1.692732,1.194396,false,false
2026-04-17T14:33:04.921403,0.000000,0.000000,-0.141889,98.130,E,0,0.000000,0,0.000000,1.124833,1.919973,0.651967,0.500388,9.267955,4.769250,0.110114,0.488298,0.417733,0.651967,0.558331,0.155771,0.178984,0.606657,0.579653,-14.091001,-37.562000,-20.234001,NaN,-0.563764,true,Self-supervised model,0.178674,0.000000,0.000000,0.000000,0.000000,0.000000,1.725291,1.074688,false,false
2026-04-17T14:33:04.932737,0.000000,0.000000,-0.143563,98.226,E,0,0.000000,0,0.000000,1.050215,1.907183,0.658472,0.445322,9.385271,4.606444,0.058742,0.593171,0.279789,0.658472,0.565050,0.169821,0.131336,0.604459,0.590018,-14.091001,-37.562000,-20.234001,NaN,-0.565784,true,Self-supervised model,0.168555,0.000000,0.000000,0.000000,0.000000,0.000000,1.594929,1.089358,false,false
2026-04-17T14:33:04.937318,0.000000,0.000000,-0.145218,98.320,E,0,0.000000,0,0.000000,1.004458,1.893074,0.764231,0.313640,9.524135,4.551377,-0.066880,0.718333,0.252139,0.764231,0.563829,0.179594,0.082467,0.597459,0.591741,-14.091001,-37.562000,-20.234001,NaN,-0.567366,true,Self-supervised model,0.141422,0.000000,0.000000,0.000000,0.000000,0.000000,1.314338,1.279135,false,false
2026-04-17T14:33:04.945490,0.000000,0.000000,-0.146753,98.408,E,0,0.000000,0,0.000000,0.983460,1.878689,0.873221,0.124498,9.607931,4.553771,-0.248291,0.787714,0.283503,0.873221,0.547946,0.167377,0.046426,0.574818,0.572940,-14.091001,-37.562000,-20.234001,NaN,-0.568423,true,Self-supervised model,0.130524,0.000000,0.000000,0.000000,0.000000,0.000000,1.126244,1.519128,false,false
2026-04-17T14:33:04.954383,0.000000,0.000000,-0.148091,98.485,E,0,0.000000,0,0.000000,0.989447,1.865119,1.020877,-0.035913,9.686940,4.635174,-0.400586,0.851892,0.394971,1.020877,0.540005,0.147829,0.032376,0.560809,0.559874,-14.091001,-37.562000,-20.234001,NaN,-0.568970,true,Self-supervised model,0.134693,0.000000,0.000000,0.000000,0.000000,0.000000,0.969212,1.820365,false,false
2026-04-17T14:33:04.961807,0.000000,0.000000,-0.149211,98.549,E,0,0.000000,0,0.000000,1.003511,1.852655,1.077346,-0.102951,9.672575,4.730943,-0.460495,0.822381,0.521831,1.077346,0.538172,0.113621,0.028711,0.550784,0.550036,-15.249001,-37.712002,-21.935001,NaN,-0.569220,true,Self-supervised model,0.139993,0.000000,0.000000,0.000000,0.000000,0.000000,0.931466,1.956021,false,false
2026-04-17T14:33:04.968846,0.000000,0.000000,-0.150150,98.603,E,0,0.000000,0,0.000000,1.018283,1.841280,1.095837,-0.105345,9.619903,4.826711,-0.457770,0.754136,0.650065,1.095837,0.547946,0.080634,0.039706,0.555269,0.553847,-15.249001,-37.712002,-21.935001,NaN,-0.569435,true,Self-supervised model,0.141601,0.000000,0.000000,0.000000,0.000000,0.000000,0.929228,1.973526,false,false
2026-04-17T14:33:04.976963,0.000000,0.000000,-0.150991,98.651,E,0,0.000000,0,0.000000,1.042252,1.831319,1.168092,-0.074220,9.612720,4.948815,-0.424570,0.730930,0.806176,1.168092,0.559553,0.036652,0.058643,0.563810,0.560752,-15.249001,-37.712002,-21.935001,NaN,-0.569881,true,Self-supervised model,0.148689,0.000000,0.000000,0.000000,0.000000,0.000000,0.892269,2.071784,false,false
2026-04-17T14:33:04.985796,0.000000,0.000000,-0.151842,98.700,E,0,0.000000,0,0.000000,1.070843,1.822900,1.220941,0.011971,9.627085,5.025429,-0.339731,0.728574,0.918945,1.220941,0.577879,-0.010996,0.073915,0.582690,0.577983,-15.249001,-37.712002,-21.935001,NaN,-0.570777,true,Self-supervised model,0.153381,0.000000,0.000000,0.000000,0.000000,0.000000,0.877063,2.095352,false,false
2026-04-17T14:33:04.993258,0.000000,0.000000,-0.152804,98.755,E,0,0.000000,0,0.000000,1.089152,1.815550,1.185280,0.179565,9.605537,5.015852,-0.176822,0.689658,0.947625,1.185280,0.601091,-0.059865,0.087354,0.610349,0.604065,-15.249001,-37.712002,-21.935001,NaN,-0.572180,true,Self-supervised model,0.147726,0.000000,0.000000,0.000000,0.000000,0.000000,0.918899,1.941972,false,false
2026-04-17T14:33:05.000882,0.000000,0.000000,-0.153954,98.821,E,0,0.000000,0,0.000000,1.100052,1.808930,1.157275,0.347159,9.605537,4.970363,-0.015933,0.671742,0.942228,1.157275,0.616974,-0.094684,0.081245,0.629462,0.624197,-15.249001,-37.712002,-21.935001,NaN,-0.574084,true,Self-supervised model,0.144212,0.000000,0.000000,0.000000,0.000000,0.000000,0.950554,1.838514,false,false
2026-04-17T14:33:05.008893,0.000000,0.000000,-0.155305,98.898,E,0,0.000000,0,0.000000,1.103794,1.802725,1.123436,0.490811,9.569624,4.917690,0.120863,0.617746,0.930532,1.123436,0.617585,-0.120951,0.057421,0.631931,0.629317,-15.249001,-37.712002,-21.935001,NaN,-0.576237,true,Self-supervised model,0.141442,0.000000,0.000000,0.000000,0.000000,0.000000,0.982515,1.777782,false,false
2026-04-17T14:33:05.017241,0.000000,0.000000,-0.156782,98.983,E,0,0.000000,0,0.000000,1.105791,1.796847,1.116276,0.531513,9.569624,4.874595,0.155818,0.599839,0.928432,1.116276,0.612087,-0.127060,0.029932,0.625852,0.625136,-15.249001,-37.712002,-21.935001,NaN,-0.578215,true,Self-supervised model,0.140900,0.000000,0.000000,0.000000,0.000000,0.000000,0.990607,1.783611,false,false
2026-04-17T14:33:05.026015,0.000000,0.000000,-0.158281,99.069,E,0,0.000000,0,0.000000,1.104034,1.791135,1.094809,0.581791,9.555259,4.819528,0.202281,0.567924,0.913866,1.094809,0.602924,-0.117897,0.000000,0.614343,0.614343,-15.249001,-37.712002,-21.935001,NaN,-0.579808,true,Self-supervised model,0.139860,0.000000,0.000000,0.000000,0.000000,0.000000,1.008426,1.782081,false,false
2026-04-17T14:33:05.033458,0.000000,0.000000,-0.159699,99.150,E,0,0.000000,0,0.000000,1.103166,1.785616,1.098611,0.670376,9.545682,4.776433,0.289955,0.540929,0.911191,1.098611,0.602313,-0.081856,-0.036652,0.608954,0.607850,-15.249001,-37.712002,-21.935001,NaN,-0.580899,true,Self-supervised model,0.140135,0.000000,0.000000,0.000000,0.000000,0.000000,1.004146,1.804095,false,false
2026-04-17T14:33:05.040463,0.000000,0.000000,-0.160939,99.221,E,0,0.000000,0,0.000000,1.090975,1.779830,1.026971,0.727837,9.564836,4.623203,0.350699,0.542798,0.798154,1.026971,0.604757,-0.005498,-0.070250,0.608848,0.604782,-15.249001,-37.712002,-21.935001,NaN,-0.581429,true,Self-supervised model,0.137926,0.000000,0.000000,0.000000,0.000000,0.000000,1.062323,1.686745,false,false
2026-04-17T14:33:05.049031,0.000000,0.000000,-0.161908,99.277,E,0,0.000000,0,0.000000,1.067045,1.773319,0.941413,0.691924,9.634268,4.438850,0.323682,0.595012,0.653796,0.941413,0.604757,0.069639,-0.122173,0.620892,0.608753,-15.249001,-37.712002,-21.935001,NaN,-0.581313,true,Self-supervised model,0.138082,0.000000,0.000000,0.000000,0.000000,0.000000,1.133450,1.516228,false,false
2026-04-17T14:33:05.057561,0.000000,0.000000,-0.162477,99.309,E,0,0.000000,0,0.000000,1.033413,1.765723,0.856846,0.572214,9.686940,4.283227,0.218603,0.630982,0.536898,0.856846,0.582155,0.136223,-0.175929,0.623227,0.597880,-15.249001,-37.712002,-21.935001,NaN,-0.580282,true,Self-supervised model,0.140262,0.000000,0.000000,0.000000,0.000000,0.000000,1.206066,1.374854,false,false
2026-04-17T14:33:05.065636,0.000000,0.000000,-0.162512,99.311,E,0,0.000000,0,0.000000,0.996086,1.756937,0.800116,0.452504,9.734824,4.141969,0.117526,0.663315,0.431725,0.800116,0.536340,0.167988,-0.209527,0.599818,0.562032,-15.249001,-37.712002,-21.935001,NaN,-0.578178,true,Self-supervised model,0.141416,0.000000,0.000000,0.000000,0.000000,0.000000,1.244927,1.333931,false,false
2026-04-17T14:33:05.072908,0.000000,0.000000,-0.161931,99.278,E,0,0.000000,0,0.000000,0.954276,1.746831,0.734777,0.294487,9.756371,3.976769,-0.019770,0.671010,0.298750,0.734777,0.481362,0.172264,-0.226631,0.559237,0.511257,-15.249001,-37.712002,-21.935001,NaN,-0.575137,true,Self-supervised model,0.142523,0.000000,0.000000,0.000000,0.000000,0.000000,1.298729,1.313892,false,false
2026-04-17T14:33:05.082158,0.000000,0.000000,-0.160724,99.209,E,0,0.000000,0,0.000000,0.923957,1.735916,0.764783,0.189142,9.797073,3.940856,-0.103602,0.700080,0.289911,0.764783,0.402560,0.166155,-0.233961,0.494369,0.435502,-15.249001,-37.712002,-21.935001,NaN,-0.571425,true,Self-supervised model,0.133294,0.000000,0.000000,0.000000,0.000000,0.000000,1.208130,1.546990,false,false
2026-04-17T14:33:05.089413,0.000000,0.000000,-0.158922,99.106,E,0,0.000000,0,0.000000,0.906925,1.724756,0.817504,0.026336,9.864111,3.813963,-0.244939,0.757733,0.184818,0.817504,0.320704,0.157603,-0.233961,0.427116,0.357337,-15.249001,-37.712002,-21.935001,NaN,-0.567243,true,Self-supervised model,0.126422,0.000000,0.000000,0.000000,0.000000,0.000000,1.109383,1.914010,false,false
2026-04-17T14:33:05.097495,0.000000,0.000000,-0.156587,98.972,E,0,0.000000,0,0.000000,0.924747,1.714756,1.018312,-0.251391,9.964667,3.861847,-0.500843,0.850261,0.251341,1.018312,0.233351,0.183870,-0.224798,0.372552,0.297087,-15.249001,-37.712002,-21.935001,NaN,-0.562774,true,Self-supervised model,0.137182,0.000000,0.000000,0.000000,0.000000,0.000000,0.908117,2.733340,false,false
2026-04-17T14:33:05.104830,0.000000,0.000000,-0.153806,98.812,E,0,0.000000,0,0.000000,1.013449,1.708704,1.479133,-0.610521,10.196905,4.165911,-0.839826,1.076992,0.567993,1.479133,0.152105,0.169821,-0.189979,0.296761,0.227980,-15.249001,-37.712002,-21.935001,NaN,-0.558209,true,Self-supervised model,0.206254,0.000000,0.000000,0.000000,0.000000,0.000000,0.685164,4.984257,false,false
2026-04-17T14:33:05.114907,0.000000,0.000000,-0.150741,98.637,E,0,0.000000,0,0.000000,1.105893,1.706591,1.591229,-0.574608,10.139444,4.527435,-0.788634,1.016429,0.936450,1.591229,0.080634,0.121562,-0.134390,0.198343,0.145874,-15.249001,-37.712002,-21.935001,NaN,-0.554009,true,Self-supervised model,0.232141,0.000000,0.000000,0.000000,0.000000,0.000000,0.694993,8.022606,false,false
2026-04-17T14:33:05.122662,0.000000,0.000000,-0.147640,98.459,E,0,0.000000,0,0.000000,1.189438,1.707905,1.628046,-0.490811,10.201694,4.592079,-0.693898,1.077123,1.004413,1.628046,0.034208,0.123395,-0.084299,0.153306,0.128049,-17.883001,-40.139004,-17.687000,NaN,-0.550763,true,Self-supervised model,0.248260,0.000000,0.000000,0.000000,0.000000,0.000000,0.730592,10.619550,false,false
2026-04-17T14:33:05.132008,0.000000,0.000000,-0.144718,98.292,E,0,0.000000,0,0.000000,1.260980,1.712028,1.636578,-0.335188,10.235212,4.666299,-0.529835,1.110121,1.079488,1.636578,0.003054,0.182649,-0.031765,0.185415,0.182674,-17.883001,-40.139004,-17.687000,NaN,-0.548561,true,Self-supervised model,0.234092,0.000000,0.000000,0.000000,0.000000,0.000000,0.770498,8.826547,false,false
2026-04-17T14:33:05.136852,0.000000,0.000000,-0.142153,98.145,E,0,0.000000,0,0.000000,1.303564,1.717690,1.527128,-0.023942,10.170568,4.680665,-0.211729,1.045895,1.092427,1.527128,-0.024435,0.244346,0.004276,0.245602,0.245565,-17.883001,-40.139004,-17.687000,NaN,-0.547420,true,Self-supervised model,0.198059,0.000000,0.000000,0.000000,0.000000,0.000000,0.853605,6.217899,false,false
2026-04-17T14:33:05.144964,0.000000,0.000000,-0.140065,98.025,E,0,0.000000,0,0.000000,1.317790,1.723694,1.392476,0.215478,10.158598,4.522647,0.034785,1.035296,0.930559,1.392476,-0.059254,0.331089,0.025656,0.337327,0.336349,-17.883001,-40.139004,-17.687000,NaN,-0.547242,true,Self-supervised model,0.174218,0.000000,0.000000,0.000000,0.000000,0.000000,0.946365,4.127975,false,false
2026-04-17T14:33:05.153609,0.000000,0.000000,-0.138472,97.934,E,0,0.000000,0,0.000000,1.309993,1.729145,1.269058,0.373495,10.091560,4.390966,0.201968,0.970785,0.792018,1.269058,-0.104458,0.423940,0.029322,0.437603,0.436620,-17.883001,-40.139004,-17.687000,NaN,-0.547628,true,Self-supervised model,0.161596,0.000000,0.000000,0.000000,0.000000,0.000000,1.032256,2.900018,false,false
2026-04-17T14:33:05.161085,0.000000,0.000000,-0.137302,97.867,E,0,0.000000,0,0.000000,1.284970,1.733378,1.153603,0.464475,9.940725,4.357447,0.303990,0.823864,0.748089,1.153603,-0.156992,0.471588,0.030543,0.497971,0.497033,-17.883001,-40.139004,-17.687000,NaN,-0.548154,true,Self-supervised model,0.156646,0.000000,0.000000,0.000000,0.000000,0.000000,1.113876,2.316608,false,false
2026-04-17T14:33:05.169225,0.000000,0.000000,-0.136467,97.819,E,0,0.000000,0,0.000000,1.261737,1.736513,1.139764,0.538695,9.715671,4.508282,0.389053,0.604310,0.884596,1.139764,-0.208305,0.462425,0.041539,0.508875,0.507176,-17.883001,-40.139004,-17.687000,NaN,-0.548656,true,Self-supervised model,0.154237,0.000000,0.000000,0.000000,0.000000,0.000000,1.107016,2.239775,false,false
2026-04-17T14:33:05.177107,0.000000,0.000000,-0.135927,97.788,E,0,0.000000,0,0.000000,1.284768,1.740443,1.405676,0.617704,9.531317,4.893748,0.475949,0.427120,1.251785,1.405676,-0.260839,0.386067,0.069639,0.471099,0.465924,-17.883001,-40.139004,-17.687000,NaN,-0.549291,true,Self-supervised model,0.170428,0.000000,0.000000,0.000000,0.000000,0.000000,0.913985,2.983823,false,false
2026-04-17T14:33:05.185712,0.000000,0.000000,-0.135703,97.775,E,0,0.000000,0,0.000000,1.371380,1.747680,1.826093,0.711078,9.435549,5.363012,0.571311,0.339412,1.700887,1.826093,-0.272446,0.276111,0.124006,0.407236,0.387897,-17.883001,-40.139004,-17.687000,NaN,-0.550337,true,Self-supervised model,0.231101,0.000000,0.000000,0.000000,0.000000,0.000000,0.750991,4.484109,false,false
2026-04-17T14:33:05.193333,0.000000,0.000000,-0.135912,97.787,E,0,0.000000,0,0.000000,1.507619,1.760078,2.222874,0.933739,9.358934,5.741296,0.788509,0.270356,2.060662,2.222874,-0.230296,0.177151,0.185092,0.344497,0.290549,-17.883001,-40.139004,-17.687000,NaN,-0.552276,true,Self-supervised model,0.291168,0.000000,0.000000,0.000000,0.000000,0.000000,0.678229,6.452528,false,false
2026-04-17T14:33:05.200675,0.000000,0.000000,-0.136727,97.834,E,0,0.000000,0,0.000000,1.700161,1.779681,2.711010,1.228225,9.244013,6.179435,1.071064,0.161137,2.485243,2.711010,-0.153327,0.089186,0.227242,0.288275,0.177379,-17.883001,-40.139004,-17.687000,NaN,-0.555517,true,Self-supervised model,0.365090,0.000000,0.000000,0.000000,0.000000,0.000000,0.627132,9.404258,false,false
2026-04-17T14:33:05.208821,0.000000,0.000000,-0.138255,97.921,E,0,0.000000,0,0.000000,1.918417,1.807231,3.064262,1.558625,9.093178,6.433220,1.384076,0.012732,2.733838,3.064262,-0.020769,-0.010996,0.255953,0.257029,0.023500,-17.883001,-40.139004,-17.687000,NaN,-0.559895,true,Self-supervised model,0.427130,0.000000,0.000000,0.000000,0.000000,0.000000,0.626062,11.921846,false,false
2026-04-17T14:33:05.217054,0.000000,0.000000,-0.140520,98.051,E,0,0.000000,0,0.000000,2.126460,1.842000,3.218687,1.807622,9.009381,6.478710,1.612663,-0.072794,2.784594,3.218687,0.134390,-0.085521,0.254120,0.299919,0.159294,-17.883001,-40.139004,-17.687000,NaN,-0.565107,true,Self-supervised model,0.450525,0.000000,0.000000,0.000000,0.000000,0.000000,0.660661,10.731843,false,false
2026-04-17T14:33:05.225907,0.000000,0.000000,-0.143434,98.218,E,0,0.000000,0,0.000000,2.291142,1.881966,3.155722,2.035071,8.841787,6.244078,1.819544,-0.246638,2.566517,3.155722,0.291383,-0.120340,0.222355,0.385782,0.315255,-17.883001,-40.139004,-17.687000,NaN,-0.570620,true,Self-supervised model,0.444981,0.000000,0.000000,0.000000,0.000000,0.000000,0.726028,8.180073,false,false
2026-04-17T14:33:05.233105,0.000000,0.000000,-0.146833,98.413,E,0,0.000000,0,0.000000,2.401937,1.924765,2.983609,2.181118,8.573636,5.849035,1.947494,-0.525226,2.198484,2.983609,0.412334,-0.117286,0.184481,0.466700,0.428690,-17.883001,-40.139004,-17.687000,NaN,-0.575956,true,Self-supervised model,0.426444,0.000000,0.000000,0.000000,0.000000,0.000000,0.805044,6.392994,false,false
2026-04-17T14:33:05.240650,0.000000,0.000000,-0.150502,98.623,E,0,0.000000,0,0.000000,2.461706,1.968242,2.775494,2.248155,8.197746,5.307945,2.000261,-0.914843,1.692746,2.775494,0.521679,-0.112399,0.126449,0.548427,0.533650,-17.883001,-40.139004,-17.687000,NaN,-0.580710,true,Self-supervised model,0.399599,0.000000,0.000000,0.000000,0.000000,0.000000,0.886943,5.060830,false,false
2026-04-17T14:33:05.249579,0.000000,0.000000,-0.154222,98.836,E,0,0.000000,0,0.000000,2.475624,2.010537,2.548694,2.159570,7.927202,4.778827,1.899943,-1.200284,1.202238,2.548694,0.575435,-0.131336,0.064752,0.593774,0.590233,-17.883001,-40.139004,-17.687000,NaN,-0.584629,true,Self-supervised model,0.370126,0.000000,0.000000,0.000000,0.000000,0.000000,0.971330,4.292365,false,false
2026-04-17T14:33:05.257522,0.000000,0.000000,-0.157839,99.044,E,0,0.000000,0,0.000000,2.451191,2.050164,2.322918,2.001553,7.718906,4.151546,1.730950,-1.422884,0.612502,2.322918,0.568716,-0.173486,0.018937,0.594889,0.594588,-17.883001,-40.139004,-17.687000,NaN,-0.587836,true,Self-supervised model,0.338092,0.000000,0.000000,0.000000,0.000000,0.000000,1.055221,3.904789,false,false
2026-04-17T14:33:05.264888,0.000000,0.000000,-0.161262,99.240,E,0,0.000000,0,0.000000,2.397847,2.086071,2.117790,1.805228,7.647080,3.629610,1.497956,-1.494206,0.092257,2.117790,0.505186,-0.238237,-0.022602,0.558999,0.558542,-17.883001,-40.139004,-17.687000,NaN,-0.590481,true,Self-supervised model,0.311733,0.000000,0.000000,0.000000,0.000000,0.000000,1.132240,3.788538,false,false
2026-04-17T14:33:05.272982,0.000000,0.000000,-0.165621,99.489,E,0,0.000000,0,0.000000,2.342082,2.118311,2.049318,1.678335,7.596802,3.258508,1.323074,-1.537372,-0.292696,2.049318,0.391565,-0.295659,-0.053145,0.493519,0.490650,-17.883001,-40.139004,-17.687000,NaN,-0.598588,true,Self-supervised model,0.299590,0.000000,0.000000,0.000000,0.000000,0.000000,1.142859,4.152458,false,false
2026-04-17T14:33:05.282089,0.000000,0.000000,-0.171128,99.805,E,0,0.000000,0,0.000000,2.281383,2.146834,1.962712,1.541866,7.635109,3.078943,1.174664,-1.504511,-0.457000,1.962712,0.252287,-0.315817,-0.086132,0.413290,0.404215,-17.024000,-40.584003,-15.511001,NaN,-0.608684,true,Self-supervised model,0.287405,0.000000,0.000000,0.000000,0.000000,0.000000,1.162363,4.749000,false,false
2026-04-17T14:33:05.290080,0.000000,0.000000,-0.175748,100.070,E,0,0.000000,0,0.000000,2.191176,2.170608,1.717591,1.278504,7.730877,3.150769,0.903148,-1.411320,-0.377649,1.717591,0.125227,-0.305433,-0.106901,0.346985,0.330108,-17.024000,-40.584003,-15.511001,NaN,-0.609757,true,Self-supervised model,0.265352,0.000000,0.000000,0.000000,0.000000,0.000000,1.275726,4.950039,false,false
2026-04-17T14:33:05.297875,0.000000,0.000000,-0.179403,100.279,E,0,0.000000,0,0.000000,2.097701,2.189692,1.606958,1.091756,7.711724,3.354277,0.711764,-1.430115,-0.174572,1.606958,-0.029322,-0.251066,-0.125838,0.282363,0.252772,-17.024000,-40.584003,-15.511001,NaN,-0.609549,true,Self-supervised model,0.257171,0.000000,0.000000,0.000000,0.000000,0.000000,1.305387,5.691102,false,false
2026-04-17T14:33:05.304813,0.000000,0.000000,-0.182078,100.432,E,0,0.000000,0,0.000000,2.017989,2.204824,1.599501,0.931344,7.639898,3.624821,0.550447,-1.499169,0.088895,1.599501,-0.091019,-0.206472,-0.133169,0.262010,0.225644,-17.024000,-40.584003,-15.511001,NaN,-0.608309,true,Self-supervised model,0.248524,0.000000,0.000000,0.000000,0.000000,0.000000,1.261637,6.104733,false,false
2026-04-17T14:33:05.314781,0.000000,0.000000,-0.183805,100.531,E,0,0.000000,0,0.000000,1.963610,2.217175,1.678117,0.866701,7.551312,3.811569,0.488310,-1.583556,0.264541,1.678117,-0.139888,-0.109956,-0.131336,0.221152,0.177930,-17.024000,-40.584003,-15.511001,NaN,-0.606241,true,Self-supervised model,0.252533,0.000000,0.000000,0.000000,0.000000,0.000000,1.170127,7.588078,false,false
2026-04-17T14:33:05.322410,0.000000,0.000000,-0.184686,100.582,E,0,0.000000,0,0.000000,1.932508,2.227788,1.769223,0.751779,7.453150,3.976769,0.378673,-1.677090,0.417286,1.769223,-0.149662,-0.021991,-0.114232,0.189555,0.151269,-17.024000,-40.584003,-15.511001,NaN,-0.603739,true,Self-supervised model,0.263272,0.000000,0.000000,0.000000,0.000000,0.000000,1.092292,9.333544,false,false
2026-04-17T14:33:05.330464,0.000000,0.000000,-0.184886,100.593,E,0,0.000000,0,0.000000,1.920541,2.237498,1.857714,0.715866,7.366959,4.055778,0.349836,-1.758966,0.484514,1.857714,-0.135612,0.066584,-0.087354,0.174513,0.151076,-17.024000,-40.584003,-15.511001,NaN,-0.601215,true,Self-supervised model,0.277581,0.000000,0.000000,0.000000,0.000000,0.000000,1.033819,10.645135,false,false
2026-04-17T14:33:05.336894,0.000000,0.000000,-0.184608,100.577,E,0,0.000000,0,0.000000,1.909041,2.246360,1.848664,0.718261,7.364564,4.027047,0.359639,-1.757711,0.445724,1.848664,-0.113621,0.120951,-0.056810,0.175403,0.165949,-17.024000,-40.584003,-15.511001,NaN,-0.599025,true,Self-supervised model,0.273675,0.000000,0.000000,0.000000,0.000000,0.000000,1.032660,10.539494,false,false
2026-04-17T14:33:05.344898,0.000000,0.000000,-0.184058,100.546,E,0,0.000000,0,0.000000,1.883180,2.253833,1.747413,0.677559,7.445967,3.971981,0.325481,-1.673562,0.383023,1.747413,-0.083689,0.145386,-0.026267,0.169796,0.167752,-17.024000,-40.584003,-15.511001,NaN,-0.597385,true,Self-supervised model,0.262101,0.000000,0.000000,0.000000,0.000000,0.000000,1.077696,10.291228,false,false
2026-04-17T14:33:05.353647,0.000000,0.000000,-0.183420,100.509,E,0,0.000000,0,0.000000,1.833471,2.259018,1.572496,0.586579,7.584831,3.849876,0.239314,-1.532949,0.256008,1.572496,-0.050702,0.139888,-0.000611,0.148794,0.148793,-17.024000,-40.584003,-15.511001,NaN,-0.596396,true,Self-supervised model,0.251884,0.000000,0.000000,0.000000,0.000000,0.000000,1.165962,10.568255,false,false
2026-04-17T14:33:05.361233,0.000000,0.000000,-0.182842,100.476,E,0,0.000000,0,0.000000,1.767921,2.261375,1.423788,0.541090,7.706935,3.615245,0.196247,-1.410068,0.019176,1.423788,-0.015272,0.103847,0.020159,0.106882,0.104964,-17.024000,-40.584003,-15.511001,NaN,-0.596057,true,Self-supervised model,0.260196,0.000000,0.000000,0.000000,0.000000,0.000000,1.241703,13.321094,false,false
2026-04-17T14:33:05.369273,0.000000,0.000000,-0.182430,100.452,E,0,0.000000,0,0.000000,1.684360,2.260294,1.245662,0.548272,7.893683,3.476381,0.202894,-1.223147,-0.120078,1.245662,0.003665,0.036041,0.039095,0.053300,0.036227,-17.024000,-40.584003,-15.511001,NaN,-0.596312,true,Self-supervised model,0.310068,0.000000,0.000000,0.000000,0.000000,0.000000,1.352181,23.370971,false,false
2026-04-17T14:33:05.376823,0.000000,0.000000,-0.182242,100.442,E,0,0.000000,0,0.000000,1.591837,2.255556,1.106091,0.536301,8.034941,3.462016,0.186756,-1.081962,-0.133858,1.106091,0.008552,-0.066584,0.050702,0.084127,0.067131,-17.024000,-40.584003,-15.511001,NaN,-0.597019,true,Self-supervised model,0.243879,0.000000,0.000000,0.000000,0.000000,0.000000,1.439156,13.147932,false,false
2026-04-17T14:33:05.384875,0.000000,0.000000,-0.182297,100.445,E,0,0.000000,0,0.000000,1.497061,2.247216,0.999486,0.529119,8.161834,3.356671,0.172437,-0.955353,-0.237778,0.999486,0.018326,-0.138666,0.052534,0.149412,0.139872,-17.024000,-40.584003,-15.511001,NaN,-0.598047,true,Self-supervised model,0.210357,0.000000,0.000000,0.000000,0.000000,0.000000,1.497831,6.689442,false,false
2026-04-17T14:33:05.393070,0.000000,0.000000,-0.182575,100.461,E,0,0.000000,0,0.000000,1.386738,2.234797,0.807544,0.476446,8.343793,3.390190,0.110860,-0.774051,-0.201701,0.807544,0.035430,-0.177762,0.058643,0.190509,0.181258,-17.024000,-40.584003,-15.511001,NaN,-0.599217,true,Self-supervised model,0.204866,0.000000,0.000000,0.000000,0.000000,0.000000,1.717228,4.238885,false,false
2026-04-17T14:33:05.400838,0.000000,0.000000,-0.183058,100.488,E,0,0.000000,0,0.000000,1.293871,2.219160,0.806322,0.509965,8.343793,3.411737,0.134401,-0.775367,-0.175777,0.806322,0.063530,-0.206472,0.060476,0.224331,0.216025,-17.024000,-40.584003,-15.511001,NaN,-0.600516,true,Self-supervised model,0.191050,0.000000,0.000000,0.000000,0.000000,0.000000,1.604659,3.594345,false,false
2026-04-17T14:33:05.409416,0.000000,0.000000,-0.183726,100.527,E,0,0.000000,0,0.000000,1.230624,2.201618,0.898576,0.550666,8.274361,3.330335,0.165124,-0.847009,-0.250497,0.898576,0.097128,-0.210749,0.046426,0.236652,0.232053,-17.024000,-40.584003,-15.511001,NaN,-0.601927,true,Self-supervised model,0.171458,0.000000,0.000000,0.000000,0.000000,0.000000,1.369527,3.797039,false,false
2026-04-17T14:33:05.417739,0.000000,0.000000,-0.184530,100.573,E,0,0.000000,0,0.000000,1.187153,2.183040,0.958928,0.565032,8.259995,3.193865,0.171014,-0.864504,-0.378060,0.958928,0.125838,-0.196088,0.028711,0.234755,0.232993,-17.024000,-40.584003,-15.511001,NaN,-0.603273,true,Self-supervised model,0.160366,0.000000,0.000000,0.000000,0.000000,0.000000,1.238000,4.084800,false,false
2026-04-17T14:33:05.425667,0.000000,0.000000,-0.185385,100.622,E,0,0.000000,0,0.000000,1.163608,2.164262,1.040001,0.533907,8.279149,2.975993,0.134006,-0.849368,-0.584995,1.040001,0.149051,-0.156382,0.004276,0.216078,0.216036,-17.024000,-40.584003,-15.511001,NaN,-0.604334,true,Self-supervised model,0.156549,0.000000,0.000000,0.000000,0.000000,0.000000,1.118853,4.813083,false,false
2026-04-17T14:33:05.433081,0.000000,0.000000,-0.186194,100.668,E,0,0.000000,0,0.000000,1.132606,2.144996,0.969845,0.397437,8.413225,2.899378,-0.006285,-0.719554,-0.650232,0.969845,0.153938,-0.092852,0.008552,0.179976,0.179773,-17.024000,-40.584003,-15.511001,NaN,-0.604958,true,Self-supervised model,0.158066,0.000000,0.000000,0.000000,0.000000,0.000000,1.167822,5.388737,false,false
2026-04-17T14:33:05.441364,0.000000,0.000000,-0.186942,100.711,E,0,0.000000,0,0.000000,1.103888,2.125352,0.953115,0.373495,8.434772,2.894590,-0.033891,-0.702343,-0.643424,0.953115,0.161879,-0.052534,0.031765,0.173129,0.170190,-16.588001,-40.709003,-15.048000,NaN,-0.605464,true,Self-supervised model,0.156505,0.000000,0.000000,0.000000,0.000000,0.000000,1.158189,5.505220,false,false
2026-04-17T14:33:05.449711,0.000000,0.000000,-0.187723,100.756,E,0,0.000000,0,0.000000,1.092846,2.106052,1.034878,0.497994,8.389283,2.820370,0.086557,-0.752470,-0.705173,1.034878,0.177762,-0.001222,0.051924,0.185194,0.177766,-16.588001,-40.709003,-15.048000,NaN,-0.606377,true,Self-supervised model,0.155292,0.000000,0.000000,0.000000,0.000000,0.000000,1.056014,5.588077,false,false
2026-04-17T14:33:05.457979,0.000000,0.000000,-0.188646,100.809,E,0,0.000000,0,0.000000,1.089340,2.087383,1.070935,0.557849,8.453926,2.707842,0.143111,-0.693013,-0.803837,1.070935,0.200364,0.055589,0.058643,0.216043,0.207932,-16.588001,-40.709003,-15.048000,NaN,-0.607865,true,Self-supervised model,0.153508,0.000000,0.000000,0.000000,0.000000,0.000000,1.017186,4.957035,false,false
2026-04-17T14:33:05.464904,0.000000,0.000000,-0.189741,100.871,E,0,0.000000,0,0.000000,1.107072,2.070171,1.200164,0.569820,8.520964,2.487576,0.153366,-0.631741,-1.008849,1.200164,0.218690,0.109956,0.051924,0.250223,0.244776,-16.588001,-40.709003,-15.048000,NaN,-0.609648,true,Self-supervised model,0.161145,0.000000,0.000000,0.000000,0.000000,0.000000,0.922434,4.796378,false,false
2026-04-17T14:33:05.472867,0.000000,0.000000,-0.190978,100.942,E,0,0.000000,0,0.000000,1.133031,2.054685,1.269314,0.366313,8.901642,2.238579,-0.050031,-0.257106,-1.241995,1.269314,0.217468,0.168599,0.049480,0.279582,0.275169,-16.588001,-40.709003,-15.048000,NaN,-0.611456,true,Self-supervised model,0.165847,0.000000,0.000000,0.000000,0.000000,0.000000,0.892633,4.540039,false,false
2026-04-17T14:33:05.480971,0.000000,0.000000,-0.192325,101.019,E,0,0.000000,0,0.000000,1.174838,2.041491,1.394324,0.464475,9.004593,2.080561,0.049236,-0.160193,-1.384216,1.394324,0.199753,0.202807,0.045204,0.288228,0.284661,-16.588001,-40.709003,-15.048000,NaN,-0.613241,true,Self-supervised model,0.179420,0.000000,0.000000,0.000000,0.000000,0.000000,0.842586,4.837573,false,false
2026-04-17T14:33:05.489738,0.000000,0.000000,-0.193776,101.103,E,0,0.000000,0,0.000000,1.231839,2.031105,1.531098,0.555455,9.059659,1.929727,0.143205,-0.110806,-1.520353,1.531098,0.161268,0.204640,0.006109,0.260619,0.260547,-16.588001,-40.709003,-15.048000,NaN,-0.615111,true,Self-supervised model,0.198467,0.000000,0.000000,0.000000,0.000000,0.000000,0.804547,5.874849,false,false
2026-04-17T14:33:05.498112,0.000000,0.000000,-0.195204,101.184,E,0,0.000000,0,0.000000,1.279242,2.023031,1.528107,0.519542,9.153033,1.912967,0.113291,-0.022720,-1.523732,1.528107,0.116064,0.185092,-0.046426,0.223350,0.218472,-16.588001,-40.709003,-15.048000,NaN,-0.616445,true,Self-supervised model,0.201476,0.000000,0.000000,0.000000,0.000000,0.000000,0.837142,6.841746,false,false
2026-04-17T14:33:05.505104,0.000000,0.000000,-0.196399,101.253,E,0,0.000000,0,0.000000,1.308683,2.016457,1.463249,0.447716,9.239224,1.963245,0.049664,0.058544,-1.461234,1.463249,0.068417,0.138056,-0.091019,0.178954,0.154079,-16.588001,-40.709003,-15.048000,NaN,-0.616708,true,Self-supervised model,0.201143,0.000000,0.000000,0.000000,0.000000,0.000000,0.894368,8.176664,false,false
2026-04-17T14:33:05.515561,0.000000,0.000000,-0.197192,101.298,E,0,0.000000,0,0.000000,1.315829,2.010432,1.353344,0.395043,9.284714,2.063802,0.006062,0.099545,-1.349664,1.353344,0.015272,0.071471,-0.125838,0.145522,0.073085,-16.588001,-40.709003,-15.048000,NaN,-0.615890,true,Self-supervised model,0.199170,0.000000,0.000000,0.000000,0.000000,0.000000,0.972280,9.299931,false,false
2026-04-17T14:33:05.521567,0.000000,0.000000,-0.197486,101.315,E,0,0.000000,0,0.000000,1.285857,2.003449,1.128503,0.344765,9.308656,2.281674,-0.035280,0.119339,-1.121620,1.128503,-0.026267,0.010996,-0.142332,0.145152,0.028476,-16.588001,-40.709003,-15.048000,NaN,-0.614193,true,Self-supervised model,0.181577,0.000000,0.000000,0.000000,0.000000,0.000000,1.139436,7.774620,false,false
2026-04-17T14:33:05.531452,0.000000,0.000000,-0.197268,101.303,E,0,0.000000,0,0.000000,1.222816,1.994223,0.891853,0.239420,9.311050,2.518700,-0.134794,0.117484,-0.873745,0.891853,-0.046426,-0.029322,-0.144775,0.154838,0.054910,-16.588001,-40.709003,-15.048000,NaN,-0.611925,true,Self-supervised model,0.181563,0.000000,0.000000,0.000000,0.000000,0.000000,1.371095,5.759899,false,false
2026-04-17T14:33:05.536886,0.000000,0.000000,-0.196759,101.273,E,0,0.000000,0,0.000000,1.125251,1.981464,0.613033,0.196325,9.382876,2.822764,-0.169376,0.185150,-0.559322,0.613033,-0.047647,-0.090408,-0.127671,0.163535,0.102195,-16.588001,-40.709003,-15.048000,NaN,-0.610252,true,Self-supervised model,0.197752,0.000000,0.000000,0.000000,0.000000,0.000000,1.835547,3.748633,false,false
2026-04-17T14:33:05.544877,0.000000,0.000000,-0.195719,101.214,E,0,0.000000,0,0.000000,1.013853,1.964760,0.429012,0.191536,9.442732,3.057395,-0.170115,0.240225,-0.312096,0.429012,-0.037874,-0.129503,-0.103236,0.169892,0.134928,-16.588001,-40.709003,-15.048000,NaN,-0.607087,true,Self-supervised model,0.204877,0.000000,0.000000,0.000000,0.000000,0.000000,2.363229,2.525203,false,false
2026-04-17T14:33:05.555885,0.000000,0.000000,-0.194500,101.144,E,0,0.000000,0,0.000000,0.900766,1.944200,0.307059,0.246603,9.476251,3.258508,-0.113259,0.268493,-0.096796,0.307059,-0.014661,-0.145386,-0.077580,0.165441,0.146123,-16.588001,-40.709003,-15.048000,NaN,-0.605154,true,Self-supervised model,0.208191,0.000000,0.000000,0.000000,0.000000,0.000000,2.933524,1.856007,false,false
2026-04-17T14:33:05.565895,0.000000,0.000000,-0.193254,101.073,E,0,0.000000,0,0.000000,0.804890,1.920628,0.301542,0.282516,9.504981,3.339911,-0.076733,0.291615,-0.000035,0.301542,0.003054,-0.136834,-0.064752,0.151412,0.136868,-16.588001,-40.709003,-15.048000,NaN,-0.603795,true,Self-supervised model,0.202658,0.000000,0.000000,0.000000,0.000000,0.000000,2.669248,1.991531,false,false
2026-04-17T14:33:05.568950,0.000000,0.000000,-0.192126,101.008,E,0,0.000000,0,0.000000,0.736869,1.895277,0.379760,0.371101,9.593566,3.387795,0.012324,0.373925,0.065159,0.379760,0.039095,-0.111177,-0.048869,0.127582,0.117851,-16.588001,-40.709003,-15.048000,NaN,-0.603143,true,Self-supervised model,0.180157,0.000000,0.000000,0.000000,0.000000,0.000000,1.940355,2.976603,false,false
2026-04-17T14:33:05.576917,0.000000,0.000000,-0.191038,100.946,E,0,0.000000,0,0.000000,0.706408,1.869723,0.546486,0.435745,9.744401,3.459621,0.077357,0.518448,0.154512,0.546486,0.057421,-0.067195,-0.043982,0.098726,0.088388,-16.588001,-40.709003,-15.048000,NaN,-0.602215,true,Self-supervised model,0.142757,0.000000,0.000000,0.000000,0.000000,0.000000,1.292638,5.535370,false,false
2026-04-17T14:33:05.585447,0.000000,0.000000,-0.190105,100.892,E,0,0.000000,0,0.000000,0.709053,1.845296,0.722938,0.490811,9.890448,3.555390,0.133519,0.658888,0.265854,0.722938,0.062919,-0.025656,-0.047647,0.082990,0.067949,-16.588001,-40.709003,-15.048000,NaN,-0.601903,true,Self-supervised model,0.149243,0.000000,0.000000,0.000000,0.000000,0.000000,0.980793,8.711140,false,false
2026-04-17T14:33:05.594855,0.000000,0.000000,-0.189309,100.847,E,0,0.000000,0,0.000000,0.745937,1.823322,0.939581,0.514753,10.058042,3.703830,0.160084,0.822662,0.424748,0.939581,0.065973,0.013439,-0.055589,0.087311,0.067328,-16.588001,-40.709003,-15.048000,NaN,-0.601651,true,Self-supervised model,0.186859,0.000000,0.000000,0.000000,0.000000,0.000000,0.793904,10.761308,false,false
2026-04-17T14:33:05.602143,0.000000,0.000000,-0.188557,100.804,E,0,0.000000,0,0.000000,0.812855,1.804903,1.164175,0.471658,10.232818,3.864242,0.121785,0.994593,0.592670,1.164175,0.073915,0.044593,-0.068417,0.110149,0.086325,-16.567001,-40.622002,-14.150001,NaN,-0.601080,true,Self-supervised model,0.213419,0.000000,0.000000,0.000000,0.000000,0.000000,0.698224,10.569093,false,false
2026-04-17T14:33:05.608950,0.000000,0.000000,-0.187748,100.757,E,0,0.000000,0,0.000000,0.891421,1.790364,1.303893,0.509965,10.278308,4.036624,0.167338,1.037333,0.772058,1.303893,0.098349,0.078191,-0.089186,0.154080,0.125644,-16.567001,-40.622002,-14.150001,NaN,-0.600037,true,Self-supervised model,0.213821,0.000000,0.000000,0.000000,0.000000,0.000000,0.683661,8.462453,false,false
2026-04-17T14:33:05.616883,0.000000,0.000000,-0.186793,100.702,E,0,0.000000,0,0.000000,0.981743,1.780019,1.455934,0.474052,10.280702,4.268862,0.140812,1.036367,1.012846,1.455934,0.134390,0.077580,-0.114843,0.193050,0.155175,-16.567001,-40.622002,-14.150001,NaN,-0.598505,true,Self-supervised model,0.221249,0.000000,0.000000,0.000000,0.000000,0.000000,0.674305,7.541750,false,false
2026-04-17T14:33:05.625060,0.000000,0.000000,-0.185613,100.635,E,0,0.000000,0,0.000000,1.088184,1.774345,1.646996,0.447716,10.259154,4.539406,0.124806,1.010533,1.294543,1.646996,0.182038,0.047647,-0.134390,0.231233,0.188170,-16.567001,-40.622002,-14.150001,NaN,-0.596419,true,Self-supervised model,0.235271,0.000000,0.000000,0.000000,0.000000,0.000000,0.660708,7.122659,false,false
2026-04-17T14:33:05.633138,0.000000,0.000000,-0.184172,100.552,E,0,0.000000,0,0.000000,1.186720,1.772840,1.704038,0.533907,10.108319,4.687847,0.221134,0.854156,1.457828,1.704038,0.252287,0.001222,-0.149051,0.293030,0.252290,-16.567001,-40.622002,-14.150001,NaN,-0.593938,true,Self-supervised model,0.229198,0.000000,0.000000,0.000000,0.000000,0.000000,0.696417,5.815231,false,false
2026-04-17T14:33:05.640642,0.000000,0.000000,-0.182479,100.455,E,0,0.000000,0,0.000000,1.250942,1.773964,1.588108,0.701501,9.861717,4.625597,0.398702,0.600416,1.415141,1.588108,0.335365,-0.025045,-0.165544,0.374836,0.336299,-16.567001,-40.622002,-14.150001,NaN,-0.591234,true,Self-supervised model,0.201180,0.000000,0.000000,0.000000,0.000000,0.000000,0.787693,4.236809,false,false
2026-04-17T14:33:05.649533,0.000000,0.000000,-0.180556,100.345,E,0,0.000000,0,0.000000,1.271437,1.775863,1.379034,0.809240,9.722853,4.381389,0.517072,0.452701,1.195589,1.379034,0.409891,-0.016493,-0.182038,0.448799,0.410222,-16.567001,-40.622002,-14.150001,NaN,-0.588396,true,Self-supervised model,0.168360,0.000000,0.000000,0.000000,0.000000,0.000000,0.921977,3.072724,false,false
2026-04-17T14:33:05.657682,0.000000,0.000000,-0.178424,100.223,E,0,0.000000,0,0.000000,1.229136,1.775994,1.007054,0.780510,9.545682,3.991134,0.500000,0.265785,0.832776,1.007054,0.441045,-0.007330,-0.197920,0.483474,0.441106,-16.567001,-40.622002,-14.150001,NaN,-0.585421,true,Self-supervised model,0.155256,0.000000,0.000000,0.000000,0.000000,0.000000,1.220526,2.082956,false,false
2026-04-17T14:33:05.664878,0.000000,0.000000,-0.176079,100.089,E,0,0.000000,0,0.000000,1.141258,1.772605,0.679898,0.742203,9.461885,3.588908,0.473078,0.172782,0.456734,0.679898,0.419054,-0.021380,-0.206472,0.467647,0.419599,-16.567001,-40.622002,-14.150001,NaN,-0.582231,true,Self-supervised model,0.181898,0.000000,0.000000,0.000000,0.000000,0.000000,1.678571,1.453870,false,false
2026-04-17T14:33:05.672793,0.000000,0.000000,-0.173554,99.944,E,0,0.000000,0,0.000000,1.039780,1.765292,0.507019,0.711078,9.437943,3.292027,0.452165,0.141637,0.180429,0.507019,0.332311,-0.052534,-0.213803,0.398625,0.336438,-16.567001,-40.622002,-14.150001,NaN,-0.578983,true,Self-supervised model,0.193400,0.000000,0.000000,0.000000,0.000000,0.000000,2.050770,1.271920,false,false
2026-04-17T14:33:05.681096,0.000000,0.000000,-0.170870,99.790,E,0,0.000000,0,0.000000,0.954471,1.754859,0.506604,0.689530,9.521740,3.220201,0.439501,0.221113,0.120813,0.506604,0.203418,-0.077580,-0.219911,0.309449,0.217710,-16.567001,-40.622002,-14.150001,NaN,-0.575661,true,Self-supervised model,0.185618,0.000000,0.000000,0.000000,0.000000,0.000000,1.884057,1.637117,false,false
2026-04-17T14:33:05.690168,0.000000,0.000000,-0.168039,99.628,E,0,0.000000,0,0.000000,0.899804,1.742657,0.612800,0.579397,9.708488,3.397372,0.343170,0.404606,0.306679,0.612800,0.090408,-0.068417,-0.230907,0.257240,0.113378,-16.567001,-40.622002,-14.150001,NaN,-0.572244,true,Self-supervised model,0.157182,0.000000,0.000000,0.000000,0.000000,0.000000,1.468349,2.382208,false,false
2026-04-17T14:33:05.698806,0.000000,0.000000,-0.164752,99.440,E,0,0.000000,0,0.000000,0.908562,1.731293,0.954544,0.373495,9.919178,3.804387,0.153580,0.614861,0.713801,0.954544,-0.018937,-0.020159,-0.255342,0.256835,0.027658,-16.567001,-40.622002,-14.150001,NaN,-0.567132,true,Self-supervised model,0.135708,0.000000,0.000000,0.000000,0.000000,0.000000,0.951829,3.716561,false,false
2026-04-17T14:33:05.704744,0.000000,0.000000,-0.160940,99.221,E,0,0.000000,0,0.000000,0.979635,1.723227,1.352765,0.138864,10.041282,4.228160,-0.060614,0.738414,1.131832,1.352765,-0.078191,0.066584,-0.284052,0.302048,0.102700,-16.567001,-40.622002,-14.150001,NaN,-0.561223,true,Self-supervised model,0.186581,0.000000,0.000000,0.000000,0.000000,0.000000,0.724172,4.478641,false,false
2026-04-17T14:33:05.713415,0.000000,0.000000,-0.156529,98.968,E,0,0.000000,0,0.000000,1.078194,1.719425,1.595631,-0.167594,10.172963,4.395754,-0.341623,0.872128,1.291792,1.595631,-0.087965,0.202807,-0.309098,0.380013,0.221062,-16.567001,-40.622002,-14.150001,NaN,-0.554409,true,Self-supervised model,0.210865,0.000000,0.000000,0.000000,0.000000,0.000000,0.675716,4.198884,false,false
2026-04-17T14:33:05.720782,0.000000,0.000000,-0.151484,98.679,E,0,0.000000,0,0.000000,1.201043,1.720690,1.846000,-0.648829,10.287885,4.453215,-0.792454,0.988832,1.342365,1.846000,-0.068417,0.361632,-0.310320,0.481411,0.368047,-16.567001,-40.622002,-14.150001,NaN,-0.546836,true,Self-supervised model,0.230651,0.000000,0.000000,0.000000,0.000000,0.000000,0.650619,3.834558,false,false
2026-04-17T14:33:05.730863,0.000000,0.000000,-0.145872,98.358,E,0,0.000000,0,0.000000,1.339513,1.727443,2.066478,-1.132457,10.481815,4.266468,-1.242320,1.183700,1.151446,2.066478,-0.031154,0.555277,-0.277333,0.621463,0.556150,-16.567001,-40.622002,-14.150001,NaN,-0.538952,true,Self-supervised model,0.248826,0.000000,0.000000,0.000000,0.000000,0.000000,0.648211,3.325183,false,false
2026-04-17T14:33:05.736786,0.000000,0.000000,-0.139904,98.016,E,0,0.000000,0,0.000000,1.472600,1.739249,2.171308,-1.491588,10.623073,3.825934,-1.566958,1.325100,0.709458,2.171308,-0.001833,0.734260,-0.214414,0.764928,0.734262,-16.567001,-40.622002,-14.150001,NaN,-0.531562,true,Self-supervised model,0.250068,0.000000,0.000000,0.000000,0.000000,0.000000,0.678209,2.838579,false,false
2026-04-17T14:33:05.747860,0.000000,0.000000,-0.133917,97.673,E,0,0.000000,0,0.000000,1.637312,1.757172,2.502047,-1.786075,10.977415,3.430891,-1.827909,1.679441,0.313791,2.502047,-0.009774,0.882700,-0.144164,0.894449,0.882754,-16.567001,-40.622002,-14.150001,NaN,-0.525496,true,Self-supervised model,0.294434,0.000000,0.000000,0.000000,0.000000,0.000000,0.654389,2.797306,false,false
2026-04-17T14:33:05.753496,0.000000,0.000000,-0.128255,97.348,E,0,0.000000,0,0.000000,1.799936,1.780882,2.653715,-1.879448,11.159374,3.136404,-1.890531,1.862208,0.016629,2.653715,-0.051313,0.923628,-0.081856,0.928667,0.925053,-16.567001,-40.622002,-14.150001,NaN,-0.521137,true,Self-supervised model,0.309194,0.000000,0.000000,0.000000,0.000000,0.000000,0.678270,2.857553,false,false
2026-04-17T14:33:05.762134,0.000000,0.000000,-0.123194,97.059,E,0,0.000000,0,0.000000,1.918230,1.808376,2.539274,-1.798046,11.092337,2.937685,-1.783105,1.797865,-0.190087,2.539274,-0.142942,0.846048,-0.042761,0.859104,0.858039,-15.562000,-39.739002,-15.079000,NaN,-0.518480,true,Self-supervised model,0.316966,0.000000,0.000000,0.000000,0.000000,0.000000,0.755425,2.955725,false,false
2026-04-17T14:33:05.768672,0.000000,0.000000,-0.118877,96.811,E,0,0.000000,0,0.000000,2.002059,1.838124,2.442159,-1.742979,11.032481,3.050213,-1.707523,1.743485,-0.093620,2.442159,-0.271224,0.647517,-0.019548,0.702298,0.702026,-15.562000,-39.739002,-15.079000,NaN,-0.517134,true,Self-supervised model,0.315943,0.000000,0.000000,0.000000,0.000000,0.000000,0.819791,3.477381,false,false
2026-04-17T14:33:05.776778,0.000000,0.000000,-0.115290,96.606,E,0,0.000000,0,0.000000,2.066235,1.869248,2.403161,-1.738190,10.979809,3.337517,-1.690590,1.699694,0.167724,2.403161,-0.404393,0.350026,0.010385,0.534939,0.534838,-15.562000,-39.739002,-15.079000,NaN,-0.516474,true,Self-supervised model,0.329221,0.000000,0.000000,0.000000,0.000000,0.000000,0.859799,4.492405,false,false
2026-04-17T14:33:05.785336,0.000000,0.000000,-0.112428,96.442,E,0,0.000000,0,0.000000,2.095664,1.900305,2.250164,-1.589750,10.740389,3.928885,-1.539811,1.472153,0.724560,2.250164,-0.500299,0.081245,0.042150,0.508602,0.506853,-15.562000,-39.739002,-15.079000,NaN,-0.516509,true,Self-supervised model,0.313077,0.000000,0.000000,0.000000,0.000000,0.000000,0.931338,4.424214,false,false
2026-04-17T14:33:05.793162,0.000000,0.000000,-0.110328,96.321,E,0,0.000000,0,0.000000,2.140222,1.931901,2.374151,-1.443704,10.481815,4.716578,-1.400922,1.227502,1.472157,2.374151,-0.552833,-0.171653,0.076969,0.583964,0.578869,-15.562000,-39.739002,-15.079000,NaN,-0.517453,true,Self-supervised model,0.327788,0.000000,0.000000,0.000000,0.000000,0.000000,0.901468,4.065581,false,false
2026-04-17T14:33:05.801253,0.000000,0.000000,-0.109004,96.245,E,0,0.000000,0,0.000000,2.222542,1.965527,2.654721,-1.309628,10.175357,5.413290,-1.281036,0.935113,2.128862,2.654721,-0.520457,-0.314596,0.113621,0.618673,0.608150,-15.562000,-39.739002,-15.079000,NaN,-0.519239,true,Self-supervised model,0.370207,0.000000,0.000000,0.000000,0.000000,0.000000,0.837204,4.290994,false,false
2026-04-17T14:33:05.809083,0.000000,0.000000,-0.108443,96.213,E,0,0.000000,0,0.000000,2.366459,2.003564,3.122026,-1.218649,9.967062,6.100426,-1.209308,0.738999,2.781816,3.122026,-0.405615,-0.342085,0.157603,0.553519,0.530608,-15.562000,-39.739002,-15.079000,NaN,-0.521726,true,Self-supervised model,0.442536,0.000000,0.000000,0.000000,0.000000,0.000000,0.757988,5.640318,false,false
2026-04-17T14:33:05.818062,0.918371,-0.100192,-0.108667,96.226,E,1,0.923820,1,0.923820,2.529165,2.046588,3.383371,-1.134852,9.730036,6.483498,-1.146715,0.510255,3.141956,3.383371,-0.249233,-0.271835,0.189979,0.414854,0.368797,-15.562000,-39.739002,-15.079000,NaN,-0.525095,true,Self-supervised model,0.501862,0.000000,0.000000,0.000000,0.000000,0.000000,0.747528,8.155581,false,true
2026-04-17T14:33:05.826614,0.918371,-0.100192,-0.109684,96.284,E,1,0.923820,1,0.923820,2.656643,2.092990,3.325899,-0.979228,9.363723,6.514623,-1.010470,0.146818,3.165280,3.325899,-0.025045,-0.097738,0.208305,0.231454,0.100896,-15.562000,-39.739002,-15.079000,NaN,-0.529279,true,Self-supervised model,0.554171,0.008000,0.058251,7.281369,0.000000,0.000000,0.798774,14.369575,false,false
2026-04-17T14:33:05.833663,0.918371,-0.100192,-0.111446,96.385,E,1,0.923820,1,0.923820,2.711235,2.139720,2.997846,-0.914585,9.035717,6.174646,-0.960363,-0.184236,2.833874,2.997846,0.142942,0.058643,0.211359,0.261810,0.154504,-15.562000,-39.739002,-15.079000,NaN,-0.534025,true,Self-supervised model,0.502755,0.015000,0.159228,10.615169,0.000000,0.000000,0.904394,11.450474,false,false
2026-04-17T14:33:05.840896,0.918371,-0.100192,-0.113849,96.523,E,1,0.923820,1,0.923820,2.638048,2.181653,2.253817,-0.902614,8.717288,5.293580,-0.957338,-0.510780,1.975424,2.253817,0.365297,0.318872,0.209527,0.528226,0.484893,-15.562000,-39.739002,-15.079000,NaN,-0.538988,true,Self-supervised model,0.340967,0.022000,0.296888,13.494904,0.000000,0.000000,1.170480,4.266766,false,false
2026-04-17T14:33:05.848979,0.918371,-0.100192,-0.116782,96.691,E,1,0.923820,1,0.923820,2.481938,2.215665,1.662358,-1.027112,8.583213,4.359841,-1.085535,-0.656487,1.074277,1.662358,0.474642,0.521679,0.218690,0.738417,0.705290,-15.562000,-39.739002,-15.079000,NaN,-0.544042,true,Self-supervised model,0.266493,0.030000,0.464931,15.497713,0.000000,0.000000,1.493022,2.251246,false,false
2026-04-17T14:33:05.857790,0.918371,-0.100192,-0.120183,96.886,E,1,0.923820,1,0.923820,2.316535,2.241700,1.448171,-1.170765,8.540117,3.548207,-1.229122,-0.709037,0.289353,1.448171,0.497855,0.634078,0.224798,0.836928,0.806173,-15.562000,-39.739002,-15.079000,NaN,-0.549317,true,Self-supervised model,0.240153,0.039000,0.659813,16.918274,0.000000,0.000000,1.599628,1.730341,false,false
2026-04-17T14:33:05.867096,0.918371,-0.100192,-0.123707,97.088,E,1,0.923820,1,0.923820,2.196795,2.261903,1.568161,-1.292869,8.506598,2.952051,-1.347383,-0.754269,-0.273437,1.568161,0.475864,0.735482,0.230907,0.905924,0.876002,-15.562000,-39.739002,-15.079000,NaN,-0.553330,true,Self-supervised model,0.230328,0.049000,0.861703,17.585782,0.000000,0.000000,1.400873,1.731008,false,false
2026-04-17T14:33:05.872924,0.918371,-0.100192,-0.127525,97.307,E,1,0.923820,1,0.923820,2.128033,2.278549,1.767031,-1.367089,8.497022,2.468422,-1.413804,-0.776007,-0.722060,1.767031,0.381791,0.764803,0.226631,0.884336,0.854803,-15.562000,-39.739002,-15.079000,NaN,-0.558326,true,Self-supervised model,0.217752,0.054000,1.080468,20.008664,0.000000,0.000000,1.204298,1.998145,false,false
2026-04-17T14:33:05.881990,0.918371,-0.100192,-0.131752,97.549,E,1,0.923820,1,0.923820,2.096902,2.293283,1.933463,-1.417367,8.540117,2.135628,-1.454925,-0.739103,-1.036919,1.933463,0.251676,0.712880,0.214414,0.785819,0.756002,-15.562000,-39.739002,-15.079000,NaN,-0.564187,true,Self-supervised model,0.226261,0.063000,1.322639,20.994265,0.000000,0.000000,1.084531,2.460443,false,false
2026-04-17T14:33:05.889777,0.918371,-0.100192,-0.135836,97.783,E,1,0.923820,1,0.923820,2.080446,2.306769,1.994055,-1.429338,8.633492,1.968034,-1.456867,-0.648214,-1.197336,1.994055,0.090408,0.606589,0.194866,0.643504,0.613290,-15.562000,-39.739002,-15.079000,NaN,-0.567701,true,Self-supervised model,0.227411,0.071000,1.556641,21.924526,0.000000,0.000000,1.043325,3.098747,false,false
2026-04-17T14:33:05.898086,0.918371,-0.100192,-0.139596,97.998,E,1,0.923820,1,0.923820,2.051605,2.318563,1.900189,-1.340753,8.616732,2.018312,-1.358392,-0.663606,-1.151138,1.900189,-0.086743,0.473421,0.167377,0.509575,0.481302,-15.562000,-39.739002,-15.079000,NaN,-0.570163,true,Self-supervised model,0.223570,0.080000,1.772061,22.150763,0.000000,0.000000,1.079685,3.728971,false,false
2026-04-17T14:33:05.904984,0.918371,-0.100192,-0.142900,98.188,E,1,0.923820,1,0.923820,1.983281,2.327151,1.624582,-1.199495,8.489840,2.437297,-1.209978,-0.785313,-0.747330,1.624582,-0.236405,0.340252,0.143553,0.438482,0.414317,-15.562000,-39.739002,-15.079000,NaN,-0.571646,true,Self-supervised model,0.209974,0.086000,1.961386,22.806809,0.000000,0.000000,1.220795,3.705016,false,false
2026-04-17T14:33:05.913853,0.918371,-0.100192,-0.145781,98.353,E,1,0.923820,1,0.923820,1.897602,2.331969,1.447787,-1.058237,8.286332,3.165135,-1.064746,-0.979983,-0.045122,1.447787,-0.370184,0.185703,0.125838,0.432848,0.414152,-15.562000,-39.739002,-15.079000,NaN,-0.572832,true,Self-supervised model,0.203623,0.095000,2.126430,22.383478,0.000000,0.000000,1.310691,3.344795,false,false
2026-04-17T14:33:05.922232,0.918371,-0.100192,-0.148274,98.495,E,1,0.923820,1,0.923820,1.862806,2.335203,1.680127,-0.852336,8.018182,3.988740,-0.858726,-1.236696,0.745654,1.680127,-0.437990,0.062919,0.120951,0.458720,0.442487,-15.813001,-40.678001,-16.391001,NaN,-0.573778,true,Self-supervised model,0.194984,0.104000,2.269309,21.820281,0.000000,0.000000,1.108729,3.662646,false,false
2026-04-17T14:33:05.931371,0.918371,-0.100192,-0.150479,98.622,E,1,0.923820,1,0.923820,1.896588,2.339658,2.073943,-0.677559,7.829040,4.620809,-0.684918,-1.416492,1.351177,2.073943,-0.434325,0.002443,0.128893,0.453054,0.434332,-15.813001,-40.678001,-16.391001,NaN,-0.574826,true,Self-supervised model,0.225797,0.113000,2.395622,21.200198,0.000000,0.000000,0.914484,4.577698,false,false
2026-04-17T14:33:05.936792,0.918371,-0.100192,-0.152369,98.730,E,1,0.923820,1,0.923820,1.992491,2.347772,2.495980,-0.600945,7.632715,5.123591,-0.617312,-1.598785,1.814588,2.495980,-0.359189,-0.034208,0.151495,0.391328,0.360814,-15.813001,-40.678001,-16.391001,NaN,-0.575459,true,Self-supervised model,0.286979,0.118000,2.503930,21.219746,0.000000,0.000000,0.798280,6.378235,false,false
2026-04-17T14:33:05.944963,0.918371,-0.100192,-0.154432,98.848,E,1,0.923820,1,0.923820,2.110358,2.360275,2.729161,-0.548272,7.503428,5.374983,-0.573560,-1.718959,2.040717,2.729161,-0.252898,-0.007330,0.186314,0.314204,0.253004,-15.813001,-40.678001,-16.391001,NaN,-0.578211,true,Self-supervised model,0.337185,0.126000,2.622116,20.810444,0.000000,0.000000,0.773263,8.685954,false,false
2026-04-17T14:33:05.952824,0.918371,-0.100192,-0.156640,98.975,E,1,0.923820,1,0.923820,2.220926,2.376701,2.801409,-0.531513,7.369353,5.406107,-0.552898,-1.840768,2.038080,2.801409,-0.128893,0.057421,0.231518,0.271129,0.141105,-15.813001,-40.678001,-16.391001,NaN,-0.581001,true,Self-supervised model,0.363466,0.134000,2.748634,20.512195,0.000000,0.000000,0.792789,10.332377,false,false
2026-04-17T14:33:05.961252,0.918371,-0.100192,-0.158336,99.072,E,1,0.923820,1,0.923820,2.295566,2.395456,2.687425,-0.505177,7.333440,5.226542,-0.539607,-1.873414,1.849702,2.687425,-0.019548,0.141721,0.277333,0.312058,0.143063,-15.813001,-40.678001,-16.391001,NaN,-0.580649,true,Self-supervised model,0.342587,0.143000,2.845816,19.900811,0.000000,0.000000,0.854188,8.611933,false,false
2026-04-17T14:33:05.969028,0.918371,-0.100192,-0.160718,99.208,E,1,0.923820,1,0.923820,2.322118,2.414522,2.461517,-0.538695,7.309498,4.833893,-0.587379,-1.896553,1.455040,2.461517,0.051924,0.223577,0.312763,0.387948,0.229527,-15.813001,-40.678001,-16.391001,NaN,-0.585774,true,Self-supervised model,0.299483,0.150000,2.982281,19.881871,0.000000,0.000000,0.943369,6.344975,false,false
2026-04-17T14:33:05.977327,0.918371,-0.100192,-0.163870,99.389,E,1,0.923820,1,0.923820,2.301485,2.432001,2.193161,-0.512359,7.333440,4.359841,-0.576340,-1.873521,0.983721,2.193161,0.089186,0.326202,0.351858,0.488023,0.338174,-15.813001,-40.678001,-16.391001,NaN,-0.592004,true,Self-supervised model,0.259760,0.159000,3.162850,19.892137,0.000000,0.000000,1.049392,4.493972,false,false
2026-04-17T14:33:05.985472,0.918371,-0.100192,-0.167868,99.618,E,1,0.923820,1,0.923820,2.256275,2.446972,2.018922,-0.452504,7.388506,4.065354,-0.532615,-1.819813,0.693287,2.018922,0.076358,0.402560,0.386067,0.562968,0.409738,-15.813001,-40.678001,-16.391001,NaN,-0.599390,true,Self-supervised model,0.237577,0.167000,3.391939,20.311014,0.000000,0.000000,1.117564,3.586211,false,false
2026-04-17T14:33:05.994072,0.918371,-0.100192,-0.172738,99.897,E,1,0.923820,1,0.923820,2.192705,2.458801,1.858966,-0.390255,7.489063,3.878607,-0.487933,-1.720026,0.509104,1.858966,0.035430,0.453262,0.419664,0.618724,0.454645,-15.813001,-40.678001,-16.391001,NaN,-0.607747,true,Self-supervised model,0.219909,0.176000,3.670972,20.857797,0.000000,0.000000,1.179530,3.004513,false,false
2026-04-17T14:33:06.001427,0.918371,-0.100192,-0.178488,100.227,E,1,0.923820,1,0.923820,2.116512,2.467110,1.716496,-0.282516,7.615956,3.869030,-0.399361,-1.592906,0.499518,1.716496,-0.000611,0.478918,0.445932,0.654384,0.478919,-15.813001,-40.678001,-16.391001,NaN,-0.617017,true,Self-supervised model,0.203677,0.183000,4.000431,21.860276,0.000000,0.000000,1.233042,2.623072,false,false
2026-04-17T14:33:06.008878,0.918371,-0.100192,-0.185098,100.605,E,1,0.923820,1,0.923820,2.035723,2.471854,1.611584,-0.172383,7.759608,4.010288,-0.309409,-1.447621,0.637074,1.611584,-0.028711,0.491136,0.476475,0.684885,0.491974,-15.813001,-40.678001,-16.391001,NaN,-0.627067,true,Self-supervised model,0.190688,0.190000,4.379160,23.048212,0.000000,0.000000,1.263182,2.353074,false,false
2026-04-17T14:33:06.017376,0.918371,-0.100192,-0.192488,101.029,E,1,0.923820,1,0.923820,1.944650,2.472766,1.466514,-0.064643,7.958326,4.118027,-0.223030,-1.246614,0.739509,1.466514,-0.030543,0.496633,0.495412,0.702147,0.497572,-15.813001,-40.678001,-16.391001,NaN,-0.637575,true,Self-supervised model,0.181563,0.199000,4.802561,24.133473,0.000000,0.000000,1.326036,2.088614,false,false
2026-04-17T14:33:06.025364,0.918371,-0.100192,-0.200582,101.493,E,1,0.923820,1,0.923820,1.856624,2.470120,1.394488,0.035913,8.099585,4.225766,-0.143978,-1.102771,0.841287,1.394488,-0.010996,0.493579,0.502131,0.704185,0.493702,-15.813001,-40.678001,-16.391001,NaN,-0.648488,true,Self-supervised model,0.169699,0.207000,5.266329,25.441205,0.000000,0.000000,1.331402,1.980285,false,false
2026-04-17T14:33:06.033148,0.918371,-0.100192,-0.209250,101.989,E,1,0.923820,1,0.923820,1.765981,2.463955,1.290106,0.227449,8.257602,4.271256,0.026950,-0.942163,0.880895,1.290106,0.029322,0.480751,0.493579,0.689639,0.481644,-15.813001,-40.678001,-16.391001,NaN,-0.659450,true,Self-supervised model,0.162577,0.215000,5.762963,26.804479,0.000000,0.000000,1.368865,1.870698,false,false
2026-04-17T14:33:06.040396,0.918371,-0.100192,-0.218316,102.509,E,1,0.923820,1,0.923820,1.665107,2.454001,1.135520,0.287304,8.391677,4.192247,0.067613,-0.805886,0.797108,1.135520,0.086132,0.458760,0.475253,0.666142,0.466775,-15.813001,-40.678001,-16.391001,NaN,-0.670107,true,Self-supervised model,0.159301,0.222000,6.282390,28.299054,0.000000,0.000000,1.466383,1.704622,false,false
2026-04-17T14:33:06.048957,0.918371,-0.100192,-0.227577,103.039,E,1,0.923820,1,0.923820,1.571140,2.440686,1.077812,0.368707,8.425196,4.139575,0.131493,-0.770912,0.741675,1.077812,0.144775,0.434936,0.442266,0.636968,0.458398,-15.813001,-40.678001,-16.391001,NaN,-0.680151,true,Self-supervised model,0.154927,0.230000,6.813027,29.621855,0.000000,0.000000,1.457713,1.692096,false,false
2026-04-17T14:33:06.057198,0.918371,-0.100192,-0.236866,103.571,E,1,0.923820,1,0.923820,1.474787,2.424050,0.968931,0.442927,8.441956,3.976769,0.189781,-0.753645,0.578645,0.968931,0.188147,0.395841,0.406225,0.597585,0.438280,-15.813001,-40.678001,-16.391001,NaN,-0.689550,true,Self-supervised model,0.153020,0.239000,7.345233,30.733192,0.000000,0.000000,1.522076,1.621411,false,false
2026-04-17T14:33:06.065286,0.918371,-0.100192,-0.246027,104.096,E,1,0.923820,1,0.923820,1.372109,2.403973,0.833052,0.347159,8.449138,3.754108,0.080052,-0.747299,0.359321,0.833052,0.231518,0.357356,0.358578,0.556671,0.425798,-15.813001,-40.678001,-16.391001,NaN,-0.698202,true,Self-supervised model,0.154639,0.247000,7.870144,31.862933,0.000000,0.000000,1.647087,1.496490,false,false
2026-04-17T14:33:06.072973,0.918371,-0.100192,-0.254911,104.605,E,1,0.923820,1,0.923820,1.275497,2.380834,0.768283,0.253785,8.456321,3.586514,-0.025276,-0.741974,0.197725,0.768283,0.252898,0.309709,0.312763,0.507639,0.399846,-15.813001,-40.678001,-16.391001,NaN,-0.705973,true,Self-supervised model,0.149813,0.254000,8.379131,32.988704,0.000000,0.000000,1.660191,1.513443,false,false
2026-04-17T14:33:06.081978,0.918371,-0.100192,-0.263385,105.091,E,1,0.923820,1,0.923820,1.192507,2.355301,0.756811,0.146046,8.465898,3.490746,-0.143871,-0.734879,0.109616,0.756811,0.257785,0.256563,0.280998,0.459606,0.363700,-15.522000,-39.151001,-18.827002,NaN,-0.712811,true,Self-supervised model,0.145498,0.263000,8.864675,33.705990,0.000000,0.000000,1.575701,1.646650,false,false
2026-04-17T14:33:06.089716,0.918371,-0.100192,-0.271386,105.549,E,1,0.923820,1,0.923820,1.120028,2.327890,0.739510,0.023942,8.518570,3.409343,-0.276462,-0.684916,0.036513,0.739510,0.254120,0.229685,0.271224,0.436915,0.342538,-15.522000,-39.151001,-18.827002,NaN,-0.718916,true,Self-supervised model,0.136265,0.271000,9.323069,34.402467,0.000000,0.000000,1.514554,1.692571,false,false
2026-04-17T14:33:06.098165,0.918371,-0.100192,-0.278930,105.982,E,1,0.923820,1,0.923820,1.057817,2.299087,0.731208,0.035913,8.530540,3.414132,-0.274869,-0.675740,0.049878,0.731208,0.250455,0.221133,0.273057,0.431494,0.334107,-15.522000,-39.151001,-18.827002,NaN,-0.724637,true,Self-supervised model,0.130440,0.280000,9.755337,34.840490,0.000000,0.000000,1.446669,1.694595,false,false
2026-04-17T14:33:06.104641,0.918371,-0.100192,-0.286080,106.391,E,1,0.923820,1,0.923820,0.998991,2.269083,0.690155,0.086191,8.564059,3.426103,-0.235128,-0.645024,0.070520,0.690155,0.251066,0.220522,0.275500,0.433087,0.334162,-15.522000,-39.151001,-18.827002,NaN,-0.730206,true,Self-supervised model,0.125383,0.286000,10.164965,35.541836,0.000000,0.000000,1.447487,1.593572,false,false
2026-04-17T14:33:06.114082,0.918371,-0.100192,-0.292921,106.783,E,1,0.923820,1,0.923820,0.930959,2.237558,0.573790,0.186748,8.659827,3.404555,-0.145136,-0.552110,0.057842,0.573790,0.247400,0.238848,0.280387,0.443703,0.343883,-15.522000,-39.151001,-18.827002,NaN,-0.735815,true,Self-supervised model,0.137609,0.296000,10.556949,35.665367,0.000000,0.000000,1.622472,1.293185,false,false
2026-04-17T14:33:06.121309,0.918371,-0.100192,-0.299540,107.162,E,1,0.923820,1,0.923820,0.854053,2.204218,0.450296,0.392649,8.767567,3.356671,0.050543,-0.447070,0.018433,0.450296,0.242514,0.255953,0.277944,0.448973,0.352597,-15.522000,-39.151001,-18.827002,NaN,-0.741546,true,Self-supervised model,0.147806,0.303000,10.936201,36.093074,0.000000,0.000000,1.896649,1.002945,false,false
2026-04-17T14:33:06.131046,0.918371,-0.100192,-0.305992,107.532,E,1,0.923820,1,0.923820,0.775660,2.169075,0.364099,0.550666,8.913613,3.301604,0.199194,-0.303382,-0.029140,0.364099,0.223577,0.275500,0.259007,0.439285,0.354805,-15.522000,-39.151001,-18.827002,NaN,-0.747330,true,Self-supervised model,0.157637,0.312000,11.305893,36.236837,0.000000,0.000000,2.130357,0.828843,false,false
2026-04-17T14:33:06.136783,0.918371,-0.100192,-0.312283,107.892,E,1,0.923820,1,0.923820,0.709239,2.132682,0.360527,0.679953,9.057265,3.363853,0.320186,-0.161248,0.038200,0.360527,0.189368,0.273057,0.231518,0.404995,0.332296,-15.522000,-39.151001,-18.827002,NaN,-0.752972,true,Self-supervised model,0.143533,0.318000,11.666296,36.686465,0.000000,0.000000,1.967228,0.890201,false,false
2026-04-17T14:33:06.145319,0.918371,-0.100192,-0.318368,108.241,E,1,0.923820,1,0.923820,0.659200,2.095743,0.396497,0.723049,9.217676,3.497929,0.356158,-0.001266,0.174241,0.396497,0.152105,0.251066,0.193033,0.351329,0.293547,-15.522000,-39.151001,-18.827002,NaN,-0.758236,true,Self-supervised model,0.130455,0.327000,12.014940,36.742937,0.000000,0.000000,1.662559,1.128564,false,false
2026-04-17T14:33:06.153636,0.918371,-0.100192,-0.324162,108.573,E,1,0.923820,1,0.923820,0.638141,2.059439,0.527580,0.711078,9.399636,3.687071,0.338038,0.181376,0.362179,0.527580,0.130725,0.235794,0.163101,0.315103,0.269607,-15.522000,-39.151001,-18.827002,NaN,-0.762869,true,Self-supervised model,0.100100,0.335000,12.346949,36.856564,0.000000,0.000000,1.209563,1.674309,false,false
2026-04-17T14:33:06.161652,0.918371,-0.100192,-0.329600,108.885,E,1,0.923820,1,0.923820,0.663227,2.025590,0.794928,0.749385,9.516952,3.964798,0.370920,0.300446,0.635658,0.794928,0.120340,0.211359,0.127671,0.274690,0.243217,-15.522000,-39.151001,-18.827002,NaN,-0.766878,true,Self-supervised model,0.114430,0.343000,12.658491,36.905223,0.000000,0.000000,0.834323,2.893912,false,false
2026-04-17T14:33:06.169196,0.918371,-0.100192,-0.334642,109.174,E,1,0.923820,1,0.923820,0.728088,1.995690,1.068611,0.768539,9.634268,4.240131,0.384611,0.420527,0.903970,1.068611,0.135001,0.171042,0.094684,0.237583,0.217901,-15.522000,-39.151001,-18.827002,NaN,-0.770339,true,Self-supervised model,0.150764,0.351000,12.947382,36.887127,0.000000,0.000000,0.681341,4.497836,false,false
2026-04-17T14:33:06.177167,0.918371,-0.100192,-0.339284,109.440,E,1,0.923820,1,0.923820,0.816695,1.970530,1.281879,0.826000,9.706094,4.443638,0.435546,0.495704,1.098996,1.281879,0.158214,0.106291,0.067195,0.202100,0.190603,-15.522000,-39.151001,-18.827002,NaN,-0.773383,true,Self-supervised model,0.175227,0.359000,13.213375,36.806058,0.000000,0.000000,0.637107,6.342785,false,false
2026-04-17T14:33:06.185412,0.918371,-0.100192,-0.343557,109.684,E,1,0.923820,1,0.923820,0.916190,1.950357,1.438537,0.979228,9.636662,4.594473,0.581477,0.428710,1.243978,1.438537,0.184481,0.048869,0.038485,0.194686,0.190844,-15.522000,-39.151001,-18.827002,NaN,-0.776174,true,Self-supervised model,0.188901,0.367000,13.458156,36.670724,0.000000,0.000000,0.636890,7.389013,false,false
2026-04-17T14:33:06.192834,0.918371,-0.100192,-0.347486,109.909,E,1,0.923820,1,0.923820,1.023614,1.935287,1.587594,1.156399,9.502586,4.721366,0.750698,0.296336,1.367147,1.587594,0.210749,-0.023824,0.000000,0.212091,0.212091,-15.522000,-39.151001,-18.827002,NaN,-0.778732,true,Self-supervised model,0.196543,0.374000,13.683295,36.586349,0.000000,0.000000,0.644758,7.485444,false,false
2026-04-17T14:33:06.201068,0.918371,-0.100192,-0.351069,110.115,E,1,0.923820,1,0.923820,1.128894,1.925031,1.681611,1.230620,9.406818,4.812346,0.816725,0.201690,1.456055,1.681611,0.230296,-0.086132,-0.034208,0.248244,0.245876,-15.522000,-39.151001,-18.827002,NaN,-0.780931,true,Self-supervised model,0.196507,0.383000,13.888603,36.262672,0.000000,0.000000,0.671317,6.774012,false,false
2026-04-17T14:33:06.209197,0.918371,-0.100192,-0.354279,110.299,E,1,0.923820,1,0.923820,1.216530,1.918691,1.676619,1.122881,9.409213,4.865018,0.702099,0.204388,1.508752,1.676619,0.262672,-0.099571,-0.065363,0.288415,0.280911,-15.522000,-39.151001,-18.827002,NaN,-0.782648,true,Self-supervised model,0.185571,0.391000,14.072527,35.991117,0.000000,0.000000,0.725585,5.813213,false,false
2026-04-17T14:33:06.217955,0.918371,-0.100192,-0.357068,110.458,E,1,0.923820,1,0.923820,1.262117,1.914428,1.501452,1.017536,9.493010,4.702212,0.592501,0.287124,1.349392,1.501452,0.297491,-0.054367,-0.084299,0.313948,0.302418,-15.522000,-39.151001,-18.827002,NaN,-0.783750,true,Self-supervised model,0.157938,0.399000,14.232295,35.669913,0.000000,0.000000,0.840598,4.782487,false,false
2026-04-17T14:33:06.225704,0.918371,-0.100192,-0.359421,110.593,E,1,0.923820,1,0.923820,1.241827,1.909524,1.135302,0.866701,9.583989,4.321534,0.442302,0.375475,0.975858,1.135302,0.329256,0.075136,-0.112399,0.355934,0.337721,-15.522000,-39.151001,-18.827002,NaN,-0.784364,true,Self-supervised model,0.128030,0.407000,14.367139,35.300096,0.000000,0.000000,1.093829,3.189644,false,false
2026-04-17T14:33:06.233286,0.918371,-0.100192,-0.361321,110.702,E,1,0.923820,1,0.923820,1.174910,1.902140,0.823594,0.612916,9.730036,3.936068,0.201875,0.513203,0.611700,0.823594,0.337808,0.240681,-0.150273,0.441162,0.414779,-15.522000,-39.151001,-18.827002,NaN,-0.784451,true,Self-supervised model,0.139726,0.415000,14.476011,34.881953,0.000000,0.000000,1.426563,1.866875,false,false
2026-04-17T14:33:06.241456,0.918371,-0.100192,-0.362460,110.767,E,1,0.923820,1,0.923820,1.115849,1.892688,0.805781,0.339977,10.002975,3.507505,-0.051531,0.777915,0.203655,0.805781,0.311541,0.353691,-0.177151,0.503525,0.471334,-16.722000,-37.216003,-19.049002,NaN,-0.782543,true,Self-supervised model,0.133194,0.423000,14.541248,34.376472,0.000000,0.000000,1.384805,1.600279,false,false
2026-04-17T14:33:06.249362,0.918371,-0.100192,-0.362819,110.788,E,1,0.923820,1,0.923820,1.115191,1.883588,1.111738,0.002394,10.278308,3.198653,-0.365248,1.046293,-0.088463,1.111738,0.240070,0.419054,-0.193644,0.520325,0.482949,-16.722000,-37.216003,-19.049002,NaN,-0.779783,true,Self-supervised model,0.117755,0.431000,14.561809,33.786100,0.000000,0.000000,1.003106,2.136624,false,false
2026-04-17T14:33:06.257705,0.918371,-0.100192,-0.362389,110.763,E,1,0.923820,1,0.923820,1.155482,1.876464,1.367011,-0.205901,10.486604,3.203442,-0.548659,1.249930,-0.073262,1.367011,0.132558,0.420886,-0.185703,0.478751,0.441267,-16.722000,-37.216003,-19.049002,NaN,-0.776199,true,Self-supervised model,0.140348,0.439000,14.537192,33.114333,0.000000,0.000000,0.845262,2.855371,false,false
2026-04-17T14:33:06.267221,0.918371,-0.100192,-0.361247,110.698,E,1,0.923820,1,0.923820,1.208646,1.871751,1.487753,-0.232238,10.606314,3.466804,-0.552593,1.367748,0.193171,1.487753,0.020769,0.357967,-0.152105,0.389497,0.358569,-16.722000,-37.216003,-19.049002,NaN,-0.772207,true,Self-supervised model,0.154905,0.449000,14.471753,32.231077,0.000000,0.000000,0.812397,3.819679,false,false
2026-04-17T14:33:06.272774,0.918371,-0.100192,-0.359575,110.602,E,1,0.923820,1,0.923820,1.294908,1.870677,1.747787,-0.146046,10.785878,3.952827,-0.449157,1.547636,0.676639,1.747787,-0.043982,0.271835,-0.109956,0.296511,0.275370,-16.722000,-37.216003,-19.049002,NaN,-0.768416,true,Self-supervised model,0.190047,0.454000,14.375953,31.665095,0.000000,0.000000,0.740884,5.894503,false,false
2026-04-17T14:33:06.281148,0.918371,-0.100192,-0.357629,110.491,E,1,0.923820,1,0.923820,1.409215,1.874219,2.009327,0.093374,10.888829,4.407725,-0.199060,1.652173,1.126097,2.009327,-0.073304,0.171042,-0.052534,0.193362,0.186088,-16.722000,-37.216003,-19.049002,NaN,-0.765375,true,Self-supervised model,0.245339,0.463000,14.264465,30.808779,0.000000,0.000000,0.701337,10.391543,false,false
2026-04-17T14:33:06.289388,0.918371,-0.100192,-0.355703,110.380,E,1,0.923820,1,0.923820,1.544760,1.883041,2.256367,0.292093,10.912771,4.795586,0.004427,1.677863,1.508625,2.256367,-0.059865,0.092241,-0.004887,0.110073,0.109964,-16.722000,-37.216003,-19.049002,NaN,-0.763528,true,Self-supervised model,0.346399,0.471000,14.154116,30.051201,0.000000,0.000000,0.684622,20.498868,false,false
2026-04-17T14:33:06.298015,0.918371,-0.100192,-0.354031,110.284,E,1,0.923820,1,0.923820,1.680816,1.896952,2.395109,0.454898,10.939108,4.963180,0.166742,1.705100,1.673732,2.395109,-0.011606,0.017715,0.040317,0.045541,0.021179,-16.722000,-37.216003,-19.049002,NaN,-0.762870,true,Self-supervised model,0.501334,0.479000,14.058295,29.349258,0.000000,0.000000,0.701770,0.000000,false,false
2026-04-17T14:33:06.304783,0.918371,-0.100192,-0.352788,110.213,E,1,0.923820,1,0.923820,1.790923,1.914710,2.368985,0.708684,10.941502,4.876989,0.415683,1.707110,1.589047,2.368985,0.040317,-0.022602,0.073915,0.087176,0.046220,-16.722000,-37.216003,-19.049002,NaN,-0.763344,true,Self-supervised model,0.417968,0.486000,13.987073,28.779985,0.000000,0.000000,0.755987,27.174650,false,false
2026-04-17T14:33:06.314566,0.918371,-0.100192,-0.352096,110.174,E,1,0.923820,1,0.923820,1.846080,1.933965,2.135655,1.036689,10.852917,4.467580,0.736407,1.616767,1.185239,2.135655,0.091630,-0.021380,0.092241,0.131763,0.094091,-16.722000,-37.216003,-19.049002,NaN,-0.764860,true,Self-supervised model,0.318048,0.496000,13.947459,28.119878,0.000000,0.000000,0.864409,16.208310,false,false
2026-04-17T14:33:06.321316,0.918371,-0.100192,-0.352000,110.168,E,1,0.923820,1,0.923820,1.868046,1.953328,1.983366,1.192312,10.848128,4.022259,0.885773,1.609563,0.747299,1.983366,0.096517,-0.009163,0.072082,0.120811,0.096951,-16.722000,-37.216003,-19.049002,NaN,-0.767142,true,Self-supervised model,0.305714,0.503000,13.941928,27.717552,0.000000,0.000000,0.941856,16.417121,false,false
2026-04-17T14:33:06.331148,0.918371,-0.100192,-0.352349,110.188,E,1,0.923820,1,0.923820,1.866638,1.971861,1.859251,1.326388,10.761936,3.600879,1.015651,1.521793,0.330774,1.859251,0.036652,-0.027489,0.034208,0.057177,0.045815,-16.722000,-37.216003,-19.049002,NaN,-0.769273,true,Self-supervised model,0.408846,0.513000,13.961915,27.216208,0.000000,0.000000,1.003973,32.517394,false,false
2026-04-17T14:33:06.337038,0.918371,-0.100192,-0.352899,110.220,E,1,0.923820,1,0.923820,1.858986,1.989346,1.818811,1.616086,10.505757,3.189077,1.303053,1.266221,-0.082527,1.818811,-0.062919,-0.068417,-0.001833,0.092968,0.092950,-16.722000,-37.216003,-19.049002,NaN,-0.770629,true,Self-supervised model,0.310952,0.518000,13.993445,27.014373,0.000000,0.000000,1.022089,19.563842,false,false
2026-04-17T14:33:06.352037,0.918371,-0.100192,-0.353391,110.248,E,1,0.923820,1,0.923820,1.854486,2.005951,1.830861,1.860295,10.196905,3.107674,1.547987,0.961657,-0.176081,1.830861,-0.231518,-0.136223,-0.077580,0.279599,0.268621,-16.722000,-37.216003,-19.049002,NaN,-0.770887,true,Self-supervised model,0.215015,0.533000,14.021628,26.306995,0.000000,0.000000,1.012904,6.548155,false,false
2026-04-17T14:33:06.352773,0.918371,-0.100192,-0.353476,110.253,E,1,0.923820,1,0.923820,1.838200,2.021241,1.752697,1.860295,10.196905,3.107674,1.547707,0.800536,0.188918,1.752697,-0.420886,-0.209527,-0.159436,0.496454,0.470156,-16.722000,-37.216003,-19.049002,NaN,-0.769343,true,Self-supervised model,0.189461,0.534000,14.026481,26.266819,0.000000,0.000000,1.048784,3.530432,false,false
2026-04-17T14:33:06.361440,0.918371,-0.100192,-0.352791,110.213,E,1,0.923820,1,0.923820,1.816066,2.035034,1.699867,1.704672,9.811439,4.091691,1.405757,0.598253,0.745311,1.699867,-0.559553,-0.226631,-0.223577,0.643776,0.603706,-16.722000,-37.216003,-19.049002,NaN,-0.765579,true,Self-supervised model,0.177243,0.543000,13.987236,25.759182,0.000000,0.000000,1.068358,2.640465,false,false
2026-04-17T14:33:06.368971,0.918371,-0.100192,-0.351078,110.115,E,1,0.923820,1,0.923820,1.840910,2.049269,1.971340,1.474828,9.493010,4.934450,1.188404,0.295219,1.544903,1.971340,-0.605978,-0.186925,-0.255342,0.683630,0.634153,-16.722000,-37.216003,-19.049002,NaN,-0.759758,true,Self-supervised model,0.190377,0.550000,13.889125,25.252954,0.000000,0.000000,0.933837,2.883637,false,false
2026-04-17T14:33:06.376814,0.918371,-0.100192,-0.348339,109.958,E,1,0.923820,1,0.923820,1.935957,2.066737,2.434951,1.216254,9.222465,5.676652,0.945208,0.040341,2.243644,2.434951,-0.580322,-0.118508,-0.263894,0.648427,0.592299,-16.722000,-37.216003,-19.049002,NaN,-0.752912,true,Self-supervised model,0.239351,0.558000,13.732191,24.609662,0.000000,0.000000,0.795070,3.755166,false,false
2026-04-17T14:33:06.384707,0.918371,-0.100192,-0.344725,109.751,E,1,0.923820,1,0.923820,2.062823,2.088580,2.728873,0.948104,8.966286,6.102820,0.693476,-0.201913,2.631553,2.728873,-0.479529,-0.038485,-0.237016,0.536289,0.481071,-16.722000,-37.216003,-19.049002,NaN,-0.745795,true,Self-supervised model,0.280847,0.566000,13.525087,23.895914,0.000000,0.000000,0.755925,5.088439,false,false
2026-04-17T14:33:06.393305,0.918371,-0.100192,-0.340520,109.510,E,1,0.923820,1,0.923820,2.191774,2.114708,2.868766,0.675165,8.659827,6.291962,0.435591,-0.497666,2.791488,2.868766,-0.332922,0.043982,-0.171653,0.377142,0.335814,-16.722000,-37.216003,-19.049002,NaN,-0.739228,true,Self-supervised model,0.322597,0.575000,13.284159,23.102885,0.000000,0.000000,0.764013,7.606596,false,false
2026-04-17T14:33:06.401981,0.918371,-0.100192,-0.336122,109.258,E,1,0.923820,1,0.923820,2.299801,2.144112,2.866940,0.667982,8.212111,6.191406,0.440296,-0.938759,2.672867,2.866940,-0.189368,0.124006,-0.098349,0.246800,0.226358,-17.220001,-37.558002,-19.491001,NaN,-0.734059,true,Self-supervised model,0.365282,0.583000,13.032181,22.353655,0.000000,0.000000,0.802180,11.616445,false,false
2026-04-17T14:33:06.408887,0.918371,-0.100192,-0.331970,109.020,E,1,0.923820,1,0.923820,2.376099,2.175391,2.776667,0.684742,7.893683,5.959168,0.464166,-1.254515,2.433233,2.776667,-0.020769,0.203418,-0.001833,0.204484,0.204476,-17.220001,-37.558002,-19.491001,NaN,-0.730890,true,Self-supervised model,0.377870,0.590000,12.794285,21.685228,0.000000,0.000000,0.855738,13.578904,false,false
2026-04-17T14:33:06.417451,0.918371,-0.100192,-0.328487,108.821,E,1,0.923820,1,0.923820,2.402570,2.206478,2.541541,0.689530,7.790732,5.619191,0.469692,-1.358539,2.095994,2.541541,0.142332,0.239459,0.100793,0.296240,0.278566,-17.220001,-37.558002,-19.491001,NaN,-0.730085,true,Self-supervised model,0.317903,0.599000,12.594741,21.026279,0.000000,0.000000,0.945320,8.579328,false,false
2026-04-17T14:33:06.425443,0.918371,-0.100192,-0.326052,108.681,E,1,0.923820,1,0.923820,2.359129,2.234584,2.131066,0.883460,7.766790,4.991910,0.656826,-1.386349,1.479208,2.131066,0.256563,0.232740,0.180205,0.390470,0.346399,-17.220001,-37.558002,-19.491001,NaN,-0.731840,true,Self-supervised model,0.257116,0.607000,12.455224,20.519314,0.000000,0.000000,1.107019,5.457700,false,false
2026-04-17T14:33:06.433179,0.918371,-0.100192,-0.324947,108.618,E,1,0.923820,1,0.923820,2.251507,2.257261,1.686492,1.000776,7.888895,4.304775,0.759943,-1.270131,0.808399,1.686492,0.345750,0.191812,0.244346,0.464801,0.395392,-17.220001,-37.558002,-19.491001,NaN,-0.736058,true,Self-supervised model,0.224876,0.615000,12.391934,20.149486,0.000000,0.000000,1.335024,3.628420,false,false
2026-04-17T14:33:06.440904,0.918371,-0.100192,-0.325326,108.640,E,1,0.923820,1,0.923820,2.113121,2.273496,1.386591,1.070208,8.042124,3.548207,0.809712,-1.123411,0.070348,1.386591,0.375071,0.121562,0.271835,0.478905,0.394279,-17.220001,-37.558002,-19.491001,NaN,-0.742369,true,Self-supervised model,0.212119,0.622000,12.413624,19.957595,0.000000,0.000000,1.523968,2.895336,false,false
2026-04-17T14:33:06.449172,0.918371,-0.100192,-0.327135,108.743,E,1,0.923820,1,0.923820,1.985982,2.283995,1.318504,1.019930,8.192958,2.971204,0.735945,-0.978341,-0.489579,1.318504,0.337198,0.019548,0.266948,0.430518,0.337764,-17.220001,-37.558002,-19.491001,NaN,-0.749900,true,Self-supervised model,0.199934,0.631000,12.517282,19.837214,0.000000,0.000000,1.506239,3.062601,false,false
2026-04-17T14:33:06.457985,0.918371,-0.100192,-0.330173,108.918,E,1,0.923820,1,0.923820,1.891071,2.290278,1.392786,0.919373,8.348581,2.506729,0.610692,-0.827500,-0.939230,1.392786,0.260229,-0.067806,0.255953,0.371252,0.268917,-17.220001,-37.558002,-19.491001,NaN,-0.757855,true,Self-supervised model,0.188065,0.639000,12.691360,19.861283,0.000000,0.000000,1.357761,3.751589,false,false
2026-04-17T14:33:06.465922,0.918371,-0.100192,-0.334109,109.143,E,1,0.923820,1,0.923820,1.822228,2.293556,1.460802,0.828394,8.370130,2.324770,0.494254,-0.808639,-1.111647,1.460802,0.147219,-0.158214,0.242514,0.324835,0.216113,-17.220001,-37.558002,-19.491001,NaN,-0.765381,true,Self-supervised model,0.179041,0.647000,12.916866,19.964243,0.000000,0.000000,1.247416,4.497058,false,false
2026-04-17T14:33:06.472833,0.918371,-0.100192,-0.338629,109.402,E,1,0.923820,1,0.923820,1.767112,2.294498,1.477754,0.845153,8.274361,2.370260,0.485421,-0.904670,-1.062871,1.477754,0.034819,-0.218079,0.225409,0.315563,0.220841,-17.220001,-37.558002,-19.491001,NaN,-0.772237,true,Self-supervised model,0.170970,0.654000,13.175837,20.146540,0.000000,0.000000,1.195809,4.682909,false,false
2026-04-17T14:33:06.480880,0.918371,-0.100192,-0.343478,109.680,E,1,0.923820,1,0.923820,1.715844,2.293352,1.446689,0.837971,8.147469,2.525883,0.453507,-1.029811,-0.909247,1.446689,-0.042761,-0.239459,0.215025,0.324661,0.243247,-17.220001,-37.558002,-19.491001,NaN,-0.778400,true,Self-supervised model,0.166221,0.662000,13.453634,20.322710,0.000000,0.000000,1.186049,4.455999,false,false
2026-04-17T14:33:06.489046,0.918371,-0.100192,-0.348450,109.965,E,1,0.923820,1,0.923820,1.661745,2.290088,1.377725,0.797269,8.054094,2.738967,0.388809,-1.120071,-0.701707,1.377725,-0.085521,-0.240070,0.215635,0.333835,0.254848,-17.220001,-37.558002,-19.491001,NaN,-0.783867,true,Self-supervised model,0.160365,0.670000,13.738522,20.505257,0.000000,0.000000,1.206152,4.126957,false,false
2026-04-17T14:33:06.498539,0.918371,-0.100192,-0.353438,110.251,E,1,0.923820,1,0.923820,1.615670,2.285111,1.373774,0.756568,7.951144,2.904167,0.324249,-1.219240,-0.543666,1.373774,-0.104458,-0.221744,0.226020,0.333417,0.245116,-17.220001,-37.558002,-19.491001,NaN,-0.788920,true,Self-supervised model,0.156861,0.680000,14.024333,20.624019,0.000000,0.000000,1.176081,4.120286,false,false
2026-04-17T14:33:06.504501,0.918371,-0.100192,-0.358432,110.537,E,1,0.923820,1,0.923820,1.578215,2.278835,1.381579,0.814029,7.898471,3.035848,0.354552,-1.267271,-0.420806,1.381579,-0.103847,-0.220522,0.242514,0.343842,0.243751,-17.220001,-37.558002,-19.491001,NaN,-0.793936,true,Self-supervised model,0.149851,0.686000,14.310456,20.860723,0.000000,0.000000,1.142327,4.018066,false,false
2026-04-17T14:33:06.515138,0.918371,-0.100192,-0.363610,110.833,E,1,0.923820,1,0.923820,1.533486,2.271021,1.298657,0.847547,7.975086,3.078943,0.361273,-1.186321,-0.385530,1.298657,-0.100793,-0.235794,0.249233,0.357596,0.256433,-17.220001,-37.558002,-19.491001,NaN,-0.799851,true,Self-supervised model,0.150100,0.697000,14.607134,20.957151,0.000000,0.000000,1.180825,3.631628,false,false
2026-04-17T14:33:06.520678,0.918371,-0.100192,-0.368906,111.137,E,1,0.923820,1,0.923820,1.473110,2.261105,1.156139,0.871489,8.125920,3.090914,0.357978,-1.031435,-0.380331,1.156139,-0.094073,-0.247400,0.257174,0.369047,0.264682,-17.220001,-37.558002,-19.491001,NaN,-0.805617,true,Self-supervised model,0.142859,0.702000,14.910556,21.240108,0.000000,0.000000,1.274163,3.132774,false,false
2026-04-17T14:33:06.531502,0.918371,-0.100192,-0.374300,111.446,E,1,0.923820,1,0.923820,1.400813,2.248693,1.021254,0.945710,8.293514,3.102885,0.404096,-0.859894,-0.374496,1.021254,-0.089797,-0.262061,0.262672,0.381754,0.277019,-17.220001,-37.558002,-19.491001,NaN,-0.811404,true,Self-supervised model,0.146863,0.713000,15.219603,21.345866,0.000000,0.000000,1.371661,2.675160,false,false
2026-04-17T14:33:06.536857,0.918371,-0.100192,-0.379798,111.761,E,1,0.923820,1,0.923820,1.327461,2.233844,0.942361,1.024718,8.408437,3.119645,0.454727,-0.741119,-0.363332,0.942361,-0.083689,-0.266337,0.258396,0.380405,0.279176,-17.220001,-37.558002,-19.491001,NaN,-0.817319,true,Self-supervised model,0.138959,0.718000,15.534622,21.635964,0.000000,0.000000,1.408654,2.477260,false,false
2026-04-17T14:33:06.545311,0.918371,-0.100192,-0.385378,112.081,E,1,0.923820,1,0.923820,1.256760,2.216761,0.885580,1.154005,8.530540,3.177106,0.555871,-0.615293,-0.310926,0.885580,-0.076969,-0.262672,0.242514,0.365696,0.273717,-17.220001,-37.558002,-19.491001,NaN,-0.823228,true,Self-supervised model,0.139952,0.727000,15.854353,21.807914,0.000000,0.000000,1.419137,2.421629,false,false
2026-04-17T14:33:06.553035,0.918371,-0.100192,-0.390999,112.403,E,1,0.923820,1,0.923820,1.188196,2.197618,0.828237,1.228225,8.671799,3.174711,0.603045,-0.470612,-0.317549,0.828237,-0.065363,-0.246179,0.217468,0.334916,0.254708,-17.220001,-37.558002,-19.491001,NaN,-0.829009,true,Self-supervised model,0.137114,0.734000,16.176382,22.038667,0.000000,0.000000,1.434610,2.472970,false,false
2026-04-17T14:33:06.562691,0.918371,-0.100192,-0.396601,112.724,SE,1,0.923820,1,0.923820,1.137134,2.177199,0.869058,1.319205,8.741230,3.110068,0.669530,-0.398361,-0.385097,0.869058,-0.045815,-0.202807,0.178373,0.273946,0.207918,-15.781001,-37.516003,-21.727001,NaN,-0.834538,true,Self-supervised model,0.131722,0.744000,16.497365,22.173878,0.000000,0.000000,1.308468,3.172365,false,false
2026-04-17T14:33:06.569654,0.918371,-0.100192,-0.402095,113.038,SE,1,0.923820,1,0.923820,1.097719,2.156020,0.890789,1.379060,8.817844,3.062184,0.708946,-0.319749,-0.434350,0.890789,-0.030543,-0.140499,0.116064,0.184780,0.143781,-15.781001,-37.516003,-21.727001,NaN,-0.839600,true,Self-supervised model,0.129762,0.751000,16.812155,22.386358,0.000000,0.000000,1.232300,4.820796,false,false
2026-04-17T14:33:06.576849,0.918371,-0.100192,-0.407358,113.340,SE,1,0.923820,1,0.923820,1.065949,2.134417,0.899155,1.355118,8.875306,2.956839,0.670175,-0.261248,-0.539533,0.899155,-0.017104,-0.078802,0.046426,0.093046,0.080637,-15.781001,-37.516003,-21.727001,NaN,-0.843940,true,Self-supervised model,0.145352,0.758000,17.113720,22.577467,0.000000,0.000000,1.185500,9.663534,false,false
2026-04-17T14:33:06.585388,0.918371,-0.100192,-0.412219,113.618,SE,1,0.923820,1,0.923820,1.041235,2.112689,0.911488,1.292869,8.894460,2.851494,0.598676,-0.242002,-0.643298,0.911488,-0.009774,-0.030543,-0.020159,0.037879,0.032069,-15.781001,-37.516003,-21.727001,NaN,-0.847193,true,Self-supervised model,0.186129,0.767000,17.392249,22.675683,0.000000,0.000000,1.142347,0.000000,false,false
2026-04-17T14:33:06.593681,0.918371,-0.100192,-0.416530,113.865,SE,1,0.923820,1,0.923820,1.027165,2.091268,0.953297,1.154005,8.872911,2.698265,0.456837,-0.264346,-0.793849,0.953297,-0.007330,0.023213,-0.091630,0.094808,0.024343,-15.781001,-37.516003,-21.727001,NaN,-0.849301,true,Self-supervised model,0.147358,0.775000,17.639230,22.760297,0.000000,0.000000,1.077486,10.055013,false,false
2026-04-17T14:33:06.603350,0.918371,-0.100192,-0.420128,114.072,SE,1,0.923820,1,0.923820,1.017044,2.070299,0.963912,0.940921,8.858546,2.600103,0.246900,-0.280252,-0.888609,0.963912,-0.013439,0.070250,-0.151495,0.167530,0.071523,-15.781001,-37.516003,-21.727001,NaN,-0.850049,true,Self-supervised model,0.132222,0.785000,17.845390,22.732981,0.000000,0.000000,1.055122,5.753677,false,false
2026-04-17T14:33:06.609051,0.918371,-0.100192,-0.422883,114.229,SE,1,0.923820,1,0.923820,1.011458,2.049946,0.982127,0.703895,8.882488,2.537854,0.018438,-0.258284,-0.947376,0.982127,-0.027489,0.102625,-0.199753,0.226250,0.106243,-15.781001,-37.516003,-21.727001,NaN,-0.849432,true,Self-supervised model,0.127339,0.790000,18.003242,22.788915,0.000000,0.000000,1.029865,4.340900,false,false
2026-04-17T14:33:06.617163,0.918371,-0.100192,-0.424709,114.334,SE,1,0.923820,1,0.923820,1.008305,2.030280,0.991757,0.445322,8.875306,2.554613,-0.227208,-0.267595,-0.927551,0.991757,-0.041539,0.117897,-0.221744,0.254550,0.125001,-15.781001,-37.516003,-21.727001,NaN,-0.847538,true,Self-supervised model,0.129161,0.799000,18.107824,22.663109,0.000000,0.000000,1.016686,3.896120,false,false
2026-04-17T14:33:06.625756,0.918371,-0.100192,-0.425574,114.384,SE,1,0.923820,1,0.923820,1.012901,2.011585,1.037027,0.201113,8.872911,2.588132,-0.455337,-0.272299,-0.891037,1.037027,-0.045204,0.136223,-0.233961,0.274478,0.143527,-15.781001,-37.516003,-21.727001,NaN,-0.844563,true,Self-supervised model,0.132609,0.807000,18.157397,22.499873,0.000000,0.000000,0.976735,3.778182,false,false
2026-04-17T14:33:06.633628,0.918371,-0.100192,-0.425519,114.380,SE,1,0.923820,1,0.923820,1.021819,1.993994,1.068638,0.026336,8.896853,2.636016,-0.611669,-0.251034,-0.839541,1.068638,-0.039095,0.161268,-0.232129,0.285341,0.165940,-15.781001,-37.516003,-21.727001,NaN,-0.840829,true,Self-supervised model,0.135617,0.815000,18.154262,22.275167,0.000000,0.000000,0.956188,3.745120,false,false
2026-04-17T14:33:06.640585,0.918371,-0.100192,-0.424642,114.330,SE,1,0.923820,1,0.923820,1.034563,1.977617,1.101470,-0.090980,8.894460,2.667141,-0.708464,-0.256756,-0.803362,1.101470,-0.018326,0.182649,-0.228464,0.293073,0.183566,-15.781001,-37.516003,-21.727001,NaN,-0.836665,true,Self-supervised model,0.136409,0.822000,18.104039,22.024378,0.000000,0.000000,0.939257,3.758340,false,false
2026-04-17T14:33:06.649162,0.918371,-0.100192,-0.423047,114.239,SE,1,0.923820,1,0.923820,1.057333,1.962806,1.176878,-0.172383,8.913613,2.604892,-0.767766,-0.241733,-0.858570,1.176878,0.005498,0.202807,-0.219911,0.299202,0.202882,-15.781001,-37.516003,-21.727001,NaN,-0.832195,true,Self-supervised model,0.141979,0.831000,18.012640,21.675860,0.000000,0.000000,0.898422,3.933384,false,false
2026-04-17T14:33:06.657479,0.918371,-0.100192,-0.420848,114.113,SE,1,0.923820,1,0.923820,1.089735,1.949883,1.259846,-0.246603,8.947132,2.521094,-0.818879,-0.213071,-0.933408,1.259846,0.020769,0.211970,-0.207694,0.297489,0.212985,-15.781001,-37.516003,-21.727001,NaN,-0.827577,true,Self-supervised model,0.148869,0.839000,17.886605,21.318957,0.000000,0.000000,0.864975,4.234934,false,false
2026-04-17T14:33:06.664752,0.918371,-0.100192,-0.418149,113.958,SE,1,0.923820,1,0.923820,1.120258,1.938698,1.280505,-0.270545,9.004593,2.473210,-0.819279,-0.160978,-0.970855,1.280505,0.026878,0.215635,-0.192423,0.290254,0.217304,-15.781001,-37.516003,-21.727001,NaN,-0.822882,true,Self-supervised model,0.149716,0.846000,17.731977,20.959783,0.000000,0.000000,0.874857,4.411667,false,false
2026-04-17T14:33:06.672611,0.918371,-0.100192,-0.415047,113.780,SE,1,0.923820,1,0.923820,1.137781,1.928661,1.229774,-0.215478,9.030929,2.461239,-0.741037,-0.140303,-0.971351,1.229774,0.027489,0.207083,-0.175929,0.273112,0.208900,-15.781001,-37.516003,-21.727001,NaN,-0.818167,true,Self-supervised model,0.145461,0.854000,17.554243,20.555320,0.000000,0.000000,0.925195,4.502817,false,false
2026-04-17T14:33:06.681057,0.918371,-0.100192,-0.411645,113.586,SE,1,0.923820,1,0.923820,1.125645,1.918541,1.061930,-0.131681,9.035717,2.580950,-0.634790,-0.141307,-0.839505,1.061930,0.029322,0.178373,-0.163712,0.243881,0.180767,-15.781001,-37.516003,-21.727001,NaN,-0.813568,true,Self-supervised model,0.136480,0.862000,17.359353,20.138460,0.000000,0.000000,1.059999,4.354288,false,false
2026-04-17T14:33:06.689875,0.918371,-0.100192,-0.408015,113.378,SE,1,0.923820,1,0.923820,1.085620,1.907224,0.875492,-0.040701,9.081207,2.712631,-0.522768,-0.101763,-0.694870,0.875492,0.033598,0.136223,-0.150884,0.206037,0.140305,-15.781001,-37.516003,-21.727001,NaN,-0.809025,true,Self-supervised model,0.136133,0.871000,17.151377,19.691592,0.000000,0.000000,1.240011,4.249193,false,false
2026-04-17T14:33:06.698281,0.918371,-0.100192,-0.404226,113.160,SE,1,0.923820,1,0.923820,1.027140,1.894020,0.720120,0.004788,9.117120,2.841918,-0.457619,-0.072141,-0.551320,0.720120,0.049480,0.096517,-0.138056,0.175565,0.108461,-15.781001,-37.516003,-21.727001,NaN,-0.804597,true,Self-supervised model,0.142640,0.880000,16.934266,19.243484,0.000000,0.000000,1.426346,4.101729,false,false
2026-04-17T14:33:06.704427,0.918371,-0.100192,-0.400330,112.937,SE,1,0.923820,1,0.923820,0.948267,1.878190,0.534180,0.062249,9.150639,3.007117,-0.381982,-0.045211,-0.370667,0.534180,0.063530,0.064752,-0.125838,0.155126,0.090713,-15.781001,-37.516003,-21.727001,NaN,-0.800275,true,Self-supervised model,0.155768,0.886000,16.711048,18.861228,0.000000,0.000000,1.775182,3.443522,false,false
2026-04-17T14:33:06.713597,0.918371,-0.100192,-0.396384,112.711,SE,1,0.923820,1,0.923820,0.858726,1.859412,0.388638,0.088585,9.232041,3.172317,-0.338472,0.029251,-0.188734,0.388638,0.087965,0.038485,-0.118508,0.152522,0.096015,-15.781001,-37.516003,-21.727001,NaN,-0.796126,true,Self-supervised model,0.170542,0.895000,16.484929,18.418915,0.000000,0.000000,2.209578,2.548080,false,false
2026-04-17T14:33:06.721511,0.918371,-0.100192,-0.392412,112.484,E,1,0.923820,1,0.923820,0.787304,1.838527,0.412337,0.023942,9.311050,3.241749,-0.386771,0.100928,-0.101210,0.412337,0.113010,0.032987,-0.100793,0.154979,0.117726,-17.956001,-37.001003,-22.009001,NaN,-0.792053,true,Self-supervised model,0.155650,0.903000,16.257353,18.003713,0.000000,0.000000,1.909368,2.660597,false,false
2026-04-17T14:33:06.730144,0.918371,-0.100192,-0.388457,112.257,E,1,0.923820,1,0.923820,0.743778,1.816737,0.515267,-0.052672,9.461885,3.244143,-0.446843,0.243999,-0.079350,0.515267,0.139277,0.072693,-0.080023,0.176313,0.157106,-17.956001,-37.001003,-22.009001,NaN,-0.788167,true,Self-supervised model,0.129402,0.912000,16.030772,17.577601,0.000000,0.000000,1.443480,2.922464,false,false
2026-04-17T14:33:06.736866,0.918371,-0.100192,-0.384547,112.033,E,1,0.923820,1,0.923820,0.721244,1.794918,0.602941,-0.086191,9.605537,3.227384,-0.462370,0.379525,-0.075582,0.602941,0.155160,0.139888,-0.064752,0.218714,0.208910,-17.956001,-37.001003,-22.009001,NaN,-0.784433,true,Self-supervised model,0.115371,0.918000,15.806711,17.218640,0.000000,0.000000,1.196210,2.756749,false,false
2026-04-17T14:33:06.745071,0.918371,-0.100192,-0.380683,111.812,E,1,0.923820,1,0.923820,0.726985,1.774200,0.757124,-0.160412,9.787497,3.251326,-0.516055,0.553162,-0.030588,0.757124,0.161879,0.216857,-0.048258,0.274883,0.270614,-17.956001,-37.001003,-22.009001,NaN,-0.780759,true,Self-supervised model,0.119810,0.927000,15.585368,16.812694,0.000000,0.000000,0.960193,2.754346,false,false
2026-04-17T14:33:06.753359,0.918371,-0.100192,-0.376830,111.591,E,1,0.923820,1,0.923820,0.753221,1.755361,0.890962,-0.193930,9.959879,3.306392,-0.526548,0.717288,0.045371,0.890962,0.161879,0.290161,-0.034208,0.334019,0.332262,-17.956001,-37.001003,-22.009001,NaN,-0.776943,true,Self-supervised model,0.131223,0.935000,15.364566,16.432691,0.000000,0.000000,0.845402,2.667401,false,false
2026-04-17T14:33:06.760912,0.918371,-0.100192,-0.372943,111.368,E,1,0.923820,1,0.923820,0.775233,1.738156,0.890797,-0.136469,9.988609,3.438074,-0.456394,0.741077,0.189812,0.890797,0.168599,0.346361,-0.018937,0.385681,0.385216,-17.956001,-37.001003,-22.009001,NaN,-0.772923,true,Self-supervised model,0.127791,0.942000,15.141858,16.074159,0.000000,0.000000,0.870269,2.309674,false,false
2026-04-17T14:33:06.768479,0.918371,-0.100192,-0.369668,111.180,E,1,0.923820,1,0.923820,0.790047,1.722232,0.867821,-0.050278,9.945514,3.622427,-0.349696,0.691501,0.390709,0.867821,0.179594,0.373239,-0.003054,0.414211,0.414200,-17.956001,-37.001003,-22.009001,NaN,-0.772100,true,Self-supervised model,0.124420,0.950000,14.954259,15.741325,0.000000,0.000000,0.910380,2.095120,false,false
2026-04-17T14:33:06.776766,0.918371,-0.100192,-0.366509,110.999,E,1,0.923820,1,0.923820,0.793334,1.707076,0.810591,0.095768,9.876082,3.708618,-0.187320,0.616246,0.492147,0.810591,0.200975,0.380569,0.020769,0.430877,0.430376,-17.956001,-37.001003,-22.009001,NaN,-0.769399,true,Self-supervised model,0.119492,0.958000,14.773222,15.420899,0.000000,0.000000,0.978712,1.881257,false,false
2026-04-17T14:33:06.784769,0.918371,-0.100192,-0.363696,110.838,E,1,0.923820,1,0.923820,0.794716,1.692582,0.801970,0.217872,9.859323,3.737349,-0.053293,0.593727,0.536474,0.801970,0.229685,0.386067,0.047037,0.451681,0.449225,-17.956001,-37.001003,-22.009001,NaN,-0.767971,true,Self-supervised model,0.118919,0.966000,14.612035,15.126331,0.000000,0.000000,0.990955,1.775524,false,false
2026-04-17T14:33:06.793757,0.918371,-0.100192,-0.361435,110.709,E,1,0.923820,1,0.923820,0.802370,1.678973,0.842553,0.328006,9.895236,3.746926,0.065205,0.623636,0.562780,0.842553,0.251676,0.375682,0.062308,0.456465,0.452193,-17.956001,-37.001003,-22.009001,NaN,-0.767920,true,Self-supervised model,0.122575,0.975000,14.482503,14.853849,0.000000,0.000000,0.952308,1.845821,false,false
2026-04-17T14:33:06.801241,0.918371,-0.100192,-0.359832,110.617,E,1,0.923820,1,0.923820,0.819286,1.666586,0.908096,0.447716,9.993398,3.691859,0.190416,0.715427,0.525874,0.908096,0.274278,0.353080,0.072693,0.452966,0.447095,-17.956001,-37.001003,-22.009001,NaN,-0.768947,true,Self-supervised model,0.129009,0.983000,14.390643,14.639515,0.000000,0.000000,0.902202,2.004775,false,false
2026-04-17T14:33:06.808690,0.918371,-0.100192,-0.358904,110.564,E,1,0.923820,1,0.923820,0.831079,1.655165,0.892995,0.593762,10.012551,3.536236,0.340307,0.727881,0.389640,0.892995,0.282220,0.320704,0.066584,0.432357,0.427199,-17.956001,-37.001003,-22.009001,NaN,-0.770724,true,Self-supervised model,0.128727,0.990000,14.337513,14.482336,0.000000,0.000000,0.930665,2.065411,false,false
2026-04-17T14:33:06.817236,0.918371,-0.100192,-0.358582,110.545,E,1,0.923820,1,0.923820,0.837615,1.644463,0.871925,0.725443,9.964667,3.411737,0.475320,0.673494,0.284129,0.871925,0.263894,0.275500,0.044593,0.384095,0.381497,-17.956001,-37.001003,-22.009001,NaN,-0.772820,true,Self-supervised model,0.129180,0.999000,14.319034,14.333367,0.000000,0.000000,0.960650,2.270077,false,false
2026-04-17T14:33:06.825373,0.918371,-0.100192,-0.358705,110.552,E,1,0.923820,1,0.923820,0.847443,1.634582,0.899043,0.826000,9.938332,3.359065,0.578995,0.641575,0.247842,0.899043,0.219301,0.213803,0.020769,0.306978,0.306275,-17.956001,-37.001003,-22.009001,NaN,-0.774727,true,Self-supervised model,0.134027,1.007000,14.326103,14.226517,0.000000,0.000000,0.942606,2.928685,false,false
2026-04-17T14:33:06.833620,0.918371,-0.100192,-0.359080,110.574,E,1,0.923820,1,0.923820,0.874355,1.626173,1.015643,0.866701,10.005369,3.483563,0.622671,0.704824,0.383449,1.015643,0.144775,0.141721,-0.011606,0.202927,0.202595,-17.956001,-37.001003,-22.009001,NaN,-0.776107,true,Self-supervised model,0.151503,1.015000,14.347567,14.135534,0.000000,0.000000,0.860888,5.004971,false,false
2026-04-17T14:33:06.840826,0.918371,-0.100192,-0.359505,110.598,E,1,0.923820,1,0.923820,0.933760,1.620477,1.245636,0.818817,10.160992,3.787627,0.578056,0.858479,0.693161,1.245636,0.079412,0.106901,-0.042761,0.139867,0.133170,-17.956001,-37.001003,-22.009001,NaN,-0.776734,true,Self-supervised model,0.191032,1.022000,14.371930,14.062554,0.000000,0.000000,0.749625,8.905870,false,false
2026-04-17T14:33:06.849486,0.918371,-0.100192,-0.359836,110.617,E,1,0.923820,1,0.923820,1.027297,1.618750,1.518367,0.632069,10.362105,4.106056,0.396608,1.058861,1.013387,1.518367,0.041539,0.122173,-0.072693,0.148108,0.129042,-17.956001,-37.001003,-22.009001,NaN,-0.776689,true,Self-supervised model,0.222968,1.031000,14.390905,13.958201,0.000000,0.000000,0.676580,10.251750,false,false
2026-04-17T14:33:06.857257,0.918371,-0.100192,-0.359925,110.622,E,1,0.923820,1,0.923820,1.155892,1.622235,1.831015,0.328006,10.613496,4.367024,0.101937,1.309603,1.275604,1.831015,0.039706,0.183260,-0.097128,0.211174,0.187512,-17.956001,-37.001003,-22.009001,NaN,-0.775810,true,Self-supervised model,0.240363,1.039000,14.396009,13.855639,0.000000,0.000000,0.631285,8.670650,false,false
2026-04-17T14:33:06.865471,0.918371,-0.100192,-0.359625,110.605,E,1,0.923820,1,0.923820,1.300157,1.631352,2.057549,-0.067038,10.817003,4.455609,-0.278426,1.511513,1.367960,2.057549,0.065973,0.304822,-0.116675,0.332989,0.311879,-17.956001,-37.001003,-22.009001,NaN,-0.773953,true,Self-supervised model,0.243883,1.047000,14.378808,13.733341,0.000000,0.000000,0.631896,6.179022,false,false
2026-04-17T14:33:06.872667,0.918371,-0.100192,-0.358849,110.561,E,1,0.923820,1,0.923820,1.433157,1.645424,2.131407,-0.517148,10.979809,4.197036,-0.709630,1.671944,1.115314,2.131407,0.100182,0.466701,-0.119119,0.491971,0.477332,-17.956001,-37.001003,-22.009001,NaN,-0.771275,true,Self-supervised model,0.238645,1.054000,14.334360,13.599962,0.000000,0.000000,0.672400,4.332382,false,false
2026-04-17T14:33:06.881772,0.918371,-0.100192,-0.357653,110.492,E,1,0.923820,1,0.923820,1.563297,1.664139,2.246530,-0.881066,11.161768,3.792415,-1.051187,1.851068,0.717949,2.246530,0.113010,0.653626,-0.099571,0.670755,0.663323,-16.140001,-36.011002,-21.804001,NaN,-0.768398,true,Self-supervised model,0.242494,1.063000,14.265842,13.420359,0.000000,0.000000,0.695872,3.349256,false,false
2026-04-17T14:33:06.888916,0.918371,-0.100192,-0.356177,110.407,E,1,0.923820,1,0.923820,1.708533,1.687915,2.471025,-1.240196,11.348516,3.277662,-1.385649,2.035149,0.210021,2.471025,0.094684,0.796568,-0.076358,0.805802,0.802176,-16.140001,-36.011002,-21.804001,NaN,-0.765798,true,Self-supervised model,0.258701,1.070000,14.181229,13.253485,0.000000,0.000000,0.691427,3.066541,false,false
2026-04-17T14:33:06.901146,0.918371,-0.100192,-0.354586,110.316,E,1,0.923820,1,0.923820,1.830531,1.715620,2.471020,-1.388637,11.245565,2.741361,-1.507882,1.930766,-0.323066,2.471020,0.025045,0.920574,-0.052534,0.922412,0.920915,-16.140001,-36.011002,-21.804001,NaN,-0.763754,true,Self-supervised model,0.261589,1.083000,14.090117,13.010265,0.000000,0.000000,0.740800,2.678868,false,false
2026-04-17T14:33:06.904805,0.918371,-0.100192,-0.353016,110.226,E,1,0.923820,1,0.923820,1.935265,1.746406,2.485116,-1.438915,11.099519,2.267309,-1.531059,1.785853,-0.801490,2.485116,-0.104458,0.966389,-0.048869,0.973246,0.972018,-16.140001,-36.011002,-21.804001,NaN,-0.762261,true,Self-supervised model,0.256942,1.086000,14.000118,12.891453,0.000000,0.000000,0.778742,2.553431,false,false
2026-04-17T14:33:06.912946,0.918371,-0.100192,-0.351500,110.139,E,1,0.923820,1,0.923820,2.028151,1.779675,2.515806,-1.525106,10.936713,2.013524,-1.590169,1.628340,-1.071985,2.515806,-0.298102,0.906524,-0.056810,0.955970,0.954280,-16.140001,-36.011002,-21.804001,NaN,-0.760965,true,Self-supervised model,0.272381,1.094000,13.913269,12.717796,0.000000,0.000000,0.806164,2.631680,false,false
2026-04-17T14:33:06.920578,0.918371,-0.100192,-0.349987,110.053,E,1,0.923820,1,0.923820,2.092156,1.814175,2.428181,-1.620875,10.769119,2.130840,-1.660717,1.471264,-0.986643,2.428181,-0.500910,0.780686,-0.059865,0.929497,0.927567,-16.140001,-36.011002,-21.804001,NaN,-0.759463,true,Self-supervised model,0.268272,1.102000,13.826578,12.546804,0.000000,0.000000,0.861615,2.612360,false,false
2026-04-17T14:33:06.930622,0.918371,-0.100192,-0.348436,109.964,E,1,0.923820,1,0.923820,2.136882,1.849083,2.371695,-1.867477,10.682928,2.849100,-1.886789,1.401539,-0.317260,2.371695,-0.736093,0.565661,-0.048869,0.929620,0.928334,-16.140001,-36.011002,-21.804001,NaN,-0.757763,true,Self-supervised model,0.266472,1.112000,13.737743,12.354085,0.000000,0.000000,0.900994,2.551253,false,false
2026-04-17T14:33:06.936555,0.918371,-0.100192,-0.346878,109.875,E,1,0.923820,1,0.923820,2.186406,1.884576,2.446404,-1.941698,10.512939,4.015076,-1.948507,1.253170,0.785988,2.446404,-0.901026,0.340863,0.000000,0.963346,0.963346,-16.140001,-36.011002,-21.804001,NaN,-0.756173,true,Self-supervised model,0.268445,1.118000,13.648454,12.207920,0.000000,0.000000,0.893722,2.539486,false,false
2026-04-17T14:33:06.944707,0.918371,-0.100192,-0.345509,109.796,E,1,0.923820,1,0.923820,2.282549,1.922495,2.787302,-1.886631,10.266336,5.068525,-1.890072,1.030986,1.770239,2.787302,-0.939511,0.191812,0.064141,0.961034,0.958891,-16.140001,-36.011002,-21.804001,NaN,-0.755564,true,Self-supervised model,0.302150,1.126000,13.570051,12.051555,0.000000,0.000000,0.818910,2.900316,false,false
2026-04-17T14:33:06.952712,0.918371,-0.100192,-0.344601,109.744,E,1,0.923820,1,0.923820,2.452722,1.965704,3.346131,-1.778892,10.005369,6.081272,-1.785243,0.794063,2.716424,3.346131,-0.869261,0.150273,0.116064,0.889757,0.882155,-16.140001,-36.011002,-21.804001,NaN,-0.756493,true,Self-supervised model,0.353105,1.134000,13.517972,11.920610,0.000000,0.000000,0.733003,3.760723,false,false
2026-04-17T14:33:06.961574,0.918371,-0.100192,-0.344329,109.729,E,1,0.923820,1,0.923820,2.671317,2.015928,3.818939,-1.798046,9.775525,6.732495,-1.810784,0.585099,3.311045,3.818939,-0.703717,0.199142,0.168599,0.750533,0.731351,-16.140001,-36.011002,-21.804001,NaN,-0.758769,true,Self-supervised model,0.405464,1.143000,13.502387,11.813112,0.000000,0.000000,0.699492,5.088300,false,false
2026-04-17T14:33:06.969136,0.918371,-0.100192,-0.344798,109.755,E,1,0.923820,1,0.923820,2.883896,2.072647,3.999933,-1.721431,9.509769,7.048530,-1.741447,0.335008,3.585331,3.999933,-0.473421,0.322537,0.219911,0.613611,0.572850,-16.140001,-36.011002,-21.804001,NaN,-0.762204,true,Self-supervised model,0.442661,1.151000,13.529278,11.754368,0.000000,0.000000,0.720986,6.518682,false,false
2026-04-17T14:33:06.976784,0.918371,-0.100192,-0.346073,109.828,E,1,0.923820,1,0.923820,3.046320,2.133594,3.899048,-1.668759,9.220071,6.998251,-1.694844,0.054440,3.510999,3.899048,-0.215025,0.480140,0.252898,0.583719,0.526089,-16.140001,-36.011002,-21.804001,NaN,-0.766700,true,Self-supervised model,0.448314,1.158000,13.602310,11.746382,0.000000,0.000000,0.781298,6.679669,false,false
2026-04-17T14:33:06.984701,0.918371,-0.100192,-0.348171,109.949,E,1,0.923820,1,0.923820,3.096080,2.194093,3.357320,-1.613692,8.808268,6.399701,-1.643267,-0.354928,2.906080,3.357320,-0.010385,0.629191,0.271835,0.685481,0.629277,-16.140001,-36.011002,-21.804001,NaN,-0.772096,true,Self-supervised model,0.397718,1.166000,13.722567,11.768926,0.000000,0.000000,0.922188,4.897761,false,false
2026-04-17T14:33:06.993642,0.918371,-0.100192,-0.351045,110.113,E,1,0.923820,1,0.923820,3.038012,2.249850,2.733156,-1.687912,8.544906,5.518635,-1.717790,-0.621346,2.033045,2.733156,0.169821,0.773966,0.285885,0.842373,0.792378,-16.140001,-36.011002,-21.804001,NaN,-0.778068,true,Self-supervised model,0.324012,1.175000,13.887218,11.818909,0.000000,0.000000,1.111540,3.244590,false,false
2026-04-17T14:33:07.001462,0.918371,-0.100192,-0.354614,110.318,E,1,0.923820,1,0.923820,2.935618,2.299281,2.398048,-1.867477,8.446744,4.745308,-1.895978,-0.725821,1.276356,2.398048,0.255342,0.846659,0.299935,0.933805,0.884325,-16.140001,-36.011002,-21.804001,NaN,-0.784417,true,Self-supervised model,0.278173,1.183000,14.091683,11.911820,0.000000,0.000000,1.224170,2.568039,false,false
2026-04-17T14:33:07.008892,0.918371,-0.100192,-0.358804,110.558,E,1,0.923820,1,0.923820,2.818451,2.342048,2.203324,-1.968034,8.449138,4.031836,-1.995640,-0.730529,0.581709,2.203324,0.254120,0.847270,0.315206,0.939041,0.884558,-16.140001,-36.011002,-21.804001,NaN,-0.791094,true,Self-supervised model,0.253957,1.190000,14.331775,12.043509,0.000000,0.000000,1.279181,2.346354,false,false
2026-04-17T14:33:07.017319,0.918371,-0.100192,-0.363566,110.831,E,1,0.923820,1,0.923820,2.705563,2.378588,2.112901,-1.939303,8.418014,3.555390,-1.964986,-0.767280,0.120259,2.112901,0.209527,0.802677,0.313374,0.886789,0.829573,-16.140001,-36.011002,-21.804001,NaN,-0.798140,true,Self-supervised model,0.243822,1.199000,14.604589,12.180642,0.000000,0.000000,1.280497,2.382642,false,false
2026-04-17T14:33:07.025149,0.918371,-0.100192,-0.368683,111.124,E,1,0.923820,1,0.923820,2.604972,2.409644,2.076869,-1.879448,8.329428,3.229778,-1.881369,-0.854406,-0.209342,2.076869,0.117286,0.723264,0.295048,0.789887,0.732712,-16.140001,-36.011002,-21.804001,NaN,-0.804682,true,Self-supervised model,0.235955,1.207000,14.897807,12.342839,0.000000,0.000000,1.254278,2.629326,false,false
2026-04-17T14:33:07.034339,0.918371,-0.100192,-0.372780,111.359,E,1,0.923820,1,0.923820,2.526066,2.436300,2.111808,-1.889025,8.231265,3.100491,-1.854215,-0.946406,-0.354870,2.111808,-0.004887,0.632246,0.261450,0.684189,0.632264,-16.140001,-36.011002,-21.804001,NaN,-0.804695,true,Self-supervised model,0.243999,1.216000,15.132523,12.444509,0.000000,0.000000,1.196163,3.086585,false,false
2026-04-17T14:33:07.041078,0.918371,-0.100192,-0.375226,111.499,E,1,0.923820,1,0.923820,2.471127,2.459694,2.182700,-1.951274,8.154651,3.174711,-1.908105,-1.019290,-0.290451,2.182700,-0.119730,0.561385,0.235794,0.620554,0.574011,-12.610001,-36.318001,-23.203001,NaN,-0.800541,true,Self-supervised model,0.247716,1.223000,15.272694,12.487894,0.000000,0.000000,1.132142,3.517340,false,false
2026-04-17T14:33:07.050698,0.918371,-0.100192,-0.377755,111.644,E,1,0.923820,1,0.923820,2.436328,2.480759,2.253631,-1.989582,8.015787,3.533842,-1.935017,-1.153808,0.057355,2.253631,-0.196699,0.525955,0.224798,0.604858,0.561533,-12.610001,-36.318001,-23.203001,NaN,-0.803401,true,Self-supervised model,0.251754,1.232000,15.417610,12.514294,0.000000,0.000000,1.081068,3.725884,false,false
2026-04-17T14:33:07.057590,0.918371,-0.100192,-0.379638,111.752,E,1,0.923820,1,0.923820,2.432139,2.500814,2.410149,-2.008735,7.833828,4.043807,-1.943936,-1.321975,0.531334,2.410149,-0.335976,0.497855,0.225409,0.641521,0.600616,-12.610001,-36.318001,-23.203001,NaN,-0.802698,true,Self-supervised model,0.257596,1.239000,15.525489,12.530661,0.000000,0.000000,1.009124,3.756931,false,false
2026-04-17T14:33:07.064993,0.918371,-0.100192,-0.381954,111.884,E,1,0.923820,1,0.923820,2.462293,2.521273,2.620604,-1.972822,7.642292,4.548983,-1.898533,-1.501196,1.004762,2.620604,-0.376293,0.525344,0.247400,0.691946,0.646207,-12.610001,-36.318001,-23.203001,NaN,-0.806743,true,Self-supervised model,0.269171,1.246000,15.658145,12.566729,0.000000,0.000000,0.939590,3.787293,false,false
2026-04-17T14:33:07.072799,0.918371,-0.100192,-0.384242,112.015,E,1,0.923820,1,0.923820,2.525973,2.543461,2.860293,-1.862689,7.424419,5.025429,-1.780843,-1.706296,1.448595,2.860293,-0.368352,0.568105,0.279165,0.732366,0.677072,-12.610001,-36.318001,-23.203001,NaN,-0.808924,true,Self-supervised model,0.285288,1.254000,15.789263,12.591119,0.000000,0.000000,0.883117,3.905553,false,false
2026-04-17T14:33:07.082038,0.918371,-0.100192,-0.386694,112.156,E,1,0.923820,1,0.923820,2.603391,2.567858,3.009833,-1.716643,7.230489,5.365406,-1.588365,-1.878292,1.734421,3.009833,-0.315206,0.637743,0.335976,0.786735,0.711387,-12.610001,-36.318001,-23.203001,NaN,-0.812033,true,Self-supervised model,0.296119,1.263000,15.929776,12.612649,0.000000,0.000000,0.864962,3.825729,false,false
2026-04-17T14:33:07.089054,0.918371,-0.100192,-0.387444,112.199,E,1,0.923820,1,0.923820,2.675050,2.594146,3.051259,-1.551443,7.062895,5.492299,-1.386627,-2.025601,1.812289,3.051259,-0.233351,0.719599,0.416610,0.863620,0.756489,-12.610001,-36.318001,-23.203001,NaN,-0.805969,true,Self-supervised model,0.302278,1.270000,15.972701,12.576930,0.000000,0.000000,0.876704,3.533104,false,false
2026-04-17T14:33:07.097559,0.918371,-0.100192,-0.387555,112.205,E,1,0.923820,1,0.923820,2.722859,2.621295,2.973857,-1.319205,6.957550,5.482722,-1.128775,-2.113593,1.761367,2.973857,-0.139888,0.799623,0.512516,0.960020,0.811767,-12.610001,-36.318001,-23.203001,NaN,-0.803529,true,Self-supervised model,0.298026,1.279000,15.979083,12.493419,0.000000,0.000000,0.915599,3.097704,false,false
2026-04-17T14:33:07.104778,0.918371,-0.100192,-0.387893,112.225,E,1,0.923820,1,0.923820,2.727408,2.647539,2.751293,-1.024718,6.916849,5.226542,-0.844159,-2.150151,1.494611,2.751293,-0.062919,0.860709,0.590096,1.045463,0.863006,-12.610001,-36.318001,-23.203001,NaN,-0.804775,true,Self-supervised model,0.279545,1.286000,15.998461,12.440483,0.000000,0.000000,0.991319,2.631652,false,false
2026-04-17T14:33:07.113146,0.918371,-0.100192,-0.390263,112.360,E,1,0.923820,1,0.923820,2.663681,2.670185,2.329111,-0.684742,7.082048,4.841076,-0.519889,-1.983437,1.104742,2.329111,0.001833,0.904081,0.668897,1.124628,0.904082,-12.610001,-36.318001,-23.203001,NaN,-0.815270,true,Self-supervised model,0.240254,1.295000,16.134228,12.458863,0.000000,0.000000,1.143647,2.071005,false,false
2026-04-17T14:33:07.120993,0.918371,-0.100192,-0.394656,112.612,SE,1,0.923820,1,0.923820,2.536760,2.686848,1.870427,-0.359130,7.333440,4.410120,-0.214599,-1.731987,0.672803,1.870427,0.018937,0.920574,0.715934,1.166352,0.920769,-12.610001,-36.318001,-23.203001,NaN,-0.827759,true,Self-supervised model,0.203087,1.302000,16.385953,12.585217,0.000000,0.000000,1.356247,1.603656,false,false
2026-04-17T14:33:07.132788,0.918371,-0.100192,-0.400962,112.973,SE,1,0.923820,1,0.923820,2.386598,2.696838,1.598247,-0.062249,7.501034,4.084508,0.066041,-1.560750,0.337776,1.598247,-0.010385,0.899805,0.725097,1.155648,0.899864,-12.610001,-36.318001,-23.203001,NaN,-0.841713,true,Self-supervised model,0.191190,1.314000,16.747235,12.745232,0.000000,0.000000,1.493260,1.382988,false,false
2026-04-17T14:33:07.136776,0.918371,-0.100192,-0.408611,113.412,SE,1,0.923820,1,0.923820,2.235170,2.700371,1.440175,0.258574,7.668628,3.842694,0.366216,-1.390063,0.087841,1.440175,-0.060476,0.859487,0.699441,1.109772,0.861612,-12.610001,-36.318001,-23.203001,NaN,-0.854735,true,Self-supervised model,0.146974,1.318000,17.185489,13.039066,0.000000,0.000000,1.552013,1.297722,false,false
2026-04-17T14:33:07.144511,0.918371,-0.100192,-0.417487,113.920,SE,1,0.923820,1,0.923820,2.106713,2.698625,1.432314,0.459687,7.730877,3.799598,0.545199,-1.324028,0.035059,1.432314,-0.130114,0.796568,0.648739,1.035525,0.807125,-12.610001,-36.318001,-23.203001,NaN,-0.868521,true,Self-supervised model,0.165940,1.326000,17.694061,13.343937,0.000000,0.000000,1.470847,1.383176,false,false
2026-04-17T14:33:07.152676,0.918371,-0.100192,-0.427315,114.483,SE,1,0.923820,1,0.923820,1.999674,2.692667,1.437714,0.524330,7.742848,3.888184,0.588714,-1.306952,0.110969,1.437714,-0.195477,0.725097,0.587652,0.953579,0.750984,-12.610001,-36.318001,-23.203001,NaN,-0.882156,true,Self-supervised model,0.163948,1.334000,18.257172,13.686036,0.000000,0.000000,1.390870,1.507704,false,false
2026-04-17T14:33:07.161171,0.918371,-0.100192,-0.437717,115.079,SE,1,0.923820,1,0.923820,1.916417,2.683617,1.479318,0.524330,7.702147,4.048595,0.569556,-1.341149,0.255552,1.479318,-0.243735,0.665843,0.529009,0.884650,0.709051,-12.610001,-36.318001,-23.203001,NaN,-0.894851,true,Self-supervised model,0.161419,1.343000,18.853133,14.038073,0.000000,0.000000,1.295473,1.672208,false,false
2026-04-17T14:33:07.168946,0.918371,-0.100192,-0.448343,115.688,SE,1,0.923820,1,0.923820,1.848936,2.672230,1.494662,0.349553,7.671022,4.290410,0.377614,-1.364576,0.478909,1.494662,-0.263894,0.626137,0.495412,0.840904,0.679476,-12.610001,-36.318001,-23.203001,NaN,-0.906377,true,Self-supervised model,0.156335,1.350000,19.461975,14.416278,0.000000,0.000000,1.237026,1.777446,false,false
2026-04-17T14:33:07.176748,0.918371,-0.100192,-0.458940,116.295,SE,1,0.923820,1,0.923820,1.804780,2.659532,1.572963,0.172383,7.666234,4.596867,0.183356,-1.361360,0.766351,1.572963,-0.260229,0.582765,0.488692,0.803837,0.638228,-12.610001,-36.318001,-23.203001,NaN,-0.916858,true,Self-supervised model,0.158400,1.358000,20.069155,14.778465,0.000000,0.000000,1.147376,1.956817,false,false
2026-04-17T14:33:07.185108,0.918371,-0.100192,-0.469429,116.896,SE,1,0.923820,1,0.923820,1.774192,2.646118,1.613603,0.074220,7.721301,4.805163,0.066672,-1.298302,0.955867,1.613603,-0.225409,0.560163,0.514349,0.793188,0.603815,-12.610001,-36.318001,-23.203001,NaN,-0.926911,true,Self-supervised model,0.162674,1.367000,20.670096,15.120772,0.000000,0.000000,1.099522,2.034327,false,false
2026-04-17T14:33:07.194322,0.918371,-0.100192,-0.479857,117.494,SE,1,0.923820,1,0.923820,1.752294,2.632365,1.637331,0.055067,7.802703,4.970363,0.027077,-1.209329,1.103468,1.637331,-0.171653,0.554666,0.546114,0.797094,0.580619,-12.610001,-36.318001,-23.203001,NaN,-0.937100,true,Self-supervised model,0.165371,1.376000,21.267605,15.456108,0.000000,0.000000,1.070214,2.054125,false,false
2026-04-17T14:33:07.202317,0.918371,-0.100192,-0.490324,118.093,SE,1,0.923820,1,0.923820,1.718740,2.617820,1.542579,0.090980,7.915231,4.972757,0.040435,-1.090155,1.090632,1.542579,-0.095295,0.552833,0.577268,0.804949,0.560986,-10.420000,-36.536003,-25.302002,NaN,-0.947718,true,Self-supervised model,0.154799,1.384000,21.867290,15.800065,0.000000,0.000000,1.114199,1.916368,false,false
2026-04-17T14:33:07.208423,0.918371,-0.100192,-0.500933,118.701,SE,1,0.923820,1,0.923820,1.661702,2.601575,1.362257,0.169988,8.013393,4.829105,0.095480,-0.986479,0.934605,1.362257,-0.023213,0.550390,0.599870,0.814439,0.550879,-10.420000,-36.536003,-25.302002,NaN,-0.958898,true,Self-supervised model,0.142995,1.390000,22.475154,16.169175,0.000000,0.000000,1.219816,1.672631,false,false
2026-04-17T14:33:07.216931,0.918371,-0.100192,-0.511728,119.320,SE,1,0.923820,1,0.923820,1.582898,2.582828,1.169175,0.234632,8.085219,4.625597,0.135090,-0.910174,0.721321,1.169175,0.031154,0.527788,0.606589,0.804662,0.528706,-10.420000,-36.536003,-25.302002,NaN,-0.970436,true,Self-supervised model,0.143497,1.398000,23.093658,16.519069,0.000000,0.000000,1.353859,1.453002,false,false
2026-04-17T14:33:07.225220,0.918371,-0.100192,-0.522705,119.949,SE,1,0.923820,1,0.923820,1.481378,2.560770,0.948396,0.299275,8.192958,4.393360,0.173972,-0.798618,0.481038,0.948396,0.056810,0.507629,0.603535,0.790676,0.510798,-10.420000,-36.536003,-25.302002,NaN,-0.982140,true,Self-supervised model,0.141362,1.407000,23.722581,16.860399,0.000000,0.000000,1.561982,1.199474,false,false
2026-04-17T14:33:07.234819,0.918371,-0.100192,-0.533825,120.586,SE,1,0.923820,1,0.923820,1.376681,2.535407,0.827025,0.390255,8.250419,4.206613,0.238819,-0.737774,0.287446,0.827025,0.067195,0.483805,0.594372,0.769325,0.488449,-10.420000,-36.536003,-25.302002,NaN,-0.993834,true,Self-supervised model,0.141978,1.416000,24.359725,17.203196,0.000000,0.000000,1.664619,1.075001,false,false
2026-04-17T14:33:07.240482,0.918371,-0.100192,-0.545032,121.228,SE,1,0.923820,1,0.923820,1.285253,2.507401,0.805253,0.555455,8.298303,4.110844,0.377744,-0.686604,0.185251,0.805253,0.070860,0.456316,0.574213,0.736863,0.461785,-10.420000,-36.536003,-25.302002,NaN,-1.005387,true,Self-supervised model,0.126187,1.422000,25.001825,17.582156,0.000000,0.000000,1.596085,1.092813,false,false
2026-04-17T14:33:07.249628,0.918371,-0.100192,-0.556266,121.872,SE,1,0.923820,1,0.923820,1.198710,2.477053,0.744360,0.636858,8.389283,4.058172,0.433128,-0.592138,0.125876,0.744360,0.062308,0.425773,0.547335,0.696233,0.430308,-10.420000,-36.536003,-25.302002,NaN,-1.016734,true,Self-supervised model,0.135617,1.431000,25.645529,17.921404,0.000000,0.000000,1.610389,1.069125,false,false
2026-04-17T14:33:07.256862,0.918371,-0.100192,-0.567453,122.513,SE,1,0.923820,1,0.923820,1.104923,2.444168,0.612542,0.644040,8.556877,4.103662,0.414516,-0.420382,0.163290,0.612542,0.048869,0.400728,0.529620,0.665934,0.403696,-10.420000,-36.536003,-25.302002,NaN,-1.027728,true,Self-supervised model,0.134570,1.438000,26.286477,18.279887,0.000000,0.000000,1.803831,0.919824,false,false
2026-04-17T14:33:07.265107,0.918371,-0.100192,-0.578529,123.147,SE,1,0.923820,1,0.923820,1.015393,2.409017,0.545358,0.665588,8.741230,4.225766,0.410156,-0.230943,0.275415,0.545358,0.034819,0.365908,0.508240,0.627223,0.367561,-10.420000,-36.536003,-25.302002,NaN,-1.038363,true,Self-supervised model,0.136667,1.447000,26.921100,18.604768,0.000000,0.000000,1.861882,0.869480,false,false
2026-04-17T14:33:07.272889,0.918371,-0.100192,-0.589444,123.773,SE,1,0.923820,1,0.923820,0.951415,2.372713,0.615533,0.730232,8.920795,4.381389,0.447943,-0.045572,0.419704,0.615533,0.045204,0.344528,0.502131,0.610638,0.347481,-10.420000,-36.536003,-25.302002,NaN,-1.048634,true,Self-supervised model,0.124163,1.454000,27.546492,18.945318,0.000000,0.000000,1.545677,1.008016,false,false
2026-04-17T14:33:07.281255,0.918371,-0.100192,-0.600217,124.390,SE,1,0.923820,1,0.923820,0.905267,2.336015,0.662991,0.725443,9.033323,4.484340,0.415855,0.072937,0.511178,0.662991,0.074526,0.351248,0.497244,0.613336,0.359067,-10.420000,-36.536003,-25.302002,NaN,-1.058834,true,Self-supervised model,0.121449,1.463000,28.163695,19.250646,0.000000,0.000000,1.365429,1.080960,false,false
2026-04-17T14:33:07.289268,0.918371,-0.100192,-0.610881,125.001,SE,1,0.923820,1,0.923820,0.884333,2.299948,0.774429,0.770933,9.224859,4.565742,0.433584,0.270163,0.582028,0.774429,0.109345,0.361632,0.494801,0.622545,0.377802,-10.420000,-36.536003,-25.302002,NaN,-1.069067,true,Self-supervised model,0.121971,1.471000,28.774722,19.561333,0.000000,0.000000,1.141917,1.243973,false,false
2026-04-17T14:33:07.301225,0.918371,-0.100192,-0.621489,125.609,SE,1,0.923820,1,0.923820,0.887755,2.265460,0.905718,0.754174,9.449914,4.639963,0.388460,0.500260,0.647428,0.905718,0.186925,0.371406,0.499688,0.650055,0.415792,-10.420000,-36.536003,-25.302002,NaN,-1.079452,true,Self-supervised model,0.132498,1.483000,29.382539,19.812905,0.000000,0.000000,0.980167,1.393295,false,false
2026-04-17T14:33:07.305204,0.918371,-0.100192,-0.632100,126.217,SE,1,0.923820,1,0.923820,0.912681,2.233349,1.043541,0.890643,9.586384,4.656722,0.495071,0.640556,0.658461,1.043541,0.222966,0.366519,0.498466,0.657661,0.429011,-10.420000,-36.536003,-25.302002,NaN,-1.090072,true,Self-supervised model,0.117717,1.487000,29.990487,20.168451,0.000000,0.000000,0.874599,1.586746,false,false
2026-04-17T14:33:07.314733,0.918371,-0.100192,-0.642796,126.829,SE,1,0.923820,1,0.923820,0.952957,2.204133,1.164408,1.051055,9.698911,4.625597,0.625944,0.753434,0.629585,1.164408,0.282831,0.359189,0.483194,0.665197,0.457176,-10.420000,-36.536003,-25.302002,NaN,-1.101106,true,Self-supervised model,0.146880,1.496000,30.603292,20.456746,0.000000,0.000000,0.818405,1.750472,false,false
2026-04-17T14:33:07.320802,0.918371,-0.100192,-0.653563,127.446,SE,1,0.923820,1,0.923820,0.993749,2.177718,1.207905,1.142034,9.813833,4.472369,0.688409,0.865629,0.485607,1.207905,0.326202,0.345139,0.456316,0.658599,0.474899,-10.420000,-36.536003,-25.302002,NaN,-1.112161,true,Self-supervised model,0.141553,1.502000,31.220215,20.785763,0.000000,0.000000,0.822704,1.834052,false,false
2026-04-17T14:33:07.331695,0.918371,-0.100192,-0.664349,128.064,SE,1,0.923820,1,0.923820,1.033396,2.153945,1.241546,1.189918,9.909601,4.323928,0.709378,0.956151,0.352129,1.241546,0.357356,0.320704,0.425162,0.641340,0.480161,-10.420000,-36.536003,-25.302002,NaN,-1.123022,true,Self-supervised model,0.150968,1.513000,31.838216,21.043104,0.000000,0.000000,0.832346,1.935862,false,false
2026-04-17T14:33:07.336842,0.918371,-0.100192,-0.675068,128.679,SE,1,0.923820,1,0.923820,1.071487,2.132646,1.271464,1.163582,10.010158,4.237737,0.658482,1.049729,0.284765,1.271464,0.370184,0.293826,0.381791,0.607564,0.472621,-10.420000,-36.536003,-25.302002,NaN,-1.133473,true,Self-supervised model,0.139972,1.518000,32.452376,21.378377,0.000000,0.000000,0.842719,2.092723,false,false
2026-04-17T14:33:07.347252,0.918371,-0.100192,-0.685597,129.282,SE,1,0.923820,1,0.923820,1.102325,2.113434,1.264224,1.132457,10.041282,4.216189,0.605351,1.072827,0.284348,1.264224,0.370795,0.255342,0.342085,0.565429,0.450209,-10.420000,-36.536003,-25.302002,NaN,-1.143243,true,Self-supervised model,0.152419,1.529000,33.055655,21.619134,0.000000,0.000000,0.871938,2.235866,false,false
2026-04-17T14:33:07.353286,0.918371,-0.100192,-0.695808,129.867,SE,1,0.923820,1,0.923820,1.118678,2.095643,1.204532,1.120486,9.988609,4.223372,0.573706,1.011518,0.313991,1.204532,0.373239,0.221744,0.301767,0.528716,0.434140,-10.420000,-36.536003,-25.302002,NaN,-1.152177,true,Self-supervised model,0.140797,1.535000,33.640654,21.915735,0.000000,0.000000,0.928725,2.278218,false,false
2026-04-17T14:33:07.365812,0.918371,-0.100192,-0.705596,130.428,SE,1,0.923820,1,0.923820,1.115482,2.078437,1.098705,1.063026,9.904813,4.223372,0.499489,0.918602,0.337394,1.098705,0.375071,0.198531,0.252287,0.493702,0.424374,-10.913000,-36.778000,-26.538002,NaN,-1.160276,true,Self-supervised model,0.145463,1.547000,34.201466,22.108252,0.000000,0.000000,1.015270,2.225441,false,false
2026-04-17T14:33:07.370046,0.918371,-0.100192,-0.714859,130.958,SE,1,0.923820,1,0.923820,1.103270,2.061430,1.039156,0.976834,9.895236,4.194642,0.400077,0.899432,0.332873,1.039156,0.383623,0.196088,0.200364,0.475145,0.430833,-10.913000,-36.778000,-26.538002,NaN,-1.167441,true,Self-supervised model,0.125153,1.551000,34.732212,22.393432,0.000000,0.000000,1.061699,2.187028,false,false
2026-04-17T14:33:07.377118,0.918371,-0.100192,-0.723505,131.454,SE,1,0.923820,1,0.923820,1.080753,2.044203,0.962540,0.811634,9.909601,4.079720,0.225383,0.903646,0.243124,0.962540,0.386678,0.218079,0.175929,0.477524,0.443935,-10.913000,-36.778000,-26.538002,NaN,-1.173619,true,Self-supervised model,0.133170,1.559000,35.227607,22.596284,0.000000,0.000000,1.122814,2.015689,false,false
2026-04-17T14:33:07.384722,0.918371,-0.100192,-0.731497,131.912,SE,1,0.923820,1,0.923820,1.055122,2.026640,0.920557,0.653617,9.933543,3.861847,0.061571,0.917085,0.050896,0.920557,0.385456,0.266948,0.156992,0.494453,0.468868,-10.913000,-36.778000,-26.538002,NaN,-1.178995,true,Self-supervised model,0.131846,1.566000,35.685525,22.787692,0.000000,0.000000,1.146177,1.861767,false,false
2026-04-17T14:33:07.393093,0.918371,-0.100192,-0.738854,132.333,SE,1,0.923820,1,0.923820,1.045141,2.009380,0.992740,0.545878,9.995792,3.574543,-0.048202,0.968829,-0.211138,0.992740,0.366519,0.332311,0.139888,0.514136,0.494739,-10.913000,-36.778000,-26.538002,NaN,-1.183809,true,Self-supervised model,0.137843,1.575000,36.107032,22.925100,0.000000,0.000000,1.052784,1.930892,false,false
2026-04-17T14:33:07.401485,0.918371,-0.100192,-0.745605,132.720,SE,1,0.923820,1,0.923820,1.051964,1.993083,1.087786,0.471658,10.029311,3.335123,-0.120553,0.992776,-0.427951,1.087786,0.313374,0.393397,0.111788,0.515229,0.502956,-10.913000,-36.778000,-26.538002,NaN,-1.188138,true,Self-supervised model,0.144978,1.583000,36.493839,23.053594,0.000000,0.000000,0.967069,2.111267,false,false
2026-04-17T14:33:07.408895,0.918371,-0.100192,-0.751740,133.072,SE,1,0.923820,1,0.923820,1.083764,1.978711,1.250712,0.342371,10.110714,3.138798,-0.244818,1.066300,-0.606092,1.250712,0.244957,0.431271,0.094684,0.504939,0.495982,-10.913000,-36.778000,-26.538002,NaN,-1.191809,true,Self-supervised model,0.156047,1.590000,36.845355,23.173179,0.000000,0.000000,0.866518,2.476956,false,false
2026-04-17T14:33:07.417211,0.918371,-0.100192,-0.757251,133.387,SE,1,0.923820,1,0.923820,1.109062,1.965925,1.241878,0.268151,10.132261,3.210624,-0.312198,1.082520,-0.522439,1.241878,0.147829,0.439212,0.083078,0.470811,0.463423,-10.913000,-36.778000,-26.538002,NaN,-1.194824,true,Self-supervised model,0.158640,1.599000,37.161109,23.240218,0.000000,0.000000,0.893052,2.637744,false,false
2026-04-17T14:33:07.425397,0.918371,-0.100192,-0.762140,133.667,SE,1,0.923820,1,0.923820,1.126382,1.954343,1.217310,0.292093,10.213664,3.497929,-0.281276,1.161672,-0.230753,1.217310,0.051313,0.415388,0.078191,0.425787,0.418546,-10.913000,-36.778000,-26.538002,NaN,-1.197225,true,Self-supervised model,0.159389,1.607000,37.441228,23.298835,0.000000,0.000000,0.925304,2.858968,false,false
2026-04-17T14:33:07.433167,0.918371,-0.100192,-0.766433,133.913,SE,1,0.923820,1,0.923820,1.151537,1.944231,1.283603,0.287304,10.295067,3.883395,-0.280227,1.243198,0.153516,1.283603,-0.020159,0.361632,0.078802,0.370667,0.362194,-10.913000,-36.778000,-26.538002,NaN,-1.199133,true,Self-supervised model,0.166304,1.615000,37.687196,23.335725,0.000000,0.000000,0.897113,3.462956,false,false
2026-04-17T14:33:07.440675,0.918371,-0.100192,-0.770191,134.129,SE,1,0.923820,1,0.923820,1.221798,1.937333,1.590666,0.246603,10.477027,4.362236,-0.316825,1.426778,0.627809,1.590666,-0.054367,0.307265,0.078191,0.321685,0.312038,-10.913000,-36.778000,-26.538002,NaN,-1.200751,true,Self-supervised model,0.191945,1.622000,37.902502,23.367757,0.000000,0.000000,0.768105,4.944787,false,false
2026-04-17T14:33:07.449131,0.918371,-0.100192,-0.773490,134.318,SE,1,0.923820,1,0.923820,1.333501,1.935180,1.919943,0.189142,10.647015,4.735731,-0.371772,1.598931,0.995684,1.919943,-0.059865,0.255953,0.078802,0.274418,0.262860,-10.913000,-36.778000,-26.538002,NaN,-1.202216,true,Self-supervised model,0.220314,1.631000,38.091534,23.354711,0.000000,0.000000,0.694552,6.996422,false,false
2026-04-17T14:33:07.457412,0.918371,-0.100192,-0.776410,134.485,SE,1,0.923820,1,0.923820,1.457083,1.938056,2.105886,0.100556,10.699687,4.965574,-0.458728,1.653440,1.220844,2.105886,-0.041539,0.234572,0.077580,0.250536,0.238222,-10.913000,-36.778000,-26.538002,NaN,-1.203620,true,Self-supervised model,0.236982,1.639000,38.258851,23.342801,0.000000,0.000000,0.691909,8.405526,false,false
2026-04-17T14:33:07.465178,0.918371,-0.100192,-0.779032,134.635,SE,1,0.923820,1,0.923820,1.561018,1.944975,2.106677,-0.011971,10.682928,4.944026,-0.569954,1.638011,1.195893,2.106677,-0.025656,0.240681,0.082467,0.255707,0.242045,-10.913000,-36.778000,-26.538002,NaN,-1.205047,true,Self-supervised model,0.236899,1.647000,38.409057,23.320618,0.000000,0.000000,0.740986,8.238619,false,false
2026-04-17T14:33:07.472444,0.918371,-0.100192,-0.781435,134.773,SE,1,0.923820,1,0.923820,1.621562,1.954038,1.939420,-0.064643,10.603919,4.721366,-0.621221,1.560163,0.970220,1.939420,-0.026267,0.278555,0.094684,0.295377,0.279790,-10.913000,-36.778000,-26.538002,NaN,-1.206573,true,Self-supervised model,0.221319,1.654000,38.546716,23.305149,0.000000,0.000000,0.836107,6.565908,false,false
2026-04-17T14:33:07.480807,0.918371,-0.100192,-0.783708,134.903,SE,1,0.923820,1,0.923820,1.616922,1.962554,1.592561,-0.043096,10.400413,4.333505,-0.597569,1.358351,0.577966,1.592561,-0.054367,0.349415,0.109345,0.370139,0.353619,-10.913000,-36.778000,-26.538002,NaN,-1.208331,true,Self-supervised model,0.192774,1.662000,38.676982,23.271349,0.000000,0.000000,1.015297,4.302603,false,false
2026-04-17T14:33:07.489030,0.918371,-0.100192,-0.785930,135.030,SE,1,0.923820,1,0.923820,1.564032,1.968613,1.286361,0.014365,10.172963,4.046201,-0.536972,1.134526,0.281486,1.286361,-0.136834,0.410501,0.125838,0.450633,0.432707,-10.913000,-36.778000,-26.538002,NaN,-1.210346,true,Self-supervised model,0.171473,1.670000,38.804283,23.236097,0.000000,0.000000,1.215858,2.854563,false,false
2026-04-17T14:33:07.497692,0.918371,-0.100192,-0.788133,135.157,SE,1,0.923820,1,0.923820,1.477266,1.970959,1.021741,0.119710,9.943120,3.952827,-0.428693,0.911481,0.171408,1.021741,-0.274889,0.432493,0.151495,0.534382,0.512459,-10.913000,-36.778000,-26.538002,NaN,-1.212474,true,Self-supervised model,0.158893,1.679000,38.930510,23.186724,0.000000,0.000000,1.445831,1.912004,false,false
2026-04-17T14:33:07.504660,0.918371,-0.100192,-0.790335,135.283,SE,1,0.923820,1,0.923820,1.367797,1.968832,0.793084,0.282516,9.713276,4.089296,-0.264567,0.692420,0.282032,0.793084,-0.379958,0.420886,0.171042,0.592257,0.567021,-10.913000,-36.778000,-26.538002,NaN,-1.214672,true,Self-supervised model,0.153249,1.686000,39.056681,23.165291,0.000000,0.000000,1.724654,1.339088,false,false
2026-04-17T14:33:07.514002,0.918371,-0.100192,-0.792556,135.410,SE,1,0.923820,1,0.923820,1.295105,1.963883,0.913472,0.495600,9.576807,4.553771,-0.052798,0.571116,0.710963,0.913472,-0.513127,0.399506,0.202196,0.681019,0.650311,-10.913000,-36.778000,-26.538002,NaN,-1.216970,true,Self-supervised model,0.147773,1.695000,39.183947,23.117373,0.000000,0.000000,1.417783,1.341330,false,false
2026-04-17T14:33:07.521614,0.918371,-0.100192,-0.794832,135.541,SE,1,0.923820,1,0.923820,1.321307,1.960180,1.458867,0.663194,9.457097,5.262455,0.110971,0.470143,1.376570,1.458867,-0.605978,0.371406,0.224798,0.745444,0.710741,-9.739000,-38.899002,-26.420002,NaN,-1.219466,true,Self-supervised model,0.170012,1.703000,39.314363,23.085357,0.000000,0.000000,0.905707,1.957045,false,false
2026-04-17T14:33:07.531199,0.918371,-0.100192,-0.797192,135.676,SE,1,0.923820,1,0.923820,1.436051,1.961215,2.038458,0.864307,9.167398,5.937620,0.306652,0.201043,2.005208,2.038458,-0.624304,0.368352,0.240070,0.763592,0.724872,-9.739000,-38.899002,-26.420002,NaN,-1.222158,true,Self-supervised model,0.204640,1.713000,39.449544,23.029506,0.000000,0.000000,0.704479,2.669565,false,false
2026-04-17T14:33:07.537173,0.918371,-0.100192,-0.799663,135.817,SE,1,0.923820,1,0.923820,1.645646,1.970592,2.746021,0.940921,8.925584,6.696582,0.377710,-0.020852,2.719840,2.746021,-0.577268,0.381180,0.246179,0.734262,0.691763,-9.739000,-38.899002,-26.420002,NaN,-1.225076,true,Self-supervised model,0.235957,1.719000,39.591128,23.031488,0.000000,0.000000,0.599284,3.739840,false,false
2026-04-17T14:33:07.545245,0.918371,-0.100192,-0.802255,135.966,SE,1,0.923820,1,0.923820,1.936488,1.991228,3.463406,0.802058,8.801085,7.467515,0.233006,-0.128175,3.453181,3.463406,-0.445321,0.415999,0.274278,0.668277,0.609398,-9.739000,-38.899002,-26.420002,NaN,-1.228151,true,Self-supervised model,0.277044,1.727000,39.739629,23.010787,0.000000,0.000000,0.559128,5.182588,false,false
2026-04-17T14:33:07.552727,0.918371,-0.100192,-0.805065,136.127,SE,1,0.923820,1,0.923820,2.265474,2.024198,3.992652,0.696713,8.643068,8.020576,0.120137,-0.274497,3.981393,3.992652,-0.225409,0.475864,0.335365,0.624280,0.526551,-9.739000,-38.899002,-26.420002,NaN,-1.231832,true,Self-supervised model,0.308668,1.734000,39.900618,23.010737,0.000000,0.000000,0.567411,6.395610,false,false
2026-04-17T14:33:07.562047,0.918371,-0.100192,-0.808316,136.313,SE,1,0.923820,1,0.923820,2.604461,2.069408,4.384141,0.782904,8.334216,8.386889,0.195722,-0.579721,4.341234,4.384141,0.074526,0.545503,0.419054,0.691905,0.550570,-9.739000,-38.899002,-26.420002,NaN,-1.236852,true,Self-supervised model,0.332001,1.743000,40.086931,22.998813,0.000000,0.000000,0.594064,6.336330,false,false
2026-04-17T14:33:07.569647,0.918371,-0.100192,-0.812341,136.544,SE,1,0.923820,1,0.923820,2.873858,2.123586,4.288195,1.015141,7.946355,8.185776,0.413476,-0.973660,4.155675,4.288195,0.367741,0.600481,0.491136,0.858501,0.704138,-9.739000,-38.899002,-26.420002,NaN,-1.243966,true,Self-supervised model,0.321035,1.751000,40.317507,23.025418,0.000000,0.000000,0.670179,4.994978,false,false
2026-04-17T14:33:07.577038,0.918371,-0.100192,-0.817476,136.838,SE,1,0.923820,1,0.923820,3.003043,2.180765,3.681266,1.230620,7.680599,7.398083,0.610154,-1.255382,3.406384,3.681266,0.693332,0.638354,0.574824,1.103915,0.942447,-9.739000,-38.899002,-26.420002,NaN,-1.253546,true,Self-supervised model,0.279088,1.758000,40.611737,23.101102,0.000000,0.000000,0.815764,3.334737,false,false
2026-04-17T14:33:07.585570,0.918371,-0.100192,-0.824003,137.212,SE,1,0.923820,1,0.923820,2.985458,2.234952,2.893135,1.314417,7.656657,6.428432,0.670177,-1.303238,2.494526,2.893135,0.936456,0.638965,0.642019,1.302849,1.133679,-9.739000,-38.899002,-26.420002,NaN,-1.265638,true,Self-supervised model,0.226118,1.767000,40.985685,23.195068,0.000000,0.000000,1.031911,2.220621,false,false
2026-04-17T14:33:07.592884,0.918371,-0.100192,-0.832132,137.678,SE,1,0.923820,1,0.923820,2.839036,2.281116,2.070318,1.479617,7.757214,5.322310,0.806208,-1.230309,1.456909,2.070318,1.054353,0.598037,0.689056,1.394313,1.212151,-9.739000,-38.899002,-26.420002,NaN,-1.280180,true,Self-supervised model,0.174220,1.774000,41.451486,23.366114,0.000000,0.000000,1.371304,1.484831,false,false
2026-04-17T14:33:07.601251,0.918371,-0.100192,-0.841934,138.239,SE,1,0.923820,1,0.923820,2.636270,2.317322,1.571748,1.675941,7.888895,4.309563,0.968132,-1.126070,0.514856,1.571748,1.093449,0.532064,0.709215,1.407731,1.216027,-9.739000,-38.899002,-26.420002,NaN,-1.296670,true,Self-supervised model,0.158270,1.783000,42.013094,23.563149,0.000000,0.000000,1.677285,1.116511,false,false
2026-04-17T14:33:07.608836,0.918371,-0.100192,-0.853338,138.893,SE,1,0.923820,1,0.923820,2.458115,2.344954,1.522802,1.889025,8.051701,3.545813,1.144134,-0.988440,-0.181301,1.522802,1.064738,0.463647,0.686002,1.348790,1.161308,-9.739000,-38.899002,-26.420002,NaN,-1.314484,true,Self-supervised model,0.145281,1.790000,42.666510,23.836039,0.000000,0.000000,1.614205,1.129014,false,false
2026-04-17T14:33:07.616939,0.918371,-0.100192,-0.866101,139.624,SE,1,0.923820,1,0.923820,2.311296,2.365607,1.540496,1.965640,8.252813,3.098097,1.174000,-0.793496,-0.604331,1.540496,0.987769,0.390954,0.625526,1.232808,1.062324,-9.739000,-38.899002,-26.420002,NaN,-1.332681,true,Self-supervised model,0.143829,1.798000,43.397766,24.136688,0.000000,0.000000,1.500358,1.249583,false,false
2026-04-17T14:33:07.625865,0.918371,-0.100192,-0.879921,140.416,SE,1,0.923820,1,0.923820,2.196972,2.380862,1.596771,2.020706,8.494628,2.762909,1.179889,-0.554371,-0.922070,1.596771,0.902248,0.317650,0.547335,1.102057,0.956532,-9.739000,-38.899002,-26.420002,NaN,-1.350730,true,Self-supervised model,0.142373,1.807000,44.189590,24.454671,0.000000,0.000000,1.375884,1.448901,false,false
2026-04-17T14:33:07.633099,0.918371,-0.100192,-0.894485,141.250,SE,1,0.923820,1,0.923820,2.112831,2.392141,1.671092,1.991976,8.681376,2.456451,1.120122,-0.384732,-1.178922,1.671092,0.791071,0.244957,0.440434,0.937965,0.828128,-9.739000,-38.899002,-26.420002,NaN,-1.368269,true,Self-supervised model,0.140574,1.815000,45.024041,24.806634,0.000000,0.000000,1.264341,1.781615,false,false
2026-04-17T14:33:07.640469,0.918371,-0.100192,-0.908970,142.080,SE,1,0.923820,1,0.923820,2.051685,2.400522,1.730668,1.915361,8.741230,2.233790,1.019141,-0.340365,-1.356730,1.730668,0.673173,0.200975,0.316428,0.770506,0.702534,-9.739000,-38.899002,-26.420002,NaN,-1.382439,true,Self-supervised model,0.146694,1.822000,45.853972,25.166834,0.000000,0.000000,1.185487,2.246144,false,false
2026-04-17T14:33:07.648921,0.918371,-0.100192,-0.922902,142.878,SE,1,0.923820,1,0.923820,2.007025,2.406782,1.772558,1.752556,8.772355,2.025495,0.840558,-0.322665,-1.526863,1.772558,0.542448,0.202807,0.191812,0.610060,0.579121,-9.739000,-38.899002,-26.420002,NaN,-1.394158,true,Self-supervised model,0.159169,1.830000,46.652208,25.493010,0.000000,0.000000,1.132276,2.905548,false,false
2026-04-17T14:33:07.656956,0.918371,-0.100192,-0.935810,143.618,SE,1,0.923820,1,0.923820,1.965698,2.411139,1.748734,1.599327,8.631097,1.982399,0.680007,-0.475034,-1.539482,1.748734,0.425162,0.232129,0.106901,0.496059,0.484403,-9.739000,-38.899002,-26.420002,NaN,-1.402969,true,Self-supervised model,0.164392,1.838000,47.391767,25.784422,0.000000,0.000000,1.124069,3.525254,false,false
2026-04-17T14:33:07.665566,0.918371,-0.100192,-0.947361,144.280,SE,1,0.923820,1,0.923820,1.933636,2.414039,1.765309,1.477222,8.391677,1.989582,0.558127,-0.722776,-1.510762,1.765309,0.245568,0.306654,0.013439,0.393092,0.392862,-9.739000,-38.899002,-26.420002,NaN,-1.409097,true,Self-supervised model,0.173100,1.847000,48.053629,26.017125,0.000000,0.000000,1.095353,4.490832,false,false
2026-04-17T14:33:07.672651,0.918371,-0.100192,-0.957342,144.852,SE,1,0.923820,1,0.923820,1.911801,2.415949,1.797171,1.343147,8.207323,2.001553,0.431733,-0.912463,-1.486890,1.797171,0.155160,0.378736,-0.027489,0.410209,0.409287,-9.739000,-38.899002,-26.420002,NaN,-1.412792,true,Self-supervised model,0.172961,1.854000,48.625460,26.227325,0.000000,0.000000,1.063784,4.381110,false,false
2026-04-17T14:33:07.681647,0.918371,-0.100192,-0.965632,145.327,SE,1,0.923820,1,0.923820,1.890437,2.416929,1.778275,1.237802,8.145074,2.039860,0.341080,-0.977122,-1.446084,1.778275,0.027489,0.503353,-0.064141,0.508167,0.504103,-9.474000,-37.660004,-27.715002,NaN,-1.414323,true,Self-supervised model,0.173218,1.863000,49.100475,26.355596,0.000000,0.000000,1.063073,3.499391,false,false
2026-04-17T14:33:07.688808,0.918371,-0.100192,-0.972220,145.704,SE,1,0.923820,1,0.923820,1.849953,2.416250,1.637411,1.108515,8.202535,2.157176,0.232009,-0.919233,-1.335027,1.637411,-0.074526,0.610254,-0.081856,0.620214,0.614788,-9.474000,-37.660004,-27.715002,NaN,-1.414097,true,Self-supervised model,0.162942,1.870000,49.477896,26.458768,0.000000,0.000000,1.129804,2.640077,false,false
2026-04-17T14:33:07.698618,0.918371,-0.100192,-0.977197,145.989,SE,1,0.923820,1,0.923820,1.771967,2.412479,1.362542,0.988805,8.334216,2.401384,0.136965,-0.784120,-1.105856,1.362542,-0.185092,0.709825,-0.095295,0.739724,0.733561,-9.474000,-37.660004,-27.715002,NaN,-1.412635,true,Self-supervised model,0.154497,1.880000,49.763079,26.469723,0.000000,0.000000,1.300487,1.841959,false,false
2026-04-17T14:33:07.704510,0.918371,-0.100192,-0.980699,146.190,SE,1,0.923820,1,0.923820,1.650154,2.403986,1.010631,0.931344,8.547300,2.698265,0.107514,-0.565138,-0.830925,1.010631,-0.269392,0.777631,-0.116064,0.831116,0.822972,-9.474000,-37.660004,-27.715002,NaN,-1.410238,true,Self-supervised model,0.142162,1.886000,49.963754,26.491916,0.000000,0.000000,1.632795,1.215993,false,false
2026-04-17T14:33:07.712635,0.918371,-0.100192,-0.982868,146.314,SE,1,0.923820,1,0.923820,1.504316,2.389999,0.738668,0.885855,8.743625,2.918532,0.094095,-0.361259,-0.637392,0.738668,-0.325591,0.813672,-0.163712,0.891557,0.876397,-9.474000,-37.660004,-27.715002,NaN,-1.407072,true,Self-supervised model,0.148329,1.894000,50.088019,26.445628,0.000000,0.000000,2.036525,0.828515,false,false
2026-04-17T14:33:07.720729,0.918371,-0.100192,-0.983765,146.366,SE,1,0.923820,1,0.923820,1.349284,2.370370,0.535367,0.756568,8.896853,3.088520,0.001616,-0.199646,-0.496747,0.535367,-0.355524,0.835664,-0.217468,0.933822,0.908147,-9.474000,-37.660004,-27.715002,NaN,-1.402879,true,Self-supervised model,0.155460,1.902000,50.139376,26.361396,0.000000,0.000000,2.520296,0.573308,false,false
2026-04-17T14:33:07.731284,0.918371,-0.100192,-0.983408,146.345,SE,1,0.923820,1,0.923820,1.210498,2.345975,0.481872,0.543484,8.995016,3.172317,-0.174035,-0.094049,-0.439394,0.481872,-0.390954,0.875370,-0.312763,1.008433,0.958706,-9.474000,-37.660004,-27.715002,NaN,-1.397510,true,Self-supervised model,0.152610,1.913000,50.118942,26.199133,0.000000,0.000000,2.512073,0.477842,false,false
2026-04-17T14:33:07.736787,0.918371,-0.100192,-0.982071,146.269,SE,1,0.923820,1,0.923820,1.103237,2.318266,0.540114,0.263362,8.939949,3.318364,-0.411034,-0.141580,-0.320515,0.540114,-0.401949,0.885755,-0.344528,1.031903,0.972689,-9.474000,-37.660004,-27.715002,NaN,-1.392253,true,Self-supervised model,0.137852,1.918000,50.042349,26.090902,0.000000,0.000000,2.042599,0.523416,false,false
2026-04-17T14:33:07.746320,0.918371,-0.100192,-0.979686,146.132,SE,1,0.923820,1,0.923820,1.048589,2.289479,0.761690,-0.071826,8.825027,3.490746,-0.698092,-0.248754,-0.175954,0.761690,-0.412945,0.896750,-0.377515,1.056978,0.987261,-9.474000,-37.660004,-27.715002,NaN,-1.385672,true,Self-supervised model,0.128976,1.928000,49.905664,25.884681,0.000000,0.000000,1.376662,0.720630,false,false
2026-04-17T14:33:07.753279,0.918371,-0.100192,-0.976233,145.934,SE,1,0.923820,1,0.923820,1.055016,2.262100,1.088755,-0.445322,8.686164,3.660734,-1.019865,-0.379601,-0.034157,1.088755,-0.407447,0.891863,-0.381791,1.052235,0.980527,-9.474000,-37.660004,-27.715002,NaN,-1.377952,true,Self-supervised model,0.139908,1.935000,49.707850,25.688812,0.000000,0.000000,0.969011,1.034708,false,false
2026-04-17T14:33:07.764395,0.918371,-0.100192,-0.971773,145.679,SE,1,0.923820,1,0.923820,1.115052,2.238218,1.430241,-0.816423,8.571242,3.861847,-1.337850,-0.486259,0.138923,1.430241,-0.383623,0.887587,-0.356134,1.030441,0.966943,-9.474000,-37.660004,-27.715002,NaN,-1.369462,true,Self-supervised model,0.162581,1.946000,49.452319,25.412292,0.000000,0.000000,0.779625,1.387989,false,false
2026-04-17T14:33:07.769061,0.918371,-0.100192,-0.966470,145.375,SE,1,0.923820,1,0.923820,1.205928,2.218927,1.683026,-1.110910,8.530540,4.007894,-1.579963,-0.518995,0.258724,1.683026,-0.339641,0.867429,-0.301767,0.979210,0.931552,-9.474000,-37.660004,-27.715002,NaN,-1.360785,true,Self-supervised model,0.160232,1.950000,49.148458,25.204337,0.000000,0.000000,0.716524,1.718759,false,false
2026-04-17T14:33:07.776507,0.918371,-0.100192,-0.960581,145.037,SE,1,0.923820,1,0.923820,1.314750,2.204760,1.886069,-1.362301,8.508993,4.094085,-1.780253,-0.533379,0.321656,1.886069,-0.290161,0.852768,-0.219911,0.927236,0.900781,-9.474000,-37.660004,-27.715002,NaN,-1.352555,true,Self-supervised model,0.177827,1.958000,48.811059,24.929039,0.000000,0.000000,0.697085,2.034075,false,false
2026-04-17T14:33:07.784621,0.918371,-0.100192,-0.954353,144.680,SE,1,0.923820,1,0.923820,1.414407,2.195146,1.937608,-1.446098,8.511387,4.218584,-1.816009,-0.524549,0.425773,1.937608,-0.237016,0.844827,-0.135001,0.887769,0.877444,-9.474000,-37.660004,-27.715002,NaN,-1.344972,true,Self-supervised model,0.181597,1.966000,48.454244,24.646106,0.000000,0.000000,0.729976,2.182558,false,false
2026-04-17T14:33:07.793193,0.918371,-0.100192,-0.948083,144.321,SE,1,0.923820,1,0.923820,1.490240,2.188949,1.888363,-1.405396,8.511387,4.321534,-1.741921,-0.518908,0.512210,1.888363,-0.169821,0.831998,-0.036041,0.849917,0.849153,-9.474000,-37.660004,-27.715002,NaN,-1.338529,true,Self-supervised model,0.180042,1.975000,48.094966,24.351882,0.000000,0.000000,0.789171,2.221820,false,false
2026-04-17T14:33:07.801443,0.918371,-0.100192,-0.942563,144.005,SE,1,0.923820,1,0.923820,1.531522,2.184652,1.748250,-1.297657,8.561666,4.328717,-1.606909,-0.464828,0.508091,1.748250,-0.089186,0.831388,0.056200,0.838044,0.836158,-9.474000,-37.660004,-27.715002,NaN,-1.336010,true,Self-supervised model,0.175296,1.983000,47.778679,24.094140,0.000000,0.000000,0.876031,2.086108,false,false
2026-04-17T14:33:07.808488,0.918371,-0.100192,-0.938021,143.745,SE,1,0.923820,1,0.923820,1.536571,2.180729,1.563080,-1.144428,8.578424,4.268862,-1.431221,-0.446302,0.442313,1.563080,-0.017715,0.840551,0.123395,0.849744,0.840737,-9.474000,-37.660004,-27.715002,NaN,-1.335384,true,Self-supervised model,0.166633,1.990000,47.518469,23.878628,0.000000,0.000000,0.983040,1.839471,false,false
2026-04-17T14:33:07.816597,0.918371,-0.100192,-0.934584,143.548,SE,1,0.923820,1,0.923820,1.492978,2.175219,1.264110,-0.893037,8.595184,4.079720,-1.161525,-0.429981,0.252882,1.264110,0.058032,0.859487,0.184481,0.880977,0.861444,-9.474000,-37.660004,-27.715002,NaN,-1.336366,true,Self-supervised model,0.155687,1.998000,47.321557,23.684463,0.000000,0.000000,1.181050,1.434897,false,false
2026-04-17T14:33:07.824819,0.918371,-0.100192,-0.932317,143.418,SE,1,0.923820,1,0.923820,1.425848,2.167244,1.073416,-0.756568,8.662222,3.792415,-1.008953,-0.365122,-0.030380,1.073416,0.110567,0.892474,0.222355,0.926378,0.899297,-9.474000,-37.660004,-27.715002,NaN,-1.338776,true,Self-supervised model,0.149746,2.006000,47.191639,23.525244,0.000000,0.000000,1.328327,1.158723,false,false
2026-04-17T14:33:07.833156,0.918371,-0.100192,-0.931175,143.352,SE,1,0.923820,1,0.923820,1.350906,2.156591,0.957464,-0.648829,8.669404,3.641581,-0.869125,-0.360355,-0.177491,0.957464,0.141721,0.910189,0.244957,0.953170,0.921156,-9.474000,-37.660004,-27.715002,NaN,-1.342137,true,Self-supervised model,0.147570,2.015000,47.126229,23.387707,0.000000,0.000000,1.410921,1.004505,false,false
2026-04-17T14:33:07.841295,0.918371,-0.100192,-0.930222,143.298,SE,1,0.923820,1,0.923820,1.290163,2.143933,0.971260,-0.603339,8.729259,3.342306,-0.793700,-0.304011,-0.470068,0.971260,0.150884,0.918130,0.256563,0.965171,0.930446,-9.411000,-39.969002,-24.222002,NaN,-1.341939,true,Self-supervised model,0.147412,2.023000,47.071633,23.268232,0.000000,0.000000,1.328340,1.006309,false,false
2026-04-17T14:33:07.848976,0.918371,-0.100192,-0.929548,143.259,SE,1,0.923820,1,0.923820,1.243167,2.129903,0.996440,-0.560243,8.748413,3.181894,-0.722627,-0.288845,-0.622312,0.996440,0.139888,0.936456,0.271835,0.985096,0.946847,-9.411000,-39.969002,-24.222002,NaN,-1.342380,true,Self-supervised model,0.148161,2.030000,47.032999,23.168965,0.000000,0.000000,1.247608,1.011516,false,false
2026-04-17T14:33:07.856869,0.918371,-0.100192,-0.929217,143.240,SE,1,0.923820,1,0.923820,1.191557,2.114369,0.920601,-0.478840,8.729259,3.186682,-0.615573,-0.311855,-0.609362,0.920601,0.115454,0.943176,0.287718,0.992820,0.950216,-9.411000,-39.969002,-24.222002,NaN,-1.343420,true,Self-supervised model,0.146037,2.038000,47.014014,23.068702,0.000000,0.000000,1.294325,0.927258,false,false
2026-04-17T14:33:07.865290,0.918371,-0.100192,-0.929289,143.244,SE,1,0.923820,1,0.923820,1.140518,2.097415,0.872562,-0.418985,8.717288,3.179500,-0.532550,-0.327426,-0.608726,0.872562,0.092852,0.945619,0.299935,0.996383,0.950167,-9.411000,-39.969002,-24.222002,NaN,-1.345106,true,Self-supervised model,0.144967,2.047000,47.018146,22.969294,0.000000,0.000000,1.307090,0.875730,false,false
2026-04-17T14:33:07.872949,0.918371,-0.100192,-0.929812,143.274,SE,1,0.923820,1,0.923820,1.077218,2.078607,0.744896,-0.351948,8.700529,3.294421,-0.444167,-0.347387,-0.486732,0.744896,0.075136,0.966389,0.310930,1.017954,0.969305,-9.411000,-39.969002,-24.222002,NaN,-1.347435,true,Self-supervised model,0.139904,2.054000,47.048142,22.905619,0.000000,0.000000,1.446132,0.731758,false,false
2026-04-17T14:33:07.883613,0.918371,-0.100192,-0.930807,143.331,SE,1,0.923820,1,0.923820,0.999335,2.057436,0.590450,-0.354342,8.734048,3.517082,-0.426493,-0.316676,-0.257780,0.590450,0.067195,0.978606,0.326202,1.033728,0.980910,-9.411000,-39.969002,-24.222002,NaN,-1.350312,true,Self-supervised model,0.137986,2.065000,47.105103,22.811188,0.000000,0.000000,1.692498,0.571185,false,false
2026-04-17T14:33:07.888813,0.918371,-0.100192,-0.932267,143.415,SE,1,0.923820,1,0.923820,0.924787,2.034130,0.533407,-0.378284,8.743625,3.725378,-0.432122,-0.309658,-0.043648,0.533407,0.071471,0.971276,0.345139,1.033250,0.973902,-9.411000,-39.969002,-24.222002,NaN,-1.353635,true,Self-supervised model,0.134416,2.070000,47.188753,22.796499,0.000000,0.000000,1.733737,0.516242,false,false
2026-04-17T14:33:07.898655,0.918371,-0.100192,-0.934189,143.525,SE,1,0.923820,1,0.923820,0.864097,2.009329,0.545477,-0.397437,8.760384,3.907337,-0.435012,-0.295615,0.144640,0.545477,0.100182,0.975552,0.373850,1.049524,0.980682,-9.411000,-39.969002,-24.222002,NaN,-1.357407,true,Self-supervised model,0.132619,2.080000,47.298902,22.739857,0.000000,0.000000,1.584114,0.519737,false,false
2026-04-17T14:33:07.904601,0.918371,-0.100192,-0.936594,143.663,SE,1,0.923820,1,0.923820,0.822082,1.983839,0.601504,-0.378284,8.753201,4.082114,-0.401434,-0.306036,0.327108,0.601504,0.143553,0.982882,0.399506,1.070640,0.993310,-9.411000,-39.969002,-24.222002,NaN,-1.361743,true,Self-supervised model,0.128469,2.086000,47.436706,22.740511,0.000000,0.000000,1.366711,0.561817,false,false
2026-04-17T14:33:07.912978,0.918371,-0.100192,-0.939500,143.829,SE,1,0.923820,1,0.923820,0.787637,1.957991,0.606797,-0.328006,8.856153,4.204218,-0.338515,-0.207165,0.459013,0.606797,0.205862,1.001819,0.431882,1.110199,1.022751,-9.411000,-39.969002,-24.222002,NaN,-1.366653,true,Self-supervised model,0.129661,2.094000,47.603212,22.733148,0.000000,0.000000,1.298022,0.546566,false,false
2026-04-17T14:33:07.920718,0.918371,-0.100192,-0.942933,144.026,SE,1,0.923820,1,0.923820,0.743708,1.931420,0.513086,-0.213084,9.023746,4.197036,-0.212943,-0.044864,0.464649,0.513086,0.272446,1.021367,0.460592,1.153066,1.057079,-9.411000,-39.969002,-24.222002,NaN,-1.372195,true,Self-supervised model,0.124999,2.102000,47.799926,22.740212,0.000000,0.000000,1.449482,0.444975,false,false
2026-04-17T14:33:07.932116,0.918371,-0.100192,-0.946933,144.255,SE,1,0.923820,1,0.923820,0.682300,1.903455,0.359908,-0.093374,9.203311,4.041412,-0.084234,0.127854,0.325717,0.359908,0.340252,1.050077,0.478307,1.203001,1.103827,-9.411000,-39.969002,-24.222002,NaN,-1.378458,true,Self-supervised model,0.129023,2.114000,48.029060,22.719518,0.000000,0.000000,1.895763,0.299175,false,false
2026-04-17T14:33:07.937118,0.918371,-0.100192,-0.951504,144.517,SE,1,0.923820,1,0.923820,0.624790,1.874308,0.322862,-0.045490,9.399636,3.756502,-0.027505,0.315761,0.061469,0.322862,0.381791,1.087340,0.474031,1.246105,1.152420,-9.411000,-39.969002,-24.222002,NaN,-1.385319,true,Self-supervised model,0.122059,2.119000,48.290992,22.789520,0.000000,0.000000,1.935163,0.259097,false,false
2026-04-17T14:33:07.946698,0.918371,-0.100192,-0.956593,144.809,SE,1,0.923820,1,0.923820,0.617518,1.846037,0.579342,-0.038307,9.572019,3.342306,-0.011605,0.477872,-0.327324,0.579342,0.403171,1.139875,0.452040,1.290814,1.209074,-9.411000,-39.969002,-24.222002,NaN,-1.392478,true,Self-supervised model,0.127130,2.128000,48.582578,22.830159,0.000000,0.000000,1.065896,0.448819,false,false
2026-04-17T14:33:07.952790,0.918371,-0.100192,-0.962155,145.127,SE,1,0.923820,1,0.923820,0.661488,1.820655,0.892325,-0.119710,9.768343,3.050213,-0.083356,0.662976,-0.591404,0.892325,0.377515,1.186911,0.416610,1.313331,1.245502,-9.411000,-39.969002,-24.222002,NaN,-1.399932,true,Self-supervised model,0.144580,2.134000,48.901257,22.915303,0.000000,0.000000,0.741308,0.679437,false,false
2026-04-17T14:33:07.961517,0.918371,-0.100192,-0.968094,145.468,SE,1,0.923820,1,0.923820,0.741757,1.799499,1.163171,-0.284910,9.904813,2.791639,-0.236051,0.788373,-0.822018,1.163171,0.317039,1.221730,0.381791,1.318675,1.262196,-9.411000,-39.969002,-24.222002,NaN,-1.407378,true,Self-supervised model,0.160549,2.143000,49.241525,22.977847,0.000000,0.000000,0.637702,0.882076,false,false
2026-04-17T14:33:07.969825,0.918371,-0.100192,-0.974215,145.818,SE,1,0.923820,1,0.923820,0.830899,1.782755,1.298893,-0.414197,10.019734,2.710236,-0.348820,0.892797,-0.876562,1.298893,0.248011,1.252885,0.356745,1.326083,1.277196,-9.411000,-39.969002,-24.222002,NaN,-1.414229,true,Self-supervised model,0.163754,2.151000,49.592246,23.055437,0.000000,0.000000,0.639698,0.979496,false,false
2026-04-17T14:33:07.976807,0.918371,-0.100192,-0.980297,146.167,SE,1,0.923820,1,0.923820,0.901762,1.769515,1.273795,-0.524330,10.081984,2.832341,-0.439666,0.946008,-0.730971,1.273795,0.156382,1.272432,0.332922,1.324529,1.282006,-9.411000,-39.969002,-24.222002,NaN,-1.420150,true,Self-supervised model,0.155922,2.158000,49.940677,23.142112,0.000000,0.000000,0.707933,0.961697,false,false
2026-04-17T14:33:07.985219,0.918371,-0.100192,-0.986226,146.507,SE,1,0.923820,1,0.923820,0.952443,1.758832,1.218520,-0.665588,10.120291,3.102885,-0.566444,0.980458,-0.450148,1.218520,0.071471,1.258382,0.307265,1.297323,1.260410,-9.411000,-39.969002,-24.222002,NaN,-1.425473,true,Self-supervised model,0.156199,2.167000,50.280411,23.202774,0.000000,0.000000,0.781639,0.939257,false,false
2026-04-17T14:33:07.992868,0.918371,-0.100192,-0.992267,146.853,SE,1,0.923820,1,0.923820,0.991368,1.750134,1.195723,-0.804452,10.115502,3.478775,-0.690341,0.973859,-0.069145,1.195723,0.015272,1.237002,0.296270,1.272078,1.237096,-9.411000,-39.969002,-24.222002,NaN,-1.431961,true,Self-supervised model,0.152375,2.174000,50.626544,23.287279,0.000000,0.000000,0.829095,0.939976,false,false
2026-04-17T14:33:08.002234,0.918371,-0.100192,-0.998336,147.200,SE,1,0.923820,1,0.923820,1.034995,1.743528,1.264034,-0.905008,10.048465,3.962404,-0.776613,0.906446,0.415942,1.264034,-0.020159,1.207681,0.301157,1.244827,1.207849,-9.411000,-39.969002,-24.222002,NaN,-1.438141,true,Self-supervised model,0.158901,2.184000,50.974270,23.339867,0.000000,0.000000,0.818803,1.015429,false,false
2026-04-17T14:33:08.009266,0.918371,-0.100192,-1.004428,147.549,SE,1,0.923820,1,0.923820,1.115037,1.740388,1.535263,-1.022324,10.129868,4.328717,-0.875443,0.987008,0.785141,1.535263,-0.021991,1.198518,0.317039,1.239936,1.198719,-2.715000,-42.878002,-21.617001,NaN,-1.444324,true,Self-supervised model,0.167949,2.191000,51.323310,23.424605,0.000000,0.000000,0.726285,1.238179,false,false
2026-04-17T14:33:08.016990,0.918371,-0.100192,-1.010291,147.885,SE,1,0.923820,1,0.923820,1.223246,1.741703,1.791340,-1.154005,10.326192,4.450821,-0.991206,1.182569,0.909914,1.791340,0.011606,1.238835,0.345750,1.286231,1.238889,-2.715000,-42.878002,-21.617001,NaN,-1.449272,true,Self-supervised model,0.176735,2.198000,51.659235,23.502836,0.000000,0.000000,0.682866,1.392706,false,false
2026-04-17T14:33:08.025327,0.918371,-0.100192,-1.016146,148.221,SE,1,0.923820,1,0.923820,1.344142,1.747800,1.978848,-1.271321,10.615891,4.280833,-1.094707,1.470682,0.744681,1.978848,0.048258,1.329243,0.372017,1.381163,1.330119,-2.715000,-42.878002,-21.617001,NaN,-1.455094,true,Self-supervised model,0.181880,2.207000,51.994693,23.558991,0.000000,0.000000,0.679255,1.432740,false,false
2026-04-17T14:33:08.033756,0.918371,-0.100192,-1.022222,148.569,SE,1,0.923820,1,0.923820,1.440086,1.757492,1.943789,-1.242591,10.726024,3.952827,-1.052442,1.578268,0.423971,1.943789,0.071471,1.426981,0.386678,1.480170,1.428770,-2.715000,-42.878002,-21.617001,NaN,-1.462056,true,Self-supervised model,0.175643,2.215000,52.342843,23.631080,0.000000,0.000000,0.740865,1.313220,false,false
2026-04-17T14:33:08.040525,0.918371,-0.100192,-1.028692,148.940,SE,1,0.923820,1,0.923820,1.497690,1.769100,1.800111,-1.189918,10.656591,3.536236,-0.985259,1.506473,0.014327,1.800111,0.046426,1.546711,0.387899,1.595285,1.547407,-2.715000,-42.878002,-21.617001,NaN,-1.470099,true,Self-supervised model,0.158930,2.222000,52.713524,23.723458,0.000000,0.000000,0.831998,1.128394,false,false
2026-04-17T14:33:08.049229,0.918371,-0.100192,-1.035577,149.334,SE,1,0.923820,1,0.923820,1.521105,1.781180,1.644035,-1.177947,10.472239,3.325546,-0.958300,1.321657,-0.194254,1.644035,-0.047647,1.531439,0.392175,1.581574,1.532180,-2.715000,-42.878002,-21.617001,NaN,-1.478646,true,Self-supervised model,0.156197,2.231000,53.108012,23.804577,0.000000,0.000000,0.925227,1.039493,false,false
2026-04-17T14:33:08.056901,0.918371,-0.100192,-1.042813,149.749,SE,1,0.923820,1,0.923820,1.511262,1.792383,1.459587,-1.130063,10.283096,3.337517,-0.898004,1.135135,-0.188292,1.459587,-0.162490,1.462411,0.409280,1.527272,1.471411,-2.715000,-42.878002,-21.617001,NaN,-1.487285,true,Self-supervised model,0.146354,2.238000,53.522593,23.915368,0.000000,0.000000,1.035404,0.955683,false,false
2026-04-17T14:33:08.064795,0.918371,-0.100192,-1.050425,150.185,SE,1,0.923820,1,0.923820,1.457548,1.800990,1.175550,-0.900220,10.110714,3.629610,-0.659863,0.968840,0.088600,1.175550,-0.288328,1.373836,0.437990,1.470508,1.403766,-2.715000,-42.878002,-21.617001,NaN,-1.496402,true,Self-supervised model,0.135769,2.246000,53.958732,24.024369,0.000000,0.000000,1.239886,0.799418,false,false
2026-04-17T14:33:08.072584,0.918371,-0.100192,-1.058483,150.647,SE,1,0.923820,1,0.923820,1.405761,1.807181,1.133875,-0.701501,10.026917,4.091691,-0.456009,0.894306,0.527205,1.133875,-0.388510,1.298699,0.444710,1.426649,1.355567,-2.715000,-42.878002,-21.617001,NaN,-1.506244,true,Self-supervised model,0.134356,2.254000,54.420432,24.143936,0.000000,0.000000,1.239784,0.794782,false,false
2026-04-17T14:33:08.080867,0.918371,-0.100192,-1.066988,151.134,SE,1,0.923820,1,0.923820,1.418759,1.813644,1.486999,-0.667982,10.034100,4.690241,-0.417803,0.912939,1.096882,1.486999,-0.448375,1.232726,0.415388,1.375937,1.311737,-2.715000,-42.878002,-21.617001,NaN,-1.516535,true,Self-supervised model,0.152188,2.262000,54.907715,24.273968,0.000000,0.000000,0.954109,1.080718,false,false
2026-04-17T14:33:08.088899,0.918371,-0.100192,-1.075794,151.638,SE,1,0.923820,1,0.923820,1.520407,1.823914,2.054061,-0.869095,9.995792,5.372589,-0.612680,0.886997,1.748435,2.054061,-0.454484,1.184468,0.375071,1.322950,1.268668,-2.715000,-42.878002,-21.617001,NaN,-1.526550,true,Self-supervised model,0.175846,2.270000,55.412299,24.410704,0.000000,0.000000,0.740196,1.552636,false,false
2026-04-17T14:33:08.099708,0.918371,-0.100192,-1.084675,152.147,SE,1,0.923820,1,0.923820,1.687231,1.840447,2.563053,-1.192312,9.828198,5.928043,-0.926782,0.731210,2.275005,2.563053,-0.409280,1.156368,0.320093,1.267737,1.226661,-2.715000,-42.878002,-21.617001,NaN,-1.535725,true,Self-supervised model,0.198312,2.281000,55.921105,24.516048,0.000000,0.000000,0.658289,2.021755,false,false
2026-04-17T14:33:08.104730,0.918371,-0.100192,-1.093367,152.645,SE,1,0.923820,1,0.923820,1.882663,1.864136,2.908685,-1.620875,9.521740,6.220136,-1.342852,0.434731,2.543267,2.908685,-0.328035,1.181413,0.286496,1.259136,1.226109,-2.715000,-42.878002,-21.617001,NaN,-1.543662,true,Self-supervised model,0.190695,2.286000,56.419105,24.680273,0.000000,0.000000,0.647256,2.310064,false,false
2026-04-17T14:33:08.113273,0.918371,-0.100192,-1.101706,153.123,SE,1,0.923820,1,0.923820,2.074641,1.894556,3.082523,-1.996764,9.227253,6.258443,-1.702902,0.147377,2.565220,3.082523,-0.224798,1.257161,0.278555,1.307127,1.277101,-2.715000,-42.878002,-21.617001,NaN,-1.550591,true,Self-supervised model,0.208619,2.295000,56.896908,24.791681,0.000000,0.000000,0.673033,2.358244,false,false
2026-04-17T14:33:08.120564,0.918371,-0.100192,-1.109641,153.578,SE,1,0.923820,1,0.923820,2.254763,1.930964,3.200405,-2.398990,8.860941,6.119579,-2.087256,-0.214368,2.416609,3.200405,-0.150273,1.334130,0.291994,1.373952,1.342566,-2.715000,-42.878002,-21.617001,NaN,-1.556912,true,Self-supervised model,0.207495,2.302000,57.351575,24.913803,0.000000,0.000000,0.704524,2.329342,false,false
2026-04-17T14:33:08.131947,0.918371,-0.100192,-1.117256,154.014,SE,1,0.923820,1,0.923820,2.428379,1.972861,3.339861,-2.794033,8.566454,5.904101,-2.464060,-0.506499,2.196939,3.339861,-0.087354,1.411099,0.329256,1.451634,1.413800,-2.715000,-42.878002,-21.617001,NaN,-1.563242,true,Self-supervised model,0.219457,2.313000,57.787849,24.983938,0.000000,0.000000,0.727090,2.300761,false,false
2026-04-17T14:33:08.137132,0.918371,-0.100192,-1.124704,154.441,SE,1,0.923820,1,0.923820,2.586767,2.019417,3.418303,-3.071761,8.360553,5.645528,-2.724864,-0.711405,1.937476,3.418303,-0.059865,1.474629,0.382402,1.524580,1.475843,-2.715000,-42.878002,-21.617001,NaN,-1.570024,true,Self-supervised model,0.199742,2.319000,58.214589,25.103316,0.000000,0.000000,0.756740,2.242127,false,false
2026-04-17T14:33:08.146442,0.918371,-0.100192,-1.132197,154.870,SE,1,0.923820,1,0.923820,2.737571,2.070143,3.529293,-3.308787,8.243237,5.463568,-2.947568,-0.828168,1.755531,3.529293,-0.059865,1.513113,0.444099,1.578075,1.514297,-2.715000,-42.878002,-21.617001,NaN,-1.577699,true,Self-supervised model,0.217252,2.328000,58.643929,25.190691,0.000000,0.000000,0.775671,2.236455,false,false
2026-04-17T14:33:08.152591,0.918371,-0.100192,-1.139964,155.315,SE,1,0.923820,1,0.923820,2.886644,2.124803,3.669281,-3.485958,8.178593,5.442020,-3.110430,-0.890872,1.730662,3.669281,-0.075747,1.523498,0.498466,1.604759,1.525380,-2.715000,-42.878002,-21.617001,NaN,-1.586560,true,Self-supervised model,0.208710,2.334000,59.088939,25.316598,0.000000,0.000000,0.786706,2.286499,false,false
2026-04-17T14:33:08.161688,0.918371,-0.100192,-1.148028,155.777,SE,1,0.923820,1,0.923820,3.024485,2.182790,3.748146,-3.473987,8.085219,5.609614,-3.084124,-0.980595,1.890822,3.748146,-0.092852,1.511281,0.555277,1.612738,1.514130,-2.715000,-42.878002,-21.617001,NaN,-1.595814,true,Self-supervised model,0.221286,2.343000,59.550990,25.416556,0.000000,0.000000,0.806928,2.324089,false,false
2026-04-17T14:33:08.169045,0.918371,-0.100192,-1.156383,156.256,SE,1,0.923820,1,0.923820,3.149417,2.243455,3.805314,-3.397372,8.030152,5.839458,-2.993795,-1.030939,2.110632,3.805314,-0.083689,1.491122,0.604757,1.611266,1.493469,-2.308000,-43.393002,-18.881001,NaN,-1.605332,true,Self-supervised model,0.215461,2.350000,60.029699,25.544553,0.000000,0.000000,0.827637,2.361691,false,false
2026-04-17T14:33:08.176749,0.918371,-0.100192,-1.165022,156.751,SE,1,0.923820,1,0.923820,3.251968,2.305796,3.790358,-3.246537,7.948750,6.004658,-2.829547,-1.107589,2.265773,3.790358,-0.054367,1.500285,0.634078,1.629683,1.501270,-2.308000,-43.393002,-18.881001,NaN,-1.615106,true,Self-supervised model,0.213049,2.358000,60.524664,25.667796,0.000000,0.000000,0.857958,2.325826,false,false
2026-04-17T14:33:08.184726,0.918371,-0.100192,-1.173925,157.261,SE,1,0.923820,1,0.923820,3.328330,2.368697,3.729235,-3.047819,7.814674,6.100426,-2.615479,-1.237315,2.352767,3.729235,0.001833,1.541213,0.653015,1.673849,1.541214,-2.308000,-43.393002,-18.881001,NaN,-1.625063,true,Self-supervised model,0.207865,2.366000,61.034742,25.796594,0.000000,0.000000,0.892497,2.227940,false,false
2026-04-17T14:33:08.195102,0.918371,-0.100192,-1.182997,157.781,S,1,0.923820,1,0.923820,3.376664,2.431016,3.630414,-2.940080,7.668628,6.011840,-2.487215,-1.379156,2.256456,3.630414,0.061697,1.619404,0.662178,1.750644,1.620579,-2.308000,-43.393002,-18.881001,NaN,-1.634814,true,Self-supervised model,0.210107,2.377000,61.554535,25.895892,0.000000,0.000000,0.930104,2.073759,false,false
2026-04-17T14:33:08.201396,0.918371,-0.100192,-1.192045,158.299,S,1,0.923820,1,0.923820,3.397332,2.491669,3.505838,-2.868254,7.491457,5.810728,-2.386649,-1.551208,2.046598,3.505838,0.105680,1.715310,0.662789,1.841940,1.718562,-2.308000,-43.393002,-18.881001,NaN,-1.643766,true,Self-supervised model,0.186628,2.383000,62.072952,26.048238,0.000000,0.000000,0.969050,1.903340,false,false
2026-04-17T14:33:08.208522,0.918371,-0.100192,-1.200827,158.802,S,1,0.923820,1,0.923820,3.399446,2.549980,3.410548,-2.844312,7.331046,5.533000,-2.350614,-1.715159,1.778955,3.410548,0.128893,1.818546,0.668287,1.941734,1.823108,-2.308000,-43.393002,-18.881001,NaN,-1.651484,true,Self-supervised model,0.184712,2.390000,62.576130,26.182481,0.000000,0.000000,0.996745,1.756445,false,false
2026-04-17T14:33:08.216730,0.918371,-0.100192,-1.210231,159.341,S,1,0.923820,1,0.923820,3.398077,2.605904,3.390887,-2.896984,7.194576,5.281609,-2.386379,-1.854725,1.537305,3.390887,0.125227,1.933388,0.670119,2.050057,1.937440,-2.308000,-43.393002,-18.881001,NaN,-1.663377,true,Self-supervised model,0.180394,2.398000,63.114958,26.319832,0.000000,0.000000,1.002120,1.654045,false,false
2026-04-17T14:33:08.224732,0.918371,-0.100192,-1.220066,159.905,S,1,0.923820,1,0.923820,3.401653,2.659734,3.420426,-2.944868,7.115568,5.195418,-2.413574,-1.935616,1.458548,3.420426,0.096517,2.016466,0.682336,2.130970,2.018775,-2.308000,-43.393002,-18.881001,NaN,-1.674936,true,Self-supervised model,0.175722,2.406000,63.678474,26.466531,0.000000,0.000000,0.994512,1.605102,false,false
2026-04-17T14:33:08.233597,0.918371,-0.100192,-1.230223,160.487,S,1,0.923820,1,0.923820,3.400066,2.711347,3.391737,-2.999935,7.168240,5.137957,-2.445621,-1.883408,1.405557,3.391737,0.060476,2.071444,0.695776,2.186010,2.072327,-2.308000,-43.393002,-18.881001,NaN,-1.686379,true,Self-supervised model,0.171268,2.415000,64.260417,26.608868,0.000000,0.000000,1.002456,1.551565,false,false
2026-04-17T14:33:08.240486,0.918371,-0.100192,-1.240642,161.084,S,1,0.923820,1,0.923820,3.402942,2.761011,3.418042,-3.162740,7.295133,5.116409,-2.584273,-1.755886,1.386149,3.418042,0.033598,2.113594,0.715323,2.231613,2.113861,-2.308000,-43.393002,-18.881001,NaN,-1.697843,true,Self-supervised model,0.159725,2.422000,64.857342,26.778424,0.000000,0.000000,0.995582,1.531647,false,false
2026-04-17T14:33:08.249118,0.918371,-0.100192,-1.251314,161.695,S,1,0.923820,1,0.923820,3.394488,2.808350,3.350103,-3.246537,7.381324,5.118803,-2.588448,-1.646607,1.346036,3.350103,0.012217,2.163074,0.743423,2.287294,2.163108,-2.308000,-43.393002,-18.881001,NaN,-1.709532,true,Self-supervised model,0.164470,2.431000,65.468828,26.930822,0.000000,0.000000,1.013249,1.464658,false,false
2026-04-17T14:33:08.256717,0.918371,-0.100192,-1.259990,162.192,S,1,0.923820,1,0.923820,3.364088,2.852579,3.204490,-3.246537,7.426814,5.044583,-2.505072,-1.576312,1.228254,3.204490,-0.007941,2.195450,0.767858,2.325869,2.195464,-2.308000,-43.393002,-18.881001,NaN,-1.710221,true,Self-supervised model,0.161850,2.438000,65.965909,27.057387,0.000000,0.000000,1.049805,1.377760,false,false
2026-04-17T14:33:08.265136,0.918371,-0.100192,-1.267097,162.599,S,1,0.923820,1,0.923820,3.315931,2.893113,3.063108,-3.270479,7.472303,4.917690,-2.447077,-1.506377,1.060788,3.063108,-0.041539,2.210110,0.784962,2.345736,2.210501,-2.308000,-43.393002,-18.881001,NaN,-1.711055,true,Self-supervised model,0.165328,2.447000,66.373128,27.124286,0.000000,0.000000,1.082538,1.305819,false,false
2026-04-17T14:33:08.272476,0.918371,-0.100192,-1.273129,162.945,S,1,0.923820,1,0.923820,3.248564,2.929331,2.894886,-3.284845,7.544129,4.745308,-2.380982,-1.410219,0.850044,2.894886,-0.086743,2.208278,0.791071,2.347298,2.209981,-2.308000,-43.393002,-18.881001,NaN,-1.712785,true,Self-supervised model,0.161768,2.454000,66.718729,27.187746,0.000000,0.000000,1.122173,1.233284,false,false
2026-04-17T14:33:08.280649,0.918371,-0.100192,-1.278463,163.251,S,1,0.923820,1,0.923820,3.174152,2.961124,2.783487,-3.296816,7.548918,4.630386,-2.314226,-1.380563,0.697286,2.783487,-0.160047,2.190563,0.799012,2.337221,2.196402,-2.308000,-43.393002,-18.881001,NaN,-1.715329,true,Self-supervised model,0.163265,2.462000,67.024360,27.223542,0.000000,0.000000,1.140351,1.190939,false,false
2026-04-17T14:33:08.288754,0.918371,-0.100192,-1.283401,163.533,S,1,0.923820,1,0.923820,3.093870,2.988434,2.672388,-3.301604,7.608773,4.635174,-2.241912,-1.294564,0.663016,2.672388,-0.245568,2.155133,0.802066,2.312620,2.169078,-2.308000,-43.393002,-18.881001,NaN,-1.718680,true,Self-supervised model,0.162042,2.470000,67.307264,27.249904,0.000000,0.000000,1.157717,1.155567,false,false
2026-04-17T14:33:08.298565,0.918371,-0.100192,-1.288169,163.807,S,1,0.923820,1,0.923820,3.024298,3.011869,2.659048,-3.258508,7.594408,4.788404,-2.175073,-1.300860,0.804588,2.659048,-0.345750,2.094046,0.795347,2.266528,2.122398,-2.308000,-43.393002,-18.881001,NaN,-1.722769,true,Self-supervised model,0.164454,2.480000,67.580451,27.250182,0.000000,0.000000,1.137361,1.173182,false,false
2026-04-17T14:33:08.304720,0.918371,-0.100192,-1.294756,164.184,S,1,0.923820,1,0.923820,2.987814,3.032906,2.796273,-3.308787,7.635109,5.188235,-2.202782,-1.249109,1.186011,2.796273,-0.426384,2.017688,0.787405,2.207459,2.062248,-2.308000,-43.393002,-18.881001,NaN,-1.736634,true,Self-supervised model,0.157686,2.486000,67.957873,27.336232,0.000000,0.000000,1.068499,1.266738,false,false
2026-04-17T14:33:08.313400,0.918371,-0.100192,-1.302840,164.647,S,1,0.923820,1,0.923820,3.005613,3.053815,3.099059,-3.378219,7.659051,5.779603,-2.250930,-1.211154,1.752310,3.099059,-0.496023,1.915673,0.781297,2.127503,1.978849,-2.308000,-43.393002,-18.881001,NaN,-1.750705,true,Self-supervised model,0.168277,2.495000,68.421061,27.423271,0.000000,0.000000,0.969847,1.456665,false,false
2026-04-17T14:33:08.321185,0.918371,-0.100192,-1.312147,165.180,S,1,0.923820,1,0.923820,3.080102,3.076866,3.471169,-3.347094,7.592013,6.426037,-2.200899,-1.262178,2.368958,3.471169,-0.526566,1.806329,0.783740,2.038221,1.881514,-1.588000,-44.041000,-16.697001,NaN,-1.764903,true,Self-supervised model,0.172447,2.503000,68.954301,27.548662,0.000000,0.000000,0.887339,1.703039,false,false
2026-04-17T14:33:08.331848,0.918371,-0.100192,-1.322440,165.770,S,1,0.923820,1,0.923820,3.199279,3.103763,3.824955,-3.349488,7.465121,6.907272,-2.189543,-1.373221,2.819654,3.824955,-0.520457,1.714088,0.790460,1.958009,1.791361,-1.588000,-44.041000,-16.697001,NaN,-1.779140,true,Self-supervised model,0.188634,2.513000,69.544037,27.673711,0.000000,0.000000,0.836423,1.953492,false,false
2026-04-17T14:33:08.338614,0.918371,-0.100192,-1.333608,166.410,S,1,0.923820,1,0.923820,3.358122,3.135937,4.192052,-3.325546,7.302315,7.362170,-2.155504,-1.525893,3.255573,4.192052,-0.507018,1.689042,0.797790,1.935562,1.763500,-1.588000,-44.041000,-16.697001,NaN,-1.793812,true,Self-supervised model,0.178857,2.520000,70.183955,27.850776,0.000000,0.000000,0.801069,2.165806,false,false
2026-04-17T14:33:08.348287,0.918371,-0.100192,-1.343889,166.999,S,1,0.923820,1,0.923820,3.535883,3.173935,4.469126,-3.241749,7.170634,7.747637,-2.067670,-1.640806,3.606326,4.469126,-0.445932,1.651169,0.835053,1.903294,1.710325,-1.588000,-44.041000,-16.697001,NaN,-1.800538,true,Self-supervised model,0.201593,2.530000,70.772971,27.973506,0.000000,0.000000,0.791180,2.348101,false,false
2026-04-17T14:33:08.353312,0.918371,-0.100192,-1.356890,167.744,S,1,0.923820,1,0.923820,3.715450,3.217596,4.658178,-3.189077,7.113173,8.054094,-1.988738,-1.672584,3.866007,4.658178,-0.387899,1.668884,0.877813,1.925148,1.713371,-1.588000,-44.041000,-16.697001,NaN,-1.824423,true,Self-supervised model,0.173143,2.535000,71.517883,28.212183,0.000000,0.000000,0.797619,2.419647,false,false
2026-04-17T14:33:08.361863,0.918371,-0.100192,-1.369821,168.485,S,1,0.923820,1,0.923820,3.899189,3.266859,4.863819,-3.107674,7.096414,8.379706,-1.891568,-1.670933,4.157727,4.863819,-0.312763,1.734246,0.922406,1.989036,1.762223,-1.588000,-44.041000,-16.697001,NaN,-1.837072,true,Self-supervised model,0.195830,2.543000,72.258763,28.414771,0.000000,0.000000,0.801672,2.445315,false,false
2026-04-17T14:33:08.369456,0.918371,-0.100192,-1.383064,169.244,S,1,0.923820,1,0.923820,4.084084,3.321548,5.054782,-3.040636,7.077260,8.647857,-1.817567,-1.680151,4.407309,5.054782,-0.235183,1.818546,0.965167,2.072189,1.833690,-1.588000,-44.041000,-16.697001,NaN,-1.851565,true,Self-supervised model,0.190677,2.551000,73.017533,28.623102,0.000000,0.000000,0.807964,2.439344,false,false
2026-04-17T14:33:08.376632,0.918371,-0.100192,-1.396853,170.034,S,1,0.923820,1,0.923820,4.262074,3.381169,5.196519,-2.837129,7.055712,8.870518,-1.618192,-1.704533,4.634634,5.196519,-0.135001,1.921171,0.998154,2.169201,1.925909,-1.588000,-44.041000,-16.697001,NaN,-1.867541,true,Self-supervised model,0.188317,2.558000,73.807623,28.853645,0.000000,0.000000,0.820179,2.395591,false,false
2026-04-17T14:33:08.385573,0.918371,-0.100192,-1.411401,170.867,S,1,0.923820,1,0.923820,4.411879,3.444398,5.198357,-2.715025,7.105990,8.913613,-1.499803,-1.661549,4.691776,5.198357,-0.034819,2.014634,1.013425,2.255436,2.014935,-1.588000,-44.041000,-16.697001,NaN,-1.885119,true,Self-supervised model,0.188595,2.567000,74.641125,29.077182,0.000000,0.000000,0.848706,2.304812,false,false
2026-04-17T14:33:08.393029,0.918371,-0.100192,-1.426563,171.736,S,1,0.923820,1,0.923820,4.513742,3.509171,5.048520,-2.667141,7.218518,8.777143,-1.453504,-1.559357,4.576384,5.048520,0.042150,2.109318,1.020145,2.343436,2.109739,-1.588000,-44.041000,-16.697001,NaN,-1.902742,true,Self-supervised model,0.175176,2.574000,75.509870,29.335614,0.000000,0.000000,0.894072,2.154324,false,false
2026-04-17T14:33:08.401410,0.918371,-0.100192,-1.442180,172.631,S,1,0.923820,1,0.923820,4.560925,3.573242,4.808634,-2.578555,7.331046,8.547300,-1.363357,-1.459778,4.374159,4.808634,0.111788,2.227826,1.023810,2.454362,2.230629,-1.588000,-44.041000,-16.697001,NaN,-1.920176,true,Self-supervised model,0.171091,2.583000,76.404649,29.579810,0.000000,0.000000,0.948486,1.959220,false,false
2026-04-17T14:33:08.409193,0.918371,-0.100192,-1.458114,173.544,S,1,0.923820,1,0.923820,4.552082,3.634395,4.505659,-2.542642,7.419631,8.219295,-1.322382,-1.385663,4.078261,4.505659,0.148440,2.340836,1.012204,2.554624,2.345537,-1.588000,-44.041000,-16.697001,NaN,-1.937380,true,Self-supervised model,0.155697,2.591000,77.317612,29.840838,0.000000,0.000000,1.010303,1.763727,false,false
2026-04-17T14:33:08.416945,0.918371,-0.100192,-1.474250,174.468,S,1,0.923820,1,0.923820,4.503067,3.691142,4.245736,-2.585738,7.462727,7.893683,-1.357089,-1.357501,3.787054,4.245736,0.151495,2.437352,1.000597,2.639097,2.442056,-1.588000,-44.041000,-16.697001,NaN,-1.954322,true,Self-supervised model,0.147644,2.598000,78.242129,30.116293,0.000000,0.000000,1.060609,1.608784,false,false
2026-04-17T14:33:08.424925,0.918371,-0.100192,-1.490525,175.401,S,1,0.923820,1,0.923820,4.417721,3.742205,3.969655,-2.674323,7.596802,7.560889,-1.434900,-1.237640,3.488190,3.969655,0.123395,2.488665,0.988380,2.680592,2.491722,-1.588000,-44.041000,-16.697001,NaN,-1.971154,true,Self-supervised model,0.141078,2.606000,79.174621,30.381666,0.000000,0.000000,1.112873,1.480887,false,false
2026-04-17T14:33:08.433817,0.918371,-0.100192,-1.506889,176.338,S,1,0.923820,1,0.923820,4.327793,3.787629,3.855670,-2.829947,7.742848,7.381324,-1.578447,-1.104268,3.339953,3.855670,0.067806,2.514932,0.979828,2.699916,2.515846,-1.588000,-44.041000,-16.697001,NaN,-1.987874,true,Self-supervised model,0.142654,2.615000,80.112206,30.635643,0.000000,0.000000,1.122449,1.428070,false,false
2026-04-17T14:33:08.440523,0.918371,-0.100192,-1.523350,177.282,S,1,0.923820,1,0.923820,4.257893,3.828439,3.890917,-2.944868,7.929596,7.398083,-1.682462,-0.928102,3.383369,3.890917,-0.001833,2.485000,0.989602,2.674797,2.485001,-1.588000,-44.041000,-16.697001,NaN,-2.004724,true,Self-supervised model,0.132279,2.622000,81.055364,30.913564,0.000000,0.000000,1.094316,1.454659,false,false
2026-04-17T14:33:08.449452,0.918371,-0.100192,-1.539986,178.235,S,1,0.923820,1,0.923820,4.228998,3.866462,4.077303,-2.971204,8.070854,7.611167,-1.701893,-0.795879,3.618637,4.077303,-0.056200,2.419026,1.023199,2.627125,2.419679,-1.588000,-44.041000,-16.697001,NaN,-2.022058,true,Self-supervised model,0.146588,2.631000,82.008520,31.170095,0.000000,0.000000,1.037205,1.552002,false,false
2026-04-17T14:33:08.456910,0.918371,-0.100192,-1.556926,179.205,S,1,0.923820,1,0.923820,4.228746,3.902953,4.227423,-2.791639,8.178593,7.855376,-1.520712,-0.696695,3.882416,4.227423,-0.068417,2.365270,1.062295,2.593772,2.366259,-1.588000,-44.041000,-16.697001,NaN,-2.040215,true,Self-supervised model,0.144045,2.638000,82.979117,31.455314,0.000000,0.000000,1.000313,1.629836,false,false
2026-04-17T14:33:08.465370,0.918371,-0.100192,-1.574298,180.201,S,1,0.923820,1,0.923820,4.232523,3.938136,4.252353,-2.480393,8.269572,7.982268,-1.212461,-0.615006,4.029170,4.252353,-0.042761,2.331062,1.098947,2.577472,2.331454,-1.588000,-44.041000,-16.697001,NaN,-2.059316,true,Self-supervised model,0.148812,2.647000,83.974475,31.724395,0.000000,0.000000,0.995337,1.649815,false,false
2026-04-17T14:33:08.472516,0.918371,-0.100192,-1.592160,181.224,S,1,0.923820,1,0.923820,4.221611,3.971475,4.164324,-2.130840,8.339005,7.965509,-0.868903,-0.556225,4.034503,4.164324,-0.004276,2.316401,1.119105,2.572572,2.316405,-1.588000,-44.041000,-16.697001,NaN,-2.079136,true,Self-supervised model,0.141016,2.654000,84.997879,32.026330,0.000000,0.000000,1.013757,1.618739,false,false
2026-04-17T14:33:08.481822,0.918371,-0.100192,-1.610501,182.275,S,1,0.923820,1,0.923820,4.185013,4.002016,3.992871,-1.853112,8.403648,7.821857,-0.598388,-0.503469,3.915542,3.992871,0.032987,2.315790,1.120938,2.573028,2.316025,-1.177000,-42.812000,-14.495001,NaN,-2.099394,true,Self-supervised model,0.145698,2.663000,86.048738,32.312707,0.000000,0.000000,1.048121,1.551818,false,false
2026-04-17T14:33:08.488607,0.918371,-0.100192,-1.629217,183.347,S,1,0.923820,1,0.923820,4.114125,4.028501,3.741963,-1.546654,8.489840,7.584831,-0.299332,-0.429934,3.705111,3.741963,0.054367,2.326786,1.116662,2.581438,2.327421,-1.177000,-42.812000,-14.495001,NaN,-2.119608,true,Self-supervised model,0.124811,2.670000,87.121062,32.629611,0.000000,0.000000,1.099456,1.449566,false,false
2026-04-17T14:33:08.499703,0.918371,-0.100192,-1.648215,184.436,S,1,0.923820,1,0.923820,4.007032,4.049642,3.444791,-1.249773,8.554482,7.275979,-0.008960,-0.378194,3.423956,3.444791,0.061697,2.359162,1.103223,2.605101,2.359968,-1.177000,-42.812000,-14.495001,NaN,-2.139737,true,Self-supervised model,0.138878,2.681000,88.209590,32.901749,0.000000,0.000000,1.163215,1.322326,false,false
2026-04-17T14:33:08.505495,0.918371,-0.100192,-1.667414,185.536,S,1,0.923820,1,0.923820,3.871440,4.064514,3.159587,-0.974440,8.609550,6.955156,0.261751,-0.335641,3.130786,3.159587,0.049480,2.398257,1.078788,2.630184,2.398767,-1.177000,-42.812000,-14.495001,NaN,-2.159738,true,Self-supervised model,0.105832,2.687000,89.309601,33.237663,0.000000,0.000000,1.225300,1.201280,false,false
2026-04-17T14:33:08.512493,0.918371,-0.100192,-1.686729,186.642,S,1,0.923820,1,0.923820,3.728009,4.073054,2.974994,-0.799663,8.698134,6.730101,0.434828,-0.258340,2.931685,2.974994,0.010996,2.443461,1.040914,2.655960,2.443486,-1.177000,-42.812000,-14.495001,NaN,-2.179517,true,Self-supervised model,0.108714,2.694000,90.416260,33.562086,0.000000,0.000000,1.253115,1.120120,false,false
2026-04-17T14:33:08.520698,0.918371,-0.100192,-1.706077,187.751,S,1,0.923820,1,0.923820,3.587269,4.075622,2.848383,-0.629675,8.765172,6.550536,0.606369,-0.201103,2.775817,2.848383,-0.022602,2.481335,1.007317,2.678100,2.481438,-1.177000,-42.812000,-14.495001,NaN,-2.198997,true,Self-supervised model,0.114985,2.702000,91.524816,33.872989,0.000000,0.000000,1.259405,1.063584,false,false
2026-04-17T14:33:08.531334,0.918371,-0.100192,-1.725386,188.857,S,1,0.923820,1,0.923820,3.461902,4.073073,2.803726,-0.533907,8.815451,6.461950,0.707164,-0.159019,2.708415,2.803726,-0.066584,2.515543,0.966389,2.695607,2.516424,-1.177000,-42.812000,-14.495001,NaN,-2.218150,true,Self-supervised model,0.119223,2.713000,92.631132,34.143432,0.000000,0.000000,1.234750,1.040109,false,false
2026-04-17T14:33:08.536723,0.918371,-0.100192,-1.744598,189.958,S,1,0.923820,1,0.923820,3.356764,4.066421,2.804787,-0.426168,8.757990,6.406884,0.823049,-0.223133,2.672009,2.804787,-0.103847,2.528371,0.922406,2.693377,2.530503,-1.177000,-42.812000,-14.495001,NaN,-2.236978,true,Self-supervised model,0.096883,2.718000,93.731937,34.485628,0.000000,0.000000,1.196798,1.041365,false,false
2026-04-17T14:33:08.547326,0.918371,-0.100192,-1.763627,191.048,S,1,0.923820,1,0.923820,3.257589,4.056068,2.736919,-0.440533,8.676587,6.311116,0.819587,-0.309910,2.592867,2.736919,-0.134390,2.527760,0.879646,2.679815,2.531330,-1.177000,-42.812000,-14.495001,NaN,-2.255271,true,Self-supervised model,0.117423,2.729000,94.822210,34.746138,0.000000,0.000000,1.190239,1.021309,false,false
2026-04-17T14:33:08.552701,0.918371,-0.100192,-1.782397,192.124,S,1,0.923820,1,0.923820,3.166158,4.042471,2.686147,-0.493206,8.571242,6.239290,0.779614,-0.419655,2.536036,2.686147,-0.153938,2.515543,0.857044,2.661988,2.520249,-1.177000,-42.812000,-14.495001,NaN,-2.273006,true,Self-supervised model,0.096127,2.734000,95.897651,35.075952,0.000000,0.000000,1.178699,1.009076,false,false
2026-04-17T14:33:08.561925,0.918371,-0.100192,-1.800873,193.182,S,1,0.923820,1,0.923820,3.090973,4.026411,2.696250,-0.565032,8.458714,6.232107,0.720690,-0.535869,2.542285,2.696250,-0.171653,2.471561,0.836885,2.615044,2.477514,-1.177000,-42.812000,-14.495001,NaN,-2.290303,true,Self-supervised model,0.115336,2.743000,96.956211,35.346778,0.000000,0.000000,1.146397,1.031053,false,false
2026-04-17T14:33:08.569219,0.918371,-0.100192,-1.819068,194.225,S,1,0.923820,1,0.923820,3.040222,4.008964,2.773779,-0.636858,8.386889,6.301539,0.660593,-0.610950,2.623777,2.773779,-0.188147,2.401922,0.827722,2.547500,2.409280,-1.177000,-42.812000,-14.495001,NaN,-2.307377,true,Self-supervised model,0.110742,2.751000,97.998719,35.622944,0.000000,0.000000,1.096058,1.088824,false,false
2026-04-17T14:33:08.576625,0.918371,-0.100192,-1.837021,195.254,S,1,0.923820,1,0.923820,3.029058,3.991768,2.970447,-0.715866,8.312668,6.495469,0.590919,-0.688244,2.828549,2.970447,-0.188147,2.313957,0.830777,2.465763,2.321594,-1.177000,-42.812000,-14.495001,NaN,-2.324362,true,Self-supervised model,0.115016,2.758000,99.027359,35.905496,0.000000,0.000000,1.019731,1.204676,false,false
2026-04-17T14:33:08.584726,0.918371,-0.100192,-1.854781,196.271,S,1,0.923820,1,0.923820,3.056970,3.976376,3.203509,-0.632069,8.133103,6.663064,0.679657,-0.871443,3.006846,3.203509,-0.167377,2.205224,0.850324,2.369404,2.211566,-1.177000,-42.812000,-14.495001,NaN,-2.341351,true,Self-supervised model,0.124171,2.766000,100.044952,36.169542,0.000000,0.000000,0.954257,1.352031,false,false
2026-04-17T14:33:08.592979,0.918371,-0.100192,-1.872446,197.283,S,1,0.923820,1,0.923820,3.116642,3.963986,3.429923,-0.557849,7.979874,6.828263,0.753983,-1.029397,3.183743,3.429923,-0.121562,2.106874,0.874759,2.284491,2.110378,-1.177000,-42.812000,-14.495001,NaN,-2.358633,true,Self-supervised model,0.128837,2.774000,101.057059,36.430086,0.000000,0.000000,0.908663,1.501395,false,false
2026-04-17T14:33:08.601430,0.918371,-0.100192,-1.890075,198.293,S,1,0.923820,1,0.923820,3.181077,3.954670,3.519358,-0.488417,7.860164,6.852205,0.818239,-1.155613,3.221944,3.519358,-0.050091,2.025629,0.915076,2.223296,2.026248,-1.177000,-42.812000,-14.495001,NaN,-2.376121,true,Self-supervised model,0.130939,2.783000,102.067140,36.675221,0.000000,0.000000,0.903880,1.582946,false,false
2026-04-17T14:33:08.608785,0.918371,-0.100192,-1.907750,199.306,S,1,0.923820,1,0.923820,3.240021,3.948084,3.549480,-0.404620,7.807492,6.825869,0.891434,-1.216809,3.213025,3.549480,0.010996,1.962710,0.952950,2.181849,1.962741,-1.177000,-42.812000,-14.495001,NaN,-2.393976,true,Self-supervised model,0.127267,2.790000,103.079815,36.946170,0.000000,0.000000,0.912816,1.626822,false,false
2026-04-17T14:33:08.616955,0.918371,-0.100192,-1.925563,200.327,S,1,0.923820,1,0.923820,3.289447,3.943739,3.548934,-0.150835,7.766790,6.708553,1.129345,-1.268011,3.116354,3.548934,0.081245,1.908343,0.992045,2.152331,1.910072,-1.177000,-42.812000,-14.495001,NaN,-2.412346,true,Self-supervised model,0.131391,2.798000,104.100459,37.205310,0.000000,0.000000,0.926883,1.648879,false,false
2026-04-17T14:33:08.624842,0.918371,-0.100192,-1.943599,201.360,S,1,0.923820,1,0.923820,3.304340,3.940163,3.382529,0.043096,7.781156,6.445191,1.299128,-1.259051,2.858069,3.382529,0.139888,1.869859,1.017091,2.133170,1.875084,-1.177000,-42.812000,-14.495001,NaN,-2.431271,true,Self-supervised model,0.124069,2.806000,105.133832,37.467510,0.000000,0.000000,0.976885,1.585682,false,false
2026-04-17T14:33:08.634100,0.918371,-0.100192,-1.962387,202.436,S,1,0.923820,1,0.923820,3.284892,3.935952,3.182790,0.203507,7.843405,6.162675,1.431418,-1.201063,2.576556,3.182790,0.180205,1.855198,1.023199,2.126304,1.863929,-1.177000,-42.812000,-14.495001,NaN,-2.453066,true,Self-supervised model,0.127083,2.816000,106.210286,37.716721,0.000000,0.000000,1.032080,1.496865,false,false
2026-04-17T14:33:08.641368,0.918371,-0.100192,-1.982001,203.560,SW,1,0.923820,1,0.923820,3.238499,3.930054,2.994933,0.404620,7.852982,5.825093,1.600807,-1.193119,2.232377,2.994933,0.181427,1.841759,1.016480,2.111450,1.850673,-0.200000,-42.319000,-13.151001,NaN,-2.475987,true,Self-supervised model,0.114856,2.823000,107.334111,38.021293,0.000000,0.000000,1.081326,1.418425,false,false
2026-04-17T14:33:08.649231,0.918371,-0.100192,-2.002557,204.738,SW,1,0.923820,1,0.923820,3.171332,3.921705,2.818704,0.586579,7.898471,5.501875,1.747747,-1.145272,1.891778,2.818704,0.152716,1.830763,0.991434,2.087572,1.837122,-0.200000,-42.319000,-13.151001,NaN,-2.500309,true,Self-supervised model,0.110616,2.831000,108.511879,38.329876,0.000000,0.000000,1.125103,1.350231,false,false
2026-04-17T14:33:08.656809,0.918371,-0.100192,-2.024146,205.975,SW,1,0.923820,1,0.923820,3.106146,3.911082,2.763921,0.706290,7.910442,5.377377,1.830059,-1.126377,1.738223,2.763921,0.096517,1.826487,0.951728,2.061833,1.829035,-0.200000,-42.319000,-13.151001,NaN,-2.526033,true,Self-supervised model,0.107936,2.838000,109.748864,38.671200,0.000000,0.000000,1.123819,1.340516,false,false
2026-04-17T14:33:08.665818,0.918371,-0.100192,-2.046817,207.274,SW,1,0.923820,1,0.923820,3.050925,3.898676,2.761017,0.770933,7.915231,5.396531,1.855310,-1.110115,1.717173,2.761017,0.036652,1.810605,0.904691,2.024376,1.810976,-0.200000,-42.319000,-13.151001,NaN,-2.553027,true,Self-supervised model,0.114238,2.847000,111.047784,39.005193,0.000000,0.000000,1.105001,1.363885,false,false
2026-04-17T14:33:08.672982,0.918371,-0.100192,-2.070547,208.634,SW,1,0.923820,1,0.923820,2.995154,3.884535,2.702356,0.746991,7.951144,5.451597,1.791171,-1.059181,1.724114,2.702356,-0.006109,1.799609,0.864374,1.996440,1.799619,-0.200000,-42.319000,-13.151001,NaN,-2.580998,true,Self-supervised model,0.103635,2.854000,112.407441,39.385929,0.000000,0.000000,1.108349,1.353587,false,false
2026-04-17T14:33:08.680897,0.918371,-0.100192,-2.095192,210.046,SW,1,0.923820,1,0.923820,2.933332,3.868487,2.608766,0.612916,8.020576,5.583278,1.616707,-0.971917,1.802025,2.608766,-0.033598,1.796555,0.830777,1.979628,1.796869,-0.200000,-42.319000,-13.151001,NaN,-2.609300,true,Self-supervised model,0.100758,2.862000,113.819484,39.769212,0.000000,0.000000,1.124414,1.317806,false,false
2026-04-17T14:33:08.688857,0.918371,-0.100192,-2.120567,211.500,SW,1,0.923820,1,0.923820,2.876567,3.850810,2.578553,0.500388,8.037335,5.741296,1.464317,-0.936115,1.904835,2.578553,-0.030543,1.794111,0.817338,1.971753,1.794371,-0.200000,-42.319000,-13.151001,NaN,-2.637596,true,Self-supervised model,0.098986,2.870000,115.273366,40.164936,0.000000,0.000000,1.115574,1.307746,false,false
2026-04-17T14:33:08.698410,0.918371,-0.100192,-2.146453,212.983,SW,1,0.923820,1,0.923820,2.809237,3.831147,2.455754,0.450110,8.075643,5.726931,1.373994,-0.878558,1.836030,2.455754,-0.001222,1.792889,0.818559,1.970912,1.792890,-0.200000,-42.319000,-13.151001,NaN,-2.665524,true,Self-supervised model,0.104399,2.880000,116.756502,40.540452,0.000000,0.000000,1.143941,1.245999,false,false
2026-04-17T14:33:08.705406,0.918371,-0.100192,-2.172692,214.486,SW,1,0.923820,1,0.923820,2.722583,3.808805,2.267647,0.433351,8.154651,5.616797,1.316580,-0.780572,1.673185,2.267647,0.029932,1.795944,0.821614,1.975186,1.796193,-0.200000,-42.319000,-13.151001,NaN,-2.693176,true,Self-supervised model,0.088111,2.887000,118.259882,40.962896,0.000000,0.000000,1.200620,1.148068,false,false
2026-04-17T14:33:08.714326,0.918371,-0.100192,-2.199158,216.002,SW,1,0.923820,1,0.923820,2.621252,3.783303,2.089263,0.464475,8.238448,5.477933,1.305462,-0.678255,1.483495,2.089263,0.059865,1.790446,0.833831,1.975995,1.791447,-0.200000,-42.319000,-13.151001,NaN,-2.720553,true,Self-supervised model,0.094673,2.896000,119.776307,41.359222,0.000000,0.000000,1.254630,1.057322,false,false
2026-04-17T14:33:08.720907,0.918371,-0.100192,-2.225806,217.529,SW,1,0.923820,1,0.923820,2.510048,3.754373,1.926230,0.529119,8.324639,5.312734,1.327095,-0.575202,1.272134,1.926230,0.089186,1.770898,0.846048,1.964646,1.773143,-0.200000,-42.319000,-13.151001,NaN,-2.747927,true,Self-supervised model,0.083662,2.902000,121.303125,41.799836,0.000000,0.000000,1.303088,0.980447,false,false
2026-04-17T14:33:08.733075,0.918371,-0.100192,-2.252528,219.060,SW,1,0.923820,1,0.923820,2.413850,3.722752,1.908807,0.720655,8.384495,5.185841,1.474563,-0.500362,1.104012,1.908807,0.117286,1.736690,0.840551,1.932970,1.740646,-0.200000,-42.319000,-13.151001,NaN,-2.774941,true,Self-supervised model,0.102918,2.915000,122.834141,42.138642,0.000000,0.000000,1.264586,0.987499,false,false
2026-04-17T14:33:08.737764,0.918371,-0.100192,-2.279231,220.590,SW,1,0.923820,1,0.923820,2.337647,3.689347,1.937581,0.967257,8.492233,5.013458,1.675937,-0.379533,0.895215,1.937581,0.135001,1.690875,0.819170,1.883699,1.696256,-0.200000,-42.319000,-13.151001,NaN,-2.801573,true,Self-supervised model,0.071452,2.919000,124.364126,42.605045,0.000000,0.000000,1.206477,1.028604,false,false
2026-04-17T14:33:08.747324,0.918371,-0.100192,-2.305820,222.114,SW,1,0.923820,1,0.923820,2.276409,3.654830,1.954911,1.151611,8.635885,4.841076,1.814572,-0.224895,0.691684,1.954911,0.150884,1.635897,0.776410,1.817068,1.642841,-0.200000,-42.319000,-13.151001,NaN,-2.827704,true,Self-supervised model,0.097629,2.929000,125.887560,42.979706,0.000000,0.000000,1.164457,1.075860,false,false
2026-04-17T14:33:08.753215,0.918371,-0.100192,-2.332170,223.623,SW,1,0.923820,1,0.923820,2.220314,3.619449,1.925813,1.237802,8.757990,4.683059,1.855292,-0.093905,0.507771,1.925813,0.156382,1.569924,0.726319,1.736852,1.577693,-0.200000,-42.319000,-13.151001,NaN,-2.853099,true,Self-supervised model,0.080282,2.935000,127.397306,43.406237,0.000000,0.000000,1.152923,1.108795,false,false
2026-04-17T14:33:08.761053,0.918371,-0.100192,-2.358152,225.112,SW,1,0.923820,1,0.923820,2.157430,3.582969,1.827294,1.228225,8.829816,4.508282,1.800542,-0.014799,0.311182,1.827294,0.146608,1.503339,0.680504,1.656686,1.510471,-0.200000,-42.319000,-13.151001,NaN,-2.877612,true,Self-supervised model,0.091013,2.942000,128.886002,43.808974,0.000000,0.000000,1.180669,1.102982,false,false
2026-04-17T14:33:08.770270,0.918371,-0.100192,-2.383643,226.573,SW,1,0.923820,1,0.923820,2.084908,3.545046,1.704167,1.158794,8.971074,4.414908,1.687241,0.132324,0.199739,1.704167,0.128893,1.426370,0.634078,1.566270,1.432182,-0.200000,-42.319000,-13.151001,NaN,-2.901136,true,Self-supervised model,0.098004,2.952000,130.346524,44.155327,0.000000,0.000000,1.223418,1.088042,false,false
2026-04-17T14:33:08.776734,0.918371,-0.100192,-2.408509,227.997,SW,1,0.923820,1,0.923820,1.998394,3.505180,1.544195,1.036689,9.054871,4.359841,1.522806,0.220790,0.129815,1.544195,0.110567,1.359786,0.602313,1.491316,1.364274,-0.200000,-42.319000,-13.151001,NaN,-2.923501,true,Self-supervised model,0.085894,2.958000,131.771232,44.547408,0.000000,0.000000,1.294133,1.035458,false,false
2026-04-17T14:33:08.784676,0.918371,-0.100192,-2.432662,229.381,SW,1,0.923820,1,0.923820,1.906643,3.463239,1.424946,0.931344,9.160215,4.393360,1.377972,0.329474,0.152023,1.424946,0.100793,1.307863,0.577268,1.433144,1.311741,-0.200000,-42.319000,-13.151001,NaN,-2.944801,true,Self-supervised model,0.090245,2.966000,133.155077,44.893822,0.000000,0.000000,1.338045,0.994280,false,false
2026-04-17T14:33:08.792787,0.918371,-0.100192,-2.456007,230.719,SW,1,0.923820,1,0.923820,1.804315,3.418882,1.267097,0.773327,9.241618,4.434062,1.183591,0.412738,0.185186,1.267097,0.104458,1.260826,0.562607,1.384601,1.265146,-0.200000,-42.319000,-13.151001,NaN,-2.964918,true,Self-supervised model,0.093071,2.974000,134.492677,45.222823,0.000000,0.000000,1.423976,0.915135,false,false
2026-04-17T14:33:08.801913,0.918371,-0.100192,-2.478471,232.006,SW,1,0.923820,1,0.923820,1.702367,3.372221,1.167137,0.672771,9.306262,4.431667,1.049738,0.477723,0.178999,1.167137,0.116064,1.194852,0.542448,1.317343,1.200476,1.463000,-42.448002,-13.008000,NaN,-2.983856,true,Self-supervised model,0.096169,2.983000,135.779769,45.517857,0.000000,0.000000,1.458583,0.885978,false,false
2026-04-17T14:33:08.808601,0.918371,-0.100192,-2.499982,233.238,SW,1,0.923820,1,0.923820,1.607963,3.323651,1.112341,0.617704,9.354146,4.434062,0.964053,0.524538,0.181008,1.112341,0.127671,1.128268,0.522901,1.250086,1.135469,1.463000,-42.448002,-13.008000,NaN,-3.001551,true,Self-supervised model,0.087508,2.990000,137.012217,45.823484,0.000000,0.000000,1.445566,0.889812,false,false
2026-04-17T14:33:08.816865,0.918371,-0.100192,-2.520504,234.414,SW,1,0.923820,1,0.923820,1.527846,3.273818,1.107230,0.632069,9.358934,4.465186,0.949791,0.527108,0.214505,1.107230,0.141721,1.056186,0.508240,1.180644,1.065652,1.463000,-42.448002,-13.008000,NaN,-3.018121,true,Self-supervised model,0.096531,2.998000,138.188054,46.093414,0.000000,0.000000,1.379881,0.937818,false,false
2026-04-17T14:33:08.824691,0.918371,-0.100192,-2.540023,235.533,SW,1,0.923820,1,0.923820,1.466578,3.223529,1.144921,0.687136,9.358934,4.529830,0.977646,0.523899,0.283873,1.144921,0.158825,0.993267,0.494801,1.120996,1.005885,1.463000,-42.448002,-13.008000,NaN,-3.033627,true,Self-supervised model,0.096381,3.006000,139.306402,46.342782,0.000000,0.000000,1.280942,1.021343,false,false
2026-04-17T14:33:08.834086,0.918371,-0.100192,-2.558582,236.596,SW,1,0.923820,1,0.923820,1.410859,3.173022,1.118336,0.670376,9.366117,4.553771,0.934862,0.527020,0.314577,1.118336,0.181427,0.911411,0.474031,1.043212,0.929293,1.463000,-42.448002,-13.008000,NaN,-3.048347,true,Self-supervised model,0.103931,3.016000,140.369759,46.541697,0.000000,0.000000,1.261570,1.072012,false,false
2026-04-17T14:33:08.840607,0.918371,-0.100192,-2.576207,237.606,SW,1,0.923820,1,0.923820,1.365614,3.122726,1.128080,0.667982,9.399636,4.604050,0.907850,0.555530,0.373846,1.128080,0.200364,0.871705,0.463647,1.007464,0.894435,1.463000,-42.448002,-13.008000,NaN,-3.062238,true,Self-supervised model,0.097232,3.022000,141.379623,46.783462,0.000000,0.000000,1.210565,1.119723,false,false
2026-04-17T14:33:08.849100,0.918371,-0.100192,-2.592932,238.564,SW,1,0.923820,1,0.923820,1.321419,3.072673,1.089395,0.634463,9.370906,4.656722,0.850883,0.520967,0.437463,1.089395,0.225409,0.817949,0.452040,0.961348,0.848439,1.463000,-42.448002,-13.008000,NaN,-3.075359,true,Self-supervised model,0.105028,3.031000,142.337874,46.960698,0.000000,0.000000,1.212985,1.133195,false,false
2026-04-17T14:33:08.856624,0.918371,-0.100192,-2.608801,239.473,SW,1,0.923820,1,0.923820,1.286532,3.023228,1.103372,0.615310,9.425972,4.695030,0.808981,0.569368,0.488671,1.103372,0.249233,0.767858,0.448375,0.923451,0.807293,1.463000,-42.448002,-13.008000,NaN,-3.087807,true,Self-supervised model,0.104801,3.038000,143.247120,47.151784,0.000000,0.000000,1.166000,1.194835,false,false
2026-04-17T14:33:08.865816,0.918371,-0.100192,-2.623879,240.337,SW,1,0.923820,1,0.923820,1.265529,2.974920,1.155266,0.684742,9.454702,4.695030,0.855670,0.590450,0.503823,1.155266,0.277944,0.708604,0.442266,0.880325,0.761165,1.463000,-42.448002,-13.008000,NaN,-3.099721,true,Self-supervised model,0.113071,3.047000,144.111035,47.296040,0.000000,0.000000,1.095444,1.312318,false,false
2026-04-17T14:33:08.873059,0.918371,-0.100192,-2.638250,241.161,SW,1,0.923820,1,0.923820,1.258334,2.928256,1.220561,0.804452,9.473856,4.644751,0.952322,0.601130,0.470631,1.220561,0.300546,0.646295,0.432493,0.833712,0.712759,1.463000,-42.448002,-13.008000,NaN,-3.111259,true,Self-supervised model,0.112239,3.054000,144.934381,47.457230,0.000000,0.000000,1.030947,1.464008,false,false
2026-04-17T14:33:08.881777,0.918371,-0.100192,-2.651972,241.947,SW,1,0.923820,1,0.923820,1.263899,2.883682,1.293112,0.907402,9.526528,4.592079,1.032424,0.644755,0.436495,1.293112,0.314596,0.592539,0.415999,0.789385,0.670875,1.463000,-42.448002,-13.008000,NaN,-3.122390,true,Self-supervised model,0.118575,3.063000,145.720618,47.574475,0.000000,0.000000,0.977409,1.638125,false,false
2026-04-17T14:33:08.888630,0.918371,-0.100192,-2.665083,242.698,SW,1,0.923820,1,0.923820,1.282070,2.841618,1.377470,1.041478,9.509769,4.589684,1.144141,0.618711,0.453389,1.377470,0.319483,0.554666,0.394619,0.751962,0.640096,1.463000,-42.448002,-13.008000,NaN,-3.133057,true,Self-supervised model,0.116664,3.070000,146.471835,47.710695,0.000000,0.000000,0.930743,1.831834,false,false
2026-04-17T14:33:08.897402,0.918371,-0.100192,-2.677616,243.416,SW,1,0.923820,1,0.923820,1.301063,2.801995,1.400775,1.098939,9.488221,4.589684,1.180157,0.587716,0.473276,1.400775,0.325591,0.510072,0.367741,0.708108,0.605131,1.463000,-42.448002,-13.008000,NaN,3.139910,true,Self-supervised model,0.124381,3.079000,147.189906,47.804452,0.000000,0.000000,0.928816,1.978194,false,false
2026-04-17T14:33:08.906570,0.918371,-0.100192,-2.689577,244.101,SW,1,0.923820,1,0.923820,1.316187,2.764563,1.395590,1.086968,9.533711,4.587290,1.147797,0.623690,0.491167,1.395590,0.334143,0.472199,0.339641,0.670805,0.578466,1.463000,-42.448002,-13.008000,NaN,3.130237,true,Self-supervised model,0.127405,3.088000,147.875206,47.887049,0.000000,0.000000,0.943105,2.080470,false,false
2026-04-17T14:33:08.914084,0.918371,-0.100192,-2.700967,244.754,SW,1,0.923820,1,0.923820,1.320652,2.728807,1.344095,1.015141,9.581595,4.575319,1.057497,0.661778,0.500340,1.344095,0.346361,0.469755,0.318261,0.664775,0.583640,1.463000,-42.448002,-13.008000,NaN,3.121129,true,Self-supervised model,0.122791,3.096000,148.527817,47.974101,0.000000,0.000000,0.982559,2.021880,false,false
2026-04-17T14:33:08.920642,0.918371,-0.100192,-2.711784,245.374,SW,1,0.923820,1,0.923820,1.317446,2.694352,1.300609,0.952892,9.662998,4.493917,0.979547,0.732671,0.441888,1.300609,0.367130,0.499077,0.301767,0.689149,0.619566,1.463000,-42.448002,-13.008000,NaN,3.112606,true,Self-supervised model,0.119230,3.102000,149.147578,48.081102,0.000000,0.000000,1.012945,1.887270,false,false
2026-04-17T14:33:08.931473,0.918371,-0.100192,-2.722045,245.962,SW,1,0.923820,1,0.923820,1.296676,2.660445,1.187638,0.833182,9.737218,4.268862,0.847995,0.795533,0.241897,1.187638,0.390954,0.545503,0.274889,0.725246,0.671132,1.463000,-42.448002,-13.008000,NaN,3.104564,true,Self-supervised model,0.123600,3.113000,149.735531,48.100074,0.000000,0.000000,1.091811,1.637565,false,false
2026-04-17T14:33:08.937044,0.918371,-0.100192,-2.731740,246.517,SW,1,0.923820,1,0.923820,1.263536,2.626569,1.089551,0.651223,9.821015,3.962404,0.658133,0.867482,-0.038169,1.089551,0.393397,0.591318,0.245568,0.751479,0.710224,1.463000,-42.448002,-13.008000,NaN,3.097140,true,Self-supervised model,0.111340,3.118000,150.290970,48.201081,0.000000,0.000000,1.159685,1.449874,false,false
2026-04-17T14:33:08.946280,0.918371,-0.100192,-2.740856,247.040,SW,1,0.923820,1,0.923820,1.241911,2.593183,1.128380,0.339977,9.938332,3.517082,0.342214,0.973141,-0.457304,1.128380,0.365297,0.637132,0.227853,0.768958,0.734425,1.463000,-42.448002,-13.008000,NaN,3.090333,true,Self-supervised model,0.121870,3.128000,150.813325,48.213979,0.000000,0.000000,1.100615,1.467413,false,false
2026-04-17T14:33:08.952798,0.918371,-0.100192,-2.749417,247.530,W,1,0.923820,1,0.923820,1.260713,2.561884,1.359425,0.158017,10.029311,3.105280,0.158013,1.053344,-0.844709,1.359425,0.317650,0.676228,0.221744,0.779330,0.747118,1.463000,-42.448002,-13.008000,NaN,3.083996,true,Self-supervised model,0.124030,3.134000,151.303822,48.278182,0.000000,0.000000,0.927387,1.744349,false,false
2026-04-17T14:33:08.969915,0.918371,-0.100192,-2.757483,247.992,W,1,0.923820,1,0.923820,1.310604,2.533833,1.572528,0.141258,10.105926,2.834735,0.140658,1.120690,-1.094127,1.572528,0.233351,0.701884,0.216246,0.770621,0.739658,1.463000,-42.448002,-13.008000,NaN,3.077912,true,Self-supervised model,0.140399,3.151000,151.765945,48.164375,0.000000,0.000000,0.833437,2.040600,false,false
2026-04-17T14:33:08.970045,0.918371,-0.100192,-2.765125,248.430,W,1,0.923820,1,0.923820,1.365279,2.509090,1.652321,0.110133,10.120291,2.710236,0.109983,1.127975,-1.202390,1.652321,0.204640,0.700662,0.208916,0.759244,0.729935,1.911000,-41.968002,-8.402000,NaN,3.071965,true,Self-supervised model,0.142020,3.151000,152.203789,48.303329,0.000000,0.000000,0.826279,2.176272,false,false
2026-04-17T14:33:08.976572,0.918371,-0.100192,-2.772361,248.845,W,1,0.923820,1,0.923820,1.407196,2.487015,1.627265,0.222661,10.081984,2.717419,0.228104,1.087067,-1.189221,1.627265,0.028711,0.620639,0.174097,0.645234,0.621303,1.911000,-41.968002,-8.402000,NaN,3.066349,true,Self-supervised model,0.135129,3.158000,152.618422,48.327556,0.000000,0.000000,0.864762,2.521977,false,false
2026-04-17T14:33:08.984705,0.918371,-0.100192,-2.778951,249.222,W,1,0.923820,1,0.923820,1.418699,2.466282,1.479090,0.390255,9.957485,2.861071,0.400683,0.963671,-1.048094,1.479090,-0.096517,0.519846,0.141721,0.547394,0.528730,1.911000,-41.968002,-8.402000,NaN,3.062346,true,Self-supervised model,0.137768,3.166000,152.995994,48.324698,0.000000,0.000000,0.959170,2.702057,false,false
2026-04-17T14:33:08.993701,0.918371,-0.100192,-2.784898,249.563,W,1,0.923820,1,0.923820,1.380509,2.444851,1.180007,0.457293,9.825804,3.234566,0.471620,0.836728,-0.685475,1.180007,-0.215635,0.410501,0.113010,0.477264,0.463692,1.911000,-41.968002,-8.402000,NaN,3.058974,true,Self-supervised model,0.131733,3.175000,153.336691,48.295021,0.000000,0.000000,1.169916,2.472438,false,false
2026-04-17T14:33:09.001269,0.918371,-0.100192,-2.790211,249.867,W,1,0.923820,1,0.923820,1.301056,2.421099,0.883930,0.565032,9.617508,3.742137,0.581711,0.636160,-0.195565,0.883930,-0.300546,0.328035,0.098960,0.455771,0.444898,1.911000,-41.968002,-8.402000,NaN,3.056193,true,Self-supervised model,0.123641,3.183000,153.641119,48.269280,0.000000,0.000000,1.471899,1.939416,false,false
2026-04-17T14:33:09.008774,0.918371,-0.100192,-2.794948,250.139,W,1,0.923820,1,0.923820,1.240824,2.395888,0.924605,0.600945,9.351752,4.532224,0.618401,0.379956,0.572807,0.924605,-0.328645,0.277333,0.099571,0.441402,0.430025,1.911000,-41.968002,-8.402000,NaN,3.053757,true,Self-supervised model,0.126520,3.190000,153.912569,48.248454,0.000000,0.000000,1.342004,2.094700,false,false
2026-04-17T14:33:09.016931,0.918371,-0.100192,-2.799204,250.383,W,1,0.923820,1,0.923820,1.263227,2.372582,1.380845,0.620098,9.085996,5.200206,0.636234,0.123724,1.219274,1.380845,-0.295659,0.238237,0.114232,0.396510,0.379699,1.911000,-41.968002,-8.402000,NaN,3.051433,true,Self-supervised model,0.144928,3.198000,154.156367,48.203992,0.000000,0.000000,0.914822,3.482497,false,false
2026-04-17T14:33:09.024815,0.918371,-0.100192,-2.803108,250.606,W,1,0.923820,1,0.923820,1.348330,2.353612,1.795121,0.584185,8.858546,5.688623,0.590350,-0.096972,1.692496,1.795121,-0.196088,0.229685,0.142332,0.333862,0.302003,1.911000,-41.968002,-8.402000,NaN,3.048931,true,Self-supervised model,0.158583,3.206000,154.380078,48.153487,0.000000,0.000000,0.751108,5.376831,false,false
2026-04-17T14:33:09.033387,0.918371,-0.100192,-2.807115,250.836,W,1,0.923820,1,0.923820,1.461565,2.339930,2.056051,0.474052,8.743625,5.997475,0.468449,-0.207362,1.991206,2.056051,-0.059865,0.234572,0.177762,0.300345,0.242091,1.911000,-41.968002,-8.402000,NaN,3.044512,true,Self-supervised model,0.167345,3.215000,154.609681,48.090103,0.000000,0.000000,0.710861,6.845627,false,false
2026-04-17T14:33:09.040971,0.918371,-0.100192,-2.811309,251.076,W,1,0.923820,1,0.923820,1.578386,2.331468,2.191693,0.347159,8.588001,6.141128,0.333081,-0.363288,2.135555,2.191693,0.075136,0.240070,0.221133,0.334931,0.251553,1.911000,-41.968002,-8.402000,NaN,3.039575,true,Self-supervised model,0.167292,3.222000,154.849936,48.060191,0.000000,0.000000,0.720167,6.543707,false,false
2026-04-17T14:33:09.048692,0.918371,-0.100192,-2.815529,251.318,W,1,0.923820,1,0.923820,1.670818,2.327042,2.156085,0.313640,8.465898,6.074090,0.288123,-0.490370,2.079718,2.156085,0.241903,0.261450,0.273057,0.448813,0.356193,1.911000,-41.968002,-8.402000,NaN,3.035248,true,Self-supervised model,0.161235,3.230000,155.091725,48.016014,0.000000,0.000000,0.774931,4.803972,false,false
2026-04-17T14:33:09.056577,0.918371,-0.100192,-2.819964,251.572,W,1,0.923820,1,0.923820,1.728853,2.325115,2.033539,0.301669,8.291121,5.872977,0.262102,-0.674758,1.900339,2.033539,0.402560,0.295659,0.318872,0.592577,0.499469,1.911000,-41.968002,-8.402000,NaN,3.029953,true,Self-supervised model,0.153095,3.238000,155.345827,47.975858,0.000000,0.000000,0.850170,3.431686,false,false
2026-04-17T14:33:09.065269,0.918371,-0.100192,-2.824771,251.847,W,1,0.923820,1,0.923820,1.748763,2.324061,1.853290,0.330400,8.133103,5.566519,0.274601,-0.846660,1.625560,1.853290,0.547335,0.329256,0.357967,0.732206,0.638738,1.911000,-41.968002,-8.402000,NaN,3.023658,true,Self-supervised model,0.145334,3.247000,155.621246,47.927701,0.000000,0.000000,0.943599,2.531103,false,false
2026-04-17T14:33:09.072874,0.918371,-0.100192,-2.830072,252.151,W,1,0.923820,1,0.923820,1.714225,2.321667,1.532900,0.347159,8.020576,5.051765,0.273904,-0.976073,1.149801,1.532900,0.648128,0.364687,0.379958,0.835125,0.743684,1.911000,-41.968002,-8.402000,NaN,3.016377,true,Self-supervised model,0.133156,3.254000,155.925022,47.917954,0.000000,0.000000,1.118289,1.835533,false,false
2026-04-17T14:33:09.080938,0.918371,-0.100192,-2.835918,252.486,W,1,0.923820,1,0.923820,1.625586,2.315824,1.160229,0.265756,8.003817,4.398149,0.174214,-1.011754,0.540495,1.160229,0.729984,0.414777,0.406225,0.932704,0.839593,1.911000,-41.968002,-8.402000,NaN,3.008357,true,Self-supervised model,0.122482,3.262000,156.259944,47.903110,0.000000,0.000000,1.401090,1.243942,false,false
2026-04-17T14:33:09.088947,0.918371,-0.100192,-2.842346,252.854,W,1,0.923820,1,0.923820,1.523249,2.306121,0.985984,0.174777,8.054094,3.739743,0.064678,-0.981315,-0.070725,0.985984,0.764192,0.472199,0.428217,0.995154,0.898311,1.911000,-41.968002,-8.402000,NaN,2.999598,true,Self-supervised model,0.116952,3.270000,156.628256,47.898549,0.000000,0.000000,1.544903,0.990785,false,false
2026-04-17T14:33:09.099698,0.918371,-0.100192,-2.849378,253.257,W,1,0.923820,1,0.923820,1.446684,2.293743,1.044715,0.110133,8.140285,3.258508,-0.017591,-0.915070,-0.503753,1.044715,0.756862,0.522901,0.434325,1.017302,0.919927,1.911000,-41.968002,-8.402000,NaN,2.990153,true,Self-supervised model,0.118944,3.281000,157.031133,47.860754,0.000000,0.000000,1.384764,1.026947,false,false
2026-04-17T14:33:09.105067,0.918371,-0.100192,-2.856962,253.692,W,1,0.923820,1,0.923820,1.420448,2.280812,1.282709,0.102951,8.207323,2.782062,-0.045568,-0.859922,-0.950684,1.282709,0.714712,0.536340,0.427606,0.990616,0.893574,1.911000,-41.968002,-8.402000,NaN,2.980359,true,Self-supervised model,0.117481,3.287000,157.465664,47.905587,0.000000,0.000000,1.107381,1.294860,false,false
2026-04-17T14:33:09.113390,0.918371,-0.100192,-2.865173,254.162,W,1,0.923820,1,0.923820,1.440593,2.269203,1.546355,0.112527,8.252813,2.394202,-0.053658,-0.827872,-1.304976,1.546355,0.638354,0.528398,0.408669,0.923965,0.828674,1.911000,-41.968002,-8.402000,NaN,2.969640,true,Self-supervised model,0.130775,3.295000,157.936117,47.932054,0.000000,0.000000,0.931606,1.673608,false,false
2026-04-17T14:33:09.121490,0.918371,-0.100192,-2.873749,254.654,W,1,0.923820,1,0.923820,1.480905,2.259671,1.692542,0.126893,8.295909,2.173935,-0.054288,-0.798143,-1.491549,1.692542,0.537561,0.505186,0.375071,0.827565,0.737689,1.429000,-43.145000,-7.226000,NaN,2.959601,true,Self-supervised model,0.135647,3.303000,158.427516,47.964734,0.000000,0.000000,0.874959,2.045208,false,false
2026-04-17T14:33:09.131002,0.918371,-0.100192,-2.882457,255.153,W,1,0.923820,1,0.923820,1.538144,2.252810,1.838649,0.112527,8.377312,1.946486,-0.080063,-0.729866,-1.685679,1.838649,0.422719,0.476475,0.330478,0.717590,0.636961,1.429000,-43.145000,-7.226000,NaN,2.950366,true,Self-supervised model,0.142325,3.312000,158.926459,47.985042,0.000000,0.000000,0.836562,2.562256,false,false
2026-04-17T14:33:09.136869,0.918371,-0.100192,-2.891036,255.644,W,1,0.923820,1,0.923820,1.596205,2.248546,1.901029,0.112527,8.437167,1.833959,-0.089350,-0.679791,-1.773079,1.901029,0.313374,0.461814,0.300546,0.633879,0.558100,1.429000,-43.145000,-7.226000,NaN,2.942308,true,Self-supervised model,0.136789,3.318000,159.417961,48.046402,0.000000,0.000000,0.839654,2.999038,false,false
2026-04-17T14:33:09.146823,0.918371,-0.100192,-2.899332,256.119,W,1,0.923820,1,0.923820,1.626316,2.245656,1.784395,0.138864,8.494628,1.922544,-0.070241,-0.628442,-1.668590,1.784395,0.176540,0.434936,0.260229,0.536707,0.469399,1.429000,-43.145000,-7.226000,NaN,2.935140,true,Self-supervised model,0.145317,3.328000,159.893300,48.044862,0.000000,0.000000,0.911410,3.324709,false,false
2026-04-17T14:33:09.152826,0.918371,-0.100192,-2.907220,256.571,W,1,0.923820,1,0.923820,1.616442,2.242488,1.564605,0.162806,8.554482,2.128445,-0.052077,-0.571213,-1.455676,1.564605,0.056810,0.420886,0.239459,0.487558,0.424703,1.429000,-43.145000,-7.226000,NaN,2.928883,true,Self-supervised model,0.136465,3.334000,160.345274,48.093963,0.000000,0.000000,1.033131,3.209061,false,false
2026-04-17T14:33:09.160865,0.918371,-0.100192,-2.914632,256.996,W,1,0.923820,1,0.923820,1.560878,2.237223,1.269167,0.292093,8.566454,2.446874,0.072396,-0.559215,-1.137024,1.269167,-0.017715,0.427606,0.227242,0.484561,0.427972,1.429000,-43.145000,-7.226000,NaN,2.923378,true,Self-supervised model,0.132881,3.342000,160.769931,48.105904,0.000000,0.000000,1.229844,2.619210,false,false
2026-04-17T14:33:09.169274,0.918371,-0.100192,-2.921578,257.394,W,1,0.923820,1,0.923820,1.480615,2.228959,1.059233,0.390255,8.578424,2.695871,0.167777,-0.545479,-0.892344,1.059233,-0.069028,0.470977,0.210749,0.520576,0.476009,1.429000,-43.145000,-7.226000,NaN,2.918296,true,Self-supervised model,0.127161,3.351000,161.167897,48.095463,0.000000,0.000000,1.397818,2.034734,false,false
2026-04-17T14:33:09.176590,0.918371,-0.100192,-2.928066,257.766,W,1,0.923820,1,0.923820,1.399665,2.217787,0.974676,0.486023,8.635885,2.791639,0.263861,-0.485541,-0.802883,0.974676,-0.087354,0.541837,0.188757,0.580386,0.548834,1.429000,-43.145000,-7.226000,NaN,2.913637,true,Self-supervised model,0.123409,3.358000,161.539651,48.105912,0.000000,0.000000,1.436030,1.679359,false,false
2026-04-17T14:33:09.184562,0.918371,-0.100192,-2.934098,258.111,W,1,0.923820,1,0.923820,1.336998,2.204556,1.008000,0.521936,8.719683,2.724602,0.303330,-0.400223,-0.874001,1.008000,-0.091630,0.630413,0.163101,0.657585,0.637037,1.429000,-43.145000,-7.226000,NaN,2.909429,true,Self-supervised model,0.123910,3.366000,161.885276,48.094259,0.000000,0.000000,1.326387,1.532881,false,false
2026-04-17T14:33:09.193107,0.918371,-0.100192,-2.939713,258.433,W,1,0.923820,1,0.923820,1.311179,2.190821,1.175627,0.505177,8.810662,2.506729,0.294427,-0.307909,-1.095721,1.175627,-0.101404,0.714101,0.133779,0.733567,0.721265,1.429000,-43.145000,-7.226000,NaN,2.905487,true,Self-supervised model,0.129475,3.375000,162.206945,48.061317,0.000000,0.000000,1.115302,1.602617,false,false
2026-04-17T14:33:09.201057,0.918371,-0.100192,-2.944886,258.730,W,1,0.923820,1,0.923820,1.329946,2.178386,1.428471,0.323217,8.916007,2.202666,0.126612,-0.199304,-1.408821,1.428471,-0.135001,0.796568,0.091630,0.813107,0.807927,1.429000,-43.145000,-7.226000,NaN,2.902076,true,Self-supervised model,0.134583,3.382000,162.503374,48.049490,0.000000,0.000000,0.931027,1.756807,false,false
2026-04-17T14:33:09.208614,0.918371,-0.100192,-2.949476,258.993,W,1,0.923820,1,0.923820,1.372339,2.168144,1.594907,-0.007183,8.985439,2.044648,-0.184741,-0.125353,-1.579204,1.594907,-0.194255,0.841161,0.050091,0.864752,0.863300,1.429000,-43.145000,-7.226000,NaN,2.899821,true,Self-supervised model,0.138341,3.390000,162.766357,48.013675,0.000000,0.000000,0.860451,1.844351,false,false
2026-04-17T14:33:09.217079,0.918371,-0.100192,-2.953405,259.218,W,1,0.923820,1,0.923820,1.415950,2.160056,1.644907,-0.263362,9.023746,2.044648,-0.419417,-0.083806,-1.588328,1.644907,-0.258396,0.855822,0.023824,0.894297,0.893980,1.429000,-43.145000,-7.226000,NaN,2.898539,true,Self-supervised model,0.140482,3.399000,162.991431,47.952760,0.000000,0.000000,0.860809,1.839329,false,false
2026-04-17T14:33:09.224881,0.918371,-0.100192,-2.956710,259.407,W,1,0.923820,1,0.923820,1.449611,2.153638,1.626332,-0.550666,9.057265,2.169147,-0.682962,-0.046095,-1.475261,1.626332,-0.312152,0.840551,0.010385,0.896701,0.896641,1.429000,-43.145000,-7.226000,NaN,2.897725,true,Self-supervised model,0.139982,3.406000,163.180820,47.909812,0.000000,0.000000,0.891338,1.813684,false,false
2026-04-17T14:33:09.233638,0.918371,-0.100192,-2.959384,259.560,W,1,0.923820,1,0.923820,1.491035,2.149134,1.708506,-0.921768,9.126697,2.293645,-1.029174,0.028099,-1.363454,1.708506,-0.354913,0.816116,0.020769,0.890191,0.889948,1.429000,-43.145000,-7.226000,NaN,2.897578,true,Self-supervised model,0.143495,3.415000,163.334009,47.828407,0.000000,0.000000,0.872712,1.919259,false,false
2026-04-17T14:33:09.240666,0.918371,-0.100192,-2.961464,259.679,W,1,0.923820,1,0.923820,1.535754,2.146599,1.770530,-1.197101,9.107543,2.446874,-1.279894,0.013953,-1.223297,1.770530,-0.385456,0.794125,0.056200,0.884516,0.882729,1.429000,-43.145000,-7.226000,NaN,2.897872,true,Self-supervised model,0.145312,3.422000,163.453197,47.765399,0.000000,0.000000,0.867398,2.001693,false,false
2026-04-17T14:33:09.249478,0.918371,-0.100192,-2.963075,259.772,W,1,0.923820,1,0.923820,1.574982,2.145734,1.780932,-1.393425,9.083601,2.652776,-1.453086,-0.005204,-1.029676,1.780932,-0.392175,0.775188,0.122784,0.877379,0.868745,1.429000,-43.145000,-7.226000,NaN,2.898136,true,Self-supervised model,0.146805,3.431000,163.545517,47.667012,0.000000,0.000000,0.884358,2.029832,false,false
2026-04-17T14:33:09.256786,0.918371,-0.100192,-2.964399,259.848,W,1,0.923820,1,0.923820,1.602189,2.145993,1.745022,-1.525106,9.050082,2.920926,-1.564316,-0.034360,-0.772552,1.745022,-0.385456,0.740369,0.195477,0.857282,0.834699,1.429000,-43.145000,-7.226000,NaN,2.897961,true,Self-supervised model,0.146635,3.438000,163.621384,47.592026,0.000000,0.000000,0.918148,2.035527,false,false
2026-04-17T14:33:09.265416,0.918371,-0.100192,-2.965644,259.919,W,1,0.923820,1,0.923820,1.603992,2.146312,1.613460,-1.505953,9.023746,3.191471,-1.529305,-0.057047,-0.511100,1.613460,-0.367130,0.686613,0.293215,0.831983,0.778602,1.429000,-43.145000,-7.226000,NaN,2.897035,true,Self-supervised model,0.144778,3.447000,163.692684,47.488449,0.000000,0.000000,0.994132,1.939293,false,false
2026-04-17T14:33:09.272977,0.918371,-0.100192,-2.967041,259.999,W,1,0.923820,1,0.923820,1.570726,2.145289,1.396080,-1.343147,8.975863,3.469198,-1.369275,-0.096200,-0.254697,1.396080,-0.321315,0.636522,0.389732,0.812585,0.713024,1.429000,-43.145000,-7.226000,NaN,2.895025,true,Self-supervised model,0.139659,3.454000,163.772758,47.415390,0.000000,0.000000,1.125098,1.718073,false,false
2026-04-17T14:33:09.282068,0.918371,-0.100192,-2.969472,260.138,W,1,0.923820,1,0.923820,1.506907,2.141754,1.171855,-1.122881,8.906430,3.672705,-1.159068,-0.158547,-0.068320,1.171855,-0.252898,0.593150,0.477697,0.802483,0.644814,-0.443000,-44.707001,-5.601000,NaN,2.888463,true,Self-supervised model,0.133816,3.464000,163.912009,47.318709,0.000000,0.000000,1.285916,1.460287,false,false
2026-04-17T14:33:09.289185,0.918371,-0.100192,-2.973077,260.345,W,1,0.923820,1,0.923820,1.401933,2.134161,0.850823,-0.763750,8.820239,3.775656,-0.816089,-0.239580,0.022348,0.850823,-0.180205,0.569937,0.544281,0.808421,0.597748,-0.443000,-44.707001,-5.601000,NaN,2.880157,true,Self-supervised model,0.123770,3.471000,164.118601,47.282801,0.000000,0.000000,1.647738,1.052451,false,false
2026-04-17T14:33:09.298835,0.918371,-0.100192,-2.977924,260.622,W,1,0.923820,1,0.923820,1.252061,2.120877,0.465233,-0.292093,8.769960,3.775656,-0.365903,-0.286903,0.015583,0.465233,-0.097128,0.547335,0.599259,0.817387,0.555886,-0.443000,-44.707001,-5.601000,NaN,2.870348,true,Self-supervised model,0.124277,3.480000,164.396272,47.240308,0.000000,0.000000,2.691257,0.569171,false,false
2026-04-17T14:33:09.305477,0.918371,-0.100192,-2.984023,260.972,W,1,0.923820,1,0.923820,1.095713,2.101870,0.274885,0.062249,8.805874,3.653552,-0.036407,-0.250032,-0.108260,0.274885,-0.022602,0.543059,0.626748,0.829600,0.543529,-0.443000,-44.707001,-5.601000,NaN,2.859236,true,Self-supervised model,0.135359,3.487000,164.745748,47.245698,0.000000,0.000000,3.986074,0.331347,false,false
2026-04-17T14:33:09.312803,0.918371,-0.100192,-2.991307,261.389,W,1,0.923820,1,0.923820,0.991691,2.079463,0.445577,0.414197,8.825027,3.512294,0.289628,-0.231598,-0.247017,0.445577,0.034819,0.561385,0.629191,0.843947,0.562464,-0.443000,-44.707001,-5.601000,NaN,2.847215,true,Self-supervised model,0.113703,3.494000,165.163075,47.270485,0.000000,0.000000,2.225634,0.527968,false,false
2026-04-17T14:33:09.321050,0.918371,-0.100192,-2.999612,261.865,W,1,0.923820,1,0.923820,0.954816,2.056477,0.761218,0.708684,8.858546,3.282450,0.568652,-0.203448,-0.463355,0.761218,0.067195,0.585820,0.608422,0.847276,0.589661,-0.443000,-44.707001,-5.601000,NaN,2.834822,true,Self-supervised model,0.119053,3.502000,165.638947,47.298386,0.000000,0.000000,1.254326,0.898430,false,false
2026-04-17T14:33:09.333626,0.918371,-0.100192,-3.008270,262.361,W,1,0.923820,1,0.923820,0.956419,2.034475,0.964835,0.878672,8.899248,3.114856,0.722758,-0.168415,-0.616575,0.964835,0.068417,0.613309,0.563829,0.835901,0.617113,-0.443000,-44.707001,-5.601000,NaN,2.824756,true,Self-supervised model,0.129727,3.515000,166.134990,47.264578,0.000000,0.000000,0.991277,1.154245,false,false
2026-04-17T14:33:09.336913,0.918371,-0.100192,-3.017257,262.876,W,1,0.923820,1,0.923820,0.970022,2.013897,1.041442,0.893037,8.908825,2.985569,0.722257,-0.164219,-0.732105,1.041442,0.050702,0.648739,0.514349,0.829450,0.650717,-0.443000,-44.707001,-5.601000,NaN,2.814450,true,Self-supervised model,0.110968,3.518000,166.649930,47.370645,0.000000,0.000000,0.931423,1.255581,false,false
2026-04-17T14:33:09.347044,0.918371,-0.100192,-3.026479,263.404,W,1,0.923820,1,0.923820,0.977788,1.994453,1.018559,0.864307,8.908825,2.966416,0.680125,-0.168903,-0.739165,1.018559,0.026267,0.688445,0.477086,0.838008,0.688946,-0.443000,-44.707001,-5.601000,NaN,2.804290,true,Self-supervised model,0.128720,3.528000,167.178309,47.386142,0.000000,0.000000,0.959972,1.215453,false,false
2026-04-17T14:33:09.353017,0.918371,-0.100192,-3.035846,263.941,W,1,0.923820,1,0.923820,0.975526,1.975695,0.963648,0.797269,8.853758,2.978387,0.601977,-0.227821,-0.717175,0.963648,-0.000611,0.745866,0.441045,0.866509,0.745867,-0.443000,-44.707001,-5.601000,NaN,2.794343,true,Self-supervised model,0.117248,3.534000,167.714997,47.457554,0.000000,0.000000,1.012326,1.112104,false,false
2026-04-17T14:33:09.365212,0.918371,-0.100192,-3.045269,264.481,W,1,0.923820,1,0.923820,0.956242,1.956917,0.855003,0.711078,8.841787,3.043030,0.506751,-0.242905,-0.644383,0.855003,-0.020769,0.806342,0.417832,0.908407,0.806610,-0.443000,-44.707001,-5.601000,NaN,2.784695,true,Self-supervised model,0.123254,3.547000,168.254903,47.435834,0.000000,0.000000,1.118408,0.941212,false,false
2026-04-17T14:33:09.369090,0.918371,-0.100192,-3.054704,265.022,W,1,0.923820,1,0.923820,0.932405,1.937937,0.807262,0.694318,8.820239,3.090914,0.482491,-0.267114,-0.589512,0.807262,-0.025656,0.868650,0.405615,0.959028,0.869029,-0.443000,-44.707001,-5.601000,NaN,2.775216,true,Self-supervised model,0.100836,3.551000,168.795451,47.534624,0.000000,0.000000,1.155022,0.841750,false,false
2026-04-17T14:33:09.376735,0.918371,-0.100192,-3.064145,265.563,W,1,0.923820,1,0.923820,0.909230,1.918789,0.787561,0.658405,8.777143,3.100491,0.440110,-0.312706,-0.573385,0.787561,-0.024435,0.908357,0.398895,0.992384,0.908685,-0.443000,-44.707001,-5.601000,NaN,2.765747,true,Self-supervised model,0.114816,3.558000,169.336395,47.593141,0.000000,0.000000,1.154489,0.793605,false,false
2026-04-17T14:33:09.385175,0.918371,-0.100192,-3.073608,266.105,W,1,0.923820,1,0.923820,0.898514,1.899978,0.842251,0.749385,8.801085,3.076549,0.524949,-0.291275,-0.590740,0.842251,-0.017715,0.933402,0.392786,1.012835,0.933570,-0.443000,-44.707001,-5.601000,NaN,2.756197,true,Self-supervised model,0.118218,3.567000,169.878582,47.625058,0.000000,0.000000,1.066801,0.831578,false,false
2026-04-17T14:33:09.393224,0.918371,-0.100192,-3.083120,266.650,W,1,0.923820,1,0.923820,0.901855,1.882053,0.919397,0.912191,8.844181,3.095703,0.680883,-0.250820,-0.564605,0.919397,-0.010385,0.932180,0.381791,1.007389,0.932238,-0.443000,-44.707001,-5.601000,NaN,2.746490,true,Self-supervised model,0.120964,3.575000,170.423567,47.670928,0.000000,0.000000,0.980920,0.912654,false,false
2026-04-17T14:33:09.401842,0.918371,-0.100192,-3.092711,267.199,W,1,0.923820,1,0.923820,0.917454,1.865469,0.999352,1.055843,8.949526,3.095703,0.816422,-0.148359,-0.556910,0.999352,-0.000611,0.918741,0.365297,0.988700,0.918742,-0.443000,-44.707001,-5.601000,NaN,2.736581,true,Self-supervised model,0.123607,3.583000,170.973104,47.717863,0.000000,0.000000,0.918049,1.010773,false,false
2026-04-17T14:33:09.408823,0.918371,-0.100192,-3.102412,267.755,W,1,0.923820,1,0.923820,0.941366,1.850505,1.066903,1.161188,9.119514,3.090914,0.912573,0.018155,-0.552414,1.066903,0.010385,0.911411,0.340252,0.972908,0.911470,-0.443000,-44.707001,-5.601000,NaN,2.726442,true,Self-supervised model,0.121595,3.590000,171.528917,47.779643,0.000000,0.000000,0.882336,1.096612,false,false
2026-04-17T14:33:09.416957,0.918371,-0.100192,-3.112235,268.318,W,1,0.923820,1,0.923820,0.956786,1.836756,1.037739,1.168370,9.244013,3.153164,0.910155,0.138424,-0.478913,1.037739,0.030543,0.901637,0.303600,0.951869,0.902154,-0.443000,-44.707001,-5.601000,NaN,2.716130,true,Self-supervised model,0.124435,3.598000,172.091730,47.829830,0.000000,0.000000,0.921991,1.090211,false,false
2026-04-17T14:33:09.424450,0.918371,-0.100192,-3.122159,268.887,W,1,0.923820,1,0.923820,0.957901,1.823602,0.963753,1.120486,9.356541,3.241749,0.852472,0.245721,-0.376473,0.963753,0.059254,0.874148,0.260229,0.913983,0.876154,-0.443000,-44.707001,-5.601000,NaN,2.705801,true,Self-supervised model,0.120853,3.606000,172.660345,47.881404,0.000000,0.000000,0.993928,1.054454,false,false
2026-04-17T14:33:09.434637,0.918371,-0.100192,-3.132131,269.458,W,1,0.923820,1,0.923820,0.938979,1.810217,0.839642,1.010353,9.440337,3.347094,0.732107,0.323116,-0.254192,0.839642,0.103847,0.828944,0.218690,0.863573,0.835424,-0.443000,-44.707001,-5.601000,NaN,2.695637,true,Self-supervised model,0.121628,3.616000,173.231710,47.907000,0.000000,0.000000,1.118309,0.972289,false,false
2026-04-17T14:33:09.441319,0.918371,-0.100192,-3.142102,270.029,W,1,0.923820,1,0.923820,0.903915,1.795965,0.719830,0.876278,9.490616,3.383007,0.587578,0.365702,-0.197913,0.719830,0.149662,0.781297,0.188147,0.817449,0.795502,0.434000,-44.857002,-5.468000,NaN,2.685669,true,Self-supervised model,0.112597,3.623000,173.803020,47.972128,0.000000,0.000000,1.255735,0.880581,false,false
2026-04-17T14:33:09.449078,0.918371,-0.100192,-3.152011,270.597,W,1,0.923820,1,0.923820,0.862804,1.780638,0.646970,0.713472,9.552865,3.289633,0.414864,0.418683,-0.266764,0.646970,0.203418,0.727540,0.150273,0.770244,0.755443,0.434000,-44.857002,-5.468000,NaN,2.676012,true,Self-supervised model,0.113378,3.631000,174.370736,48.022786,0.000000,0.000000,1.333607,0.839955,false,false
2026-04-17T14:33:09.456782,0.918371,-0.100192,-3.161767,271.156,W,1,0.923820,1,0.923820,0.833157,1.764739,0.677508,0.533907,9.631873,3.114856,0.227506,0.486769,-0.412691,0.677508,0.249844,0.706771,0.119119,0.759037,0.749631,0.434000,-44.857002,-5.468000,NaN,2.666866,true,Self-supervised model,0.115413,3.638000,174.929708,48.084032,0.000000,0.000000,1.229737,0.892589,false,false
2026-04-17T14:33:09.465310,0.918371,-0.100192,-3.171256,271.700,W,1,0.923820,1,0.923820,0.823978,1.749109,0.775788,0.371101,9.722853,2.968810,0.060831,0.565804,-0.527270,0.775788,0.270002,0.709825,0.100793,0.766102,0.759443,0.434000,-44.857002,-5.468000,NaN,2.658445,true,Self-supervised model,0.121367,3.647000,175.473383,48.114446,0.000000,0.000000,1.062117,1.012643,false,false
2026-04-17T14:33:09.472778,0.918371,-0.100192,-3.180329,272.219,W,1,0.923820,1,0.923820,0.831676,1.734411,0.872095,0.229843,9.777920,2.844312,-0.080323,0.608591,-0.619447,0.872095,0.271224,0.717156,0.098960,0.773090,0.766730,0.434000,-44.857002,-5.468000,NaN,2.651036,true,Self-supervised model,0.123844,3.654000,175.993231,48.164540,0.000000,0.000000,0.953654,1.128063,false,false
2026-04-17T14:33:09.480865,0.918371,-0.100192,-3.188877,272.709,W,1,0.923820,1,0.923820,0.853542,1.721177,0.968337,0.189142,9.876082,2.767697,-0.118185,0.694678,-0.664177,0.968337,0.257174,0.735482,0.102625,0.785878,0.779148,0.434000,-44.857002,-5.468000,NaN,2.644585,true,Self-supervised model,0.128810,3.662000,176.483025,48.193071,0.000000,0.000000,0.881451,1.232173,false,false
2026-04-17T14:33:09.488594,0.918371,-0.100192,-3.196877,273.168,W,1,0.923820,1,0.923820,0.870491,1.709149,0.959472,0.244209,9.931149,2.791639,-0.058266,0.738328,-0.609970,0.959472,0.235183,0.759305,0.109345,0.802379,0.794894,0.434000,-44.857002,-5.468000,NaN,2.638781,true,Self-supervised model,0.127306,3.670000,176.941378,48.212910,0.000000,0.000000,0.907260,1.195784,false,false
2026-04-17T14:33:09.498658,0.918371,-0.100192,-3.204357,273.596,W,1,0.923820,1,0.923820,0.885220,1.698192,0.962546,0.210690,10.002975,2.844312,-0.085201,0.799555,-0.529100,0.962546,0.214414,0.784962,0.117286,0.822128,0.813719,0.434000,-44.857002,-5.468000,NaN,2.633380,true,Self-supervised model,0.130728,3.680000,177.369947,48.198355,0.000000,0.000000,0.919665,1.170798,false,false
2026-04-17T14:33:09.505294,0.918371,-0.100192,-3.211353,273.997,W,1,0.923820,1,0.923820,0.886356,1.687718,0.892320,0.256180,10.014946,2.956839,-0.032254,0.801738,-0.390399,0.892320,0.204640,0.804510,0.127060,0.839796,0.830128,0.434000,-44.857002,-5.468000,NaN,2.628318,true,Self-supervised model,0.124087,3.687000,177.770805,48.215570,0.000000,0.000000,0.993316,1.062544,false,false
2026-04-17T14:33:09.513311,0.918371,-0.100192,-3.217939,274.374,W,1,0.923820,1,0.923820,0.879642,1.677395,0.844395,0.328006,10.002975,3.004723,0.047149,0.780730,-0.318183,0.844395,0.197309,0.810007,0.136834,0.844847,0.833692,0.434000,-44.857002,-5.468000,NaN,2.623375,true,Self-supervised model,0.125692,3.695000,178.148135,48.213298,0.000000,0.000000,1.041742,0.999465,false,false
2026-04-17T14:33:09.521055,0.918371,-0.100192,-3.224198,274.733,W,1,0.923820,1,0.923820,0.870578,1.667123,0.822993,0.440533,9.988609,3.026271,0.166326,0.758024,-0.273956,0.822993,0.188757,0.803288,0.149051,0.838521,0.825167,0.434000,-44.857002,-5.468000,NaN,2.618424,true,Self-supervised model,0.124603,3.702000,178.506734,48.218999,0.000000,0.000000,1.057820,0.981482,false,false
2026-04-17T14:33:09.530298,0.918371,-0.100192,-3.230237,275.079,W,1,0.923820,1,0.923820,0.870174,1.657245,0.868049,0.577003,9.995792,2.987964,0.308358,0.757464,-0.290985,0.868049,0.178984,0.794736,0.152716,0.828832,0.814641,0.434000,-44.857002,-5.468000,NaN,2.613261,true,Self-supervised model,0.128710,3.712000,178.852773,48.182320,0.000000,0.000000,1.002448,1.047316,false,false
2026-04-17T14:33:09.537849,0.918371,-0.100192,-3.236141,275.417,W,1,0.923820,1,0.923820,0.884728,1.648344,0.961140,0.806846,9.981427,2.964022,0.542875,0.736068,-0.295435,0.961140,0.156992,0.789238,0.144775,0.817620,0.804701,0.434000,-44.857002,-5.468000,NaN,2.607900,true,Self-supervised model,0.130343,3.719000,179.191040,48.182587,0.000000,0.000000,0.920498,1.175534,false,false
2026-04-17T14:33:09.545698,0.918371,-0.100192,-3.241973,275.751,W,1,0.923820,1,0.923820,0.911696,1.640878,1.053276,0.986411,9.952697,2.944868,0.727009,0.701413,-0.298106,1.053276,0.113621,0.776410,0.116064,0.793217,0.784679,0.434000,-44.857002,-5.468000,NaN,2.602354,true,Self-supervised model,0.133418,3.727000,179.525211,48.168825,0.000000,0.000000,0.865581,1.327854,false,false
2026-04-17T14:33:09.553082,0.918371,-0.100192,-3.247706,276.080,W,1,0.923820,1,0.923820,0.942254,1.634933,1.102682,1.053449,9.969456,2.971204,0.799313,0.713820,-0.259746,1.102682,0.047647,0.753808,0.083689,0.759934,0.755312,0.434000,-44.857002,-5.468000,NaN,2.597021,true,Self-supervised model,0.135164,3.735000,179.853661,48.153591,0.000000,0.000000,0.854511,1.451023,false,false
2026-04-17T14:33:09.560930,0.918371,-0.100192,-3.253248,276.397,W,1,0.923820,1,0.923820,0.967617,1.630241,1.100776,1.091756,9.964667,3.227384,0.843900,0.706778,0.002410,1.100776,-0.018326,0.726930,0.051313,0.728969,0.727161,0.434000,-44.857002,-5.468000,NaN,2.592241,true,Self-supervised model,0.135611,3.742000,179.828804,48.056869,0.000000,0.000000,0.879032,1.510046,false,false
2026-04-17T14:33:09.569599,0.918371,-0.100192,-3.258491,276.698,W,1,0.923820,1,0.923820,0.986152,1.626477,1.083460,0.950498,9.974244,3.620033,0.710755,0.716406,0.394304,1.083460,-0.081245,0.692721,0.017104,0.697679,0.697469,0.434000,-44.857002,-5.468000,NaN,2.588195,true,Self-supervised model,0.136916,3.751000,179.528412,47.861480,0.000000,0.000000,0.910188,1.552949,false,false
2026-04-17T14:33:09.577175,0.918371,-0.100192,-3.263286,276.973,W,1,0.923820,1,0.923820,1.024502,1.624398,1.225839,0.675165,9.991004,4.106056,0.445408,0.735114,0.874014,1.225839,-0.119119,0.670119,0.001833,0.680626,0.680624,0.434000,-44.857002,-5.468000,NaN,2.585188,true,Self-supervised model,0.140840,3.759000,179.253645,47.686524,0.000000,0.000000,0.835756,1.801045,false,false
2026-04-17T14:33:09.584838,0.918371,-0.100192,-3.267535,277.216,W,1,0.923820,1,0.923820,1.095510,1.625243,1.468304,0.399832,10.005369,4.489128,0.181141,0.752476,1.247752,1.468304,-0.114232,0.657902,0.018326,0.667997,0.667745,0.434000,-44.857002,-5.468000,NaN,2.583126,true,Self-supervised model,0.147490,3.766000,179.010204,47.533246,0.000000,0.000000,0.746106,2.198071,false,false
2026-04-17T14:33:09.592649,0.918371,-0.100192,-3.271255,277.429,W,1,0.923820,1,0.923820,1.206141,1.630478,1.786952,0.064643,10.156203,4.783615,-0.142540,0.906078,1.533591,1.786952,-0.075136,0.689056,0.052534,0.695128,0.693140,0.434000,-44.857002,-5.468000,NaN,2.581520,true,Self-supervised model,0.153810,3.774000,178.797051,47.376007,0.000000,0.000000,0.674971,2.570679,false,false
2026-04-17T14:33:09.602326,0.918371,-0.100192,-3.274569,277.619,W,1,0.923820,1,0.923820,1.320050,1.640061,1.918075,-0.241814,10.271125,4.817134,-0.437373,1.022211,1.562947,1.918075,0.001833,0.781297,0.108123,0.788745,0.781299,0.079000,-45.821003,-5.653000,NaN,2.579834,true,Self-supervised model,0.155547,3.784000,178.607207,47.200636,0.000000,0.000000,0.688216,2.431807,false,false
2026-04-17T14:33:09.608743,0.918371,-0.100192,-3.277702,277.798,W,1,0.923820,1,0.923820,1.381014,1.651699,1.701072,-0.423774,10.357317,4.390966,-0.608092,1.107336,1.139156,1.701072,0.084299,0.909578,0.167377,0.928684,0.913476,0.079000,-45.821003,-5.653000,NaN,2.577423,true,Self-supervised model,0.146323,3.790000,178.427702,47.078549,0.000000,0.000000,0.811849,1.831701,false,false
2026-04-17T14:33:09.616824,0.918371,-0.100192,-3.280946,277.984,W,1,0.923820,1,0.923820,1.396050,1.663473,1.474990,-0.526724,10.445902,3.756502,-0.699952,1.193272,0.511629,1.474990,0.122173,1.053743,0.221744,1.083730,1.060801,0.079000,-45.821003,-5.653000,NaN,2.573733,true,Self-supervised model,0.139412,3.798000,178.241811,46.930440,0.000000,0.000000,0.946481,1.361031,false,false
2026-04-17T14:33:09.624802,0.918371,-0.100192,-3.284538,278.190,W,1,0.923820,1,0.923820,1.426542,1.675996,1.586626,-0.617704,10.635044,3.174711,-0.780607,1.379861,-0.063412,1.586626,0.099571,1.136820,0.265726,1.171702,1.141172,0.079000,-45.821003,-5.653000,NaN,2.568750,true,Self-supervised model,0.139128,3.806000,178.035998,46.777719,0.000000,0.000000,0.899104,1.354121,false,false
2026-04-17T14:33:09.634080,0.918371,-0.100192,-3.288642,278.425,W,1,0.923820,1,0.923820,1.482783,1.690268,1.778045,-0.624887,10.728417,2.614468,-0.779544,1.472295,-0.621372,1.778045,0.012217,1.143540,0.300546,1.182438,1.143605,0.079000,-45.821003,-5.653000,NaN,2.562602,true,Self-supervised model,0.143400,3.816000,177.800901,46.593528,0.000000,0.000000,0.833940,1.503711,false,false
2026-04-17T14:33:09.641094,0.918371,-0.100192,-3.293335,278.694,W,1,0.923820,1,0.923820,1.552156,1.706743,1.916366,-0.656011,10.697293,2.272097,-0.804998,1.443328,-0.970177,1.916366,-0.129503,1.069625,0.313374,1.122084,1.077436,0.079000,-45.821003,-5.653000,NaN,2.555549,true,Self-supervised model,0.144661,3.823000,177.531998,46.437876,0.000000,0.000000,0.809947,1.707864,false,false
2026-04-17T14:33:09.649414,0.918371,-0.100192,-3.298581,278.995,W,1,0.923820,1,0.923820,1.625549,1.725495,2.010864,-0.699107,10.714052,2.176329,-0.845977,1.466677,-1.084784,2.010864,-0.314596,0.893696,0.307265,0.996029,0.947451,0.079000,-45.821003,-5.653000,NaN,2.548092,true,Self-supervised model,0.148892,3.831000,177.231427,46.262445,0.000000,0.000000,0.808384,2.018880,false,false
2026-04-17T14:33:09.656681,0.918371,-0.100192,-3.304232,279.319,W,1,0.923820,1,0.923820,1.688849,1.746030,2.021172,-0.730232,10.740389,2.269703,-0.879104,1.504592,-1.023970,2.021172,-0.498466,0.671952,0.287718,0.884742,0.836653,0.079000,-45.821003,-5.653000,NaN,2.540821,true,Self-supervised model,0.149565,3.838000,176.907653,46.093708,0.000000,0.000000,0.835579,2.284475,false,false
2026-04-17T14:33:09.665744,0.918371,-0.100192,-3.310073,279.653,W,1,0.923820,1,0.923820,1.719548,1.766970,1.880718,-0.854730,10.678140,2.719813,-1.010109,1.459601,-0.621566,1.880718,-0.713491,0.402560,0.256563,0.858457,0.819221,0.079000,-45.821003,-5.653000,NaN,2.534220,true,Self-supervised model,0.148978,3.847000,176.572985,45.898878,0.000000,0.000000,0.914304,2.190812,false,false
2026-04-17T14:33:09.673226,0.918371,-0.100192,-3.315868,279.985,W,1,0.923820,1,0.923820,1.717686,1.786999,1.707913,-0.962469,10.467450,3.562572,-1.128941,1.271577,0.159842,1.707913,-0.897361,0.152716,0.235183,0.940154,0.910263,0.079000,-45.821003,-5.653000,NaN,2.528607,true,Self-supervised model,0.141735,3.855000,176.240938,45.717494,0.000000,0.000000,1.005723,1.816630,false,false
2026-04-17T14:33:09.680730,0.918371,-0.100192,-3.321440,280.305,W,1,0.923820,1,0.923820,1.715387,1.806134,1.703315,-0.976834,10.081984,4.323928,-1.159764,0.913077,0.850012,1.703315,-1.003652,-0.028711,0.243735,1.033222,1.004062,0.079000,-45.821003,-5.653000,NaN,2.523927,true,Self-supervised model,0.140271,3.862000,175.921669,45.551960,0.000000,0.000000,1.007087,1.648547,false,false
2026-04-17T14:33:09.688869,0.918371,-0.100192,-3.326754,280.609,W,1,0.923820,1,0.923820,1.791907,1.827565,2.193639,-1.055843,9.713276,5.250484,-1.259852,0.573520,1.701735,2.193639,-1.031141,-0.115454,0.263894,1.070617,1.037584,0.079000,-45.821003,-5.653000,NaN,2.519646,true,Self-supervised model,0.150430,3.870000,175.617197,45.379121,0.000000,0.000000,0.816865,2.048949,false,false
2026-04-17T14:33:09.698558,0.918371,-0.100192,-3.331889,280.903,W,1,0.923820,1,0.923820,1.962966,1.854981,2.861023,-1.163582,9.394848,6.105214,-1.393207,0.284720,2.482611,2.861023,-0.990213,-0.139277,0.318261,1.049385,0.999960,0.079000,-45.821003,-5.653000,NaN,2.515231,true,Self-supervised model,0.162449,3.880000,175.323022,45.186346,0.000000,0.000000,0.686106,2.726380,false,false
2026-04-17T14:33:09.705571,0.918371,-0.100192,-3.337028,281.198,W,1,0.923820,1,0.923820,2.176929,1.889859,3.300233,-1.137246,9.093178,6.679823,-1.396665,0.010827,2.990108,3.300233,-0.874148,-0.095295,0.392175,0.962818,0.879327,0.079000,-45.821003,-5.653000,NaN,2.510074,true,Self-supervised model,0.169045,3.887000,175.028589,45.029223,0.000000,0.000000,0.659629,3.427683,false,false
2026-04-17T14:33:09.713149,0.918371,-0.100192,-3.342421,281.507,W,1,0.923820,1,0.923820,2.420809,1.933097,3.701179,-1.046266,8.839393,7.189788,-1.338136,-0.218932,3.443862,3.701179,-0.694554,0.031154,0.467923,0.838050,0.695252,0.079000,-45.821003,-5.653000,NaN,2.503664,true,Self-supervised model,0.178258,3.895000,174.719591,44.857405,0.000000,0.000000,0.654064,4.416420,false,false
2026-04-17T14:33:09.720622,0.918371,-0.100192,-3.348323,281.845,W,1,0.923820,1,0.923820,2.659255,1.984144,3.911100,-0.967257,8.602366,7.453150,-1.291982,-0.437482,3.665528,3.911100,-0.496023,0.196088,0.533285,0.754243,0.533375,0.079000,-45.821003,-5.653000,NaN,2.495725,true,Self-supervised model,0.184240,3.902000,174.381415,44.690265,0.000000,0.000000,0.679925,5.185466,false,false
2026-04-17T14:33:09.730818,0.918371,-0.100192,-3.354956,282.225,W,1,0.923820,1,0.923820,2.856825,2.041051,3.894065,-0.957681,8.511387,7.441179,-1.313924,-0.516972,3.629062,3.894065,-0.230296,0.426995,0.607811,0.777686,0.485140,0.079000,-45.821003,-5.653000,NaN,2.486167,true,Self-supervised model,0.187292,3.912000,174.001353,44.478873,0.000000,0.000000,0.733636,5.007249,false,false
2026-04-17T14:33:09.736946,0.918371,-0.100192,-3.362519,282.658,W,1,0.923820,1,0.923820,2.980056,2.100611,3.627021,-0.955287,8.480263,7.144298,-1.341236,-0.544135,3.325701,3.627021,0.039706,0.652404,0.676839,0.940914,0.653611,0.079000,-45.821003,-5.653000,NaN,2.474887,true,Self-supervised model,0.171752,3.918000,173.568038,44.300163,0.000000,0.000000,0.821626,3.854787,false,false
2026-04-17T14:33:09.746851,0.918371,-0.100192,-3.371191,283.155,W,1,0.923820,1,0.923820,2.984467,2.157965,3.007623,-0.883460,8.480263,6.466739,-1.297085,-0.547009,2.657847,3.007623,0.244346,0.817949,0.717156,1.114925,0.853666,0.079000,-45.821003,-5.653000,NaN,2.461777,true,Self-supervised model,0.161705,3.928000,173.071157,44.060885,0.000000,0.000000,0.992301,2.697602,false,false
2026-04-17T14:33:09.752507,0.918371,-0.100192,-3.381062,283.721,W,1,0.923820,1,0.923820,2.861328,2.208100,2.214851,-0.849942,8.537724,5.516241,-1.288506,-0.498385,1.731164,2.214851,0.423940,0.966389,0.736093,1.286649,1.055288,0.079000,-45.821003,-5.653000,NaN,2.447110,true,Self-supervised model,0.133488,3.934000,172.505587,43.849920,0.000000,0.000000,1.291883,1.721410,false,false
2026-04-17T14:33:09.764526,0.918371,-0.100192,-3.392126,284.354,W,1,0.923820,1,0.923820,2.646818,2.247649,1.520638,-0.782904,8.616732,4.517859,-1.242283,-0.431205,0.763634,1.520638,0.521679,1.061684,0.729373,1.389715,1.182929,-1.516000,-45.231003,-5.028000,NaN,2.431278,true,Self-supervised model,0.130722,3.946000,171.871701,43.555930,0.000000,0.000000,1.740597,1.094209,false,false
2026-04-17T14:33:09.769455,0.918371,-0.100192,-3.404167,285.044,W,1,0.923820,1,0.923820,2.410261,2.276153,1.168334,-0.622492,8.683769,3.852271,-1.098424,-0.376371,0.129673,1.168334,0.526566,1.084286,0.698219,1.393003,1.205383,-1.516000,-45.231003,-5.028000,NaN,2.415324,true,Self-supervised model,0.108691,3.951000,171.181781,43.326191,0.000000,0.000000,2.062989,0.838716,false,false
2026-04-17T14:33:09.776633,0.918371,-0.100192,-3.416870,285.772,W,1,0.923820,1,0.923820,2.194630,2.294892,1.062569,-0.404620,8.667010,3.284845,-0.893258,-0.403822,-0.409965,1.062569,0.475864,1.045190,0.650571,1.319891,1.148421,-1.516000,-45.231003,-5.028000,NaN,2.399976,true,Self-supervised model,0.116625,3.958000,170.453968,43.065682,0.000000,0.000000,2.065399,0.805043,false,false
2026-04-17T14:33:09.784931,0.918371,-0.100192,-3.429850,286.516,W,1,0.923820,1,0.923820,2.019478,2.305876,1.099933,-0.181959,8.611943,2.940080,-0.655845,-0.460103,-0.753674,1.099933,0.373850,0.951117,0.572992,1.171626,1.021953,-1.516000,-45.231003,-5.028000,NaN,2.385888,true,Self-supervised model,0.119048,3.966000,169.710279,42.791296,0.000000,0.000000,1.836002,0.938809,false,false
2026-04-17T14:33:09.792786,0.918371,-0.100192,-3.441362,287.176,W,1,0.923820,1,0.923820,1.883333,2.310974,1.168572,-0.083797,8.518570,2.820370,-0.534596,-0.551734,-0.880544,1.168572,0.252898,0.813062,0.477086,0.976032,0.851485,-1.516000,-45.231003,-5.028000,NaN,2.380243,true,Self-supervised model,0.122407,3.974000,169.050638,42.539164,0.000000,0.000000,1.611653,1.197269,false,false
2026-04-17T14:33:09.802027,0.918371,-0.100192,-3.451005,287.728,W,1,0.923820,1,0.923820,1.765555,2.311157,1.147220,-0.021548,8.446744,2.858677,-0.473670,-0.625710,-0.836802,1.147220,0.123395,0.635911,0.367741,0.744877,0.647772,-1.516000,-45.231003,-5.028000,NaN,2.378083,true,Self-supervised model,0.131185,3.983000,168.498178,42.304338,0.000000,0.000000,1.538986,1.540146,false,false
2026-04-17T14:33:09.808708,0.918371,-0.100192,-3.460125,288.251,W,1,0.923820,1,0.923820,1.659763,2.307101,1.104353,-0.069432,8.322245,3.076549,-0.522210,-0.749492,-0.620608,1.104353,0.010996,0.456927,0.279165,0.535571,0.457059,-1.516000,-45.231003,-5.028000,NaN,2.371052,true,Self-supervised model,0.130153,3.990000,167.975635,42.099157,0.000000,0.000000,1.502927,2.062010,false,false
2026-04-17T14:33:09.817646,0.918371,-0.100192,-3.468411,288.725,W,1,0.923820,1,0.923820,1.571547,2.299679,1.108413,-0.301669,8.286332,3.488352,-0.755044,-0.781685,-0.217845,1.108413,-0.111788,0.246179,0.186314,0.328350,0.270371,-1.516000,-45.231003,-5.028000,NaN,2.366099,true,Self-supervised model,0.139910,3.999000,167.500850,41.885684,0.000000,0.000000,1.417835,3.375710,false,false
2026-04-17T14:33:09.824769,0.918371,-0.100192,-3.475618,289.138,W,1,0.923820,1,0.923820,1.527773,2.290803,1.297961,-0.545878,8.271967,3.969586,-0.999859,-0.789655,0.247852,1.297961,-0.200975,0.090408,0.117286,0.249641,0.220373,-1.516000,-45.231003,-5.028000,NaN,2.363212,true,Self-supervised model,0.148890,4.006000,167.087934,41.709419,0.000000,0.000000,1.177056,5.199317,false,false
2026-04-17T14:33:09.835435,0.918371,-0.100192,-3.481598,289.481,W,1,0.923820,1,0.923820,1.526715,2.282239,1.521158,-0.653617,8.204929,4.347870,-1.107229,-0.848615,0.606481,1.521158,-0.245568,0.030543,0.072082,0.257745,0.247460,-1.516000,-45.231003,-5.028000,NaN,2.362138,true,Self-supervised model,0.160164,4.017000,166.745296,41.509907,0.000000,0.000000,1.003653,5.901805,false,false
2026-04-17T14:33:09.840920,0.918371,-0.100192,-3.486352,289.753,W,1,0.923820,1,0.923820,1.579417,2.276127,1.856106,-0.821211,8.070854,4.699818,-1.272256,-0.973929,0.936992,1.856106,-0.253509,0.053756,0.048258,0.263601,0.259146,-1.516000,-45.231003,-5.028000,NaN,2.362291,true,Self-supervised model,0.165165,4.022000,166.472946,41.390588,0.000000,0.000000,0.850931,7.041347,false,false
2026-04-17T14:33:09.849115,0.918371,-0.100192,-3.489979,289.961,W,1,0.923820,1,0.923820,1.664902,2.273678,2.113695,-0.993594,7.929596,4.867412,-1.438828,-1.106509,1.083106,2.113695,-0.237016,0.153327,0.042150,0.285416,0.282287,-1.516000,-45.231003,-5.028000,NaN,2.363170,true,Self-supervised model,0.175609,4.031000,166.265138,41.246623,0.000000,0.000000,0.787674,7.405665,false,false
2026-04-17T14:33:09.857358,0.918371,-0.100192,-3.492650,290.114,W,1,0.923820,1,0.923820,1.753257,2.274861,2.217125,-1.110910,7.778761,4.841076,-1.524520,-1.244064,1.021659,2.217125,-0.214414,0.317039,0.056810,0.386930,0.382736,-1.516000,-45.231003,-5.028000,NaN,2.364321,true,Self-supervised model,0.174593,4.039000,166.112074,41.127030,0.000000,0.000000,0.790780,5.730049,false,false
2026-04-17T14:33:09.866702,0.918371,-0.100192,-3.493463,290.161,W,1,0.923820,1,0.923820,1.832606,2.279171,2.249188,-1.158794,7.644686,4.704607,-1.559228,-1.370469,0.865720,2.249188,-0.196088,0.505796,0.085521,0.549176,0.542476,-1.516000,-45.231003,-5.028000,NaN,2.370941,true,Self-supervised model,0.172827,4.048000,166.065482,41.024082,0.000000,0.000000,0.814786,4.095569,false,false
2026-04-17T14:33:09.873227,0.918371,-0.100192,-3.494053,290.194,W,1,0.923820,1,0.923820,1.884868,2.285398,2.159240,-1.101333,7.553706,4.441244,-1.485873,-1.454026,0.583356,2.159240,-0.193033,0.671952,0.114232,0.708400,0.699129,-1.516000,-45.231003,-5.028000,NaN,2.371245,true,Self-supervised model,0.166905,4.055000,166.031692,40.944930,0.000000,0.000000,0.872931,3.048054,false,false
2026-04-17T14:33:09.880796,0.918371,-0.100192,-3.494632,290.228,W,1,0.923820,1,0.923820,1.906649,2.292248,2.020998,-1.046266,7.580042,4.146757,-1.412852,-1.419854,0.268884,2.020998,-0.221133,0.849103,0.158214,0.891576,0.877425,-1.516000,-45.231003,-5.028000,NaN,2.370711,true,Self-supervised model,0.160237,4.062000,165.998539,40.866209,0.000000,0.000000,0.943419,2.266772,false,false
2026-04-17T14:33:09.888832,0.918371,-0.100192,-3.495394,290.271,W,1,0.923820,1,0.923820,1.892906,2.298275,1.820755,-0.962469,7.726089,3.897760,-1.309910,-1.264625,-0.003103,1.820755,-0.280387,0.967611,0.190590,1.025286,1.007416,-1.516000,-45.231003,-5.028000,NaN,2.369215,true,Self-supervised model,0.153241,4.070000,165.954874,40.775153,0.000000,0.000000,1.039627,1.775851,false,false
2026-04-17T14:33:09.897396,0.918371,-0.100192,-3.496468,290.333,W,1,0.923820,1,0.923820,1.843402,2.302080,1.583508,-0.802058,7.869741,3.926491,-1.129807,-1.109518,-0.002364,1.583508,-0.362243,1.012204,0.205251,1.094488,1.075070,-1.516000,-45.231003,-5.028000,NaN,2.366892,true,Self-supervised model,0.146388,4.079000,165.893331,40.670098,0.000000,0.000000,1.164126,1.446802,false,false
2026-04-17T14:33:09.905425,0.918371,-0.100192,-3.497879,290.414,W,1,0.923820,1,0.923820,1.756779,2.302268,1.302009,-0.632069,8.080431,4.127604,-0.940443,-0.885039,0.165830,1.302009,-0.425162,0.990823,0.207083,1.097897,1.078190,-1.516000,-45.231003,-5.028000,NaN,2.364135,true,Self-supervised model,0.139506,4.087000,165.812503,40.570713,0.000000,0.000000,1.349283,1.185912,false,false
2026-04-17T14:33:09.913242,0.918371,-0.100192,-3.499570,290.511,W,1,0.923820,1,0.923820,1.659082,2.298540,1.146173,-0.531513,8.274361,4.458004,-0.809486,-0.673018,0.453312,1.146173,-0.470366,0.923017,0.193644,1.053899,1.035956,-1.516000,-45.231003,-5.028000,NaN,2.361319,true,Self-supervised model,0.136174,4.095000,165.715564,40.467781,0.000000,0.000000,1.447497,1.087554,false,false
2026-04-17T14:33:09.921886,0.918371,-0.100192,-3.500889,290.586,W,1,0.923820,1,0.923820,1.578745,2.291749,1.156976,-0.459687,8.391677,4.793192,-0.706481,-0.536117,0.743005,1.156976,-0.473421,0.833220,0.176540,0.974448,0.958323,-1.365000,-42.470001,-4.481000,NaN,2.361494,true,Self-supervised model,0.139081,4.103000,165.640026,40.370467,0.000000,0.000000,1.364545,1.187314,false,false
2026-04-17T14:33:09.931936,0.918371,-0.100192,-3.501778,290.637,W,1,0.923820,1,0.923820,1.528191,2.283206,1.262779,-0.414197,8.568848,5.137957,-0.628211,-0.338763,1.041730,1.262779,-0.434325,0.739758,0.149051,0.870687,0.857834,-1.365000,-42.470001,-4.481000,NaN,2.362322,true,Self-supervised model,0.145171,4.113000,165.589084,40.259928,0.000000,0.000000,1.210180,1.450325,false,false
2026-04-17T14:33:09.937290,0.918371,-0.100192,-3.502138,290.658,W,1,0.923820,1,0.923820,1.503703,2.274026,1.375142,-0.392649,8.611943,5.339070,-0.589028,-0.281080,1.210395,1.375142,-0.372017,0.676228,0.124617,0.781799,0.771804,-1.365000,-42.470001,-4.481000,NaN,2.364081,true,Self-supervised model,0.150494,4.119000,165.568480,40.196281,0.000000,0.000000,1.093489,1.758946,false,false
2026-04-17T14:33:09.946928,0.918371,-0.100192,-3.502668,290.688,W,1,0.923820,1,0.923820,1.498053,2.264987,1.468391,-0.486023,8.568848,5.427655,-0.664013,-0.311977,1.271978,1.468391,-0.279776,0.616363,0.091630,0.683062,0.676889,-1.365000,-42.470001,-4.481000,NaN,2.362868,true,Self-supervised model,0.155293,4.128000,165.538099,40.101284,0.000000,0.000000,1.020201,2.149717,false,false
2026-04-17T14:33:09.953026,0.918371,-0.100192,-3.503216,290.720,W,1,0.923820,1,0.923820,1.496222,2.256237,1.486611,-0.639252,8.532935,5.384560,-0.798249,-0.338278,1.207633,1.486611,-0.191812,0.558331,0.067195,0.594172,0.590360,-1.365000,-42.470001,-4.481000,NaN,2.362246,true,Self-supervised model,0.157419,4.134000,165.506671,40.035479,0.000000,0.000000,1.006465,2.501988,false,false
2026-04-17T14:33:09.960877,0.918371,-0.100192,-3.503680,290.746,W,1,0.923820,1,0.923820,1.504256,2.248157,1.546431,-0.881066,8.465898,5.284003,-1.021318,-0.397976,1.090858,1.546431,-0.124006,0.514349,0.061087,0.532601,0.529086,-1.365000,-42.470001,-4.481000,NaN,2.362123,true,Self-supervised model,0.160753,4.142000,165.480114,39.951742,0.000000,0.000000,0.972727,2.903547,false,false
2026-04-17T14:33:09.969426,0.918371,-0.100192,-3.504025,290.766,W,1,0.923820,1,0.923820,1.525892,2.241267,1.639485,-1.048660,8.394072,5.252879,-1.171959,-0.464562,1.048144,1.639485,-0.058643,0.464868,0.077580,0.474932,0.468553,-1.365000,-42.470001,-4.481000,NaN,2.362250,true,Self-supervised model,0.164885,4.151000,165.460327,39.860353,0.000000,0.000000,0.930714,3.452042,false,false
2026-04-17T14:33:09.976902,0.918371,-0.100192,-3.504299,290.782,W,1,0.923820,1,0.923820,1.556739,2.235886,1.718683,-1.189918,8.343793,5.214571,-1.299035,-0.511483,1.002380,1.718683,0.004887,0.425162,0.110567,0.439331,0.425190,-1.365000,-42.470001,-4.481000,NaN,2.362262,true,Self-supervised model,0.167915,4.158000,165.444636,39.789475,0.000000,0.000000,0.905774,3.912046,false,false
2026-04-17T14:33:09.985078,0.918371,-0.100192,-3.504605,290.799,W,1,0.923820,1,0.923820,1.578213,2.231579,1.690953,-1.244985,8.322245,5.166687,-1.315078,-0.520267,0.926939,1.690953,0.070250,0.403782,0.154549,0.438018,0.409847,-1.365000,-42.470001,-4.481000,NaN,2.361830,true,Self-supervised model,0.167444,4.167000,165.427128,39.699335,0.000000,0.000000,0.933328,3.860460,false,false
2026-04-17T14:33:09.992962,0.918371,-0.100192,-3.503847,290.756,W,1,0.923820,1,0.923820,1.568071,2.227038,1.514828,-1.175553,8.346188,5.035006,-1.209138,-0.485623,0.772567,1.514828,0.128893,0.405615,0.197309,0.469113,0.425601,-1.365000,-42.470001,-4.481000,NaN,2.366841,true,Self-supervised model,0.161561,4.174000,165.470542,39.643158,0.000000,0.000000,1.035148,3.229129,false,false
2026-04-17T14:33:10.001632,0.918371,-0.100192,-3.502391,290.672,W,1,0.923820,1,0.923820,1.503710,2.220105,1.165813,-0.979228,8.427590,4.771644,-0.979590,-0.396199,0.492492,1.165813,0.185703,0.429438,0.240070,0.525867,0.467871,-1.365000,-42.470001,-4.481000,NaN,2.371090,true,Self-supervised model,0.150049,4.183000,165.553969,39.577808,0.000000,0.000000,1.289839,2.216933,false,false
2026-04-17T14:33:10.009751,0.918371,-0.100192,-3.500581,290.569,W,1,0.923820,1,0.923820,1.395799,2.209133,0.829264,-0.787692,8.499416,4.393360,-0.758066,-0.319558,0.104396,0.829264,0.221133,0.478307,0.262061,0.588518,0.526952,-1.365000,-42.470001,-4.481000,NaN,2.374313,true,Self-supervised model,0.138961,4.191000,165.657643,39.526997,0.000000,0.000000,1.683177,1.409071,false,false
2026-04-17T14:33:10.017887,0.918371,-0.100192,-3.498714,290.462,W,1,0.923820,1,0.923820,1.275087,2.193771,0.641350,-0.632069,8.597578,4.110844,-0.574461,-0.219122,-0.182509,0.641350,0.222355,0.532674,0.265726,0.635448,0.577221,-1.365000,-42.470001,-4.481000,NaN,2.376411,true,Self-supervised model,0.133802,4.199000,165.764619,39.477166,0.000000,0.000000,1.988130,1.009288,false,false
2026-04-17T14:33:10.024938,0.918371,-0.100192,-3.496973,290.362,W,1,0.923820,1,0.923820,1.174953,2.175019,0.649253,-0.495600,8.693346,3.806781,-0.411679,-0.123066,-0.486728,0.649253,0.206472,0.574824,0.259618,0.663668,0.610781,-1.365000,-42.470001,-4.481000,NaN,2.377650,true,Self-supervised model,0.133305,4.206000,165.864404,39.435189,0.000000,0.000000,1.809701,0.978279,false,false
2026-04-17T14:33:10.033907,0.918371,-0.100192,-3.495465,290.275,W,1,0.923820,1,0.923820,1.105827,2.154251,0.742916,-0.395043,8.779537,3.605668,-0.285497,-0.038068,-0.684811,0.742916,0.175318,0.618806,0.234572,0.684604,0.643162,-1.365000,-42.470001,-4.481000,NaN,2.378223,true,Self-supervised model,0.136927,4.215000,165.950791,39.371481,0.000000,0.000000,1.488496,1.085177,false,false
2026-04-17T14:33:10.041663,0.918371,-0.100192,-3.494224,290.204,W,1,0.923820,1,0.923820,1.056193,2.132329,0.795611,-0.347159,8.851364,3.519476,-0.211669,0.031820,-0.766277,0.795611,0.134390,0.651793,0.199142,0.694660,0.665504,-1.365000,-42.470001,-4.481000,NaN,2.378399,true,Self-supervised model,0.139517,4.223000,166.021923,39.313740,0.000000,0.000000,1.327524,1.145324,false,false
2026-04-17T14:33:10.050321,0.918371,-0.100192,-3.493207,290.146,W,1,0.923820,1,0.923820,1.024295,2.110007,0.856834,-0.392649,8.913613,3.459621,-0.230504,0.091613,-0.820146,0.856834,0.094684,0.664011,0.163101,0.690273,0.670727,-1.365000,-42.470001,-4.481000,NaN,2.378517,true,Self-supervised model,0.143056,4.232000,166.080176,39.243898,0.000000,0.000000,1.195442,1.241297,false,false
2026-04-17T14:33:10.057422,0.918371,-0.100192,-3.492340,290.096,W,1,0.923820,1,0.923820,0.998867,2.087562,0.865367,-0.521936,9.038112,3.502717,-0.332351,0.213250,-0.770017,0.865367,0.066584,0.655458,0.136834,0.672891,0.658832,-1.365000,-42.470001,-4.481000,NaN,2.378784,true,Self-supervised model,0.144315,4.239000,166.129846,39.190810,0.000000,0.000000,1.154270,1.286042,false,false
2026-04-17T14:33:10.065192,0.918371,-0.100192,-3.491533,290.050,W,1,0.923820,1,0.923820,0.966857,2.064733,0.798806,-0.600945,9.133880,3.634398,-0.383739,0.305787,-0.630341,0.798806,0.046426,0.618196,0.116064,0.630708,0.619936,-1.365000,-42.470001,-4.481000,NaN,2.379354,true,Self-supervised model,0.143240,4.247000,166.176103,39.127879,0.000000,0.000000,1.210378,1.266523,false,false
2026-04-17T14:33:10.072859,0.918371,-0.100192,-3.490707,290.003,W,1,0.923820,1,0.923820,0.936126,2.041589,0.774786,-0.689530,9.244013,3.773262,-0.445288,0.412019,-0.481926,0.774786,0.043982,0.563218,0.103236,0.574288,0.564932,-1.365000,-42.470001,-4.481000,NaN,2.380254,true,Self-supervised model,0.143931,4.254000,166.223425,39.074618,0.000000,0.000000,1.208238,1.349125,false,false
2026-04-17T14:33:10.081790,0.918371,-0.100192,-3.489803,289.951,W,1,0.923820,1,0.923820,0.911128,2.018371,0.779887,-0.773327,9.320627,3.895366,-0.503065,0.483736,-0.348065,0.779887,0.057421,0.497244,0.096517,0.509769,0.500549,-1.031000,-42.517002,-4.135000,NaN,2.381470,true,Self-supervised model,0.146012,4.263000,166.275225,39.004275,0.000000,0.000000,1.168281,1.529883,false,false
2026-04-17T14:33:10.089882,0.918371,-0.100192,-3.488772,289.892,W,1,0.923820,1,0.923820,0.890775,1.995267,0.783921,-0.828394,9.370906,4.003105,-0.533446,0.528025,-0.226179,0.783921,0.077580,0.430049,0.094073,0.447002,0.436991,-1.031000,-42.517002,-4.135000,NaN,2.383007,true,Self-supervised model,0.147800,4.271000,166.334276,38.945042,0.000000,0.000000,1.136307,1.753731,false,false
2026-04-17T14:33:10.097759,0.918371,-0.100192,-3.487584,289.824,W,1,0.923820,1,0.923820,0.867957,1.972174,0.748164,-0.854730,9.354146,4.091691,-0.538929,0.504449,-0.121804,0.748164,0.113010,0.343306,0.098960,0.374731,0.361428,-1.031000,-42.517002,-4.135000,NaN,2.384825,true,Self-supervised model,0.147939,4.279000,166.402343,38.888138,0.000000,0.000000,1.160116,1.996534,false,false
2026-04-17T14:33:10.106037,0.918371,-0.100192,-3.486300,289.750,W,1,0.923820,1,0.923820,0.843977,1.949047,0.718081,-0.835576,9.349358,4.120421,-0.514398,0.494359,-0.081513,0.718081,0.144775,0.252287,0.103236,0.308653,0.290876,-1.031000,-42.517002,-4.135000,NaN,2.386495,true,Self-supervised model,0.148804,4.287000,166.475935,38.832735,0.000000,0.000000,1.175323,2.326502,false,false
2026-04-17T14:33:10.113161,0.918371,-0.100192,-3.485484,289.704,W,1,0.923820,1,0.923820,0.817180,1.925772,0.676495,-0.787692,9.351752,4.153940,-0.464464,0.490614,-0.034873,0.676495,0.167988,0.160047,0.105069,0.254704,0.232023,-1.031000,-42.517002,-4.135000,NaN,2.385437,true,Self-supervised model,0.149347,4.295000,166.522681,38.771288,0.000000,0.000000,1.207962,2.655998,false,false
2026-04-17T14:33:10.121125,0.918371,-0.100192,-3.485051,289.679,W,1,0.923820,1,0.923820,0.795358,1.902555,0.680795,-0.746991,9.399636,4.177882,-0.424867,0.531940,0.002884,0.680795,0.176540,0.087354,0.106901,0.224109,0.196970,-1.031000,-42.517002,-4.135000,NaN,2.384335,true,Self-supervised model,0.151750,4.303000,166.547450,38.704962,0.000000,0.000000,1.168279,3.037779,false,false
2026-04-17T14:33:10.131316,0.918371,-0.100192,-3.484935,289.672,W,1,0.923820,1,0.923820,0.779869,1.879648,0.698549,-0.711078,9.445126,4.249708,-0.392723,0.570916,0.088286,0.698549,0.174097,0.017715,0.106901,0.205064,0.174996,-1.031000,-42.517002,-4.135000,NaN,2.383186,true,Self-supervised model,0.154472,4.313000,166.554107,38.616765,0.000000,0.000000,1.116412,3.406488,false,false
2026-04-17T14:33:10.136951,0.918371,-0.100192,-3.485082,289.680,W,1,0.923820,1,0.923820,0.762543,1.856964,0.671585,-0.624887,9.437943,4.355053,-0.312385,0.557466,0.206577,0.671585,0.169821,-0.021380,0.110567,0.203767,0.171161,-1.031000,-42.517002,-4.135000,NaN,2.381987,true,Self-supervised model,0.153590,4.318000,166.545685,38.570099,0.000000,0.000000,1.135438,3.295843,false,false
2026-04-17T14:33:10.146414,0.918371,-0.100192,-3.485465,289.702,W,1,0.923820,1,0.923820,0.755516,1.834906,0.718626,-0.569820,9.452309,4.496311,-0.256596,0.565188,0.362137,0.718626,0.163101,-0.032376,0.112399,0.200708,0.166283,-1.031000,-42.517002,-4.135000,NaN,2.380661,true,Self-supervised model,0.156568,4.328000,166.523763,38.475916,0.000000,0.000000,1.051335,3.580453,false,false
2026-04-17T14:33:10.153087,0.918371,-0.100192,-3.485715,289.717,W,1,0.923820,1,0.923820,0.759238,1.813879,0.778775,-0.509965,9.457097,4.620809,-0.197560,0.564079,0.499274,0.778775,0.162490,-0.017104,0.118508,0.201841,0.163388,-1.031000,-42.517002,-4.135000,NaN,2.380942,true,Self-supervised model,0.159742,4.335000,166.509435,38.410481,0.000000,0.000000,0.974913,3.858361,false,false
2026-04-17T14:33:10.160945,0.918371,-0.100192,-3.485942,289.730,W,1,0.923820,1,0.923820,0.765616,1.793948,0.799101,-0.416591,9.445126,4.683059,-0.106233,0.546700,0.573059,0.799101,0.166155,0.040928,0.124006,0.211329,0.171122,-1.031000,-42.517002,-4.135000,NaN,2.380804,true,Self-supervised model,0.160537,4.342000,166.496394,38.345554,0.000000,0.000000,0.958096,3.781308,false,false
2026-04-17T14:33:10.170285,0.918371,-0.100192,-3.486273,289.749,W,1,0.923820,1,0.923820,0.776215,1.775239,0.831863,-0.313640,9.493010,4.685453,-0.004652,0.589043,0.587369,0.831863,0.182038,0.145997,0.125227,0.264830,0.233351,-1.031000,-42.517002,-4.135000,NaN,2.380064,true,Self-supervised model,0.160193,4.352000,166.477478,38.253097,0.000000,0.000000,0.933105,3.141124,false,false
2026-04-17T14:33:10.176799,0.918371,-0.100192,-3.486781,289.778,W,1,0.923820,1,0.923820,0.779504,1.757410,0.796769,-0.215478,9.562442,4.532224,0.094771,0.652379,0.447506,0.796769,0.195477,0.268170,0.115454,0.351363,0.331853,-1.031000,-42.517002,-4.135000,NaN,2.378842,true,Self-supervised model,0.156015,4.358000,166.448346,38.193746,0.000000,0.000000,0.978331,2.267655,false,false
2026-04-17T14:33:10.184695,0.918371,-0.100192,-3.487481,289.818,W,1,0.923820,1,0.923820,0.782070,1.740396,0.795544,-0.215478,9.670180,4.304775,0.099778,0.753480,0.234953,0.795544,0.196699,0.416610,0.095906,0.470587,0.460711,-1.031000,-42.517002,-4.135000,NaN,2.377378,true,Self-supervised model,0.153427,4.366000,166.408260,38.114581,0.000000,0.000000,0.983063,1.690536,false,false
2026-04-17T14:33:10.193223,0.918371,-0.100192,-3.488362,289.868,W,1,0.923820,1,0.923820,0.795662,1.724607,0.867016,-0.306458,9.789890,4.048595,0.020064,0.866761,-0.006224,0.867016,0.187536,0.560163,0.066584,0.594463,0.590722,-1.031000,-42.517002,-4.135000,NaN,2.375770,true,Self-supervised model,0.153801,4.375000,166.357766,38.024632,0.000000,0.000000,0.917702,1.458486,false,false
2026-04-17T14:33:10.201971,0.918371,-0.100192,-3.489294,289.922,W,1,0.923820,1,0.923820,0.833363,1.710957,1.031292,-0.500388,9.926360,3.830723,-0.156716,0.997459,-0.209949,1.031292,0.163712,0.686002,0.044593,0.706674,0.705266,-1.031000,-42.517002,-4.135000,NaN,2.374634,true,Self-supervised model,0.156880,4.383000,166.304358,37.943043,0.000000,0.000000,0.808076,1.459360,false,false
2026-04-17T14:33:10.210155,0.918371,-0.100192,-3.490179,289.973,W,1,0.923820,1,0.923820,0.896993,1.700398,1.231054,-0.730232,10.053253,3.694253,-0.376373,1.121767,-0.339819,1.231054,0.149051,0.725097,0.039706,0.741322,0.740258,-1.031000,-42.517002,-4.135000,NaN,2.373938,true,Self-supervised model,0.161157,4.392000,166.253659,37.853748,0.000000,0.000000,0.728638,1.660620,false,false
2026-04-17T14:33:10.217395,0.918371,-0.100192,-3.490933,290.016,W,1,0.923820,1,0.923820,0.978789,1.693534,1.408215,-0.885855,10.208876,3.675100,-0.499482,1.271324,-0.342522,1.408215,0.098349,0.759916,0.043371,0.767481,0.766254,-1.031000,-42.517002,-4.135000,NaN,2.373708,true,Self-supervised model,0.164085,4.399000,166.210461,37.783692,0.000000,0.000000,0.695056,1.834854,false,false
2026-04-17T14:33:10.224763,0.918371,-0.100192,-3.491691,290.059,W,1,0.923820,1,0.923820,1.063939,1.690350,1.510980,-1.055843,10.290278,3.804387,-0.648795,1.349322,-0.203606,1.510980,0.063530,0.683558,0.062919,0.689381,0.686504,-1.031000,-42.517002,-4.135000,NaN,2.372935,true,Self-supervised model,0.167111,4.406000,166.167043,37.713809,0.000000,0.000000,0.704138,2.191792,false,false
2026-04-17T14:33:10.234359,0.918371,-0.100192,-3.492405,290.100,W,1,0.923820,1,0.923820,1.150109,1.690741,1.602502,-1.132457,10.378864,4.048595,-0.710569,1.435570,0.047359,1.602502,0.040317,0.536340,0.089186,0.545197,0.537853,-1.031000,-42.517002,-4.135000,NaN,2.372394,true,Self-supervised model,0.171935,4.416000,166.126109,37.619137,0.000000,0.000000,0.717696,2.939307,false,false
2026-04-17T14:33:10.241712,0.918371,-0.100192,-3.493197,290.145,W,1,0.923820,1,0.923820,1.237849,1.694625,1.698482,-1.031901,10.460267,4.469975,-0.603919,1.515456,0.472776,1.698482,0.036652,0.372628,0.123395,0.394235,0.374426,-0.042000,-43.367001,-5.884000,NaN,2.371295,true,Self-supervised model,0.177285,4.423000,166.080767,37.549348,0.000000,0.000000,0.728797,4.308301,false,false
2026-04-17T14:33:10.249217,0.918371,-0.100192,-3.494239,290.205,W,1,0.923820,1,0.923820,1.333664,1.702187,1.836692,-0.837971,10.488997,4.900931,-0.412978,1.541909,0.908516,1.836692,0.068417,0.167377,0.163101,0.243512,0.180820,-0.042000,-43.367001,-5.884000,NaN,2.369250,true,Self-supervised model,0.186342,4.431000,166.021063,37.468080,0.000000,0.000000,0.726123,7.542521,false,false
2026-04-17T14:33:10.256871,0.918371,-0.100192,-3.495629,290.285,W,1,0.923820,1,0.923820,1.441704,1.713767,2.008917,-0.636858,10.477027,5.272032,-0.223387,1.525934,1.287390,2.008917,0.132558,-0.009774,0.201586,0.241462,0.132918,-0.042000,-43.367001,-5.884000,NaN,2.366467,true,Self-supervised model,0.190110,4.438000,165.941411,37.391034,0.000000,0.000000,0.717652,8.319814,false,false
2026-04-17T14:33:10.265223,0.918371,-0.100192,-3.497424,290.388,W,1,0.923820,1,0.923820,1.547171,1.729103,2.100870,-0.385466,10.472239,5.427655,0.008607,1.514521,1.455956,2.100870,0.219911,-0.142942,0.244346,0.358467,0.262285,-0.042000,-43.367001,-5.884000,NaN,2.363054,true,Self-supervised model,0.185694,4.447000,165.838574,37.292236,0.000000,0.000000,0.736443,5.860707,false,false
2026-04-17T14:33:10.272985,0.918371,-0.100192,-3.499675,290.517,W,1,0.923820,1,0.923820,1.629495,1.747119,2.061695,-0.050278,10.362105,5.437232,0.319052,1.395159,1.484023,2.061695,0.293215,-0.209527,0.273668,0.452516,0.360384,-0.042000,-43.367001,-5.884000,NaN,2.358974,true,Self-supervised model,0.180416,4.454000,165.709559,37.204661,0.000000,0.000000,0.790366,4.556072,false,false
2026-04-17T14:33:10.280940,0.918371,-0.100192,-3.502405,290.673,W,1,0.923820,1,0.923820,1.685937,1.766672,1.982261,0.232238,10.319010,5.272032,0.573804,1.340363,1.342958,1.982261,0.373239,-0.227242,0.296270,0.527941,0.436974,-0.042000,-43.367001,-5.884000,NaN,2.354332,true,Self-supervised model,0.175796,4.462000,165.553148,37.102902,0.000000,0.000000,0.850512,3.754702,false,false
2026-04-17T14:33:10.288695,0.918371,-0.100192,-3.505604,290.856,W,1,0.923820,1,0.923820,1.721429,1.786862,1.907762,0.471658,10.311827,5.032612,0.785001,1.319687,1.132146,1.907762,0.423940,-0.186314,0.305433,0.554732,0.463075,-0.042000,-43.367001,-5.884000,NaN,2.349256,true,Self-supervised model,0.172757,4.470000,165.369853,36.995493,0.000000,0.000000,0.902329,3.439070,false,false
2026-04-17T14:33:10.297452,0.918371,-0.100192,-3.509234,291.064,W,1,0.923820,1,0.923820,1.741956,1.807066,1.849720,0.706290,10.347740,4.666299,0.993535,1.341159,0.797273,1.849720,0.449597,-0.106901,0.294437,0.547958,0.462131,-0.042000,-43.367001,-5.884000,NaN,2.343904,true,Self-supervised model,0.171612,4.479000,165.161893,36.874725,0.000000,0.000000,0.941740,3.375658,false,false
2026-04-17T14:33:10.310939,0.918371,-0.100192,-3.513212,291.292,W,1,0.923820,1,0.923820,1.766121,1.827428,1.892987,0.895431,10.462662,4.232949,1.161101,1.441618,0.396208,1.892987,0.445321,-0.014661,0.266948,0.519410,0.445562,-0.042000,-43.367001,-5.884000,NaN,2.338531,true,Self-supervised model,0.174777,4.492000,164.933947,36.717263,0.000000,0.000000,0.932981,3.644494,false,false
2026-04-17T14:33:10.313549,0.918371,-0.100192,-3.517392,291.532,W,1,0.923820,1,0.923820,1.793748,1.848081,1.938792,1.003170,10.510546,3.718195,1.254302,1.475818,-0.087200,1.938792,0.418443,0.120340,0.207694,0.482403,0.435403,-0.042000,-43.367001,-5.884000,NaN,2.333548,true,Self-supervised model,0.158191,4.495000,164.694495,36.639487,0.000000,0.000000,0.925188,4.019028,false,false
2026-04-17T14:33:10.321442,0.918371,-0.100192,-3.521564,291.771,W,1,0.923820,1,0.923820,1.820717,1.868986,1.962302,1.034295,10.438720,3.253720,1.280238,1.391998,-0.523413,1.962302,0.357967,0.253509,0.118508,0.454369,0.438642,-0.042000,-43.367001,-5.884000,NaN,2.329403,true,Self-supervised model,0.174373,4.503000,164.455431,36.521304,0.000000,0.000000,0.927847,4.318740,false,false
2026-04-17T14:33:10.330362,0.918371,-0.100192,-3.525446,291.993,W,1,0.923820,1,0.923820,1.842370,1.889922,1.956051,0.907402,10.292673,2.777274,1.158074,1.236760,-0.977459,1.956051,0.254120,0.343917,0.020769,0.428121,0.427617,-0.042000,-43.367001,-5.884000,NaN,2.326684,true,Self-supervised model,0.176074,4.512000,164.233026,36.399164,0.000000,0.000000,0.941882,4.568926,false,false
2026-04-17T14:33:10.337202,0.918371,-0.100192,-3.528731,292.181,W,1,0.923820,1,0.923820,1.861036,1.910766,1.959033,0.682347,10.098742,2.375048,0.945943,1.037601,-1.366157,1.959033,0.125838,0.375682,-0.052534,0.399665,0.396197,-0.042000,-43.367001,-5.884000,NaN,2.325783,true,Self-supervised model,0.176394,4.519000,164.044777,36.301124,0.000000,0.000000,0.949977,4.901686,false,false
2026-04-17T14:33:10.346138,0.918371,-0.100192,-3.531198,292.323,W,1,0.923820,1,0.923820,1.866556,1.930998,1.895537,0.447716,9.952697,2.233790,0.729334,0.891326,-1.505546,1.895537,-0.051313,0.362854,-0.111177,0.382957,0.366464,-0.042000,-43.367001,-5.884000,NaN,2.326591,true,Self-supervised model,0.178133,4.528000,163.903435,36.197755,0.000000,0.000000,0.984711,4.949732,false,false
2026-04-17T14:33:10.353185,0.918371,-0.100192,-3.532774,292.413,W,1,0.923820,1,0.923820,1.831477,1.949017,1.647309,0.289698,9.890448,2.458845,0.590352,0.834389,-1.291862,1.647309,-0.243124,0.290772,-0.133169,0.401736,0.379022,-0.042000,-43.367001,-5.884000,NaN,2.328579,true,Self-supervised model,0.172313,4.535000,163.813143,36.121972,0.000000,0.000000,1.111799,4.100479,false,false
2026-04-17T14:33:10.361356,0.918371,-0.100192,-3.533554,292.458,W,1,0.923820,1,0.923820,1.727277,1.962147,1.180227,0.146046,9.957485,3.184288,0.462739,0.911642,-0.589676,1.180227,-0.381791,0.188147,-0.125227,0.443672,0.425633,-0.042000,-43.367001,-5.884000,NaN,2.330984,true,Self-supervised model,0.159441,4.543000,163.768466,36.048529,0.000000,0.000000,1.463512,2.660132,false,false
2026-04-17T14:33:10.369389,0.918371,-0.100192,-3.533763,292.470,W,1,0.923820,1,0.923820,1.633244,1.970991,1.139571,0.201113,9.959879,4.204218,0.528343,0.927663,0.398645,1.139571,-0.464258,0.052534,-0.100793,0.477969,0.467220,-0.042000,-43.367001,-5.884000,NaN,2.333058,true,Self-supervised model,0.158457,4.551000,163.756496,35.982530,0.000000,0.000000,1.433209,2.384195,false,false
2026-04-17T14:33:10.377105,0.918371,-0.100192,-3.533648,292.463,W,1,0.923820,1,0.923820,1.640565,1.979774,1.678999,0.387861,9.809045,5.133168,0.720086,0.791234,1.294010,1.678999,-0.450208,-0.066584,-0.069028,0.460310,0.455105,-0.042000,-43.367001,-5.884000,NaN,2.334468,true,Self-supervised model,0.174270,4.559000,163.763077,35.920833,0.000000,0.000000,0.977109,3.647539,false,false
2026-04-17T14:33:10.384846,0.918371,-0.100192,-3.533391,292.448,W,1,0.923820,1,0.923820,1.750668,1.992610,2.328711,0.562637,9.612720,5.930438,0.894173,0.607100,2.062711,2.328711,-0.345139,-0.183870,-0.035430,0.392663,0.391062,-0.042000,-43.367001,-5.884000,NaN,2.335292,true,Self-supervised model,0.189883,4.566000,163.777776,35.868983,0.000000,0.000000,0.751776,5.930553,false,false
2026-04-17T14:33:10.392916,0.918371,-0.100192,-3.533126,292.433,W,1,0.923820,1,0.923820,1.938400,2.012442,2.923991,0.869095,9.323022,6.536170,1.194339,0.325540,2.649019,2.923991,-0.207083,-0.272446,-0.005498,0.342258,0.342214,-0.042000,-43.367001,-5.884000,NaN,2.335593,true,Self-supervised model,0.202833,4.574000,163.792992,35.809574,0.000000,0.000000,0.662929,8.543238,false,false
2026-04-17T14:33:10.402680,0.918371,-0.100192,-3.532937,292.422,W,1,0.923820,1,0.923820,2.161758,2.040414,3.334391,1.249773,8.930372,6.837840,1.563998,-0.064664,2.944129,3.334391,-0.005498,-0.334143,0.025045,0.335126,0.334189,-2.372000,-44.995003,-4.150000,NaN,2.335473,true,Self-supervised model,0.210812,4.584000,163.803787,35.733810,0.000000,0.000000,0.648322,9.949674,false,false
2026-04-17T14:33:10.409847,0.918371,-0.100192,-3.532877,292.419,W,1,0.923820,1,0.923820,2.381120,2.076042,3.532766,1.539472,8.518570,6.864176,1.847049,-0.477917,2.973288,3.532766,0.122784,-0.348193,0.038485,0.371208,0.369208,-2.372000,-44.995003,-4.150000,NaN,2.335020,true,Self-supervised model,0.212917,4.591000,163.807229,35.680076,0.000000,0.000000,0.674010,9.516942,false,false
2026-04-17T14:33:10.417121,0.918371,-0.100192,-3.532885,292.419,W,1,0.923820,1,0.923820,2.567756,2.117711,3.547597,1.786075,8.154651,6.607996,2.072824,-0.856159,2.748788,3.547597,0.447153,-0.318872,0.048258,0.551320,0.549204,-2.372000,-44.995003,-4.150000,NaN,2.334741,true,Self-supervised model,0.206124,4.599000,163.806790,35.617915,0.000000,0.000000,0.723801,6.434729,false,false
2026-04-17T14:33:10.425236,0.918371,-0.100192,-3.533028,292.428,W,1,0.923820,1,0.923820,2.699100,2.162967,3.388659,1.927332,7.800309,6.086061,2.201123,-1.227294,2.265351,3.388659,0.617585,-0.272446,0.037263,0.676037,0.675009,-2.372000,-44.995003,-4.150000,NaN,2.334059,true,Self-supervised model,0.200085,4.607000,163.798616,35.554290,0.000000,0.000000,0.796510,5.012534,false,false
2026-04-17T14:33:10.433750,0.918371,-0.100192,-3.533196,292.437,W,1,0.923820,1,0.923820,2.747062,2.208330,2.998861,1.879448,7.570466,5.262455,2.141656,-1.478012,1.490624,2.998861,0.772745,-0.199753,0.015882,0.798303,0.798145,-2.372000,-44.995003,-4.150000,NaN,2.333787,true,Self-supervised model,0.190810,4.615000,163.788962,35.490566,0.000000,0.000000,0.916035,3.756546,false,false
2026-04-17T14:33:10.441037,0.918371,-0.100192,-3.533371,292.447,W,1,0.923820,1,0.923820,2.704368,2.250172,2.480222,1.596933,7.539341,4.338294,1.849156,-1.531891,0.620831,2.480222,0.855822,-0.114232,-0.010385,0.863475,0.863412,-2.372000,-44.995003,-4.150000,NaN,2.333586,true,Self-supervised model,0.179979,4.622000,163.778939,35.434647,0.000000,0.000000,1.090373,2.872374,false,false
2026-04-17T14:33:10.449427,0.918371,-0.100192,-3.533565,292.458,W,1,0.923820,1,0.923820,2.599892,2.286161,2.051393,1.213860,7.651869,3.596091,1.457634,-1.441910,-0.066443,2.051393,0.862542,-0.032376,-0.032987,0.863779,0.863149,-2.372000,-44.995003,-4.150000,NaN,2.333314,true,Self-supervised model,0.171190,4.631000,163.767803,35.363378,0.000000,0.000000,1.267379,2.374905,false,false
2026-04-17T14:33:10.456686,0.918371,-0.100192,-3.533817,292.473,W,1,0.923820,1,0.923820,2.467209,2.315403,1.770625,0.763750,7.888895,2.815581,1.000222,-1.225834,-0.794983,1.770625,0.819170,0.030543,-0.048258,0.821159,0.819740,-2.372000,-44.995003,-4.150000,NaN,2.332834,true,Self-supervised model,0.165547,4.638000,163.753395,35.306898,0.000000,0.000000,1.393412,2.156251,false,false
2026-04-17T14:33:10.465799,0.918371,-0.100192,-3.534169,292.493,W,1,0.923820,1,0.923820,2.364258,2.339357,1.823767,0.375890,8.097190,2.190695,0.610395,-1.037008,-1.370459,1.823767,0.717156,0.078191,-0.065363,0.724361,0.721406,-2.372000,-44.995003,-4.150000,NaN,2.332079,true,Self-supervised model,0.168483,4.647000,163.733218,35.234176,0.000000,0.000000,1.296360,2.517760,false,false
2026-04-17T14:33:10.473407,0.918371,-0.100192,-3.534418,292.507,NW,1,0.923820,1,0.923820,2.308079,2.360106,2.013138,0.098162,8.248025,1.757344,0.312889,-0.898099,-1.774328,2.013138,0.571770,0.086743,-0.087354,0.584872,0.578312,-2.372000,-44.995003,-4.150000,NaN,2.332244,true,Self-supervised model,0.175794,4.655000,163.718970,35.170563,0.000000,0.000000,1.146508,3.442011,false,false
2026-04-17T14:33:10.481216,0.918371,-0.100192,-3.535613,292.576,NW,1,0.923820,1,0.923820,2.285176,2.379109,2.164936,-0.215478,8.312668,1.505953,0.005466,-0.845947,-1.992810,2.164936,0.398895,0.064141,-0.113010,0.419527,0.404019,-2.372000,-44.995003,-4.150000,NaN,2.327260,true,Self-supervised model,0.182277,4.663000,163.650453,35.095529,0.000000,0.000000,1.055540,5.160427,false,false
2026-04-17T14:33:10.488518,0.918371,-0.100192,-3.536169,292.608,NW,1,0.923820,1,0.923820,2.275155,2.396950,2.222542,-0.407014,8.327033,1.426944,-0.177740,-0.839624,-2.050154,2.222542,0.241903,0.042150,-0.124006,0.275083,0.245547,-2.372000,-44.995003,-4.150000,NaN,2.329267,true,Self-supervised model,0.190819,4.670000,163.618634,35.036110,0.000000,0.000000,1.023672,8.079521,false,false
2026-04-17T14:33:10.497439,0.918371,-0.100192,-3.536090,292.603,NW,1,0.923820,1,0.923820,2.266721,2.413741,2.222445,-0.464475,8.159439,1.501164,-0.225772,-1.010557,-1.966485,2.222445,0.067195,0.035430,-0.125838,0.146989,0.075964,-2.372000,-44.995003,-4.150000,NaN,2.331881,true,Self-supervised model,0.204179,4.679000,163.623137,34.969681,0.000000,0.000000,1.019922,15.119809,false,false
2026-04-17T14:33:10.505973,0.918371,-0.100192,-3.535466,292.567,NW,1,0.923820,1,0.923820,2.234977,2.428591,2.068322,-0.361524,7.996634,1.769315,-0.113319,-1.172418,-1.700163,2.068322,-0.080634,0.040317,-0.110567,0.142662,0.090152,-2.372000,-44.995003,-4.150000,NaN,2.334689,true,Self-supervised model,0.199214,4.687000,163.658923,34.917628,0.000000,0.000000,1.080575,14.498106,false,false
2026-04-17T14:33:10.513776,0.918371,-0.100192,-3.534453,292.509,NW,1,0.923820,1,0.923820,2.171050,2.440289,1.835431,-0.160412,7.841011,2.212242,0.096232,-1.323862,-1.267650,1.835431,-0.183870,0.059254,-0.084910,0.211019,0.193182,-2.372000,-44.995003,-4.150000,NaN,2.337253,true,Self-supervised model,0.183982,4.695000,163.716929,34.870485,0.000000,0.000000,1.182856,8.697933,false,false
2026-04-17T14:33:10.520953,0.918371,-0.100192,-3.533261,292.441,W,1,0.923820,1,0.923820,2.084248,2.448047,1.628538,0.119710,7.821857,2.647987,0.382971,-1.336924,-0.847410,1.628538,-0.227853,0.076358,-0.054367,0.246380,0.240307,-2.372000,-44.995003,-4.150000,NaN,2.339165,true,Self-supervised model,0.175751,4.702000,163.785246,34.833102,0.000000,0.000000,1.279828,6.609858,false,false
2026-04-17T14:33:10.530738,0.918371,-0.100192,-3.532092,292.374,W,1,0.923820,1,0.923820,1.989085,2.451689,1.489477,0.373495,7.929596,2.954445,0.642358,-1.222391,-0.558282,1.489477,-0.238848,0.094684,-0.038485,0.259797,0.256931,-2.372000,-44.995003,-4.150000,NaN,2.340240,true,Self-supervised model,0.171782,4.712000,163.852221,34.773392,0.000000,0.000000,1.335425,5.733228,false,false
2026-04-17T14:33:10.537630,0.918371,-0.100192,-3.531046,292.314,W,1,0.923820,1,0.923820,1.887847,2.451135,1.356347,0.447716,8.101978,3.050213,0.722034,-1.043484,-0.479046,1.356347,-0.220522,0.095906,-0.038485,0.243535,0.240475,-2.372000,-44.995003,-4.150000,NaN,2.340795,true,Self-supervised model,0.168424,4.719000,163.912153,34.734510,0.000000,0.000000,1.391862,5.569421,false,false
2026-04-17T14:33:10.546326,0.918371,-0.100192,-3.530122,292.261,W,1,0.923820,1,0.923820,1.780036,2.446291,1.214032,0.452504,8.317456,3.033453,0.732942,-0.821978,-0.510906,1.214032,-0.201586,0.080023,-0.056200,0.224051,0.216888,-2.372000,-44.995003,-4.150000,NaN,2.341229,true,Self-supervised model,0.165833,4.728000,163.965071,34.679584,0.000000,0.000000,1.466218,5.418554,false,false
2026-04-17T14:33:10.552845,0.918371,-0.100192,-3.529235,292.210,W,1,0.923820,1,0.923820,1.669649,2.437226,1.090114,0.371101,8.508993,2.954445,0.658263,-0.624810,-0.603864,1.090114,-0.188757,0.037263,-0.080634,0.208614,0.192400,-2.372000,-44.995003,-4.150000,NaN,2.341971,true,Self-supervised model,0.162645,4.734000,164.015913,34.646369,0.000000,0.000000,1.531627,5.225513,false,false
2026-04-17T14:33:10.562567,0.918371,-0.100192,-3.528278,292.155,W,1,0.923820,1,0.923820,1.563313,2.424269,1.005053,0.169988,8.599973,2.853889,0.463992,-0.528233,-0.718201,1.005053,-0.190590,-0.028100,-0.104458,0.219147,0.192650,-2.285000,-43.521004,-3.993000,NaN,2.343205,true,Self-supervised model,0.160347,4.744000,164.070725,34.584891,0.000000,0.000000,1.555454,4.586194,false,false
2026-04-17T14:33:10.570300,0.918371,-0.100192,-3.527162,292.091,W,1,0.923820,1,0.923820,1.471771,2.408169,0.991170,-0.009577,8.662222,2.758120,0.290764,-0.460140,-0.828339,0.991170,-0.198531,-0.092852,-0.119119,0.249450,0.219171,-2.285000,-43.521004,-3.993000,NaN,2.344961,true,Self-supervised model,0.159033,4.752000,164.134694,34.540129,0.000000,0.000000,1.484882,3.973421,false,false
2026-04-17T14:33:10.576851,0.918371,-0.100192,-3.525844,292.016,W,1,0.923820,1,0.923820,1.388300,2.389374,0.950079,-0.239420,8.707711,2.746149,0.065910,-0.408626,-0.855179,0.950079,-0.210749,-0.125227,-0.120951,0.273361,0.245147,-2.285000,-43.521004,-3.993000,NaN,2.347087,true,Self-supervised model,0.157013,4.758000,164.210231,34.512449,0.000000,0.000000,1.461247,3.475551,false,false
2026-04-17T14:33:10.585149,0.918371,-0.100192,-3.524367,291.931,W,1,0.923820,1,0.923820,1.315076,2.368402,0.930648,-0.445322,8.741230,2.772485,-0.136517,-0.369279,-0.843269,0.930648,-0.210138,-0.130114,-0.111788,0.271264,0.247159,-2.285000,-43.521004,-3.993000,NaN,2.349196,true,Self-supervised model,0.157433,4.767000,164.294831,34.465037,0.000000,0.000000,1.413075,3.430783,false,false
2026-04-17T14:33:10.592874,0.918371,-0.100192,-3.522818,291.843,W,1,0.923820,1,0.923820,1.262178,2.346153,0.984466,-0.679953,8.769960,2.779668,-0.368623,-0.335313,-0.849032,0.984466,-0.199142,-0.100793,-0.091019,0.241042,0.223197,-2.285000,-43.521004,-3.993000,NaN,2.351037,true,Self-supervised model,0.160736,4.774000,164.383606,34.433097,0.000000,0.000000,1.282094,4.084211,false,false
2026-04-17T14:33:10.601278,0.918371,-0.100192,-3.521288,291.755,W,1,0.923820,1,0.923820,1.230670,2.323534,1.065254,-0.852336,8.832211,2.760514,-0.539039,-0.268839,-0.878594,1.065254,-0.174707,-0.048869,-0.057421,0.190284,0.181414,-2.285000,-43.521004,-3.993000,NaN,2.352486,true,Self-supervised model,0.166631,4.783000,164.471233,34.386626,0.000000,0.000000,1.155284,5.598222,false,false
2026-04-17T14:33:10.609111,0.918371,-0.100192,-3.519872,291.674,W,1,0.923820,1,0.923820,1.226004,2.301633,1.201504,-1.022324,8.868123,2.703054,-0.707364,-0.229841,-0.943622,1.201504,-0.156992,0.001222,-0.024435,0.158887,0.156997,-2.285000,-43.521004,-3.993000,NaN,2.353450,true,Self-supervised model,0.173683,4.791000,164.552384,34.346146,0.000000,0.000000,1.020391,7.561995,false,false
2026-04-17T14:33:10.616782,0.918371,-0.100192,-3.518647,291.604,W,1,0.923820,1,0.923820,1.234879,2.280963,1.281474,-1.137246,8.882488,2.691083,-0.821278,-0.213575,-0.960242,1.281474,-0.136223,0.053756,0.027489,0.149004,0.146446,-2.285000,-43.521004,-3.993000,NaN,2.353909,true,Self-supervised model,0.177683,4.798000,164.622559,34.310663,0.000000,0.000000,0.963639,8.600295,false,false
2026-04-17T14:33:10.624961,0.918371,-0.100192,-3.517703,291.550,W,1,0.923820,1,0.923820,1.235722,2.261153,1.240146,-1.125275,8.923190,2.729390,-0.809544,-0.172236,-0.923546,1.240146,-0.109956,0.103847,0.087965,0.174964,0.151243,-2.285000,-43.521004,-3.993000,NaN,2.353732,true,Self-supervised model,0.175176,4.806000,164.676668,34.264808,0.000000,0.000000,0.996432,7.088026,false,false
2026-04-17T14:33:10.633936,0.918371,-0.100192,-3.517136,291.517,W,1,0.923820,1,0.923820,1.205554,2.240929,1.047176,-0.869095,8.939949,2.777274,-0.555972,-0.156436,-0.873498,1.047176,-0.070250,0.140499,0.149051,0.216544,0.157083,-2.285000,-43.521004,-3.993000,NaN,2.352787,true,Self-supervised model,0.167325,4.815000,164.709126,34.207503,0.000000,0.000000,1.151244,4.835861,false,false
2026-04-17T14:33:10.641271,0.918371,-0.100192,-3.517071,291.513,W,1,0.923820,1,0.923820,1.153954,2.219450,0.883052,-0.481235,8.980651,2.786851,-0.172986,-0.118348,-0.857817,0.883052,-0.034819,0.160658,0.183870,0.246641,0.164387,-2.285000,-43.521004,-3.993000,NaN,2.350845,true,Self-supervised model,0.161358,4.823000,164.712845,34.151533,0.000000,0.000000,1.306780,3.580318,false,false
2026-04-17T14:33:10.649569,0.918371,-0.100192,-3.517574,291.542,W,1,0.923820,1,0.923820,1.117671,2.197379,0.927187,-0.181959,9.083601,2.715025,0.119969,-0.019794,-0.919179,0.927187,0.009774,0.181427,0.203418,0.272746,0.181690,-2.285000,-43.521004,-3.993000,NaN,2.348072,true,Self-supervised model,0.162679,4.831000,164.684038,34.089016,0.000000,0.000000,1.205443,3.399455,false,false
2026-04-17T14:33:10.656702,0.918371,-0.100192,-3.518626,291.602,W,1,0.923820,1,0.923820,1.104928,2.175681,1.038024,0.067038,9.198523,2.650381,0.362169,0.088892,-0.968724,1.038024,0.050091,0.202807,0.196088,0.286514,0.208902,-2.285000,-43.521004,-3.993000,NaN,2.344823,true,Self-supervised model,0.165989,4.838000,164.623762,34.027235,0.000000,0.000000,1.064453,3.622942,false,false
2026-04-17T14:33:10.665345,0.918371,-0.100192,-3.520157,291.690,W,1,0.923820,1,0.923820,1.115807,2.155286,1.172925,0.258574,9.327810,2.583344,0.547305,0.210111,-1.015906,1.172925,0.080634,0.212581,0.165544,0.281243,0.227360,-2.285000,-43.521004,-3.993000,NaN,2.341374,true,Self-supervised model,0.170288,4.847000,164.536028,33.945952,0.000000,0.000000,0.951303,4.170506,false,false
2026-04-17T14:33:10.673327,0.918371,-0.100192,-3.522046,291.798,W,1,0.923820,1,0.923820,1.141616,2.136739,1.277115,0.368707,9.416395,2.516306,0.651922,0.289267,-1.059408,1.277115,0.098349,0.196088,0.119730,0.249916,0.219370,-2.285000,-43.521004,-3.993000,NaN,2.338054,true,Self-supervised model,0.173667,4.855000,164.427796,33.867723,0.000000,0.000000,0.893903,5.110170,false,false
2026-04-17T14:33:10.680791,0.918371,-0.100192,-3.524125,291.917,W,1,0.923820,1,0.923820,1.166937,2.119947,1.299871,0.337582,9.478644,2.456451,0.616541,0.340905,-1.092394,1.299871,0.113010,0.158825,0.059865,0.203913,0.194927,-2.285000,-43.521004,-3.993000,NaN,2.335217,true,Self-supervised model,0.175966,4.862000,164.308701,33.794468,0.000000,0.000000,0.897733,6.374640,false,false
2026-04-17T14:33:10.689154,0.918371,-0.100192,-3.526200,292.036,W,1,0.923820,1,0.923820,1.180238,2.104359,1.250069,0.246603,9.514558,2.444480,0.522527,0.365458,-1.075211,1.250069,0.113010,0.107512,0.003665,0.156024,0.155981,-2.285000,-43.521004,-3.993000,NaN,2.333154,true,Self-supervised model,0.177742,4.871000,164.189783,33.707613,0.000000,0.000000,0.944139,8.012010,false,false
2026-04-17T14:33:10.698212,0.918371,-0.100192,-3.528101,292.145,W,1,0.923820,1,0.923820,1.172049,2.089066,1.129054,0.160412,9.457097,2.489970,0.433684,0.296325,-0.999437,1.129054,0.109956,0.049480,-0.031765,0.124690,0.120576,-2.285000,-43.521004,-3.993000,NaN,2.331953,true,Self-supervised model,0.176802,4.880000,164.080881,33.623131,0.000000,0.000000,1.038080,9.054903,false,false
2026-04-17T14:33:10.706174,0.918371,-0.100192,-3.529734,292.239,W,1,0.923820,1,0.923820,1.140321,2.073117,0.973752,0.117316,9.358934,2.585738,0.387371,0.186691,-0.873660,0.973752,0.101404,-0.004276,-0.050702,0.113453,0.101494,-2.285000,-43.521004,-3.993000,NaN,2.331391,true,Self-supervised model,0.171744,4.888000,163.987317,33.548960,0.000000,0.000000,1.171059,8.582841,false,false
2026-04-17T14:33:10.712585,0.918371,-0.100192,-3.531080,292.316,W,1,0.923820,1,0.923820,1.087836,2.055705,0.812287,0.126893,9.327810,2.734178,0.392544,0.144579,-0.696288,0.812287,0.094684,-0.054978,-0.062919,0.126279,0.109488,-2.285000,-43.521004,-3.993000,NaN,2.331195,true,Self-supervised model,0.163988,4.894000,163.910228,33.492078,0.000000,0.000000,1.339225,6.432467,false,false
2026-04-17T14:33:10.721731,0.918371,-0.100192,-3.532177,292.379,W,1,0.923820,1,0.923820,1.030111,2.036682,0.727055,0.229843,9.394848,2.904167,0.489490,0.201129,-0.498553,0.727055,0.085521,-0.094073,-0.073915,0.147061,0.127136,-1.623000,-43.714001,-2.509000,NaN,2.331090,true,Self-supervised model,0.160498,4.903000,163.847352,33.417775,0.000000,0.000000,1.416827,4.943889,false,false
2026-04-17T14:33:10.731868,0.918371,-0.100192,-3.533103,292.432,W,1,0.923820,1,0.923820,0.981137,2.016460,0.724025,0.349553,9.464279,3.069367,0.601676,0.260648,-0.307021,0.724025,0.080634,-0.105680,-0.086132,0.158394,0.132929,-1.623000,-43.714001,-2.509000,NaN,2.330851,true,Self-supervised model,0.161136,4.913000,163.794314,33.338961,0.000000,0.000000,1.355114,4.571029,false,false
2026-04-17T14:33:10.737836,0.918371,-0.100192,-3.533946,292.480,W,1,0.923820,1,0.923820,0.947407,1.995698,0.770321,0.407014,9.600749,3.213019,0.651197,0.387656,-0.138055,0.770321,0.080023,-0.083689,-0.112399,0.161373,0.115791,-1.623000,-43.714001,-2.509000,NaN,2.330335,true,Self-supervised model,0.163613,4.919000,163.745969,33.288467,0.000000,0.000000,1.229885,4.773558,false,false
2026-04-17T14:33:10.746749,0.918371,-0.100192,-3.534757,292.527,NW,1,0.923820,1,0.923820,0.926881,1.974945,0.819124,0.450110,9.667787,3.327940,0.687223,0.445745,0.001062,0.819124,0.083689,-0.032376,-0.145997,0.171368,0.089733,-1.623000,-43.714001,-2.509000,NaN,2.329657,true,Self-supervised model,0.166975,4.928000,163.699517,33.218246,0.000000,0.000000,1.131551,4.779912,false,false
2026-04-17T14:33:10.753118,0.918371,-0.100192,-3.535549,292.572,NW,1,0.923820,1,0.923820,0.909054,1.954309,0.815462,0.416591,9.682152,3.502717,0.649241,0.452393,0.196992,0.815462,0.086743,0.019548,-0.180205,0.200949,0.088918,-1.623000,-43.714001,-2.509000,NaN,2.328943,true,Self-supervised model,0.166102,4.935000,163.654173,33.161940,0.000000,0.000000,1.114772,4.058061,false,false
2026-04-17T14:33:10.761273,0.918371,-0.100192,-3.536255,292.612,NW,1,0.923820,1,0.923820,0.909345,1.934511,0.910873,0.397437,9.710882,3.744531,0.629611,0.475128,0.455557,0.910873,0.092852,0.065973,-0.208916,0.237949,0.113903,-1.623000,-43.714001,-2.509000,NaN,2.328577,true,Self-supervised model,0.169602,4.943000,163.613709,33.100083,0.000000,0.000000,0.998323,3.828015,false,false
2026-04-17T14:33:10.770048,0.918371,-0.100192,-3.536747,292.641,NW,1,0.923820,1,0.923820,0.936827,1.916603,1.081106,0.373495,9.758766,4.003105,0.609174,0.518431,0.727274,1.081106,0.113010,0.119730,-0.232740,0.285086,0.164640,-1.623000,-43.714001,-2.509000,NaN,2.328943,true,Self-supervised model,0.174307,4.951000,163.585532,33.040907,0.000000,0.000000,0.866545,3.792206,false,false
2026-04-17T14:33:10.777157,0.918371,-0.100192,-3.536912,292.650,NW,1,0.923820,1,0.923820,0.992540,1.901641,1.285030,0.383072,9.806650,4.235343,0.626133,0.562424,0.971051,1.285030,0.152105,0.171042,-0.253509,0.341553,0.228892,-1.623000,-43.714001,-2.509000,NaN,2.330083,true,Self-supervised model,0.178493,4.959000,163.576055,32.985694,0.000000,0.000000,0.772386,3.762317,false,false
2026-04-17T14:33:10.784521,0.918371,-0.100192,-3.536664,292.636,NW,1,0.923820,1,0.923820,1.048129,1.889500,1.339974,0.320823,9.818622,4.319140,0.575631,0.570369,1.067173,1.339974,0.211970,0.237627,-0.273057,0.419473,0.318430,-1.623000,-43.714001,-2.509000,NaN,2.331985,true,Self-supervised model,0.177267,4.966000,163.590265,32.942059,0.000000,0.000000,0.782201,3.194421,false,false
2026-04-17T14:33:10.793386,0.918371,-0.100192,-3.535904,292.592,NW,1,0.923820,1,0.923820,1.091483,1.879580,1.319091,0.280122,9.842564,4.280833,0.551045,0.589681,1.043372,1.319091,0.260839,0.304822,-0.290772,0.495481,0.401190,-1.623000,-43.714001,-2.509000,NaN,2.334792,true,Self-supervised model,0.174097,4.975000,163.633805,32.891217,0.000000,0.000000,0.827451,2.662241,false,false
2026-04-17T14:33:10.801798,0.918371,-0.100192,-3.534559,292.515,NW,1,0.923820,1,0.923820,1.115712,1.871025,1.242914,0.215478,9.885659,4.165911,0.506670,0.627332,0.945820,1.242914,0.307876,0.379347,-0.304211,0.575531,0.488561,-1.623000,-43.714001,-2.509000,NaN,2.338478,true,Self-supervised model,0.169553,4.983000,163.710876,32.853878,0.000000,0.000000,0.897658,2.159594,false,false
2026-04-17T14:33:10.808736,0.918371,-0.100192,-3.532583,292.402,W,1,0.923820,1,0.923820,1.111890,1.862660,1.091823,0.162806,9.895236,3.952827,0.477430,0.630842,0.752447,1.091823,0.329256,0.432493,-0.310320,0.625906,0.543562,-1.623000,-43.714001,-2.509000,NaN,2.342978,true,Self-supervised model,0.162783,4.990000,163.824089,32.830479,0.000000,0.000000,1.018379,1.744389,false,false
2026-04-17T14:33:10.816915,0.918371,-0.100192,-3.529979,292.253,W,1,0.923820,1,0.923820,1.077674,1.853260,0.898040,0.110133,9.842564,3.706224,0.449894,0.572082,0.526112,0.898040,0.325591,0.476475,-0.313374,0.656690,0.577094,-1.623000,-43.714001,-2.509000,NaN,2.348094,true,Self-supervised model,0.156193,4.998000,163.973284,32.807780,0.000000,0.000000,1.200029,1.367526,false,false
2026-04-17T14:33:10.824620,0.918371,-0.100192,-3.526817,292.072,W,1,0.923820,1,0.923820,1.020592,1.841953,0.720916,0.057461,9.768343,3.473987,0.423459,0.492260,0.313180,0.720916,0.302378,0.503964,-0.319483,0.668940,0.587718,-1.623000,-43.714001,-2.509000,NaN,2.353488,true,Self-supervised model,0.148857,5.006000,164.154459,32.791542,0.000000,0.000000,1.415689,1.077698,false,false
2026-04-17T14:33:10.833383,0.918371,-0.100192,-3.523180,291.863,W,1,0.923820,1,0.923820,0.955595,1.828499,0.614360,-0.035913,9.725247,3.373430,0.356641,0.444555,0.229382,0.614360,0.254731,0.510683,-0.319483,0.654029,0.570688,-1.623000,-43.714001,-2.509000,NaN,2.359022,true,Self-supervised model,0.145518,5.015000,164.362814,32.774240,0.000000,0.000000,1.555432,0.939346,false,false
2026-04-17T14:33:10.840908,0.918371,-0.100192,-3.519173,291.634,W,1,0.923820,1,0.923820,0.888557,1.812901,0.536604,-0.232238,9.665392,3.459621,0.186305,0.381629,0.328014,0.536604,0.192423,0.469755,-0.315206,0.597538,0.507638,-1.623000,-43.714001,-2.509000,NaN,2.364511,true,Self-supervised model,0.142947,5.022000,164.592400,32.774273,0.000000,0.000000,1.655889,0.898025,false,false
2026-04-17T14:33:10.849312,0.918371,-0.100192,-3.514895,291.389,W,1,0.923820,1,0.923820,0.853170,1.796512,0.667388,-0.354342,9.636662,3.684676,0.087947,0.351509,0.560458,0.667388,0.137445,0.389732,-0.296270,0.508486,0.413258,-1.623000,-43.714001,-2.509000,NaN,2.369875,true,Self-supervised model,0.151528,5.031000,164.837533,32.764368,0.000000,0.000000,1.278371,1.312501,false,false
2026-04-17T14:33:10.856949,0.918371,-0.100192,-3.510474,291.135,W,1,0.923820,1,0.923820,0.890528,1.782273,1.086657,-0.586579,9.756371,4.091691,-0.122557,0.470881,0.971635,1.086657,0.117897,0.318261,-0.270002,0.433695,0.339396,-1.623000,-43.714001,-2.509000,NaN,2.374866,true,Self-supervised model,0.167325,5.038000,165.090830,32.769121,0.000000,0.000000,0.819511,2.505582,false,false
2026-04-17T14:33:10.865616,0.918371,-0.100192,-3.505980,290.878,W,1,0.923820,1,0.923820,0.995215,1.772790,1.544821,-0.873884,10.024523,4.414908,-0.390183,0.738445,1.299588,1.544821,0.145386,0.246790,-0.227242,0.365624,0.286430,-1.623000,-43.714001,-2.509000,NaN,2.379655,true,Self-supervised model,0.179663,5.047000,165.348347,32.761709,0.000000,0.000000,0.644226,4.225162,false,false
2026-04-17T14:33:10.874263,0.918371,-0.100192,-3.501446,290.618,W,1,0.923820,1,0.923820,1.127794,1.768991,1.823837,-1.118092,10.333375,4.467580,-0.616193,1.045066,1.361809,1.823837,0.207694,0.229685,-0.185092,0.360765,0.309665,-1.623000,-43.714001,-2.509000,NaN,2.384344,true,Self-supervised model,0.184176,5.056000,165.608095,32.754766,0.000000,0.000000,0.618364,5.055471,false,false
2026-04-17T14:33:10.881945,0.918371,-0.100192,-3.496881,290.356,W,1,0.923820,1,0.923820,1.258523,1.770572,1.944849,-1.424550,10.536881,4.278439,-0.905524,1.243845,1.189670,1.944849,0.284663,0.269392,-0.136834,0.415125,0.391925,-0.401000,-44.534000,-3.805000,NaN,2.389039,true,Self-supervised model,0.183116,5.063000,165.869687,32.761147,0.000000,0.000000,0.647106,4.684977,false,false
2026-04-17T14:33:10.888652,0.918371,-0.100192,-3.492314,290.095,W,1,0.923820,1,0.923820,1.378909,1.776905,2.010933,-1.690306,10.723629,3.890578,-1.155475,1.423412,0.826213,2.010933,0.334754,0.332922,-0.093462,0.481282,0.472120,-0.401000,-44.534000,-3.805000,NaN,2.393607,true,Self-supervised model,0.180907,5.070000,166.131308,32.767516,0.000000,0.000000,0.685706,4.178285,false,false
2026-04-17T14:33:10.897205,0.918371,-0.100192,-3.487849,289.839,W,1,0.923820,1,0.923820,1.484986,1.787229,2.041893,-1.848324,10.864887,3.275268,-1.300200,1.556127,0.239327,2.041893,0.364687,0.426995,-0.021991,0.561965,0.561534,-0.401000,-44.534000,-3.805000,NaN,2.397671,true,Self-supervised model,0.181043,5.079000,166.387176,32.759830,0.000000,0.000000,0.727260,3.633489,false,false
2026-04-17T14:33:10.905714,0.918371,-0.100192,-3.483709,289.602,W,1,0.923820,1,0.923820,1.591349,1.801393,2.149753,-1.903390,10.972627,2.738967,-1.345308,1.655168,-0.268341,2.149753,0.339641,0.527177,0.055589,0.629572,0.627113,-0.401000,-44.534000,-3.805000,NaN,2.400506,true,Self-supervised model,0.181493,5.087000,166.624363,32.754937,0.000000,0.000000,0.740247,3.414624,false,false
2026-04-17T14:33:10.913076,0.918371,-0.100192,-3.480197,289.401,W,1,0.923820,1,0.923820,1.703625,1.819483,2.293076,-1.795651,11.135432,2.300828,-1.231180,1.810415,-0.681755,2.293076,0.268781,0.582155,0.117897,0.651956,0.641207,-0.401000,-44.534000,-3.805000,NaN,2.401508,true,Self-supervised model,0.183362,5.095000,166.825589,32.743001,0.000000,0.000000,0.742943,3.517225,false,false
2026-04-17T14:33:10.921134,0.918371,-0.100192,-3.477585,289.251,W,1,0.923820,1,0.923820,1.807841,1.841017,2.354972,-1.592144,11.202470,1.970428,-1.025190,1.872130,-0.994991,2.354972,0.153938,0.593150,0.171653,0.636387,0.612800,-0.401000,-44.534000,-3.805000,NaN,2.400519,true,Self-supervised model,0.186454,5.103000,166.975233,32.720994,0.000000,0.000000,0.767670,3.700533,false,false
2026-04-17T14:33:10.931615,0.918371,-0.100192,-3.476100,289.166,W,1,0.923820,1,0.923820,1.905376,1.865591,2.417434,-1.383849,11.240777,1.719037,-0.817506,1.908046,-1.238965,2.417434,0.010385,0.580322,0.204029,0.615231,0.580415,-0.401000,-44.534000,-3.805000,NaN,2.397499,true,Self-supervised model,0.189830,5.113000,167.060343,32.673644,0.000000,0.000000,0.788181,3.929311,false,false
2026-04-17T14:33:10.937441,0.918371,-0.100192,-3.475844,289.151,W,1,0.923820,1,0.923820,1.992761,1.892678,2.451532,-1.158794,11.259931,1.570596,-0.594984,1.928441,-1.391804,2.451532,-0.161879,0.520457,0.205251,0.582416,0.545051,-0.401000,-44.534000,-3.805000,NaN,2.392835,true,Self-supervised model,0.192196,5.119000,167.074992,32.638209,0.000000,0.000000,0.812863,4.209245,false,false
2026-04-17T14:33:10.946295,0.918371,-0.100192,-3.476792,289.206,W,1,0.923820,1,0.923820,2.041158,1.920617,2.295243,-0.900220,11.106702,1.572991,-0.339953,1.780793,-1.407604,2.295243,-0.339030,0.421497,0.185092,0.571717,0.540926,-0.401000,-44.534000,-3.805000,NaN,2.387072,true,Self-supervised model,0.188973,5.128000,167.020671,32.570334,0.000000,0.000000,0.889299,4.014649,false,false
2026-04-17T14:33:10.953022,0.918371,-0.100192,-3.478802,289.321,W,1,0.923820,1,0.923820,2.025176,1.946800,1.941269,-0.718261,10.986992,2.042254,-0.161675,1.672015,-0.973012,1.941269,-0.554055,0.274889,0.136834,0.633454,0.618499,-0.401000,-44.534000,-3.805000,NaN,2.380817,true,Self-supervised model,0.178350,5.134000,166.905533,32.509843,0.000000,0.000000,1.043222,3.064577,false,false
2026-04-17T14:33:10.961407,0.918371,-0.100192,-3.481643,289.483,W,1,0.923820,1,0.923820,1.946997,1.968808,1.536561,-0.768539,10.819398,3.007117,-0.215462,1.520297,-0.057392,1.536561,-0.728151,0.102014,0.084299,0.740080,0.735263,-0.401000,-44.534000,-3.805000,NaN,2.374648,true,Self-supervised model,0.167012,5.143000,166.742735,32.421298,0.000000,0.000000,1.267113,2.076211,false,false
2026-04-17T14:33:10.970037,0.918371,-0.100192,-3.485030,289.677,W,1,0.923820,1,0.923820,1.878944,1.987213,1.521666,-0.857124,10.500969,3.976769,-0.308524,1.220961,0.854129,1.521666,-0.802066,-0.031154,0.056810,0.804679,0.802671,-0.401000,-44.534000,-3.805000,NaN,2.369081,true,Self-supervised model,0.164997,5.151000,166.548698,32.333275,0.000000,0.000000,1.234794,1.891023,false,false
2026-04-17T14:33:10.977102,0.918371,-0.100192,-3.488744,289.890,W,1,0.923820,1,0.923820,1.923151,2.006651,2.155233,-0.871489,10.129868,5.125986,-0.328573,0.869544,1.944469,2.155233,-0.766025,-0.097128,0.048258,0.773665,0.772158,-0.401000,-44.534000,-3.805000,NaN,2.364053,true,Self-supervised model,0.177465,5.159000,166.335854,32.241879,0.000000,0.000000,0.892317,2.785745,false,false
2026-04-17T14:33:10.984667,0.918371,-0.100192,-3.492622,290.113,W,1,0.923820,1,0.923820,2.074090,2.031348,2.866522,-0.967257,9.797073,6.011840,-0.430859,0.554069,2.779265,2.866522,-0.624304,-0.114843,0.054978,0.637156,0.634779,-0.401000,-44.534000,-3.805000,NaN,2.359524,true,Self-supervised model,0.191239,5.166000,166.113675,32.155183,0.000000,0.000000,0.723556,4.498935,false,false
2026-04-17T14:33:10.992834,0.918371,-0.100192,-3.496505,290.335,W,1,0.923820,1,0.923820,2.268013,2.062815,3.286110,-1.048660,9.495404,6.502652,-0.519538,0.264688,3.233967,3.286110,-0.398284,-0.075747,0.073915,0.412106,0.405423,-0.401000,-44.534000,-3.805000,NaN,2.355622,true,Self-supervised model,0.205462,5.174000,165.891224,32.062471,0.000000,0.000000,0.690182,7.973946,false,false
2026-04-17T14:33:11.002082,0.918371,-0.100192,-3.500291,290.552,W,1,0.923820,1,0.923820,2.436207,2.099750,3.319225,-1.007959,9.208099,6.569689,-0.485725,-0.016774,3.283450,3.319225,-0.129503,0.018326,0.092241,0.160048,0.130794,-0.401000,-44.534000,-3.805000,NaN,2.352221,true,Self-supervised model,0.229867,5.184000,165.674293,31.958776,0.000000,0.000000,0.733969,20.738952,false,false
2026-04-17T14:33:11.009282,0.918371,-0.100192,-3.503895,290.758,W,1,0.923820,1,0.923820,2.524497,2.138740,2.988017,-0.933739,8.889671,6.224925,-0.416318,-0.335854,2.939749,2.988017,0.091019,0.124617,0.095295,0.181369,0.154317,-0.401000,-44.534000,-3.805000,NaN,2.349344,true,Self-supervised model,0.218503,5.191000,165.467783,31.875897,0.000000,0.000000,0.844874,16.474760,false,false
2026-04-17T14:33:11.017359,0.918371,-0.100192,-3.507214,290.949,W,1,0.923820,1,0.923820,2.484934,2.174588,2.277227,-0.883460,8.566454,5.413290,-0.367112,-0.665689,2.146591,2.277227,0.309098,0.273057,0.090408,0.422226,0.412434,-0.401000,-44.534000,-3.805000,NaN,2.347169,true,Self-supervised model,0.189424,5.199000,165.277642,31.790275,0.000000,0.000000,1.091210,5.393380,false,false
2026-04-17T14:33:11.024609,0.918371,-0.100192,-3.510122,291.115,W,1,0.923820,1,0.923820,2.338778,2.203156,1.571461,-0.897826,8.329428,4.458004,-0.377737,-0.913239,1.221801,1.571461,0.441656,0.426384,0.075136,0.618473,0.613892,-0.401000,-44.534000,-3.805000,NaN,2.345900,true,Self-supervised model,0.168832,5.206000,165.110989,31.715518,0.000000,0.000000,1.488283,2.540874,false,false
2026-04-17T14:33:11.033089,0.918371,-0.100192,-3.512525,291.253,W,1,0.923820,1,0.923820,2.168002,2.223749,1.271426,-0.967257,8.236053,3.823540,-0.438196,-1.018338,0.622491,1.271426,0.482584,0.557109,0.058643,0.739389,0.737060,-0.401000,-44.534000,-3.805000,NaN,2.345523,true,Self-supervised model,0.160426,5.215000,164.973350,31.634391,0.000000,0.000000,1.705174,1.719562,false,false
2026-04-17T14:33:11.041617,0.918371,-0.100192,-3.514374,291.359,W,1,0.923820,1,0.923820,2.003630,2.236945,1.140680,-0.957681,8.212111,3.306392,-0.415545,-1.053145,0.139136,1.140680,0.463647,0.613920,0.039706,0.770352,0.769328,0.119000,-45.751003,-2.612000,NaN,2.345885,true,Self-supervised model,0.157323,5.223000,164.867386,31.565649,0.000000,0.000000,1.756522,1.480726,false,false
2026-04-17T14:33:11.049135,0.918371,-0.100192,-3.515654,291.432,W,1,0.923820,1,0.923820,1.856068,2.243710,1.081366,-0.854730,8.250419,2.954445,-0.295836,-1.023780,-0.183597,1.081366,0.400728,0.624915,-0.004276,0.742374,0.742362,0.119000,-45.751003,-2.612000,NaN,2.346883,true,Self-supervised model,0.156816,5.231000,164.794048,31.503355,0.000000,0.000000,1.716411,1.456631,false,false
2026-04-17T14:33:11.056903,0.918371,-0.100192,-3.516321,291.470,W,1,0.923820,1,0.923820,1.743000,2.245681,1.149394,-0.816423,8.255207,2.652776,-0.236267,-1.025327,-0.462591,1.149394,0.307265,0.606589,-0.076969,0.684315,0.679972,0.119000,-45.751003,-2.612000,NaN,2.348669,true,Self-supervised model,0.160797,5.238000,164.755850,31.453961,0.000000,0.000000,1.516451,1.679629,false,false
2026-04-17T14:33:11.065146,0.918371,-0.100192,-3.516244,291.466,W,1,0.923820,1,0.923820,1.670830,2.244687,1.291935,-0.890643,8.200141,2.461239,-0.274223,-1.075883,-0.660586,1.291935,0.183260,0.566272,-0.161268,0.616649,0.595187,0.119000,-45.751003,-2.612000,NaN,2.351717,true,Self-supervised model,0.167333,5.247000,164.760218,31.400842,0.000000,0.000000,1.293277,2.095091,false,false
2026-04-17T14:33:11.073163,0.918371,-0.100192,-3.514929,291.391,W,1,0.923820,1,0.923820,1.640362,2.242514,1.480407,-1.017536,8.015787,2.432509,-0.370595,-1.260633,-0.681959,1.480407,0.062919,0.529009,-0.224798,0.578225,0.532738,0.119000,-45.751003,-2.612000,NaN,2.357989,true,Self-supervised model,0.172003,5.255000,164.835582,31.367380,0.000000,0.000000,1.108048,2.560261,false,false
2026-04-17T14:33:11.080868,0.918371,-0.100192,-3.512721,291.264,W,1,0.923820,1,0.923820,1.638626,2.240359,1.629510,-1.175553,7.788338,2.664747,-0.495813,-1.485090,-0.451644,1.629510,-0.079412,0.485027,-0.264505,0.558140,0.491485,0.119000,-45.751003,-2.612000,NaN,2.363769,true,Self-supervised model,0.174766,5.262000,164.962108,31.349697,0.000000,0.000000,1.005594,2.919537,false,false
2026-04-17T14:33:11.088837,0.918371,-0.100192,-3.509706,291.091,W,1,0.923820,1,0.923820,1.665283,2.239356,1.805235,-1.233014,7.541735,3.026271,-0.520250,-1.725722,-0.100488,1.805235,-0.191201,0.456316,-0.268781,0.563050,0.494755,0.119000,-45.751003,-2.612000,NaN,2.370012,true,Self-supervised model,0.177301,5.270000,165.134865,31.334889,0.000000,0.000000,0.922474,3.206172,false,false
2026-04-17T14:33:11.097769,0.918371,-0.100192,-3.506109,290.885,W,1,0.923820,1,0.923820,1.716837,2.240455,1.987497,-1.367089,7.410054,3.517082,-0.623332,-1.849660,0.374646,1.987497,-0.248622,0.454484,-0.235183,0.568928,0.518043,0.119000,-45.751003,-2.612000,NaN,2.375936,true,Self-supervised model,0.180254,5.279000,165.340957,31.320507,0.000000,0.000000,0.863819,3.493404,false,false
2026-04-17T14:33:11.105245,0.918371,-0.100192,-3.502250,290.664,W,1,0.923820,1,0.923820,1.781580,2.244100,2.121478,-1.426944,7.374141,3.897760,-0.655508,-1.877616,0.738604,2.121478,-0.248622,0.483194,-0.183260,0.573475,0.543406,0.119000,-45.751003,-2.612000,NaN,2.380841,true,Self-supervised model,0.181295,5.287000,165.562040,31.314931,0.000000,0.000000,0.839782,3.699337,false,false
2026-04-17T14:33:11.113511,0.918371,-0.100192,-3.498463,290.447,W,1,0.923820,1,0.923820,1.841216,2.249985,2.154305,-1.362301,7.364564,4.065354,-0.565531,-1.879117,0.888891,2.154305,-0.208305,0.529009,-0.109345,0.578963,0.568544,0.119000,-45.751003,-2.612000,NaN,2.384341,true,Self-supervised model,0.182225,5.295000,165.779008,31.308595,0.000000,0.000000,0.854668,3.720973,false,false
2026-04-17T14:33:11.120775,0.918371,-0.100192,-3.494985,290.248,W,1,0.923820,1,0.923820,1.881205,2.257233,2.091144,-1.302446,7.386112,4.029441,-0.485174,-1.851838,0.841538,2.091144,-0.150273,0.572992,-0.041539,0.593824,0.592369,0.119000,-45.751003,-2.612000,NaN,2.386585,true,Self-supervised model,0.180412,5.302000,165.978303,31.304848,0.000000,0.000000,0.899605,3.521489,false,false
2026-04-17T14:33:11.130230,0.918371,-0.100192,-3.492050,290.080,W,1,0.923820,1,0.923820,1.886431,2.264401,1.913872,-1.185130,7.455544,3.804387,-0.351727,-1.779181,0.611318,1.913872,-0.103236,0.605978,0.006720,0.614746,0.614709,0.119000,-45.751003,-2.612000,NaN,2.387347,true,Self-supervised model,0.178234,5.312000,166.146470,31.277573,0.000000,0.000000,0.985662,3.113273,false,false
2026-04-17T14:33:11.137741,0.918371,-0.100192,-3.489790,289.950,W,1,0.923820,1,0.923820,1.855246,2.270035,1.691521,-1.110910,7.584831,3.469198,-0.264295,-1.648070,0.274331,1.691521,-0.072693,0.639576,0.053756,0.645934,0.643694,0.119000,-45.751003,-2.612000,NaN,2.386905,true,Self-supervised model,0.173105,5.319000,166.275935,31.260751,0.000000,0.000000,1.096791,2.618719,false,false
2026-04-17T14:33:11.148315,0.918371,-0.100192,-3.488260,289.863,W,1,0.923820,1,0.923820,1.805546,2.273455,1.544620,-1.089362,7.704541,3.196259,-0.231523,-1.527169,0.000948,1.544620,-0.064752,0.657902,0.086132,0.666668,0.661081,0.119000,-45.751003,-2.612000,NaN,2.385515,true,Self-supervised model,0.171187,5.330000,166.363583,31.212680,0.000000,0.000000,1.168926,2.316924,false,false
2026-04-17T14:33:11.152842,0.918371,-0.100192,-3.487461,289.817,W,1,0.923820,1,0.923820,1.747988,2.274437,1.445810,-1.067814,7.805098,3.062184,-0.200664,-1.425568,-0.133636,1.445810,-0.073304,0.649961,0.109345,0.663158,0.654081,0.119000,-45.751003,-2.612000,NaN,2.383395,true,Self-supervised model,0.168716,5.334000,166.409410,31.197865,0.000000,0.000000,1.209002,2.180190,false,false
2026-04-17T14:33:11.161490,0.918371,-0.100192,-3.487368,289.811,W,1,0.923820,1,0.923820,1.680815,2.272692,1.328157,-1.106121,7.943961,2.956839,-0.231617,-1.285521,-0.240396,1.328157,-0.083078,0.620639,0.127060,0.638936,0.626175,0.119000,-45.751003,-2.612000,NaN,2.380661,true,Self-supervised model,0.168254,5.343000,166.414740,31.146311,0.000000,0.000000,1.265525,2.078701,false,false
2026-04-17T14:33:11.169719,0.918371,-0.100192,-3.487935,289.844,W,1,0.923820,1,0.923820,1.614744,2.268374,1.267874,-1.165976,8.039729,2.863465,-0.286561,-1.188351,-0.336466,1.267874,-0.099571,0.574213,0.145997,0.600791,0.582782,0.119000,-45.751003,-2.612000,NaN,2.377450,true,Self-supervised model,0.167262,5.351000,166.382208,31.093666,0.000000,0.000000,1.273585,2.110339,false,false
2026-04-17T14:33:11.177090,0.918371,-0.100192,-3.489136,289.913,W,1,0.923820,1,0.923820,1.549858,2.261633,1.209203,-1.168370,8.116343,2.820370,-0.287284,-1.110086,-0.383859,1.209203,-0.117286,0.521679,0.174707,0.562519,0.534701,0.119000,-45.751003,-2.612000,NaN,2.373720,true,Self-supervised model,0.165998,5.359000,166.313434,31.034416,0.000000,0.000000,1.281718,2.149622,false,false
2026-04-17T14:33:11.184845,0.918371,-0.100192,-3.490983,290.019,W,1,0.923820,1,0.923820,1.485350,2.252582,1.146685,-1.146823,8.171411,2.844312,-0.268063,-1.053210,-0.365756,1.146685,-0.129503,0.443488,0.210749,0.507807,0.462010,0.119000,-45.751003,-2.612000,NaN,2.369285,true,Self-supervised model,0.165051,5.366000,166.207596,30.974207,0.000000,0.000000,1.295342,2.258113,false,false
2026-04-17T14:33:11.192871,0.918371,-0.100192,-3.493510,290.163,W,1,0.923820,1,0.923820,1.409894,2.240874,1.013748,-1.043872,8.267179,2.925714,-0.171951,-0.955485,-0.291831,1.013748,-0.144164,0.362854,0.240681,0.458665,0.390444,0.119000,-45.751003,-2.612000,NaN,2.364037,true,Self-supervised model,0.162207,5.374000,166.062789,30.901152,0.000000,0.000000,1.390774,2.210214,false,false
2026-04-17T14:33:11.202821,0.918371,-0.100192,-3.496748,290.349,W,1,0.923820,1,0.923820,1.312139,2.225725,0.798928,-0.878672,8.434772,3.083732,-0.018586,-0.785817,-0.142938,0.798928,-0.153327,0.255342,0.271224,0.402829,0.297840,-0.195000,-46.540001,-1.226000,NaN,2.357955,true,Self-supervised model,0.156562,5.384000,165.877254,30.809297,0.000000,0.000000,1.642376,1.983292,false,false
2026-04-17T14:33:11.209079,0.918371,-0.100192,-3.500719,290.576,W,1,0.923820,1,0.923820,1.202662,2.206803,0.627907,-0.751779,8.602366,3.313575,0.092728,-0.616220,0.077083,0.627907,-0.149051,0.152716,0.282220,0.353817,0.213398,-0.195000,-46.540001,-1.226000,NaN,2.351056,true,Self-supervised model,0.149957,5.391000,165.649760,30.727093,0.000000,0.000000,1.915351,1.774665,false,false
2026-04-17T14:33:11.217258,0.918371,-0.100192,-3.505344,290.841,W,1,0.923820,1,0.923820,1.104785,2.184722,0.590932,-0.684742,8.710106,3.514688,0.141593,-0.506834,0.268833,0.590932,-0.122784,0.063530,0.279165,0.311521,0.138246,-0.195000,-46.540001,-1.226000,NaN,2.343814,true,Self-supervised model,0.150985,5.399000,165.384786,30.632485,0.000000,0.000000,1.869564,1.896925,false,false
2026-04-17T14:33:11.224880,0.918371,-0.100192,-3.510479,291.136,W,1,0.923820,1,0.923820,1.028736,2.160482,0.629479,-0.658405,8.789114,3.691859,0.148916,-0.426737,0.438136,0.629479,-0.089186,0.009774,0.267559,0.282201,0.089720,-0.195000,-46.540001,-1.226000,NaN,2.336639,true,Self-supervised model,0.153183,5.406000,165.090579,30.538398,0.000000,0.000000,1.634267,2.230602,false,false
2026-04-17T14:33:11.233279,0.918371,-0.100192,-3.515929,291.448,W,1,0.923820,1,0.923820,0.979150,2.135229,0.718823,-0.679953,8.784326,3.823540,0.108123,-0.431393,0.564727,0.718823,-0.039095,-0.040928,0.252287,0.258558,0.056600,-0.195000,-46.540001,-1.226000,NaN,2.329926,true,Self-supervised model,0.159327,5.415000,164.778287,30.429970,0.000000,0.000000,1.362157,2.780119,false,false
2026-04-17T14:33:11.241254,0.918371,-0.100192,-3.521512,291.768,W,1,0.923820,1,0.923820,0.950928,2.109857,0.802765,-0.648829,8.734048,3.895366,0.121704,-0.481170,0.630948,0.802765,0.023213,-0.075747,0.241292,0.253965,0.079224,-0.195000,-46.540001,-1.226000,NaN,2.323812,true,Self-supervised model,0.162852,5.423000,164.458403,30.326093,0.000000,0.000000,1.184566,3.160928,false,false
2026-04-17T14:33:11.249323,0.918371,-0.100192,-3.527044,292.085,W,1,0.923820,1,0.923820,0.923620,2.084408,0.780254,-0.660800,8.726865,3.869030,0.092270,-0.488616,0.601279,0.780254,0.071471,-0.089186,0.238237,0.264234,0.114291,-0.195000,-46.540001,-1.226000,NaN,2.318485,true,Self-supervised model,0.163136,5.431000,164.141442,30.223061,0.000000,0.000000,1.183744,2.952893,false,false
2026-04-17T14:33:11.256687,0.918371,-0.100192,-3.532457,292.395,W,1,0.923820,1,0.923820,0.895196,2.058839,0.745971,-0.610521,8.719683,3.811569,0.124736,-0.496727,0.542379,0.745971,0.109345,-0.072693,0.248011,0.280625,0.131303,-0.195000,-46.540001,-1.226000,NaN,2.313548,true,Self-supervised model,0.161446,5.438000,163.831300,30.127124,0.000000,0.000000,1.200043,2.658251,false,false
2026-04-17T14:33:11.265101,0.918371,-0.100192,-3.537777,292.700,NW,1,0.923820,1,0.923820,0.866448,2.033144,0.715516,-0.476446,8.695741,3.694253,0.240797,-0.522299,0.425656,0.715516,0.141721,-0.020159,0.259007,0.295932,0.143147,-0.195000,-46.540001,-1.226000,NaN,2.308602,true,Self-supervised model,0.161527,5.447000,163.526518,30.021391,0.000000,0.000000,1.210942,2.417838,false,false
2026-04-17T14:33:11.273802,0.918371,-0.100192,-3.543070,293.003,NW,1,0.923820,1,0.923820,0.828372,2.006953,0.628477,-0.385466,8.774749,3.579332,0.313974,-0.445460,0.312999,0.628477,0.162490,0.053756,0.269392,0.319162,0.171151,-0.195000,-46.540001,-1.226000,NaN,2.303412,true,Self-supervised model,0.157999,5.455000,163.223215,29.921763,0.000000,0.000000,1.318063,1.969144,false,false
2026-04-17T14:33:11.280913,0.918371,-0.100192,-3.548412,293.309,NW,1,0.923820,1,0.923820,0.780449,1.979893,0.528853,-0.268151,8.932767,3.416526,0.414701,-0.289945,0.153754,0.528853,0.171653,0.144164,0.266948,0.348582,0.224161,-0.195000,-46.540001,-1.226000,NaN,2.297879,true,Self-supervised model,0.152661,5.462000,162.917169,29.827384,0.000000,0.000000,1.475740,1.517154,false,false
2026-04-17T14:33:11.288836,0.918371,-0.100192,-3.553840,293.620,NW,1,0.923820,1,0.923820,0.730320,1.951910,0.467142,-0.213084,9.136273,3.299210,0.455510,-0.091662,0.048275,0.467142,0.169210,0.218690,0.252287,0.374307,0.276509,-0.195000,-46.540001,-1.226000,NaN,2.292102,true,Self-supervised model,0.149915,5.470000,162.606134,29.726898,0.000000,0.000000,1.563380,1.248016,false,false
2026-04-17T14:33:11.297678,0.918371,-0.100192,-3.559242,293.930,NW,1,0.923820,1,0.923820,0.697437,1.923731,0.524803,-0.138864,9.311050,3.256114,0.518668,0.078204,0.016884,0.524803,0.162490,0.279776,0.223577,0.393274,0.323540,-0.195000,-46.540001,-1.226000,NaN,2.286806,true,Self-supervised model,0.154663,5.479000,162.296621,29.621577,0.000000,0.000000,1.328951,1.334446,false,false
2026-04-17T14:33:11.305632,0.918371,-0.100192,-3.564546,294.233,NW,1,0.923820,1,0.923820,0.683961,1.896140,0.613212,-0.069432,9.430760,3.270479,0.580352,0.193432,0.042484,0.613212,0.149662,0.301767,0.178984,0.381441,0.336842,-0.195000,-46.540001,-1.226000,NaN,2.281898,true,Self-supervised model,0.159499,5.487000,161.992760,29.523011,0.000000,0.000000,1.115375,1.607618,false,false
2026-04-17T14:33:11.314162,0.918371,-0.100192,-3.569630,294.525,NW,1,0.923820,1,0.923820,0.682253,1.869584,0.673283,-0.040701,9.531317,3.320758,0.598949,0.292203,0.095850,0.673283,0.142942,0.293826,0.137445,0.354482,0.326751,-0.195000,-46.540001,-1.226000,NaN,2.277691,true,Self-supervised model,0.164096,5.496000,161.701464,29.421664,0.000000,0.000000,1.013323,1.899343,false,false
2026-04-17T14:33:11.320642,0.918371,-0.100192,-3.574746,294.818,NW,1,0.923820,1,0.923820,0.695885,1.844636,0.767456,-0.023942,9.665392,3.426103,0.605903,0.424796,0.203515,0.767456,0.136223,0.267559,0.095906,0.315186,0.300241,-0.195000,-46.540001,-1.226000,NaN,2.272445,true,Self-supervised model,0.167032,5.502000,161.408322,29.336300,0.000000,0.000000,0.906743,2.434927,false,false
2026-04-17T14:33:11.329797,0.918371,-0.100192,-3.579824,295.109,NW,1,0.923820,1,0.923820,0.727373,1.821946,0.892687,0.023942,9.739613,3.588908,0.643214,0.497697,0.368054,0.892687,0.143553,0.228464,0.054978,0.275365,0.269821,-0.195000,-46.540001,-1.226000,NaN,2.267519,true,Self-supervised model,0.174517,5.511000,161.117349,29.235592,0.000000,0.000000,0.814814,3.241833,false,false
2026-04-17T14:33:11.337213,0.918371,-0.100192,-3.584854,295.397,NW,1,0.923820,1,0.923820,0.773045,1.801990,1.012820,0.064643,9.794679,3.737349,0.672890,0.551217,0.518830,1.012820,0.166766,0.174097,0.020769,0.241975,0.241082,-0.195000,-46.540001,-1.226000,NaN,2.262687,true,Self-supervised model,0.177553,5.519000,160.829206,29.141005,0.000000,0.000000,0.763260,4.185638,false,false
2026-04-17T14:33:11.347004,0.918371,-0.100192,-3.589775,295.679,NW,1,0.923820,1,0.923820,0.830944,1.785148,1.134916,0.079009,9.897630,3.849876,0.677321,0.651996,0.635745,1.134916,0.191201,0.117286,-0.007941,0.224448,0.224307,-0.195000,-46.540001,-1.226000,NaN,2.258197,true,Self-supervised model,0.182629,5.528000,160.547243,29.042555,0.000000,0.000000,0.732164,5.056478,false,false
2026-04-17T14:33:11.353502,0.918371,-0.100192,-3.594420,295.945,NW,1,0.923820,1,0.923820,0.891667,1.771409,1.210461,0.057461,9.971850,3.931279,0.646787,0.723403,0.723581,1.210461,0.215635,0.037874,-0.035430,0.221784,0.218936,-0.195000,-46.540001,-1.226000,NaN,2.254654,true,Self-supervised model,0.182407,5.535000,160.281075,28.957737,0.000000,0.000000,0.736634,5.457824,false,false
2026-04-17T14:33:11.363737,0.918371,-0.100192,-3.598641,296.187,NW,1,0.923820,1,0.923820,0.968606,1.761297,1.372539,0.122104,10.019734,4.094085,0.702922,0.767966,0.894423,1.372539,0.238848,-0.039706,-0.054978,0.248289,0.242126,-0.046000,-44.288002,-5.164000,NaN,2.252133,true,Self-supervised model,0.188010,5.545000,160.039243,28.861901,0.000000,0.000000,0.705704,5.527980,false,false
2026-04-17T14:33:11.369457,0.918371,-0.100192,-3.602355,296.400,NW,1,0.923820,1,0.923820,1.056285,1.755096,1.516600,0.244209,9.916783,4.271256,0.825326,0.659299,1.088227,1.516600,0.268170,-0.119119,-0.071471,0.302014,0.293435,-0.046000,-44.288002,-5.164000,NaN,2.250447,true,Self-supervised model,0.186137,5.551000,159.826456,28.792372,0.000000,0.000000,0.696482,5.021621,false,false
2026-04-17T14:33:11.377258,0.918371,-0.100192,-3.604944,296.548,NW,1,0.923820,1,0.923820,1.148762,1.752843,1.634263,0.392649,9.749189,4.383783,0.973671,0.485257,1.219552,1.634263,0.306043,-0.183260,-0.092852,0.368603,0.356717,-0.046000,-44.288002,-5.164000,NaN,2.252358,true,Self-supervised model,0.189483,5.559000,159.678132,28.724255,0.000000,0.000000,0.702923,4.433668,false,false
2026-04-17T14:33:11.384851,0.918371,-0.100192,-3.606507,296.638,NW,1,0.923820,1,0.923820,1.230114,1.753934,1.657212,0.469264,9.648633,4.367024,1.050581,0.377201,1.224888,1.657212,0.361632,-0.238237,-0.120340,0.449463,0.433053,-0.046000,-44.288002,-5.164000,NaN,2.254895,true,Self-supervised model,0.188946,5.566000,159.588539,28.672034,0.000000,0.000000,0.742279,3.687096,false,false
2026-04-17T14:33:11.392854,0.918371,-0.100192,-3.607081,296.671,NW,1,0.923820,1,0.923820,1.275804,1.756809,1.515679,0.500388,9.631873,4.134786,1.073793,0.354320,1.009311,1.515679,0.406836,-0.252898,-0.155160,0.503535,0.479034,-0.046000,-44.288002,-5.164000,NaN,2.258281,true,Self-supervised model,0.186033,5.574000,159.555666,28.624985,0.000000,0.000000,0.841738,3.010075,false,false
2026-04-17T14:33:11.401044,0.918371,-0.100192,-3.607333,296.685,NW,1,0.923820,1,0.923820,1.274243,1.759506,1.266044,0.399832,9.710882,3.801992,0.967881,0.426521,0.695811,1.266044,0.425773,-0.230296,-0.193033,0.521134,0.484065,-0.046000,-44.288002,-5.164000,NaN,2.259316,true,Self-supervised model,0.179988,5.582000,159.541233,28.581375,0.000000,0.000000,1.006476,2.429400,false,false
2026-04-17T14:33:11.409416,0.918371,-0.100192,-3.607144,296.674,NW,1,0.923820,1,0.923820,1.230697,1.760354,1.002085,0.227449,9.789890,3.440468,0.793615,0.498673,0.354507,1.002085,0.416610,-0.181427,-0.219911,0.504818,0.454400,-0.046000,-44.288002,-5.164000,NaN,2.261267,true,Self-supervised model,0.172720,5.591000,159.552038,28.537299,0.000000,0.000000,1.228137,1.985044,false,false
2026-04-17T14:33:11.417438,0.918371,-0.100192,-3.606439,296.634,NW,1,0.923820,1,0.923820,1.168425,1.758676,0.841496,-0.035913,9.923966,3.246537,0.532255,0.626377,0.180199,0.841496,0.376904,-0.119730,-0.239459,0.462312,0.395464,-0.046000,-44.288002,-5.164000,NaN,2.264040,true,Self-supervised model,0.167779,5.599000,159.592461,28.503744,0.000000,0.000000,1.388510,1.820190,false,false
2026-04-17T14:33:11.424729,0.918371,-0.100192,-3.605171,296.561,NW,1,0.923820,1,0.923820,1.111405,1.754786,0.812047,-0.304064,10.062830,3.148375,0.268922,0.759698,0.099804,0.812047,0.320093,-0.078191,-0.232129,0.403060,0.329505,-0.046000,-44.288002,-5.164000,NaN,2.267556,true,Self-supervised model,0.167654,5.606000,159.665095,28.481109,0.000000,0.000000,1.368645,2.014706,false,false
2026-04-17T14:33:11.432958,0.918371,-0.100192,-3.603376,296.458,NW,1,0.923820,1,0.923820,1.073559,1.749536,0.874868,-0.426168,10.160992,3.153164,0.152131,0.853133,0.120059,0.874868,0.269392,-0.064141,-0.199753,0.341449,0.276922,-0.046000,-44.288002,-5.164000,NaN,2.271459,true,Self-supervised model,0.171564,5.614000,159.767921,28.458839,0.000000,0.000000,1.227109,2.562225,false,false
2026-04-17T14:33:11.441286,0.918371,-0.100192,-3.601211,296.334,NW,1,0.923820,1,0.923820,1.077341,1.744649,1.097199,-0.521936,10.398018,3.162740,0.061256,1.086110,0.143030,1.097199,0.222355,-0.070860,-0.167377,0.287190,0.233373,-0.046000,-44.288002,-5.164000,NaN,2.275106,true,Self-supervised model,0.180449,5.623000,159.891980,28.435351,0.000000,0.000000,0.981902,3.820465,false,false
2026-04-17T14:33:11.449428,0.918371,-0.100192,-3.598815,296.197,NW,1,0.923820,1,0.923820,1.125267,1.741873,1.376880,-0.529119,10.678140,3.196259,0.057566,1.362788,0.187864,1.376880,0.171653,-0.084299,-0.112399,0.221821,0.191236,-0.046000,-44.288002,-5.164000,NaN,2.278426,true,Self-supervised model,0.190165,5.631000,160.029263,28.419333,0.000000,0.000000,0.817259,6.207153,false,false
2026-04-17T14:33:11.457081,0.918371,-0.100192,-3.596351,296.056,NW,1,0.923820,1,0.923820,1.212498,1.742698,1.670461,-0.440533,10.958261,3.280056,0.147631,1.640064,0.280777,1.670461,0.124617,-0.117897,-0.059865,0.181694,0.171549,-0.046000,-44.288002,-5.164000,NaN,2.281162,true,Self-supervised model,0.198793,5.639000,160.170448,28.404052,0.000000,0.000000,0.725846,9.193809,false,false
2026-04-17T14:33:11.465650,0.918371,-0.100192,-3.593970,295.919,NW,1,0.923820,1,0.923820,1.318344,1.747724,1.874033,-0.148441,11.111490,3.325546,0.439426,1.791069,0.333131,1.874033,0.087354,-0.158214,-0.029932,0.183189,0.180727,-0.046000,-44.288002,-5.164000,NaN,2.283211,true,Self-supervised model,0.203437,5.647000,160.306878,28.387972,0.000000,0.000000,0.703480,10.230035,false,false
2026-04-17T14:33:11.473160,0.918371,-0.100192,-3.591758,295.793,NW,1,0.923820,1,0.923820,1.434108,1.757180,2.041870,0.112527,11.219229,3.275268,0.698032,1.897210,0.287366,2.041870,0.062308,-0.196088,-0.028100,0.207659,0.205749,-0.046000,-44.288002,-5.164000,NaN,2.284747,true,Self-supervised model,0.204746,5.655000,160.433614,28.370224,0.000000,0.000000,0.702350,9.832798,false,false
2026-04-17T14:33:11.481101,0.918371,-0.100192,-3.589781,295.679,NW,1,0.923820,1,0.923820,1.550201,1.770900,2.159686,0.349553,11.262324,3.165135,0.932893,1.939549,0.179172,2.159686,0.027489,-0.233961,-0.051924,0.241225,0.235571,-0.046000,-44.288002,-5.164000,NaN,2.285785,true,Self-supervised model,0.205118,5.663000,160.546907,28.350151,0.000000,0.000000,0.717790,8.952985,false,false
2026-04-17T14:33:11.489176,0.918371,-0.100192,-3.587950,295.574,NW,1,0.923820,1,0.923820,1.645694,1.787892,2.147034,0.466869,11.195287,3.004723,1.049959,1.872703,0.018112,2.147034,-0.007941,-0.272446,-0.097738,0.289556,0.272562,-0.046000,-44.288002,-5.164000,NaN,2.287030,true,Self-supervised model,0.202896,5.671000,160.651799,28.328654,0.000000,0.000000,0.766496,7.414921,false,false
2026-04-17T14:33:11.498728,0.918371,-0.100192,-3.586080,295.467,NW,1,0.923820,1,0.923820,1.711855,1.806851,2.059200,0.565032,11.022904,2.846706,1.150304,1.701851,-0.144248,2.059200,-0.065363,-0.328645,-0.145386,0.365263,0.335082,-0.046000,-44.288002,-5.164000,NaN,2.289056,true,Self-supervised model,0.198543,5.680000,160.758936,28.302630,0.000000,0.000000,0.831321,5.637578,false,false
2026-04-17T14:33:11.505705,0.918371,-0.100192,-3.583984,295.347,NW,1,0.923820,1,0.923820,1.732386,1.825872,1.840171,0.543484,10.745177,2.746149,1.133179,1.427419,-0.254186,1.840171,-0.127671,-0.391565,-0.193033,0.454846,0.411853,-0.046000,-44.288002,-5.164000,NaN,2.292055,true,Self-supervised model,0.190355,5.687000,160.879012,28.288907,0.000000,0.000000,0.941426,4.045705,false,false
2026-04-17T14:33:11.515276,0.918371,-0.100192,-3.581514,295.206,NW,1,0.923820,1,0.923820,1.704649,1.843023,1.559035,0.459687,10.450690,2.861071,1.053913,1.138332,-0.155102,1.559035,-0.216246,-0.489914,-0.211970,0.575942,0.535517,-0.046000,-44.288002,-5.164000,NaN,2.296021,true,Self-supervised model,0.182131,5.697000,161.020521,28.264090,0.000000,0.000000,1.093401,2.706929,false,false
2026-04-17T14:33:11.521503,0.918371,-0.100192,-3.578681,295.043,NW,1,0.923820,1,0.923820,1.642068,1.856985,1.313516,0.330400,10.232818,3.117251,0.926373,0.927893,0.078566,1.313516,-0.297491,-0.596204,-0.193033,0.693702,0.666304,-0.199000,-44.687000,-3.907000,NaN,2.300310,true,Self-supervised model,0.172137,5.703000,161.182873,28.262822,0.000000,0.000000,1.250131,1.893487,false,false
2026-04-17T14:33:11.529967,0.918371,-0.100192,-3.575661,294.870,NW,1,0.923820,1,0.923820,1.584051,1.868068,1.279459,0.248997,10.053253,3.663129,0.841286,0.757272,0.596483,1.279459,-0.351248,-0.696997,-0.147829,0.794376,0.780500,-0.199000,-44.687000,-3.907000,NaN,2.304075,true,Self-supervised model,0.170517,5.711000,161.355894,28.253527,0.000000,0.000000,1.238063,1.610646,false,false
2026-04-17T14:33:11.538882,0.918371,-0.100192,-3.572738,294.703,NW,1,0.923820,1,0.923820,1.601889,1.879420,1.695541,0.296881,9.952697,4.386178,0.877820,0.666275,1.288553,1.695541,-0.370795,-0.818559,-0.075747,0.901813,0.898626,-0.199000,-44.687000,-3.907000,NaN,2.306613,true,Self-supervised model,0.178371,5.720000,161.523399,28.238357,0.000000,0.000000,0.944766,1.880148,false,false
2026-04-17T14:33:11.546772,0.918371,-0.100192,-3.570231,294.559,NW,1,0.923820,1,0.923820,1.690845,1.893877,2.157863,0.512359,9.785102,4.929661,1.072878,0.507442,1.802167,2.157863,-0.329256,-0.906524,0.010385,0.964522,0.964466,-0.199000,-44.687000,-3.907000,NaN,2.307452,true,Self-supervised model,0.185133,5.728000,161.667015,28.223990,0.000000,0.000000,0.783574,2.237234,false,false
2026-04-17T14:33:11.553976,0.918371,-0.100192,-3.568440,294.457,NW,1,0.923820,1,0.923820,1.830861,1.913357,2.565944,0.797269,9.610326,5.319916,1.330095,0.339335,2.167894,2.565944,-0.237627,-0.934013,0.089186,0.967885,0.963767,-0.199000,-44.687000,-3.907000,NaN,2.306379,true,Self-supervised model,0.191683,5.735000,161.769616,28.207431,0.000000,0.000000,0.713523,2.651084,false,false
2026-04-17T14:33:11.561214,0.918371,-0.100192,-3.567529,294.404,NW,1,0.923820,1,0.923820,2.032746,1.940132,3.092642,1.312023,9.311050,5.674258,1.812129,0.043863,2.505734,3.092642,-0.125838,-0.930348,0.141110,0.949365,0.938820,-0.199000,-44.687000,-3.907000,NaN,2.303775,true,Self-supervised model,0.199900,5.743000,161.821849,28.177233,0.000000,0.000000,0.657284,3.257590,false,false
2026-04-17T14:33:11.569372,0.918371,-0.100192,-3.567528,294.404,NW,1,0.923820,1,0.923820,2.247756,1.974437,3.376559,1.719037,9.093178,5.743690,2.183870,-0.173860,2.569364,3.376559,0.025656,-0.885755,0.174097,0.903066,0.886126,-0.199000,-44.687000,-3.907000,NaN,2.300129,true,Self-supervised model,0.205985,5.751000,161.821861,28.138039,0.000000,0.000000,0.665694,3.738992,false,false
2026-04-17T14:33:11.577067,0.918371,-0.100192,-3.568351,294.451,NW,1,0.923820,1,0.923820,2.434052,2.014822,3.412109,2.025495,8.793902,5.487510,2.455750,-0.477254,2.320346,3.412109,0.197309,-0.792292,0.184481,0.837073,0.816491,-0.199000,-44.687000,-3.907000,NaN,2.296014,true,Self-supervised model,0.207345,5.759000,161.774716,28.090765,0.000000,0.000000,0.713357,4.076238,false,false
2026-04-17T14:33:11.584700,0.918371,-0.100192,-3.569804,294.535,NW,1,0.923820,1,0.923820,2.566777,2.058900,3.263581,2.185906,8.561666,5.008670,2.583808,-0.717303,1.860209,3.263581,0.349415,-0.675617,0.169210,0.779218,0.760624,-0.199000,-44.687000,-3.907000,NaN,2.292043,true,Self-supervised model,0.206394,5.766000,161.691500,28.042230,0.000000,0.000000,0.786491,4.188277,false,false
2026-04-17T14:33:11.593039,0.918371,-0.100192,-3.571703,294.644,NW,1,0.923820,1,0.923820,2.632427,2.103841,2.977088,2.224213,8.379706,4.268862,2.592462,-0.909406,1.146811,2.977088,0.441656,-0.588263,0.144775,0.749715,0.735604,-0.199000,-44.687000,-3.907000,NaN,2.288356,true,Self-supervised model,0.203059,5.774000,161.582667,27.984528,0.000000,0.000000,0.884229,3.970958,false,false
2026-04-17T14:33:11.600956,0.918371,-0.100192,-3.573910,294.770,NW,1,0.923820,1,0.923820,2.629291,2.146859,2.612829,2.075773,8.408437,3.531447,2.416356,-0.891712,0.439259,2.612829,0.475864,-0.527788,0.111788,0.719377,0.710638,-0.199000,-44.687000,-3.907000,NaN,2.284919,true,Self-supervised model,0.197302,5.782000,161.456218,27.923939,0.000000,0.000000,1.006300,3.632074,false,false
2026-04-17T14:33:11.609508,0.918371,-0.100192,-3.576345,294.909,NW,1,0.923820,1,0.923820,2.583285,2.186316,2.341753,1.879448,8.501810,2.918532,2.192879,-0.808704,-0.145204,2.341753,0.445321,-0.533285,0.078191,0.699155,0.694769,-0.199000,-44.687000,-3.907000,NaN,2.281573,true,Self-supervised model,0.192957,5.791000,161.316722,27.856453,0.000000,0.000000,1.103142,3.349405,false,false
2026-04-17T14:33:11.616895,0.918371,-0.100192,-3.578984,295.061,NW,1,0.923820,1,0.923820,2.523691,2.221811,2.210821,1.759738,8.568848,2.504335,2.005848,-0.744579,-0.556692,2.210821,0.363465,-0.578489,0.045815,0.684730,0.683196,-0.199000,-44.687000,-3.907000,NaN,2.278115,true,Self-supervised model,0.189902,5.798000,161.165491,27.796739,0.000000,0.000000,1.141517,3.228747,false,false
2026-04-17T14:33:11.625028,0.918371,-0.100192,-3.584384,295.370,NW,1,0.923820,1,0.923820,2.453043,2.253060,2.082139,1.608904,8.609550,2.243367,1.779185,-0.704618,-0.820560,2.082139,0.274278,-0.642019,0.020159,0.698444,0.698153,-0.199000,-44.687000,-3.907000,NaN,2.261674,true,Self-supervised model,0.184253,5.806000,160.856113,27.705152,0.000000,0.000000,1.178136,2.981111,false,false
2026-04-17T14:33:11.632969,0.918371,-0.100192,-3.592466,295.833,NW,1,0.923820,1,0.923820,2.385171,2.280345,2.028842,1.508347,8.585608,2.126051,1.648916,-0.732340,-0.927877,2.028842,0.159436,-0.726319,-0.003665,0.743621,0.743612,-0.199000,-44.687000,-3.907000,NaN,2.242864,true,Self-supervised model,0.178012,5.814000,160.393064,27.587386,0.000000,0.000000,1.175631,2.728329,false,false
2026-04-17T14:33:11.642232,0.918371,-0.100192,-3.599678,296.246,NW,1,0.923820,1,0.923820,2.318116,2.303856,1.966080,1.412579,8.477868,2.138022,1.524613,-0.841556,-0.912584,1.966080,0.047037,-0.820392,-0.025045,0.822121,0.821739,-0.199000,-44.687000,-3.907000,NaN,2.239130,true,Self-supervised model,0.178676,5.824000,159.979840,27.469066,0.000000,0.000000,1.179055,2.391473,false,false
2026-04-17T14:33:11.649071,0.918371,-0.100192,-3.606006,296.609,NW,1,0.923820,1,0.923820,2.244404,2.323478,1.857416,1.321599,8.362947,2.305616,1.405899,-0.955626,-0.748479,1.857416,-0.053756,-0.900415,-0.035430,0.902714,0.902019,-0.199000,-44.687000,-3.907000,NaN,2.236336,true,Self-supervised model,0.173103,5.831000,159.617236,27.373904,0.000000,0.000000,1.208347,2.057591,false,false
2026-04-17T14:33:11.656964,0.918371,-0.100192,-3.611471,296.922,NW,1,0.923820,1,0.923820,2.170721,2.339367,1.783888,1.261744,8.209718,2.592921,1.318241,-1.106182,-0.469954,1.783888,-0.118508,-0.957226,-0.033598,0.965119,0.964534,-0.199000,-44.687000,-3.907000,NaN,2.234327,true,Self-supervised model,0.173190,5.838000,159.304137,27.287451,0.000000,0.000000,1.216849,1.848361,false,false
2026-04-17T14:33:11.666337,0.918371,-0.100192,-3.616138,297.189,NW,1,0.923820,1,0.923820,2.097559,2.351695,1.713454,1.192312,8.116343,2.947262,1.220562,-1.195790,-0.127434,1.713454,-0.147829,-0.988991,-0.012828,1.000060,0.999978,-0.199000,-44.687000,-3.907000,NaN,2.232849,true,Self-supervised model,0.173733,5.848000,159.036717,27.195061,0.000000,0.000000,1.224170,1.713350,false,false
2026-04-17T14:33:11.673496,0.918371,-0.100192,-3.620134,297.418,NW,1,0.923820,1,0.923820,2.032761,2.360938,1.692575,1.146823,8.046912,3.172317,1.126655,-1.260387,0.082957,1.692575,-0.127671,-0.979828,0.001833,0.988112,0.988111,-0.199000,-44.687000,-3.907000,NaN,2.231541,true,Self-supervised model,0.173283,5.855000,158.807790,27.123448,0.000000,0.000000,1.200988,1.712938,false,false
2026-04-17T14:33:11.682845,0.918371,-0.100192,-3.624816,297.687,NW,1,0.923820,1,0.923820,1.969221,2.367269,1.635634,1.058237,8.008605,3.203442,0.993999,-1.294848,0.103114,1.635634,-0.081856,-0.950506,0.023213,0.954307,0.954024,-0.017000,-45.134003,-2.192000,NaN,2.224114,true,Self-supervised model,0.173348,5.864000,158.539544,27.036075,0.000000,0.000000,1.203950,1.713950,false,false
2026-04-17T14:33:11.688822,0.918371,-0.100192,-3.629800,297.972,NW,1,0.923820,1,0.923820,1.896049,2.370420,1.511898,0.962469,8.063671,2.971204,0.857997,-1.237548,-0.134725,1.511898,-0.026878,-0.897361,0.051924,0.899264,0.897763,-0.017000,-45.134003,-2.192000,NaN,2.217921,true,Self-supervised model,0.167823,5.870000,158.253984,26.959793,0.000000,0.000000,1.254086,1.681262,false,false
2026-04-17T14:33:11.697329,0.918371,-0.100192,-3.634868,298.263,NW,1,0.923820,1,0.923820,1.827450,2.370701,1.467305,0.916979,8.145074,2.640805,0.775220,-1.155340,-0.466055,1.467305,0.011606,-0.838107,0.086132,0.842601,0.838187,-0.017000,-45.134003,-2.192000,NaN,2.212517,true,Self-supervised model,0.171208,5.879000,157.963614,26.869130,0.000000,0.000000,1.245447,1.741399,false,false
2026-04-17T14:33:11.705321,0.918371,-0.100192,-3.639924,298.552,NW,1,0.923820,1,0.923820,1.778882,2.369029,1.523897,1.034295,8.283937,2.360683,0.857097,-1.016332,-0.744794,1.523897,0.015882,-0.814283,0.109345,0.821746,0.814438,-0.017000,-45.134003,-2.192000,NaN,2.207505,true,Self-supervised model,0.172528,5.887000,157.673876,26.783400,0.000000,0.000000,1.167324,1.854463,false,false
2026-04-17T14:33:11.714444,0.918371,-0.100192,-3.644938,298.840,NW,1,0.923820,1,0.923820,1.756403,2.366524,1.638387,1.218649,8.501810,2.087744,1.007218,-0.798269,-1.016164,1.638387,-0.010385,-0.811229,0.094684,0.816802,0.811296,-0.017000,-45.134003,-2.192000,NaN,2.202665,true,Self-supervised model,0.176818,5.896000,157.386622,26.693796,0.000000,0.000000,1.072032,2.005856,false,false
2026-04-17T14:33:11.720534,0.918371,-0.100192,-3.649864,299.122,NW,1,0.923820,1,0.923820,1.741306,2.363515,1.662049,1.268927,8.726865,1.927332,1.025165,-0.572515,-1.176295,1.662049,-0.036652,-0.816727,0.068417,0.820407,0.817549,-0.017000,-45.134003,-2.192000,NaN,2.198090,true,Self-supervised model,0.175230,5.902000,157.104392,26.618840,0.000000,0.000000,1.047686,2.025885,false,false
2026-04-17T14:33:11.730347,0.918371,-0.100192,-3.654577,299.392,NW,1,0.923820,1,0.923820,1.718516,2.359715,1.598866,1.201889,8.923190,1.857901,0.928213,-0.375052,-1.246647,1.598866,-0.068417,-0.826501,0.011606,0.829409,0.829328,-0.017000,-45.134003,-2.192000,NaN,2.194226,true,Self-supervised model,0.176594,5.912000,156.834330,26.528134,0.000000,0.000000,1.074834,1.927718,false,false
2026-04-17T14:33:11.738183,0.918371,-0.100192,-3.658922,299.641,NW,1,0.923820,1,0.923820,1.687007,2.354807,1.521586,1.089362,9.023746,1.833959,0.788827,-0.273145,-1.272151,1.521586,-0.094073,-0.830166,-0.047647,0.836837,0.835479,-0.017000,-45.134003,-2.192000,NaN,2.191356,true,Self-supervised model,0.174330,5.920000,156.585400,26.450236,0.000000,0.000000,1.108716,1.818260,false,false
2026-04-17T14:33:11.748126,0.918371,-0.100192,-3.662743,299.860,NW,1,0.923820,1,0.923820,1.644103,2.348378,1.418856,0.945710,9.052477,1.855506,0.621596,-0.243134,-1.252062,1.418856,-0.113010,-0.836275,-0.096517,0.849377,0.843876,-0.017000,-45.134003,-2.192000,NaN,2.189631,true,Self-supervised model,0.173892,5.930000,156.366484,26.368716,0.000000,0.000000,1.158752,1.670467,false,false
2026-04-17T14:33:11.753151,0.918371,-0.100192,-3.665906,300.041,NW,1,0.923820,1,0.923820,1.589831,2.340037,1.304907,0.699107,9.105149,1.867477,0.354655,-0.189277,-1.241442,1.304907,-0.135001,-0.863763,-0.149662,0.886967,0.874250,-0.017000,-45.134003,-2.192000,NaN,2.189098,true,Self-supervised model,0.169342,5.935000,156.185250,26.315965,0.000000,0.000000,1.218348,1.471201,false,false
2026-04-17T14:33:11.762122,0.918371,-0.100192,-3.668280,300.177,NW,1,0.923820,1,0.923820,1.546330,2.330288,1.317950,0.507571,9.057265,1.821988,0.145961,-0.236018,-1.288403,1.317950,-0.156992,-0.872316,-0.184481,0.905326,0.886330,-0.017000,-45.134003,-2.192000,NaN,2.189879,true,Self-supervised model,0.172722,5.944000,156.049205,26.253231,0.000000,0.000000,1.173285,1.455775,false,false
2026-04-17T14:33:11.769133,0.918371,-0.100192,-3.669786,300.263,NW,1,0.923820,1,0.923820,1.496898,2.318953,1.237379,0.378284,9.028535,1.903390,0.002152,-0.263504,-1.208994,1.237379,-0.181427,-0.872316,-0.207083,0.914732,0.890983,-0.017000,-45.134003,-2.192000,NaN,2.191849,true,Self-supervised model,0.171725,5.951000,155.962947,26.207855,0.000000,0.000000,1.209733,1.352723,false,false
2026-04-17T14:33:11.777360,0.918371,-0.100192,-3.670413,300.299,NW,1,0.923820,1,0.923820,1.448485,2.306134,1.194319,0.301669,8.944737,1.975216,-0.086695,-0.345903,-1.139839,1.194319,-0.196699,-0.863763,-0.215635,0.911744,0.885877,-0.017000,-45.134003,-2.192000,NaN,2.194736,true,Self-supervised model,0.172296,5.959000,155.927023,26.166643,0.000000,0.000000,1.212813,1.309929,false,false
2026-04-17T14:33:11.784977,0.918371,-0.100192,-3.670192,300.287,NW,1,0.923820,1,0.923820,1.400756,2.291919,1.150174,0.227449,8.927979,2.039860,-0.170909,-0.361111,-1.078559,1.150174,-0.211970,-0.842994,-0.224188,0.897681,0.869235,-0.017000,-45.134003,-2.192000,NaN,2.198348,true,Self-supervised model,0.172203,5.966000,155.939673,26.138061,0.000000,0.000000,1.217864,1.281273,false,false
2026-04-17T14:33:11.793100,0.918371,-0.100192,-3.669171,300.228,NW,1,0.923820,1,0.923820,1.343018,2.275963,1.039893,0.246603,8.968679,2.145205,-0.160221,-0.318854,-0.976749,1.039893,-0.218079,-0.813062,-0.222966,0.870828,0.841800,-0.017000,-45.134003,-2.192000,NaN,2.202571,true,Self-supervised model,0.169160,5.975000,155.998185,26.108483,0.000000,0.000000,1.291496,1.194143,false,false
2026-04-17T14:33:11.801246,0.918371,-0.100192,-3.667454,300.130,NW,1,0.923820,1,0.923820,1.286670,2.258391,0.990847,0.328006,9.014170,2.176329,-0.085668,-0.271947,-0.948938,0.990847,-0.223577,-0.780686,-0.231518,0.844427,0.812069,-0.017000,-45.134003,-2.192000,NaN,2.207070,true,Self-supervised model,0.167974,5.983000,156.096550,26.090013,0.000000,0.000000,1.298556,1.173395,false,false
2026-04-17T14:33:11.808955,0.918371,-0.100192,-3.665131,299.997,NW,1,0.923820,1,0.923820,1.229895,2.239251,0.931823,0.392649,9.160215,2.205060,-0.025501,-0.124733,-0.923084,0.931823,-0.235183,-0.744034,-0.251066,0.819714,0.780319,-0.017000,-45.134003,-2.192000,NaN,2.211819,true,Self-supervised model,0.166193,5.990000,156.229661,26.081746,0.000000,0.000000,1.319881,1.136765,false,false
2026-04-17T14:33:11.817164,0.918371,-0.100192,-3.662223,299.830,NW,1,0.923820,1,0.923820,1.175879,2.218716,0.892298,0.390255,9.294291,2.238579,-0.029476,0.010151,-0.891753,0.892298,-0.247400,-0.700662,-0.276722,0.792912,0.743058,-0.017000,-45.134003,-2.192000,NaN,2.217067,true,Self-supervised model,0.165769,5.999000,156.396286,26.070393,0.000000,0.000000,1.317810,1.125342,false,false
2026-04-17T14:33:11.825535,0.918371,-0.100192,-3.658733,299.630,NW,1,0.923820,1,0.923820,1.112536,2.196469,0.779986,0.390255,9.354146,2.355895,-0.028003,0.070563,-0.776283,0.779986,-0.265726,-0.654848,-0.302989,0.768920,0.706708,-0.017000,-45.134003,-2.192000,NaN,2.222881,true,Self-supervised model,0.162360,6.007000,156.596216,26.068956,0.000000,0.000000,1.426354,1.014392,false,false
2026-04-17T14:33:11.833763,0.918371,-0.100192,-3.654653,299.396,NW,1,0.923820,1,0.923820,1.027229,2.171700,0.579366,0.404620,9.337387,2.557007,-0.009038,0.054133,-0.576761,0.579366,-0.271224,-0.635911,-0.337808,0.769454,0.691336,-0.017000,-45.134003,-2.192000,NaN,2.229326,true,Self-supervised model,0.154730,6.015000,156.830008,26.073152,0.000000,0.000000,1.773022,0.752957,false,false
2026-04-17T14:33:11.842961,0.918371,-0.100192,-3.649947,299.127,NW,1,0.923820,1,0.923820,0.922416,2.143728,0.372149,0.351948,9.308656,2.767697,-0.054320,0.025486,-0.367280,0.372149,-0.262672,-0.642630,-0.368963,0.786196,0.694241,-2.142000,-44.964001,-4.035000,NaN,2.236531,true,Self-supervised model,0.147291,6.024000,157.099611,26.078953,0.000000,0.000000,2.478620,0.473354,false,false
2026-04-17T14:33:11.849472,0.918371,-0.100192,-3.644566,298.818,NW,1,0.923820,1,0.923820,0.818266,2.112710,0.271475,0.251391,9.246407,2.908955,-0.145089,-0.037046,-0.226440,0.271475,-0.238848,-0.653626,-0.395230,0.800301,0.695899,-2.142000,-44.964001,-4.035000,NaN,2.244617,true,Self-supervised model,0.143390,6.031000,157.407948,26.099809,0.000000,0.000000,3.014150,0.339216,false,false
2026-04-17T14:33:11.856963,0.918371,-0.100192,-3.638478,298.469,NW,1,0.923820,1,0.923820,0.724750,2.079191,0.233793,0.181959,9.188946,3.069367,-0.203227,-0.095103,-0.065675,0.233793,-0.205251,-0.669508,-0.405004,0.808948,0.700264,-2.142000,-44.964001,-4.035000,NaN,2.253532,true,Self-supervised model,0.142792,6.038000,157.756776,26.127323,0.000000,0.000000,3.099971,0.289008,false,false
2026-04-17T14:33:11.866137,0.918371,-0.100192,-3.631713,298.082,NW,1,0.923820,1,0.923820,0.654347,2.044198,0.284732,0.165200,9.145850,3.268085,-0.208979,-0.139092,0.134362,0.284732,-0.150884,-0.707993,-0.389732,0.822138,0.723892,-2.142000,-44.964001,-4.035000,NaN,2.263000,true,Self-supervised model,0.143639,6.048000,158.144340,26.148204,0.000000,0.000000,2.298118,0.346331,false,false
2026-04-17T14:33:11.873094,0.918371,-0.100192,-3.624391,297.662,NW,1,0.923820,1,0.923820,0.607613,2.008734,0.362259,0.227449,9.114726,3.418920,-0.137543,-0.171503,0.287924,0.362259,-0.108734,-0.731206,-0.370184,0.826753,0.739246,-2.142000,-44.964001,-4.035000,NaN,2.272552,true,Self-supervised model,0.145802,6.055000,158.563849,26.187258,0.000000,0.000000,1.677290,0.438170,false,false
2026-04-17T14:33:11.880832,0.918371,-0.100192,-3.616712,297.222,NW,1,0.923820,1,0.923820,0.576073,1.973428,0.410489,0.268151,9.229648,3.524265,-0.090117,-0.057856,0.396274,0.410489,-0.045204,-0.756251,-0.337198,0.829254,0.757601,-2.142000,-44.964001,-4.035000,NaN,2.281664,true,Self-supervised model,0.150730,6.062000,159.003868,26.229605,0.000000,0.000000,1.403383,0.495010,false,false
2026-04-17T14:33:11.889239,0.918371,-0.100192,-3.608870,296.773,NW,1,0.923820,1,0.923820,0.545302,1.938303,0.383754,0.337582,9.433155,3.478775,-0.016112,0.143932,0.355375,0.383754,0.010385,-0.755640,-0.309709,0.816713,0.755712,-2.142000,-44.964001,-4.035000,NaN,2.290155,true,Self-supervised model,0.150990,6.071000,159.453177,26.264730,0.000000,0.000000,1.420967,0.469876,false,false
2026-04-17T14:33:11.897782,0.918371,-0.100192,-3.601041,296.324,NW,1,0.923820,1,0.923820,0.530727,1.904000,0.454207,0.402226,9.624691,3.421314,0.051434,0.333188,0.304375,0.454207,0.047647,-0.751364,-0.291994,0.807514,0.752873,-2.142000,-44.964001,-4.035000,NaN,2.297929,true,Self-supervised model,0.156315,6.079000,159.901710,26.303950,0.000000,0.000000,1.168469,0.562476,false,false
2026-04-17T14:33:11.905352,0.918371,-0.100192,-3.593357,295.884,NW,1,0.923820,1,0.923820,0.537631,1.871345,0.573876,0.421380,9.809045,3.351882,0.073001,0.514784,0.242902,0.573876,0.071471,-0.740980,-0.286496,0.797646,0.744418,-2.142000,-44.964001,-4.035000,NaN,2.305039,true,Self-supervised model,0.161774,6.087000,160.342012,26.341714,0.000000,0.000000,0.936842,0.719462,false,false
2026-04-17T14:33:11.913782,0.918371,-0.100192,-3.585848,295.454,NW,1,0.923820,1,0.923820,0.569101,1.841255,0.734319,0.440533,9.981427,3.349488,0.095233,0.684202,0.249042,0.734319,0.083078,-0.725708,-0.294437,0.787558,0.730448,-2.142000,-44.964001,-4.035000,NaN,2.311846,true,Self-supervised model,0.168603,6.095000,160.772252,26.377728,0.000000,0.000000,0.775005,0.932400,false,false
2026-04-17T14:33:11.920374,0.918371,-0.100192,-3.578460,295.031,NW,1,0.923820,1,0.923820,0.617127,1.814290,0.869267,0.426168,10.113108,3.387795,0.085556,0.812853,0.295930,0.869267,0.086132,-0.695776,-0.309709,0.766447,0.701086,-2.142000,-44.964001,-4.035000,NaN,2.318745,true,Self-supervised model,0.169731,6.102000,161.195510,26.416832,0.000000,0.000000,0.709940,1.134150,false,false
2026-04-17T14:33:11.929851,0.918371,-0.100192,-3.571098,294.609,NW,1,0.923820,1,0.923820,0.673311,1.790651,0.968277,0.481235,10.165780,3.497929,0.147441,0.862291,0.415061,0.968277,0.098349,-0.666454,-0.326202,0.748493,0.673672,-2.142000,-44.964001,-4.035000,NaN,2.326007,true,Self-supervised model,0.174725,6.111000,161.617330,26.446953,0.000000,0.000000,0.695370,1.293636,false,false
2026-04-17T14:33:11.937210,0.918371,-0.100192,-3.563672,294.183,NW,1,0.923820,1,0.923820,0.734050,1.770387,1.052929,0.481235,10.194510,3.617639,0.156716,0.887474,0.544509,1.052929,0.117286,-0.629802,-0.350637,0.730310,0.640630,-2.142000,-44.964001,-4.035000,NaN,2.333689,true,Self-supervised model,0.174230,6.119000,162.042811,26.481911,0.000000,0.000000,0.697150,1.441757,false,false
2026-04-17T14:33:11.946994,0.918371,-0.100192,-3.556088,293.749,NW,1,0.923820,1,0.923820,0.801020,1.753612,1.152615,0.426168,10.201694,3.785233,0.113255,0.890792,0.722623,1.152615,0.134390,-0.602924,-0.372017,0.721093,0.617720,-2.142000,-44.964001,-4.035000,NaN,2.341904,true,Self-supervised model,0.177441,6.128000,162.477334,26.513925,0.000000,0.000000,0.694959,1.598428,false,false
2026-04-17T14:33:11.952918,0.918371,-0.100192,-3.548273,293.301,NW,1,0.923820,1,0.923820,0.875329,1.740481,1.265449,0.363919,10.244789,3.907337,0.064153,0.929733,0.856062,1.265449,0.158825,-0.571770,-0.381180,0.705297,0.593419,-2.142000,-44.964001,-4.035000,NaN,2.350644,true,Self-supervised model,0.173541,6.134000,162.925111,26.560990,0.000000,0.000000,0.691714,1.794207,false,false
2026-04-17T14:33:11.961336,0.918371,-0.100192,-3.540214,292.839,NW,1,0.923820,1,0.923820,0.957028,1.731143,1.385950,0.308852,10.273520,4.043807,0.022893,0.953888,1.005202,1.385950,0.191812,-0.536951,-0.372017,0.680811,0.570182,-2.142000,-44.964001,-4.035000,NaN,2.359679,true,Self-supervised model,0.179756,6.143000,163.386856,26.597242,0.000000,0.000000,0.690522,2.035732,false,false
2026-04-17T14:33:11.969198,0.918371,-0.100192,-3.531973,292.367,W,1,0.923820,1,0.923820,1.026531,1.724958,1.391418,0.323217,10.237606,4.072537,0.051640,0.912636,1.049034,1.391418,0.241292,-0.484416,-0.367130,0.653961,0.541185,-2.142000,-44.964001,-4.035000,NaN,2.368648,true,Self-supervised model,0.178296,6.151000,163.859036,26.639414,0.000000,0.000000,0.737759,2.127677,false,false
2026-04-17T14:33:11.977460,0.918371,-0.100192,-3.523633,291.889,W,1,0.923820,1,0.923820,1.063523,1.720501,1.257730,0.332794,10.213664,3.897760,0.077169,0.882127,0.893186,1.257730,0.293826,-0.420275,-0.368963,0.631742,0.512801,-2.142000,-44.964001,-4.035000,NaN,2.377383,true,Self-supervised model,0.176511,6.159000,164.336869,26.682395,0.000000,0.000000,0.845589,1.990890,false,false
2026-04-17T14:33:11.985123,0.918371,-0.100192,-3.515218,291.407,W,1,0.923820,1,0.923820,1.063259,1.716211,1.061876,0.359130,10.192117,3.603274,0.121376,0.853106,0.620532,1.061876,0.323148,-0.362854,-0.378126,0.615684,0.485888,-2.142000,-44.964001,-4.035000,NaN,2.386100,true,Self-supervised model,0.170518,6.167000,164.819032,26.725966,0.000000,0.000000,1.001302,1.724711,false,false
2026-04-17T14:33:11.993450,0.918371,-0.100192,-3.506715,290.920,W,1,0.923820,1,0.923820,1.031810,1.710835,0.866699,0.330400,10.165780,3.220201,0.112291,0.819199,0.259754,0.866699,0.312152,-0.336587,-0.387289,0.600601,0.459053,-2.142000,-44.964001,-4.035000,NaN,2.394952,true,Self-supervised model,0.166049,6.175000,165.306195,26.770234,0.000000,0.000000,1.190505,1.443053,false,false
2026-04-17T14:33:12.002245,0.918371,-0.100192,-3.498072,290.425,W,1,0.923820,1,0.923820,1.009448,1.704780,0.892050,0.179565,10.240001,3.035848,-0.017549,0.886822,0.094833,0.892050,0.248622,-0.344528,-0.403171,0.585713,0.424868,-2.609000,-45.020000,-5.167000,NaN,2.404159,true,Self-supervised model,0.167421,6.184000,165.801431,26.811357,0.000000,0.000000,1.131604,1.523017,false,false
2026-04-17T14:33:12.011426,0.918371,-0.100192,-3.489197,289.916,W,1,0.923820,1,0.923820,1.037609,1.700093,1.185452,-0.165200,10.486604,3.052607,-0.340534,1.128477,0.125986,1.185452,0.163712,-0.373239,-0.409280,0.577597,0.407564,-2.609000,-45.020000,-5.167000,NaN,2.413958,true,Self-supervised model,0.176460,6.193000,166.309907,26.854498,0.000000,0.000000,0.875285,2.052385,false,false
2026-04-17T14:33:12.017091,0.918371,-0.100192,-3.480002,289.389,W,1,0.923820,1,0.923820,1.118859,1.698843,1.545424,-0.497994,10.735600,3.189077,-0.652650,1.374297,0.271461,1.545424,0.090408,-0.381180,-0.384845,0.549161,0.391755,-2.609000,-45.020000,-5.167000,NaN,2.424436,true,Self-supervised model,0.176964,6.199000,166.836763,26.913496,0.000000,0.000000,0.723982,2.814156,false,false
2026-04-17T14:33:12.025094,0.918371,-0.100192,-3.470567,288.849,W,1,0.923820,1,0.923820,1.254402,1.703066,1.966001,-0.816423,11.010934,3.404555,-0.952871,1.647610,0.492523,1.966001,0.056810,-0.371406,-0.346361,0.511014,0.375726,-2.609000,-45.020000,-5.167000,NaN,2.434829,true,Self-supervised model,0.188822,6.207000,167.377334,26.965899,0.000000,0.000000,0.638047,3.847253,false,false
2026-04-17T14:33:12.033319,0.918371,-0.100192,-3.461105,288.307,W,1,0.923820,1,0.923820,1.429198,1.714111,2.346879,-1.130063,11.281479,3.426103,-1.251290,1.916645,0.518254,2.346879,0.049480,-0.350637,-0.294437,0.460530,0.354111,-2.609000,-45.020000,-5.167000,NaN,2.444401,true,Self-supervised model,0.194592,6.215000,167.919478,27.018420,0.000000,0.000000,0.608978,5.096044,false,false
2026-04-17T14:33:12.041763,0.918371,-0.100192,-3.451852,287.777,W,1,0.923820,1,0.923820,1.609980,1.731946,2.559083,-1.256956,11.499351,3.265691,-1.366611,2.133183,0.361678,2.559083,0.042150,-0.314596,-0.232129,0.393231,0.317407,-2.609000,-45.020000,-5.167000,NaN,2.452817,true,Self-supervised model,0.199228,6.223000,168.449638,27.068880,0.000000,0.000000,0.629124,6.507834,false,false
2026-04-17T14:33:12.051345,0.918371,-0.100192,-3.443078,287.274,W,1,0.923820,1,0.923820,1.763353,1.755202,2.568559,-1.192312,11.585542,2.949656,-1.293665,2.218467,0.048267,2.568559,0.017104,-0.282831,-0.181427,0.336454,0.283347,-2.609000,-45.020000,-5.167000,NaN,2.459673,true,Self-supervised model,0.202843,6.233000,168.952330,27.106101,0.000000,0.000000,0.686514,7.634199,false,false
2026-04-17T14:33:12.057097,0.918371,-0.100192,-3.434975,286.810,W,1,0.923820,1,0.923820,1.857562,1.781297,2.352160,-0.962469,11.439496,2.559402,-1.057955,2.072637,-0.342881,2.352160,-0.037874,-0.276722,-0.156382,0.320101,0.279302,-2.609000,-45.020000,-5.167000,NaN,2.465095,true,Self-supervised model,0.194558,6.239000,169.416610,27.154449,0.000000,0.000000,0.789726,7.348182,false,false
2026-04-17T14:33:12.066704,0.918371,-0.100192,-3.427600,286.387,W,1,0.923820,1,0.923820,1.896158,1.807891,2.098791,-0.682347,11.188105,2.209848,-0.775461,1.822118,-0.695322,2.098791,-0.094684,-0.274889,-0.147219,0.325887,0.290739,-2.609000,-45.020000,-5.167000,NaN,2.469556,true,Self-supervised model,0.196557,6.248000,169.839157,27.182964,0.000000,0.000000,0.903453,6.440237,false,false
2026-04-17T14:33:12.073720,0.918371,-0.100192,-3.421292,286.026,W,1,0.923820,1,0.923820,1.892537,1.833277,1.873527,-0.567426,10.860099,2.015918,-0.653915,1.500834,-0.911041,1.873527,-0.290161,-0.315206,-0.155160,0.455657,0.428426,-2.609000,-45.020000,-5.167000,NaN,2.471597,true,Self-supervised model,0.187732,6.255000,170.200582,27.210325,0.000000,0.000000,1.010147,4.111706,false,false
2026-04-17T14:33:12.081247,0.918371,-0.100192,-3.414987,285.664,W,1,0.923820,1,0.923820,1.836716,1.855414,1.543651,-0.521936,10.457873,2.066196,-0.604838,1.107487,-0.889102,1.543651,-0.437990,-0.381791,-0.159436,0.602511,0.581033,-2.609000,-45.020000,-5.167000,NaN,2.477889,true,Self-supervised model,0.177845,6.263000,170.561829,27.233247,0.000000,0.000000,1.189851,2.562030,false,false
2026-04-17T14:33:12.088835,0.918371,-0.100192,-3.409038,285.324,W,1,0.923820,1,0.923820,1.701556,1.871260,0.991968,-0.514753,9.974244,2.525883,-0.597005,0.637063,-0.470889,0.991968,-0.612087,-0.518014,-0.154549,0.816624,0.801866,-2.609000,-45.020000,-5.167000,NaN,2.482414,true,Self-supervised model,0.161005,6.270000,170.902673,27.257205,0.000000,0.000000,1.715334,1.214719,false,false
2026-04-17T14:33:12.097046,0.918371,-0.100192,-3.403361,284.998,W,1,0.923820,1,0.923820,1.556273,1.880661,0.793538,-0.600945,9.591172,3.337517,-0.687730,0.270895,0.288698,0.793538,-0.748310,-0.715323,-0.140499,1.044699,1.035208,-2.609000,-45.020000,-5.167000,NaN,2.487003,true,Self-supervised model,0.153673,6.278000,171.227938,27.274281,0.000000,0.000000,1.961182,0.759586,false,false
2026-04-17T14:33:12.105845,0.918371,-0.100192,-3.397957,284.689,W,1,0.923820,1,0.923820,1.524361,1.888409,1.356822,-0.730232,9.433155,4.173094,-0.828643,0.132181,1.066229,1.356822,-0.802066,-0.902248,-0.101404,1.211464,1.207212,-2.609000,-45.020000,-5.167000,NaN,2.491319,true,Self-supervised model,0.167263,6.287000,171.537609,27.284493,0.000000,0.000000,1.123479,1.119986,false,false
2026-04-17T14:33:12.114517,0.918371,-0.100192,-3.392909,284.399,W,1,0.923820,1,0.923820,1.617715,1.899581,2.107821,-0.914585,9.318233,5.001487,-1.032123,0.036771,1.837466,2.107821,-0.759916,-1.001208,-0.047647,1.257840,1.256937,-2.609000,-45.020000,-5.167000,NaN,2.494940,true,Self-supervised model,0.179620,6.296000,171.826838,27.291429,0.000000,0.000000,0.767482,1.675747,false,false
2026-04-17T14:33:12.120955,0.918371,-0.100192,-3.388390,284.140,W,1,0.923820,1,0.923820,1.769831,1.916391,2.568441,-1.058237,9.239224,5.482722,-1.201715,-0.025069,2.269834,2.568441,-0.624304,-1.015258,0.027489,1.192166,1.191849,-2.609000,-45.020000,-5.167000,NaN,2.497340,true,Self-supervised model,0.185003,6.302000,172.085722,27.306525,0.000000,0.000000,0.689068,2.154432,false,false
2026-04-17T14:33:12.130075,0.918371,-0.100192,-3.384641,283.926,W,1,0.923820,1,0.923820,1.922340,1.938629,2.723011,-1.127669,9.234436,5.640739,-1.301436,-0.016763,2.391814,2.723011,-0.430049,-0.949895,0.095295,1.047055,1.042710,-2.609000,-45.020000,-5.167000,NaN,2.498015,true,Self-supervised model,0.192028,6.312000,172.300564,27.297301,0.000000,0.000000,0.705961,2.600637,false,false
2026-04-17T14:33:12.136913,0.918371,-0.100192,-3.381850,283.766,W,1,0.923820,1,0.923820,2.030854,1.964318,2.600552,-1.168370,9.248801,5.477933,-1.374563,0.005820,2.207581,2.600552,-0.227853,-0.853379,0.148440,0.895660,0.883274,-2.609000,-45.020000,-5.167000,NaN,2.496967,true,Self-supervised model,0.192838,6.318000,172.460430,27.296681,0.000000,0.000000,0.780932,2.903504,false,false
2026-04-17T14:33:12.146978,0.918371,-0.100192,-3.380125,283.667,W,1,0.923820,1,0.923820,2.045609,1.989569,2.123073,-1.070208,9.224859,4.951209,-1.309019,-0.013999,1.671441,2.123073,-0.091630,-0.766025,0.175929,0.791291,0.771486,-2.609000,-45.020000,-5.167000,NaN,2.494431,true,Self-supervised model,0.190416,6.328000,172.559261,27.269163,0.000000,0.000000,0.963513,2.683050,false,false
2026-04-17T14:33:12.152670,0.918371,-0.100192,-3.379451,283.628,W,1,0.923820,1,0.923820,1.974975,2.010986,1.604145,-0.845153,9.212888,4.434062,-1.114720,-0.024765,1.153285,1.604145,0.007941,-0.670730,0.184481,0.695683,0.670777,-2.609000,-45.020000,-5.167000,NaN,2.490901,true,Self-supervised model,0.182585,6.334000,172.597881,27.249429,0.000000,0.000000,1.231170,2.305855,false,false
2026-04-17T14:33:12.163807,0.918371,-0.100192,-3.379700,283.643,W,1,0.923820,1,0.923820,1.843011,2.026267,1.150199,-0.577003,9.167398,4.022259,-0.873903,-0.070489,0.744503,1.150199,0.048258,-0.596815,0.168599,0.622047,0.598763,-2.189000,-44.414001,-4.851000,NaN,2.486960,true,Self-supervised model,0.173566,6.345000,172.583615,27.199939,0.000000,0.000000,1.602340,1.849054,false,false
2026-04-17T14:33:12.169350,0.918371,-0.100192,-3.380632,283.696,W,1,0.923820,1,0.923820,1.685791,2.034648,0.860385,-0.304064,9.078813,3.845088,-0.623182,-0.159743,0.571305,0.860385,0.061087,-0.533896,0.117897,0.550160,0.537379,-2.189000,-44.414001,-4.851000,NaN,2.483298,true,Self-supervised model,0.165001,6.351000,172.530230,27.165837,0.000000,0.000000,1.959344,1.563881,false,false
2026-04-17T14:33:12.177280,0.918371,-0.100192,-3.381905,283.769,W,1,0.923820,1,0.923820,1.526286,2.036313,0.688885,-0.093374,8.942344,3.720589,-0.428246,-0.296972,0.450528,0.688885,0.062919,-0.497244,0.051924,0.503892,0.501209,-2.189000,-44.414001,-4.851000,NaN,2.480660,true,Self-supervised model,0.160596,6.359000,172.457300,27.120192,0.000000,0.000000,2.215589,1.367129,false,false
2026-04-17T14:33:12.184776,0.918371,-0.100192,-3.383120,283.838,W,1,0.923820,1,0.923820,1.384713,2.032249,0.641455,-0.067038,8.844181,3.596091,-0.394576,-0.392767,0.318603,0.641455,0.059865,-0.464868,-0.034819,0.469999,0.468707,-2.189000,-44.414001,-4.851000,NaN,2.479677,true,Self-supervised model,0.160006,6.366000,172.387694,27.079437,0.000000,0.000000,2.158707,1.364801,false,false
2026-04-17T14:33:12.192944,0.918371,-0.100192,-3.382919,283.827,W,1,0.923820,1,0.923820,1.272416,2.023856,0.682856,-0.141258,8.738836,3.416526,-0.452261,-0.495099,0.128955,0.682856,0.039095,-0.459982,-0.121562,0.477377,0.461640,-2.189000,-44.414001,-4.851000,NaN,2.485539,true,Self-supervised model,0.163392,6.374000,172.399183,27.047252,0.000000,0.000000,1.863373,1.430433,false,false
2026-04-17T14:33:12.201489,0.918371,-0.100192,-3.381029,283.719,W,1,0.923820,1,0.923820,1.209040,2.013263,0.876318,-0.287304,8.590396,3.327940,-0.593792,-0.643278,0.039211,0.876318,-0.012217,-0.491747,-0.189368,0.527090,0.491898,-2.189000,-44.414001,-4.851000,NaN,2.494191,true,Self-supervised model,0.169401,6.383000,172.507512,27.026087,0.000000,0.000000,1.379681,1.662558,false,false
2026-04-17T14:33:12.209569,0.918371,-0.100192,-3.378448,283.571,W,1,0.923820,1,0.923820,1.185998,2.002172,1.065025,-0.399832,8.427590,3.301604,-0.698321,-0.804103,0.006588,1.065025,-0.083078,-0.546724,-0.234572,0.600694,0.553000,-2.189000,-44.414001,-4.851000,NaN,2.499532,true,Self-supervised model,0.174143,6.391000,172.655386,27.015394,0.000000,0.000000,1.113587,1.772989,false,false
2026-04-17T14:33:12.217803,0.918371,-0.100192,-3.374988,283.373,W,1,0.923820,1,0.923820,1.189626,1.991671,1.208676,-0.433351,8.243237,3.433285,-0.699152,-0.979675,0.110993,1.208676,-0.183260,-0.609033,-0.269392,0.690707,0.636007,-2.189000,-44.414001,-4.851000,NaN,2.506507,true,Self-supervised model,0.175860,6.399000,172.853603,27.012596,0.000000,0.000000,0.984239,1.749910,false,false
2026-04-17T14:33:12.225485,0.918371,-0.100192,-3.369212,283.042,W,1,0.923820,1,0.923820,1.219745,1.982794,1.377870,-0.409408,8.070854,3.720589,-0.666302,-1.145139,0.378450,1.377870,-0.282831,-0.648739,-0.291994,0.765582,0.707711,-2.189000,-44.414001,-4.851000,NaN,2.521550,true,Self-supervised model,0.175294,6.407000,173.184560,27.030523,0.000000,0.000000,0.885240,1.799769,false,false
2026-04-17T14:33:12.233379,0.918371,-0.100192,-3.362881,282.679,W,1,0.923820,1,0.923820,1.271217,1.976331,1.541447,-0.387861,7.965509,4.024653,-0.636171,-1.241189,0.656350,1.541447,-0.358578,-0.643852,-0.298102,0.794977,0.736969,-2.189000,-44.414001,-4.851000,NaN,2.530098,true,Self-supervised model,0.177042,6.415000,173.547276,27.053356,0.000000,0.000000,0.824691,1.938983,false,false
2026-04-17T14:33:12.242321,0.918371,-0.100192,-3.356075,282.289,W,1,0.923820,1,0.923820,1.349630,1.973263,1.761297,-0.342371,7.867347,4.398149,-0.581611,-1.328453,0.999555,1.761297,-0.397062,-0.591318,-0.298713,0.772363,0.712260,-2.189000,-44.414001,-4.851000,NaN,2.538806,true,Self-supervised model,0.181089,6.424000,173.937240,27.076158,0.000000,0.000000,0.766270,2.280401,false,false
2026-04-17T14:33:12.251897,0.918371,-0.100192,-3.348907,281.878,W,1,0.923820,1,0.923820,1.447694,1.974240,1.962528,-0.402226,7.845799,4.745308,-0.618215,-1.333382,1.300546,1.962528,-0.397062,-0.495412,-0.278555,0.693314,0.634895,-2.189000,-44.414001,-4.851000,NaN,2.547420,true,Self-supervised model,0.185431,6.433000,174.347919,27.102117,0.000000,0.000000,0.737668,2.830649,false,false
2026-04-17T14:33:12.258941,0.918371,-0.100192,-3.340766,281.412,W,1,0.923820,1,0.923820,1.549196,1.979238,2.082083,-0.433351,7.773973,4.910508,-0.626587,-1.388257,1.419577,2.082083,-0.361632,-0.354913,-0.246179,0.563334,0.506696,-2.189000,-44.414001,-4.851000,NaN,2.559458,true,Self-supervised model,0.186221,6.440000,174.814402,27.145093,0.000000,0.000000,0.744061,3.696002,false,false
2026-04-17T14:33:12.265163,0.918371,-0.100192,-3.332102,280.915,W,1,0.923820,1,0.923820,1.647084,1.987952,2.160998,-0.543484,7.781156,5.023035,-0.725364,-1.370866,1.504821,2.160998,-0.290772,-0.199753,-0.195477,0.403312,0.352774,-2.189000,-44.414001,-4.851000,NaN,2.570209,true,Self-supervised model,0.188409,6.447000,175.310786,27.192615,0.000000,0.000000,0.762187,5.358128,false,false
2026-04-17T14:33:12.273373,0.918371,-0.100192,-3.323958,280.449,W,1,0.923820,1,0.923820,1.722285,1.999325,2.117089,-0.663194,7.790732,4.939238,-0.833514,-1.352961,1.398863,2.117089,-0.219911,-0.074526,-0.146608,0.274607,0.232196,-2.189000,-44.414001,-4.851000,NaN,2.576276,true,Self-supervised model,0.195174,6.455000,175.777421,27.231204,0.000000,0.000000,0.813516,7.709526,false,false
2026-04-17T14:33:12.281485,0.918371,-0.100192,-3.316494,280.021,W,1,0.923820,1,0.923820,1.757023,2.011633,1.939399,-0.773327,7.874529,4.695030,-0.932986,-1.262994,1.138268,1.939399,-0.136223,0.048258,-0.080634,0.165491,0.144518,-2.189000,-44.414001,-4.851000,NaN,2.581019,true,Self-supervised model,0.198745,6.463000,176.205079,27.263667,0.000000,0.000000,0.905963,11.719028,false,false
2026-04-17T14:33:12.289375,0.918371,-0.100192,-3.309872,279.642,W,1,0.923820,1,0.923820,1.751075,2.023211,1.719846,-0.828394,7.965509,4.364630,-0.979392,-1.167832,0.796762,1.719846,-0.071471,0.134390,-0.013439,0.152805,0.152213,-2.189000,-44.414001,-4.851000,NaN,2.584273,true,Self-supervised model,0.194379,6.471000,176.584498,27.288595,0.000000,0.000000,1.018158,11.255133,false,false
2026-04-17T14:33:12.297772,0.918371,-0.100192,-3.304226,279.318,W,1,0.923820,1,0.923820,1.711098,2.032726,1.501221,-0.828394,8.066066,3.991134,-0.973449,-1.064479,0.415867,1.501221,-0.039095,0.173486,0.036652,0.181574,0.177836,-2.189000,-44.414001,-4.851000,NaN,2.586015,true,Self-supervised model,0.188581,6.479000,176.907991,27.304830,0.000000,0.000000,1.139804,8.267820,false,false
2026-04-17T14:33:12.308719,0.918371,-0.100192,-3.299631,279.055,W,1,0.923820,1,0.923820,1.652272,2.039508,1.343431,-0.792481,8.171411,3.699042,-0.935465,-0.956952,0.118127,1.343431,-0.029932,0.164934,0.091630,0.191037,0.167628,-2.189000,-44.414001,-4.851000,NaN,2.586403,true,Self-supervised model,0.185978,6.490000,177.171233,27.299111,0.000000,0.000000,1.229889,7.032314,false,false
2026-04-17T14:33:12.314105,0.918371,-0.100192,-3.296136,278.855,W,1,0.923820,1,0.923820,1.580931,2.043165,1.206391,-0.735020,8.288726,3.545813,-0.870711,-0.833443,-0.051136,1.206391,-0.043982,0.113621,0.141721,0.186893,0.121837,-2.189000,-44.414001,-4.851000,NaN,2.585505,true,Self-supervised model,0.180851,6.496000,177.371530,27.304731,0.000000,0.000000,1.310463,6.454988,false,false
2026-04-17T14:33:12.321612,0.918371,-0.100192,-3.293203,278.687,W,1,0.923820,1,0.923820,1.499446,2.043416,1.071653,-0.656011,8.394072,3.557784,-0.789985,-0.722078,-0.054453,1.071653,-0.061087,0.029932,0.183870,0.196051,0.068026,-2.131000,-43.123001,-5.137000,NaN,2.586183,true,Self-supervised model,0.179124,6.503000,177.539540,27.301175,0.000000,0.000000,1.399191,5.466203,false,false
2026-04-17T14:33:12.329948,0.918371,-0.100192,-3.290935,278.557,W,1,0.923820,1,0.923820,1.408237,2.040009,0.929388,-0.541090,8.475474,3.610456,-0.678678,-0.634729,-0.016614,0.929388,-0.067806,-0.056200,0.219911,0.236891,0.088068,-2.131000,-43.123001,-5.137000,NaN,2.585793,true,Self-supervised model,0.174684,6.511000,177.669478,27.287587,0.000000,0.000000,1.515231,3.923280,false,false
2026-04-17T14:33:12.336899,0.918371,-0.100192,-3.289365,278.467,W,1,0.923820,1,0.923820,1.311298,2.032861,0.802367,-0.418985,8.573636,3.801992,-0.575031,-0.533655,0.168360,0.802367,-0.060476,-0.161268,0.252898,0.305978,0.172235,-2.131000,-43.123001,-5.137000,NaN,2.584574,true,Self-supervised model,0.169353,6.518000,177.759468,27.272088,0.000000,0.000000,1.634286,2.622307,false,false
2026-04-17T14:33:12.347104,0.918371,-0.100192,-3.288998,278.446,W,1,0.923820,1,0.923820,1.212840,2.022060,0.695937,-0.289698,8.693346,3.945644,-0.469643,-0.411579,0.307191,0.695937,-0.029322,-0.263894,0.284663,0.389272,0.265518,-2.131000,-43.123001,-5.137000,NaN,2.580128,true,Self-supervised model,0.166327,6.529000,177.780506,27.229362,0.000000,0.000000,1.742744,1.787790,false,false
2026-04-17T14:33:12.352755,0.918371,-0.100192,-3.289731,278.488,W,1,0.923820,1,0.923820,1.122453,2.008076,0.647922,-0.148441,8.762778,4.060566,-0.356562,-0.340771,0.420169,0.647922,0.018326,-0.346361,0.307876,0.463777,0.346845,-2.131000,-43.123001,-5.137000,NaN,2.574990,true,Self-supervised model,0.163522,6.534000,177.738464,27.202091,0.000000,0.000000,1.732389,1.397055,false,false
2026-04-17T14:33:12.361073,0.918371,-0.100192,-3.291454,278.586,W,1,0.923820,1,0.923820,1.040630,1.991378,0.611059,-0.019154,8.872911,4.141969,-0.258254,-0.230642,0.503490,0.611059,0.072082,-0.401949,0.317650,0.517359,0.408361,-2.131000,-43.123001,-5.137000,NaN,2.569313,true,Self-supervised model,0.161852,6.543000,177.639771,27.149590,0.000000,0.000000,1.702994,1.181112,false,false
2026-04-17T14:33:12.369210,0.918371,-0.100192,-3.294032,278.734,W,1,0.923820,1,0.923820,0.958366,1.972057,0.526482,0.079009,8.923190,4.086902,-0.192320,-0.182093,0.455014,0.526482,0.139888,-0.434325,0.311541,0.552508,0.456297,-2.131000,-43.123001,-5.137000,NaN,2.563312,true,Self-supervised model,0.157974,6.551000,177.492055,27.093887,0.000000,0.000000,1.820323,0.952894,false,false
2026-04-17T14:33:12.378544,0.918371,-0.100192,-3.297314,278.922,W,1,0.923820,1,0.923820,0.860837,1.949608,0.348808,0.162806,8.918402,3.897760,-0.127135,-0.186369,0.266027,0.348808,0.204640,-0.440434,0.290772,0.566046,0.485654,-2.131000,-43.123001,-5.137000,NaN,2.557215,true,Self-supervised model,0.150416,6.560000,177.304010,27.028050,0.000000,0.000000,2.467940,0.616219,false,false
2026-04-17T14:33:12.384785,0.918371,-0.100192,-3.300419,279.100,W,1,0.923820,1,0.923820,0.762443,1.924122,0.245877,0.174777,8.901642,3.658340,-0.132483,-0.204663,0.031884,0.245877,0.251676,-0.416610,0.265116,0.554248,0.486729,-2.131000,-43.123001,-5.137000,NaN,2.554819,true,Self-supervised model,0.147188,6.566000,177.126122,26.976260,0.000000,0.000000,3.100917,0.443622,false,false
2026-04-17T14:33:12.392598,0.918371,-0.100192,-3.303345,279.268,W,1,0.923820,1,0.923820,0.700677,1.897184,0.376406,0.174777,8.834604,3.406949,-0.148216,-0.274892,-0.210115,0.376406,0.274889,-0.376904,0.246179,0.527470,0.466498,-2.131000,-43.123001,-5.137000,NaN,2.552609,true,Self-supervised model,0.154338,6.574000,176.958483,26.917932,0.000000,0.000000,1.861492,0.713607,false,false
2026-04-17T14:33:12.400756,0.918371,-0.100192,-3.306106,279.426,W,1,0.923820,1,0.923820,0.676218,1.870345,0.547804,0.184354,8.779537,3.198653,-0.153218,-0.334358,-0.405977,0.547804,0.279165,-0.326813,0.232740,0.488782,0.429814,-2.131000,-43.123001,-5.137000,NaN,2.550503,true,Self-supervised model,0.166224,6.582000,176.800236,26.861172,0.000000,0.000000,1.234416,1.120753,false,false
2026-04-17T14:33:12.408734,0.918371,-0.100192,-3.308760,279.578,W,1,0.923820,1,0.923820,0.668423,1.844269,0.627500,0.227449,8.784326,3.074155,-0.123762,-0.334708,-0.516149,0.627500,0.273057,-0.273057,0.224188,0.446520,0.386161,-2.131000,-43.123001,-5.137000,NaN,2.548283,true,Self-supervised model,0.170814,6.590000,176.648209,26.805494,0.000000,0.000000,1.065215,1.405313,false,false
2026-04-17T14:33:12.416846,0.918371,-0.100192,-3.311361,279.727,W,1,0.923820,1,0.923820,0.656625,1.818763,0.594688,0.320823,8.822633,3.064578,-0.043952,-0.301848,-0.510499,0.594688,0.259618,-0.226631,0.224188,0.411124,0.344620,-2.131000,-43.123001,-5.137000,NaN,2.545892,true,Self-supervised model,0.170763,6.598000,176.499181,26.750406,0.000000,0.000000,1.104151,1.446492,false,false
2026-04-17T14:33:12.424663,0.918371,-0.100192,-3.313998,279.878,W,1,0.923820,1,0.923820,0.632425,1.793309,0.505371,0.464475,8.925584,3.105280,0.086308,-0.204525,-0.454005,0.505371,0.252898,-0.188757,0.219301,0.384291,0.315574,-2.131000,-43.123001,-5.137000,NaN,2.543108,true,Self-supervised model,0.167090,6.606000,176.348057,26.695134,0.000000,0.000000,1.251406,1.315074,false,false
2026-04-17T14:33:12.433243,0.918371,-0.100192,-3.316728,280.035,W,1,0.923820,1,0.923820,0.606037,1.767818,0.467505,0.596156,9.045294,3.131616,0.204202,-0.090863,-0.410617,0.467505,0.256563,-0.151495,0.206472,0.362500,0.297952,-2.131000,-43.123001,-5.137000,NaN,2.540009,true,Self-supervised model,0.166440,6.615000,176.191648,26.635170,0.000000,0.000000,1.296324,1.289668,false,false
2026-04-17T14:33:12.442260,0.918371,-0.100192,-3.319617,280.200,W,1,0.923820,1,0.923820,0.585972,1.742545,0.480631,0.706290,9.188946,3.150769,0.300164,0.046091,-0.372536,0.480631,0.270002,-0.126449,0.183260,0.349964,0.298145,-2.131000,-43.123001,-5.137000,NaN,2.536484,true,Self-supervised model,0.168353,6.624000,176.026131,26.573993,0.000000,0.000000,1.219174,1.373372,false,false
2026-04-17T14:33:12.449235,0.918371,-0.100192,-3.322705,280.377,W,1,0.923820,1,0.923820,0.581340,1.718096,0.557020,0.794875,9.363723,3.150769,0.375549,0.213451,-0.351671,0.557020,0.290161,-0.113621,0.143553,0.343090,0.311614,-2.131000,-43.123001,-5.137000,NaN,2.532599,true,Self-supervised model,0.171492,6.631000,175.849195,26.519257,0.000000,0.000000,1.043661,1.623540,false,false
2026-04-17T14:33:12.456909,0.918371,-0.100192,-3.325932,280.562,W,1,0.923820,1,0.923820,0.594274,1.695143,0.662177,0.859518,9.476251,3.088520,0.429171,0.317915,-0.391434,0.662177,0.302989,-0.117897,0.098960,0.339846,0.325119,-2.131000,-43.123001,-5.137000,NaN,2.528817,true,Self-supervised model,0.176343,6.638000,175.664307,26.463439,0.000000,0.000000,0.897455,1.948461,false,false
2026-04-17T14:33:12.465067,0.918371,-0.100192,-3.329153,280.746,W,1,0.923820,1,0.923820,0.615744,1.673968,0.728463,0.859518,9.564836,3.014300,0.420882,0.397876,-0.441828,0.728463,0.310930,-0.156382,0.042150,0.350584,0.348042,-2.131000,-43.123001,-5.137000,NaN,2.525621,true,Self-supervised model,0.178697,6.647000,175.479779,26.399846,0.000000,0.000000,0.845264,2.077854,false,false
2026-04-17T14:33:12.472908,0.918371,-0.100192,-3.332174,280.919,W,1,0.923820,1,0.923820,0.639635,1.654594,0.765062,0.871489,9.646238,3.004723,0.426856,0.470249,-0.426592,0.765062,0.298713,-0.227853,-0.023213,0.376411,0.375695,-2.131000,-43.123001,-5.137000,NaN,2.523400,true,Self-supervised model,0.178978,6.654000,175.306701,26.346063,0.000000,0.000000,0.836056,2.032519,false,false
2026-04-17T14:33:12.482240,0.918371,-0.100192,-3.334809,281.070,W,1,0.923820,1,0.923820,0.656272,1.636661,0.743615,0.859518,9.727641,3.105280,0.409803,0.542589,-0.301034,0.743615,0.284052,-0.328645,-0.078191,0.441370,0.434389,-0.831000,-42.565002,-5.821000,NaN,2.522308,true,Self-supervised model,0.178116,6.664000,175.155729,26.283873,0.000000,0.000000,0.882543,1.684788,false,false
2026-04-17T14:33:12.488733,0.918371,-0.100192,-3.336924,281.192,W,1,0.923820,1,0.923820,0.666983,1.619874,0.723217,0.828394,9.753978,3.126827,0.375987,0.561221,-0.258278,0.723217,0.246790,-0.449597,-0.141110,0.531935,0.512877,-0.831000,-42.565002,-5.821000,NaN,2.522269,true,Self-supervised model,0.175692,6.670000,175.034504,26.242055,0.000000,0.000000,0.922245,1.359597,false,false
2026-04-17T14:33:12.497303,0.918371,-0.100192,-3.338251,281.268,W,1,0.923820,1,0.923820,0.660969,1.603518,0.629393,0.746991,9.756371,3.356671,0.292902,0.556993,-0.010172,0.629393,0.199753,-0.552833,-0.186925,0.616820,0.587814,-0.831000,-42.565002,-5.821000,NaN,2.524097,true,Self-supervised model,0.172588,6.679000,174.958465,26.195308,0.000000,0.000000,1.050168,1.020385,false,false
2026-04-17T14:33:12.505396,0.918371,-0.100192,-3.338682,281.292,W,1,0.923820,1,0.923820,0.649038,1.587339,0.586403,0.790087,9.583989,3.648763,0.334227,0.379004,0.297519,0.586403,0.166766,-0.634078,-0.214414,0.689811,0.655642,-0.831000,-42.565002,-5.821000,NaN,2.527251,true,Self-supervised model,0.171063,6.687000,174.933776,26.160278,0.000000,0.000000,1.106812,0.850092,false,false
2026-04-17T14:33:12.515108,0.918371,-0.100192,-3.338234,281.267,W,1,0.923820,1,0.923820,0.685636,1.573271,0.877771,0.919373,9.339781,4.072537,0.461663,0.129844,0.735181,0.877771,0.153938,-0.711658,-0.246179,0.768608,0.728117,-0.831000,-42.565002,-5.821000,NaN,2.531214,true,Self-supervised model,0.179989,6.697000,174.959440,26.125047,0.000000,0.000000,0.781109,1.142028,false,false
2026-04-17T14:33:12.520721,0.918371,-0.100192,-3.336958,281.194,W,1,0.923820,1,0.923820,0.748932,1.562297,1.081237,0.840365,9.330204,4.328717,0.381035,0.115314,1.005281,1.081237,0.169821,-0.733649,-0.259618,0.796543,0.753047,-0.831000,-42.565002,-5.821000,NaN,2.535802,true,Self-supervised model,0.182147,6.702000,175.032548,26.116465,0.000000,0.000000,0.692662,1.357412,false,false
2026-04-17T14:33:12.529107,0.918371,-0.100192,-3.334920,281.077,W,1,0.923820,1,0.923820,0.808511,1.554146,1.121303,0.708684,9.421184,4.388572,0.244300,0.202851,1.075402,1.121303,0.210138,-0.702495,-0.270613,0.781594,0.733251,-0.831000,-42.565002,-5.821000,NaN,2.540891,true,Self-supervised model,0.182557,6.711000,175.149347,26.098845,0.000000,0.000000,0.721046,1.434637,false,false
2026-04-17T14:33:12.537093,0.918371,-0.100192,-3.332433,280.934,W,1,0.923820,1,0.923820,0.840433,1.547597,1.008024,0.656011,9.564836,4.230555,0.189724,0.342475,0.928885,1.008024,0.252287,-0.609644,-0.287107,0.719545,0.659783,-0.831000,-42.565002,-5.821000,NaN,2.545169,true,Self-supervised model,0.179715,6.719000,175.291814,26.088974,0.000000,0.000000,0.833743,1.400920,false,false
2026-04-17T14:33:12.546126,0.918371,-0.100192,-3.329530,280.768,W,1,0.923820,1,0.923820,0.831304,1.540945,0.783377,0.495600,9.746795,3.873818,0.032895,0.519519,0.585404,0.783377,0.265116,-0.505796,-0.308487,0.649061,0.571066,-0.831000,-42.565002,-5.821000,NaN,2.549739,true,Self-supervised model,0.174396,6.728000,175.458156,26.078798,0.000000,0.000000,1.061180,1.206939,false,false
2026-04-17T14:33:12.553201,0.918371,-0.100192,-3.326149,280.574,W,1,0.923820,1,0.923820,0.819436,1.534085,0.757129,0.289698,9.938332,3.497929,-0.160709,0.703773,0.228301,0.757129,0.239459,-0.381180,-0.332311,0.559526,0.450154,-0.831000,-42.565002,-5.821000,NaN,2.555031,true,Self-supervised model,0.173906,6.735000,175.651870,26.080456,0.000000,0.000000,1.082294,1.353162,false,false
2026-04-17T14:33:12.561059,0.918371,-0.100192,-3.322104,280.343,W,1,0.923820,1,0.923820,0.831206,1.527970,0.892997,0.114922,10.074800,3.248932,-0.318613,0.834203,-0.005877,0.892997,0.169210,-0.266337,-0.339641,0.463598,0.315543,-0.831000,-42.565002,-5.821000,NaN,2.561734,true,Self-supervised model,0.179255,6.742000,175.883649,26.087756,0.000000,0.000000,0.930805,1.926229,false,false
2026-04-17T14:33:12.568934,0.918371,-0.100192,-3.317398,280.073,W,1,0.923820,1,0.923820,0.858148,1.523177,0.999592,0.026336,10.165780,3.239355,-0.387955,0.921211,-0.006672,0.999592,0.077580,-0.186314,-0.330478,0.387230,0.201820,-0.831000,-42.565002,-5.821000,NaN,2.569081,true,Self-supervised model,0.182763,6.750000,176.153266,26.096780,0.000000,0.000000,0.858498,2.581388,false,false
2026-04-17T14:33:12.578635,0.918371,-0.100192,-3.312108,279.770,W,1,0.923820,1,0.923820,0.904840,1.520444,1.149977,-0.090980,10.266336,3.457227,-0.486162,1.019952,0.213989,1.149977,0.005498,-0.153327,-0.305433,0.341802,0.153426,-0.831000,-42.565002,-5.821000,NaN,2.576708,true,Self-supervised model,0.187558,6.760000,176.456353,26.103011,0.000000,0.000000,0.786834,3.364454,false,false
2026-04-17T14:33:12.585275,0.918371,-0.100192,-3.306389,279.442,W,1,0.923820,1,0.923820,0.986591,1.521089,1.415782,-0.107739,10.460267,3.787627,-0.486526,1.213903,0.542374,1.415782,-0.048258,-0.157603,-0.254120,0.302894,0.164826,-0.831000,-42.565002,-5.821000,NaN,2.584147,true,Self-supervised model,0.190402,6.767000,176.784066,26.124437,0.000000,0.000000,0.696852,4.674189,false,false
2026-04-17T14:33:12.592964,0.918371,-0.100192,-3.300480,279.104,W,1,0.923820,1,0.923820,1.087655,1.525752,1.618239,-0.009577,10.637438,3.983952,-0.376058,1.392070,0.734451,1.618239,-0.057421,-0.180205,-0.199142,0.274643,0.189133,-0.831000,-42.565002,-5.821000,NaN,2.590813,true,Self-supervised model,0.194862,6.774000,177.122631,26.147421,0.000000,0.000000,0.672123,5.892156,false,false
2026-04-17T14:33:12.600982,0.918371,-0.100192,-3.294644,278.769,W,1,0.923820,1,0.923820,1.182071,1.534005,1.677755,0.169988,10.740389,3.988740,-0.188664,1.495855,0.735992,1.677755,-0.038485,-0.204640,-0.157603,0.261146,0.208227,-0.831000,-42.565002,-5.821000,NaN,2.596356,true,Self-supervised model,0.196629,6.782000,177.456996,26.165880,0.000000,0.000000,0.704555,6.424583,false,false
2026-04-17T14:33:12.609438,0.918371,-0.100192,-3.289115,278.452,W,1,0.923820,1,0.923820,1.242572,1.544347,1.560202,0.395043,10.749966,3.660734,0.041802,1.505697,0.406642,1.560202,-0.020769,-0.219301,-0.146608,0.264609,0.220282,-0.831000,-42.565002,-5.821000,NaN,2.600656,true,Self-supervised model,0.194204,6.791000,177.773758,26.177847,0.000000,0.000000,0.796417,5.896253,false,false
2026-04-17T14:33:12.617283,0.918371,-0.100192,-3.283971,278.158,W,1,0.923820,1,0.923820,1.287073,1.556057,1.520707,0.567426,10.747571,3.191471,0.219225,1.503475,-0.063653,1.520707,-0.031765,-0.226631,-0.150273,0.273775,0.228846,-0.831000,-42.565002,-5.821000,NaN,2.604264,true,Self-supervised model,0.192483,6.799000,178.068512,26.190397,0.000000,0.000000,0.846365,5.554593,false,false
2026-04-17T14:33:12.625761,0.918371,-0.100192,-3.279145,277.881,W,1,0.923820,1,0.923820,1.338060,1.569337,1.605738,0.648829,10.737994,2.760514,0.306230,1.495216,-0.498944,1.605738,-0.102014,-0.270002,-0.172264,0.336130,0.288632,-0.831000,-42.565002,-5.821000,NaN,2.607816,true,Self-supervised model,0.193098,6.807000,178.345026,26.200239,0.000000,0.000000,0.833299,4.777138,false,false
2026-04-17T14:33:12.633547,0.918371,-0.100192,-3.274467,277.613,W,1,0.923820,1,0.923820,1.381795,1.583835,1.611406,0.742203,10.608707,2.525883,0.405054,1.369949,-0.745520,1.611406,-0.227242,-0.346971,-0.194255,0.457999,0.414763,-0.831000,-42.565002,-5.821000,NaN,2.611903,true,Self-supervised model,0.189712,6.815000,178.613065,26.208814,0.000000,0.000000,0.857509,3.518361,false,false
2026-04-17T14:33:12.642400,0.918371,-0.100192,-3.269761,277.343,W,1,0.923820,1,0.923820,1.402033,1.598563,1.508280,0.926556,10.369287,2.501941,0.594124,1.138187,-0.791489,1.508280,-0.366519,-0.437990,-0.214414,0.610037,0.571115,-3.304000,-42.647003,-5.516000,NaN,2.616721,true,Self-supervised model,0.185498,6.824000,178.882706,26.213761,0.000000,0.000000,0.929557,2.472441,false,false
2026-04-17T14:33:12.649449,0.918371,-0.100192,-3.264865,277.063,W,1,0.923820,1,0.923820,1.387293,1.612112,1.309910,1.019930,10.273520,2.971204,0.690616,1.054516,-0.356243,1.309910,-0.541837,-0.575435,-0.237627,0.825336,0.790388,-3.304000,-42.647003,-5.516000,NaN,2.622372,true,Self-supervised model,0.177308,6.831000,179.163179,26.227958,0.000000,0.000000,1.059075,1.587123,false,false
2026-04-17T14:33:12.657207,0.918371,-0.100192,-3.259646,276.764,W,1,0.923820,1,0.923820,1.383134,1.624953,1.361300,1.031901,10.309433,3.739743,0.702287,1.106848,0.367178,1.361300,-0.690278,-0.740369,-0.242514,1.040885,1.012240,-3.304000,-42.647003,-5.516000,NaN,2.628888,true,Self-supervised model,0.175084,6.839000,179.462229,26.241004,0.000000,0.000000,1.016039,1.307829,false,false
2026-04-17T14:33:12.665334,0.918371,-0.100192,-3.254059,276.444,W,1,0.923820,1,0.923820,1.445951,1.639793,1.775740,1.134852,10.055647,4.747702,0.800740,0.872410,1.323242,1.775740,-0.753808,-0.853379,-0.234572,1.162543,1.138631,-3.304000,-42.647003,-5.516000,NaN,2.635948,true,Self-supervised model,0.180725,6.847000,179.782362,26.257100,0.000000,0.000000,0.814281,1.527462,false,false
2026-04-17T14:33:12.673528,0.918371,-0.100192,-3.248164,276.106,W,1,0.923820,1,0.923820,1.605643,1.660427,2.444025,1.283292,9.684546,5.671864,0.940804,0.521488,2.194583,2.444025,-0.742812,-0.903470,-0.212581,1.188788,1.169627,-3.304000,-42.647003,-5.516000,NaN,2.643071,true,Self-supervised model,0.188080,6.855000,179.879899,26.240685,0.000000,0.000000,0.656967,2.055895,false,false
2026-04-17T14:33:12.681195,0.918371,-0.100192,-3.242116,275.760,W,1,0.923820,1,0.923820,1.842199,1.689698,3.084120,1.426944,9.373300,6.406884,1.073423,0.228783,2.882224,3.084120,-0.637743,-0.885144,-0.178984,1.105546,1.090961,-3.304000,-42.647003,-5.516000,NaN,2.649730,true,Self-supervised model,0.194757,6.863000,179.533401,26.159610,0.000000,0.000000,0.597318,2.789681,false,false
2026-04-17T14:33:12.688662,0.918371,-0.100192,-3.236126,275.416,W,1,0.923820,1,0.923820,2.093197,1.727838,3.410932,1.467646,9.141062,6.789956,1.101372,0.011431,3.228205,3.410932,-0.472810,-0.797179,-0.126449,0.935432,0.926846,-3.304000,-42.647003,-5.516000,NaN,2.655492,true,Self-supervised model,0.201220,6.870000,179.190177,26.082995,0.000000,0.000000,0.613673,3.646371,false,false
2026-04-17T14:33:12.698450,0.918371,-0.100192,-3.230437,275.090,W,1,0.923820,1,0.923820,2.344845,1.774518,3.665996,1.549049,8.825027,7.048530,1.168518,-0.294425,3.462284,3.665996,-0.298102,-0.698830,-0.074526,0.763402,0.759755,-3.304000,-42.647003,-5.516000,NaN,2.659973,true,Self-supervised model,0.209518,6.880000,178.864248,25.997711,0.000000,0.000000,0.639620,4.802185,false,false
2026-04-17T14:33:12.705018,0.918371,-0.100192,-3.225311,274.797,W,1,0.923820,1,0.923820,2.539621,1.827122,3.562198,1.728614,8.437167,6.828263,1.333038,-0.678104,3.233023,3.562198,-0.079412,-0.563829,-0.015882,0.569615,0.569394,-3.304000,-42.647003,-5.516000,NaN,2.662851,true,Self-supervised model,0.211834,6.886000,178.570535,25.932404,0.000000,0.000000,0.712936,6.253694,false,false
2026-04-17T14:33:12.714268,0.918371,-0.100192,-3.220995,274.549,W,1,0.923820,1,0.923820,2.640461,1.881656,3.169868,1.788469,8.066066,6.244078,1.378624,-1.050607,2.653994,3.169868,0.119730,-0.415999,0.026878,0.433720,0.432886,-3.304000,-42.647003,-5.516000,NaN,2.663928,true,Self-supervised model,0.214823,6.896000,178.323217,25.858935,0.000000,0.000000,0.832987,7.308561,false,false
2026-04-17T14:33:12.720495,0.918371,-0.100192,-3.217614,274.356,W,1,0.923820,1,0.923820,2.642134,1.934075,2.650919,1.678335,7.920019,5.576096,1.254690,-1.202271,2.001917,2.650919,0.269392,-0.284663,0.066584,0.397540,0.391925,-3.304000,-42.647003,-5.516000,NaN,2.663568,true,Self-supervised model,0.207984,6.902000,178.129492,25.808388,0.000000,0.000000,0.996686,6.668300,false,false
2026-04-17T14:33:12.730012,0.918371,-0.100192,-3.215259,274.221,W,1,0.923820,1,0.923820,2.542365,1.980406,2.018575,1.501164,7.903260,4.752491,1.063076,-1.226752,1.199831,2.018575,0.369573,-0.189368,0.098349,0.426752,0.415265,-3.304000,-42.647003,-5.516000,NaN,2.661813,true,Self-supervised model,0.198498,6.911000,177.994614,25.755262,0.000000,0.000000,1.259485,4.730087,false,false
2026-04-17T14:33:12.736779,0.918371,-0.100192,-3.213982,274.148,W,1,0.923820,1,0.923820,2.396109,2.019035,1.628268,1.388637,7.931990,4.096479,0.934872,-1.206384,0.567371,1.628268,0.391565,-0.178373,0.104458,0.442777,0.430279,-3.304000,-42.647003,-5.516000,NaN,2.658783,true,Self-supervised model,0.190026,6.918000,177.921436,25.718623,0.000000,0.000000,1.471569,3.677404,false,false
2026-04-17T14:33:12.746618,0.918371,-0.100192,-3.213742,274.134,W,1,0.923820,1,0.923820,2.229838,2.049467,1.356912,1.285686,8.061277,3.490746,0.814929,-1.084825,-0.016046,1.356912,0.378126,-0.230296,0.086132,0.451037,0.442736,-3.304000,-42.647003,-5.516000,NaN,2.654875,true,Self-supervised model,0.184619,6.928000,177.907678,25.679515,0.000000,0.000000,1.643318,3.008430,false,false
2026-04-17T14:33:12.752794,0.918371,-0.100192,-3.214362,274.169,W,1,0.923820,1,0.923820,2.069246,2.072258,1.226141,1.051055,8.169016,2.999935,0.541029,-0.970527,-0.518448,1.226141,0.328035,-0.293826,0.053145,0.443582,0.440387,-3.304000,-42.647003,-5.516000,NaN,2.650815,true,Self-supervised model,0.180776,6.934000,177.943194,25.662416,0.000000,0.000000,1.687608,2.764182,false,false
2026-04-17T14:33:12.761378,0.918371,-0.100192,-3.216483,274.291,W,1,0.923820,1,0.923820,1.953470,2.089506,1.345647,0.802058,8.259995,2.537854,0.254162,-0.872903,-0.992073,1.345647,0.257785,-0.328035,0.026878,0.418070,0.417205,-3.304000,-42.647003,-5.516000,NaN,2.642691,true,Self-supervised model,0.183417,6.943000,178.064704,25.646652,0.000000,0.000000,1.451696,3.218714,false,false
2026-04-17T14:33:12.769603,0.918371,-0.100192,-3.219621,274.471,W,1,0.923820,1,0.923820,1.888438,2.103464,1.547015,0.665588,8.236053,2.274492,0.088324,-0.893286,-1.259959,1.547015,0.189979,-0.343917,0.013439,0.393131,0.392901,-3.304000,-42.647003,-5.516000,NaN,2.635481,true,Self-supervised model,0.187868,6.951000,178.244528,25.643005,0.000000,0.000000,1.220697,3.935118,false,false
2026-04-17T14:33:12.779203,0.918371,-0.100192,-3.223121,274.671,W,1,0.923820,1,0.923820,1.853103,2.115449,1.667596,0.577003,8.137892,2.188300,-0.013130,-0.993194,-1.339504,1.667596,0.058032,-0.359800,0.002443,0.364458,0.364450,-3.304000,-42.647003,-5.516000,NaN,2.630536,true,Self-supervised model,0.191117,6.961000,178.445059,25.634975,0.000000,0.000000,1.111242,4.575553,false,false
2026-04-17T14:33:12.785360,0.918371,-0.100192,-3.226118,274.843,W,1,0.923820,1,0.923820,1.828491,2.125971,1.699281,0.581791,8.022970,2.238579,-0.020595,-1.107566,-1.288576,1.699281,-0.034819,-0.356745,0.012828,0.358670,0.358441,-3.304000,-42.647003,-5.516000,NaN,2.629553,true,Self-supervised model,0.191033,6.967000,178.616742,25.637540,0.000000,0.000000,1.076038,4.737728,false,false
2026-04-17T14:33:12.792787,0.918371,-0.100192,-3.228621,274.986,W,1,0.923820,1,0.923820,1.809279,2.135303,1.708412,0.675165,7.920019,2.324770,0.060369,-1.208132,-1.206419,1.708412,-0.094073,-0.346971,0.026267,0.360457,0.359498,-3.304000,-42.647003,-5.516000,NaN,2.629023,true,Self-supervised model,0.192221,6.974000,178.760167,25.632373,0.000000,0.000000,1.059041,4.739579,false,false
2026-04-17T14:33:12.801582,0.918371,-0.100192,-3.230706,275.106,W,1,0.923820,1,0.923820,1.791651,2.143557,1.699105,0.830788,7.852982,2.430115,0.202968,-1.271243,-1.108920,1.699105,-0.147219,-0.354302,0.038485,0.385596,0.383671,-3.949000,-43.289001,-5.382000,NaN,2.628608,true,Self-supervised model,0.192201,6.983000,178.879659,25.616448,0.000000,0.000000,1.054467,4.406441,false,false
2026-04-17T14:33:12.809746,0.918371,-0.100192,-3.232457,275.206,W,1,0.923820,1,0.923820,1.773023,2.150736,1.675228,0.995988,7.876924,2.482787,0.353336,-1.242001,-1.067229,1.675228,-0.199142,-0.393397,0.037263,0.442501,0.440930,-3.949000,-43.289001,-5.382000,NaN,2.628198,true,Self-supervised model,0.190878,6.991000,178.979956,25.601481,0.000000,0.000000,1.058377,3.785815,false,false
2026-04-17T14:33:12.816715,0.918371,-0.100192,-3.233956,275.292,W,1,0.923820,1,0.923820,1.736376,2.156161,1.543974,1.137246,8.020576,2.583344,0.479642,-1.091815,-0.980684,1.543974,-0.243735,-0.459982,0.022602,0.521057,0.520567,-3.949000,-43.289001,-5.382000,NaN,2.627704,true,Self-supervised model,0.186667,6.998000,179.065847,25.588146,0.000000,0.000000,1.124614,2.963156,false,false
2026-04-17T14:33:12.824481,0.918371,-0.100192,-3.235133,275.359,W,1,0.923820,1,0.923820,1.676357,2.158969,1.361261,1.211466,8.171411,2.748544,0.538029,-0.933260,-0.832214,1.361261,-0.280998,-0.529009,0.012828,0.599145,0.599008,-3.949000,-43.289001,-5.382000,NaN,2.627815,true,Self-supervised model,0.182277,7.006000,179.133295,25.568555,0.000000,0.000000,1.231474,2.272004,false,false
2026-04-17T14:33:12.832672,0.918371,-0.100192,-3.235949,275.406,W,1,0.923820,1,0.923820,1.593911,2.158367,1.161072,1.338359,8.341399,2.999935,0.647758,-0.754852,-0.598911,1.161072,-0.300546,-0.593150,-0.004887,0.664965,0.664947,-3.949000,-43.289001,-5.382000,NaN,2.628447,true,Self-supervised model,0.177311,7.014000,179.180011,25.546052,0.000000,0.000000,1.372793,1.746064,false,false
2026-04-17T14:33:12.841337,0.918371,-0.100192,-3.236402,275.432,W,1,0.923820,1,0.923820,1.503067,2.154155,1.026137,1.431733,8.492233,3.198653,0.723623,-0.595760,-0.417607,1.026137,-0.289550,-0.633467,-0.040317,0.697671,0.696506,-3.949000,-43.289001,-5.382000,NaN,2.629438,true,Self-supervised model,0.174093,7.023000,179.206020,25.517018,0.000000,0.000000,1.464783,1.470802,false,false
2026-04-17T14:33:12.850500,0.918371,-0.100192,-3.236495,275.438,W,1,0.923820,1,0.923820,1.397449,2.145887,0.842950,1.417367,8.726865,3.306392,0.692787,-0.353996,-0.324495,0.842950,-0.254120,-0.638965,-0.092241,0.693802,0.687643,-3.949000,-43.289001,-5.382000,NaN,2.630789,true,Self-supervised model,0.169558,7.032000,179.211348,25.485118,0.000000,0.000000,1.657808,1.214971,false,false
2026-04-17T14:33:12.856963,0.918371,-0.100192,-3.236218,275.422,W,1,0.923820,1,0.923820,1.273895,2.133007,0.625237,1.216254,8.930372,3.265691,0.477810,-0.144915,-0.376323,0.625237,-0.221744,-0.619417,-0.144775,0.673653,0.657912,-3.949000,-43.289001,-5.382000,NaN,2.632547,true,Self-supervised model,0.162631,7.038000,179.195467,25.461135,0.000000,0.000000,2.037458,0.928130,false,false
2026-04-17T14:33:12.865714,0.918371,-0.100192,-3.235533,275.382,W,1,0.923820,1,0.923820,1.157674,2.115994,0.547512,0.984017,9.064447,3.155558,0.235625,-0.006925,-0.494169,0.547512,-0.191201,-0.575435,-0.199753,0.638423,0.606369,-3.949000,-43.289001,-5.382000,NaN,2.634866,true,Self-supervised model,0.160803,7.047000,179.156192,25.423044,0.000000,0.000000,2.114425,0.857601,false,false
2026-04-17T14:33:12.873393,0.918371,-0.100192,-3.234382,275.316,W,1,0.923820,1,0.923820,1.074241,2.096324,0.636222,0.754174,9.052477,3.019088,0.000569,-0.016300,-0.636013,0.636222,-0.182038,-0.525344,-0.243735,0.607068,0.555989,-3.949000,-43.289001,-5.382000,NaN,2.637876,true,Self-supervised model,0.165730,7.055000,179.090277,25.384873,0.000000,0.000000,1.688469,1.048025,false,false
2026-04-17T14:33:12.880865,0.918371,-0.100192,-3.232698,275.220,W,1,0.923820,1,0.923820,1.032098,2.075755,0.810846,0.548272,9.006987,2.877831,-0.205674,-0.059837,-0.782041,0.810846,-0.193644,-0.477697,-0.277944,0.585615,0.515453,-3.949000,-43.289001,-5.382000,NaN,2.641695,true,Self-supervised model,0.173309,7.062000,178.993786,25.346047,0.000000,0.000000,1.272866,1.384605,false,false
2026-04-17T14:33:12.888472,0.918371,-0.100192,-3.230405,275.089,W,1,0.923820,1,0.923820,1.021525,2.055585,0.966017,0.313640,8.882488,2.822764,-0.435678,-0.182476,-0.842661,0.966017,-0.214414,-0.405615,-0.294437,0.545151,0.458799,-3.949000,-43.289001,-5.382000,NaN,2.646425,true,Self-supervised model,0.178663,7.070000,178.862386,25.298782,0.000000,0.000000,1.057460,1.772018,false,false
2026-04-17T14:33:12.896827,0.918371,-0.100192,-3.227456,274.920,W,1,0.923820,1,0.923820,1.028013,2.036482,1.062076,0.093374,8.820239,2.865860,-0.647042,-0.242644,-0.806515,1.062076,-0.234572,-0.323148,-0.287718,0.492169,0.399310,-3.949000,-43.289001,-5.382000,NaN,2.651995,true,Self-supervised model,0.181923,7.078000,178.693441,25.246318,0.000000,0.000000,0.967928,2.157952,false,false
2026-04-17T14:33:12.904708,0.918371,-0.100192,-3.223871,274.714,W,1,0.923820,1,0.923820,1.035926,2.018460,1.077468,-0.043096,8.798691,2.975993,-0.772121,-0.261859,-0.704413,1.077468,-0.243735,-0.243735,-0.257785,0.430426,0.344694,-3.949000,-43.289001,-5.382000,NaN,2.658125,true,Self-supervised model,0.182346,7.086000,178.488041,25.188829,0.000000,0.000000,0.961445,2.503258,false,false
2026-04-17T14:33:12.913401,0.918371,-0.100192,-3.219781,274.480,W,1,0.923820,1,0.923820,1.022650,2.000628,0.952950,-0.079009,8.832211,3.222595,-0.797026,-0.223356,-0.472204,0.952950,-0.224188,-0.191201,-0.210138,0.361906,0.294649,-3.949000,-43.289001,-5.382000,NaN,2.664237,true,Self-supervised model,0.180276,7.095000,178.253677,25.123844,0.000000,0.000000,1.073141,2.633146,false,false
2026-04-17T14:33:12.920439,0.918371,-0.100192,-3.215354,274.226,W,1,0.923820,1,0.923820,0.991785,1.982274,0.829747,-0.050278,8.913613,3.390190,-0.756386,-0.140313,-0.310922,0.829747,-0.199142,-0.177762,-0.182038,0.323102,0.266940,-3.949000,-43.289001,-5.382000,NaN,2.670010,true,Self-supervised model,0.176631,7.102000,178.000033,25.063367,0.000000,0.000000,1.195287,2.568068,false,false
2026-04-17T14:33:12.928825,0.918371,-0.100192,-3.210764,273.963,W,1,0.923820,1,0.923820,0.950685,1.963011,0.734906,-0.002394,9.030929,3.471592,-0.696870,-0.022780,-0.232251,0.734906,-0.145997,-0.166766,-0.155160,0.270556,0.221644,-3.949000,-43.289001,-5.382000,NaN,2.675255,true,Self-supervised model,0.175197,7.110000,177.737015,24.998174,0.000000,0.000000,1.293614,2.716279,false,false
2026-04-17T14:33:12.936959,0.918371,-0.100192,-3.206137,273.698,W,1,0.923820,1,0.923820,0.910734,1.942919,0.700994,0.026336,9.129091,3.466804,-0.656265,0.073692,-0.235115,0.700994,-0.080023,-0.162490,-0.136834,0.227003,0.181126,-3.949000,-43.289001,-5.382000,NaN,2.680024,true,Self-supervised model,0.175544,7.118000,177.471959,24.932841,0.000000,0.000000,1.299203,3.088043,false,false
2026-04-17T14:33:12.946777,0.918371,-0.100192,-3.201544,273.435,W,1,0.923820,1,0.923820,0.869009,1.921963,0.649949,0.126893,9.186552,3.361459,-0.543156,0.127357,-0.333460,0.649949,-0.020769,-0.163712,-0.135001,0.213209,0.165024,-3.949000,-43.289001,-5.382000,NaN,2.684487,true,Self-supervised model,0.175047,7.128000,177.208768,24.860938,0.000000,0.000000,1.337041,3.048406,false,false
2026-04-17T14:33:12.952624,0.918371,-0.100192,-3.196999,273.175,W,1,0.923820,1,0.923820,0.840329,1.900698,0.689761,0.186748,9.236830,3.208230,-0.469695,0.171877,-0.474989,0.689761,0.028711,-0.177762,-0.144164,0.230666,0.180065,-3.949000,-43.289001,-5.382000,NaN,2.688836,true,Self-supervised model,0.174590,7.134000,176.948381,24.803530,0.000000,0.000000,1.218291,2.990299,false,false
2026-04-17T14:33:12.963184,0.918371,-0.100192,-3.192469,272.915,W,1,0.923820,1,0.923820,0.842024,1.880351,0.850920,0.131681,9.272743,3.016694,-0.510024,0.200434,-0.650974,0.850920,0.058032,-0.199142,-0.157603,0.260507,0.207425,-4.358000,-41.543003,-2.540000,NaN,2.693310,true,Self-supervised model,0.183375,7.145000,176.688807,24.729014,0.000000,0.000000,0.989545,3.266396,false,false
2026-04-17T14:33:12.968936,0.918371,-0.100192,-3.187888,272.653,W,1,0.923820,1,0.923820,0.851142,1.861182,0.899017,0.153229,9.279925,2.911349,-0.473042,0.199190,-0.738096,0.899017,0.070860,-0.212581,-0.160047,0.275367,0.224080,-4.358000,-41.543003,-2.540000,NaN,2.698094,true,Self-supervised model,0.181488,7.150000,176.426326,24.675011,0.000000,0.000000,0.946748,3.264798,false,false
2026-04-17T14:33:12.978078,0.918371,-0.100192,-3.183225,272.385,W,1,0.923820,1,0.923820,0.847821,1.842648,0.830385,0.234632,9.220071,2.901772,-0.376483,0.130629,-0.728516,0.830385,0.064141,-0.224188,-0.160658,0.283169,0.233183,-4.358000,-41.543003,-2.540000,NaN,2.703082,true,Self-supervised model,0.182083,7.160000,176.159181,24.603238,0.000000,0.000000,1.020998,2.932465,false,false
2026-04-17T14:33:12.984942,0.918371,-0.100192,-3.178490,272.114,W,1,0.923820,1,0.923820,0.827514,1.824043,0.720898,0.275333,9.318233,3.004723,-0.321245,0.220278,-0.606608,0.720898,0.047037,-0.252898,-0.160047,0.302960,0.257235,-4.358000,-41.543003,-2.540000,NaN,2.708106,true,Self-supervised model,0.176403,7.166000,175.887897,24.544781,0.000000,0.000000,1.147893,2.379514,false,false
2026-04-17T14:33:12.992838,0.918371,-0.100192,-3.173685,271.839,W,1,0.923820,1,0.923820,0.787980,1.804600,0.580432,0.320823,9.404425,3.169923,-0.262487,0.298352,-0.423069,0.580432,0.032987,-0.279776,-0.148440,0.318430,0.281714,-4.358000,-41.543003,-2.540000,NaN,2.713192,true,Self-supervised model,0.171580,7.174000,175.612590,24.479034,0.000000,0.000000,1.357576,1.822795,false,false
2026-04-17T14:33:13.000945,0.918371,-0.100192,-3.168839,271.561,W,1,0.923820,1,0.923820,0.730668,1.783643,0.429778,0.450110,9.483433,3.392584,-0.121229,0.369637,-0.182707,0.429778,0.028711,-0.288328,-0.144775,0.323910,0.289754,-4.358000,-41.543003,-2.540000,NaN,2.718204,true,Self-supervised model,0.165090,7.182000,175.334905,24.413103,0.000000,0.000000,1.700104,1.326847,false,false
2026-04-17T14:33:13.009541,0.918371,-0.100192,-3.163998,271.284,W,1,0.923820,1,0.923820,0.678192,1.761425,0.402691,0.569820,9.509769,3.663129,0.009664,0.388803,0.104396,0.402691,0.036652,-0.292604,-0.152105,0.331808,0.294891,-4.358000,-41.543003,-2.540000,NaN,2.723022,true,Self-supervised model,0.164798,7.191000,175.057541,24.343977,0.000000,0.000000,1.684149,1.213625,false,false
2026-04-17T14:33:13.017395,0.918371,-0.100192,-3.159174,271.007,W,1,0.923820,1,0.923820,0.652890,1.739083,0.520057,0.636858,9.521740,3.871424,0.087132,0.394287,0.327727,0.520057,0.063530,-0.277333,-0.165544,0.329172,0.284516,-4.358000,-41.543003,-2.540000,NaN,2.727777,true,Self-supervised model,0.172387,7.199000,174.781165,24.278534,0.000000,0.000000,1.255421,1.579892,false,false
2026-04-17T14:33:13.024593,0.918371,-0.100192,-3.154387,270.733,W,1,0.923820,1,0.923820,0.644030,1.717281,0.597513,0.596156,9.550470,3.955221,0.055434,0.417834,0.423513,0.597513,0.100182,-0.236405,-0.177151,0.311939,0.256756,-4.358000,-41.543003,-2.540000,NaN,2.732420,true,Self-supervised model,0.177040,7.206000,174.506862,24.216883,0.000000,0.000000,1.077851,1.915478,false,false
2026-04-17T14:33:13.032992,0.918371,-0.100192,-3.149716,270.465,W,1,0.923820,1,0.923820,0.656425,1.696847,0.721497,0.440533,9.615114,4.053383,-0.090882,0.477480,0.533208,0.721497,0.138056,-0.179594,-0.172875,0.284955,0.226525,-4.358000,-41.543003,-2.540000,NaN,2.736625,true,Self-supervised model,0.183156,7.214000,174.239236,24.152930,0.000000,0.000000,0.909809,2.531971,false,false
2026-04-17T14:33:13.041302,0.918371,-0.100192,-3.145193,270.206,W,1,0.923820,1,0.923820,0.689439,1.678551,0.862767,0.320823,9.710882,4.125209,-0.200926,0.567811,0.617727,0.862767,0.174707,-0.120951,-0.156992,0.264194,0.212490,-4.358000,-41.543003,-2.540000,NaN,2.740556,true,Self-supervised model,0.187852,7.223000,173.980087,24.086957,0.000000,0.000000,0.799102,3.265657,false,false
2026-04-17T14:33:13.050368,0.918371,-0.100192,-3.140878,269.959,W,1,0.923820,1,0.923820,0.738475,1.662948,0.995913,0.277727,9.840169,4.170700,-0.234414,0.690958,0.677842,0.995913,0.215635,-0.060476,-0.131336,0.259625,0.223955,-4.358000,-41.543003,-2.540000,NaN,2.744035,true,Self-supervised model,0.191541,7.232000,173.732895,24.022801,0.000000,0.000000,0.741506,3.835968,false,false
2026-04-17T14:33:13.056604,0.918371,-0.100192,-3.136853,269.728,W,1,0.923820,1,0.923820,0.790771,1.650061,1.065324,0.316035,9.950302,4.161122,-0.186581,0.794125,0.685179,1.065324,0.259618,-0.014050,-0.112399,0.283253,0.259998,-4.358000,-41.543003,-2.540000,NaN,2.746905,true,Self-supervised model,0.190804,7.238000,173.502259,23.971022,0.000000,0.000000,0.742282,3.761033,false,false
2026-04-17T14:33:13.066046,0.918371,-0.100192,-3.133168,269.517,W,1,0.923820,1,0.923820,0.850945,1.640096,1.166858,0.399832,10.110714,4.132392,-0.093682,0.946838,0.675483,1.166858,0.288328,0.015882,-0.098349,0.305054,0.288766,-4.358000,-41.543003,-2.540000,NaN,2.749228,true,Self-supervised model,0.193914,7.247000,173.291134,23.912120,0.000000,0.000000,0.729262,3.825082,false,false
2026-04-17T14:33:13.072949,0.918371,-0.100192,-3.129854,269.327,W,1,0.923820,1,0.923820,0.911190,1.632940,1.227478,0.538695,10.194510,4.113238,0.053812,1.022298,0.677285,1.227478,0.315206,0.036652,-0.090408,0.329958,0.317330,-4.358000,-41.543003,-2.540000,NaN,2.751060,true,Self-supervised model,0.193248,7.254000,173.101244,23.862868,0.000000,0.000000,0.742327,3.720108,false,false
2026-04-17T14:33:13.082356,0.918371,-0.100192,-3.126920,269.159,W,1,0.923820,1,0.923820,0.960968,1.628061,1.222304,0.802058,10.110714,4.137180,0.325521,0.929665,0.723731,1.222304,0.332311,0.043371,-0.092241,0.347591,0.335129,-4.358000,-41.543003,-2.540000,NaN,2.752474,true,Self-supervised model,0.194095,7.264000,172.933124,23.806873,0.000000,0.000000,0.786194,3.516495,false,false
2026-04-17T14:33:13.089062,0.918371,-0.100192,-3.124333,269.011,W,1,0.923820,1,0.923820,1.003468,1.625077,1.226588,0.993594,10.062830,4.072537,0.525987,0.872379,0.683235,1.226588,0.365908,0.059254,-0.111788,0.387165,0.370675,-4.358000,-41.543003,-2.540000,NaN,2.753670,true,Self-supervised model,0.192489,7.271000,172.784917,23.763570,0.000000,0.000000,0.818097,3.168130,false,false
2026-04-17T14:33:13.097201,0.918371,-0.100192,-3.122009,268.878,W,1,0.923820,1,0.923820,1.044359,1.623848,1.259038,1.161188,10.070012,3.940856,0.704154,0.869645,0.577114,1.259038,0.384845,0.090408,-0.137445,0.418534,0.395322,-4.358000,-41.543003,-2.540000,NaN,2.754942,true,Self-supervised model,0.193451,7.279000,172.651775,23.719161,0.000000,0.000000,0.829490,3.008212,false,false
2026-04-17T14:33:13.105476,0.918371,-0.100192,-3.119838,268.754,W,1,0.923820,1,0.923820,1.080990,1.624134,1.273306,1.261744,10.074800,3.790021,0.818252,0.864061,0.452956,1.273306,0.398895,0.125838,-0.175318,0.453529,0.418273,-4.358000,-41.543003,-2.540000,NaN,2.756506,true,Self-supervised model,0.193198,7.287000,172.527342,23.676045,0.000000,0.000000,0.848964,2.807549,false,false
2026-04-17T14:33:13.117746,0.918371,-0.100192,-3.117663,268.629,W,1,0.923820,1,0.923820,1.097860,1.625083,1.186425,1.252167,10.046070,3.524265,0.825510,0.824716,0.214431,1.186425,0.393397,0.142942,-0.222355,0.473957,0.418562,-4.358000,-41.543003,-2.540000,NaN,2.758690,true,Self-supervised model,0.191685,7.299000,172.402770,23.620053,0.000000,0.000000,0.925352,2.503231,false,false
2026-04-17T14:33:13.121815,0.918371,-0.100192,-3.115312,268.494,W,1,0.923820,1,0.923820,1.091208,1.625728,1.056287,1.149217,9.981427,3.332729,0.742281,0.749917,0.048825,1.056287,0.362243,0.129503,-0.273057,0.471753,0.384696,-2.834000,-40.231003,-2.129000,NaN,2.761751,true,Self-supervised model,0.185916,7.303000,172.268038,23.588667,0.000000,0.000000,1.033061,2.239065,false,false
2026-04-17T14:33:13.129855,0.918371,-0.100192,-3.112606,268.339,W,1,0.923820,1,0.923820,1.060408,1.625115,0.898708,0.907402,9.969456,3.198653,0.521780,0.729035,-0.062682,0.898708,0.304211,0.091630,-0.304822,0.440291,0.317711,-2.834000,-40.231003,-2.129000,NaN,2.765873,true,Self-supervised model,0.184044,7.311000,172.113020,23.541652,0.000000,0.000000,1.179925,2.041165,false,false
2026-04-17T14:33:13.136897,0.918371,-0.100192,-3.109413,268.156,W,1,0.923820,1,0.923820,1.018890,1.622866,0.800923,0.600945,10.012551,3.246537,0.236928,0.765072,0.002776,0.800923,0.224188,0.042761,-0.317650,0.391139,0.228229,-2.834000,-40.231003,-2.129000,NaN,2.771015,true,Self-supervised model,0.181421,7.318000,171.930077,23.494135,0.000000,0.000000,1.272145,2.047667,false,false
2026-04-17T14:33:13.147681,0.918371,-0.100192,-3.105680,267.942,W,1,0.923820,1,0.923820,1.005140,1.620157,0.932948,0.260968,10.149021,3.476381,-0.082378,0.896460,0.244880,0.932948,0.152105,0.000611,-0.299935,0.336299,0.152107,-2.834000,-40.231003,-2.129000,NaN,2.776911,true,Self-supervised model,0.187902,7.329000,171.716159,23.429685,0.000000,0.000000,1.077380,2.774159,false,false
2026-04-17T14:33:13.152932,0.918371,-0.100192,-3.101447,267.700,W,1,0.923820,1,0.923820,1.061488,1.619810,1.357314,-0.045490,10.431537,3.792415,-0.369645,1.175251,0.569604,1.357314,0.111177,-0.010996,-0.259007,0.282074,0.111720,-2.834000,-40.231003,-2.129000,NaN,2.783139,true,Self-supervised model,0.196060,7.334000,171.473657,23.380646,0.000000,0.000000,0.782050,4.811902,false,false
2026-04-17T14:33:13.160804,0.918371,-0.100192,-3.096851,267.437,W,1,0.923820,1,0.923820,1.195806,1.624850,1.900980,-0.311246,10.819398,4.108450,-0.618453,1.559841,0.893385,1.900980,0.104458,0.010996,-0.211359,0.236019,0.105035,-2.834000,-40.231003,-2.129000,NaN,2.789189,true,Self-supervised model,0.207948,7.342000,171.210327,23.319304,0.000000,0.000000,0.629047,8.054338,false,false
2026-04-17T14:33:13.169044,0.918371,-0.100192,-3.092120,267.165,W,1,0.923820,1,0.923820,1.360497,1.636276,2.225121,-0.454898,11.101913,4.211401,-0.747870,1.838748,1.005415,2.225121,0.136223,0.072082,-0.155771,0.219128,0.154119,-2.834000,-40.231003,-2.129000,NaN,2.794462,true,Self-supervised model,0.213803,7.350000,170.939240,23.257039,0.000000,0.000000,0.611426,10.154440,false,false
2026-04-17T14:33:13.178390,0.918371,-0.100192,-3.087541,266.903,W,1,0.923820,1,0.923820,1.505684,1.653052,2.267916,-0.493206,11.243171,3.995923,-0.773287,1.975581,0.801592,2.267916,0.177151,0.172264,-0.112399,0.271461,0.247098,-2.834000,-40.231003,-2.129000,NaN,2.798429,true,Self-supervised model,0.212467,7.360000,170.676911,23.189798,0.000000,0.000000,0.663906,8.354491,false,false
2026-04-17T14:33:13.185062,0.918371,-0.100192,-3.083324,266.661,W,1,0.923820,1,0.923820,1.603453,1.673068,2.116740,-0.416591,11.235989,3.579332,-0.683483,1.963257,0.398826,2.116740,0.198531,0.296270,-0.081245,0.365775,0.356638,-2.834000,-40.231003,-2.129000,NaN,2.801204,true,Self-supervised model,0.205801,7.367000,170.435250,23.134960,0.000000,0.000000,0.757510,5.787005,false,false
2026-04-17T14:33:13.192543,0.918371,-0.100192,-3.079577,266.447,W,1,0.923820,1,0.923820,1.648235,1.694075,1.883342,-0.177171,11.106702,3.035848,-0.429248,1.829052,-0.131499,1.883342,0.177151,0.389121,-0.078191,0.434640,0.427549,-2.834000,-40.231003,-2.129000,NaN,2.803066,true,Self-supervised model,0.201836,7.374000,170.220580,23.083887,0.000000,0.000000,0.875165,4.333112,false,false
2026-04-17T14:33:13.200891,0.918371,-0.100192,-3.076273,266.257,W,1,0.923820,1,0.923820,1.675506,1.715332,1.818677,-0.052672,10.953473,2.504335,-0.286968,1.672422,-0.654398,1.818677,0.092852,0.456927,-0.100793,0.477036,0.466266,-2.834000,-40.231003,-2.129000,NaN,2.804598,true,Self-supervised model,0.200800,7.382000,170.031299,23.033229,0.000000,0.000000,0.921277,3.812454,false,false
2026-04-17T14:33:13.209450,0.918371,-0.100192,-3.073234,266.083,W,1,0.923820,1,0.923820,1.667593,1.735423,1.626054,0.071826,10.618284,2.243367,-0.141019,1.336649,-0.915170,1.626054,-0.040928,0.469145,-0.150273,0.494321,0.470926,-2.834000,-40.231003,-2.129000,NaN,2.806580,true,Self-supervised model,0.197322,7.391000,169.857154,22.981620,0.000000,0.000000,1.025546,3.289468,false,false
2026-04-17T14:33:13.216763,0.918371,-0.100192,-3.070168,265.908,W,1,0.923820,1,0.923820,1.633136,1.753331,1.452236,-0.069432,10.237606,2.109292,-0.257520,0.959003,-1.059710,1.452236,-0.204029,0.397673,-0.211359,0.494413,0.446958,-2.834000,-40.231003,-2.129000,NaN,2.809751,true,Self-supervised model,0.193549,7.398000,169.681505,22.936132,0.000000,0.000000,1.124567,2.937290,false,false
2026-04-17T14:33:13.224945,0.918371,-0.100192,-3.066757,265.712,W,1,0.923820,1,0.923820,1.560185,1.767605,1.177192,-0.512359,9.866506,2.432509,-0.674819,0.595161,-0.759067,1.177192,-0.354913,0.255342,-0.251066,0.504179,0.437221,-2.834000,-40.231003,-2.129000,NaN,2.814545,true,Self-supervised model,0.187204,7.406000,169.486054,22.884965,0.000000,0.000000,1.325345,2.334869,false,false
2026-04-17T14:33:13.232704,0.918371,-0.100192,-3.062775,265.484,W,1,0.923820,1,0.923820,1.509849,1.779295,1.245582,-1.015141,9.720459,3.239355,-1.157174,0.460699,0.013354,1.245582,-0.514959,0.002443,-0.229074,0.563617,0.514965,-2.834000,-40.231003,-2.129000,NaN,2.820808,true,Self-supervised model,0.187322,7.414000,169.257924,22.829502,0.000000,0.000000,1.212163,2.209979,false,false
2026-04-17T14:33:13.241105,0.918371,-0.100192,-3.058305,265.228,W,1,0.923820,1,0.923820,1.531205,1.791372,1.643325,-1.254562,9.588778,4.079720,-1.386914,0.343607,0.811741,1.643325,-0.591928,-0.252287,-0.153938,0.661608,0.643450,-2.834000,-40.231003,-2.129000,NaN,2.827233,true,Self-supervised model,0.194050,7.423000,169.001791,22.767317,0.000000,0.000000,0.931772,2.483836,false,false
2026-04-17T14:33:13.251030,0.918371,-0.100192,-3.053716,264.965,W,1,0.923820,1,0.923820,1.657107,1.808001,2.318094,-1.470040,9.440337,4.970363,-1.604265,0.210277,1.660023,2.318094,-0.557720,-0.408669,-0.050702,0.693277,0.691420,-2.834000,-40.231003,-2.129000,NaN,2.832295,true,Self-supervised model,0.203311,7.432000,168.738883,22.704371,0.000000,0.000000,0.714858,3.343678,false,false
2026-04-17T14:33:13.256722,0.918371,-0.100192,-3.049465,264.721,W,1,0.923820,1,0.923820,1.864615,1.832266,2.954029,-1.580173,9.313444,5.741296,-1.727344,0.096768,2.394412,2.954029,-0.458760,-0.469755,0.057421,0.659111,0.656605,-2.834000,-40.231003,-2.129000,NaN,2.835200,true,Self-supervised model,0.208403,7.438000,168.495266,22.653303,0.000000,0.000000,0.631211,4.481835,false,false
2026-04-17T14:33:13.266012,0.918371,-0.100192,-3.046023,264.524,W,1,0.923820,1,0.923820,2.105786,1.865206,3.371936,-1.505953,9.188946,6.296751,-1.676542,-0.018457,2.925546,3.371936,-0.263894,-0.460592,0.197920,0.566531,0.530835,-2.834000,-40.231003,-2.129000,NaN,2.835400,true,Self-supervised model,0.218857,7.447000,168.298082,22.599447,0.000000,0.000000,0.624504,5.951897,false,false
2026-04-17T14:33:13.273311,0.918371,-0.100192,-3.043877,264.401,W,1,0.923820,1,0.923820,2.307225,1.904887,3.364780,-1.221043,9.042900,6.423643,-1.423377,-0.161000,3.044638,3.364780,-0.012217,-0.376904,0.327424,0.499412,0.377102,-2.834000,-40.231003,-2.129000,NaN,2.832364,true,Self-supervised model,0.222483,7.455000,168.175121,22.558702,0.000000,0.000000,0.685699,6.737487,false,false
2026-04-17T14:33:13.281936,0.918371,-0.100192,-3.043423,264.375,W,1,0.923820,1,0.923820,2.413425,1.947229,2.970973,-0.732626,8.741230,6.138733,-0.970227,-0.465323,2.769263,2.970973,0.208305,-0.250455,0.396452,0.513120,0.325758,-2.113000,-40.880001,0.166000,NaN,2.826050,true,Self-supervised model,0.220681,7.463000,168.149110,22.531034,0.000000,0.000000,0.812335,5.790014,false,false
2026-04-17T14:33:13.288550,0.918371,-0.100192,-3.044808,264.455,W,1,0.923820,1,0.923820,2.373097,1.986263,2.161376,-0.275333,8.576031,5.334281,-0.546364,-0.639178,1.991101,2.161376,0.437990,-0.067806,0.425162,0.614163,0.443208,-2.113000,-40.880001,0.166000,NaN,2.817310,true,Self-supervised model,0.205908,7.470000,168.228455,22.520543,0.000000,0.000000,1.097957,3.519222,false,false
2026-04-17T14:33:13.297668,0.918371,-0.100192,-3.047936,264.634,W,1,0.923820,1,0.923820,2.186075,2.016256,1.204210,-0.007183,8.576031,4.271256,-0.305634,-0.651771,0.965352,1.204210,0.587041,0.138056,0.414167,0.731581,0.603056,-2.113000,-40.880001,0.166000,NaN,2.807206,true,Self-supervised model,0.182868,7.479000,168.407712,22.517410,0.000000,0.000000,1.815361,1.646037,false,false
2026-04-17T14:33:13.304676,0.918371,-0.100192,-3.052510,264.896,W,1,0.923820,1,0.923820,1.949172,2.035572,0.705432,0.143652,8.580819,3.438074,-0.174336,-0.661109,0.173715,0.705432,0.627969,0.316428,0.374460,0.796676,0.703187,-2.113000,-40.880001,0.166000,NaN,2.796851,true,Self-supervised model,0.166056,7.486000,168.669773,22.531362,0.000000,0.000000,2.763088,0.885469,false,false
2026-04-17T14:33:13.315626,0.918371,-0.100192,-3.058124,265.218,W,1,0.923820,1,0.923820,1.762988,2.046669,0.785520,0.316035,8.638280,2.738967,-0.013942,-0.617110,-0.485821,0.785520,0.596204,0.395841,0.319483,0.783721,0.715646,-2.113000,-40.880001,0.166000,NaN,2.787078,true,Self-supervised model,0.168980,7.497000,168.991414,22.541205,0.000000,0.000000,2.244358,1.002295,false,false
2026-04-17T14:33:13.320588,0.918371,-0.100192,-3.064304,265.572,W,1,0.923820,1,0.923820,1.658365,2.053137,1.109094,0.337582,8.777143,2.195483,0.003182,-0.489973,-0.994991,1.109094,0.510683,0.431882,0.226020,0.705978,0.668819,-2.113000,-40.880001,0.166000,NaN,2.778634,true,Self-supervised model,0.173494,7.502000,169.345487,22.573379,0.000000,0.000000,1.495242,1.571005,false,false
2026-04-17T14:33:13.331327,0.918371,-0.100192,-3.070516,265.928,W,1,0.923820,1,0.923820,1.608311,2.057344,1.345528,0.311246,8.889671,1.874660,-0.019834,-0.386907,-1.288548,1.345528,0.400117,0.423940,0.122784,0.595730,0.582940,-2.113000,-40.880001,0.166000,NaN,2.772291,true,Self-supervised model,0.187239,7.513000,169.701426,22.587705,0.000000,0.000000,1.195301,2.258619,false,false
2026-04-17T14:33:13.336711,0.918371,-0.100192,-3.076215,266.254,W,1,0.923820,1,0.923820,1.592202,2.060738,1.507628,0.196325,8.872911,1.697489,-0.125236,-0.411004,-1.445107,1.507628,0.276111,0.372628,0.011606,0.463922,0.463777,-2.113000,-40.880001,0.166000,NaN,2.768644,true,Self-supervised model,0.189068,7.518000,170.027976,22.616118,0.000000,0.000000,1.056097,3.249745,false,false
2026-04-17T14:33:13.347810,0.918371,-0.100192,-3.080979,266.527,W,1,0.923820,1,0.923820,1.606684,2.064576,1.682717,0.079009,8.779537,1.541866,-0.228397,-0.509349,-1.587431,1.682717,0.158214,0.299935,-0.074526,0.347198,0.339106,-2.113000,-40.880001,0.166000,NaN,2.767621,true,Self-supervised model,0.199758,7.529000,170.300933,22.619330,0.000000,0.000000,0.954815,4.846559,false,false
2026-04-17T14:33:13.353520,0.918371,-0.100192,-3.084508,266.729,W,1,0.923820,1,0.923820,1.629224,2.069162,1.747561,-0.059855,8.599973,1.558625,-0.349856,-0.690835,-1.566626,1.747561,0.004887,0.191812,-0.151495,0.244471,0.191874,-2.113000,-40.880001,0.166000,NaN,2.769032,true,Self-supervised model,0.202302,7.535000,170.503128,22.628152,0.000000,0.000000,0.932285,7.148329,false,false
2026-04-17T14:33:13.361297,0.918371,-0.100192,-3.086599,266.849,W,1,0.923820,1,0.923820,1.644886,2.074191,1.727110,-0.184354,8.372523,1.740585,-0.455667,-0.916712,-1.391012,1.727110,-0.152105,0.080023,-0.203418,0.266306,0.171871,-2.113000,-40.880001,0.166000,NaN,2.772694,true,Self-supervised model,0.204234,7.543000,170.622927,22.620035,0.000000,0.000000,0.952392,6.485440,false,false
2026-04-17T14:33:13.368890,0.918371,-0.100192,-3.087205,266.884,W,1,0.923820,1,0.923820,1.643946,2.078981,1.639009,-0.263362,8.173804,2.059013,-0.516586,-1.110248,-1.089422,1.639009,-0.287718,-0.014661,-0.224798,0.365418,0.288091,-2.113000,-40.880001,0.166000,NaN,2.778031,true,Self-supervised model,0.201266,7.550000,170.657612,22.603657,0.000000,0.000000,1.003012,4.485293,false,false
2026-04-17T14:33:13.377645,0.918371,-0.100192,-3.086431,266.839,W,1,0.923820,1,0.923820,1.613075,2.082345,1.451006,-0.330400,8.070854,2.597709,-0.567318,-1.205318,-0.575130,1.451006,-0.365908,-0.072693,-0.219911,0.433052,0.373059,-2.113000,-40.880001,0.166000,NaN,2.784318,true,Self-supervised model,0.196025,7.559000,170.613312,22.570884,0.000000,0.000000,1.111695,3.350648,false,false
2026-04-17T14:33:13.385584,0.918371,-0.100192,-3.084523,266.730,W,1,0.923820,1,0.923820,1.578915,2.084208,1.399573,-0.359130,7.996634,3.119645,-0.582697,-1.269836,-0.082374,1.399573,-0.413556,-0.112399,-0.191201,0.469276,0.428558,-2.113000,-40.880001,0.166000,NaN,2.790768,true,Self-supervised model,0.193126,7.567000,170.503959,22.532570,0.000000,0.000000,1.128140,2.982412,false,false
2026-04-17T14:33:13.392908,0.918371,-0.100192,-3.081811,266.575,W,1,0.923820,1,0.923820,1.561850,2.085313,1.472258,-0.390255,7.941567,3.505111,-0.604127,-1.314600,0.272766,1.472258,-0.410501,-0.118508,-0.145386,0.451323,0.427265,-2.113000,-40.880001,0.166000,NaN,2.796692,true,Self-supervised model,0.194248,7.574000,170.348592,22.491232,0.000000,0.000000,1.060853,3.262092,false,false
2026-04-17T14:33:13.400781,0.918371,-0.100192,-3.078675,266.395,W,1,0.923820,1,0.923820,1.553011,2.086021,1.506606,-0.407014,7.939173,3.691859,-0.612816,-1.307143,0.430925,1.506606,-0.372628,-0.091019,-0.086132,0.393134,0.383583,-2.113000,-40.880001,0.166000,NaN,2.801528,true,Self-supervised model,0.195669,7.582000,170.168879,22.443798,0.000000,0.000000,1.030801,3.832294,false,false
2026-04-17T14:33:13.409562,0.918371,-0.100192,-3.075361,266.205,W,1,0.923820,1,0.923820,1.541124,2.086225,1.478715,-0.313640,7.927202,3.739743,-0.515023,-1.310041,0.452925,1.478715,-0.331089,-0.054978,-0.038485,0.337822,0.335623,-2.113000,-40.880001,0.166000,NaN,2.805552,true,Self-supervised model,0.196623,7.591000,169.979004,22.392176,0.000000,0.000000,1.042205,4.377204,false,false
2026-04-17T14:33:13.417331,0.918371,-0.100192,-3.072218,266.025,W,1,0.923820,1,0.923820,1.511477,2.085235,1.355835,-0.220267,7.979874,3.627216,-0.420696,-1.249203,0.317481,1.355835,-0.304822,-0.026878,-0.003665,0.306026,0.306004,-2.113000,-40.880001,0.166000,NaN,2.808009,true,Self-supervised model,0.194613,7.599000,169.798951,22.344907,0.000000,0.000000,1.114795,4.430450,false,false
2026-04-17T14:33:13.424955,0.918371,-0.100192,-3.069523,265.871,W,1,0.923820,1,0.923820,1.462162,2.082312,1.203254,-0.102951,8.066066,3.469198,-0.305198,-1.155583,0.138930,1.203254,-0.265116,0.037874,0.064752,0.275524,0.267807,-2.113000,-40.880001,0.166000,NaN,2.808913,true,Self-supervised model,0.192367,7.606000,169.644551,22.304043,0.000000,0.000000,1.215173,4.367148,false,false
2026-04-17T14:33:13.432820,0.918371,-0.100192,-3.067449,265.752,W,1,0.923820,1,0.923820,1.395086,2.076823,1.042938,0.126893,8.176199,3.289633,-0.079127,-1.038172,-0.060489,1.042938,-0.264505,0.065973,0.093462,0.288185,0.272608,-2.113000,-40.880001,0.166000,NaN,2.808505,true,Self-supervised model,0.188674,7.614000,169.525697,22.264998,0.000000,0.000000,1.337649,3.618993,false,false
2026-04-17T14:33:13.442118,0.918371,-0.100192,-3.066055,265.672,W,1,0.923820,1,0.923820,1.328493,2.068890,0.978883,0.337582,8.252813,3.191471,0.126719,-0.953971,-0.179146,0.978883,-0.279776,0.062308,0.098960,0.303233,0.286631,-1.782000,-40.821003,-1.183000,NaN,2.807179,true,Self-supervised model,0.187999,7.624000,169.445807,22.225316,0.000000,0.000000,1.357153,3.228155,false,false
2026-04-17T14:33:13.449382,0.918371,-0.100192,-3.065280,265.628,W,1,0.923820,1,0.923820,1.260743,2.058564,0.905056,0.397437,8.339005,3.174711,0.181249,-0.859442,-0.218256,0.905056,-0.312763,0.031154,0.089797,0.326887,0.314311,-1.782000,-40.821003,-1.183000,NaN,2.805474,true,Self-supervised model,0.186136,7.631000,169.401443,22.199115,0.000000,0.000000,1.393000,2.768717,false,false
2026-04-17T14:33:13.456737,0.918371,-0.100192,-3.064985,265.611,W,1,0.923820,1,0.923820,1.192407,2.045918,0.833638,0.390255,8.386889,3.265691,0.168044,-0.802250,-0.152018,0.833638,-0.348804,-0.018937,0.083689,0.359203,0.349318,-1.782000,-40.821003,-1.183000,NaN,2.803851,true,Self-supervised model,0.184353,7.638000,169.384549,22.176558,0.000000,0.000000,1.430364,2.320802,false,false
2026-04-17T14:33:13.465119,0.918371,-0.100192,-3.065032,265.613,W,1,0.923820,1,0.923820,1.123937,2.031039,0.764470,0.335188,8.425196,3.517082,0.105321,-0.753704,0.072471,0.764470,-0.371406,-0.067195,0.096517,0.389581,0.377436,-1.782000,-40.821003,-1.183000,NaN,2.802438,true,Self-supervised model,0.182483,7.647000,169.387216,22.150806,0.000000,0.000000,1.470217,1.962289,false,false
2026-04-17T14:33:13.472814,0.918371,-0.100192,-3.065354,265.632,W,1,0.923820,1,0.923820,1.078764,2.014948,0.841607,0.280122,8.413225,3.842694,0.039563,-0.754841,0.370070,0.841607,-0.374460,-0.125227,0.122784,0.413495,0.394845,-1.782000,-40.821003,-1.183000,NaN,2.801015,true,Self-supervised model,0.185511,7.654000,169.405660,22.132958,0.000000,0.000000,1.281791,2.035347,false,false
2026-04-17T14:33:13.481654,0.918371,-0.100192,-3.065973,265.667,W,1,0.923820,1,0.923820,1.057275,1.998641,0.944456,0.248997,8.497022,4.175488,-0.006116,-0.660185,0.675364,0.944456,-0.345750,-0.174707,0.167377,0.421996,0.387383,-1.782000,-40.821003,-1.183000,NaN,2.799210,true,Self-supervised model,0.189022,7.663000,169.441102,22.111588,0.000000,0.000000,1.119453,2.238069,false,false
2026-04-17T14:33:13.488946,0.918371,-0.100192,-3.066974,265.725,W,1,0.923820,1,0.923820,1.055774,1.982926,1.047893,0.325611,8.590396,4.412514,0.051831,-0.556334,0.886501,1.047893,-0.286496,-0.213192,0.218690,0.418755,0.357114,-1.782000,-40.821003,-1.183000,NaN,2.796677,true,Self-supervised model,0.191821,7.670000,169.498476,22.098889,0.000000,0.000000,1.007521,2.502399,false,false
2026-04-17T14:33:13.497353,0.918371,-0.100192,-3.068464,265.810,W,1,0.923820,1,0.923820,1.073331,1.968542,1.165505,0.483629,8.683769,4.606444,0.187143,-0.453304,1.057305,1.165505,-0.214414,-0.240681,0.256563,0.411977,0.322336,-1.782000,-40.821003,-1.183000,NaN,2.793234,true,Self-supervised model,0.194625,7.679000,169.583832,22.084104,0.000000,0.000000,0.920915,2.829052,false,false
2026-04-17T14:33:13.504889,0.918371,-0.100192,-3.070531,265.928,W,1,0.923820,1,0.923820,1.089465,1.955379,1.174171,0.644040,8.817844,4.654328,0.321569,-0.310747,1.085683,1.174171,-0.118508,-0.260229,0.281609,0.401331,0.285942,-1.782000,-40.821003,-1.183000,NaN,2.788857,true,Self-supervised model,0.194333,7.686000,169.702281,22.079402,0.000000,0.000000,0.927859,2.925693,false,false
2026-04-17T14:33:13.516016,0.918371,-0.100192,-3.073219,266.082,W,1,0.923820,1,0.923820,1.090339,1.942778,1.094924,0.837971,8.937555,4.537012,0.487152,-0.187676,0.962454,1.094924,-0.021991,-0.262672,0.287107,0.389757,0.263591,-1.782000,-40.821003,-1.183000,NaN,2.783686,true,Self-supervised model,0.193070,7.697000,169.856287,22.067856,0.000000,0.000000,0.995812,2.809248,false,false
2026-04-17T14:33:13.521133,0.918371,-0.100192,-3.076576,266.275,W,1,0.923820,1,0.923820,1.072133,1.929952,0.976555,0.933739,9.006987,4.369418,0.555238,-0.117103,0.794769,0.976555,0.059254,-0.246790,0.269392,0.370119,0.253803,-1.782000,-40.821003,-1.183000,NaN,2.777651,true,Self-supervised model,0.187519,7.703000,170.048647,22.075639,0.000000,0.000000,1.097872,2.638492,false,false
2026-04-17T14:33:13.530896,0.918371,-0.100192,-3.080474,266.498,W,1,0.923820,1,0.923820,1.022932,1.915671,0.764629,0.955287,9.042900,4.094085,0.550863,-0.081839,0.523937,0.764629,0.114232,-0.227853,0.244957,0.353511,0.254884,-1.782000,-40.821003,-1.183000,NaN,2.771593,true,Self-supervised model,0.182797,7.712000,170.271954,22.078832,0.000000,0.000000,1.337816,2.162959,false,false
2026-04-17T14:33:13.537329,0.918371,-0.100192,-3.084756,266.743,W,1,0.923820,1,0.923820,0.948158,1.898971,0.555589,0.905008,9.023746,3.828329,0.476926,-0.102882,0.265774,0.555589,0.144775,-0.218079,0.218079,0.340700,0.261760,-1.782000,-40.821003,-1.183000,NaN,2.765774,true,Self-supervised model,0.173029,7.719000,170.517289,22.090593,0.000000,0.000000,1.706580,1.630728,false,false
2026-04-17T14:33:13.548491,0.918371,-0.100192,-3.089259,267.002,W,1,0.923820,1,0.923820,0.867992,1.879731,0.447126,0.864307,8.978256,3.665523,0.410537,-0.146063,0.100233,0.447126,0.154549,-0.233351,0.199142,0.343505,0.279889,-1.782000,-40.821003,-1.183000,NaN,2.760384,true,Self-supervised model,0.170259,7.730000,170.775319,22.092538,0.000000,0.000000,1.941271,1.301659,false,false
2026-04-17T14:33:13.553655,0.918371,-0.100192,-3.093959,267.271,W,1,0.923820,1,0.923820,0.788558,1.858084,0.371527,0.816423,8.968679,3.598485,0.336725,-0.153751,0.031761,0.371527,0.148440,-0.251066,0.196699,0.351794,0.291665,-1.782000,-40.821003,-1.183000,NaN,2.754895,true,Self-supervised model,0.163889,7.735000,171.044635,22.113075,0.000000,0.000000,2.122481,1.056092,false,false
2026-04-17T14:33:13.565064,0.918371,-0.100192,-3.098801,267.548,W,1,0.923820,1,0.923820,0.738117,1.835286,0.473302,0.938527,8.985439,3.706224,0.431878,-0.135196,0.138629,0.473302,0.144164,-0.261450,0.198531,0.358545,0.298563,-1.782000,-40.821003,-1.183000,NaN,2.749487,true,Self-supervised model,0.174397,7.747000,171.322060,22.114633,0.000000,0.000000,1.559506,1.320064,false,false
2026-04-17T14:33:13.569482,0.918371,-0.100192,-3.103790,267.834,W,1,0.923820,1,0.923820,0.729125,1.813039,0.681918,1.101333,8.985439,3.924097,0.566204,-0.133324,0.355880,0.681918,0.157603,-0.273057,0.193644,0.369996,0.315276,-1.782000,-40.821003,-1.183000,NaN,2.743910,true,Self-supervised model,0.179460,7.751000,171.607911,22.140099,0.000000,0.000000,1.069227,1.843043,false,false
2026-04-17T14:33:13.578043,0.918371,-0.100192,-3.108956,268.130,W,1,0.923820,1,0.923820,0.740835,1.792151,0.802312,1.218649,9.011775,4.019865,0.654055,-0.105555,0.452522,0.802312,0.200364,-0.275500,0.179594,0.385098,0.340655,-1.782000,-40.821003,-1.183000,NaN,2.738038,true,Self-supervised model,0.186966,7.759000,171.903885,22.155418,0.000000,0.000000,0.923375,2.083400,false,false
2026-04-17T14:33:13.586553,0.918371,-0.100192,-3.114309,268.437,W,1,0.923820,1,0.923820,0.768806,1.773217,0.915652,1.343147,9.074024,4.089296,0.748708,-0.042750,0.525383,0.915652,0.256563,-0.266337,0.153327,0.400337,0.369811,-1.782000,-40.821003,-1.183000,NaN,2.731935,true,Self-supervised model,0.189340,7.768000,172.210595,22.169232,0.000000,0.000000,0.839627,2.287204,false,false
2026-04-17T14:33:13.592582,0.918371,-0.100192,-3.119851,268.754,W,1,0.923820,1,0.923820,0.798832,1.756242,0.956472,1.422156,9.138668,4.084508,0.798067,0.021472,0.526751,0.956472,0.306043,-0.257785,0.127060,0.419833,0.400145,-1.782000,-40.821003,-1.183000,NaN,2.725640,true,Self-supervised model,0.187982,7.774000,172.528104,22.192964,0.000000,0.000000,0.835187,2.278218,false,false
2026-04-17T14:33:13.601687,0.918371,-0.100192,-3.125560,269.081,W,1,0.923820,1,0.923820,0.820687,1.740820,0.935425,1.477222,9.224859,3.976769,0.824378,0.105689,0.429242,0.935425,0.357967,-0.259007,0.087965,0.450514,0.441843,-1.652000,-39.893002,-0.549000,NaN,2.719258,true,Self-supervised model,0.188543,7.783000,172.855237,22.209333,0.000000,0.000000,0.877342,2.076350,false,false
2026-04-17T14:33:13.609458,0.918371,-0.100192,-3.131391,269.415,W,1,0.923820,1,0.923820,0.831896,1.726463,0.890743,1.467646,9.356541,3.873818,0.789042,0.233535,0.341024,0.890743,0.393397,-0.268781,0.036041,0.477811,0.476450,-1.652000,-39.893002,-0.549000,NaN,2.712943,true,Self-supervised model,0.185507,7.791000,173.189306,22.229406,0.000000,0.000000,0.933935,1.864216,false,false
2026-04-17T14:33:13.616954,0.918371,-0.100192,-3.137186,269.748,W,1,0.923820,1,0.923820,0.834082,1.712768,0.845556,1.412579,9.526528,3.737349,0.711858,0.397978,0.223241,0.845556,0.415999,-0.280387,-0.017715,0.501982,0.501670,-1.652000,-39.893002,-0.549000,NaN,2.707291,true,Self-supervised model,0.183894,7.798000,173.521332,22.252030,0.000000,0.000000,0.986430,1.684434,false,false
2026-04-17T14:33:13.624978,0.918371,-0.100192,-3.142772,270.068,W,1,0.923820,1,0.923820,0.832337,1.699550,0.823178,1.316811,9.677363,3.653552,0.598383,0.541763,0.161407,0.823178,0.425773,-0.287107,-0.062919,0.517370,0.513530,-1.652000,-39.893002,-0.549000,NaN,2.702542,true,Self-supervised model,0.183923,7.806000,173.841369,22.270224,0.000000,0.000000,1.011126,1.591082,false,false
2026-04-17T14:33:13.632993,0.918371,-0.100192,-3.147972,270.365,W,1,0.923820,1,0.923820,0.828253,1.686698,0.806809,1.266533,9.739613,3.567361,0.534918,0.595677,0.099859,0.806809,0.431271,-0.298713,-0.116064,0.537303,0.524618,-1.652000,-39.893002,-0.549000,NaN,2.698886,true,Self-supervised model,0.183620,7.814000,174.139300,22.285552,0.000000,0.000000,1.026578,1.501589,false,false
2026-04-17T14:33:13.641221,0.918371,-0.100192,-3.152630,270.632,W,1,0.923820,1,0.923820,0.812475,1.673730,0.729645,1.154005,9.753978,3.418920,0.413623,0.600680,-0.021921,0.729645,0.428217,-0.323148,-0.169210,0.562517,0.536464,-1.652000,-39.893002,-0.549000,NaN,2.696390,true,Self-supervised model,0.181540,7.823000,174.406238,22.294035,0.000000,0.000000,1.113522,1.297106,false,false
2026-04-17T14:33:13.649938,0.918371,-0.100192,-3.156603,270.860,W,1,0.923820,1,0.923820,0.779242,1.659950,0.604767,1.060631,9.662998,3.284845,0.314965,0.499951,-0.128795,0.604767,0.406225,-0.357967,-0.211359,0.581233,0.541442,-1.652000,-39.893002,-0.549000,NaN,2.695162,true,Self-supervised model,0.177648,7.831000,174.633865,22.300328,0.000000,0.000000,1.288500,1.040489,false,false
2026-04-17T14:33:13.656592,0.918371,-0.100192,-3.159794,271.043,W,1,0.923820,1,0.923820,0.732736,1.644861,0.488578,0.931344,9.564836,3.160346,0.182863,0.392200,-0.226825,0.488578,0.373239,-0.391565,-0.237627,0.590844,0.540953,-1.652000,-39.893002,-0.549000,NaN,2.695098,true,Self-supervised model,0.172712,7.838000,174.816698,22.303738,0.000000,0.000000,1.499730,0.826916,false,false
2026-04-17T14:33:13.664750,0.918371,-0.100192,-3.162154,271.178,W,1,0.923820,1,0.923820,0.681011,1.628307,0.409456,0.799663,9.500193,3.110068,0.050518,0.318497,-0.252314,0.409456,0.326813,-0.425773,-0.257785,0.595435,0.536740,-1.652000,-39.893002,-0.549000,NaN,2.696067,true,Self-supervised model,0.170791,7.846000,174.951867,22.298224,0.000000,0.000000,1.663207,0.687660,false,false
2026-04-17T14:33:13.672682,0.918371,-0.100192,-3.163649,271.264,W,1,0.923820,1,0.923820,0.640498,1.610795,0.427807,0.761356,9.528923,3.078943,0.013991,0.338824,-0.260808,0.427807,0.274889,-0.439823,-0.266948,0.583326,0.518660,-1.652000,-39.893002,-0.549000,NaN,2.698025,true,Self-supervised model,0.173882,7.854000,175.037558,22.286422,0.000000,0.000000,1.497168,0.733392,false,false
2026-04-17T14:33:13.680990,0.918371,-0.100192,-3.164260,271.299,W,1,0.923820,1,0.923820,0.615683,1.592991,0.485401,0.723049,9.610326,3.064578,-0.019662,0.412549,-0.255011,0.485401,0.233961,-0.415388,-0.279776,0.552775,0.476745,-1.652000,-39.893002,-0.549000,NaN,2.700954,true,Self-supervised model,0.179386,7.862000,175.072548,22.268195,0.000000,0.000000,1.268401,0.878117,false,false
2026-04-17T14:33:13.688681,0.918371,-0.100192,-3.163981,271.283,W,1,0.923820,1,0.923820,0.616279,1.575922,0.619410,0.679953,9.749189,3.011906,-0.054208,0.544475,-0.290307,0.619410,0.186314,-0.361021,-0.301767,0.506076,0.406263,-1.652000,-39.893002,-0.549000,NaN,2.704789,true,Self-supervised model,0.186677,7.870000,175.056594,22.243532,0.000000,0.000000,0.994945,1.223948,false,false
2026-04-17T14:33:13.697346,0.918371,-0.100192,-3.162797,271.215,W,1,0.923820,1,0.923820,0.640369,1.560500,0.766841,0.579397,9.919178,3.031059,-0.141908,0.708401,-0.257052,0.766841,0.139277,-0.306043,-0.322537,0.465930,0.336245,-1.652000,-39.893002,-0.549000,NaN,2.709596,true,Self-supervised model,0.191339,7.879000,174.988744,22.209512,0.000000,0.000000,0.835074,1.645829,false,false
2026-04-17T14:33:13.704686,0.918371,-0.100192,-3.160681,271.094,W,1,0.923820,1,0.923820,0.676896,1.547156,0.868661,0.521936,10.036493,3.059790,-0.183507,0.820685,-0.217652,0.868661,0.089186,-0.272446,-0.338419,0.443518,0.286672,-1.652000,-39.893002,-0.549000,NaN,2.715441,true,Self-supervised model,0.193109,7.886000,174.867487,22.174421,0.000000,0.000000,0.779241,1.958568,false,false
2026-04-17T14:33:13.714143,0.918371,-0.100192,-3.157656,270.920,W,1,0.923820,1,0.923820,0.724330,1.536243,0.973358,0.462081,10.163386,3.193865,-0.225809,0.943713,-0.076429,0.973358,0.032376,-0.262061,-0.343306,0.433109,0.264054,-1.652000,-39.893002,-0.549000,NaN,2.722099,true,Self-supervised model,0.195118,7.896000,174.694186,22.124390,0.000000,0.000000,0.744156,2.247374,false,false
2026-04-17T14:33:13.720794,0.918371,-0.100192,-3.153784,270.699,W,1,0.923820,1,0.923820,0.790621,1.528418,1.138647,0.414197,10.328587,3.351882,-0.255754,1.106267,0.085328,1.138647,0.000000,-0.274278,-0.340252,0.437036,0.274278,-1.652000,-39.893002,-0.549000,NaN,2.729360,true,Self-supervised model,0.195863,7.902000,174.472339,22.079516,0.000000,0.000000,0.694351,2.605388,false,false
2026-04-17T14:33:13.730311,0.918371,-0.100192,-3.149158,270.433,W,1,0.923820,1,0.923820,0.882389,1.524577,1.364172,0.323217,10.508151,3.586514,-0.329543,1.284332,0.320714,1.364172,-0.030543,-0.297491,-0.328645,0.444344,0.299055,-1.652000,-39.893002,-0.549000,NaN,2.737003,true,Self-supervised model,0.199896,7.912000,174.207283,22.018110,0.000000,0.000000,0.646831,3.070079,false,false
2026-04-17T14:33:13.736802,0.918371,-0.100192,-3.143901,270.132,W,1,0.923820,1,0.923820,0.986421,1.525051,1.532593,0.301669,10.647015,3.727772,-0.335988,1.422368,0.461326,1.532593,-0.038485,-0.331089,-0.308487,0.454164,0.333318,-1.652000,-39.893002,-0.549000,NaN,2.744785,true,Self-supervised model,0.199371,7.918000,173.906062,21.963382,0.000000,0.000000,0.643629,3.374535,false,false
2026-04-17T14:33:13.748606,0.918371,-0.100192,-3.138199,269.806,W,1,0.923820,1,0.923820,1.093553,1.529791,1.655991,0.299275,10.778696,3.739743,-0.325380,1.553429,0.472538,1.655991,-0.035430,-0.360410,-0.291994,0.465200,0.362148,-1.652000,-39.893002,-0.549000,NaN,2.752263,true,Self-supervised model,0.203025,7.930000,173.579395,21.888953,0.000000,0.000000,0.660362,3.559737,false,false
2026-04-17T14:33:13.753589,0.918371,-0.100192,-3.132219,269.463,W,1,0.923820,1,0.923820,1.197530,1.538500,1.743411,0.280122,10.915166,3.541024,-0.333194,1.689301,0.273355,1.743411,-0.034819,-0.376293,-0.281609,0.471288,0.377901,-1.652000,-39.893002,-0.549000,NaN,2.759358,true,Self-supervised model,0.197414,7.935000,173.236757,21.831979,0.000000,0.000000,0.686889,3.699247,false,false
2026-04-17T14:33:13.763558,0.918371,-0.100192,-3.126085,269.111,W,1,0.923820,1,0.923820,1.280933,1.550197,1.718798,0.313640,10.917560,3.172317,-0.289168,1.691529,-0.096835,1.718798,-0.058643,-0.376904,-0.272446,0.468745,0.381439,-0.842000,-39.891003,1.942000,NaN,2.766110,true,Self-supervised model,0.202486,7.945000,172.885279,21.760262,0.000000,0.000000,0.745249,3.666805,false,false
2026-04-17T14:33:13.768613,0.918371,-0.100192,-3.119856,268.755,W,1,0.923820,1,0.923820,1.344247,1.563959,1.676649,0.440533,10.860099,2.937685,-0.151818,1.635383,-0.337088,1.676649,-0.134390,-0.385456,-0.279776,0.494886,0.408212,-0.842000,-39.891003,1.942000,NaN,2.772717,true,Self-supervised model,0.197561,7.950000,172.528378,21.701683,0.000000,0.000000,0.801746,3.387953,false,false
2026-04-17T14:33:13.777915,0.918371,-0.100192,-3.113504,268.391,W,1,0.923820,1,0.923820,1.370586,1.578225,1.508866,0.588974,10.668563,2.861071,0.007164,1.447503,-0.425864,1.508866,-0.229685,-0.425162,-0.294437,0.565872,0.483237,-0.842000,-39.891003,1.942000,NaN,2.779559,true,Self-supervised model,0.197307,7.959000,172.164463,21.631419,0.000000,0.000000,0.908355,2.666443,false,false
2026-04-17T14:33:13.785153,0.918371,-0.100192,-3.106928,268.014,W,1,0.923820,1,0.923820,1.335647,1.590521,1.152218,0.735020,10.323798,3.043030,0.162885,1.109533,-0.264595,1.152218,-0.355524,-0.499688,-0.302378,0.683753,0.613258,-0.842000,-39.891003,1.942000,NaN,2.787035,true,Self-supervised model,0.186965,7.967000,171.787661,21.562403,0.000000,0.000000,1.159197,1.685139,false,false
2026-04-17T14:33:13.792898,0.918371,-0.100192,-3.100033,267.619,W,1,0.923820,1,0.923820,1.264560,1.599483,0.891349,0.878672,10.029311,3.459621,0.314066,0.825086,0.122880,0.891349,-0.473421,-0.578489,-0.297491,0.804536,0.747514,-0.842000,-39.891003,1.942000,NaN,2.795202,true,Self-supervised model,0.178560,7.974000,171.392635,21.493935,0.000000,0.000000,1.418703,1.107905,false,false
2026-04-17T14:33:13.800893,0.918371,-0.100192,-3.092807,267.205,W,1,0.923820,1,0.923820,1.235801,1.606936,1.084817,0.969652,9.945514,4.036624,0.409368,0.754270,0.663568,1.084817,-0.565661,-0.654237,-0.276111,0.907874,0.864869,-0.842000,-39.891003,1.942000,NaN,2.803757,true,Self-supervised model,0.182883,7.982000,170.978576,21.420518,0.000000,0.000000,1.139179,1.194898,false,false
2026-04-17T14:33:13.809112,0.918371,-0.100192,-3.085316,266.776,W,1,0.923820,1,0.923820,1.306749,1.616928,1.679225,1.074997,9.840169,4.867412,0.515134,0.663859,1.453866,1.679225,-0.602313,-0.717156,-0.250455,0.969444,0.936533,-0.842000,-39.891003,1.942000,NaN,2.812302,true,Self-supervised model,0.193584,7.991000,170.549414,21.342687,0.000000,0.000000,0.778186,1.732153,false,false
2026-04-17T14:33:13.817742,0.918371,-0.100192,-3.077699,266.339,W,1,0.923820,1,0.923820,1.476977,1.633330,2.370674,1.221043,9.576807,5.693412,0.656749,0.415845,2.239609,2.370674,-0.581544,-0.762971,-0.204029,0.980788,0.959332,-0.842000,-39.891003,1.942000,NaN,2.820427,true,Self-supervised model,0.201162,7.999000,170.112973,21.266780,0.000000,0.000000,0.623020,2.417112,false,false
2026-04-17T14:33:13.824653,0.918371,-0.100192,-3.070191,265.909,W,1,0.923820,1,0.923820,1.725804,1.659029,3.032145,1.400608,9.402030,6.394913,0.827402,0.254971,2.905908,3.032145,-0.486249,-0.780686,-0.151495,0.932126,0.919733,-0.842000,-39.891003,1.942000,NaN,2.827496,true,Self-supervised model,0.205942,8.006000,169.682817,21.194456,0.000000,0.000000,0.569169,3.252935,false,false
2026-04-17T14:33:13.833198,0.918371,-0.100192,-3.063046,265.500,W,1,0.923820,1,0.923820,2.023818,1.695621,3.588391,1.537078,9.279925,6.971915,0.950829,0.143564,3.457147,3.588391,-0.346361,-0.764803,-0.097738,0.845247,0.839577,-0.842000,-39.891003,1.942000,NaN,2.833194,true,Self-supervised model,0.215183,8.015000,169.273403,21.119576,0.000000,0.000000,0.563990,4.245376,false,false
2026-04-17T14:33:13.845171,0.918371,-0.100192,-3.056524,265.126,W,1,0.923820,1,0.923820,2.316409,1.742452,3.852515,1.814805,9.119514,7.182605,1.212956,-0.011489,3.656566,3.852515,-0.125838,-0.670119,-0.040317,0.683023,0.681832,-0.842000,-39.891003,1.942000,NaN,2.837219,true,Self-supervised model,0.223735,8.027000,168.899744,21.041453,0.000000,0.000000,0.601272,5.640388,false,false
2026-04-17T14:33:13.854079,0.918371,-0.100192,-3.050908,264.804,W,1,0.923820,1,0.923820,2.550354,1.796768,3.778564,2.126051,8.829816,6.971915,1.509141,-0.302124,3.450907,3.778564,0.117897,-0.534507,-0.010996,0.547465,0.547355,-0.842000,-39.891003,1.942000,NaN,2.839213,true,Self-supervised model,0.226509,8.036000,168.577966,20.977845,0.000000,0.000000,0.674953,6.901922,false,false
2026-04-17T14:33:13.856488,0.918371,-0.100192,-3.046352,264.543,W,1,0.923820,1,0.923820,2.680654,1.854124,3.364727,2.272097,8.676587,6.399701,1.643158,-0.462551,2.899564,3.364727,0.339641,-0.381791,-0.004276,0.511017,0.510999,-0.842000,-39.891003,1.942000,NaN,2.839526,true,Self-supervised model,0.212398,8.038000,168.316956,20.940154,0.000000,0.000000,0.796693,6.584373,false,false
2026-04-17T14:33:13.864900,0.918371,-0.100192,-3.042880,264.344,W,1,0.923820,1,0.923820,2.679492,1.909138,2.673393,2.319981,8.523358,5.446809,1.683169,-0.627870,1.979836,2.673393,0.479529,-0.265116,-0.014661,0.548133,0.547937,-0.842000,-39.891003,1.942000,NaN,2.838668,true,Self-supervised model,0.217169,8.046000,168.117978,20.894603,0.000000,0.000000,1.002281,4.877273,false,false
2026-04-17T14:33:13.872489,0.918371,-0.100192,-3.040401,264.202,W,1,0.923820,1,0.923820,2.591584,1.958436,2.130070,2.315193,8.386889,4.486734,1.674890,-0.779395,1.060417,2.130070,0.562607,-0.188147,-0.040317,0.594602,0.593233,-0.842000,-39.891003,1.942000,NaN,2.837169,true,Self-supervised model,0.208554,8.054000,167.975972,20.856217,0.000000,0.000000,1.216666,3.582348,false,false
2026-04-17T14:33:13.881103,0.918371,-0.100192,-3.038726,264.106,W,1,0.923820,1,0.923820,2.469071,2.000862,1.825878,2.209848,8.305486,3.715801,1.567857,-0.875685,0.329893,1.825878,0.559553,-0.209527,-0.087354,0.603847,0.597495,-0.842000,-39.891003,1.942000,NaN,2.835634,true,Self-supervised model,0.203753,8.063000,167.879965,20.821030,0.000000,0.000000,1.352265,3.023742,false,false
2026-04-17T14:33:13.888717,0.918371,-0.100192,-3.037607,264.042,W,1,0.923820,1,0.923820,2.351877,2.036902,1.736604,2.121263,8.298303,3.177106,1.477591,-0.895875,-0.172995,1.736604,0.495412,-0.301157,-0.141110,0.596691,0.579766,-0.842000,-39.891003,1.942000,NaN,2.834524,true,Self-supervised model,0.202329,8.070000,167.815877,20.795028,0.000000,0.000000,1.354296,2.910392,false,false
2026-04-17T14:33:13.896769,0.918371,-0.100192,-3.036766,263.994,W,1,0.923820,1,0.923820,2.241834,2.067100,1.664109,1.958457,8.365341,2.700660,1.291810,-0.830134,-0.641375,1.664109,0.414167,-0.392786,-0.193644,0.602755,0.570802,-0.842000,-39.891003,1.942000,NaN,2.834255,true,Self-supervised model,0.201142,8.078000,167.767693,20.768469,0.000000,0.000000,1.347168,2.760839,false,false
2026-04-17T14:33:13.904596,0.918371,-0.100192,-3.036833,263.998,W,1,0.923820,1,0.923820,2.147620,2.092320,1.652999,1.764527,8.465898,2.327164,1.096521,-0.737341,-0.993164,1.652999,0.300546,-0.490525,-0.264505,0.633171,0.575276,-0.842000,-39.891003,1.942000,NaN,2.830554,true,Self-supervised model,0.201216,8.086000,167.771551,20.748399,0.000000,0.000000,1.299227,2.610669,false,false
2026-04-17T14:33:13.915488,0.918371,-0.100192,-3.036411,263.974,W,1,0.923820,1,0.923820,2.065547,2.113249,1.634662,1.477222,8.556877,2.044648,0.809533,-0.651320,-1.261966,1.634662,0.128282,-0.576657,-0.350026,0.686664,0.590753,-0.842000,-39.891003,1.942000,NaN,2.832937,true,Self-supervised model,0.200091,8.097000,167.747333,20.717220,0.000000,0.000000,1.263593,2.380586,false,false
2026-04-17T14:33:13.921820,0.918371,-0.100192,-3.035251,263.907,W,1,0.923820,1,0.923820,1.994947,2.130517,1.624299,1.225831,8.576031,1.915361,0.562526,-0.634601,-1.385350,1.624299,0.021991,-0.604757,-0.390954,0.720457,0.605156,-1.062000,-39.827003,1.485000,NaN,2.837042,true,Self-supervised model,0.198525,8.103000,167.680915,20.693683,0.000000,0.000000,1.228190,2.254538,false,false
2026-04-17T14:33:13.929264,0.918371,-0.100192,-3.033067,263.782,W,1,0.923820,1,0.923820,1.924706,2.144285,1.555939,0.986411,8.501810,1.958457,0.331556,-0.708426,-1.345046,1.555939,-0.109956,-0.625526,-0.428827,0.766333,0.635117,-1.062000,-39.827003,1.485000,NaN,2.843329,true,Self-supervised model,0.195987,8.111000,167.555736,20.657840,0.000000,0.000000,1.237006,2.030370,false,false
2026-04-17T14:33:13.936797,0.918371,-0.100192,-3.029668,263.587,W,1,0.923820,1,0.923820,1.841947,2.154191,1.407462,0.859518,8.298303,2.262521,0.216377,-0.908424,-1.053041,1.407462,-0.244346,-0.629191,-0.450819,0.811680,0.674972,-1.062000,-39.827003,1.485000,NaN,2.851584,true,Self-supervised model,0.191497,8.118000,167.360997,20.616038,0.000000,0.000000,1.308701,1.734011,false,false
2026-04-17T14:33:13.946930,0.918371,-0.100192,-3.024976,263.318,W,1,0.923820,1,0.923820,1.757793,2.160335,1.315987,0.787692,8.070854,2.679112,0.158406,-1.129752,-0.656040,1.315987,-0.337198,-0.615752,-0.458149,0.838304,0.702035,-1.062000,-39.827003,1.485000,NaN,2.861449,true,Self-supervised model,0.189680,8.128000,167.092167,20.557599,0.000000,0.000000,1.335722,1.569821,false,false
2026-04-17T14:33:13.952961,0.918371,-0.100192,-3.019051,262.979,W,1,0.923820,1,0.923820,1.685365,2.163337,1.305115,0.701501,7.939173,3.007117,0.087292,-1.253661,-0.352190,1.305115,-0.379347,-0.580322,-0.446543,0.824669,0.693309,-1.062000,-39.827003,1.485000,NaN,2.872305,true,Self-supervised model,0.186649,8.134000,166.752697,20.500700,0.000000,0.000000,1.291354,1.582593,false,false
2026-04-17T14:33:13.961192,0.918371,-0.100192,-3.012075,262.579,W,1,0.923820,1,0.923820,1.625110,2.163808,1.308774,0.629675,7.881712,3.263297,0.030711,-1.302755,-0.121550,1.308774,-0.380569,-0.540616,-0.422719,0.784722,0.661134,-1.062000,-39.827003,1.485000,NaN,2.883488,true,Self-supervised model,0.188381,8.143000,166.352979,20.428955,0.000000,0.000000,1.241704,1.667818,false,false
2026-04-17T14:33:13.968763,0.918371,-0.100192,-3.004317,262.135,W,1,0.923820,1,0.923820,1.566782,2.161927,1.260558,0.600945,7.915231,3.411737,0.011537,-1.260504,0.001617,1.260558,-0.354913,-0.510072,-0.386678,0.731886,0.621399,-1.062000,-39.827003,1.485000,NaN,2.894371,true,Self-supervised model,0.186842,8.150000,165.908488,20.356870,0.000000,0.000000,1.242928,1.722342,false,false
2026-04-17T14:33:13.977285,0.918371,-0.100192,-2.996327,261.677,W,1,0.923820,1,0.923820,1.497956,2.157368,1.136621,0.584185,8.032547,3.375824,0.003537,-1.135171,-0.057278,1.136621,-0.318261,-0.493579,-0.347582,0.682440,0.587291,-1.062000,-39.827003,1.485000,NaN,2.903288,true,Self-supervised model,0.185714,8.159000,165.450721,20.278309,0.000000,0.000000,1.317903,1.665526,false,false
2026-04-17T14:33:13.985432,0.918371,-0.100192,-2.988277,261.216,W,1,0.923820,1,0.923820,1.419200,2.149841,1.005730,0.572214,8.183381,3.215413,-0.001176,-0.977162,-0.238003,1.005730,-0.288939,-0.485027,-0.309098,0.643645,0.564568,-1.062000,-39.827003,1.485000,NaN,2.911583,true,Self-supervised model,0.183301,8.167000,164.989453,20.201966,0.000000,0.000000,1.411114,1.562555,false,false
2026-04-17T14:33:13.992736,0.918371,-0.100192,-2.980333,260.760,W,1,0.923820,1,0.923820,1.334685,2.139235,0.890982,0.651223,8.386889,3.026271,0.083261,-0.766956,-0.445751,0.890982,-0.276722,-0.489914,-0.288328,0.632237,0.562664,-1.062000,-39.827003,1.485000,NaN,2.919099,true,Self-supervised model,0.180054,8.174000,164.534307,20.128983,0.000000,0.000000,1.497994,1.409252,false,false
2026-04-17T14:33:14.001522,0.918371,-0.100192,-2.972607,260.318,W,1,0.923820,1,0.923820,1.258408,2.126002,0.857957,0.682347,8.611943,2.829947,0.118472,-0.535392,-0.659856,0.857957,-0.277333,-0.506407,-0.284052,0.643465,0.577375,-1.062000,-39.827003,1.485000,NaN,2.925951,true,Self-supervised model,0.180885,8.183000,164.091668,20.052752,0.000000,0.000000,1.466751,1.333338,false,false
2026-04-17T14:33:14.010107,0.918371,-0.100192,-2.965128,259.889,W,1,0.923820,1,0.923820,1.193545,2.110703,0.853012,0.682347,8.825027,2.724602,0.122302,-0.315762,-0.782922,0.853012,-0.294437,-0.514959,-0.296881,0.663336,0.593192,-1.062000,-39.827003,1.485000,NaN,2.932445,true,Self-supervised model,0.181680,8.192000,163.663143,19.978411,0.000000,0.000000,1.399212,1.285944,false,false
2026-04-17T14:33:14.017632,0.918371,-0.100192,-2.957840,259.472,W,1,0.923820,1,0.923820,1.141097,2.093919,0.865746,0.577003,8.951921,2.679112,0.021680,-0.182372,-0.846042,0.865746,-0.304822,-0.506407,-0.317650,0.671019,0.591071,-1.062000,-39.827003,1.485000,NaN,2.938968,true,Self-supervised model,0.182261,8.199000,163.245582,19.910426,0.000000,0.000000,1.318051,1.290197,false,false
2026-04-17T14:33:14.024894,0.918371,-0.100192,-2.950656,259.060,W,1,0.923820,1,0.923820,1.090657,2.075789,0.825846,0.440533,8.997410,2.734178,-0.108336,-0.130597,-0.808227,0.825846,-0.317039,-0.503353,-0.337808,0.684100,0.594876,-1.062000,-39.827003,1.485000,NaN,2.945740,true,Self-supervised model,0.181811,8.206000,162.833928,19.843277,0.000000,0.000000,1.320653,1.207202,false,false
2026-04-17T14:33:14.033220,0.918371,-0.100192,-2.943470,258.648,W,1,0.923820,1,0.923820,1.043125,2.056482,0.793579,0.186748,9.018958,2.856283,-0.354075,-0.103084,-0.702689,0.793579,-0.320093,-0.511294,-0.350637,0.697730,0.603226,-1.062000,-39.827003,1.485000,NaN,2.952927,true,Self-supervised model,0.182267,8.215000,162.422246,19.771424,0.000000,0.000000,1.314456,1.137372,false,false
2026-04-17T14:33:14.040838,0.918371,-0.100192,-2.936190,258.231,W,1,0.923820,1,0.923820,1.002127,2.036308,0.786887,-0.021548,9.018958,3.023877,-0.553941,-0.097641,-0.550279,0.786887,-0.312152,-0.533896,-0.340863,0.706167,0.618453,-1.062000,-39.827003,1.485000,NaN,2.960586,true,Self-supervised model,0.181871,8.222000,162.005136,19.703860,0.000000,0.000000,1.273533,1.114307,false,false
2026-04-17T14:33:14.049524,0.918371,-0.100192,-2.928810,257.808,W,1,0.923820,1,0.923820,0.974483,2.015835,0.829353,-0.193930,8.956709,3.203442,-0.718708,-0.155252,-0.383643,0.829353,-0.281609,-0.552833,-0.310930,0.693978,0.620426,-1.062000,-39.827003,1.485000,NaN,2.968369,true,Self-supervised model,0.184726,8.231000,161.582265,19.630940,0.000000,0.000000,1.174991,1.195071,false,false
2026-04-17T14:33:14.056624,0.918371,-0.100192,-2.921396,257.384,W,1,0.923820,1,0.923820,0.956318,1.995454,0.860952,-0.299275,9.002198,3.349488,-0.817822,-0.106343,-0.247175,0.860952,-0.236405,-0.560774,-0.268170,0.665034,0.608568,-1.062000,-39.827003,1.485000,NaN,2.975914,true,Self-supervised model,0.185618,8.238000,161.157503,19.562698,0.000000,0.000000,1.110768,1.294598,false,false
2026-04-17T14:33:14.065337,0.918371,-0.100192,-2.914063,256.964,W,1,0.923820,1,0.923820,0.932802,1.974948,0.809342,-0.277727,9.009381,3.464410,-0.791590,-0.097280,-0.137680,0.809342,-0.171042,-0.568716,-0.218079,0.632654,0.593879,-1.062000,-39.827003,1.485000,NaN,2.982926,true,Self-supervised model,0.185771,8.247000,160.737343,19.490402,0.000000,0.000000,1.152543,1.279280,false,false
2026-04-17T14:33:14.072869,0.918371,-0.100192,-2.906927,256.555,W,1,0.923820,1,0.923820,0.896888,1.953826,0.708341,-0.181959,9.062054,3.462016,-0.692852,-0.044650,-0.140391,0.708341,-0.096517,-0.569326,-0.170431,0.602075,0.577450,-1.062000,-39.827003,1.485000,NaN,2.989276,true,Self-supervised model,0.182703,8.254000,160.328446,19.424333,0.000000,0.000000,1.266181,1.176499,false,false
2026-04-17T14:33:14.082007,0.918371,-0.100192,-2.900100,256.163,W,1,0.923820,1,0.923820,0.839661,1.931259,0.539220,0.035913,9.059659,3.344700,-0.473567,-0.048914,-0.253180,0.539220,-0.039095,-0.568105,-0.144775,0.587564,0.569448,-0.282000,-40.110001,4.779000,NaN,2.994864,true,Self-supervised model,0.178271,8.263000,159.937297,19.355839,0.000000,0.000000,1.557177,0.917722,false,false
2026-04-17T14:33:14.088614,0.918371,-0.100192,-2.893659,255.794,W,1,0.923820,1,0.923820,0.776180,1.907056,0.442905,0.316035,9.081207,3.191471,-0.192967,-0.030922,-0.397457,0.442905,0.010996,-0.570548,-0.137445,0.586973,0.570654,-0.282000,-40.110001,4.779000,NaN,2.999763,true,Self-supervised model,0.172705,8.270000,159.568237,19.294829,0.000000,0.000000,1.752475,0.754558,false,false
2026-04-17T14:33:14.096850,0.918371,-0.100192,-2.887615,255.448,W,1,0.923820,1,0.923820,0.745794,1.882605,0.586267,0.493206,9.119514,2.990358,-0.015373,0.002443,-0.586061,0.586267,0.039706,-0.571770,-0.153938,0.593460,0.573147,-0.282000,-40.110001,4.779000,NaN,3.004216,true,Self-supervised model,0.183073,8.278000,159.221961,19.234351,0.000000,0.000000,1.272106,0.987881,false,false
2026-04-17T14:33:14.104910,0.918371,-0.100192,-2.881917,255.122,W,1,0.923820,1,0.923820,0.739149,1.858867,0.704264,0.620098,9.167398,2.868254,0.112767,0.044615,-0.693744,0.704264,0.040928,-0.569937,-0.185703,0.600824,0.571405,-0.282000,-40.110001,4.779000,NaN,3.008532,true,Self-supervised model,0.188424,8.286000,158.895485,19.176380,0.000000,0.000000,1.049534,1.172164,false,false
2026-04-17T14:33:14.115621,0.918371,-0.100192,-2.876455,254.809,W,1,0.923820,1,0.923820,0.743146,1.836238,0.764127,0.694318,9.205706,2.810793,0.189601,0.076941,-0.736221,0.764127,0.029322,-0.561385,-0.220522,0.603857,0.562150,-0.282000,-40.110001,4.779000,NaN,3.013047,true,Self-supervised model,0.191657,8.297000,158.582564,19.113241,0.000000,0.000000,0.972542,1.265411,false,false
2026-04-17T14:33:14.120773,0.918371,-0.100192,-2.871103,254.502,W,1,0.923820,1,0.923820,0.736994,1.814269,0.704699,0.691924,9.246407,2.863465,0.192202,0.111624,-0.668730,0.704699,0.011606,-0.543670,-0.265726,0.605246,0.543794,-0.282000,-40.110001,4.779000,NaN,3.017962,true,Self-supervised model,0.186880,8.302000,158.275905,19.064792,0.000000,0.000000,1.045828,1.164319,false,false
2026-04-17T14:33:14.129808,0.918371,-0.100192,-2.865712,254.193,W,1,0.923820,1,0.923820,0.708426,1.792035,0.558440,0.703895,9.217676,3.007117,0.211351,0.077117,-0.511116,0.558440,-0.003054,-0.529620,-0.306654,0.612000,0.529629,-0.282000,-40.110001,4.779000,NaN,3.023510,true,Self-supervised model,0.184637,8.311000,157.967014,19.006980,0.000000,0.000000,1.268579,0.912485,false,false
2026-04-17T14:33:14.136907,0.918371,-0.100192,-2.860169,253.876,W,1,0.923820,1,0.923820,0.666817,1.769026,0.448372,0.691924,9.203311,3.112462,0.208751,0.057218,-0.392666,0.448372,-0.009163,-0.511294,-0.343917,0.616267,0.511376,-0.282000,-40.110001,4.779000,NaN,3.029658,true,Self-supervised model,0.178966,8.318000,157.649448,18.952807,0.000000,0.000000,1.487196,0.727562,false,false
2026-04-17T14:33:14.147728,0.918371,-0.100192,-2.854378,253.544,W,1,0.923820,1,0.923820,0.610177,1.744672,0.312819,0.624887,9.138668,3.220201,0.152748,-0.012679,-0.272695,0.312819,-0.008552,-0.485027,-0.364687,0.606894,0.485102,-0.282000,-40.110001,4.779000,NaN,3.036443,true,Self-supervised model,0.172651,8.329000,157.317636,18.887938,0.000000,0.000000,1.950578,0.515442,false,false
2026-04-17T14:33:14.153080,0.918371,-0.100192,-2.848307,253.196,W,1,0.923820,1,0.923820,0.551001,1.718925,0.240328,0.610521,9.083601,3.308787,0.150692,-0.072803,-0.172479,0.240328,0.003665,-0.442877,-0.376293,0.581163,0.442892,-0.282000,-40.110001,4.779000,NaN,3.043633,true,Self-supervised model,0.165149,8.335000,156.969798,18.832609,0.000000,0.000000,2.292708,0.413529,false,false
2026-04-17T14:33:14.161508,0.918371,-0.100192,-2.841984,252.834,W,1,0.923820,1,0.923820,0.499640,1.692154,0.229989,0.612916,9.014170,3.411737,0.166813,-0.146646,-0.059694,0.229989,0.020159,-0.400117,-0.384234,0.555100,0.400624,-0.282000,-40.110001,4.779000,NaN,3.050963,true,Self-supervised model,0.168614,8.343000,156.607529,18.771129,0.000000,0.000000,2.172446,0.414321,false,false
2026-04-17T14:33:14.168574,0.918371,-0.100192,-2.835430,252.458,W,1,0.923820,1,0.923820,0.456379,1.664723,0.229259,0.584185,8.995016,3.445256,0.153025,-0.169820,-0.017442,0.229259,0.037874,-0.359800,-0.384234,0.527756,0.361787,-0.282000,-40.110001,4.779000,NaN,3.058443,true,Self-supervised model,0.169987,8.350000,156.232009,18.710420,0.000000,0.000000,1.990668,0.434404,false,false
2026-04-17T14:33:14.176825,0.918371,-0.100192,-2.828678,252.071,W,1,0.923820,1,0.923820,0.423626,1.637079,0.251674,0.586579,8.987833,3.490746,0.171329,-0.180781,0.036115,0.251674,0.051924,-0.326202,-0.386678,0.508550,0.330309,-0.282000,-40.110001,4.779000,NaN,3.065988,true,Self-supervised model,0.174911,8.358000,155.845131,18.646223,0.000000,0.000000,1.683233,0.494885,false,false
2026-04-17T14:33:14.185385,0.918371,-0.100192,-2.821760,251.675,W,1,0.923820,1,0.923820,0.398346,1.609530,0.265627,0.586579,9.021352,3.557784,0.188040,-0.151057,0.111268,0.265627,0.075136,-0.286496,-0.383013,0.484173,0.296185,-0.282000,-40.110001,4.779000,NaN,3.073570,true,Self-supervised model,0.178060,8.367000,155.448743,18.578791,0.000000,0.000000,1.499643,0.548620,false,false
2026-04-17T14:33:14.192498,0.918371,-0.100192,-2.814722,251.272,W,1,0.923820,1,0.923820,0.371586,1.582012,0.231094,0.555455,9.129091,3.581726,0.174272,-0.047418,0.144171,0.231094,0.102014,-0.260839,-0.384845,0.475973,0.280079,-0.282000,-40.110001,4.779000,NaN,3.081087,true,Self-supervised model,0.175433,8.374000,155.045499,18.515106,0.000000,0.000000,1.607944,0.485519,false,false
2026-04-17T14:33:14.200645,0.918371,-0.100192,-2.807600,250.864,W,1,0.923820,1,0.923820,0.347283,1.554623,0.219692,0.517148,9.260772,3.562572,0.153693,0.079725,0.135230,0.219692,0.127671,-0.227853,-0.381791,0.462581,0.261183,-0.282000,-40.110001,4.779000,NaN,3.088544,true,Self-supervised model,0.176609,8.382000,154.637452,18.448754,0.000000,0.000000,1.580769,0.474927,false,false
2026-04-17T14:33:14.208687,0.918371,-0.100192,-2.800437,250.453,W,1,0.923820,1,0.923820,0.345075,1.528241,0.333482,0.476446,9.449914,3.572149,0.130990,0.263939,0.156168,0.333482,0.146608,-0.202807,-0.381791,0.456496,0.250249,-0.282000,-40.110001,4.779000,NaN,3.095871,true,Self-supervised model,0.187592,8.390000,154.227053,18.382247,0.000000,0.000000,1.034762,0.730526,false,false
2026-04-17T14:33:14.217140,0.918371,-0.100192,-2.793272,250.043,W,1,0.923820,1,0.923820,0.370851,1.503945,0.506175,0.450110,9.636662,3.610456,0.122554,0.445482,0.206736,0.506175,0.165544,-0.191812,-0.376904,0.454151,0.253371,-0.282000,-40.110001,4.779000,NaN,3.103044,true,Self-supervised model,0.195690,8.399000,153.816533,18.313672,0.000000,0.000000,0.732653,1.114553,false,false
2026-04-17T14:33:14.224637,0.918371,-0.100192,-2.786138,249.634,W,1,0.923820,1,0.923820,0.415997,1.482427,0.653016,0.440533,9.785102,3.641581,0.130964,0.588372,0.251191,0.653016,0.185703,-0.189979,-0.373239,0.458132,0.265665,-0.282000,-40.110001,4.779000,NaN,3.110058,true,Self-supervised model,0.198527,8.406000,153.407740,18.249791,0.000000,0.000000,0.637040,1.425390,false,false
2026-04-17T14:33:14.232871,0.918371,-0.100192,-2.779029,249.227,W,1,0.923820,1,0.923820,0.480927,1.464367,0.821808,0.438139,9.940725,3.706224,0.146629,0.738086,0.330299,0.821808,0.205862,-0.191201,-0.372017,0.466190,0.280957,-0.282000,-40.110001,4.779000,NaN,3.117061,true,Self-supervised model,0.202130,8.414000,153.000459,18.184034,0.000000,0.000000,0.585206,1.762817,false,false
2026-04-17T14:33:14.242155,0.918371,-0.100192,-2.771938,248.820,W,1,0.923820,1,0.923820,0.542302,1.449485,0.864523,0.476446,9.959879,3.737349,0.202941,0.750809,0.377492,0.864523,0.236405,-0.188757,-0.370184,0.478072,0.302517,3.260000,-39.502003,3.562000,NaN,3.124082,true,Self-supervised model,0.202666,8.424000,152.594180,18.114219,0.000000,0.000000,0.627285,1.808351,false,false
2026-04-17T14:33:14.249483,0.918371,-0.100192,-2.764868,248.415,W,1,0.923820,1,0.923820,0.588845,1.437059,0.833196,0.493206,9.892841,3.766079,0.237478,0.676803,0.423979,0.833196,0.265726,-0.194866,-0.370184,0.495600,0.329520,3.260000,-39.502003,3.562000,NaN,3.131068,true,Self-supervised model,0.199797,8.431000,152.189098,18.051133,0.000000,0.000000,0.706731,1.681186,false,false
2026-04-17T14:33:14.256556,0.918371,-0.100192,-2.757821,248.011,W,1,0.923820,1,0.923820,0.619059,1.426339,0.777682,0.464475,9.873688,3.684676,0.225947,0.650199,0.361911,0.777682,0.289550,-0.215025,-0.365908,0.513774,0.360659,3.260000,-39.502003,3.562000,NaN,3.138026,true,Self-supervised model,0.197803,8.438000,151.785309,17.988304,0.000000,0.000000,0.796031,1.513666,false,false
2026-04-17T14:33:14.265073,0.918371,-0.100192,-2.750794,247.609,W,1,0.923820,1,0.923820,0.636469,1.416744,0.727869,0.512359,9.852140,3.548207,0.289482,0.620990,0.245694,0.727869,0.298713,-0.224798,-0.351248,0.512970,0.373850,3.260000,-39.502003,3.562000,NaN,-3.138214,true,Self-supervised model,0.196971,8.447000,151.382691,17.921474,0.000000,0.000000,0.874427,1.418931,false,false
2026-04-17T14:33:14.272992,0.918371,-0.100192,-2.743851,247.211,SW,1,0.923820,1,0.923820,0.656822,1.408347,0.763675,0.629675,9.868899,3.378219,0.420590,0.630116,0.096211,0.763675,0.293215,-0.226020,-0.338419,0.501585,0.370217,3.260000,-39.502003,3.562000,NaN,-3.131606,true,Self-supervised model,0.197312,8.454000,150.984871,17.859578,0.000000,0.000000,0.860081,1.522522,false,false
2026-04-17T14:33:14.281587,0.918371,-0.100192,-2.737075,246.823,SW,1,0.923820,1,0.923820,0.684334,1.401387,0.828773,0.660800,9.931149,3.217807,0.463948,0.685272,-0.044929,0.828773,0.261450,-0.238848,-0.331700,0.485211,0.354125,3.260000,-39.502003,3.562000,NaN,-3.125501,true,Self-supervised model,0.200002,8.463000,150.596659,17.794713,0.000000,0.000000,0.825720,1.708067,false,false
2026-04-17T14:33:14.288760,0.918371,-0.100192,-2.730500,246.446,SW,1,0.923820,1,0.923820,0.707809,1.395644,0.831054,0.622492,9.957485,3.201048,0.436836,0.705543,-0.045105,0.831054,0.207083,-0.265116,-0.329256,0.470722,0.336407,3.260000,-39.502003,3.562000,NaN,-3.119727,true,Self-supervised model,0.199536,8.470000,150.219917,17.735527,0.000000,0.000000,0.851701,1.765486,false,false
2026-04-17T14:33:14.296971,0.918371,-0.100192,-2.724099,246.079,SW,1,0.923820,1,0.923820,0.739791,1.391410,0.907697,0.553061,10.072407,3.359065,0.377728,0.815707,0.125926,0.907697,0.158214,-0.310930,-0.323759,0.475951,0.348869,3.260000,-39.502003,3.562000,NaN,-3.114028,true,Self-supervised model,0.202036,8.478000,149.853217,17.675539,0.000000,0.000000,0.815020,1.907125,false,false
2026-04-17T14:33:14.304855,0.918371,-0.100192,-2.717814,245.719,SW,1,0.923820,1,0.923820,0.790686,1.389381,1.057884,0.490811,10.172963,3.648763,0.324483,0.912916,0.424752,1.057884,0.113621,-0.372017,-0.312152,0.498744,0.388981,3.260000,-39.502003,3.562000,NaN,-3.108198,true,Self-supervised model,0.204050,8.486000,149.493060,17.616434,0.000000,0.000000,0.747422,2.121098,false,false
2026-04-17T14:33:14.319561,0.918371,-0.100192,-2.711593,245.363,SW,1,0.923820,1,0.923820,0.879352,1.390980,1.344848,0.435745,10.333375,3.983952,0.274398,1.071469,0.765033,1.344848,0.101404,-0.416610,-0.298102,0.522218,0.428773,3.260000,-39.502003,3.562000,NaN,-3.102242,true,Self-supervised model,0.211165,8.501000,149.136679,17.543428,0.000000,0.000000,0.653867,2.575262,false,false
2026-04-17T14:33:14.320972,0.918371,-0.100192,-2.705763,245.029,SW,1,0.923820,1,0.923820,0.997153,1.397227,1.615610,0.411803,10.515334,4.199430,0.259973,1.249951,0.990066,1.615610,0.117286,-0.473421,-0.274278,0.559564,0.487733,3.260000,-39.502003,3.562000,NaN,-3.097972,true,Self-supervised model,0.181208,8.502000,148.802640,17.502075,0.000000,0.000000,0.617199,2.887266,false,false
2026-04-17T14:33:14.329272,0.918371,-0.100192,-2.699528,244.672,SW,1,0.923820,1,0.923820,1.140452,1.408956,1.892771,0.339977,10.785878,4.314352,0.194980,1.516842,1.115237,1.892771,0.149051,-0.479529,-0.258396,0.564742,0.502160,3.260000,-39.502003,3.562000,NaN,-3.090116,true,Self-supervised model,0.215145,8.511000,148.445390,17.441592,0.000000,0.000000,0.602530,3.351570,false,false
2026-04-17T14:33:14.336729,0.918371,-0.100192,-2.693310,244.315,SW,1,0.923820,1,0.923820,1.290075,1.426200,2.075594,0.292093,11.042058,4.261679,0.153216,1.768322,1.075943,2.075594,0.185092,-0.469145,-0.238237,0.557775,0.504337,3.260000,-39.502003,3.562000,NaN,-3.083966,true,Self-supervised model,0.216735,8.518000,148.089113,17.385432,0.000000,0.000000,0.621545,3.721204,false,false
2026-04-17T14:33:14.346356,0.918371,-0.100192,-2.687167,243.963,SW,1,0.923820,1,0.923820,1.422085,1.448036,2.115136,0.248997,11.216835,4.010288,0.115338,1.937628,0.840295,2.115136,0.214414,-0.446543,-0.220522,0.542221,0.495352,3.260000,-39.502003,3.562000,NaN,-3.078124,true,Self-supervised model,0.219006,8.528000,147.737153,17.323775,0.000000,0.000000,0.672337,3.900875,false,false
2026-04-17T14:33:14.353051,0.918371,-0.100192,-2.681178,243.620,SW,1,0.923820,1,0.923820,1.542051,1.473796,2.171876,0.179565,11.401189,3.639187,0.050695,2.116203,0.485960,2.171876,0.219301,-0.405004,-0.199753,0.502018,0.460566,3.260000,-39.502003,3.562000,NaN,-3.072748,true,Self-supervised model,0.218464,8.534000,147.393979,17.271383,0.000000,0.000000,0.710009,4.326291,false,false
2026-04-17T14:33:14.363548,0.918371,-0.100192,-2.675400,243.289,SW,1,0.923820,1,0.923820,1.645978,1.502684,2.191595,0.208296,11.480197,3.126827,0.084521,2.189937,-0.011030,2.191595,0.186314,-0.354913,-0.191201,0.444110,0.400844,3.260000,-39.502003,3.562000,NaN,-3.067816,true,Self-supervised model,0.222804,8.545000,147.062927,17.210407,0.000000,0.000000,0.751041,4.934802,false,false
2026-04-17T14:33:14.368874,0.918371,-0.100192,-2.669846,242.971,SW,1,0.923820,1,0.923820,1.759071,1.534939,2.352809,0.244209,11.609484,2.729390,0.126378,2.315510,-0.397684,2.352809,0.109345,-0.338419,-0.199142,0.407605,0.355646,3.260000,-39.502003,3.562000,NaN,-3.063158,true,Self-supervised model,0.222248,8.550000,146.744703,17.163123,0.000000,0.000000,0.747647,5.772282,false,false
2026-04-17T14:33:14.377443,0.918371,-0.100192,-2.664458,242.662,SW,1,0.923820,1,0.923820,1.865886,1.570177,2.426667,0.232238,11.621455,2.444480,0.120744,2.326415,-0.679652,2.426667,-0.019548,-0.378126,-0.212581,0.434226,0.378631,3.260000,-39.502003,3.562000,NaN,-3.058437,true,Self-supervised model,0.225679,8.559000,146.436029,17.109012,0.000000,0.000000,0.768909,5.588495,false,false
2026-04-17T14:33:14.385357,0.918371,-0.100192,-2.659125,242.357,SW,1,0.923820,1,0.923820,1.925834,1.606403,2.240556,0.397437,11.398794,2.425326,0.291849,2.106201,-0.706281,2.240556,-0.175929,-0.491747,-0.239459,0.574549,0.522270,3.260000,-39.502003,3.562000,NaN,-3.053323,true,Self-supervised model,0.220136,8.567000,146.130479,17.057369,0.000000,0.000000,0.859534,3.899679,false,false
2026-04-17T14:33:14.392500,0.918371,-0.100192,-2.653708,242.046,SW,1,0.923820,1,0.923820,1.914341,1.640721,1.854007,0.541090,11.018116,2.657564,0.440076,1.732072,-0.493560,1.854007,-0.323759,-0.647517,-0.274278,0.774162,0.723946,3.260000,-39.502003,3.562000,NaN,-3.047566,true,Self-supervised model,0.211557,8.574000,145.820073,17.007240,0.000000,0.000000,1.032543,2.394857,false,false
2026-04-17T14:33:14.401574,0.918371,-0.100192,-2.648033,241.721,SW,1,0.923820,1,0.923820,1.838905,1.670648,1.442865,0.624887,10.615891,3.270479,0.526161,1.340647,0.087637,1.442865,-0.495412,-0.880868,-0.320704,1.060289,1.010624,4.016000,-39.870003,5.620000,NaN,-3.040863,true,Self-supervised model,0.201657,8.583000,145.494941,16.951525,0.000000,0.000000,1.274482,1.360823,false,false
2026-04-17T14:33:14.408523,0.918371,-0.100192,-2.641933,241.372,SW,1,0.923820,1,0.923820,1.780175,1.697029,1.471845,0.620098,10.338163,4.082114,0.520440,1.077571,0.856918,1.471845,-0.632246,-1.141096,-0.362243,1.353904,1.304544,4.016000,-39.870003,5.620000,NaN,-3.033061,true,Self-supervised model,0.196640,8.590000,145.145423,16.897022,0.000000,0.000000,1.209486,1.087112,false,false
2026-04-17T14:33:14.417490,0.918371,-0.100192,-2.635268,240.990,SW,1,0.923820,1,0.923820,1.795939,1.722986,1.878695,0.569820,9.859323,4.987122,0.465047,0.616037,1.712812,1.878695,-0.698219,-1.349401,-0.383623,1.567023,1.519340,4.016000,-39.870003,5.620000,NaN,-3.024137,true,Self-supervised model,0.202232,8.599000,144.763558,16.834929,0.000000,0.000000,0.955950,1.198895,false,false
2026-04-17T14:33:14.424297,0.918371,-0.100192,-2.628014,240.574,SW,1,0.923820,1,0.923820,1.921959,1.752945,2.583567,0.433351,9.358934,5.884948,0.319267,0.133756,2.560273,2.583567,-0.693943,-1.467298,-0.381791,1.667419,1.623121,4.016000,-39.870003,5.620000,NaN,-3.014527,true,Self-supervised model,0.206625,8.606000,144.347933,16.772941,0.000000,0.000000,0.743917,1.549441,false,false
2026-04-17T14:33:14.432711,0.918371,-0.100192,-2.620279,240.131,SW,1,0.923820,1,0.923820,2.164930,1.791424,3.440525,0.213084,8.959103,6.801927,0.084855,-0.248893,3.430461,3.440525,-0.623693,-1.531439,-0.337198,1.687602,1.653572,4.016000,-39.870003,5.620000,NaN,-3.004868,true,Self-supervised model,0.215557,8.614000,143.904757,16.705916,0.000000,0.000000,0.629244,2.038706,false,false
2026-04-17T14:33:14.440717,0.918371,-0.100192,-2.612305,239.674,SW,1,0.923820,1,0.923820,2.495805,1.841599,4.232901,0.129287,8.664616,7.608773,-0.019732,-0.529188,4.199645,4.232901,-0.465479,-1.527774,-0.242514,1.615419,1.597111,4.016000,-39.870003,5.620000,NaN,-2.995938,true,Self-supervised model,0.222766,8.622000,143.447883,16.637426,0.000000,0.000000,0.589621,2.620312,false,false
2026-04-17T14:33:14.449564,0.918371,-0.100192,-2.604516,239.228,SW,1,0.923820,1,0.923820,2.882987,1.905255,4.915692,0.153229,8.339005,8.274361,-0.023289,-0.845786,4.842327,4.915692,-0.254120,-1.457524,-0.141721,1.486284,1.479512,4.016000,-39.870003,5.620000,NaN,-2.988887,true,Self-supervised model,0.230690,8.631000,143.001586,16.568368,0.000000,0.000000,0.586486,3.307371,false,false
2026-04-17T14:33:14.456670,0.918371,-0.100192,-2.597386,238.819,SW,1,0.923820,1,0.923820,3.237892,1.980560,5.101145,0.215478,8.125920,8.422802,0.006668,-1.057987,4.990220,5.101145,0.073304,-1.276098,-0.026267,1.278471,1.278201,4.016000,-39.870003,5.620000,NaN,-2.984393,true,Self-supervised model,0.236489,8.638000,142.593051,16.507647,0.000000,0.000000,0.634738,3.990035,false,false
2026-04-17T14:33:14.464981,0.918371,-0.100192,-2.591389,238.476,SW,1,0.923820,1,0.923820,3.470962,2.062176,4.694580,0.335188,7.994239,7.946355,0.093360,-1.197955,4.538201,4.694580,0.434936,-1.010371,0.066584,1.102022,1.100009,4.016000,-39.870003,5.620000,NaN,-2.982933,true,Self-supervised model,0.239916,8.646000,142.249486,16.452635,0.000000,0.000000,0.739355,4.259969,false,false
2026-04-17T14:33:14.473022,0.918371,-0.100192,-2.586848,238.215,SW,1,0.923820,1,0.923820,3.507500,2.141989,3.699322,0.426168,8.006210,6.854599,0.154044,-1.202949,3.494878,3.699322,0.747699,-0.699441,0.127671,1.031781,1.023851,4.016000,-39.870003,5.620000,NaN,-2.984211,true,Self-supervised model,0.234434,8.654000,141.989281,16.407359,0.000000,0.000000,0.948147,3.585377,false,false
2026-04-17T14:33:14.480882,0.918371,-0.100192,-2.583934,238.049,SW,1,0.923820,1,0.923820,3.306928,2.210587,2.253929,0.392649,8.245630,5.319916,0.095474,-0.985990,2.024575,2.253929,0.909578,-0.438601,0.156382,1.021841,1.009804,4.016000,-39.870003,5.620000,NaN,-2.987809,true,Self-supervised model,0.217102,8.662000,141.822350,16.372934,0.000000,0.000000,1.467184,2.205753,false,false
2026-04-17T14:33:14.488766,0.918371,-0.100192,-2.582635,237.974,SW,1,0.923820,1,0.923820,2.956885,2.262439,1.119154,0.402226,8.482656,4.031836,0.085230,-0.772554,0.805234,1.119154,0.952950,-0.229685,0.164934,0.994018,0.980239,4.016000,-39.870003,5.620000,NaN,-2.992967,true,Self-supervised model,0.193671,8.670000,141.747911,16.349240,0.000000,0.000000,2.642071,1.125889,false,false
2026-04-17T14:33:14.496947,0.918371,-0.100192,-2.582794,237.983,SW,1,0.923820,1,0.923820,2.591386,2.297597,0.672518,0.478840,8.623915,3.090914,0.146424,-0.652283,-0.073267,0.672518,0.875370,-0.116064,0.145386,0.894919,0.883031,4.016000,-39.870003,5.620000,NaN,-2.998957,true,Self-supervised model,0.183076,8.678000,141.757005,16.335216,0.000000,0.000000,3.853258,0.751485,false,false
2026-04-17T14:33:14.504875,0.918371,-0.100192,-2.584097,238.058,SW,1,0.923820,1,0.923820,2.312684,2.320200,0.849502,0.600945,8.640674,2.633622,0.257490,-0.652493,-0.479171,0.849502,0.738536,-0.089186,0.089797,0.749302,0.743902,4.016000,-39.870003,5.620000,NaN,-3.004838,true,Self-supervised model,0.188041,8.686000,141.831665,16.328766,0.000000,0.000000,2.722401,1.133725,false,false
2026-04-17T14:33:14.516061,0.918371,-0.100192,-2.586090,238.172,SW,1,0.923820,1,0.923820,2.116924,2.334069,1.089183,0.696713,8.645462,2.279280,0.346686,-0.660804,-0.793390,1.089183,0.612698,-0.116064,0.019548,0.623900,0.623594,4.016000,-39.870003,5.620000,NaN,-3.009589,true,Self-supervised model,0.197557,8.697000,141.945837,16.321241,0.000000,0.000000,1.943589,1.745765,false,false
2026-04-17T14:33:14.520809,0.918371,-0.100192,-2.588258,238.296,SW,1,0.923820,1,0.923820,1.978861,2.341861,1.254031,0.785298,8.619126,2.094927,0.433352,-0.696717,-0.948359,1.254031,0.466701,-0.191201,-0.075747,0.510005,0.504349,4.016000,-39.870003,5.620000,NaN,-3.012462,true,Self-supervised model,0.201850,8.702000,142.070102,16.326144,0.000000,0.000000,1.578000,2.458860,false,false
2026-04-17T14:33:14.529198,0.918371,-0.100192,-2.590084,238.401,SW,1,0.923820,1,0.923820,1.877022,2.345267,1.342367,0.828394,8.552089,2.032677,0.478522,-0.770730,-0.989414,1.342367,0.310320,-0.326202,-0.168599,0.480761,0.450229,4.016000,-39.870003,5.620000,NaN,-3.012914,true,Self-supervised model,0.206871,8.711000,142.174694,16.321283,0.000000,0.000000,1.398293,2.792168,false,false
2026-04-17T14:33:14.536710,0.918371,-0.100192,-2.591113,238.460,SW,1,0.923820,1,0.923820,1.790358,2.345071,1.335374,0.744597,8.473080,2.063802,0.399101,-0.853898,-0.945939,1.335374,0.157603,-0.503964,-0.244346,0.581828,0.528032,4.016000,-39.870003,5.620000,NaN,-3.010760,true,Self-supervised model,0.206177,8.718000,142.233678,16.314944,0.000000,0.000000,1.340717,2.295137,false,false
2026-04-17T14:33:14.549315,0.918371,-0.100192,-2.591002,238.453,SW,1,0.923820,1,0.923820,1.701885,2.341343,1.237402,0.689530,8.327033,2.367866,0.348474,-1.001369,-0.637956,1.237402,0.031765,-0.675617,-0.289550,0.735735,0.676363,4.016000,-39.870003,5.620000,NaN,-3.006085,true,Self-supervised model,0.203244,8.731000,142.227300,16.289921,0.000000,0.000000,1.375370,1.681857,false,false
2026-04-17T14:33:14.552897,0.918371,-0.100192,-2.589605,238.373,SW,1,0.923820,1,0.923820,1.618153,2.334416,1.178556,0.574608,8.180987,2.870648,0.236064,-1.146277,-0.138987,1.178556,-0.081245,-0.882089,-0.317650,0.941055,0.885823,4.016000,-39.870003,5.620000,NaN,-2.999547,true,Self-supervised model,0.197154,8.734000,142.147268,16.275162,0.000000,0.000000,1.372996,1.252378,false,false
2026-04-17T14:33:14.562679,0.918371,-0.100192,-2.586919,238.220,SW,1,0.923820,1,0.923820,1.563814,2.325592,1.278532,0.452504,8.121132,3.435679,0.113226,-1.203241,0.417176,1.278532,-0.141110,-1.060462,-0.325591,1.118258,1.069809,6.380000,-40.734001,7.049000,NaN,-2.991702,true,Self-supervised model,0.199110,8.744000,141.993351,16.238947,0.000000,0.000000,1.223132,1.143325,false,false
2026-04-17T14:33:14.568907,0.918371,-0.100192,-2.583076,237.999,SW,1,0.923820,1,0.923820,1.561901,2.317044,1.551859,0.447716,8.044518,3.904943,0.104086,-1.276446,0.876423,1.551859,-0.137445,-1.187522,-0.316428,1.236619,1.195450,6.380000,-40.734001,7.049000,NaN,-2.983231,true,Self-supervised model,0.201101,8.750000,141.773144,16.202645,0.000000,0.000000,1.006471,1.254921,false,false
2026-04-17T14:33:14.577684,0.918371,-0.100192,-2.578299,237.726,SW,1,0.923820,1,0.923820,1.598794,2.310314,1.792485,0.464475,7.963115,4.204218,0.113643,-1.355039,1.167887,1.792485,-0.100182,-1.241278,-0.306043,1.282369,1.245314,6.380000,-40.734001,7.049000,NaN,-2.974721,true,Self-supervised model,0.204609,8.759000,141.499466,16.154751,0.000000,0.000000,0.891943,1.397792,false,false
2026-04-17T14:33:14.585429,0.918371,-0.100192,-2.572849,237.413,SW,1,0.923820,1,0.923820,1.628760,2.305052,1.786078,0.474052,7.939173,4.170700,0.114495,-1.377567,1.131050,1.786078,-0.033598,-1.218676,-0.286496,1.252350,1.219139,6.380000,-40.734001,7.049000,NaN,-2.966578,true,Self-supervised model,0.203818,8.767000,141.187206,16.104392,0.000000,0.000000,0.911920,1.426181,false,false
2026-04-17T14:33:14.592419,0.918371,-0.100192,-2.566973,237.077,SW,1,0.923820,1,0.923820,1.626043,2.299892,1.611782,0.486023,7.970297,3.931279,0.115755,-1.343273,0.883210,1.611782,0.019548,-1.125214,-0.258396,1.154667,1.125384,6.380000,-40.734001,7.049000,NaN,-2.958998,true,Self-supervised model,0.201180,8.774000,140.850537,16.053173,0.000000,0.000000,1.008848,1.395884,false,false
2026-04-17T14:33:14.600600,0.918371,-0.100192,-2.560962,236.732,SW,1,0.923820,1,0.923820,1.580126,2.293101,1.339058,0.531513,8.056489,3.493140,0.152059,-1.255280,0.440710,1.339058,0.036041,-0.985937,-0.234572,1.014098,0.986595,6.380000,-40.734001,7.049000,NaN,-2.952446,true,Self-supervised model,0.199517,8.782000,140.506122,15.999331,0.000000,0.000000,1.180028,1.320443,false,false
2026-04-17T14:33:14.608811,0.918371,-0.100192,-2.554972,236.389,SW,1,0.923820,1,0.923820,1.511090,2.283821,1.148653,0.553061,8.176199,3.047819,0.167903,-1.136314,-0.001628,1.148653,0.010996,-0.855211,-0.219911,0.883102,0.855282,6.380000,-40.734001,7.049000,NaN,-2.946540,true,Self-supervised model,0.197205,8.790000,140.162914,15.945724,0.000000,0.000000,1.315532,1.300704,false,false
2026-04-17T14:33:14.617151,0.918371,-0.100192,-2.549070,236.051,SW,1,0.923820,1,0.923820,1.431621,2.271733,1.014406,0.543484,8.372523,2.700660,0.154924,-0.939650,-0.349396,1.014406,-0.051924,-0.728762,-0.206472,0.759224,0.730610,6.380000,-40.734001,7.049000,NaN,-2.940990,true,Self-supervised model,0.195814,8.799000,139.824750,15.890982,0.000000,0.000000,1.411289,1.336109,false,false
2026-04-17T14:33:14.624522,0.918371,-0.100192,-2.543276,235.719,SW,1,0.923820,1,0.923820,1.358720,2.257212,0.975990,0.507571,8.482656,2.552219,0.117641,-0.827410,-0.504094,0.975990,-0.136223,-0.657291,-0.210138,0.703382,0.671259,6.380000,-40.734001,7.049000,NaN,-2.935628,true,Self-supervised model,0.195621,8.806000,139.492772,15.840651,0.000000,0.000000,1.392145,1.387568,false,false
2026-04-17T14:33:14.633046,0.918371,-0.100192,-2.537533,235.390,SW,1,0.923820,1,0.923820,1.279974,2.240123,0.866559,0.483629,8.655039,2.504335,0.093819,-0.651015,-0.564182,0.866559,-0.211970,-0.638965,-0.221744,0.708786,0.673207,6.380000,-40.734001,7.049000,NaN,-2.930092,true,Self-supervised model,0.193749,8.814000,139.163751,15.788944,0.000000,0.000000,1.477077,1.222595,false,false
2026-04-17T14:33:14.641181,0.918371,-0.100192,-2.531742,235.058,SW,1,0.923820,1,0.923820,1.192627,2.220223,0.734057,0.433351,8.774749,2.576161,0.045009,-0.525269,-0.510791,0.734057,-0.293215,-0.654237,-0.243124,0.757040,0.716939,6.380000,-40.734001,7.049000,NaN,-2.924106,true,Self-supervised model,0.189600,8.823000,138.831948,15.735231,0.000000,0.000000,1.624706,0.969641,false,false
2026-04-17T14:33:14.650330,0.918371,-0.100192,-2.525756,234.715,SW,1,0.923820,1,0.923820,1.091522,2.197075,0.560720,0.351948,8.822633,2.806004,-0.035013,-0.469653,-0.304313,0.560720,-0.358578,-0.702495,-0.252287,0.828086,0.788719,6.380000,-40.734001,7.049000,NaN,-2.917339,true,Self-supervised model,0.183069,8.832000,138.488952,15.680361,0.000000,0.000000,1.946645,0.677127,false,false
2026-04-17T14:33:14.656701,0.918371,-0.100192,-2.519522,234.358,SW,1,0.923820,1,0.923820,0.992105,2.170876,0.470167,0.292093,8.829816,3.057395,-0.094988,-0.453589,-0.079314,0.470167,-0.391565,-0.762360,-0.246179,0.891695,0.857039,6.380000,-40.734001,7.049000,NaN,-2.910118,true,Self-supervised model,0.177308,8.838000,138.131810,15.629306,0.000000,0.000000,2.110113,0.527273,false,false
2026-04-17T14:33:14.665078,0.918371,-0.100192,-2.513077,233.989,SW,1,0.923820,1,0.923820,0.915783,2.142672,0.515091,0.318429,8.848969,3.447650,-0.071966,-0.424645,0.282517,0.515091,-0.386067,-0.821614,-0.232129,0.937006,0.907798,6.380000,-40.734001,7.049000,NaN,-2.902826,true,Self-supervised model,0.182236,8.847000,137.762535,15.571667,0.000000,0.000000,1.777905,0.549720,false,false
2026-04-17T14:33:14.672683,0.918371,-0.100192,-2.506553,233.615,SW,1,0.923820,1,0.923820,0.874099,2.113929,0.655259,0.318429,8.894460,3.727772,-0.078426,-0.369540,0.535400,0.655259,-0.346971,-0.905302,-0.216857,0.993473,0.969516,6.380000,-40.734001,7.049000,NaN,-2.895983,true,Self-supervised model,0.188603,8.854000,137.388710,15.517135,0.000000,0.000000,1.333975,0.659564,false,false
2026-04-17T14:33:14.681447,0.918371,-0.100192,-2.500054,233.243,SW,1,0.923820,1,0.923820,0.855608,2.085596,0.758527,0.368707,8.913613,3.892972,-0.037925,-0.341526,0.676228,0.758527,-0.277333,-0.984715,-0.200364,1.042460,1.023023,6.380000,-40.734001,7.049000,NaN,-2.889585,true,Self-supervised model,0.193202,8.863000,137.016335,15.459363,0.000000,0.000000,1.127986,0.727632,false,false
2026-04-17T14:33:14.689134,0.918371,-0.100192,-2.493675,232.877,SW,1,0.923820,1,0.923820,0.846735,2.058042,0.800153,0.421380,8.944737,3.971981,0.002542,-0.304524,0.739935,0.800153,-0.204029,-1.058630,-0.189368,1.094616,1.078111,6.380000,-40.734001,7.049000,NaN,-2.883687,true,Self-supervised model,0.193845,8.871000,136.650847,15.404221,0.000000,0.000000,1.058216,0.730990,false,false
2026-04-17T14:33:14.697109,0.918371,-0.100192,-2.487491,232.523,SW,1,0.923820,1,0.923820,0.831677,2.030987,0.752623,0.505177,8.999804,3.950433,0.071777,-0.245134,0.707954,0.752623,-0.142942,-1.114829,-0.186925,1.139393,1.123956,6.380000,-40.734001,7.049000,NaN,-2.878284,true,Self-supervised model,0.192612,8.879000,136.296538,15.350438,0.000000,0.000000,1.105038,0.660547,false,false
2026-04-17T14:33:14.704682,0.918371,-0.100192,-2.481531,232.181,SW,1,0.923820,1,0.923820,0.808117,2.004073,0.684425,0.600945,8.985439,3.864242,0.151590,-0.256740,0.616070,0.684425,-0.085521,-1.165531,-0.192423,1.184400,1.168664,6.380000,-40.734001,7.049000,NaN,-2.873220,true,Self-supervised model,0.190706,8.886000,135.955060,15.299917,0.000000,0.000000,1.180724,0.577867,false,false
2026-04-17T14:33:14.715695,0.918371,-0.100192,-2.475786,231.852,SW,1,0.923820,1,0.923820,0.779574,1.977093,0.629722,0.627281,8.930372,3.785233,0.160767,-0.306989,0.525797,0.629722,-0.039706,-1.200961,-0.198531,1.217908,1.201617,6.380000,-40.734001,7.049000,NaN,-2.868334,true,Self-supervised model,0.191067,8.897000,135.625891,15.244003,0.000000,0.000000,1.237964,0.517053,false,false
2026-04-17T14:33:14.721824,0.918371,-0.100192,-2.470173,231.530,SW,1,0.923820,1,0.923820,0.747520,1.949910,0.579241,0.624887,8.856153,3.684676,0.141281,-0.377169,0.416298,0.579241,-0.010996,-1.213178,-0.208916,1.231084,1.213228,9.932000,-39.312000,7.033000,NaN,-2.863251,true,Self-supervised model,0.187347,8.903000,135.304314,15.197609,0.000000,0.000000,1.290516,0.470513,false,false
2026-04-17T14:33:14.729432,0.918371,-0.100192,-2.464647,231.214,SW,1,0.923820,1,0.923820,0.712566,1.922416,0.529054,0.627281,8.810662,3.572149,0.127129,-0.419238,0.296607,0.529054,0.000611,-1.202794,-0.216246,1.222078,1.202794,9.932000,-39.312000,7.033000,NaN,-2.858073,true,Self-supervised model,0.187018,8.911000,134.987712,15.148436,0.000000,0.000000,1.346868,0.432913,false,false
2026-04-17T14:33:14.736825,0.918371,-0.100192,-2.459165,230.900,SW,1,0.923820,1,0.923820,0.678060,1.894642,0.496907,0.593762,8.767567,3.454833,0.078211,-0.459229,0.172940,0.496907,-0.004276,-1.181413,-0.227242,1.203077,1.181421,9.932000,-39.312000,7.033000,NaN,-2.852766,true,Self-supervised model,0.186735,8.918000,134.673614,15.101325,0.000000,0.000000,1.364562,0.413030,false,false
2026-04-17T14:33:14.747162,0.918371,-0.100192,-2.453676,230.585,SW,1,0.923820,1,0.923820,0.641417,1.866513,0.449040,0.529119,8.784326,3.380613,-0.000085,-0.439437,0.092368,0.449040,-0.021991,-1.137431,-0.232129,1.161084,1.137644,9.932000,-39.312000,7.033000,NaN,-2.847246,true,Self-supervised model,0.187093,8.929000,134.359085,15.047495,0.000000,0.000000,1.428420,0.386742,false,false
2026-04-17T14:33:14.752765,0.918371,-0.100192,-2.448125,230.267,SW,1,0.923820,1,0.923820,0.612230,1.838341,0.459000,0.497994,8.769960,3.371036,-0.042942,-0.450647,0.075856,0.459000,-0.040317,-1.079399,-0.231518,1.104685,1.080152,9.932000,-39.312000,7.033000,NaN,-2.841450,true,Self-supervised model,0.186072,8.934000,134.041040,15.003474,0.000000,0.000000,1.333835,0.415503,false,false
2026-04-17T14:33:14.763152,0.918371,-0.100192,-2.442483,229.944,SW,1,0.923820,1,0.923820,0.581508,1.810068,0.420215,0.478840,8.827422,3.442862,-0.071786,-0.389755,0.139707,0.420215,-0.055589,-1.033584,-0.238848,1.062278,1.035078,9.932000,-39.312000,7.033000,NaN,-2.835444,true,Self-supervised model,0.188505,8.945000,133.717786,14.948886,0.000000,0.000000,1.383835,0.395579,false,false
2026-04-17T14:33:14.768680,0.918371,-0.100192,-2.436724,229.614,SW,1,0.923820,1,0.923820,0.549185,1.781633,0.379488,0.483629,8.944737,3.569755,-0.074480,-0.268696,0.257423,0.379488,-0.067195,-0.985326,-0.248622,1.018428,0.987614,9.932000,-39.312000,7.033000,NaN,-2.829216,true,Self-supervised model,0.184245,8.950000,133.387815,14.903666,0.000000,0.000000,1.447172,0.372622,false,false
2026-04-17T14:33:14.778837,0.918371,-0.100192,-2.430805,229.275,SW,1,0.923820,1,0.923820,0.531391,1.753623,0.437974,0.490811,9.006987,3.703830,-0.072793,-0.202499,0.381467,0.437974,-0.065363,-0.951117,-0.260229,0.988238,0.953360,9.932000,-39.312000,7.033000,NaN,-2.822657,true,Self-supervised model,0.192265,8.960000,133.048679,14.849183,0.000000,0.000000,1.213292,0.443187,false,false
2026-04-17T14:33:14.785706,0.918371,-0.100192,-2.424686,228.924,SW,1,0.923820,1,0.923820,0.537893,1.726994,0.572025,0.517148,9.078813,3.888184,-0.050681,-0.126689,0.555512,0.572025,-0.043982,-0.940732,-0.267559,0.979030,0.941760,9.932000,-39.312000,7.033000,NaN,-2.815739,true,Self-supervised model,0.196200,8.967000,132.698096,14.798494,0.000000,0.000000,0.940331,0.584277,false,false
2026-04-17T14:33:14.792400,0.918371,-0.100192,-2.418362,228.562,SW,1,0.923820,1,0.923820,0.562681,1.702421,0.692820,0.553061,9.131485,4.031836,-0.018391,-0.070114,0.689017,0.692820,-0.017104,-0.953561,-0.276111,0.992879,0.953714,9.932000,-39.312000,7.033000,NaN,-2.808592,true,Self-supervised model,0.199533,8.974000,132.335730,14.746571,0.000000,0.000000,0.812161,0.697789,false,false
2026-04-17T14:33:14.800715,0.918371,-0.100192,-2.411831,228.188,SW,1,0.923820,1,0.923820,0.605557,1.680547,0.830659,0.545878,9.188946,4.182671,-0.029111,-0.008884,0.830101,0.830659,0.024435,-0.971887,-0.276722,1.010809,0.972194,9.932000,-39.312000,7.033000,NaN,-2.801236,true,Self-supervised model,0.203727,8.982000,131.961543,14.691777,0.000000,0.000000,0.729008,0.821776,false,false
2026-04-17T14:33:14.808816,0.918371,-0.100192,-2.405111,227.803,SW,1,0.923820,1,0.923820,0.656301,1.661577,0.922704,0.517148,9.241618,4.280833,-0.061593,0.047248,0.919433,0.922704,0.080634,-0.996321,-0.277944,1.037502,0.999579,9.932000,-39.312000,7.033000,NaN,-2.793761,true,Self-supervised model,0.204772,8.990000,131.576533,14.635877,0.000000,0.000000,0.711280,0.889352,false,false
2026-04-17T14:33:14.818031,0.918371,-0.100192,-2.398224,227.408,SW,1,0.923820,1,0.923820,0.715647,1.645740,1.027213,0.541090,9.282320,4.390966,-0.041906,0.090869,1.022328,1.027213,0.135612,-1.019534,-0.276722,1.065089,1.028514,9.932000,-39.312000,7.033000,NaN,-2.786206,true,Self-supervised model,0.206460,8.999000,131.181952,14.577392,0.000000,0.000000,0.696688,0.964439,false,false
2026-04-17T14:33:14.824645,0.918371,-0.100192,-2.391221,227.007,SW,1,0.923820,1,0.923820,0.776388,1.632966,1.095278,0.577003,9.320627,4.458004,-0.010824,0.130180,1.087460,1.095278,0.218079,-1.043969,-0.282831,1.103369,1.066503,9.932000,-39.312000,7.033000,NaN,-2.778735,true,Self-supervised model,0.204498,9.006000,130.780675,14.521505,0.000000,0.000000,0.708850,0.992667,false,false
2026-04-17T14:33:14.833151,0.918371,-0.100192,-2.384175,226.603,SW,1,0.923820,1,0.923820,0.817375,1.622342,1.032559,0.612916,9.390059,4.378995,0.020249,0.198200,1.013156,1.032559,0.307265,-1.070847,-0.301157,1.154045,1.114058,9.932000,-39.312000,7.033000,NaN,-2.771518,true,Self-supervised model,0.204380,9.015000,130.376958,14.462225,0.000000,0.000000,0.791601,0.894730,false,false
2026-04-17T14:33:14.840825,0.918371,-0.100192,-2.377119,226.199,SW,1,0.923820,1,0.923820,0.815695,1.612076,0.806874,0.560243,9.461885,4.101267,-0.037994,0.260431,0.762744,0.806874,0.380569,-1.098947,-0.325591,1.207694,1.162977,9.932000,-39.312000,7.033000,NaN,-2.764428,true,Self-supervised model,0.197935,9.022000,129.972731,14.406199,0.000000,0.000000,1.010932,0.668111,false,false
2026-04-17T14:33:14.849175,0.918371,-0.100192,-2.370269,225.806,SW,1,0.923820,1,0.923820,0.766556,1.600255,0.508578,0.548272,9.500193,3.722984,-0.054025,0.287649,0.415921,0.508578,0.413556,-1.121549,-0.348804,1.245216,1.195366,9.932000,-39.312000,7.033000,NaN,-2.758393,true,Self-supervised model,0.187868,9.031000,129.580200,14.348378,0.000000,0.000000,1.507255,0.408425,false,false
2026-04-17T14:33:14.856876,0.918371,-0.100192,-2.363508,225.419,SW,1,0.923820,1,0.923820,0.683029,1.585566,0.244508,0.562637,9.459491,3.311181,-0.040281,0.240006,0.023632,0.244508,0.409891,-1.144151,-0.378736,1.273001,1.215356,9.932000,-39.312000,7.033000,NaN,-2.751995,true,Self-supervised model,0.170657,9.038000,129.192859,14.294408,0.000000,0.000000,2.793482,0.192072,false,false
2026-04-17T14:33:14.865892,0.918371,-0.100192,-2.356465,225.015,SW,1,0.923820,1,0.923820,0.629999,1.569344,0.351594,0.500388,9.414001,2.987964,-0.100811,0.187402,-0.279886,0.351594,0.364076,-1.155757,-0.411112,1.279585,1.211745,9.932000,-39.312000,7.033000,NaN,-2.743820,true,Self-supervised model,0.182174,9.047000,128.789302,14.235581,0.000000,0.000000,1.791835,0.274772,false,false
2026-04-17T14:33:14.872632,0.918371,-0.100192,-2.349017,224.589,SW,1,0.923820,1,0.923820,0.604110,1.552734,0.468190,0.435745,9.433155,2.858677,-0.161150,0.200017,-0.391441,0.468190,0.290772,-1.154535,-0.437380,1.268385,1.190588,9.932000,-39.312000,7.033000,NaN,-2.734755,true,Self-supervised model,0.188396,9.054000,128.362579,14.177444,0.000000,0.000000,1.290308,0.369123,false,false
2026-04-17T14:33:14.882527,0.918371,-0.100192,-2.341066,224.133,SW,1,0.923820,1,0.923820,0.584511,1.536005,0.481620,0.361524,9.435549,2.858677,-0.229144,0.196363,-0.375356,0.481620,0.224188,-1.147816,-0.453873,1.254489,1.169505,11.168000,-39.937000,4.601000,NaN,-2.724790,true,Self-supervised model,0.192157,9.064000,127.907012,14.111541,0.000000,0.000000,1.213635,0.383918,false,false
2026-04-17T14:33:14.888795,0.918371,-0.100192,-2.332575,223.647,SW,1,0.923820,1,0.923820,0.559531,1.518946,0.428383,0.270545,9.452309,3.014300,-0.312146,0.208103,-0.206810,0.428383,0.145997,-1.147205,-0.475253,1.250304,1.156458,11.168000,-39.937000,4.601000,NaN,-2.714142,true,Self-supervised model,0.187282,9.070000,127.420546,14.048572,0.000000,0.000000,1.306145,0.342624,false,false
2026-04-17T14:33:14.896839,0.918371,-0.100192,-2.323505,223.127,SW,1,0.923820,1,0.923820,0.540697,1.501816,0.441820,0.251391,9.545682,3.253720,-0.324186,0.296839,0.044672,0.441820,0.083078,-1.145983,-0.493579,1.250520,1.148991,11.168000,-39.937000,4.601000,NaN,-2.702752,true,Self-supervised model,0.190555,9.078000,126.900853,13.978944,0.000000,0.000000,1.223794,0.353309,false,false
2026-04-17T14:33:14.904723,0.918371,-0.100192,-2.313996,222.582,SW,1,0.923820,1,0.923820,0.555470,1.485963,0.633025,0.205901,9.684546,3.495534,-0.357851,0.433234,0.291499,0.633025,0.040928,-1.137431,-0.511294,1.247737,1.138167,11.168000,-39.937000,4.601000,NaN,-2.691486,true,Self-supervised model,0.197419,9.086000,126.355998,13.906669,0.000000,0.000000,0.877484,0.507339,false,false
2026-04-17T14:33:14.913654,0.918371,-0.100192,-2.303785,221.997,SW,1,0.923820,1,0.923820,0.596103,1.472368,0.809426,0.251391,9.742006,3.773262,-0.298893,0.489097,0.571505,0.809426,0.026267,-1.113607,-0.519846,1.229248,1.113917,11.168000,-39.937000,4.601000,NaN,-2.678469,true,Self-supervised model,0.202465,9.095000,125.770948,13.828581,0.000000,0.000000,0.736451,0.658472,false,false
2026-04-17T14:33:14.920780,0.918371,-0.100192,-2.292907,221.374,SW,1,0.923820,1,0.923820,0.666935,1.462151,1.038803,0.342371,9.749189,4.094085,-0.193237,0.495399,0.892385,1.038803,0.027489,-1.098947,-0.524733,1.218107,1.099290,11.168000,-39.937000,4.601000,NaN,-2.664926,true,Self-supervised model,0.204832,9.102000,125.147718,13.749475,0.000000,0.000000,0.642022,0.852801,false,false
2026-04-17T14:33:14.928679,0.918371,-0.100192,-2.281423,220.716,SW,1,0.923820,1,0.923820,0.771073,1.456508,1.317802,0.440533,9.797073,4.400543,-0.080821,0.542712,1.198137,1.317802,0.043371,-1.112996,-0.527788,1.232559,1.113841,11.168000,-39.937000,4.601000,NaN,-2.651017,true,Self-supervised model,0.207715,9.110000,124.489753,13.665176,0.000000,0.000000,0.585121,1.069159,false,false
2026-04-17T14:33:14.936481,0.918371,-0.100192,-2.269472,220.031,SW,1,0.923820,1,0.923820,0.894878,1.456042,1.544849,0.466869,9.847352,4.627992,-0.042380,0.592086,1.426253,1.544849,0.078802,-1.153314,-0.516181,1.266011,1.156003,11.168000,-39.937000,4.601000,NaN,-2.637195,true,Self-supervised model,0.209381,9.118000,123.804983,13.578085,0.000000,0.000000,0.579265,1.220249,false,false
2026-04-17T14:33:14.946067,0.918371,-0.100192,-2.257238,219.330,SW,1,0.923820,1,0.923820,1.034384,1.461176,1.766790,0.588974,9.923966,4.831499,0.088865,0.666842,1.633699,1.766790,0.123395,-1.193020,-0.504575,1.301199,1.199384,11.168000,-39.937000,4.601000,NaN,-2.623830,true,Self-supervised model,0.213456,9.128000,123.104023,13.486418,0.000000,0.000000,0.585459,1.357817,false,false
2026-04-17T14:33:14.952865,0.918371,-0.100192,-2.244925,218.625,SW,1,0.923820,1,0.923820,1.166752,1.471399,1.861689,0.720655,10.005369,4.879383,0.226956,0.744606,1.691135,1.861689,0.188757,-1.247387,-0.501520,1.357618,1.261588,11.168000,-39.937000,4.601000,NaN,-2.611201,true,Self-supervised model,0.209712,9.134000,122.398529,13.400321,0.000000,0.000000,0.626717,1.371291,false,false
2026-04-17T14:33:14.964028,0.918371,-0.100192,-2.232689,217.924,SW,1,0.923820,1,0.923820,1.255922,1.484780,1.724062,0.823605,10.041282,4.675876,0.335269,0.774899,1.503168,1.724062,0.248011,-1.289536,-0.514349,1.410308,1.313169,11.168000,-39.937000,4.601000,NaN,-2.599273,true,Self-supervised model,0.213621,9.145000,121.697454,13.307540,0.000000,0.000000,0.728467,1.222472,false,false
2026-04-17T14:33:14.968726,0.918371,-0.100192,-2.220557,217.229,SW,1,0.923820,1,0.923820,1.289064,1.498951,1.463058,0.895431,10.074800,4.304775,0.413177,0.801175,1.152364,1.463058,0.280387,-1.302976,-0.541227,1.438502,1.332802,11.168000,-39.937000,4.601000,NaN,-2.587557,true,Self-supervised model,0.198205,9.150000,121.002340,13.224299,0.000000,0.000000,0.881075,1.017071,false,false
2026-04-17T14:33:14.976561,0.918371,-0.100192,-2.208459,216.535,SW,1,0.923820,1,0.923820,1.247584,1.510897,1.029815,0.842759,10.098742,3.636792,0.369041,0.817195,0.506478,1.029815,0.282220,-1.276708,-0.568716,1.425858,1.307529,11.168000,-39.937000,4.601000,NaN,-2.575599,true,Self-supervised model,0.198008,9.158000,120.309223,13.137063,0.000000,0.000000,1.211464,0.722243,false,false
2026-04-17T14:33:14.985405,0.918371,-0.100192,-2.196255,215.836,SW,1,0.923820,1,0.923820,1.189589,1.520044,0.885112,0.715866,10.098742,2.861071,0.254737,0.810023,-0.249790,0.885112,0.227853,-1.210124,-0.610865,1.374581,1.231388,11.168000,-39.937000,4.601000,NaN,-2.562968,true,Self-supervised model,0.196466,9.167000,119.609982,13.047887,0.000000,0.000000,1.343997,0.643914,false,false
2026-04-17T14:33:14.992529,0.918371,-0.100192,-2.183764,215.120,SW,1,0.923820,1,0.923820,1.182266,1.528533,1.143826,0.567426,10.149021,2.348712,0.123396,0.855230,-0.749461,1.143826,0.101404,-1.150870,-0.652404,1.326807,1.155329,11.168000,-39.937000,4.601000,NaN,-2.549326,true,Self-supervised model,0.202555,9.174000,118.894266,12.959916,0.000000,0.000000,1.033607,0.862089,false,false
2026-04-17T14:33:15.000751,0.918371,-0.100192,-2.170775,214.376,SW,1,0.923820,1,0.923820,1.205137,1.537597,1.325206,0.421380,10.053253,2.006341,-0.000820,0.757059,-1.087672,1.325206,-0.054978,-1.145372,-0.691499,1.339056,1.146691,11.168000,-39.937000,4.601000,NaN,-2.534346,true,Self-supervised model,0.207145,9.182000,118.150039,12.867571,0.000000,0.000000,0.909396,0.989657,false,false
2026-04-17T14:33:15.008776,0.918371,-0.100192,-2.157030,213.589,SW,1,0.923820,1,0.923820,1.244036,1.547855,1.448256,0.272939,9.816227,1.759738,-0.125371,0.522514,-1.344882,1.448256,-0.265726,-1.177137,-0.717156,1.403772,1.206757,11.168000,-39.937000,4.601000,NaN,-2.517580,true,Self-supervised model,0.208057,9.190000,117.362532,12.770678,0.000000,0.000000,0.858989,1.031689,false,false
2026-04-17T14:33:15.017620,0.918371,-0.100192,-2.142375,212.749,SW,1,0.923820,1,0.923820,1.243374,1.557676,1.239900,0.117316,9.603143,1.960851,-0.257333,0.317459,-1.170620,1.239900,-0.506407,-1.242500,-0.732427,1.528628,1.341736,11.168000,-39.937000,4.601000,NaN,-2.499281,true,Self-supervised model,0.202688,9.199000,116.522837,12.666903,0.000000,0.000000,1.002802,0.811119,false,false
2026-04-17T14:33:15.024479,0.918371,-0.100192,-2.126799,211.857,SW,1,0.923820,1,0.923820,1.162538,1.563870,0.738149,-0.002394,9.548077,2.590526,-0.356645,0.276301,-0.584231,0.738149,-0.734871,-1.350623,-0.709215,1.693282,1.537601,11.168000,-39.937000,4.601000,NaN,-2.480025,true,Self-supervised model,0.183912,9.206000,115.630420,12.560332,0.000000,0.000000,1.574937,0.435928,false,false
2026-04-17T14:33:15.032856,0.918371,-0.100192,-2.110452,210.920,SW,1,0.923820,1,0.923820,1.080231,1.566525,0.648120,0.040701,9.538500,3.730166,-0.299295,0.285758,0.498823,0.648120,-0.874148,-1.450194,-0.662789,1.818375,1.693280,11.168000,-39.937000,4.601000,NaN,-2.460591,true,Self-supervised model,0.183551,9.214000,114.693789,12.447774,0.000000,0.000000,1.666714,0.356428,false,false
2026-04-17T14:33:15.041655,0.918371,-0.100192,-2.093648,209.957,SW,1,0.923820,1,0.923820,1.167304,1.572556,1.624437,0.196325,9.485827,4.893748,-0.137662,0.255505,1.598300,1.624437,-0.929126,-1.520444,-0.585820,1.875689,1.781860,13.092001,-38.824001,2.885000,NaN,-2.441961,true,Self-supervised model,0.204504,9.223000,113.730997,12.331237,0.000000,0.000000,0.718590,0.866048,false,false
2026-04-17T14:33:15.049775,0.918371,-0.100192,-2.076834,208.994,SW,1,0.923820,1,0.923820,1.413019,1.588174,2.703023,0.493206,9.397242,6.050148,0.157369,0.189697,2.691762,2.703023,-0.882089,-1.554652,-0.503964,1.857150,1.787463,13.092001,-38.824001,2.885000,NaN,-2.425107,true,Self-supervised model,0.214563,9.231000,112.767628,12.216188,0.000000,0.000000,0.522755,1.455469,false,false
2026-04-17T14:33:15.056984,0.918371,-0.100192,-2.060472,208.056,SW,1,0.923820,1,0.923820,1.735207,1.616056,3.426691,0.713472,9.315839,6.818686,0.368308,0.129228,3.404389,3.426691,-0.744034,-1.576032,-0.417832,1.792219,1.742832,13.092001,-38.824001,2.885000,NaN,-2.410554,true,Self-supervised model,0.219617,9.238000,111.830175,12.105453,0.000000,0.000000,0.506380,1.911983,false,false
2026-04-17T14:33:15.065440,0.918371,-0.100192,-2.044933,207.166,SW,1,0.923820,1,0.923820,2.112156,1.657900,4.091140,1.055843,9.184157,7.489063,0.694566,0.014278,4.031724,4.091140,-0.561385,-1.544267,-0.332922,1.676530,1.643142,13.092001,-38.824001,2.885000,NaN,-2.398306,true,Self-supervised model,0.229308,9.247000,110.939857,11.997389,0.000000,0.000000,0.516276,2.440243,false,false
2026-04-17T14:33:15.072798,0.918371,-0.100192,-2.030559,206.342,SW,1,0.923820,1,0.923820,2.504201,1.713752,4.562437,1.443704,9.018958,7.917625,1.060879,-0.140532,4.435157,4.562437,-0.305433,-1.490511,-0.249844,1.541861,1.521484,13.092001,-38.824001,2.885000,NaN,-2.388592,true,Self-supervised model,0.235185,9.254000,110.116296,11.899319,0.000000,0.000000,0.548874,2.959046,false,false
2026-04-17T14:33:15.082723,0.918371,-0.100192,-2.017623,205.601,SW,1,0.923820,1,0.923820,2.837517,1.780702,4.587423,1.769315,8.868123,7.857770,1.361830,-0.288705,4.371100,4.587423,0.076358,-1.352456,-0.175318,1.365907,1.354609,13.092001,-38.824001,2.885000,NaN,-2.381406,true,Self-supervised model,0.243999,9.264000,109.375094,11.806465,0.000000,0.000000,0.618543,3.358517,false,false
2026-04-17T14:33:15.089340,0.918371,-0.100192,-2.006290,204.952,SW,1,0.923820,1,0.923820,3.063904,1.854030,4.252435,2.020706,8.757990,7.393295,1.588833,-0.404205,3.923702,4.252435,0.288328,-1.246776,-0.153327,1.288834,1.279681,13.092001,-38.824001,2.885000,NaN,-2.376489,true,Self-supervised model,0.241153,9.271000,108.725794,11.727515,0.000000,0.000000,0.720506,3.299444,false,false
2026-04-17T14:33:15.096869,0.918371,-0.100192,-1.996585,204.396,SW,1,0.923820,1,0.923820,3.118027,1.926590,3.402172,2.030283,8.667010,6.404490,1.577627,-0.507844,2.971189,3.402172,0.523512,-1.105055,-0.152716,1.232288,1.222788,13.092001,-38.824001,2.885000,NaN,-2.373290,true,Self-supervised model,0.238891,9.278000,108.169692,11.658729,0.000000,0.000000,0.916481,2.760858,false,false
2026-04-17T14:33:15.104566,0.918371,-0.100192,-1.988393,203.927,SW,1,0.923820,1,0.923820,2.980118,1.990731,2.256100,1.800440,8.626308,5.111620,1.332154,-0.567035,1.730268,2.256100,0.717156,-0.965167,-0.169210,1.214287,1.202439,13.092001,-38.824001,2.885000,NaN,-2.371154,true,Self-supervised model,0.226560,9.286000,107.700337,11.598141,0.000000,0.000000,1.320916,1.857964,false,false
2026-04-17T14:33:15.113846,0.918371,-0.100192,-1.981509,203.532,SW,1,0.923820,1,0.923820,2.711845,2.041576,1.303408,1.501164,8.578424,3.823540,1.021610,-0.635757,0.500997,1.303408,0.799012,-0.886976,-0.211359,1.212361,1.193795,13.092001,-38.824001,2.885000,NaN,-2.369502,true,Self-supervised model,0.209480,9.295000,107.305917,11.544477,0.000000,0.000000,2.080581,1.075098,false,false
2026-04-17T14:33:15.120984,0.918371,-0.100192,-1.975668,203.197,SW,1,0.923820,1,0.923820,2.454288,2.080084,1.102117,1.213860,8.576031,2.760514,0.725543,-0.657933,-0.505344,1.102117,0.765414,-0.890031,-0.241292,1.198430,1.173888,13.092001,-38.824001,2.885000,NaN,-2.367833,true,Self-supervised model,0.203671,9.302000,106.971256,11.499813,0.000000,0.000000,2.226886,0.919634,false,false
2026-04-17T14:33:15.129183,0.918371,-0.100192,-1.970557,202.905,SW,1,0.923820,1,0.923820,2.329844,2.112075,1.676514,0.861913,8.525752,1.750161,0.366176,-0.725034,-1.466609,1.676514,0.623083,-0.931570,-0.283441,1.156025,1.120738,13.092001,-38.824001,2.885000,NaN,-2.365641,true,Self-supervised model,0.219661,9.311000,106.678412,11.457245,0.000000,0.000000,1.389695,1.450241,false,false
2026-04-17T14:33:15.136770,0.918371,-0.100192,-1.965866,202.636,SW,1,0.923820,1,0.923820,2.334939,2.142989,2.361686,0.524330,8.451532,0.986411,0.004365,-0.800920,-2.221727,2.361686,0.494801,-0.970665,-0.307876,1.132169,1.089504,13.092001,-38.824001,2.885000,NaN,-2.362633,true,Self-supervised model,0.230004,9.318000,106.409665,11.419797,0.000000,0.000000,0.988675,2.085984,false,false
2026-04-17T14:33:15.146181,0.918371,-0.100192,-1.962038,202.416,S,1,0.923820,1,0.923820,2.416684,2.175937,2.845844,0.265756,8.420407,0.474052,-0.259163,-0.841372,-2.706244,2.845844,0.280387,-1.031141,-0.329256,1.118158,1.068582,13.092001,-38.824001,2.885000,NaN,-2.362253,true,Self-supervised model,0.236945,9.328000,106.190316,11.384039,0.000000,0.000000,0.849198,2.545118,false,false
2026-04-17T14:33:15.153056,0.918371,-0.100192,-1.957860,202.177,S,1,0.923820,1,0.923820,2.518927,2.211657,3.055706,0.069432,8.374918,0.280122,-0.459705,-0.891326,-2.886442,3.055706,0.038485,-1.109942,-0.337808,1.160848,1.110609,13.092001,-38.824001,2.885000,NaN,-2.356678,true,Self-supervised model,0.236712,9.334000,105.950945,11.351076,0.000000,0.000000,0.824336,2.632306,false,false
2026-04-17T14:33:15.163590,0.918371,-0.100192,-1.953105,201.905,S,1,0.923820,1,0.923820,2.589430,2.248768,2.959567,0.021548,8.317456,0.411803,-0.512847,-0.947946,-2.756343,2.959567,-0.171042,-1.211957,-0.338419,1.269891,1.223967,13.092001,-38.824001,2.885000,NaN,-2.349613,true,Self-supervised model,0.236030,9.345000,105.678496,11.308560,0.000000,0.000000,0.874935,2.330569,false,false
2026-04-17T14:33:15.168878,0.918371,-0.100192,-1.947638,201.591,S,1,0.923820,1,0.923820,2.567101,2.283501,2.449872,0.098162,8.336611,0.960075,-0.444611,-0.922265,-2.225673,2.449872,-0.399506,-1.334741,-0.331089,1.432046,1.393247,13.092001,-38.824001,2.885000,NaN,-2.341299,true,Self-supervised model,0.224652,9.350000,105.365267,11.269012,0.000000,0.000000,1.047851,1.710749,false,false
2026-04-17T14:33:15.176833,0.918371,-0.100192,-1.941427,201.236,S,1,0.923820,1,0.923820,2.442861,2.311875,1.790602,0.234632,8.362947,1.692701,-0.319839,-0.884673,-1.523586,1.790602,-0.560163,-1.443475,-0.328035,1.582722,1.548355,13.092001,-38.824001,2.885000,NaN,-2.332112,true,Self-supervised model,0.214803,9.358000,105.009403,11.221351,0.000000,0.000000,1.364268,1.131344,false,false
2026-04-17T14:33:15.185847,0.918371,-0.100192,-1.934494,200.838,S,1,0.923820,1,0.923820,2.240600,2.331024,1.178733,0.476446,8.305486,2.533065,-0.092231,-0.928135,-0.720742,1.178733,-0.624304,-1.498452,-0.328035,1.656117,1.623304,13.092001,-38.824001,2.885000,NaN,-2.322291,true,Self-supervised model,0.201844,9.367000,104.612175,11.168162,0.000000,0.000000,1.900855,0.711745,false,false
2026-04-17T14:33:15.192703,0.918371,-0.100192,-1.926927,200.405,S,1,0.923820,1,0.923820,2.044476,2.341562,1.014822,0.687136,8.226477,3.107674,0.103471,-0.992459,-0.184885,1.014822,-0.615752,-1.488068,-0.330478,1.643993,1.610434,13.092001,-38.824001,2.885000,NaN,-2.312187,true,Self-supervised model,0.195286,9.374000,104.178604,11.113570,0.000000,0.000000,2.014615,0.617291,false,false
2026-04-17T14:33:15.201646,0.918371,-0.100192,-1.918845,199.942,S,1,0.923820,1,0.923820,1.888613,2.345444,1.070335,0.833182,8.164227,3.411737,0.235562,-1.040792,0.082944,1.070335,-0.567494,-1.441031,-0.340863,1.585814,1.548748,17.085001,-37.221001,-0.175000,NaN,-2.302044,true,Self-supervised model,0.199969,9.383000,103.715523,11.053557,0.000000,0.000000,1.764507,0.674943,false,false
2026-04-17T14:33:15.208817,0.918371,-0.100192,-1.910352,199.455,S,1,0.923820,1,0.923820,1.750157,2.343633,1.023264,0.840365,8.202535,3.476381,0.230171,-0.990247,0.116199,1.023264,-0.514959,-1.389718,-0.352469,1.523396,1.482060,17.085001,-37.221001,-0.175000,NaN,-2.291908,true,Self-supervised model,0.199033,9.390000,103.228900,10.993493,0.000000,0.000000,1.710367,0.671699,false,false
2026-04-17T14:33:15.217688,0.918371,-0.100192,-1.901577,198.952,S,1,0.923820,1,0.923820,1.594725,2.335677,0.778706,0.792481,8.422802,3.426103,0.171147,-0.758746,0.037369,0.778706,-0.481973,-1.343904,-0.355524,1.471316,1.427716,17.085001,-37.221001,-0.175000,NaN,-2.282007,true,Self-supervised model,0.193228,9.399000,102.726150,10.929477,0.000000,0.000000,2.047916,0.529258,false,false
2026-04-17T14:33:15.224569,0.918371,-0.100192,-1.892593,198.438,S,1,0.923820,1,0.923820,1.435408,2.321666,0.598991,0.632069,8.576031,3.347094,0.001500,-0.595118,-0.067993,0.598991,-0.453262,-1.281595,-0.365908,1.407772,1.359387,17.085001,-37.221001,-0.175000,NaN,-2.272186,true,Self-supervised model,0.185674,9.406000,102.211413,10.866618,0.000000,0.000000,2.396376,0.425489,false,false
2026-04-17T14:33:15.233282,0.918371,-0.100192,-1.883443,197.913,S,1,0.923820,1,0.923820,1.280593,2.302023,0.467817,0.440533,8.755595,3.315969,-0.197042,-0.405812,-0.123871,0.467817,-0.426995,-1.227839,-0.379347,1.354185,1.299967,17.085001,-37.221001,-0.175000,NaN,-2.262373,true,Self-supervised model,0.183234,9.415000,101.687172,10.800549,0.000000,0.000000,2.737379,0.345460,false,false
2026-04-17T14:33:15.240593,0.918371,-0.100192,-1.874134,197.380,S,1,0.923820,1,0.923820,1.162168,2.278429,0.540437,0.241814,8.839393,3.280056,-0.400914,-0.313072,-0.182554,0.540437,-0.403782,-1.197296,-0.387899,1.321750,1.263549,17.085001,-37.221001,-0.175000,NaN,-2.252425,true,Self-supervised model,0.188117,9.422000,101.153785,10.735914,0.000000,0.000000,2.150423,0.408880,false,false
2026-04-17T14:33:15.250281,0.918371,-0.100192,-1.864672,196.838,S,1,0.923820,1,0.923820,1.106140,2.253537,0.811994,-0.045490,8.894460,3.138798,-0.691628,-0.250028,-0.344197,0.811994,-0.381180,-1.180192,-0.391565,1.300567,1.240222,17.085001,-37.221001,-0.175000,NaN,-2.242354,true,Self-supervised model,0.202644,9.432000,100.611668,10.667056,0.000000,0.000000,1.362252,0.624339,false,false
2026-04-17T14:33:15.256742,0.918371,-0.100192,-1.855052,196.287,S,1,0.923820,1,0.923820,1.103786,2.229547,1.091423,-0.299275,8.935161,2.997540,-0.947037,-0.202372,-0.503360,1.091423,-0.368963,-1.163087,-0.376904,1.277091,1.220207,17.085001,-37.221001,-0.175000,NaN,-2.232098,true,Self-supervised model,0.207619,9.438000,100.060448,10.601870,0.000000,0.000000,1.011327,0.854616,false,false
2026-04-17T14:33:15.265174,0.918371,-0.100192,-1.845257,195.725,S,1,0.923820,1,0.923820,1.127179,2.207452,1.249993,-0.423774,8.966286,2.896984,-1.072467,-0.164770,-0.620603,1.249993,-0.372628,-1.133766,-0.347582,1.243017,1.193431,17.085001,-37.221001,-0.175000,NaN,-2.221608,true,Self-supervised model,0.213367,9.447000,99.499266,10.532366,0.000000,0.000000,0.901748,1.005613,false,false
2026-04-17T14:33:15.272866,0.918371,-0.100192,-1.835360,195.158,S,1,0.923820,1,0.923820,1.148203,2.187082,1.258578,-0.450110,9.016563,2.930503,-1.099302,-0.108236,-0.603190,1.258578,-0.376904,-1.088562,-0.305433,1.191769,1.151965,17.085001,-37.221001,-0.175000,NaN,-2.211299,true,Self-supervised model,0.212983,9.454000,98.932186,10.464585,0.000000,0.000000,0.912302,1.056059,false,false
2026-04-17T14:33:15.281507,0.918371,-0.100192,-1.825445,194.590,S,1,0.923820,1,0.923820,1.152352,2.167693,1.174135,-0.409408,9.050082,3.045424,-1.058417,-0.068777,-0.503602,1.174135,-0.371406,-1.040914,-0.270002,1.137694,1.105190,17.085001,-37.221001,-0.175000,NaN,-2.201313,true,Self-supervised model,0.213096,9.463000,98.364100,10.394600,0.000000,0.000000,0.981448,1.032031,false,false
2026-04-17T14:33:15.289037,0.918371,-0.100192,-1.815583,194.025,S,1,0.923820,1,0.923820,1.124833,2.147979,0.980356,-0.268151,9.057265,3.217807,-0.915969,-0.056362,-0.344852,0.980356,-0.346361,-0.992045,-0.241903,1.078256,1.050771,17.085001,-37.221001,-0.175000,NaN,-2.191663,true,Self-supervised model,0.208678,9.470000,97.799044,10.327249,0.000000,0.000000,1.147371,0.909205,false,false
2026-04-17T14:33:15.296927,0.918371,-0.100192,-1.805822,193.466,S,1,0.923820,1,0.923820,1.075428,2.127077,0.816056,-0.112527,9.129091,3.270479,-0.757579,0.019401,-0.302730,0.816056,-0.302989,-0.946230,-0.231518,1.020174,0.993556,17.085001,-37.221001,-0.175000,NaN,-2.182307,true,Self-supervised model,0.205269,9.478000,97.239793,10.259527,0.000000,0.000000,1.317837,0.799918,false,false
2026-04-17T14:33:15.304829,0.918371,-0.100192,-1.796176,192.913,S,1,0.923820,1,0.923820,1.011764,2.104464,0.677526,0.045490,9.169792,3.260903,-0.594335,0.062450,-0.319228,0.677526,-0.259618,-0.894918,-0.237016,0.961486,0.931815,17.085001,-37.221001,-0.175000,NaN,-2.173121,true,Self-supervised model,0.201924,9.486000,96.687120,10.192612,0.000000,0.000000,1.493321,0.704665,false,false
2026-04-17T14:33:15.313302,0.918371,-0.100192,-1.786604,192.365,S,1,0.923820,1,0.923820,0.940285,2.079897,0.565022,0.220267,9.208099,3.210624,-0.411978,0.101636,-0.373086,0.565022,-0.225409,-0.860709,-0.251066,0.924480,0.889736,17.085001,-37.221001,-0.175000,NaN,-2.163847,true,Self-supervised model,0.199583,9.495000,96.138710,10.125193,0.000000,0.000000,1.664158,0.611178,false,false
2026-04-17T14:33:15.321857,0.918371,-0.100192,-1.777068,191.818,S,1,0.923820,1,0.923820,0.880328,2.053914,0.565556,0.395043,9.239224,3.083732,-0.227838,0.132298,-0.500440,0.565556,-0.196699,-0.833831,-0.277944,0.900676,0.856717,17.085001,-37.221001,-0.175000,NaN,-2.154450,true,Self-supervised model,0.201354,9.503000,95.592299,10.059171,0.000000,0.000000,1.556573,0.627923,false,false
2026-04-17T14:33:15.329842,0.918371,-0.100192,-1.767536,191.272,S,1,0.923820,1,0.923820,0.832648,2.027064,0.582328,0.509965,9.200917,3.016694,-0.101554,0.092590,-0.565880,0.582328,-0.184481,-0.807564,-0.318872,0.887621,0.828367,17.085001,-37.221001,-0.175000,NaN,-2.144936,true,Self-supervised model,0.202694,9.511000,95.046150,9.993287,0.000000,0.000000,1.429861,0.656054,false,false
2026-04-17T14:33:15.336709,0.918371,-0.100192,-1.757943,190.723,S,1,0.923820,1,0.923820,0.786418,1.999438,0.543706,0.610521,9.241618,3.052607,0.012563,0.131399,-0.527440,0.543706,-0.188147,-0.811840,-0.371406,0.912374,0.833357,17.085001,-37.221001,-0.175000,NaN,-2.135100,true,Self-supervised model,0.200633,9.518000,94.496522,9.928191,0.000000,0.000000,1.446402,0.595925,false,false
2026-04-17T14:33:15.346669,0.918371,-0.100192,-1.748183,190.163,S,1,0.923820,1,0.923820,0.738206,1.970989,0.485096,0.615310,9.239224,3.110068,0.032276,0.126904,-0.467088,0.485096,-0.188757,-0.827112,-0.414777,0.944343,0.848377,17.085001,-37.221001,-0.175000,NaN,-2.124671,true,Self-supervised model,0.201468,9.528000,93.937307,9.859079,0.000000,0.000000,1.521774,0.513686,false,false
2026-04-17T14:33:15.353117,0.918371,-0.100192,-1.738173,189.590,S,1,0.923820,1,0.923820,0.676942,1.941227,0.355308,0.581791,9.224859,3.236961,0.015501,0.110373,-0.337373,0.355308,-0.189979,-0.835664,-0.465479,0.975242,0.856986,17.085001,-37.221001,-0.175000,NaN,-2.113664,true,Self-supervised model,0.191386,9.535000,93.363812,9.791695,0.000000,0.000000,1.905229,0.364328,false,false
2026-04-17T14:33:15.363576,0.918371,-0.100192,-1.727823,188.997,S,1,0.923820,1,0.923820,0.596825,1.909451,0.176209,0.462081,9.179369,3.430891,-0.085256,0.062721,-0.140880,0.176209,-0.172875,-0.848492,-0.508851,1.004367,0.865924,17.910002,-35.892002,-2.706000,NaN,-2.101948,true,Self-supervised model,0.179621,9.545000,92.770756,9.719304,0.000000,0.000000,3.387029,0.175443,false,false
2026-04-17T14:33:15.369100,0.918371,-0.100192,-1.717037,188.379,S,1,0.923820,1,0.923820,0.534403,1.876449,0.206688,0.320823,9.121908,3.584120,-0.206102,0.002906,0.015290,0.206688,-0.141721,-0.869872,-0.537561,1.032344,0.881341,17.910002,-35.892002,-2.706000,NaN,-2.089424,true,Self-supervised model,0.179585,9.551000,92.152795,9.648497,0.000000,0.000000,2.585551,0.200213,false,false
2026-04-17T14:33:15.377398,0.918371,-0.100192,-1.705793,187.735,S,1,0.923820,1,0.923820,0.507133,1.843676,0.363966,0.158017,9.052477,3.648763,-0.347471,-0.069103,0.083425,0.363966,-0.111177,-0.881479,-0.548557,1.044165,0.888462,17.910002,-35.892002,-2.706000,NaN,-2.076345,true,Self-supervised model,0.199911,9.559000,91.508550,9.573025,0.000000,0.000000,1.393352,0.348572,false,false
2026-04-17T14:33:15.385958,0.918371,-0.100192,-1.694096,187.065,S,1,0.923820,1,0.923820,0.504284,1.812100,0.489325,0.021548,8.980651,3.632004,-0.462551,-0.143430,0.070096,0.489325,-0.074526,-0.878424,-0.543670,1.035741,0.881580,17.910002,-35.892002,-2.706000,NaN,-2.062837,true,Self-supervised model,0.207424,9.567000,90.838366,9.494969,0.000000,0.000000,1.030571,0.472439,false,false
2026-04-17T14:33:15.392592,0.918371,-0.100192,-1.682032,186.373,S,1,0.923820,1,0.923820,0.514610,1.782201,0.568820,-0.095768,9.018958,3.533842,-0.557990,-0.107816,-0.024069,0.568820,-0.054367,-0.836275,-0.520457,0.986502,0.838040,17.910002,-35.892002,-2.706000,NaN,-2.049303,true,Self-supervised model,0.208193,9.574000,90.147135,9.415828,0.000000,0.000000,0.904697,0.576603,false,false
2026-04-17T14:33:15.401161,0.918371,-0.100192,-1.669697,185.667,S,1,0.923820,1,0.923820,0.528375,1.754048,0.600641,-0.148441,9.038112,3.473987,-0.588264,-0.091388,-0.079770,0.600641,-0.045815,-0.780075,-0.487470,0.921001,0.781419,17.910002,-35.892002,-2.706000,NaN,-2.035888,true,Self-supervised model,0.212437,9.583000,89.440427,9.333239,0.000000,0.000000,0.879685,0.652161,false,false
2026-04-17T14:33:15.408838,0.918371,-0.100192,-1.657216,184.951,S,1,0.923820,1,0.923820,0.513405,1.726422,0.434813,-0.016759,9.131485,3.548207,-0.434807,-0.000366,-0.002133,0.434813,-0.041539,-0.710436,-0.453873,0.844065,0.711650,17.910002,-35.892002,-2.706000,NaN,-2.022817,true,Self-supervised model,0.205227,9.590000,88.725275,9.251854,0.000000,0.000000,1.180749,0.515141,false,false
2026-04-17T14:33:15.417658,0.918371,-0.100192,-1.644764,184.238,S,1,0.923820,1,0.923820,0.491400,1.699021,0.375877,0.047884,9.272743,3.569755,-0.348581,0.138867,0.022147,0.375877,-0.036041,-0.634078,-0.431882,0.768034,0.635102,17.910002,-35.892002,-2.706000,NaN,-2.010486,true,Self-supervised model,0.204595,9.599000,88.011848,9.168856,0.000000,0.000000,1.307344,0.489401,false,false
2026-04-17T14:33:15.424725,0.918371,-0.100192,-1.632454,183.533,S,1,0.923820,1,0.923820,0.485667,1.672487,0.455568,0.035913,9.437943,3.591303,-0.337875,0.302031,0.046476,0.455568,-0.024435,-0.551000,-0.422719,0.694903,0.551542,17.910002,-35.892002,-2.706000,NaN,-1.998741,true,Self-supervised model,0.209533,9.606000,87.306517,9.088748,0.000000,0.000000,1.066069,0.655585,false,false
2026-04-17T14:33:15.433548,0.918371,-0.100192,-1.620328,182.838,S,1,0.923820,1,0.923820,0.510063,1.647990,0.638144,0.004788,9.658210,3.655946,-0.350722,0.521230,0.111991,0.638144,-0.010385,-0.475864,-0.425773,0.638621,0.475977,17.910002,-35.892002,-2.706000,NaN,-1.987354,true,Self-supervised model,0.218421,9.615000,86.611772,9.007985,0.000000,0.000000,0.799292,0.999253,false,false
2026-04-17T14:33:15.441214,0.918371,-0.100192,-1.608686,182.171,S,1,0.923820,1,0.923820,0.557103,1.626355,0.804063,-0.086191,9.789890,3.754108,-0.421003,0.651364,0.212126,0.804063,0.012828,-0.406225,-0.431271,0.592603,0.406428,17.910002,-35.892002,-2.706000,NaN,-1.977648,true,Self-supervised model,0.222006,9.623000,85.944746,8.931180,0.000000,0.000000,0.692861,1.356832,false,false
2026-04-17T14:33:15.449728,0.918371,-0.100192,-1.597419,181.525,S,1,0.923820,1,0.923820,0.633862,1.608655,1.036845,-0.272939,9.952697,3.809175,-0.585169,0.811927,0.270926,1.036845,0.046426,-0.354913,-0.433103,0.561869,0.357936,17.910002,-35.892002,-2.706000,NaN,-1.967879,true,Self-supervised model,0.227682,9.631000,85.299186,8.856732,0.000000,0.000000,0.611337,1.845350,false,false
2026-04-17T14:33:15.456902,0.918371,-0.100192,-1.586438,180.896,S,1,0.923820,1,0.923820,0.729209,1.595477,1.229778,-0.442927,10.084377,3.852271,-0.725169,0.939785,0.321384,1.229778,0.085521,-0.324980,-0.423330,0.540494,0.336045,17.910002,-35.892002,-2.706000,NaN,-1.958040,true,Self-supervised model,0.229543,9.638000,84.669992,8.785017,0.000000,0.000000,0.592960,2.275284,false,false
2026-04-17T14:33:15.464689,0.918371,-0.100192,-1.575367,180.262,S,1,0.923820,1,0.923820,0.831953,1.586936,1.371360,-0.505177,10.208876,3.948039,-0.758596,1.059760,0.426696,1.371360,0.120340,-0.320704,-0.402560,0.528571,0.342539,17.910002,-35.892002,-2.706000,NaN,-1.946612,true,Self-supervised model,0.231214,9.646000,84.035679,8.711972,0.000000,0.000000,0.606663,2.594465,false,false
2026-04-17T14:33:15.472720,0.918371,-0.100192,-1.564320,179.629,S,1,0.923820,1,0.923820,0.924961,1.582457,1.413251,-0.541090,10.230424,4.007894,-0.768718,1.076078,0.498404,1.413251,0.164323,-0.344528,-0.368963,0.530881,0.381709,17.910002,-35.892002,-2.706000,NaN,-1.935661,true,Self-supervised model,0.232579,9.654000,83.402736,8.639190,0.000000,0.000000,0.654491,2.662086,false,false
2026-04-17T14:33:15.481338,0.918371,-0.100192,-1.553448,179.006,S,1,0.923820,1,0.923820,0.996435,1.581016,1.371673,-0.517148,10.180145,4.058172,-0.724204,1.019850,0.562958,1.371673,0.202807,-0.386678,-0.320093,0.541397,0.436635,17.910002,-35.892002,-2.706000,NaN,-1.925488,true,Self-supervised model,0.231709,9.663000,82.779818,8.566679,0.000000,0.000000,0.726437,2.533583,false,false
2026-04-17T14:33:15.489168,0.918371,-0.100192,-1.542964,178.405,S,1,0.923820,1,0.923820,1.041276,1.581427,1.276693,-0.428562,10.089166,4.106056,-0.621223,0.922366,0.627111,1.276693,0.235794,-0.442877,-0.260229,0.565206,0.501736,17.910002,-35.892002,-2.706000,NaN,-1.916557,true,Self-supervised model,0.228897,9.671000,82.179131,8.497480,0.000000,0.000000,0.815604,2.258810,false,false
2026-04-17T14:33:15.500027,0.918371,-0.100192,-1.533075,177.839,S,1,0.923820,1,0.923820,1.062105,1.582654,1.171457,-0.244209,10.036493,4.127604,-0.428468,0.862698,0.666693,1.171457,0.261450,-0.491136,-0.218690,0.597826,0.556391,17.910002,-35.892002,-2.706000,NaN,-1.909048,true,Self-supervised model,0.229382,9.681000,81.612536,8.430176,0.000000,0.000000,0.906653,1.959530,false,false
2026-04-17T14:33:15.504739,0.918371,-0.100192,-1.523933,177.315,S,1,0.923820,1,0.923820,1.073220,1.584276,1.131576,-0.035913,10.079589,4.094085,-0.217207,0.898296,0.652955,1.131576,0.285885,-0.532064,-0.177762,0.629620,0.604005,17.910002,-35.892002,-2.706000,NaN,-1.902892,true,Self-supervised model,0.221008,9.686000,81.088722,8.371745,0.000000,0.000000,0.948430,1.797237,false,false
2026-04-17T14:33:15.514387,0.918371,-0.100192,-1.515640,176.840,S,1,0.923820,1,0.923820,1.073446,1.585843,1.074632,0.143652,10.132261,3.933673,-0.038192,0.942969,0.513988,1.074632,0.302989,-0.536340,-0.152716,0.634653,0.616005,17.910002,-35.892002,-2.706000,NaN,-1.897999,true,Self-supervised model,0.227479,9.696000,80.613597,8.314109,0.000000,0.000000,0.998897,1.693258,false,false
2026-04-17T14:33:15.521709,0.918371,-0.100192,-1.508211,176.414,S,1,0.923820,1,0.923820,1.065147,1.587015,1.021575,0.335188,10.151415,3.730166,0.151527,0.953907,0.332742,1.021575,0.301767,-0.511905,-0.146608,0.612049,0.594231,17.506001,-34.248001,-8.878000,NaN,-1.894022,true,Self-supervised model,0.225902,9.703000,80.187927,8.264241,0.000000,0.000000,1.042651,1.669107,false,false
2026-04-17T14:33:15.529728,0.918371,-0.100192,-1.501579,176.034,S,1,0.923820,1,0.923820,1.051646,1.587601,0.980767,0.555455,10.091560,3.574543,0.370287,0.886238,0.198427,0.980767,0.274889,-0.505186,-0.161879,0.597479,0.575132,17.506001,-34.248001,-8.878000,NaN,-1.890583,true,Self-supervised model,0.226598,9.711000,79.807981,8.218307,0.000000,0.000000,1.072269,1.641508,false,false
2026-04-17T14:33:15.536547,0.918371,-0.100192,-1.495583,175.691,S,1,0.923820,1,0.923820,1.046466,1.587955,1.019270,0.555455,10.156203,3.457227,0.370236,0.944530,0.098483,1.019270,0.202807,-0.510683,-0.189368,0.581196,0.549480,17.506001,-34.248001,-8.878000,NaN,-1.887125,true,Self-supervised model,0.227043,9.718000,79.464405,8.177033,0.000000,0.000000,1.026682,1.753746,false,false
2026-04-17T14:33:15.546475,0.918371,-0.100192,-1.489986,175.370,S,1,0.923820,1,0.923820,1.068985,1.589196,1.187208,0.476446,10.354922,3.509900,0.292774,1.138956,0.162867,1.187208,0.116675,-0.489914,-0.208305,0.544995,0.503616,17.506001,-34.248001,-8.878000,NaN,-1.883128,true,Self-supervised model,0.233342,9.728000,79.143737,8.135664,0.000000,0.000000,0.900419,2.178383,false,false
2026-04-17T14:33:15.553021,0.918371,-0.100192,-1.484601,175.061,S,1,0.923820,1,0.923820,1.124982,1.592628,1.418966,0.471658,10.517728,3.830723,0.291398,1.299434,0.489922,1.418966,0.048869,-0.453262,-0.222966,0.507492,0.455889,17.506001,-34.248001,-8.878000,NaN,-1.878591,true,Self-supervised model,0.236358,9.734000,78.835208,8.098953,0.000000,0.000000,0.792818,2.796035,false,false
2026-04-17T14:33:15.562939,0.918371,-0.100192,-1.479301,174.758,S,1,0.923820,1,0.923820,1.215256,1.599533,1.689195,0.308852,10.709264,4.122815,0.134221,1.490005,0.784379,1.689195,0.012828,-0.407447,-0.234572,0.470321,0.407649,17.506001,-34.248001,-8.878000,NaN,-1.873631,true,Self-supervised model,0.242607,9.744000,78.531547,8.059477,0.000000,0.000000,0.719429,3.591578,false,false
2026-04-17T14:33:15.568809,0.918371,-0.100192,-1.473986,174.453,S,1,0.923820,1,0.923820,1.333316,1.610884,1.953134,0.067038,10.927136,4.280833,-0.099462,1.707506,0.943006,1.953134,-0.003054,-0.337198,-0.242514,0.415361,0.337211,17.506001,-34.248001,-8.878000,NaN,-1.868255,true,Self-supervised model,0.244366,9.750000,78.227018,8.023284,0.000000,0.000000,0.682655,4.702261,false,false
2026-04-17T14:33:15.577160,0.918371,-0.100192,-1.468601,174.145,S,1,0.923820,1,0.923820,1.453009,1.626569,2.081398,-0.138864,11.054029,4.276044,-0.295533,1.834068,0.938654,2.081398,0.000611,-0.247400,-0.230907,0.338416,0.247401,17.506001,-34.248001,-8.878000,NaN,-1.862586,true,Self-supervised model,0.250101,9.759000,77.918437,7.984265,0.000000,0.000000,0.698093,6.150411,false,false
2026-04-17T14:33:15.585371,0.918371,-0.100192,-1.463184,173.834,S,1,0.923820,1,0.923820,1.556271,1.645757,2.098396,-0.301669,11.147403,4.036624,-0.447218,1.927003,0.699944,2.098396,0.006720,-0.157603,-0.213192,0.265207,0.157746,17.506001,-34.248001,-8.878000,NaN,-1.857046,true,Self-supervised model,0.252750,9.767000,77.608089,7.945949,0.000000,0.000000,0.741648,7.912296,false,false
2026-04-17T14:33:15.592509,0.918371,-0.100192,-1.457812,173.526,S,1,0.923820,1,0.923820,1.614649,1.666513,1.921131,-0.409408,11.044453,3.600879,-0.542583,1.823894,0.264119,1.921131,-0.011606,-0.083078,-0.204029,0.220600,0.083885,17.506001,-34.248001,-8.878000,NaN,-1.851852,true,Self-supervised model,0.251607,9.774000,77.300289,7.908767,0.000000,0.000000,0.840468,8.708654,false,false
2026-04-17T14:33:15.600499,0.918371,-0.100192,-1.452541,173.224,S,1,0.923820,1,0.923820,1.633644,1.687198,1.733372,-0.502782,10.821792,3.117251,-0.622702,1.602242,-0.222797,1.733372,-0.069639,-0.038485,-0.195477,0.211049,0.079565,17.506001,-34.248001,-8.878000,NaN,-1.846985,true,Self-supervised model,0.248860,9.782000,76.998275,7.871425,0.000000,0.000000,0.942466,8.213112,false,false
2026-04-17T14:33:15.608856,0.918371,-0.100192,-1.447388,172.929,S,1,0.923820,1,0.923820,1.619140,1.706476,1.542990,-0.529119,10.505757,2.789245,-0.635737,1.289479,-0.560268,1.542990,-0.173486,-0.062919,-0.201586,0.273300,0.184543,17.506001,-34.248001,-8.878000,NaN,-1.842307,true,Self-supervised model,0.243571,9.790000,76.703055,7.834837,0.000000,0.000000,1.049352,5.645776,false,false
2026-04-17T14:33:15.617952,0.918371,-0.100192,-1.442322,172.639,S,1,0.923820,1,0.923820,1.585409,1.723633,1.408321,-0.632069,10.153810,2.616863,-0.726316,0.944175,-0.751243,1.408321,-0.305433,-0.162490,-0.219301,0.409616,0.345966,17.506001,-34.248001,-8.878000,NaN,-1.837584,true,Self-supervised model,0.238514,9.799000,76.412761,7.798016,0.000000,0.000000,1.125744,3.438152,false,false
2026-04-17T14:33:15.624703,0.918371,-0.100192,-1.437244,172.348,S,1,0.923820,1,0.923820,1.547864,1.738602,1.350756,-0.955287,9.923966,2.935291,-1.040624,0.725633,-0.463791,1.350756,-0.481362,-0.369573,-0.232129,0.649752,0.606872,17.506001,-34.248001,-8.878000,NaN,-1.832460,true,Self-supervised model,0.232667,9.806000,76.121806,7.762779,0.000000,0.000000,1.145924,2.078880,false,false
2026-04-17T14:33:15.632829,0.918371,-0.100192,-1.432064,172.051,S,1,0.923820,1,0.923820,1.516143,1.751704,1.349604,-1.132457,9.715671,3.679888,-1.216720,0.533178,0.238212,1.349604,-0.634689,-0.632246,-0.197920,0.917462,0.895860,17.506001,-34.248001,-8.878000,NaN,-1.826877,true,Self-supervised model,0.231110,9.814000,75.825066,7.726214,0.000000,0.000000,1.123398,1.471019,false,false
2026-04-17T14:33:15.640872,0.918371,-0.100192,-1.426872,171.754,S,1,0.923820,1,0.923820,1.510653,1.764062,1.481830,-1.024718,9.399636,4.434062,-1.119309,0.236340,0.941866,1.481830,-0.717156,-0.863763,-0.122173,1.129303,1.122675,17.506001,-34.248001,-8.878000,NaN,-1.821629,true,Self-supervised model,0.231633,9.822000,75.527539,7.689629,0.000000,0.000000,1.019451,1.312163,false,false
2026-04-17T14:33:15.649763,0.918371,-0.100192,-1.421936,171.471,S,1,0.923820,1,0.923820,1.584857,1.778894,1.974427,-0.754174,8.997410,5.310339,-0.870105,-0.145741,1.766363,1.974427,-0.714712,-0.992656,-0.042150,1.223910,1.223184,17.506001,-34.248001,-8.878000,NaN,-1.817723,true,Self-supervised model,0.237960,9.831000,75.244755,7.653825,0.000000,0.000000,0.802692,1.613212,false,false
2026-04-17T14:33:15.656779,0.918371,-0.100192,-1.417571,171.221,S,1,0.923820,1,0.923820,1.758519,1.800079,2.670245,-0.454898,8.743625,6.165070,-0.601769,-0.380520,2.573575,2.670245,-0.627969,-1.076955,0.047647,1.247577,1.246667,17.506001,-34.248001,-8.878000,NaN,-1.815637,true,Self-supervised model,0.244906,9.838000,74.994628,7.622955,0.000000,0.000000,0.658561,2.140345,false,false
2026-04-17T14:33:15.665493,0.918371,-0.100192,-1.414027,171.018,S,1,0.923820,1,0.923820,1.993821,1.829828,3.229158,-0.280122,8.695741,6.797139,-0.465486,-0.413042,3.168624,3.229158,-0.454484,-1.079399,0.131336,1.178519,1.171178,17.506001,-34.248001,-8.878000,NaN,-1.815381,true,Self-supervised model,0.252055,9.847000,74.791589,7.595368,0.000000,0.000000,0.617443,2.740014,false,false
2026-04-17T14:33:15.672885,0.918371,-0.100192,-1.411512,170.874,S,1,0.923820,1,0.923820,2.233150,1.867961,3.489626,-0.114922,8.674192,7.096414,-0.342803,-0.425122,3.446628,3.489626,-0.208916,-0.973719,0.202196,1.016198,0.995879,17.506001,-34.248001,-8.878000,NaN,-1.816983,true,Self-supervised model,0.257604,9.854000,74.647523,7.575352,0.000000,0.000000,0.639940,3.434002,false,false
2026-04-17T14:33:15.683634,0.918371,-0.100192,-1.410177,170.797,S,1,0.923820,1,0.923820,2.419352,1.912017,3.396914,0.009577,8.712500,7.017405,-0.260051,-0.384637,3.365034,3.396914,0.039706,-0.800233,0.239459,0.836236,0.801218,18.092001,-31.811001,-16.426001,NaN,-1.820364,true,Self-supervised model,0.261622,9.865000,74.571012,7.559150,0.000000,0.000000,0.712221,4.062147,false,false
2026-04-17T14:33:15.688718,0.918371,-0.100192,-1.410056,170.790,S,1,0.923820,1,0.923820,2.474294,1.956508,2.762737,0.150835,8.683769,6.361394,-0.154984,-0.419162,2.726352,2.762737,0.320704,-0.533896,0.245568,0.669477,0.622813,18.092001,-31.811001,-16.426001,NaN,-1.825101,true,Self-supervised model,0.258990,9.870000,74.564079,7.554618,0.000000,0.000000,0.895595,4.126706,false,false
2026-04-17T14:33:15.696852,0.918371,-0.100192,-1.411077,170.849,S,1,0.923820,1,0.923820,2.351342,1.994301,1.705843,0.184354,8.616732,5.226542,-0.148218,-0.498431,1.624654,1.705843,0.532064,-0.252287,0.215635,0.627088,0.588847,18.092001,-31.811001,-16.426001,NaN,-1.830691,true,Self-supervised model,0.243075,9.878000,74.622594,7.554423,0.000000,0.000000,1.378404,2.720262,false,false
2026-04-17T14:33:15.704750,0.918371,-0.100192,-1.413027,170.961,S,1,0.923820,1,0.923820,2.112908,2.021046,0.861129,0.081403,8.568848,4.156334,-0.267218,-0.561799,0.595416,0.861129,0.619417,-0.027489,0.176540,0.644670,0.620027,18.092001,-31.811001,-16.426001,NaN,-1.836356,true,Self-supervised model,0.217724,9.886000,74.734318,7.559611,0.000000,0.000000,2.453647,1.335767,false,false
2026-04-17T14:33:15.714150,0.918371,-0.100192,-1.415594,171.108,S,1,0.923820,1,0.923820,1.900081,2.038207,0.782741,-0.095768,8.599973,3.189077,-0.452309,-0.545855,-0.331877,0.782741,0.571770,0.129503,0.141110,0.602996,0.586252,18.092001,-31.811001,-16.426001,NaN,-1.841390,true,Self-supervised model,0.215774,9.896000,74.881385,7.566834,0.000000,0.000000,2.427471,1.298087,false,false
2026-04-17T14:33:15.721091,0.918371,-0.100192,-1.418478,171.273,S,1,0.923820,1,0.923820,1.778445,2.049817,1.139854,-0.186748,8.621520,2.643199,-0.545748,-0.536964,-0.844450,1.139854,0.489914,0.171653,0.120340,0.532881,0.519115,18.092001,-31.811001,-16.426001,NaN,-1.845543,true,Self-supervised model,0.229220,9.903000,75.046627,7.578171,0.000000,0.000000,1.560239,2.139041,false,false
2026-04-17T14:33:15.729050,0.918371,-0.100192,-1.421428,171.442,S,1,0.923820,1,0.923820,1.703730,2.057973,1.311480,-0.174777,8.602366,2.406173,-0.532238,-0.565526,-1.056827,1.311480,0.369573,0.193644,0.083689,0.425543,0.417232,18.092001,-31.811001,-16.426001,NaN,-1.848755,true,Self-supervised model,0.235603,9.910000,75.215627,7.589872,0.000000,0.000000,1.299090,3.081902,false,false
2026-04-17T14:33:15.736722,0.918371,-0.100192,-1.424201,171.601,S,1,0.923820,1,0.923820,1.642653,2.063360,1.321999,-0.167594,8.544906,2.406173,-0.519271,-0.629522,-1.040068,1.321999,0.261450,0.196699,0.032987,0.328838,0.327180,18.092001,-31.811001,-16.426001,NaN,-1.850824,true,Self-supervised model,0.237514,9.918000,75.374544,7.599773,0.000000,0.000000,1.242552,4.020209,false,false
2026-04-17T14:33:15.747459,0.918371,-0.100192,-1.426546,171.735,S,1,0.923820,1,0.923820,1.595418,2.066643,1.347431,-0.210690,8.468291,2.432509,-0.554062,-0.711035,-1.001507,1.347431,0.188757,0.155771,-0.019548,0.245512,0.244732,18.092001,-31.811001,-16.426001,NaN,-1.851454,true,Self-supervised model,0.240797,9.929000,75.508897,7.604884,0.000000,0.000000,1.184044,5.488259,false,false
2026-04-17T14:33:15.753233,0.918371,-0.100192,-1.428313,171.836,S,1,0.923820,1,0.923820,1.582381,2.069272,1.513936,-0.260968,8.269572,2.375048,-0.594582,-0.913053,-1.051099,1.513936,0.105680,0.061087,-0.074526,0.143017,0.122065,18.092001,-31.811001,-16.426001,NaN,-1.850909,true,Self-supervised model,0.248270,9.935000,75.610133,7.610481,0.000000,0.000000,1.045210,10.585714,false,false
2026-04-17T14:33:15.762941,0.918371,-0.100192,-1.429367,171.897,S,1,0.923820,1,0.923820,1.591757,2.072172,1.640983,-0.318429,8.121132,2.351106,-0.642544,-1.062727,-1.072648,1.640983,0.006109,-0.064752,-0.116675,0.133579,0.065039,18.092001,-31.811001,-16.426001,NaN,-1.849110,true,Self-supervised model,0.253198,9.944000,75.670503,7.609664,0.000000,0.000000,0.970002,12.284784,false,false
2026-04-17T14:33:15.769132,0.918371,-0.100192,-1.429636,171.912,S,1,0.923820,1,0.923820,1.613119,2.075809,1.725271,-0.311246,7.934384,2.415750,-0.627843,-1.248208,-1.012102,1.725271,-0.102014,-0.184481,-0.135612,0.250661,0.210809,18.092001,-31.811001,-16.426001,NaN,-1.846239,true,Self-supervised model,0.249082,9.951000,75.685897,7.605858,0.000000,0.000000,0.934995,6.882885,false,false
2026-04-17T14:33:15.777341,0.918371,-0.100192,-1.429146,171.884,S,1,0.923820,1,0.923820,1.634359,2.080151,1.745867,-0.282516,7.754819,2.621651,-0.594086,-1.423830,-0.817203,1.745867,-0.186925,-0.259618,-0.140499,0.349403,0.319910,18.092001,-31.811001,-16.426001,NaN,-1.842716,true,Self-supervised model,0.246786,9.959000,75.657847,7.596932,0.000000,0.000000,0.936130,4.996718,false,false
2026-04-17T14:33:15.786567,0.918371,-0.100192,-1.427993,171.818,S,1,0.923820,1,0.923820,1.642731,2.084655,1.686685,-0.256180,7.656657,2.978387,-0.565353,-1.515695,-0.477443,1.686685,-0.265726,-0.313374,-0.131947,0.431536,0.410869,18.092001,-31.811001,-16.426001,NaN,-1.838908,true,Self-supervised model,0.243933,9.968000,75.591765,7.583444,0.000000,0.000000,0.973941,3.908557,false,false
2026-04-17T14:33:15.792736,0.918371,-0.100192,-1.426324,171.722,S,1,0.923820,1,0.923820,1.641260,2.088919,1.633536,-0.246603,7.644686,3.253720,-0.555781,-1.519834,-0.222827,1.633536,-0.306043,-0.332311,-0.110567,0.465100,0.451767,18.092001,-31.811001,-16.426001,NaN,-1.835180,true,Self-supervised model,0.241686,9.974000,75.496184,7.569299,0.000000,0.000000,1.004728,3.512225,false,false
2026-04-17T14:33:15.800578,0.918371,-0.100192,-1.424318,171.607,S,1,0.923820,1,0.923820,1.629048,2.092524,1.564936,-0.268151,7.702147,3.485958,-0.578945,-1.453851,-0.012829,1.564936,-0.317650,-0.313985,-0.094684,0.456566,0.446641,18.092001,-31.811001,-16.426001,NaN,-1.831819,true,Self-supervised model,0.240625,9.982000,75.381201,7.551713,0.000000,0.000000,1.040968,3.427620,false,false
2026-04-17T14:33:15.808786,0.918371,-0.100192,-1.422136,171.482,S,1,0.923820,1,0.923820,1.608312,2.095155,1.499446,-0.342371,7.800309,3.588908,-0.655630,-1.346835,0.067261,1.499446,-0.321315,-0.271224,-0.066584,0.425722,0.420483,18.092001,-31.811001,-16.426001,NaN,-1.828939,true,Self-supervised model,0.240042,9.990000,75.256210,7.533154,0.000000,0.000000,1.072604,3.522123,false,false
2026-04-17T14:33:15.818039,0.918371,-0.100192,-1.419924,171.356,S,1,0.923820,1,0.923820,1.585984,2.096789,1.468761,-0.407014,7.860164,3.550601,-0.723758,-1.278043,0.006135,1.468761,-0.320704,-0.212581,-0.028100,0.385787,0.384762,18.092001,-31.811001,-16.426001,NaN,-1.826604,true,Self-supervised model,0.240337,9.999000,75.129470,7.513698,0.000000,0.000000,1.079811,3.807181,false,false
2026-04-17T14:33:15.825113,0.918371,-0.100192,-1.417840,171.236,S,1,0.923820,1,0.923820,1.566910,2.097593,1.466774,-0.414197,7.869741,3.411737,-0.735777,-1.259263,-0.155938,1.466774,-0.326813,-0.137445,0.018326,0.355012,0.354539,18.092001,-31.811001,-16.426001,NaN,-1.825032,true,Self-supervised model,0.240640,10.007000,75.010057,7.495759,0.000000,0.000000,1.068269,4.131618,false,false
2026-04-17T14:33:15.832932,0.918371,-0.100192,-1.416050,171.134,S,1,0.923820,1,0.923820,1.543830,2.097443,1.422661,-0.308852,7.888895,3.268085,-0.636686,-1.230262,-0.324113,1.422661,-0.348193,-0.084910,0.061087,0.363565,0.358397,18.092001,-31.811001,-16.426001,NaN,-1.824421,true,Self-supervised model,0.239957,10.014000,74.907522,7.480280,0.000000,0.000000,1.085171,3.913080,false,false
2026-04-17T14:33:15.841551,0.918371,-0.100192,-1.414681,171.055,S,1,0.923820,1,0.923820,1.514811,2.096138,1.362458,-0.181959,7.934384,3.160346,-0.517613,-1.173805,-0.458856,1.362458,-0.389121,-0.049480,0.096517,0.403954,0.392254,17.704000,-30.180002,-20.907001,NaN,-1.824730,true,Self-supervised model,0.238701,10.023000,74.829042,7.465733,0.000000,0.000000,1.111822,3.372802,false,false
2026-04-17T14:33:15.849521,0.918371,-0.100192,-1.413799,171.005,S,1,0.923820,1,0.923820,1.459757,2.092682,1.170727,0.000000,8.082825,3.174711,-0.345239,-1.012890,-0.474833,1.170727,-0.436158,-0.037263,0.120951,0.454149,0.437747,17.704000,-30.180002,-20.907001,NaN,-1.825801,true,Self-supervised model,0.234186,10.031000,74.778527,7.454743,0.000000,0.000000,1.246881,2.577847,false,false
2026-04-17T14:33:15.856833,0.918371,-0.100192,-1.413422,170.983,S,1,0.923820,1,0.923820,1.374448,2.085953,0.926576,0.186748,8.288726,3.234566,-0.168599,-0.793090,-0.448470,0.926576,-0.478918,-0.045204,0.119730,0.495723,0.481047,17.704000,-30.180002,-20.907001,NaN,-1.827445,true,Self-supervised model,0.227683,10.038000,74.756958,7.447396,0.000000,0.000000,1.483363,1.869140,false,false
2026-04-17T14:33:15.865138,0.918371,-0.100192,-1.413456,170.985,S,1,0.923820,1,0.923820,1.261233,2.074964,0.666856,0.359130,8.458714,3.445256,-0.005883,-0.608014,-0.273827,0.666856,-0.507629,-0.070250,0.100182,0.522167,0.512467,17.704000,-30.180002,-20.907001,NaN,-1.829118,true,Self-supervised model,0.218469,10.047000,74.758872,7.440915,0.000000,0.000000,1.891313,1.277093,false,false
2026-04-17T14:33:15.872447,0.918371,-0.100192,-1.413738,171.001,S,1,0.923820,1,0.923820,1.128482,2.059105,0.431536,0.392649,8.621520,3.718195,0.019080,-0.429405,-0.038343,0.431536,-0.529620,-0.130114,0.067195,0.549493,0.545369,17.704000,-30.180002,-20.907001,NaN,-1.830396,true,Self-supervised model,0.206047,10.054000,74.775050,7.437343,0.000000,0.000000,2.615037,0.785334,false,false
2026-04-17T14:33:15.881328,0.918371,-0.100192,-1.414063,171.020,S,1,0.923820,1,0.923820,1.015189,2.039348,0.420401,0.385466,8.674192,4.010288,0.005183,-0.360668,0.215937,0.420401,-0.527177,-0.197920,0.032987,0.564071,0.563105,17.704000,-30.180002,-20.907001,NaN,-1.830891,true,Self-supervised model,0.207237,10.063000,74.793665,7.432541,0.000000,0.000000,2.414809,0.745299,false,false
2026-04-17T14:33:15.889147,0.918371,-0.100192,-1.414206,171.028,S,1,0.923820,1,0.923820,0.941370,2.017429,0.553818,0.335188,8.659827,4.249708,-0.050939,-0.359195,0.418448,0.553818,-0.509462,-0.265726,0.009163,0.574670,0.574597,17.704000,-30.180002,-20.907001,NaN,-1.830307,true,Self-supervised model,0.217518,10.071000,74.801860,7.427451,0.000000,0.000000,1.699781,0.963715,false,false
2026-04-17T14:33:15.896898,0.918371,-0.100192,-1.414049,171.019,S,1,0.923820,1,0.923820,0.903283,1.994863,0.703327,0.160412,8.635885,4.419696,-0.231147,-0.367820,0.553126,0.703327,-0.479529,-0.312152,-0.003054,0.572186,0.572178,17.704000,-30.180002,-20.907001,NaN,-1.828948,true,Self-supervised model,0.225281,10.078000,74.792848,7.421398,0.000000,0.000000,1.284300,1.229193,false,false
2026-04-17T14:33:15.904538,0.918371,-0.100192,-1.413544,170.990,S,1,0.923820,1,0.923820,0.906413,1.973325,0.922849,-0.050278,8.650250,4.632780,-0.446938,-0.338837,0.732862,0.922849,-0.431271,-0.350637,0.003054,0.555833,0.555824,17.704000,-30.180002,-20.907001,NaN,-1.827052,true,Self-supervised model,0.232164,10.086000,74.763905,7.412642,0.000000,0.000000,0.982190,1.660300,false,false
2026-04-17T14:33:15.913536,0.918371,-0.100192,-1.412695,170.941,S,1,0.923820,1,0.923820,0.942860,1.954107,1.134202,-0.232238,8.640674,4.809951,-0.634287,-0.334534,0.878739,1.134202,-0.349415,-0.389121,0.039095,0.524437,0.522978,17.704000,-30.180002,-20.907001,NaN,-1.824830,true,Self-supervised model,0.236767,10.095000,74.715296,7.401218,0.000000,0.000000,0.831297,2.162703,false,false
2026-04-17T14:33:15.920868,0.918371,-0.100192,-1.411562,170.877,S,1,0.923820,1,0.923820,0.987025,1.937423,1.218893,-0.272939,8.588001,4.898537,-0.681484,-0.374320,0.938703,1.218893,-0.297491,-0.400728,0.065973,0.503424,0.499083,17.704000,-30.180002,-20.907001,NaN,-1.822558,true,Self-supervised model,0.238090,10.102000,74.650371,7.389663,0.000000,0.000000,0.809772,2.421202,false,false
2026-04-17T14:33:15.929154,0.918371,-0.100192,-1.410252,170.801,S,1,0.923820,1,0.923820,1.028504,1.923067,1.246271,-0.292093,8.566454,4.936844,-0.707663,-0.384113,0.951242,1.246271,-0.228464,-0.403782,0.098349,0.474245,0.463935,17.704000,-30.180002,-20.907001,NaN,-1.820538,true,Self-supervised model,0.238827,10.111000,74.575278,7.375658,0.000000,0.000000,0.825265,2.627908,false,false
2026-04-17T14:33:15.936814,0.918371,-0.100192,-1.408850,170.721,S,1,0.923820,1,0.923820,1.051241,1.910194,1.170608,-0.234632,8.542512,4.891354,-0.657829,-0.397504,0.882935,1.170608,-0.155771,-0.396452,0.135001,0.446837,0.425956,17.704000,-30.180002,-20.907001,NaN,-1.818772,true,Self-supervised model,0.237573,10.118000,74.494970,7.362618,0.000000,0.000000,0.898030,2.619763,false,false
2026-04-17T14:33:15.948223,0.918371,-0.100192,-1.407450,170.641,S,1,0.923820,1,0.923820,1.040648,1.897412,0.985037,-0.083797,8.583213,4.771644,-0.527656,-0.351583,0.753835,0.985037,-0.089797,-0.367130,0.175929,0.416892,0.377952,17.704000,-30.180002,-20.907001,NaN,-1.817381,true,Self-supervised model,0.234387,10.130000,74.414787,7.345981,0.000000,0.000000,1.056456,2.362811,false,false
2026-04-17T14:33:15.953369,0.918371,-0.100192,-1.406754,170.601,S,1,0.923820,1,0.923820,0.997266,1.883406,0.769509,0.177171,8.592790,4.671088,-0.275674,-0.333838,0.636161,0.769509,-0.039706,-0.320704,0.196699,0.378310,0.323153,17.704000,-30.180002,-20.907001,NaN,-1.819499,true,Self-supervised model,0.228797,10.135000,74.374911,7.338422,0.000000,0.000000,1.295977,2.034072,false,false
2026-04-17T14:33:15.960461,0.918371,-0.100192,-1.406139,170.566,S,1,0.923820,1,0.923820,0.923442,1.867007,0.535867,0.428562,8.678981,4.527435,-0.033651,-0.240459,0.477703,0.535867,-0.007941,-0.268781,0.202196,0.336436,0.268898,17.704000,-30.180002,-20.907001,NaN,-1.819204,true,Self-supervised model,0.220104,10.142000,74.339627,7.329878,0.000000,0.000000,1.723269,1.592772,false,false
2026-04-17T14:33:15.968681,0.918371,-0.100192,-1.405700,170.541,S,1,0.923820,1,0.923820,0.835806,1.847759,0.375717,0.636858,8.803479,4.381389,0.165631,-0.109689,0.318902,0.375717,0.014050,-0.194866,0.195477,0.276372,0.195372,17.704000,-30.180002,-20.907001,NaN,-1.819472,true,Self-supervised model,0.211763,10.150000,74.314476,7.321623,0.000000,0.000000,2.224562,1.359463,false,false
2026-04-17T14:33:15.976574,0.918371,-0.100192,-1.405491,170.529,S,1,0.923820,1,0.923820,0.773635,1.826794,0.447239,0.861913,8.899248,4.304775,0.382620,-0.008523,0.231413,0.447239,0.034819,-0.119119,0.169210,0.209842,0.124103,17.704000,-30.180002,-20.907001,NaN,-1.820185,true,Self-supervised model,0.220072,10.158000,74.302519,7.314680,0.000000,0.000000,1.729803,2.131315,false,false
2026-04-17T14:33:15.985215,0.918371,-0.100192,-1.405531,170.531,S,1,0.923820,1,0.923820,0.744260,1.805493,0.590038,1.051055,8.971074,4.237737,0.565111,0.067675,0.155611,0.590038,0.051924,-0.062919,0.128893,0.152539,0.081577,17.704000,-30.180002,-20.907001,NaN,-1.821218,true,Self-supervised model,0.230485,10.167000,74.304790,7.308428,0.000000,0.000000,1.261376,3.868111,false,false
2026-04-17T14:33:15.992864,0.918371,-0.100192,-1.405787,170.546,S,1,0.923820,1,0.923820,0.730481,1.784493,0.658143,1.130063,9.021352,4.185065,0.639619,0.120884,0.097092,0.658143,0.073915,-0.014661,0.066584,0.100557,0.075355,17.704000,-30.180002,-20.907001,NaN,-1.822341,true,Self-supervised model,0.235683,10.174000,74.319483,7.304844,0.000000,0.000000,1.109912,6.544953,false,false
2026-04-17T14:33:16.001946,0.918371,-0.100192,-1.406180,170.568,S,1,0.923820,1,0.923820,0.715936,1.763750,0.639571,1.115698,9.042900,4.103662,0.623178,0.143160,0.014353,0.639571,0.094684,0.001222,-0.002443,0.094724,0.094692,15.118001,-29.250002,-23.018002,NaN,-1.823280,true,Self-supervised model,0.235379,10.183000,74.341992,7.300598,0.000000,0.000000,1.119399,6.751982,false,false
2026-04-17T14:33:16.009489,0.918371,-0.100192,-1.406599,170.592,S,1,0.923820,1,0.923820,0.685131,1.742606,0.523408,0.962469,9.119514,4.019865,0.470670,0.218811,-0.067434,0.523408,0.103236,-0.012217,-0.062919,0.121515,0.103957,15.118001,-29.250002,-23.018002,NaN,-1.823803,true,Self-supervised model,0.228923,10.191000,74.365994,7.297222,0.000000,0.000000,1.308981,4.307368,false,false
2026-04-17T14:33:16.018010,0.918371,-0.100192,-1.406887,170.609,S,1,0.923820,1,0.923820,0.634022,1.720262,0.365696,0.730232,9.172187,4.029441,0.241493,0.269343,-0.053562,0.365696,0.108734,-0.040317,-0.098960,0.152452,0.115968,15.118001,-29.250002,-23.018002,NaN,-1.823567,true,Self-supervised model,0.218941,10.199000,74.382489,7.293116,0.000000,0.000000,1.733739,2.398759,false,false
2026-04-17T14:33:16.025538,0.918371,-0.100192,-1.406916,170.610,S,1,0.923820,1,0.923820,0.593358,1.697186,0.379877,0.598550,9.251195,4.187459,0.113026,0.345480,0.110341,0.379877,0.117897,-0.106291,-0.116064,0.196643,0.158737,15.118001,-29.250002,-23.018002,NaN,-1.822559,true,Self-supervised model,0.221005,10.207000,74.384138,7.287561,0.000000,0.000000,1.561976,1.931813,false,false
2026-04-17T14:33:16.033931,0.918371,-0.100192,-1.406643,170.595,S,1,0.923820,1,0.923820,0.579768,1.674489,0.508416,0.533907,9.291897,4.400543,0.050008,0.382600,0.331064,0.508416,0.141721,-0.196699,-0.123395,0.272032,0.242436,15.118001,-29.250002,-23.018002,NaN,-1.821082,true,Self-supervised model,0.228343,10.215000,74.368528,7.280326,0.000000,0.000000,1.140341,1.868956,false,false
2026-04-17T14:33:16.040590,0.918371,-0.100192,-1.406086,170.563,S,1,0.923820,1,0.923820,0.599244,1.653479,0.701496,0.521936,9.366117,4.594473,0.036806,0.452380,0.534877,0.701496,0.186314,-0.296881,-0.119730,0.370386,0.350501,15.118001,-29.250002,-23.018002,NaN,-1.819389,true,Self-supervised model,0.233964,10.222000,74.336638,7.272221,0.000000,0.000000,0.854238,1.893957,false,false
2026-04-17T14:33:16.049523,0.918371,-0.100192,-1.405307,170.518,S,1,0.923820,1,0.923820,0.646245,1.635190,0.892997,0.617704,9.464279,4.740520,0.129269,0.543608,0.696580,0.892997,0.227242,-0.384234,-0.117286,0.461553,0.446402,15.118001,-29.250002,-23.018002,NaN,-1.817716,true,Self-supervised model,0.237196,10.231000,74.291959,7.261456,0.000000,0.000000,0.723680,1.934768,false,false
2026-04-17T14:33:16.057390,0.918371,-0.100192,-1.404339,170.463,S,1,0.923820,1,0.923820,0.700239,1.619792,0.983709,0.739808,9.504981,4.783615,0.244993,0.575976,0.758889,0.983709,0.274889,-0.471588,-0.114232,0.557681,0.545857,15.118001,-29.250002,-23.018002,NaN,-1.815999,true,Self-supervised model,0.237376,10.239000,74.236534,7.250370,0.000000,0.000000,0.711835,1.763927,false,false
2026-04-17T14:33:16.064987,0.918371,-0.100192,-1.403253,170.400,S,1,0.923820,1,0.923820,0.754300,1.607172,1.038123,0.981623,9.411607,4.793192,0.478082,0.473059,0.790793,1.038123,0.316428,-0.535729,-0.120951,0.633846,0.622199,15.118001,-29.250002,-23.018002,NaN,-1.814435,true,Self-supervised model,0.237217,10.246000,74.174283,7.239341,0.000000,0.000000,0.726600,1.637815,false,false
2026-04-17T14:33:16.074367,0.918371,-0.100192,-1.402094,170.334,S,1,0.923820,1,0.923820,0.804424,1.597062,1.067571,1.177947,9.248801,4.757279,0.665149,0.299868,0.779336,1.067571,0.336587,-0.578489,-0.144775,0.684763,0.669284,15.118001,-29.250002,-23.018002,NaN,-1.812989,true,Self-supervised model,0.237171,10.256000,74.107910,7.225810,0.000000,0.000000,0.753508,1.559038,false,false
2026-04-17T14:33:16.081846,0.918371,-0.100192,-1.400842,170.262,S,1,0.923820,1,0.923820,0.848272,1.589111,1.078477,1.302446,9.169792,4.675876,0.777128,0.213250,0.716735,1.078477,0.346971,-0.595594,-0.172875,0.710638,0.689290,15.118001,-29.250002,-23.018002,NaN,-1.811360,true,Self-supervised model,0.236688,10.263000,74.036136,7.213888,0.000000,0.000000,0.786547,1.517617,false,false
2026-04-17T14:33:16.089170,0.918371,-0.100192,-1.399578,170.190,S,1,0.923820,1,0.923820,0.858969,1.581905,0.915130,1.230620,9.253590,4.460398,0.695021,0.289249,0.520330,0.915130,0.344528,-0.560163,-0.212581,0.691139,0.657634,15.118001,-29.250002,-23.018002,NaN,-1.810051,true,Self-supervised model,0.233445,10.271000,73.963722,7.201219,0.000000,0.000000,0.938631,1.324089,false,false
2026-04-17T14:33:16.096970,0.918371,-0.100192,-1.398202,170.111,S,1,0.923820,1,0.923820,0.829992,1.573829,0.677859,1.067814,9.301474,4.192247,0.526995,0.329272,0.270830,0.677859,0.334754,-0.456927,-0.257785,0.622331,0.566430,15.118001,-29.250002,-23.018002,NaN,-1.808225,true,Self-supervised model,0.227283,10.278000,73.884868,7.188643,0.000000,0.000000,1.224431,1.089226,false,false
2026-04-17T14:33:16.104930,0.918371,-0.100192,-1.396601,170.019,S,1,0.923820,1,0.923820,0.780971,1.564114,0.523610,0.902614,9.356541,3.900155,0.363821,0.376548,-0.003669,0.523610,0.306654,-0.323759,-0.310320,0.543281,0.445933,15.118001,-29.250002,-23.018002,NaN,-1.805725,true,Self-supervised model,0.221963,10.286000,73.793131,7.174133,0.000000,0.000000,1.491512,0.963792,false,false
2026-04-17T14:33:16.114977,0.918371,-0.100192,-1.394630,169.906,S,1,0.923820,1,0.923820,0.745489,1.553369,0.559209,0.617704,9.452309,3.584120,0.093630,0.462762,-0.299666,0.559209,0.237016,-0.195477,-0.362854,0.475448,0.307226,15.118001,-29.250002,-23.018002,NaN,-1.802278,true,Self-supervised model,0.225771,10.296000,73.680248,7.156201,0.000000,0.000000,1.333113,1.176173,false,false
2026-04-17T14:33:16.120983,0.918371,-0.100192,-1.391933,169.752,S,1,0.923820,1,0.923820,0.738105,1.542759,0.699342,0.397437,9.502586,3.397372,-0.106254,0.505447,-0.471500,0.699342,0.173486,-0.150884,-0.379958,0.444107,0.229920,15.118001,-29.250002,-23.018002,NaN,-1.796675,true,Self-supervised model,0.230973,10.302000,73.525730,7.137035,0.000000,0.000000,1.055428,1.574713,false,false
2026-04-17T14:33:16.128911,0.918371,-0.100192,-1.388453,169.552,S,1,0.923820,1,0.923820,0.733756,1.532399,0.710919,0.270545,9.540894,3.447650,-0.210325,0.539011,-0.413082,0.710919,0.067195,-0.132558,-0.384234,0.411974,0.148616,15.118001,-29.250002,-23.018002,NaN,-1.790059,true,Self-supervised model,0.231856,10.310000,73.326307,7.112154,0.000000,0.000000,1.032122,1.725641,false,false
2026-04-17T14:33:16.136731,0.918371,-0.100192,-1.384220,169.310,S,1,0.923820,1,0.923820,0.720336,1.521916,0.649882,0.248997,9.615114,3.797204,-0.210112,0.611768,-0.062765,0.649882,-0.034819,-0.178984,-0.365908,0.408823,0.182339,15.118001,-29.250002,-23.018002,NaN,-1.782817,true,Self-supervised model,0.229354,10.318000,73.083781,7.083134,0.000000,0.000000,1.108411,1.589640,false,false
2026-04-17T14:33:16.147351,0.918371,-0.100192,-1.379350,169.031,S,1,0.923820,1,0.923820,0.759692,1.513427,0.966313,0.282516,9.821015,4.352659,-0.158716,0.818768,0.488046,0.966313,-0.094073,-0.251066,-0.333532,0.427934,0.268111,15.118001,-29.250002,-23.018002,NaN,-1.775398,true,Self-supervised model,0.237976,10.329000,72.804744,7.048576,0.000000,0.000000,0.786176,2.258087,false,false
2026-04-17T14:33:16.152867,0.918371,-0.100192,-1.374037,168.727,S,1,0.923820,1,0.923820,0.889607,1.510474,1.571660,0.404620,10.139444,4.953603,-0.024343,1.139575,1.082077,1.571660,-0.109345,-0.339641,-0.288328,0.458744,0.356809,15.118001,-29.250002,-23.018002,NaN,-1.768313,true,Self-supervised model,0.243000,10.334000,72.500326,7.015708,0.000000,0.000000,0.566030,3.426009,false,false
2026-04-17T14:33:16.162241,0.918371,-0.100192,-1.368522,168.411,S,1,0.923820,1,0.923820,1.055774,1.514286,1.928153,0.670376,10.290278,5.286397,0.248252,1.292607,1.409011,1.928153,-0.065973,-0.409280,-0.263283,0.491101,0.414563,11.887001,-27.320002,-24.511002,NaN,-1.761992,true,Self-supervised model,0.248641,10.344000,72.184361,6.978380,0.000000,0.000000,0.547557,3.926184,false,false
2026-04-17T14:33:16.169064,0.918371,-0.100192,-1.363021,168.095,S,1,0.923820,1,0.923820,1.221919,1.524592,2.094179,0.895431,10.448297,5.310339,0.478897,1.450545,1.432537,2.094179,0.009163,-0.452651,-0.273057,0.528713,0.452744,11.887001,-27.320002,-24.511002,NaN,-1.756542,true,Self-supervised model,0.248453,10.351000,71.869139,6.943207,0.000000,0.000000,0.583484,3.960903,false,false
2026-04-17T14:33:16.176832,0.918371,-0.100192,-1.357544,167.782,S,1,0.923820,1,0.923820,1.324534,1.538589,1.863259,0.967257,10.536881,4.766856,0.557862,1.536731,0.893859,1.863259,0.064752,-0.443488,-0.306043,0.542713,0.448190,11.887001,-27.320002,-24.511002,NaN,-1.751164,true,Self-supervised model,0.246950,10.358000,71.555330,6.908219,0.000000,0.000000,0.710869,3.433233,false,false
2026-04-17T14:33:16.185160,0.918371,-0.100192,-1.352008,167.464,S,1,0.923820,1,0.923820,1.370035,1.553847,1.608921,0.940921,10.515334,3.960010,0.542719,1.511707,0.093933,1.608921,0.074526,-0.395230,-0.351248,0.533981,0.402195,11.887001,-27.320002,-24.511002,NaN,-1.745395,true,Self-supervised model,0.244500,10.367000,71.238176,6.871629,0.000000,0.000000,0.851525,3.013069,false,false
2026-04-17T14:33:16.192640,0.918371,-0.100192,-1.346277,167.136,S,1,0.923820,1,0.923820,1.411729,1.570162,1.630620,1.005565,10.455479,3.452439,0.623199,1.449832,-0.410529,1.630620,-0.015272,-0.388510,-0.411112,0.565851,0.388810,11.887001,-27.320002,-24.511002,NaN,-1.738881,true,Self-supervised model,0.243967,10.374000,70.909807,6.835339,0.000000,0.000000,0.865762,2.881716,false,false
2026-04-17T14:33:16.200874,0.918371,-0.100192,-1.340156,166.785,S,1,0.923820,1,0.923820,1.450533,1.587377,1.654252,1.017536,10.256760,3.009511,0.654188,1.252927,-0.859514,1.654252,-0.157603,-0.432493,-0.458760,0.649884,0.460314,11.887001,-27.320002,-24.511002,NaN,-1.731201,true,Self-supervised model,0.243718,10.382000,70.559099,6.796292,0.000000,0.000000,0.876851,2.545458,false,false
2026-04-17T14:33:16.208848,0.918371,-0.100192,-1.333440,166.400,S,1,0.923820,1,0.923820,1.478817,1.605035,1.627308,1.055843,9.940725,2.772485,0.713110,0.944772,-1.116698,1.627308,-0.371406,-0.507018,-0.513738,0.811749,0.628498,11.887001,-27.320002,-24.511002,NaN,-1.722104,true,Self-supervised model,0.240605,10.390000,70.174295,6.754023,0.000000,0.000000,0.908750,2.004694,false,false
2026-04-17T14:33:16.217505,0.918371,-0.100192,-1.325975,165.973,S,1,0.923820,1,0.923820,1.471340,1.621687,1.432087,0.885855,9.777920,2.877831,0.564131,0.796952,-1.047615,1.432087,-0.619417,-0.584598,-0.546724,1.012097,0.851723,11.887001,-27.320002,-24.511002,NaN,-1.711643,true,Self-supervised model,0.235750,10.399000,69.746570,6.707046,0.000000,0.000000,1.027410,1.414970,false,false
2026-04-17T14:33:16.225174,0.918371,-0.100192,-1.317694,165.498,S,1,0.923820,1,0.923820,1.403630,1.634965,1.048149,0.641646,9.816227,3.481169,0.338514,0.858126,-0.497640,1.048149,-0.870483,-0.675617,-0.537561,1.226039,1.101907,11.887001,-27.320002,-24.511002,NaN,-1.700099,true,Self-supervised model,0.224553,10.407000,69.272108,6.656299,0.000000,0.000000,1.339150,0.854907,false,false
2026-04-17T14:33:16.233085,0.918371,-0.100192,-1.308696,164.983,S,1,0.923820,1,0.923820,1.343783,1.645317,1.029586,0.572214,9.715671,4.647145,0.281619,0.787743,0.600166,1.029586,-1.044580,-0.772745,-0.491136,1.389063,1.299339,11.887001,-27.320002,-24.511002,NaN,-1.688231,true,Self-supervised model,0.222567,10.415000,68.756550,6.601685,0.000000,0.000000,1.305168,0.741209,false,false
2026-04-17T14:33:16.240797,0.918371,-0.100192,-1.299248,164.441,S,1,0.923820,1,0.923820,1.450545,1.659527,2.011048,0.663194,9.452309,6.019023,0.376427,0.559800,1.894529,2.011048,-1.140485,-0.856433,-0.403171,1.482137,1.426248,11.887001,-27.320002,-24.511002,NaN,-1.676987,true,Self-supervised model,0.236823,10.422000,68.215255,6.545313,0.000000,0.000000,0.721288,1.356857,false,false
2026-04-17T14:33:16.249329,0.918371,-0.100192,-1.289730,163.896,S,1,0.923820,1,0.923820,1.749483,1.685125,3.318908,1.003170,9.167398,7.429208,0.710580,0.311567,3.226941,3.318908,-1.096503,-0.904691,-0.296270,1.452089,1.421543,11.887001,-27.320002,-24.511002,NaN,-1.667187,true,Self-supervised model,0.248660,10.431000,67.669922,6.487386,0.000000,0.000000,0.527126,2.285609,false,false
2026-04-17T14:33:16.257158,0.918371,-0.100192,-1.280564,163.371,S,1,0.923820,1,0.923820,2.161103,1.726164,4.322108,1.369483,8.942344,8.458714,1.062653,0.119937,4.187721,4.322108,-0.919352,-0.882089,-0.184481,1.287371,1.274084,11.887001,-27.320002,-24.511002,NaN,-1.659425,true,Self-supervised model,0.257445,10.439000,67.144704,6.432101,0.000000,0.000000,0.500011,3.357314,false,false
2026-04-17T14:33:16.265469,0.918371,-0.100192,-1.272126,162.887,S,1,0.923820,1,0.923820,2.635315,1.784530,5.124927,1.881842,8.712500,9.205706,1.554823,-0.083793,4.882661,5.124927,-0.671341,-0.817949,-0.092852,1.062243,1.058177,11.887001,-27.320002,-24.511002,NaN,-1.653907,true,Self-supervised model,0.268902,10.447000,66.661294,6.380903,0.000000,0.000000,0.514215,4.824628,false,false
2026-04-17T14:33:16.272899,0.918371,-0.100192,-1.264715,162.463,S,1,0.923820,1,0.923820,3.077737,1.858258,5.400451,2.343924,8.511387,9.363723,1.994463,-0.269598,5.011418,5.400451,-0.310930,-0.662178,-0.012828,0.731657,0.731544,11.887001,-27.320002,-24.511002,NaN,-1.650599,true,Self-supervised model,0.278626,10.454000,66.236668,6.336012,0.000000,0.000000,0.569904,7.381125,false,false
2026-04-17T14:33:16.283346,0.918371,-0.100192,-1.258529,162.108,S,1,0.923820,1,0.923820,3.396227,1.941777,5.068300,2.794033,8.379706,8.789114,2.424675,-0.398484,4.432813,5.068300,0.065363,-0.463647,0.024435,0.468868,0.468231,11.887001,-27.320002,-24.511002,NaN,-1.649311,true,Self-supervised model,0.287649,10.465000,65.882201,6.295480,0.000000,0.000000,0.670092,10.809644,false,false
2026-04-17T14:33:16.290286,0.918371,-0.100192,-1.253605,161.826,S,1,0.923820,1,0.923820,3.550697,2.028134,4.361664,2.980781,8.276755,7.802703,2.598373,-0.510489,3.465829,4.361664,0.373850,-0.291383,-0.005498,0.474023,0.473991,11.887001,-27.320002,-24.511002,NaN,-1.649439,true,Self-supervised model,0.281883,10.472000,65.600095,6.264333,0.000000,0.000000,0.814069,9.201380,false,false
2026-04-17T14:33:16.296854,0.918371,-0.100192,-1.249786,161.607,S,1,0.923820,1,0.923820,3.497397,2.108904,3.217570,2.724602,8.315063,6.459556,2.336679,-0.488911,2.157234,3.217570,0.535118,-0.188757,-0.047647,0.569430,0.567433,11.887001,-27.320002,-24.511002,NaN,-1.650038,true,Self-supervised model,0.269699,10.478000,65.381270,6.239862,0.000000,0.000000,1.086968,5.650508,false,false
2026-04-17T14:33:16.304868,0.918371,-0.100192,-1.246773,161.435,S,1,0.923820,1,0.923820,3.329092,2.179712,2.445490,2.521094,8.329428,5.348647,2.133159,-0.495060,1.088563,2.445490,0.606589,-0.167377,-0.100793,0.637279,0.629258,11.887001,-27.320002,-24.511002,NaN,-1.650251,true,Self-supervised model,0.259287,10.486000,65.208655,6.218640,0.000000,0.000000,1.361319,3.837392,false,false
2026-04-17T14:33:16.313399,0.918371,-0.100192,-1.244262,161.291,S,1,0.923820,1,0.923820,3.110233,2.238933,1.961226,2.255338,8.300697,4.443638,1.870464,-0.544508,0.226457,1.961226,0.559553,-0.233351,-0.174707,0.630931,0.606260,11.887001,-27.320002,-24.511002,NaN,-1.649746,true,Self-supervised model,0.250736,10.495000,65.064782,6.199598,0.000000,0.000000,1.585862,3.108462,false,false
2026-04-17T14:33:16.322164,0.918371,-0.100192,-1.241955,161.159,S,1,0.923820,1,0.923820,2.872467,2.286274,1.624198,1.865083,8.271967,3.888184,1.484432,-0.591420,-0.291035,1.624198,0.497855,-0.283441,-0.206472,0.608958,0.572886,9.971001,-27.308001,-25.779001,NaN,-1.648254,true,Self-supervised model,0.243574,10.504000,64.932582,6.181700,0.000000,0.000000,1.768545,2.667176,false,false
2026-04-17T14:33:16.329178,0.918371,-0.100192,-1.239611,161.024,S,1,0.923820,1,0.923820,2.644545,2.322605,1.447953,1.467646,8.245630,3.421314,1.076248,-0.626160,-0.739040,1.447953,0.410501,-0.335976,-0.235794,0.580508,0.530463,9.971001,-27.308001,-25.779001,NaN,-1.645764,true,Self-supervised model,0.239228,10.511000,64.798282,6.164807,0.000000,0.000000,1.826403,2.494283,false,false
2026-04-17T14:33:16.336588,0.918371,-0.100192,-1.237688,160.914,S,1,0.923820,1,0.923820,2.455044,2.349902,1.460162,1.098939,8.159439,3.081338,0.684599,-0.713469,-1.074411,1.460162,0.301157,-0.388510,-0.259007,0.555626,0.491564,9.971001,-27.308001,-25.779001,NaN,-1.645525,true,Self-supervised model,0.240142,10.518000,64.688112,6.150229,0.000000,0.000000,1.681351,2.627958,false,false
2026-04-17T14:33:16.345523,0.918371,-0.100192,-1.236474,160.845,S,1,0.923820,1,0.923820,2.306532,2.370168,1.526847,0.804452,8.145074,2.861071,0.387737,-0.733857,-1.281552,1.526847,0.182649,-0.439823,-0.272446,0.548663,0.476240,9.971001,-27.308001,-25.779001,NaN,-1.647147,true,Self-supervised model,0.242435,10.527000,64.618558,6.138364,0.000000,0.000000,1.510650,2.782849,false,false
2026-04-17T14:33:16.353368,0.918371,-0.100192,-1.234888,160.754,S,1,0.923820,1,0.923820,2.193438,2.385098,1.599693,0.526724,8.142680,2.722207,0.105531,-0.738525,-1.415084,1.599693,0.070250,-0.483194,-0.273668,0.559737,0.488274,9.971001,-27.308001,-25.779001,NaN,-1.644074,true,Self-supervised model,0.243355,10.535000,64.527707,6.125079,0.000000,0.000000,1.371162,2.857936,false,false
2026-04-17T14:33:16.360556,0.918371,-0.100192,-1.232985,160.645,S,1,0.923820,1,0.923820,2.092418,2.395391,1.562060,0.421380,8.090008,2.791639,-0.003701,-0.790168,-1.347462,1.562060,-0.054367,-0.510072,-0.259007,0.574643,0.512962,9.971001,-27.308001,-25.779001,NaN,-1.640902,true,Self-supervised model,0.242114,10.542000,64.418678,6.110670,0.000000,0.000000,1.339524,2.718316,false,false
2026-04-17T14:33:16.369240,0.918371,-0.100192,-1.230715,160.515,S,1,0.923820,1,0.923820,1.983153,2.400902,1.409515,0.457293,7.991845,3.050213,0.027874,-0.884171,-1.097359,1.409515,-0.161268,-0.527788,-0.237016,0.600619,0.551876,9.971001,-27.308001,-25.779001,NaN,-1.637161,true,Self-supervised model,0.238684,10.551000,64.288580,6.093127,0.000000,0.000000,1.406976,2.346768,false,false
2026-04-17T14:33:16.377193,0.918371,-0.100192,-1.228118,160.366,S,1,0.923820,1,0.923820,1.869872,2.401660,1.275147,0.593762,7.879318,3.373430,0.159278,-0.990207,-0.787477,1.275147,-0.226631,-0.542448,-0.219911,0.627673,0.587888,9.971001,-27.308001,-25.779001,NaN,-1.633258,true,Self-supervised model,0.235177,10.559000,64.139782,6.074418,0.000000,0.000000,1.466398,2.031548,false,false
2026-04-17T14:33:16.385231,0.918371,-0.100192,-1.225255,160.202,S,1,0.923820,1,0.923820,1.763734,2.398143,1.206511,0.785298,7.812280,3.691859,0.345072,-1.049527,-0.484858,1.206511,-0.251066,-0.560774,-0.214414,0.650750,0.614412,9.971001,-27.308001,-25.779001,NaN,-1.629332,true,Self-supervised model,0.233833,10.567000,63.975747,6.054296,0.000000,0.000000,1.461847,1.854033,false,false
2026-04-17T14:33:16.392816,0.918371,-0.100192,-1.222174,160.025,S,1,0.923820,1,0.923820,1.662796,2.390730,1.132868,0.881066,7.845799,3.897760,0.426120,-1.006845,-0.296773,1.132868,-0.254120,-0.586431,-0.215635,0.674519,0.639123,9.971001,-27.308001,-25.779001,NaN,-1.625381,true,Self-supervised model,0.231909,10.574000,63.799252,6.033597,0.000000,0.000000,1.467775,1.679519,false,false
2026-04-17T14:33:16.400978,0.918371,-0.100192,-1.219257,159.858,S,1,0.923820,1,0.923820,1.576442,2.380158,1.123086,1.022324,7.879318,4.053383,0.553188,-0.964522,-0.158125,1.123086,-0.244346,-0.620639,-0.222966,0.703286,0.667007,9.971001,-27.308001,-25.779001,NaN,-1.623118,true,Self-supervised model,0.232437,10.582000,63.632122,6.013242,0.000000,0.000000,1.403670,1.596912,false,false
2026-04-17T14:33:16.409454,0.918371,-0.100192,-1.216402,159.695,S,1,0.923820,1,0.923820,1.490782,2.366583,1.041064,1.063026,7.975086,4.139575,0.579599,-0.860310,-0.088009,1.041064,-0.236405,-0.670119,-0.238848,0.749664,0.710596,9.971001,-27.308001,-25.779001,NaN,-1.620507,true,Self-supervised model,0.230571,10.591000,63.468499,5.992682,0.000000,0.000000,1.431979,1.388708,false,false
2026-04-17T14:33:16.416932,0.918371,-0.100192,-1.213529,159.530,S,1,0.923820,1,0.923820,1.387485,2.349419,0.845179,1.015141,8.159439,4.211401,0.517048,-0.667832,-0.031427,0.845179,-0.226020,-0.706771,-0.255342,0.784736,0.742031,9.971001,-27.308001,-25.779001,NaN,-1.617566,true,Self-supervised model,0.224822,10.598000,63.303901,5.973193,0.000000,0.000000,1.641647,1.077024,false,false
2026-04-17T14:33:16.425425,0.918371,-0.100192,-1.210577,159.361,S,1,0.923820,1,0.923820,1.272350,2.328336,0.667892,0.940921,8.307879,4.228160,0.428249,-0.511711,-0.028877,0.667892,-0.211359,-0.724486,-0.273668,0.802775,0.754687,9.971001,-27.308001,-25.779001,NaN,-1.614296,true,Self-supervised model,0.219109,10.607000,63.134751,5.952178,0.000000,0.000000,1.905024,0.831980,false,false
2026-04-17T14:33:16.432971,0.918371,-0.100192,-1.207512,159.185,S,1,0.923820,1,0.923820,1.148051,2.303125,0.495480,0.790087,8.396465,4.220978,0.264543,-0.416061,-0.049101,0.495480,-0.196699,-0.708604,-0.300546,0.794441,0.735398,9.971001,-27.308001,-25.779001,NaN,-1.610780,true,Self-supervised model,0.211475,10.614000,62.959135,5.931707,0.000000,0.000000,2.317046,0.623684,false,false
2026-04-17T14:33:16.441042,0.918371,-0.100192,-1.204279,159.000,S,1,0.923820,1,0.923820,1.026528,2.274061,0.388529,0.646434,8.446744,4.185065,0.111221,-0.359445,-0.096873,0.388529,-0.182038,-0.668897,-0.323148,0.764844,0.693225,9.971001,-27.308001,-25.779001,NaN,-1.606880,true,Self-supervised model,0.206724,10.622000,62.773948,5.909805,0.000000,0.000000,2.642085,0.507985,false,false
2026-04-17T14:33:16.449830,0.918371,-0.100192,-1.200811,158.801,S,1,0.923820,1,0.923820,0.926566,2.242161,0.401769,0.474052,8.477868,4.062960,-0.066959,-0.322716,-0.229760,0.401769,-0.172264,-0.609644,-0.334143,0.716234,0.633514,9.971001,-27.308001,-25.779001,NaN,-1.602464,true,Self-supervised model,0.210326,10.631000,62.575195,5.886106,0.000000,0.000000,2.306215,0.560946,false,false
2026-04-17T14:33:16.457416,0.918371,-0.100192,-1.197061,158.587,S,1,0.923820,1,0.923820,0.871496,2.209335,0.582379,0.296881,8.429984,3.921702,-0.245567,-0.365618,-0.381032,0.582379,-0.172264,-0.519235,-0.328645,0.638191,0.547065,9.971001,-27.308001,-25.779001,NaN,-1.597593,true,Self-supervised model,0.223056,10.639000,62.360375,5.861488,0.000000,0.000000,1.496441,0.912546,false,false
2026-04-17T14:33:16.465272,0.918371,-0.100192,-1.193028,158.355,S,1,0.923820,1,0.923820,0.845051,2.176763,0.706211,0.179565,8.394072,3.852271,-0.359289,-0.396736,-0.460701,0.706211,-0.181427,-0.416610,-0.309709,0.549908,0.454400,9.971001,-27.308001,-25.779001,NaN,-1.592422,true,Self-supervised model,0.229481,10.647000,62.129266,5.835378,0.000000,0.000000,1.196598,1.284234,false,false
2026-04-17T14:33:16.472722,0.918371,-0.100192,-1.188706,158.108,S,1,0.923820,1,0.923820,0.831236,2.144942,0.758706,0.110133,8.389283,3.833117,-0.420846,-0.396354,-0.491353,0.758706,-0.188757,-0.310320,-0.275500,0.455881,0.363218,9.971001,-27.308001,-25.779001,NaN,-1.586947,true,Self-supervised model,0.232364,10.654000,61.881638,5.808301,0.000000,0.000000,1.095596,1.664262,false,false
2026-04-17T14:33:16.482676,0.918371,-0.100192,-1.184141,157.846,S,1,0.923820,1,0.923820,0.815595,2.113768,0.733481,0.131681,8.355764,3.883395,-0.390701,-0.424578,-0.452858,0.733481,-0.182649,-0.233351,-0.240070,0.381375,0.296333,8.428000,-26.141001,-27.549002,NaN,-1.581412,true,Self-supervised model,0.233291,10.664000,61.620114,5.778330,0.000000,0.000000,1.111951,1.923255,false,false
2026-04-17T14:33:16.489114,0.918371,-0.100192,-1.179513,157.581,S,1,0.923820,1,0.923820,0.786409,2.082674,0.633185,0.265756,8.367735,3.931279,-0.248273,-0.407586,-0.416122,0.633185,-0.164934,-0.178373,-0.205251,0.318037,0.242940,8.428000,-26.141001,-27.549002,NaN,-1.576530,true,Self-supervised model,0.229644,10.671000,61.354956,5.749691,0.000000,0.000000,1.241990,1.990914,false,false
2026-04-17T14:33:16.496940,0.918371,-0.100192,-1.174970,157.321,SE,1,0.923820,1,0.923820,0.738922,2.050924,0.489611,0.366313,8.489840,3.981557,-0.140026,-0.281062,-0.375654,0.489611,-0.142942,-0.165544,-0.185092,0.286525,0.218718,8.428000,-26.141001,-27.549002,NaN,-1.572327,true,Self-supervised model,0.224744,10.678000,61.094657,5.721545,0.000000,0.000000,1.509200,1.708791,false,false
2026-04-17T14:33:16.504774,0.918371,-0.100192,-1.170592,157.070,SE,1,0.923820,1,0.923820,0.683490,2.018226,0.392473,0.399832,8.623915,4.012682,-0.100256,-0.144120,-0.351017,0.392473,-0.109345,-0.170431,-0.172875,0.266250,0.202492,8.428000,-26.141001,-27.549002,NaN,-1.568608,true,Self-supervised model,0.220291,10.686000,60.843806,5.693787,0.000000,0.000000,1.741497,1.474077,false,false
2026-04-17T14:33:16.515007,0.918371,-0.100192,-1.166436,156.832,SE,1,0.923820,1,0.923820,0.627091,1.984581,0.330998,0.450110,8.767567,4.039018,-0.044894,0.000865,-0.327938,0.330998,-0.058643,-0.207083,-0.167988,0.273025,0.215227,8.428000,-26.141001,-27.549002,NaN,-1.565340,true,Self-supervised model,0.218065,10.696000,60.605673,5.666200,0.000000,0.000000,1.894547,1.212337,false,false
2026-04-17T14:33:16.521762,0.918371,-0.100192,-1.162497,156.606,SE,1,0.923820,1,0.923820,0.581876,1.950473,0.344494,0.447716,8.887277,4.046201,-0.043264,0.119979,-0.320015,0.344494,-0.020159,-0.229074,-0.171653,0.286960,0.229960,8.428000,-26.141001,-27.549002,NaN,-1.562270,true,Self-supervised model,0.219779,10.703000,60.379992,5.641408,0.000000,0.000000,1.689072,1.200494,false,false
2026-04-17T14:33:16.528811,0.918371,-0.100192,-1.158752,156.392,SE,1,0.923820,1,0.923820,0.553114,1.916578,0.402116,0.483629,8.944737,3.998317,-0.004231,0.174465,-0.362272,0.402116,0.036041,-0.268170,-0.180816,0.325436,0.270581,8.428000,-26.141001,-27.549002,NaN,-1.559301,true,Self-supervised model,0.225437,10.710000,60.165421,5.617686,0.000000,0.000000,1.375509,1.235623,false,false
2026-04-17T14:33:16.538638,0.918371,-0.100192,-1.155166,156.186,SE,1,0.923820,1,0.923820,0.547965,1.883834,0.520935,0.524330,8.947132,3.859453,0.039180,0.171371,-0.490378,0.520935,0.087354,-0.313985,-0.202807,0.383859,0.325910,8.428000,-26.141001,-27.549002,NaN,-1.556351,true,Self-supervised model,0.232206,10.720000,59.959962,5.593280,0.000000,0.000000,1.051888,1.357100,false,false
2026-04-17T14:33:16.546115,0.918371,-0.100192,-1.151682,155.987,SE,1,0.923820,1,0.923820,0.578625,1.853626,0.739587,0.495600,8.947132,3.612850,0.013192,0.163410,-0.721188,0.739587,0.115454,-0.348804,-0.223577,0.430093,0.367415,8.428000,-26.141001,-27.549002,NaN,-1.553272,true,Self-supervised model,0.238048,10.728000,59.760318,5.570499,0.000000,0.000000,0.782362,1.719597,false,false
2026-04-17T14:33:16.553222,0.918371,-0.100192,-1.148228,155.789,SE,1,0.923820,1,0.923820,0.626159,1.826527,0.875714,0.502782,8.889671,3.445256,0.023581,0.096557,-0.870055,0.875714,0.112399,-0.386067,-0.248622,0.472752,0.402096,8.428000,-26.141001,-27.549002,NaN,-1.549939,true,Self-supervised model,0.240265,10.735000,59.562408,5.548431,0.000000,0.000000,0.715027,1.852377,false,false
2026-04-17T14:33:16.563753,0.918371,-0.100192,-1.144724,155.588,SE,1,0.923820,1,0.923820,0.665808,1.802098,0.873965,0.541090,8.844181,3.426103,0.064742,0.041785,-0.870562,0.873965,0.081856,-0.424551,-0.262672,0.505906,0.432370,8.428000,-26.141001,-27.549002,NaN,-1.546239,true,Self-supervised model,0.240324,10.745000,59.361677,5.524586,0.000000,0.000000,0.761825,1.727525,false,false
2026-04-17T14:33:16.569122,0.918371,-0.100192,-1.141127,155.382,SE,1,0.923820,1,0.923820,0.680522,1.779235,0.757772,0.574608,8.793902,3.529053,0.100263,-0.016727,-0.750924,0.757772,0.042150,-0.458149,-0.268170,0.532534,0.460084,8.428000,-26.141001,-27.549002,NaN,-1.542270,true,Self-supervised model,0.235437,10.751000,59.155605,5.502335,0.000000,0.000000,0.898057,1.422956,false,false
2026-04-17T14:33:16.576961,0.918371,-0.100192,-1.137423,155.170,SE,1,0.923820,1,0.923820,0.647610,1.755970,0.474823,0.639252,8.827422,3.821146,0.165857,0.009942,-0.444803,0.474823,0.012828,-0.465479,-0.267559,0.537051,0.465656,8.428000,-26.141001,-27.549002,NaN,-1.538131,true,Self-supervised model,0.226227,10.758000,58.943328,5.479023,0.000000,0.000000,1.363899,0.884131,false,false
2026-04-17T14:33:16.585078,0.918371,-0.100192,-1.133632,154.952,SE,1,0.923820,1,0.923820,0.601634,1.731797,0.360257,0.828394,8.880095,4.225766,0.354580,0.056982,-0.028478,0.360257,0.000611,-0.463036,-0.266337,0.534170,0.463036,8.428000,-26.141001,-27.549002,NaN,-1.534001,true,Self-supervised model,0.220518,10.767000,58.726174,5.454275,0.000000,0.000000,1.670014,0.674423,false,false
2026-04-17T14:33:16.593214,0.918371,-0.100192,-1.129813,154.734,SE,1,0.923820,1,0.923820,0.601589,1.708588,0.601355,1.007959,8.882488,4.517859,0.532803,0.054730,0.273411,0.601355,0.020769,-0.439823,-0.273668,0.518430,0.440313,8.428000,-26.141001,-27.549002,NaN,-1.530065,true,Self-supervised model,0.233873,10.775000,58.507352,5.429917,0.000000,0.000000,1.000389,1.159954,false,false
2026-04-17T14:33:16.600745,0.918371,-0.100192,-1.126027,154.517,SE,1,0.923820,1,0.923820,0.633525,1.687586,0.801190,1.082179,8.992621,4.733337,0.606721,0.160490,0.498035,0.801190,0.057421,-0.397673,-0.293826,0.497770,0.401798,8.428000,-26.141001,-27.549002,NaN,-1.526412,true,Self-supervised model,0.239278,10.782000,58.290427,5.406272,0.000000,0.000000,0.790730,1.609559,false,false
2026-04-17T14:33:16.609251,0.918371,-0.100192,-1.122258,154.301,SE,1,0.923820,1,0.923820,0.673832,1.669036,0.885441,1.089362,9.066842,4.819528,0.614818,0.229843,0.594287,0.885441,0.108123,-0.325591,-0.317650,0.467549,0.343075,8.428000,-26.141001,-27.549002,NaN,-1.522709,true,Self-supervised model,0.241563,10.791000,58.074462,5.381750,0.000000,0.000000,0.761013,1.893795,false,false
2026-04-17T14:33:16.617825,0.918371,-0.100192,-1.118534,154.087,SE,1,0.923820,1,0.923820,0.702696,1.652382,0.854234,1.034295,9.088389,4.807557,0.563108,0.245907,0.593427,0.854234,0.155771,-0.243124,-0.341474,0.447189,0.288745,8.428000,-26.141001,-27.549002,NaN,-1.519166,true,Self-supervised model,0.241040,10.799000,57.861086,5.358004,0.000000,0.000000,0.822604,1.910230,false,false
2026-04-17T14:33:16.625077,0.918371,-0.100192,-1.114855,153.876,SE,1,0.923820,1,0.923820,0.729283,1.637458,0.868865,1.027112,9.078813,4.824317,0.561760,0.230688,0.621397,0.868865,0.191812,-0.176540,-0.362243,0.446294,0.260688,8.428000,-26.141001,-27.549002,NaN,-1.515669,true,Self-supervised model,0.241022,10.807000,57.650312,5.334534,0.000000,0.000000,0.839352,1.946845,false,false
2026-04-17T14:33:16.633241,0.918371,-0.100192,-1.111204,153.667,SE,1,0.923820,1,0.923820,0.749618,1.623945,0.856372,0.931344,9.172187,4.829105,0.475096,0.318229,0.637486,0.856372,0.214414,-0.135001,-0.377515,0.454660,0.253374,8.428000,-26.141001,-27.549002,NaN,-1.512127,true,Self-supervised model,0.240927,10.815000,57.441102,5.311244,0.000000,0.000000,0.875341,1.883544,false,false
2026-04-17T14:33:16.642033,0.918371,-0.100192,-1.107491,153.455,SE,1,0.923820,1,0.923820,0.772943,1.611904,0.895401,0.823605,9.332599,4.838682,0.379880,0.472350,0.659029,0.895401,0.239459,-0.081856,-0.384234,0.460084,0.253063,5.088000,-22.588001,-28.106001,NaN,-1.508170,true,Self-supervised model,0.241645,10.823000,57.228393,5.287665,0.000000,0.000000,0.863237,1.946170,false,false
2026-04-17T14:33:16.649909,0.918371,-0.100192,-1.103648,153.234,SE,1,0.923820,1,0.923820,0.798151,1.601354,0.930493,0.677559,9.394848,4.891354,0.249849,0.527817,0.724432,0.930493,0.260839,-0.028711,-0.387899,0.468324,0.262415,5.088000,-22.588001,-28.106001,NaN,-1.503801,true,Self-supervised model,0.241803,10.831000,57.008161,5.263425,0.000000,0.000000,0.857772,1.986856,false,false
2026-04-17T14:33:16.657231,0.918371,-0.100192,-1.099627,153.004,SE,1,0.923820,1,0.923820,0.838623,1.592845,1.051101,0.620098,9.447520,5.008670,0.210507,0.573153,0.855567,1.051101,0.288328,-0.003665,-0.374460,0.472617,0.288352,5.088000,-22.588001,-28.106001,NaN,-1.499075,true,Self-supervised model,0.243805,10.839000,56.777824,5.238290,0.000000,0.000000,0.797852,2.223999,false,false
2026-04-17T14:33:16.665216,0.918371,-0.100192,-1.095436,152.764,SE,1,0.923820,1,0.923820,0.890379,1.586746,1.162101,0.533907,9.452309,5.140351,0.142686,0.569922,1.002650,1.162101,0.317039,-0.014050,-0.353080,0.474739,0.317350,5.088000,-22.588001,-28.106001,NaN,-1.494197,true,Self-supervised model,0.245334,10.847000,56.537653,5.212285,0.000000,0.000000,0.766181,2.447874,false,false
2026-04-17T14:33:16.672843,0.918371,-0.100192,-1.091115,152.516,SE,1,0.923820,1,0.923820,0.942860,1.582991,1.218382,0.536301,9.430760,5.200206,0.161780,0.539306,1.080478,1.218382,0.363465,-0.037874,-0.313374,0.481398,0.365433,5.088000,-22.588001,-28.106001,NaN,-1.489363,true,Self-supervised model,0.245789,10.854000,56.290125,5.186118,0.000000,0.000000,0.773862,2.530924,false,false
2026-04-17T14:33:16.681596,0.918371,-0.100192,-1.086765,152.267,SE,1,0.923820,1,0.923820,0.983811,1.581024,1.198807,0.632069,9.423578,5.142745,0.271544,0.521527,1.044706,1.198807,0.419054,-0.053145,-0.277333,0.505316,0.422410,5.088000,-22.588001,-28.106001,NaN,-1.484894,true,Self-supervised model,0.245351,10.863000,56.040885,5.158877,0.000000,0.000000,0.820659,2.372393,false,false
2026-04-17T14:33:16.689940,0.918371,-0.100192,-1.082516,152.024,SE,1,0.923820,1,0.923820,1.002235,1.579872,1.098957,0.691924,9.509769,4.929661,0.343310,0.595353,0.857555,1.098957,0.470366,-0.052534,-0.246790,0.533769,0.473291,5.088000,-22.588001,-28.106001,NaN,-1.481047,true,Self-supervised model,0.243179,10.871000,55.797417,5.132685,0.000000,0.000000,0.911987,2.058863,false,false
2026-04-17T14:33:16.697330,0.918371,-0.100192,-1.078466,151.792,SE,1,0.923820,1,0.923820,0.993662,1.578424,0.948652,0.756568,9.639056,4.510676,0.419091,0.710818,0.468019,0.948652,0.496633,-0.031154,-0.229685,0.548061,0.497610,5.088000,-22.588001,-28.106001,NaN,-1.477793,true,Self-supervised model,0.239577,10.879000,55.565345,5.107578,0.000000,0.000000,1.047445,1.730925,false,false
2026-04-17T14:33:16.704744,0.918371,-0.100192,-1.074654,151.573,SE,1,0.923820,1,0.923820,0.981160,1.576533,0.915525,0.828394,9.694122,4.158728,0.501669,0.751645,0.146776,0.915525,0.490525,-0.014050,-0.219911,0.537748,0.490726,5.088000,-22.588001,-28.106001,NaN,-1.474938,true,Self-supervised model,0.239207,10.886000,55.346973,5.084234,0.000000,0.000000,1.071691,1.702516,false,false
2026-04-17T14:33:16.713483,0.918371,-0.100192,-1.071092,151.369,SE,1,0.923820,1,0.923820,0.972508,1.574372,0.927085,0.893037,9.682152,3.974375,0.576266,0.726180,-0.008169,0.927085,0.446543,-0.051313,-0.224188,0.502288,0.449481,5.088000,-22.588001,-28.106001,NaN,-1.472370,true,Self-supervised model,0.240556,10.895000,55.142856,5.061299,0.000000,0.000000,1.048995,1.845724,false,false
2026-04-17T14:33:16.721204,0.918371,-0.100192,-1.067731,151.176,SE,1,0.923820,1,0.923820,0.968772,1.572148,0.949158,0.916979,9.696517,3.952827,0.608308,0.728595,-0.003371,0.949158,0.383623,-0.143553,-0.238848,0.474155,0.409603,5.088000,-22.588001,-28.106001,NaN,-1.469814,true,Self-supervised model,0.241406,10.903000,54.950270,5.039922,0.000000,0.000000,1.020665,2.001788,false,false
2026-04-17T14:33:16.728937,0.918371,-0.100192,-1.064488,150.991,SE,1,0.923820,1,0.923820,0.975782,1.570294,1.012586,0.821211,9.842564,4.027047,0.518900,0.864489,0.093451,1.012586,0.322537,-0.241292,-0.253509,0.475940,0.402805,5.088000,-22.588001,-28.106001,NaN,-1.467044,true,Self-supervised model,0.243026,10.910000,54.764460,5.019657,0.000000,0.000000,0.963653,2.127552,false,false
2026-04-17T14:33:16.736930,0.918371,-0.100192,-1.061238,150.804,SE,1,0.923820,1,0.923820,1.018897,1.570238,1.245248,0.617704,10.163386,4.163517,0.323972,1.175930,0.250747,1.245248,0.266948,-0.309709,-0.257174,0.483031,0.408877,5.088000,-22.588001,-28.106001,NaN,-1.463767,true,Self-supervised model,0.247285,10.918000,54.578259,4.998925,0.000000,0.000000,0.818228,2.577986,false,false
2026-04-17T14:33:16.747495,0.918371,-0.100192,-1.057738,150.604,SE,1,0.923820,1,0.923820,1.105417,1.573645,1.559651,0.423774,10.505757,4.259285,0.137765,1.510118,0.364793,1.559651,0.237016,-0.319483,-0.246179,0.467814,0.397801,5.088000,-22.588001,-28.106001,NaN,-1.459266,true,Self-supervised model,0.252479,10.929000,54.377715,4.975544,0.000000,0.000000,0.708759,3.333916,false,false
2026-04-17T14:33:16.753486,0.918371,-0.100192,-1.054020,150.391,SE,1,0.923820,1,0.923820,1.221755,1.581569,1.832530,0.225055,10.800244,4.232949,-0.052716,1.796907,0.355685,1.832530,0.226020,-0.277333,-0.239459,0.430510,0.357769,5.088000,-22.588001,-28.106001,NaN,-1.454677,true,Self-supervised model,0.254340,10.935000,54.164694,4.953333,0.000000,0.000000,0.666704,4.256645,false,false
2026-04-17T14:33:16.760718,0.918371,-0.100192,-1.050135,150.168,SE,1,0.923820,1,0.923820,1.345871,1.594141,1.997477,0.026336,10.984597,4.048595,-0.241635,1.973896,0.187780,1.997477,0.216246,-0.219911,-0.238848,0.390092,0.308421,5.088000,-22.588001,-28.106001,NaN,-1.450124,true,Self-supervised model,0.258025,10.942000,53.942111,4.929822,0.000000,0.000000,0.673785,5.120523,false,false
2026-04-17T14:33:16.768919,0.918371,-0.100192,-1.046124,149.938,SE,1,0.923820,1,0.923820,1.475996,1.611416,2.159154,-0.150835,11.135432,3.746926,-0.407153,2.118098,-0.099164,2.159154,0.185092,-0.165544,-0.239459,0.344971,0.248323,5.088000,-22.588001,-28.106001,NaN,-1.445610,true,Self-supervised model,0.261309,10.950000,53.712315,4.905234,0.000000,0.000000,0.683599,6.258950,false,false
2026-04-17T14:33:16.776989,0.918371,-0.100192,-1.041998,149.702,SE,1,0.923820,1,0.923820,1.593985,1.632718,2.213427,-0.272939,11.106702,3.299210,-0.516837,2.084414,-0.536054,2.213427,0.114232,-0.147219,-0.233961,0.299099,0.186339,5.088000,-22.588001,-28.106001,NaN,-1.441021,true,Self-supervised model,0.263349,10.958000,53.475896,4.880078,0.000000,0.000000,0.720144,7.400318,false,false
2026-04-17T14:33:16.786881,0.918371,-0.100192,-1.037773,149.460,SE,1,0.923820,1,0.923820,1.666534,1.656071,2.047415,-0.215478,10.778696,2.875436,-0.447276,1.754436,-0.955932,2.047415,0.006109,-0.174707,-0.238237,0.295495,0.174814,5.088000,-22.588001,-28.106001,NaN,-1.436402,true,Self-supervised model,0.261903,10.968000,53.233829,4.853558,0.000000,0.000000,0.813970,6.928770,false,false
2026-04-17T14:33:16.792765,0.918371,-0.100192,-1.033444,149.212,SE,1,0.923820,1,0.923820,1.715269,1.680439,1.971132,-0.172383,10.400413,2.487576,-0.393782,1.379347,-1.351924,1.971132,-0.186925,-0.284052,-0.255342,0.425236,0.340039,5.088000,-22.588001,-28.106001,NaN,-1.431657,true,Self-supervised model,0.256168,10.974000,52.985797,4.828303,0.000000,0.000000,0.870195,4.635380,false,false
2026-04-17T14:33:16.801365,0.918371,-0.100192,-1.028943,148.954,SE,1,0.923820,1,0.923820,1.736632,1.704687,1.848786,-0.208296,10.110714,2.439692,-0.423213,1.099997,-1.424397,1.848786,-0.450819,-0.456316,-0.256563,0.690859,0.641453,4.156000,-22.806002,-28.785002,NaN,-1.426470,true,Self-supervised model,0.252646,10.983000,52.727931,4.800868,0.000000,0.000000,0.939336,2.676067,false,false
2026-04-17T14:33:16.809357,0.918371,-0.100192,-1.024223,148.684,SE,1,0.923820,1,0.923820,1.683248,1.725829,1.402981,-0.210690,9.935937,2.964022,-0.427072,0.944747,-0.945209,1.402981,-0.760527,-0.699441,-0.222355,1.056911,1.033257,4.156000,-22.806002,-28.785002,NaN,-1.420870,true,Self-supervised model,0.241616,10.991000,52.457474,4.772766,0.000000,0.000000,1.199765,1.327436,false,false
2026-04-17T14:33:16.817381,0.918371,-0.100192,-1.019340,148.404,SE,1,0.923820,1,0.923820,1.539449,1.740374,0.784506,0.007183,9.674969,4.216189,-0.221857,0.712144,0.243065,0.784506,-0.992045,-0.925461,-0.173486,1.367746,1.356699,4.156000,-22.806002,-28.785002,NaN,-1.415338,true,Self-supervised model,0.223082,10.999000,52.177719,4.743860,0.000000,0.000000,1.962316,0.573576,false,false
2026-04-17T14:33:16.824773,0.918371,-0.100192,-1.014463,148.124,SE,1,0.923820,1,0.923820,1.551876,1.754834,1.617115,0.490811,9.224859,5.621585,0.237405,0.297087,1.571764,1.617115,-1.143540,-1.112386,-0.113621,1.599373,1.595332,4.156000,-22.806002,-28.785002,NaN,-1.410484,true,Self-supervised model,0.240922,11.006000,51.898293,4.715455,0.000000,0.000000,0.959657,1.011093,false,false
2026-04-17T14:33:16.832985,0.918371,-0.100192,-1.009785,147.856,SE,1,0.923820,1,0.923820,1.797006,1.778521,3.083937,0.861913,8.951921,7.158663,0.576330,0.061786,3.028975,3.083937,-1.142929,-1.183246,-0.069028,1.646549,1.645101,4.156000,-22.806002,-28.785002,NaN,-1.406601,true,Self-supervised model,0.254828,11.014000,51.630250,4.687693,0.000000,0.000000,0.582699,1.872970,false,false
2026-04-17T14:33:16.840961,0.918371,-0.100192,-1.005427,147.607,SE,1,0.923820,1,0.923820,2.190433,1.816997,4.255929,1.187524,8.757990,8.367735,0.866063,-0.096973,4.165749,4.255929,-0.982271,-1.141096,-0.025656,1.505860,1.505642,4.156000,-22.806002,-28.785002,NaN,-1.403525,true,Self-supervised model,0.264336,11.022000,51.380567,4.661637,0.000000,0.000000,0.514678,2.826244,false,false
2026-04-17T14:33:16.850350,0.918371,-0.100192,-1.001492,147.381,SE,1,0.923820,1,0.923820,2.667453,1.873016,5.171804,1.534683,8.571242,9.287108,1.178228,-0.255675,5.029310,5.171804,-0.731206,-1.006706,-0.009774,1.244272,1.244234,4.156000,-22.806002,-28.785002,NaN,-1.401281,true,Self-supervised model,0.275532,11.032000,51.155107,4.636975,0.000000,0.000000,0.515768,4.156488,false,false
2026-04-17T14:33:16.856967,0.918371,-0.100192,-0.998049,147.184,SE,1,0.923820,1,0.923820,3.106096,1.944339,5.408973,1.731008,8.429984,9.514558,1.346452,-0.380306,5.224885,5.408973,-0.346361,-0.749532,-0.021380,0.825966,0.825690,4.156000,-22.806002,-28.785002,NaN,-1.399805,true,Self-supervised model,0.284410,11.038000,50.957825,4.616581,0.000000,0.000000,0.574249,6.548660,false,false
2026-04-17T14:33:16.865104,0.918371,-0.100192,-0.995094,147.015,SE,1,0.923820,1,0.923820,3.396697,2.024433,4.922353,1.680730,8.288726,9.018958,1.280410,-0.518548,4.724534,4.922353,0.067195,-0.426995,-0.067806,0.437536,0.432250,4.156000,-22.806002,-28.785002,NaN,-1.398802,true,Self-supervised model,0.292764,11.047000,50.788502,4.597493,0.000000,0.000000,0.690055,11.250178,false,false
2026-04-17T14:33:16.873145,0.918371,-0.100192,-0.992526,146.868,SE,1,0.923820,1,0.923820,3.469080,2.104219,3.849088,1.376666,8.178593,7.941567,0.975551,-0.638876,3.668190,3.849088,0.414167,-0.125838,-0.127671,0.451297,0.432862,4.156000,-22.806002,-28.785002,NaN,-1.397785,true,Self-supervised model,0.284754,11.055000,50.641392,4.580859,0.000000,0.000000,0.901273,8.528943,false,false
2026-04-17T14:33:16.881656,0.918371,-0.100192,-0.990191,146.734,SE,1,0.923820,1,0.923820,3.286352,2.173504,2.327033,0.823605,8.099585,6.399701,0.433284,-0.736716,2.164393,2.327033,0.601091,0.059254,-0.169821,0.627424,0.604005,4.156000,-22.806002,-28.785002,NaN,-1.396379,true,Self-supervised model,0.263666,11.063000,50.507590,4.565452,0.000000,0.000000,1.412250,3.708869,false,false
2026-04-17T14:33:16.889084,0.918371,-0.100192,-0.987938,146.605,SE,1,0.923820,1,0.923820,2.948293,2.226496,1.173485,0.325611,8.125920,5.104438,-0.046929,-0.733056,0.915146,1.173485,0.668287,0.152105,-0.197309,0.713214,0.685378,4.156000,-22.806002,-28.785002,NaN,-1.394455,true,Self-supervised model,0.236187,11.071000,50.378507,4.550493,0.000000,0.000000,2.512426,1.645348,false,false
2026-04-17T14:33:16.898167,0.918371,-0.100192,-0.985656,146.474,SE,1,0.923820,1,0.923820,2.607486,2.263735,0.818246,0.007183,8.140285,4.185065,-0.346162,-0.740328,0.040160,0.818246,0.621250,0.149662,-0.201586,0.670065,0.639023,4.156000,-22.806002,-28.785002,NaN,-1.392056,true,Self-supervised model,0.223928,11.080000,50.247752,4.534996,0.000000,0.000000,3.186677,1.221144,false,false
2026-04-17T14:33:16.904507,0.918371,-0.100192,-0.983301,146.339,SE,1,0.923820,1,0.923820,2.364892,2.289782,1.091272,-0.169988,8.037335,3.667917,-0.505575,-0.860518,-0.441337,1.091272,0.517403,0.098960,-0.205862,0.565577,0.526782,4.156000,-22.806002,-28.785002,NaN,-1.389409,true,Self-supervised model,0.235835,11.086000,50.112816,4.520369,0.000000,0.000000,2.167096,1.929483,false,false
2026-04-17T14:33:16.913727,0.918371,-0.100192,-0.980841,146.198,SE,1,0.923820,1,0.923820,2.191460,2.307849,1.280941,-0.203507,7.975086,3.392584,-0.525747,-0.924563,-0.713851,1.280941,0.381180,0.004276,-0.225409,0.442861,0.381204,4.156000,-22.806002,-28.785002,NaN,-1.386528,true,Self-supervised model,0.243977,11.095000,49.971855,4.503998,0.000000,0.000000,1.710820,2.892424,false,false
2026-04-17T14:33:16.921907,0.918371,-0.100192,-0.978266,146.051,SE,1,0.923820,1,0.923820,2.054220,2.319704,1.333713,-0.193930,7.943961,3.315969,-0.501447,-0.964218,-0.773062,1.333713,0.295659,-0.087965,-0.241292,0.391629,0.308467,4.156000,-22.806002,-28.785002,NaN,-1.383496,true,Self-supervised model,0.245935,11.103000,49.824340,4.487466,0.000000,0.000000,1.540227,3.405548,false,false
2026-04-17T14:33:16.929195,0.918371,-0.100192,-0.975420,145.887,SE,1,0.923820,1,0.923820,1.944185,2.326683,1.366499,-0.153229,7.903260,3.275268,-0.448308,-1.009683,-0.804288,1.366499,0.175318,-0.235794,-0.267559,0.397395,0.293829,4.156000,-22.806002,-28.785002,NaN,-1.379562,true,Self-supervised model,0.246371,11.111000,49.661239,4.469556,0.000000,0.000000,1.422749,3.438638,false,false
2026-04-17T14:33:16.936983,0.918371,-0.100192,-0.972207,145.703,SE,1,0.923820,1,0.923820,1.850918,2.329652,1.361271,-0.076614,7.805098,3.375824,-0.362083,-1.109682,-0.700400,1.361271,0.049480,-0.392786,-0.292604,0.492287,0.395891,4.156000,-22.806002,-28.785002,NaN,-1.374887,true,Self-supervised model,0.244889,11.118000,49.477191,4.450188,0.000000,0.000000,1.359699,2.765196,false,false
2026-04-17T14:33:16.946119,0.918371,-0.100192,-0.968566,145.495,SE,1,0.923820,1,0.923820,1.769039,2.329228,1.339170,0.011971,7.651869,3.718195,-0.267066,-1.261442,-0.361685,1.339170,-0.053145,-0.525344,-0.313374,0.614015,0.528025,4.156000,-22.806002,-28.785002,NaN,-1.369528,true,Self-supervised model,0.243531,11.128000,49.268543,4.427439,0.000000,0.000000,1.320996,2.181007,false,false
2026-04-17T14:33:16.953260,0.918371,-0.100192,-0.964460,145.259,SE,1,0.923820,1,0.923820,1.711542,2.326520,1.409682,0.189142,7.515399,4.283227,-0.087122,-1.393587,0.193722,1.409682,-0.140499,-0.665843,-0.323759,0.753596,0.680505,4.156000,-22.806002,-28.785002,NaN,-1.363564,true,Self-supervised model,0.242903,11.135000,49.033284,4.403528,0.000000,0.000000,1.214133,1.870608,false,false
2026-04-17T14:33:16.962840,0.918371,-0.100192,-0.959906,144.999,SE,1,0.923820,1,0.923820,1.693486,2.323199,1.598692,0.294487,7.429208,4.721366,0.017742,-1.473868,0.619042,1.598692,-0.172264,-0.753197,-0.326813,0.838920,0.772645,1.254000,-24.515001,-27.168001,NaN,-1.357218,true,Self-supervised model,0.245947,11.144000,48.772359,4.376558,0.000000,0.000000,1.059295,1.905654,false,false
2026-04-17T14:33:16.968791,0.918371,-0.100192,-0.954966,144.716,SE,1,0.923820,1,0.923820,1.709911,2.320667,1.796143,0.335188,7.359776,5.042189,0.056712,-1.537345,0.927083,1.796143,-0.157603,-0.756862,-0.326202,0.839099,0.773097,1.254000,-24.515001,-27.168001,NaN,-1.350736,true,Self-supervised model,0.246486,11.150000,48.489341,4.348820,0.000000,0.000000,0.951990,2.140562,false,false
2026-04-17T14:33:16.977258,0.918371,-0.100192,-0.949723,144.415,SE,1,0.923820,1,0.923820,1.727403,2.318937,1.819234,0.354342,7.386112,5.142745,0.075264,-1.506255,1.017420,1.819234,-0.112399,-0.690889,-0.322537,0.770708,0.699972,1.254000,-24.515001,-27.168001,NaN,-1.344278,true,Self-supervised model,0.249312,11.159000,48.188917,4.318390,0.000000,0.000000,0.949522,2.360471,false,false
2026-04-17T14:33:16.985402,0.918371,-0.100192,-0.944256,144.102,SE,1,0.923820,1,0.923820,1.728705,2.317328,1.735542,0.280122,7.364564,4.979939,0.002601,-1.519986,0.837702,1.735542,-0.061697,-0.584598,-0.307265,0.663305,0.587845,1.254000,-24.515001,-27.168001,NaN,-1.337919,true,Self-supervised model,0.249294,11.167000,47.875710,4.287249,0.000000,0.000000,0.996060,2.616508,false,false
2026-04-17T14:33:16.993100,0.918371,-0.100192,-0.938647,143.780,SE,1,0.923820,1,0.923820,1.700050,2.314636,1.549611,0.158017,7.443573,4.728549,-0.115744,-1.435008,0.573278,1.549611,-0.035430,-0.472199,-0.277944,0.549072,0.473526,1.254000,-24.515001,-27.168001,NaN,-1.331738,true,Self-supervised model,0.247252,11.175000,47.554312,4.255419,0.000000,0.000000,1.097082,2.822237,false,false
2026-04-17T14:33:17.000859,0.918371,-0.100192,-0.933013,143.458,SE,1,0.923820,1,0.923820,1.657015,2.310332,1.431082,0.071826,7.474698,4.364630,-0.197706,-1.402340,0.205791,1.431082,-0.043982,-0.387289,-0.240681,0.458098,0.389778,1.254000,-24.515001,-27.168001,NaN,-1.326006,true,Self-supervised model,0.246416,11.182000,47.231516,4.223888,0.000000,0.000000,1.157876,3.123962,false,false
2026-04-17T14:33:17.009613,0.918371,-0.100192,-0.927532,143.144,SE,1,0.923820,1,0.923820,1.613839,2.304472,1.387165,0.055067,7.510611,4.027047,-0.211149,-1.364153,-0.136856,1.387165,-0.082467,-0.312152,-0.181427,0.370345,0.322862,1.254000,-24.515001,-27.168001,NaN,-1.321136,true,Self-supervised model,0.247567,11.191000,46.917478,4.192429,0.000000,0.000000,1.163408,3.745601,false,false
2026-04-17T14:33:17.017890,0.918371,-0.100192,-0.922361,142.847,SE,1,0.923820,1,0.923820,1.580436,2.297510,1.405073,0.035913,7.529764,3.821146,-0.229552,-1.340858,-0.351617,1.405073,-0.153327,-0.276111,-0.120951,0.338195,0.315827,1.254000,-24.515001,-27.168001,NaN,-1.317207,true,Self-supervised model,0.248784,11.199000,46.621213,4.162980,0.000000,0.000000,1.124807,4.154625,false,false
2026-04-17T14:33:17.025063,0.918371,-0.100192,-0.917652,142.578,SE,1,0.923820,1,0.923820,1.535739,2.289040,1.301080,0.114922,7.615956,3.852271,-0.153977,-1.247776,-0.334896,1.301080,-0.232129,-0.291994,-0.058643,0.377602,0.373020,1.254000,-24.515001,-27.168001,NaN,-1.314343,true,Self-supervised model,0.246163,11.207000,46.351392,4.135932,0.000000,0.000000,1.180358,3.445640,false,false
2026-04-17T14:33:17.033501,0.918371,-0.100192,-0.913522,142.341,SE,1,0.923820,1,0.923820,1.462930,2.277995,1.080680,0.359130,7.783550,4.086902,0.081532,-1.071001,-0.119079,1.080680,-0.288328,-0.342085,-0.012828,0.447571,0.447387,1.254000,-24.515001,-27.168001,NaN,-1.312533,true,Self-supervised model,0.241315,11.215000,46.114793,4.111885,0.000000,0.000000,1.353712,2.414545,false,false
2026-04-17T14:33:17.041388,0.918371,-0.100192,-0.910041,142.142,SE,1,0.923820,1,0.923820,1.376518,2.263936,0.922857,0.632069,7.999028,4.378995,0.340600,-0.844384,0.150578,0.922857,-0.317039,-0.417832,0.018326,0.524817,0.524497,1.254000,-24.515001,-27.168001,NaN,-1.311643,true,Self-supervised model,0.236772,11.223000,45.915318,4.091180,0.000000,0.000000,1.491583,1.758436,false,false
2026-04-17T14:33:17.049473,0.918371,-0.100192,-0.907212,141.979,SE,1,0.923820,1,0.923820,1.306033,2.247620,0.935983,0.876278,8.228871,4.690241,0.567459,-0.602249,0.437437,0.935983,-0.306043,-0.483805,0.019548,0.572811,0.572477,1.254000,-24.515001,-27.168001,NaN,-1.311427,true,Self-supervised model,0.238105,11.231000,45.753261,4.073837,0.000000,0.000000,1.395360,1.634017,false,false
2026-04-17T14:33:17.057722,0.918371,-0.100192,-0.904947,141.850,SE,1,0.923820,1,0.923820,1.261495,2.230175,1.027672,1.024718,8.396465,4.903325,0.696495,-0.422382,0.626575,1.027672,-0.255342,-0.548557,-0.009163,0.605143,0.605074,1.254000,-24.515001,-27.168001,NaN,-1.311411,true,Self-supervised model,0.241131,11.239000,45.623433,4.059385,0.000000,0.000000,1.227527,1.698229,false,false
2026-04-17T14:33:17.065330,0.918371,-0.100192,-0.903106,141.744,SE,1,0.923820,1,0.923820,1.230917,2.212205,1.070385,1.082179,8.506598,5.018247,0.733139,-0.300776,0.719559,1.070385,-0.191812,-0.604757,-0.044593,0.636012,0.634446,1.254000,-24.515001,-27.168001,NaN,-1.311274,true,Self-supervised model,0.242345,11.247000,45.517999,4.047124,0.000000,0.000000,1.149976,1.682964,false,false
2026-04-17T14:33:17.073197,0.918371,-0.100192,-0.901555,141.655,SE,1,0.923820,1,0.923820,1.183205,2.193045,0.932717,1.003170,8.525752,4.946421,0.632566,-0.271711,0.629281,0.932717,-0.115454,-0.660956,-0.083689,0.676163,0.670964,1.254000,-24.515001,-27.168001,NaN,-1.310879,true,Self-supervised model,0.239235,11.255000,45.429128,4.036351,0.000000,0.000000,1.268557,1.379427,false,false
2026-04-17T14:33:17.080838,0.918371,-0.100192,-0.900163,141.576,SE,1,0.923820,1,0.923820,1.124063,2.172285,0.813566,0.962469,8.434772,4.790798,0.569832,-0.354842,0.459641,0.813566,-0.041539,-0.701273,-0.114843,0.711828,0.702502,1.254000,-24.515001,-27.168001,NaN,-1.310125,true,Self-supervised model,0.236192,11.262000,45.349381,4.026761,0.000000,0.000000,1.381649,1.142926,false,false
2026-04-17T14:33:17.089509,0.918371,-0.100192,-0.898845,141.500,SE,1,0.923820,1,0.923820,1.057795,2.149706,0.709886,0.926556,8.367735,4.604050,0.511364,-0.416093,0.263270,0.709886,0.011606,-0.737925,-0.135612,0.750373,0.738017,1.254000,-24.515001,-27.168001,NaN,-1.309100,true,Self-supervised model,0.233303,11.271000,45.273840,4.016843,0.000000,0.000000,1.490091,0.946045,false,false
2026-04-17T14:33:17.097358,0.918371,-0.100192,-0.897545,141.426,SE,1,0.923820,1,0.923820,0.987574,2.125221,0.618912,0.873884,8.341399,4.369418,0.436249,-0.438431,0.022760,0.618912,0.037874,-0.750143,-0.147829,0.765507,0.751098,1.254000,-24.515001,-27.168001,NaN,-1.307872,true,Self-supervised model,0.230452,11.279000,45.199333,4.007388,0.000000,0.000000,1.595660,0.808499,false,false
2026-04-17T14:33:17.104634,0.918371,-0.100192,-0.896229,141.350,SE,1,0.923820,1,0.923820,0.925389,2.099227,0.598918,0.849942,8.362947,4.163517,0.390413,-0.414326,-0.186050,0.598918,0.051924,-0.751975,-0.156992,0.769941,0.753766,1.254000,-24.515001,-27.168001,NaN,-1.306498,true,Self-supervised model,0.230721,11.286000,45.123982,3.998226,0.000000,0.000000,1.545101,0.777875,false,false
2026-04-17T14:33:17.114940,0.918371,-0.100192,-0.894876,141.273,SE,1,0.923820,1,0.923820,0.885370,2.072673,0.675273,0.883460,8.355764,4.007894,0.402834,-0.419894,-0.342648,0.675273,0.047647,-0.740369,-0.163712,0.759748,0.741900,1.254000,-24.515001,-27.168001,NaN,-1.304988,true,Self-supervised model,0.235108,11.296000,45.046407,3.987819,0.000000,0.000000,1.311129,0.888811,false,false
2026-04-17T14:33:17.122857,0.918371,-0.100192,-0.893471,141.192,SE,1,0.923820,1,0.923820,0.857196,2.046054,0.709282,0.926556,8.377312,3.945644,0.425740,-0.397096,-0.405144,0.709282,0.029932,-0.733038,-0.175929,0.754448,0.733649,-1.772000,-24.382002,-29.136002,NaN,-1.303380,true,Self-supervised model,0.236664,11.304000,44.965922,3.977877,0.000000,0.000000,1.208541,0.940133,false,false
2026-04-17T14:33:17.129691,0.918371,-0.100192,-0.891994,141.107,SE,1,0.923820,1,0.923820,0.830462,2.019430,0.690111,0.960075,8.456321,3.924097,0.440045,-0.316898,-0.426836,0.690111,0.009163,-0.722654,-0.186314,0.746341,0.722712,-1.772000,-24.382002,-29.136002,NaN,-1.301613,true,Self-supervised model,0.236405,11.311000,44.881282,3.967932,0.000000,0.000000,1.203375,0.924659,false,false
2026-04-17T14:33:17.136769,0.918371,-0.100192,-0.890423,141.017,SE,1,0.923820,1,0.923820,0.802845,1.992767,0.657856,1.029507,8.549694,3.974375,0.491251,-0.222259,-0.376892,0.657856,-0.010996,-0.711658,-0.205862,0.740916,0.711743,-1.772000,-24.382002,-29.136002,NaN,-1.299670,true,Self-supervised model,0.235984,11.318000,44.791298,3.957528,0.000000,0.000000,1.220397,0.887895,false,false
2026-04-17T14:33:17.146754,0.918371,-0.100192,-0.888736,140.921,SE,1,0.923820,1,0.923820,0.774669,1.966043,0.626742,1.079785,8.640674,4.034230,0.524498,-0.129982,-0.317511,0.626742,-0.024435,-0.701884,-0.234572,0.740448,0.702309,-1.772000,-24.382002,-29.136002,NaN,-1.297518,true,Self-supervised model,0.235647,11.328000,44.694651,3.945502,0.000000,0.000000,1.236024,0.846437,false,false
2026-04-17T14:33:17.153100,0.918371,-0.100192,-0.886901,140.816,SE,1,0.923820,1,0.923820,0.743820,1.939154,0.581860,1.103727,8.714894,4.125209,0.533168,-0.054811,-0.226471,0.581860,-0.023213,-0.698830,-0.270613,0.749756,0.699215,-1.772000,-24.382002,-29.136002,NaN,-1.295086,true,Self-supervised model,0.233975,11.335000,44.589472,3.933787,0.000000,0.000000,1.278347,0.776067,false,false
2026-04-17T14:33:17.164051,0.918371,-0.100192,-0.884865,140.699,SE,1,0.923820,1,0.923820,0.703990,1.911747,0.494886,1.058237,8.726865,4.218584,0.475025,-0.042486,-0.132133,0.494886,-0.014661,-0.703106,-0.321315,0.773186,0.703259,-1.772000,-24.382002,-29.136002,NaN,-1.292254,true,Self-supervised model,0.231274,11.345000,44.472870,3.920041,0.000000,0.000000,1.422529,0.640061,false,false
2026-04-17T14:33:17.169259,0.918371,-0.100192,-0.882533,140.565,SE,1,0.923820,1,0.923820,0.654015,1.883438,0.391647,0.979228,8.719683,4.302381,0.385687,-0.050094,-0.046080,0.391647,0.004276,-0.720210,-0.367741,0.808674,0.720223,-1.772000,-24.382002,-29.136002,NaN,-1.288733,true,Self-supervised model,0.225073,11.351000,44.339245,3.906197,0.000000,0.000000,1.669909,0.484308,false,false
2026-04-17T14:33:17.177065,0.918371,-0.100192,-0.879829,140.411,SE,1,0.923820,1,0.923820,0.606595,1.854364,0.357641,0.940921,8.667010,4.390966,0.339058,-0.104005,0.046146,0.357641,0.027489,-0.747699,-0.408669,0.852537,0.748204,-1.772000,-24.382002,-29.136002,NaN,-1.284543,true,Self-supervised model,0.224355,11.359000,44.184330,3.889808,0.000000,0.000000,1.696101,0.419502,false,false
2026-04-17T14:33:17.185186,0.918371,-0.100192,-0.876694,140.231,SE,1,0.923820,1,0.923820,0.556304,1.824442,0.292275,0.845153,8.655039,4.465186,0.236341,-0.117883,0.125186,0.292275,0.048258,-0.773966,-0.434936,0.889113,0.775469,-1.772000,-24.382002,-29.136002,NaN,-1.279679,true,Self-supervised model,0.220393,11.367000,44.004658,3.871264,0.000000,0.000000,1.903357,0.328727,false,false
2026-04-17T14:33:17.193416,0.918371,-0.100192,-0.873104,140.025,SE,1,0.923820,1,0.923820,0.518820,1.794217,0.322025,0.792481,8.647857,4.570531,0.177963,-0.127461,0.236185,0.322025,0.070860,-0.810007,-0.452040,0.930308,0.813101,-1.772000,-24.382002,-29.136002,NaN,-1.274272,true,Self-supervised model,0.224312,11.375000,43.798965,3.850458,0.000000,0.000000,1.611113,0.346149,false,false
2026-04-17T14:33:17.200915,0.918371,-0.100192,-0.869046,139.793,SE,1,0.923820,1,0.923820,0.495756,1.764279,0.374674,0.766145,8.724471,4.668694,0.146251,-0.053632,0.340756,0.374674,0.095295,-0.850324,-0.465479,0.974066,0.855648,-1.772000,-24.382002,-29.136002,NaN,-1.268345,true,Self-supervised model,0.228398,11.382000,43.566486,3.827665,0.000000,0.000000,1.323167,0.384650,false,false
2026-04-17T14:33:17.209078,0.918371,-0.100192,-0.864536,139.534,SE,1,0.923820,1,0.923820,0.484432,1.735085,0.424978,0.703895,8.870518,4.728549,0.079601,0.089175,0.407821,0.424978,0.117897,-0.877813,-0.485638,1.010099,0.885695,-1.772000,-24.382002,-29.136002,NaN,-1.262026,true,Self-supervised model,0.231764,11.391000,43.308097,3.801957,0.000000,0.000000,1.139898,0.420729,false,false
2026-04-17T14:33:17.217281,0.918371,-0.100192,-0.859582,139.250,SE,1,0.923820,1,0.923820,0.492091,1.707365,0.532301,0.627281,9.033323,4.783615,0.000160,0.248264,0.470860,0.532301,0.139888,-0.897361,-0.500910,1.037177,0.908199,-1.772000,-24.382002,-29.136002,NaN,-1.255291,true,Self-supervised model,0.235959,11.399000,43.024209,3.774385,0.000000,0.000000,0.924461,0.513221,false,false
2026-04-17T14:33:17.225124,0.918371,-0.100192,-0.854172,138.940,SE,1,0.923820,1,0.923820,0.512799,1.681582,0.621518,0.500388,9.133880,4.805163,-0.126843,0.344296,0.501653,0.621518,0.158825,-0.924239,-0.521068,1.072826,0.937786,-1.772000,-24.382002,-29.136002,NaN,-1.248062,true,Self-supervised model,0.237594,11.407000,42.714264,3.744566,0.000000,0.000000,0.825076,0.579328,false,false
2026-04-17T14:33:17.233341,0.918371,-0.100192,-0.848248,138.601,SE,1,0.923820,1,0.923820,0.528615,1.657464,0.611650,0.457293,9.088389,4.802769,-0.168356,0.293733,0.509405,0.611650,0.167377,-0.964556,-0.536340,1.116263,0.978971,-1.772000,-24.382002,-29.136002,NaN,-1.240078,true,Self-supervised model,0.237039,11.415000,42.374820,3.712205,0.000000,0.000000,0.864244,0.547944,false,false
2026-04-17T14:33:17.240649,0.918371,-0.100192,-0.841787,138.231,SE,1,0.923820,1,0.923820,0.533912,1.634522,0.561719,0.452504,8.920795,4.805163,-0.171079,0.121478,0.521060,0.561719,0.163712,-1.018312,-0.548557,1.168194,1.031388,-1.772000,-24.382002,-29.136002,NaN,-1.231471,true,Self-supervised model,0.234304,11.422000,42.004631,3.677520,0.000000,0.000000,0.950497,0.480844,false,false
2026-04-17T14:33:17.249398,0.918371,-0.100192,-0.834793,137.830,SE,1,0.923820,1,0.923820,0.541955,1.612819,0.584183,0.402226,8.738836,4.814740,-0.219659,-0.063951,0.537522,0.584183,0.148440,-1.067792,-0.551611,1.210987,1.078061,-1.772000,-24.382002,-29.136002,NaN,-1.222350,true,Self-supervised model,0.235033,11.431000,41.603960,3.639573,0.000000,0.000000,0.927715,0.482402,false,false
2026-04-17T14:33:17.257480,0.918371,-0.100192,-0.827294,137.400,SE,1,0.923820,1,0.923820,0.560297,1.592718,0.656590,0.351948,8.662222,4.855441,-0.268688,-0.142447,0.581915,0.656590,0.124006,-1.113607,-0.542448,1.244889,1.120490,-1.772000,-24.382002,-29.136002,NaN,-1.212825,true,Self-supervised model,0.236519,11.439000,41.174272,3.599464,0.000000,0.000000,0.853344,0.527428,false,false
2026-04-17T14:33:17.265160,0.918371,-0.100192,-0.819315,136.943,SE,1,0.923820,1,0.923820,0.590191,1.574617,0.747134,0.328006,8.643068,4.941632,-0.292101,-0.161765,0.668370,0.747134,0.089186,-1.131322,-0.522290,1.249252,1.134832,-1.772000,-24.382002,-29.136002,NaN,-1.202930,true,Self-supervised model,0.237523,11.447000,40.717135,3.557014,0.000000,0.000000,0.789939,0.598065,false,false
2026-04-17T14:33:17.272660,0.918371,-0.100192,-0.810935,136.463,SE,1,0.923820,1,0.923820,0.624888,1.558628,0.807050,0.411803,8.657434,5.042189,-0.208505,-0.145905,0.765877,0.807050,0.064752,-1.117883,-0.503353,1.227689,1.119757,-1.772000,-24.382002,-29.136002,NaN,-1.192942,true,Self-supervised model,0.238458,11.454000,40.236973,3.512919,0.000000,0.000000,0.774287,0.657373,false,false
2026-04-17T14:33:17.281853,0.918371,-0.100192,-0.802256,135.966,SE,1,0.923820,1,0.923820,0.661906,1.544759,0.856248,0.533907,8.772355,5.133168,-0.085892,-0.028394,0.851456,0.856248,0.047037,-1.072679,-0.500299,1.184547,1.073710,-3.180000,-23.111002,-30.006001,NaN,-1.183066,true,Self-supervised model,0.240688,11.463000,39.739676,3.466778,0.000000,0.000000,0.773030,0.722849,false,false
2026-04-17T14:33:17.289465,0.918371,-0.100192,-0.793349,135.456,SE,1,0.923820,1,0.923820,0.711376,1.533424,0.971091,0.610521,8.913613,5.252879,-0.007355,0.116176,0.964089,0.971091,0.027489,-1.010982,-0.498466,1.127523,1.011356,-3.180000,-23.111002,-30.006001,NaN,-1.173252,true,Self-supervised model,0.241525,11.471000,39.229379,3.419874,0.000000,0.000000,0.732553,0.861261,false,false
2026-04-17T14:33:17.296729,0.918371,-0.100192,-0.784276,134.936,SE,1,0.923820,1,0.923820,0.775905,1.525123,1.114685,0.653617,9.138668,5.355829,0.039202,0.344763,1.059304,1.114685,0.009163,-0.951117,-0.501520,1.075282,0.951161,-3.180000,-23.111002,-30.006001,NaN,-1.163513,true,Self-supervised model,0.243862,11.478000,38.709532,3.372498,0.000000,0.000000,0.696076,1.036645,false,false
2026-04-17T14:33:17.304915,0.918371,-0.100192,-0.775086,134.409,SE,1,0.923820,1,0.923820,0.862947,1.520636,1.319917,0.713472,9.291897,5.521029,0.103671,0.501594,1.216485,1.319917,-0.009163,-0.910189,-0.504575,1.040732,0.910235,-3.180000,-23.111002,-30.006001,NaN,-1.153852,true,Self-supervised model,0.247415,11.486000,38.182950,3.324304,0.000000,0.000000,0.653789,1.268257,false,false
2026-04-17T14:33:17.315483,0.918371,-0.100192,-0.765822,133.878,SE,1,0.923820,1,0.923820,0.984066,1.521173,1.619944,0.790087,9.414001,5.793968,0.185102,0.626901,1.482212,1.619944,-0.012217,-0.899194,-0.505186,1.031461,0.899277,-3.180000,-23.111002,-30.006001,NaN,-1.144295,true,Self-supervised model,0.251820,11.497000,37.652171,3.274956,0.000000,0.000000,0.607469,1.570534,false,false
2026-04-17T14:33:17.321432,0.918371,-0.100192,-0.756519,133.345,SE,1,0.923820,1,0.923820,1.121562,1.527189,1.843410,0.842759,9.560047,5.971139,0.242385,0.774762,1.655039,1.843410,0.007330,-0.896750,-0.510683,1.031994,0.896780,-3.180000,-23.111002,-30.006001,NaN,-1.134836,true,Self-supervised model,0.249549,11.503000,37.119158,3.226911,0.000000,0.000000,0.608417,1.786260,false,false
2026-04-17T14:33:17.330045,0.918371,-0.100192,-0.747220,132.813,SE,1,0.923820,1,0.923820,1.254081,1.538264,1.949806,0.833182,9.730036,6.004658,0.237908,0.944000,1.689381,1.949806,0.046426,-0.891252,-0.519235,1.032517,0.892461,-3.180000,-23.111002,-30.006001,NaN,-1.125554,true,Self-supervised model,0.254231,11.511000,36.586381,3.178384,0.000000,0.000000,0.643182,1.888401,false,false
2026-04-17T14:33:17.337035,0.918371,-0.100192,-0.737937,132.281,SE,1,0.923820,1,0.923820,1.345295,1.552546,1.824173,0.794875,9.923966,5.722142,0.206447,1.134055,1.413826,1.824173,0.095295,-0.857044,-0.538172,1.016482,0.862326,-3.180000,-23.111002,-30.006001,NaN,-1.116333,true,Self-supervised model,0.251536,11.518000,36.054493,3.130274,0.000000,0.000000,0.737483,1.794595,false,false
2026-04-17T14:33:17.346571,0.918371,-0.100192,-0.728652,131.749,SE,1,0.923820,1,0.923820,1.372441,1.567341,1.514957,0.720655,10.070012,5.104438,0.142987,1.273846,0.807445,1.514957,0.118508,-0.810618,-0.572992,0.999733,0.819235,-3.180000,-23.111002,-30.006001,NaN,-1.107041,true,Self-supervised model,0.250658,11.528000,35.522506,3.081411,0.000000,0.000000,0.905927,1.515362,false,false
2026-04-17T14:33:17.352949,0.918371,-0.100192,-0.719277,131.212,SE,1,0.923820,1,0.923820,1.362959,1.581166,1.313177,0.639252,10.113108,4.321534,0.077727,1.310385,0.035844,1.313177,0.095295,-0.752586,-0.627359,0.984401,0.758595,-3.180000,-23.111002,-30.006001,NaN,-1.097305,true,Self-supervised model,0.245288,11.534000,34.985353,3.033237,0.000000,0.000000,1.037909,1.333986,false,false
2026-04-17T14:33:17.363605,0.918371,-0.100192,-0.709654,130.660,SE,1,0.923820,1,0.923820,1.359459,1.594298,1.341084,0.612916,10.043676,3.766079,0.073279,1.236666,-0.513608,1.341084,-0.005498,-0.742201,-0.700052,1.020277,0.742222,-3.180000,-23.111002,-30.006001,NaN,-1.086689,true,Self-supervised model,0.248677,11.545000,34.433976,2.982588,0.000000,0.000000,1.013702,1.314431,false,false
2026-04-17T14:33:17.369161,0.918371,-0.100192,-0.699551,130.081,SE,1,0.923820,1,0.923820,1.366402,1.607182,1.402852,0.495600,9.847352,3.342306,-0.018646,1.040472,-0.940778,1.402852,-0.149662,-0.783129,-0.755640,1.098491,0.797302,-3.180000,-23.111002,-30.006001,NaN,-1.074669,true,Self-supervised model,0.244079,11.551000,33.855137,2.930927,0.000000,0.000000,0.974017,1.277072,false,false
2026-04-17T14:33:17.377264,0.918371,-0.100192,-0.688781,129.464,SE,1,0.923820,1,0.923820,1.360948,1.619333,1.332318,0.399832,9.540894,3.196259,-0.087955,0.740816,-1.103869,1.332318,-0.359800,-0.873537,-0.799623,1.237707,0.944734,-3.180000,-23.111002,-30.006001,NaN,-1.061227,true,Self-supervised model,0.245240,11.559000,33.238033,2.875511,0.000000,0.000000,1.021489,1.076440,false,false
2026-04-17T14:33:17.385498,0.918371,-0.100192,-0.677208,128.801,SE,1,0.923820,1,0.923820,1.327538,1.629661,1.152134,0.253785,9.301474,3.323152,-0.209693,0.515666,-1.008727,1.152134,-0.591318,-0.991434,-0.817338,1.414440,1.154382,-3.180000,-23.111002,-30.006001,NaN,-1.046445,true,Self-supervised model,0.240208,11.567000,32.574956,2.816197,0.000000,0.000000,1.152243,0.814551,false,false
2026-04-17T14:33:17.393262,0.918371,-0.100192,-0.664833,128.092,SE,1,0.923820,1,0.923820,1.258115,1.636799,0.893645,0.067038,9.330204,3.799598,-0.376905,0.566661,-0.579171,0.893645,-0.826501,-1.109942,-0.797179,1.597050,1.383862,-3.180000,-23.111002,-30.006001,NaN,-1.030865,true,Self-supervised model,0.231400,11.575000,31.865968,2.752999,0.000000,0.000000,1.407847,0.559560,false,false
2026-04-17T14:33:17.401198,0.918371,-0.100192,-0.651791,127.345,SE,1,0.923820,1,0.923820,1.183349,1.640661,0.790829,0.088585,9.358934,4.781221,-0.342828,0.625211,0.342038,0.790829,-0.994489,-1.206459,-0.747699,1.733091,1.563506,-3.180000,-23.111002,-30.006001,NaN,-1.015152,true,Self-supervised model,0.227505,11.583000,31.118717,2.686585,0.000000,0.000000,1.496341,0.456311,false,false
2026-04-17T14:33:17.409266,0.918371,-0.100192,-0.638328,126.574,SE,1,0.923820,1,0.923820,1.228388,1.646170,1.464841,0.344765,9.174581,5.892130,-0.082615,0.476763,1.382617,1.464841,-1.109942,-1.282206,-0.679282,1.826869,1.695885,-3.180000,-23.111002,-30.006001,NaN,-1.000005,true,Self-supervised model,0.241736,11.591000,30.347343,2.618182,0.000000,0.000000,0.838581,0.801832,false,false
2026-04-17T14:33:17.422785,0.918371,-0.100192,-0.624756,125.796,SE,1,0.923820,1,0.923820,1.463461,1.660862,2.697594,0.694318,8.954314,7.252037,0.263064,0.295509,2.668424,2.697594,-1.125825,-1.336573,-0.608422,1.850429,1.747544,-3.180000,-23.111002,-30.006001,NaN,-0.985997,true,Self-supervised model,0.255767,11.604000,29.569722,2.548235,0.000000,0.000000,0.542506,1.457821,false,false
2026-04-17T14:33:17.425304,0.918371,-0.100192,-0.611357,125.028,SE,1,0.923820,1,0.923820,1.826247,1.689477,3.730872,1.110910,8.729259,8.322245,0.668601,0.108302,3.668876,3.730872,-1.028086,-1.363451,-0.537561,1.790233,1.707618,-3.180000,-23.111002,-30.006001,NaN,-0.973290,true,Self-supervised model,0.234371,11.607000,28.802021,2.481435,0.000000,0.000000,0.489496,2.084015,false,false
2026-04-17T14:33:17.433122,0.918371,-0.100192,-0.598393,124.285,SE,1,0.923820,1,0.923820,2.288802,1.735450,4.717217,1.565808,8.499416,9.296685,1.107307,-0.088715,4.584554,4.717217,-0.853990,-1.335351,-0.477086,1.655316,1.585075,-3.180000,-23.111002,-30.006001,NaN,-0.962065,true,Self-supervised model,0.267761,11.615000,28.059230,2.415775,0.000000,0.000000,0.485202,2.849737,false,false
2026-04-17T14:33:17.441528,0.918371,-0.100192,-0.586068,123.579,SE,1,0.923820,1,0.923820,2.785000,1.799432,5.390039,2.018312,8.233660,9.907207,1.541808,-0.330937,5.154205,5.390039,-0.549168,-1.217454,-0.413556,1.398145,1.335583,-5.180000,-23.858002,-29.549002,NaN,-0.952293,true,Self-supervised model,0.278244,11.623000,27.353018,2.353353,0.000000,0.000000,0.516694,3.855136,false,false
2026-04-17T14:33:17.449396,0.918371,-0.100192,-0.574559,122.920,SE,1,0.923820,1,0.923820,3.225055,1.878457,5.535346,2.310405,7.936779,9.962274,1.818590,-0.617083,5.191531,5.535346,-0.167377,-1.026254,-0.381791,1.107689,1.039813,-5.180000,-23.858002,-29.549002,NaN,-0.944055,true,Self-supervised model,0.284808,11.631000,26.693647,2.295043,0.000000,0.000000,0.582629,4.997200,false,false
2026-04-17T14:33:17.457953,0.918371,-0.100192,-0.563968,122.313,SE,1,0.923820,1,0.923820,3.541580,1.966982,5.203336,2.355895,7.778761,9.560047,1.855462,-0.779637,4.798347,5.203336,0.241292,-0.812451,-0.372017,0.925578,0.847525,-5.180000,-23.858002,-29.549002,NaN,-0.937129,true,Self-supervised model,0.289487,11.639000,26.086787,2.241325,0.000000,0.000000,0.680636,5.621715,false,false
2026-04-17T14:33:17.464870,0.918371,-0.100192,-0.554305,121.759,SE,1,0.923820,1,0.923820,3.625741,2.055332,4.067586,2.173935,7.783550,8.350976,1.671854,-0.793055,3.622324,4.067586,0.554666,-0.657291,-0.375071,0.938277,0.860050,-5.180000,-23.858002,-29.549002,NaN,-0.931185,true,Self-supervised model,0.281252,11.646000,25.533180,2.192442,0.000000,0.000000,0.891374,4.335166,false,false
2026-04-17T14:33:17.473081,0.918371,-0.100192,-0.545514,121.256,SE,1,0.923820,1,0.923820,3.463094,2.133643,2.609199,1.836353,7.855376,6.804321,1.337543,-0.742301,2.113739,2.609199,0.750143,-0.562607,-0.389732,1.015446,0.937678,-5.180000,-23.858002,-29.549002,NaN,-0.925875,true,Self-supervised model,0.268679,11.655000,25.029442,2.147528,0.000000,0.000000,1.327263,2.569510,false,false
2026-04-17T14:33:17.481044,0.918371,-0.100192,-0.537713,120.809,SE,1,0.923820,1,0.923820,3.143935,2.196055,1.468346,1.570596,7.941567,5.317522,1.082943,-0.698335,0.703990,1.468346,0.899805,-0.529009,-0.434936,1.130782,1.043791,-5.180000,-23.858002,-29.549002,NaN,-0.922039,true,Self-supervised model,0.246576,11.662000,24.582495,2.107914,0.000000,0.000000,2.141141,1.298522,false,false
2026-04-17T14:33:17.489450,0.918371,-0.100192,-0.530124,120.374,SE,1,0.923820,1,0.923820,2.816971,2.242891,1.100412,1.218649,7.936779,4.209007,0.742270,-0.737040,-0.341634,1.100412,0.847270,-0.588263,-0.477697,1.136712,1.031465,-5.180000,-23.858002,-29.549002,NaN,-0.915299,true,Self-supervised model,0.236807,11.671000,24.147710,2.069035,0.000000,0.000000,2.559923,0.968066,false,false
2026-04-17T14:33:17.497356,0.918371,-0.100192,-0.522807,119.955,SE,1,0.923820,1,0.923820,2.616555,2.279838,1.564369,0.861913,7.850587,3.246537,0.395220,-0.851043,-1.251710,1.564369,0.722654,-0.660345,-0.509462,1.103556,0.978920,-5.180000,-23.858002,-29.549002,NaN,-0.909067,true,Self-supervised model,0.249533,11.679000,23.728462,2.031720,0.000000,0.000000,1.672594,1.417571,false,false
2026-04-17T14:33:17.505042,0.918371,-0.100192,-0.515585,119.541,SE,1,0.923820,1,0.923820,2.517931,2.311361,2.000157,0.538695,7.747637,2.715025,0.079334,-0.973919,-1.745227,2.000157,0.526566,-0.758695,-0.544892,1.072286,0.923520,-5.180000,-23.858002,-29.549002,NaN,-0.902226,true,Self-supervised model,0.257220,11.686000,23.314678,1.995095,0.000000,0.000000,1.258867,1.865322,false,false
2026-04-17T14:33:17.514242,0.918371,-0.100192,-0.508304,119.124,SE,1,0.923820,1,0.923820,2.468346,2.339641,2.208026,0.244209,7.699753,2.497152,-0.210619,-1.034058,-1.939521,2.208026,0.318872,-0.868039,-0.563218,1.082768,0.924755,-5.180000,-23.858002,-29.549002,NaN,-0.894708,true,Self-supervised model,0.260646,11.696000,22.897497,1.957720,0.000000,0.000000,1.117897,2.039242,false,false
2026-04-17T14:33:17.521388,0.918371,-0.100192,-0.500850,118.697,SE,1,0.923820,1,0.923820,2.442132,2.365741,2.304510,-0.023942,7.659051,2.444480,-0.475346,-1.081901,-1.978459,2.304510,0.141110,-0.978606,-0.562607,1.137589,0.988727,-5.180000,-23.858002,-29.549002,NaN,-0.886563,true,Self-supervised model,0.259705,11.703000,22.470423,1.920057,0.000000,0.000000,1.059719,2.025784,false,false
2026-04-17T14:33:17.531681,0.918371,-0.100192,-0.493090,118.252,SE,1,0.923820,1,0.923820,2.394465,2.388890,2.144212,-0.098162,7.637504,2.667141,-0.549304,-1.104423,-1.753899,2.144212,-0.062308,-1.079399,-0.549168,1.212670,1.081196,-5.180000,-23.858002,-29.549002,NaN,-0.877578,true,Self-supervised model,0.258329,11.713000,22.025799,1.880458,0.000000,0.000000,1.116711,1.768174,false,false
2026-04-17T14:33:17.537134,0.918371,-0.100192,-0.484987,117.788,SE,1,0.923820,1,0.923820,2.288902,2.406890,1.734694,-0.050278,7.649475,3.177106,-0.505732,-1.087481,-1.253309,1.734694,-0.239459,-1.190576,-0.525955,1.323420,1.214419,-5.180000,-23.858002,-29.549002,NaN,-0.868102,true,Self-supervised model,0.247353,11.719000,21.561516,1.839877,0.000000,0.000000,1.319484,1.310766,false,false
2026-04-17T14:33:17.548272,0.918371,-0.100192,-0.476597,117.307,SE,1,0.923820,1,0.923820,2.121026,2.417455,1.239680,0.119710,7.709330,3.830723,-0.344782,-1.017831,-0.618022,1.239680,-0.359800,-1.269378,-0.498466,1.410406,1.319385,-5.180000,-23.858002,-29.549002,NaN,-0.858565,true,Self-supervised model,0.241313,11.730000,21.080794,1.797169,0.000000,0.000000,1.710947,0.878952,false,false
2026-04-17T14:33:17.553297,0.918371,-0.100192,-0.468008,116.815,SE,1,0.923820,1,0.923820,1.950306,2.420769,1.054027,0.433351,7.663840,4.541800,-0.043481,-1.050807,0.069894,1.054027,-0.405615,-1.290758,-0.477697,1.434843,1.352989,-5.180000,-23.858002,-29.549002,NaN,-0.849182,true,Self-supervised model,0.232465,11.735000,20.588700,1.754469,0.000000,0.000000,1.850339,0.734594,false,false
2026-04-17T14:33:17.566836,0.918371,-0.100192,-0.459316,116.317,SE,1,0.923820,1,0.923820,1.832689,2.419246,1.215201,0.703895,7.656657,5.078102,0.213419,-1.044978,0.582397,1.215201,-0.395230,-1.276098,-0.467923,1.415480,1.335901,-5.180000,-23.858002,-29.549002,NaN,-0.840078,true,Self-supervised model,0.242748,11.748000,20.090701,1.710138,0.000000,0.000000,1.508137,0.858508,false,false
2026-04-17T14:33:17.569060,0.918371,-0.100192,-0.450596,115.817,SE,1,0.923820,1,0.923820,1.753091,2.414600,1.335200,0.811634,7.685388,5.348647,0.306665,-1.002131,0.827316,1.335200,-0.343306,-1.218676,-0.466701,1.349385,1.266109,-5.180000,-23.858002,-29.549002,NaN,-0.831246,true,Self-supervised model,0.228792,11.750000,19.591090,1.667327,0.000000,0.000000,1.312980,0.989488,false,false
2026-04-17T14:33:17.577106,0.918371,-0.100192,-0.441941,115.321,SE,1,0.923820,1,0.923820,1.682510,2.407317,1.311961,0.854730,7.716512,5.374983,0.336872,-0.958150,0.830486,1.311961,-0.279165,-1.146594,-0.467312,1.269248,1.180090,-5.180000,-23.858002,-29.549002,NaN,-0.822848,true,Self-supervised model,0.245076,11.759000,19.095166,1.623877,0.000000,0.000000,1.282439,1.033652,false,false
2026-04-17T14:33:17.585184,0.918371,-0.100192,-0.433381,114.831,SE,1,0.923820,1,0.923820,1.589545,2.396606,1.101474,0.792481,7.824251,5.228937,0.263563,-0.838756,0.663528,1.101474,-0.234572,-1.091616,-0.468534,1.210857,1.116535,-5.180000,-23.858002,-29.549002,NaN,-0.814668,true,Self-supervised model,0.241528,11.767000,18.604696,1.581091,0.000000,0.000000,1.443106,0.909665,false,false
2026-04-17T14:33:17.593205,0.918371,-0.100192,-0.424915,114.346,SE,1,0.923820,1,0.923820,1.459670,2.381128,0.777829,0.608127,7.972692,4.955997,0.070465,-0.679711,0.371544,0.777829,-0.210749,-1.037860,-0.474031,1.160291,1.059041,-5.180000,-23.858002,-29.549002,NaN,-0.806582,true,Self-supervised model,0.232997,11.775000,18.119660,1.538825,0.000000,0.000000,1.876596,0.670374,false,false
2026-04-17T14:33:17.601648,0.918371,-0.100192,-0.416530,113.865,SE,1,0.923820,1,0.923820,1.312967,2.360402,0.542777,0.395043,8.125920,4.678270,-0.148991,-0.516420,0.075623,0.542777,-0.208305,-0.978606,-0.471588,1.106099,1.000530,-11.441001,-23.027000,-28.103001,NaN,-0.798516,true,Self-supervised model,0.223981,11.783000,17.639207,1.497005,0.000000,0.000000,2.418980,0.490713,false,false
2026-04-17T14:33:17.609087,0.918371,-0.100192,-0.408198,113.388,SE,1,0.923820,1,0.923820,1.190611,2.335610,0.548244,0.229843,8.209718,4.477157,-0.318202,-0.422772,-0.143464,0.548244,-0.219911,-0.920574,-0.458149,1.051531,0.946476,-11.441001,-23.027000,-28.103001,NaN,-0.790401,true,Self-supervised model,0.226199,11.791000,17.161852,1.455504,0.000000,0.000000,2.171683,0.521376,false,false
2026-04-17T14:33:17.617398,0.918371,-0.100192,-0.399907,112.913,SE,1,0.923820,1,0.923820,1.108091,2.308509,0.674858,0.117316,8.257602,4.271256,-0.432714,-0.365207,-0.367174,0.674858,-0.240070,-0.879035,-0.447764,1.015298,0.911228,-11.441001,-23.027000,-28.103001,NaN,-0.782269,true,Self-supervised model,0.234959,11.799000,16.686785,1.414254,0.000000,0.000000,1.641961,0.664690,false,false
2026-04-17T14:33:17.625218,0.918371,-0.100192,-0.391648,112.440,E,1,0.923820,1,0.923820,1.064637,2.280754,0.836502,-0.047884,8.339005,4.139575,-0.598240,-0.274380,-0.516294,0.836502,-0.272446,-0.838718,-0.433714,0.982742,0.881859,-11.441001,-23.027000,-28.103001,NaN,-0.774141,true,Self-supervised model,0.241035,11.807000,16.213582,1.373218,0.000000,0.000000,1.272725,0.851191,false,false
2026-04-17T14:33:17.632978,0.918371,-0.100192,-0.383423,111.969,E,1,0.923820,1,0.923820,1.048880,2.253479,0.966157,-0.201113,8.446744,4.086902,-0.751018,-0.156762,-0.587246,0.966157,-0.307265,-0.800844,-0.411112,0.951198,0.857767,-11.441001,-23.027000,-28.103001,NaN,-0.766052,true,Self-supervised model,0.244994,11.814000,15.742326,1.332514,0.000000,0.000000,1.085620,1.015727,false,false
2026-04-17T14:33:17.640968,0.918371,-0.100192,-0.375255,111.501,E,1,0.923820,1,0.923820,1.046985,2.227220,1.037036,-0.320823,8.571242,4.127604,-0.868562,-0.021701,-0.566192,1.037036,-0.335365,-0.751975,-0.384234,0.908610,0.823369,-11.441001,-23.027000,-28.103001,NaN,-0.758111,true,Self-supervised model,0.247055,11.822000,15.274330,1.292026,0.000000,0.000000,1.009594,1.141343,false,false
2026-04-17T14:33:17.650298,0.918371,-0.100192,-0.367136,111.035,E,1,0.923820,1,0.923820,1.046456,2.201989,1.043677,-0.430956,8.635885,4.340688,-0.973384,0.053361,-0.372744,1.043677,-0.339030,-0.722043,-0.357967,0.874315,0.797676,-11.441001,-23.027000,-28.103001,NaN,-0.750189,true,Self-supervised model,0.248809,11.832000,14.809154,1.251619,0.000000,0.000000,1.002662,1.193708,false,false
2026-04-17T14:33:17.658078,0.918371,-0.100192,-0.359024,110.571,E,1,0.923820,1,0.923820,1.039199,2.177478,1.001102,-0.454898,8.662222,4.616021,-0.990396,0.089254,-0.115562,1.001102,-0.314596,-0.702495,-0.326813,0.836227,0.769721,-11.441001,-23.027000,-28.103001,NaN,-0.742107,true,Self-supervised model,0.247237,11.840000,14.344400,1.211520,0.000000,0.000000,1.038055,1.197165,false,false
2026-04-17T14:33:17.665172,0.918371,-0.100192,-0.350929,110.107,E,1,0.923820,1,0.923820,1.029548,2.153560,0.978882,-0.442927,8.669404,4.821922,-0.970395,0.104190,0.075423,0.978882,-0.234572,-0.706771,-0.287718,0.798330,0.744681,-11.441001,-23.027000,-28.103001,NaN,-0.734077,true,Self-supervised model,0.247285,11.847000,13.880582,1.171654,0.000000,0.000000,1.051759,1.226162,false,false
2026-04-17T14:33:17.673018,0.918371,-0.100192,-0.342856,109.644,E,1,0.923820,1,0.923820,1.010750,2.129848,0.912056,-0.366313,8.719683,4.905719,-0.885506,0.159448,0.149333,0.912056,-0.172875,-0.714101,-0.263894,0.780683,0.734729,-11.441001,-23.027000,-28.103001,NaN,-0.726092,true,Self-supervised model,0.246204,11.854000,13.418020,1.131940,0.000000,0.000000,1.108210,1.168278,false,false
2026-04-17T14:33:17.680910,0.918371,-0.100192,-0.334834,109.185,E,1,0.923820,1,0.923820,0.972670,2.105561,0.772753,-0.244209,8.693346,4.850653,-0.755528,0.135059,0.089909,0.772753,-0.093462,-0.722654,-0.240681,0.767392,0.728672,-11.441001,-23.027000,-28.103001,NaN,-0.718276,true,Self-supervised model,0.243040,11.862000,12.958406,1.092430,0.000000,0.000000,1.258708,1.006985,false,false
2026-04-17T14:33:17.689086,0.918371,-0.100192,-0.326905,108.730,E,1,0.923820,1,0.923820,0.921653,2.080205,0.653816,-0.107739,8.729259,4.695030,-0.627610,0.171237,-0.065262,0.653816,-0.013439,-0.728762,-0.213192,0.759425,0.728886,-11.441001,-23.027000,-28.103001,NaN,-0.710719,true,Self-supervised model,0.240484,11.871000,12.504121,1.053333,0.000000,0.000000,1.409652,0.860936,false,false
2026-04-17T14:33:17.697329,0.918371,-0.100192,-0.319685,108.317,E,1,0.923820,1,0.923820,0.870425,2.053813,0.601476,0.033519,8.796297,4.510676,-0.496587,0.235816,-0.244062,0.601476,0.053756,-0.736704,-0.194866,0.763934,0.738662,-11.441001,-23.027000,-28.103001,NaN,-0.706330,true,Self-supervised model,0.239720,11.879000,12.090396,1.017796,0.000000,0.000000,1.447148,0.787341,false,false
2026-04-17T14:33:17.704758,0.918371,-0.100192,-0.313119,107.940,E,1,0.923820,1,0.923820,0.824493,2.026641,0.583350,0.229843,8.829816,4.328717,-0.311278,0.264665,-0.416360,0.583350,0.103847,-0.746477,-0.193644,0.778146,0.753666,-11.441001,-23.027000,-28.103001,NaN,-0.702383,true,Self-supervised model,0.239701,11.886000,11.714187,0.985545,0.000000,0.000000,1.413376,0.749667,false,false
2026-04-17T14:33:17.714100,0.918371,-0.100192,-0.307128,107.597,E,1,0.923820,1,0.923820,0.812367,2.000070,0.748708,0.332794,8.899248,4.084508,-0.204348,0.324234,-0.643178,0.748708,0.125838,-0.758695,-0.213192,0.798062,0.769060,-11.441001,-23.027000,-28.103001,NaN,-0.698696,true,Self-supervised model,0.247115,11.896000,11.370974,0.955865,0.000000,0.000000,1.085026,0.938157,false,false
2026-04-17T14:33:17.722229,0.918371,-0.100192,-0.301061,107.250,E,1,0.923820,1,0.923820,0.834653,1.975453,0.951652,0.397437,8.961497,3.842694,-0.136060,0.374774,-0.864102,0.951652,0.130114,-0.764803,-0.240681,0.812269,0.775792,-11.441001,-23.027000,-28.103001,NaN,-0.692322,true,Self-supervised model,0.251425,11.904000,11.023365,0.926022,0.000000,0.000000,0.877057,1.171596,false,false
2026-04-17T14:33:17.729402,0.918371,-0.100192,-0.294927,106.898,E,1,0.923820,1,0.923820,0.875882,1.953470,1.092337,0.416591,8.997410,3.672705,-0.112527,0.397836,-1.011070,1.092337,0.114843,-0.750753,-0.279776,0.809379,0.759486,-11.441001,-23.027000,-28.103001,NaN,-0.685917,true,Self-supervised model,0.253361,11.911000,10.671884,0.895969,0.000000,0.000000,0.801843,1.349598,false,false
2026-04-17T14:33:17.736913,0.918371,-0.100192,-0.288702,106.541,E,1,0.923820,1,0.923820,0.923211,1.934260,1.171688,0.466869,8.985439,3.550601,-0.056249,0.372613,-1.109437,1.171688,0.083689,-0.735482,-0.319483,0.806230,0.740228,-11.441001,-23.027000,-28.103001,NaN,-0.679333,true,Self-supervised model,0.254537,11.918000,10.315251,0.865519,0.000000,0.000000,0.787932,1.453294,false,false
2026-04-17T14:33:17.747707,0.918371,-0.100192,-0.282339,106.177,E,1,0.923820,1,0.923820,0.958850,1.917243,1.145951,0.459687,8.968679,3.545813,-0.055300,0.343327,-1.091912,1.145951,0.029322,-0.721432,-0.366519,0.809728,0.722027,-11.441001,-23.027000,-28.103001,NaN,-0.672413,true,Self-supervised model,0.255299,11.929000,9.950644,0.834156,0.000000,0.000000,0.836729,1.415228,false,false
2026-04-17T14:33:17.753530,0.918371,-0.100192,-0.275756,105.800,E,1,0.923820,1,0.923820,0.971189,1.901401,1.035969,0.407014,8.947132,3.634398,-0.097911,0.310538,-0.983469,1.035969,-0.029322,-0.703106,-0.401949,0.810420,0.703717,-11.441001,-23.027000,-28.103001,NaN,-0.664953,true,Self-supervised model,0.250434,11.935000,9.573470,0.802134,0.000000,0.000000,0.937469,1.278311,false,false
2026-04-17T14:33:17.764942,0.918371,-0.100192,-0.268894,105.406,E,1,0.923820,1,0.923820,0.947851,1.885259,0.825326,0.397437,8.865729,3.811569,-0.095848,0.219646,-0.789767,0.825326,-0.081245,-0.679282,-0.423330,0.804508,0.684124,-13.424001,-24.609001,-26.027000,NaN,-0.656973,true,Self-supervised model,0.249123,11.946000,9.180289,0.768482,0.000000,0.000000,1.148456,1.025877,false,false
2026-04-17T14:33:17.769057,0.918371,-0.100192,-0.261741,104.997,E,1,0.923820,1,0.923820,0.885517,1.867269,0.558268,0.385466,8.825027,4.065354,-0.095252,0.171211,-0.522758,0.558268,-0.112399,-0.662178,-0.435547,0.800509,0.671650,-13.424001,-24.609001,-26.027000,NaN,-0.648660,true,Self-supervised model,0.235284,11.950000,8.770480,0.733931,0.000000,0.000000,1.586188,0.697391,false,false
2026-04-17T14:33:17.776982,0.918371,-0.100192,-0.254320,104.571,E,1,0.923820,1,0.923820,0.795314,1.846391,0.321747,0.313640,8.836999,4.357447,-0.153519,0.177046,-0.220472,0.321747,-0.133169,-0.632856,-0.436769,0.780390,0.646716,-13.424001,-24.609001,-26.027000,NaN,-0.640164,true,Self-supervised model,0.224357,11.958000,8.345281,0.697883,0.000000,0.000000,2.471861,0.412290,false,false
2026-04-17T14:33:17.785299,0.918371,-0.100192,-0.246660,104.133,E,1,0.923820,1,0.923820,0.703376,1.822671,0.220702,0.342371,8.832211,4.661511,-0.111050,0.167433,0.091343,0.220702,-0.128282,-0.594372,-0.422719,0.740557,0.608058,-13.424001,-24.609001,-26.027000,NaN,-0.631546,true,Self-supervised model,0.216203,11.967000,7.906368,0.660681,0.000000,0.000000,3.186996,0.298021,false,false
2026-04-17T14:33:17.792981,0.918371,-0.100192,-0.238846,103.685,E,1,0.923820,1,0.923820,0.654221,1.797933,0.396158,0.428562,8.851364,4.915296,-0.011576,0.182614,0.351368,0.396158,-0.100182,-0.558331,-0.409891,0.699843,0.567248,-13.424001,-24.609001,-26.027000,NaN,-0.623119,true,Self-supervised model,0.235691,11.974000,7.458664,0.622905,0.000000,0.000000,1.651414,0.566068,false,false
2026-04-17T14:33:17.800664,0.918371,-0.100192,-0.230983,103.234,E,1,0.923820,1,0.923820,0.641043,1.773657,0.571855,0.435745,8.904037,5.082890,0.007437,0.232999,0.522182,0.571855,-0.064141,-0.524733,-0.400728,0.663356,0.528639,-13.424001,-24.609001,-26.027000,NaN,-0.615063,true,Self-supervised model,0.245602,11.982000,7.008187,0.584893,0.000000,0.000000,1.120989,0.862063,false,false
2026-04-17T14:33:17.808793,0.918371,-0.100192,-0.223184,102.788,E,1,0.923820,1,0.923820,0.657594,1.751015,0.744488,0.375890,9.030929,5.209783,-0.041275,0.358134,0.651382,0.744488,-0.008552,-0.474642,-0.389732,0.614206,0.474719,-13.424001,-24.609001,-26.027000,NaN,-0.607515,true,Self-supervised model,0.251903,11.990000,6.561317,0.547232,0.000000,0.000000,0.883283,1.212114,false,false
2026-04-17T14:33:17.817824,0.918371,-0.100192,-0.215529,102.349,E,1,0.923820,1,0.923820,0.697432,1.730871,0.906582,0.241814,9.169792,5.295974,-0.164034,0.494002,0.742257,0.906582,0.059254,-0.425773,-0.378126,0.572514,0.429876,-13.424001,-24.609001,-26.027000,NaN,-0.600436,true,Self-supervised model,0.256045,11.999000,6.122696,0.510267,0.000000,0.000000,0.769298,1.583510,false,false
2026-04-17T14:33:17.825029,0.918371,-0.100192,-0.208077,101.922,E,1,0.923820,1,0.923820,0.751010,1.713677,1.032293,0.100556,9.284714,5.329493,-0.293106,0.603948,0.784196,1.032293,0.128893,-0.386067,-0.366519,0.547720,0.407015,-13.424001,-24.609001,-26.027000,NaN,-0.593799,true,Self-supervised model,0.257241,12.006000,5.695750,0.474409,0.000000,0.000000,0.727516,1.884709,false,false
2026-04-17T14:33:17.833839,0.918371,-0.100192,-0.200838,101.507,E,1,0.923820,1,0.923820,0.818365,1.699864,1.171978,-0.069432,9.473856,5.276821,-0.449918,0.786133,0.743708,1.171978,0.189979,-0.354913,-0.353080,0.535463,0.402561,-13.424001,-24.609001,-26.027000,NaN,-0.587411,true,Self-supervised model,0.259924,12.015000,5.280990,0.439533,0.000000,0.000000,0.698276,2.188719,false,false
2026-04-17T14:33:17.841630,0.918371,-0.100192,-0.193805,101.104,E,1,0.923820,1,0.923820,0.883861,1.689224,1.227716,-0.196325,9.588778,5.145139,-0.562972,0.892073,0.628137,1.227716,0.252898,-0.316428,-0.326202,0.520089,0.405073,-13.424001,-24.609001,-26.027000,NaN,-0.581200,true,Self-supervised model,0.260217,12.023000,4.878009,0.405723,0.000000,0.000000,0.719923,2.360591,false,false
2026-04-17T14:33:17.849626,0.918371,-0.100192,-0.186992,100.714,E,1,0.923820,1,0.923820,0.928144,1.680781,1.160631,-0.260968,9.536105,5.030218,-0.613601,0.828741,0.532679,1.160631,0.305433,-0.278555,-0.291383,0.505753,0.413378,-13.424001,-24.609001,-26.027000,NaN,-0.575267,true,Self-supervised model,0.259341,12.031000,4.487641,0.373006,0.000000,0.000000,0.799689,2.294859,false,false
2026-04-17T14:33:17.857618,0.918371,-0.100192,-0.180432,100.338,E,1,0.923820,1,0.923820,0.940158,1.673156,1.003234,-0.220267,9.416395,4.929661,-0.560434,0.697033,0.454463,1.003234,0.346971,-0.264505,-0.243735,0.499759,0.436293,-13.424001,-24.609001,-26.027000,NaN,-0.569723,true,Self-supervised model,0.256649,12.039000,4.111812,0.341541,0.000000,0.000000,0.937128,2.007436,false,false
2026-04-17T14:33:17.864827,0.918371,-0.100192,-0.174207,99.981,E,1,0.923820,1,0.923820,0.916223,1.664879,0.790562,-0.081403,9.313444,4.793192,-0.412184,0.581149,0.342575,0.790562,0.373850,-0.274278,-0.200364,0.505112,0.463672,-13.424001,-24.609001,-26.027000,NaN,-0.564837,true,Self-supervised model,0.251829,12.046000,3.755160,0.311735,0.000000,0.000000,1.158952,1.565123,false,false
2026-04-17T14:33:17.873501,0.918371,-0.100192,-0.168404,99.649,E,1,0.923820,1,0.923820,0.874163,1.655250,0.653346,0.076614,9.323022,4.601655,-0.249331,0.577404,0.176916,0.653346,0.387289,-0.299935,-0.142942,0.510280,0.489850,-13.424001,-24.609001,-26.027000,NaN,-0.560719,true,Self-supervised model,0.248452,12.055000,3.422653,0.283920,0.000000,0.000000,1.337978,1.280367,false,false
2026-04-17T14:33:17.881163,0.918371,-0.100192,-0.163134,99.347,E,1,0.923820,1,0.923820,0.836287,1.644492,0.637442,0.287304,9.392453,4.460398,-0.038624,0.633166,0.062778,0.637442,0.390343,-0.324369,-0.099571,0.517202,0.507526,-13.424001,-24.609001,-26.027000,NaN,-0.557582,true,Self-supervised model,0.248349,12.063000,3.120693,0.258700,0.000000,0.000000,1.311943,1.232483,false,false
2026-04-17T14:33:17.890159,0.918371,-0.100192,-0.158483,99.080,E,1,0.923820,1,0.923820,0.817698,1.633420,0.720103,0.591368,9.433155,4.252102,0.261576,0.660402,-0.118304,0.720103,0.375682,-0.354913,-0.087354,0.524148,0.516817,-13.424001,-24.609001,-26.027000,NaN,-0.555409,true,Self-supervised model,0.252355,12.072000,2.854230,0.236434,0.000000,0.000000,1.135529,1.373856,false,false
2026-04-17T14:33:17.897192,0.918371,-0.100192,-0.154470,98.850,E,1,0.923820,1,0.923820,0.835423,1.623500,0.928480,0.902614,9.466674,4.067749,0.566614,0.681405,-0.276968,0.928480,0.339030,-0.392786,-0.098349,0.528105,0.518867,-13.424001,-24.609001,-26.027000,NaN,-0.553946,true,Self-supervised model,0.257673,12.079000,2.624291,0.217261,0.000000,0.000000,0.899775,1.758135,false,false
2026-04-17T14:33:17.905188,0.918371,-0.100192,-0.151005,98.652,E,1,0.923820,1,0.923820,0.875403,1.615576,1.085296,1.139640,9.457097,3.998317,0.797132,0.661227,-0.324386,1.085296,0.266948,-0.459982,-0.135612,0.548849,0.531831,-13.424001,-24.609001,-26.027000,NaN,-0.552676,true,Self-supervised model,0.260644,12.087000,2.425794,0.200694,0.000000,0.000000,0.806603,1.977405,false,false
2026-04-17T14:33:17.914996,0.918371,-0.100192,-0.147881,98.473,E,1,0.923820,1,0.923820,0.918467,1.609692,1.144554,1.228225,9.483433,4.031836,0.879397,0.679465,-0.273846,1.144554,0.180816,-0.521068,-0.185703,0.581972,0.551549,-13.424001,-24.609001,-26.027000,NaN,-0.550911,true,Self-supervised model,0.261889,12.096000,2.246765,0.185744,0.000000,0.000000,0.802467,1.966680,false,false
2026-04-17T14:33:17.922073,0.918371,-0.100192,-0.144877,98.301,E,1,0.923820,1,0.923820,0.961162,1.605751,1.185310,1.165976,9.670180,4.225766,0.812234,0.860589,-0.067992,1.185310,0.095906,-0.538172,-0.237016,0.595822,0.546651,-16.962000,-24.296001,-25.418001,NaN,-0.548392,true,Self-supervised model,0.262013,12.104000,2.074675,0.171404,0.000000,0.000000,0.810895,1.989370,false,false
2026-04-17T14:33:17.930668,0.918371,-0.100192,-0.141803,98.125,E,1,0.923820,1,0.923820,1.018454,1.604259,1.319241,0.955287,9.964667,4.510676,0.602642,1.152231,0.222670,1.319241,0.037874,-0.514349,-0.295659,0.594477,0.515741,-16.962000,-24.296001,-25.418001,NaN,-0.545035,true,Self-supervised model,0.264196,12.112000,1.898541,0.156749,0.000000,0.000000,0.772001,2.219162,false,false
2026-04-17T14:33:17.937072,0.918371,-0.100192,-0.138372,97.928,E,1,0.923820,1,0.923820,1.087771,1.605599,1.451682,0.603339,10.115502,4.874595,0.257202,1.301925,0.588405,1.451682,-0.007941,-0.450208,-0.343917,0.566594,0.450278,-16.962000,-24.296001,-25.418001,NaN,-0.540178,true,Self-supervised model,0.265458,12.119000,1.701972,0.140438,0.000000,0.000000,0.749318,2.562120,false,false
2026-04-17T14:33:17.947821,0.918371,-0.100192,-0.134452,97.704,E,1,0.923820,1,0.923820,1.172039,1.610257,1.614449,0.270545,10.156203,5.181053,-0.064677,1.342234,0.894802,1.614449,-0.021380,-0.370184,-0.366519,0.521373,0.370801,-16.962000,-24.296001,-25.418001,NaN,-0.534297,true,Self-supervised model,0.268823,12.129000,1.477332,0.121802,0.000000,0.000000,0.725969,3.096533,false,false
2026-04-17T14:33:17.953354,0.918371,-0.100192,-0.130027,97.450,E,1,0.923820,1,0.923820,1.261824,1.618319,1.733191,-0.102951,10.122684,5.341464,-0.423266,1.308141,1.055255,1.733191,-0.002443,-0.285274,-0.362243,0.461094,0.285285,-16.962000,-24.296001,-25.418001,NaN,-0.527857,true,Self-supervised model,0.268870,12.135000,1.223821,0.100850,0.000000,0.000000,0.728035,3.758870,false,false
2026-04-17T14:33:17.963167,0.918371,-0.100192,-0.125152,97.171,E,1,0.923820,1,0.923820,1.340366,1.629201,1.752716,-0.493206,10.115502,5.149928,-0.796430,1.299529,0.865411,1.752716,0.026267,-0.162490,-0.328035,0.367015,0.164600,-16.962000,-24.296001,-25.418001,NaN,-0.521179,true,Self-supervised model,0.272182,12.145000,0.944485,0.077767,0.000000,0.000000,0.764737,4.775603,false,false
2026-04-17T14:33:17.968677,0.918371,-0.100192,-0.120014,96.876,E,1,0.923820,1,0.923820,1.402306,1.642126,1.727491,-0.675165,10.182540,4.728549,-0.960517,1.364398,0.447270,1.727491,0.046426,-0.031154,-0.271224,0.276927,0.055910,-16.962000,-24.296001,-25.418001,NaN,-0.514992,true,Self-supervised model,0.271576,12.150000,0.650113,0.053507,0.000000,0.000000,0.811759,6.238077,false,false
2026-04-17T14:33:17.976568,0.918371,-0.100192,-0.114855,96.581,E,1,0.923820,1,0.923820,1.454625,1.656626,1.729298,-0.691924,10.254366,4.390966,-0.959476,1.434301,0.112499,1.729298,0.032376,0.057421,-0.218690,0.228409,0.065920,-16.962000,-24.296001,-25.418001,NaN,-0.509747,true,Self-supervised model,0.274040,12.158000,0.354513,0.029159,0.000000,0.000000,0.841165,7.571062,false,false
2026-04-17T14:33:17.984893,0.918371,-0.100192,-0.109868,96.295,E,1,0.923820,1,0.923820,1.487386,1.671856,1.659382,-0.617704,10.211270,4.022259,-0.868663,1.390518,-0.255795,1.659382,-0.010996,0.058643,-0.197920,0.206718,0.059665,-16.962000,-24.296001,-25.418001,NaN,-0.505448,true,Self-supervised model,0.274175,12.166000,0.068775,0.005653,0.000000,0.000000,0.896350,8.027268,false,false
2026-04-17T14:33:17.992942,0.918371,-0.100192,-0.105134,96.024,E,1,0.923820,1,0.923820,1.489159,1.686548,1.498470,-0.565032,9.976639,3.770868,-0.801594,1.157860,-0.512073,1.498470,-0.107512,-0.028100,-0.201586,0.230185,0.111124,-16.962000,-24.296001,-25.418001,NaN,-0.501729,true,Self-supervised model,0.270730,12.174000,0.202436,0.016629,0.000000,0.000000,0.993787,6.509844,false,false
2026-04-17T14:33:18.000910,0.918371,-0.100192,-0.100606,95.764,E,1,0.923820,1,0.923820,1.486981,1.700565,1.475544,-0.646434,9.801862,3.636792,-0.873060,0.989597,-0.660070,1.475544,-0.259007,-0.208305,-0.212581,0.394546,0.332379,-16.962000,-24.296001,-25.418001,NaN,-0.498023,true,Self-supervised model,0.266714,12.182000,0.461868,0.037914,0.000000,0.000000,1.007751,3.739855,false,false
2026-04-17T14:33:18.008485,0.918371,-0.100192,-0.096183,95.511,E,1,0.923820,1,0.923820,1.468043,1.713265,1.368622,-0.708684,9.691729,3.864242,-0.931710,0.891788,-0.457992,1.368622,-0.444710,-0.445932,-0.228464,0.669938,0.629779,-16.962000,-24.296001,-25.418001,NaN,-0.494021,true,Self-supervised model,0.261980,12.190000,0.715280,0.058678,0.000000,0.000000,1.072644,2.042906,false,false
2026-04-17T14:33:18.016987,0.918371,-0.100192,-0.091769,95.258,E,1,0.923820,1,0.923820,1.444680,1.724521,1.322020,-0.811634,9.564836,4.596867,-1.038204,0.783109,0.237931,1.322020,-0.590096,-0.657291,-0.235183,0.914087,0.883315,-16.962000,-24.296001,-25.418001,NaN,-0.489638,true,Self-supervised model,0.259544,12.198000,0.968226,0.079376,0.000000,0.000000,1.092782,1.446273,false,false
2026-04-17T14:33:18.025045,0.918371,-0.100192,-0.087290,95.001,E,1,0.923820,1,0.923820,1.484917,1.736937,1.696162,-0.823605,9.296685,5.612009,-1.062491,0.537912,1.207778,1.696162,-0.693943,-0.850324,-0.209527,1.117367,1.097547,-16.962000,-24.296001,-25.418001,NaN,-0.484902,true,Self-supervised model,0.263281,12.206000,1.224857,0.100349,0.000000,0.000000,0.875457,1.517998,false,false
2026-04-17T14:33:18.032992,0.918371,-0.100192,-0.082792,94.744,E,1,0.923820,1,0.923820,1.617971,1.754178,2.316503,-0.802058,8.939949,6.500257,-1.061072,0.205602,2.048912,2.316503,-0.689056,-0.944398,-0.157603,1.179629,1.169053,-16.962000,-24.296001,-25.418001,NaN,-0.480332,true,Self-supervised model,0.268567,12.214000,1.482526,0.121379,0.000000,0.000000,0.698454,1.963756,false,false
2026-04-17T14:33:18.040865,0.918371,-0.100192,-0.078426,94.493,E,1,0.923820,1,0.923820,1.827491,1.779111,2.927473,-0.699107,8.633492,7.249643,-0.983922,-0.078395,2.756057,2.927473,-0.591928,-0.945619,-0.089186,1.119165,1.115605,-16.962000,-24.296001,-25.418001,NaN,-0.476487,true,Self-supervised model,0.274143,12.222000,1.732724,0.141771,0.000000,0.000000,0.624255,2.615766,false,false
2026-04-17T14:33:18.049117,0.918371,-0.100192,-0.074389,94.262,E,1,0.923820,1,0.923820,2.099717,1.813935,3.528907,-0.756568,8.355764,7.872135,-1.071154,-0.337911,3.345389,3.528907,-0.452651,-0.887587,-0.016493,0.996482,0.996345,-16.962000,-24.296001,-25.418001,NaN,-0.473769,true,Self-supervised model,0.280608,12.231000,1.964033,0.160578,0.000000,0.000000,0.595005,3.541366,false,false
2026-04-17T14:33:18.058412,0.918371,-0.100192,-0.070885,94.061,E,1,0.923820,1,0.923820,2.389890,1.858973,3.913297,-0.617704,8.001422,8.276755,-0.965517,-0.680901,3.730690,3.913297,-0.222966,-0.774577,0.087965,0.810815,0.806029,-16.962000,-24.296001,-25.418001,NaN,-0.472399,true,Self-supervised model,0.286763,12.240000,2.164773,0.176861,0.000000,0.000000,0.610710,4.826374,false,false
2026-04-17T14:33:18.065090,0.918371,-0.100192,-0.068175,93.906,E,1,0.923820,1,0.923820,2.616724,1.911283,3.807601,-0.509965,7.766790,8.135497,-0.892559,-0.912886,3.587173,3.807601,0.051924,-0.572992,0.200364,0.609230,0.575339,-16.962000,-24.296001,-25.418001,NaN,-0.472863,true,Self-supervised model,0.289712,12.247000,2.320049,0.189438,0.000000,0.000000,0.687237,6.249859,false,false
2026-04-17T14:33:18.072928,0.918371,-0.100192,-0.066521,93.811,E,1,0.923820,1,0.923820,2.724850,1.965826,3.292510,-0.414197,7.608773,7.529764,-0.829257,-1.078269,2.998381,3.292510,0.336587,-0.263283,0.302989,0.523842,0.427327,-16.962000,-24.296001,-25.418001,NaN,-0.475436,true,Self-supervised model,0.289023,12.254000,2.414788,0.197061,0.000000,0.000000,0.827590,6.285305,false,false
2026-04-17T14:33:18.081763,0.918371,-0.100192,-0.066167,93.791,E,1,0.923820,1,0.923820,2.664760,2.015783,2.349289,-0.371101,7.654263,6.438008,-0.812931,-1.048240,1.938941,2.349289,0.542448,0.037874,0.376904,0.661620,0.543769,-16.899000,-26.398001,-24.640001,NaN,-0.480279,true,Self-supervised model,0.278698,12.263000,2.435084,0.198572,0.000000,0.000000,1.134284,3.550812,false,false
2026-04-17T14:33:18.089845,0.918371,-0.100192,-0.067228,93.852,E,1,0.923820,1,0.923820,2.460675,2.055579,1.389231,-0.308852,7.922413,5.291186,-0.770112,-0.800683,0.834145,1.389231,0.691499,0.337198,0.441656,0.887093,0.769333,-16.899000,-26.398001,-24.640001,NaN,-0.487002,true,Self-supervised model,0.259781,12.271000,2.374278,0.193487,0.000000,0.000000,1.771249,1.566050,false,false
2026-04-17T14:33:18.096776,0.918371,-0.100192,-0.069704,93.994,E,1,0.923820,1,0.923820,2.209418,2.083733,0.890317,-0.148441,8.111555,4.465186,-0.623231,-0.633592,0.053001,0.890317,0.733649,0.507629,0.469755,1.008265,0.892148,-16.899000,-26.398001,-24.640001,NaN,-0.495136,true,Self-supervised model,0.242686,12.278000,2.232425,0.181823,0.000000,0.000000,2.481608,0.883019,false,false
2026-04-17T14:33:18.104556,0.918371,-0.100192,-0.073445,94.208,E,1,0.923820,1,0.923820,2.006278,2.102634,0.939795,0.122104,8.243237,3.677494,-0.361739,-0.522738,-0.692175,0.939795,0.695165,0.566883,0.447764,1.002548,0.897001,-16.899000,-26.398001,-24.640001,NaN,-0.503939,true,Self-supervised model,0.245235,12.286000,2.018072,0.164258,0.000000,0.000000,2.134804,0.937407,false,false
2026-04-17T14:33:18.113026,0.918371,-0.100192,-0.078157,94.478,E,1,0.923820,1,0.923820,1.903884,2.116684,1.366312,0.428562,8.221688,3.088520,-0.060397,-0.562599,-1.243641,1.366312,0.627969,0.551611,0.396452,0.925092,0.835835,-16.899000,-26.398001,-24.640001,NaN,-0.512531,true,Self-supervised model,0.257601,12.294000,1.748126,0.142193,0.000000,0.000000,1.393447,1.476948,false,false
2026-04-17T14:33:18.121484,0.918371,-0.100192,-0.083455,94.782,E,1,0.923820,1,0.923820,1.872885,2.128932,1.710139,0.687136,8.207323,2.707842,0.196152,-0.592656,-1.592124,1.710139,0.529009,0.465479,0.307876,0.768967,0.704643,-16.899000,-26.398001,-24.640001,NaN,-0.520178,true,Self-supervised model,0.264272,12.303000,1.444538,0.117413,0.000000,0.000000,1.095165,2.223945,false,false
2026-04-17T14:33:18.130171,0.918371,-0.100192,-0.088932,95.095,E,1,0.923820,1,0.923820,1.876688,2.140843,1.896655,0.778116,8.238448,2.487576,0.286068,-0.574988,-1.784616,1.896655,0.414777,0.313374,0.200364,0.557126,0.519850,-16.899000,-26.398001,-24.640001,NaN,-0.526365,true,Self-supervised model,0.268532,12.312000,1.130777,0.091843,0.000000,0.000000,0.989472,3.404357,false,false
2026-04-17T14:33:18.136869,0.918371,-0.100192,-0.094237,95.399,E,1,0.923820,1,0.923820,1.901269,2.153260,2.030318,0.799663,8.233660,2.331953,0.306708,-0.590362,-1.918227,2.030318,0.298713,0.138666,0.103847,0.345315,0.329329,-16.899000,-26.398001,-24.640001,NaN,-0.530988,true,Self-supervised model,0.272118,12.318000,0.826793,0.067121,0.000000,0.000000,0.936439,5.879619,false,false
2026-04-17T14:33:18.146606,0.918371,-0.100192,-0.099049,95.675,E,1,0.923820,1,0.923820,1.918926,2.165886,2.011629,0.715866,8.137892,2.360683,0.221168,-0.692712,-1.875603,2.011629,0.148440,-0.108123,-0.009774,0.183904,0.183644,-16.899000,-26.398001,-24.640001,NaN,-0.533825,true,Self-supervised model,0.278127,12.328000,0.551092,0.044703,0.000000,0.000000,0.953917,10.938477,false,false
2026-04-17T14:33:18.152947,0.918371,-0.100192,-0.103036,95.904,E,1,0.923820,1,0.923820,1.913425,2.177788,1.884540,0.574608,8.025364,2.530671,0.076029,-0.807108,-1.701261,1.884540,-0.017104,-0.379347,-0.107512,0.394659,0.379733,-16.899000,-26.398001,-24.640001,NaN,-0.534514,true,Self-supervised model,0.270358,12.334000,0.322636,0.026158,0.000000,0.000000,1.015327,4.775109,false,false
2026-04-17T14:33:18.163540,0.918371,-0.100192,-0.105952,96.071,E,1,0.923820,1,0.923820,1.872406,2.187573,1.657061,0.356736,7.908048,2.868254,-0.148559,-0.921366,-1.369257,1.657061,-0.175318,-0.622472,-0.177762,0.670676,0.646690,-16.899000,-26.398001,-24.640001,NaN,-0.533142,true,Self-supervised model,0.265697,12.345000,0.155598,0.012604,0.000000,0.000000,1.129956,2.470731,false,false
2026-04-17T14:33:18.169139,0.918371,-0.100192,-0.107659,96.168,E,1,0.923820,1,0.923820,1.801463,2.194128,1.429010,0.119710,7.721301,3.430891,-0.395709,-1.100535,-0.821163,1.429010,-0.295659,-0.783740,-0.212581,0.864207,0.837653,-16.899000,-26.398001,-24.640001,NaN,-0.530018,true,Self-supervised model,0.260168,12.351000,0.057767,0.004677,0.000000,0.000000,1.260637,1.653552,false,false
2026-04-17T14:33:18.176990,0.918371,-0.100192,-0.108170,96.198,E,1,0.923820,1,0.923820,1.736947,2.197841,1.398236,-0.069432,7.560889,4.086902,-0.598644,-1.249743,-0.186630,1.398236,-0.384234,-0.897972,-0.218690,1.000907,0.976724,-16.899000,-26.398001,-24.640001,NaN,-0.525741,true,Self-supervised model,0.259931,12.358000,0.028504,0.002307,0.000000,0.000000,1.242242,1.396969,false,false
2026-04-17T14:33:18.185462,0.918371,-0.100192,-0.107616,96.166,E,1,0.923820,1,0.923820,1.714378,2.200502,1.595891,-0.203507,7.419631,4.594473,-0.749400,-1.377641,0.295588,1.595891,-0.425162,-0.913854,-0.194866,1.026580,1.007915,-16.899000,-26.398001,-24.640001,NaN,-0.520928,true,Self-supervised model,0.263015,12.367000,0.060251,0.004872,0.000000,0.000000,1.074245,1.554571,false,false
2026-04-17T14:33:18.193348,0.918371,-0.100192,-0.106234,96.087,E,1,0.923820,1,0.923820,1.728402,2.203618,1.802028,-0.260968,7.311892,4.958392,-0.825024,-1.471489,0.633530,1.802028,-0.419664,-0.846659,-0.152716,0.957221,0.944960,-16.899000,-26.398001,-24.640001,NaN,-0.516234,true,Self-supervised model,0.265685,12.375000,0.139437,0.011268,0.000000,0.000000,0.959142,1.882562,false,false
2026-04-17T14:33:18.201037,0.918371,-0.100192,-0.104314,95.977,E,1,0.923820,1,0.923820,1.756804,2.207746,1.905914,-0.201113,7.223307,5.142745,-0.782969,-1.546393,0.792550,1.905914,-0.397062,-0.734260,-0.105069,0.841330,0.834743,-16.899000,-26.398001,-24.640001,NaN,-0.512162,true,Self-supervised model,0.267480,12.382000,0.249445,0.020146,0.000000,0.000000,0.921764,2.265359,false,false
2026-04-17T14:33:18.209321,0.918371,-0.100192,-0.102119,95.851,E,1,0.923820,1,0.923820,1.777477,2.212535,1.886011,-0.153229,7.216124,5.159505,-0.752478,-1.540634,0.785661,1.886011,-0.370184,-0.567494,-0.039706,0.678721,0.677559,-16.899000,-26.398001,-24.640001,NaN,-0.508866,true,Self-supervised model,0.268633,12.391000,0.375223,0.030282,0.000000,0.000000,0.942453,2.778772,false,false
2026-04-17T14:33:18.217304,0.918371,-0.100192,-0.099951,95.727,E,1,0.923820,1,0.923820,1.766423,2.216691,1.708389,-0.014365,7.304709,5.068525,-0.629412,-1.439305,0.671443,1.708389,-0.359800,-0.378126,0.025656,0.522583,0.521953,-16.899000,-26.398001,-24.640001,NaN,-0.506809,true,Self-supervised model,0.267652,12.399000,0.499418,0.040279,0.000000,0.000000,1.033970,3.269126,false,false
2026-04-17T14:33:18.225242,0.918371,-0.100192,-0.098035,95.617,E,1,0.923820,1,0.923820,1.725461,2.219041,1.510410,0.198719,7.414843,5.025429,-0.429752,-1.315962,0.604065,1.510410,-0.368963,-0.196088,0.081245,0.425658,0.417832,-16.899000,-26.398001,-24.640001,NaN,-0.505900,true,Self-supervised model,0.265893,12.407000,0.609186,0.049100,0.000000,0.000000,1.142379,3.548413,false,false
2026-04-17T14:33:18.233446,0.918371,-0.100192,-0.096527,95.531,E,1,0.923820,1,0.923820,1.644082,2.218043,1.216843,0.519542,7.627927,4.977545,-0.119644,-1.088798,0.530012,1.216843,-0.385456,-0.073915,0.107512,0.406938,0.392479,-16.899000,-26.398001,-24.640001,NaN,-0.506021,true,Self-supervised model,0.260977,12.415000,0.695619,0.056031,0.000000,0.000000,1.351104,2.990242,false,false
2026-04-17T14:33:18.241206,0.918371,-0.100192,-0.095460,95.469,E,1,0.923820,1,0.923820,1.536104,2.212765,0.969221,0.799663,7.893683,4.989516,0.153062,-0.807784,0.513270,0.969221,-0.415999,0.018937,0.103236,0.429036,0.416430,-16.899000,-26.398001,-24.640001,NaN,-0.506721,true,Self-supervised model,0.254961,12.423000,0.756746,0.060915,0.000000,0.000000,1.584886,2.259067,false,false
2026-04-17T14:33:18.250253,0.918371,-0.100192,-0.094752,95.429,E,1,0.923820,1,0.923820,1.414438,2.202832,0.775692,0.912191,8.192958,5.046977,0.262228,-0.492021,0.539305,0.775692,-0.444710,0.062308,0.065363,0.453786,0.449054,-18.682001,-25.565001,-23.579000,NaN,-0.507449,true,Self-supervised model,0.249267,12.432000,0.797301,0.064133,0.000000,0.000000,1.823454,1.709379,false,false
2026-04-17T14:33:18.258016,0.918371,-0.100192,-0.094223,95.399,E,1,0.923820,1,0.923820,1.310854,2.189153,0.767040,0.854730,8.403648,5.231331,0.205468,-0.263965,0.690258,0.767040,-0.457538,0.058032,0.011606,0.461350,0.461204,-18.682001,-25.565001,-23.579000,NaN,-0.507637,true,Self-supervised model,0.249922,12.439000,0.827598,0.066532,0.000000,0.000000,1.708978,1.662600,false,false
2026-04-17T14:33:18.264874,0.918371,-0.100192,-0.093657,95.366,E,1,0.923820,1,0.923820,1.244268,2.173358,0.894689,0.706290,8.504205,5.463568,0.063506,-0.142054,0.881054,0.894689,-0.445321,0.025656,-0.030543,0.447104,0.446059,-18.682001,-25.565001,-23.579000,NaN,-0.506922,true,Self-supervised model,0.254931,12.446000,0.860019,0.069100,0.000000,0.000000,1.390727,2.001077,false,false
2026-04-17T14:33:18.273158,0.918371,-0.100192,-0.092733,95.313,E,1,0.923820,1,0.923820,1.214603,2.157008,1.058861,0.495600,8.470686,5.662287,-0.138978,-0.154088,1.038330,1.058861,-0.390954,-0.025045,-0.065973,0.397271,0.391755,-18.682001,-25.565001,-23.579000,NaN,-0.504563,true,Self-supervised model,0.259740,12.455000,0.912991,0.073303,0.000000,0.000000,1.147084,2.665335,false,false
2026-04-17T14:33:18.281214,0.918371,-0.100192,-0.091374,95.235,E,1,0.923820,1,0.923820,1.208918,2.141084,1.179070,0.280122,8.432379,5.777209,-0.345559,-0.171945,1.114105,1.179070,-0.304822,-0.075136,-0.072693,0.322252,0.313946,-18.682001,-25.565001,-23.579000,NaN,-0.501469,true,Self-supervised model,0.262900,12.463000,0.990829,0.079502,0.000000,0.000000,1.025315,3.658849,false,false
2026-04-17T14:33:18.289407,0.918371,-0.100192,-0.089592,95.133,E,1,0.923820,1,0.923820,1.209907,2.125837,1.215103,0.011971,8.394072,5.734113,-0.604684,-0.192015,1.036322,1.215103,-0.200364,-0.114232,-0.052534,0.236547,0.230639,-18.682001,-25.565001,-23.579000,NaN,-0.497990,true,Self-supervised model,0.264801,12.471000,1.092961,0.087640,0.000000,0.000000,0.995724,5.136838,false,false
2026-04-17T14:33:18.296855,0.918371,-0.100192,-0.087450,95.010,E,1,0.923820,1,0.923820,1.200451,2.110822,1.150806,-0.196325,8.396465,5.504270,-0.813241,-0.182504,0.793527,1.150806,-0.108734,-0.131336,-0.020159,0.171693,0.170506,-18.682001,-25.565001,-23.579000,NaN,-0.494410,true,Self-supervised model,0.264852,12.478000,1.215692,0.097427,0.000000,0.000000,1.043139,6.702683,false,false
2026-04-17T14:33:18.304969,0.918371,-0.100192,-0.085466,94.897,E,1,0.923820,1,0.923820,1.166308,2.095041,0.987057,-0.241814,8.403648,5.166687,-0.861791,-0.171617,0.449605,0.987057,-0.015272,-0.130114,0.028711,0.134117,0.131007,-18.682001,-25.565001,-23.579000,NaN,-0.493059,true,Self-supervised model,0.262701,12.486000,1.329358,0.106468,0.000000,0.000000,1.181601,7.359694,false,false
2026-04-17T14:33:18.313083,0.918371,-0.100192,-0.083779,94.800,E,1,0.923820,1,0.923820,1.114717,2.077828,0.843865,-0.189142,8.391677,4.843470,-0.814312,-0.182561,0.125207,0.843865,0.047037,-0.121562,0.067195,0.146646,0.130345,-18.682001,-25.565001,-23.579000,NaN,-0.492563,true,Self-supervised model,0.258549,12.495000,1.425976,0.114124,0.000000,0.000000,1.320966,5.754446,false,false
2026-04-17T14:33:18.320893,0.918371,-0.100192,-0.082482,94.726,E,1,0.923820,1,0.923820,1.051299,2.058767,0.718356,-0.050278,8.456321,4.525041,-0.682232,-0.118560,-0.191151,0.718356,0.072693,-0.119730,0.089186,0.166053,0.140069,-18.682001,-25.565001,-23.579000,NaN,-0.492823,true,Self-supervised model,0.254350,12.502000,1.500290,0.120004,0.000000,0.000000,1.463479,4.326064,false,false
2026-04-17T14:33:18.331123,0.918371,-0.100192,-0.081603,94.675,E,1,0.923820,1,0.923820,0.995413,2.038233,0.702011,0.093374,8.470686,4.276044,-0.532888,-0.101636,-0.445556,0.702011,0.075747,-0.122784,0.099571,0.175294,0.144269,-18.682001,-25.565001,-23.579000,NaN,-0.493613,true,Self-supervised model,0.254708,12.513000,1.550686,0.123926,0.000000,0.000000,1.417946,4.004766,false,false
2026-04-17T14:33:18.336735,0.918371,-0.100192,-0.080578,94.617,E,1,0.923820,1,0.923820,0.937375,2.016198,0.632673,0.280122,8.516175,4.194642,-0.341730,-0.055016,-0.529593,0.632673,0.060476,-0.117286,0.096517,0.163489,0.131960,-18.682001,-25.565001,-23.579000,NaN,-0.492008,true,Self-supervised model,0.252431,12.518000,1.609394,0.128566,0.000000,0.000000,1.481610,3.869808,false,false
2026-04-17T14:33:18.346007,0.918371,-0.100192,-0.079502,94.555,E,1,0.923820,1,0.923820,0.878236,1.992680,0.567756,0.442927,8.554482,4.185065,-0.175218,-0.016637,-0.539786,0.567756,0.051313,-0.097738,0.083689,0.138526,0.110389,-18.682001,-25.565001,-23.579000,NaN,-0.490728,true,Self-supervised model,0.251275,12.527000,1.671030,0.133394,0.000000,0.000000,1.546853,4.098543,false,false
2026-04-17T14:33:18.353450,0.918371,-0.100192,-0.078428,94.494,E,1,0.923820,1,0.923820,0.818024,1.967694,0.501908,0.550666,8.592790,4.225766,-0.062858,0.020485,-0.497535,0.501908,0.058032,-0.062308,0.057421,0.102700,0.085147,-18.682001,-25.565001,-23.579000,NaN,-0.489658,true,Self-supervised model,0.249753,12.535000,1.732603,0.138221,0.000000,0.000000,1.629826,4.887138,false,false
2026-04-17T14:33:18.361256,0.918371,-0.100192,-0.077358,94.432,E,1,0.923820,1,0.923820,0.768407,1.941722,0.507920,0.545878,8.638280,4.218584,-0.060957,0.063062,-0.500290,0.507920,0.078191,-0.014661,0.023213,0.082871,0.079553,-18.682001,-25.565001,-23.579000,NaN,-0.488609,true,Self-supervised model,0.252081,12.543000,1.793878,0.143018,0.000000,0.000000,1.512849,6.129063,false,false
2026-04-17T14:33:18.369284,0.918371,-0.100192,-0.076271,94.370,E,1,0.923820,1,0.923820,0.733848,1.915407,0.552415,0.531513,8.683769,4.173094,-0.066879,0.103910,-0.538417,0.552415,0.099571,0.009163,-0.017715,0.101549,0.099992,-18.682001,-25.565001,-23.579000,NaN,-0.487453,true,Self-supervised model,0.254445,12.551000,1.856150,0.147889,0.000000,0.000000,1.328436,5.439897,false,false
2026-04-17T14:33:18.376993,0.918371,-0.100192,-0.075140,94.305,E,1,0.923820,1,0.923820,0.718128,1.889516,0.635593,0.442927,8.676587,4.089296,-0.145230,0.090488,-0.612126,0.635593,0.114232,0.006109,-0.056810,0.127725,0.114395,-18.682001,-25.565001,-23.579000,NaN,-0.486142,true,Self-supervised model,0.257394,12.558000,1.920985,0.152969,0.000000,0.000000,1.129854,4.976267,false,false
2026-04-17T14:33:18.384970,0.918371,-0.100192,-0.073900,94.234,E,1,0.923820,1,0.923820,0.717648,1.864641,0.715130,0.335188,8.683769,4.022259,-0.241368,0.090281,-0.667085,0.715130,0.115454,-0.014050,-0.075747,0.138797,0.116305,-18.682001,-25.565001,-23.579000,NaN,-0.484470,true,Self-supervised model,0.259844,12.566000,1.992009,0.158524,0.000000,0.000000,1.003521,5.152352,false,false
2026-04-17T14:33:18.393941,0.918371,-0.100192,-0.072489,94.153,E,1,0.923820,1,0.923820,0.711786,1.840527,0.681009,0.289698,8.698134,4.060566,-0.275420,0.096547,-0.615302,0.681009,0.107512,-0.062308,-0.086743,0.151544,0.124263,-18.682001,-25.565001,-23.579000,NaN,-0.482370,true,Self-supervised model,0.258542,12.575000,2.072896,0.164843,0.000000,0.000000,1.045193,4.493810,false,false
2026-04-17T14:33:18.402056,0.918371,-0.100192,-0.070883,94.061,E,1,0.923820,1,0.923820,0.691759,1.816576,0.586620,0.308852,8.769960,4.153940,-0.246571,0.160004,-0.507666,0.586620,0.099571,-0.119730,-0.085521,0.177661,0.155723,-18.441000,-24.720001,-22.037001,NaN,-0.479990,true,Self-supervised model,0.254809,12.583000,2.164876,0.172048,0.000000,0.000000,1.179229,3.301907,false,false
2026-04-17T14:33:18.408924,0.918371,-0.100192,-0.069105,93.959,E,1,0.923820,1,0.923820,0.657740,1.792223,0.479140,0.332794,8.836999,4.278439,-0.214913,0.218513,-0.368292,0.479140,0.100793,-0.180205,-0.088575,0.224675,0.206478,-18.441000,-24.720001,-22.037001,NaN,-0.477523,true,Self-supervised model,0.249596,12.590000,2.266737,0.180043,0.000000,0.000000,1.372753,2.132592,false,false
2026-04-17T14:33:18.417028,0.918371,-0.100192,-0.067184,93.849,E,1,0.923820,1,0.923820,0.617505,1.767234,0.406269,0.390255,8.956709,4.448427,-0.151580,0.329575,-0.182918,0.406269,0.105069,-0.235183,-0.097738,0.275506,0.257586,-18.441000,-24.720001,-22.037001,NaN,-0.475028,true,Self-supervised model,0.246220,12.598000,2.376816,0.188666,0.000000,0.000000,1.519939,1.474632,false,false
2026-04-17T14:33:18.425653,0.918371,-0.100192,-0.065133,93.732,E,1,0.923820,1,0.923820,0.588012,1.742065,0.433178,0.423774,9.052477,4.644751,-0.114231,0.416850,0.028814,0.433178,0.116675,-0.302989,-0.117897,0.345420,0.324678,-18.441000,-24.720001,-22.037001,NaN,-0.472456,true,Self-supervised model,0.248135,12.607000,2.494347,0.197854,0.000000,0.000000,1.357439,1.254060,false,false
2026-04-17T14:33:18.433371,0.918371,-0.100192,-0.062952,93.607,E,1,0.923820,1,0.923820,0.571401,1.717239,0.484193,0.462081,9.090784,4.771644,-0.073854,0.447085,0.170596,0.484193,0.128282,-0.378126,-0.146608,0.425357,0.399293,-18.441000,-24.720001,-22.037001,NaN,-0.469759,true,Self-supervised model,0.250421,12.615000,2.619279,0.207632,0.000000,0.000000,1.180111,1.138320,false,false
2026-04-17T14:33:18.440821,0.918371,-0.100192,-0.060615,93.473,E,1,0.923820,1,0.923820,0.571168,1.693396,0.569942,0.474052,9.114726,4.912902,-0.062016,0.463986,0.325122,0.569942,0.122784,-0.460592,-0.183870,0.510911,0.476677,-18.441000,-24.720001,-22.037001,NaN,-0.466792,true,Self-supervised model,0.253205,12.622000,2.753223,0.218129,0.000000,0.000000,1.002151,1.115542,false,false
2026-04-17T14:33:18.449657,0.918371,-0.100192,-0.058087,93.328,E,1,0.923820,1,0.923820,0.588380,1.671195,0.678746,0.387861,9.088389,5.078102,-0.151942,0.432431,0.500612,0.678746,0.108123,-0.519235,-0.210138,0.570486,0.530373,-18.441000,-24.720001,-22.037001,NaN,-0.463508,true,Self-supervised model,0.255888,12.631000,2.898015,0.229437,0.000000,0.000000,0.866864,1.189768,false,false
2026-04-17T14:33:18.458258,0.918371,-0.100192,-0.055411,93.175,E,1,0.923820,1,0.923820,0.623628,1.651293,0.808676,0.402226,9.004593,5.286397,-0.141936,0.344167,0.717885,0.808676,0.088575,-0.569326,-0.226020,0.618921,0.576175,-18.441000,-24.720001,-22.037001,NaN,-0.460232,true,Self-supervised model,0.258029,12.640000,3.051386,0.241407,0.000000,0.000000,0.771171,1.306589,false,false
2026-04-17T14:33:18.465044,0.918371,-0.100192,-0.052539,93.010,E,1,0.923820,1,0.923820,0.694709,1.635029,1.067887,0.454898,8.853758,5.609614,-0.091308,0.190463,1.046790,1.067887,0.065363,-0.597426,-0.240681,0.647393,0.600991,-18.441000,-24.720001,-22.037001,NaN,-0.456581,true,Self-supervised model,0.260967,12.646000,3.215923,0.254304,0.000000,0.000000,0.650546,1.649518,false,false
2026-04-17T14:33:18.472817,0.918371,-0.100192,-0.049348,92.827,E,1,0.923820,1,0.923820,0.796467,1.623487,1.330700,0.469264,8.801085,5.882554,-0.078601,0.137075,1.321285,1.330700,0.055589,-0.606589,-0.237627,0.653840,0.609131,-18.441000,-24.720001,-22.037001,NaN,-0.452111,true,Self-supervised model,0.263809,12.654000,3.398775,0.268593,0.000000,0.000000,0.598533,2.035206,false,false
2026-04-17T14:33:18.481031,0.918371,-0.100192,-0.045831,92.626,E,1,0.923820,1,0.923820,0.918913,1.617304,1.561754,0.466869,8.786720,6.117185,-0.082623,0.123469,1.554671,1.561754,0.065973,-0.570548,-0.225409,0.616998,0.574350,-18.441000,-24.720001,-22.037001,NaN,-0.447295,true,Self-supervised model,0.266351,12.662000,3.600244,0.284335,0.000000,0.000000,0.588386,2.531212,false,false
2026-04-17T14:33:18.489991,0.918371,-0.100192,-0.042077,92.411,E,1,0.923820,1,0.923820,1.030982,1.615851,1.619342,0.476446,8.851364,6.172252,-0.073155,0.189818,1.606514,1.619342,0.087354,-0.510683,-0.211359,0.559554,0.518101,-18.441000,-24.720001,-22.037001,NaN,-0.442589,true,Self-supervised model,0.267268,12.671000,3.815343,0.301108,0.000000,0.000000,0.636667,2.893986,false,false
2026-04-17T14:33:18.498286,0.918371,-0.100192,-0.038390,92.200,E,1,0.923820,1,0.923820,1.106665,1.617484,1.504001,0.445322,8.961497,6.033388,-0.102592,0.298319,1.470544,1.504001,0.133779,-0.326202,-0.196699,0.403726,0.352569,-18.441000,-24.720001,-22.037001,NaN,-0.439170,true,Self-supervised model,0.267719,12.680000,4.026597,0.317555,0.000000,0.000000,0.735814,3.725298,false,false
2026-04-17T14:33:18.504931,0.918371,-0.100192,-0.034494,91.976,E,1,0.923820,1,0.923820,1.127883,1.619900,1.239279,0.385466,9.162610,5.679047,-0.156429,0.494045,1.125728,1.239279,0.152716,-0.167988,-0.202196,0.304016,0.227029,-18.441000,-24.720001,-22.037001,NaN,-0.434436,true,Self-supervised model,0.264503,12.686000,4.249851,0.335003,0.000000,0.000000,0.910112,4.076366,false,false
2026-04-17T14:33:18.514937,0.918371,-0.100192,-0.030732,91.761,E,1,0.923820,1,0.923820,1.096985,1.620983,0.934769,0.335188,9.277532,5.231331,-0.193645,0.603318,0.687243,0.934769,0.144775,0.001222,-0.215025,0.259224,0.144780,-18.441000,-24.720001,-22.037001,NaN,-0.431216,true,Self-supervised model,0.260186,12.696000,4.465350,0.351713,0.000000,0.000000,1.173536,3.606035,false,false
2026-04-17T14:33:18.521314,0.918371,-0.100192,-0.027050,91.550,E,1,0.923820,1,0.923820,1.050715,1.620172,0.807799,0.335188,9.339781,4.967968,-0.174382,0.661117,0.430180,0.807799,0.087354,0.106901,-0.242514,0.279054,0.138053,-18.441000,-24.720001,-22.037001,NaN,-0.427847,true,Self-supervised model,0.255712,12.703000,4.676356,0.368130,0.000000,0.000000,1.300714,2.894771,false,false
2026-04-17T14:33:18.530253,0.918371,-0.100192,-0.023338,91.337,E,1,0.923820,1,0.923820,1.016510,1.618026,0.836931,0.313640,9.385271,4.953603,-0.173231,0.704807,0.416763,0.836931,-0.002443,0.113621,-0.270613,0.293509,0.113647,-18.441000,-24.720001,-22.037001,NaN,-0.424018,true,Self-supervised model,0.257441,12.712000,4.889040,0.384600,0.000000,0.000000,1.214568,2.851472,false,false
2026-04-17T14:33:18.536775,0.918371,-0.100192,-0.019474,91.116,E,1,0.923820,1,0.923820,1.031940,1.616582,1.112946,0.203507,9.488221,5.260061,-0.260716,0.809009,0.718458,1.112946,-0.080023,0.067806,-0.279165,0.298219,0.104888,-18.441000,-24.720001,-22.037001,NaN,-0.419547,true,Self-supervised model,0.262891,12.718000,5.110421,0.401826,0.000000,0.000000,0.927214,3.731974,false,false
2026-04-17T14:33:18.547452,0.918371,-0.100192,-0.015402,90.882,E,1,0.923820,1,0.923820,1.124252,1.618889,1.608890,0.220267,9.545682,5.884948,-0.224178,0.869958,1.334708,1.608890,-0.125227,-0.008552,-0.271224,0.298860,0.125519,-18.441000,-24.720001,-22.037001,NaN,-0.414645,true,Self-supervised model,0.270743,12.729000,5.343697,0.419805,0.000000,0.000000,0.698775,5.383416,false,false
2026-04-17T14:33:18.552815,0.918371,-0.100192,-0.011162,90.640,E,1,0.923820,1,0.923820,1.273750,1.627084,2.058613,0.313640,9.624691,6.380548,-0.114711,0.952966,1.821149,2.058613,-0.108734,-0.086132,-0.256563,0.291662,0.138715,-18.441000,-24.720001,-22.037001,NaN,-0.409728,true,Self-supervised model,0.273625,12.734000,5.586662,0.438720,0.000000,0.000000,0.618742,7.058220,false,false
2026-04-17T14:33:18.563535,0.918371,-0.100192,-0.006828,90.391,E,1,0.923820,1,0.923820,1.447147,1.641886,2.357483,0.466869,9.658210,6.703765,0.051613,0.988305,2.139699,2.357483,-0.046426,-0.136834,-0.248011,0.287034,0.144495,-19.428001,-23.769001,-21.421001,NaN,-0.405021,true,Self-supervised model,0.278472,12.745000,5.834972,0.457824,0.000000,0.000000,0.613853,8.213256,false,false
2026-04-17T14:33:18.568495,0.918371,-0.100192,-0.002482,90.142,E,1,0.923820,1,0.923820,1.616244,1.662860,2.504006,0.577003,9.703699,6.837840,0.173008,1.032890,2.274478,2.504006,0.032376,-0.162490,-0.241903,0.293203,0.165684,-19.428001,-23.769001,-21.421001,NaN,-0.400627,true,Self-supervised model,0.277149,12.750000,6.083973,0.477174,0.000000,0.000000,0.645464,8.540171,false,false
2026-04-17T14:33:18.576813,0.918371,-0.100192,0.001825,89.895,E,1,0.923820,1,0.923820,1.729516,1.687527,2.324193,0.718261,9.758766,6.586449,0.324957,1.083710,2.030234,2.324193,0.131336,-0.146608,-0.237016,0.308090,0.196832,-19.428001,-23.769001,-21.421001,NaN,-0.396475,true,Self-supervised model,0.277751,12.758000,6.330755,0.496218,0.000000,0.000000,0.744136,7.543879,false,false
2026-04-17T14:33:18.585376,0.918371,-0.100192,0.006053,89.653,E,1,0.923820,1,0.923820,1.779501,1.713206,2.041920,0.821211,9.852140,6.157887,0.440536,1.169708,1.614666,2.041920,0.207694,-0.086743,-0.243124,0.331317,0.225080,-19.428001,-23.769001,-21.421001,NaN,-0.392565,true,Self-supervised model,0.274327,12.767000,6.572982,0.514842,0.000000,0.000000,0.871484,6.163048,false,false
2026-04-17T14:33:18.593447,0.918371,-0.100192,0.010200,89.416,E,1,0.923820,1,0.923820,1.779268,1.737848,1.778043,0.938527,9.890448,5.707777,0.574236,1.198739,1.180981,1.778043,0.244346,-0.026878,-0.275500,0.369226,0.245820,-19.428001,-23.769001,-21.421001,NaN,-0.388739,true,Self-supervised model,0.270364,12.775000,6.810607,0.533120,0.000000,0.000000,1.000688,4.815597,false,false
2026-04-17T14:33:18.600586,0.918371,-0.100192,0.014350,89.178,E,1,0.923820,1,0.923820,1.724543,1.759316,1.437242,1.110910,9.761160,5.104438,0.767453,1.059949,0.594297,1.437242,0.232129,0.004887,-0.319483,0.394939,0.232180,-19.428001,-23.769001,-21.421001,NaN,-0.384578,true,Self-supervised model,0.264397,12.782000,7.048389,0.551431,0.000000,0.000000,1.199898,3.639151,false,false
2026-04-17T14:33:18.608641,0.918371,-0.100192,0.018649,88.932,E,1,0.923820,1,0.923820,1.637443,1.776441,1.180165,1.213860,9.473856,4.565742,0.896089,0.764918,0.068654,1.180165,0.155771,0.005498,-0.387899,0.418044,0.155868,-19.428001,-23.769001,-21.421001,NaN,-0.379686,true,Self-supervised model,0.259558,12.790000,7.294676,0.570342,0.000000,0.000000,1.387470,2.823064,false,false
2026-04-17T14:33:18.616803,0.918371,-0.100192,0.023301,88.665,E,1,0.923820,1,0.923820,1.564029,1.789944,1.178608,1.199495,9.402030,4.201824,0.910870,0.689406,-0.290091,1.178608,0.012217,-0.043982,-0.455705,0.457986,0.045648,-19.428001,-23.769001,-21.421001,NaN,-0.373616,true,Self-supervised model,0.259577,12.798000,7.561258,0.590816,0.000000,0.000000,1.327014,2.573459,false,false
2026-04-17T14:33:18.625625,0.918371,-0.100192,0.028498,88.367,E,1,0.923820,1,0.923820,1.498084,1.800270,1.151873,1.149217,9.332599,4.118027,0.891195,0.622570,-0.380775,1.151873,-0.179594,-0.122173,-0.499077,0.544296,0.217210,-19.428001,-23.769001,-21.421001,NaN,-0.366245,true,Self-supervised model,0.257753,12.807000,7.858988,0.613648,0.000000,0.000000,1.300564,2.116262,false,false
2026-04-17T14:33:18.633334,0.918371,-0.100192,0.034365,88.031,E,1,0.923820,1,0.923820,1.416326,1.806912,0.987097,1.065420,9.212888,4.407725,0.836431,0.512300,-0.110875,0.987097,-0.354913,-0.202807,-0.508240,0.652228,0.408771,-19.428001,-23.769001,-21.421001,NaN,-0.357694,true,Self-supervised model,0.252108,12.815000,8.195168,0.639498,0.000000,0.000000,1.434840,1.513424,false,false
2026-04-17T14:33:18.641061,0.918371,-0.100192,0.040870,87.658,E,1,0.923820,1,0.923820,1.376695,1.811704,1.168629,1.058237,9.018958,5.274426,0.854454,0.334518,0.723671,1.168629,-0.519235,-0.299935,-0.491136,0.775100,0.599639,-19.428001,-23.769001,-21.421001,NaN,-0.348641,true,Self-supervised model,0.254832,12.822000,8.567848,0.668215,0.000000,0.000000,1.178042,1.507714,false,false
2026-04-17T14:33:18.649041,0.918371,-0.100192,0.047883,87.257,E,1,0.923820,1,0.923820,1.480203,1.820444,2.023622,1.055843,8.757990,6.414066,0.870918,0.093726,1.824216,2.023622,-0.587652,-0.394008,-0.441656,0.834049,0.707515,-19.428001,-23.769001,-21.421001,NaN,-0.339593,true,Self-supervised model,0.264727,12.830000,8.969672,0.699117,0.000000,0.000000,0.731462,2.426264,false,false
2026-04-17T14:33:18.657507,0.918371,-0.100192,0.055156,86.840,E,1,0.923820,1,0.923820,1.694284,1.837397,2.818206,1.034295,8.540117,7.309498,0.861167,-0.104017,2.681391,2.818206,-0.526566,-0.447153,-0.369573,0.783455,0.690809,-19.428001,-23.769001,-21.421001,NaN,-0.331281,true,Self-supervised model,0.271723,12.839000,9.386385,0.731084,0.000000,0.000000,0.601192,3.597150,false,false
2026-04-17T14:33:18.667211,0.918371,-0.100192,0.062407,86.424,E,1,0.923820,1,0.923820,1.988823,1.865454,3.535154,0.998382,8.339005,8.068460,0.828886,-0.296322,3.423808,3.535154,-0.465479,-0.448986,-0.334754,0.728231,0.646730,-19.428001,-23.769001,-21.421001,NaN,-0.324118,true,Self-supervised model,0.278010,12.849000,9.801837,0.762848,0.000000,0.000000,0.562584,4.854444,false,false
2026-04-17T14:33:18.672723,0.918371,-0.100192,0.068824,86.057,E,1,0.923820,1,0.923820,2.271433,1.903693,3.755138,1.005565,8.176199,8.305486,0.839532,-0.444186,3.633035,3.755138,-0.119119,-0.378126,-0.207083,0.447271,0.396444,-19.428001,-23.769001,-21.421001,NaN,-0.321039,true,Self-supervised model,0.282465,12.854000,10.169480,0.791153,0.000000,0.000000,0.604887,8.395658,false,false
2026-04-17T14:33:18.680904,0.918371,-0.100192,0.075317,85.685,E,1,0.923820,1,0.923820,2.465990,1.948185,3.487414,1.012747,7.991845,7.991845,0.845477,-0.631016,3.324010,3.487414,0.178984,-0.274278,-0.122784,0.349771,0.327512,-19.428001,-23.769001,-21.421001,NaN,-0.314238,true,Self-supervised model,0.285862,12.862000,10.541527,0.819587,0.000000,0.000000,0.707111,9.970566,false,false
2026-04-17T14:33:18.689147,0.918371,-0.100192,0.081021,85.358,E,1,0.923820,1,0.923820,2.512306,1.992750,2.755462,1.113304,7.769185,7.084443,0.944037,-0.866015,2.439545,2.755462,0.434325,-0.169821,-0.059865,0.470171,0.466345,-19.428001,-23.769001,-21.421001,NaN,-0.311693,true,Self-supervised model,0.277970,12.871000,10.868325,0.844404,0.000000,0.000000,0.911755,5.860547,false,false
2026-04-17T14:33:18.700710,0.918371,-0.100192,0.085830,85.082,E,1,0.923820,1,0.923820,2.416478,2.031699,1.913383,1.175553,7.639898,5.882554,1.003726,-1.014830,1.274241,1.913383,0.573602,-0.124617,-0.028100,0.587655,0.586983,-19.428001,-23.769001,-21.421001,NaN,-0.310459,true,Self-supervised model,0.267821,12.882000,11.143900,0.865075,0.000000,0.000000,1.262935,3.255963,false,false
2026-04-17T14:33:18.704443,0.918371,-0.100192,0.089738,84.858,E,1,0.923820,1,0.923820,2.248279,2.062362,1.365233,1.060631,7.649475,4.742914,0.883345,-1.026227,0.174416,1.365233,0.615141,-0.140499,-0.003665,0.630993,0.630982,-19.428001,-23.769001,-21.421001,NaN,-0.310161,true,Self-supervised model,0.253749,12.886000,11.367785,0.882181,0.000000,0.000000,1.646810,2.163626,false,false
2026-04-17T14:33:18.712824,0.918371,-0.100192,0.092768,84.685,E,1,0.923820,1,0.923820,2.114646,2.086454,1.413076,0.960075,7.615956,4.046201,0.772904,-1.078301,-0.486487,1.413076,0.552833,-0.215635,0.001222,0.593401,0.593400,-19.428001,-23.769001,-21.421001,NaN,-0.310642,true,Self-supervised model,0.259256,12.894000,11.541374,0.895096,0.000000,0.000000,1.496485,2.381318,false,false
2026-04-17T14:33:18.721898,0.918371,-0.100192,0.094991,84.557,E,1,0.923820,1,0.923820,2.034943,2.106393,1.616497,0.943315,7.582437,3.612850,0.741599,-1.126230,-0.891460,1.616497,0.461203,-0.308487,-0.007941,0.554920,0.554863,-20.017000,-25.686001,-21.113001,NaN,-0.311643,true,Self-supervised model,0.263827,12.903000,11.668781,0.904346,0.000000,0.000000,1.258859,2.913030,false,false
2026-04-17T14:33:18.730482,0.918371,-0.100192,0.096525,84.470,E,1,0.923820,1,0.923820,1.983707,2.123486,1.714719,0.888249,7.666234,3.308787,0.644361,-1.036906,-1.204111,1.714719,0.339641,-0.419054,-0.042150,0.541053,0.539409,-20.017000,-25.686001,-21.113001,NaN,-0.312871,true,Self-supervised model,0.265554,12.912000,11.756634,0.910520,0.000000,0.000000,1.156870,3.169224,false,false
2026-04-17T14:33:18.736738,0.918371,-0.100192,0.096664,84.462,E,1,0.923820,1,0.923820,1.946669,2.138413,1.752223,0.785298,7.747637,3.131616,0.524380,-0.962284,-1.367230,1.752223,0.198531,-0.519235,-0.086132,0.562529,0.555896,-20.017000,-25.686001,-21.113001,NaN,-0.318306,true,Self-supervised model,0.266425,12.918000,11.764632,0.910716,0.000000,0.000000,1.110971,3.114902,false,false
2026-04-17T14:33:18.747769,0.918371,-0.100192,0.096804,84.454,E,1,0.923820,1,0.923820,1.900908,2.150913,1.660664,0.696713,7.821857,3.155558,0.420094,-0.890767,-1.337109,1.660664,0.047647,-0.597426,-0.132558,0.613808,0.599323,-20.017000,-25.686001,-21.113001,NaN,-0.318163,true,Self-supervised model,0.264541,12.929000,11.772671,0.910563,0.000000,0.000000,1.144668,2.705511,false,false
2026-04-17T14:33:18.752772,0.918371,-0.100192,0.097168,84.433,E,1,0.923820,1,0.923820,1.818598,2.159620,1.386468,0.531513,7.855376,3.430891,0.240335,-0.855484,-1.064274,1.386468,-0.082467,-0.643852,-0.163101,0.669289,0.649112,-20.017000,-25.686001,-21.113001,NaN,-0.316908,true,Self-supervised model,0.259247,12.934000,11.793482,0.911820,0.000000,0.000000,1.311677,2.071553,false,false
2026-04-17T14:33:18.761056,0.918371,-0.100192,0.097900,84.391,E,1,0.923820,1,0.923820,1.699277,2.163207,1.072840,0.387861,7.802703,3.931279,0.083351,-0.902233,-0.574469,1.072840,-0.195477,-0.654848,-0.179594,0.706605,0.683401,-20.017000,-25.686001,-21.113001,NaN,-0.314697,true,Self-supervised model,0.252337,12.942000,11.835467,0.914501,0.000000,0.000000,1.583905,1.518302,false,false
2026-04-17T14:33:18.768794,0.918371,-0.100192,0.099056,84.325,E,1,0.923820,1,0.923820,1.592106,2.162363,1.029461,0.397437,7.671022,4.477157,0.081011,-1.025310,-0.044355,1.029461,-0.249233,-0.626137,-0.178373,0.697124,0.673917,-20.017000,-25.686001,-21.113001,NaN,-0.311851,true,Self-supervised model,0.251555,12.950000,11.901671,0.919048,0.000000,0.000000,1.546543,1.476727,false,false
2026-04-17T14:33:18.777089,0.918371,-0.100192,0.100605,84.236,E,1,0.923820,1,0.923820,1.510437,2.158286,1.081672,0.411803,7.637504,4.786009,0.085075,-1.049551,0.247427,1.081672,-0.252287,-0.564439,-0.175929,0.642800,0.618256,-20.017000,-25.686001,-21.113001,NaN,-0.308728,true,Self-supervised model,0.253673,12.959000,11.990424,0.925258,0.000000,0.000000,1.396390,1.682751,false,false
2026-04-17T14:33:18.784946,0.918371,-0.100192,0.102469,84.129,E,1,0.923820,1,0.923820,1.443649,2.151700,1.093013,0.349553,7.630321,4.876989,0.010499,-1.045639,0.318132,1.093013,-0.232740,-0.505186,-0.165544,0.580332,0.556220,-20.017000,-25.686001,-21.113001,NaN,-0.305603,true,Self-supervised model,0.254520,12.966000,12.097227,0.932996,0.000000,0.000000,1.320797,1.883428,false,false
2026-04-17T14:33:18.794328,0.918371,-0.100192,0.104425,84.017,E,1,0.923820,1,0.923820,1.380541,2.142854,1.049225,0.335188,7.666234,4.898537,-0.014420,-0.999058,0.320231,1.049225,-0.219301,-0.447764,-0.143553,0.518838,0.498584,-20.017000,-25.686001,-21.113001,NaN,-0.303279,true,Self-supervised model,0.254595,12.976000,12.209299,0.940914,0.000000,0.000000,1.315773,2.022258,false,false
2026-04-17T14:33:18.800786,0.918371,-0.100192,0.106424,83.902,E,1,0.923820,1,0.923820,1.324681,2.132127,1.031418,0.435745,7.668628,4.891354,0.075123,-0.985897,0.293578,1.031418,-0.226631,-0.444099,-0.116675,0.512053,0.498584,-20.017000,-25.686001,-21.113001,NaN,-0.301107,true,Self-supervised model,0.254082,12.982000,12.323848,0.949303,0.000000,0.000000,1.284330,2.014278,false,false
2026-04-17T14:33:18.808479,0.918371,-0.100192,0.108395,83.789,E,1,0.923820,1,0.923820,1.272487,2.119741,0.998464,0.536301,7.692570,4.876989,0.162928,-0.950498,0.258725,0.998464,-0.241292,-0.460592,-0.095906,0.528739,0.519968,-20.017000,-25.686001,-21.113001,NaN,-0.299252,true,Self-supervised model,0.253703,12.990000,12.436741,0.957409,0.000000,0.000000,1.274444,1.888388,false,false
2026-04-17T14:33:18.816793,0.918371,-0.100192,0.110284,83.681,E,1,0.923820,1,0.923820,1.224125,2.105917,0.970228,0.658405,7.745243,4.929661,0.270421,-0.885582,0.289756,0.970228,-0.255953,-0.474642,-0.083078,0.545618,0.539256,-20.017000,-25.686001,-21.113001,NaN,-0.297689,true,Self-supervised model,0.253407,12.998000,12.544968,0.965146,0.000000,0.000000,1.261688,1.778219,false,false
2026-04-17T14:33:18.825820,0.918371,-0.100192,0.112055,83.580,E,1,0.923820,1,0.923820,1.176785,2.090751,0.928247,0.837971,7.855376,4.965574,0.433817,-0.762579,0.303182,0.928247,-0.260839,-0.486860,-0.081245,0.558274,0.552331,-20.017000,-25.686001,-21.113001,NaN,-0.296388,true,Self-supervised model,0.252800,13.007000,12.646468,0.972282,0.000000,0.000000,1.267749,1.662708,false,false
2026-04-17T14:33:18.833474,0.918371,-0.100192,0.113693,83.486,E,1,0.923820,1,0.923820,1.121429,2.073978,0.830813,0.893037,7.970297,4.939238,0.472334,-0.634506,0.254073,0.830813,-0.260839,-0.488081,-0.095906,0.561657,0.553408,-20.017000,-25.686001,-21.113001,NaN,-0.295283,true,Self-supervised model,0.250489,13.015000,12.740321,0.978895,0.000000,0.000000,1.349797,1.479218,false,false
2026-04-17T14:33:18.840887,0.918371,-0.100192,0.115230,83.398,E,1,0.923820,1,0.923820,1.054981,2.055219,0.706125,0.873884,8.058883,4.860229,0.437531,-0.532834,0.152534,0.706125,-0.258396,-0.482584,-0.122173,0.560876,0.547408,-20.017000,-25.686001,-21.113001,NaN,-0.294151,true,Self-supervised model,0.247276,13.022000,12.828374,0.985131,0.000000,0.000000,1.494043,1.258968,false,false
2026-04-17T14:33:18.849109,0.918371,-0.100192,0.116740,83.311,E,1,0.923820,1,0.923820,0.978828,2.034163,0.579025,0.794875,8.113950,4.716578,0.345011,-0.464821,-0.013402,0.579025,-0.259618,-0.458760,-0.144775,0.546646,0.527126,-20.017000,-25.686001,-21.113001,NaN,-0.292747,true,Self-supervised model,0.243413,13.031000,12.914907,0.991091,0.000000,0.000000,1.690475,1.059233,false,false
2026-04-17T14:33:18.857621,0.918371,-0.100192,0.118310,83.221,E,1,0.923820,1,0.923820,0.906282,2.011048,0.525418,0.648829,8.097190,4.608838,0.188902,-0.468979,-0.142965,0.525418,-0.265116,-0.400117,-0.169821,0.509135,0.479979,-20.017000,-25.686001,-21.113001,NaN,-0.290939,true,Self-supervised model,0.242374,13.039000,13.004853,0.997381,0.000000,0.000000,1.724878,1.031982,false,false
2026-04-17T14:33:18.865268,0.918371,-0.100192,0.120012,83.124,E,1,0.923820,1,0.923820,0.855249,1.986816,0.587325,0.538695,8.034941,4.508282,0.073312,-0.519091,-0.264804,0.587325,-0.267559,-0.309709,-0.183260,0.448432,0.409277,-20.017000,-25.686001,-21.113001,NaN,-0.288708,true,Self-supervised model,0.246616,13.047000,13.102380,1.004245,0.000000,0.000000,1.456176,1.309731,false,false
2026-04-17T14:33:18.872753,0.918371,-0.100192,0.121897,83.016,E,1,0.923820,1,0.923820,0.821003,1.962183,0.641208,0.438139,7.975086,4.496311,-0.028094,-0.567571,-0.297021,0.641208,-0.263283,-0.218079,-0.183260,0.387892,0.341872,-20.017000,-25.686001,-21.113001,NaN,-0.286092,true,Self-supervised model,0.249785,13.054000,13.210372,1.011979,0.000000,0.000000,1.280399,1.653058,false,false
2026-04-17T14:33:18.881947,0.918371,-0.100192,0.123967,82.897,E,1,0.923820,1,0.923820,0.798819,1.937649,0.682353,0.378284,7.975086,4.426879,-0.082923,-0.558238,-0.383536,0.682353,-0.250455,-0.145997,-0.173486,0.337846,0.289901,-21.477001,-26.533001,-21.319000,NaN,-0.283281,true,Self-supervised model,0.252211,13.063000,13.328981,1.020361,0.000000,0.000000,1.170683,2.019715,false,false
2026-04-17T14:33:18.889847,0.918371,-0.100192,0.126262,82.766,E,1,0.923820,1,0.923820,0.783894,1.913498,0.705542,0.313640,8.032547,4.340688,-0.140261,-0.492136,-0.485715,0.705542,-0.227242,-0.067195,-0.160658,0.286295,0.236968,-21.477001,-26.533001,-21.319000,NaN,-0.280088,true,Self-supervised model,0.253347,13.071000,13.460459,1.029796,0.000000,0.000000,1.111052,2.464388,false,false
2026-04-17T14:33:18.898995,0.918371,-0.100192,0.128693,82.626,E,1,0.923820,1,0.923820,0.776632,1.890024,0.738506,0.308852,8.092402,4.252102,-0.135961,-0.424541,-0.588787,0.738506,-0.202196,-0.003054,-0.145386,0.249058,0.202219,-21.477001,-26.533001,-21.319000,NaN,-0.277109,true,Self-supervised model,0.255130,13.080000,13.599773,1.039738,0.000000,0.000000,1.051627,2.965198,false,false
2026-04-17T14:33:18.904993,0.918371,-0.100192,0.131181,82.484,E,1,0.923820,1,0.923820,0.775470,1.867442,0.769368,0.287304,8.159439,4.185065,-0.147564,-0.350680,-0.668712,0.769368,-0.180816,0.022602,-0.136223,0.227513,0.182223,-21.477001,-26.533001,-21.319000,NaN,-0.274397,true,Self-supervised model,0.255403,13.086000,13.742308,1.050153,0.000000,0.000000,1.007931,3.381649,false,false
2026-04-17T14:33:18.913981,0.918371,-0.100192,0.133670,82.341,E,1,0.923820,1,0.923820,0.781445,1.846002,0.812815,0.256180,8.224083,4.120421,-0.169471,-0.280533,-0.743807,0.812815,-0.152105,0.011606,-0.133169,0.202496,0.152548,-21.477001,-26.533001,-21.319000,NaN,-0.271905,true,Self-supervised model,0.257665,13.095000,13.884891,1.060320,0.000000,0.000000,0.961406,4.013980,false,false
2026-04-17T14:33:18.920836,0.918371,-0.100192,0.136113,82.201,E,1,0.923820,1,0.923820,0.789231,1.825731,0.830106,0.220267,8.288726,4.094085,-0.197815,-0.211847,-0.777860,0.830106,-0.125838,-0.041539,-0.128282,0.184437,0.132517,-21.477001,-26.533001,-21.319000,NaN,-0.269642,true,Self-supervised model,0.257995,13.102000,14.024892,1.070439,0.000000,0.000000,0.950759,4.500763,false,false
2026-04-17T14:33:18.932730,0.918371,-0.100192,0.138498,82.065,E,1,0.923820,1,0.923820,0.797480,1.806601,0.840785,0.210690,8.372523,4.070143,-0.202598,-0.125725,-0.806267,0.840785,-0.098960,-0.117286,-0.121562,0.195772,0.153457,-21.477001,-26.533001,-21.319000,NaN,-0.267491,true,Self-supervised model,0.258672,13.114000,14.161536,1.079879,0.000000,0.000000,0.948495,4.294722,false,false
2026-04-17T14:33:18.936568,0.918371,-0.100192,0.140813,81.932,E,1,0.923820,1,0.923820,0.805787,1.788568,0.849400,0.189142,8.463503,4.058172,-0.222171,-0.034340,-0.819109,0.849400,-0.075747,-0.187536,-0.117897,0.234109,0.202255,-21.477001,-26.533001,-21.319000,NaN,-0.265454,true,Self-supervised model,0.255837,13.118000,14.294196,1.089663,0.000000,0.000000,0.948655,3.628224,false,false
2026-04-17T14:33:18.946164,0.918371,-0.100192,0.143064,81.803,E,1,0.923820,1,0.923820,0.807694,1.771333,0.817707,0.244209,8.530540,4.074931,-0.168130,0.031184,-0.799627,0.817707,-0.050091,-0.271224,-0.117897,0.299952,0.275811,-21.477001,-26.533001,-21.319000,NaN,-0.263462,true,Self-supervised model,0.256261,13.128000,14.423147,1.098655,0.000000,0.000000,0.987755,2.726123,false,false
2026-04-17T14:33:18.953163,0.918371,-0.100192,0.145256,81.677,E,1,0.923820,1,0.923820,0.803581,1.754623,0.781988,0.282516,8.578424,4.108450,-0.133919,0.079398,-0.766333,0.781988,-0.032376,-0.355524,-0.128282,0.379343,0.356995,-21.477001,-26.533001,-21.319000,NaN,-0.261503,true,Self-supervised model,0.254170,13.135000,14.548753,1.107633,0.000000,0.000000,1.027613,2.061424,false,false
2026-04-17T14:33:18.962540,0.918371,-0.100192,0.147418,81.554,E,1,0.923820,1,0.923820,0.789245,1.738008,0.713979,0.323217,8.609550,4.175488,-0.099367,0.110297,-0.698375,0.713979,-0.028100,-0.423940,-0.141110,0.447691,0.424871,-21.477001,-26.533001,-21.319000,NaN,-0.259463,true,Self-supervised model,0.252487,13.144000,14.672622,1.116298,0.000000,0.000000,1.105417,1.594804,false,false
2026-04-17T14:33:18.968823,0.918371,-0.100192,0.149592,81.429,E,1,0.923820,1,0.923820,0.769661,1.721274,0.666848,0.375890,8.619126,4.218584,-0.053758,0.119415,-0.653862,0.666848,-0.029932,-0.455705,-0.152716,0.481545,0.456687,-21.477001,-26.533001,-21.319000,NaN,-0.257240,true,Self-supervised model,0.250658,13.150000,14.797185,1.125261,0.000000,0.000000,1.154178,1.384809,false,false
2026-04-17T14:33:18.976614,0.918371,-0.100192,0.151815,81.302,E,1,0.923820,1,0.923820,0.730944,1.703661,0.527676,0.407014,8.552089,4.338294,-0.028340,0.047307,-0.524787,0.527676,-0.028711,-0.455095,-0.163101,0.484291,0.455999,-21.477001,-26.533001,-21.319000,NaN,-0.254822,true,Self-supervised model,0.246320,13.158000,14.924548,1.134257,0.000000,0.000000,1.385212,1.089587,false,false
2026-04-17T14:33:18.984770,0.918371,-0.100192,0.154129,81.169,E,1,0.923820,1,0.923820,0.681276,1.684766,0.420522,0.488417,8.492233,4.436456,0.048783,-0.017648,-0.417310,0.420522,-0.025656,-0.423330,-0.171653,0.457527,0.424106,-21.477001,-26.533001,-21.319000,NaN,-0.252145,true,Self-supervised model,0.242204,13.166000,15.057115,1.143636,0.000000,0.000000,1.620071,0.919120,false,false
2026-04-17T14:33:18.993721,0.918371,-0.100192,0.156540,81.031,E,1,0.923820,1,0.923820,0.627705,1.664483,0.346456,0.497994,8.497022,4.503493,0.056226,-0.017803,-0.341400,0.346456,-0.026267,-0.364687,-0.180816,0.407898,0.365631,-21.477001,-26.533001,-21.319000,NaN,-0.249343,true,Self-supervised model,0.238950,13.175000,15.195272,1.153341,0.000000,0.000000,1.811786,0.849371,false,false
2026-04-17T14:33:19.000715,0.918371,-0.100192,0.159048,80.887,E,1,0.923820,1,0.923820,0.569597,1.642688,0.264531,0.524330,8.489840,4.587290,0.083307,-0.029741,-0.249303,0.264531,-0.027489,-0.297491,-0.192423,0.355363,0.298759,-21.477001,-26.533001,-21.319000,NaN,-0.246447,true,Self-supervised model,0.233326,13.182000,15.338990,1.163632,0.000000,0.000000,2.153233,0.744396,false,false
2026-04-17T14:33:19.008821,0.918371,-0.100192,0.161655,80.738,E,1,0.923820,1,0.923820,0.508014,1.619301,0.184700,0.500388,8.556877,4.659117,0.063103,0.033092,-0.170403,0.184700,-0.037874,-0.224798,-0.201586,0.304311,0.227967,-21.477001,-26.533001,-21.319000,NaN,-0.243450,true,Self-supervised model,0.225930,13.190000,15.488306,1.174246,0.000000,0.000000,2.750474,0.606945,false,false
2026-04-17T14:33:19.017038,0.918371,-0.100192,0.164354,80.583,E,1,0.923820,1,0.923820,0.439510,1.594109,0.079866,0.421380,8.578424,4.764462,-0.009087,0.051590,-0.060286,0.079866,-0.051924,-0.150273,-0.202807,0.257699,0.158991,-21.477001,-26.533001,-21.319000,NaN,-0.240375,true,Self-supervised model,0.206263,13.198000,15.642994,1.185255,0.000000,0.000000,5.503122,0.309918,false,false
2026-04-17T14:33:19.025911,0.918371,-0.100192,0.167152,80.423,E,1,0.923820,1,0.923820,0.388338,1.567878,0.119687,0.368707,8.621520,4.876989,-0.052056,0.095532,0.049888,0.119687,-0.058643,-0.080634,-0.201586,0.224895,0.099704,-21.477001,-26.533001,-21.319000,NaN,-0.237187,true,Self-supervised model,0.220183,13.207000,15.803279,1.196584,0.000000,0.000000,3.244608,0.532193,false,false
2026-04-17T14:33:19.033058,0.918371,-0.100192,0.170058,80.256,E,1,0.923820,1,0.923820,0.364386,1.541739,0.238635,0.368707,8.690952,4.996699,-0.040250,0.166146,0.166500,0.238635,-0.059865,-0.024435,-0.194866,0.205313,0.064659,-21.477001,-26.533001,-21.319000,NaN,-0.233847,true,Self-supervised model,0.241743,13.214000,15.969776,1.208550,0.000000,0.000000,1.526958,1.162297,false,false
2026-04-17T14:33:19.041654,0.918371,-0.100192,0.173036,80.086,E,1,0.923820,1,0.923820,0.382550,1.517371,0.477909,0.361524,8.851364,5.178658,-0.034023,0.326642,0.347195,0.477909,-0.061697,0.023213,-0.194866,0.205714,0.065920,-21.958000,-24.321001,-20.530001,NaN,-0.230581,true,Self-supervised model,0.255203,13.223000,16.140399,1.220631,0.000000,0.000000,0.800465,2.323174,false,false
2026-04-17T14:33:19.049240,0.918371,-0.100192,0.176048,79.913,E,1,0.923820,1,0.923820,0.438315,1.496209,0.731080,0.296881,9.054871,5.329493,-0.083568,0.530715,0.495819,0.731080,-0.047647,0.064752,-0.194255,0.210234,0.080393,-21.958000,-24.321001,-20.530001,NaN,-0.227433,true,Self-supervised model,0.260154,13.231000,16.312972,1.232936,0.000000,0.000000,0.599544,3.477468,false,false
2026-04-17T14:33:19.057704,0.918371,-0.100192,0.179094,79.739,E,1,0.923820,1,0.923820,0.527513,1.479461,0.995804,0.251391,9.174581,5.580884,-0.112739,0.650862,0.745181,0.995804,-0.017104,0.098960,-0.190590,0.215430,0.100427,-21.958000,-24.321001,-20.530001,NaN,-0.224248,true,Self-supervised model,0.263579,13.239000,16.487523,1.245375,0.000000,0.000000,0.529736,4.622397,false,false
2026-04-17T14:33:19.065677,0.918371,-0.100192,0.182156,79.563,E,1,0.923820,1,0.923820,0.640814,1.467915,1.235646,0.165200,9.224859,5.837064,-0.181864,0.700231,1.001710,1.235646,0.028100,0.116064,-0.185092,0.220272,0.119418,-21.958000,-24.321001,-20.530001,NaN,-0.221127,true,Self-supervised model,0.265682,13.247000,16.662928,1.257864,0.000000,0.000000,0.518607,5.609641,false,false
2026-04-17T14:33:19.072771,0.918371,-0.100192,0.185206,79.388,E,1,0.923820,1,0.923820,0.764531,1.461780,1.414043,0.086191,9.239224,6.028600,-0.244138,0.711645,1.197279,1.414043,0.101404,0.120951,-0.162490,0.226528,0.157835,-21.958000,-24.321001,-20.530001,NaN,-0.218121,true,Self-supervised model,0.267182,13.254000,16.837703,1.270387,0.000000,0.000000,0.540670,6.242244,false,false
2026-04-17T14:33:19.080951,0.918371,-0.100192,0.188200,79.217,E,1,0.923820,1,0.923820,0.867732,1.460018,1.409541,0.148441,9.165004,6.071695,-0.167462,0.632204,1.248631,1.409541,0.188147,0.110567,-0.121562,0.249803,0.218229,-21.958000,-24.321001,-20.530001,NaN,-0.215355,true,Self-supervised model,0.266612,13.262000,17.009223,1.282553,0.000000,0.000000,0.615613,5.642615,false,false
2026-04-17T14:33:19.089118,0.918371,-0.100192,0.191028,79.055,E,1,0.923820,1,0.923820,0.939012,1.461178,1.313232,0.313640,9.059659,6.016629,0.008836,0.519362,1.206136,1.313232,0.269392,0.083078,-0.087965,0.295316,0.281911,-21.958000,-24.321001,-20.530001,NaN,-0.213185,true,Self-supervised model,0.264532,13.271000,17.171302,1.293897,0.000000,0.000000,0.715039,4.446873,false,false
2026-04-17T14:33:19.096895,0.918371,-0.100192,0.193593,78.908,E,1,0.923820,1,0.923820,0.964581,1.463314,1.098815,0.387861,9.181764,5.686229,0.090601,0.629977,0.895720,1.098815,0.324980,0.060476,-0.062919,0.336494,0.330559,-21.958000,-24.321001,-20.530001,NaN,-0.211675,true,Self-supervised model,0.260615,13.278000,17.318266,1.304283,0.000000,0.000000,0.877837,3.265481,false,false
2026-04-17T14:33:19.104882,0.918371,-0.100192,0.195820,78.780,E,1,0.923820,1,0.923820,0.958085,1.465105,0.923981,0.553061,9.291897,5.274426,0.260923,0.726999,0.507081,0.923981,0.356745,0.052534,-0.037263,0.362513,0.360593,-21.958000,-24.321001,-20.530001,NaN,-0.210803,true,Self-supervised model,0.257147,13.286000,17.445830,1.313099,0.000000,0.000000,1.036910,2.548821,false,false
2026-04-17T14:33:19.112974,0.918371,-0.100192,0.197679,78.674,E,1,0.923820,1,0.923820,0.947634,1.466406,0.892767,0.766145,9.311050,4.920084,0.477309,0.734032,0.174377,0.892767,0.343917,0.032376,-0.038485,0.347575,0.345438,-21.958000,-24.321001,-20.530001,NaN,-0.210410,true,Self-supervised model,0.257025,13.294000,17.552382,1.320324,0.000000,0.000000,1.061457,2.568562,false,false
2026-04-17T14:33:19.120889,0.918371,-0.100192,0.199194,78.587,E,1,0.923820,1,0.923820,0.954330,1.467923,0.989485,1.022324,9.244013,4.637568,0.735426,0.656055,-0.088431,0.989485,0.290772,-0.014050,-0.057421,0.296720,0.291111,-21.958000,-24.321001,-20.530001,NaN,-0.210275,true,Self-supervised model,0.259756,13.302000,17.639177,1.326054,0.000000,0.000000,0.964472,3.334740,false,false
2026-04-17T14:33:19.131774,0.918371,-0.100192,0.200450,78.515,E,1,0.923820,1,0.923820,0.968220,1.469935,1.041141,1.146823,9.162610,4.560954,0.860105,0.566921,-0.150979,1.041141,0.189368,-0.091019,-0.092852,0.229709,0.210107,-21.958000,-24.321001,-20.530001,NaN,-0.210054,true,Self-supervised model,0.262137,13.313000,17.711140,1.330364,0.000000,0.000000,0.929960,4.532437,false,false
2026-04-17T14:33:19.136922,0.918371,-0.100192,0.201574,78.451,E,1,0.923820,1,0.923820,0.981303,1.472389,1.049986,1.170765,9.155427,4.831499,0.881589,0.556191,0.126191,1.049986,0.069028,-0.171042,-0.119730,0.219899,0.184446,-21.958000,-24.321001,-20.530001,NaN,-0.209462,true,Self-supervised model,0.262044,13.318000,17.775501,1.334697,0.000000,0.000000,0.934586,4.774863,false,false
2026-04-17T14:33:19.146384,0.918371,-0.100192,0.202649,78.389,E,1,0.923820,1,0.923820,1.015211,1.476102,1.193231,1.132457,9.234436,5.260061,0.843893,0.634604,0.555809,1.193231,-0.017104,-0.201586,-0.136834,0.244239,0.202310,-21.958000,-24.321001,-20.530001,NaN,-0.208579,true,Self-supervised model,0.264404,13.328000,17.837106,1.338318,0.000000,0.000000,0.850808,4.885504,false,false
2026-04-17T14:33:19.152695,0.918371,-0.100192,0.203905,78.317,E,1,0.923820,1,0.923820,1.105541,1.483280,1.579775,1.003170,9.428367,5.844246,0.716385,0.829862,1.137458,1.579775,-0.044593,-0.172875,-0.141721,0.227945,0.178534,-21.958000,-24.321001,-20.530001,NaN,-0.206598,true,Self-supervised model,0.269616,13.334000,17.909089,1.343115,0.000000,0.000000,0.699809,6.930501,false,false
2026-04-17T14:33:19.165613,0.918371,-0.100192,0.205356,78.234,E,1,0.923820,1,0.923820,1.232540,1.495250,1.899283,0.794875,9.540894,6.275203,0.512752,0.943110,1.566813,1.899283,-0.004887,-0.085521,-0.141110,0.165075,0.085661,-21.958000,-24.321001,-20.530001,NaN,-0.204368,true,Self-supervised model,0.276147,13.347000,17.992228,1.348035,0.000000,0.000000,0.648950,11.505580,false,false
2026-04-17T14:33:19.168800,0.918371,-0.100192,0.206970,78.141,E,1,0.923820,1,0.923820,1.365091,1.512044,2.060984,0.588974,9.696517,6.421249,0.316087,1.096642,1.716135,2.060984,0.078802,0.038485,-0.138056,0.163555,0.087697,-21.958000,-24.321001,-20.530001,NaN,-0.202102,true,Self-supervised model,0.276539,13.350000,18.084703,1.354659,0.000000,0.000000,0.662349,12.601201,false,false
2026-04-17T14:33:19.176961,0.918371,-0.100192,0.208712,78.042,E,1,0.923820,1,0.923820,1.478162,1.532689,2.071782,0.418985,9.840169,6.351817,0.159931,1.234880,1.655830,2.071782,0.173486,0.169210,-0.133779,0.276814,0.242341,-21.958000,-24.321001,-20.530001,NaN,-0.199851,true,Self-supervised model,0.273934,13.358000,18.184478,1.361317,0.000000,0.000000,0.713473,7.484376,false,false
2026-04-17T14:33:19.184918,0.918371,-0.100192,0.210535,77.937,E,1,0.923820,1,0.923820,1.527559,1.554483,1.786896,0.210690,9.911995,5.908890,-0.030297,1.298274,1.227422,1.786896,0.242514,0.281609,-0.129503,0.393557,0.371640,-21.958000,-24.321001,-20.530001,NaN,-0.197702,true,Self-supervised model,0.268650,13.366000,18.288931,1.368317,0.000000,0.000000,0.854867,4.540369,false,false
2026-04-17T14:33:19.194318,0.918371,-0.100192,0.212396,77.831,E,1,0.923820,1,0.923820,1.513459,1.574842,1.439436,-0.023942,9.933543,5.209783,-0.242509,1.309469,0.546311,1.439436,0.279776,0.408669,-0.125227,0.510849,0.495263,-21.958000,-24.321001,-20.530001,NaN,-0.195685,true,Self-supervised model,0.262921,13.376000,18.395605,1.375269,0.000000,0.000000,1.051425,2.817732,false,false
2026-04-17T14:33:19.201654,0.918371,-0.100192,0.214266,77.723,E,1,0.923820,1,0.923820,1.503925,1.594006,1.453870,-0.220267,10.024523,4.541800,-0.412614,1.390216,-0.103858,1.453870,0.251676,0.500299,-0.121562,0.573077,0.560035,-22.734001,-25.890001,-21.143002,NaN,-0.193783,true,Self-supervised model,0.262250,13.383000,18.502733,1.382555,0.000000,0.000000,1.034429,2.536954,false,false
2026-04-17T14:33:19.208875,0.918371,-0.100192,0.216137,77.616,E,1,0.923820,1,0.923820,1.515328,1.612859,1.575195,-0.359130,10.077195,4.249708,-0.524169,1.435255,-0.382789,1.575195,0.163101,0.494801,-0.122784,0.535262,0.520989,-22.734001,-25.890001,-21.143002,NaN,-0.191906,true,Self-supervised model,0.264202,13.390000,18.609944,1.389839,0.000000,0.000000,0.961994,2.942846,false,false
2026-04-17T14:33:19.217032,0.918371,-0.100192,0.218024,77.508,E,1,0.923820,1,0.923820,1.515608,1.630969,1.517080,-0.486023,9.928755,4.113238,-0.626141,1.283059,-0.513068,1.517080,0.058032,0.399506,-0.125838,0.422857,0.403699,-22.734001,-25.890001,-21.143002,NaN,-0.189960,true,Self-supervised model,0.264637,13.398000,18.718015,1.397075,0.000000,0.000000,0.999030,3.587691,false,false
2026-04-17T14:33:19.226062,0.918371,-0.100192,0.219946,77.398,E,1,0.923820,1,0.923820,1.482388,1.647025,1.307981,-0.588974,9.658210,4.204218,-0.709686,1.013444,-0.424372,1.307981,-0.078191,0.206472,-0.130114,0.256270,0.220782,-22.734001,-25.890001,-21.143002,NaN,-0.187891,true,Self-supervised model,0.263714,13.408000,18.828182,1.404250,0.000000,0.000000,1.133341,5.103914,false,false
2026-04-17T14:33:19.233143,0.918371,-0.100192,0.221925,77.285,E,1,0.923820,1,0.923820,1.427350,1.660238,1.138402,-0.656011,9.471462,4.515464,-0.766425,0.832533,-0.124265,1.138402,-0.215635,-0.062308,-0.113621,0.251576,0.224457,-22.734001,-25.890001,-21.143002,NaN,-0.185688,true,Self-supervised model,0.260086,13.415000,18.941567,1.411969,0.000000,0.000000,1.253819,4.525076,false,false
2026-04-17T14:33:19.241306,0.918371,-0.100192,0.223939,77.169,E,1,0.923820,1,0.923820,1.385019,1.671230,1.162777,-0.689530,9.428367,4.920084,-0.802436,0.800206,0.260417,1.162777,-0.340252,-0.348804,-0.072693,0.492666,0.487274,-22.734001,-25.890001,-21.143002,NaN,-0.183534,true,Self-supervised model,0.257827,13.423000,19.056957,1.419724,0.000000,0.000000,1.191130,2.360172,false,false
2026-04-17T14:33:19.249267,0.918371,-0.100192,0.225885,77.058,E,1,0.923820,1,0.923820,1.387552,1.681883,1.400855,-0.584185,9.378088,5.619191,-0.712346,0.764530,0.932979,1.400855,-0.418443,-0.557720,-0.019548,0.697516,0.697242,-22.734001,-25.890001,-21.143002,NaN,-0.181861,true,Self-supervised model,0.259901,13.431000,19.168438,1.427179,0.000000,0.000000,0.990504,2.008349,false,false
2026-04-17T14:33:19.257487,0.918371,-0.100192,0.227609,76.959,E,1,0.923820,1,0.923820,1.468621,1.695352,1.894230,-0.263362,9.284714,6.430826,-0.417798,0.687907,1.714741,1.894230,-0.448986,-0.717156,0.031154,0.846683,0.846109,-22.734001,-25.890001,-21.143002,NaN,-0.181025,true,Self-supervised model,0.264585,13.439000,19.267197,1.433678,0.000000,0.000000,0.775313,2.237237,false,false
2026-04-17T14:33:19.268427,0.918371,-0.100192,0.228981,76.880,E,1,0.923820,1,0.923820,1.605717,1.713767,2.325470,0.071826,8.968679,7.034164,-0.114529,0.387961,2.290017,2.325470,-0.383013,-0.759305,0.058643,0.852457,0.850437,-22.734001,-25.890001,-21.143002,NaN,-0.181058,true,Self-supervised model,0.268654,13.450000,19.345828,1.438352,0.000000,0.000000,0.690491,2.727962,false,false
2026-04-17T14:33:19.272561,0.918371,-0.100192,0.229964,76.824,E,1,0.923820,1,0.923820,1.803487,1.739355,2.841780,0.292093,8.571242,7.606379,0.073538,0.003154,2.840827,2.841780,-0.273057,-0.708604,0.062308,0.761946,0.759394,-22.734001,-25.890001,-21.143002,NaN,-0.181633,true,Self-supervised model,0.273055,13.454000,19.402142,1.442110,0.000000,0.000000,0.634633,3.729636,false,false
2026-04-17T14:33:19.280978,0.918371,-0.100192,0.230597,76.788,E,1,0.923820,1,0.923820,2.011337,1.772235,3.102548,0.488417,8.176199,7.845799,0.241363,-0.384908,3.069103,3.102548,-0.120340,-0.594372,0.059865,0.609380,0.606432,-22.734001,-25.890001,-21.143002,NaN,-0.182399,true,Self-supervised model,0.277784,13.462000,19.438421,1.443947,0.000000,0.000000,0.648285,5.091322,false,false
2026-04-17T14:33:19.289052,0.918371,-0.100192,0.230938,76.768,E,1,0.923820,1,0.923820,2.161832,1.809819,2.951936,0.349553,7.788338,7.623138,0.081077,-0.772884,2.847806,2.951936,0.078802,-0.376904,0.053145,0.388704,0.385054,-22.734001,-25.890001,-21.143002,NaN,-0.183227,true,Self-supervised model,0.280754,13.470000,19.457953,1.444540,0.000000,0.000000,0.732344,7.594307,false,false
2026-04-17T14:33:19.297423,0.918371,-0.100192,0.231028,76.763,E,1,0.923820,1,0.923820,2.229511,1.848606,2.584826,0.153229,7.489063,7.105990,-0.126943,-1.079795,2.345049,2.584826,0.283441,-0.082467,0.059865,0.301204,0.295195,-22.734001,-25.890001,-21.143002,NaN,-0.184138,true,Self-supervised model,0.279848,13.479000,19.463137,1.443960,0.000000,0.000000,0.862538,8.581656,false,false
2026-04-17T14:33:19.304721,0.918371,-0.100192,0.230874,76.772,E,1,0.923820,1,0.923820,2.199457,1.884640,2.041670,-0.306458,7.352593,6.256049,-0.587608,-1.229990,1.519953,2.041670,0.430660,0.208305,0.081245,0.485242,0.478392,-22.734001,-25.890001,-21.143002,NaN,-0.185272,true,Self-supervised model,0.270778,13.486000,19.454289,1.442554,0.000000,0.000000,1.077283,4.207529,false,false
2026-04-17T14:33:19.313898,0.918371,-0.100192,0.230449,76.796,E,1,0.923820,1,0.923820,2.110948,1.915693,1.646275,-0.687136,7.532158,5.509058,-0.959520,-1.068354,0.805084,1.646275,0.556498,0.516792,0.133169,0.771037,0.759450,-22.734001,-25.890001,-21.143002,NaN,-0.186778,true,Self-supervised model,0.262495,13.495000,19.429953,1.439789,0.000000,0.000000,1.282257,2.135143,false,false
2026-04-17T14:33:19.320643,0.918371,-0.100192,0.229657,76.842,E,1,0.923820,1,0.923820,2.016802,1.941737,1.522536,-0.972046,7.730877,4.786009,-1.229816,-0.889772,0.118207,1.522536,0.631024,0.732427,0.194255,0.986091,0.966768,-22.734001,-25.890001,-21.143002,NaN,-0.189039,true,Self-supervised model,0.258554,13.502000,19.384577,1.435682,0.000000,0.000000,1.324634,1.544011,false,false
2026-04-17T14:33:19.330801,0.918371,-0.100192,0.228402,76.914,E,1,0.923820,1,0.923820,1.949280,1.964039,1.594791,-1.031901,7.800309,4.163517,-1.272059,-0.841462,-0.466010,1.594791,0.671341,0.868650,0.248622,1.125640,1.097840,-22.734001,-25.890001,-21.143002,NaN,-0.192146,true,Self-supervised model,0.258744,13.512000,19.312680,1.429298,0.000000,0.000000,1.222280,1.416786,false,false
2026-04-17T14:33:19.336691,0.918371,-0.100192,0.226628,77.015,E,1,0.923820,1,0.923820,1.929309,1.984649,1.824460,-0.943315,7.785944,3.493140,-1.163886,-0.876952,-1.097715,1.824460,0.673173,0.915687,0.265116,1.167018,1.136506,-22.734001,-25.890001,-21.143002,NaN,-0.195997,true,Self-supervised model,0.260453,13.518000,19.211028,1.421144,0.000000,0.000000,1.057468,1.563352,false,false
2026-04-17T14:33:19.347051,0.918371,-0.100192,0.224390,77.143,E,1,0.923820,1,0.923820,1.968089,2.005987,2.171684,-0.837971,7.869741,2.827552,-1.039058,-0.814094,-1.724477,2.171684,0.630413,0.879035,0.251066,1.110476,1.081722,-22.734001,-25.890001,-21.143002,NaN,-0.200090,true,Self-supervised model,0.264974,13.528000,19.082803,1.410615,0.000000,0.000000,0.906250,1.955633,false,false
2026-04-17T14:33:19.352822,0.918371,-0.100192,0.221800,77.292,E,1,0.923820,1,0.923820,2.057021,2.030028,2.523916,-0.720655,8.013393,2.264915,-0.890726,-0.685321,-2.259888,2.523916,0.529009,0.764192,0.219301,0.954952,0.929430,-22.734001,-25.890001,-21.143002,NaN,-0.204091,true,Self-supervised model,0.267928,13.534000,18.934373,1.399023,0.000000,0.000000,0.815012,2.642977,false,false
2026-04-17T14:33:19.364862,0.918371,-0.100192,0.219554,77.420,E,1,0.923820,1,0.923820,2.156389,2.057083,2.678069,-0.560243,8.097190,1.989582,-0.707034,-0.615751,-2.508586,2.678069,0.373239,0.585209,0.163101,0.713007,0.694101,-23.507002,-27.566002,-19.947001,NaN,-0.204956,true,Self-supervised model,0.272805,13.546000,18.805724,1.388286,0.000000,0.000000,0.805203,3.756022,false,false
2026-04-17T14:33:19.368858,0.918371,-0.100192,0.217553,77.535,E,1,0.923820,1,0.923820,2.253704,2.086948,2.764607,-0.462081,8.142680,1.843535,-0.598862,-0.580071,-2.635893,2.764607,0.210138,0.403782,0.099571,0.465953,0.455190,-23.507002,-27.566002,-19.947001,NaN,-0.205981,true,Self-supervised model,0.274473,13.550000,18.691056,1.379414,0.000000,0.000000,0.815199,5.933232,false,false
2026-04-17T14:33:19.376937,0.918371,-0.100192,0.215554,77.650,E,1,0.923820,1,0.923820,2.299699,2.117458,2.541173,-0.418985,8.176199,2.054225,-0.549472,-0.549622,-2.419412,2.541173,0.008552,0.156382,0.024435,0.158510,0.156615,-23.507002,-27.566002,-19.947001,NaN,-0.207970,true,Self-supervised model,0.283395,13.558000,18.576526,1.370152,0.000000,0.000000,0.904975,16.031642,false,false
2026-04-17T14:33:19.384733,0.918371,-0.100192,0.213805,77.750,E,1,0.923820,1,0.923820,2.273972,2.145718,2.138906,-0.407014,8.106767,2.504335,-0.536560,-0.615097,-1.977038,2.138906,-0.195477,-0.128282,-0.036041,0.236572,0.233811,-23.507002,-27.566002,-19.947001,NaN,-0.208720,true,Self-supervised model,0.274652,13.566000,18.476315,1.361957,0.000000,0.000000,1.063147,9.041245,false,false
2026-04-17T14:33:19.394697,0.918371,-0.100192,0.212486,77.825,E,1,0.923820,1,0.923820,2.180144,2.169095,1.687545,-0.363919,7.991845,3.059790,-0.499569,-0.719083,-1.442622,1.687545,-0.381180,-0.420275,-0.083689,0.573527,0.567388,-23.507002,-27.566002,-19.947001,NaN,-0.208320,true,Self-supervised model,0.263528,13.576000,18.400724,1.355386,0.000000,0.000000,1.291903,2.942398,false,false
2026-04-17T14:33:19.401370,0.918371,-0.100192,0.211704,77.870,E,1,0.923820,1,0.923820,2.018460,2.185070,1.169622,-0.225055,7.783550,3.902549,-0.373969,-0.910855,-0.631273,1.169622,-0.508851,-0.643241,-0.109956,0.827513,0.820176,-23.507002,-27.566002,-19.947001,NaN,-0.206950,true,Self-supervised model,0.251806,13.583000,18.355949,1.351391,0.000000,0.000000,1.725737,1.413417,false,false
2026-04-17T14:33:19.408962,0.918371,-0.100192,0.211481,77.883,E,1,0.923820,1,0.923820,1.871107,2.194511,1.097505,0.009577,7.592013,4.671088,-0.158597,-1.081539,0.098167,1.097505,-0.611476,-0.831388,-0.132558,1.040519,1.032041,-23.507002,-27.566002,-19.947001,NaN,-0.204943,true,Self-supervised model,0.249512,13.590000,18.343126,1.349752,0.000000,0.000000,1.704874,1.054767,false,false
2026-04-17T14:33:19.416640,0.918371,-0.100192,0.211809,77.864,E,1,0.923820,1,0.923820,1.796906,2.200607,1.407347,0.196325,7.433996,5.324705,0.005469,-1.216060,0.708375,1.407347,-0.659124,-0.904081,-0.144775,1.128169,1.118841,-23.507002,-27.566002,-19.947001,NaN,-0.202404,true,Self-supervised model,0.255512,13.598000,18.361963,1.350343,0.000000,0.000000,1.276804,1.247461,false,false
2026-04-17T14:33:19.425085,0.918371,-0.100192,0.212644,77.816,E,1,0.923820,1,0.923820,1.778414,2.205719,1.681333,0.294487,7.335834,5.736507,0.080986,-1.289744,1.075585,1.681333,-0.668287,-0.863763,-0.142942,1.101420,1.092105,-23.507002,-27.566002,-19.947001,NaN,-0.199546,true,Self-supervised model,0.259400,13.607000,18.409790,1.352965,0.000000,0.000000,1.057740,1.526514,false,false
2026-04-17T14:33:19.433667,0.918371,-0.100192,0.213909,77.744,E,1,0.923820,1,0.923820,1.806186,2.211738,1.951986,0.339977,7.216124,6.076484,0.106661,-1.384943,1.371424,1.951986,-0.653015,-0.746477,-0.133779,1.000777,0.991795,-23.507002,-27.566002,-19.947001,NaN,-0.196560,true,Self-supervised model,0.262872,13.615000,18.482267,1.357493,0.000000,0.000000,0.925307,1.950471,false,false
2026-04-17T14:33:19.440808,0.918371,-0.100192,0.215506,77.652,E,1,0.923820,1,0.923820,1.846365,2.219123,2.057307,0.301669,7.189788,6.265626,0.053602,-1.387482,1.518069,2.057307,-0.613920,-0.554666,-0.114843,0.835308,0.827376,-23.507002,-27.566002,-19.947001,NaN,-0.193637,true,Self-supervised model,0.264840,13.622000,18.573740,1.363511,0.000000,0.000000,0.897467,2.462931,false,false
2026-04-17T14:33:19.449063,0.918371,-0.100192,0.217316,77.549,E,1,0.923820,1,0.923820,1.875285,2.227370,2.027118,0.251391,7.192182,6.289568,-0.005303,-1.362143,1.501247,2.027118,-0.577879,-0.323148,-0.083689,0.667362,0.662094,-23.507002,-27.566002,-19.947001,NaN,-0.190971,true,Self-supervised model,0.265885,13.631000,18.677473,1.370220,0.000000,0.000000,0.925099,3.037509,false,false
2026-04-17T14:33:19.457929,0.918371,-0.100192,0.219208,77.440,E,1,0.923820,1,0.923820,1.883705,2.235623,1.927906,0.213084,7.206547,6.227319,-0.046327,-1.325364,1.399317,1.927906,-0.556498,-0.096517,-0.040317,0.566243,0.564806,-23.507002,-27.566002,-19.947001,NaN,-0.188752,true,Self-supervised model,0.265639,13.639000,18.785886,1.377365,0.000000,0.000000,0.977073,3.404733,false,false
2026-04-17T14:33:19.465078,0.918371,-0.100192,0.221042,77.335,E,1,0.923820,1,0.923820,1.865462,2.242817,1.769685,0.301669,7.314286,6.172252,0.044082,-1.195055,1.304487,1.769685,-0.554055,0.068417,0.003054,0.558271,0.558263,-23.507002,-27.566002,-19.947001,NaN,-0.187152,true,Self-supervised model,0.263705,13.647000,18.890951,1.384257,0.000000,0.000000,1.054121,3.169937,false,false
2026-04-17T14:33:19.472485,0.918371,-0.100192,0.222673,77.242,E,1,0.923820,1,0.923820,1.834990,2.248504,1.675016,0.536301,7.378930,6.133945,0.283278,-1.106808,1.224912,1.675016,-0.568105,0.209527,0.048869,0.607481,0.605512,-23.507002,-27.566002,-19.947001,NaN,-0.186331,true,Self-supervised model,0.262139,13.654000,18.984407,1.390392,0.000000,0.000000,1.095506,2.757317,false,false
2026-04-17T14:33:19.480745,0.918371,-0.100192,0.223985,77.167,E,1,0.923820,1,0.923820,1.808612,2.252908,1.670126,0.751779,7.455544,6.186617,0.505151,-1.005232,1.234362,1.670126,-0.593150,0.315206,0.081856,0.676670,0.671701,-23.507002,-27.566002,-19.947001,NaN,-0.186297,true,Self-supervised model,0.261731,13.662000,19.059567,1.395079,0.000000,0.000000,1.082920,2.468153,false,false
2026-04-17T14:33:19.488914,0.918371,-0.100192,0.224920,77.113,E,1,0.923820,1,0.923820,1.793511,2.256532,1.714228,0.967257,7.637504,6.327875,0.728522,-0.797340,1.331196,1.714228,-0.589485,0.398895,0.098349,0.718528,0.711765,-23.507002,-27.566002,-19.947001,NaN,-0.186867,true,Self-supervised model,0.262068,13.670000,19.113158,1.398183,0.000000,0.000000,1.046250,2.385750,false,false
2026-04-17T14:33:19.497890,0.918371,-0.100192,0.225463,77.082,E,1,0.923820,1,0.923820,1.795766,2.260101,1.807608,1.096544,7.795521,6.502652,0.867606,-0.613558,1.462276,1.807608,-0.554666,0.452651,0.099571,0.722815,0.715924,-23.507002,-27.566002,-19.947001,NaN,-0.187897,true,Self-supervised model,0.263248,13.679000,19.144235,1.399535,0.000000,0.000000,0.993449,2.500789,false,false
2026-04-17T14:33:19.504836,0.918371,-0.100192,0.225645,77.071,E,1,0.923820,1,0.923820,1.793918,2.263454,1.784215,1.031901,7.960721,6.610391,0.814307,-0.424408,1.529773,1.784215,-0.473421,0.480140,0.084299,0.679535,0.674286,-23.507002,-27.566002,-19.947001,NaN,-0.189153,true,Self-supervised model,0.263391,13.686000,19.154701,1.399584,0.000000,0.000000,1.005438,2.625641,false,false
2026-04-17T14:33:19.516911,0.918371,-0.100192,0.225528,77.078,E,1,0.923820,1,0.923820,1.770098,2.265720,1.645041,0.873884,8.039729,6.610391,0.655426,-0.312614,1.476092,1.645041,-0.389732,0.478307,0.072693,0.621251,0.616984,-23.507002,-27.566002,-19.947001,NaN,-0.190467,true,Self-supervised model,0.262198,13.698000,19.148014,1.397869,0.000000,0.000000,1.076021,2.647947,false,false
2026-04-17T14:33:19.521796,0.918371,-0.100192,0.224951,77.111,E,1,0.923820,1,0.923820,1.704128,2.265256,1.357785,0.653617,8.063671,6.418855,0.449636,-0.269283,1.252555,1.357785,-0.231518,0.414777,0.061697,0.479007,0.475017,-22.592001,-29.079000,-20.313002,NaN,-0.192885,true,Self-supervised model,0.258689,13.703000,19.114951,1.394946,0.000000,0.000000,1.255079,2.834585,false,false
2026-04-17T14:33:19.531283,0.918371,-0.100192,0.224202,77.154,E,1,0.923820,1,0.923820,1.578902,2.259802,0.921468,0.435745,8.010999,6.016629,0.239812,-0.311607,0.833363,0.921468,-0.098960,0.320704,0.061697,0.341249,0.335625,-22.592001,-29.079000,-20.313002,NaN,-0.194325,true,Self-supervised model,0.250810,13.713000,19.072007,1.390798,0.000000,0.000000,1.713464,2.700280,false,false
2026-04-17T14:33:19.536588,0.918371,-0.100192,0.223354,77.203,E,1,0.923820,1,0.923820,1.398903,2.247366,0.453907,0.292093,7.999028,5.499481,0.099421,-0.318421,0.307823,0.453907,0.001833,0.206472,0.077580,0.220574,0.206481,-22.592001,-29.079000,-20.313002,NaN,-0.195565,true,Self-supervised model,0.231110,13.718000,19.023437,1.386750,0.000000,0.000000,3.081918,2.057843,false,false
2026-04-17T14:33:19.545999,0.918371,-0.100192,0.222394,77.258,E,1,0.923820,1,0.923820,1.231501,2.228731,0.352643,0.265756,7.977480,5.123591,0.070250,-0.338269,-0.070682,0.352643,0.059254,0.084910,0.105069,0.147514,0.103541,-22.592001,-29.079000,-20.313002,NaN,-0.196976,true,Self-supervised model,0.226545,13.727000,18.968418,1.381833,0.000000,0.000000,3.492205,2.390580,false,false
2026-04-17T14:33:19.552506,0.918371,-0.100192,0.221275,77.322,E,1,0.923820,1,0.923820,1.113603,2.206126,0.494636,0.332794,8.087613,4.774038,0.128187,-0.228268,-0.419675,0.494636,0.072082,-0.024435,0.127671,0.148636,0.076111,-22.592001,-29.079000,-20.313002,NaN,-0.198731,true,Self-supervised model,0.240019,13.734000,18.904291,1.376459,0.000000,0.000000,2.251357,3.327831,false,false
2026-04-17T14:33:19.560699,0.918371,-0.100192,0.219957,77.397,E,1,0.923820,1,0.923820,1.034165,2.181248,0.617116,0.430956,8.204929,4.623203,0.211705,-0.111636,-0.568815,0.617116,0.063530,-0.125838,0.144775,0.202067,0.140966,-22.592001,-29.079000,-20.313002,NaN,-0.200844,true,Self-supervised model,0.247185,13.742000,18.828769,1.370162,0.000000,0.000000,1.675804,3.054013,false,false
2026-04-17T14:33:19.568763,0.918371,-0.100192,0.218425,77.485,E,1,0.923820,1,0.923820,0.977578,2.155101,0.680499,0.579397,8.315063,4.601655,0.341650,-0.002148,-0.588515,0.680499,0.052534,-0.186314,0.154549,0.247706,0.193579,-22.592001,-29.079000,-20.313002,NaN,-0.203229,true,Self-supervised model,0.249824,13.750000,18.741031,1.362984,0.000000,0.000000,1.436561,2.747207,false,false
2026-04-17T14:33:19.576637,0.918371,-0.100192,0.216684,77.585,E,1,0.923820,1,0.923820,0.938828,2.128450,0.735391,0.746991,8.355764,4.639963,0.489010,0.037745,-0.547946,0.735391,0.051313,-0.205862,0.151495,0.260696,0.212160,-22.592001,-29.079000,-20.313002,NaN,-0.205808,true,Self-supervised model,0.251770,13.758000,18.641278,1.354941,0.000000,0.000000,1.276638,2.820873,false,false
2026-04-17T14:33:19.584846,0.918371,-0.100192,0.214766,77.695,E,1,0.923820,1,0.923820,0.918468,2.102051,0.811574,0.866701,8.437167,4.635174,0.581392,0.120393,-0.553300,0.811574,0.054367,-0.210749,0.136834,0.257088,0.217648,-22.592001,-29.079000,-20.313002,NaN,-0.208435,true,Self-supervised model,0.254217,13.766000,18.531382,1.346170,0.000000,0.000000,1.131711,3.156796,false,false
2026-04-17T14:33:19.593609,0.918371,-0.100192,0.212505,77.824,E,1,0.923820,1,0.923820,0.920067,2.076771,0.928466,1.015141,8.477868,4.601655,0.703265,0.160618,-0.584525,0.928466,0.053756,-0.199753,0.112399,0.235424,0.206860,-22.592001,-29.079000,-20.313002,NaN,-0.212067,true,Self-supervised model,0.257110,13.775000,18.401837,1.335887,0.000000,0.000000,0.990954,3.943803,false,false
2026-04-17T14:33:19.601129,0.918371,-0.100192,0.209999,77.968,E,1,0.923820,1,0.923820,0.929203,2.052869,0.977166,1.108515,8.532935,4.620809,0.770967,0.213945,-0.560974,0.977166,0.047037,-0.172875,0.078802,0.195724,0.179160,-22.592001,-29.079000,-20.313002,NaN,-0.215553,true,Self-supervised model,0.258545,13.783000,18.258252,1.324694,0.000000,0.000000,0.950916,4.992574,false,false
2026-04-17T14:33:19.608936,0.918371,-0.100192,0.207318,78.122,E,1,0.923820,1,0.923820,0.952485,2.030853,1.074717,1.283292,8.537724,4.666299,0.921179,0.216131,-0.509640,1.074717,0.036652,-0.153938,0.037874,0.162710,0.158241,-22.592001,-29.079000,-20.313002,NaN,-0.218934,true,Self-supervised model,0.261148,13.790000,18.104642,1.312882,0.000000,0.000000,0.886267,6.605087,false,false
2026-04-17T14:33:19.616785,0.918371,-0.100192,0.204528,78.281,E,1,0.923820,1,0.923820,0.985361,2.011034,1.157955,1.443704,8.571242,4.766856,1.057409,0.246592,-0.402414,1.157955,0.027489,-0.148440,-0.003665,0.151009,0.150964,-22.592001,-29.079000,-20.313002,NaN,-0.222164,true,Self-supervised model,0.262945,13.798000,17.944748,1.300533,0.000000,0.000000,0.850949,7.668139,false,false
2026-04-17T14:33:19.625561,0.918371,-0.100192,0.201681,78.445,E,1,0.923820,1,0.923820,1.016991,1.993272,1.183048,1.527501,8.626308,4.910508,1.116809,0.298387,-0.251609,1.183048,0.018937,-0.164323,-0.056200,0.174697,0.165410,-22.592001,-29.079000,-20.313002,NaN,-0.225236,true,Self-supervised model,0.262765,13.807000,17.781631,1.287871,0.000000,0.000000,0.859636,6.772009,false,false
2026-04-17T14:33:19.633502,0.918371,-0.100192,0.198833,78.608,E,1,0.923820,1,0.923820,1.049993,1.977541,1.223258,1.589750,8.726865,5.063736,1.154019,0.395446,-0.090679,1.223258,0.015882,-0.179594,-0.114843,0.213764,0.180295,-22.592001,-29.079000,-20.313002,NaN,-0.228084,true,Self-supervised model,0.262277,13.815000,17.618495,1.275316,0.000000,0.000000,0.858358,5.722456,false,false
2026-04-17T14:33:19.640637,0.918371,-0.100192,0.196029,78.768,E,1,0.923820,1,0.923820,1.085262,1.963850,1.270424,1.651999,8.760384,5.245696,1.192978,0.425402,0.099069,1.270424,0.027489,-0.211359,-0.176540,0.276758,0.213139,-22.592001,-29.079000,-20.313002,NaN,-0.230719,true,Self-supervised model,0.261916,13.822000,17.457799,1.263044,0.000000,0.000000,0.854252,4.590384,false,false
2026-04-17T14:33:19.649044,0.918371,-0.100192,0.193395,78.919,E,1,0.923820,1,0.923820,1.124217,1.952264,1.328727,1.678335,8.784326,5.497087,1.199423,0.445861,0.357920,1.328727,0.047037,-0.251676,-0.237016,0.348898,0.256034,-22.592001,-29.079000,-20.313002,NaN,-0.232669,true,Self-supervised model,0.262101,13.830000,17.306888,1.251402,0.000000,0.000000,0.846086,3.808351,false,false
2026-04-17T14:33:19.657629,0.918371,-0.100192,0.191111,79.050,E,1,0.923820,1,0.923820,1.143887,1.941929,1.247158,1.539472,8.853758,5.580884,1.044822,0.511079,0.450054,1.247158,0.081856,-0.309709,-0.309098,0.445153,0.320343,-22.592001,-29.079000,-20.313002,NaN,-0.233555,true,Self-supervised model,0.260232,13.839000,17.176011,1.241131,0.000000,0.000000,0.917195,2.801639,false,false
2026-04-17T14:33:19.666474,0.918371,-0.100192,0.189364,79.150,E,1,0.923820,1,0.923820,1.139883,1.931847,1.118859,1.364695,8.892065,5.588067,0.858935,0.544073,0.466969,1.118859,0.116675,-0.356134,-0.370184,0.526765,0.374760,-22.592001,-29.079000,-20.313002,NaN,-0.233150,true,Self-supervised model,0.257949,13.848000,17.075951,1.233099,0.000000,0.000000,1.018790,2.124019,false,false
2026-04-17T14:33:19.672785,0.918371,-0.100192,0.188312,79.211,E,1,0.923820,1,0.923820,1.096123,1.920418,0.866385,1.046266,8.880095,5.544971,0.533953,0.525830,0.434764,0.866385,0.134390,-0.399506,-0.417832,0.593506,0.421504,-22.592001,-29.079000,-20.313002,NaN,-0.231425,true,Self-supervised model,0.252793,13.854000,17.015668,1.228213,0.000000,0.000000,1.265169,1.459775,false,false
2026-04-17T14:33:19.681859,0.918371,-0.100192,0.188063,79.225,E,1,0.923820,1,0.923820,1.026133,1.906647,0.658683,0.780510,8.820239,5.489904,0.264634,0.459284,0.391012,0.658683,0.141721,-0.457538,-0.450208,0.657353,0.478984,-22.276001,-28.394001,-20.228001,NaN,-0.228464,true,Self-supervised model,0.247407,13.863000,17.001377,1.226385,0.000000,0.000000,1.557855,1.002023,false,false
2026-04-17T14:33:19.689153,0.918371,-0.100192,0.188659,79.191,E,1,0.923820,1,0.923820,0.943515,1.890122,0.509772,0.562637,8.662222,5.501875,0.044321,0.295159,0.413261,0.509772,0.127060,-0.516181,-0.462425,0.704574,0.531589,-22.276001,-28.394001,-20.228001,NaN,-0.224486,true,Self-supervised model,0.241585,13.871000,17.035520,1.228139,0.000000,0.000000,1.850855,0.723519,false,false
2026-04-17T14:33:19.698651,0.918371,-0.100192,0.190066,79.110,E,1,0.923820,1,0.923820,0.869851,1.871311,0.483115,0.433351,8.549694,5.521029,-0.087419,0.177798,0.440619,0.483115,0.102014,-0.569937,-0.459371,0.739092,0.578995,-22.276001,-28.394001,-20.228001,NaN,-0.219833,true,Self-supervised model,0.241118,13.880000,17.116159,1.233153,0.000000,0.000000,1.800506,0.653660,false,false
2026-04-17T14:33:19.704613,0.918371,-0.100192,0.192211,78.987,E,1,0.923820,1,0.923820,0.816857,1.851133,0.538641,0.385466,8.461109,5.588067,-0.138055,0.085827,0.513525,0.538641,0.083078,-0.591318,-0.445932,0.745261,0.597125,-22.276001,-28.394001,-20.228001,NaN,-0.214739,true,Self-supervised model,0.243833,13.886000,17.239048,1.241470,0.000000,0.000000,1.516516,0.722755,false,false
2026-04-17T14:33:19.713299,0.918371,-0.100192,0.194979,78.829,E,1,0.923820,1,0.923820,0.776001,1.830127,0.561504,0.383072,8.499416,5.600038,-0.142507,0.121995,0.529241,0.561504,0.062308,-0.576046,-0.428827,0.720836,0.579406,-22.276001,-28.394001,-20.228001,NaN,-0.209475,true,Self-supervised model,0.246020,13.895000,17.397677,1.252082,0.000000,0.000000,1.382003,0.778963,false,false
2026-04-17T14:33:19.720897,0.918371,-0.100192,0.198264,78.640,E,1,0.923820,1,0.923820,0.742573,1.808625,0.567076,0.459687,8.602366,5.585672,-0.065352,0.223620,0.517009,0.567076,0.042150,-0.519846,-0.412945,0.665237,0.521552,-22.276001,-28.394001,-20.228001,NaN,-0.204125,true,Self-supervised model,0.246717,13.902000,17.585880,1.264989,0.000000,0.000000,1.309476,0.852443,false,false
2026-04-17T14:33:19.730846,0.918371,-0.100192,0.201984,78.427,E,1,0.923820,1,0.923820,0.708186,1.786608,0.527657,0.536301,8.686164,5.497087,0.015250,0.306808,0.429019,0.527657,0.024435,-0.464868,-0.409280,0.619846,0.465510,-22.276001,-28.394001,-20.228001,NaN,-0.198666,true,Self-supervised model,0.246319,13.912000,17.799007,1.279400,0.000000,0.000000,1.342134,0.851270,false,false
2026-04-17T14:33:19.736695,0.918371,-0.100192,0.206073,78.193,E,1,0.923820,1,0.923820,0.692531,1.764845,0.610339,0.603339,8.829816,5.470751,0.090797,0.450702,0.401419,0.610339,-0.016493,-0.365297,-0.422719,0.558932,0.365670,-22.276001,-28.394001,-20.228001,NaN,-0.193098,true,Self-supervised model,0.248584,13.918000,18.033307,1.295682,0.000000,0.000000,1.134667,1.091972,false,false
2026-04-17T14:33:19.746428,0.918371,-0.100192,0.210516,77.938,E,1,0.923820,1,0.923820,0.692051,1.743933,0.689534,0.605733,8.882488,5.530606,0.105872,0.504836,0.457591,0.689534,-0.055589,-0.299324,-0.434936,0.530900,0.304442,-22.276001,-28.394001,-20.228001,NaN,-0.187243,true,Self-supervised model,0.252433,13.928000,18.287842,1.313027,0.000000,0.000000,1.003650,1.298804,false,false
2026-04-17T14:33:19.752685,0.918371,-0.100192,0.215303,77.664,E,1,0.923820,1,0.923820,0.709141,1.724541,0.798861,0.555455,8.877700,5.695806,0.071199,0.502861,0.616636,0.798861,-0.086743,-0.273668,-0.445932,0.530352,0.287086,-22.276001,-28.394001,-20.228001,NaN,-0.181075,true,Self-supervised model,0.253652,13.934000,18.562146,1.332148,0.000000,0.000000,0.887690,1.506283,false,false
2026-04-17T14:33:19.761899,0.918371,-0.100192,0.220429,77.370,E,1,0.923820,1,0.923820,0.758182,1.707887,1.015646,0.450110,8.939949,5.928043,-0.018038,0.568853,0.841199,1.015646,-0.102014,-0.288939,-0.441045,0.537041,0.306419,-22.276001,-28.394001,-20.228001,NaN,-0.174595,true,Self-supervised model,0.257792,13.943000,18.855852,1.352353,0.000000,0.000000,0.746502,1.891187,false,false
2026-04-17T14:33:19.768774,0.918371,-0.100192,0.225848,77.060,E,1,0.923820,1,0.923820,0.842257,1.695262,1.283654,0.363919,9.011775,6.200983,-0.089788,0.644553,1.106462,1.283654,-0.094684,-0.325591,-0.423330,0.542386,0.339079,-22.276001,-28.394001,-20.228001,NaN,-0.168007,true,Self-supervised model,0.259321,13.950000,19.166311,1.373929,0.000000,0.000000,0.656140,2.366680,false,false
2026-04-17T14:33:19.776950,0.918371,-0.100192,0.231473,76.738,E,1,0.923820,1,0.923820,0.954237,1.687621,1.542129,0.316035,9.090784,6.454768,-0.126856,0.726611,1.354291,1.542129,-0.057421,-0.394008,-0.386067,0.554605,0.398170,-22.276001,-28.394001,-20.228001,NaN,-0.161557,true,Self-supervised model,0.262149,13.958000,19.488588,1.396231,0.000000,0.000000,0.618779,2.780587,false,false
2026-04-17T14:33:19.785087,0.918371,-0.100192,0.237188,76.410,E,1,0.923820,1,0.923820,1.080651,1.685342,1.744324,0.306458,9.196129,6.629545,-0.130368,0.832832,1.527109,1.744324,0.000000,-0.469755,-0.351858,0.586919,0.469755,-22.276001,-28.394001,-20.228001,NaN,-0.155478,true,Self-supervised model,0.263341,13.967000,19.816073,1.418778,0.000000,0.000000,0.619524,2.972000,false,false
2026-04-17T14:33:19.793173,0.918371,-0.100192,0.242874,76.084,E,1,0.923820,1,0.923820,1.194294,1.687700,1.790923,0.356736,9.263166,6.646304,-0.079394,0.897429,1.547812,1.790923,0.074526,-0.546114,-0.315817,0.635244,0.551175,-22.276001,-28.394001,-20.228001,NaN,-0.149914,true,Self-supervised model,0.263214,13.975000,20.141814,1.441275,0.000000,0.000000,0.666860,2.819269,false,false
2026-04-17T14:33:19.801499,0.918371,-0.100192,0.248410,75.767,E,1,0.923820,1,0.923820,1.261960,1.692670,1.617208,0.426168,9.277532,6.428432,-0.013494,0.906240,1.339369,1.617208,0.131947,-0.595594,-0.291994,0.676315,0.610034,-22.276001,-28.394001,-20.228001,NaN,-0.144972,true,Self-supervised model,0.261246,13.983000,20.459038,1.463136,0.000000,0.000000,0.780333,2.391205,false,false
2026-04-17T14:33:19.808863,0.918371,-0.100192,0.253725,75.463,E,1,0.923820,1,0.923820,1.269458,1.697742,1.308819,0.572214,9.246407,6.047753,0.126007,0.867389,0.971991,1.308819,0.178984,-0.632246,-0.276111,0.712746,0.657092,-22.276001,-28.394001,-20.228001,NaN,-0.140544,true,Self-supervised model,0.256901,13.990000,20.763564,1.484172,0.000000,0.000000,0.969926,1.836305,false,false
2026-04-17T14:33:19.816766,0.918371,-0.100192,0.258791,75.172,E,1,0.923820,1,0.923820,1.222517,1.700733,0.976076,0.656011,9.232041,5.506664,0.202311,0.844480,0.445700,0.976076,0.184481,-0.642019,-0.275500,0.722581,0.667999,-22.276001,-28.394001,-20.228001,NaN,-0.136472,true,Self-supervised model,0.251214,13.998000,21.053844,1.504061,0.000000,0.000000,1.252481,1.350819,false,false
2026-04-17T14:33:19.825269,0.918371,-0.100192,0.263637,74.895,E,1,0.923820,1,0.923820,1.163985,1.701263,0.856693,0.828394,9.157822,5.178658,0.367288,0.762858,0.130651,0.856693,0.131336,-0.673173,-0.295659,0.746877,0.685866,-22.276001,-28.394001,-20.228001,NaN,-0.132511,true,Self-supervised model,0.249025,14.007000,21.331454,1.522914,0.000000,0.000000,1.358695,1.147034,false,false
2026-04-17T14:33:19.833430,0.918371,-0.100192,0.268351,74.625,E,1,0.923820,1,0.923820,1.098886,1.699168,0.757115,0.888249,8.990228,4.821922,0.419391,0.591215,-0.218629,0.757115,0.042761,-0.721432,-0.318872,0.789919,0.722698,-22.276001,-28.394001,-20.228001,NaN,-0.128323,true,Self-supervised model,0.246548,14.015000,21.601537,1.541316,0.000000,0.000000,1.451413,0.958472,false,false
2026-04-17T14:33:19.841494,0.918371,-0.100192,0.273050,74.355,E,1,0.923820,1,0.923820,1.039032,1.694762,0.724803,0.864307,8.779537,4.560954,0.386586,0.381319,-0.480089,0.724803,-0.097738,-0.772134,-0.331089,0.845791,0.778295,-22.877001,-28.555002,-22.146002,NaN,-0.123680,true,Self-supervised model,0.245813,14.023000,21.870804,1.559638,0.000000,0.000000,1.433538,0.856952,false,false
2026-04-17T14:33:19.849161,0.918371,-0.100192,0.277822,74.082,E,1,0.923820,1,0.923820,0.997609,1.688876,0.780135,0.847547,8.722076,4.443638,0.359947,0.330781,-0.607974,0.780135,-0.273668,-0.800233,-0.326202,0.906463,0.845735,-22.877001,-28.555002,-22.146002,NaN,-0.118620,true,Self-supervised model,0.247113,14.031000,22.144200,1.578234,0.000000,0.000000,1.278765,0.860636,false,false
2026-04-17T14:33:19.857790,0.918371,-0.100192,0.282709,73.802,E,1,0.923820,1,0.923820,0.949096,1.681285,0.694401,0.871489,8.781932,4.649539,0.371725,0.404838,-0.424406,0.694401,-0.466090,-0.825890,-0.302378,0.995373,0.948332,-22.877001,-28.555002,-22.146002,NaN,-0.113270,true,Self-supervised model,0.244778,14.039000,22.424223,1.597281,0.000000,0.000000,1.366783,0.697629,false,false
2026-04-17T14:33:19.866417,0.918371,-0.100192,0.287686,73.517,E,1,0.923820,1,0.923820,0.933028,1.673355,0.848671,1.077391,8.923190,5.394136,0.562179,0.567636,0.286332,0.848671,-0.614530,-0.864985,-0.282220,1.097950,1.061059,-22.877001,-28.555002,-22.146002,NaN,-0.107934,true,Self-supervised model,0.248367,14.048000,22.709393,1.616557,0.000000,0.000000,1.099398,0.772960,false,false
2026-04-17T14:33:19.872897,0.918371,-0.100192,0.292711,73.229,E,1,0.923820,1,0.923820,1.044979,1.670220,1.632722,1.443704,8.872911,6.392519,0.908807,0.544719,1.242229,1.632722,-0.724486,-0.937067,-0.266948,1.214181,1.184473,-22.877001,-28.555002,-22.146002,NaN,-0.102717,true,Self-supervised model,0.256716,14.054000,22.997306,1.636353,0.000000,0.000000,0.640022,1.344710,false,false
2026-04-17T14:33:19.881135,0.918371,-0.100192,0.297760,72.940,E,1,0.923820,1,0.923820,1.265616,1.676036,2.423961,1.836353,8.659827,7.223307,1.277838,0.361292,2.027853,2.423961,-0.739147,-0.994489,-0.254120,1.264881,1.239091,-22.877001,-28.555002,-22.146002,NaN,-0.097573,true,Self-supervised model,0.262634,14.063000,23.286588,1.655876,0.000000,0.000000,0.522127,1.916356,false,false
2026-04-17T14:33:19.888806,0.918371,-0.100192,0.302792,72.651,E,1,0.923820,1,0.923820,1.619093,1.695758,3.474850,2.360683,8.441956,8.219295,1.776416,0.171851,2.981510,3.474850,-0.682947,-1.034806,-0.252898,1.265384,1.239855,-22.877001,-28.555002,-22.146002,NaN,-0.092608,true,Self-supervised model,0.268357,14.070000,23.574906,1.675544,0.000000,0.000000,0.465946,2.746083,false,false
2026-04-17T14:33:19.896799,0.918371,-0.100192,0.307797,72.365,E,1,0.923820,1,0.923820,2.052267,1.732018,4.326426,2.801216,8.145074,9.002198,2.189579,-0.101200,3.730075,4.326426,-0.546724,-1.059240,-0.257785,1.219570,1.192014,-22.877001,-28.555002,-22.146002,NaN,-0.087714,true,Self-supervised model,0.274157,14.078000,23.861644,1.694960,0.000000,0.000000,0.474356,3.547501,false,false
2026-04-17T14:33:19.904938,0.918371,-0.100192,0.312755,72.080,E,1,0.923820,1,0.923820,2.511420,1.785194,4.921975,3.208230,7.790732,9.469068,2.569748,-0.439323,4.174833,4.921975,-0.333532,-1.031751,-0.272446,1.118026,1.084322,-22.877001,-28.555002,-22.146002,NaN,-0.082941,true,Self-supervised model,0.280170,14.086000,24.145725,1.714165,0.000000,0.000000,0.510246,4.402381,false,false
2026-04-17T14:33:19.912618,0.918371,-0.100192,0.317642,71.800,E,1,0.923820,1,0.923820,2.926458,1.852845,5.105410,3.308787,7.611167,9.622296,2.647938,-0.613076,4.321778,5.105410,-0.060476,-0.932180,-0.301157,0.981485,0.934140,-22.877001,-28.555002,-22.146002,NaN,-0.078337,true,Self-supervised model,0.284173,14.094000,24.425748,1.733060,0.000000,0.000000,0.573207,5.201719,false,false
2026-04-17T14:33:19.920637,0.918371,-0.100192,0.322455,71.525,E,1,0.923820,1,0.923820,3.224767,1.929722,4.790886,3.124433,7.474698,9.337387,2.447869,-0.755682,4.048391,4.790886,0.205251,-0.812451,-0.325591,0.899007,0.837976,-22.877001,-28.555002,-22.146002,NaN,-0.073822,true,Self-supervised model,0.285669,14.102000,24.701509,1.751632,0.000000,0.000000,0.673104,5.329086,false,false
2026-04-17T14:33:19.931659,0.918371,-0.100192,0.327190,71.253,E,1,0.923820,1,0.923820,3.333145,2.007859,3.902133,2.743755,7.333440,8.444349,2.059435,-0.915566,3.185452,3.902133,0.497244,-0.664011,-0.350637,0.900615,0.829555,-22.877001,-28.555002,-22.146002,NaN,-0.069401,true,Self-supervised model,0.282181,14.113000,24.972770,1.769487,0.000000,0.000000,0.854185,4.332741,false,false
2026-04-17T14:33:19.936672,0.918371,-0.100192,0.331824,70.988,E,1,0.923820,1,0.923820,3.213188,2.078072,2.583411,2.111686,7.278373,7.120356,1.426928,-0.999743,1.907459,2.583411,0.715934,-0.548557,-0.371406,0.975407,0.901929,-22.877001,-28.555002,-22.146002,NaN,-0.065169,true,Self-supervised model,0.268688,14.118000,25.238281,1.787667,0.000000,0.000000,1.243777,2.648547,false,false
2026-04-17T14:33:19.946111,0.918371,-0.100192,0.336356,70.728,E,1,0.923820,1,0.923820,2.953107,2.135073,1.587680,1.601721,7.328651,5.997475,0.920603,-0.984098,0.839506,1.587680,0.816116,-0.505796,-0.377515,1.031694,0.960143,-22.877001,-28.555002,-22.146002,NaN,-0.061043,true,Self-supervised model,0.255708,14.128000,25.497972,1.804783,0.000000,0.000000,1.860013,1.538906,false,false
2026-04-17T14:33:19.952798,0.918371,-0.100192,0.340796,70.474,E,1,0.923820,1,0.923820,2.670819,2.178503,1.188808,1.115698,7.292738,4.771644,0.437734,-1.054783,-0.330280,1.188808,0.801455,-0.525955,-0.373239,1.028721,0.958624,-22.877001,-28.555002,-22.146002,NaN,-0.056974,true,Self-supervised model,0.245728,14.134000,25.752343,1.822014,0.000000,0.000000,2.246636,1.155618,false,false
2026-04-17T14:33:19.961543,0.918371,-0.100192,0.345135,70.225,E,1,0.923820,1,0.923820,2.505499,2.213583,1.637569,0.857124,7.237672,3.890578,0.177646,-1.139091,-1.162989,1.637569,0.699441,-0.584598,-0.368963,0.983415,0.911577,-22.877001,-28.555002,-22.146002,NaN,-0.053034,true,Self-supervised model,0.256404,14.143000,26.000990,1.838435,0.000000,0.000000,1.530011,1.665185,false,false
2026-04-17T14:33:19.969339,0.918371,-0.100192,0.349334,69.985,E,1,0.923820,1,0.923820,2.426128,2.244085,2.009433,0.670376,7.307104,3.344700,-0.038649,-1.073712,-1.698078,2.009433,0.540616,-0.675617,-0.367741,0.940190,0.865288,-22.877001,-28.555002,-22.146002,NaN,-0.049403,true,Self-supervised model,0.261263,14.151000,26.241519,1.854393,0.000000,0.000000,1.207370,2.137263,false,false
2026-04-17T14:33:19.976609,0.918371,-0.100192,0.352767,69.788,E,1,0.923820,1,0.923820,2.389679,2.271908,2.198319,0.591368,7.364564,3.078943,-0.128740,-1.031332,-1.937108,2.198319,0.347582,-0.778853,-0.362243,0.926631,0.852893,-22.877001,-28.555002,-22.146002,NaN,-0.049026,true,Self-supervised model,0.263475,14.158000,26.438262,1.867373,0.000000,0.000000,1.087048,2.372377,false,false
2026-04-17T14:33:19.985094,0.918371,-0.100192,0.356281,69.587,E,1,0.923820,1,0.923820,2.366443,2.297690,2.244457,0.538695,7.431602,2.985569,-0.194482,-0.973640,-2.012906,2.244457,0.168599,-0.875981,-0.357967,0.961201,0.892058,-22.877001,-28.555002,-22.146002,NaN,-0.045193,true,Self-supervised model,0.263502,14.167000,26.639575,1.880396,0.000000,0.000000,1.054350,2.335054,false,false
2026-04-17T14:33:19.993811,0.918371,-0.100192,0.359983,69.375,E,1,0.923820,1,0.923820,2.298773,2.319733,1.943507,0.486023,7.580042,3.253720,-0.263730,-0.827311,-1.738741,1.943507,-0.049480,-1.012204,-0.356134,1.074168,1.013412,-22.877001,-28.555002,-22.146002,NaN,-0.040739,true,Self-supervised model,0.259043,14.175000,26.851664,1.894297,0.000000,0.000000,1.182797,1.809314,false,false
2026-04-17T14:33:20.001698,0.918371,-0.100192,0.363961,69.147,E,1,0.923820,1,0.923820,2.137271,2.334435,1.289385,0.430956,7.728483,3.952827,-0.341081,-0.673512,-1.045256,1.289385,-0.241292,-1.166142,-0.342085,1.239004,1.190844,-24.510000,-32.559002,-19.837002,NaN,-0.035652,true,Self-supervised model,0.247420,14.183000,27.079638,1.909303,0.000000,0.000000,1.657590,1.040663,false,false
2026-04-17T14:33:20.008801,0.918371,-0.100192,0.368247,68.901,E,1,0.923820,1,0.923820,1.913640,2.339603,0.739574,0.514753,7.773973,4.721366,-0.286208,-0.616545,-0.291422,0.739574,-0.366519,-1.310306,-0.324980,1.398875,1.360602,-24.510000,-32.559002,-19.837002,NaN,-0.030141,true,Self-supervised model,0.231051,14.190000,27.325165,1.925664,0.000000,0.000000,2.587488,0.528692,false,false
2026-04-17T14:33:20.017286,0.918371,-0.100192,0.372819,68.639,E,1,0.923820,1,0.923820,1.738543,2.337561,0.819287,0.699107,7.709330,5.487510,-0.135897,-0.666793,0.456235,0.819287,-0.405004,-1.390329,-0.320093,1.483072,1.448117,-24.510000,-32.559002,-19.837002,NaN,-0.024418,true,Self-supervised model,0.235285,14.199000,27.587165,1.942895,0.000000,0.000000,2.122020,0.552426,false,false
2026-04-17T14:33:20.025850,0.918371,-0.100192,0.377627,68.364,E,1,0.923820,1,0.923820,1.651573,2.332121,1.194980,0.816423,7.611167,5.978322,-0.055148,-0.750108,0.928587,1.194980,-0.392786,-1.429425,-0.318261,1.516188,1.482409,-24.510000,-32.559002,-19.837002,NaN,-0.018672,true,Self-supervised model,0.245429,14.207000,27.862616,1.961189,0.000000,0.000000,1.382093,0.788148,false,false
2026-04-17T14:33:20.033352,0.918371,-0.100192,0.382627,68.077,E,1,0.923820,1,0.923820,1.614588,2.325420,1.420413,0.873884,7.642292,6.299145,-0.035145,-0.704865,1.232682,1.420413,-0.353080,-1.430646,-0.310930,1.506019,1.473572,-24.510000,-32.559002,-19.837002,NaN,-0.012900,true,Self-supervised model,0.248903,14.215000,28.149117,1.980240,0.000000,0.000000,1.136703,0.943158,false,false
2026-04-17T14:33:20.041402,0.918371,-0.100192,0.387772,67.782,E,1,0.923820,1,0.923820,1.606977,2.318682,1.567022,0.998382,7.584831,6.471527,0.050061,-0.742192,1.379204,1.567022,-0.306654,-1.415986,-0.297491,1.479038,1.448811,-24.510000,-32.559002,-19.837002,NaN,-0.007180,true,Self-supervised model,0.251272,14.223000,28.443860,1.999850,0.000000,0.000000,1.025497,1.059487,false,false
2026-04-17T14:33:20.048903,0.918371,-0.100192,0.393005,67.482,NE,1,0.923820,1,0.923820,1.611182,2.312382,1.633257,1.098939,7.505822,6.538565,0.112145,-0.800224,1.419363,1.633257,-0.270613,-1.375058,-0.287718,1.430663,1.401433,-24.510000,-32.559002,-19.837002,NaN,-0.001589,true,Self-supervised model,0.251867,14.230000,28.743725,2.019939,0.000000,0.000000,0.986484,1.141608,false,false
2026-04-17T14:33:20.056837,0.918371,-0.100192,0.398298,67.179,NE,1,0.923820,1,0.923820,1.597681,2.305794,1.526799,1.185130,7.474698,6.430826,0.161630,-0.809903,1.284153,1.526799,-0.228464,-1.303586,-0.275500,1.351826,1.323455,-24.510000,-32.559002,-19.837002,NaN,0.003938,true,Self-supervised model,0.251016,14.238000,29.046954,2.040101,0.000000,0.000000,1.046425,1.129435,false,false
2026-04-17T14:33:20.065688,0.918371,-0.100192,0.403611,66.875,NE,1,0.923820,1,0.923820,1.562240,2.298052,1.376177,1.185130,7.477092,6.296751,0.127553,-0.785975,1.122425,1.376177,-0.199142,-1.213789,-0.262061,1.257624,1.230017,-24.510000,-32.559002,-19.837002,NaN,0.009336,true,Self-supervised model,0.249972,14.247000,29.351387,2.060180,0.000000,0.000000,1.135203,1.094268,false,false
2026-04-17T14:33:20.072717,0.918371,-0.100192,0.408914,66.571,NE,1,0.923820,1,0.923820,1.498576,2.288073,1.164337,1.144428,7.527370,6.119579,0.055686,-0.714356,0.917755,1.164337,-0.182649,-1.134377,-0.246790,1.175192,1.148987,-24.510000,-32.559002,-19.837002,NaN,0.014596,true,Self-supervised model,0.246856,14.254000,29.655207,2.080483,0.000000,0.000000,1.287064,0.990763,false,false
2026-04-17T14:33:20.081134,0.918371,-0.100192,0.414175,66.269,NE,1,0.923820,1,0.923820,1.405051,2.274752,0.914045,1.029507,7.663840,5.918467,-0.088398,-0.569462,0.709490,0.914045,-0.178984,-1.057408,-0.231518,1.097154,1.072449,-24.510000,-32.559002,-19.837002,NaN,0.019694,true,Self-supervised model,0.242773,14.263000,29.956689,2.100308,0.000000,0.000000,1.537179,0.833105,false,false
2026-04-17T14:33:20.089480,0.918371,-0.100192,0.419217,65.981,NE,1,0.923820,1,0.923820,1.286073,2.257205,0.661440,0.900220,7.872135,5.719748,-0.244372,-0.352777,0.503322,0.661440,-0.179594,-0.979217,-0.222966,1.020213,0.995550,-24.510000,-32.559002,-19.837002,NaN,0.023854,true,Self-supervised model,0.236188,14.271000,30.245537,2.119371,0.000000,0.000000,1.944354,0.648335,false,false
2026-04-17T14:33:20.099464,0.918371,-0.100192,0.424063,65.703,NE,1,0.923820,1,0.923820,1.163660,2.235463,0.520994,0.816423,8.015787,5.552154,-0.351244,-0.201035,0.328097,0.520994,-0.175318,-0.883311,-0.218690,0.926715,0.900542,-24.510000,-32.559002,-19.837002,NaN,0.027919,true,Self-supervised model,0.232096,14.281000,30.523202,2.137329,0.000000,0.000000,2.233537,0.562195,false,false
2026-04-17T14:33:20.104734,0.918371,-0.100192,0.428745,65.435,NE,1,0.923820,1,0.923820,1.056117,2.210289,0.491516,0.749385,8.061277,5.401319,-0.436796,-0.148166,0.169836,0.491516,-0.165544,-0.794125,-0.224798,0.841768,0.811196,-24.510000,-32.559002,-19.837002,NaN,0.031943,true,Self-supervised model,0.231266,14.286000,30.791446,2.155358,0.000000,0.000000,2.148694,0.583909,false,false
2026-04-17T14:33:20.114030,0.918371,-0.100192,0.433307,65.173,NE,1,0.923820,1,0.923820,0.975619,2.182902,0.553006,0.663194,8.073248,5.202600,-0.536299,-0.130233,-0.035195,0.553006,-0.140499,-0.695776,-0.237016,0.748345,0.709819,-24.510000,-32.559002,-19.837002,NaN,0.036029,true,Self-supervised model,0.238043,14.295000,31.052863,2.172288,0.000000,0.000000,1.764210,0.738973,false,false
2026-04-17T14:33:20.121035,0.918371,-0.100192,0.437797,64.916,NE,1,0.923820,1,0.923820,0.931694,2.154854,0.701083,0.577003,8.063671,4.967968,-0.630713,-0.135659,-0.274435,0.701083,-0.106291,-0.601702,-0.252287,0.661054,0.611018,-24.510000,-32.559002,-19.837002,NaN,0.040226,true,Self-supervised model,0.244335,14.302000,31.310089,2.189211,0.000000,0.000000,1.328936,1.060553,false,false
2026-04-17T14:33:20.131994,0.918371,-0.100192,0.442253,64.661,NE,1,0.923820,1,0.923820,0.921177,2.127507,0.865962,0.512359,7.994239,4.776433,-0.699343,-0.202740,-0.468728,0.865962,-0.078802,-0.527177,-0.263283,0.594511,0.533034,-24.510000,-32.559002,-19.837002,NaN,0.044548,true,Self-supervised model,0.249876,14.313000,31.565395,2.205365,0.000000,0.000000,1.063761,1.456597,false,false
2026-04-17T14:33:20.136923,0.918371,-0.100192,0.446692,64.406,NE,1,0.923820,1,0.923820,0.934359,2.101781,1.003568,0.517148,7.979874,4.556166,-0.695897,-0.216259,-0.690006,1.003568,-0.062919,-0.503964,-0.275500,0.577788,0.507876,-24.510000,-32.559002,-19.837002,NaN,0.048922,true,Self-supervised model,0.249923,14.318000,31.819769,2.222361,0.000000,0.000000,0.931037,1.736915,false,false
2026-04-17T14:33:20.146708,0.918371,-0.100192,0.451137,64.152,NE,1,0.923820,1,0.923820,0.963304,2.078242,1.115267,0.495600,8.046912,4.400543,-0.708286,-0.148700,-0.848552,1.115267,-0.050702,-0.506407,-0.288328,0.584938,0.508939,-24.510000,-32.559002,-19.837002,NaN,0.053388,true,Self-supervised model,0.253776,14.328000,32.074439,2.238585,0.000000,0.000000,0.863743,1.906642,false,false
2026-04-17T14:33:20.152761,0.918371,-0.100192,0.455920,63.878,NE,1,0.923820,1,0.923820,1.000880,2.057147,1.198150,0.440533,8.137892,4.319140,-0.753925,-0.059511,-0.929311,1.198150,-0.037874,-0.530231,-0.304822,0.612777,0.531582,-24.510000,-32.559002,-19.837002,NaN,0.059525,true,Self-supervised model,0.253313,14.334000,32.348497,2.256767,0.000000,0.000000,0.835354,1.955279,false,false
2026-04-17T14:33:20.164653,0.918371,-0.100192,0.460986,63.587,NE,1,0.923820,1,0.923820,1.039196,2.038429,1.240358,0.387861,8.164227,4.295198,-0.797509,-0.037049,-0.949259,1.240358,-0.024435,-0.573602,-0.321926,0.658220,0.574123,-24.510000,-32.559002,-19.837002,NaN,0.065720,true,Self-supervised model,0.254611,14.346000,32.638741,2.275111,0.000000,0.000000,0.837820,1.884413,false,false
2026-04-17T14:33:20.169481,0.918371,-0.100192,0.466301,63.283,NE,1,0.923820,1,0.923820,1.078836,2.022046,1.286943,0.289698,8.219295,4.304775,-0.886817,0.012178,-0.932539,1.286943,-0.010385,-0.624915,-0.335976,0.709582,0.625001,-23.589001,-33.256001,-19.226002,NaN,0.072033,true,Self-supervised model,0.251265,14.351000,32.943279,2.295539,0.000000,0.000000,0.838293,1.813664,false,false
2026-04-17T14:33:20.176909,0.918371,-0.100192,0.471869,62.964,NE,1,0.923820,1,0.923820,1.123701,2.008112,1.359241,0.179565,8.243237,4.295198,-0.989189,0.028433,-0.931791,1.359241,0.009774,-0.689056,-0.348193,0.772096,0.689125,-23.589001,-33.256001,-19.226002,NaN,0.078611,true,Self-supervised model,0.253573,14.358000,33.262281,2.316637,0.000000,0.000000,0.826712,1.760456,false,false
2026-04-17T14:33:20.184806,0.918371,-0.100192,0.477677,62.631,NE,1,0.923820,1,0.923820,1.173451,1.996725,1.434642,0.093374,8.245630,4.256891,-1.068593,0.021544,-0.956996,1.434642,0.028711,-0.742201,-0.349415,0.820840,0.742756,-23.589001,-33.256001,-19.226002,NaN,0.085379,true,Self-supervised model,0.253806,14.366000,33.595036,2.338510,0.000000,0.000000,0.817940,1.747774,false,false
2026-04-17T14:33:20.193729,0.918371,-0.100192,0.483703,62.286,NE,1,0.923820,1,0.923820,1.207996,1.987176,1.389356,0.160412,8.207323,4.230555,-0.996105,-0.027127,-0.968167,1.389356,0.040928,-0.778853,-0.348804,0.854372,0.779928,-23.589001,-33.256001,-19.226002,NaN,0.092281,true,Self-supervised model,0.253256,14.375000,33.940330,2.361066,0.000000,0.000000,0.869465,1.626172,false,false
2026-04-17T14:33:20.201040,0.918371,-0.100192,0.489903,61.931,NE,1,0.923820,1,0.923820,1.220829,1.978522,1.288202,0.282516,8.123527,4.240131,-0.869750,-0.121694,-0.942438,1.288202,0.043982,-0.799012,-0.351248,0.873916,0.800221,-23.589001,-33.256001,-19.226002,NaN,0.099173,true,Self-supervised model,0.251269,14.382000,34.295542,2.384616,0.000000,0.000000,0.947700,1.474057,false,false
2026-04-17T14:33:20.208887,0.918371,-0.100192,0.496238,61.568,NE,1,0.923820,1,0.923820,1.225104,1.970386,1.247546,0.390255,8.104373,4.187459,-0.758317,-0.151485,-0.978969,1.247546,0.032987,-0.806953,-0.364076,0.885896,0.807627,-23.589001,-33.256001,-19.226002,NaN,0.106050,true,Self-supervised model,0.250521,14.390000,34.658526,2.408515,0.000000,0.000000,0.982011,1.408230,false,false
2026-04-17T14:33:20.217283,0.918371,-0.100192,0.502687,61.198,NE,1,0.923820,1,0.923820,1.218215,1.962299,1.182052,0.469264,8.118738,4.192247,-0.674879,-0.147060,-0.959249,1.182052,0.003665,-0.787405,-0.383623,0.875892,0.787414,-23.589001,-33.256001,-19.226002,NaN,0.112957,true,Self-supervised model,0.250020,14.399000,35.028051,2.432672,0.000000,0.000000,1.030594,1.349540,false,false
2026-04-17T14:33:20.225486,0.918371,-0.100192,0.509271,60.821,NE,1,0.923820,1,0.923820,1.193532,1.953548,1.063946,0.531513,8.149862,4.273650,-0.606259,-0.124558,-0.865400,1.063946,-0.038485,-0.753197,-0.402560,0.854893,0.754179,-23.589001,-33.256001,-19.226002,NaN,0.120077,true,Self-supervised model,0.248221,14.407000,35.405264,2.457504,0.000000,0.000000,1.121797,1.244538,false,false
2026-04-17T14:33:20.233152,0.918371,-0.100192,0.516023,60.434,NE,1,0.923820,1,0.923820,1.137384,1.942902,0.842604,0.588974,8.209718,4.486734,-0.539897,-0.071750,-0.642919,0.842604,-0.078802,-0.718378,-0.415388,0.833561,0.722687,-23.589001,-33.256001,-19.226002,NaN,0.127502,true,Self-supervised model,0.243408,14.415000,35.792122,2.482978,0.000000,0.000000,1.349844,1.010849,false,false
2026-04-17T14:33:20.240771,0.918371,-0.100192,0.522983,60.035,NE,1,0.923820,1,0.923820,1.064751,1.929776,0.683432,0.524330,8.286332,4.781221,-0.591637,-0.000792,-0.342116,0.683432,-0.117897,-0.663400,-0.436769,0.802973,0.673794,-23.589001,-33.256001,-19.226002,NaN,0.135295,true,Self-supervised model,0.239508,14.422000,36.190912,2.509424,0.000000,0.000000,1.557948,0.851127,false,false
2026-04-17T14:33:20.248744,0.918371,-0.100192,0.530215,59.621,NE,1,0.923820,1,0.923820,0.996719,1.914453,0.639550,0.471658,8.408437,5.066131,-0.626567,0.116571,-0.053367,0.639550,-0.136834,-0.593761,-0.448986,0.756878,0.609324,-23.589001,-33.256001,-19.226002,NaN,0.143611,true,Self-supervised model,0.238988,14.430000,36.605238,2.536745,0.000000,0.000000,1.558471,0.844984,false,false
2026-04-17T14:33:20.256581,0.918371,-0.100192,0.537772,59.188,NE,1,0.923820,1,0.923820,0.962146,1.898361,0.780634,0.373495,8.499416,5.394136,-0.701067,0.203077,0.276865,0.780634,-0.130114,-0.503353,-0.450208,0.687736,0.519898,-23.589001,-33.256001,-19.226002,NaN,0.152471,true,Self-supervised model,0.244070,14.438000,37.038226,2.565329,0.000000,0.000000,1.232518,1.135078,false,false
2026-04-17T14:33:20.266611,0.918371,-0.100192,0.545689,58.734,NE,1,0.923820,1,0.923820,0.953324,1.882559,0.907011,0.351948,8.571242,5.616797,-0.707428,0.274648,0.496773,0.907011,-0.106291,-0.415999,-0.450819,0.622568,0.429364,-23.589001,-33.256001,-19.226002,NaN,0.161832,true,Self-supervised model,0.248612,14.448000,37.491879,2.594953,0.000000,0.000000,1.051061,1.456887,false,false
2026-04-17T14:33:20.272519,0.918371,-0.100192,0.553526,58.285,NE,1,0.923820,1,0.923820,0.972381,1.868152,1.072429,0.280122,8.664616,5.784391,-0.759248,0.366422,0.662859,1.072429,-0.061087,-0.308487,-0.451429,0.550168,0.314477,-23.589001,-33.256001,-19.226002,NaN,0.169346,true,Self-supervised model,0.249052,14.454000,37.940911,2.624942,0.000000,0.000000,0.906709,1.949278,false,false
2026-04-17T14:33:20.280819,0.918371,-0.100192,0.561299,57.840,NE,1,0.923820,1,0.923820,0.997855,1.855340,1.131593,0.232238,8.681376,5.844246,-0.783130,0.380000,0.723056,1.131593,-0.009774,-0.215025,-0.441045,0.490766,0.215247,-23.589001,-33.256001,-19.226002,NaN,0.176863,true,Self-supervised model,0.252623,14.462000,38.386271,2.654285,0.000000,0.000000,0.881814,2.305768,false,false
2026-04-17T14:33:20.288664,0.918371,-0.100192,0.568996,57.399,NE,1,0.923820,1,0.923820,1.018808,1.843879,1.128813,0.208296,8.722076,5.820304,-0.780393,0.415981,0.701546,1.128813,0.032376,-0.141721,-0.431271,0.455113,0.145372,-23.589001,-33.256001,-19.226002,NaN,0.184252,true,Self-supervised model,0.252319,14.470000,38.827229,2.683292,0.000000,0.000000,0.902548,2.480294,false,false
2026-04-17T14:33:20.296905,0.918371,-0.100192,0.576577,56.965,NE,1,0.923820,1,0.923820,1.034945,1.833522,1.119661,0.184354,8.714894,5.813122,-0.776456,0.402668,0.699010,1.119661,0.080023,-0.084910,-0.411112,0.427349,0.116677,-23.589001,-33.256001,-19.226002,NaN,0.191376,true,Self-supervised model,0.252847,14.478000,39.261631,2.711813,0.000000,0.000000,0.924338,2.620017,false,false
2026-04-17T14:33:20.304513,0.918371,-0.100192,0.583979,56.540,NE,1,0.923820,1,0.923820,1.034128,1.823546,1.029839,0.181959,8.671799,5.717354,-0.751210,0.352229,0.610070,1.029839,0.117897,-0.056200,-0.384845,0.406404,0.130607,-23.589001,-33.256001,-19.226002,NaN,0.198058,true,Self-supervised model,0.250938,14.486000,39.685728,2.739592,0.000000,0.000000,1.004165,2.534030,false,false
2026-04-17T14:33:20.312691,0.918371,-0.100192,0.591146,56.130,NE,1,0.923820,1,0.923820,1.018508,1.813344,0.936503,0.215478,8.674192,5.647922,-0.677286,0.347028,0.545796,0.936503,0.139277,-0.062919,-0.356745,0.388103,0.152830,-23.589001,-33.256001,-19.226002,NaN,0.204283,true,Self-supervised model,0.249828,14.494000,40.096333,2.766409,0.000000,0.000000,1.087564,2.413026,false,false
2026-04-17T14:33:20.321626,0.918371,-0.100192,0.598514,55.708,NE,1,0.923820,1,0.923820,1.001331,1.802864,0.911154,0.246603,8.729259,5.645528,-0.610660,0.395022,0.548866,0.911154,0.139277,-0.107512,-0.331089,0.374936,0.175946,-23.660002,-33.203003,-15.961000,NaN,0.212457,true,Self-supervised model,0.249253,14.503000,40.518491,2.793801,0.000000,0.000000,1.098970,2.430160,false,false
2026-04-17T14:33:20.331292,0.918371,-0.100192,0.605910,55.284,NE,1,0.923820,1,0.923820,1.002405,1.792846,1.008044,0.277727,8.901642,5.722142,-0.550552,0.561051,0.631083,1.008044,0.131947,-0.171653,-0.301157,0.370904,0.216506,-23.660002,-33.203003,-15.961000,NaN,0.219969,true,Self-supervised model,0.251346,14.513000,40.942291,2.821077,0.000000,0.000000,0.994406,2.717800,false,false
2026-04-17T14:33:20.336902,0.918371,-0.100192,0.613184,54.867,NE,1,0.923820,1,0.923820,1.013688,1.783679,1.072920,0.344765,9.050082,5.750873,-0.461141,0.703530,0.665996,1.072920,0.134390,-0.213192,-0.268170,0.368004,0.252015,-23.660002,-33.203003,-15.961000,NaN,0.226748,true,Self-supervised model,0.249824,14.518000,41.359015,2.848809,0.000000,0.000000,0.944794,2.915514,false,false
2026-04-17T14:33:20.345595,0.918371,-0.100192,0.620188,54.466,NE,1,0.923820,1,0.923820,1.018467,1.775071,1.043560,0.476446,9.109938,5.724536,-0.311553,0.757245,0.646941,1.043560,0.145386,-0.217468,-0.251066,0.362579,0.261590,-23.660002,-33.203003,-15.961000,NaN,0.232676,true,Self-supervised model,0.251427,14.527000,41.760323,2.874669,0.000000,0.000000,0.975955,2.878161,false,false
2026-04-17T14:33:20.353162,0.918371,-0.100192,0.626831,54.085,NE,1,0.923820,1,0.923820,1.007165,1.766355,0.947830,0.622492,9.100361,5.640739,-0.150141,0.741385,0.571127,0.947830,0.142942,-0.210749,-0.241903,0.351233,0.254652,-23.660002,-33.203003,-15.961000,NaN,0.237877,true,Self-supervised model,0.249462,14.535000,42.140976,2.899276,0.000000,0.000000,1.062601,2.698581,false,false
2026-04-17T14:33:20.361871,0.918371,-0.100192,0.633087,53.727,NE,1,0.923820,1,0.923820,0.986187,1.757148,0.876054,0.768539,9.052477,5.604826,0.009334,0.688025,0.542222,0.876054,0.113010,-0.221133,-0.238848,0.344557,0.248337,-23.660002,-33.203003,-15.961000,NaN,0.242580,true,Self-supervised model,0.248734,14.543000,42.499382,2.922326,0.000000,0.000000,1.125715,2.542550,false,false
2026-04-17T14:33:20.369093,0.918371,-0.100192,0.638980,53.389,NE,1,0.923820,1,0.923820,0.974034,1.747823,0.910227,0.885855,9.047688,5.647922,0.137084,0.679550,0.589859,0.910227,0.061697,-0.240681,-0.226631,0.336297,0.248463,-23.660002,-33.203003,-15.961000,NaN,0.247023,true,Self-supervised model,0.249364,14.551000,42.837025,2.943923,0.000000,0.000000,1.070099,2.706620,false,false
2026-04-17T14:33:20.376644,0.918371,-0.100192,0.644516,53.072,NE,1,0.923820,1,0.923820,0.988452,1.739448,1.064147,0.948104,9.155427,5.743690,0.206842,0.785520,0.687448,1.064147,0.014050,-0.222966,-0.211359,0.307545,0.223408,-23.660002,-33.203003,-15.961000,NaN,0.251130,true,Self-supervised model,0.252624,14.558000,43.154206,2.964295,0.000000,0.000000,0.928868,3.460135,false,false
2026-04-17T14:33:20.385051,0.918371,-0.100192,0.649677,52.776,NE,1,0.923820,1,0.923820,1.036873,1.733345,1.291084,1.005565,9.334992,5.870583,0.271327,0.964554,0.814196,1.291084,-0.012217,-0.171042,-0.198531,0.262334,0.171478,-23.660002,-33.203003,-15.961000,NaN,0.254796,true,Self-supervised model,0.256989,14.566000,43.449950,2.982971,0.000000,0.000000,0.803103,4.921518,false,false
2026-04-17T14:33:20.393025,0.918371,-0.100192,0.654467,52.502,NE,1,0.923820,1,0.923820,1.101993,1.730091,1.443875,1.034295,9.485827,5.920861,0.309168,1.115302,0.863303,1.443875,-0.021991,-0.081245,-0.201586,0.218452,0.084169,-23.660002,-33.203003,-15.961000,NaN,0.258095,true,Self-supervised model,0.259612,14.574000,43.724359,3.000162,0.000000,0.000000,0.763219,6.609588,false,false
2026-04-17T14:33:20.401206,0.918371,-0.100192,0.658927,52.246,NE,1,0.923820,1,0.923820,1.164523,1.729469,1.492804,1.039083,9.567230,5.889736,0.326821,1.196527,0.830646,1.492804,-0.023824,0.004276,-0.214414,0.215776,0.024204,-23.660002,-33.203003,-15.961000,NaN,0.261239,true,Self-supervised model,0.260803,14.583000,43.979907,3.015834,0.000000,0.000000,0.780091,6.918317,false,false
2026-04-17T14:33:20.409227,0.918371,-0.100192,0.663140,52.005,NE,1,0.923820,1,0.923820,1.203999,1.730450,1.411247,0.986411,9.567230,5.750873,0.290873,1.196406,0.689654,1.411247,-0.036041,0.046426,-0.241292,0.248347,0.058773,-23.660002,-33.203003,-15.961000,NaN,0.264462,true,Self-supervised model,0.259065,14.591000,44.221281,3.030723,0.000000,0.000000,0.853145,5.682571,false,false
2026-04-17T14:33:20.417017,0.918371,-0.100192,0.667220,51.771,NE,1,0.923820,1,0.923820,1.208845,1.731586,1.234285,0.866701,9.500193,5.523423,0.190421,1.130042,0.458481,1.234285,-0.063530,0.057421,-0.260839,0.274537,0.085635,-23.660002,-33.203003,-15.961000,NaN,0.268015,true,Self-supervised model,0.255794,14.598000,44.455091,3.045286,0.000000,0.000000,0.979388,4.495882,false,false
2026-04-17T14:33:20.425871,0.918371,-0.100192,0.671278,51.539,NE,1,0.923820,1,0.923820,1.179036,1.731484,1.022540,0.689530,9.356541,5.329493,0.033171,0.988996,0.257633,1.022540,-0.120951,0.034208,-0.271835,0.299489,0.125696,-23.660002,-33.203003,-15.961000,NaN,0.271983,true,Self-supervised model,0.251998,14.607000,44.687608,3.059328,0.000000,0.000000,1.153047,3.414280,false,false
2026-04-17T14:33:20.432912,0.918371,-0.100192,0.675384,51.303,NE,1,0.923820,1,0.923820,1.136144,1.729670,0.910959,0.550666,9.246407,5.284003,-0.087209,0.884231,0.200941,0.910959,-0.195477,-0.022602,-0.273057,0.336574,0.196779,-23.660002,-33.203003,-15.961000,NaN,0.276279,true,Self-supervised model,0.248988,14.614000,44.922854,3.073960,0.000000,0.000000,1.247195,2.706564,false,false
2026-04-17T14:33:20.440642,0.918371,-0.100192,0.679565,51.064,NE,1,0.923820,1,0.923820,1.100530,1.726504,0.913556,0.354342,9.193734,5.336676,-0.268797,0.840136,0.237709,0.913556,-0.279165,-0.126449,-0.268170,0.407232,0.306468,-23.660002,-33.203003,-15.961000,NaN,0.280760,true,Self-supervised model,0.248477,14.622000,45.162404,3.088661,0.000000,0.000000,1.204665,2.243332,false,false
2026-04-17T14:33:20.448819,0.918371,-0.100192,0.683819,50.820,NE,1,0.923820,1,0.923820,1.083467,1.722783,0.993887,0.169988,9.126697,5.537788,-0.443529,0.784854,0.418447,0.993887,-0.344528,-0.246790,-0.266337,0.500540,0.423798,-23.660002,-33.203003,-15.961000,NaN,0.285304,true,Self-supervised model,0.249673,14.630000,45.406105,3.103630,0.000000,0.000000,1.090131,1.985630,false,false
2026-04-17T14:33:20.456636,0.918371,-0.100192,0.688146,50.572,NE,1,0.923820,1,0.923820,1.101032,1.719913,1.193252,-0.002394,9.023746,5.894525,-0.612132,0.696507,0.751015,1.193252,-0.409280,-0.400117,-0.270002,0.632854,0.572366,-23.660002,-33.203003,-15.961000,NaN,0.289928,true,Self-supervised model,0.251496,14.638000,45.654058,3.118873,0.000000,0.000000,0.922716,1.885508,false,false
2026-04-17T14:33:20.465301,0.918371,-0.100192,0.692558,50.319,NE,1,0.923820,1,0.923820,1.162593,1.719620,1.485787,-0.198719,8.875306,6.279991,-0.810445,0.564695,1.109891,1.485787,-0.446543,-0.529620,-0.264505,0.741526,0.692747,-23.660002,-33.203003,-15.961000,NaN,0.294674,true,Self-supervised model,0.254286,14.647000,45.906806,3.134212,0.000000,0.000000,0.782477,2.003688,false,false
2026-04-17T14:33:20.472581,0.918371,-0.100192,0.697046,50.062,NE,1,0.923820,1,0.923820,1.280092,1.724039,1.896960,-0.373495,8.631097,6.777985,-0.992481,0.337866,1.580913,1.896960,-0.445321,-0.594983,-0.239459,0.780805,0.743179,-23.660002,-33.203003,-15.961000,NaN,0.299472,true,Self-supervised model,0.257173,14.654000,46.163981,3.150265,0.000000,0.000000,0.674812,2.429494,false,false
2026-04-17T14:33:20.481416,0.918371,-0.100192,0.701544,49.804,NE,1,0.923820,1,0.923820,1.447583,1.734981,2.326914,-0.591368,8.413225,7.196970,-1.221792,0.136095,1.975660,2.326914,-0.390343,-0.599870,-0.191812,0.740947,0.715689,-24.582001,-35.384003,-11.812000,NaN,0.304007,true,Self-supervised model,0.260920,14.663000,46.421697,3.165907,0.000000,0.000000,0.622104,3.140459,false,false
2026-04-17T14:33:20.488618,0.918371,-0.100192,0.705906,49.555,NE,1,0.923820,1,0.923820,1.630267,1.752792,2.589357,-0.727837,8.259995,7.436390,-1.371676,-0.004155,2.196191,2.589357,-0.288328,-0.522901,-0.124617,0.609990,0.597125,-24.582001,-35.384003,-11.812000,NaN,0.307825,true,Self-supervised model,0.263848,14.670000,46.671616,3.181433,0.000000,0.000000,0.629603,4.244918,false,false
2026-04-17T14:33:20.496907,0.918371,-0.100192,0.709955,49.323,NE,1,0.923820,1,0.923820,1.822222,1.777569,2.829982,-0.869095,8.161834,7.632715,-1.526701,-0.093917,2.381000,2.829982,-0.153938,-0.384845,-0.036041,0.416055,0.414491,-24.582001,-35.384003,-11.812000,NaN,0.310621,true,Self-supervised model,0.268663,14.678000,46.903590,3.195503,0.000000,0.000000,0.643899,6.801945,false,false
2026-04-17T14:33:20.504505,0.918371,-0.100192,0.713481,49.121,NE,1,0.923820,1,0.923820,1.999999,1.808467,2.933333,-0.852336,8.078036,7.754819,-1.523966,-0.174791,2.500283,2.933333,-0.012217,-0.246179,0.059865,0.253647,0.246482,-24.582001,-35.384003,-11.812000,NaN,0.312058,true,Self-supervised model,0.273575,14.686000,47.105637,3.207520,0.000000,0.000000,0.681818,11.564608,false,false
2026-04-17T14:33:20.512961,0.918371,-0.100192,0.716260,48.961,NE,1,0.923820,1,0.923820,2.101508,1.842188,2.634427,-0.651223,7.970297,7.498640,-1.336607,-0.286441,2.252030,2.634427,0.177762,-0.065973,0.157603,0.246557,0.189609,-24.582001,-35.384003,-11.812000,NaN,0.311847,true,Self-supervised model,0.272468,14.694000,47.264855,3.216609,0.000000,0.000000,0.797710,10.684845,false,false
2026-04-17T14:33:20.520903,0.918371,-0.100192,0.718076,48.857,NE,1,0.923820,1,0.923820,2.078795,1.873652,1.959551,-0.387861,7.896077,6.816292,-1.084822,-0.371892,1.588929,1.959551,0.354913,0.116675,0.230296,0.438876,0.373599,-24.582001,-35.384003,-11.812000,NaN,0.309810,true,Self-supervised model,0.262649,14.702000,47.368891,3.221935,0.000000,0.000000,1.060853,4.464926,false,false
2026-04-17T14:33:20.530815,0.918371,-0.100192,0.718799,48.816,NE,1,0.923820,1,0.923820,1.953296,1.898838,1.294429,-0.220267,7.946355,6.040571,-0.924643,-0.338112,0.840394,1.294429,0.474642,0.261450,0.262061,0.601928,0.541887,-24.582001,-35.384003,-11.812000,NaN,0.306164,true,Self-supervised model,0.252161,14.712000,47.410342,3.222563,0.000000,0.000000,1.509002,2.150471,false,false
2026-04-17T14:33:20.536754,0.918371,-0.100192,0.718478,48.834,NE,1,0.923820,1,0.923820,1.777514,1.915985,0.854660,-0.095768,8.022970,5.248090,-0.803823,-0.279787,0.077666,0.854660,0.505186,0.319483,0.271224,0.656387,0.597730,-24.582001,-35.384003,-11.812000,NaN,0.301666,true,Self-supervised model,0.241327,14.718000,47.391955,3.220000,0.000000,0.000000,2.079791,1.302067,false,false
2026-04-17T14:33:20.545340,0.918371,-0.100192,0.717279,48.903,NE,1,0.923820,1,0.923820,1.634421,1.926723,0.883182,0.081403,7.972692,4.627992,-0.628463,-0.347487,-0.514099,0.883182,0.472810,0.295659,0.257785,0.614342,0.557641,-24.582001,-35.384003,-11.812000,NaN,0.296954,true,Self-supervised model,0.243148,14.727000,47.323250,3.213367,0.000000,0.000000,1.850605,1.437606,false,false
2026-04-17T14:33:20.552991,0.918371,-0.100192,0.715434,49.009,NE,1,0.923820,1,0.923820,1.552325,1.933747,1.121317,0.177171,7.900866,4.232949,-0.517694,-0.427347,-0.898175,1.121317,0.389732,0.202807,0.219301,0.491034,0.439343,-24.582001,-35.384003,-11.812000,NaN,0.292527,true,Self-supervised model,0.250052,14.734000,47.217552,3.204666,0.000000,0.000000,1.384376,2.283582,false,false
2026-04-17T14:33:20.564626,0.918371,-0.100192,0.713828,49.101,NE,1,0.923820,1,0.923820,1.505794,1.938629,1.261510,0.162806,7.888895,4.062960,-0.513790,-0.443876,-1.063204,1.261510,0.284052,0.078802,0.168599,0.339589,0.294780,-24.582001,-35.384003,-11.812000,NaN,0.291875,true,Self-supervised model,0.254745,14.746000,47.125522,3.195817,0.000000,0.000000,1.193644,3.714810,false,false
2026-04-17T14:33:20.569283,0.918371,-0.100192,0.712747,49.163,NE,1,0.923820,1,0.923820,1.476611,1.942148,1.323396,0.114922,7.888895,4.005499,-0.564982,-0.451105,-1.108457,1.323396,0.191812,-0.030543,0.129503,0.233443,0.194228,-24.582001,-35.384003,-11.812000,NaN,0.292895,true,Self-supervised model,0.256944,14.751000,47.063586,3.190535,0.000000,0.000000,1.115774,5.669027,false,false
2026-04-17T14:33:20.576948,0.918371,-0.100192,0.711562,49.230,NE,1,0.923820,1,0.923820,1.439596,1.944046,1.245268,0.071826,7.934384,4.103662,-0.614002,-0.409633,-1.002943,1.245268,0.093462,-0.149662,0.087354,0.196887,0.176448,-24.582001,-35.384003,-11.812000,NaN,0.291294,true,Self-supervised model,0.256754,14.758000,46.995701,3.184422,0.000000,0.000000,1.156053,6.324774,false,false
2026-04-17T14:33:20.584727,0.918371,-0.100192,0.710435,49.295,NE,1,0.923820,1,0.923820,1.390298,1.943896,1.131486,-0.019154,7.970297,4.309563,-0.713264,-0.374609,-0.794470,1.131486,0.003054,-0.250455,0.049480,0.255314,0.250473,-24.582001,-35.384003,-11.812000,NaN,0.290395,true,Self-supervised model,0.253594,14.766000,46.931084,3.178321,0.000000,0.000000,1.228737,4.431743,false,false
2026-04-17T14:33:20.592917,0.918371,-0.100192,0.709484,49.350,NE,1,0.923820,1,0.923820,1.335746,1.941570,1.049349,-0.124498,8.006210,4.556166,-0.828088,-0.336947,-0.549428,1.049349,-0.059865,-0.306043,0.026267,0.312948,0.311844,-24.582001,-35.384003,-11.812000,NaN,0.290151,true,Self-supervised model,0.251549,14.774000,46.876600,3.172912,0.000000,0.000000,1.272928,3.353112,false,false
2026-04-17T14:33:20.601365,0.918371,-0.100192,0.708786,49.390,NE,1,0.923820,1,0.923820,1.282055,1.937189,1.000178,-0.165200,7.931990,4.857835,-0.877808,-0.407693,-0.252180,1.000178,-0.095295,-0.306043,0.011606,0.320747,0.320537,-24.582001,-35.384003,-11.812000,NaN,0.290467,true,Self-supervised model,0.250830,14.783000,46.836625,3.168276,0.000000,0.000000,1.281827,3.118280,false,false
2026-04-17T14:33:20.608507,0.918371,-0.100192,0.708368,49.414,NE,1,0.923820,1,0.923820,1.242678,1.931409,1.035948,-0.205901,7.838616,5.063736,-0.907459,-0.496673,-0.054970,1.035948,-0.108734,-0.248011,0.003054,0.270817,0.270800,-24.582001,-35.384003,-11.812000,NaN,0.291168,true,Self-supervised model,0.252534,14.790000,46.812678,3.165157,0.000000,0.000000,1.199557,3.825264,false,false
2026-04-17T14:33:20.616826,0.918371,-0.100192,0.708813,49.388,NE,1,0.923820,1,0.923820,1.228982,1.925312,1.157077,-0.282516,7.702147,5.176264,-0.970469,-0.628277,0.047799,1.157077,-0.103847,-0.160047,0.003054,0.190810,0.190786,-24.582001,-35.384003,-11.812000,NaN,0.295066,true,Self-supervised model,0.256351,14.798000,46.838191,3.165170,0.000000,0.000000,1.062144,6.064022,false,false
2026-04-17T14:33:20.624914,0.918371,-0.100192,0.709933,49.324,NE,1,0.923820,1,0.923820,1.237685,1.919807,1.283374,-0.387861,7.611167,5.260061,-1.059447,-0.714114,0.121089,1.283374,-0.095295,-0.062919,0.015882,0.115292,0.114193,-24.582001,-35.384003,-11.812000,NaN,0.298882,true,Self-supervised model,0.261077,14.806000,46.902335,3.167792,0.000000,0.000000,0.964399,11.131526,false,false
2026-04-17T14:33:20.633526,0.918371,-0.100192,0.711550,49.231,NE,1,0.923820,1,0.923820,1.251114,1.915059,1.321619,-0.385466,7.527370,5.190629,-1.055769,-0.793743,0.044741,1.321619,-0.086743,0.015272,0.044593,0.098722,0.088077,-24.582001,-35.384003,-11.812000,NaN,0.302491,true,Self-supervised model,0.262700,14.815000,46.995003,3.172123,0.000000,0.000000,0.946653,13.387237,false,false
2026-04-17T14:33:20.641741,0.918371,-0.100192,0.712914,49.153,NE,1,0.923820,1,0.923820,1.248574,1.910400,1.235239,-0.275333,7.524976,5.058948,-0.943259,-0.791992,-0.093946,1.235239,-0.084910,0.100793,0.074526,0.151403,0.131791,-23.738001,-35.714001,-12.573001,NaN,0.302843,true,Self-supervised model,0.258408,14.823000,47.073174,3.175685,0.000000,0.000000,1.010796,8.158595,false,false
2026-04-17T14:33:20.649626,0.918371,-0.100192,0.713972,49.092,NE,1,0.923820,1,0.923820,1.222824,1.904897,1.087637,-0.067038,7.534553,4.955997,-0.732071,-0.777964,-0.204449,1.087637,-0.095906,0.158214,0.101404,0.210979,0.185013,-23.738001,-35.714001,-12.573001,NaN,0.302673,true,Self-supervised model,0.254324,14.831000,47.133758,3.178057,0.000000,0.000000,1.124294,5.155180,false,false
2026-04-17T14:33:20.657170,0.918371,-0.100192,0.714686,49.052,NE,1,0.923820,1,0.923820,1.175394,1.897717,0.926383,0.079009,7.666234,4.841076,-0.582687,-0.641001,-0.328297,0.926383,-0.118508,0.188147,0.107512,0.246986,0.222358,-23.738001,-35.714001,-12.573001,NaN,0.302012,true,Self-supervised model,0.250756,14.839000,47.174658,3.179100,0.000000,0.000000,1.268799,3.750749,false,false
2026-04-17T14:33:20.667304,0.918371,-0.100192,0.715081,49.029,NE,1,0.923820,1,0.923820,1.104094,1.887972,0.729773,0.232238,7.843405,4.793192,-0.415141,-0.456711,-0.389412,0.729773,-0.158825,0.184481,0.105069,0.265138,0.243431,-23.738001,-35.714001,-12.573001,NaN,0.301134,true,Self-supervised model,0.245948,14.849000,47.197314,3.178484,0.000000,0.000000,1.512928,2.752427,false,false
2026-04-17T14:33:20.672531,0.918371,-0.100192,0.715585,49.000,NE,1,0.923820,1,0.923820,1.021718,1.875321,0.589244,0.287304,7.970297,4.845864,-0.346677,-0.321550,-0.351609,0.589244,-0.197920,0.163712,0.089186,0.271897,0.256854,-23.738001,-35.714001,-12.573001,NaN,0.302070,true,Self-supervised model,0.241420,14.854000,47.226160,3.179356,0.000000,0.000000,1.733948,2.167154,false,false
2026-04-17T14:33:20.681062,0.918371,-0.100192,0.716184,48.966,NE,1,0.923820,1,0.923820,0.932739,1.859618,0.465597,0.337582,8.061277,4.917690,-0.283089,-0.221369,-0.296036,0.465597,-0.229685,0.128893,0.054367,0.268932,0.263379,-23.738001,-35.714001,-12.573001,NaN,0.303053,true,Self-supervised model,0.236849,14.863000,47.260506,3.179742,0.000000,0.000000,2.003318,1.731281,false,false
2026-04-17T14:33:20.688717,0.918371,-0.100192,0.716926,48.923,NE,1,0.923820,1,0.923820,0.844240,1.841003,0.379621,0.280122,8.166622,5.068525,-0.326347,-0.106384,-0.162149,0.379621,-0.247400,0.104458,0.025656,0.269772,0.268549,-23.738001,-35.714001,-12.573001,NaN,0.304367,true,Self-supervised model,0.233003,14.870000,47.303033,3.181105,0.000000,0.000000,2.223902,1.407195,false,false
2026-04-17T14:33:20.697201,0.918371,-0.100192,0.717877,48.869,NE,1,0.923820,1,0.923820,0.779725,1.820552,0.441024,0.165200,8.166622,5.183447,-0.425457,-0.096539,-0.064569,0.441024,-0.253509,0.089797,-0.004276,0.268977,0.268943,-23.738001,-35.714001,-12.573001,NaN,0.306150,true,Self-supervised model,0.238490,14.879000,47.357490,3.182841,0.000000,0.000000,1.767987,1.639636,false,false
2026-04-17T14:33:20.704901,0.918371,-0.100192,0.719094,48.799,NE,1,0.923820,1,0.923820,0.745298,1.799542,0.564557,0.033519,8.104373,5.339070,-0.539501,-0.149051,0.073802,0.564557,-0.251066,0.091630,-0.018937,0.267934,0.267264,-23.738001,-35.714001,-12.573001,NaN,0.308434,true,Self-supervised model,0.244683,14.886000,47.427235,3.186029,0.000000,0.000000,1.320148,2.107075,false,false
2026-04-17T14:33:20.713065,0.918371,-0.100192,0.720601,48.713,NE,1,0.923820,1,0.923820,0.738309,1.779092,0.701612,-0.102951,8.061277,5.449203,-0.656571,-0.182561,0.166872,0.701612,-0.233961,0.115454,-0.015882,0.261380,0.260897,-23.738001,-35.714001,-12.573001,NaN,0.311099,true,Self-supervised model,0.249070,14.895000,47.513567,3.189900,0.000000,0.000000,1.052303,2.684258,false,false
2026-04-17T14:33:20.720723,0.918371,-0.100192,0.722374,48.611,NE,1,0.923820,1,0.923820,0.742830,1.759642,0.766567,-0.136469,8.001422,5.590461,-0.669377,-0.233286,0.291783,0.766567,-0.205862,0.147219,0.001833,0.253092,0.253086,-23.738001,-35.714001,-12.573001,NaN,0.313940,true,Self-supervised model,0.250465,14.902000,47.615181,3.195221,0.000000,0.000000,0.969034,3.028807,false,false
2026-04-17T14:33:20.731224,0.918371,-0.100192,0.724340,48.498,NE,1,0.923820,1,0.923820,0.749063,1.741219,0.781785,-0.112527,7.965509,5.705383,-0.624111,-0.260987,0.391867,0.781785,-0.158825,0.192423,0.035430,0.252006,0.249503,-23.738001,-35.714001,-12.573001,NaN,0.316673,true,Self-supervised model,0.250997,14.913000,47.727795,3.200415,0.000000,0.000000,0.958144,3.102247,false,false
2026-04-17T14:33:20.736738,0.918371,-0.100192,0.726382,48.381,NE,1,0.923820,1,0.923820,0.739179,1.723137,0.687288,-0.043096,7.982268,5.688623,-0.533213,-0.237563,0.362785,0.687288,-0.094073,0.241292,0.069028,0.268023,0.258982,-23.738001,-35.714001,-12.573001,NaN,0.319024,true,Self-supervised model,0.247912,14.918000,47.844822,3.207187,0.000000,0.000000,1.075501,2.564288,false,false
2026-04-17T14:33:20.745372,0.918371,-0.100192,0.728386,48.267,NE,1,0.923820,1,0.923820,0.702998,1.704332,0.513049,0.093374,7.970297,5.583278,-0.376199,-0.244894,0.248437,0.513049,-0.033598,0.292604,0.104458,0.312502,0.294527,-23.738001,-35.714001,-12.573001,NaN,0.320873,true,Self-supervised model,0.242959,14.927000,47.959641,3.212946,0.000000,0.000000,1.370236,1.641746,false,false
2026-04-17T14:33:20.752631,0.918371,-0.100192,0.730214,48.162,NE,1,0.923820,1,0.923820,0.630964,1.683397,0.252786,0.306458,8.013393,5.398925,-0.143998,-0.199321,0.058623,0.252786,0.012217,0.328035,0.120951,0.349836,0.328262,-23.738001,-35.714001,-12.573001,NaN,0.321996,true,Self-supervised model,0.226965,14.934000,48.064353,3.218451,0.000000,0.000000,2.496041,0.722584,false,false
2026-04-17T14:33:20.760862,0.918371,-0.100192,0.731760,48.073,NE,1,0.923820,1,0.923820,0.563904,1.660617,0.211835,0.426168,8.078036,5.178658,-0.006923,-0.134279,-0.163693,0.211835,0.046426,0.348804,0.124617,0.373295,0.351880,-23.738001,-35.714001,-12.573001,NaN,0.322415,true,Self-supervised model,0.224662,14.942000,48.152933,3.222656,0.000000,0.000000,2.661990,0.567475,false,false
2026-04-17T14:33:20.769279,0.918371,-0.100192,0.732973,48.004,NE,1,0.923820,1,0.923820,0.537672,1.637699,0.399957,0.524330,8.192958,4.955997,0.105241,-0.020766,-0.385303,0.399957,0.056200,0.347582,0.113010,0.369788,0.352096,-23.738001,-35.714001,-12.573001,NaN,0.322296,true,Self-supervised model,0.241701,14.951000,48.222428,3.225365,0.000000,0.000000,1.344326,1.081583,false,false
2026-04-17T14:33:20.777049,0.918371,-0.100192,0.733802,47.956,NE,1,0.923820,1,0.923820,0.535039,1.615593,0.521213,0.579397,8.279149,4.850653,0.171892,0.063114,-0.487988,0.521213,0.055589,0.334754,0.092852,0.351812,0.339338,-23.738001,-35.714001,-12.573001,NaN,0.321592,true,Self-supervised model,0.246985,14.958000,48.269956,3.227033,0.000000,0.000000,1.026527,1.481508,false,false
2026-04-17T14:33:20.784662,0.918371,-0.100192,0.734274,47.929,NE,1,0.923820,1,0.923820,0.540209,1.594578,0.567351,0.603339,8.271967,4.809951,0.206652,0.053439,-0.525668,0.567351,0.047037,0.318872,0.064141,0.328642,0.322322,-23.738001,-35.714001,-12.573001,NaN,0.320634,true,Self-supervised model,0.248701,14.966000,48.297003,3.227115,0.000000,0.000000,0.952159,1.726350,false,false
2026-04-17T14:33:20.793164,0.918371,-0.100192,0.734480,47.917,NE,1,0.923820,1,0.923820,0.540398,1.574410,0.541392,0.550666,8.307879,4.824317,0.165004,0.086857,-0.508266,0.541392,0.036041,0.290161,0.034208,0.294385,0.292391,-23.738001,-35.714001,-12.573001,NaN,0.319774,true,Self-supervised model,0.248416,14.975000,48.308789,3.225963,0.000000,0.000000,0.998164,1.839060,false,false
2026-04-17T14:33:20.802633,0.918371,-0.100192,0.734539,47.914,NE,1,0.923820,1,0.923820,0.530451,1.554652,0.478229,0.474052,8.334216,4.874595,0.099293,0.110476,-0.454576,0.478229,0.031765,0.267559,0.020159,0.270191,0.269438,-23.446001,-35.934002,-14.024001,NaN,0.319244,true,Self-supervised model,0.246794,14.984000,48.312145,3.224249,0.000000,0.000000,1.109198,1.769967,false,false
2026-04-17T14:33:20.808864,0.918371,-0.100192,0.734527,47.915,NE,1,0.923820,1,0.923820,0.513408,1.535002,0.423934,0.454898,8.358158,4.932055,0.090314,0.131212,-0.392870,0.423934,0.032987,0.244346,0.012828,0.246896,0.246563,-23.446001,-35.934002,-14.024001,NaN,0.318954,true,Self-supervised model,0.245234,14.990000,48.311505,3.222916,0.000000,0.000000,1.211056,1.717056,false,false
2026-04-17T14:33:20.817247,0.918371,-0.100192,0.734470,47.918,NE,1,0.923820,1,0.923820,0.491053,1.515244,0.373690,0.433351,8.377312,4.984728,0.077715,0.146525,-0.334865,0.373690,0.040317,0.229074,0.017104,0.233223,0.232595,-23.446001,-35.934002,-14.024001,NaN,0.318712,true,Self-supervised model,0.243531,14.999000,48.308223,3.220763,0.000000,0.000000,1.314067,1.602283,false,false
2026-04-17T14:33:20.824789,0.918371,-0.100192,0.734361,47.924,NE,1,0.923820,1,0.923820,0.460293,1.495046,0.298804,0.416591,8.432379,5.099649,0.068509,0.197257,-0.213728,0.298804,0.050091,0.209527,0.022602,0.216614,0.215431,-23.446001,-35.934002,-14.024001,NaN,0.318398,true,Self-supervised model,0.239967,15.006000,48.301992,3.218845,0.000000,0.000000,1.540453,1.379433,false,false
2026-04-17T14:33:20.833633,0.918371,-0.100192,0.734188,47.934,NE,1,0.923820,1,0.923820,0.432867,1.474559,0.288877,0.476446,8.468291,5.190629,0.133653,0.228443,-0.115761,0.288877,0.062919,0.169821,0.028711,0.183363,0.181102,-23.446001,-35.934002,-14.024001,NaN,0.317965,true,Self-supervised model,0.240612,15.015000,48.292052,3.216254,0.000000,0.000000,1.498447,1.575434,false,false
2026-04-17T14:33:20.841295,0.918371,-0.100192,0.733925,47.949,NE,1,0.923820,1,0.923820,0.417565,1.454279,0.337231,0.553061,8.504205,5.331887,0.213058,0.259285,0.033198,0.337231,0.078191,0.130725,0.031765,0.155602,0.152325,-23.446001,-35.934002,-14.024001,NaN,0.317346,true,Self-supervised model,0.244701,15.023000,48.277000,3.213539,0.000000,0.000000,1.238218,2.167269,false,false
2026-04-17T14:33:20.849433,0.918371,-0.100192,0.733560,47.970,NE,1,0.923820,1,0.923820,0.417417,1.434805,0.416641,0.622492,8.516175,5.442020,0.282657,0.265723,0.151940,0.416641,0.100793,0.075747,0.027489,0.129044,0.126083,-23.446001,-35.934002,-14.024001,NaN,0.316571,true,Self-supervised model,0.249036,15.031000,48.256082,3.210437,0.000000,0.000000,1.001863,3.228660,false,false
2026-04-17T14:33:20.857723,0.918371,-0.100192,0.733101,47.996,NE,1,0.923820,1,0.923820,0.430437,1.416630,0.498792,0.653617,8.525752,5.561730,0.311842,0.269350,0.281066,0.498792,0.125227,0.003054,0.012217,0.125859,0.125265,-23.446001,-35.934002,-14.024001,NaN,0.315737,true,Self-supervised model,0.251786,15.039000,48.229793,3.206981,0.000000,0.000000,0.862959,3.963101,false,false
2026-04-17T14:33:20.871986,0.918371,-0.100192,0.732591,48.026,NE,1,0.923820,1,0.923820,0.441810,1.399637,0.501521,0.596156,8.508993,5.628768,0.250149,0.246369,0.358121,0.501521,0.145997,-0.098960,-0.001833,0.176385,0.176375,-23.446001,-35.934002,-14.024001,NaN,0.315023,true,Self-supervised model,0.250861,15.053000,48.200573,3.202058,0.000000,0.000000,0.880941,2.843336,false,false
2026-04-17T14:33:20.872911,0.918371,-0.100192,0.732083,48.055,NE,1,0.923820,1,0.923820,0.458243,1.383982,0.544516,0.545878,8.492233,5.717354,0.194417,0.223288,0.456992,0.544516,0.154549,-0.185703,-0.011606,0.241880,0.241601,-23.446001,-35.934002,-14.024001,NaN,0.314520,true,Self-supervised model,0.251047,15.054000,48.171437,3.199909,0.000000,0.000000,0.841561,2.251185,false,false
2026-04-17T14:33:20.880920,0.918371,-0.100192,0.731656,48.079,NE,1,0.923820,1,0.923820,0.489613,1.370207,0.654303,0.490811,8.482656,5.856217,0.130772,0.207192,0.606698,0.654303,0.158214,-0.246179,-0.014050,0.292973,0.292636,-23.446001,-35.934002,-14.024001,NaN,0.314419,true,Self-supervised model,0.252650,15.062000,48.146966,3.196585,0.000000,0.000000,0.748297,2.233322,false,false
2026-04-17T14:33:20.888842,0.918371,-0.100192,0.731311,48.099,NE,1,0.923820,1,0.923820,0.540431,1.359016,0.807228,0.471658,8.451532,6.021417,0.099558,0.169633,0.782898,0.807228,0.158214,-0.318872,-0.007330,0.356040,0.355965,-23.446001,-35.934002,-14.024001,NaN,0.314403,true,Self-supervised model,0.254335,15.070000,48.127212,3.193577,0.000000,0.000000,0.669490,2.267238,false,false
2026-04-17T14:33:20.897936,0.918371,-0.100192,0.731022,48.116,NE,1,0.923820,1,0.923820,0.606018,1.350896,0.950347,0.450110,8.429984,6.165070,0.062791,0.141799,0.937608,0.950347,0.161879,-0.369573,0.013439,0.403696,0.403472,-23.446001,-35.934002,-14.024001,NaN,0.314338,true,Self-supervised model,0.255590,15.079000,48.110661,3.190574,0.000000,0.000000,0.637681,2.354118,false,false
2026-04-17T14:33:20.905236,0.918371,-0.100192,0.730738,48.132,NE,1,0.923820,1,0.923820,0.686729,1.346329,1.110467,0.560243,8.336611,6.320693,0.153383,0.045807,1.098868,1.110467,0.169210,-0.394008,0.033598,0.430120,0.428806,-23.446001,-35.934002,-14.024001,NaN,0.314071,true,Self-supervised model,0.256913,15.087000,48.094366,3.187802,0.000000,0.000000,0.618415,2.581761,false,false
2026-04-17T14:33:20.913600,0.918371,-0.100192,0.730356,48.154,NE,1,0.923820,1,0.923820,0.789575,1.346059,1.329517,0.730232,8.312668,6.512228,0.301368,0.020238,1.294752,1.329517,0.177762,-0.412334,0.059865,0.452993,0.449020,-23.446001,-35.934002,-14.024001,NaN,0.313303,true,Self-supervised model,0.258690,15.095000,48.072522,3.184665,0.000000,0.000000,0.593882,2.934963,false,false
2026-04-17T14:33:20.920821,0.918371,-0.100192,0.729831,48.184,NE,1,0.923820,1,0.923820,0.892301,1.349909,1.431612,0.802058,8.384495,6.598420,0.349894,0.090601,1.385236,1.431612,0.186925,-0.402560,0.072082,0.449657,0.443842,-23.446001,-35.934002,-14.024001,NaN,0.312203,true,Self-supervised model,0.259477,15.102000,48.042439,3.181197,0.000000,0.000000,0.623284,3.183787,false,false
2026-04-17T14:33:20.931447,0.918371,-0.100192,0.729136,48.224,NE,1,0.923820,1,0.923820,0.982799,1.357224,1.457913,0.797269,8.542512,6.607996,0.322882,0.246490,1.400179,1.457913,0.208305,-0.329256,0.088575,0.399558,0.389616,-23.446001,-35.934002,-14.024001,NaN,0.310826,true,Self-supervised model,0.260200,15.113000,48.002603,3.176246,0.000000,0.000000,0.674114,3.648818,false,false
2026-04-17T14:33:20.937214,0.918371,-0.100192,0.728256,48.274,NE,1,0.923820,1,0.923820,1.064062,1.367498,1.490689,0.849942,8.760384,6.572083,0.356600,0.460489,1.372203,1.490689,0.234572,-0.225409,0.098349,0.339862,0.325321,-23.446001,-35.934002,-14.024001,NaN,0.309205,true,Self-supervised model,0.260780,15.119000,47.952155,3.171649,0.000000,0.000000,0.713805,4.386163,false,false
2026-04-17T14:33:20.946106,0.918371,-0.100192,0.727180,48.336,NE,1,0.923820,1,0.923820,1.119416,1.379575,1.410026,0.921768,8.908825,6.390124,0.416149,0.599526,1.206466,1.410026,0.267559,-0.093462,0.087354,0.296570,0.283413,-23.446001,-35.934002,-14.024001,NaN,0.307349,true,Self-supervised model,0.260574,15.128000,47.890529,3.165688,0.000000,0.000000,0.793898,4.754446,false,false
2026-04-17T14:33:20.952745,0.918371,-0.100192,0.725962,48.405,NE,1,0.923820,1,0.923820,1.131134,1.391637,1.192652,0.962469,8.978256,6.052542,0.450664,0.658381,0.886486,1.192652,0.285274,0.021991,0.064752,0.293356,0.286120,-23.446001,-35.934002,-14.024001,NaN,0.305560,true,Self-supervised model,0.257395,15.134000,47.820724,3.159821,0.000000,0.000000,0.948419,4.065547,false,false
2026-04-17T14:33:20.963631,0.918371,-0.100192,0.724672,48.479,NE,1,0.923820,1,0.923820,1.104291,1.402143,0.963370,0.976834,8.973468,5.695806,0.464135,0.642859,0.547168,0.963370,0.271835,0.096517,0.043371,0.291703,0.288461,-22.372002,-36.336002,-13.312000,NaN,0.303982,true,Self-supervised model,0.253703,15.145000,47.746803,3.152645,0.000000,0.000000,1.146280,3.302567,false,false
2026-04-17T14:33:20.970316,0.918371,-0.100192,0.723392,48.553,NE,1,0.923820,1,0.923820,1.057384,1.410353,0.811121,0.979228,8.966286,5.348647,0.468470,0.626244,0.215109,0.811121,0.228464,0.120340,0.031154,0.260092,0.258220,-22.372002,-36.336002,-13.312000,NaN,0.302744,true,Self-supervised model,0.250492,15.152000,47.673482,3.146349,0.000000,0.000000,1.303609,3.118588,false,false
2026-04-17T14:33:20.976583,0.918371,-0.100192,0.722176,48.622,NE,1,0.923820,1,0.923820,1.018584,1.416682,0.814882,1.031901,8.971074,5.142745,0.523687,0.623993,0.020406,0.814882,0.158214,0.109345,0.023824,0.193793,0.192323,-22.372002,-36.336002,-13.312000,NaN,0.301784,true,Self-supervised model,0.251888,15.158000,47.603823,3.140508,0.000000,0.000000,1.249978,4.204916,false,false
2026-04-17T14:33:20.984871,0.918371,-0.100192,0.721053,48.687,NE,1,0.923820,1,0.923820,1.008012,1.422335,0.952512,1.185130,9.018958,5.068525,0.675749,0.669453,-0.049745,0.952512,0.082467,0.065973,0.012828,0.106385,0.105609,-22.372002,-36.336002,-13.312000,NaN,0.301031,true,Self-supervised model,0.258122,15.166000,47.539463,3.134608,0.000000,0.000000,1.058268,8.953413,false,false
2026-04-17T14:33:20.993592,0.918371,-0.100192,0.719964,48.749,NE,1,0.923820,1,0.923820,1.027272,1.428533,1.128387,1.419762,9.016563,5.044583,0.906908,0.667331,-0.073784,1.128387,-0.003054,-0.014661,-0.018937,0.024143,0.014976,-22.372002,-36.336002,-13.312000,NaN,0.300079,true,Self-supervised model,0.268986,15.175000,47.477064,3.128637,0.000000,0.000000,0.910390,0.000000,false,false
2026-04-17T14:33:21.001166,0.918371,-0.100192,0.718954,48.807,NE,1,0.923820,1,0.923820,1.062287,1.435883,1.246113,1.601721,8.932767,4.958392,1.087717,0.585659,-0.163324,1.246113,-0.076969,-0.094073,-0.051924,0.132174,0.121548,-22.372002,-36.336002,-13.312000,NaN,0.299386,true,Self-supervised model,0.262183,15.183000,47.419207,3.123178,0.000000,0.000000,0.852480,9.427800,false,false
2026-04-17T14:33:21.008529,0.918371,-0.100192,0.718245,48.848,NE,1,0.923820,1,0.923820,1.109859,1.444842,1.359613,1.731008,8.863335,4.812346,1.214406,0.521920,-0.318378,1.359613,-0.183870,-0.191201,-0.096517,0.282279,0.265266,-22.372002,-36.336002,-13.312000,NaN,0.299881,true,Self-supervised model,0.260043,15.190000,47.378588,3.119064,0.000000,0.000000,0.816305,4.816554,false,false
2026-04-17T14:33:21.016592,0.918371,-0.100192,0.717916,48.866,NE,1,0.923820,1,0.923820,1.163007,1.455569,1.442036,1.826776,8.834604,4.802769,1.306595,0.503599,-0.344479,1.442036,-0.321926,-0.273668,-0.141110,0.445469,0.422528,-22.372002,-36.336002,-13.312000,NaN,0.301071,true,Self-supervised model,0.259248,15.198000,47.359735,3.116182,0.000000,0.000000,0.806504,3.237121,false,false
2026-04-17T14:33:21.024510,0.918371,-0.100192,0.718046,48.859,NE,1,0.923820,1,0.923820,1.208364,1.467680,1.446487,1.826776,8.916007,4.984728,1.302394,0.600772,-0.187532,1.446487,-0.452040,-0.332311,-0.178373,0.588717,0.561044,-22.372002,-36.336002,-13.312000,NaN,0.303038,true,Self-supervised model,0.258134,15.206000,47.367192,3.115033,0.000000,0.000000,0.835378,2.457017,false,false
2026-04-17T14:33:21.032918,0.918371,-0.100192,0.718692,48.822,NE,1,0.923820,1,0.923820,1.260264,1.481384,1.532739,1.814805,9.042900,5.571307,1.286337,0.749502,0.364517,1.532739,-0.591318,-0.378736,-0.210749,0.733153,0.702209,-22.372002,-36.336002,-13.312000,NaN,0.305746,true,Self-supervised model,0.257721,15.214000,47.404189,3.115827,0.000000,0.000000,0.822230,2.090614,false,false
2026-04-17T14:33:21.040570,0.918371,-0.100192,0.719903,48.753,NE,1,0.923820,1,0.923820,1.341163,1.497775,1.765885,1.898602,8.963891,6.121974,1.367258,0.696882,0.873676,1.765885,-0.689056,-0.398284,-0.250455,0.834360,0.795882,-22.372002,-36.336002,-13.312000,NaN,0.309219,true,Self-supervised model,0.258845,15.222000,47.473578,3.118748,0.000000,0.000000,0.759485,2.116455,false,false
2026-04-17T14:33:21.048721,0.918371,-0.100192,0.721709,48.649,NE,1,0.923820,1,0.923820,1.452700,1.517972,2.038266,1.867477,8.827422,6.715736,1.336675,0.589907,1.421210,2.038266,-0.742812,-0.361632,-0.281609,0.872841,0.826164,-22.372002,-36.336002,-13.312000,NaN,0.313403,true,Self-supervised model,0.260626,15.230000,47.577041,3.123903,0.000000,0.000000,0.712714,2.335209,false,false
2026-04-17T14:33:21.056886,0.918371,-0.100192,0.724125,48.511,NE,1,0.923820,1,0.923820,1.622310,1.544145,2.512765,1.778892,8.604761,7.484274,1.251553,0.397718,2.142294,2.512765,-0.739147,-0.322537,-0.274889,0.852017,0.806454,-22.372002,-36.336002,-13.312000,NaN,0.318261,true,Self-supervised model,0.263861,15.238000,47.715483,3.131348,0.000000,0.000000,0.645627,2.949198,false,false
2026-04-17T14:33:21.065445,0.918371,-0.100192,0.727072,48.342,NE,1,0.923820,1,0.923820,1.863158,1.578906,3.127606,1.836353,8.315063,8.221688,1.313155,0.136845,2.835280,3.127606,-0.668897,-0.262672,-0.233961,0.755750,0.718624,-22.372002,-36.336002,-13.312000,NaN,0.323332,true,Self-supervised model,0.268333,15.247000,47.884345,3.140575,0.000000,0.000000,0.595714,4.138412,false,false
2026-04-17T14:33:21.072795,0.918371,-0.100192,0.730348,48.154,NE,1,0.923820,1,0.923820,2.162158,1.624236,3.731910,1.908179,8.157045,8.887277,1.388721,0.003057,3.463899,3.731910,-0.519846,-0.176540,-0.170431,0.574851,0.549005,-22.372002,-36.336002,-13.312000,NaN,0.327922,true,Self-supervised model,0.273771,15.254000,48.072027,3.151437,0.000000,0.000000,0.579370,6.491963,false,false
2026-04-17T14:33:21.081331,0.918371,-0.100192,0.733693,47.963,NE,1,0.923820,1,0.923820,2.460510,1.679687,4.026859,1.917756,8.075643,9.222465,1.401929,-0.062124,3.774431,4.026859,-0.287107,-0.054978,-0.092241,0.306531,0.292323,-22.372002,-36.336002,-13.312000,NaN,0.331543,true,Self-supervised model,0.281745,15.263000,48.263671,3.162135,0.000000,0.000000,0.611025,13.136881,false,false
2026-04-17T14:33:21.088707,0.918371,-0.100192,0.736832,47.783,NE,1,0.923820,1,0.923820,2.729227,1.743669,4.139990,1.972822,7.991845,9.327810,1.460868,-0.140373,3.871134,4.139990,-0.032987,0.057421,-0.023824,0.070377,0.066222,-22.372002,-36.336002,-13.312000,NaN,0.333863,true,Self-supervised model,0.312500,15.270000,48.443572,3.172467,0.000000,0.000000,0.659235,58.826007,false,false
2026-04-17T14:33:21.098871,0.918371,-0.100192,0.739520,47.629,NE,1,0.923820,1,0.923820,2.888973,1.811481,3.727638,2.049437,7.917625,8.832211,1.541758,-0.222256,3.386572,3.727638,0.294437,0.167377,0.045204,0.341689,0.338686,-22.372002,-36.336002,-13.312000,NaN,0.334741,true,Self-supervised model,0.281100,15.280000,48.597547,3.180468,0.000000,0.000000,0.775014,10.909433,false,false
2026-04-17T14:33:21.105199,0.918371,-0.100192,0.741558,47.512,NE,1,0.923820,1,0.923820,2.878146,1.876147,2.821305,1.994370,7.941567,7.800309,1.490699,-0.218967,2.385295,2.821305,0.579711,0.216246,0.087354,0.624866,0.618731,-22.372002,-36.336002,-13.312000,NaN,0.334180,true,Self-supervised model,0.270033,15.287000,48.714308,3.186649,0.000000,0.000000,1.020147,4.515053,false,false
2026-04-17T14:33:21.113614,0.918371,-0.100192,0.742846,47.438,NE,1,0.923820,1,0.923820,2.736998,1.932581,1.995973,1.853112,8.039729,6.830657,1.351667,-0.150780,1.460880,1.995973,0.767247,0.184481,0.107512,0.796404,0.789114,-22.372002,-36.336002,-13.312000,NaN,0.332472,true,Self-supervised model,0.260740,15.295000,48.788138,3.189810,0.000000,0.000000,1.371260,2.506231,false,false
2026-04-17T14:33:21.121417,0.918371,-0.100192,0.743396,47.407,NE,1,0.923820,1,0.923820,2.519306,1.978050,1.376423,1.800440,8.063671,5.748478,1.296879,-0.161386,0.431971,1.376423,0.841772,0.082467,0.111177,0.853078,0.845802,-20.999001,-36.860001,-14.620001,NaN,0.330068,true,Self-supervised model,0.250870,15.303000,48.819659,3.190202,0.000000,0.000000,1.830328,1.613479,false,false
2026-04-17T14:33:21.132362,0.918371,-0.100192,0.743286,47.413,NE,1,0.923820,1,0.923820,2.341148,2.014574,1.405817,1.795651,7.958326,4.776433,1.284814,-0.302305,-0.483929,1.405817,0.848492,-0.063530,0.094684,0.856119,0.850867,-20.999001,-36.860001,-14.620001,NaN,0.327318,true,Self-supervised model,0.251789,15.314000,48.813361,3.187499,0.000000,0.000000,1.665329,1.642082,false,false
2026-04-17T14:33:21.137383,0.918371,-0.100192,0.742653,47.449,NE,1,0.923820,1,0.923820,2.239195,2.045559,1.703939,1.750161,7.967903,4.070143,1.226662,-0.325612,-1.136963,1.703939,0.783129,-0.210138,0.052534,0.812533,0.810832,-20.999001,-36.860001,-14.620001,NaN,0.324591,true,Self-supervised model,0.256204,15.319000,48.777075,3.184090,0.000000,0.000000,1.314128,2.097072,false,false
2026-04-17T14:33:21.146950,0.918371,-0.100192,0.741651,47.507,NE,1,0.923820,1,0.923820,2.182113,2.073021,1.882438,1.678335,8.013393,3.691859,1.137052,-0.308336,-1.468201,1.882438,0.676228,-0.364687,0.000000,0.768297,0.768297,-20.999001,-36.860001,-14.620001,NaN,0.322113,true,Self-supervised model,0.258568,15.328000,48.719647,3.178474,0.000000,0.000000,1.159196,2.450143,false,false
2026-04-17T14:33:21.152703,0.918371,-0.100192,0.740450,47.575,NE,1,0.923820,1,0.923820,2.155673,2.098327,2.016859,1.640028,8.063671,3.438074,1.076767,-0.281255,-1.682020,2.016859,0.567494,-0.496023,-0.054978,0.755718,0.753716,-20.999001,-36.860001,-14.620001,NaN,0.320117,true,Self-supervised model,0.259391,15.334000,48.650833,3.172742,0.000000,0.000000,1.068827,2.668798,false,false
2026-04-17T14:33:21.161565,0.918371,-0.100192,0.739214,47.646,NE,1,0.923820,1,0.923820,2.134026,2.121755,2.020382,1.618480,8.125920,3.366248,1.030850,-0.237181,-1.721347,2.020382,0.428827,-0.633467,-0.135612,0.776894,0.764966,-20.999001,-36.860001,-14.620001,NaN,0.318741,true,Self-supervised model,0.259377,15.343000,48.580017,3.166266,0.000000,0.000000,1.056249,2.600589,false,false
2026-04-17T14:33:21.169263,0.918371,-0.100192,0.738146,47.707,NE,1,0.923820,1,0.923820,2.100114,2.142890,1.922074,1.580173,8.142680,3.418920,0.968692,-0.233944,-1.643555,1.922074,0.293215,-0.718378,-0.231518,0.809717,0.775913,-20.999001,-36.860001,-14.620001,NaN,0.318345,true,Self-supervised model,0.258000,15.351000,48.518817,3.160629,0.000000,0.000000,1.092629,2.373759,false,false
2026-04-17T14:33:21.176833,0.918371,-0.100192,0.737469,47.746,NE,1,0.923820,1,0.923820,2.044377,2.160949,1.751758,1.474828,8.147469,3.529053,0.845075,-0.238425,-1.515803,1.751758,0.158825,-0.741590,-0.323148,0.824382,0.758407,-20.999001,-36.860001,-14.620001,NaN,0.319234,true,Self-supervised model,0.256220,15.358000,48.480044,3.156664,0.000000,0.000000,1.167043,2.124935,false,false
2026-04-17T14:33:21.184825,0.918371,-0.100192,0.737472,47.746,NE,1,0.923820,1,0.923820,1.952199,2.174599,1.468267,1.273715,8.099585,3.742137,0.632875,-0.291694,-1.292359,1.468267,0.052534,-0.709825,-0.392175,0.812658,0.711767,-20.999001,-36.860001,-14.620001,NaN,0.321957,true,Self-supervised model,0.253090,15.366000,48.480230,3.155033,0.000000,0.000000,1.329594,1.806746,false,false
2026-04-17T14:33:21.193114,0.918371,-0.100192,0.738343,47.696,NE,1,0.923820,1,0.923820,1.827249,2.182705,1.171261,1.096544,7.989451,4.029441,0.452799,-0.403415,-1.002039,1.171261,-0.053756,-0.624915,-0.452040,0.773142,0.627223,-20.999001,-36.860001,-14.620001,NaN,0.326297,true,Self-supervised model,0.248234,15.375000,48.530115,3.156430,0.000000,0.000000,1.560070,1.514936,false,false
2026-04-17T14:33:21.202780,0.918371,-0.100192,0.740186,47.590,NE,1,0.923820,1,0.923820,1.689589,2.184980,0.966871,0.969652,7.867347,4.292804,0.331029,-0.523774,-0.742240,0.966871,-0.139888,-0.503353,-0.488081,0.714952,0.522430,-20.999001,-36.860001,-14.620001,NaN,0.332032,true,Self-supervised model,0.244340,15.384000,48.635744,3.161450,0.000000,0.000000,1.747481,1.352358,false,false
2026-04-17T14:33:21.208407,0.918371,-0.100192,0.743009,47.429,NE,1,0.923820,1,0.923820,1.541748,2.181251,0.765584,0.826000,7.807492,4.584896,0.199846,-0.579332,-0.458863,0.765584,-0.196088,-0.367130,-0.507018,0.655974,0.416215,-20.999001,-36.860001,-14.620001,NaN,0.338772,true,Self-supervised model,0.238524,15.390000,48.797479,3.170726,0.000000,0.000000,2.013819,1.167095,false,false
2026-04-17T14:33:21.216860,0.918371,-0.100192,0.746732,47.215,NE,1,0.923820,1,0.923820,1.402497,2.172101,0.671432,0.701501,7.769185,4.795586,0.094363,-0.611571,-0.260571,0.671432,-0.227853,-0.256563,-0.514959,0.618809,0.343135,-20.999001,-36.860001,-14.620001,NaN,0.346093,true,Self-supervised model,0.237000,15.398000,49.010760,3.182930,0.000000,0.000000,2.088817,1.085038,false,false
2026-04-17T14:33:21.224729,0.918371,-0.100192,0.751244,46.957,NE,1,0.923820,1,0.923820,1.269503,2.157997,0.571282,0.548272,7.817069,4.946421,-0.034329,-0.556487,-0.124529,0.571282,-0.248622,-0.136834,-0.516181,0.589050,0.283789,-20.999001,-36.860001,-14.620001,NaN,0.353765,true,Self-supervised model,0.233770,15.406000,49.269295,3.198059,0.000000,0.000000,2.222200,0.969837,false,false
2026-04-17T14:33:21.233348,0.918371,-0.100192,0.756420,46.660,NE,1,0.923820,1,0.923820,1.156595,2.139941,0.563828,0.435745,7.814674,5.073313,-0.118488,-0.551067,-0.013687,0.563828,-0.252287,-0.053145,-0.508240,0.569896,0.257824,-20.999001,-36.860001,-14.620001,NaN,0.361594,true,Self-supervised model,0.235074,15.415000,49.565836,3.215429,0.000000,0.000000,2.051326,0.989353,false,false
2026-04-17T14:33:21.240855,0.918371,-0.100192,0.762121,46.334,NE,1,0.923820,1,0.923820,1.061679,2.118811,0.563369,0.409408,7.809886,5.166687,-0.114572,-0.547931,0.063478,0.563369,-0.243735,-0.012828,-0.496023,0.552820,0.244073,-20.999001,-36.860001,-14.620001,NaN,0.369397,true,Self-supervised model,0.235901,15.422000,49.892490,3.235150,0.000000,0.000000,1.884519,1.019082,false,false
2026-04-17T14:33:21.249198,0.918371,-0.100192,0.768213,45.985,NE,1,0.923820,1,0.923820,0.974422,2.095035,0.516326,0.311246,7.869741,5.169082,-0.181885,-0.480578,0.050549,0.516326,-0.223577,0.015272,-0.479529,0.529309,0.224098,-20.999001,-36.860001,-14.620001,NaN,0.377055,true,Self-supervised model,0.235367,15.431000,50.241564,3.255885,0.000000,0.000000,1.887223,0.975472,false,false
2026-04-17T14:33:21.257331,0.918371,-0.100192,0.774570,45.620,NE,1,0.923820,1,0.923820,0.894473,2.069013,0.474737,0.189142,7.960721,5.123591,-0.280965,-0.382572,-0.008547,0.474737,-0.195477,0.031154,-0.447153,0.489007,0.197944,-20.999001,-36.860001,-14.620001,NaN,0.384469,true,Self-supervised model,0.234749,15.439000,50.605784,3.277789,0.000000,0.000000,1.884143,0.970819,false,false
2026-04-17T14:33:21.265322,0.918371,-0.100192,0.780820,45.262,NE,1,0.923820,1,0.923820,0.825484,2.041271,0.463294,0.062249,8.080431,5.121197,-0.384941,-0.256786,-0.022849,0.463294,-0.166155,0.026267,-0.409280,0.442501,0.168219,-20.999001,-36.860001,-14.620001,NaN,0.390292,true,Self-supervised model,0.235374,15.447000,50.963891,3.299274,0.000000,0.000000,1.781772,1.046988,false,false
2026-04-17T14:33:21.272787,0.918371,-0.100192,0.786938,44.912,NE,1,0.923820,1,0.923820,0.769515,2.012401,0.475677,-0.028730,8.190564,5.130774,-0.453484,-0.141722,-0.023155,0.475677,-0.138056,0.005498,-0.370795,0.395700,0.138165,-20.999001,-36.860001,-14.620001,NaN,0.395881,true,Self-supervised model,0.237423,15.454000,51.314418,3.320462,0.000000,0.000000,1.617725,1.202115,false,false
2026-04-17T14:33:21.281494,0.918371,-0.100192,0.792910,44.570,NE,1,0.923820,1,0.923820,0.723196,1.982833,0.480019,-0.074220,8.293514,5.147533,-0.478526,-0.035253,-0.013721,0.480019,-0.097128,-0.032376,-0.331089,0.346557,0.102381,-22.537001,-37.443001,-14.953001,NaN,0.401271,true,Self-supervised model,0.239313,15.463000,51.656604,3.340659,0.000000,0.000000,1.506597,1.385109,false,false
2026-04-17T14:33:21.288753,0.918371,-0.100192,0.798699,44.238,NE,1,0.923820,1,0.923820,0.697497,1.953419,0.562579,-0.172383,8.386889,5.159505,-0.559330,0.060058,-0.006205,0.562579,-0.054367,-0.075136,-0.290772,0.305204,0.092743,-22.537001,-37.443001,-14.953001,NaN,0.406323,true,Self-supervised model,0.242984,15.470000,51.988243,3.360585,0.000000,0.000000,1.239820,1.843290,false,false
2026-04-17T14:33:21.297584,0.918371,-0.100192,0.804252,43.920,NE,1,0.923820,1,0.923820,0.686249,1.924733,0.627196,-0.251391,8.382100,5.164293,-0.624727,0.055521,-0.002824,0.627196,-0.004887,-0.100793,-0.241903,0.262107,0.100911,-22.537001,-37.443001,-14.953001,NaN,0.410937,true,Self-supervised model,0.245899,15.479000,52.306423,3.379186,0.000000,0.000000,1.094154,2.392903,false,false
2026-04-17T14:33:21.305477,0.918371,-0.100192,0.809492,43.620,NE,1,0.923820,1,0.923820,0.666188,1.896391,0.560866,-0.196325,8.362947,5.188235,-0.559316,0.034716,0.023045,0.560866,0.040317,-0.106901,-0.193033,0.224311,0.114251,-22.537001,-37.443001,-14.953001,NaN,0.414924,true,Self-supervised model,0.244247,15.487000,52.606664,3.396827,0.000000,0.000000,1.187784,2.500397,false,false
2026-04-17T14:33:21.314954,0.918371,-0.100192,0.814338,43.342,NE,1,0.923820,1,0.923820,0.627724,1.867644,0.425791,-0.069432,8.310274,5.173870,-0.424997,-0.021727,0.014247,0.425791,0.100182,-0.091630,-0.131336,0.188896,0.135766,-22.537001,-37.443001,-14.953001,NaN,0.418191,true,Self-supervised model,0.240431,15.496000,52.884289,3.412770,0.000000,0.000000,1.474255,2.254105,false,false
2026-04-17T14:33:21.321067,0.918371,-0.100192,0.818702,43.092,NE,1,0.923820,1,0.923820,0.570821,1.837771,0.272077,0.079009,8.327033,5.145139,-0.271808,-0.010895,-0.005226,0.272077,0.156992,-0.076358,-0.075136,0.190060,0.174577,-22.537001,-37.443001,-14.953001,NaN,0.420630,true,Self-supervised model,0.230652,15.503000,53.134340,3.427359,0.000000,0.000000,2.098013,1.431534,false,false
2026-04-17T14:33:21.332383,0.918371,-0.100192,0.822510,42.874,NE,1,0.923820,1,0.923820,0.504378,1.806436,0.155556,0.217872,8.350976,5.054160,-0.131259,0.005034,-0.083327,0.155556,0.213803,-0.063530,-0.019548,0.223897,0.223042,-22.537001,-37.443001,-14.953001,NaN,0.422216,true,Self-supervised model,0.218830,15.514000,53.352557,3.438994,0.000000,0.000000,3.242418,0.694767,false,false
2026-04-17T14:33:21.337571,0.918371,-0.100192,0.825700,42.691,NE,1,0.923820,1,0.923820,0.460392,1.774594,0.229465,0.404620,8.365341,4.898537,0.053840,0.009583,-0.222854,0.229465,0.252898,-0.054367,0.021991,0.259609,0.258676,-22.537001,-37.443001,-14.953001,NaN,0.422929,true,Self-supervised model,0.230513,15.519000,53.535294,3.449661,0.000000,0.000000,2.006370,0.883887,false,false
2026-04-17T14:33:21.345771,0.918371,-0.100192,0.828220,42.547,NE,1,0.923820,1,0.923820,0.458799,1.743962,0.450433,0.615310,8.432379,4.740520,0.259809,0.065345,-0.362104,0.450433,0.287107,-0.056200,0.053756,0.297453,0.292555,-22.537001,-37.443001,-14.953001,NaN,0.422770,true,Self-supervised model,0.245244,15.527000,53.679670,3.457182,0.000000,0.000000,1.018572,1.514300,false,false
2026-04-17T14:33:21.353053,0.918371,-0.100192,0.830057,42.441,NE,1,0.923820,1,0.923820,0.490607,1.715828,0.657598,0.814029,8.504205,4.620809,0.451605,0.125031,-0.461363,0.657598,0.301157,-0.071471,0.069639,0.317259,0.309521,-22.537001,-37.443001,-14.953001,NaN,0.421880,true,Self-supervised model,0.250205,15.534000,53.784969,3.462403,0.000000,0.000000,0.746058,2.072752,false,false
2026-04-17T14:33:21.364008,0.918371,-0.100192,0.831265,42.372,NE,1,0.923820,1,0.923820,0.552284,1.691286,0.876087,1.019930,8.585608,4.503493,0.648497,0.193360,-0.556410,0.876087,0.312152,-0.083078,0.068417,0.330184,0.323018,-22.537001,-37.443001,-14.953001,NaN,0.420565,true,Self-supervised model,0.253528,15.545000,53.854137,3.464402,0.000000,0.000000,0.630398,2.653328,false,false
2026-04-17T14:33:21.368753,0.918371,-0.100192,0.831904,42.335,NE,1,0.923820,1,0.923820,0.638165,1.671161,1.089045,1.223437,8.667010,4.393360,0.840408,0.260419,-0.641806,1.089045,0.309709,-0.087965,0.049480,0.325738,0.321958,-22.537001,-37.443001,-14.953001,NaN,0.418934,true,Self-supervised model,0.255497,15.550000,53.890780,3.465645,0.000000,0.000000,0.585986,3.343311,false,false
2026-04-17T14:33:21.376643,0.918371,-0.100192,0.832012,42.329,NE,1,0.923820,1,0.923820,0.718858,1.655069,1.142496,1.297657,8.734048,4.376601,0.899766,0.311843,-0.631246,1.142496,0.300546,-0.098960,0.015272,0.316787,0.316419,-22.537001,-37.443001,-14.953001,NaN,0.416917,true,Self-supervised model,0.256380,15.558000,53.896988,3.464262,0.000000,0.000000,0.629200,3.606511,false,false
2026-04-17T14:33:21.384596,0.918371,-0.100192,0.831609,42.352,NE,1,0.923820,1,0.923820,0.776928,1.641943,1.081797,1.297657,8.784326,4.460398,0.883466,0.346322,-0.519455,1.081797,0.291994,-0.117897,-0.015272,0.315267,0.314897,-22.537001,-37.443001,-14.953001,NaN,0.414467,true,Self-supervised model,0.255320,15.566000,53.873874,3.460997,0.000000,0.000000,0.718183,3.431369,false,false
2026-04-17T14:33:21.392830,0.918371,-0.100192,0.830785,42.400,NE,1,0.923820,1,0.923820,0.813203,1.630794,1.003647,1.323994,8.769960,4.616021,0.891467,0.316240,-0.335537,1.003647,0.292604,-0.148440,-0.037874,0.330282,0.328103,-22.537001,-37.443001,-14.953001,NaN,0.411959,true,Self-supervised model,0.253795,15.574000,53.826650,3.456187,0.000000,0.000000,0.810249,3.038756,false,false
2026-04-17T14:33:21.401196,0.918371,-0.100192,0.829599,42.467,NE,1,0.923820,1,0.923820,0.836254,1.621012,0.957272,1.352724,8.724471,4.718972,0.899885,0.255025,-0.203813,0.957272,0.304211,-0.171042,-0.059865,0.354095,0.348998,-22.537001,-37.443001,-14.953001,NaN,0.409327,true,Self-supervised model,0.252618,15.583000,53.758707,3.449830,0.000000,0.000000,0.873580,2.703431,false,false
2026-04-17T14:33:21.408715,0.918371,-0.100192,0.828101,42.553,NE,1,0.923820,1,0.923820,0.855727,1.612401,0.957961,1.398214,8.726865,4.824317,0.924322,0.241827,-0.069554,0.957961,0.323759,-0.181427,-0.087354,0.381269,0.371127,-22.537001,-37.443001,-14.953001,NaN,0.406582,true,Self-supervised model,0.252104,15.590000,53.672897,3.442777,0.000000,0.000000,0.893280,2.512559,false,false
2026-04-17T14:33:21.416583,0.918371,-0.100192,0.826356,42.653,NE,1,0.923820,1,0.923820,0.867580,1.604608,0.929805,1.379060,8.784326,4.888960,0.885158,0.283620,0.024346,0.929805,0.353691,-0.162490,-0.100182,0.401916,0.389230,-22.537001,-37.443001,-14.953001,NaN,0.403846,true,Self-supervised model,0.251329,15.598000,53.572898,3.434600,0.000000,0.000000,0.933077,2.313429,false,false
2026-04-17T14:33:21.424660,0.918371,-0.100192,0.824441,42.763,NE,1,0.923820,1,0.923820,0.878517,1.597564,0.935934,1.412579,8.769960,4.881777,0.899769,0.253324,0.047078,0.935934,0.386067,-0.137445,-0.107512,0.423671,0.409803,-22.537001,-37.443001,-14.953001,NaN,0.401251,true,Self-supervised model,0.251289,15.606000,53.463161,3.425808,0.000000,0.000000,0.938652,2.209104,false,false
2026-04-17T14:33:21.433649,0.918371,-0.100192,0.822385,42.881,NE,1,0.923820,1,0.923820,0.880063,1.590864,0.888181,1.369483,8.810662,4.879383,0.840325,0.277447,0.075778,0.888181,0.418443,-0.100182,-0.122784,0.447445,0.430268,-22.537001,-37.443001,-14.953001,NaN,0.398633,true,Self-supervised model,0.250259,15.615000,53.345370,3.416290,0.000000,0.000000,0.990860,1.985008,false,false
2026-04-17T14:33:21.441521,0.918371,-0.100192,0.820250,43.003,NE,1,0.923820,1,0.923820,0.882436,1.584527,0.894898,1.335965,8.951921,4.874595,0.793063,0.401580,0.103083,0.894898,0.452040,-0.070860,-0.133779,0.476716,0.457561,-20.070002,-38.592003,-10.691001,NaN,0.396182,true,Self-supervised model,0.250046,15.623000,53.223046,3.406711,0.000000,0.000000,0.986075,1.877212,false,false
2026-04-17T14:33:21.448989,0.918371,-0.100192,0.818092,43.127,NE,1,0.923820,1,0.923820,0.882125,1.578431,0.880487,1.295263,9.030929,4.845864,0.741301,0.462723,0.107789,0.880487,0.480140,-0.045815,-0.144164,0.503405,0.482321,-20.070002,-38.592003,-10.691001,NaN,0.393933,true,Self-supervised model,0.249642,15.630000,53.099415,3.397275,0.000000,0.000000,1.001860,1.749062,false,false
2026-04-17T14:33:21.456981,0.918371,-0.100192,0.815966,43.249,NE,1,0.923820,1,0.923820,0.885118,1.572699,0.900834,1.211466,9.205706,4.778827,0.650288,0.618802,0.075576,0.900834,0.500910,-0.019548,-0.167988,0.528689,0.501291,-20.070002,-38.592003,-10.691001,NaN,0.391934,true,Self-supervised model,0.249911,15.638000,52.977614,3.387749,0.000000,0.000000,0.982554,1.703901,false,false
2026-04-17T14:33:21.466132,0.918371,-0.100192,0.813973,43.363,NE,1,0.923820,1,0.923820,0.885396,1.567206,0.886857,1.103727,9.306262,4.716578,0.536852,0.704725,0.040829,0.886857,0.518014,0.007330,-0.188757,0.551381,0.518066,-20.070002,-38.592003,-10.691001,NaN,0.390470,true,Self-supervised model,0.249872,15.648000,52.863388,3.378284,0.000000,0.000000,0.998353,1.608427,false,false
2026-04-17T14:33:21.472926,0.918371,-0.100192,0.812119,43.469,NE,1,0.923820,1,0.923820,0.885442,1.561936,0.885682,0.948104,9.414001,4.750096,0.387397,0.787361,0.120079,0.885682,0.533285,0.042761,-0.217468,0.577507,0.534997,-20.070002,-38.592003,-10.691001,NaN,0.389176,true,Self-supervised model,0.249449,15.654000,52.757184,3.370205,0.000000,0.000000,0.999729,1.533630,false,false
2026-04-17T14:33:21.481243,0.918371,-0.100192,0.810749,43.548,NE,1,0.923820,1,0.923820,0.882751,1.556768,0.868624,0.893037,9.433155,4.740520,0.338677,0.786058,0.148048,0.868624,0.550390,0.074526,-0.229074,0.600798,0.555412,-20.070002,-38.592003,-10.691001,NaN,0.389738,true,Self-supervised model,0.249556,15.663000,52.678655,3.363254,0.000000,0.000000,1.016263,1.445785,false,false
2026-04-17T14:33:21.489209,0.918371,-0.100192,0.809756,43.604,NE,1,0.923820,1,0.923820,0.876349,1.551552,0.842741,0.842759,9.440337,4.711789,0.298109,0.772297,0.157799,0.842741,0.568716,0.106901,-0.234572,0.624411,0.578675,-20.070002,-38.592003,-10.691001,NaN,0.390256,true,Self-supervised model,0.249115,15.671000,52.621772,3.357908,0.000000,0.000000,1.039880,1.349656,false,false
2026-04-17T14:33:21.498177,0.918371,-0.100192,0.809147,43.639,NE,1,0.923820,1,0.923820,0.862164,1.545976,0.787690,0.782904,9.428367,4.623203,0.250483,0.738814,0.108936,0.787690,0.588874,0.145997,-0.230296,0.648941,0.606702,-20.070002,-38.592003,-10.691001,NaN,0.391185,true,Self-supervised model,0.248216,15.680000,52.586913,3.353757,0.000000,0.000000,1.094547,1.213809,false,false
2026-04-17T14:33:21.505680,0.918371,-0.100192,0.808885,43.654,NE,1,0.923820,1,0.923820,0.848872,1.540092,0.779091,0.766145,9.445126,4.560954,0.247122,0.733653,0.087561,0.779091,0.604757,0.162490,-0.217468,0.662892,0.626206,-20.070002,-38.592003,-10.691001,NaN,0.392307,true,Self-supervised model,0.248234,15.687000,52.571879,3.351302,0.000000,0.000000,1.089567,1.175291,false,false
2026-04-17T14:33:21.513366,0.918371,-0.100192,0.808897,43.654,NE,1,0.923820,1,0.923820,0.839339,1.534062,0.789288,0.780510,9.471462,4.486734,0.274284,0.738065,0.054815,0.789288,0.605978,0.147829,-0.203418,0.656081,0.623749,-20.070002,-38.592003,-10.691001,NaN,0.393416,true,Self-supervised model,0.248741,15.695000,52.572564,3.349638,0.000000,0.000000,1.063412,1.203035,false,false
2026-04-17T14:33:21.520791,0.918371,-0.100192,0.809102,43.642,NE,1,0.923820,1,0.923820,0.850308,1.528712,0.907898,0.835576,9.595961,4.419696,0.341118,0.840862,0.029462,0.907898,0.604757,0.118508,-0.194866,0.646334,0.616259,-20.070002,-38.592003,-10.691001,NaN,0.394391,true,Self-supervised model,0.250890,15.702000,52.584288,3.348891,0.000000,0.000000,0.936568,1.404689,false,false
2026-04-17T14:33:21.531660,0.918371,-0.100192,0.809451,43.622,NE,1,0.923820,1,0.923820,0.866109,1.524208,0.949063,0.900220,9.629479,4.350265,0.416386,0.852841,0.002057,0.949063,0.602313,0.088575,-0.188757,0.637382,0.608791,-20.070002,-38.592003,-10.691001,NaN,0.395322,true,Self-supervised model,0.251517,15.713000,52.604327,3.347822,0.000000,0.000000,0.912594,1.489001,false,false
2026-04-17T14:33:21.537368,0.918371,-0.100192,0.809916,43.595,NE,1,0.923820,1,0.923820,0.883082,1.520563,0.972193,1.015141,9.605537,4.304775,0.541197,0.807628,-0.001332,0.972193,0.601702,0.060476,-0.196088,0.635731,0.604734,-20.070002,-38.592003,-10.691001,NaN,0.396246,true,Self-supervised model,0.251599,15.719000,52.630953,3.348238,0.000000,0.000000,0.908341,1.529253,false,false
2026-04-17T14:33:21.545947,0.918371,-0.100192,0.810487,43.563,NE,1,0.923820,1,0.923820,0.893307,1.517472,0.946985,1.077391,9.540894,4.276044,0.612601,0.722051,0.011964,0.946985,0.594983,0.006720,-0.212581,0.631855,0.595021,-20.070002,-38.592003,-10.691001,NaN,0.397244,true,Self-supervised model,0.251258,15.727000,52.663683,3.348616,0.000000,0.000000,0.943317,1.498738,false,false
2026-04-17T14:33:21.554246,0.918371,-0.100192,0.811189,43.522,NE,1,0.923820,1,0.923820,0.904556,1.514956,0.963612,1.192312,9.461885,4.228160,0.735382,0.622680,0.005595,0.963612,0.581544,-0.048869,-0.229074,0.626942,0.583593,-20.070002,-38.592003,-10.691001,NaN,0.398465,true,Self-supervised model,0.251460,15.736000,52.703861,3.349254,0.000000,0.000000,0.938713,1.537003,false,false
2026-04-17T14:33:21.561448,0.918371,-0.100192,0.812040,43.474,NE,1,0.923820,1,0.923820,0.918766,1.513108,0.993368,1.297657,9.375694,4.220978,0.847309,0.517067,0.038597,0.993368,0.556498,-0.118508,-0.260229,0.625662,0.568977,-20.070002,-38.592003,-10.691001,NaN,0.399917,true,Self-supervised model,0.251778,15.743000,52.752649,3.350864,0.000000,0.000000,0.924899,1.587707,false,false
2026-04-17T14:33:21.569386,0.918371,-0.100192,0.813079,43.414,NE,1,0.923820,1,0.923820,0.942243,1.512274,1.065498,1.398214,9.337387,4.259285,0.953889,0.460648,0.114834,1.065498,0.519846,-0.176540,-0.298713,0.625009,0.549005,-20.070002,-38.592003,-10.691001,NaN,0.401704,true,Self-supervised model,0.252689,15.751000,52.812153,3.352940,0.000000,0.000000,0.884321,1.704773,false,false
2026-04-17T14:33:21.576862,0.918371,-0.100192,0.814368,43.340,NE,1,0.923820,1,0.923820,0.958556,1.512125,1.044199,1.350330,9.346964,4.335899,0.912853,0.453708,0.226277,1.044199,0.475253,-0.208916,-0.340252,0.620712,0.519145,-20.070002,-38.592003,-10.691001,NaN,0.403999,true,Self-supervised model,0.252265,15.758000,52.886049,3.356140,0.000000,0.000000,0.917982,1.682262,false,false
2026-04-17T14:33:21.584895,0.918371,-0.100192,0.816009,43.246,NE,1,0.923820,1,0.923820,0.963197,1.512168,0.987561,1.204283,9.423578,4.405331,0.776279,0.515392,0.327167,0.987561,0.433714,-0.199753,-0.372628,0.605690,0.477503,-20.070002,-38.592003,-10.691001,NaN,0.407045,true,Self-supervised model,0.251448,15.766000,52.980076,3.360401,0.000000,0.000000,0.975329,1.630472,false,false
2026-04-17T14:33:21.593471,0.918371,-0.100192,0.818102,43.126,NE,1,0.923820,1,0.923820,0.962640,1.512187,0.959718,1.007959,9.507375,4.525041,0.593769,0.585918,0.474550,0.959718,0.391565,-0.133169,-0.406836,0.580149,0.413590,-20.070002,-38.592003,-10.691001,NaN,0.410941,true,Self-supervised model,0.251048,15.775000,53.099947,3.366082,0.000000,0.000000,1.003045,1.654263,false,false
2026-04-17T14:33:21.602108,0.918371,-0.100192,0.820729,42.976,NE,1,0.923820,1,0.923820,0.952412,1.511796,0.898715,0.739808,9.569624,4.558560,0.345227,0.636080,0.532833,0.898715,0.363465,-0.017104,-0.426384,0.560538,0.363867,-20.379002,-40.001003,-11.530001,NaN,0.415712,true,Self-supervised model,0.249972,15.784000,53.250504,3.373701,0.000000,0.000000,1.059748,1.603310,false,false
2026-04-17T14:33:21.608521,0.918371,-0.100192,0.823945,42.791,NE,1,0.923820,1,0.923820,0.941254,1.510974,0.882673,0.442927,9.629479,4.553771,0.079994,0.683500,0.552756,0.882673,0.350637,0.131336,-0.434936,0.573903,0.374427,-20.379002,-40.001003,-11.530001,NaN,0.421281,true,Self-supervised model,0.248889,15.790000,53.434768,3.384089,0.000000,0.000000,1.066368,1.538018,false,false
2026-04-17T14:33:21.616691,0.918371,-0.100192,0.828000,42.559,NE,1,0.923820,1,0.923820,0.924285,1.509506,0.835201,0.124498,9.679757,4.345476,-0.202422,0.721795,0.368236,0.835201,0.343306,0.243124,-0.426384,0.598976,0.420676,-20.379002,-40.001003,-11.530001,NaN,0.428691,true,Self-supervised model,0.247898,15.798000,53.667097,3.397082,0.000000,0.000000,1.106662,1.394382,false,false
2026-04-17T14:33:21.624782,0.918371,-0.100192,0.832752,42.287,NE,1,0.923820,1,0.923820,0.914003,1.507686,0.860020,-0.177171,9.691729,3.983952,-0.465840,0.722323,0.029608,0.860020,0.328645,0.343306,-0.397673,0.619686,0.475255,-20.379002,-40.001003,-11.530001,NaN,0.436231,true,Self-supervised model,0.247893,15.806000,53.939365,3.412588,0.000000,0.000000,1.062769,1.387832,false,false
2026-04-17T14:33:21.633212,0.918371,-0.100192,0.838019,41.985,NE,1,0.923820,1,0.923820,0.929022,1.506540,1.007870,-0.385466,9.727641,3.706224,-0.636541,0.747765,-0.226861,1.007870,0.295659,0.373850,-0.353691,0.593528,0.476631,-20.379002,-40.001003,-11.530001,NaN,0.443559,true,Self-supervised model,0.250157,15.815000,54.241153,3.429728,0.000000,0.000000,0.921767,1.698102,false,false
2026-04-17T14:33:21.640670,0.918371,-0.100192,0.843587,41.666,NE,1,0.923820,1,0.923820,0.941894,1.505954,1.009475,-0.371101,9.665392,3.450045,-0.587736,0.676568,-0.464609,1.009475,0.244957,0.332311,-0.318261,0.521272,0.412837,-20.379002,-40.001003,-11.530001,NaN,0.450328,true,Self-supervised model,0.250050,15.822000,54.560149,3.448372,0.000000,0.000000,0.933054,1.936562,false,false
2026-04-17T14:33:21.649251,0.918371,-0.100192,0.849279,41.340,NE,1,0.923820,1,0.923820,0.998041,1.507637,1.292814,-0.399832,9.900024,3.189077,-0.588066,0.904698,-0.712086,1.292814,0.153938,0.224798,-0.283441,0.393154,0.272454,-20.379002,-40.001003,-11.530001,NaN,0.456522,true,Self-supervised model,0.254899,15.831000,54.886314,3.467015,0.000000,0.000000,0.771992,3.288311,false,false
2026-04-17T14:33:21.656655,0.918371,-0.100192,0.854923,41.016,NE,1,0.923820,1,0.923820,1.056823,1.511605,1.365426,-0.325611,9.986216,3.088520,-0.491230,0.987244,-0.805251,1.365426,0.032376,0.056810,-0.268170,0.276027,0.065388,-20.379002,-40.001003,-11.530001,NaN,0.461970,true,Self-supervised model,0.256858,15.838000,55.209686,3.485900,0.000000,0.000000,0.773988,4.946717,false,false
2026-04-17T14:33:21.669792,0.918371,-0.100192,0.860481,40.698,NE,1,0.923820,1,0.923820,1.095951,1.516979,1.301373,-0.225055,10.019734,3.181894,-0.381504,1.020530,-0.711720,1.301373,-0.028711,-0.026878,-0.263283,0.266204,0.039329,-20.379002,-40.001003,-11.530001,NaN,0.467182,true,Self-supervised model,0.257484,15.851000,55.528105,3.503129,0.000000,0.000000,0.842150,4.888628,false,false
2026-04-17T14:33:21.673188,0.918371,-0.100192,0.865452,40.413,NE,1,0.923820,1,0.923820,1.085023,1.521700,1.027652,-0.076614,9.959879,3.636792,-0.215655,0.967141,-0.272394,1.027652,-0.235794,-0.309098,-0.241903,0.457883,0.388768,-20.379002,-40.001003,-11.530001,NaN,0.469806,true,Self-supervised model,0.246682,15.855000,55.812912,3.520209,0.000000,0.000000,1.055828,2.244352,false,false
2026-04-17T14:33:21.681103,0.918371,-0.100192,0.870969,40.097,NE,1,0.923820,1,0.923820,1.063236,1.525362,0.948856,0.119710,9.787497,4.434062,-0.016201,0.803914,0.503774,0.948856,-0.341474,-0.486249,-0.224798,0.635277,0.594173,-20.379002,-40.001003,-11.530001,NaN,0.477511,true,Self-supervised model,0.247069,15.863000,56.129047,3.538363,0.000000,0.000000,1.120545,1.493611,false,false
2026-04-17T14:33:21.688727,0.918371,-0.100192,0.876343,39.789,NE,1,0.923820,1,0.923820,1.109391,1.530723,1.351706,0.294487,9.500193,5.190629,0.156366,0.528018,1.234446,1.351706,-0.375682,-0.579711,-0.207083,0.721170,0.690798,-20.379002,-40.001003,-11.530001,NaN,0.482309,true,Self-supervised model,0.251951,15.870000,56.436939,3.556203,0.000000,0.000000,0.820734,1.874325,false,false
2026-04-17T14:33:21.697253,0.918371,-0.100192,0.881540,39.491,NE,1,0.923820,1,0.923820,1.218285,1.540226,1.789974,0.385466,9.244013,5.731719,0.242991,0.282901,1.750694,1.789974,-0.330478,-0.568105,-0.187536,0.683468,0.657236,-20.379002,-40.001003,-11.530001,NaN,0.486798,true,Self-supervised model,0.256378,15.879000,56.734690,3.572938,0.000000,0.000000,0.680616,2.618959,false,false
2026-04-17T14:33:21.705099,0.918371,-0.100192,0.886524,39.206,NE,1,0.923820,1,0.923820,1.376754,1.555687,2.208715,0.445322,8.980651,6.189012,0.298336,0.028388,2.188290,2.208715,-0.247400,-0.508851,-0.169210,0.590566,0.565806,-20.379002,-40.001003,-11.530001,NaN,0.490933,true,Self-supervised model,0.259849,15.887000,57.020272,3.589115,0.000000,0.000000,0.623328,3.739999,false,false
2026-04-17T14:33:21.714464,0.918371,-0.100192,0.891240,38.936,NE,1,0.923820,1,0.923820,1.548330,1.577392,2.449104,0.414197,8.791509,6.445191,0.263004,-0.154227,2.430052,2.449104,-0.067806,-0.361021,-0.124006,0.387700,0.367334,-20.379002,-40.001003,-11.530001,NaN,0.494573,true,Self-supervised model,0.264567,15.896000,57.290454,3.604080,0.000000,0.000000,0.632202,6.317004,false,false
2026-04-17T14:33:21.720691,0.918371,-0.100192,0.895592,38.686,NE,1,0.923820,1,0.923820,1.698638,1.604242,2.487755,0.392649,8.604761,6.469133,0.239254,-0.340364,2.452720,2.487755,0.050091,-0.249233,-0.092852,0.270643,0.254217,-20.379002,-40.001003,-11.530001,NaN,0.497474,true,Self-supervised model,0.266533,15.902000,57.539838,3.618403,0.000000,0.000000,0.682799,9.192018,false,false
2026-04-17T14:33:21.730920,0.918371,-0.100192,0.899495,38.463,NE,1,0.923820,1,0.923820,1.803519,1.634213,2.354148,0.371101,8.508993,6.308722,0.218062,-0.440596,2.302247,2.354148,0.222355,-0.065973,-0.055589,0.238504,0.231936,-20.379002,-40.001003,-11.530001,NaN,0.499578,true,Self-supervised model,0.267681,15.912000,57.763459,3.630182,0.000000,0.000000,0.766103,9.870463,false,false
2026-04-17T14:33:21.737873,0.918371,-0.100192,0.902862,38.270,NE,1,0.923820,1,0.923820,1.830307,1.664057,1.970943,0.373495,8.492233,5.887342,0.224223,-0.466722,1.901713,1.970943,0.370795,0.092852,-0.035430,0.383883,0.382244,-20.379002,-40.001003,-11.530001,NaN,0.500803,true,Self-supervised model,0.260912,15.919000,57.956387,3.640705,0.000000,0.000000,0.928645,5.134235,false,false
2026-04-17T14:33:21.747212,0.918371,-0.100192,0.905660,38.109,NE,1,0.923820,1,0.923820,1.755943,1.689732,1.365531,0.351948,8.549694,5.236119,0.211176,-0.422950,1.281091,1.365531,0.511905,0.260229,-0.037874,0.575500,0.574252,-20.379002,-40.001003,-11.530001,NaN,0.501324,true,Self-supervised model,0.252733,15.929000,58.116701,3.648484,0.000000,0.000000,1.285905,2.372774,false,false
2026-04-17T14:33:21.752821,0.918371,-0.100192,0.907951,37.978,NE,1,0.923820,1,0.923820,1.597490,1.708043,0.765611,0.282516,8.556877,4.529830,0.155729,-0.432415,0.612312,0.765611,0.601702,0.373850,-0.067806,0.711623,0.708385,-20.379002,-40.001003,-11.530001,NaN,0.501586,true,Self-supervised model,0.238194,15.934000,58.247959,3.655577,0.000000,0.000000,2.086555,1.075867,false,false
2026-04-17T14:33:21.764655,0.918371,-0.100192,0.909905,37.866,NE,1,0.923820,1,0.923820,1.421257,1.718571,0.496033,0.067038,8.523358,3.979163,-0.040788,-0.483698,0.102087,0.496033,0.635300,0.412945,-0.117286,0.766737,0.757713,-19.026001,-41.743004,-9.849001,NaN,0.502189,true,Self-supervised model,0.228226,15.946000,58.359874,3.659844,0.000000,0.000000,2.865244,0.646941,false,false
2026-04-17T14:33:21.769688,0.918371,-0.100192,0.911761,37.760,NE,1,0.923820,1,0.923820,1.316854,1.724503,0.768739,-0.150835,8.427590,3.414132,-0.236588,-0.596919,-0.422698,0.768739,0.627969,0.397673,-0.157603,0.759821,0.743296,-19.026001,-41.743004,-9.849001,NaN,0.503659,true,Self-supervised model,0.240607,15.951000,58.466245,3.665365,0.000000,0.000000,1.713004,1.011737,false,false
2026-04-17T14:33:21.776807,0.918371,-0.100192,0.913735,37.647,NE,1,0.923820,1,0.923820,1.297639,1.729428,1.196757,-0.351948,8.276755,2.990358,-0.416310,-0.754870,-0.830110,1.196757,0.585209,0.342085,-0.195477,0.705480,0.677858,-19.026001,-41.743004,-9.849001,NaN,0.506103,true,Self-supervised model,0.250416,15.958000,58.579357,3.670846,0.000000,0.000000,1.084296,1.696372,false,false
2026-04-17T14:33:21.785231,0.918371,-0.100192,0.915899,37.523,NE,1,0.923820,1,0.923820,1.322315,1.735144,1.451867,-0.418985,8.130709,2.767697,-0.460193,-0.908726,-1.034581,1.451867,0.525955,0.248622,-0.224798,0.623679,0.581757,-19.026001,-41.743004,-9.849001,NaN,0.509025,true,Self-supervised model,0.254165,15.967000,58.703323,3.676541,0.000000,0.000000,0.910769,2.327906,false,false
2026-04-17T14:33:21.793089,0.918371,-0.100192,0.918440,37.377,NE,1,0.923820,1,0.923820,1.368788,1.742489,1.612768,-0.474052,8.032547,2.628834,-0.492220,-1.016105,-1.151639,1.612768,0.451429,0.102014,-0.249233,0.525654,0.462813,-19.026001,-41.743004,-9.849001,NaN,0.513075,true,Self-supervised model,0.256166,15.975000,58.848905,3.683813,0.000000,0.000000,0.848719,3.068115,false,false
2026-04-17T14:33:21.801567,0.918371,-0.100192,0.921485,37.203,NE,1,0.923820,1,0.923820,1.410761,1.751220,1.631119,-0.469264,8.037335,2.571373,-0.467637,-1.022878,-1.181349,1.631119,0.373850,-0.054978,-0.276111,0.467999,0.377870,-19.026001,-41.743004,-9.849001,NaN,0.518138,true,Self-supervised model,0.256719,15.983000,59.023397,3.692886,0.000000,0.000000,0.864904,3.485302,false,false
2026-04-17T14:33:21.808675,0.918371,-0.100192,0.925047,36.999,NE,1,0.923820,1,0.923820,1.435730,1.760601,1.566816,-0.359130,8.080431,2.564190,-0.340765,-0.988798,-1.166649,1.566816,0.272446,-0.237627,-0.311541,0.477233,0.361515,-19.026001,-41.743004,-9.849001,NaN,0.523764,true,Self-supervised model,0.255463,15.990000,59.227456,3.704031,0.000000,0.000000,0.916336,3.283128,false,false
2026-04-17T14:33:21.816840,0.918371,-0.100192,0.929167,36.763,NE,1,0.923820,1,0.923820,1.438954,1.769735,1.455880,-0.280122,8.106767,2.657564,-0.246861,-0.968402,-1.058699,1.455880,0.160047,-0.397673,-0.362854,0.561624,0.428671,-19.026001,-41.743004,-9.849001,NaN,0.530117,true,Self-supervised model,0.253456,15.998000,59.463506,3.716934,0.000000,0.000000,0.988374,2.592266,false,false
2026-04-17T14:33:21.825302,0.918371,-0.100192,0.933916,36.491,NE,1,0.923820,1,0.923820,1.421707,1.777814,1.331160,-0.186748,8.061277,2.861071,-0.138635,-1.016836,-0.847827,1.331160,0.069639,-0.504575,-0.413556,0.656105,0.509358,-19.026001,-41.743004,-9.849001,NaN,0.537383,true,Self-supervised model,0.250918,16.007000,59.735604,3.731843,0.000000,0.000000,1.068021,2.028882,false,false
2026-04-17T14:33:21.835065,0.918371,-0.100192,0.939389,36.177,NE,1,0.923820,1,0.923820,1.393064,1.784424,1.242693,-0.201113,8.008605,3.090914,-0.136732,-1.069351,-0.618125,1.242693,-0.029322,-0.583987,-0.472199,0.751580,0.584723,-19.026001,-41.743004,-9.849001,NaN,0.545753,true,Self-supervised model,0.249056,16.017000,60.049192,3.749091,0.000000,0.000000,1.121004,1.653441,false,false
2026-04-17T14:33:21.840914,0.918371,-0.100192,0.945685,35.816,NE,1,0.923820,1,0.923820,1.371736,1.789916,1.259761,-0.316035,7.900866,3.323152,-0.232763,-1.174098,-0.392826,1.259761,-0.122784,-0.596204,-0.518014,0.799296,0.608716,-19.026001,-41.743004,-9.849001,NaN,0.555342,true,Self-supervised model,0.246715,16.022000,60.409946,3.770437,0.000000,0.000000,1.088886,1.576088,false,false
2026-04-17T14:33:21.848747,0.918371,-0.100192,0.952841,35.406,NE,1,0.923820,1,0.923820,1.361464,1.794778,1.307539,-0.483629,7.826645,3.581726,-0.378752,-1.242799,-0.147156,1.307539,-0.199753,-0.549779,-0.533285,0.791550,0.584943,-19.026001,-41.743004,-9.849001,NaN,0.565939,true,Self-supervised model,0.248235,16.030000,60.819980,3.794135,0.000000,0.000000,1.041242,1.651872,false,false
2026-04-17T14:33:21.856723,0.918371,-0.100192,0.960790,34.951,NE,1,0.923820,1,0.923820,1.358356,1.799321,1.342035,-0.548272,7.790732,3.837905,-0.419955,-1.271323,0.091829,1.342035,-0.247400,-0.474642,-0.525344,0.749986,0.535250,-19.026001,-41.743004,-9.849001,NaN,0.577053,true,Self-supervised model,0.248470,16.038000,61.275370,3.820637,0.000000,0.000000,1.012161,1.789414,false,false
2026-04-17T14:33:21.867042,0.918371,-0.100192,0.969344,34.461,NE,1,0.923820,1,0.923820,1.357103,1.803632,1.350526,-0.572214,7.795521,4.024653,-0.418689,-1.257735,0.258309,1.350526,-0.279165,-0.364076,-0.500910,0.679260,0.458786,-19.026001,-41.743004,-9.849001,NaN,0.588032,true,Self-supervised model,0.249952,16.048000,61.765492,3.848797,0.000000,0.000000,1.004870,1.988231,false,false
2026-04-17T14:33:21.872770,0.918371,-0.100192,0.978296,33.948,NE,1,0.923820,1,0.923820,1.333762,1.806838,1.211223,-0.596156,7.946355,4.086902,-0.416467,-1.097389,0.298921,1.211223,-0.297491,-0.252898,-0.470366,0.611313,0.390460,-19.026001,-41.743004,-9.849001,NaN,0.598576,true,Self-supervised model,0.245174,16.054000,62.278415,3.879308,0.000000,0.000000,1.101170,1.981347,false,false
2026-04-17T14:33:21.881105,0.918371,-0.100192,0.987406,33.426,NE,1,0.923820,1,0.923820,1.287369,1.808059,1.043807,-0.588974,8.082825,4.010288,-0.382315,-0.950626,0.199194,1.043807,-0.326202,-0.154549,-0.441045,0.569924,0.360961,-19.026001,-41.743004,-9.849001,NaN,0.608319,true,Self-supervised model,0.245084,16.063000,62.800402,3.909631,0.000000,0.000000,1.233340,1.831485,false,false
2026-04-17T14:33:21.889154,0.918371,-0.100192,0.996497,32.905,NE,1,0.923820,1,0.923820,1.215281,1.806348,0.836816,-0.495600,8.233660,3.940856,-0.261159,-0.788192,0.103976,0.836816,-0.368963,-0.095906,-0.426384,0.571957,0.381223,-19.026001,-41.743004,-9.849001,NaN,0.617329,true,Self-supervised model,0.240985,16.071000,63.321233,3.940093,0.000000,0.000000,1.452267,1.463076,false,false
2026-04-17T14:33:21.899107,0.918371,-0.100192,1.005457,32.392,NE,1,0.923820,1,0.923820,1.123207,1.801022,0.639817,-0.459687,8.410830,3.983952,-0.197072,-0.597371,0.116945,0.639817,-0.439212,-0.065973,-0.417832,0.609789,0.444139,-19.026001,-41.743004,-9.849001,NaN,0.625770,true,Self-supervised model,0.236055,16.081000,63.834629,3.969568,0.000000,0.000000,1.755512,1.049243,false,false
2026-04-17T14:33:21.905023,0.918371,-0.100192,1.014229,31.889,NE,1,0.923820,1,0.923820,1.033242,1.792311,0.560927,-0.428562,8.523358,4.180276,-0.137380,-0.468184,0.276714,0.560927,-0.507629,-0.059865,-0.403171,0.651013,0.511147,-19.026001,-41.743004,-9.849001,NaN,0.633788,true,Self-supervised model,0.231146,16.086000,64.337217,3.999578,0.000000,0.000000,1.842024,0.861622,false,false
2026-04-17T14:33:21.913151,0.918371,-0.100192,1.022797,31.398,NE,1,0.923820,1,0.923820,0.973595,1.781562,0.660447,-0.359130,8.544906,4.446033,-0.040756,-0.427814,0.501501,0.660447,-0.544892,-0.070860,-0.386067,0.671547,0.549480,-19.026001,-41.743004,-9.849001,NaN,0.641542,true,Self-supervised model,0.237635,16.095000,64.828144,4.027844,0.000000,0.000000,1.474146,0.983470,false,false
2026-04-17T14:33:21.921297,0.918371,-0.100192,1.031088,30.923,NE,1,0.923820,1,0.923820,0.970268,1.771110,0.952805,-0.253785,8.556877,4.850653,0.090090,-0.395450,0.862172,0.952805,-0.543670,-0.096517,-0.377515,0.668887,0.552171,-15.427001,-42.824001,-5.347000,NaN,0.648724,true,Self-supervised model,0.244374,16.103000,65.303194,4.055343,0.000000,0.000000,1.018328,1.424463,false,false
2026-04-17T14:33:21.930979,0.918371,-0.100192,1.039063,30.466,NE,1,0.923820,1,0.923820,1.005227,1.762475,1.188762,-0.313640,8.645462,5.185841,0.053466,-0.285881,1.152636,1.188762,-0.500299,-0.130114,-0.368963,0.635108,0.516941,-15.427001,-42.824001,-5.347000,NaN,0.655431,true,Self-supervised model,0.248201,16.112000,65.760085,4.081435,0.000000,0.000000,0.845609,1.871749,false,false
2026-04-17T14:33:21.937701,0.918371,-0.100192,1.046697,30.029,NE,1,0.923820,1,0.923820,1.061420,1.756433,1.356434,-0.454898,8.755595,5.406107,-0.076644,-0.162400,1.344495,1.356434,-0.465479,-0.145997,-0.366519,0.610182,0.487838,-15.427001,-42.824001,-5.347000,NaN,0.661708,true,Self-supervised model,0.248624,16.119000,66.197529,4.106801,0.000000,0.000000,0.782508,2.222999,false,false
2026-04-17T14:33:21.946333,0.918371,-0.100192,1.053397,29.645,NE,1,0.923820,1,0.923820,1.115935,1.752813,1.402137,-0.596156,8.805874,5.504270,-0.189051,-0.085157,1.386721,1.402137,-0.299324,-0.196699,-0.333532,0.489417,0.358169,-15.427001,-42.824001,-5.347000,NaN,0.664669,true,Self-supervised model,0.251421,16.128000,66.581410,4.128312,0.000000,0.000000,0.795882,2.864912,false,false
2026-04-17T14:33:21.952816,0.918371,-0.100192,1.060489,29.238,NE,1,0.923820,1,0.923820,1.165494,1.751320,1.425675,-0.706290,8.791509,5.533000,-0.283396,-0.089001,1.394387,1.425675,-0.190590,-0.229074,-0.311541,0.431112,0.297993,-15.427001,-42.824001,-5.347000,NaN,0.673326,true,Self-supervised model,0.250817,16.134000,66.987723,4.151960,0.000000,0.000000,0.817503,3.306972,false,false
2026-04-17T14:33:21.963625,0.918371,-0.100192,1.067270,28.850,NE,1,0.923820,1,0.923820,1.191934,1.750945,1.330749,-0.749385,8.757990,5.439626,-0.313647,-0.115849,1.288060,1.330749,-0.056810,-0.270613,-0.285274,0.397291,0.276512,-15.427001,-42.824001,-5.347000,NaN,0.678864,true,Self-supervised model,0.251715,16.145000,67.376230,4.173195,0.000000,0.000000,0.895687,3.349556,false,false
2026-04-17T14:33:21.969036,0.918371,-0.100192,1.073755,28.478,NE,1,0.923820,1,0.923820,1.179044,1.750069,1.111372,-0.778116,8.645462,5.193024,-0.332273,-0.225458,1.036297,1.111372,0.057421,-0.296881,-0.257174,0.396956,0.302383,-15.427001,-42.824001,-5.347000,NaN,0.684167,true,Self-supervised model,0.246469,16.150000,67.747799,4.194910,0.000000,0.000000,1.060891,2.799738,false,false
2026-04-17T14:33:21.976761,0.918371,-0.100192,1.079955,28.123,NE,1,0.923820,1,0.923820,1.120677,1.746893,0.814251,-0.782904,8.544906,4.824317,-0.329489,-0.326410,0.669251,0.814251,0.147829,-0.298102,-0.218079,0.397840,0.332744,-15.427001,-42.824001,-5.347000,NaN,0.689227,true,Self-supervised model,0.242278,16.158000,68.103046,4.214819,0.000000,0.000000,1.376330,2.046677,false,false
2026-04-17T14:33:21.984899,0.918371,-0.100192,1.085852,27.785,NE,1,0.923820,1,0.923820,1.037259,1.740508,0.599315,-0.701501,8.439561,4.481946,-0.242869,-0.434631,0.333600,0.599315,0.194866,-0.280998,-0.178984,0.385963,0.341954,-15.427001,-42.824001,-5.347000,NaN,0.693912,true,Self-supervised model,0.236999,16.166000,68.440922,4.233634,0.000000,0.000000,1.730741,1.552777,false,false
2026-04-17T14:33:21.992890,0.918371,-0.100192,1.091388,27.468,NE,1,0.923820,1,0.923820,0.955356,1.731102,0.525363,-0.588974,8.370130,4.170700,-0.127512,-0.508620,0.032432,0.525363,0.226020,-0.246179,-0.130114,0.358635,0.334199,-15.427001,-42.824001,-5.347000,NaN,0.698003,true,Self-supervised model,0.235002,16.174000,68.758102,4.251150,0.000000,0.000000,1.818470,1.464896,false,false
2026-04-17T14:33:22.001713,0.918371,-0.100192,1.096479,27.176,NE,1,0.923820,1,0.923820,0.885522,1.719279,0.518891,-0.430956,8.374918,4.022259,0.031298,-0.505723,-0.111860,0.518891,0.234572,-0.226020,-0.105069,0.342270,0.325744,-15.427001,-42.824001,-5.347000,NaN,0.701315,true,Self-supervised model,0.236412,16.183000,69.049797,4.266811,0.000000,0.000000,1.706565,1.516029,false,false
2026-04-17T14:33:22.009074,0.918371,-0.100192,1.100817,26.928,NE,1,0.923820,1,0.923820,0.831350,1.705761,0.546946,-0.222661,8.403648,4.022259,0.238685,-0.481269,-0.102763,0.546946,0.260839,-0.196699,-0.035430,0.328607,0.326692,-15.427001,-42.824001,-5.347000,NaN,0.702642,true,Self-supervised model,0.238515,16.191000,69.298369,4.280055,0.000000,0.000000,1.519984,1.664437,false,false
2026-04-17T14:33:22.016930,0.918371,-0.100192,1.104820,26.699,NE,1,0.923820,1,0.923820,0.789577,1.691114,0.570273,-0.038307,8.511387,4.024653,0.417893,-0.376170,-0.095251,0.570273,0.293215,-0.230907,-0.018326,0.373670,0.373220,-15.427001,-42.824001,-5.347000,NaN,0.705300,true,Self-supervised model,0.239808,16.198000,69.527679,4.292362,0.000000,0.000000,1.384561,1.526141,false,false
2026-04-17T14:33:22.025045,0.918371,-0.100192,1.108171,26.506,NE,1,0.923820,1,0.923820,0.777161,1.676556,0.711974,0.179565,8.580819,3.976769,0.626047,-0.311638,-0.133616,0.711974,0.335976,-0.304211,-0.026267,0.453998,0.453237,-15.427001,-42.824001,-5.347000,NaN,0.706051,true,Self-supervised model,0.243950,16.206000,69.719731,4.302094,0.000000,0.000000,1.091558,1.568232,false,false
2026-04-17T14:33:22.033392,0.918371,-0.100192,1.110911,26.349,NE,1,0.923820,1,0.923820,0.786974,1.662973,0.838491,0.318429,8.662222,3.811569,0.752145,-0.237451,-0.284541,0.838491,0.373850,-0.401338,-0.067195,0.552586,0.548485,-15.427001,-42.824001,-5.347000,NaN,0.706340,true,Self-supervised model,0.246062,16.215000,69.876684,4.309385,0.000000,0.000000,0.938559,1.517395,false,false
2026-04-17T14:33:22.040892,0.918371,-0.100192,1.113197,26.219,NE,1,0.923820,1,0.923820,0.824773,1.651445,1.023217,0.433351,8.753201,3.533842,0.852698,-0.155666,-0.543735,1.023217,0.395841,-0.480751,-0.119730,0.634150,0.622745,-15.427001,-42.824001,-5.347000,NaN,0.706814,true,Self-supervised model,0.248187,16.222000,70.007679,4.315601,0.000000,0.000000,0.806058,1.613525,false,false
2026-04-17T14:33:22.049093,0.918371,-0.100192,1.115231,26.102,NE,1,0.923820,1,0.923820,0.881102,1.642631,1.176829,0.445322,8.810662,3.253720,0.857361,-0.110067,-0.798588,1.176829,0.387899,-0.558331,-0.190590,0.706062,0.679852,-15.427001,-42.824001,-5.347000,NaN,0.707840,true,Self-supervised model,0.249639,16.231000,70.124238,4.320389,0.000000,0.000000,0.748708,1.666749,false,false
2026-04-17T14:33:22.056833,0.918371,-0.100192,1.117560,25.969,NE,1,0.923820,1,0.923820,0.935744,1.636355,1.222615,0.349553,8.808268,3.076549,0.757295,-0.123477,-0.951863,1.222615,0.349415,-0.602924,-0.255953,0.742374,0.696856,-15.427001,-42.824001,-5.347000,NaN,0.711347,true,Self-supervised model,0.249532,16.238000,70.257675,4.326744,0.000000,0.000000,0.765363,1.646897,false,false
2026-04-17T14:33:22.065601,0.918371,-0.100192,1.120374,25.807,NE,1,0.923820,1,0.923820,0.966204,1.631549,1.126122,0.196325,8.781932,3.064578,0.594795,-0.159685,-0.942800,1.126122,0.292604,-0.631635,-0.309709,0.761905,0.696118,-15.427001,-42.824001,-5.347000,NaN,0.716101,true,Self-supervised model,0.248204,16.247000,70.418896,4.334271,0.000000,0.000000,0.857992,1.478035,false,false
2026-04-17T14:33:22.073399,0.918371,-0.100192,1.123422,25.633,NE,1,0.923820,1,0.923820,0.947692,1.626195,0.850504,-0.028730,8.757990,3.244143,0.363356,-0.192258,-0.744558,0.850504,0.247400,-0.646906,-0.339030,0.771127,0.692600,-15.427001,-42.824001,-5.347000,NaN,0.720087,true,Self-supervised model,0.243713,16.255000,70.593544,4.342882,0.000000,0.000000,1.114271,1.102937,false,false
2026-04-17T14:33:22.081815,0.918371,-0.100192,1.126823,25.438,NE,1,0.923820,1,0.923820,0.878015,1.618268,0.512212,-0.189142,8.714894,3.567361,0.198128,-0.242740,-0.405196,0.512212,0.215635,-0.662178,-0.349415,0.779146,0.696404,-14.300001,-43.470001,-7.217000,NaN,0.724895,true,Self-supervised model,0.234698,16.263000,70.788358,4.352724,0.000000,0.000000,1.714164,0.657401,false,false
2026-04-17T14:33:22.089218,0.918371,-0.100192,1.130595,25.222,NE,1,0.923820,1,0.923820,0.789506,1.607117,0.324832,-0.328006,8.657434,3.866636,0.055102,-0.306789,-0.091433,0.324832,0.216246,-0.685391,-0.338419,0.794387,0.718695,-14.300001,-43.470001,-7.217000,NaN,0.730156,true,Self-supervised model,0.224902,16.271000,71.004496,4.363868,0.000000,0.000000,2.430505,0.408909,false,false
2026-04-17T14:33:22.098617,0.918371,-0.100192,1.134717,24.986,NE,1,0.923820,1,0.923820,0.727653,1.593939,0.402925,-0.323217,8.616732,4.127604,0.055706,-0.354071,0.184065,0.402925,0.248011,-0.706160,-0.316428,0.812588,0.748446,-14.300001,-43.470001,-7.217000,NaN,0.735676,true,Self-supervised model,0.231849,16.280000,71.240672,4.375963,0.000000,0.000000,1.805925,0.495855,false,false
2026-04-17T14:33:22.104903,0.918371,-0.100192,1.139134,24.732,NE,1,0.923820,1,0.923820,0.688352,1.579715,0.482024,-0.284910,8.626308,4.244920,0.088575,-0.351763,0.317434,0.482024,0.288939,-0.725097,-0.296270,0.834882,0.780546,-14.300001,-43.470001,-7.217000,NaN,0.741274,true,Self-supervised model,0.235330,16.286000,71.493752,4.389890,0.000000,0.000000,1.428047,0.577356,false,false
2026-04-17T14:33:22.113403,0.918371,-0.100192,1.143753,24.468,NE,1,0.923820,1,0.923820,0.648090,1.564450,0.436709,-0.232238,8.698134,4.209007,0.134150,-0.288089,0.299539,0.436709,0.332922,-0.742812,-0.282220,0.861542,0.814007,-14.300001,-43.470001,-7.217000,NaN,0.746701,true,Self-supervised model,0.234578,16.295000,71.758405,4.403707,0.000000,0.000000,1.484031,0.506892,false,false
2026-04-17T14:33:22.120949,0.918371,-0.100192,1.148480,24.197,NE,1,0.923820,1,0.923820,0.590324,1.547485,0.287055,-0.181959,8.860941,4.072537,0.176233,-0.134104,0.182643,0.287055,0.361021,-0.753197,-0.273668,0.878940,0.835250,-14.300001,-43.470001,-7.217000,NaN,0.751861,true,Self-supervised model,0.226463,16.302000,72.029260,4.418431,0.000000,0.000000,2.056484,0.326592,false,false
2026-04-17T14:33:22.131763,0.918371,-0.100192,1.153260,23.923,NE,1,0.923820,1,0.923820,0.534476,1.528965,0.241276,-0.122104,9.023746,3.948039,0.227328,0.019612,0.078431,0.241276,0.364687,-0.765414,-0.274889,0.891302,0.847853,-14.300001,-43.470001,-7.217000,NaN,0.756850,true,Self-supervised model,0.224754,16.313000,72.303117,4.432239,0.000000,0.000000,2.215205,0.270701,false,false
2026-04-17T14:33:22.136988,0.918371,-0.100192,1.158070,23.647,NE,1,0.923820,1,0.923820,0.503480,1.509946,0.340748,-0.021548,9.131485,3.869030,0.318874,0.118598,0.019045,0.340748,0.349415,-0.783129,-0.287718,0.904524,0.857544,-14.300001,-43.470001,-7.217000,NaN,0.761780,true,Self-supervised model,0.231785,16.318000,72.578696,4.447769,0.000000,0.000000,1.477574,0.376715,false,false
2026-04-17T14:33:22.145952,0.918371,-0.100192,1.162912,23.370,NE,1,0.923820,1,0.923820,0.485130,1.490953,0.388796,0.031125,9.160215,3.849876,0.362489,0.139492,0.017496,0.388796,0.314596,-0.824668,-0.313985,0.936821,0.882637,-14.300001,-43.470001,-7.217000,NaN,0.766750,true,Self-supervised model,0.235761,16.327000,72.856105,4.462308,0.000000,0.000000,1.247777,0.415016,false,false
2026-04-17T14:33:22.152846,0.918371,-0.100192,1.167830,23.088,NE,1,0.923820,1,0.923820,0.464151,1.471881,0.354011,0.002394,9.160215,3.864242,0.324788,0.132872,0.046710,0.354011,0.275500,-0.871705,-0.340252,0.975470,0.914204,-14.300001,-43.470001,-7.217000,NaN,0.771975,true,Self-supervised model,0.233798,16.334000,73.137910,4.477648,0.000000,0.000000,1.311122,0.362913,false,false
2026-04-17T14:33:22.161306,0.918371,-0.100192,1.172877,22.799,NE,1,0.923820,1,0.923820,0.434332,1.452379,0.277783,-0.071826,9.095572,3.926491,0.242129,0.062971,0.120714,0.277783,0.234572,-0.906524,-0.359800,1.003128,0.936381,-14.300001,-43.470001,-7.217000,NaN,0.777536,true,Self-supervised model,0.230720,16.343000,73.427073,4.492876,0.000000,0.000000,1.563565,0.276917,false,false
2026-04-17T14:33:22.169733,0.918371,-0.100192,1.178102,22.500,N,1,0.923820,1,0.923820,0.403964,1.432442,0.244532,-0.174777,9.028535,4.003105,0.131232,-0.008062,0.206177,0.244532,0.205862,-0.929737,-0.364076,1.019481,0.952255,-14.300001,-43.470001,-7.217000,NaN,0.783473,true,Self-supervised model,0.229175,16.351000,73.726443,4.508987,0.000000,0.000000,1.651991,0.239859,false,false
2026-04-17T14:33:22.176810,0.918371,-0.100192,1.183527,22.189,N,1,0.923820,1,0.923820,0.384475,1.412524,0.282156,-0.258574,9.038112,4.070143,0.039608,-0.001328,0.279359,0.282156,0.174707,-0.956615,-0.358578,1.036442,0.972438,-14.300001,-43.470001,-7.217000,NaN,0.789700,true,Self-supervised model,0.232231,16.358000,74.037289,4.526060,0.000000,0.000000,1.362634,0.272235,false,false
2026-04-17T14:33:22.184854,0.918371,-0.100192,1.189141,21.867,N,1,0.923820,1,0.923820,0.380617,1.393247,0.360361,-0.402226,9.119514,4.120421,-0.111583,0.078164,0.333616,0.360361,0.147829,-0.963945,-0.343917,1.034081,0.975215,-14.300001,-43.470001,-7.217000,NaN,0.796068,true,Self-supervised model,0.236638,16.366000,74.358940,4.543501,0.000000,0.000000,1.056208,0.348485,false,false
2026-04-17T14:33:22.193326,0.918371,-0.100192,1.194923,21.536,N,1,0.923820,1,0.923820,0.397141,1.375403,0.483892,-0.414197,9.234436,4.209007,-0.131143,0.191922,0.424405,0.483892,0.130725,-0.967611,-0.327424,1.029838,0.976401,-14.300001,-43.470001,-7.217000,NaN,0.802521,true,Self-supervised model,0.240158,16.375000,74.690212,4.561234,0.000000,0.000000,0.820721,0.469873,false,false
2026-04-17T14:33:22.201565,0.918371,-0.100192,1.200825,21.198,N,1,0.923820,1,0.923820,0.435170,1.359794,0.634826,-0.481235,9.418790,4.252102,-0.205794,0.375576,0.468611,0.634826,0.108734,-0.974941,-0.312763,1.029638,0.980986,-14.300001,-43.470001,-7.217000,NaN,0.808903,true,Self-supervised model,0.242550,16.383000,75.028360,4.579647,0.000000,0.000000,0.685495,0.616553,false,false
2026-04-17T14:33:22.208743,0.918371,-0.100192,1.206822,20.854,N,1,0.923820,1,0.923820,0.508474,1.347741,0.893315,-0.524330,9.646238,4.390966,-0.256545,0.602907,0.607206,0.893315,0.086132,-0.990213,-0.300546,1.038397,0.993952,-14.300001,-43.470001,-7.217000,NaN,0.815284,true,Self-supervised model,0.244737,16.390000,75.371996,4.598657,0.000000,0.000000,0.569199,0.860283,false,false
2026-04-17T14:33:22.217082,0.918371,-0.100192,1.212887,20.507,N,1,0.923820,1,0.923820,0.612757,1.340342,1.160246,-0.502782,9.797073,4.632780,-0.244028,0.754244,0.847193,1.160246,0.073304,-1.034195,-0.282831,1.074675,1.036789,-14.300001,-43.470001,-7.217000,NaN,0.821620,true,Self-supervised model,0.246715,16.399000,75.719514,4.617325,0.000000,0.000000,0.528127,1.079625,false,false
2026-04-17T14:33:22.224764,0.918371,-0.100192,1.218972,20.158,N,1,0.923820,1,0.923820,0.755629,1.338953,1.505703,-0.514753,9.957485,4.953603,-0.267003,0.915536,1.165181,1.505703,0.082467,-1.076955,-0.263283,1.111734,1.080108,-14.300001,-43.470001,-7.217000,NaN,0.827784,true,Self-supervised model,0.248184,16.406000,76.068159,4.636606,0.000000,0.000000,0.501844,1.354374,false,false
2026-04-17T14:33:22.233265,0.918371,-0.100192,1.225032,19.811,N,1,0.923820,1,0.923820,0.927126,1.344480,1.827489,-0.493206,10.127473,5.236119,-0.259731,1.085375,1.447141,1.827489,0.114843,-1.124603,-0.237016,1.155031,1.130451,-14.300001,-43.470001,-7.217000,NaN,0.833740,true,Self-supervised model,0.250144,16.415000,76.415328,4.655213,0.000000,0.000000,0.507322,1.582199,false,false
2026-04-17T14:33:22.241723,0.918371,-0.100192,1.230976,19.470,N,1,0.923820,1,0.923820,1.095495,1.356521,1.979432,-0.414197,10.182540,5.391742,-0.198655,1.138096,1.607304,1.979432,0.174097,-1.156368,-0.205251,1.187276,1.169400,-13.228001,-43.870003,-6.731000,NaN,0.839227,true,Self-supervised model,0.250960,16.423000,76.755936,4.673685,0.000000,0.000000,0.553439,1.667205,false,false
2026-04-17T14:33:22.249483,0.918371,-0.100192,1.236706,19.142,N,1,0.923820,1,0.923820,1.246736,1.374129,2.040747,-0.351948,10.256760,5.410896,-0.157078,1.207023,1.638009,2.040747,0.246179,-1.166753,-0.184481,1.206627,1.192441,-13.228001,-43.870003,-6.731000,NaN,0.844095,true,Self-supervised model,0.251073,16.431000,77.084210,4.691389,0.000000,0.000000,0.610921,1.691283,false,false
2026-04-17T14:33:22.256697,0.918371,-0.100192,1.242155,18.830,N,1,0.923820,1,0.923820,1.339919,1.394761,1.829133,-0.289698,10.309433,5.082890,-0.116805,1.251364,1.328975,1.829133,0.309709,-1.153314,-0.177762,1.207332,1.194174,-13.228001,-43.870003,-6.731000,NaN,0.848423,true,Self-supervised model,0.249893,16.438000,77.396425,4.708385,0.000000,0.000000,0.732543,1.515021,false,false
2026-04-17T14:33:22.265355,0.918371,-0.100192,1.247324,18.534,N,1,0.923820,1,0.923820,1.352314,1.415063,1.417386,-0.169988,10.211270,4.568137,-0.017668,1.143042,0.837929,1.417386,0.363465,-1.106888,-0.183870,1.179456,1.165035,-13.228001,-43.870003,-6.731000,NaN,0.852471,true,Self-supervised model,0.246828,16.447000,77.692585,4.723815,0.000000,0.000000,0.954090,1.201729,false,false
2026-04-17T14:33:22.273486,0.918371,-0.100192,1.252279,18.250,N,1,0.923820,1,0.923820,1.304158,1.432627,1.051338,-0.141258,10.120291,3.849876,-0.006029,1.041200,0.145526,1.051338,0.371406,-1.054964,-0.218690,1.139613,1.118433,-13.228001,-43.870003,-6.731000,NaN,0.856568,true,Self-supervised model,0.242194,16.455000,77.976457,4.738770,0.000000,0.000000,1.240474,0.922539,false,false
2026-04-17T14:33:22.280869,0.918371,-0.100192,1.257163,17.970,N,1,0.923820,1,0.923820,1.247065,1.447204,0.947326,-0.193930,9.991004,3.399766,-0.071086,0.902005,-0.280642,0.947326,0.318261,-1.019534,-0.264505,1.100319,1.068054,-13.228001,-43.870003,-6.731000,NaN,0.861174,true,Self-supervised model,0.240415,16.462000,78.256330,4.753756,0.000000,0.000000,1.316405,0.860956,false,false
2026-04-17T14:33:22.288721,0.918371,-0.100192,1.262174,17.683,N,1,0.923820,1,0.923820,1.223594,1.460260,1.100373,-0.268151,9.928755,2.959233,-0.153879,0.832344,-0.703097,1.100373,0.233351,-1.009760,-0.300546,1.079072,1.036373,-13.228001,-43.870003,-6.731000,NaN,0.866688,true,Self-supervised model,0.243174,16.470000,78.543418,4.768878,0.000000,0.000000,1.111981,1.019740,false,false
2026-04-17T14:33:22.298101,0.918371,-0.100192,1.267456,17.380,N,1,0.923820,1,0.923820,1.222084,1.472733,1.214155,-0.486023,9.773131,2.715025,-0.377701,0.672720,-0.937531,1.214155,0.100793,-1.022588,-0.326813,1.078264,1.027544,-13.228001,-43.870003,-6.731000,NaN,0.873056,true,Self-supervised model,0.245141,16.480000,78.846064,4.784349,0.000000,0.000000,1.006530,1.126028,false,false
2026-04-17T14:33:22.304844,0.918371,-0.100192,1.273098,17.057,N,1,0.923820,1,0.923820,1.231618,1.485088,1.281670,-0.538695,9.552865,2.535460,-0.436624,0.452300,-1.116898,1.281670,-0.045815,-1.039082,-0.321315,1.088592,1.040091,-13.228001,-43.870003,-6.731000,NaN,0.880138,true,Self-supervised model,0.244500,16.486000,79.169338,4.802216,0.000000,0.000000,0.960948,1.177364,false,false
2026-04-17T14:33:22.313091,0.918371,-0.100192,1.279024,16.717,N,1,0.923820,1,0.923820,1.244440,1.497462,1.311760,-0.612916,9.459491,2.513912,-0.518410,0.363078,-1.148973,1.311760,-0.207083,-1.057408,-0.296881,1.117646,1.077495,-13.228001,-43.870003,-6.731000,NaN,0.887196,true,Self-supervised model,0.245184,16.495000,79.508837,4.820178,0.000000,0.000000,0.948680,1.173681,false,false
2026-04-17T14:33:22.320665,0.918371,-0.100192,1.285111,16.369,N,1,0.923820,1,0.923820,1.251591,1.509627,1.289135,-0.651223,9.548077,2.621651,-0.567382,0.460036,-1.062221,1.289135,-0.348193,-1.095281,-0.259618,1.178253,1.149295,-13.228001,-43.870003,-6.731000,NaN,0.893933,true,Self-supervised model,0.243912,16.502000,79.857634,4.839270,0.000000,0.000000,0.970877,1.094107,false,false
2026-04-17T14:33:22.332260,0.918371,-0.100192,1.291178,16.021,N,1,0.923820,1,0.923820,1.218925,1.519999,1.047424,-0.521936,9.612720,2.940080,-0.453927,0.537624,-0.775892,1.047424,-0.511905,-1.150259,-0.210749,1.276541,1.259025,-13.228001,-43.870003,-6.731000,NaN,0.899918,true,Self-supervised model,0.241091,16.514000,80.205256,4.856804,0.000000,0.000000,1.163735,0.820517,false,false
2026-04-17T14:33:22.337487,0.918371,-0.100192,1.297014,15.687,N,1,0.923820,1,0.923820,1.137175,1.526686,0.707987,-0.342371,9.698911,3.703830,-0.295161,0.641202,-0.054637,0.707987,-0.656069,-1.235780,-0.177762,1.410383,1.399135,-13.228001,-43.870003,-6.731000,NaN,0.904827,true,Self-supervised model,0.231272,16.519000,80.539605,4.875574,0.000000,0.000000,1.606209,0.501982,false,false
2026-04-17T14:33:22.346687,0.918371,-0.100192,1.302501,15.372,N,1,0.923820,1,0.923820,1.103382,1.531754,0.925972,-0.124498,9.651027,4.493917,-0.103942,0.614313,0.685011,0.925972,-0.737314,-1.356121,-0.153938,1.551255,1.543598,-13.228001,-43.870003,-6.731000,NaN,0.908920,true,Self-supervised model,0.237794,16.528000,80.853986,4.891940,0.000000,0.000000,1.191593,0.596918,false,false
2026-04-17T14:33:22.353130,0.918371,-0.100192,1.307597,15.080,N,1,0.923820,1,0.923820,1.159386,1.538859,1.453403,0.181959,9.390059,5.255273,0.170159,0.375732,1.393646,1.453403,-0.738536,-1.439809,-0.130725,1.623446,1.618174,-13.228001,-43.870003,-6.731000,NaN,0.912454,true,Self-supervised model,0.243037,16.535000,81.145988,4.907529,0.000000,0.000000,0.797704,0.895258,false,false
2026-04-17T14:33:22.363642,0.918371,-0.100192,1.312280,14.812,N,1,0.923820,1,0.923820,1.307156,1.551591,2.082951,0.531513,9.052477,5.937620,0.482842,0.060149,2.025322,2.082951,-0.687223,-1.490511,-0.111177,1.645071,1.641310,-13.228001,-43.870003,-6.731000,NaN,0.915482,true,Self-supervised model,0.248616,16.545000,81.414288,4.920779,0.000000,0.000000,0.627550,1.266177,false,false
2026-04-17T14:33:22.369253,0.918371,-0.100192,1.316547,14.567,N,1,0.923820,1,0.923820,1.524795,1.572519,2.667397,0.837971,8.863335,6.514623,0.749363,-0.109117,2.557647,2.667397,-0.579711,-1.507615,-0.093462,1.617932,1.615230,-13.228001,-43.870003,-6.731000,NaN,0.918087,true,Self-supervised model,0.250596,16.551000,81.658779,4.933767,0.000000,0.000000,0.571641,1.648646,false,false
2026-04-17T14:33:22.376807,0.918371,-0.100192,1.320420,14.346,N,1,0.923820,1,0.923820,1.784794,1.603010,3.149788,1.036689,8.757990,7.005434,0.906298,-0.196959,3.010149,3.149788,-0.409280,-1.519222,-0.072693,1.575065,1.573386,-13.228001,-43.870003,-6.731000,NaN,0.920382,true,Self-supervised model,0.254610,16.558000,81.880667,4.945082,0.000000,0.000000,0.566639,1.999783,false,false
2026-04-17T14:33:22.385104,0.918371,-0.100192,1.323921,14.145,N,1,0.923820,1,0.923820,2.041703,1.642558,3.390477,1.266533,8.576031,7.204153,1.092632,-0.368979,3.188313,3.390477,-0.223577,-1.492955,-0.067195,1.511097,1.509603,-13.228001,-43.870003,-6.731000,NaN,0.922399,true,Self-supervised model,0.257148,16.567000,82.081289,4.954505,0.000000,0.000000,0.602188,2.243718,false,false
2026-04-17T14:33:22.392822,0.918371,-0.100192,1.327030,13.967,N,1,0.923820,1,0.923820,2.242268,1.688546,3.295237,1.398214,8.403648,7.048530,1.181915,-0.538541,3.028471,3.295237,0.014050,-1.452027,-0.070250,1.453793,1.452095,-13.228001,-43.870003,-6.731000,NaN,0.923934,true,Self-supervised model,0.257655,16.574000,82.259380,4.963158,0.000000,0.000000,0.680457,2.266648,false,false
2026-04-17T14:33:22.402505,0.918371,-0.100192,1.329789,13.809,N,1,0.923820,1,0.923820,2.327135,1.736090,2.772687,1.575385,8.288726,6.356606,1.318297,-0.657900,2.348841,2.772687,0.253509,-1.397660,-0.084299,1.422964,1.420464,-11.103001,-44.247002,-2.172000,NaN,0.925296,true,Self-supervised model,0.255873,16.584000,82.417462,4.969697,0.000000,0.000000,0.839307,1.948530,false,false
2026-04-17T14:33:22.408799,0.918371,-0.100192,1.332240,13.668,N,1,0.923820,1,0.923820,2.279869,1.779841,2.031719,1.599327,8.106767,5.284003,1.307780,-0.850218,1.301815,2.031719,0.414167,-1.215622,-0.119730,1.289808,1.284239,-11.103001,-44.247002,-2.172000,NaN,0.926517,true,Self-supervised model,0.250821,16.590000,82.557921,4.976367,0.000000,0.000000,1.122138,1.575210,false,false
2026-04-17T14:33:22.416888,0.918371,-0.100192,1.334479,13.540,N,1,0.923820,1,0.923820,2.138191,1.816175,1.394383,1.280898,8.054094,4.371812,0.962665,-0.916274,0.421927,1.394383,0.482584,-1.139264,-0.181427,1.250490,1.237258,-11.103001,-44.247002,-2.172000,NaN,0.927906,true,Self-supervised model,0.243875,16.598000,82.686202,4.981697,0.000000,0.000000,1.533431,1.115070,false,false
2026-04-17T14:33:22.424766,0.918371,-0.100192,1.336708,13.412,N,1,0.923820,1,0.923820,1.980954,1.844766,1.155463,0.869095,8.008605,3.591303,0.527505,-0.974236,-0.328173,1.155463,0.440434,-1.166753,-0.223577,1.266996,1.247114,-11.103001,-44.247002,-2.172000,NaN,0.930093,true,Self-supervised model,0.239663,16.606000,82.813887,4.986986,0.000000,0.000000,1.714425,0.911970,false,false
2026-04-17T14:33:22.434692,0.918371,-0.100192,1.339091,13.276,N,1,0.923820,1,0.923820,1.875884,1.868011,1.324263,0.691924,7.977480,3.110068,0.327378,-1.015127,-0.784865,1.324263,0.347582,-1.217454,-0.252898,1.291110,1.266100,-11.103001,-44.247002,-2.172000,NaN,0.933097,true,Self-supervised model,0.242850,16.616000,82.950460,4.992204,0.000000,0.000000,1.416549,1.025678,false,false
2026-04-17T14:33:22.441209,0.918371,-0.100192,1.341717,13.125,N,1,0.923820,1,0.923820,1.831433,1.888548,1.598068,0.598550,7.987057,2.669535,0.201999,-1.003375,-1.227296,1.598068,0.242514,-1.247998,-0.282220,1.302290,1.271342,-11.103001,-44.247002,-2.172000,NaN,0.936690,true,Self-supervised model,0.245666,16.623000,83.100884,4.999151,0.000000,0.000000,1.146030,1.227121,false,false
2026-04-17T14:33:22.450115,0.918371,-0.100192,1.344303,12.977,N,1,0.923820,1,0.923820,1.829725,1.908195,1.820755,0.500388,8.051701,2.329558,0.084770,-0.943113,-1.555153,1.820755,0.095906,-1.271211,-0.318261,1.313950,1.274823,-11.103001,-44.247002,-2.172000,NaN,0.939118,true,Self-supervised model,0.248067,16.632000,83.249047,5.005354,0.000000,0.000000,1.004926,1.385711,false,false
2026-04-17T14:33:22.456643,0.918371,-0.100192,1.347461,12.796,N,1,0.923820,1,0.923820,1.844091,1.927631,1.919514,0.519542,8.178593,2.147599,0.087792,-0.816350,-1.735050,1.919514,-0.078802,-1.271211,-0.356134,1.322504,1.273651,-11.103001,-44.247002,-2.172000,NaN,0.944564,true,Self-supervised model,0.247970,16.638000,83.429991,5.014424,0.000000,0.000000,0.960707,1.451424,false,false
2026-04-17T14:33:22.466809,0.918371,-0.100192,1.351305,12.576,N,1,0.923820,1,0.923820,1.848352,1.946460,1.870720,0.529119,8.250419,2.176329,0.083934,-0.739568,-1.716271,1.870720,-0.276722,-1.288926,-0.389732,1.374698,1.318296,-11.103001,-44.247002,-2.172000,NaN,0.951155,true,Self-supervised model,0.247594,16.648000,83.650272,5.024644,0.000000,0.000000,0.988043,1.360822,false,false
2026-04-17T14:33:22.473508,0.918371,-0.100192,1.355939,12.310,N,1,0.923820,1,0.923820,1.827990,1.963721,1.721093,0.646434,8.255207,2.365471,0.189198,-0.724352,-1.549736,1.721093,-0.445321,-1.326188,-0.422719,1.461430,1.398959,-11.103001,-44.247002,-2.172000,NaN,0.958946,true,Self-supervised model,0.244209,16.655000,83.915778,5.038474,0.000000,0.000000,1.062110,1.177678,false,false
2026-04-17T14:33:22.481712,0.918371,-0.100192,1.361429,11.996,N,1,0.923820,1,0.923820,1.768568,1.977915,1.456602,0.790087,8.183381,2.762909,0.321297,-0.780239,-1.187302,1.456602,-0.624304,-1.387886,-0.456927,1.588951,1.521835,-11.103001,-44.247002,-2.172000,NaN,0.967858,true,Self-supervised model,0.240891,16.663000,84.230302,5.054930,0.000000,0.000000,1.214174,0.916707,false,false
2026-04-17T14:33:22.488778,0.918371,-0.100192,1.367806,11.630,N,1,0.923820,1,0.923820,1.678948,1.987956,1.208440,0.866701,8.085219,3.236961,0.386466,-0.857732,-0.758464,1.208440,-0.764192,-1.448362,-0.493579,1.710369,1.637602,-11.103001,-44.247002,-2.172000,NaN,0.977789,true,Self-supervised model,0.236119,16.670000,84.595723,5.074728,0.000000,0.000000,1.389351,0.706538,false,false
2026-04-17T14:33:22.497672,0.918371,-0.100192,1.375084,11.214,N,1,0.923820,1,0.923820,1.582638,1.993743,1.077009,0.933739,8.039729,3.610456,0.442612,-0.878715,-0.438068,1.077009,-0.864374,-1.479516,-0.527788,1.792950,1.713508,-11.103001,-44.247002,-2.172000,NaN,0.988663,true,Self-supervised model,0.233768,16.679000,85.012668,5.096988,0.000000,0.000000,1.469475,0.600691,false,false
2026-04-17T14:33:22.505030,0.918371,-0.100192,1.383248,10.746,N,1,0.923820,1,0.923820,1.491980,1.995673,1.016027,0.931344,7.979874,3.976769,0.429806,-0.911458,-0.129697,1.016027,-0.923017,-1.479516,-0.543670,1.826610,1.743826,-11.103001,-44.247002,-2.172000,NaN,1.000379,true,Self-supervised model,0.231940,16.686000,85.480480,5.122886,0.000000,0.000000,1.468445,0.556236,false,false
2026-04-17T14:33:22.513326,0.918371,-0.100192,1.392216,10.232,N,1,0.923820,1,0.923820,1.432337,1.995139,1.119214,1.048660,7.893683,4.326323,0.537344,-0.968800,0.159150,1.119214,-0.948674,-1.452027,-0.559553,1.822488,1.734463,-11.103001,-44.247002,-2.172000,NaN,1.012560,true,Self-supervised model,0.234193,16.695000,85.994312,5.150902,0.000000,0.000000,1.279770,0.614113,false,false
2026-04-17T14:33:22.520664,0.918371,-0.100192,1.401864,9.679,N,1,0.923820,1,0.923820,1.380909,1.992570,1.110909,1.058237,7.924808,4.572925,0.537236,-0.908744,0.345950,1.110909,-0.935846,-1.373225,-0.581544,1.760610,1.661792,-11.103001,-44.247002,-2.172000,NaN,1.024927,true,Self-supervised model,0.233677,16.702000,86.547096,5.181840,0.000000,0.000000,1.243044,0.630980,false,false
2026-04-17T14:33:22.530058,0.918371,-0.100192,1.411982,9.099,N,1,0.923820,1,0.923820,1.339426,1.988444,1.121643,1.110910,7.941567,4.699818,0.583570,-0.863501,0.414602,1.121643,-0.893085,-1.279152,-0.613309,1.676299,1.560074,-11.103001,-44.247002,-2.172000,NaN,1.036926,true,Self-supervised model,0.235332,16.711000,87.126816,5.213740,0.000000,0.000000,1.194165,0.669119,false,false
2026-04-17T14:33:22.537898,0.918371,-0.100192,1.422508,8.496,N,1,0.923820,1,0.923820,1.289524,1.982488,1.027535,1.017536,7.979874,4.766856,0.487371,-0.797863,0.426276,1.027535,-0.850324,-1.205848,-0.638354,1.607674,1.475507,-11.103001,-44.247002,-2.172000,NaN,1.049082,true,Self-supervised model,0.233054,16.719000,87.729890,5.247317,0.000000,0.000000,1.254968,0.639144,false,false
2026-04-17T14:33:22.545908,0.918371,-0.100192,1.433376,7.874,N,1,0.923820,1,0.923820,1.220657,1.974014,0.859110,0.794875,8.015787,4.745308,0.268777,-0.736043,0.352235,0.859110,-0.802066,-1.141707,-0.659124,1.543130,1.395280,-11.103001,-44.247002,-2.172000,NaN,1.061320,true,Self-supervised model,0.231027,16.727000,88.352582,5.282034,0.000000,0.000000,1.420840,0.556732,false,false
2026-04-17T14:33:22.552787,0.918371,-0.100192,1.444692,7.225,N,1,0.923820,1,0.923820,1.132639,1.962359,0.670541,0.567426,8.123527,4.730943,0.047592,-0.603572,0.288204,0.670541,-0.759305,-1.086729,-0.664011,1.482712,1.325717,-11.103001,-44.247002,-2.172000,NaN,1.074427,true,Self-supervised model,0.225337,16.734000,89.000936,5.318569,0.000000,0.000000,1.689141,0.452240,false,false
2026-04-17T14:33:22.562938,0.918371,-0.100192,1.456350,6.557,N,1,0.923820,1,0.923820,1.039024,1.947426,0.547546,0.301669,8.257602,4.726154,-0.214237,-0.445322,0.235792,0.547546,-0.722043,-1.037249,-0.649961,1.421155,1.263816,-11.882001,-44.993004,-2.824000,NaN,1.087453,true,Self-supervised model,0.224766,16.744000,89.668891,5.355285,0.000000,0.000000,1.897600,0.385283,false,false
2026-04-17T14:33:22.569128,0.918371,-0.100192,1.468093,5.884,N,1,0.923820,1,0.923820,0.973941,1.930487,0.632253,0.026336,8.362947,4.790798,-0.483945,-0.316844,0.255246,0.632253,-0.693943,-1.003652,-0.629802,1.373144,1.220194,-11.882001,-44.993004,-2.824000,NaN,1.099538,true,Self-supervised model,0.226162,16.751000,90.341734,5.393214,0.000000,0.000000,1.540429,0.460442,false,false
2026-04-17T14:33:22.576713,0.918371,-0.100192,1.479872,5.210,N,1,0.923820,1,0.923820,0.934333,1.912640,0.726393,-0.110133,8.506598,4.934450,-0.614625,-0.151194,0.356403,0.726393,-0.649350,-0.975552,-0.596815,1.315122,1.171903,-11.882001,-44.993004,-2.824000,NaN,1.111456,true,Self-supervised model,0.230305,16.758000,91.016581,5.431232,0.000000,0.000000,1.286264,0.552339,false,false
2026-04-17T14:33:22.584807,0.918371,-0.100192,1.491597,4.538,N,1,0.923820,1,0.923820,0.917852,1.894849,0.831326,-0.165200,8.576031,5.111620,-0.665506,-0.061193,0.494429,0.831326,-0.589485,-0.957837,-0.555277,1.254303,1.124697,-11.882001,-44.993004,-2.824000,NaN,1.122972,true,Self-supervised model,0.233610,16.766000,91.688420,5.468712,0.000000,0.000000,1.104082,0.662779,false,false
2026-04-17T14:33:22.592844,0.918371,-0.100192,1.503142,3.876,N,1,0.923820,1,0.923820,0.914884,1.877650,0.899300,-0.160412,8.592790,5.264850,-0.658253,-0.025530,0.612203,0.899300,-0.532064,-0.960280,-0.521679,1.215475,1.097830,-11.882001,-44.993004,-2.824000,NaN,1.133790,true,Self-supervised model,0.234970,16.774000,92.349858,5.505536,0.000000,0.000000,1.017329,0.739876,false,false
2026-04-17T14:33:22.601322,0.918371,-0.100192,1.514410,3.231,N,1,0.923820,1,0.923820,0.920418,1.861361,0.949476,-0.114922,8.619126,5.410896,-0.610985,0.017891,0.726555,0.949476,-0.450819,-0.963945,-0.487470,1.170494,1.064156,-11.882001,-44.993004,-2.824000,NaN,1.143956,true,Self-supervised model,0.235945,16.783000,92.995495,5.541053,0.000000,0.000000,0.969396,0.811176,false,false
2026-04-17T14:33:22.609201,0.918371,-0.100192,1.525388,2.602,N,1,0.923820,1,0.923820,0.939542,1.846488,1.039944,-0.062249,8.657434,5.580884,-0.561372,0.069429,0.872653,1.039944,-0.351248,-0.957837,-0.445932,1.113410,1.020209,-11.882001,-44.993004,-2.824000,NaN,1.153770,true,Self-supervised model,0.236728,16.791000,93.624470,5.575872,0.000000,0.000000,0.903455,0.934017,false,false
2026-04-17T14:33:22.616934,0.918371,-0.100192,1.535881,2.000,N,1,0.923820,1,0.923820,0.959675,1.833016,1.065373,0.035913,8.664616,5.679047,-0.467655,0.086478,0.953331,1.065373,-0.241903,-0.948674,-0.420275,1.065425,0.979029,-11.882001,-44.993004,-2.824000,NaN,1.162327,true,Self-supervised model,0.237344,16.798000,94.225709,5.609341,0.000000,0.000000,0.900788,0.999952,false,false
2026-04-17T14:33:22.624651,0.918371,-0.100192,1.545866,1.428,N,1,0.923820,1,0.923820,0.962097,1.820179,0.974809,0.146046,8.671799,5.635951,-0.363019,0.100110,0.899137,0.974809,-0.152716,-0.939511,-0.403171,1.033707,0.951842,-11.882001,-44.993004,-2.824000,NaN,1.170276,true,Self-supervised model,0.236415,16.806000,94.797791,5.640711,0.000000,0.000000,0.986959,0.943023,false,false
2026-04-17T14:33:22.633308,0.918371,-0.100192,1.555346,0.885,N,1,0.923820,1,0.923820,0.939363,1.806946,0.820008,0.134075,8.746018,5.446809,-0.379787,0.177522,0.704741,0.820008,-0.077580,-0.896750,-0.404393,0.986769,0.900100,-11.882001,-44.993004,-2.824000,NaN,1.177734,true,Self-supervised model,0.234963,16.815000,95.340917,5.669992,0.000000,0.000000,1.145553,0.831003,false,false
2026-04-17T14:33:22.641519,0.918371,-0.100192,1.564370,0.368,N,1,0.923820,1,0.923820,0.910929,1.793106,0.761654,0.083797,8.825027,5.315128,-0.432294,0.257332,0.571856,0.761654,-0.019548,-0.821003,-0.408058,0.917027,0.821236,-11.882001,-44.993004,-2.824000,NaN,1.184941,true,Self-supervised model,0.234556,16.823000,95.857996,5.698032,0.000000,0.000000,1.195989,0.830568,false,false
2026-04-17T14:33:22.649372,0.918371,-0.100192,1.573028,359.872,N,1,0.923820,1,0.923820,0.874927,1.778378,0.685915,0.076614,8.793902,5.219360,-0.437797,0.225296,0.477551,0.685915,0.018326,-0.715323,-0.413556,0.826469,0.715558,-11.882001,-44.993004,-2.824000,NaN,1.192128,true,Self-supervised model,0.233280,16.831000,96.354026,5.724795,0.000000,0.000000,1.275562,0.829934,false,false
2026-04-17T14:33:22.656948,0.918371,-0.100192,1.581385,359.393,N,1,0.923820,1,0.923820,0.836584,1.762707,0.635284,0.045490,8.724471,5.145139,-0.463346,0.153772,0.406510,0.635284,0.044593,-0.623693,-0.412945,0.749337,0.625286,-11.882001,-44.993004,-2.824000,NaN,1.199288,true,Self-supervised model,0.232954,16.838000,96.832891,5.750855,0.000000,0.000000,1.316866,0.847795,false,false
2026-04-17T14:33:22.665523,0.918371,-0.100192,1.589497,358.929,N,1,0.923820,1,0.923820,0.800707,1.746227,0.612354,0.021548,8.671799,5.104438,-0.477838,0.098140,0.370159,0.612354,0.067195,-0.522290,-0.411112,0.668068,0.526595,-11.882001,-44.993004,-2.824000,NaN,1.206414,true,Self-supervised model,0.233834,16.847000,97.297641,5.775369,0.000000,0.000000,1.307588,0.916604,false,false
2026-04-17T14:33:22.673477,0.918371,-0.100192,1.597406,358.475,N,1,0.923820,1,0.923820,0.763116,1.728902,0.565765,0.071826,8.669404,5.102044,-0.415040,0.091955,0.373332,0.565765,0.092241,-0.433103,-0.401338,0.597628,0.442817,-11.882001,-44.993004,-2.824000,NaN,1.213513,true,Self-supervised model,0.232958,16.855000,97.750790,5.799513,0.000000,0.000000,1.348822,0.946684,false,false
2026-04-17T14:33:22.680969,0.918371,-0.100192,1.605125,358.033,N,1,0.923820,1,0.923820,0.726904,1.710822,0.536791,0.088585,8.667010,5.087678,-0.383464,0.084908,0.365911,0.536791,0.116675,-0.363465,-0.395230,0.549478,0.381733,-11.882001,-44.993004,-2.824000,NaN,1.220473,true,Self-supervised model,0.232920,16.862000,98.193065,5.823334,0.000000,0.000000,1.354165,0.976911,false,false
2026-04-17T14:33:22.689034,0.918371,-0.100192,1.612662,357.601,N,1,0.923820,1,0.923820,0.686572,1.691852,0.474824,0.119710,8.652645,5.042189,-0.336159,0.064959,0.328991,0.474824,0.142332,-0.321315,-0.388510,0.523872,0.351428,-11.882001,-44.993004,-2.824000,NaN,1.227282,true,Self-supervised model,0.231988,16.870000,98.624916,5.846172,0.000000,0.000000,1.445950,0.906374,false,false
2026-04-17T14:33:22.697974,0.918371,-0.100192,1.620018,357.180,N,1,0.923820,1,0.923820,0.647421,1.672075,0.441881,0.098162,8.705317,4.977545,-0.332348,0.114439,0.267783,0.441881,0.179594,-0.276111,-0.379347,0.502390,0.329380,-11.882001,-44.993004,-2.824000,NaN,1.233912,true,Self-supervised model,0.231538,16.879000,99.046367,5.868023,0.000000,0.000000,1.465148,0.879558,false,false
2026-04-17T14:33:22.704757,0.918371,-0.100192,1.627517,356.750,N,1,0.923820,1,0.923820,0.616926,1.651869,0.456824,0.071826,8.746018,4.977545,-0.333176,0.150556,0.273888,0.456824,0.218079,-0.240681,-0.371406,0.493384,0.324786,-11.882001,-44.993004,-2.824000,NaN,1.241987,true,Self-supervised model,0.231658,16.886000,99.476061,5.891038,0.000000,0.000000,1.350466,0.925899,false,false
2026-04-17T14:33:22.712889,0.918371,-0.100192,1.635065,356.318,N,1,0.923820,1,0.923820,0.588902,1.631350,0.441776,0.050278,8.772355,4.934450,-0.329038,0.170382,0.240563,0.441776,0.270002,-0.216246,-0.365908,0.503540,0.345925,-11.882001,-44.993004,-2.824000,NaN,1.249725,true,Self-supervised model,0.232489,16.894000,99.908486,5.913844,0.000000,0.000000,1.333031,0.877341,false,false
2026-04-17T14:33:22.721500,0.918371,-0.100192,1.642607,355.886,N,1,0.923820,1,0.923820,0.566242,1.610746,0.447275,0.004788,8.820239,4.865018,-0.349228,0.209931,0.184456,0.447275,0.310930,-0.213192,-0.361632,0.522404,0.376999,-11.624001,-44.468002,-6.340000,NaN,1.257250,true,Self-supervised model,0.232980,16.903000,100.340653,5.936263,0.000000,0.000000,1.265979,0.856186,false,false
2026-04-17T14:33:22.729893,0.918371,-0.100192,1.650105,355.456,N,1,0.923820,1,0.923820,0.560759,1.590747,0.531976,-0.098162,8.908825,4.795586,-0.427155,0.288159,0.132294,0.531976,0.358578,-0.218690,-0.360410,0.553443,0.420004,-11.624001,-44.468002,-6.340000,NaN,1.264568,true,Self-supervised model,0.235585,16.911000,100.770249,5.958858,0.000000,0.000000,1.054106,0.961212,false,false
2026-04-17T14:33:22.737267,0.918371,-0.100192,1.657552,355.029,N,1,0.923820,1,0.923820,0.572710,1.572025,0.635451,-0.222661,8.987833,4.654328,-0.526931,0.354963,0.011982,0.635451,0.394619,-0.234572,-0.357356,0.581766,0.459073,-11.624001,-44.468002,-6.340000,NaN,1.271809,true,Self-supervised model,0.237231,16.919000,101.196897,5.981258,0.000000,0.000000,0.901265,1.092280,false,false
2026-04-17T14:33:22.746647,0.918371,-0.100192,1.664959,354.605,N,1,0.923820,1,0.923820,0.614091,1.555708,0.831341,-0.409408,9.109938,4.577713,-0.689065,0.463328,-0.040546,0.831341,0.419664,-0.247400,-0.346971,0.598092,0.487160,-11.624001,-44.468002,-6.340000,NaN,1.279058,true,Self-supervised model,0.240736,16.928000,101.621281,6.003147,0.000000,0.000000,0.738675,1.389988,false,false
2026-04-17T14:33:22.752725,0.918371,-0.100192,1.672347,354.182,N,1,0.923820,1,0.923820,0.680823,1.542712,1.031164,-0.541090,9.306262,4.474763,-0.796488,0.644484,-0.116399,1.031164,0.436769,-0.249233,-0.332311,0.602756,0.502876,-11.624001,-44.468002,-6.340000,NaN,1.286373,true,Self-supervised model,0.241229,16.934000,102.044617,6.026020,0.000000,0.000000,0.660246,1.710750,false,false
2026-04-17T14:33:22.763752,0.918371,-0.100192,1.679714,353.759,N,1,0.923820,1,0.923820,0.754796,1.533196,1.143156,-0.624887,9.382876,4.283227,-0.856020,0.704725,-0.278204,1.143156,0.453262,-0.243124,-0.319483,0.605496,0.514350,-11.624001,-44.468002,-6.340000,NaN,1.293651,true,Self-supervised model,0.243825,16.945000,102.466690,6.047016,0.000000,0.000000,0.660274,1.887967,false,false
2026-04-17T14:33:22.769482,0.918371,-0.100192,1.687053,353.339,N,1,0.923820,1,0.923820,0.824607,1.526852,1.191113,-0.636858,9.409213,4.084508,-0.843126,0.713876,-0.445277,1.191113,0.447764,-0.230296,-0.317039,0.595015,0.503517,-11.624001,-44.468002,-6.340000,NaN,1.300884,true,Self-supervised model,0.241377,16.951000,102.887227,6.069685,0.000000,0.000000,0.692299,2.001821,false,false
2026-04-17T14:33:22.777125,0.918371,-0.100192,1.694387,352.919,N,1,0.923820,1,0.923820,0.900467,1.523797,1.298736,-0.653617,9.495404,3.881001,-0.833703,0.782465,-0.615957,1.298736,0.432493,-0.207083,-0.315206,0.573837,0.479514,-11.624001,-44.468002,-6.340000,NaN,1.308190,true,Self-supervised model,0.243673,16.959000,103.307384,6.091596,0.000000,0.000000,0.693341,2.263251,false,false
2026-04-17T14:33:22.784984,0.918371,-0.100192,1.701752,352.497,N,1,0.923820,1,0.923820,0.988934,1.524402,1.453382,-0.758962,9.627085,3.773262,-0.911593,0.896722,-0.690801,1.453382,0.399506,-0.189368,-0.315817,0.543329,0.442115,-11.624001,-44.468002,-6.340000,NaN,1.315684,true,Self-supervised model,0.244996,16.966000,103.729380,6.113956,0.000000,0.000000,0.680436,2.674960,false,false
2026-04-17T14:33:22.792932,0.918371,-0.100192,1.709183,352.071,N,1,0.923820,1,0.923820,1.082166,1.528713,1.571638,-0.818817,9.782708,3.720589,-0.943603,1.035812,-0.711865,1.571638,0.354913,-0.167377,-0.303600,0.496136,0.392400,-11.624001,-44.468002,-6.340000,NaN,1.323378,true,Self-supervised model,0.246132,16.974000,104.155146,6.136158,0.000000,0.000000,0.688560,3.167756,false,false
2026-04-17T14:33:22.801838,0.918371,-0.100192,1.716668,351.642,N,1,0.923820,1,0.923820,1.152920,1.535681,1.524377,-0.826000,9.773131,3.732560,-0.923329,1.010924,-0.670240,1.524377,0.312152,-0.137445,-0.281609,0.442305,0.341072,-11.624001,-44.468002,-6.340000,NaN,1.331082,true,Self-supervised model,0.246495,16.983000,104.584034,6.158160,0.000000,0.000000,0.756322,3.446440,false,false
2026-04-17T14:33:22.808931,0.918371,-0.100192,1.724151,351.213,N,1,0.923820,1,0.923820,1.175143,1.543260,1.291811,-0.672771,9.665392,3.804387,-0.743763,0.888930,-0.570436,1.291811,0.284052,-0.118508,-0.260839,0.403444,0.307782,-11.624001,-44.468002,-6.340000,NaN,1.338555,true,Self-supervised model,0.243911,16.990000,105.012785,6.180858,0.000000,0.000000,0.909686,3.201959,false,false
2026-04-17T14:33:22.816807,0.918371,-0.100192,1.731555,350.789,N,1,0.923820,1,0.923820,1.163343,1.550063,1.101393,-0.466869,9.636662,3.866636,-0.513405,0.846948,-0.481832,1.101393,0.259618,-0.116675,-0.248011,0.377524,0.284630,-11.624001,-44.468002,-6.340000,NaN,1.345641,true,Self-supervised model,0.241622,16.998000,105.436982,6.202905,0.000000,0.000000,1.056246,2.917416,false,false
2026-04-17T14:33:22.824871,0.918371,-0.100192,1.738808,350.374,N,1,0.923820,1,0.923820,1.140107,1.555665,1.018121,-0.294487,9.660604,3.878607,-0.318849,0.858483,-0.444873,1.018121,0.238237,-0.143553,-0.245568,0.371037,0.278145,-11.624001,-44.468002,-6.340000,NaN,1.352293,true,Self-supervised model,0.240887,17.006000,105.852560,6.224424,0.000000,0.000000,1.119815,2.743991,false,false
2026-04-17T14:33:22.834158,0.918371,-0.100192,1.745884,349.968,N,1,0.923820,1,0.923820,1.121225,1.560287,1.022094,-0.177171,9.708488,3.840300,-0.181694,0.894732,-0.459476,1.022094,0.218079,-0.180816,-0.249844,0.377723,0.283289,-11.624001,-44.468002,-6.340000,NaN,1.358657,true,Self-supervised model,0.241303,17.016000,106.257950,6.244590,0.000000,0.000000,1.096989,2.705933,false,false
2026-04-17T14:33:22.840844,0.918371,-0.100192,1.752779,349.573,N,1,0.923820,1,0.923820,1.110644,1.564301,1.055092,-0.100556,9.739613,3.758897,-0.087071,0.914883,-0.518293,1.055092,0.199142,-0.213192,-0.263894,0.393381,0.291733,-11.624001,-44.468002,-6.340000,NaN,1.364833,true,Self-supervised model,0.240444,17.022000,106.653034,6.265599,0.000000,0.000000,1.052651,2.682115,false,false
2026-04-17T14:33:22.849176,0.918371,-0.100192,1.759521,349.187,N,1,0.923820,1,0.923820,1.102770,1.567840,1.061434,0.007183,9.780313,3.775656,0.036923,0.945589,-0.480771,1.061434,0.169821,-0.272446,-0.285885,0.429879,0.321039,-11.624001,-44.468002,-6.340000,NaN,1.370960,true,Self-supervised model,0.241229,17.031000,107.039312,6.284969,0.000000,0.000000,1.038943,2.469147,false,false
2026-04-17T14:33:22.857300,0.918371,-0.100192,1.766157,348.807,N,1,0.923820,1,0.923820,1.105817,1.571359,1.121812,0.043096,9.854534,3.761291,0.087336,1.011373,-0.477451,1.121812,0.115454,-0.357967,-0.320704,0.494289,0.376125,-11.624001,-44.468002,-6.340000,NaN,1.377172,true,Self-supervised model,0.241561,17.039000,107.419526,6.304333,0.000000,0.000000,0.985742,2.269549,false,false
2026-04-17T14:33:22.866308,0.918371,-0.100192,1.772773,348.428,N,1,0.923820,1,0.923820,1.114487,1.575084,1.160005,0.023942,9.938332,3.835511,0.082178,1.089186,-0.390554,1.160005,0.040317,-0.414167,-0.368963,0.556141,0.416124,-11.624001,-44.468002,-6.340000,NaN,1.383707,true,Self-supervised model,0.241886,17.048000,107.798575,6.323239,0.000000,0.000000,0.960761,2.085810,false,false
2026-04-17T14:33:22.873690,0.918371,-0.100192,1.779483,348.043,N,1,0.923820,1,0.923820,1.118327,1.578814,1.138485,0.019154,9.971850,4.031836,0.088763,1.119465,-0.187266,1.138485,-0.014661,-0.425162,-0.395230,0.580676,0.425415,-11.624001,-44.468002,-6.340000,NaN,1.390795,true,Self-supervised model,0.240638,17.055000,108.183036,6.343186,0.000000,0.000000,0.982293,1.960621,false,false
2026-04-17T14:33:22.881687,0.918371,-0.100192,1.785994,347.670,N,1,0.923820,1,0.923820,1.113081,1.582185,1.085542,0.062249,9.926360,4.261679,0.151957,1.073997,0.042909,1.085542,-0.083078,-0.375071,-0.414777,0.565350,0.384162,-6.241000,-43.298000,-10.263000,NaN,1.396512,true,Self-supervised model,0.240140,17.063000,108.556126,6.362077,0.000000,0.000000,1.025369,1.920123,false,false
2026-04-17T14:33:22.888854,0.918371,-0.100192,1.793141,347.261,N,1,0.923820,1,0.923820,1.100533,1.584919,1.034653,0.234632,9.823410,4.144363,0.343929,0.972736,-0.077488,1.034653,-0.135612,-0.269392,-0.444099,0.536830,0.301600,-6.241000,-43.298000,-10.263000,NaN,1.406197,true,Self-supervised model,0.239405,17.070000,108.965579,6.383455,0.000000,0.000000,1.063673,1.927339,false,false
2026-04-17T14:33:22.896770,0.918371,-0.100192,1.800443,346.842,N,1,0.923820,1,0.923820,1.116344,1.588176,1.199356,0.026336,10.024523,4.074931,0.162785,1.178101,-0.155034,1.199356,-0.204640,-0.090408,-0.480751,0.530257,0.223721,-6.241000,-43.298000,-10.263000,NaN,1.414125,true,Self-supervised model,0.241664,17.078000,109.383981,6.404964,0.000000,0.000000,0.930786,2.261839,false,false
2026-04-17T14:33:22.905420,0.918371,-0.100192,1.807990,346.410,N,1,0.923820,1,0.923820,1.135914,1.592085,1.238653,0.014365,10.048465,4.060566,0.185343,1.210526,-0.185843,1.238653,-0.266948,0.059254,-0.496023,0.566402,0.273445,-6.241000,-43.298000,-10.263000,NaN,1.422647,true,Self-supervised model,0.242028,17.087000,109.816361,6.426895,0.000000,0.000000,0.917056,2.186882,false,false
2026-04-17T14:33:22.913177,0.918371,-0.100192,1.815796,345.963,N,1,0.923820,1,0.923820,1.162957,1.596920,1.304932,-0.177171,10.108319,4.024653,0.034745,1.281600,-0.243193,1.304932,-0.346361,0.192423,-0.517403,0.651688,0.396222,-6.241000,-43.298000,-10.263000,NaN,1.431491,true,Self-supervised model,0.241350,17.095000,110.263611,6.450050,0.000000,0.000000,0.891201,2.002387,false,false
2026-04-17T14:33:22.920696,0.918371,-0.100192,1.823857,345.501,N,1,0.923820,1,0.923820,1.188120,1.602568,1.320228,-0.263362,10.098742,3.998317,-0.005470,1.286443,-0.296711,1.320228,-0.431271,0.268781,-0.545503,0.745527,0.508171,-6.241000,-43.298000,-10.263000,NaN,1.440575,true,Self-supervised model,0.240595,17.102000,110.725505,6.474418,0.000000,0.000000,0.899936,1.770865,false,false
2026-04-17T14:33:22.929478,0.918371,-0.100192,1.832177,345.024,N,1,0.923820,1,0.923820,1.236033,1.609907,1.487575,-0.562637,10.220847,3.991134,-0.254711,1.426347,-0.336951,1.487575,-0.517403,0.295048,-0.582155,0.832864,0.595617,-6.241000,-43.298000,-10.263000,NaN,1.449927,true,Self-supervised model,0.241891,17.111000,111.202191,6.498872,0.000000,0.000000,0.830905,1.786095,false,false
2026-04-17T14:33:22.937235,0.918371,-0.100192,1.840783,344.531,N,1,0.923820,1,0.923820,1.302926,1.619627,1.654113,-0.833182,10.314221,3.995923,-0.473440,1.540888,-0.370955,1.654113,-0.594983,0.280998,-0.601091,0.891221,0.658000,-6.241000,-43.298000,-10.263000,NaN,1.459678,true,Self-supervised model,0.242120,17.119000,111.695275,6.524638,0.000000,0.000000,0.787689,1.856007,false,false
2026-04-17T14:33:22.946042,0.918371,-0.100192,1.849646,344.023,N,1,0.923820,1,0.923820,1.389695,1.632430,1.845232,-1.122881,10.429143,4.141969,-0.711846,1.680803,-0.270288,1.845232,-0.695165,0.208305,-0.616363,0.952128,0.725703,-6.241000,-43.298000,-10.263000,NaN,1.469570,true,Self-supervised model,0.243435,17.127000,112.203096,6.551240,0.000000,0.000000,0.753128,1.938007,false,false
2026-04-17T14:33:22.952582,0.918371,-0.100192,1.858705,343.504,N,1,0.923820,1,0.923820,1.467845,1.647847,1.878132,-1.189918,10.433931,4.235343,-0.730126,1.715040,-0.230071,1.878132,-0.816727,0.106291,-0.627359,1.035335,0.823614,-6.241000,-43.298000,-10.263000,NaN,1.479414,true,Self-supervised model,0.241650,17.134000,112.722153,6.578858,0.000000,0.000000,0.781545,1.814033,false,false
2026-04-17T14:33:22.963905,0.918371,-0.100192,1.867874,342.979,N,1,0.923820,1,0.923820,1.560900,1.666369,2.049444,-1.467646,10.486604,4.357447,-0.961318,1.802050,-0.169424,2.049444,-0.925461,0.033598,-0.640798,1.126156,0.926071,-6.241000,-43.298000,-10.263000,NaN,1.489022,true,Self-supervised model,0.244477,17.145000,113.247505,6.605279,0.000000,0.000000,0.761622,1.819857,false,false
2026-04-17T14:33:22.969396,0.918371,-0.100192,1.877081,342.451,N,1,0.923820,1,0.923820,1.604117,1.685879,1.831005,-1.357512,10.287885,4.551377,-0.807433,1.642735,-0.045275,1.831005,-1.047023,-0.022602,-0.633467,1.223948,1.047267,-6.241000,-43.298000,-10.263000,NaN,1.498379,true,Self-supervised model,0.238728,17.151000,113.775012,6.633725,0.000000,0.000000,0.876086,1.495982,false,false
2026-04-17T14:33:22.977175,0.918371,-0.100192,1.886202,341.929,N,1,0.923820,1,0.923820,1.590580,1.704067,1.519510,-1.098939,10.024523,4.829105,-0.506479,1.424304,0.154105,1.519510,-1.175305,-0.089186,-0.659124,1.350459,1.178684,-6.241000,-43.298000,-10.263000,NaN,1.507159,true,Self-supervised model,0.236983,17.159000,114.297622,6.661089,0.000000,0.000000,1.046772,1.125180,false,false
2026-04-17T14:33:22.984965,0.918371,-0.100192,1.895199,341.413,N,1,0.923820,1,0.923820,1.562793,1.720416,1.416911,-1.029507,9.864111,5.114015,-0.394132,1.314530,0.352570,1.416911,-1.301143,-0.130114,-0.714101,1.489914,1.307632,-6.241000,-43.298000,-10.263000,NaN,1.515659,true,Self-supervised model,0.235124,17.166000,114.813109,6.688402,0.000000,0.000000,1.102958,0.951002,false,false
2026-04-17T14:33:22.992750,0.918371,-0.100192,1.904121,340.902,N,1,0.923820,1,0.923820,1.506771,1.733870,1.212656,-0.909797,9.588778,5.322310,-0.227808,1.095488,0.467489,1.212656,-1.395827,-0.114232,-0.780686,1.603388,1.400494,-6.241000,-43.298000,-10.263000,NaN,1.524280,true,Self-supervised model,0.232072,17.174000,115.324296,6.715052,0.000000,0.000000,1.242538,0.756309,false,false
2026-04-17T14:33:23.002224,0.918371,-0.100192,1.913077,340.389,N,1,0.923820,1,0.923820,1.406193,1.742763,0.878161,-0.761356,9.220071,5.339070,-0.024716,0.788866,0.385027,0.878161,-1.491733,-0.027489,-0.872316,1.728282,1.491986,-6.241000,-43.298000,-10.263000,NaN,1.533369,true,Self-supervised model,0.226864,17.184000,115.837397,6.741003,0.000000,0.000000,1.601294,0.508112,false,false
2026-04-17T14:33:23.009220,0.918371,-0.100192,1.922218,339.865,N,1,0.923820,1,0.923820,1.261429,1.745510,0.501416,-0.794875,8.769960,5.351041,0.007082,0.406215,0.293866,0.501416,-1.568091,0.111788,-0.970054,1.847271,1.572071,-6.241000,-43.298000,-10.263000,NaN,1.543254,true,Self-supervised model,0.213225,17.191000,116.361155,6.768725,0.000000,0.000000,2.515734,0.271436,false,false
2026-04-17T14:33:23.016975,0.918371,-0.100192,1.931671,339.323,N,1,0.923820,1,0.923820,1.107794,1.742001,0.301207,-0.905008,8.406042,5.439626,-0.027298,0.114477,0.277265,0.301207,-1.619404,0.234572,-1.052521,1.945583,1.636305,-6.241000,-43.298000,-10.263000,NaN,1.553955,true,Self-supervised model,0.202460,17.198000,116.902785,6.797464,0.000000,0.000000,3.677844,0.154816,false,false
2026-04-17T14:33:23.024734,0.918371,-0.100192,1.941498,338.760,N,1,0.923820,1,0.923820,1.005491,1.734541,0.468405,-1.264138,8.039729,5.576096,-0.304762,-0.176475,0.308836,0.468405,-1.638951,0.275500,-1.084286,1.984373,1.661945,-6.241000,-43.298000,-10.263000,NaN,1.565278,true,Self-supervised model,0.214953,17.206000,117.465837,6.827028,0.000000,0.000000,2.146629,0.236047,false,false
2026-04-17T14:33:23.034106,0.918371,-0.100192,1.951653,338.179,N,1,0.923820,1,0.923820,0.965410,1.725775,0.754981,-1.477222,7.769185,5.863400,-0.436988,-0.369624,0.492358,0.754981,-1.627956,0.207694,-1.073901,1.961286,1.641151,-6.241000,-43.298000,-10.263000,NaN,1.576742,true,Self-supervised model,0.225899,17.216000,118.047650,6.856857,0.000000,0.000000,1.278720,0.384942,false,false
2026-04-17T14:33:23.041697,0.918371,-0.100192,1.961984,337.587,N,1,0.923820,1,0.923820,0.958045,1.717066,0.919381,-1.541866,7.625533,6.145916,-0.431424,-0.441441,0.681370,0.919381,-1.577865,0.032376,-1.032362,1.885863,1.578197,-4.759000,-43.291000,-7.874001,NaN,1.587781,true,Self-supervised model,0.228115,17.223000,118.639593,6.888439,0.000000,0.000000,1.042054,0.487512,false,false
2026-04-17T14:33:23.049230,0.918371,-0.100192,1.972276,336.997,NW,1,0.923820,1,0.923820,0.954133,1.708549,0.933593,-1.551443,7.560889,6.296751,-0.381247,-0.430984,0.735187,0.933593,-1.488679,-0.181427,-0.987769,1.795764,1.499693,-4.759000,-43.291000,-7.874001,NaN,1.597913,true,Self-supervised model,0.228739,17.231000,119.229253,6.919462,0.000000,0.000000,1.022001,0.519886,false,false
2026-04-17T14:33:23.056772,0.918371,-0.100192,1.982387,336.418,NW,1,0.923820,1,0.923820,0.935854,1.699641,0.839893,-1.486799,7.438785,6.287174,-0.268176,-0.481231,0.633971,0.839893,-1.387886,-0.340863,-0.959669,1.721447,1.429131,-4.759000,-43.291000,-7.874001,NaN,1.607303,true,Self-supervised model,0.227714,17.238000,119.808578,6.950260,0.000000,0.000000,1.114254,0.487899,false,false
2026-04-17T14:33:23.065694,0.918371,-0.100192,1.992254,335.852,NW,1,0.923820,1,0.923820,0.939267,1.691226,0.957182,-1.161188,6.998251,6.157887,0.096959,-0.854538,0.420192,0.957182,-1.265713,-0.472810,-0.954782,1.654445,1.351139,-4.759000,-43.291000,-7.874001,NaN,1.616192,true,Self-supervised model,0.230595,17.247000,120.373906,6.979411,0.000000,0.000000,0.981284,0.578552,false,false
2026-04-17T14:33:23.073145,0.918371,-0.100192,2.001898,335.300,NW,1,0.923820,1,0.923820,1.023111,1.686501,1.463292,-0.871489,6.390124,5.887342,0.421800,-1.399347,0.071678,1.463292,-1.160033,-0.559553,-0.996932,1.628696,1.287935,-4.759000,-43.291000,-7.874001,NaN,1.624948,true,Self-supervised model,0.235154,17.255000,120.926502,7.008201,0.000000,0.000000,0.699184,0.898444,false,false
2026-04-17T14:33:23.080850,0.918371,-0.100192,2.011436,334.753,NW,1,0.923820,1,0.923820,1.149793,1.687033,1.814875,-0.751779,6.014235,5.731719,0.577230,-1.713367,-0.157958,1.814875,-1.102612,-0.590707,-1.082453,1.654204,1.250875,-4.759000,-43.291000,-7.874001,NaN,1.634058,true,Self-supervised model,0.237337,17.262000,121.472970,7.037016,0.000000,0.000000,0.633538,1.097129,false,false
2026-04-17T14:33:23.088870,0.918371,-0.100192,2.021057,334.202,NW,1,0.923820,1,0.923820,1.266714,1.692220,1.880547,-1.098939,5.829881,5.650316,0.270887,-1.834583,-0.312062,1.880547,-1.084286,-0.577879,-1.166142,1.693962,1.228666,-4.759000,-43.291000,-7.874001,NaN,1.644011,true,Self-supervised model,0.238111,17.270000,122.024202,7.065675,0.000000,0.000000,0.673588,1.110148,false,false
2026-04-17T14:33:23.098348,0.918371,-0.100192,2.030961,333.634,NW,1,0.923820,1,0.923820,1.389294,1.702103,2.032843,-1.395820,5.604826,5.640739,0.021051,-1.994187,-0.393983,2.032843,-1.097114,-0.546114,-1.250441,1.750858,1.225520,-4.759000,-43.291000,-7.874001,NaN,1.655051,true,Self-supervised model,0.239099,17.280000,122.591695,7.094427,0.000000,0.000000,0.683425,1.161055,false,false
2026-04-17T14:33:23.104729,0.918371,-0.100192,2.041271,333.044,NW,1,0.923820,1,0.923820,1.516437,1.716677,2.183936,-1.644817,5.374983,5.801151,-0.176829,-2.154935,-0.307510,2.183936,-1.139264,-0.542448,-1.300532,1.812058,1.261813,-4.759000,-43.291000,-7.874001,NaN,1.666982,true,Self-supervised model,0.237456,17.286000,123.182411,7.126137,0.000000,0.000000,0.694360,1.205224,false,false
2026-04-17T14:33:23.112931,0.918371,-0.100192,2.051999,332.429,NW,1,0.923820,1,0.923820,1.624626,1.734995,2.192618,-2.128445,5.351041,6.145916,-0.609918,-2.105707,-0.039662,2.192618,-1.187522,-0.581544,-1.304808,1.857667,1.322271,-4.759000,-43.291000,-7.874001,NaN,1.679379,true,Self-supervised model,0.238462,17.294000,123.797040,7.158381,0.000000,0.000000,0.740952,1.180308,false,false
2026-04-17T14:33:23.120771,0.918371,-0.100192,2.063044,331.796,NW,1,0.923820,1,0.923820,1.733946,1.756953,2.307878,-2.542642,5.351041,6.763620,-0.978955,-2.029628,0.498558,2.307878,-1.212568,-0.645685,-1.260215,1.864235,1.373764,-4.759000,-43.291000,-7.874001,NaN,1.691699,true,Self-supervised model,0.238065,17.302000,124.429913,7.191649,0.000000,0.000000,0.751316,1.237976,false,false
2026-04-17T14:33:23.129906,0.918371,-0.100192,2.074212,331.156,NW,1,0.923820,1,0.923820,1.857807,1.782987,2.508076,-2.882619,5.365406,7.290344,-1.283016,-1.937457,0.943703,2.508076,-1.196685,-0.745256,-1.155146,1.822587,1.409773,-4.759000,-43.291000,-7.874001,NaN,1.703352,true,Self-supervised model,0.240308,17.311000,125.069752,7.224872,0.000000,0.000000,0.740730,1.376108,false,false
2026-04-17T14:33:23.136948,0.918371,-0.100192,2.085263,330.523,NW,1,0.923820,1,0.923820,1.974437,1.812645,2.586744,-3.634398,6.385336,7.826645,-2.007277,-0.839975,1.398757,2.586744,-1.117272,-0.819170,-0.976774,1.695118,1.385402,-4.759000,-43.291000,-7.874001,NaN,1.713940,true,Self-supervised model,0.239968,17.318000,125.702949,7.258514,0.000000,0.000000,0.763291,1.525996,false,false
2026-04-17T14:33:23.146231,0.918371,-0.100192,2.095990,329.909,NW,1,0.923820,1,0.923820,2.067241,1.844829,2.554460,-3.507505,6.136339,7.898471,-1.877549,-1.022890,1.397775,2.554460,-0.981660,-0.889420,-0.631635,1.467545,1.324660,-4.759000,-43.291000,-7.874001,NaN,1.723371,true,Self-supervised model,0.241996,17.328000,126.317581,7.289796,0.000000,0.000000,0.809267,1.740636,false,false
2026-04-17T14:33:23.152904,0.918371,-0.100192,2.105805,329.346,NW,1,0.923820,1,0.923820,2.148218,1.878964,2.573347,-2.832341,5.044583,7.513005,-1.219223,-2.058771,0.947139,2.573347,-0.864985,-0.895528,-0.384234,1.302999,1.245058,-4.759000,-43.291000,-7.874001,NaN,1.729535,true,Self-supervised model,0.241236,17.334000,126.879918,7.319714,0.000000,0.000000,0.834795,1.974942,false,false
2026-04-17T14:33:23.161411,0.918371,-0.100192,2.114269,328.861,NW,1,0.923820,1,0.923820,2.270557,1.916628,2.912839,-2.178724,4.247314,7.115568,-0.593113,-2.808967,0.492493,2.912839,-0.745256,-0.827722,-0.220522,1.135412,1.113791,-4.759000,-43.291000,-7.874001,NaN,1.732596,true,Self-supervised model,0.246036,17.343000,127.364861,7.343877,0.000000,0.000000,0.779500,2.565446,false,false
2026-04-17T14:33:23.169444,0.918371,-0.100192,2.121257,328.461,NW,1,0.923820,1,0.923820,2.369149,1.956729,2.886758,-1.747767,4.199430,7.275979,-0.189678,-2.816541,0.603730,2.886758,-0.631635,-0.705549,-0.187536,0.965366,0.946975,-4.759000,-43.291000,-7.874001,NaN,1.733681,true,Self-supervised model,0.247725,17.351000,127.765252,7.363567,0.000000,0.000000,0.820696,2.990324,false,false
2026-04-17T14:33:23.177422,0.918371,-0.100192,2.126947,328.135,NW,1,0.923820,1,0.923820,2.377364,1.995554,2.420493,-1.805228,4.838682,7.807492,-0.268370,-2.142457,1.093912,2.420493,-0.516792,-0.602313,-0.210138,0.820983,0.793634,-4.759000,-43.291000,-7.874001,NaN,1.734180,true,Self-supervised model,0.246031,17.359000,128.091286,7.378955,0.000000,0.000000,0.982182,2.948287,false,false
2026-04-17T14:33:23.185314,0.918371,-0.100192,2.131684,327.864,NW,1,0.923820,1,0.923820,2.333727,2.031081,2.104634,-2.231396,5.619191,8.212111,-0.707077,-1.333759,1.466496,2.104634,-0.351858,-0.488692,-0.243124,0.649410,0.602183,-4.759000,-43.291000,-7.874001,NaN,1.735102,true,Self-supervised model,0.245178,17.367000,128.362674,7.391183,0.000000,0.000000,1.108852,3.240838,false,false
2026-04-17T14:33:23.192911,0.918371,-0.100192,2.135829,327.626,NW,1,0.923820,1,0.923820,2.286558,2.063300,2.038922,-2.303222,5.940014,8.367735,-0.783169,-0.992174,1.599825,2.038922,-0.172875,-0.364687,-0.263283,0.481871,0.403586,-4.759000,-43.291000,-7.874001,NaN,1.736879,true,Self-supervised model,0.246165,17.374000,128.600150,7.401873,0.000000,0.000000,1.121455,4.231259,false,false
2026-04-17T14:33:23.201981,0.918371,-0.100192,2.139645,327.407,NW,1,0.923820,1,0.923820,2.218391,2.091504,1.860513,-2.051831,5.822699,8.188169,-0.528139,-1.096179,1.407469,1.860513,-0.014050,-0.250455,-0.294437,0.386805,0.250849,-2.787000,-41.596001,-12.548000,NaN,1.739381,true,Self-supervised model,0.245917,17.383000,128.818797,7.410619,0.000000,0.000000,1.192355,4.809949,false,false
2026-04-17T14:33:23.209190,0.918371,-0.100192,2.143341,327.196,NW,1,0.923820,1,0.923820,2.115655,2.114470,1.576290,-1.877054,5.791574,7.841011,-0.342578,-1.119836,1.055129,1.576290,0.084910,-0.158214,-0.326202,0.372356,0.179559,-2.787000,-41.596001,-12.548000,NaN,1.742595,true,Self-supervised model,0.242429,17.391000,129.030548,7.419386,0.000000,0.000000,1.342174,4.233284,false,false
2026-04-17T14:33:23.216694,0.918371,-0.100192,2.147066,326.982,NW,1,0.923820,1,0.923820,1.977797,2.131003,1.254046,-1.965640,5.961562,7.496245,-0.413718,-0.946558,0.710981,1.254046,0.157603,-0.065973,-0.350637,0.390048,0.170855,-2.787000,-41.596001,-12.548000,NaN,1.746440,true,Self-supervised model,0.237599,17.398000,129.244006,7.428670,0.000000,0.000000,1.577134,3.215107,false,false
2026-04-17T14:33:23.224819,0.918371,-0.100192,2.150916,326.762,NW,1,0.923820,1,0.923820,1.827860,2.140877,1.040690,-2.169147,6.186617,7.237672,-0.595998,-0.720717,0.456497,1.040690,0.186314,-0.010385,-0.334143,0.382717,0.186603,-2.787000,-41.596001,-12.548000,NaN,1.750788,true,Self-supervised model,0.234026,17.406000,129.464605,7.437930,0.000000,0.000000,1.756393,2.719214,false,false
2026-04-17T14:33:23.233876,0.918371,-0.100192,2.154887,326.534,NW,1,0.923820,1,0.923820,1.696030,2.145083,1.003919,-2.336741,6.452374,7.275979,-0.742388,-0.454943,0.499741,1.003919,0.183260,-0.000611,-0.290161,0.343188,0.183261,-2.787000,-41.596001,-12.548000,NaN,1.755240,true,Self-supervised model,0.234097,17.415000,129.692093,7.447149,0.000000,0.000000,1.689409,2.925277,false,false
2026-04-17T14:33:23.241303,0.918371,-0.100192,2.158890,326.305,NW,1,0.923820,1,0.923820,1.606454,2.145538,1.136182,-2.506729,6.574478,7.448361,-0.876762,-0.306898,0.654226,1.136182,0.176540,-0.047037,-0.252898,0.311988,0.182699,-2.787000,-41.596001,-12.548000,NaN,1.759374,true,Self-supervised model,0.236785,17.423000,129.921463,7.456894,0.000000,0.000000,1.413905,3.641753,false,false
2026-04-17T14:33:23.249280,0.918371,-0.100192,2.163081,326.065,NW,1,0.923820,1,0.923820,1.578935,2.144874,1.434461,-2.662352,6.507440,7.776367,-1.003081,-0.349052,0.964193,1.434461,0.186314,-0.183870,-0.227853,0.347042,0.261766,-2.787000,-41.596001,-12.548000,NaN,1.764314,true,Self-supervised model,0.240515,17.431000,130.161568,7.467246,0.000000,0.000000,1.100717,4.133395,false,false
2026-04-17T14:33:23.256964,0.918371,-0.100192,2.167374,325.819,NW,1,0.923820,1,0.923820,1.606387,2.145335,1.750509,-2.746149,6.349423,8.082825,-1.086421,-0.510427,1.274142,1.750509,0.241292,-0.362854,-0.219911,0.488104,0.435758,-2.787000,-41.596001,-12.548000,NaN,1.769018,true,Self-supervised model,0.242126,17.438000,130.407556,7.478355,0.000000,0.000000,0.917668,3.586343,false,false
2026-04-17T14:33:23.265528,0.918371,-0.100192,2.171474,325.584,NW,1,0.923820,1,0.923820,1.663636,2.148067,1.964195,-2.856283,6.284780,8.238448,-1.206693,-0.583488,1.435791,1.964195,0.345139,-0.543059,-0.202196,0.674476,0.643455,-2.787000,-41.596001,-12.548000,NaN,1.772345,true,Self-supervised model,0.242605,17.447000,130.642468,7.487962,0.000000,0.000000,0.846981,2.912180,false,false
2026-04-17T14:33:23.273077,0.918371,-0.100192,2.175432,325.357,NW,1,0.923820,1,0.923820,1.720920,2.152981,2.021658,-3.033453,6.212954,8.082825,-1.402950,-0.671202,1.291636,2.021658,0.470977,-0.638354,-0.158214,0.808917,0.793294,-2.787000,-41.596001,-12.548000,NaN,1.775734,true,Self-supervised model,0.241879,17.455000,130.869235,7.497521,0.000000,0.000000,0.851242,2.499215,false,false
2026-04-17T14:33:23.280954,0.918371,-0.100192,2.179272,325.137,NW,1,0.923820,1,0.923820,1.745568,2.158684,1.874971,-2.983175,6.136339,7.781156,-1.378142,-0.772894,1.009395,1.874971,0.635300,-0.668287,-0.078802,0.925431,0.922070,-2.787000,-41.596001,-12.548000,NaN,1.779103,true,Self-supervised model,0.240091,17.462000,131.089253,7.507116,0.000000,0.000000,0.930984,2.026052,false,false
2026-04-17T14:33:23.288883,0.918371,-0.100192,2.182954,324.926,NW,1,0.923820,1,0.923820,1.720768,2.163168,1.590570,-2.858677,6.251261,7.381324,-1.282316,-0.692025,0.637716,1.590570,0.780075,-0.626137,0.014050,1.000381,1.000282,-2.787000,-41.596001,-12.548000,NaN,1.782155,true,Self-supervised model,0.237241,17.470000,131.300233,7.515755,0.000000,0.000000,1.081856,1.589965,false,false
2026-04-17T14:33:23.297614,0.918371,-0.100192,2.186410,324.728,NW,1,0.923820,1,0.923820,1.656040,2.164883,1.316215,-2.717419,6.435614,6.957550,-1.170207,-0.548478,0.249421,1.316215,0.867429,-0.539394,0.100182,1.026360,1.021459,-2.787000,-41.596001,-12.548000,NaN,1.784706,true,Self-supervised model,0.234437,17.479000,131.498249,7.523214,0.000000,0.000000,1.258183,1.282411,false,false
2026-04-17T14:33:23.304966,0.918371,-0.100192,2.189553,324.548,NW,1,0.923820,1,0.923820,1.556488,2.162547,1.033843,-2.449268,6.612785,6.485892,-0.928995,-0.415485,-0.182135,1.033843,0.895528,-0.430660,0.164323,1.007195,0.993700,-2.787000,-41.596001,-12.548000,NaN,1.786597,true,Self-supervised model,0.230497,17.486000,131.678334,7.530501,0.000000,0.000000,1.505536,1.026458,false,false
2026-04-17T14:33:23.316444,0.918371,-0.100192,2.192316,324.390,NW,1,0.923820,1,0.923820,1.445523,2.155866,0.862952,-2.035071,6.804321,6.007052,-0.530253,-0.255534,-0.631048,0.862952,0.879035,-0.334143,0.204640,0.962409,0.940401,-2.787000,-41.596001,-12.548000,NaN,1.787841,true,Self-supervised model,0.228506,17.498000,131.836658,7.534384,0.000000,0.000000,1.675090,0.896658,false,false
2026-04-17T14:33:23.320711,0.918371,-0.100192,2.194664,324.255,NW,1,0.923820,1,0.923820,1.369927,2.146428,0.973052,-1.783680,7.015011,5.667076,-0.302080,-0.097517,-0.919820,0.973052,0.781297,-0.144775,0.235183,0.828671,0.794597,-2.787000,-41.596001,-12.548000,NaN,1.788526,true,Self-supervised model,0.231007,17.502000,131.971163,7.540348,0.000000,0.000000,1.407866,1.174232,false,false
2026-04-17T14:33:23.330370,0.918371,-0.100192,2.196569,324.146,NW,1,0.923820,1,0.923820,1.331607,2.135835,1.130422,-1.719037,7.182605,5.446809,-0.247245,0.033466,-1.102545,1.130422,0.670119,0.015882,0.233351,0.709764,0.670307,-2.787000,-41.596001,-12.548000,NaN,1.788663,true,Self-supervised model,0.235774,17.512000,132.080344,7.542276,0.000000,0.000000,1.177973,1.592675,false,false
2026-04-17T14:33:23.337743,0.918371,-0.100192,2.198047,324.061,NW,1,0.923820,1,0.923820,1.304876,2.124597,1.164542,-1.620875,7.254431,5.363012,-0.152065,0.073576,-1.152225,1.164542,0.568716,0.135001,0.223577,0.625819,0.584519,-2.787000,-41.596001,-12.548000,NaN,1.788430,true,Self-supervised model,0.236920,17.519000,132.165015,7.544096,0.000000,0.000000,1.120506,1.860829,false,false
2026-04-17T14:33:23.347816,0.918371,-0.100192,2.199125,323.999,NW,1,0.923820,1,0.923820,1.269556,2.112395,1.084124,-1.544260,7.283162,5.406107,-0.072339,0.075765,-1.079051,1.084124,0.457538,0.244957,0.204029,0.557649,0.518985,-2.787000,-41.596001,-12.548000,NaN,1.787906,true,Self-supervised model,0.236724,17.529000,132.226754,7.543314,0.000000,0.000000,1.171043,1.944096,false,false
2026-04-17T14:33:23.353054,0.918371,-0.100192,2.199848,323.958,NW,1,0.923820,1,0.923820,1.200976,2.097939,0.840929,-1.587356,7.376535,5.638345,-0.107968,0.147380,-0.820843,0.840929,0.371406,0.299324,0.181427,0.510346,0.477009,-2.787000,-41.596001,-12.548000,NaN,1.787210,true,Self-supervised model,0.232876,17.534000,132.268168,7.543525,0.000000,0.000000,1.428153,1.647763,false,false
2026-04-17T14:33:23.363246,0.918371,-0.100192,2.200280,323.933,NW,1,0.923820,1,0.923820,1.104613,2.080206,0.598708,-1.661576,7.498640,5.920861,-0.172864,0.250939,-0.515363,0.598708,0.321926,0.308487,0.164323,0.475187,0.445871,1.799000,-35.712002,-24.598001,NaN,1.786481,true,Self-supervised model,0.227522,17.545000,132.292944,7.540208,0.000000,0.000000,1.844993,1.259943,false,false
2026-04-17T14:33:23.369672,0.918371,-0.100192,2.200483,323.922,NW,1,0.923820,1,0.923820,0.994746,2.058787,0.417945,-1.735796,7.544129,6.215348,-0.237458,0.279859,-0.199927,0.417945,0.295048,0.293215,0.151495,0.442695,0.415967,1.799000,-35.712002,-24.598001,NaN,1.785766,true,Self-supervised model,0.221032,17.551000,132.304574,7.538293,0.000000,0.000000,2.380090,0.944091,false,false
2026-04-17T14:33:23.377211,0.918371,-0.100192,2.200519,323.920,NW,1,0.923820,1,0.923820,0.909058,2.034798,0.459199,-1.836353,7.608773,6.433220,-0.315152,0.331846,0.037702,0.459199,0.291383,0.279165,0.136834,0.426099,0.403531,1.799000,-35.712002,-24.598001,NaN,1.785136,true,Self-supervised model,0.224963,17.559000,132.306654,7.534977,0.000000,0.000000,1.979660,1.077681,false,false
2026-04-17T14:33:23.384956,0.918371,-0.100192,2.200742,323.907,NW,1,0.923820,1,0.923820,0.844855,2.009200,0.507784,-1.912967,7.582437,6.564901,-0.369175,0.292723,0.189388,0.507784,0.307876,0.273668,0.131336,0.432355,0.411924,1.799000,-35.712002,-24.598001,NaN,1.786106,true,Self-supervised model,0.228063,17.566000,132.319438,7.532702,0.000000,0.000000,1.663806,1.174461,false,false
2026-04-17T14:33:23.392782,0.918371,-0.100192,2.201137,323.884,NW,1,0.923820,1,0.923820,0.814753,1.983422,0.656719,-2.015918,7.556100,6.761226,-0.449688,0.253521,0.405940,0.656719,0.332922,0.265116,0.135612,0.446670,0.425585,1.799000,-35.712002,-24.598001,NaN,1.787188,true,Self-supervised model,0.233038,17.574000,132.342065,7.530560,0.000000,0.000000,1.240642,1.470257,false,false
2026-04-17T14:33:23.401151,0.918371,-0.100192,2.201682,323.853,NW,1,0.923820,1,0.923820,0.822342,1.958979,0.862188,-2.082955,7.575254,6.988675,-0.498271,0.258338,0.654488,0.862188,0.373850,0.244957,0.151495,0.471930,0.446953,1.799000,-35.712002,-24.598001,NaN,1.788330,true,Self-supervised model,0.236897,17.583000,132.373253,7.528479,0.000000,0.000000,0.953786,1.826940,false,false
2026-04-17T14:33:23.409560,0.918371,-0.100192,2.202280,323.819,NW,1,0.923820,1,0.923820,0.848584,1.936563,0.986353,-2.142811,7.498640,7.117962,-0.544199,0.165766,0.805767,0.986353,0.424551,0.204640,0.171042,0.501375,0.471297,1.799000,-35.712002,-24.598001,NaN,1.789143,true,Self-supervised model,0.238320,17.591000,132.407518,7.527003,0.000000,0.000000,0.860325,1.967296,false,false
2026-04-17T14:33:23.417215,0.918371,-0.100192,2.202864,323.785,NW,1,0.923820,1,0.923820,0.852280,1.915192,0.871682,-1.963245,7.441179,7.079654,-0.355616,0.090332,0.790700,0.871682,0.476475,0.157603,0.184481,0.534697,0.501864,1.799000,-35.712002,-24.598001,NaN,1.789674,true,Self-supervised model,0.236449,17.599000,132.441009,7.525485,0.000000,0.000000,0.977742,1.630236,false,false
2026-04-17T14:33:23.425645,0.918371,-0.100192,2.203387,323.755,NW,1,0.923820,1,0.923820,0.806043,1.892826,0.563300,-1.568202,7.378930,6.825869,0.043937,0.008082,0.561526,0.563300,0.516181,0.126449,0.185703,0.562955,0.531444,1.799000,-35.712002,-24.598001,NaN,1.789951,true,Self-supervised model,0.229982,17.607000,132.470982,7.523768,0.000000,0.000000,1.430930,1.000614,false,false
2026-04-17T14:33:23.433127,0.918371,-0.100192,2.203822,323.730,NW,1,0.923820,1,0.923820,0.755918,1.869350,0.492765,-1.252167,7.460332,6.567295,0.360947,0.068075,0.328482,0.492765,0.544892,0.104458,0.169821,0.580222,0.554814,1.799000,-35.712002,-24.598001,NaN,1.790033,true,Self-supervised model,0.228285,17.615000,132.495897,7.521765,0.000000,0.000000,1.534035,0.849270,false,false
2026-04-17T14:33:23.440962,0.918371,-0.100192,2.204169,323.710,NW,1,0.923820,1,0.923820,0.729093,1.845740,0.588257,-1.077391,7.613562,6.356606,0.534515,0.199035,0.143962,0.588257,0.551000,0.093462,0.142332,0.576711,0.558871,1.799000,-35.712002,-24.598001,NaN,1.790026,true,Self-supervised model,0.231899,17.622000,132.515750,7.519904,0.000000,0.000000,1.239412,1.020021,false,false
2026-04-17T14:33:23.449181,0.918371,-0.100192,2.204445,323.695,NW,1,0.923820,1,0.923820,0.725625,1.822935,0.707422,-0.967257,7.709330,6.303933,0.642249,0.272225,0.117711,0.707422,0.533285,0.096517,0.103847,0.551809,0.541949,1.799000,-35.712002,-24.598001,NaN,1.790023,true,Self-supervised model,0.234972,17.631000,132.531592,7.516964,0.000000,0.000000,1.025732,1.282005,false,false
2026-04-17T14:33:23.456689,0.918371,-0.100192,2.204675,323.681,NW,1,0.923820,1,0.923820,0.702716,1.800126,0.582442,-1.096544,7.730877,6.220136,0.511488,0.272149,0.059617,0.582442,0.499688,0.102014,0.059865,0.513496,0.509995,1.799000,-35.712002,-24.598001,NaN,1.790063,true,Self-supervised model,0.232628,17.638000,132.544728,7.514726,0.000000,0.000000,1.206500,1.134267,false,false
2026-04-17T14:33:23.465193,0.918371,-0.100192,2.204915,323.668,NW,1,0.923820,1,0.923820,0.639566,1.775704,0.308027,-1.398214,7.687782,6.215348,0.211410,0.209745,0.078698,0.308027,0.451429,0.128893,0.014050,0.469680,0.469470,1.799000,-35.712002,-24.598001,NaN,1.790347,true,Self-supervised model,0.222071,17.647000,132.558489,7.511673,0.000000,0.000000,2.076330,0.655823,false,false
2026-04-17T14:33:23.473556,0.918371,-0.100192,2.205239,323.649,NW,1,0.923820,1,0.923820,0.592757,1.750386,0.347011,-1.810017,7.673417,6.339846,-0.194465,0.178813,0.225002,0.347011,0.397673,0.169210,-0.007330,0.432238,0.432176,1.799000,-35.712002,-24.598001,NaN,1.791010,true,Self-supervised model,0.226081,17.655000,132.577095,7.509323,0.000000,0.000000,1.708177,0.802825,false,false
2026-04-17T14:33:23.480783,0.918371,-0.100192,2.205697,323.623,NW,1,0.923820,1,0.923820,0.597531,1.726272,0.622592,-2.128445,7.632715,6.440403,-0.502814,0.124000,0.345576,0.622592,0.362854,0.244957,0.012217,0.437968,0.437798,1.799000,-35.712002,-24.598001,NaN,1.791997,true,Self-supervised model,0.235569,17.662000,132.603292,7.507830,0.000000,0.000000,0.959747,1.421546,false,false
2026-04-17T14:33:23.488773,0.918371,-0.100192,2.206256,323.591,NW,1,0.923820,1,0.923820,0.656757,1.705491,0.967698,-2.434903,7.632715,6.615179,-0.795541,0.111419,0.539573,0.967698,0.353691,0.310930,0.050702,0.473651,0.470930,1.799000,-35.712002,-24.598001,NaN,1.792966,true,Self-supervised model,0.240023,17.670000,132.635356,7.506245,0.000000,0.000000,0.678680,2.043059,false,false
2026-04-17T14:33:23.497280,0.918371,-0.100192,2.206856,323.556,NW,1,0.923820,1,0.923820,0.759391,1.689647,1.298219,-2.681506,7.666234,6.840234,-1.025896,0.132530,0.784439,1.298219,0.364687,0.379958,0.114232,0.538900,0.526654,1.799000,-35.712002,-24.598001,NaN,1.793728,true,Self-supervised model,0.242209,17.679000,132.669742,7.504369,0.000000,0.000000,0.584949,2.409015,false,false
2026-04-17T14:33:23.505214,0.918371,-0.100192,2.207412,323.525,NW,1,0.923820,1,0.923820,0.881476,1.679320,1.522423,-2.760514,7.740454,7.079654,-1.090034,0.192951,1.045164,1.522423,0.383623,0.399506,0.195477,0.587353,0.553870,1.799000,-35.712002,-24.598001,NaN,1.794108,true,Self-supervised model,0.243297,17.687000,132.701599,7.502776,0.000000,0.000000,0.578996,2.592008,false,false
2026-04-17T14:33:23.513251,0.918371,-0.100192,2.207801,323.502,NW,1,0.923820,1,0.923820,0.998214,1.674076,1.611087,-2.631228,7.874529,7.273585,-0.951882,0.310606,1.262159,1.611087,0.416610,0.350026,0.286496,0.614949,0.544134,1.799000,-35.712002,-24.598001,NaN,1.793828,true,Self-supervised model,0.243811,17.695000,132.723875,7.500643,0.000000,0.000000,0.619590,2.619872,false,false
2026-04-17T14:33:23.521797,0.918371,-0.100192,2.207875,323.498,NW,1,0.923820,1,0.923820,1.232059,1.678395,2.459748,-2.078167,8.030152,8.365341,-0.398912,0.440064,2.386959,2.459748,0.552222,0.417832,0.321926,0.763655,0.692483,2.376000,-38.100002,-24.475000,NaN,1.792639,true,Self-supervised model,0.247502,17.703000,132.728076,7.497491,0.000000,0.000000,0.500889,3.221019,false,false
2026-04-17T14:33:23.531989,0.918371,-0.100192,2.207516,323.519,NW,1,0.923820,1,0.923820,1.454875,1.691455,2.624658,-1.738190,8.128315,8.501810,-0.055456,0.497505,2.576479,2.624658,0.963335,0.346971,0.304211,1.068151,1.023915,2.376000,-38.100002,-24.475000,NaN,1.790553,true,Self-supervised model,0.246586,17.713000,132.707533,7.492098,0.000000,0.000000,0.554310,2.457197,false,false
2026-04-17T14:33:23.538185,0.918371,-0.100192,2.206992,323.549,NW,1,0.923820,1,0.923820,1.618498,1.710536,2.477519,-1.520318,8.252813,8.264784,0.158833,0.570176,2.405779,2.477519,1.107499,0.174097,0.262672,1.151460,1.121099,2.376000,-38.100002,-24.475000,NaN,1.789366,true,Self-supervised model,0.245627,17.720000,132.677498,7.487443,0.000000,0.000000,0.653274,2.151634,false,false
2026-04-17T14:33:23.546746,0.918371,-0.100192,2.206577,323.572,NW,1,0.923820,1,0.923820,1.638279,1.729646,1.742127,-1.302446,8.542512,7.292738,0.359016,0.803250,1.503630,1.742127,1.171640,-0.294437,0.184481,1.222074,1.208070,2.376000,-38.100002,-24.475000,NaN,1.789391,true,Self-supervised model,0.240841,17.728000,132.653752,7.482725,0.000000,0.000000,0.940390,1.425549,false,false
2026-04-17T14:33:23.552735,0.918371,-0.100192,2.206527,323.575,NW,1,0.923820,1,0.923820,1.558913,1.744817,1.142240,-1.151611,8.755595,6.114791,0.477582,0.961153,0.390912,1.142240,1.144761,-0.598648,0.135612,1.298941,1.291843,2.376000,-38.100002,-24.475000,NaN,1.790799,true,Self-supervised model,0.233966,17.734000,132.650896,7.480032,0.000000,0.000000,1.364786,0.879362,false,false
2026-04-17T14:33:23.561186,0.918371,-0.100192,2.206936,323.552,NW,1,0.923820,1,0.923820,1.505660,1.757250,1.226086,-0.926556,8.822633,5.334281,0.663839,0.976652,-0.329782,1.226086,1.065349,-0.729984,0.087965,1.294443,1.291451,2.376000,-38.100002,-24.475000,NaN,1.793042,true,Self-supervised model,0.235245,17.743000,132.674313,7.477558,0.000000,0.000000,1.228022,0.947192,false,false
2026-04-17T14:33:23.568931,0.918371,-0.100192,2.207787,323.503,NW,1,0.923820,1,0.923820,1.526232,1.770010,1.634230,-0.735020,8.678981,4.436456,0.818355,0.787824,-1.174877,1.634230,0.935235,-0.729984,0.025656,1.186676,1.186398,2.376000,-38.100002,-24.475000,NaN,1.795660,true,Self-supervised model,0.239903,17.750000,132.723045,7.477355,0.000000,0.000000,0.933915,1.377150,false,false
2026-04-17T14:33:23.576910,0.918371,-0.100192,2.209040,323.431,NW,1,0.923820,1,0.923820,1.630832,1.786443,2.179987,-0.754174,8.559271,3.629610,0.769088,0.632300,-1.939341,2.179987,0.738536,-0.654237,-0.041539,0.987515,0.986641,2.376000,-38.100002,-24.475000,NaN,1.798523,true,Self-supervised model,0.244642,17.758000,132.794837,7.478029,0.000000,0.000000,0.748093,2.207547,false,false
2026-04-17T14:33:23.585258,0.918371,-0.100192,2.210647,323.339,NW,1,0.923820,1,0.923820,1.757548,1.807287,2.422807,-0.995988,8.547300,3.248932,0.507085,0.597305,-2.292615,2.422807,0.440434,-0.519235,-0.102625,0.688563,0.680873,2.376000,-38.100002,-24.475000,NaN,1.801547,true,Self-supervised model,0.248064,17.767000,132.886925,7.479424,0.000000,0.000000,0.725418,3.518641,false,false
2026-04-17T14:33:23.592692,0.918371,-0.100192,2.212531,323.231,NW,1,0.923820,1,0.923820,1.859011,1.831356,2.391689,-1.302446,8.403648,3.189077,0.189529,0.444528,-2.342360,2.391689,0.102014,-0.348804,-0.138056,0.388755,0.363416,2.376000,-38.100002,-24.475000,NaN,1.804541,true,Self-supervised model,0.250623,17.774000,132.994894,7.482553,0.000000,0.000000,0.777279,6.152174,false,false
2026-04-17T14:33:23.601374,0.918371,-0.100192,2.214519,323.117,NW,1,0.923820,1,0.923820,1.932345,1.857395,2.317349,-1.611298,8.420407,3.270479,-0.121124,0.465123,-2.266958,2.317349,-0.224798,-0.186314,-0.156992,0.331502,0.291971,2.376000,-38.100002,-24.475000,NaN,1.806942,true,Self-supervised model,0.251032,17.783000,133.108793,7.485171,0.000000,0.000000,0.833860,6.990447,false,false
2026-04-17T14:33:23.609130,0.918371,-0.100192,2.216451,323.007,NW,1,0.923820,1,0.923820,1.944603,1.882884,2.008956,-1.900996,8.209718,3.610456,-0.407087,0.270246,-1.948628,2.008956,-0.481362,-0.066584,-0.122173,0.501068,0.485945,2.376000,-38.100002,-24.475000,NaN,1.808650,true,Self-supervised model,0.246526,17.791000,133.219477,7.488026,0.000000,0.000000,0.967967,4.009349,false,false
2026-04-17T14:33:23.616942,0.918371,-0.100192,2.218114,322.911,NW,1,0.923820,1,0.923820,1.866178,1.904215,1.454449,-2.078167,7.752425,4.268862,-0.577896,-0.161440,-1.324914,1.454449,-0.690889,0.065973,-0.044593,0.695462,0.694031,2.376000,-38.100002,-24.475000,NaN,1.809236,true,Self-supervised model,0.239614,17.798000,133.314743,7.490434,0.000000,0.000000,1.283082,2.091341,false,false
2026-04-17T14:33:23.624699,0.918371,-0.100192,2.219249,322.846,NW,1,0.923820,1,0.923820,1.707166,1.918333,0.872353,-2.015918,7.424419,5.099649,-0.511993,-0.457448,-0.538150,0.872353,-0.817338,0.069639,0.050702,0.821864,0.820299,2.376000,-38.100002,-24.475000,NaN,1.808261,true,Self-supervised model,0.229207,17.806000,133.379786,7.490721,0.000000,0.000000,1.956967,1.061432,false,false
2026-04-17T14:33:23.632922,0.918371,-0.100192,2.219627,322.825,NW,1,0.923820,1,0.923820,1.541516,1.925261,0.671851,-1.735796,7.223307,5.770026,-0.238158,-0.622962,0.081130,0.671851,-0.886976,-0.083689,0.145997,0.902799,0.890916,2.376000,-38.100002,-24.475000,NaN,1.805612,true,Self-supervised model,0.224168,17.814000,133.401463,7.488574,0.000000,0.000000,2.294432,0.744186,false,false
2026-04-17T14:33:23.640991,0.918371,-0.100192,2.219106,322.855,NW,1,0.923820,1,0.923820,1.463763,1.928801,1.055560,-1.312023,7.343017,6.677429,0.164716,-0.466324,0.932533,1.055560,-0.892474,-0.290772,0.219911,0.964064,0.938647,2.376000,-38.100002,-24.475000,NaN,1.801491,true,Self-supervised model,0.233940,17.822000,133.371580,7.483536,0.000000,0.000000,1.386717,1.094907,false,false
2026-04-17T14:33:23.649087,0.918371,-0.100192,2.217632,322.939,NW,1,0.923820,1,0.923820,1.544108,1.935413,1.965922,-0.656011,7.548918,7.592013,0.783022,-0.224570,1.789216,1.965922,-0.836885,-0.557720,0.282831,1.044711,1.005698,2.376000,-38.100002,-24.475000,NaN,1.796206,true,Self-supervised model,0.242337,17.831000,133.287110,7.475022,0.000000,0.000000,0.785437,1.881785,false,false
2026-04-17T14:33:23.656615,0.918371,-0.100192,2.215234,323.076,NW,1,0.923820,1,0.923820,1.756290,1.950248,2.870243,0.270545,7.520187,8.190564,1.658611,-0.220731,2.332078,2.870243,-0.721432,-0.769690,0.282831,1.092191,1.054935,2.376000,-38.100002,-24.475000,NaN,1.790115,true,Self-supervised model,0.246335,17.838000,133.149742,7.464387,0.000000,0.000000,0.611896,2.627970,false,false
2026-04-17T14:33:23.664987,0.918371,-0.100192,2.212091,323.257,NW,1,0.923820,1,0.923820,2.034156,1.975604,3.492950,1.134852,7.295133,8.346188,2.465523,-0.418498,2.438598,3.492950,-0.562607,-0.852157,0.216857,1.043899,1.021126,2.376000,-38.100002,-24.475000,NaN,1.783991,true,Self-supervised model,0.249479,17.846000,132.969663,7.450951,0.000000,0.000000,0.582360,3.346062,false,false
2026-04-17T14:33:23.673925,0.918371,-0.100192,2.208499,323.462,NW,1,0.923820,1,0.923820,2.342318,2.012273,3.960169,1.891419,6.993463,8.216900,3.169003,-0.698769,2.269821,3.960169,-0.400117,-0.800233,0.110567,0.901494,0.894688,2.376000,-38.100002,-24.475000,NaN,1.778601,true,Self-supervised model,0.252783,17.855000,132.763835,7.435667,0.000000,0.000000,0.591469,4.392894,false,false
2026-04-17T14:33:23.681663,0.918371,-0.100192,2.204856,323.671,NW,1,0.923820,1,0.923820,2.610223,2.058191,4.016728,2.142811,6.837840,7.975086,3.379882,-0.840186,2.001146,4.016728,-0.195477,-0.618196,-0.024435,0.648825,0.648365,4.115000,-39.519001,-22.127001,NaN,1.774759,true,Self-supervised model,0.255747,17.863000,132.555151,7.420654,0.000000,0.000000,0.649838,6.190770,false,false
2026-04-17T14:33:23.688569,0.918371,-0.100192,2.201566,323.860,NW,1,0.923820,1,0.923820,2.768208,2.108592,3.597626,1.814805,6.746861,7.694964,3.027806,-0.925289,1.708550,3.597626,0.028711,-0.379347,-0.138666,0.404916,0.380432,4.115000,-39.519001,-22.127001,NaN,1.772878,true,Self-supervised model,0.257406,17.870000,132.366648,7.407199,0.000000,0.000000,0.769454,8.884868,false,false
2026-04-17T14:33:23.696862,0.918371,-0.100192,2.198941,324.010,NW,1,0.923820,1,0.923820,2.804691,2.158436,2.996230,1.295263,6.708553,7.321469,2.500094,-0.967411,1.338297,2.996230,0.285885,-0.101404,-0.202196,0.364549,0.303336,4.115000,-39.519001,-22.127001,NaN,1.772908,true,Self-supervised model,0.255618,17.878000,132.216196,7.395469,0.000000,0.000000,0.936073,8.218996,false,false
2026-04-17T14:33:23.705176,0.918371,-0.100192,2.197149,324.113,NW,1,0.923820,1,0.923820,2.708012,2.202419,2.200445,0.588974,6.706159,6.773197,1.795985,-0.982546,0.806847,2.200445,0.434325,0.042761,-0.208916,0.483852,0.436425,4.115000,-39.519001,-22.127001,NaN,1.774452,true,Self-supervised model,0.248336,17.887000,132.113524,7.386008,0.000000,0.000000,1.230666,4.547766,false,false
2026-04-17T14:33:23.714074,0.918371,-0.100192,2.196154,324.170,NW,1,0.923820,1,0.923820,2.512239,2.236812,1.484433,-0.119710,6.737284,6.181829,1.095202,-0.971961,0.243653,1.484433,0.594983,0.178373,-0.182649,0.647443,0.621145,4.115000,-39.519001,-22.127001,NaN,1.776645,true,Self-supervised model,0.239089,17.896000,132.056520,7.379108,0.000000,0.000000,1.692390,2.292764,false,false
2026-04-17T14:33:23.720822,0.918371,-0.100192,2.195826,324.188,NW,1,0.923820,1,0.923820,2.287517,2.260840,1.107723,-0.620098,6.847417,5.631162,0.604187,-0.888050,-0.270878,1.107723,0.687223,0.200364,-0.140499,0.729494,0.715836,4.115000,-39.519001,-22.127001,NaN,1.778988,true,Self-supervised model,0.232441,17.902000,132.037760,7.375587,0.000000,0.000000,2.065062,1.518481,false,false
2026-04-17T14:33:23.730241,0.918371,-0.100192,2.196024,324.177,NW,1,0.923820,1,0.923820,2.123259,2.277337,1.260904,-1.039083,6.986280,4.888960,0.192310,-0.778346,-0.973177,1.260904,0.687834,0.109345,-0.092852,0.702633,0.696471,4.115000,-39.519001,-22.127001,NaN,1.781289,true,Self-supervised model,0.236105,17.912000,132.049114,7.372103,0.000000,0.000000,1.683918,1.794541,false,false
2026-04-17T14:33:23.737843,0.918371,-0.100192,2.196635,324.142,NW,1,0.923820,1,0.923820,2.050906,2.290279,1.671052,-1.209072,7.268796,4.237737,0.022930,-0.524165,-1.586550,1.671052,0.620028,-0.031765,-0.056200,0.623380,0.620841,4.115000,-39.519001,-22.127001,NaN,1.783547,true,Self-supervised model,0.241937,17.919000,132.084082,7.371175,0.000000,0.000000,1.227314,2.680633,false,false
2026-04-17T14:33:23.746936,0.918371,-0.100192,2.197512,324.092,NW,1,0.923820,1,0.923820,2.044561,2.302451,2.011250,-1.213860,7.572860,3.797204,0.009773,-0.244305,-1.996333,2.011250,0.486860,-0.227853,-0.018937,0.537873,0.537540,4.115000,-39.519001,-22.127001,NaN,1.785493,true,Self-supervised model,0.245573,17.928000,132.134350,7.370278,0.000000,0.000000,1.016562,3.739263,false,false
2026-04-17T14:33:23.752969,0.918371,-0.100192,2.198500,324.035,NW,1,0.923820,1,0.923820,2.056481,2.314612,2.119062,-1.065420,7.735666,3.660734,0.140356,-0.099597,-2.112061,2.119062,0.326202,-0.419664,0.005498,0.531560,0.531532,4.115000,-39.519001,-22.127001,NaN,1.786922,true,Self-supervised model,0.246137,17.934000,132.190937,7.370968,0.000000,0.000000,0.970468,3.986494,false,false
2026-04-17T14:33:23.760887,0.918371,-0.100192,2.199456,323.980,NW,1,0.923820,1,0.923820,2.075205,2.327035,2.173507,-0.725443,7.759608,3.639187,0.455207,-0.086895,-2.123527,2.173507,0.185092,-0.565050,0.001222,0.594594,0.594593,4.115000,-39.519001,-22.127001,NaN,1.787750,true,Self-supervised model,0.246032,17.942000,132.245701,7.370734,0.000000,0.000000,0.954773,3.655445,false,false
2026-04-17T14:33:23.769360,0.918371,-0.100192,2.200305,323.932,NW,1,0.923820,1,0.923820,2.094760,2.339744,2.197425,-0.313640,7.644686,3.742137,0.837337,-0.205774,-2.021188,2.197425,0.039095,-0.688445,-0.030543,0.690230,0.689554,4.115000,-39.519001,-22.127001,NaN,1.788175,true,Self-supervised model,0.245525,17.951000,132.294386,7.369750,0.000000,0.000000,0.953279,3.183611,false,false
2026-04-17T14:33:23.777354,0.918371,-0.100192,2.201059,323.889,NW,1,0.923820,1,0.923820,2.120170,2.352961,2.253569,0.000000,7.584831,3.835511,1.121204,-0.263139,-1.937068,2.253569,-0.087965,-0.740369,-0.088575,0.750819,0.745576,4.115000,-39.519001,-22.127001,NaN,1.788546,true,Self-supervised model,0.245477,17.959000,132.337579,7.368872,0.000000,0.000000,0.940805,3.001481,false,false
2026-04-17T14:33:23.785168,0.918371,-0.100192,2.201804,323.846,NW,1,0.923820,1,0.923820,2.135534,2.366264,2.216199,0.131681,7.627927,3.955221,1.226938,-0.211906,-1.833373,2.216199,-0.191812,-0.720210,-0.151495,0.760556,0.745315,4.115000,-39.519001,-22.127001,NaN,1.789255,true,Self-supervised model,0.245183,17.967000,132.380255,7.367967,0.000000,0.000000,0.963602,2.913920,false,false
2026-04-17T14:33:23.792605,0.918371,-0.100192,2.202654,323.797,NW,1,0.923820,1,0.923820,2.121960,2.378492,2.050695,0.122104,7.805098,4.144363,1.196363,-0.021966,-1.665408,2.050695,-0.270613,-0.674395,-0.192423,0.751709,0.726664,4.115000,-39.519001,-22.127001,NaN,1.790527,true,Self-supervised model,0.243978,17.974000,132.428974,7.367808,0.000000,0.000000,1.034752,2.728043,false,false
2026-04-17T14:33:23.801298,0.918371,-0.100192,2.203680,323.738,NW,1,0.923820,1,0.923820,2.084248,2.388722,1.886257,0.081403,7.948750,4.338294,1.139531,0.138316,-1.496764,1.886257,-0.347582,-0.613309,-0.234572,0.742957,0.704955,4.115000,-39.519001,-22.127001,NaN,1.792257,true,Self-supervised model,0.242672,17.983000,132.487775,7.367390,0.000000,0.000000,1.104965,2.538851,false,false
2026-04-17T14:33:23.809294,0.918371,-0.100192,2.204916,323.668,NW,1,0.923820,1,0.923820,2.009447,2.395551,1.616746,-0.045490,8.061277,4.623203,1.000596,0.270846,-1.240692,1.616746,-0.412945,-0.572992,-0.268781,0.755702,0.706288,4.115000,-39.519001,-22.127001,NaN,1.794329,true,Self-supervised model,0.239884,17.991000,132.558557,7.368048,0.000000,0.000000,1.242896,2.139395,false,false
2026-04-17T14:33:23.817131,0.918371,-0.100192,2.206376,323.584,NW,1,0.923820,1,0.923820,1.906935,2.398007,1.368748,-0.215478,8.152257,4.869806,0.821294,0.384202,-1.025346,1.368748,-0.459982,-0.547335,-0.303600,0.776744,0.714954,4.115000,-39.519001,-22.127001,NaN,1.796690,true,Self-supervised model,0.236857,17.999000,132.642239,7.369423,0.000000,0.000000,1.393197,1.762160,false,false
2026-04-17T14:33:23.824824,0.918371,-0.100192,2.208065,323.487,NW,1,0.923820,1,0.923820,1.774209,2.395055,1.077396,-0.442927,8.178593,5.121197,0.580376,0.428672,-0.800117,1.077396,-0.485638,-0.521679,-0.328035,0.784602,0.712736,4.115000,-39.519001,-22.127001,NaN,1.799289,true,Self-supervised model,0.232514,18.006000,132.738962,7.371929,0.000000,0.000000,1.646756,1.373176,false,false
2026-04-17T14:33:23.833161,0.918371,-0.100192,2.209847,323.385,NW,1,0.923820,1,0.923820,1.625761,2.386283,0.846411,-0.689530,8.166622,5.293580,0.321998,0.433550,-0.651738,0.846411,-0.497855,-0.475253,-0.354913,0.774395,0.688277,4.115000,-39.519001,-22.127001,NaN,1.801450,true,Self-supervised model,0.228366,18.015000,132.841109,7.373917,0.000000,0.000000,1.920771,1.092995,false,false
2026-04-17T14:33:23.841903,0.918371,-0.100192,2.211737,323.277,NW,1,0.923820,1,0.923820,1.472440,2.371729,0.667502,-0.952892,8.145074,5.456386,0.050117,0.427365,-0.510301,0.667502,-0.497855,-0.414167,-0.375071,0.748380,0.647606,-0.374000,-40.437000,-21.924002,NaN,1.803767,true,Self-supervised model,0.224312,18.023000,132.949373,7.376651,0.000000,0.000000,2.205895,0.891930,false,false
2026-04-17T14:33:23.849375,0.918371,-0.100192,2.213761,323.161,NW,1,0.923820,1,0.923820,1.334792,2.352252,0.612143,-1.211466,8.116343,5.585672,-0.213405,0.412087,-0.399200,0.612143,-0.488081,-0.356134,-0.382402,0.715043,0.604198,-0.374000,-40.437000,-21.924002,NaN,1.806330,true,Self-supervised model,0.223733,18.031000,133.065358,7.379810,0.000000,0.000000,2.180524,0.856093,false,false
2026-04-17T14:33:23.857045,0.918371,-0.100192,2.215941,323.036,NW,1,0.923820,1,0.923820,1.224567,2.329145,0.645885,-1.489193,8.006210,5.724536,-0.492134,0.314159,-0.276181,0.645885,-0.475864,-0.318872,-0.378736,0.686707,0.572823,-0.374000,-40.437000,-21.924002,NaN,1.809132,true,Self-supervised model,0.226242,18.038000,133.190257,7.383871,0.000000,0.000000,1.895953,0.940553,false,false
2026-04-17T14:33:23.865060,0.918371,-0.100192,2.218302,322.901,NW,1,0.923820,1,0.923820,1.158446,2.304317,0.811310,-1.764527,7.884106,5.834670,-0.764560,0.203251,-0.179890,0.811310,-0.452040,-0.284052,-0.354913,0.641084,0.533878,-0.374000,-40.437000,-21.924002,NaN,1.812218,true,Self-supervised model,0.231679,18.046000,133.325533,7.388093,0.000000,0.000000,1.427871,1.265527,false,false
2026-04-17T14:33:23.873761,0.918371,-0.100192,2.220858,322.754,NW,1,0.923820,1,0.923820,1.122017,2.279025,0.930765,-1.927332,7.797915,6.028600,-0.922067,0.126923,0.002348,0.930765,-0.414167,-0.276111,-0.316428,0.589829,0.497766,-0.374000,-40.437000,-21.924002,NaN,1.815554,true,Self-supervised model,0.234492,18.055000,133.471982,7.392522,0.000000,0.000000,1.205479,1.578025,false,false
2026-04-17T14:33:23.880852,0.918371,-0.100192,2.223590,322.598,NW,1,0.923820,1,0.923820,1.101071,2.253906,0.991102,-1.984793,7.730877,6.210559,-0.973163,0.068100,0.174928,0.991102,-0.356745,-0.294437,-0.271835,0.536521,0.462559,-0.374000,-40.437000,-21.924002,NaN,1.818988,true,Self-supervised model,0.235689,18.062000,133.628496,7.398322,0.000000,0.000000,1.110955,1.847276,false,false
2026-04-17T14:33:23.888872,0.918371,-0.100192,2.226476,322.432,NW,1,0.923820,1,0.923820,1.090118,2.229355,1.032616,-2.015918,7.654263,6.308722,-0.997738,-0.002134,0.266099,1.032616,-0.289550,-0.324980,-0.230907,0.492717,0.435260,-0.374000,-40.437000,-21.924002,NaN,1.822493,true,Self-supervised model,0.236729,18.070000,133.793876,7.404199,0.000000,0.000000,1.055686,2.095760,false,false
2026-04-17T14:33:23.896965,0.918371,-0.100192,2.229501,322.259,NW,1,0.923820,1,0.923820,1.069854,2.204975,0.963471,-1.951274,7.551312,6.287174,-0.927570,-0.100926,0.240218,0.963471,-0.205251,-0.361632,-0.178984,0.452704,0.415819,-0.374000,-40.437000,-21.924002,NaN,1.826072,true,Self-supervised model,0.235998,18.078000,133.967186,7.410509,0.000000,0.000000,1.110417,2.128258,false,false
2026-04-17T14:33:23.905365,0.918371,-0.100192,2.232631,322.080,NW,1,0.923820,1,0.923820,1.034419,2.180153,0.848381,-1.829170,7.558495,6.287174,-0.811942,-0.086674,0.230192,0.848381,-0.112399,-0.392175,-0.132558,0.428960,0.407965,-0.374000,-40.437000,-21.924002,NaN,1.829622,true,Self-supervised model,0.234348,18.087000,134.146511,7.416736,0.000000,0.000000,1.219286,1.977762,false,false
2026-04-17T14:33:23.913180,0.918371,-0.100192,2.235526,321.914,NW,1,0.923820,1,0.923820,0.957359,2.153241,0.552796,-1.546654,7.587225,6.167464,-0.539955,-0.054946,0.104943,0.552796,-0.034819,-0.426384,-0.091019,0.437379,0.427803,-0.374000,-40.437000,-21.924002,NaN,1.831580,true,Self-supervised model,0.227265,18.095000,134.312417,7.422626,0.000000,0.000000,1.731848,1.263885,false,false
2026-04-17T14:33:23.920949,0.918371,-0.100192,2.238165,321.763,NW,1,0.923820,1,0.923820,0.848344,2.123045,0.276012,-1.242591,7.671022,5.949591,-0.249443,0.028464,-0.114676,0.276012,0.018326,-0.440434,-0.071471,0.446571,0.440815,-0.374000,-40.437000,-21.924002,NaN,1.833191,true,Self-supervised model,0.213163,18.102000,134.463598,7.428107,0.000000,0.000000,3.073569,0.618070,false,false
2026-04-17T14:33:23.929300,0.918371,-0.100192,2.240553,321.626,NW,1,0.923820,1,0.923820,0.777043,2.091205,0.402716,-1.007959,7.723695,5.669470,-0.028735,0.078640,-0.393916,0.402716,0.050091,-0.420886,-0.072693,0.430045,0.423856,-0.374000,-40.437000,-21.924002,NaN,1.834577,true,Self-supervised model,0.224192,18.111000,134.600429,7.431971,0.000000,0.000000,1.929508,0.936450,false,false
2026-04-17T14:33:23.937126,0.918371,-0.100192,2.242732,321.501,NW,1,0.923820,1,0.923820,0.745186,2.059364,0.577939,-0.835576,7.735666,5.499481,0.140474,0.082732,-0.554469,0.577939,0.050702,-0.379958,-0.094073,0.394701,0.383326,-0.374000,-40.437000,-21.924002,NaN,1.835917,true,Self-supervised model,0.231754,18.119000,134.725252,7.435579,0.000000,0.000000,1.289387,1.464245,false,false
2026-04-17T14:33:23.945936,0.918371,-0.100192,2.245018,321.370,NW,1,0.923820,1,0.923820,0.736865,2.028464,0.693180,-0.790087,7.726089,5.379771,0.184386,0.065680,-0.664971,0.693180,0.027489,-0.329256,-0.122784,0.352479,0.330402,-0.374000,-40.437000,-21.924002,NaN,1.838635,true,Self-supervised model,0.235080,18.127000,134.856248,7.439524,0.000000,0.000000,1.063022,1.966586,false,false
2026-04-17T14:33:23.953287,0.918371,-0.100192,2.247394,321.234,NW,1,0.923820,1,0.923820,0.741869,1.999000,0.768136,-0.837971,7.682993,5.281609,0.137904,0.016720,-0.755470,0.768136,-0.012828,-0.269392,-0.156992,0.312062,0.269697,-0.374000,-40.437000,-21.924002,NaN,1.841370,true,Self-supervised model,0.236699,18.135000,134.992385,7.443749,0.000000,0.000000,0.965804,2.461480,false,false
2026-04-17T14:33:23.960942,0.918371,-0.100192,2.249868,321.092,NW,1,0.923820,1,0.923820,0.745340,1.970854,0.763563,-0.986411,7.594408,5.272032,-0.005640,-0.075359,-0.759814,0.763563,-0.061087,-0.204640,-0.175318,0.276307,0.213563,-0.374000,-40.437000,-21.924002,NaN,1.844233,true,Self-supervised model,0.236933,18.142000,135.134100,7.448688,0.000000,0.000000,0.976134,2.763459,false,false
2026-04-17T14:33:23.969383,0.918371,-0.100192,2.252437,320.945,NW,1,0.923820,1,0.923820,0.732933,1.943337,0.667800,-1.127669,7.565677,5.384560,-0.138839,-0.105088,-0.644700,0.667800,-0.108734,-0.142332,-0.178373,0.252781,0.179113,-0.374000,-40.437000,-21.924002,NaN,1.847187,true,Self-supervised model,0.235502,18.151000,135.281324,7.453106,0.000000,0.000000,1.097534,2.641815,false,false
2026-04-17T14:33:23.977090,0.918371,-0.100192,2.255078,320.794,NW,1,0.923820,1,0.923820,0.710643,1.916029,0.593621,-1.307234,7.541735,5.537788,-0.308024,-0.128026,-0.491036,0.593621,-0.138666,-0.092852,-0.158214,0.229960,0.166883,-0.374000,-40.437000,-21.924002,NaN,1.850111,true,Self-supervised model,0.234005,18.159000,135.432608,7.458153,0.000000,0.000000,1.197133,2.581413,false,false
2026-04-17T14:33:23.985113,0.918371,-0.100192,2.257738,320.641,NW,1,0.923820,1,0.923820,0.684774,1.888779,0.548960,-1.426944,7.496245,5.714960,-0.415778,-0.171056,-0.315001,0.548960,-0.155771,-0.036652,-0.122173,0.201331,0.160025,-0.374000,-40.437000,-21.924002,NaN,1.852850,true,Self-supervised model,0.233517,18.167000,135.585024,7.463259,0.000000,0.000000,1.247403,2.726654,false,false
2026-04-17T14:33:23.992733,0.918371,-0.100192,2.260339,320.492,NW,1,0.923820,1,0.923820,0.663785,1.861779,0.553593,-1.561020,7.565677,5.940014,-0.536983,-0.098637,-0.091571,0.553593,-0.152105,0.010996,-0.072693,0.168942,0.152502,-0.374000,-40.437000,-21.924002,NaN,1.855214,true,Self-supervised model,0.234207,18.174000,135.734049,7.468584,0.000000,0.000000,1.199049,3.276831,false,false
2026-04-17T14:33:24.003449,0.918371,-0.100192,2.262808,320.351,NW,1,0.923820,1,0.923820,0.646695,1.835176,0.556972,-1.592144,7.625533,6.062119,-0.554999,-0.036292,0.029611,0.556972,-0.128893,0.051313,-0.017104,0.139781,0.138731,0.088000,-41.198002,-21.430000,NaN,1.857158,true,Self-supervised model,0.235387,18.185000,135.875545,7.471847,0.000000,0.000000,1.161091,3.984591,false,false
2026-04-17T14:33:24.009216,0.918371,-0.100192,2.265081,320.220,NW,1,0.923820,1,0.923820,0.624989,1.808769,0.511032,-1.553837,7.704541,6.102820,-0.504172,0.043903,0.070969,0.511032,-0.095906,0.086132,0.036652,0.134015,0.128906,0.088000,-41.198002,-21.430000,NaN,1.858644,true,Self-supervised model,0.233809,18.191000,136.005777,7.476542,0.000000,0.000000,1.222994,3.813244,false,false
2026-04-17T14:33:24.016879,0.918371,-0.100192,2.267091,320.105,NW,1,0.923820,1,0.923820,0.597587,1.782321,0.453728,-1.438915,7.908048,6.081272,-0.377389,0.246254,0.052967,0.453728,-0.051313,0.138056,0.092852,0.174108,0.147283,0.088000,-41.198002,-21.430000,NaN,1.859600,true,Self-supervised model,0.232341,18.198000,136.120908,7.479993,0.000000,0.000000,1.317059,2.606011,false,false
2026-04-17T14:33:24.024890,0.918371,-0.100192,2.268779,320.009,NW,1,0.923820,1,0.923820,0.579000,1.756188,0.481417,-1.276109,8.101978,6.014235,-0.203252,0.436347,-0.007184,0.481417,-0.014050,0.190590,0.130114,0.231196,0.191107,0.088000,-41.198002,-21.430000,NaN,1.860005,true,Self-supervised model,0.233399,18.206000,136.217655,7.482020,0.000000,0.000000,1.202700,2.082287,false,false
2026-04-17T14:33:24.033406,0.918371,-0.100192,2.270110,319.932,NW,1,0.923820,1,0.923820,0.580630,1.731166,0.589191,-1.115698,8.257602,5.963956,-0.032611,0.586294,-0.048393,0.589191,0.006720,0.243124,0.140499,0.280882,0.243217,0.088000,-41.198002,-21.430000,NaN,1.859904,true,Self-supervised model,0.236087,18.215000,136.293895,7.482509,0.000000,0.000000,0.985471,2.097646,false,false
2026-04-17T14:33:24.041135,0.918371,-0.100192,2.271056,319.878,NW,1,0.923820,1,0.923820,0.615878,1.708555,0.800931,-1.086968,8.475474,5.930438,0.006255,0.797682,-0.071791,0.800931,0.012828,0.280387,0.131336,0.309888,0.280680,0.088000,-41.198002,-21.430000,NaN,1.859312,true,Self-supervised model,0.239417,18.223000,136.348105,7.482199,0.000000,0.000000,0.768953,2.584580,false,false
2026-04-17T14:33:24.049096,0.918371,-0.100192,2.271651,319.844,NW,1,0.923820,1,0.923820,0.658605,1.688557,0.882919,-1.120486,8.566454,5.959168,-0.015836,0.882173,-0.032656,0.882919,0.003054,0.315206,0.107512,0.333052,0.315221,0.088000,-41.198002,-21.430000,NaN,1.858500,true,Self-supervised model,0.240191,18.231000,136.382172,7.480784,0.000000,0.000000,0.745941,2.650997,false,false
2026-04-17T14:33:24.057129,0.918371,-0.100192,2.271967,319.826,NW,1,0.923820,1,0.923820,0.692111,1.670699,0.868021,-1.201889,8.547300,6.086061,-0.084570,0.857675,0.103448,0.868021,-0.010385,0.321926,0.077580,0.331305,0.322093,0.088000,-41.198002,-21.430000,NaN,1.857705,true,Self-supervised model,0.239952,18.239000,136.400314,7.478497,0.000000,0.000000,0.797344,2.620007,false,false
2026-04-17T14:33:24.065204,0.918371,-0.100192,2.272092,319.819,NW,1,0.923820,1,0.923820,0.713487,1.654410,0.825706,-1.290475,8.475474,6.186617,-0.159982,0.781968,0.211475,0.825706,-0.018937,0.314596,0.061697,0.321147,0.315165,0.088000,-41.198002,-21.430000,NaN,1.857060,true,Self-supervised model,0.239390,18.247000,136.407438,7.475609,0.000000,0.000000,0.864093,2.571112,false,false
2026-04-17T14:33:24.073927,0.918371,-0.100192,2.272093,319.819,NW,1,0.923820,1,0.923820,0.723880,1.639189,0.778446,-1.326388,8.389283,6.272809,-0.183446,0.692829,0.303832,0.778446,-0.014661,0.302378,0.060476,0.308715,0.302734,0.088000,-41.198002,-21.430000,NaN,1.856572,true,Self-supervised model,0.238747,18.255000,136.407539,7.472338,0.000000,0.000000,0.929904,2.521570,false,false
