timestamp,position_x,position_y,heading_radians,heading_degrees,heading_label,steps,last_step_length_m,crossings,distance_m,filtered_accel,active_threshold,motion_magnitude,accel_x,accel_y,accel_z,user_accel_x,user_accel_y,user_accel_z,user_accel_magnitude,gyro_x,gyro_y,gyro_z,gyro_magnitude,tilt_gyro_magnitude,mag_x,mag_y,mag_z,geomagnetic_rotation_azimuth,game_rotation_azimuth,activity_recognition_granted,step_source,step_confidence,seconds_since_prev_step,heading_change_since_prev_step,heading_change_rate_since_prev_step,recent_step_interval_mean,recent_step_interval_std,filtered_to_user_accel_ratio,accel_to_gyro_ratio,phone_flat,imu_step_detected
2026-04-17T14:47:29.773224,0.000000,0.000000,0.000000,90.000,E,0,0.000000,0,0.000000,0.533011,1.100000,0.533011,-1.948880,10.120291,0.830788,-0.100453,0.521712,0.042737,0.533011,0.136834,-0.669508,-0.364687,0.774572,0.683348,-4.566000,-28.558001,15.326001,NaN,-2.101994,true,Self-supervised model,0.148227,0.000000,0.000000,0.000000,0.000000,0.000000,1.000000,0.688137,false,false
2026-04-17T14:47:29.778092,0.000000,0.000000,0.554597,58.224,NE,0,0.000000,0,0.000000,0.553045,1.100000,0.658222,-1.865083,9.040505,1.206678,-0.002500,-0.550424,0.360948,0.658222,0.136834,-0.669508,-0.364687,0.774572,0.683348,-4.566000,-28.558001,15.326001,NaN,0.670989,true,Self-supervised model,0.092129,0.000000,0.000000,0.000000,0.000000,0.000000,0.840211,0.849788,false,false
2026-04-17T14:47:29.787864,0.000000,0.000000,0.994880,32.998,NE,0,0.000000,0,0.000000,0.744553,1.100000,1.749970,-1.927332,8.056489,1.874660,-0.022421,-1.511909,0.880924,1.749970,0.136834,-0.669508,-0.364687,0.774572,0.683348,-4.566000,-28.558001,15.326001,NaN,0.654018,true,Self-supervised model,0.097710,0.000000,0.000000,0.000000,0.000000,0.000000,0.425466,2.259275,false,false
2026-04-17T14:47:29.795267,0.000000,0.000000,1.337580,13.362,N,0,0.000000,0,0.000000,1.017078,1.111236,2.447832,-2.255338,7.587225,2.703054,-0.265827,-1.936460,1.473547,2.447832,0.136834,-0.669508,-0.364687,0.774572,0.683348,-4.566000,-28.558001,15.326001,NaN,0.606387,true,Self-supervised model,0.100741,0.000000,0.000000,0.000000,0.000000,0.000000,0.415501,3.160239,false,false
2026-04-17T14:47:29.803743,0.000000,0.000000,1.598734,358.399,N,0,0.000000,0,0.000000,1.340306,1.142399,3.037252,-2.707842,7.577648,3.945644,-0.585571,-1.859178,2.329263,3.037252,0.136834,-0.669508,-0.364687,0.774572,0.683348,-4.566000,-28.558001,15.326001,NaN,0.541356,true,Self-supervised model,0.109617,0.000000,0.000000,0.000000,0.000000,0.000000,0.441289,3.921203,false,false
2026-04-17T14:47:29.811663,0.000000,0.000000,1.789930,347.445,N,0,0.000000,0,0.000000,1.703258,1.186833,3.608757,-3.193865,7.852982,5.305551,-0.910599,-1.444139,3.179371,3.608757,0.136834,-0.669508,-0.364687,0.774572,0.683348,-4.566000,-28.558001,15.326001,NaN,0.452718,true,Self-supervised model,0.118715,0.000000,0.000000,0.000000,0.000000,0.000000,0.471979,4.659036,false,false
2026-04-17T14:47:29.819886,0.000000,0.000000,1.925167,339.696,N,0,0.000000,0,0.000000,2.052394,1.243455,3.885360,-3.426103,8.034941,6.277597,-0.992960,-1.079314,3.597935,3.885360,0.136834,-0.669508,-0.364687,0.774572,0.683348,-4.566000,-28.558001,15.326001,NaN,0.364124,true,Self-supervised model,0.146658,0.000000,0.000000,0.000000,0.000000,0.000000,0.528238,5.016140,false,false
2026-04-17T14:47:29.827160,0.000000,0.000000,2.018816,334.330,NW,0,0.000000,0,0.000000,2.371392,1.310573,4.046129,-3.402161,8.113950,7.117962,-0.862564,-0.785460,3.874299,4.046129,0.136834,-0.669508,-0.364687,0.774572,0.683348,-4.566000,-28.558001,15.326001,NaN,0.291414,true,Self-supervised model,0.172825,0.000000,0.000000,0.000000,0.000000,0.000000,0.586089,5.223698,false,false
2026-04-17T14:47:29.835052,0.000000,0.000000,2.081536,330.737,NW,0,0.000000,0,0.000000,2.594101,1.383914,3.763324,-3.208230,8.068460,7.410054,-0.612320,-0.613952,3.662067,3.763324,0.136834,-0.669508,-0.364687,0.774572,0.683348,-4.566000,-28.558001,15.326001,NaN,0.230423,true,Self-supervised model,0.228045,0.000000,0.000000,0.000000,0.000000,0.000000,0.689311,4.858587,false,false
2026-04-17T14:47:29.843666,0.000000,0.000000,2.122444,328.393,NW,0,0.000000,0,0.000000,2.696879,1.458433,3.236464,-2.992752,8.058883,7.347805,-0.380212,-0.427584,3.185484,3.236464,0.136834,-0.669508,-0.364687,0.774572,0.683348,-4.566000,-28.558001,15.326001,NaN,0.184081,true,Self-supervised model,0.344453,0.000000,0.000000,0.000000,0.000000,0.000000,0.833279,4.178392,false,false
2026-04-17T14:47:29.849801,0.000000,0.000000,2.148476,326.901,NW,0,0.000000,0,0.000000,2.674918,1.529092,2.559623,-2.782062,8.190564,7.019799,-0.183591,-0.141963,2.549080,2.559623,0.136834,-0.669508,-0.364687,0.774572,0.683348,-4.566000,-28.558001,15.326001,NaN,0.150612,true,Self-supervised model,0.329022,0.000000,0.000000,0.000000,0.000000,0.000000,1.045044,3.304566,false,false
2026-04-17T14:47:29.857674,0.000000,0.000000,2.164700,325.972,NW,0,0.000000,0,0.000000,2.515321,1.590541,1.677435,-2.454057,8.406042,6.320693,0.096508,0.159301,1.667062,1.677435,0.136834,-0.669508,-0.364687,0.774572,0.683348,-4.566000,-28.558001,15.326001,NaN,0.127601,true,Self-supervised model,0.308653,0.000000,0.000000,0.000000,0.000000,0.000000,1.499504,2.165629,false,false
2026-04-17T14:47:29.865605,0.000000,0.000000,2.174669,325.401,NW,0,0.000000,0,0.000000,2.290930,1.640557,1.112876,-1.960851,8.614338,5.659893,0.494555,0.389085,0.917890,1.112876,0.727540,-0.058032,0.604146,0.947457,0.729851,-4.566000,-28.558001,15.326001,NaN,0.112552,true,Self-supervised model,0.261590,0.000000,0.000000,0.000000,0.000000,0.000000,2.058566,1.174593,false,false
2026-04-17T14:47:29.875507,0.000000,0.000000,2.179918,325.100,NW,0,0.000000,0,0.000000,2.079531,1.680116,0.969688,-1.525106,8.760384,4.958392,0.802663,0.502319,0.209049,0.969688,0.963335,-0.297491,0.637743,1.192992,1.008223,-4.566000,-28.558001,15.326001,NaN,0.098917,true,Self-supervised model,0.253080,0.000000,0.000000,0.000000,0.000000,0.000000,2.144537,0.812820,false,false
2026-04-17T14:47:29.881566,0.000000,0.000000,2.180301,325.078,NW,0,0.000000,0,0.000000,1.936398,1.712367,1.184953,-1.154005,8.726865,4.259285,1.028141,0.397655,-0.434636,1.184953,1.066571,-0.434325,0.619417,1.307627,1.151613,-4.566000,-28.558001,15.326001,NaN,0.079840,true,Self-supervised model,0.266690,0.000000,0.000000,0.000000,0.000000,0.000000,1.634157,0.906185,false,false
2026-04-17T14:47:29.889339,0.000000,0.000000,2.177397,325.244,NW,0,0.000000,0,0.000000,1.892689,1.741580,1.663214,-0.814029,8.444349,3.445256,1.214423,0.014353,-1.136333,1.663214,1.111775,-0.499077,0.568105,1.344568,1.218655,-4.566000,-28.558001,15.326001,NaN,0.063787,true,Self-supervised model,0.300929,0.000000,0.000000,0.000000,0.000000,0.000000,1.137971,1.236987,false,false
2026-04-17T14:47:29.898316,0.000000,0.000000,2.172426,325.529,NW,0,0.000000,0,0.000000,1.933204,1.771245,2.145910,-0.627281,8.025364,2.772485,1.256675,-0.516631,-1.660960,2.145910,1.084897,-0.477697,0.490525,1.282891,1.185409,-4.566000,-28.558001,15.326001,NaN,0.050549,true,Self-supervised model,0.376714,0.000000,0.000000,0.000000,0.000000,0.000000,0.900879,1.672714,false,false
2026-04-17T14:47:29.908614,0.000000,0.000000,2.166485,325.870,NW,0,0.000000,0,0.000000,2.043940,1.804153,2.625304,-0.593762,7.517793,2.138022,1.131358,-1.177440,-2.055695,2.625304,1.084897,-0.477697,0.490525,1.282891,1.185409,-4.566000,-28.558001,15.326001,NaN,0.040724,true,Self-supervised model,0.446933,0.000000,0.000000,0.000000,0.000000,0.000000,0.778554,2.046396,false,false
2026-04-17T14:47:29.920914,0.000000,0.000000,2.161083,326.179,NW,0,0.000000,0,0.000000,2.161379,1.840442,2.777934,-0.677559,7.390901,1.807622,0.958298,-1.412511,-2.191665,2.777934,1.084897,-0.477697,0.490525,1.282891,1.185409,-4.566000,-28.558001,15.326001,NaN,0.037485,true,Self-supervised model,0.475231,0.000000,0.000000,0.000000,0.000000,0.000000,0.778053,2.165370,false,false
2026-04-17T14:47:29.924159,0.000000,0.000000,2.157059,326.410,NW,0,0.000000,0,0.000000,2.232971,1.878143,2.608828,-0.823605,7.654263,1.620875,0.746337,-1.256573,-2.161016,2.608828,1.084897,-0.477697,0.490525,1.282891,1.185409,-1.544000,-30.226002,14.887001,NaN,0.038968,true,Self-supervised model,0.416775,0.000000,0.000000,0.000000,0.000000,0.000000,0.855929,2.033554,false,false
2026-04-17T14:47:29.932686,0.000000,0.000000,2.155442,326.502,NW,0,0.000000,0,0.000000,2.225898,1.914053,2.188765,-0.995988,8.027759,1.685518,0.529593,-0.977283,-1.885509,2.188765,1.084897,-0.477697,0.490525,1.282891,1.185409,-1.544000,-30.226002,14.887001,NaN,0.046978,true,Self-supervised model,0.399993,0.000000,0.000000,0.000000,0.000000,0.000000,1.016965,1.706119,false,false
2026-04-17T14:47:29.940604,0.000000,0.000000,2.156702,326.430,NW,0,0.000000,0,0.000000,2.125593,1.944515,1.598994,-1.154005,8.544906,1.920150,0.341690,-0.535757,-1.467308,1.598994,1.084897,-0.477697,0.490525,1.282891,1.185409,-1.544000,-30.226002,14.887001,NaN,0.059747,true,Self-supervised model,0.302353,0.000000,0.000000,0.000000,0.000000,0.000000,1.329332,1.246399,false,false
2026-04-17T14:47:29.948273,0.000000,0.000000,2.160626,326.205,NW,0,0.000000,0,0.000000,1.960905,1.967170,1.096292,-1.180341,8.848969,2.233790,0.284073,-0.285657,-1.019588,1.096292,1.084897,-0.477697,0.490525,1.282891,1.185409,-1.544000,-30.226002,14.887001,NaN,0.074330,true,Self-supervised model,0.244047,0.000000,0.000000,0.000000,0.000000,0.000000,1.788670,0.854548,false,false
2026-04-17T14:47:29.956331,0.000000,0.000000,2.165801,325.909,NW,0,0.000000,0,0.000000,1.769430,1.981261,0.764188,-1.096544,8.927979,2.528277,0.319692,-0.240200,-0.651217,0.764188,1.084897,-0.477697,0.490525,1.282891,1.185409,-1.544000,-30.226002,14.887001,NaN,0.084508,true,Self-supervised model,0.226278,0.000000,0.000000,0.000000,0.000000,0.000000,2.315439,0.595676,false,false
2026-04-17T14:47:29.964156,0.000000,0.000000,2.169922,325.673,NW,0,0.000000,0,0.000000,1.601557,1.988072,0.720221,-0.883460,8.848969,2.710236,0.472493,-0.345303,-0.419803,0.720221,1.084897,-0.477697,0.490525,1.282891,1.185409,-1.544000,-30.226002,14.887001,NaN,0.084412,true,Self-supervised model,0.220578,0.000000,0.000000,0.000000,0.000000,0.000000,2.223703,0.561404,false,false
2026-04-17T14:47:29.972390,0.000000,0.000000,2.172011,325.553,NW,0,0.000000,0,0.000000,1.466510,1.989210,0.757516,-0.708684,8.793902,2.832341,0.566144,-0.417707,-0.280769,0.757516,0.174097,0.929737,0.396452,1.025619,0.945897,-1.544000,-30.226002,14.887001,NaN,0.078374,true,Self-supervised model,0.222366,0.000000,0.000000,0.000000,0.000000,0.000000,1.935947,0.738594,false,false
2026-04-17T14:47:29.980138,0.000000,0.000000,2.168840,325.735,NW,0,0.000000,0,0.000000,1.337185,1.985129,0.658231,-0.665588,8.875306,2.935291,0.530996,-0.348462,-0.172872,0.658231,0.217468,0.780075,0.376904,0.893233,0.809820,-1.544000,-30.226002,14.887001,NaN,0.054159,true,Self-supervised model,0.215583,0.000000,0.000000,0.000000,0.000000,0.000000,2.031484,0.736908,false,false
2026-04-17T14:47:29.988534,0.000000,0.000000,2.160841,326.193,NW,0,0.000000,0,0.000000,1.196877,1.975599,0.460259,-0.739808,9.023746,3.002329,0.397167,-0.208455,-0.103167,0.460259,0.278555,0.616974,0.362854,0.768058,0.676941,-1.544000,-30.226002,14.887001,NaN,0.026850,true,Self-supervised model,0.210619,0.000000,0.000000,0.000000,0.000000,0.000000,2.600442,0.599251,false,false
2026-04-17T14:47:29.996395,0.000000,0.000000,2.150092,326.809,NW,0,0.000000,0,0.000000,1.045901,1.960411,0.253275,-0.861913,9.184157,3.033453,0.238318,-0.054443,-0.066247,0.253275,0.340252,0.477697,0.359189,0.687737,0.586486,-1.544000,-30.226002,14.887001,NaN,0.005102,true,Self-supervised model,0.213011,0.000000,0.000000,0.000000,0.000000,0.000000,4.129508,0.368273,false,false
2026-04-17T14:47:30.004389,0.000000,0.000000,2.138653,327.464,NW,0,0.000000,0,0.000000,0.893991,1.939754,0.096464,-1.034295,9.313444,3.057395,0.055763,0.070911,-0.034165,0.096464,0.417221,0.317650,0.360410,0.636294,0.524380,-1.544000,-30.226002,14.887001,NaN,-0.009097,true,Self-supervised model,0.220615,0.000000,0.000000,0.000000,0.000000,0.000000,9.267656,0.151602,false,false
2026-04-17T14:47:30.012454,0.000000,0.000000,2.128365,328.054,NW,0,0.000000,0,0.000000,0.784144,1.915530,0.207445,-1.189918,9.421184,3.002329,-0.088632,0.173766,-0.070592,0.207445,0.483805,0.157603,0.365297,0.626377,0.508828,-1.544000,-30.226002,14.887001,NaN,-0.014779,true,Self-supervised model,0.209628,0.000000,0.000000,0.000000,0.000000,0.000000,3.780007,0.331182,false,false
2026-04-17T14:47:30.020380,0.000000,0.000000,2.120611,328.498,NW,0,0.000000,0,0.000000,0.705152,1.889115,0.290444,-1.278504,9.459491,2.908955,-0.155766,0.204925,-0.134539,0.290444,0.520457,0.026878,0.373850,0.641375,0.521151,-1.544000,-30.226002,14.887001,NaN,-0.012402,true,Self-supervised model,0.195220,0.000000,0.000000,0.000000,0.000000,0.000000,2.427837,0.452847,false,false
2026-04-17T14:47:30.028571,0.000000,0.000000,2.115900,328.768,NW,0,0.000000,0,0.000000,0.662137,1.862036,0.436311,-1.347936,9.531317,2.703054,-0.197533,0.262715,-0.286930,0.436311,0.527788,-0.080634,0.392786,0.662829,0.533912,-1.544000,-30.226002,14.887001,NaN,-0.004935,true,Self-supervised model,0.165493,0.000000,0.000000,0.000000,0.000000,0.000000,1.517581,0.658255,false,false
2026-04-17T14:47:30.036722,0.000000,0.000000,2.114698,328.837,NW,0,0.000000,0,0.000000,0.640010,1.835155,0.523843,-1.340753,9.586384,2.523489,-0.167759,0.298340,-0.396562,0.523843,0.507018,-0.132558,0.409891,0.665319,0.524060,-1.544000,-30.226002,14.887001,NaN,0.007894,true,Self-supervised model,0.149549,0.000000,0.000000,0.000000,0.000000,0.000000,1.221759,0.787356,false,false
2026-04-17T14:47:30.044304,0.000000,0.000000,2.116580,328.729,NW,0,0.000000,0,0.000000,0.628080,1.808872,0.565446,-1.268927,9.653421,2.401384,-0.086410,0.342648,-0.441424,0.565446,0.454484,-0.119730,0.417221,0.628462,0.469990,-1.544000,-30.226002,14.887001,NaN,0.022115,true,Self-supervised model,0.145874,0.000000,0.000000,0.000000,0.000000,0.000000,1.110769,0.899730,false,false
2026-04-17T14:47:30.052757,0.000000,0.000000,2.120505,328.504,NW,0,0.000000,0,0.000000,0.616971,1.783196,0.558651,-1.146823,9.694122,2.341529,0.027375,0.359791,-0.426488,0.558651,0.397673,-0.067195,0.416610,0.579848,0.403310,-1.544000,-30.226002,14.887001,NaN,0.034211,true,Self-supervised model,0.144824,0.000000,0.000000,0.000000,0.000000,0.000000,1.104395,0.963444,false,false
2026-04-17T14:47:30.060256,0.000000,0.000000,2.125023,328.245,NW,0,0.000000,0,0.000000,0.606848,1.758142,0.553704,-0.948104,9.727641,2.339135,0.192826,0.370157,-0.363854,0.553704,0.343917,-0.000611,0.403171,0.529930,0.343918,-1.544000,-30.226002,14.887001,NaN,0.041102,true,Self-supervised model,0.143502,0.000000,0.000000,0.000000,0.000000,0.000000,1.095980,1.044862,false,false
2026-04-17T14:47:30.068270,0.000000,0.000000,2.128232,328.061,NW,0,0.000000,0,0.000000,0.606028,1.734057,0.601723,-0.766145,9.715671,2.334347,0.347387,0.348476,-0.346348,0.601723,0.229685,0.148440,0.361632,0.453396,0.273477,-1.544000,-30.226002,14.887001,NaN,0.039073,true,Self-supervised model,0.146032,0.000000,0.000000,0.000000,0.000000,0.000000,1.007155,1.327148,false,false
2026-04-17T14:47:30.081332,0.000000,0.000000,2.129477,327.990,NW,0,0.000000,0,0.000000,0.604732,1.710884,0.597928,-0.629675,9.603143,2.360683,0.461806,0.228592,-0.303312,0.597928,0.163101,0.243124,0.329867,0.441049,0.292765,-1.544000,-30.226002,14.887001,NaN,0.032462,true,Self-supervised model,0.145786,0.000000,0.000000,0.000000,0.000000,0.000000,1.011380,1.355696,false,false
2026-04-17T14:47:30.087016,0.000000,0.000000,2.129130,328.010,NW,0,0.000000,0,0.000000,0.600316,1.688461,0.577129,-0.579397,9.560047,2.422932,0.497162,0.180826,-0.230674,0.577129,0.084910,0.358578,0.286496,0.466763,0.368494,-4.034000,-32.350002,18.333000,NaN,0.025750,true,Self-supervised model,0.143557,0.000000,0.000000,0.000000,0.000000,0.000000,1.040176,1.236450,false,false
2026-04-17T14:47:30.092593,0.000000,0.000000,2.127556,328.100,NW,0,0.000000,0,0.000000,0.590234,1.666532,0.537304,-0.586579,9.552865,2.475605,0.479662,0.170689,-0.171711,0.537304,-0.019548,0.516792,0.226631,0.564639,0.517162,-4.034000,-32.350002,18.333000,NaN,0.019266,true,Self-supervised model,0.140653,0.000000,0.000000,0.000000,0.000000,0.000000,1.098511,0.951587,false,false
2026-04-17T14:47:30.104013,0.000000,0.000000,2.125032,328.245,NW,0,0.000000,0,0.000000,0.572914,1.644788,0.481983,-0.670376,9.653421,2.564190,0.390770,0.270164,-0.081346,0.481983,-0.093462,0.633467,0.194866,0.669320,0.640325,-4.034000,-32.350002,18.333000,NaN,0.012943,true,Self-supervised model,0.142568,0.000000,0.000000,0.000000,0.000000,0.000000,1.188660,0.720109,false,false
2026-04-17T14:47:30.113355,0.000000,0.000000,2.121788,328.431,NW,0,0.000000,0,0.000000,0.574430,1.623973,0.582393,-0.656011,9.799467,2.698265,0.403868,0.416456,0.051346,0.582393,-0.137445,0.709215,0.174707,0.743236,0.722410,-4.034000,-32.350002,18.333000,NaN,0.006815,true,Self-supervised model,0.143958,0.000000,0.000000,0.000000,0.000000,0.000000,0.986327,0.783592,false,false
2026-04-17T14:47:30.123870,0.000000,0.000000,2.118246,328.633,NW,0,0.000000,0,0.000000,0.605673,1.605241,0.769697,-0.651223,9.983821,2.896984,0.411832,0.603228,0.242785,0.769697,-0.203418,0.791071,0.146608,0.829859,0.816806,-4.034000,-32.350002,18.333000,NaN,0.002084,true,Self-supervised model,0.181762,0.000000,0.000000,0.000000,0.000000,0.000000,0.786898,0.927504,false,false
2026-04-17T14:47:30.124747,0.000000,0.000000,2.113877,328.884,NW,0,0.000000,0,0.000000,0.673471,1.589970,1.029413,-0.617704,10.172963,3.136404,0.450737,0.795688,0.472661,1.029413,-0.242514,0.841161,0.122784,0.883992,0.875423,-4.034000,-32.350002,18.333000,NaN,-0.005593,true,Self-supervised model,0.229637,0.000000,0.000000,0.000000,0.000000,0.000000,0.654229,1.164505,false,false
2026-04-17T14:47:30.132494,0.000000,0.000000,2.109141,329.155,NW,0,0.000000,0,0.000000,0.763132,1.578897,1.233852,-0.591368,10.278308,3.359065,0.485074,0.905202,0.683888,1.233852,-0.252287,0.882089,0.101404,0.923046,0.917459,-4.034000,-32.350002,18.333000,NaN,-0.011797,true,Self-supervised model,0.250370,0.000000,0.000000,0.000000,0.000000,0.000000,0.618496,1.336718,false,false
2026-04-17T14:47:30.140579,0.000000,0.000000,2.104153,329.441,NW,0,0.000000,0,0.000000,0.878806,1.572893,1.486094,-0.612916,10.374076,3.677494,0.467720,1.005053,0.989738,1.486094,-0.237627,0.900415,0.086743,0.935275,0.931243,-4.034000,-32.350002,18.333000,NaN,-0.017792,true,Self-supervised model,0.277949,0.000000,0.000000,0.000000,0.000000,0.000000,0.591353,1.588938,false,false
2026-04-17T14:47:30.148517,0.000000,0.000000,2.098661,329.756,NW,0,0.000000,0,0.000000,1.016247,1.572627,1.737810,-0.622492,10.438720,3.983952,0.464590,1.073636,1.285085,1.737810,-0.182038,0.869261,0.079412,0.891661,0.888118,-4.034000,-32.350002,18.333000,NaN,-0.025299,true,Self-supervised model,0.302177,0.000000,0.000000,0.000000,0.000000,0.000000,0.584786,1.948958,false,false
2026-04-17T14:47:30.156432,0.000000,0.000000,2.092953,330.083,NW,0,0.000000,0,0.000000,1.174226,1.578691,2.003618,-0.658405,10.465055,4.321534,0.435694,1.103024,1.614928,2.003618,-0.103236,0.783740,0.087965,0.795389,0.790510,-4.034000,-32.350002,18.333000,NaN,-0.031875,true,Self-supervised model,0.332967,0.000000,0.000000,0.000000,0.000000,0.000000,0.586053,2.519041,false,false
2026-04-17T14:47:30.164174,0.000000,0.000000,2.087278,330.408,NW,0,0.000000,0,0.000000,1.324252,1.590514,2.111889,-0.699107,10.426748,4.486734,0.401054,1.065895,1.778510,2.111889,0.000000,0.701273,0.106291,0.709283,0.701273,-4.034000,-32.350002,18.333000,NaN,-0.037414,true,Self-supervised model,0.351091,0.000000,0.000000,0.000000,0.000000,0.000000,0.627046,2.977499,false,false
2026-04-17T14:47:30.172740,0.000000,0.000000,2.081863,330.718,NW,0,0.000000,0,0.000000,1.437427,1.606390,2.031592,-0.727837,10.333375,4.443638,0.378399,0.970731,1.744094,2.031592,0.130114,0.671341,0.127671,0.695649,0.683834,-4.034000,-32.350002,18.333000,NaN,-0.041792,true,Self-supervised model,0.346781,0.000000,0.000000,0.000000,0.000000,0.000000,0.707537,2.920426,false,false
2026-04-17T14:47:30.180482,0.000000,0.000000,2.077021,330.995,NW,0,0.000000,0,0.000000,1.506639,1.624400,1.870002,-0.727837,10.256760,4.280833,0.382679,0.889279,1.599890,1.870002,0.238848,0.701884,0.151495,0.756730,0.741411,-4.034000,-32.350002,18.333000,NaN,-0.044341,true,Self-supervised model,0.320216,0.000000,0.000000,0.000000,0.000000,0.000000,0.805688,2.471161,false,false
2026-04-17T14:47:30.188557,0.000000,0.000000,2.072807,331.237,NW,0,0.000000,0,0.000000,1.509071,1.641787,1.521840,-0.737414,10.089166,3.943250,0.376618,0.714227,1.289975,1.521840,0.348193,0.800233,0.177151,0.890502,0.872704,-4.034000,-32.350002,18.333000,NaN,-0.046045,true,Self-supervised model,0.257258,0.000000,0.000000,0.000000,0.000000,0.000000,0.991610,1.708968,false,false
2026-04-17T14:47:30.196595,0.000000,0.000000,2.069212,331.443,NW,0,0.000000,0,0.000000,1.445439,1.655933,1.111372,-0.758962,9.945514,3.507505,0.358552,0.560972,0.889887,1.111372,0.419054,0.940122,0.210138,1.050520,1.029288,-4.034000,-32.350002,18.333000,NaN,-0.047159,true,Self-supervised model,0.221838,0.000000,0.000000,0.000000,0.000000,0.000000,1.300590,1.057926,false,false
2026-04-17T14:47:30.204778,0.000000,0.000000,2.066168,331.617,NW,0,0.000000,0,0.000000,1.340516,1.665316,0.789673,-0.794875,9.880871,3.107674,0.326155,0.485559,0.530508,0.789673,0.440434,1.067182,0.240681,1.179316,1.154495,-4.034000,-32.350002,18.333000,NaN,-0.048003,true,Self-supervised model,0.214000,0.000000,0.000000,0.000000,0.000000,0.000000,1.697559,0.669603,false,false
2026-04-17T14:47:30.212803,0.000000,0.000000,2.063508,331.770,NW,0,0.000000,0,0.000000,1.218505,1.669444,0.577945,-0.852336,9.890448,2.695871,0.271782,0.484115,0.160587,0.577945,0.420886,1.185079,0.276722,1.287685,1.257599,-4.034000,-32.350002,18.333000,NaN,-0.049127,true,Self-supervised model,0.210363,0.000000,0.000000,0.000000,0.000000,0.000000,2.108341,0.448825,false,false
2026-04-17T14:47:30.221301,0.000000,0.000000,2.060985,331.914,NW,0,0.000000,0,0.000000,1.124012,1.669627,0.627926,-0.900220,9.993398,2.391808,0.225949,0.576641,-0.103554,0.627926,0.351858,1.252885,0.309098,1.337560,1.301355,-4.034000,-32.350002,18.333000,NaN,-0.051103,true,Self-supervised model,0.199384,0.000000,0.000000,0.000000,0.000000,0.000000,1.790039,0.469457,false,false
2026-04-17T14:47:30.228914,0.000000,0.000000,2.058318,332.067,NW,0,0.000000,0,0.000000,1.056169,1.667088,0.699991,-0.976834,10.074800,2.245761,0.149576,0.649048,-0.215294,0.699991,0.246790,1.244943,0.334143,1.312418,1.269169,-4.034000,-32.350002,18.333000,NaN,-0.054341,true,Self-supervised model,0.186384,0.000000,0.000000,0.000000,0.000000,0.000000,1.508832,0.533360,false,false
2026-04-17T14:47:30.242425,0.000000,0.000000,2.055203,332.246,NW,0,0.000000,0,0.000000,0.998458,1.662343,0.695474,-0.991199,10.084377,2.231396,0.132582,0.651595,-0.203790,0.695474,0.138666,1.185689,0.354302,1.245238,1.193770,-4.034000,-32.350002,18.333000,NaN,-0.059253,true,Self-supervised model,0.183329,0.000000,0.000000,0.000000,0.000000,0.000000,1.435650,0.558507,false,false
2026-04-17T14:47:30.245730,0.000000,0.000000,2.051329,332.468,NW,0,0.000000,0,0.000000,0.941454,1.655508,0.642181,-1.015141,10.067618,2.367866,0.103784,0.631282,-0.055760,0.642181,0.026267,1.081231,0.373850,1.144340,1.081550,-9.951000,-33.114002,19.522001,NaN,-0.066162,true,Self-supervised model,0.168645,0.000000,0.000000,0.000000,0.000000,0.000000,1.466024,0.561180,false,false
2026-04-17T14:47:30.252872,0.000000,0.000000,2.046850,332.724,NW,0,0.000000,0,0.000000,0.895441,1.647105,0.653875,-0.969652,10.036493,2.645593,0.136740,0.596622,0.229992,0.653875,-0.079412,0.956615,0.400117,1.039958,0.959905,-9.951000,-33.114002,19.522001,NaN,-0.073060,true,Self-supervised model,0.172992,0.000000,0.000000,0.000000,0.000000,0.000000,1.369438,0.628751,false,false
2026-04-17T14:47:30.260379,0.000000,0.000000,2.040523,333.087,NW,0,0.000000,0,0.000000,0.878994,1.638381,0.792648,-0.861913,10.026917,2.901772,0.228846,0.586350,0.481782,0.792648,-0.208305,0.797790,0.445321,0.937107,0.824536,-9.951000,-33.114002,19.522001,NaN,-0.086777,true,Self-supervised model,0.166977,0.000000,0.000000,0.000000,0.000000,0.000000,1.108934,0.845845,false,false
2026-04-17T14:47:30.269023,0.000000,0.000000,2.032771,333.531,NW,0,0.000000,0,0.000000,0.860638,1.629271,0.764266,-0.852336,9.962274,2.944868,0.218403,0.522378,0.513346,0.764266,-0.270613,0.804510,0.489303,0.979737,0.848803,-9.951000,-33.114002,19.522001,NaN,-0.100230,true,Self-supervised model,0.164289,0.000000,0.000000,0.000000,0.000000,0.000000,1.126097,0.780073,false,false
2026-04-17T14:47:30.276937,0.000000,0.000000,2.023455,334.065,NW,0,0.000000,0,0.000000,0.868006,1.620820,0.906688,-0.699107,9.686940,3.246537,0.348113,0.248419,0.799493,0.906688,-0.302378,0.889420,0.561385,1.094374,0.939415,-9.951000,-33.114002,19.522001,NaN,-0.115803,true,Self-supervised model,0.175100,0.000000,0.000000,0.000000,0.000000,0.000000,0.957337,0.828499,false,false
2026-04-17T14:47:30.284827,0.000000,0.000000,2.012454,334.695,NW,0,0.000000,0,0.000000,0.944778,1.615779,1.347832,-0.488417,9.244013,3.694253,0.527807,-0.192168,1.225212,1.347832,-0.272446,0.974330,0.646295,1.200518,1.011704,-9.951000,-33.114002,19.522001,NaN,-0.133544,true,Self-supervised model,0.238450,0.000000,0.000000,0.000000,0.000000,0.000000,0.700961,1.122709,false,false
2026-04-17T14:47:30.292318,0.000000,0.000000,1.999269,335.450,NW,0,0.000000,0,0.000000,1.097110,1.617032,1.896852,-0.220267,8.748413,4.089296,0.758494,-0.685783,1.597635,1.896852,-0.188147,1.006706,0.721432,1.252725,1.024137,-9.951000,-33.114002,19.522001,NaN,-0.155464,true,Self-supervised model,0.287774,0.000000,0.000000,0.000000,0.000000,0.000000,0.578384,1.514181,false,false
2026-04-17T14:47:30.302564,0.000000,0.000000,1.983774,336.338,NW,0,0.000000,0,0.000000,1.299110,1.626315,2.359610,0.026336,8.374918,4.371812,0.967068,-1.061141,1.872570,2.359610,-0.084299,0.985326,0.776410,1.257293,0.988925,-9.951000,-33.114002,19.522001,NaN,-0.180200,true,Self-supervised model,0.337242,0.000000,0.000000,0.000000,0.000000,0.000000,0.550561,1.876739,false,false
2026-04-17T14:47:30.309277,0.000000,0.000000,1.966751,337.313,NW,0,0.000000,0,0.000000,1.546177,1.645109,2.843279,0.323217,7.984663,4.616021,1.220500,-1.455363,2.115782,2.843279,0.069639,0.905913,0.820392,1.224161,0.908586,-9.951000,-33.114002,19.522001,NaN,-0.203336,true,Self-supervised model,0.335293,0.000000,0.000000,0.000000,0.000000,0.000000,0.543801,2.322634,false,false
2026-04-17T14:47:30.319533,0.000000,0.000000,1.948356,338.367,N,0,0.000000,0,0.000000,1.798583,1.673248,3.123717,0.634463,7.750031,4.656722,1.482701,-1.696421,2.163646,3.123717,0.253509,0.785573,0.837496,1.175921,0.825464,-9.951000,-33.114002,19.522001,NaN,-0.227219,true,Self-supervised model,0.415414,0.000000,0.000000,0.000000,0.000000,0.000000,0.575783,2.656399,false,false
2026-04-17T14:47:30.324668,0.000000,0.000000,1.928792,339.488,N,0,0.000000,0,0.000000,2.020969,1.709157,3.188490,0.830788,7.659051,4.546589,1.626176,-1.796863,2.072029,3.188490,0.446543,0.671952,0.833220,1.159817,0.806796,-9.951000,-33.114002,19.522001,NaN,-0.251458,true,Self-supervised model,0.326525,0.000000,0.000000,0.000000,0.000000,0.000000,0.633832,2.749133,false,false
2026-04-17T14:47:30.332903,0.000000,0.000000,1.908424,340.655,N,0,0.000000,0,0.000000,2.195538,1.750612,3.112025,0.993594,7.647080,4.273650,1.734707,-1.821809,1.832076,3.112025,0.615752,0.607811,0.817338,1.190221,0.865208,-9.951000,-33.114002,19.522001,NaN,-0.275039,true,Self-supervised model,0.406824,0.000000,0.000000,0.000000,0.000000,0.000000,0.705501,2.614661,false,false
2026-04-17T14:47:30.341710,0.000000,0.000000,1.887722,341.842,N,0,0.000000,0,0.000000,2.321554,1.795450,2.983139,1.122881,7.551312,3.766079,1.810452,-1.933709,1.371914,2.983139,0.747088,0.583376,0.794125,1.236569,0.947876,-9.951000,-33.114002,19.522001,NaN,-0.297083,true,Self-supervised model,0.393042,0.000000,0.000000,0.000000,0.000000,0.000000,0.778225,2.412432,false,false
2026-04-17T14:47:30.348940,0.000000,0.000000,1.867098,343.023,N,0,0.000000,0,0.000000,2.406787,1.841904,2.854263,1.134852,7.443573,3.205836,1.771682,-2.060359,0.873430,2.854263,0.942565,0.568716,0.740369,1.326654,1.100848,-9.951000,-33.114002,19.522001,NaN,-0.317391,true,Self-supervised model,0.343018,0.000000,0.000000,0.000000,0.000000,0.000000,0.843226,2.151474,false,false
2026-04-17T14:47:30.356469,0.000000,0.000000,1.846963,344.177,N,0,0.000000,0,0.000000,2.429559,1.887410,2.549114,0.945710,7.517793,2.592921,1.535733,-2.006939,0.334214,2.549114,1.032973,0.552222,0.687834,1.358344,1.171317,-9.951000,-33.114002,19.522001,NaN,-0.335573,true,Self-supervised model,0.308265,0.000000,0.000000,0.000000,0.000000,0.000000,0.953100,1.876633,false,false
2026-04-17T14:47:30.364863,0.000000,0.000000,1.827662,345.283,N,0,0.000000,0,0.000000,2.388019,1.929434,2.169935,0.691924,7.769185,2.054225,1.239403,-1.776837,-0.123880,2.169935,1.055575,0.521068,0.646906,1.343219,1.177179,-9.951000,-33.114002,19.522001,NaN,-0.351533,true,Self-supervised model,0.289952,0.000000,0.000000,0.000000,0.000000,0.000000,1.100503,1.615473,false,false
2026-04-17T14:47:30.372672,0.000000,0.000000,1.809434,346.327,N,0,0.000000,0,0.000000,2.296469,1.966116,1.815831,0.418985,8.152257,1.434127,0.926662,-1.414271,-0.662101,1.815831,1.017702,0.466090,0.610254,1.274899,1.119355,-9.951000,-33.114002,19.522001,NaN,-0.365475,true,Self-supervised model,0.245491,0.000000,0.000000,0.000000,0.000000,0.000000,1.264693,1.424294,false,false
2026-04-17T14:47:30.382038,0.000000,0.000000,1.792255,347.311,N,0,0.000000,0,0.000000,2.189259,1.997041,1.626408,0.222661,8.643068,0.888249,0.691942,-0.941965,-1.130982,1.626408,0.905302,0.416610,0.573602,1.149850,0.996562,-9.951000,-33.114002,19.522001,NaN,-0.378453,true,Self-supervised model,0.256904,0.000000,0.000000,0.000000,0.000000,0.000000,1.346070,1.414452,false,false
2026-04-17T14:47:30.388434,0.000000,0.000000,1.775881,348.249,N,0,0.000000,0,0.000000,2.171397,2.026016,2.077620,0.064643,8.901642,0.059855,0.497701,-0.699014,-1.892136,2.077620,0.763582,0.447153,0.528398,1.030635,0.884875,-9.951000,-33.114002,19.522001,NaN,-0.391608,true,Self-supervised model,0.277088,0.000000,0.000000,0.000000,0.000000,0.000000,1.045137,2.015865,false,false
2026-04-17T14:47:30.402238,0.000000,0.000000,1.760048,349.157,N,0,0.000000,0,0.000000,2.245717,2.056804,2.635897,-0.050278,9.057265,-0.653617,0.352731,-0.555347,-2.552474,2.635897,0.532674,0.619417,0.450208,0.932795,0.816958,-9.951000,-33.114002,19.522001,NaN,-0.405279,true,Self-supervised model,0.435906,0.000000,0.000000,0.000000,0.000000,0.000000,0.851975,2.825804,false,false
2026-04-17T14:47:30.404878,0.000000,0.000000,1.744656,350.039,N,0,0.000000,0,0.000000,2.190416,2.084148,1.900086,-0.026336,9.344569,0.019154,0.353964,-0.275489,-1.846387,1.900086,0.260229,0.598648,0.387899,0.759318,0.652762,-12.687000,-31.971001,21.908001,NaN,-0.418909,true,Self-supervised model,0.151104,0.000000,0.000000,0.000000,0.000000,0.000000,1.152798,2.502358,false,false
2026-04-17T14:47:30.414930,0.000000,0.000000,1.729663,350.898,N,0,0.000000,0,0.000000,2.102322,2.106875,1.639829,0.055067,9.672575,0.265756,0.414381,0.049017,-1.585852,1.639829,-0.023824,0.430049,0.342695,0.550409,0.430709,-12.687000,-31.971001,21.908001,NaN,-0.432302,true,Self-supervised model,0.286229,0.000000,0.000000,0.000000,0.000000,0.000000,1.282037,2.979293,false,false
2026-04-17T14:47:30.421044,0.000000,0.000000,1.714871,351.745,N,0,0.000000,0,0.000000,2.036691,2.126068,1.692128,0.148441,9.730036,0.241814,0.487693,0.107098,-1.616781,1.692128,-0.251066,0.379958,0.301157,0.545983,0.455414,-12.687000,-31.971001,21.908001,NaN,-0.446290,true,Self-supervised model,0.262885,0.000000,0.000000,0.000000,0.000000,0.000000,1.203627,3.099231,false,false
2026-04-17T14:47:30.428516,0.000000,0.000000,1.700115,352.591,N,0,0.000000,0,0.000000,1.924253,2.139995,1.333952,0.222661,9.639056,0.665588,0.545196,0.020265,-1.217283,1.333952,-0.463647,0.415388,0.242514,0.668078,0.622508,-12.687000,-31.971001,21.908001,NaN,-0.460902,true,Self-supervised model,0.230447,0.000000,0.000000,0.000000,0.000000,0.000000,1.442520,1.996700,false,false
2026-04-17T14:47:30.436897,0.000000,0.000000,1.685463,353.430,N,0,0.000000,0,0.000000,1.767760,2.147106,0.946173,0.402226,9.514558,1.307234,0.713562,-0.097072,-0.613718,0.946173,-0.609644,0.486249,0.170431,0.798217,0.779810,-12.687000,-31.971001,21.908001,NaN,-0.475139,true,Self-supervised model,0.215451,0.000000,0.000000,0.000000,0.000000,0.000000,1.868326,1.185359,false,false
2026-04-17T14:47:30.445888,0.000000,0.000000,1.671195,354.248,N,0,0.000000,0,0.000000,1.642706,2.148930,0.986170,0.581791,9.301474,1.663970,0.888586,-0.300759,-0.304123,0.986170,-0.706771,0.602924,0.089186,0.933272,0.929001,-12.687000,-31.971001,21.908001,NaN,-0.487871,true,Self-supervised model,0.205225,0.000000,0.000000,0.000000,0.000000,0.000000,1.665742,1.056680,false,false
2026-04-17T14:47:30.453008,0.000000,0.000000,1.657699,355.021,N,0,0.000000,0,0.000000,1.569937,2.147770,1.187904,0.749385,9.054871,2.001553,1.059769,-0.536320,-0.019127,1.187904,-0.748310,0.725708,0.012217,1.042482,1.042411,-12.687000,-31.971001,21.908001,NaN,-0.498283,true,Self-supervised model,0.193914,0.000000,0.000000,0.000000,0.000000,0.000000,1.321603,1.139496,false,false
2026-04-17T14:47:30.460590,0.000000,0.000000,1.645393,355.726,N,0,0.000000,0,0.000000,1.565404,2.146475,1.541604,1.010353,8.872911,2.391808,1.333320,-0.706173,0.316420,1.541604,-0.754419,0.869261,-0.093462,1.154772,1.150983,-12.687000,-31.971001,21.908001,NaN,-0.505823,true,Self-supervised model,0.217125,0.000000,0.000000,0.000000,0.000000,0.000000,1.015438,1.334986,false,false
2026-04-17T14:47:30.469172,0.000000,0.000000,1.634680,356.340,N,0,0.000000,0,0.000000,1.610083,2.147020,1.844646,1.192312,8.781932,2.777274,1.538753,-0.784446,0.647770,1.844646,-0.725097,0.994489,-0.227242,1.251564,1.230761,-12.687000,-31.971001,21.908001,NaN,-0.510164,true,Self-supervised model,0.266543,0.000000,0.000000,0.000000,0.000000,0.000000,0.872841,1.473873,false,false
2026-04-17T14:47:30.476806,0.000000,0.000000,1.626028,356.835,N,0,0.000000,0,0.000000,1.691436,2.150796,2.118537,1.276109,8.585608,3.074155,1.658865,-0.967985,0.894074,2.118537,-0.662178,1.080010,-0.384845,1.324011,1.266847,-12.687000,-31.971001,21.908001,NaN,-0.510576,true,Self-supervised model,0.306857,0.000000,0.000000,0.000000,0.000000,0.000000,0.798398,1.600089,false,false
2026-04-17T14:47:30.485062,0.000000,0.000000,1.620004,357.181,N,0,0.000000,0,0.000000,1.797217,2.158653,2.352571,1.316811,8.367735,3.272874,1.749151,-1.173397,1.047950,2.352571,-0.583376,1.129490,-0.521068,1.373895,1.271249,-12.687000,-31.971001,21.908001,NaN,-0.506087,true,Self-supervised model,0.354846,0.000000,0.000000,0.000000,0.000000,0.000000,0.763938,1.712337,false,false
2026-04-17T14:47:30.492766,0.000000,0.000000,1.617114,357.346,N,0,0.000000,0,0.000000,1.893427,2.170044,2.398529,1.149217,8.145074,3.327940,1.643582,-1.384235,1.065585,2.398529,-0.475253,1.170418,-0.673784,1.431687,1.263227,-12.687000,-31.971001,21.908001,NaN,-0.496438,true,Self-supervised model,0.375567,0.000000,0.000000,0.000000,0.000000,0.000000,0.789412,1.675316,false,false
2026-04-17T14:47:30.501467,0.000000,0.000000,1.617710,357.312,N,0,0.000000,0,0.000000,1.885479,2.180662,1.843749,0.533907,8.236053,3.026271,1.102080,-1.282284,0.735240,1.843749,-0.370795,1.249830,-0.783740,1.521122,1.303674,-12.687000,-31.971001,21.908001,NaN,-0.481903,true,Self-supervised model,0.306853,0.000000,0.000000,0.000000,0.000000,0.000000,1.022633,1.212097,false,false
2026-04-17T14:47:30.509267,0.000000,0.000000,1.621992,357.067,N,0,0.000000,0,0.000000,1.763951,2.185993,1.125933,-0.258574,8.477868,2.540248,0.392377,-1.030239,0.228851,1.125933,-0.298102,1.395216,-0.823446,1.647288,1.426707,-12.687000,-31.971001,21.908001,NaN,-0.462870,true,Self-supervised model,0.219978,0.000000,0.000000,0.000000,0.000000,0.000000,1.566657,0.683507,false,false
2026-04-17T14:47:30.518137,0.000000,0.000000,1.629776,356.621,N,0,0.000000,0,0.000000,1.616087,2.185197,0.839799,-0.852336,8.669404,2.252944,-0.113858,-0.828882,-0.072481,0.839799,-0.268781,1.520444,-0.801455,1.739633,1.544018,-12.687000,-31.971001,21.908001,NaN,-0.441085,true,Self-supervised model,0.201592,0.000000,0.000000,0.000000,0.000000,0.000000,1.924373,0.482745,false,false
2026-04-17T14:47:30.524438,0.000000,0.000000,1.640428,356.010,N,0,0.000000,0,0.000000,1.501617,2.179854,0.900652,-1.280898,8.767567,2.047042,-0.455872,-0.720971,-0.289058,0.900652,-0.263894,1.603521,-0.729984,1.781515,1.625091,-12.687000,-31.971001,21.908001,NaN,-0.418959,true,Self-supervised model,0.176421,0.000000,0.000000,0.000000,0.000000,0.000000,1.667257,0.505554,false,false
2026-04-17T14:47:30.532368,0.000000,0.000000,1.652990,355.291,N,0,0.000000,0,0.000000,1.429939,2.171857,1.053626,-1.604115,8.777143,1.982399,-0.697174,-0.701597,-0.363093,1.053626,-0.279776,1.608408,-0.635911,1.752037,1.632560,-12.687000,-31.971001,21.908001,NaN,-0.398753,true,Self-supervised model,0.169671,0.000000,0.000000,0.000000,0.000000,0.000000,1.357160,0.601372,false,false
2026-04-17T14:47:30.540982,0.000000,0.000000,1.666478,354.518,N,0,0.000000,0,0.000000,1.372901,2.161899,1.073451,-1.752556,8.803479,2.015918,-0.771001,-0.665442,-0.339179,1.073451,-0.289550,1.571145,-0.561385,1.693367,1.597604,-12.687000,-31.971001,21.908001,NaN,-0.381568,true,Self-supervised model,0.172936,0.000000,0.000000,0.000000,0.000000,0.000000,1.278959,0.633916,false,false
2026-04-17T14:47:30.548857,0.000000,0.000000,1.680000,353.743,N,0,0.000000,0,0.000000,1.335719,2.150852,1.140517,-1.922544,8.781932,2.090138,-0.875364,-0.677512,-0.274759,1.140517,-0.285885,1.466687,-0.436769,1.556814,1.494290,-12.687000,-31.971001,21.908001,NaN,-0.367902,true,Self-supervised model,0.174647,0.000000,0.000000,0.000000,0.000000,0.000000,1.171153,0.732597,false,false
2026-04-17T14:47:30.559710,0.000000,0.000000,1.692855,353.007,N,0,0.000000,0,0.000000,1.304681,2.139005,1.141729,-2.035071,8.808268,2.224213,-0.931813,-0.642581,-0.149533,1.141729,-0.260839,1.364673,-0.321315,1.426048,1.389377,-12.687000,-31.971001,21.908001,NaN,-0.357722,true,Self-supervised model,0.194225,0.000000,0.000000,0.000000,0.000000,0.000000,1.142723,0.800625,false,false
2026-04-17T14:47:30.564441,0.000000,0.000000,1.704553,352.336,N,0,0.000000,0,0.000000,1.268836,2.126198,1.080652,-2.030283,8.820239,2.331953,-0.881305,-0.623518,-0.048319,1.080652,-0.215635,1.255328,-0.202196,1.289663,1.273714,-18.373001,-30.240002,23.996000,NaN,-0.350650,true,Self-supervised model,0.159715,0.000000,0.000000,0.000000,0.000000,0.000000,1.174140,0.837933,false,false
2026-04-17T14:47:30.573371,0.000000,0.000000,1.714757,351.752,N,0,0.000000,0,0.000000,1.220623,2.111975,0.967501,-1.956063,8.858546,2.451663,-0.771443,-0.579931,0.067922,0.967501,-0.165544,1.167364,-0.095295,1.182888,1.179043,-18.373001,-30.240002,23.996000,NaN,-0.346417,true,Self-supervised model,0.186222,0.000000,0.000000,0.000000,0.000000,0.000000,1.261624,0.817915,false,false
2026-04-17T14:47:30.580517,0.000000,0.000000,1.723269,351.264,N,0,0.000000,0,0.000000,1.152815,2.095609,0.796824,-1.711854,8.887277,2.669535,-0.502697,-0.548131,0.285966,0.796824,-0.102625,1.043969,0.024435,1.049285,1.049001,-18.373001,-30.240002,23.996000,NaN,-0.344677,true,Self-supervised model,0.182427,0.000000,0.000000,0.000000,0.000000,0.000000,1.446762,0.759397,false,false
2026-04-17T14:47:30.588660,0.000000,0.000000,1.729943,350.882,N,0,0.000000,0,0.000000,1.091140,2.077430,0.767347,-1.371878,8.904037,2.913743,-0.148912,-0.530558,0.534000,0.767347,-0.026878,0.908357,0.127060,0.917594,0.908754,-18.373001,-30.240002,23.996000,NaN,-0.345357,true,Self-supervised model,0.184292,0.000000,0.000000,0.000000,0.000000,0.000000,1.421964,0.836260,false,false
2026-04-17T14:47:30.596497,0.000000,0.000000,1.734730,350.607,N,0,0.000000,0,0.000000,1.049813,2.058325,0.832845,-1.115698,8.987833,3.064578,0.111602,-0.448255,0.692996,0.832845,0.062308,0.811229,0.215635,0.841709,0.813618,-18.373001,-30.240002,23.996000,NaN,-0.348116,true,Self-supervised model,0.179416,0.000000,0.000000,0.000000,0.000000,0.000000,1.260515,0.989469,false,false
2026-04-17T14:47:30.604730,0.000000,0.000000,1.737707,350.437,N,0,0.000000,0,0.000000,1.017038,2.038674,0.844971,-0.972046,9.064447,3.071761,0.252216,-0.375430,0.713733,0.844971,0.147219,0.769079,0.273057,0.829287,0.783043,-18.373001,-30.240002,23.996000,NaN,-0.352379,true,Self-supervised model,0.177046,0.000000,0.000000,0.000000,0.000000,0.000000,1.203636,1.018913,false,false
2026-04-17T14:47:30.612442,0.000000,0.000000,1.739052,350.360,N,0,0.000000,0,0.000000,0.996046,2.018969,0.885835,-0.833182,9.145850,3.078943,0.382569,-0.299997,0.740503,0.885835,0.243124,0.759916,0.336587,0.865952,0.797861,-18.373001,-30.240002,23.996000,NaN,-0.357562,true,Self-supervised model,0.175135,0.000000,0.000000,0.000000,0.000000,0.000000,1.124415,1.022960,false,false
2026-04-17T14:47:30.620830,0.000000,0.000000,1.738982,350.364,N,0,0.000000,0,0.000000,0.971465,1.999068,0.842419,-0.732626,9.212888,2.968810,0.469560,-0.241134,0.656535,0.842419,0.331089,0.784351,0.401949,0.941483,0.851367,-18.373001,-30.240002,23.996000,NaN,-0.363290,true,Self-supervised model,0.174047,0.000000,0.000000,0.000000,0.000000,0.000000,1.153185,0.894779,false,false
2026-04-17T14:47:30.628604,0.000000,0.000000,1.737665,350.439,N,0,0.000000,0,0.000000,0.945359,1.978920,0.808301,-0.622492,9.275137,2.829947,0.561208,-0.189095,0.550126,0.808301,0.408058,0.830777,0.474031,1.039907,0.925582,-18.373001,-30.240002,23.996000,NaN,-0.369601,true,Self-supervised model,0.170501,0.000000,0.000000,0.000000,0.000000,0.000000,1.169563,0.777282,false,false
2026-04-17T14:47:30.637195,0.000000,0.000000,1.735173,350.582,N,0,0.000000,0,0.000000,0.918373,1.958498,0.776700,-0.517148,9.361329,2.662352,0.642990,-0.114831,0.420286,0.776700,0.464868,0.880257,0.542448,1.133669,0.995467,-18.373001,-30.240002,23.996000,NaN,-0.376786,true,Self-supervised model,0.167892,0.000000,0.000000,0.000000,0.000000,0.000000,1.182405,0.685121,false,false
2026-04-17T14:47:30.645102,0.000000,0.000000,1.731498,350.792,N,0,0.000000,0,0.000000,0.893741,1.937908,0.764423,-0.418985,9.488221,2.477999,0.712075,-0.001307,0.278010,0.764423,0.517403,0.927904,0.622472,1.231334,1.062409,-18.373001,-30.240002,23.996000,NaN,-0.385198,true,Self-supervised model,0.163869,0.000000,0.000000,0.000000,0.000000,0.000000,1.169171,0.620809,false,false
2026-04-17T14:47:30.655486,0.000000,0.000000,1.726540,351.077,N,0,0.000000,0,0.000000,0.881115,1.917636,0.814828,-0.301669,9.622296,2.291251,0.794472,0.118168,0.137091,0.814828,0.564439,0.974330,0.705549,1.328801,1.126016,-18.373001,-30.240002,23.996000,NaN,-0.395283,true,Self-supervised model,0.165212,0.000000,0.000000,0.000000,0.000000,0.000000,1.081352,0.613205,false,false
2026-04-17T14:47:30.660806,0.000000,0.000000,1.720163,351.442,N,0,0.000000,0,0.000000,0.881321,1.898184,0.882403,-0.201113,9.742006,2.106898,0.853961,0.222222,0.001921,0.882403,0.595594,0.988380,0.778853,1.392207,1.153961,-18.373001,-30.240002,23.996000,NaN,-0.407338,true,Self-supervised model,0.163756,0.000000,0.000000,0.000000,0.000000,0.000000,0.998774,0.633816,false,false
2026-04-17T14:47:30.669810,0.000000,0.000000,1.712208,351.898,N,0,0.000000,0,0.000000,0.891613,1.879921,0.945645,-0.119710,9.828198,1.912967,0.888256,0.292178,-0.140991,0.945645,0.612087,0.979828,0.836885,1.426566,1.155298,-18.373001,-30.240002,23.996000,NaN,-0.421608,true,Self-supervised model,0.177661,0.000000,0.000000,0.000000,0.000000,0.000000,0.942862,0.662882,false,false
2026-04-17T14:47:30.677318,0.000000,0.000000,1.702503,352.454,N,0,0.000000,0,0.000000,0.923365,1.863659,1.090064,0.004788,9.935937,1.656788,0.960064,0.383533,-0.345569,1.090064,0.610865,0.952339,0.896139,1.443320,1.131418,-18.373001,-30.240002,23.996000,NaN,-0.438311,true,Self-supervised model,0.193626,0.000000,0.000000,0.000000,0.000000,0.000000,0.847075,0.755248,false,false
2026-04-17T14:47:30.685765,0.000000,0.000000,1.690885,353.119,N,0,0.000000,0,0.000000,0.972777,1.850023,1.232190,0.117316,10.081984,1.458069,1.000694,0.514038,-0.502660,1.232190,0.582765,0.907135,0.947452,1.435331,1.078197,-18.373001,-30.240002,23.996000,NaN,-0.457583,true,Self-supervised model,0.213226,0.000000,0.000000,0.000000,0.000000,0.000000,0.789470,0.858471,false,false
2026-04-17T14:47:30.692436,0.000000,0.000000,1.675657,353.992,N,0,0.000000,0,0.000000,1.047860,1.839937,1.442047,0.416591,10.182540,1.441309,1.221074,0.599400,-0.478747,1.442047,0.551000,0.850324,0.975552,1.406540,1.013239,-18.373001,-30.240002,23.996000,NaN,-0.487246,true,Self-supervised model,0.216636,0.000000,0.000000,0.000000,0.000000,0.000000,0.726648,1.025244,false,false
2026-04-17T14:47:30.703372,0.000000,0.000000,1.656689,355.079,N,0,0.000000,0,0.000000,1.143980,1.834099,1.648609,0.696713,10.290278,1.403002,1.417510,0.692776,-0.478164,1.648609,0.483805,0.733649,0.993878,1.326688,0.878811,-18.373001,-30.240002,23.996000,NaN,-0.521177,true,Self-supervised model,0.255246,0.000000,0.000000,0.000000,0.000000,0.000000,0.693906,1.242650,false,false
2026-04-17T14:47:30.709420,0.000000,0.000000,1.634002,356.379,N,0,0.000000,0,0.000000,1.263508,1.833275,1.891029,0.998382,10.402806,1.367089,1.649584,0.792876,-0.475617,1.891029,0.415999,0.648128,0.974330,1.241952,0.770146,-18.373001,-30.240002,23.996000,NaN,-0.558743,true,Self-supervised model,0.229016,0.000000,0.000000,0.000000,0.000000,0.000000,0.668159,1.522627,false,false
2026-04-17T14:47:30.720041,0.000000,0.000000,1.609375,357.790,N,0,0.000000,0,0.000000,1.388942,1.837502,2.047470,1.228225,10.500969,1.438915,1.810910,0.880407,-0.370970,2.047470,0.342085,0.586431,0.914465,1.138933,0.678913,-18.373001,-30.240002,23.996000,NaN,-0.591127,true,Self-supervised model,0.283768,0.000000,0.000000,0.000000,0.000000,0.000000,0.678370,1.797708,false,false
2026-04-17T14:47:30.724999,0.000000,0.000000,1.582913,359.306,N,0,0.000000,0,0.000000,1.507778,1.846313,2.131668,1.369483,10.596737,1.575385,1.888037,0.967533,-0.207855,2.131668,0.264505,0.544281,0.825279,1.023372,0.605148,-22.332001,-28.579000,20.477001,NaN,-0.624930,true,Self-supervised model,0.181186,0.000000,0.000000,0.000000,0.000000,0.000000,0.707323,2.082985,false,false
2026-04-17T14:47:30.733390,0.000000,0.000000,1.555028,0.903,N,0,0.000000,0,0.000000,1.604268,1.858631,2.110840,1.410185,10.611102,1.702277,1.871097,0.975187,-0.060420,2.110840,0.196088,0.524733,0.737925,0.926460,0.560174,-22.332001,-28.579000,20.477001,NaN,-0.658502,true,Self-supervised model,0.262810,0.000000,0.000000,0.000000,0.000000,0.000000,0.760014,2.278391,false,false
2026-04-17T14:47:30.740759,0.000000,0.000000,1.526320,2.548,N,0,0.000000,0,0.000000,1.676128,1.873331,2.053392,1.386243,10.625467,1.877054,1.797296,0.984651,0.128888,2.053392,0.117897,0.540005,0.623083,0.832909,0.552725,-22.332001,-28.579000,20.477001,NaN,-0.690506,true,Self-supervised model,0.238464,0.000000,0.000000,0.000000,0.000000,0.000000,0.816273,2.465327,false,false
2026-04-17T14:47:30.748980,0.000000,0.000000,1.497456,4.202,N,0,0.000000,0,0.000000,1.714407,1.888974,1.915372,1.180341,10.745177,1.963245,1.551137,1.101138,0.223874,1.915372,0.047037,0.621861,0.517403,0.810327,0.623637,-22.332001,-28.579000,20.477001,NaN,-0.719996,true,Self-supervised model,0.238272,0.000000,0.000000,0.000000,0.000000,0.000000,0.895078,2.363704,false,false
2026-04-17T14:47:30.756829,0.000000,0.000000,1.469208,5.821,N,0,0.000000,0,0.000000,1.718623,1.904160,1.740756,1.019930,10.675745,2.082955,1.359760,1.029905,0.347246,1.740756,-0.007941,0.745866,0.438601,0.865304,0.745909,-22.332001,-28.579000,20.477001,NaN,-0.745778,true,Self-supervised model,0.201293,0.000000,0.000000,0.000000,0.000000,0.000000,0.987285,2.011728,false,false
2026-04-17T14:47:30.764651,0.000000,0.000000,1.442143,7.371,N,0,0.000000,0,0.000000,1.701543,1.918055,1.611872,0.878672,10.508151,2.387019,1.196602,0.861605,0.651086,1.611872,-0.047647,0.923017,0.359189,0.991589,0.924246,-22.332001,-28.579000,20.477001,NaN,-0.768109,true,Self-supervised model,0.185495,0.000000,0.000000,0.000000,0.000000,0.000000,1.055631,1.625545,false,false
2026-04-17T14:47:30.777212,0.000000,0.000000,1.416685,8.830,N,0,0.000000,0,0.000000,1.669763,1.930123,1.502918,0.770933,10.266336,2.585738,1.075012,0.619666,0.848012,1.502918,-0.047037,1.119716,0.289550,1.157504,1.120704,-22.332001,-28.579000,20.477001,NaN,-0.787144,true,Self-supervised model,0.213135,0.000000,0.000000,0.000000,0.000000,0.000000,1.111014,1.298413,false,false
2026-04-17T14:47:30.780739,0.000000,0.000000,1.393094,10.182,N,0,0.000000,0,0.000000,1.625407,1.939935,1.392542,0.656011,10.050858,2.669535,0.953622,0.404165,0.930822,1.392542,-0.024435,1.324356,0.235794,1.345405,1.324581,-22.332001,-28.579000,20.477001,NaN,-0.803261,true,Self-supervised model,0.109079,0.000000,0.000000,0.000000,0.000000,0.000000,1.167223,1.035036,false,false
2026-04-17T14:47:30.788860,0.000000,0.000000,1.371536,11.417,N,0,0.000000,0,0.000000,1.563278,1.946868,1.237100,0.507571,10.012551,2.602497,0.804909,0.365560,0.865392,1.237100,0.009163,1.505172,0.205251,1.519130,1.505200,-22.332001,-28.579000,20.477001,NaN,-0.816690,true,Self-supervised model,0.160583,0.000000,0.000000,0.000000,0.000000,0.000000,1.263663,0.814348,false,false
2026-04-17T14:47:30.796326,0.000000,0.000000,1.352036,12.534,N,0,0.000000,0,0.000000,1.481583,1.950257,1.052680,0.143652,10.232818,2.485181,0.445546,0.585040,0.753228,1.052680,0.051313,1.709812,0.195477,1.721714,1.710582,-22.332001,-28.579000,20.477001,NaN,-0.827959,true,Self-supervised model,0.147152,0.000000,0.000000,0.000000,0.000000,0.000000,1.407439,0.611414,false,false
2026-04-17T14:47:30.804672,0.000000,0.000000,1.334462,13.541,N,0,0.000000,0,0.000000,1.417943,1.950964,1.083835,-0.349553,10.541670,2.336741,-0.040515,0.892558,0.613511,1.083835,0.088575,1.875356,0.221133,1.890425,1.877447,-22.332001,-28.579000,20.477001,NaN,-0.837831,true,Self-supervised model,0.148710,0.000000,0.000000,0.000000,0.000000,0.000000,1.308265,0.573329,false,false
2026-04-17T14:47:30.813083,0.000000,0.000000,1.318508,14.455,N,0,0.000000,0,0.000000,1.425824,1.951959,1.467197,-0.794875,10.955867,2.181118,-0.478763,1.304835,0.469955,1.467197,0.122173,2.001194,0.277333,2.024011,2.004920,-22.332001,-28.579000,20.477001,NaN,-0.847299,true,Self-supervised model,0.169572,0.000000,0.000000,0.000000,0.000000,0.000000,0.971801,0.724896,false,false
2026-04-17T14:47:30.820742,0.000000,0.000000,1.303682,15.305,N,0,0.000000,0,0.000000,1.497981,1.955800,1.876808,-1.098939,11.322180,2.059013,-0.778733,1.668668,0.362671,1.876808,0.136834,2.052507,0.340863,2.085113,2.057063,-22.332001,-28.579000,20.477001,NaN,-0.857618,true,Self-supervised model,0.204069,0.000000,0.000000,0.000000,0.000000,0.000000,0.798154,0.900099,false,false
2026-04-17T14:47:30.828431,0.000000,0.000000,1.289324,16.127,N,0,0.000000,0,0.000000,1.616579,1.964231,2.239218,-1.338359,11.643003,1.850718,-1.018963,1.986638,0.170537,2.239218,0.142942,2.063503,0.415999,2.109865,2.068448,-22.332001,-28.579000,20.477001,NaN,-0.870103,true,Self-supervised model,0.236845,0.000000,0.000000,0.000000,0.000000,0.000000,0.721939,1.061309,false,false
2026-04-17T14:47:30.837055,0.000000,0.000000,1.274750,16.962,N,0,0.000000,0,0.000000,1.748075,1.977585,2.438428,-1.410185,11.836933,1.683124,-1.097096,2.177603,0.018886,2.438428,0.133779,2.039679,0.459982,2.095178,2.044062,-22.332001,-28.579000,20.477001,NaN,-0.885540,true,Self-supervised model,0.263383,0.000000,0.000000,0.000000,0.000000,0.000000,0.716886,1.163828,false,false
2026-04-17T14:47:30.844920,0.000000,0.000000,1.259369,17.843,N,0,0.000000,0,0.000000,1.869027,1.995242,2.504027,-1.323994,11.947066,1.584962,-1.022059,2.285008,-0.065449,2.504027,0.092241,1.921782,0.504575,1.989058,1.923994,-22.332001,-28.579000,20.477001,NaN,-0.904147,true,Self-supervised model,0.259223,0.000000,0.000000,0.000000,0.000000,0.000000,0.746409,1.258901,false,false
2026-04-17T14:47:30.853087,0.000000,0.000000,1.242812,18.792,N,0,0.000000,0,0.000000,1.962377,2.015928,2.452466,-1.146823,11.959038,1.539472,-0.859259,2.294803,-0.100729,2.452466,0.050702,1.808772,0.502131,1.877861,1.809482,-22.332001,-28.579000,20.477001,NaN,-0.925413,true,Self-supervised model,0.269895,0.000000,0.000000,0.000000,0.000000,0.000000,0.800165,1.305989,false,false
2026-04-17T14:47:30.860356,0.000000,0.000000,1.225017,19.812,N,0,0.000000,0,0.000000,2.024001,2.038251,2.347526,-0.900220,11.925519,1.541866,-0.628062,2.260016,-0.093493,2.347526,-0.035430,1.565648,0.459371,1.632032,1.566048,-22.332001,-28.579000,20.477001,NaN,-0.948155,true,Self-supervised model,0.256926,0.000000,0.000000,0.000000,0.000000,0.000000,0.862185,1.438407,false,false
2026-04-17T14:47:30.869425,0.000000,0.000000,1.206265,20.886,N,0,0.000000,0,0.000000,2.058686,2.061068,2.240782,-0.682347,11.865664,1.651999,-0.424472,2.200165,0.014310,2.240782,-0.138666,1.299921,0.382402,1.362077,1.307296,-22.332001,-28.579000,20.477001,NaN,-0.970735,true,Self-supervised model,0.284362,0.000000,0.000000,0.000000,0.000000,0.000000,0.918735,1.645121,false,false
2026-04-17T14:47:30.879796,0.000000,0.000000,1.187105,21.984,N,0,0.000000,0,0.000000,2.071464,2.083484,2.138548,-0.524330,11.772290,1.874660,-0.277611,2.108392,0.225842,2.138548,-0.252287,1.016480,0.278555,1.083731,1.047320,-22.332001,-28.579000,20.477001,NaN,-0.991533,true,Self-supervised model,0.298176,0.000000,0.000000,0.000000,0.000000,0.000000,0.968631,1.973320,false,false
2026-04-17T14:47:30.885543,0.000000,0.000000,1.168264,23.063,NE,0,0.000000,0,0.000000,2.065074,2.104748,2.031526,-0.512359,11.619061,2.135628,-0.271804,1.958558,0.466125,2.031526,-0.340863,0.806342,0.184481,0.894655,0.875429,-26.977001,-28.969002,20.652000,NaN,-1.009093,true,Self-supervised model,0.222166,0.000000,0.000000,0.000000,0.000000,0.000000,1.016514,2.270736,false,false
2026-04-17T14:47:30.892490,0.000000,0.000000,1.150585,24.076,NE,0,0.000000,0,0.000000,2.039510,2.124138,1.905300,-0.497994,11.367670,2.492364,-0.258529,1.711932,0.795374,1.905300,-0.420275,0.651793,0.083078,0.779979,0.775542,-26.977001,-28.969002,20.652000,NaN,-1.022123,true,Self-supervised model,0.246622,0.000000,0.000000,0.000000,0.000000,0.000000,1.070440,2.442757,false,false
2026-04-17T14:47:30.903583,0.000000,0.000000,1.134653,24.989,NE,0,0.000000,0,0.000000,2.001033,2.141214,1.799024,-0.505177,11.037270,2.844312,-0.260947,1.387354,1.115188,1.799024,-0.447764,0.626137,-0.006109,0.769791,0.769766,-26.977001,-28.969002,20.652000,NaN,-1.031072,true,Self-supervised model,0.287271,0.000000,0.000000,0.000000,0.000000,0.000000,1.112288,2.337031,false,false
2026-04-17T14:47:30.909182,0.000000,0.000000,1.120905,25.777,NE,0,0.000000,0,0.000000,1.947494,2.155465,1.666414,-0.478840,10.611102,3.100491,-0.223187,0.967460,1.338337,1.666414,-0.425773,0.749532,-0.077580,0.865505,0.862021,-26.977001,-28.969002,20.652000,NaN,-1.036079,true,Self-supervised model,0.221733,0.000000,0.000000,0.000000,0.000000,0.000000,1.168673,1.925366,false,false
2026-04-17T14:47:30.916733,0.000000,0.000000,1.109599,26.425,NE,0,0.000000,0,0.000000,1.885303,2.166659,1.558800,-0.435745,10.223241,3.227384,-0.160941,0.585580,1.435636,1.558800,-0.382402,0.912633,-0.120340,0.996801,0.989510,-26.977001,-28.969002,20.652000,NaN,-1.037620,true,Self-supervised model,0.238283,0.000000,0.000000,0.000000,0.000000,0.000000,1.209458,1.563803,false,false
2026-04-17T14:47:30.924408,0.000000,0.000000,1.100870,26.925,NE,0,0.000000,0,0.000000,1.827272,2.175083,1.522614,-0.402226,9.821015,3.323152,-0.100262,0.188631,1.507555,1.522614,-0.287718,1.249219,-0.190590,1.296015,1.281925,-26.977001,-28.969002,20.652000,NaN,-1.036040,true,Self-supervised model,0.232510,0.000000,0.000000,0.000000,0.000000,0.000000,1.200089,1.174843,false,false
2026-04-17T14:47:30.932428,0.000000,0.000000,1.094723,27.277,NE,0,0.000000,0,0.000000,1.778765,2.181230,1.524101,-0.402226,9.538500,3.351882,-0.064066,-0.089620,1.520115,1.524101,-0.196088,1.555874,-0.256563,1.589031,1.568182,-26.977001,-28.969002,20.652000,NaN,-1.031859,true,Self-supervised model,0.235606,0.000000,0.000000,0.000000,0.000000,0.000000,1.167091,0.959139,false,false
2026-04-17T14:47:30.941140,0.000000,0.000000,1.091205,27.479,NE,0,0.000000,0,0.000000,1.728169,2.185108,1.462542,-0.545878,9.354146,3.268085,-0.161915,-0.270692,1.428124,1.462542,-0.122173,1.795944,-0.323148,1.828870,1.800095,-26.977001,-28.969002,20.652000,NaN,-1.024860,true,Self-supervised model,0.230489,0.000000,0.000000,0.000000,0.000000,0.000000,1.181621,0.799697,false,false
2026-04-17T14:47:30.948754,0.000000,0.000000,1.090428,27.523,NE,0,0.000000,0,0.000000,1.668773,2.186455,1.356942,-0.840365,9.270349,3.088520,-0.401277,-0.351940,1.247560,1.356942,-0.052534,2.020131,-0.404393,2.060879,2.020814,-26.977001,-28.969002,20.652000,NaN,-1.014677,true,Self-supervised model,0.223413,0.000000,0.000000,0.000000,0.000000,0.000000,1.229804,0.658429,false,false
2026-04-17T14:47:30.957492,0.000000,0.000000,1.092515,27.404,NE,0,0.000000,0,0.000000,1.616653,2.185662,1.343023,-1.288081,9.248801,2.861071,-0.784952,-0.371207,1.024582,1.343023,-0.007330,2.147191,-0.477697,2.199700,2.147204,-26.977001,-28.969002,20.652000,NaN,-1.001130,true,Self-supervised model,0.211708,0.000000,0.000000,0.000000,0.000000,0.000000,1.203742,0.610549,false,false
2026-04-17T14:47:30.964788,0.000000,0.000000,1.097581,27.113,NE,0,0.000000,0,0.000000,1.597989,2.184156,1.500003,-1.800440,9.337387,2.645593,-1.226572,-0.280116,0.816741,1.500003,0.002443,2.183232,-0.530231,2.246699,2.183234,-26.977001,-28.969002,20.652000,NaN,-0.984149,true,Self-supervised model,0.207517,0.000000,0.000000,0.000000,0.000000,0.000000,1.065324,0.667648,false,false
2026-04-17T14:47:30.972851,0.000000,0.000000,1.105559,26.656,NE,0,0.000000,0,0.000000,1.628813,2.183942,1.790640,-2.288857,9.385271,2.499547,-1.640988,-0.229110,0.679011,1.790640,-0.016493,2.128254,-0.556498,2.199870,2.128318,-26.977001,-28.969002,20.652000,NaN,-0.964521,true,Self-supervised model,0.229876,0.000000,0.000000,0.000000,0.000000,0.000000,0.909626,0.813975,false,false
2026-04-17T14:47:30.980984,0.000000,0.000000,1.116126,26.051,NE,0,0.000000,0,0.000000,1.703803,2.186736,2.097502,-2.748544,9.471462,2.339135,-2.025931,-0.138840,0.525209,2.097502,-0.047037,2.034181,-0.565661,2.111890,2.034725,-26.977001,-28.969002,20.652000,NaN,-0.943599,true,Self-supervised model,0.251216,0.000000,0.000000,0.000000,0.000000,0.000000,0.812301,0.993187,false,false
2026-04-17T14:47:30.988558,0.000000,0.000000,1.128780,25.326,NE,0,0.000000,0,0.000000,1.799197,2.193235,2.300013,-3.050213,9.423578,2.229002,-2.254679,-0.181265,0.416684,2.300013,-0.154549,1.776396,-0.549168,1.865758,1.783106,-26.977001,-28.969002,20.652000,NaN,-0.922599,true,Self-supervised model,0.263761,0.000000,0.000000,0.000000,0.000000,0.000000,0.782255,1.232750,false,false
2026-04-17T14:47:30.996712,0.000000,0.000000,1.142837,24.520,NE,0,0.000000,0,0.000000,1.885748,2.202935,2.340144,-3.157952,9.318233,2.190695,-2.293383,-0.279481,0.372234,2.340144,-0.268781,1.533883,-0.519235,1.641537,1.557254,-26.977001,-28.969002,20.652000,NaN,-0.902930,true,Self-supervised model,0.284210,0.000000,0.000000,0.000000,0.000000,0.000000,0.805826,1.425581,false,false
2026-04-17T14:47:31.004786,0.000000,0.000000,1.157476,23.682,NE,0,0.000000,0,0.000000,1.948877,2.214773,2.280304,-3.124433,9.124303,2.238579,-2.195682,-0.464332,0.403937,2.280304,-0.383623,1.331686,-0.486249,1.468670,1.385841,-26.977001,-28.969002,20.652000,NaN,-0.885963,true,Self-supervised model,0.286473,0.000000,0.000000,0.000000,0.000000,0.000000,0.854657,1.552632,false,false
2026-04-17T14:47:31.013177,0.000000,0.000000,1.171868,22.857,NE,0,0.000000,0,0.000000,1.986735,2.227651,2.185489,-2.964022,8.872911,2.475605,-1.975579,-0.704559,0.614041,2.185489,-0.509462,1.122770,-0.447153,1.311530,1.232949,-26.977001,-28.969002,20.652000,NaN,-0.872557,true,Self-supervised model,0.287727,0.000000,0.000000,0.000000,0.000000,0.000000,0.909058,1.666366,false,false
2026-04-17T14:47:31.020958,0.000000,0.000000,1.185319,22.086,N,0,0.000000,0,0.000000,2.012350,2.241039,2.146829,-2.743755,8.640674,2.829947,-1.699719,-0.923561,0.931055,2.146829,-0.615752,0.974330,-0.408058,1.222694,1.152593,-26.977001,-28.969002,20.652000,NaN,-0.862869,true,Self-supervised model,0.283260,0.000000,0.000000,0.000000,0.000000,0.000000,0.937359,1.755818,false,false
2026-04-17T14:47:31.028600,0.000000,0.000000,1.197298,21.400,N,0,0.000000,0,0.000000,2.052753,2.255508,2.264869,-2.547431,8.365341,3.217807,-1.451569,-1.183894,1.273176,2.264869,-0.682336,0.891863,-0.366519,1.181245,1.122944,-26.977001,-28.969002,20.652000,NaN,-0.856781,true,Self-supervised model,0.308543,0.000000,0.000000,0.000000,0.000000,0.000000,0.906345,1.917358,false,false
2026-04-17T14:47:31.042808,0.000000,0.000000,1.207469,20.817,N,0,0.000000,0,0.000000,2.111703,2.271756,2.421186,-2.372654,8.154651,3.562572,-1.227715,-1.378283,1.566906,2.421186,-0.704328,0.879646,-0.324369,1.172634,1.126878,-26.977001,-28.969002,20.652000,NaN,-0.853842,true,Self-supervised model,0.374674,0.000000,0.000000,0.000000,0.000000,0.000000,0.872177,2.064742,false,false
2026-04-17T14:47:31.045645,0.000000,0.000000,1.215712,20.345,N,0,0.000000,0,0.000000,2.191789,2.290557,2.612244,-2.226608,7.922413,3.837905,-1.037181,-1.594141,1.790751,2.612244,-0.690278,0.920574,-0.265116,1.180773,1.150626,-31.960001,-27.045002,12.258000,NaN,-0.853309,true,Self-supervised model,0.231699,0.000000,0.000000,0.000000,0.000000,0.000000,0.839045,2.212316,false,false
2026-04-17T14:47:31.052829,0.000000,0.000000,1.221937,19.988,N,0,0.000000,0,0.000000,2.273044,2.311857,2.699631,-2.047042,7.635109,3.914520,-0.791610,-1.856616,1.792857,2.699631,-0.656680,0.992656,-0.216246,1.209693,1.190208,-31.960001,-27.045002,12.258000,NaN,-0.855159,true,Self-supervised model,0.413803,0.000000,0.000000,0.000000,0.000000,0.000000,0.841983,2.231666,false,false
2026-04-17T14:47:31.060616,0.000000,0.000000,1.226927,19.702,N,0,0.000000,0,0.000000,2.372882,2.336298,2.897033,-1.970428,7.433996,4.141969,-0.658353,-2.034992,1.954016,2.897033,-0.572992,1.178970,-0.120340,1.316348,1.310835,-31.960001,-27.045002,12.258000,NaN,-0.855104,true,Self-supervised model,0.443677,0.000000,0.000000,0.000000,0.000000,0.000000,0.819073,2.200812,false,false
2026-04-17T14:47:31.068741,0.000000,0.000000,1.230300,19.509,N,0,0.000000,0,0.000000,2.480023,2.364047,3.042514,-1.924938,7.302315,4.290410,-0.580741,-2.154257,2.068527,3.042514,-0.500910,1.261437,-0.043982,1.357964,1.357252,-31.960001,-27.045002,12.258000,NaN,-0.858202,true,Self-supervised model,0.476364,0.000000,0.000000,0.000000,0.000000,0.000000,0.815123,2.240496,false,false
2026-04-17T14:47:31.077243,0.000000,0.000000,1.231795,19.423,N,0,0.000000,0,0.000000,2.579308,2.394657,3.100553,-1.865083,7.201759,4.328717,-0.494163,-2.244833,2.080856,3.100553,-0.401338,1.328632,0.043982,1.388621,1.387925,-31.960001,-27.045002,12.258000,NaN,-0.864218,true,Self-supervised model,0.496950,0.000000,0.000000,0.000000,0.000000,0.000000,0.831886,2.232828,false,false
2026-04-17T14:47:31.087180,0.000000,0.000000,1.231590,19.435,N,0,0.000000,0,0.000000,2.649524,2.426852,3.018161,-1.824382,7.199365,4.240131,-0.432732,-2.240235,1.975698,3.018161,-0.295048,1.396438,0.129503,1.433131,1.427267,-31.960001,-27.045002,12.258000,NaN,-0.871225,true,Self-supervised model,0.496492,0.000000,0.000000,0.000000,0.000000,0.000000,0.877861,2.105991,false,false
2026-04-17T14:47:31.092489,0.000000,0.000000,1.229890,19.532,N,0,0.000000,0,0.000000,2.678977,2.458937,2.833606,-1.810017,7.345411,4.141969,-0.402828,-2.090162,1.870367,2.833606,-0.185703,1.447751,0.204029,1.473803,1.459612,-31.960001,-27.045002,12.258000,NaN,-0.878903,true,Self-supervised model,0.457447,0.000000,0.000000,0.000000,0.000000,0.000000,0.945431,1.922649,false,false
2026-04-17T14:47:31.103783,0.000000,0.000000,1.226920,19.703,N,0,0.000000,0,0.000000,2.673062,2.489502,2.642006,-1.833959,7.544129,4.067749,-0.416175,-1.890353,1.798210,2.642006,-0.096517,1.458135,0.260229,1.484316,1.461326,-31.960001,-27.045002,12.258000,NaN,-0.886956,true,Self-supervised model,0.430283,0.000000,0.000000,0.000000,0.000000,0.000000,1.011755,1.779949,false,false
2026-04-17T14:47:31.109150,0.000000,0.000000,1.222913,19.932,N,0,0.000000,0,0.000000,2.633146,2.517248,2.423589,-1.862689,7.838616,4.029441,-0.438767,-1.597188,1.769253,2.423589,0.004887,1.426370,0.315206,1.460791,1.426379,-31.960001,-27.045002,12.258000,NaN,-0.895107,true,Self-supervised model,0.370368,0.000000,0.000000,0.000000,0.000000,0.000000,1.086466,1.659093,false,false
2026-04-17T14:47:31.118405,0.000000,0.000000,1.218091,20.209,N,0,0.000000,0,0.000000,2.564122,2.541123,2.201746,-1.838747,8.147469,3.979163,-0.413056,-1.291767,1.734477,2.201746,0.102625,1.348180,0.348193,1.396194,1.352080,-31.960001,-27.045002,12.258000,NaN,-0.903194,true,Self-supervised model,0.351931,0.000000,0.000000,0.000000,0.000000,0.000000,1.164586,1.576963,false,false
2026-04-17T14:47:31.124394,0.000000,0.000000,1.212671,20.519,N,0,0.000000,0,0.000000,2.469386,2.560253,1.972020,-1.711854,8.355764,3.842694,-0.287864,-1.088669,1.618888,1.972020,0.168599,1.288315,0.361632,1.348688,1.299300,-31.960001,-27.045002,12.258000,NaN,-0.911001,true,Self-supervised model,0.298872,0.000000,0.000000,0.000000,0.000000,0.000000,1.252211,1.462177,false,false
2026-04-17T14:47:31.132680,0.000000,0.000000,1.206914,20.849,N,0,0.000000,0,0.000000,2.349082,2.573806,1.717489,-1.537078,8.477868,3.608062,-0.116572,-0.973195,1.410344,1.717489,0.251676,1.216233,0.351858,1.290878,1.242000,-31.960001,-27.045002,12.258000,NaN,-0.918110,true,Self-supervised model,0.282488,0.000000,0.000000,0.000000,0.000000,0.000000,1.367742,1.330481,false,false
2026-04-17T14:47:31.141014,0.000000,0.000000,1.201123,21.181,N,0,0.000000,0,0.000000,2.217459,2.581552,1.526434,-1.381454,8.523358,3.373430,0.035675,-0.935178,1.205889,1.526434,0.316428,1.145983,0.314596,1.229786,1.188867,-31.960001,-27.045002,12.258000,NaN,-0.924036,true,Self-supervised model,0.262306,0.000000,0.000000,0.000000,0.000000,0.000000,1.452706,1.241218,false,false
2026-04-17T14:47:31.148845,0.000000,0.000000,1.195620,21.496,N,0,0.000000,0,0.000000,2.079470,2.583469,1.355033,-1.338359,8.556877,3.136404,0.076508,-0.909438,1.001590,1.355033,0.337808,1.086729,0.276111,1.171039,1.138022,-31.960001,-27.045002,12.258000,NaN,-0.928383,true,Self-supervised model,0.245150,0.000000,0.000000,0.000000,0.000000,0.000000,1.534628,1.157120,false,false
2026-04-17T14:47:31.156542,0.000000,0.000000,1.190658,21.780,N,0,0.000000,0,0.000000,1.936447,2.579588,1.185571,-1.338359,8.588001,2.908955,0.080067,-0.881151,0.789139,1.185571,0.326202,1.035417,0.246790,1.113284,1.085585,-31.960001,-27.045002,12.258000,NaN,-0.931185,true,Self-supervised model,0.234080,0.000000,0.000000,0.000000,0.000000,0.000000,1.633345,1.064932,false,false
2026-04-17T14:47:31.164438,0.000000,0.000000,1.185881,22.054,N,0,0.000000,0,0.000000,1.783067,2.569727,0.977824,-1.357512,8.686164,2.683900,0.065160,-0.785584,0.578577,0.977824,0.290161,1.004262,0.215025,1.067226,1.045340,-31.960001,-27.045002,12.258000,NaN,-0.935221,true,Self-supervised model,0.223564,0.000000,0.000000,0.000000,0.000000,0.000000,1.823504,0.916230,false,false
2026-04-17T14:47:31.172762,0.000000,0.000000,1.181355,22.313,N,0,0.000000,0,0.000000,1.625192,2.553946,0.796351,-1.412579,8.803479,2.523489,0.015601,-0.670072,0.430041,0.796351,0.232129,1.005484,0.194255,1.050056,1.031931,-31.960001,-27.045002,12.258000,NaN,-0.938744,true,Self-supervised model,0.218096,0.000000,0.000000,0.000000,0.000000,0.000000,2.040800,0.758389,false,false
2026-04-17T14:47:31.180855,0.000000,0.000000,1.177033,22.561,NE,0,0.000000,0,0.000000,1.476353,2.532842,0.694949,-1.426944,8.899248,2.475605,0.007978,-0.575047,0.390143,0.694949,0.168599,1.029919,0.177151,1.058556,1.043627,-31.960001,-27.045002,12.258000,NaN,-0.942248,true,Self-supervised model,0.213000,0.000000,0.000000,0.000000,0.000000,0.000000,2.124406,0.656506,false,false
2026-04-17T14:47:31.188686,0.000000,0.000000,1.172763,22.806,NE,0,0.000000,0,0.000000,1.347548,2.507430,0.671321,-1.460463,8.932767,2.477999,-0.017710,-0.541261,0.396731,0.671321,0.116675,1.063516,0.172875,1.083774,1.069897,-31.960001,-27.045002,12.258000,NaN,-0.946310,true,Self-supervised model,0.205874,0.000000,0.000000,0.000000,0.000000,0.000000,2.007307,0.619429,false,false
2026-04-17T14:47:31.202200,0.000000,0.000000,1.168383,23.057,NE,0,0.000000,0,0.000000,1.240012,2.478734,0.675449,-1.508347,8.966286,2.523489,-0.056834,-0.506600,0.443122,0.675449,0.069639,1.106277,0.169210,1.121307,1.108467,-31.960001,-27.045002,12.258000,NaN,-0.951132,true,Self-supervised model,0.202329,0.000000,0.000000,0.000000,0.000000,0.000000,1.835835,0.602376,false,false
2026-04-17T14:47:31.204884,0.000000,0.000000,1.163761,23.321,NE,0,0.000000,0,0.000000,1.144949,2.447382,0.645864,-1.589750,9.026140,2.533065,-0.129044,-0.444779,0.450176,0.645864,0.036652,1.133155,0.178984,1.147789,1.133748,-31.005001,-29.200001,2.341000,NaN,-0.956719,true,Self-supervised model,0.170256,0.000000,0.000000,0.000000,0.000000,0.000000,1.772741,0.562703,false,false
2026-04-17T14:47:31.213451,0.000000,0.000000,1.158745,23.609,NE,0,0.000000,0,0.000000,1.060263,2.413898,0.615666,-1.673547,9.153033,2.576161,-0.204046,-0.315328,0.487830,0.615666,0.003054,1.136820,0.196088,1.153612,1.136824,-31.005001,-29.200001,2.341000,NaN,-0.963316,true,Self-supervised model,0.188088,0.000000,0.000000,0.000000,0.000000,0.000000,1.722141,0.533685,false,false
2026-04-17T14:47:31.221038,0.000000,0.000000,1.153225,23.925,NE,0,0.000000,0,0.000000,0.993986,2.379101,0.646031,-1.778892,9.244013,2.624045,-0.302018,-0.221168,0.526522,0.646031,-0.041539,1.104444,0.230907,1.129089,1.105225,-31.005001,-29.200001,2.341000,NaN,-0.970847,true,Self-supervised model,0.178303,0.000000,0.000000,0.000000,0.000000,0.000000,1.538605,0.572170,false,false
2026-04-17T14:47:31.228741,0.000000,0.000000,1.147055,24.279,NE,0,0.000000,0,0.000000,0.946046,2.343779,0.694359,-1.889025,9.416395,2.671929,-0.406687,-0.044950,0.560999,0.694359,-0.075136,1.054353,0.273668,1.091879,1.057027,-31.005001,-29.200001,2.341000,NaN,-0.979620,true,Self-supervised model,0.170460,0.000000,0.000000,0.000000,0.000000,0.000000,1.362473,0.635930,false,false
2026-04-17T14:47:31.237134,0.000000,0.000000,1.140102,24.677,NE,0,0.000000,0,0.000000,0.938299,2.309560,0.897626,-1.939303,9.591172,2.892196,-0.454046,0.134479,0.762555,0.897626,-0.099571,0.974941,0.323759,1.032107,0.980012,-31.005001,-29.200001,2.341000,NaN,-0.989702,true,Self-supervised model,0.175520,0.000000,0.000000,0.000000,0.000000,0.000000,1.045311,0.869703,false,false
2026-04-17T14:47:31.245001,0.000000,0.000000,1.132211,25.129,NE,0,0.000000,0,0.000000,0.977443,2.278275,1.182954,-1.860295,9.801862,3.220201,-0.375875,0.350739,1.065402,1.182954,-0.113010,0.861320,0.377515,0.947186,0.868702,-31.005001,-29.200001,2.341000,NaN,-1.001351,true,Self-supervised model,0.210385,0.000000,0.000000,0.000000,0.000000,0.000000,0.826274,1.248914,false,false
2026-04-17T14:47:31.253838,0.000000,0.000000,1.123185,25.646,NE,0,0.000000,0,0.000000,1.051921,2.251221,1.442927,-1.723825,9.986216,3.476381,-0.253145,0.534150,1.316297,1.442927,-0.107512,0.775188,0.414777,0.885729,0.782608,-31.005001,-29.200001,2.341000,NaN,-1.014909,true,Self-supervised model,0.243912,0.000000,0.000000,0.000000,0.000000,0.000000,0.729019,1.629084,false,false
2026-04-17T14:47:31.260665,0.000000,0.000000,1.113475,26.203,NE,0,0.000000,0,0.000000,1.158110,2.229496,1.715602,-1.474828,10.160992,3.727772,-0.023587,0.707001,1.562973,1.715602,-0.069639,0.668897,0.465479,0.817890,0.672513,-31.005001,-29.200001,2.341000,NaN,-1.027362,true,Self-supervised model,0.268238,0.000000,0.000000,0.000000,0.000000,0.000000,0.675046,2.097594,false,false
2026-04-17T14:47:31.271814,0.000000,0.000000,1.103028,26.801,NE,0,0.000000,0,0.000000,1.286251,2.213767,1.958995,-1.194707,10.280702,3.928885,0.232498,0.823474,1.762242,1.958995,-0.015272,0.610865,0.491747,0.784350,0.611056,-31.005001,-29.200001,2.341000,NaN,-1.040751,true,Self-supervised model,0.304035,0.000000,0.000000,0.000000,0.000000,0.000000,0.656587,2.497605,false,false
2026-04-17T14:47:31.277079,0.000000,0.000000,1.091936,27.437,NE,0,0.000000,0,0.000000,1.409066,2.203579,2.053841,-1.022324,10.374076,3.964798,0.378213,0.912248,1.800840,2.053841,0.050702,0.601091,0.499077,0.782917,0.603226,-31.005001,-29.200001,2.341000,NaN,-1.054427,true,Self-supervised model,0.291804,0.000000,0.000000,0.000000,0.000000,0.000000,0.686064,2.623319,false,false
2026-04-17T14:47:31.287375,0.000000,0.000000,1.080404,28.097,NE,0,0.000000,0,0.000000,1.529675,2.198622,2.162876,-0.852336,10.388441,4.055778,0.521238,0.924296,1.884680,2.162876,0.105680,0.609644,0.492357,0.790727,0.618735,-31.005001,-29.200001,2.341000,NaN,-1.067720,true,Self-supervised model,0.326648,0.000000,0.000000,0.000000,0.000000,0.000000,0.707241,2.735300,false,false
2026-04-17T14:47:31.293035,0.000000,0.000000,1.068092,28.803,NE,0,0.000000,0,0.000000,1.656205,2.198926,2.320484,-0.667982,10.398018,4.185065,0.678437,0.929753,2.014926,2.320484,0.158214,0.594983,0.469145,0.774037,0.615659,-31.005001,-29.200001,2.341000,NaN,-1.083147,true,Self-supervised model,0.318199,0.000000,0.000000,0.000000,0.000000,0.000000,0.713732,2.997900,false,false
2026-04-17T14:47:31.304476,0.000000,0.000000,1.055468,29.526,NE,0,0.000000,0,0.000000,1.775582,2.203992,2.402312,-0.541090,10.419566,4.228160,0.778945,0.945666,2.066413,2.402312,0.204640,0.561385,0.439212,0.741578,0.597521,-31.005001,-29.200001,2.341000,NaN,-1.097023,true,Self-supervised model,0.369731,0.000000,0.000000,0.000000,0.000000,0.000000,0.739114,3.239460,false,false
2026-04-17T14:47:31.309439,0.000000,0.000000,1.042966,30.242,NE,0,0.000000,0,0.000000,1.869726,2.212621,2.363984,-0.476446,10.448297,4.141969,0.819332,0.967649,1.995187,2.363984,0.239459,0.543670,0.406836,0.720023,0.594069,-31.005001,-29.200001,2.341000,NaN,-1.109035,true,Self-supervised model,0.310274,0.000000,0.000000,0.000000,0.000000,0.000000,0.790922,3.283205,false,false
2026-04-17T14:47:31.317688,0.000000,0.000000,1.031013,30.927,NE,0,0.000000,0,0.000000,1.929324,2.223289,2.242211,-0.445322,10.488997,3.952827,0.829364,1.000757,1.827060,2.242211,0.266948,0.571770,0.367741,0.730353,0.631017,-31.005001,-29.200001,2.341000,NaN,-1.118793,true,Self-supervised model,0.351858,0.000000,0.000000,0.000000,0.000000,0.000000,0.860456,3.070037,false,false
2026-04-17T14:47:31.324776,0.000000,0.000000,1.019951,31.561,NE,0,0.000000,0,0.000000,1.958365,2.234692,2.110829,-0.488417,10.644621,3.694253,0.769381,1.148128,1.595449,2.110829,0.283441,0.651793,0.337808,0.786949,0.710756,-31.005001,-29.200001,2.341000,NaN,-1.126294,true,Self-supervised model,0.329449,0.000000,0.000000,0.000000,0.000000,0.000000,0.927770,2.682297,false,false
2026-04-17T14:47:31.333175,0.000000,0.000000,1.010057,32.128,NE,0,0.000000,0,0.000000,1.972134,2.246190,2.044426,-0.574608,10.826580,3.478775,0.669537,1.322055,1.408392,2.044426,0.279776,0.748310,0.321926,0.861324,0.798901,-31.005001,-29.200001,2.341000,NaN,-1.131509,true,Self-supervised model,0.325030,0.000000,0.000000,0.000000,0.000000,0.000000,0.964640,2.373585,false,false
2026-04-17T14:47:31.341152,0.000000,0.000000,1.001260,32.632,NE,0,0.000000,0,0.000000,1.977560,2.257445,2.006047,-0.670376,10.998962,3.265691,0.562164,1.486758,1.223825,2.006047,0.262672,0.819170,0.319483,0.917663,0.860254,-31.005001,-29.200001,2.341000,NaN,-1.135924,true,Self-supervised model,0.316246,0.000000,0.000000,0.000000,0.000000,0.000000,0.985800,2.186038,false,false
2026-04-17T14:47:31.348856,0.000000,0.000000,0.993354,33.085,NE,0,0.000000,0,0.000000,1.988314,2.268680,2.044772,-0.694318,11.171345,3.098097,0.527391,1.651917,1.083570,2.044772,0.224798,0.871705,0.328035,0.958128,0.900224,-31.005001,-29.200001,2.341000,NaN,-1.140264,true,Self-supervised model,0.323868,0.000000,0.000000,0.000000,0.000000,0.000000,0.972389,2.134131,false,false
2026-04-17T14:47:31.361304,0.000000,0.000000,0.986064,33.503,NE,0,0.000000,0,0.000000,2.016265,2.280583,2.163005,-0.620098,11.329363,3.028665,0.590117,1.803373,1.038363,2.163005,0.172264,0.858877,0.341474,0.940185,0.875982,-31.005001,-29.200001,2.341000,NaN,-1.145088,true,Self-supervised model,0.356326,0.000000,0.000000,0.000000,0.000000,0.000000,0.932159,2.300616,false,false
2026-04-17T14:47:31.364565,0.000000,0.000000,0.979033,33.906,NE,0,0.000000,0,0.000000,2.060844,2.293794,2.294883,-0.517148,11.446678,3.038242,0.679341,1.915102,1.066474,2.294883,0.105069,0.772745,0.361632,0.859623,0.779855,-30.390001,-30.176001,-1.436000,NaN,-1.151087,true,Self-supervised model,0.326185,0.000000,0.000000,0.000000,0.000000,0.000000,0.898017,2.669639,false,false
2026-04-17T14:47:31.372644,0.000000,0.000000,0.971869,34.316,NE,0,0.000000,0,0.000000,2.129601,2.309226,2.490574,-0.390255,11.571177,3.157952,0.789751,2.034795,1.199526,2.490574,0.047647,0.655458,0.376293,0.757293,0.657188,-30.390001,-30.176001,-1.436000,NaN,-1.158783,true,Self-supervised model,0.412212,0.000000,0.000000,0.000000,0.000000,0.000000,0.855064,3.288786,false,false
2026-04-17T14:47:31.381417,0.000000,0.000000,0.964291,34.750,NE,0,0.000000,0,0.000000,2.228215,2.327985,2.745942,-0.263362,11.738770,3.330335,0.897002,2.198483,1.379224,2.745942,-0.009163,0.496633,0.384845,0.628359,0.496718,-30.390001,-30.176001,-1.436000,NaN,-1.168015,true,Self-supervised model,0.459696,0.000000,0.000000,0.000000,0.000000,0.000000,0.811458,4.370023,false,false
2026-04-17T14:47:31.388662,0.000000,0.000000,0.956074,35.221,NE,0,0.000000,0,0.000000,2.354228,2.351035,3.015795,-0.124498,11.860875,3.591303,1.013213,2.317358,1.642642,3.015795,-0.036041,0.350026,0.384234,0.521011,0.351876,-30.390001,-30.176001,-1.436000,NaN,-1.178787,true,Self-supervised model,0.505653,0.000000,0.000000,0.000000,0.000000,0.000000,0.780633,5.788347,false,false
2026-04-17T14:47:31.396341,0.000000,0.000000,0.947116,35.734,NE,0,0.000000,0,0.000000,2.488760,2.378544,3.195052,0.019154,11.848905,3.852271,1.132619,2.302516,1.903669,3.195052,-0.031765,0.258396,0.373239,0.455065,0.260341,-30.390001,-30.176001,-1.436000,NaN,-1.190711,true,Self-supervised model,0.543846,0.000000,0.000000,0.000000,0.000000,0.000000,0.778942,7.021083,false,false
2026-04-17T14:47:31.404601,0.000000,0.000000,0.937535,36.283,NE,0,0.000000,0,0.000000,2.596779,2.409273,3.163877,0.138864,11.662156,3.957615,1.228616,2.113057,2.008883,3.163877,-0.013439,0.134390,0.326202,0.353057,0.135061,-30.390001,-30.176001,-1.436000,NaN,-1.202783,true,Self-supervised model,0.571869,0.000000,0.000000,0.000000,0.000000,0.000000,0.820758,8.961381,false,false
2026-04-17T14:47:31.412839,0.000000,0.000000,0.927657,36.849,NE,0,0.000000,0,0.000000,2.664108,2.441467,3.017590,0.265756,11.365275,3.957615,1.333828,1.813632,2.009351,3.017590,0.006109,0.064752,0.270613,0.278319,0.065039,-30.390001,-30.176001,-1.436000,NaN,-1.213847,true,Self-supervised model,0.574618,0.000000,0.000000,0.000000,0.000000,0.000000,0.882860,10.842184,false,false
2026-04-17T14:47:31.420565,0.000000,0.000000,0.917856,37.411,NE,0,0.000000,0,0.000000,2.682227,2.473097,2.777351,0.308852,11.025299,3.871424,1.358823,1.471461,1.924079,2.777351,0.006109,0.033598,0.209527,0.212291,0.034148,-30.390001,-30.176001,-1.436000,NaN,-1.223344,true,Self-supervised model,0.549175,0.000000,0.000000,0.000000,0.000000,0.000000,0.965750,13.082736,false,false
2026-04-17T14:47:31.428664,0.000000,0.000000,0.908502,37.947,NE,0,0.000000,0,0.000000,2.654374,2.502348,2.508145,0.229843,10.759542,3.746926,1.265799,1.204175,1.799586,2.508145,-0.030543,0.033598,0.153327,0.159909,0.045406,-30.390001,-30.176001,-1.436000,NaN,-1.230909,true,Self-supervised model,0.519051,0.000000,0.000000,0.000000,0.000000,0.000000,1.058302,15.684822,false,false
2026-04-17T14:47:31.436908,0.000000,0.000000,0.899818,38.444,NE,0,0.000000,0,0.000000,2.593137,2.527980,2.271640,0.141258,10.611102,3.588908,1.167324,1.055338,1.638281,2.271640,-0.084299,0.064752,0.114232,0.156039,0.106298,-30.390001,-30.176001,-1.436000,NaN,-1.236908,true,Self-supervised model,0.467031,0.000000,0.000000,0.000000,0.000000,0.000000,1.141526,14.558181,false,false
2026-04-17T14:47:31.445351,0.000000,0.000000,0.891843,38.901,NE,0,0.000000,0,0.000000,2.510532,2.549282,2.076857,0.045490,10.429143,3.512294,1.065494,0.874391,1.553544,2.076857,-0.169821,0.121562,0.069639,0.220150,0.208845,-30.390001,-30.176001,-1.436000,NaN,-1.242052,true,Self-supervised model,0.402397,0.000000,0.000000,0.000000,0.000000,0.000000,1.208813,9.433838,false,false
2026-04-17T14:47:31.452735,0.000000,0.000000,0.884473,39.323,NE,0,0.000000,0,0.000000,2.414912,2.565907,1.912909,-0.009577,10.187328,3.469198,1.008684,0.635357,1.496028,1.912909,-0.240681,0.174707,0.036652,0.299655,0.297405,-30.390001,-30.176001,-1.436000,NaN,-1.247000,true,Self-supervised model,0.355143,0.000000,0.000000,0.000000,0.000000,0.000000,1.262429,6.383697,false,false
2026-04-17T14:47:31.460349,0.000000,0.000000,0.877577,39.719,NE,0,0.000000,0,0.000000,2.325457,2.578289,1.855817,0.002394,9.840169,3.514688,1.023486,0.292950,1.520103,1.855817,-0.373850,0.271224,-0.017104,0.462189,0.461872,-30.390001,-30.176001,-1.436000,NaN,-1.252004,true,Self-supervised model,0.330181,0.000000,0.000000,0.000000,0.000000,0.000000,1.253064,4.015278,false,false
2026-04-17T14:47:31.469067,0.000000,0.000000,0.871025,40.094,NE,0,0.000000,0,0.000000,2.261153,2.587604,1.923559,0.004788,9.464279,3.643975,1.032708,-0.076241,1.621043,1.923559,-0.448986,0.318872,-0.040928,0.552216,0.550697,-30.390001,-30.176001,-1.436000,NaN,-1.257175,true,Self-supervised model,0.332278,0.000000,0.000000,0.000000,0.000000,0.000000,1.175505,3.483345,false,false
2026-04-17T14:47:31.476943,0.000000,0.000000,0.864687,40.457,NE,0,0.000000,0,0.000000,2.239343,2.595673,2.124841,0.028730,8.985439,3.811569,1.065661,-0.546921,1.755048,2.124841,-0.510072,0.355524,-0.045815,0.623434,0.621748,-30.390001,-30.176001,-1.436000,NaN,-1.262659,true,Self-supervised model,0.353534,0.000000,0.000000,0.000000,0.000000,0.000000,1.053888,3.408285,false,false
2026-04-17T14:47:31.487078,0.000000,0.000000,0.858420,40.816,NE,0,0.000000,0,0.000000,2.265978,2.604486,2.405810,0.050278,8.499416,3.974375,1.095914,-1.023978,1.881054,2.405810,-0.530231,0.379347,-0.012828,0.652084,0.651958,-30.390001,-30.176001,-1.436000,NaN,-1.268640,true,Self-supervised model,0.402278,0.000000,0.000000,0.000000,0.000000,0.000000,0.941877,3.689416,false,false
2026-04-17T14:47:31.492706,0.000000,0.000000,0.852031,41.182,NE,0,0.000000,0,0.000000,2.324411,2.615283,2.631185,0.069432,8.157045,4.106056,1.111145,-1.355571,1.962376,2.631185,-0.512516,0.388510,0.040928,0.644428,0.643127,-30.390001,-30.176001,-1.436000,NaN,-1.275519,true,Self-supervised model,0.425679,0.000000,0.000000,0.000000,0.000000,0.000000,0.883408,4.082975,false,false
2026-04-17T14:47:31.502867,0.000000,0.000000,0.844115,41.636,NE,0,0.000000,0,0.000000,2.401525,2.628732,2.806370,0.110133,7.886500,4.201824,1.134025,-1.613895,1.996258,2.806370,-0.457538,0.395230,0.127671,0.617938,0.604605,-30.390001,-30.176001,-1.436000,NaN,-1.289542,true,Self-supervised model,0.470389,0.000000,0.000000,0.000000,0.000000,0.000000,0.855740,4.541507,false,false
2026-04-17T14:47:31.508889,0.000000,0.000000,0.833632,42.236,NE,0,0.000000,0,0.000000,2.481574,2.644846,2.901833,0.117316,7.682993,4.261679,1.107807,-1.804069,1.984624,2.901833,-0.372628,0.395230,0.234572,0.591677,0.543192,-30.390001,-30.176001,-1.436000,NaN,-1.310297,true,Self-supervised model,0.460042,0.000000,0.000000,0.000000,0.000000,0.000000,0.855175,4.904417,false,false
2026-04-17T14:47:31.521392,0.000000,0.000000,0.819790,43.029,NE,0,0.000000,0,0.000000,2.560273,2.663463,2.973441,0.201113,7.603985,4.297592,1.170755,-1.877067,1.986783,2.973441,-0.265116,0.386678,0.351858,0.586183,0.468835,-30.390001,-30.176001,-1.436000,NaN,-1.337572,true,Self-supervised model,0.498519,0.000000,0.000000,0.000000,0.000000,0.000000,0.861047,5.072550,false,false
2026-04-17T14:47:31.524933,0.000000,0.000000,0.805435,43.852,NE,0,0.000000,0,0.000000,2.625957,2.683963,2.970802,0.232238,7.565677,4.285621,1.170843,-1.912161,1.948956,2.970802,-0.155771,0.381180,0.445932,0.606974,0.411780,-30.813002,-30.367001,-7.408000,NaN,-1.353979,true,Self-supervised model,0.308347,0.000000,0.000000,0.000000,0.000000,0.000000,0.883922,4.894445,false,false
2026-04-17T14:47:31.532631,0.000000,0.000000,0.790210,44.724,NE,0,0.000000,0,0.000000,2.682668,2.705911,2.980400,0.304064,7.524976,4.254497,1.206769,-1.952272,1.901348,2.980400,-0.015882,0.379958,0.539394,0.659975,0.380290,-30.813002,-30.367001,-7.408000,NaN,-1.372683,true,Self-supervised model,0.457478,0.000000,0.000000,0.000000,0.000000,0.000000,0.900103,4.515931,false,false
2026-04-17T14:47:31.540394,0.000000,0.000000,0.774217,45.641,NE,0,0.000000,0,0.000000,2.741608,2.729339,3.051042,0.435745,7.450756,4.230555,1.297379,-2.029210,1.872959,3.051042,0.091630,0.367130,0.590096,0.700995,0.378392,-30.813002,-30.367001,-7.408000,NaN,-1.391748,true,Self-supervised model,0.458701,0.000000,0.000000,0.000000,0.000000,0.000000,0.898581,4.352447,false,false
2026-04-17T14:47:31.548783,0.000000,0.000000,0.757558,46.595,NE,0,0.000000,0,0.000000,2.802738,2.754275,3.123671,0.617704,7.352593,4.122815,1.434400,-2.133571,1.774174,3.123671,0.299324,0.318261,0.644463,0.778599,0.436904,-30.813002,-30.367001,-7.408000,NaN,-1.411073,true,Self-supervised model,0.474723,0.000000,0.000000,0.000000,0.000000,0.000000,0.897258,4.011910,false,false
2026-04-17T14:47:31.556563,0.000000,0.000000,0.740437,47.576,NE,0,0.000000,0,0.000000,2.857828,2.780417,3.147048,0.766145,7.261614,3.924097,1.536238,-2.233970,1.597893,3.147048,0.431882,0.271835,0.643241,0.821082,0.510310,-30.813002,-30.367001,-7.408000,NaN,-1.430043,true,Self-supervised model,0.450095,0.000000,0.000000,0.000000,0.000000,0.000000,0.908098,3.832807,false,false
2026-04-17T14:47:31.564799,0.000000,0.000000,0.723179,48.565,NE,0,0.000000,0,0.000000,2.905676,2.807427,3.156877,0.909797,7.141904,3.593697,1.634373,-2.365853,1.302858,3.156877,0.581544,0.215635,0.612087,0.871402,0.620235,-30.813002,-30.367001,-7.408000,NaN,-1.447848,true,Self-supervised model,0.464283,0.000000,0.000000,0.000000,0.000000,0.000000,0.920427,3.622755,false,false
2026-04-17T14:47:31.572856,0.000000,0.000000,0.706220,49.537,NE,0,0.000000,0,0.000000,2.931717,2.834399,3.068437,1.005565,7.141904,3.191471,1.687934,-2.380404,0.948611,3.068437,0.704938,0.160047,0.551611,0.909301,0.722878,-30.813002,-30.367001,-7.408000,NaN,-1.463608,true,Self-supervised model,0.448970,0.000000,0.000000,0.000000,0.000000,0.000000,0.955443,3.374501,false,false
2026-04-17T14:47:31.581060,0.000000,0.000000,0.690070,50.462,NE,0,0.000000,0,0.000000,2.925795,2.860055,2.894701,1.015141,7.230489,2.731784,1.659990,-2.307710,0.546076,2.894701,0.798401,0.131947,0.478918,0.940328,0.809230,-30.813002,-30.367001,-7.408000,NaN,-1.476526,true,Self-supervised model,0.424695,0.000000,0.000000,0.000000,0.000000,0.000000,1.010742,3.078394,false,false
2026-04-17T14:47:31.588967,0.000000,0.000000,0.675167,51.316,NE,0,0.000000,0,0.000000,2.884312,2.883025,2.666531,0.909797,7.374141,2.317587,1.522515,-2.180432,0.195063,2.666531,0.852768,0.140499,0.406225,0.954972,0.864264,-30.813002,-30.367001,-7.408000,NaN,-1.486435,true,Self-supervised model,0.378469,0.000000,0.000000,0.000000,0.000000,0.000000,1.081672,2.792260,false,false
2026-04-17T14:47:31.596337,0.000000,0.000000,0.661823,52.080,NE,0,0.000000,0,0.000000,2.807526,2.902005,2.404399,0.739808,7.582437,1.795651,1.326559,-1.988463,-0.259592,2.404399,0.890642,0.186925,0.321926,0.965308,0.910046,-30.813002,-30.367001,-7.408000,NaN,-1.493546,true,Self-supervised model,0.347339,0.000000,0.000000,0.000000,0.000000,0.000000,1.167662,2.490810,false,false
2026-04-17T14:47:31.604865,0.000000,0.000000,0.650289,52.741,NE,0,0.000000,0,0.000000,2.711421,2.916382,2.206871,0.493206,7.797915,1.247379,1.060848,-1.788821,-0.738240,2.206871,0.897972,0.265726,0.246790,0.968436,0.936464,-30.813002,-30.367001,-7.408000,NaN,-1.497841,true,Self-supervised model,0.336025,0.000000,0.000000,0.000000,0.000000,0.000000,1.228627,2.278797,false,false
2026-04-17T14:47:31.613772,0.000000,0.000000,0.640784,53.286,NE,0,0.000000,0,0.000000,2.607642,2.926032,2.062800,0.215478,8.068460,0.770933,0.770358,-1.533192,-1.144997,2.062800,0.867429,0.345139,0.185092,0.951742,0.933570,-30.813002,-30.367001,-7.408000,NaN,-1.499231,true,Self-supervised model,0.323132,0.000000,0.000000,0.000000,0.000000,0.000000,1.264127,2.167395,false,false
2026-04-17T14:47:31.621031,0.000000,0.000000,0.633407,53.708,NE,0,0.000000,0,0.000000,2.512472,2.931490,2.012832,0.000000,8.295909,0.430956,0.547253,-1.319242,-1.418312,2.012832,0.804510,0.383013,0.150273,0.903613,0.891030,-30.813002,-30.367001,-7.408000,NaN,-1.498096,true,Self-supervised model,0.320170,0.000000,0.000000,0.000000,0.000000,0.000000,1.248227,2.227538,false,false
2026-04-17T14:47:31.628654,0.000000,0.000000,0.628100,54.013,NE,0,0.000000,0,0.000000,2.421728,2.933099,1.945319,-0.217872,8.640674,0.143652,0.324300,-0.986197,-1.645147,1.945319,0.689056,0.364687,0.122784,0.789221,0.779612,-30.813002,-30.367001,-7.408000,NaN,-1.495120,true,Self-supervised model,0.320718,0.000000,0.000000,0.000000,0.000000,0.000000,1.244900,2.464858,false,false
2026-04-17T14:47:31.636759,0.000000,0.000000,0.624571,54.215,NE,0,0.000000,0,0.000000,2.343183,2.931503,1.930821,-0.387861,8.961497,-0.064643,0.150312,-0.674873,-1.802782,1.930821,0.541227,0.295659,0.103847,0.625400,0.616717,-30.813002,-30.367001,-7.408000,NaN,-1.491538,true,Self-supervised model,0.326863,0.000000,0.000000,0.000000,0.000000,0.000000,1.213568,3.087340,false,false
2026-04-17T14:47:31.645060,0.000000,0.000000,0.622408,54.339,NE,0,0.000000,0,0.000000,2.271359,2.927097,1.894285,-0.531513,9.308656,-0.165200,0.002828,-0.334862,-1.864451,1.894285,0.402560,0.218690,0.086743,0.466266,0.458127,-30.813002,-30.367001,-7.408000,NaN,-1.488240,true,Self-supervised model,0.325448,0.000000,0.000000,0.000000,0.000000,0.000000,1.199059,4.062668,false,false
2026-04-17T14:47:31.652728,0.000000,0.000000,0.621136,54.412,NE,0,0.000000,0,0.000000,2.211465,2.920472,1.897020,-0.653617,9.555259,-0.217872,-0.122697,-0.093057,-1.890759,1.897020,0.236405,0.146608,0.061697,0.284934,0.278175,-30.813002,-30.367001,-7.408000,NaN,-1.485945,true,Self-supervised model,0.333655,0.000000,0.000000,0.000000,0.000000,0.000000,1.165758,6.657741,false,false
2026-04-17T14:47:31.661941,0.000000,0.000000,0.620354,54.456,NE,0,0.000000,0,0.000000,2.165016,2.912253,1.921160,-0.732626,9.864111,-0.239420,-0.203904,0.213268,-1.898367,1.921160,0.075747,0.097738,0.029322,0.127083,0.123655,-30.813002,-30.367001,-7.408000,NaN,-1.484770,true,Self-supervised model,0.378316,0.000000,0.000000,0.000000,0.000000,0.000000,1.126931,15.117312,false,false
2026-04-17T14:47:31.668597,0.000000,0.000000,0.619775,54.490,NE,0,0.000000,0,0.000000,2.123636,2.902709,1.906388,-0.794875,10.058042,-0.186748,-0.266245,0.406793,-1.843353,1.906388,-0.031154,0.088575,0.001833,0.093912,0.093895,-30.813002,-30.367001,-7.408000,NaN,-1.484535,true,Self-supervised model,0.401754,0.000000,0.000000,0.000000,0.000000,0.000000,1.113958,20.299628,false,false
2026-04-17T14:47:31.682142,0.000000,0.000000,0.619236,54.520,NE,0,0.000000,0,0.000000,2.077857,2.891715,1.837520,-0.778116,10.098742,-0.100556,-0.246506,0.448955,-1.764697,1.837520,-0.191812,0.108734,-0.053756,0.226946,0.220488,-30.813002,-30.367001,-7.408000,NaN,-1.484913,true,Self-supervised model,0.324622,0.000000,0.000000,0.000000,0.000000,0.000000,1.130794,8.096725,false,false
2026-04-17T14:47:31.685706,0.000000,0.000000,0.618715,54.550,NE,0,0.000000,0,0.000000,2.008327,2.878379,1.643294,-0.672771,9.974244,0.076614,-0.133419,0.327865,-1.604717,1.643294,-0.297491,0.139277,-0.106291,0.345249,0.328480,-31.033001,-30.303001,-7.865000,NaN,-1.485364,true,Self-supervised model,0.286993,0.000000,0.000000,0.000000,0.000000,0.000000,1.222135,4.759733,false,false
2026-04-17T14:47:31.692820,0.000000,0.000000,0.618336,54.572,NE,0,0.000000,0,0.000000,1.922150,2.862130,1.469718,-0.502782,9.734824,0.239420,0.049020,0.093369,-1.465930,1.469718,-0.429438,0.188757,-0.186314,0.504737,0.469091,-31.033001,-30.303001,-7.865000,NaN,-1.485175,true,Self-supervised model,0.266417,0.000000,0.000000,0.000000,0.000000,0.000000,1.307835,2.911850,false,false
2026-04-17T14:47:31.702896,0.000000,0.000000,0.618281,54.575,NE,0,0.000000,0,0.000000,1.834918,2.843041,1.376950,-0.385466,9.533711,0.375890,0.185112,-0.101074,-1.360701,1.376950,-0.532674,0.248622,-0.268781,0.646373,0.587839,-31.033001,-30.303001,-7.865000,NaN,-1.483933,true,Self-supervised model,0.254410,0.000000,0.000000,0.000000,0.000000,0.000000,1.332596,2.130271,false,false
2026-04-17T14:47:31.709060,0.000000,0.000000,0.618815,54.545,NE,0,0.000000,0,0.000000,1.757036,2.821601,1.348155,-0.342371,9.342175,0.481235,0.253827,-0.284162,-1.293192,1.348155,-0.606589,0.315206,-0.339641,0.763323,0.683598,-31.033001,-30.303001,-7.865000,NaN,-1.481043,true,Self-supervised model,0.244117,0.000000,0.000000,0.000000,0.000000,0.000000,1.303289,1.766166,false,false
2026-04-17T14:47:31.716908,0.000000,0.000000,0.620160,54.467,NE,0,0.000000,0,0.000000,1.678238,2.797867,1.264550,-0.385466,9.212888,0.644040,0.243293,-0.403318,-1.173554,1.264550,-0.665232,0.385456,-0.394008,0.863917,0.768837,-31.033001,-30.303001,-7.865000,NaN,-1.476454,true,Self-supervised model,0.232040,0.000000,0.000000,0.000000,0.000000,0.000000,1.327142,1.463740,false,false
2026-04-17T14:47:31.724814,0.000000,0.000000,0.622472,54.335,NE,0,0.000000,0,0.000000,1.596234,2.771801,1.165713,-0.550666,9.181764,0.785298,0.117680,-0.422626,-1.080012,1.165713,-0.744034,0.527788,-0.477697,1.029728,0.912220,-31.033001,-30.303001,-7.865000,NaN,-1.470272,true,Self-supervised model,0.218982,0.000000,0.000000,0.000000,0.000000,0.000000,1.369319,1.132059,false,false
2026-04-17T14:47:31.732708,0.000000,0.000000,0.625821,54.143,NE,0,0.000000,0,0.000000,1.505387,2.743145,1.028438,-0.804452,9.193734,0.972046,-0.090652,-0.397343,-0.944238,1.028438,-0.788016,0.642019,-0.514959,1.139448,1.016444,-31.033001,-30.303001,-7.865000,NaN,-1.462776,true,Self-supervised model,0.207344,0.000000,0.000000,0.000000,0.000000,0.000000,1.463760,0.902576,false,false
2026-04-17T14:47:31.741008,0.000000,0.000000,0.630128,53.896,NE,0,0.000000,0,0.000000,1.420547,2.712241,0.975141,-1.094150,9.246407,1.113304,-0.330468,-0.330077,-0.856003,0.975141,-0.812451,0.737925,-0.527788,1.217855,1.097547,-31.033001,-30.303001,-7.865000,NaN,-1.454641,true,Self-supervised model,0.198806,0.000000,0.000000,0.000000,0.000000,0.000000,1.456761,0.800704,false,false
2026-04-17T14:47:31.749008,0.000000,0.000000,0.635192,53.606,NE,0,0.000000,0,0.000000,1.343924,2.679508,0.941654,-1.388637,9.344569,1.307234,-0.572790,-0.216491,-0.715370,0.941654,-0.827112,0.825890,-0.521679,1.279983,1.168849,-31.033001,-30.303001,-7.865000,NaN,-1.446546,true,Self-supervised model,0.190963,0.000000,0.000000,0.000000,0.000000,0.000000,1.427196,0.735677,false,false
2026-04-17T14:47:31.756612,0.000000,0.000000,0.640728,53.289,NE,0,0.000000,0,0.000000,1.279516,2.645509,0.941370,-1.637634,9.471462,1.537078,-0.768677,-0.073567,-0.538424,0.941370,-0.833831,0.890642,-0.500910,1.318873,1.220048,-31.033001,-30.303001,-7.865000,NaN,-1.439120,true,Self-supervised model,0.183520,0.000000,0.000000,0.000000,0.000000,0.000000,1.359206,0.713768,false,false
2026-04-17T14:47:31.764487,0.000000,0.000000,0.646439,52.962,NE,0,0.000000,0,0.000000,1.239422,2.611265,1.028928,-1.893813,9.528923,1.790863,-0.972310,0.000278,-0.336610,1.028928,-0.829555,0.919352,-0.461203,1.321393,1.238293,-31.033001,-30.303001,-7.865000,NaN,-1.432712,true,Self-supervised model,0.182796,0.000000,0.000000,0.000000,0.000000,0.000000,1.204575,0.778670,false,false
2026-04-17T14:47:31.772566,0.000000,0.000000,0.652031,52.641,NE,0,0.000000,0,0.000000,1.212846,2.577328,1.073321,-2.039860,9.545682,2.030283,-1.065377,0.029032,-0.127067,1.073321,-0.811840,0.921185,-0.415388,1.296230,1.227870,-31.033001,-30.303001,-7.865000,NaN,-1.427595,true,Self-supervised model,0.188180,0.000000,0.000000,0.000000,0.000000,0.000000,1.129994,0.828032,false,false
2026-04-17T14:47:31.781088,0.000000,0.000000,0.658116,52.293,NE,0,0.000000,0,0.000000,1.197116,2.544120,1.114533,-2.133234,9.579201,2.291251,-1.107046,0.074532,0.105254,1.114533,-0.781297,0.892474,-0.345750,1.235507,1.186143,-31.033001,-30.303001,-7.865000,NaN,-1.419540,true,Self-supervised model,0.192864,0.000000,0.000000,0.000000,0.000000,0.000000,1.074096,0.902086,false,false
2026-04-17T14:47:31.788623,0.000000,0.000000,0.664414,51.932,NE,0,0.000000,0,0.000000,1.198431,2.512292,1.205339,-2.226608,9.557653,2.564190,-1.151417,0.064806,0.350544,1.205339,-0.737925,0.844827,-0.259618,1.151376,1.121724,-31.033001,-30.303001,-7.865000,NaN,-1.412387,true,Self-supervised model,0.202949,0.000000,0.000000,0.000000,0.000000,0.000000,0.994269,1.046868,false,false
2026-04-17T14:47:31.796625,0.000000,0.000000,0.670642,51.575,NE,0,0.000000,0,0.000000,1.212455,2.482299,1.286077,-2.269703,9.533711,2.815581,-1.149429,0.052523,0.574500,1.286077,-0.681115,0.777631,-0.164323,1.046723,1.033745,-31.033001,-30.303001,-7.865000,NaN,-1.406442,true,Self-supervised model,0.215368,0.000000,0.000000,0.000000,0.000000,0.000000,0.942754,1.228670,false,false
2026-04-17T14:47:31.804870,0.000000,0.000000,0.676506,51.239,NE,0,0.000000,0,0.000000,1.237370,2.454502,1.368172,-2.291251,9.528923,3.028665,-1.144281,0.060477,0.747569,1.368172,-0.627359,0.718988,-0.071471,0.956886,0.954213,-31.033001,-30.303001,-7.865000,NaN,-1.402028,true,Self-supervised model,0.225524,0.000000,0.000000,0.000000,0.000000,0.000000,0.904396,1.429817,false,false
2026-04-17T14:47:31.813234,0.000000,0.000000,0.680410,51.015,NE,0,0.000000,0,0.000000,1.273691,2.429269,1.464381,-2.281674,9.459491,3.265691,-1.116114,0.002211,0.947997,1.464381,-0.553444,0.668287,0.049480,0.869112,0.867702,-31.033001,-30.303001,-7.865000,NaN,-1.405969,true,Self-supervised model,0.239832,0.000000,0.000000,0.000000,0.000000,0.000000,0.869781,1.684917,false,false
2026-04-17T14:47:31.820771,0.000000,0.000000,0.682366,50.903,NE,0,0.000000,0,0.000000,1.318689,2.406846,1.554928,-2.255338,9.397242,3.466804,-1.080423,-0.050976,1.117090,1.554928,-0.461203,0.637132,0.183260,0.807608,0.786541,-31.033001,-30.303001,-7.865000,NaN,-1.411806,true,Self-supervised model,0.252579,0.000000,0.000000,0.000000,0.000000,0.000000,0.848071,1.925351,false,false
2026-04-17T14:47:31.828684,0.000000,0.000000,0.682342,50.905,NE,0,0.000000,0,0.000000,1.374186,2.387540,1.665545,-2.233790,9.356541,3.658340,-1.059372,-0.085174,1.282387,1.665545,-0.348804,0.637132,0.318261,0.793027,0.726362,-31.033001,-30.303001,-7.865000,NaN,-1.419747,true,Self-supervised model,0.269755,0.000000,0.000000,0.000000,0.000000,0.000000,0.825067,2.100237,false,false
2026-04-17T14:47:31.841995,0.000000,0.000000,0.680292,51.022,NE,0,0.000000,0,0.000000,1.434903,2.371434,1.753668,-2.195483,9.382876,3.811569,-1.031483,-0.055464,1.417152,1.753668,-0.239459,0.668287,0.440434,0.835422,0.709893,-31.033001,-30.303001,-7.865000,NaN,-1.429901,true,Self-supervised model,0.278366,0.000000,0.000000,0.000000,0.000000,0.000000,0.818230,2.099141,false,false
2026-04-17T14:47:31.844531,0.000000,0.000000,0.676190,51.257,NE,0,0.000000,0,0.000000,1.498399,2.358513,1.831754,-2.099715,9.466674,3.964798,-0.956055,0.027924,1.562210,1.831754,-0.089186,0.732427,0.578489,0.937579,0.737837,-29.344002,-30.452002,-5.127000,NaN,-1.442213,true,Self-supervised model,0.259248,0.000000,0.000000,0.000000,0.000000,0.000000,0.818014,1.953706,false,false
2026-04-17T14:47:31.852912,0.000000,0.000000,0.670023,51.611,NE,0,0.000000,0,0.000000,1.563658,2.348719,1.906265,-2.015918,9.586384,4.074931,-0.900645,0.143838,1.673917,1.906265,0.070860,0.817949,0.711047,1.086117,0.821012,-29.344002,-30.452002,-5.127000,NaN,-1.456640,true,Self-supervised model,0.290175,0.000000,0.000000,0.000000,0.000000,0.000000,0.820273,1.755121,false,false
2026-04-17T14:47:31.860679,0.000000,0.000000,0.661844,52.079,NE,0,0.000000,0,0.000000,1.625878,2.341805,1.952534,-1.898602,9.758766,4.132392,-0.819924,0.308523,1.744972,1.952534,0.212581,0.894918,0.817949,1.230897,0.919820,-29.344002,-30.452002,-5.127000,NaN,-1.472867,true,Self-supervised model,0.286907,0.000000,0.000000,0.000000,0.000000,0.000000,0.832701,1.586269,false,false
2026-04-17T14:47:31.868632,0.000000,0.000000,0.651704,52.660,NE,0,0.000000,0,0.000000,1.683533,2.337474,1.986219,-1.721431,9.900024,4.173094,-0.687095,0.438396,1.811291,1.986219,0.387289,0.976774,0.932180,1.404649,1.050752,-29.344002,-30.452002,-5.127000,NaN,-1.490847,true,Self-supervised model,0.278383,0.000000,0.000000,0.000000,0.000000,0.000000,0.847607,1.414032,false,false
2026-04-17T14:47:31.876706,0.000000,0.000000,0.639640,53.351,NE,0,0.000000,0,0.000000,1.723866,2.334930,1.935613,-1.470040,9.959879,4.132392,-0.487665,0.483010,1.809829,1.935613,0.561996,1.018312,1.024421,1.549915,1.163099,-29.344002,-30.452002,-5.127000,NaN,-1.510611,true,Self-supervised model,0.262498,0.000000,0.000000,0.000000,0.000000,0.000000,0.890604,1.248851,false,false
2026-04-17T14:47:31.885595,0.000000,0.000000,0.625716,54.149,NE,0,0.000000,0,0.000000,1.745268,2.333343,1.857628,-1.213860,10.010158,4.031836,-0.290000,0.514853,1.761138,1.857628,0.723264,1.007317,1.089784,1.650887,1.240080,-29.344002,-30.452002,-5.127000,NaN,-1.531974,true,Self-supervised model,0.237700,0.000000,0.000000,0.000000,0.000000,0.000000,0.939514,1.125231,false,false
2026-04-17T14:47:31.893273,0.000000,0.000000,0.610044,55.047,NE,0,0.000000,0,0.000000,1.745824,2.331842,1.748745,-0.974440,10.036493,3.873818,-0.114843,0.520452,1.665548,1.748745,0.839940,0.935846,1.122159,1.685392,1.257500,-29.344002,-30.452002,-5.127000,NaN,-1.554640,true,Self-supervised model,0.204859,0.000000,0.000000,0.000000,0.000000,0.000000,0.998330,1.037589,false,false
2026-04-17T14:47:31.902715,0.000000,0.000000,0.592743,56.038,NE,0,0.000000,0,0.000000,1.725896,2.329605,1.621273,-0.782904,10.156203,3.636792,0.007524,0.618146,1.498788,1.621273,0.940732,0.800233,1.142318,1.682332,1.235051,-29.344002,-30.452002,-5.127000,NaN,-1.578453,true,Self-supervised model,0.205577,0.000000,0.000000,0.000000,0.000000,0.000000,1.064531,0.963706,false,false
2026-04-17T14:47:31.908639,0.000000,0.000000,0.573920,57.117,NE,0,0.000000,0,0.000000,1.681056,2.325663,1.445649,-0.622492,10.290278,3.306392,0.093810,0.729639,1.244479,1.445649,0.998154,0.638354,1.146594,1.648783,1.184824,-29.344002,-30.452002,-5.127000,NaN,-1.603366,true,Self-supervised model,0.148249,0.000000,0.000000,0.000000,0.000000,0.000000,1.162838,0.876798,false,false
2026-04-17T14:47:31.918889,0.000000,0.000000,0.553586,58.282,NE,0,0.000000,0,0.000000,1.617947,2.319354,1.286620,-0.474052,10.421960,2.944868,0.165393,0.839389,0.960969,1.286620,1.014036,0.487470,1.128879,1.593821,1.125121,-29.344002,-30.452002,-5.127000,NaN,-1.629743,true,Self-supervised model,0.186356,0.000000,0.000000,0.000000,0.000000,0.000000,1.257517,0.807255,false,false
2026-04-17T14:47:31.924236,0.000000,0.000000,0.531743,59.533,NE,0,0.000000,0,0.000000,1.547998,2.310500,1.180767,-0.356736,10.500969,2.645593,0.204712,0.897827,0.739061,1.180767,0.989602,0.383013,1.099557,1.528083,1.061136,-29.344002,-30.452002,-5.127000,NaN,-1.657625,true,Self-supervised model,0.139023,0.000000,0.000000,0.000000,0.000000,0.000000,1.311010,0.772712,false,false
2026-04-17T14:47:31.932575,0.000000,0.000000,0.508341,60.874,NE,0,0.000000,0,0.000000,1.475115,2.299084,1.092480,-0.222661,10.553641,2.339135,0.261323,0.931853,0.506827,1.092480,0.929737,0.298713,1.059240,1.440705,0.976545,-29.344002,-30.452002,-5.127000,NaN,-1.687259,true,Self-supervised model,0.165291,0.000000,0.000000,0.000000,0.000000,0.000000,1.350244,0.758296,false,false
2026-04-17T14:47:31.940372,0.000000,0.000000,0.483311,62.308,NE,0,0.000000,0,0.000000,1.395344,2.284935,0.976546,-0.129287,10.510546,2.102109,0.279088,0.872407,0.338611,0.976546,0.844827,0.263894,1.020756,1.351042,0.885083,-29.344002,-30.452002,-5.127000,NaN,-1.718804,true,Self-supervised model,0.153484,0.000000,0.000000,0.000000,0.000000,0.000000,1.428857,0.722809,false,false
2026-04-17T14:47:31.949060,0.000000,0.000000,0.456574,63.840,NE,0,0.000000,0,0.000000,1.307976,2.267856,0.849297,-0.150835,10.460267,1.886631,0.184161,0.808190,0.184983,0.849297,0.750753,0.310930,0.994489,1.284257,0.812594,-29.344002,-30.452002,-5.127000,NaN,-1.752369,true,Self-supervised model,0.156782,0.000000,0.000000,0.000000,0.000000,0.000000,1.540069,0.661314,false,false
2026-04-17T14:47:31.956394,0.000000,0.000000,0.427989,65.478,NE,0,0.000000,0,0.000000,1.220711,2.247971,0.762567,-0.105345,10.393229,1.802834,0.158408,0.729460,0.155898,0.762567,0.663400,0.383013,0.982882,1.246136,0.766027,-29.344002,-30.452002,-5.127000,NaN,-1.788342,true,Self-supervised model,0.145810,0.000000,0.000000,0.000000,0.000000,0.000000,1.600791,0.611945,false,false
2026-04-17T14:47:31.964632,0.000000,0.000000,0.397350,67.234,NE,0,0.000000,0,0.000000,1.139778,2.225643,0.714878,-0.050278,10.362105,1.726219,0.143704,0.688683,0.126946,0.714878,0.591318,0.464258,0.977995,1.233558,0.751792,-29.344002,-30.452002,-5.127000,NaN,-1.827202,true,Self-supervised model,0.146397,0.000000,0.000000,0.000000,0.000000,0.000000,1.594368,0.579525,false,false
2026-04-17T14:47:31.972534,0.000000,0.000000,0.364414,69.121,E,0,0.000000,0,0.000000,1.067433,2.201314,0.687625,-0.002394,10.347740,1.673547,0.123784,0.666674,0.114247,0.687625,0.465479,0.657902,0.974941,1.264917,0.805919,-29.344002,-30.452002,-5.127000,NaN,-1.869323,true,Self-supervised model,0.131930,0.000000,0.000000,0.000000,0.000000,0.000000,1.552347,0.543613,false,false
2026-04-17T14:47:31.981832,0.000000,0.000000,0.329070,71.146,E,0,0.000000,0,0.000000,1.013857,2.175816,0.732580,0.031125,10.407595,1.620875,0.091602,0.720721,0.094038,0.732580,0.372628,0.847270,0.970054,1.340792,0.925591,-29.344002,-30.452002,-5.127000,NaN,-1.914302,true,Self-supervised model,0.132649,0.000000,0.000000,0.000000,0.000000,0.000000,1.383954,0.546379,false,false
2026-04-17T14:47:31.988784,0.000000,0.000000,0.291287,73.310,E,0,0.000000,0,0.000000,0.990798,2.150415,0.869740,0.023942,10.551247,1.628057,0.021208,0.860147,0.127058,0.869740,0.302378,1.023810,0.965167,1.439155,1.067530,-29.344002,-30.452002,-5.127000,NaN,-1.961837,true,Self-supervised model,0.108452,0.000000,0.000000,0.000000,0.000000,0.000000,1.139189,0.604340,false,false
2026-04-17T14:47:32.002735,0.000000,0.000000,0.251199,75.607,E,0,0.000000,0,0.000000,1.015590,2.127022,1.145746,-0.011971,10.831368,1.596933,-0.075111,1.137367,0.116140,1.145746,0.230296,1.230893,0.945619,1.569182,1.252252,-29.344002,-30.452002,-5.127000,NaN,-2.011149,true,Self-supervised model,0.159802,0.000000,0.000000,0.000000,0.000000,0.000000,0.886400,0.730155,false,false
2026-04-17T14:47:32.004500,0.000000,0.000000,0.209082,78.021,E,0,0.000000,0,0.000000,1.097465,2.107840,1.527307,-0.129287,11.197681,1.587356,-0.248573,1.502151,0.120096,1.527307,0.159436,1.421483,0.919352,1.700366,1.430397,-29.142002,-34.195004,-13.063001,NaN,-2.061381,true,Self-supervised model,0.093244,0.000000,0.000000,0.000000,0.000000,0.000000,0.718562,0.898223,false,false
2026-04-17T14:47:32.013306,0.000000,0.000000,0.165437,80.521,E,0,0.000000,0,0.000000,1.236801,2.094999,1.968320,-0.294487,11.604695,1.572991,-0.467126,1.908663,0.114380,1.968320,0.102625,1.541213,0.900415,1.787909,1.544626,-29.142002,-34.195004,-13.063001,NaN,-2.111136,true,Self-supervised model,0.156823,0.000000,0.000000,0.000000,0.000000,0.000000,0.628354,1.100906,false,false
2026-04-17T14:47:32.021017,0.000000,0.000000,0.120710,83.084,E,0,0.000000,0,0.000000,1.405013,2.089399,2.288125,-0.519542,11.858481,1.527501,-0.742350,2.163199,0.070712,2.288125,0.010385,1.696984,0.878424,1.910887,1.697015,-29.142002,-34.195004,-13.063001,NaN,-2.160192,true,Self-supervised model,0.144903,0.000000,0.000000,0.000000,0.000000,0.000000,0.614046,1.197415,false,false
2026-04-17T14:47:32.028347,0.000000,0.000000,0.075414,85.679,E,0,0.000000,0,0.000000,1.606751,2.092093,2.665875,-0.715866,12.169727,1.496376,-0.986233,2.476506,0.033925,2.665875,-0.089797,1.758681,0.866207,1.962482,1.760972,-29.142002,-34.195004,-13.063001,NaN,-2.207765,true,Self-supervised model,0.149965,0.000000,0.000000,0.000000,0.000000,0.000000,0.602711,1.358420,false,false
2026-04-17T14:47:32.036959,0.000000,0.000000,0.030105,88.275,E,0,0.000000,0,0.000000,1.807915,2.102726,2.864024,-0.814029,12.320562,1.532289,-1.130404,2.630921,0.055419,2.864024,-0.214414,1.751351,0.846048,1.956783,1.764427,-29.142002,-34.195004,-13.063001,NaN,-2.253124,true,Self-supervised model,0.166275,0.000000,0.000000,0.000000,0.000000,0.000000,0.631250,1.463639,false,false
2026-04-17T14:47:32.045639,0.000000,0.000000,-0.014707,90.843,E,0,0.000000,0,0.000000,1.984421,2.119994,2.911080,-0.821211,12.342110,1.618480,-1.181871,2.657794,0.117032,2.911080,-0.331089,1.674993,0.821003,1.894536,1.707402,-29.142002,-34.195004,-13.063001,NaN,-2.295947,true,Self-supervised model,0.169477,0.000000,0.000000,0.000000,0.000000,0.000000,0.681679,1.536566,false,false
2026-04-17T14:47:32.053703,0.000000,0.000000,-0.058354,93.343,E,0,0.000000,0,0.000000,2.107493,2.141494,2.753619,-0.830788,12.129025,1.757344,-1.233689,2.451857,0.220965,2.753619,-0.434936,1.570535,0.780686,1.806992,1.629647,-29.142002,-34.195004,-13.063001,NaN,-2.334939,true,Self-supervised model,0.168591,0.000000,0.000000,0.000000,0.000000,0.000000,0.765354,1.523869,false,false
2026-04-17T14:47:32.060576,0.000000,0.000000,-0.100093,95.735,E,0,0.000000,0,0.000000,2.156194,2.164082,2.411875,-0.775721,11.688493,2.082955,-1.218288,2.020458,0.500665,2.411875,-0.616363,1.304808,0.712880,1.609542,1.443062,-29.142002,-34.195004,-13.063001,NaN,-2.369042,true,Self-supervised model,0.139572,0.000000,0.000000,0.000000,0.000000,0.000000,0.893991,1.498485,false,false
2026-04-17T14:47:32.070133,0.000000,0.000000,-0.139115,97.971,E,0,0.000000,0,0.000000,2.145882,2.185354,2.091746,-0.756568,11.152191,2.418144,-1.237321,1.495264,0.780143,2.091746,-0.737314,1.079399,0.675006,1.471179,1.307186,-29.142002,-34.195004,-13.063001,NaN,-2.397198,true,Self-supervised model,0.177790,0.000000,0.000000,0.000000,0.000000,0.000000,1.025881,1.421816,false,false
2026-04-17T14:47:32.077135,0.000000,0.000000,-0.174905,100.021,E,0,0.000000,0,0.000000,2.093883,2.203695,1.820888,-0.679953,10.639832,2.643199,-1.198902,0.995905,0.941510,1.820888,-0.814894,0.941954,0.662789,1.410893,1.245524,-29.142002,-34.195004,-13.063001,NaN,-2.420060,true,Self-supervised model,0.150432,0.000000,0.000000,0.000000,0.000000,0.000000,1.149924,1.290593,false,false
2026-04-17T14:47:32.086092,0.000000,0.000000,-0.207344,101.880,E,0,0.000000,0,0.000000,2.013270,2.218078,1.590052,-0.593762,9.983821,2.808398,-1.150874,0.354335,1.038364,1.590052,-0.856433,0.909578,0.662178,1.413963,1.249324,-29.142002,-34.195004,-13.063001,NaN,-2.439091,true,Self-supervised model,0.161906,0.000000,0.000000,0.000000,0.000000,0.000000,1.266167,1.124536,false,false
2026-04-17T14:47:32.092305,0.000000,0.000000,-0.236603,103.556,E,0,0.000000,0,0.000000,1.941593,2.229019,1.565289,-0.507571,9.399636,2.930503,-1.102565,-0.214397,1.090191,1.565289,-0.846659,1.028697,0.685391,1.498269,1.332310,-29.142002,-34.195004,-13.063001,NaN,-2.455634,true,Self-supervised model,0.139412,0.000000,0.000000,0.000000,0.000000,0.000000,1.240405,1.044732,false,false
2026-04-17T14:47:32.102860,0.000000,0.000000,-0.263136,105.077,E,0,0.000000,0,0.000000,1.900828,2.237891,1.686809,-0.435745,8.906430,3.016694,-1.067992,-0.691749,1.107339,1.686809,-0.786184,1.265102,0.731817,1.659555,1.489486,-29.142002,-34.195004,-13.063001,NaN,-2.471262,true,Self-supervised model,0.187730,0.000000,0.000000,0.000000,0.000000,0.000000,1.126878,1.016422,false,false
2026-04-17T14:47:32.108376,0.000000,0.000000,-0.287612,106.479,E,0,0.000000,0,0.000000,1.897278,2.246266,1.878643,-0.423774,8.552089,3.105280,-1.090964,-1.030413,1.130197,1.878643,-0.714712,1.516778,0.770912,1.845463,1.676732,-29.142002,-34.195004,-13.063001,NaN,-2.487508,true,Self-supervised model,0.134180,0.000000,0.000000,0.000000,0.000000,0.000000,1.009919,1.017979,false,false
2026-04-17T14:47:32.116951,0.000000,0.000000,-0.310644,107.799,E,0,0.000000,0,0.000000,1.927003,2.255496,2.083056,-0.392649,8.307879,3.287239,-1.090503,-1.259502,1.250431,2.083056,-0.612698,1.794111,0.812451,2.062598,1.895846,-29.142002,-34.195004,-13.063001,NaN,-2.504767,true,Self-supervised model,0.185180,0.000000,0.000000,0.000000,0.000000,0.000000,0.925085,1.009918,false,false
2026-04-17T14:47:32.124303,0.000000,0.000000,-0.332642,109.059,E,0,0.000000,0,0.000000,1.976203,2.266324,2.234507,-0.435745,8.240842,3.481169,-1.160104,-1.312282,1.387478,2.234507,-0.503964,2.010358,0.847270,2.239059,2.072563,-29.142002,-34.195004,-13.063001,NaN,-2.522629,true,Self-supervised model,0.175416,0.000000,0.000000,0.000000,0.000000,0.000000,0.884403,0.997967,false,false
2026-04-17T14:47:32.132469,0.000000,0.000000,-0.353967,110.281,E,0,0.000000,0,0.000000,2.023852,2.278625,2.274011,-0.442927,8.379706,3.696647,-1.190779,-1.160182,1.551498,2.274011,-0.395230,2.123978,0.873537,2.330356,2.160438,-29.142002,-34.195004,-13.063001,NaN,-2.541259,true,Self-supervised model,0.189440,0.000000,0.000000,0.000000,0.000000,0.000000,0.889993,0.975821,false,false
2026-04-17T14:47:32.140545,0.000000,0.000000,-0.374948,111.483,E,0,0.000000,0,0.000000,2.056928,2.291757,2.230575,-0.471658,8.564059,3.773262,-1.241224,-0.963840,1.582985,2.230575,-0.302378,2.149024,0.892474,2.346539,2.170193,-29.142002,-34.195004,-13.063001,NaN,-2.560870,true,Self-supervised model,0.188300,0.000000,0.000000,0.000000,0.000000,0.000000,0.922151,0.950581,false,false
2026-04-17T14:47:32.148731,0.000000,0.000000,-0.395786,112.677,SE,0,0.000000,0,0.000000,2.069406,2.304863,2.134915,-0.500388,8.805874,3.773262,-1.291439,-0.711237,1.544083,2.134915,-0.191812,2.130087,0.910800,2.324569,2.138706,-29.142002,-34.195004,-13.063001,NaN,-2.581131,true,Self-supervised model,0.186723,0.000000,0.000000,0.000000,0.000000,0.000000,0.969315,0.918414,false,false
2026-04-17T14:47:32.161522,0.000000,0.000000,-0.416683,113.874,SE,0,0.000000,0,0.000000,2.073883,2.317624,2.097385,-0.543484,8.959103,3.763685,-1.356066,-0.548757,1.502989,2.097385,-0.073304,2.094046,0.910189,2.284480,2.095329,-29.142002,-34.195004,-13.063001,NaN,-2.602266,true,Self-supervised model,0.223142,0.000000,0.000000,0.000000,0.000000,0.000000,0.988794,0.918102,false,false
2026-04-17T14:47:32.164859,0.000000,0.000000,-0.437787,115.083,SE,0,0.000000,0,0.000000,2.062513,2.329420,2.002820,-0.466869,9.050082,3.737349,-1.300691,-0.450705,1.454769,2.002820,0.056810,2.036014,0.892474,2.223756,2.036806,-30.921001,-33.771000,-17.281000,NaN,-2.624197,true,Self-supervised model,0.110771,0.000000,0.000000,0.000000,0.000000,0.000000,1.029805,0.900647,false,false
2026-04-17T14:47:32.173303,0.000000,0.000000,-0.459213,116.311,SE,0,0.000000,0,0.000000,2.032405,2.339539,1.874343,-0.328006,9.083601,3.691859,-1.181744,-0.412047,1.395299,1.874343,0.163101,1.967597,0.853379,2.150882,1.974345,-30.921001,-33.771000,-17.281000,NaN,-2.646912,true,Self-supervised model,0.188103,0.000000,0.000000,0.000000,0.000000,0.000000,1.084330,0.871430,false,false
2026-04-17T14:47:32.181045,0.000000,0.000000,-0.480914,117.554,SE,0,0.000000,0,0.000000,1.977548,2.347059,1.689546,-0.138864,9.021352,3.572149,-1.009789,-0.471363,1.269924,1.689546,0.270613,1.866804,0.776410,2.039853,1.886316,-30.921001,-33.771000,-17.281000,NaN,-2.669708,true,Self-supervised model,0.172801,0.000000,0.000000,0.000000,0.000000,0.000000,1.170461,0.828268,false,false
2026-04-17T14:47:32.188746,0.000000,0.000000,-0.502709,118.803,SE,0,0.000000,0,0.000000,1.885265,2.350588,1.400777,0.126893,8.973468,3.359065,-0.756695,-0.518516,1.058646,1.400777,0.354302,1.750740,0.667676,1.906937,1.786231,-30.921001,-33.771000,-17.281000,NaN,-2.691885,true,Self-supervised model,0.165371,0.000000,0.000000,0.000000,0.000000,0.000000,1.345871,0.734569,false,false
2026-04-17T14:47:32.197288,0.000000,0.000000,-0.524284,120.039,SE,0,0.000000,0,0.000000,1.764814,2.349157,1.132446,0.277727,8.889671,3.028665,-0.613099,-0.603596,0.736353,1.132446,0.396452,1.665830,0.556498,1.800514,1.712356,-30.921001,-33.771000,-17.281000,NaN,-2.712578,true,Self-supervised model,0.169921,0.000000,0.000000,0.000000,0.000000,0.000000,1.558408,0.628957,false,false
2026-04-17T14:47:32.205248,0.000000,0.000000,-0.545248,121.240,SE,0,0.000000,0,0.000000,1.642942,2.342908,1.003119,0.474052,8.722076,2.762909,-0.417457,-0.774012,0.482579,1.003119,0.405004,1.571756,0.417221,1.675864,1.623098,-30.921001,-33.771000,-17.281000,NaN,-2.731097,true,Self-supervised model,0.162619,0.000000,0.000000,0.000000,0.000000,0.000000,1.637834,0.598568,false,false
2026-04-17T14:47:32.213432,0.000000,0.000000,-0.565173,122.382,SE,0,0.000000,0,0.000000,1.554797,2.333384,1.092033,0.562637,8.473080,2.451663,-0.322784,-1.026767,0.184653,1.092033,0.372628,1.492344,0.281609,1.563728,1.538162,-30.921001,-33.771000,-17.281000,NaN,-2.746866,true,Self-supervised model,0.169009,0.000000,0.000000,0.000000,0.000000,0.000000,1.423764,0.698352,false,false
2026-04-17T14:47:32.220514,0.000000,0.000000,-0.583623,123.439,SE,0,0.000000,0,0.000000,1.513831,2.322602,1.298759,0.572214,8.240842,2.224213,-0.300674,-1.263109,-0.030419,1.298759,0.317039,1.433701,0.165544,1.477639,1.468336,-30.921001,-33.771000,-17.281000,NaN,-2.759420,true,Self-supervised model,0.172279,0.000000,0.000000,0.000000,0.000000,0.000000,1.165598,0.878942,false,false
2026-04-17T14:47:32.229345,0.000000,0.000000,-0.600227,124.390,SE,0,0.000000,0,0.000000,1.508888,2.312053,1.482937,0.574608,8.056489,2.126051,-0.280248,-1.451332,-0.119155,1.482937,0.252898,1.395827,0.084910,1.421091,1.418552,-30.921001,-33.771000,-17.281000,NaN,-2.768634,true,Self-supervised model,0.201648,0.000000,0.000000,0.000000,0.000000,0.000000,1.017500,1.043520,false,false
2026-04-17T14:47:32.237247,0.000000,0.000000,-0.614716,125.221,SE,0,0.000000,0,0.000000,1.535544,2.302993,1.675487,0.486023,7.879318,2.082955,-0.346443,-1.631754,-0.156885,1.675487,0.171042,1.359175,0.013439,1.369961,1.369895,-30.921001,-33.771000,-17.281000,NaN,-2.774668,true,Self-supervised model,0.221715,0.000000,0.000000,0.000000,0.000000,0.000000,0.916476,1.223018,false,false
2026-04-17T14:47:32.245267,0.000000,0.000000,-0.626954,125.922,SE,0,0.000000,0,0.000000,1.582065,2.296156,1.826299,0.387861,7.745243,2.056619,-0.418957,-1.768194,-0.182573,1.826299,0.086743,1.332297,-0.035430,1.335588,1.335118,-30.921001,-33.771000,-17.281000,NaN,-2.777897,true,Self-supervised model,0.256209,0.000000,0.000000,0.000000,0.000000,0.000000,0.866268,1.367412,false,false
2026-04-17T14:47:32.255156,0.000000,0.000000,-0.636919,126.493,SE,0,0.000000,0,0.000000,1.636056,2.291752,1.919509,0.225055,7.682993,2.094927,-0.554305,-1.831717,-0.148571,1.919509,0.025045,1.320691,-0.057421,1.322176,1.320928,-30.921001,-33.771000,-17.281000,NaN,-2.778775,true,Self-supervised model,0.281276,0.000000,0.000000,0.000000,0.000000,0.000000,0.852330,1.451781,false,false
2026-04-17T14:47:32.260833,0.000000,0.000000,-0.644711,126.939,SE,0,0.000000,0,0.000000,1.687181,2.289569,1.955587,0.062249,7.685388,2.190695,-0.688284,-1.829401,-0.062283,1.955587,-0.057421,1.322523,-0.070860,1.325664,1.323769,-30.921001,-33.771000,-17.281000,NaN,-2.777871,true,Self-supervised model,0.270747,0.000000,0.000000,0.000000,0.000000,0.000000,0.862749,1.475175,false,false
2026-04-17T14:47:32.268858,0.000000,0.000000,-0.650485,127.270,SE,0,0.000000,0,0.000000,1.727725,2.289095,1.940586,-0.131681,7.771579,2.322376,-0.853025,-1.742166,0.055496,1.940586,-0.108734,1.344514,-0.059254,1.350205,1.348904,-30.921001,-33.771000,-17.281000,NaN,-2.775575,true,Self-supervised model,0.297141,0.000000,0.000000,0.000000,0.000000,0.000000,0.890311,1.437253,false,false
2026-04-17T14:47:32.280457,0.000000,0.000000,-0.654515,127.501,SE,0,0.000000,0,0.000000,1.749678,2.289518,1.864928,-0.263362,7.924808,2.497152,-0.956135,-1.586939,0.213041,1.864928,-0.143553,1.386664,-0.035430,1.394525,1.394075,-30.921001,-33.771000,-17.281000,NaN,-2.772633,true,Self-supervised model,0.298058,0.000000,0.000000,0.000000,0.000000,0.000000,0.938201,1.337321,false,false
2026-04-17T14:47:32.287977,0.000000,0.000000,-0.657179,127.654,SE,0,0.000000,0,0.000000,1.756035,2.290179,1.789410,-0.311246,8.046912,2.636016,-0.976311,-1.462205,0.332806,1.789410,-0.159436,1.439809,-0.007330,1.448629,1.448610,-30.921001,-33.771000,-17.281000,NaN,-2.769829,true,Self-supervised model,0.287230,0.000000,0.000000,0.000000,0.000000,0.000000,0.981349,1.235244,false,false
2026-04-17T14:47:32.292691,0.000000,0.000000,-0.658869,127.750,SE,0,0.000000,0,0.000000,1.748223,2.290501,1.707209,-0.251391,8.101978,2.712631,-0.889287,-1.404216,0.389754,1.707209,-0.157603,1.478905,0.000611,1.487279,1.487279,-30.921001,-33.771000,-17.281000,NaN,-2.767624,true,Self-supervised model,0.274562,0.000000,0.000000,0.000000,0.000000,0.000000,1.024024,1.147874,false,false
2026-04-17T14:47:32.302222,0.000000,0.000000,-0.659923,127.811,SE,0,0.000000,0,0.000000,1.736749,2.290351,1.676511,-0.203507,8.123527,2.837129,-0.813307,-1.379844,0.495231,1.676511,-0.139277,1.515557,-0.007941,1.521964,1.521943,-30.921001,-33.771000,-17.281000,NaN,-2.766132,true,Self-supervised model,0.278640,0.000000,0.000000,0.000000,0.000000,0.000000,1.035930,1.101545,false,false
2026-04-17T14:47:32.309466,0.000000,0.000000,-0.660511,127.844,SE,0,0.000000,0,0.000000,1.724684,2.289724,1.661342,-0.210690,8.159439,2.937685,-0.790936,-1.341530,0.578598,1.661342,-0.125227,1.499674,-0.022602,1.505063,1.504894,-30.921001,-33.771000,-17.281000,NaN,-2.764856,true,Self-supervised model,0.277985,0.000000,0.000000,0.000000,0.000000,0.000000,1.038127,1.103835,false,false
2026-04-17T14:47:32.322572,0.000000,0.000000,-0.660673,127.854,SE,0,0.000000,0,0.000000,1.713835,2.288688,1.656879,-0.316035,8.245630,3.026271,-0.865906,-1.253289,0.651705,1.656879,-0.109345,1.395827,-0.047037,1.400893,1.400103,-30.921001,-33.771000,-17.281000,NaN,-2.763316,true,Self-supervised model,0.281441,0.000000,0.000000,0.000000,0.000000,0.000000,1.034376,1.182730,false,false
2026-04-17T14:47:32.324795,0.000000,0.000000,-0.660402,127.838,SE,0,0.000000,0,0.000000,1.704696,2.287329,1.656719,-0.466869,8.398860,3.138798,-0.987608,-1.098249,0.750464,1.656719,-0.103847,1.282817,-0.045815,1.287829,1.287013,-30.417002,-31.274002,-22.578001,NaN,-2.761309,true,Self-supervised model,0.279802,0.000000,0.000000,0.000000,0.000000,0.000000,1.028959,1.286444,false,false
2026-04-17T14:47:32.332650,0.000000,0.000000,-0.659729,127.800,SE,0,0.000000,0,0.000000,1.705913,2.286072,1.712297,-0.660800,8.566454,3.258508,-1.154987,-0.928861,0.857429,1.712297,-0.100793,1.177137,-0.035430,1.181976,1.181445,-30.417002,-31.274002,-22.578001,NaN,-2.759031,true,Self-supervised model,0.288657,0.000000,0.000000,0.000000,0.000000,0.000000,0.996271,1.448674,false,false
2026-04-17T14:47:32.341176,0.000000,0.000000,-0.658798,127.746,SE,0,0.000000,0,0.000000,1.718575,2.285372,1.785054,-0.809240,8.702923,3.371036,-1.281524,-0.790640,0.958647,1.785054,-0.084910,0.998154,0.008552,1.001795,1.001759,-30.417002,-31.274002,-22.578001,NaN,-2.757069,true,Self-supervised model,0.298615,0.000000,0.000000,0.000000,0.000000,0.000000,0.962758,1.781855,false,false
2026-04-17T14:47:32.349471,0.000000,0.000000,-0.657850,127.692,SE,0,0.000000,0,0.000000,1.730331,2.285171,1.792046,-0.849942,8.798691,3.435679,-1.305201,-0.693227,1.013566,1.792046,-0.056200,0.888198,0.063530,0.892239,0.889974,-30.417002,-31.274002,-22.578001,NaN,-2.756052,true,Self-supervised model,0.298480,0.000000,0.000000,0.000000,0.000000,0.000000,0.965562,2.008482,false,false
2026-04-17T14:47:32.357204,0.000000,0.000000,-0.657126,127.651,SE,0,0.000000,0,0.000000,1.742425,2.285461,1.805918,-0.826000,8.810662,3.519476,-1.269405,-0.679889,1.089818,1.805918,-0.021380,0.814283,0.106901,0.821549,0.814564,-30.417002,-31.274002,-22.578001,NaN,-2.756226,true,Self-supervised model,0.298858,0.000000,0.000000,0.000000,0.000000,0.000000,0.964841,2.198188,false,false
2026-04-17T14:47:32.364702,0.000000,0.000000,-0.656892,127.637,SE,0,0.000000,0,0.000000,1.741495,2.285702,1.736617,-0.696713,8.791509,3.550601,-1.132670,-0.698126,1.116028,1.736617,0.007941,0.764192,0.139277,0.776821,0.764234,-30.417002,-31.274002,-22.578001,NaN,-2.757948,true,Self-supervised model,0.287096,0.000000,0.000000,0.000000,0.000000,0.000000,1.002809,2.235543,false,false
2026-04-17T14:47:32.372685,0.000000,0.000000,-0.657327,127.662,SE,0,0.000000,0,0.000000,1.729273,2.285445,1.665103,-0.493206,8.722076,3.588908,-0.925541,-0.767160,1.152132,1.665103,0.056200,0.679282,0.183260,0.705809,0.681603,-30.417002,-31.274002,-22.578001,NaN,-2.761064,true,Self-supervised model,0.273303,0.000000,0.000000,0.000000,0.000000,0.000000,1.038538,2.359140,false,false
2026-04-17T14:47:32.382262,0.000000,0.000000,-0.658553,127.732,SE,0,0.000000,0,0.000000,1.716073,2.284670,1.646778,-0.383072,8.674192,3.612850,-0.814893,-0.815099,1.176198,1.646778,0.086743,0.612087,0.209527,0.652745,0.618203,-30.417002,-31.274002,-22.578001,NaN,-2.765452,true,Self-supervised model,0.266334,0.000000,0.000000,0.000000,0.000000,0.000000,1.042080,2.522849,false,false
2026-04-17T14:47:32.389028,0.000000,0.000000,-0.660598,127.849,SE,0,0.000000,0,0.000000,1.693625,2.283028,1.575768,-0.265756,8.662222,3.598485,-0.690159,-0.824799,1.151708,1.575768,0.109345,0.557109,0.232129,0.613360,0.567738,-30.417002,-31.274002,-22.578001,NaN,-2.770768,true,Self-supervised model,0.252906,0.000000,0.000000,0.000000,0.000000,0.000000,1.074793,2.569074,false,false
2026-04-17T14:47:32.396340,0.000000,0.000000,-0.662534,127.960,SE,0,0.000000,0,0.000000,1.664267,2.280278,1.510143,-0.196325,8.683769,3.579332,-0.615590,-0.800898,1.122561,1.510143,0.125838,0.504575,0.252898,0.578263,0.520030,-30.417002,-31.274002,-22.578001,NaN,-2.772276,true,Self-supervised model,0.245029,0.000000,0.000000,0.000000,0.000000,0.000000,1.102060,2.611514,false,false
2026-04-17T14:47:32.406315,0.000000,0.000000,-0.664491,128.073,SE,0,0.000000,0,0.000000,1.622342,2.275960,1.402231,-0.138864,8.767567,3.538630,-0.554856,-0.714521,1.071376,1.402231,0.133779,0.474642,0.273668,0.563982,0.493135,-30.417002,-31.274002,-22.578001,NaN,-2.774312,true,Self-supervised model,0.235785,0.000000,0.000000,0.000000,0.000000,0.000000,1.156972,2.486302,false,false
2026-04-17T14:47:32.413490,0.000000,0.000000,-0.666548,128.190,SE,0,0.000000,0,0.000000,1.577148,2.270008,1.339884,-0.095768,8.836999,3.538630,-0.509839,-0.642135,1.059724,1.339884,0.137445,0.463647,0.287718,0.562708,0.483590,-30.417002,-31.274002,-22.578001,NaN,-2.776769,true,Self-supervised model,0.228486,0.000000,0.000000,0.000000,0.000000,0.000000,1.177079,2.381133,false,false
2026-04-17T14:47:32.420631,0.000000,0.000000,-0.668751,128.317,SE,0,0.000000,0,0.000000,1.526466,2.262266,1.260382,-0.088585,8.944737,3.519476,-0.501394,-0.530959,1.027253,1.260382,0.136834,0.457538,0.307265,0.567870,0.477561,-30.417002,-31.274002,-22.578001,NaN,-2.779559,true,Self-supervised model,0.221767,0.000000,0.000000,0.000000,0.000000,0.000000,1.211114,2.219490,false,false
2026-04-17T14:47:32.429068,0.000000,0.000000,-0.671091,128.451,SE,0,0.000000,0,0.000000,1.476027,2.252817,1.211227,-0.090980,9.107543,3.548207,-0.502836,-0.363993,1.040065,1.211227,0.133169,0.455705,0.331089,0.578810,0.474765,-30.417002,-31.274002,-22.578001,NaN,-2.782443,true,Self-supervised model,0.216514,0.000000,0.000000,0.000000,0.000000,0.000000,1.218622,2.092615,false,false
2026-04-17T14:47:32.436929,0.000000,0.000000,-0.673535,128.591,SE,0,0.000000,0,0.000000,1.421425,2.241561,1.134764,-0.110133,9.315839,3.524265,-0.520848,-0.150623,0.996855,1.134764,0.122784,0.478918,0.350637,0.606123,0.494407,-30.417002,-31.274002,-22.578001,NaN,-2.785307,true,Self-supervised model,0.210898,0.000000,0.000000,0.000000,0.000000,0.000000,1.252617,1.872169,false,false
2026-04-17T14:47:32.445572,0.000000,0.000000,-0.676031,128.734,SE,0,0.000000,0,0.000000,1.372666,2.228805,1.116678,0.004788,9.536105,3.588908,-0.404264,0.075830,1.038167,1.116678,0.105680,0.494190,0.369573,0.626080,0.505363,-30.417002,-31.274002,-22.578001,NaN,-2.788009,true,Self-supervised model,0.206185,0.000000,0.000000,0.000000,0.000000,0.000000,1.229240,1.783602,false,false
2026-04-17T14:47:32.454037,0.000000,0.000000,-0.678530,128.877,SE,0,0.000000,0,0.000000,1.335720,2.215082,1.141753,0.114922,9.751583,3.641581,-0.291805,0.298866,1.062605,1.141753,0.091019,0.504575,0.376904,0.636346,0.512718,-30.417002,-31.274002,-22.578001,NaN,-2.790517,true,Self-supervised model,0.202152,0.000000,0.000000,0.000000,0.000000,0.000000,1.169885,1.794233,false,false
2026-04-17T14:47:32.460323,0.000000,0.000000,-0.680962,129.016,SE,0,0.000000,0,0.000000,1.308810,2.200831,1.167536,0.253785,9.923966,3.665523,-0.149513,0.480128,1.053690,1.167536,0.064752,0.540616,0.367130,0.656691,0.544480,-30.417002,-31.274002,-22.578001,NaN,-2.792684,true,Self-supervised model,0.199327,0.000000,0.000000,0.000000,0.000000,0.000000,1.121002,1.777909,false,false
2026-04-17T14:47:32.468675,0.000000,0.000000,-0.683257,129.148,SE,0,0.000000,0,0.000000,1.292007,2.186478,1.203790,0.359130,10.005369,3.701436,-0.042440,0.569825,1.059532,1.203790,0.050091,0.580322,0.334754,0.671821,0.582480,-30.417002,-31.274002,-22.578001,NaN,-2.794435,true,Self-supervised model,0.200740,0.000000,0.000000,0.000000,0.000000,0.000000,1.073283,1.791833,false,false
2026-04-17T14:47:32.481295,0.000000,0.000000,-0.685652,129.285,SE,0,0.000000,0,0.000000,1.277861,2.172133,1.203592,0.438139,10.089166,3.672705,0.037713,0.660751,1.005296,1.203592,0.040317,0.618806,0.298713,0.688314,0.620118,-30.417002,-31.274002,-22.578001,NaN,-2.797227,true,Self-supervised model,0.200790,0.000000,0.000000,0.000000,0.000000,0.000000,1.061706,1.748608,false,false
2026-04-17T14:47:32.486674,0.000000,0.000000,-0.688271,129.435,SE,0,0.000000,0,0.000000,1.275080,2.158251,1.260480,0.490811,10.189722,3.684676,0.092589,0.767342,0.995703,1.260480,0.025045,0.662178,0.248011,0.707543,0.662651,-22.048000,-33.801003,-25.829000,NaN,-2.800740,true,Self-supervised model,0.203407,0.000000,0.000000,0.000000,0.000000,0.000000,1.011583,1.781490,false,false
2026-04-17T14:47:32.492613,0.000000,0.000000,-0.691091,129.597,SE,0,0.000000,0,0.000000,1.289931,2.145518,1.367902,0.476446,10.345345,3.708618,0.081690,0.927965,1.001681,1.367902,0.006720,0.687834,0.202807,0.717141,0.687867,-22.048000,-33.801003,-25.829000,NaN,-2.804363,true,Self-supervised model,0.217001,0.000000,0.000000,0.000000,0.000000,0.000000,0.943000,1.907437,false,false
2026-04-17T14:47:32.501855,0.000000,0.000000,-0.694055,129.766,SE,0,0.000000,0,0.000000,1.317221,2.134386,1.460491,0.486023,10.472239,3.722984,0.096177,1.058924,1.001232,1.460491,-0.009774,0.703106,0.163712,0.721980,0.703174,-22.048000,-33.801003,-25.829000,NaN,-2.807907,true,Self-supervised model,0.232802,0.000000,0.000000,0.000000,0.000000,0.000000,0.901903,2.022897,false,false
2026-04-17T14:47:32.508340,0.000000,0.000000,-0.697087,129.940,SE,0,0.000000,0,0.000000,1.357514,2.125312,1.569051,0.483629,10.668563,3.665523,0.100177,1.258475,0.931733,1.569051,-0.028100,0.726930,0.136223,0.740117,0.727473,-22.048000,-33.801003,-25.829000,NaN,-2.811207,true,Self-supervised model,0.248595,0.000000,0.000000,0.000000,0.000000,0.000000,0.865181,2.120005,false,false
2026-04-17T14:47:32.519004,0.000000,0.000000,-0.700113,130.114,SE,0,0.000000,0,0.000000,1.417117,2.118984,1.730034,0.454898,10.917560,3.584120,0.079663,1.509956,0.840657,1.730034,-0.048869,0.758084,0.112399,0.767928,0.759657,-22.048000,-33.801003,-25.829000,NaN,-2.814214,true,Self-supervised model,0.276869,0.000000,0.000000,0.000000,0.000000,0.000000,0.819127,2.252861,false,false
2026-04-17T14:47:32.524388,0.000000,0.000000,-0.703072,130.283,SE,0,0.000000,0,0.000000,1.487627,2.115729,1.857803,0.478840,11.111490,3.478775,0.114347,1.706046,0.726474,1.857803,-0.099571,0.831388,0.076969,0.840859,0.837329,-22.048000,-33.801003,-25.829000,NaN,-2.816898,true,Self-supervised model,0.293748,0.000000,0.000000,0.000000,0.000000,0.000000,0.800745,2.209411,false,false
2026-04-17T14:47:32.532664,0.000000,0.000000,-0.705880,130.444,SE,0,0.000000,0,0.000000,1.561756,2.115571,1.950931,0.454898,11.243171,3.402161,0.103941,1.840472,0.638742,1.950931,-0.153327,0.884533,0.051924,0.899224,0.897724,-22.048000,-33.801003,-25.829000,NaN,-2.819107,true,Self-supervised model,0.311725,0.000000,0.000000,0.000000,0.000000,0.000000,0.800518,2.169572,false,false
2026-04-17T14:47:32.540430,0.000000,0.000000,-0.708430,130.590,SE,0,0.000000,0,0.000000,1.635542,2.118369,2.022923,0.462081,11.331757,3.361459,0.127555,1.933010,0.582598,2.022923,-0.208916,0.912022,0.033598,0.936247,0.935644,-22.048000,-33.801003,-25.829000,NaN,-2.820626,true,Self-supervised model,0.324235,0.000000,0.000000,0.000000,0.000000,0.000000,0.808504,2.160673,false,false
2026-04-17T14:47:32.548535,0.000000,0.000000,-0.710605,130.715,SE,0,0.000000,0,0.000000,1.715817,2.124267,2.137259,0.440533,11.463438,3.315969,0.124756,2.070128,0.516606,2.137259,-0.293215,0.908357,0.006109,0.954528,0.954509,-22.048000,-33.801003,-25.829000,NaN,-2.821300,true,Self-supervised model,0.346542,0.000000,0.000000,0.000000,0.000000,0.000000,0.802812,2.239074,false,false
2026-04-17T14:47:32.556467,0.000000,0.000000,-0.712309,130.812,SE,0,0.000000,0,0.000000,1.808613,2.133641,2.295790,0.363919,11.626244,3.323152,0.068784,2.240305,0.496944,2.295790,-0.395230,0.877203,-0.026267,0.962487,0.962128,-22.048000,-33.801003,-25.829000,NaN,-2.821118,true,Self-supervised model,0.375772,0.000000,0.000000,0.000000,0.000000,0.000000,0.787795,2.385269,false,false
2026-04-17T14:47:32.564206,0.000000,0.000000,-0.713447,130.877,SE,0,0.000000,0,0.000000,1.909881,2.146691,2.441539,0.244209,11.765107,3.363853,-0.028753,2.388972,0.503086,2.441539,-0.520457,0.806953,-0.054978,0.961806,0.960234,-22.048000,-33.801003,-25.829000,NaN,-2.819991,true,Self-supervised model,0.405047,0.000000,0.000000,0.000000,0.000000,0.000000,0.782245,2.538493,false,false
2026-04-17T14:47:32.572440,0.000000,0.000000,-0.713921,130.905,SE,0,0.000000,0,0.000000,2.009175,2.163190,2.530471,0.095768,11.827356,3.459621,-0.153837,2.464051,0.555039,2.530471,-0.630413,0.729984,-0.091630,0.968862,0.964519,-22.048000,-33.801003,-25.829000,NaN,-2.817815,true,Self-supervised model,0.427542,0.000000,0.000000,0.000000,0.000000,0.000000,0.793993,2.611798,false,false
2026-04-17T14:47:32.580931,0.000000,0.000000,-0.713642,130.889,SE,0,0.000000,0,0.000000,2.099126,2.182628,2.571370,-0.038307,11.793838,3.703830,-0.263836,2.446308,0.746933,2.571370,-0.757473,0.609033,-0.129503,0.980539,0.971950,-22.048000,-33.801003,-25.829000,NaN,-2.814517,true,Self-supervised model,0.441691,0.000000,0.000000,0.000000,0.000000,0.000000,0.816346,2.622404,false,false
2026-04-17T14:47:32.588776,0.000000,0.000000,-0.712553,130.826,SE,0,0.000000,0,0.000000,2.173168,2.204249,2.561887,-0.098162,11.652579,4.053383,-0.299656,2.323909,1.035817,2.561887,-0.873537,0.472199,-0.163101,1.006301,0.992995,-22.048000,-33.801003,-25.829000,NaN,-2.810191,true,Self-supervised model,0.443874,0.000000,0.000000,0.000000,0.000000,0.000000,0.848269,2.545846,false,false
2026-04-17T14:47:32.596256,0.000000,0.000000,-0.710639,130.717,SE,0,0.000000,0,0.000000,2.218784,2.226831,2.458267,-0.074220,11.408371,4.335899,-0.252247,2.101540,1.250192,2.458267,-0.952950,0.363465,-0.189368,1.037343,1.019912,-22.048000,-33.801003,-25.829000,NaN,-2.804978,true,Self-supervised model,0.428762,0.000000,0.000000,0.000000,0.000000,0.000000,0.902580,2.369773,false,false
2026-04-17T14:47:32.604722,0.000000,0.000000,-0.707927,130.561,SE,0,0.000000,0,0.000000,2.232010,2.249038,2.301445,0.150835,10.919954,4.776433,-0.004501,1.637389,1.617278,2.301445,-1.017702,0.233351,-0.218690,1.066768,1.044112,-22.048000,-33.801003,-25.829000,NaN,-2.799074,true,Self-supervised model,0.401361,0.000000,0.000000,0.000000,0.000000,0.000000,0.969830,2.157400,false,false
2026-04-17T14:47:32.613124,0.000000,0.000000,-0.704489,130.364,SE,0,0.000000,0,0.000000,2.220175,2.269883,2.158043,0.445322,10.307038,5.094861,0.311875,1.050561,1.859087,2.158043,-1.045190,0.127671,-0.249844,1.082194,1.052959,-22.048000,-33.801003,-25.829000,NaN,-2.792729,true,Self-supervised model,0.372504,0.000000,0.000000,0.000000,0.000000,0.000000,1.028791,1.994136,false,false
2026-04-17T14:47:32.621130,0.000000,0.000000,-0.700383,130.129,SE,0,0.000000,0,0.000000,2.212572,2.289591,2.172657,0.735020,9.639056,5.353435,0.623854,0.409636,2.040452,2.172657,-1.031751,0.052534,-0.299935,1.075747,1.033088,-22.048000,-33.801003,-25.829000,NaN,-2.785955,true,Self-supervised model,0.370897,0.000000,0.000000,0.000000,0.000000,0.000000,1.018372,2.019673,false,false
2026-04-17T14:47:32.628542,0.000000,0.000000,-0.695636,129.857,SE,0,0.000000,0,0.000000,2.230511,2.309228,2.324692,0.974440,8.983045,5.525817,0.887617,-0.219193,2.137354,2.324692,-1.004262,0.012217,-0.339641,1.060211,1.004337,-22.048000,-33.801003,-25.829000,NaN,-2.778644,true,Self-supervised model,0.390409,0.000000,0.000000,0.000000,0.000000,0.000000,0.959487,2.192668,false,false
2026-04-17T14:47:32.641383,0.000000,0.000000,-0.690211,129.546,SE,0,0.000000,0,0.000000,2.311384,2.331314,2.735963,1.199495,8.224083,5.758055,1.138867,-0.951825,2.298370,2.735963,-0.927904,-0.069028,-0.400117,1.012850,0.930468,-22.048000,-33.801003,-25.829000,NaN,-2.770503,true,Self-supervised model,0.460826,0.000000,0.000000,0.000000,0.000000,0.000000,0.844815,2.701253,false,false
2026-04-17T14:47:32.644641,0.000000,0.000000,-0.684102,129.196,SE,0,0.000000,0,0.000000,2.446421,2.357918,3.155369,1.345541,7.563283,5.913678,1.312777,-1.588250,2.389650,3.155369,-0.826501,-0.160658,-0.442877,0.951344,0.841970,-19.078001,-36.766003,-25.306002,NaN,-2.761663,true,Self-supervised model,0.444240,0.000000,0.000000,0.000000,0.000000,0.000000,0.775320,3.316750,false,false
2026-04-17T14:47:32.657324,0.000000,0.000000,-0.677262,128.804,SE,0,0.000000,0,0.000000,2.607335,2.389895,3.452131,1.347936,6.998251,5.942409,1.342570,-2.130979,2.360857,3.452131,-0.704938,-0.271835,-0.469755,0.889664,0.755535,-19.078001,-36.766003,-25.306002,NaN,-2.751895,true,Self-supervised model,0.559359,0.000000,0.000000,0.000000,0.000000,0.000000,0.755283,3.880263,false,false
2026-04-17T14:47:32.660528,0.000000,0.000000,-0.669775,128.375,SE,0,0.000000,0,0.000000,2.749334,2.426272,3.494829,1.194707,6.696582,5.851429,1.213000,-2.412401,2.218734,3.494829,-0.594372,-0.368352,-0.466701,0.840697,0.699257,-19.078001,-36.766003,-25.306002,NaN,-2.741822,true,Self-supervised model,0.475129,0.000000,0.000000,0.000000,0.000000,0.000000,0.786686,4.157063,false,false
2026-04-17T14:47:32.668943,0.000000,0.000000,-0.661835,127.920,SE,0,0.000000,0,0.000000,2.844294,2.464993,3.342834,0.957681,6.569689,5.635951,0.993527,-2.520921,1.957652,3.342834,-0.507629,-0.433103,-0.441656,0.800203,0.667282,-19.078001,-36.766003,-25.306002,NaN,-2.732070,true,Self-supervised model,0.571886,0.000000,0.000000,0.000000,0.000000,0.000000,0.850863,4.177480,false,false
2026-04-17T14:47:32.676770,0.000000,0.000000,-0.653740,127.457,SE,0,0.000000,0,0.000000,2.874568,2.503376,3.033505,0.632069,6.675035,5.446809,0.678529,-2.399064,1.728074,3.033505,-0.365297,-0.464258,-0.353691,0.688531,0.590743,-19.078001,-36.766003,-25.306002,NaN,-2.723351,true,Self-supervised model,0.540348,0.000000,0.000000,0.000000,0.000000,0.000000,0.947606,4.405765,false,false
2026-04-17T14:47:32.686861,0.000000,0.000000,-0.645837,127.004,SE,0,0.000000,0,0.000000,2.862304,2.539733,2.797919,0.414197,6.806715,5.348647,0.464475,-2.252377,1.593552,2.797919,-0.277944,-0.435547,-0.259007,0.577961,0.516676,-19.078001,-36.766003,-25.306002,NaN,-2.716219,true,Self-supervised model,0.523768,0.000000,0.000000,0.000000,0.000000,0.000000,1.023012,4.841020,false,false
2026-04-17T14:47:32.692521,0.000000,0.000000,-0.638474,126.582,SE,0,0.000000,0,0.000000,2.838152,2.573670,2.711357,0.311246,6.813898,5.279215,0.360239,-2.233077,1.495008,2.711357,-0.211970,-0.394008,-0.170431,0.478770,0.447408,-19.078001,-36.766003,-25.306002,NaN,-2.711019,true,Self-supervised model,0.486918,0.000000,0.000000,0.000000,0.000000,0.000000,1.046765,5.663173,false,false
2026-04-17T14:47:32.702563,0.000000,0.000000,-0.631908,126.206,SE,0,0.000000,0,0.000000,2.813379,2.605258,2.683320,0.268151,6.754043,5.181053,0.311612,-2.283501,1.374309,2.683320,-0.145386,-0.320093,-0.065363,0.357588,0.351563,-19.078001,-36.766003,-25.306002,NaN,-2.707634,true,Self-supervised model,0.521231,0.000000,0.000000,0.000000,0.000000,0.000000,1.048470,7.503944,false,false
2026-04-17T14:47:32.708344,0.000000,0.000000,-0.626316,125.885,SE,0,0.000000,0,0.000000,2.783043,2.634370,2.623777,0.265756,6.718130,5.025429,0.299913,-2.312623,1.202511,2.623777,-0.099571,-0.252898,0.001833,0.271800,0.271794,-19.078001,-36.766003,-25.306002,NaN,-2.705944,true,Self-supervised model,0.507947,0.000000,0.000000,0.000000,0.000000,0.000000,1.060701,9.653335,false,false
2026-04-17T14:47:32.717457,0.000000,0.000000,-0.621858,125.630,SE,0,0.000000,0,0.000000,2.743984,2.660754,2.538923,0.292093,6.722919,4.853047,0.314567,-2.303611,1.020077,2.538923,-0.026878,-0.096517,0.113010,0.151027,0.100189,-19.078001,-36.766003,-25.306002,NaN,-2.706020,true,Self-supervised model,0.536655,0.000000,0.000000,0.000000,0.000000,0.000000,1.080767,16.811045,false,false
2026-04-17T14:47:32.724640,0.000000,0.000000,-0.618623,125.444,SE,0,0.000000,0,0.000000,2.702215,2.684413,2.482928,0.339977,6.713342,4.673482,0.350117,-2.311454,0.836381,2.482928,0.018937,0.025045,0.164323,0.167296,0.031399,-19.078001,-36.766003,-25.306002,NaN,-2.707677,true,Self-supervised model,0.513249,0.000000,0.000000,0.000000,0.000000,0.000000,1.088318,14.841558,false,false
2026-04-17T14:47:32.733301,0.000000,0.000000,-0.616633,125.330,SE,0,0.000000,0,0.000000,2.637308,2.704529,2.296548,0.392649,6.847417,4.450821,0.391570,-2.177819,0.614742,2.296548,0.072082,0.179594,0.207694,0.283878,0.193520,-19.078001,-36.766003,-25.306002,NaN,-2.710669,true,Self-supervised model,0.441991,0.000000,0.000000,0.000000,0.000000,0.000000,1.148379,8.089905,false,false
2026-04-17T14:47:32.740571,0.000000,0.000000,-0.615821,125.284,SE,0,0.000000,0,0.000000,2.544937,2.720145,2.059989,0.454898,7.053318,4.213795,0.445279,-1.974382,0.383532,2.059989,0.116675,0.333532,0.224188,0.418470,0.353351,-19.078001,-36.766003,-25.306002,NaN,-2.714566,true,Self-supervised model,0.382423,0.000000,0.000000,0.000000,0.000000,0.000000,1.235413,4.922670,false,false
2026-04-17T14:47:32.749399,0.000000,0.000000,-0.616066,125.298,SE,0,0.000000,0,0.000000,2.426979,2.730418,1.807700,0.457293,7.290344,4.019865,0.443100,-1.741242,0.198785,1.807700,0.145997,0.482584,0.221744,0.550793,0.504184,-19.078001,-36.766003,-25.306002,NaN,-2.719039,true,Self-supervised model,0.336032,0.000000,0.000000,0.000000,0.000000,0.000000,1.342579,3.281998,false,false
2026-04-17T14:47:32.757476,0.000000,0.000000,-0.617185,125.362,SE,0,0.000000,0,0.000000,2.293706,2.734950,1.594021,0.423774,7.496245,3.785233,0.410134,-1.540161,-0.024433,1.594021,0.172264,0.588263,0.198531,0.644316,0.612967,-19.078001,-36.766003,-25.306002,NaN,-2.723658,true,Self-supervised model,0.301352,0.000000,0.000000,0.000000,0.000000,0.000000,1.438943,2.473974,false,false
2026-04-17T14:47:32.764543,0.000000,0.000000,-0.618961,125.464,SE,0,0.000000,0,0.000000,2.141404,2.733208,1.341817,0.296881,7.754819,3.550601,0.288642,-1.287119,-0.245931,1.341817,0.194866,0.682947,0.177151,0.731965,0.710204,-19.078001,-36.766003,-25.306002,NaN,-2.728056,true,Self-supervised model,0.270080,0.000000,0.000000,0.000000,0.000000,0.000000,1.595899,1.833172,false,false
2026-04-17T14:47:32.772573,0.000000,0.000000,-0.621168,125.590,SE,0,0.000000,0,0.000000,1.977482,2.724979,1.116896,0.064643,8.037335,3.311181,0.065256,-1.010614,-0.471016,1.116896,0.202196,0.721432,0.165544,0.767302,0.749231,-19.078001,-36.766003,-25.306002,NaN,-2.731990,true,Self-supervised model,0.250000,0.000000,0.000000,0.000000,0.000000,0.000000,1.770517,1.455614,false,false
2026-04-17T14:47:32.781152,0.000000,0.000000,-0.623644,125.732,SE,0,0.000000,0,0.000000,1.822764,2.710890,1.010494,-0.119710,8.303091,3.100491,-0.109535,-0.750848,-0.667329,1.010494,0.190590,0.704938,0.171653,0.750152,0.730248,-19.078001,-36.766003,-25.306002,NaN,-2.735543,true,Self-supervised model,0.239091,0.000000,0.000000,0.000000,0.000000,0.000000,1.803835,1.347053,false,false
2026-04-17T14:47:32.790008,0.000000,0.000000,-0.626321,125.886,SE,0,0.000000,0,0.000000,1.692861,2.692169,1.010869,-0.260968,8.659827,2.858677,-0.243557,-0.399539,-0.896049,1.010869,0.158214,0.626137,0.197920,0.675464,0.645817,-19.078001,-36.766003,-25.306002,NaN,-2.739021,true,Self-supervised model,0.232331,0.000000,0.000000,0.000000,0.000000,0.000000,1.674659,1.496555,false,false
2026-04-17T14:47:32.802076,0.000000,0.000000,-0.629217,126.051,SE,0,0.000000,0,0.000000,1.601895,2.670558,1.124322,-0.375890,9.028535,2.679112,-0.356599,-0.034931,-1.065700,1.124322,0.095906,0.499077,0.235794,0.560245,0.508208,-19.078001,-36.766003,-25.306002,NaN,-2.742798,true,Self-supervised model,0.227553,0.000000,0.000000,0.000000,0.000000,0.000000,1.424766,2.006839,false,false
2026-04-17T14:47:32.804796,0.000000,0.000000,-0.632429,126.236,SE,0,0.000000,0,0.000000,1.545609,2.647560,1.250107,-0.385466,9.337387,2.578555,-0.371669,0.272206,-1.162125,1.250107,0.014661,0.342085,0.267559,0.434539,0.342399,-17.048000,-34.912003,-26.379002,NaN,-2.747272,true,Self-supervised model,0.213037,0.000000,0.000000,0.000000,0.000000,0.000000,1.236381,2.876855,false,false
2026-04-17T14:47:32.812823,0.000000,0.000000,-0.636053,126.443,SE,0,0.000000,0,0.000000,1.511405,2.624114,1.331839,-0.304064,9.576807,2.549825,-0.301522,0.512055,-1.191923,1.331839,-0.064141,0.193644,0.282220,0.348224,0.203991,-17.048000,-34.912003,-26.379002,NaN,-2.752543,true,Self-supervised model,0.222846,0.000000,0.000000,0.000000,0.000000,0.000000,1.134826,3.824659,false,false
2026-04-17T14:47:32.821237,0.000000,0.000000,-0.640098,126.675,SE,0,0.000000,0,0.000000,1.479753,2.600340,1.313575,-0.100556,9.670180,2.590526,-0.114572,0.608451,-1.158508,1.313575,-0.159436,0.025045,0.270613,0.315085,0.161391,-17.048000,-34.912003,-26.379002,NaN,-2.758269,true,Self-supervised model,0.220050,0.000000,0.000000,0.000000,0.000000,0.000000,1.126508,4.168954,false,false
2026-04-17T14:47:32.828637,0.000000,0.000000,-0.644508,126.928,SE,0,0.000000,0,0.000000,1.436010,2.575766,1.206363,0.150835,9.655815,2.722207,0.117084,0.599676,-1.040188,1.206363,-0.246790,-0.117897,0.231518,0.358337,0.273505,-17.048000,-34.912003,-26.379002,NaN,-2.764143,true,Self-supervised model,0.210686,0.000000,0.000000,0.000000,0.000000,0.000000,1.190364,3.366560,false,false
2026-04-17T14:47:32.837305,0.000000,0.000000,-0.649110,127.191,SE,0,0.000000,0,0.000000,1.372744,2.549645,1.040595,0.428562,9.538500,2.942474,0.374470,0.490047,-0.838131,1.040595,-0.314596,-0.232129,0.172264,0.427234,0.390966,-17.048000,-34.912003,-26.379002,NaN,-2.769515,true,Self-supervised model,0.204993,0.000000,0.000000,0.000000,0.000000,0.000000,1.319191,2.435656,false,false
2026-04-17T14:47:32.844635,0.000000,0.000000,-0.653666,127.452,SE,0,0.000000,0,0.000000,1.302231,2.521749,0.932041,0.598550,9.399636,3.122039,0.525355,0.360425,-0.680291,0.932041,-0.355524,-0.295048,0.110567,0.475053,0.462007,-17.048000,-34.912003,-26.379002,NaN,-2.773884,true,Self-supervised model,0.200716,0.000000,0.000000,0.000000,0.000000,0.000000,1.397182,1.961973,false,false
2026-04-17T14:47:32.853877,0.000000,0.000000,-0.657931,127.697,SE,0,0.000000,0,0.000000,1.236181,2.492326,0.889416,0.773327,9.234436,3.296816,0.684183,0.205619,-0.529788,0.889416,-0.383013,-0.310320,0.053145,0.495804,0.492947,-17.048000,-34.912003,-26.379002,NaN,-2.776984,true,Self-supervised model,0.197530,0.000000,0.000000,0.000000,0.000000,0.000000,1.389879,1.793888,false,false
2026-04-17T14:47:32.860615,0.000000,0.000000,-0.661680,127.911,SE,0,0.000000,0,0.000000,1.181588,2.461897,0.894974,0.883460,9.124303,3.433285,0.783638,0.106515,-0.418979,0.894974,-0.406225,-0.266337,-0.047647,0.488083,0.485752,-17.048000,-34.912003,-26.379002,NaN,-2.778671,true,Self-supervised model,0.190436,0.000000,0.000000,0.000000,0.000000,0.000000,1.320249,1.833651,false,false
2026-04-17T14:47:32.868928,0.000000,0.000000,-0.664718,128.086,SE,0,0.000000,0,0.000000,1.138130,2.430946,0.909977,0.936133,9.026140,3.512294,0.832644,0.019801,-0.366564,0.909977,-0.415388,-0.167377,-0.124617,0.464857,0.447842,-17.048000,-34.912003,-26.379002,NaN,-2.778864,true,Self-supervised model,0.187200,0.000000,0.000000,0.000000,0.000000,0.000000,1.250724,1.957542,false,false
2026-04-17T14:47:32.876470,0.000000,0.000000,-0.666891,128.210,SE,0,0.000000,0,0.000000,1.103178,2.399835,0.919681,0.957681,8.947132,3.579332,0.858431,-0.047561,-0.326568,0.919681,-0.416610,-0.046426,-0.178373,0.455561,0.419189,-17.048000,-34.912003,-26.379002,NaN,-2.777579,true,Self-supervised model,0.183640,0.000000,0.000000,0.000000,0.000000,0.000000,1.199523,2.018786,false,false
2026-04-17T14:47:32.886631,0.000000,0.000000,-0.668116,128.280,SE,0,0.000000,0,0.000000,1.079585,2.369025,0.955723,0.976834,8.863335,3.605668,0.889928,-0.119695,-0.327271,0.955723,-0.408669,0.121562,-0.236405,0.487519,0.426366,-17.048000,-34.912003,-26.379002,NaN,-2.775010,true,Self-supervised model,0.182452,0.000000,0.000000,0.000000,0.000000,0.000000,1.129601,1.960380,false,false
2026-04-17T14:47:32.892568,0.000000,0.000000,-0.668378,128.295,SE,0,0.000000,0,0.000000,1.061437,2.338722,0.966156,0.960075,8.774749,3.651158,0.894221,-0.196758,-0.308401,0.966156,-0.397062,0.305433,-0.291383,0.579527,0.500947,-17.048000,-34.912003,-26.379002,NaN,-2.771419,true,Self-supervised model,0.181622,0.000000,0.000000,0.000000,0.000000,0.000000,1.098618,1.667146,false,false
2026-04-17T14:47:32.903373,0.000000,0.000000,-0.667692,128.256,SE,0,0.000000,0,0.000000,1.037030,2.308654,0.908897,0.885855,8.726865,3.763685,0.850028,-0.233495,-0.221421,0.908897,-0.374460,0.477697,-0.345750,0.698540,0.606972,-17.048000,-34.912003,-26.379002,NaN,-2.766942,true,Self-supervised model,0.177590,0.000000,0.000000,0.000000,0.000000,0.000000,1.140976,1.301139,false,false
2026-04-17T14:47:32.908840,0.000000,0.000000,-0.666075,128.163,SE,0,0.000000,0,0.000000,1.000520,2.278329,0.808841,0.768539,8.750807,3.869030,0.771388,-0.198929,-0.140039,0.808841,-0.351858,0.584598,-0.388510,0.785175,0.682319,-17.048000,-34.912003,-26.379002,NaN,-2.761600,true,Self-supervised model,0.172958,0.000000,0.000000,0.000000,0.000000,0.000000,1.236980,1.030141,false,false
2026-04-17T14:47:32.920738,0.000000,0.000000,-0.663535,128.018,SE,0,0.000000,0,0.000000,0.935162,2.246602,0.592032,0.533907,8.827422,4.046201,0.581084,-0.112310,0.015152,0.592032,-0.318872,0.651793,-0.420886,0.838844,0.725613,-17.048000,-34.912003,-26.379002,NaN,-2.755367,true,Self-supervised model,0.185477,0.000000,0.000000,0.000000,0.000000,0.000000,1.579580,0.705772,false,false
2026-04-17T14:47:32.924848,0.000000,0.000000,-0.660133,127.823,SE,0,0.000000,0,0.000000,0.848049,2.212660,0.390708,0.263362,8.916007,4.206613,0.357827,-0.014596,0.156203,0.390708,-0.276111,0.659734,-0.431271,0.835154,0.715183,-17.048000,-34.912003,-26.379002,NaN,-2.748521,true,Self-supervised model,0.194477,0.000000,0.000000,0.000000,0.000000,0.000000,2.170544,0.467828,false,false
2026-04-17T14:47:32.932802,0.000000,0.000000,-0.655977,127.585,SE,0,0.000000,0,0.000000,0.753115,2.176278,0.254712,-0.045490,8.980651,4.295198,0.096426,0.058089,0.228486,0.254712,-0.228464,0.629191,-0.422719,0.791687,0.669386,-17.048000,-34.912003,-26.379002,NaN,-2.741349,true,Self-supervised model,0.206461,0.000000,0.000000,0.000000,0.000000,0.000000,2.956737,0.321733,false,false
2026-04-17T14:47:32.940849,0.000000,0.000000,-0.651219,127.312,SE,0,0.000000,0,0.000000,0.693019,2.138948,0.377516,-0.323217,9.006987,4.407725,-0.153166,0.088321,0.333553,0.377516,-0.189368,0.579100,-0.387899,0.722277,0.609276,-17.048000,-34.912003,-26.379002,NaN,-2.734180,true,Self-supervised model,0.182004,0.000000,0.000000,0.000000,0.000000,0.000000,1.835737,0.522675,false,false
2026-04-17T14:47:32.949757,0.000000,0.000000,-0.646793,127.058,SE,0,0.000000,0,0.000000,0.676349,2.102444,0.588831,-0.557849,9.071630,4.517859,-0.362053,0.156449,0.437222,0.588831,-0.147829,0.505186,-0.323759,0.617969,0.526371,-17.048000,-34.912003,-26.379002,NaN,-2.731080,true,Self-supervised model,0.146580,0.000000,0.000000,0.000000,0.000000,0.000000,1.148631,0.952849,false,false
2026-04-17T14:47:32.961774,0.000000,0.000000,-0.642683,126.823,SE,0,0.000000,0,0.000000,0.694167,2.068113,0.787708,-0.751779,9.117120,4.627992,-0.533931,0.205080,0.541612,0.787708,-0.102014,0.432493,-0.241903,0.505938,0.444361,-17.048000,-34.912003,-26.379002,NaN,-2.728239,true,Self-supervised model,0.168833,0.000000,0.000000,0.000000,0.000000,0.000000,0.881249,1.556924,false,false
2026-04-17T14:47:32.964815,0.000000,0.000000,-0.638932,126.608,SE,0,0.000000,0,0.000000,0.730615,2.036613,0.921969,-0.840365,9.153033,4.745308,-0.602225,0.243687,0.654193,0.921969,-0.058643,0.384845,-0.157603,0.419980,0.389288,-16.204000,-35.960003,-28.684002,NaN,-2.725921,true,Self-supervised model,0.190001,0.000000,0.000000,0.000000,0.000000,0.000000,0.792451,2.195267,false,false
2026-04-17T14:47:32.972836,0.000000,0.000000,-0.635505,126.412,SE,0,0.000000,0,0.000000,0.780183,2.008356,1.040415,-0.849942,9.215282,4.891354,-0.592099,0.307332,0.798392,1.040415,0.006720,0.353080,-0.047037,0.356263,0.353144,-16.204000,-35.960003,-28.684002,NaN,-2.723792,true,Self-supervised model,0.209631,0.000000,0.000000,0.000000,0.000000,0.000000,0.749877,2.920359,false,false
2026-04-17T14:47:32.981358,0.000000,0.000000,-0.632361,126.232,SE,0,0.000000,0,0.000000,0.834626,1.983406,1.120449,-0.778116,9.251195,5.027823,-0.508807,0.342256,0.937754,1.120449,0.087965,0.350637,0.065363,0.367364,0.361502,-16.204000,-35.960003,-28.684002,NaN,-2.721778,true,Self-supervised model,0.217237,0.000000,0.000000,0.000000,0.000000,0.000000,0.744903,3.049971,false,false
2026-04-17T14:47:32.990779,0.000000,0.000000,-0.629836,126.087,SE,0,0.000000,0,0.000000,0.887860,1.961585,1.167339,-0.646434,9.248801,5.135562,-0.372904,0.336153,1.053861,1.167339,0.125227,0.355524,0.109956,0.392644,0.376934,-16.204000,-35.960003,-28.684002,NaN,-2.721729,true,Self-supervised model,0.218749,0.000000,0.000000,0.000000,0.000000,0.000000,0.760584,2.973021,false,false
2026-04-17T14:47:32.996568,0.000000,0.000000,-0.628183,125.992,SE,0,0.000000,0,0.000000,0.937610,1.942626,1.198798,-0.526724,9.241618,5.193024,-0.255119,0.322124,1.126173,1.198798,0.277944,0.390343,0.246790,0.539004,0.479187,-16.204000,-35.960003,-28.684002,NaN,-2.723568,true,Self-supervised model,0.216416,0.000000,0.000000,0.000000,0.000000,0.000000,0.782125,2.224098,false,false
2026-04-17T14:47:33.004688,0.000000,0.000000,-0.627572,125.957,SE,0,0.000000,0,0.000000,0.974883,1.925916,1.170570,-0.395043,9.277532,5.154716,-0.130583,0.347731,1.110075,1.170570,0.361021,0.406836,0.310930,0.626522,0.543923,-16.204000,-35.960003,-28.684002,NaN,-2.727121,true,Self-supervised model,0.207236,0.000000,0.000000,0.000000,0.000000,0.000000,0.832828,1.868363,false,false
2026-04-17T14:47:33.012979,0.000000,0.000000,-0.628091,125.987,SE,0,0.000000,0,0.000000,0.994905,1.910675,1.100020,-0.287304,9.334992,5.042189,-0.035451,0.391349,1.027441,1.100020,0.499688,0.410501,0.412334,0.766954,0.646683,-16.204000,-35.960003,-28.684002,NaN,-2.732161,true,Self-supervised model,0.190905,0.000000,0.000000,0.000000,0.000000,0.000000,0.904443,1.434271,false,false
2026-04-17T14:47:33.020914,0.000000,0.000000,-0.629811,126.086,SE,0,0.000000,0,0.000000,1.010274,1.896659,1.090960,-0.193930,9.516952,4.915296,0.039588,0.556239,0.937670,1.090960,0.587041,0.376904,0.482584,0.848269,0.697620,-16.204000,-35.960003,-28.684002,NaN,-2.738685,true,Self-supervised model,0.185198,0.000000,0.000000,0.000000,0.000000,0.000000,0.926041,1.286100,false,false
2026-04-17T14:47:33.028439,0.000000,0.000000,-0.632771,126.255,SE,0,0.000000,0,0.000000,1.024721,1.883782,1.100569,-0.138864,9.742006,4.726154,0.070080,0.761917,0.791089,1.100569,0.637743,0.324980,0.539394,0.896256,0.715771,-16.204000,-35.960003,-28.684002,NaN,-2.746607,true,Self-supervised model,0.183099,0.000000,0.000000,0.000000,0.000000,0.000000,0.931083,1.227962,false,false
2026-04-17T14:47:33.037075,0.000000,0.000000,-0.636991,126.497,SE,0,0.000000,0,0.000000,1.054597,1.872614,1.211446,-0.050278,10.010158,4.546589,0.127672,1.009283,0.657761,1.211446,0.675617,0.250455,0.598037,0.936394,0.720546,-16.204000,-35.960003,-28.684002,NaN,-2.755865,true,Self-supervised model,0.199376,0.000000,0.000000,0.000000,0.000000,0.000000,0.870527,1.293735,false,false
2026-04-17T14:47:33.044356,0.000000,0.000000,-0.642483,126.812,SE,0,0.000000,0,0.000000,1.099702,1.863698,1.336502,0.055067,10.223241,4.393360,0.196145,1.202401,0.549541,1.336502,0.692721,0.195477,0.627359,0.954805,0.719773,-16.204000,-35.960003,-28.684002,NaN,-2.766442,true,Self-supervised model,0.218390,0.000000,0.000000,0.000000,0.000000,0.000000,0.822821,1.399764,false,false
2026-04-17T14:47:33.053029,0.000000,0.000000,-0.649233,127.198,SE,0,0.000000,0,0.000000,1.148507,1.857090,1.404734,0.198719,10.321404,4.292804,0.297691,1.279834,0.496671,1.404734,0.698219,0.104458,0.652404,0.961276,0.705990,-16.204000,-35.960003,-28.684002,NaN,-2.778230,true,Self-supervised model,0.227728,0.000000,0.000000,0.000000,0.000000,0.000000,0.817598,1.461321,false,false
2026-04-17T14:47:33.060308,0.000000,0.000000,-0.657184,127.654,SE,0,0.000000,0,0.000000,1.195997,1.852647,1.445320,0.251391,10.381259,4.254497,0.303619,1.318318,0.508727,1.445320,0.694554,-0.007941,0.665232,0.961770,0.694599,-16.204000,-35.960003,-28.684002,NaN,-2.790982,true,Self-supervised model,0.231544,0.000000,0.000000,0.000000,0.000000,0.000000,0.827496,1.502771,false,false
2026-04-17T14:47:33.069591,0.000000,0.000000,-0.666241,128.173,SE,0,0.000000,0,0.000000,1.241626,1.850206,1.481178,0.280122,10.429143,4.247314,0.281408,1.345717,0.551129,1.481178,0.663400,-0.177151,0.664011,0.955192,0.686645,-16.204000,-35.960003,-28.684002,NaN,-2.804459,true,Self-supervised model,0.237917,0.000000,0.000000,0.000000,0.000000,0.000000,0.838269,1.550660,false,false
2026-04-17T14:47:33.076644,0.000000,0.000000,-0.676277,128.748,SE,0,0.000000,0,0.000000,1.286061,1.849640,1.519345,0.292093,10.455479,4.297592,0.238068,1.353094,0.648745,1.519345,0.610865,-0.354302,0.651793,0.961000,0.706177,-16.204000,-35.960003,-28.684002,NaN,-2.818418,true,Self-supervised model,0.240708,0.000000,0.000000,0.000000,0.000000,0.000000,0.846458,1.581005,false,false
2026-04-17T14:47:33.086230,0.000000,0.000000,-0.687160,129.371,SE,0,0.000000,0,0.000000,1.323654,1.850601,1.521014,0.373495,10.431537,4.328717,0.260661,1.312422,0.723248,1.521014,0.547335,-0.503353,0.630413,0.974864,0.743599,-16.204000,-35.960003,-28.684002,NaN,-2.832685,true,Self-supervised model,0.242680,0.000000,0.000000,0.000000,0.000000,0.000000,0.870244,1.560231,false,false
2026-04-17T14:47:33.092332,0.000000,0.000000,-0.698717,130.034,SE,0,0.000000,0,0.000000,1.347418,1.852473,1.472179,0.447716,10.338163,4.367024,0.274195,1.204681,0.800544,1.472179,0.492357,-0.571159,0.604146,0.966246,0.754081,-16.204000,-35.960003,-28.684002,NaN,-2.846941,true,Self-supervised model,0.227259,0.000000,0.000000,0.000000,0.000000,0.000000,0.915254,1.523608,false,false
2026-04-17T14:47:33.101582,0.000000,0.000000,-0.710770,130.724,SE,0,0.000000,0,0.000000,1.351877,1.854449,1.375286,0.608127,10.175357,4.362236,0.375351,1.029470,0.831092,1.375286,0.437380,-0.551611,0.560163,0.899644,0.703971,-16.204000,-35.960003,-28.684002,NaN,-2.860974,true,Self-supervised model,0.219789,0.000000,0.000000,0.000000,0.000000,0.000000,0.982978,1.528701,false,false
2026-04-17T14:47:33.108577,0.000000,0.000000,-0.723121,131.432,SE,0,0.000000,0,0.000000,1.335259,1.855682,1.248020,0.754174,10.005369,4.285621,0.467666,0.848725,0.786452,1.248020,0.396452,-0.414167,0.494190,0.756922,0.573330,-16.204000,-35.960003,-28.684002,NaN,-2.874518,true,Self-supervised model,0.200184,0.000000,0.000000,0.000000,0.000000,0.000000,1.069903,1.648808,false,false
2026-04-17T14:47:33.122488,0.000000,0.000000,-0.735524,132.142,SE,0,0.000000,0,0.000000,1.306915,1.855731,1.158105,0.864307,9.895236,4.194642,0.533672,0.729035,0.724507,1.158105,0.364687,-0.211359,0.431271,0.603045,0.421508,-16.204000,-35.960003,-28.684002,NaN,-2.887131,true,Self-supervised model,0.197000,0.000000,0.000000,0.000000,0.000000,0.000000,1.128494,1.920429,false,false
2026-04-17T14:47:33.124699,0.000000,0.000000,-0.747706,132.840,SE,0,0.000000,0,0.000000,1.267213,1.854190,1.058776,0.912191,9.911995,3.967192,0.551834,0.737443,0.522172,1.058776,0.317650,0.109345,0.350637,0.485596,0.335943,-12.114000,-36.383003,-28.604002,NaN,-2.898426,true,Self-supervised model,0.149824,0.000000,0.000000,0.000000,0.000000,0.000000,1.196866,2.180362,false,false
2026-04-17T14:47:33.132534,0.000000,0.000000,-0.759346,133.507,SE,0,0.000000,0,0.000000,1.226656,1.851089,1.013735,0.845153,10.058042,3.624821,0.468459,0.876289,0.200801,1.013735,0.256563,0.509462,0.268170,0.630310,0.570417,-12.114000,-36.383003,-28.604002,NaN,-2.907902,true,Self-supervised model,0.181351,0.000000,0.000000,0.000000,0.000000,0.000000,1.210037,1.608311,false,false
2026-04-17T14:47:33.140132,0.000000,0.000000,-0.770250,134.132,SE,0,0.000000,0,0.000000,1.228749,1.848195,1.239738,0.639252,10.381259,3.203442,0.263264,1.193894,-0.205570,1.239738,0.180205,0.951117,0.186925,0.985920,0.968038,-12.114000,-36.383003,-28.604002,NaN,-2.915861,true,Self-supervised model,0.191890,0.000000,0.000000,0.000000,0.000000,0.000000,0.991136,1.257443,false,false
2026-04-17T14:47:33.149362,0.000000,0.000000,-0.780169,134.700,SE,0,0.000000,0,0.000000,1.291867,1.847942,1.623237,0.258574,10.726024,2.882619,-0.099584,1.534996,-0.518428,1.623237,0.098349,1.316415,0.120951,1.325613,1.320083,-12.114000,-36.383003,-28.604002,NaN,-2.921839,true,Self-supervised model,0.252681,0.000000,0.000000,0.000000,0.000000,0.000000,0.795859,1.224518,false,false
2026-04-17T14:47:33.157221,0.000000,0.000000,-0.788913,135.201,SE,0,0.000000,0,0.000000,1.438670,1.853571,2.209381,-0.244209,11.192893,2.657564,-0.569554,2.000848,-0.744031,2.209381,-0.026878,1.658499,0.071471,1.660256,1.658717,-12.114000,-36.383003,-28.604002,NaN,-2.925880,true,Self-supervised model,0.307763,0.000000,0.000000,0.000000,0.000000,0.000000,0.651164,1.330747,false,false
2026-04-17T14:47:33.164570,0.000000,0.000000,-0.796376,135.629,SE,0,0.000000,0,0.000000,1.642071,1.867111,2.709931,-0.735020,11.578360,2.636016,-1.017196,2.388832,-0.776222,2.709931,-0.187536,1.830152,0.043371,1.840247,1.839736,-12.114000,-36.383003,-28.604002,NaN,-2.928224,true,Self-supervised model,0.349335,0.000000,0.000000,0.000000,0.000000,0.000000,0.605946,1.472591,false,false
2026-04-17T14:47:33.172523,0.000000,0.000000,-0.802578,135.984,SE,0,0.000000,0,0.000000,1.865707,1.889055,3.039791,-1.199495,11.801021,2.863465,-1.434324,2.618536,-0.571240,3.039791,-0.378736,1.790446,0.034208,1.830385,1.830065,-12.114000,-36.383003,-28.604002,NaN,-2.929379,true,Self-supervised model,0.390349,0.000000,0.000000,0.000000,0.000000,0.000000,0.613761,1.660739,false,false
2026-04-17T14:47:33.181421,0.000000,0.000000,-0.807625,136.274,SE,0,0.000000,0,0.000000,2.077303,1.918585,3.188187,-1.522712,11.848905,3.229778,-1.712200,2.678655,-0.240238,3.188187,-0.543059,1.596802,0.032987,1.686943,1.686621,-12.114000,-36.383003,-28.604002,NaN,-2.929809,true,Self-supervised model,0.438148,0.000000,0.000000,0.000000,0.000000,0.000000,0.651563,1.889919,false,false
2026-04-17T14:47:33.189178,0.000000,0.000000,-0.811685,136.506,SE,0,0.000000,0,0.000000,2.267079,1.954525,3.263403,-1.802834,11.745954,3.818752,-1.962676,2.588220,0.314360,3.263403,-0.670119,1.345125,0.034208,1.503194,1.502805,-12.114000,-36.383003,-28.604002,NaN,-2.929916,true,Self-supervised model,0.475257,0.000000,0.000000,0.000000,0.000000,0.000000,0.694698,2.170980,false,false
2026-04-17T14:47:33.196563,0.000000,0.000000,-0.814943,136.693,SE,0,0.000000,0,0.000000,2.409978,1.994743,3.160197,-1.910573,11.396400,4.424485,-2.033019,2.265018,0.850511,3.160197,-0.824668,0.841161,0.029322,1.178342,1.177977,-12.114000,-36.383003,-28.604002,NaN,-2.929973,true,Self-supervised model,0.510665,0.000000,0.000000,0.000000,0.000000,0.000000,0.762604,2.681901,false,false
2026-04-17T14:47:33.204532,0.000000,0.000000,-0.817571,136.843,SE,0,0.000000,0,0.000000,2.488250,2.036483,2.899176,-1.790863,10.888829,4.917690,-1.894166,1.781713,1.281739,2.899176,-0.850935,0.544892,0.006109,1.010463,1.010444,-12.114000,-36.383003,-28.604002,NaN,-2.930077,true,Self-supervised model,0.506691,0.000000,0.000000,0.000000,0.000000,0.000000,0.858261,2.869156,false,false
2026-04-17T14:47:33.212722,0.000000,0.000000,-0.819659,136.963,SE,0,0.000000,0,0.000000,2.491956,2.076702,2.511415,-1.496376,10.304645,5.214571,-1.584837,1.222134,1.517198,2.511415,-0.812451,0.433714,-0.027489,0.921379,0.920969,-12.114000,-36.383003,-28.604002,NaN,-2.930006,true,Self-supervised model,0.464147,0.000000,0.000000,0.000000,0.000000,0.000000,0.992252,2.725713,false,false
2026-04-17T14:47:33.220555,0.000000,0.000000,-0.821214,137.052,SE,0,0.000000,0,0.000000,2.422862,2.112549,2.060115,-1.077391,9.610326,5.372589,-1.149276,0.550942,1.618549,2.060115,-0.712269,0.481362,-0.086132,0.863976,0.859672,-12.114000,-36.383003,-28.604002,NaN,-2.929426,true,Self-supervised model,0.386107,0.000000,0.000000,0.000000,0.000000,0.000000,1.176081,2.384458,false,false
2026-04-17T14:47:33.228345,0.000000,0.000000,-0.822181,137.108,SE,0,0.000000,0,0.000000,2.308052,2.142369,1.705299,-0.725443,9.002198,5.322310,-0.772702,-0.037083,1.519738,1.705299,-0.586431,0.700052,-0.158214,0.926825,0.913221,-12.114000,-36.383003,-28.604002,NaN,-2.928043,true,Self-supervised model,0.323803,0.000000,0.000000,0.000000,0.000000,0.000000,1.353458,1.839937,false,false
2026-04-17T14:47:33.236916,0.000000,0.000000,-0.822447,137.123,SE,0,0.000000,0,0.000000,2.174491,2.165654,1.473294,-0.493206,8.516175,5.130774,-0.502862,-0.506567,1.288843,1.473294,-0.453873,1.029919,-0.233961,1.149553,1.125492,-12.114000,-36.383003,-28.604002,NaN,-2.925505,true,Self-supervised model,0.286158,0.000000,0.000000,0.000000,0.000000,0.000000,1.475938,1.281624,false,false
2026-04-17T14:47:33.245353,0.000000,0.000000,-0.821895,137.091,SE,0,0.000000,0,0.000000,2.034501,2.182407,1.299558,-0.462081,8.267179,4.853047,-0.417655,-0.742680,0.981245,1.299558,-0.353080,1.355510,-0.290161,1.430478,1.400740,-12.114000,-36.383003,-28.604002,NaN,-2.921682,true,Self-supervised model,0.256967,0.000000,0.000000,0.000000,0.000000,0.000000,1.565534,0.908478,false,false
2026-04-17T14:47:33.253341,0.000000,0.000000,-0.820419,137.007,SE,0,0.000000,0,0.000000,1.889668,2.192698,1.129293,-0.622492,8.154651,4.443638,-0.508662,-0.845120,0.549852,1.129293,-0.288939,1.626734,-0.327424,1.684327,1.652195,-12.114000,-36.383003,-28.604002,NaN,-2.916509,true,Self-supervised model,0.231387,0.000000,0.000000,0.000000,0.000000,0.000000,1.673319,0.670472,false,false
2026-04-17T14:47:33.260584,0.000000,0.000000,-0.817998,136.868,SE,0,0.000000,0,0.000000,1.771931,2.197867,1.153812,-1.096544,8.281544,4.048595,-0.898780,-0.710001,0.139194,1.153812,-0.207694,2.028073,-0.366519,2.071365,2.038680,-12.114000,-36.383003,-28.604002,NaN,-2.910305,true,Self-supervised model,0.210725,0.000000,0.000000,0.000000,0.000000,0.000000,1.535720,0.557030,false,false
2026-04-17T14:47:33.269067,0.000000,0.000000,-0.814636,136.675,SE,0,0.000000,0,0.000000,1.724075,2.200916,1.472833,-1.699883,8.573636,3.790021,-1.408421,-0.410669,-0.130147,1.472833,-0.187536,2.202780,-0.359800,2.239836,2.210749,-12.114000,-36.383003,-28.604002,NaN,-2.903184,true,Self-supervised model,0.215200,0.000000,0.000000,0.000000,0.000000,0.000000,1.170584,0.657563,false,false
2026-04-17T14:47:33.282474,0.000000,0.000000,-0.810451,136.435,SE,0,0.000000,0,0.000000,1.745361,2.204693,1.857114,-2.217031,8.865729,3.622427,-1.828385,-0.111406,-0.305728,1.857114,-0.191812,2.231491,-0.328035,2.263614,2.239719,-12.114000,-36.383003,-28.604002,NaN,-2.895707,true,Self-supervised model,0.258173,0.000000,0.000000,0.000000,0.000000,0.000000,0.939825,0.820420,false,false
2026-04-17T14:47:33.288178,0.000000,0.000000,-0.805674,136.162,SE,0,0.000000,0,0.000000,1.831809,2.211778,2.285659,-2.719813,9.193734,3.529053,-2.238003,0.224360,-0.406502,2.285659,-0.232129,2.083661,-0.249844,2.111386,2.096552,-14.352000,-39.004002,-26.933001,NaN,-2.888559,true,Self-supervised model,0.280280,0.000000,0.000000,0.000000,0.000000,0.000000,0.801436,1.082540,false,false
2026-04-17T14:47:33.292857,0.000000,0.000000,-0.800633,135.873,SE,0,0.000000,0,0.000000,1.962431,2.223804,2.648198,-3.126827,9.502586,3.529053,-2.558829,0.541780,-0.414516,2.648198,-0.259618,1.926058,-0.202196,1.953966,1.943477,-14.352000,-39.004002,-26.933001,NaN,-2.882463,true,Self-supervised model,0.306878,0.000000,0.000000,0.000000,0.000000,0.000000,0.741044,1.355294,false,false
2026-04-17T14:47:33.301822,0.000000,0.000000,-0.795606,135.585,SE,0,0.000000,0,0.000000,2.099673,2.240839,2.820193,-3.339911,9.701305,3.612850,-2.697128,0.750113,-0.341059,2.820193,-0.300546,1.681101,-0.150273,1.714354,1.707756,-14.352000,-39.004002,-26.933001,NaN,-2.877490,true,Self-supervised model,0.370051,0.000000,0.000000,0.000000,0.000000,0.000000,0.744514,1.645047,false,false
2026-04-17T14:47:33.308516,0.000000,0.000000,-0.790879,135.314,SE,0,0.000000,0,0.000000,2.225674,2.262232,2.887179,-3.450045,9.792285,3.703830,-2.745973,0.851891,-0.264046,2.887179,-0.346971,1.348790,-0.103847,1.396570,1.392704,-14.352000,-39.004002,-26.933001,NaN,-2.873969,true,Self-supervised model,0.394379,0.000000,0.000000,0.000000,0.000000,0.000000,0.770882,2.067335,false,false
2026-04-17T14:47:33.317634,0.000000,0.000000,-0.786660,135.072,SE,0,0.000000,0,0.000000,2.313762,2.286294,2.776220,-3.409343,9.715671,3.821146,-2.657103,0.787368,-0.165072,2.776220,-0.389732,1.009760,-0.073915,1.084883,1.082362,-14.352000,-39.004002,-26.933001,NaN,-2.871776,true,Self-supervised model,0.424572,0.000000,0.000000,0.000000,0.000000,0.000000,0.833422,2.559005,false,false
2026-04-17T14:47:33.325508,0.000000,0.000000,-0.783052,134.866,SE,0,0.000000,0,0.000000,2.344805,2.310634,2.507785,-3.224990,9.507375,3.981557,-2.436646,0.592438,-0.027534,2.507785,-0.433103,0.678060,-0.056810,0.806580,0.804577,-14.352000,-39.004002,-26.933001,NaN,-2.870615,true,Self-supervised model,0.416693,0.000000,0.000000,0.000000,0.000000,0.000000,0.935010,3.109157,false,false
2026-04-17T14:47:33.332543,0.000000,0.000000,-0.780073,134.695,SE,0,0.000000,0,0.000000,2.323799,2.333161,2.213514,-2.999935,9.217676,4.175488,-2.186226,0.317427,0.138926,2.213514,-0.468534,0.408058,-0.050702,0.623383,0.621317,-14.352000,-39.004002,-26.933001,NaN,-2.870153,true,Self-supervised model,0.391858,0.000000,0.000000,0.000000,0.000000,0.000000,1.049823,3.550812,false,false
2026-04-17T14:47:33.340514,0.000000,0.000000,-0.777682,134.558,SE,0,0.000000,0,0.000000,2.247344,2.351728,1.845958,-2.647987,8.789114,4.376601,-1.817573,-0.095056,0.308146,1.845958,-0.507018,0.147219,-0.037874,0.529316,0.527959,-14.352000,-39.004002,-26.933001,NaN,-2.870111,true,Self-supervised model,0.338666,0.000000,0.000000,0.000000,0.000000,0.000000,1.217441,3.487442,false,false
2026-04-17T14:47:33.349213,0.000000,0.000000,-0.775801,134.450,SE,0,0.000000,0,0.000000,2.138890,2.365214,1.569503,-2.250550,8.370130,4.580108,-1.410804,-0.496629,0.475741,1.569503,-0.536340,-0.046426,-0.029932,0.539177,0.538345,-14.352000,-39.004002,-26.933001,NaN,-2.870269,true,Self-supervised model,0.298388,0.000000,0.000000,0.000000,0.000000,0.000000,1.362782,2.910924,false,false
2026-04-17T14:47:33.357661,0.000000,0.000000,-0.774354,134.367,SE,0,0.000000,0,0.000000,2.047042,2.374488,1.564845,-1.939303,7.965509,4.829105,-1.094973,-0.882753,0.685947,1.564845,-0.541837,-0.182038,-0.020159,0.571955,0.571599,-14.352000,-39.004002,-26.933001,NaN,-2.870561,true,Self-supervised model,0.289872,0.000000,0.000000,0.000000,0.000000,0.000000,1.308144,2.735961,false,false
2026-04-17T14:47:33.364796,0.000000,0.000000,-0.773250,134.304,SE,0,0.000000,0,0.000000,1.993597,2.381252,1.713008,-1.750161,7.682993,5.078102,-0.904574,-1.146506,0.895359,1.713008,-0.525955,-0.269392,-0.008552,0.590994,0.590932,-14.352000,-39.004002,-26.933001,NaN,-2.870826,true,Self-supervised model,0.295959,0.000000,0.000000,0.000000,0.000000,0.000000,1.163799,2.898522,false,false
2026-04-17T14:47:33.372948,0.000000,0.000000,-0.772400,134.255,SE,0,0.000000,0,0.000000,1.986849,2.387476,1.951419,-1.587356,7.407660,5.355829,-0.743310,-1.403383,1.134039,1.951419,-0.475864,-0.346361,0.009163,0.588639,0.588568,-14.352000,-39.004002,-26.933001,NaN,-2.870995,true,Self-supervised model,0.324047,0.000000,0.000000,0.000000,0.000000,0.000000,1.018156,3.315136,false,false
2026-04-17T14:47:33.381152,0.000000,0.000000,-0.771742,134.218,SE,0,0.000000,0,0.000000,2.013190,2.394504,2.151486,-1.484405,7.161057,5.501875,-0.645035,-1.632864,1.243614,2.151486,-0.398284,-0.403782,0.041539,0.568679,0.567160,-14.352000,-39.004002,-26.933001,NaN,-2.871104,true,Self-supervised model,0.359132,0.000000,0.000000,0.000000,0.000000,0.000000,0.935721,3.783306,false,false
2026-04-17T14:47:33.388878,0.000000,0.000000,-0.771244,134.189,SE,0,0.000000,0,0.000000,2.046695,2.402592,2.222596,-1.403002,7.034164,5.542577,-0.572768,-1.744866,1.251923,2.222596,-0.313985,-0.434936,0.086743,0.543397,0.536429,-14.352000,-39.004002,-26.933001,NaN,-2.871248,true,Self-supervised model,0.374019,0.000000,0.000000,0.000000,0.000000,0.000000,0.920858,4.090189,false,false
2026-04-17T14:47:33.396459,0.000000,0.000000,-0.770963,134.173,SE,0,0.000000,0,0.000000,2.076749,2.411558,2.234532,-1.326388,6.943185,5.549759,-0.480477,-1.812693,1.215081,2.234532,-0.238237,-0.443488,0.133779,0.520899,0.503427,-14.352000,-39.004002,-26.933001,NaN,-2.871831,true,Self-supervised model,0.378800,0.000000,0.000000,0.000000,0.000000,0.000000,0.929389,4.289761,false,false
2026-04-17T14:47:33.404763,0.000000,0.000000,-0.769936,134.114,SE,0,0.000000,0,0.000000,2.099364,2.421071,2.218092,-1.134852,6.883330,5.518635,-0.308759,-1.863727,1.162378,2.218092,-0.158214,-0.422719,0.182038,0.486683,0.451357,-14.352000,-39.004002,-26.933001,NaN,-2.867823,true,Self-supervised model,0.377285,0.000000,0.000000,0.000000,0.000000,0.000000,0.946473,4.557568,false,false
2026-04-17T14:47:33.412533,0.000000,0.000000,-0.769577,134.094,SE,0,0.000000,0,0.000000,2.116555,2.430890,2.206805,-0.940921,6.890512,5.566519,-0.138026,-1.850661,1.194148,2.206805,-0.081245,-0.378736,0.217468,0.444223,0.387353,-14.352000,-39.004002,-26.933001,NaN,-2.870135,true,Self-supervised model,0.379204,0.000000,0.000000,0.000000,0.000000,0.000000,0.959104,4.967782,false,false
2026-04-17T14:47:33.421252,0.000000,0.000000,-0.769899,134.112,SE,0,0.000000,0,0.000000,2.135520,2.441075,2.235091,-0.670376,6.907272,5.659893,0.108109,-1.830982,1.277282,2.235091,0.002443,-0.331700,0.226631,0.401737,0.331709,-14.352000,-39.004002,-26.933001,NaN,-2.873180,true,Self-supervised model,0.388388,0.000000,0.000000,0.000000,0.000000,0.000000,0.955451,5.563572,false,false
2026-04-17T14:47:33.428475,0.000000,0.000000,-0.770842,134.166,SE,0,0.000000,0,0.000000,2.161126,2.451877,2.295553,-0.493206,6.900089,5.736507,0.261436,-1.838230,1.349861,2.295553,0.081245,-0.284052,0.221744,0.369401,0.295443,-14.352000,-39.004002,-26.933001,NaN,-2.876608,true,Self-supervised model,0.402946,0.000000,0.000000,0.000000,0.000000,0.000000,0.941440,6.214261,false,false
2026-04-17T14:47:33.441523,0.000000,0.000000,-0.772277,134.248,SE,0,0.000000,0,0.000000,2.183054,2.463124,2.298179,-0.332794,6.952762,5.770026,0.400175,-1.788825,1.386215,2.298179,0.194255,-0.216246,0.189368,0.346926,0.290685,-14.352000,-39.004002,-26.933001,NaN,-2.880011,true,Self-supervised model,0.408104,0.000000,0.000000,0.000000,0.000000,0.000000,0.949906,6.624401,false,false
2026-04-17T14:47:33.444435,0.000000,0.000000,-0.774028,134.349,SE,0,0.000000,0,0.000000,2.191108,2.474244,2.233388,-0.272939,6.967127,5.643134,0.443980,-1.781780,1.271285,2.233388,0.306654,-0.126449,0.131947,0.356982,0.331702,-6.126000,-37.727001,-28.113001,NaN,-2.883027,true,Self-supervised model,0.388606,0.000000,0.000000,0.000000,0.000000,0.000000,0.981069,6.256303,false,false
2026-04-17T14:47:33.452972,0.000000,0.000000,-0.775824,134.451,SE,0,0.000000,0,0.000000,2.179822,2.484467,2.120573,-0.272939,6.995857,5.446809,0.434243,-1.763593,1.094532,2.120573,0.383013,-0.045204,0.081245,0.394135,0.385671,-6.126000,-37.727001,-28.113001,NaN,-2.885002,true,Self-supervised model,0.372639,0.000000,0.000000,0.000000,0.000000,0.000000,1.027940,5.380314,false,false
2026-04-17T14:47:33.460447,0.000000,0.000000,-0.777430,134.543,SE,0,0.000000,0,0.000000,2.145673,2.492915,1.966393,-0.383072,7.050924,5.216966,0.323187,-1.722246,0.892257,1.966393,0.481973,0.089186,-0.003054,0.490164,0.490155,-6.126000,-37.727001,-28.113001,NaN,-2.885850,true,Self-supervised model,0.341372,0.000000,0.000000,0.000000,0.000000,0.000000,1.091172,4.011701,false,false
2026-04-17T14:47:33.468404,0.000000,0.000000,-0.778585,134.610,SE,0,0.000000,0,0.000000,2.086725,2.498667,1.777247,-0.526724,7.134721,4.912902,0.186523,-1.654411,0.621885,1.777247,0.535118,0.192423,-0.062919,0.572133,0.568663,-6.126000,-37.727001,-28.113001,NaN,-2.885197,true,Self-supervised model,0.310997,0.000000,0.000000,0.000000,0.000000,0.000000,1.174133,3.106351,false,false
2026-04-17T14:47:33.476495,0.000000,0.000000,-0.779109,134.640,SE,0,0.000000,0,0.000000,2.011276,2.501172,1.615167,-0.720655,7.240066,4.647145,0.006160,-1.566357,0.394022,1.615167,0.564439,0.274278,-0.106901,0.636591,0.627551,-6.126000,-37.727001,-28.113001,NaN,-2.883200,true,Self-supervised model,0.288851,0.000000,0.000000,0.000000,0.000000,0.000000,1.245243,2.537212,false,false
2026-04-17T14:47:33.485758,0.000000,0.000000,-0.778915,134.629,SE,0,0.000000,0,0.000000,1.928510,2.500265,1.493988,-0.881066,7.347805,4.395754,-0.136052,-1.476482,0.183002,1.493988,0.571159,0.327424,-0.124006,0.669930,0.658353,-6.126000,-37.727001,-28.113001,NaN,-2.880131,true,Self-supervised model,0.272635,0.000000,0.000000,0.000000,0.000000,0.000000,1.290847,2.230065,false,false
2026-04-17T14:47:33.492391,0.000000,0.000000,-0.777997,134.576,SE,0,0.000000,0,0.000000,1.850403,2.496271,1.440342,-1.031901,7.426814,4.156334,-0.266214,-1.415449,-0.014822,1.440342,0.562607,0.372628,-0.122784,0.685896,0.674817,-6.126000,-37.727001,-28.113001,NaN,-2.876318,true,Self-supervised model,0.259667,0.000000,0.000000,0.000000,0.000000,0.000000,1.284697,2.099941,false,false
2026-04-17T14:47:33.501880,0.000000,0.000000,-0.776434,134.486,SE,0,0.000000,0,0.000000,1.776648,2.489486,1.389432,-1.175553,7.539341,3.938462,-0.388233,-1.320245,-0.191704,1.389432,0.545503,0.411112,-0.112399,0.692257,0.683071,-6.126000,-37.727001,-28.113001,NaN,-2.872175,true,Self-supervised model,0.249489,0.000000,0.000000,0.000000,0.000000,0.000000,1.278686,2.007104,false,false
2026-04-17T14:47:33.509207,0.000000,0.000000,-0.774360,134.368,SE,0,0.000000,0,0.000000,1.714006,2.480467,1.385138,-1.295263,7.613562,3.794810,-0.486464,-1.263023,-0.294503,1.385138,0.525344,0.438601,-0.098349,0.691397,0.684367,-6.126000,-37.727001,-28.113001,NaN,-2.868060,true,Self-supervised model,0.241106,0.000000,0.000000,0.000000,0.000000,0.000000,1.237426,2.003390,false,false
2026-04-17T14:47:33.518721,0.000000,0.000000,-0.771923,134.228,SE,0,0.000000,0,0.000000,1.648402,2.469184,1.303981,-1.374272,7.752425,3.732560,-0.549641,-1.136400,-0.326889,1.303981,0.504575,0.446543,-0.087354,0.679431,0.673792,-6.126000,-37.727001,-28.113001,NaN,-2.864167,true,Self-supervised model,0.233134,0.000000,0.000000,0.000000,0.000000,0.000000,1.264130,1.919225,false,false
2026-04-17T14:47:33.524926,0.000000,0.000000,-0.769422,134.085,SE,0,0.000000,0,0.000000,1.577678,2.455524,1.206375,-1.472434,7.908048,3.751714,-0.622663,-0.999952,-0.260247,1.206375,0.470366,0.430049,-0.071471,0.641323,0.637328,-6.126000,-37.727001,-28.113001,NaN,-2.861415,true,Self-supervised model,0.224358,0.000000,0.000000,0.000000,0.000000,0.000000,1.307783,1.881074,false,false
2026-04-17T14:47:33.532283,0.000000,0.000000,-0.766566,133.921,SE,0,0.000000,0,0.000000,1.515204,2.439911,1.187214,-1.608904,8.015787,3.780444,-0.741251,-0.906448,-0.195895,1.187214,0.443488,0.378736,-0.056810,0.585961,0.583201,-6.126000,-37.727001,-28.113001,NaN,-2.857134,true,Self-supervised model,0.219061,0.000000,0.000000,0.000000,0.000000,0.000000,1.276269,2.026096,false,false
2026-04-17T14:47:33.540393,0.000000,0.000000,-0.763663,133.755,SE,0,0.000000,0,0.000000,1.460175,2.422722,1.171277,-1.757344,8.161834,3.847482,-0.874373,-0.773370,-0.096235,1.171277,0.425773,0.310930,-0.032376,0.528213,0.527220,-6.126000,-37.727001,-28.113001,NaN,-2.854044,true,Self-supervised model,0.214199,0.000000,0.000000,0.000000,0.000000,0.000000,1.246652,2.217435,false,false
2026-04-17T14:47:33.549044,0.000000,0.000000,-0.760775,133.589,SE,0,0.000000,0,0.000000,1.417846,2.404527,1.195616,-1.881842,8.271967,3.885789,-0.986467,-0.674961,-0.028438,1.195616,0.417832,0.235794,-0.001222,0.479775,0.479773,-6.126000,-37.727001,-28.113001,NaN,-2.851219,true,Self-supervised model,0.209952,0.000000,0.000000,0.000000,0.000000,0.000000,1.185870,2.492037,false,false
2026-04-17T14:47:33.556663,0.000000,0.000000,-0.757957,133.428,SE,0,0.000000,0,0.000000,1.387784,2.385857,1.229961,-2.039860,8.485051,3.921702,-1.135120,-0.472402,0.033786,1.229961,0.412945,0.140499,0.053756,0.439492,0.436192,-6.126000,-37.727001,-28.113001,NaN,-2.848678,true,Self-supervised model,0.207744,0.000000,0.000000,0.000000,0.000000,0.000000,1.128316,2.798596,false,false
2026-04-17T14:47:33.564302,0.000000,0.000000,-0.755255,133.273,SE,0,0.000000,0,0.000000,1.364996,2.367022,1.245357,-2.116474,8.700529,3.950433,-1.212452,-0.269376,0.091168,1.245357,0.402560,0.037874,0.124006,0.422926,0.404338,-6.126000,-37.727001,-28.113001,NaN,-2.846442,true,Self-supervised model,0.206875,0.000000,0.000000,0.000000,0.000000,0.000000,1.096068,2.944620,false,false
2026-04-17T14:47:33.572560,0.000000,0.000000,-0.752965,133.142,SE,0,0.000000,0,0.000000,1.342520,2.348042,1.224524,-2.109292,8.963891,3.993528,-1.213782,-0.018243,0.160807,1.224524,0.383013,-0.073304,0.206472,0.441252,0.389964,-6.126000,-37.727001,-28.113001,NaN,-2.845800,true,Self-supervised model,0.204881,0.000000,0.000000,0.000000,0.000000,0.000000,1.096361,2.775115,false,false
2026-04-17T14:47:33.585870,0.000000,0.000000,-0.751274,133.045,SE,0,0.000000,0,0.000000,1.319652,2.328907,1.199595,-2.035071,9.160215,4.082114,-1.156179,0.166346,0.273143,1.199595,0.357967,-0.171653,0.277944,0.484621,0.396995,-6.126000,-37.727001,-28.113001,NaN,-2.846503,true,Self-supervised model,0.203472,0.000000,0.000000,0.000000,0.000000,0.000000,1.100082,2.475323,false,false
2026-04-17T14:47:33.589255,0.000000,0.000000,-0.750356,132.992,SE,0,0.000000,0,0.000000,1.286429,2.309208,1.112006,-2.035071,9.160215,4.082114,-0.995652,0.296700,0.396488,1.112006,0.345139,-0.202196,0.298713,0.499233,0.400005,-6.126000,-37.727001,-28.113001,NaN,-2.848679,true,Self-supervised model,0.197818,0.000000,0.000000,0.000000,0.000000,0.000000,1.156854,2.227428,false,false
2026-04-17T14:47:33.602281,0.000000,0.000000,-0.750329,132.991,SE,0,0.000000,0,0.000000,1.245577,2.288662,1.031106,-1.582567,9.334992,4.393360,-0.757545,0.320239,0.621895,1.031106,0.294437,-0.373239,0.390954,0.615504,0.475395,-6.126000,-37.727001,-28.113001,NaN,-2.852212,true,Self-supervised model,0.196312,0.000000,0.000000,0.000000,0.000000,0.000000,1.208001,1.675223,false,false
2026-04-17T14:47:33.604921,0.000000,0.000000,-0.751242,133.043,SE,0,0.000000,0,0.000000,1.212282,2.267607,1.037482,-1.271321,9.375694,4.606444,-0.481196,0.351921,0.849101,1.037482,0.282831,-0.444710,0.408058,0.666537,0.527029,-7.708000,-36.120003,-28.551001,NaN,-2.856891,true,Self-supervised model,0.188260,0.000000,0.000000,0.000000,0.000000,0.000000,1.168484,1.556527,false,false
2026-04-17T14:47:33.612432,0.000000,0.000000,-0.753070,133.148,SE,0,0.000000,0,0.000000,1.188425,2.246440,1.063176,-0.948104,9.397242,4.723760,-0.195001,0.364927,0.979360,1.063176,0.277944,-0.474031,0.401949,0.680824,0.549507,-7.708000,-36.120003,-28.551001,NaN,-2.862375,true,Self-supervised model,0.187090,0.000000,0.000000,0.000000,0.000000,0.000000,1.117807,1.561601,false,false
2026-04-17T14:47:33.621847,0.000000,0.000000,-0.755688,133.298,SE,0,0.000000,0,0.000000,1.163753,2.225132,1.034226,-0.600945,9.378088,4.702212,0.114655,0.337298,0.970932,1.034226,0.279776,-0.472810,0.362243,0.658061,0.549385,-7.708000,-36.120003,-28.551001,NaN,-2.868156,true,Self-supervised model,0.183893,0.000000,0.000000,0.000000,0.000000,0.000000,1.125240,1.571628,false,false
2026-04-17T14:47:33.628417,0.000000,0.000000,-0.758933,133.484,SE,0,0.000000,0,0.000000,1.139637,2.203713,1.013026,-0.277727,9.342175,4.606444,0.418037,0.301034,0.872265,1.013026,0.270002,-0.427606,0.297491,0.586727,0.505715,-7.708000,-36.120003,-28.551001,NaN,-2.873904,true,Self-supervised model,0.180177,0.000000,0.000000,0.000000,0.000000,0.000000,1.124982,1.726571,false,false
2026-04-17T14:47:33.636871,0.000000,0.000000,-0.761996,133.659,SE,0,0.000000,0,0.000000,1.113500,2.182104,0.976280,-0.040701,9.282320,4.436456,0.636728,0.240815,0.699791,0.976280,0.237016,-0.345750,0.212581,0.470011,0.419189,-7.708000,-36.120003,-28.551001,NaN,-2.876245,true,Self-supervised model,0.179338,0.000000,0.000000,0.000000,0.000000,0.000000,1.140554,2.077144,false,false
2026-04-17T14:47:33.644622,0.000000,0.000000,-0.764886,133.825,SE,0,0.000000,0,0.000000,1.099622,2.160805,1.026764,0.124498,9.289502,4.350265,0.787540,0.248333,0.610209,1.026764,0.194255,-0.257174,0.133779,0.348956,0.322294,-7.708000,-36.120003,-28.551001,NaN,-2.878441,true,Self-supervised model,0.180401,0.000000,0.000000,0.000000,0.000000,0.000000,1.070959,2.942383,false,false
2026-04-17T14:47:33.654330,0.000000,0.000000,-0.767544,133.977,SE,0,0.000000,0,0.000000,1.087839,2.139886,1.025979,0.146046,9.289502,4.331111,0.796444,0.244168,0.598908,1.025979,0.149662,-0.186925,0.064141,0.247898,0.239457,-7.708000,-36.120003,-28.551001,NaN,-2.880167,true,Self-supervised model,0.182566,0.000000,0.000000,0.000000,0.000000,0.000000,1.060294,4.138706,false,false
2026-04-17T14:47:33.660392,0.000000,0.000000,-0.769927,134.114,SE,0,0.000000,0,0.000000,1.063212,2.118819,0.933920,0.069432,9.327810,4.259285,0.715121,0.280451,0.531183,0.933920,0.065363,-0.056810,-0.029322,0.091430,0.086601,-7.708000,-36.120003,-28.551001,NaN,-2.881453,true,Self-supervised model,0.199072,0.000000,0.000000,0.000000,0.000000,0.000000,1.138440,10.214587,false,false
2026-04-17T14:47:33.669604,0.000000,0.000000,-0.771843,134.223,SE,0,0.000000,0,0.000000,1.024577,2.097050,0.821744,-0.098162,9.452309,4.185065,0.549772,0.405046,0.457112,0.821744,0.001833,0.029932,-0.069028,0.075260,0.029988,-7.708000,-36.120003,-28.551001,NaN,-2.881503,true,Self-supervised model,0.201993,0.000000,0.000000,0.000000,0.000000,0.000000,1.246833,10.918662,false,false
2026-04-17T14:47:33.676562,0.000000,0.000000,-0.773201,134.301,SE,0,0.000000,0,0.000000,0.983540,2.074509,0.768095,-0.311246,9.581595,4.161122,0.343641,0.536602,0.428881,0.768095,-0.080634,0.116675,-0.079412,0.162546,0.141827,-7.708000,-36.120003,-28.551001,NaN,-2.880626,true,Self-supervised model,0.181887,0.000000,0.000000,0.000000,0.000000,0.000000,1.280492,4.725390,false,false
2026-04-17T14:47:33.686201,0.000000,0.000000,-0.774048,134.350,SE,0,0.000000,0,0.000000,0.963138,2.052054,0.856027,-0.497994,9.770737,4.156334,0.165843,0.730285,0.414684,0.856027,-0.171042,0.169210,-0.061087,0.248232,0.240598,-7.708000,-36.120003,-28.551001,NaN,-2.879428,true,Self-supervised model,0.172933,0.000000,0.000000,0.000000,0.000000,0.000000,1.125125,3.448502,false,false
2026-04-17T14:47:33.692912,0.000000,0.000000,-0.774550,134.378,SE,0,0.000000,0,0.000000,0.969441,2.030750,1.002531,-0.600945,9.938332,4.182671,0.071162,0.904692,0.426073,1.002531,-0.259618,0.202807,-0.020159,0.330058,0.329442,-7.708000,-36.120003,-28.551001,NaN,-2.878551,true,Self-supervised model,0.184398,0.000000,0.000000,0.000000,0.000000,0.000000,0.966993,3.037436,false,false
2026-04-17T14:47:33.702300,0.000000,0.000000,-0.774946,134.401,SE,0,0.000000,0,0.000000,1.004504,2.011700,1.188584,-0.646434,10.084377,4.314352,0.031975,1.059818,0.537116,1.188584,-0.335365,0.211359,0.012828,0.396620,0.396412,-7.708000,-36.120003,-28.551001,NaN,-2.878525,true,Self-supervised model,0.215460,0.000000,0.000000,0.000000,0.000000,0.000000,0.845127,2.996785,false,false
2026-04-17T14:47:33.708764,0.000000,0.000000,-0.775471,134.431,SE,0,0.000000,0,0.000000,1.066661,1.995898,1.392990,-0.581791,10.216059,4.498705,0.100747,1.202722,0.695508,1.392990,-0.395230,0.210138,0.037263,0.449169,0.447621,-7.708000,-36.120003,-28.551001,NaN,-2.879567,true,Self-supervised model,0.248402,0.000000,0.000000,0.000000,0.000000,0.000000,0.765735,3.101259,false,false
2026-04-17T14:47:33.722361,0.000000,0.000000,-0.776285,134.478,SE,0,0.000000,0,0.000000,1.147508,1.983963,1.571951,-0.505177,10.295067,4.707001,0.179525,1.295109,0.872636,1.571951,-0.520457,0.143553,0.052534,0.542442,0.539892,-7.708000,-36.120003,-28.551001,NaN,-2.881533,true,Self-supervised model,0.272352,0.000000,0.000000,0.000000,0.000000,0.000000,0.729990,2.897916,false,false
2026-04-17T14:47:33.725500,0.000000,0.000000,-0.777462,134.545,SE,0,0.000000,0,0.000000,1.241054,1.976246,1.732170,-0.344765,10.292673,4.953603,0.340657,1.308366,1.082840,1.732170,-0.565661,0.089797,0.043371,0.574384,0.572744,-7.708000,-36.120003,-28.551001,NaN,-2.884164,true,Self-supervised model,0.289528,0.000000,0.000000,0.000000,0.000000,0.000000,0.716474,3.015699,false,false
2026-04-17T14:47:33.732427,0.000000,0.000000,-0.778973,134.632,SE,0,0.000000,0,0.000000,1.340983,1.972836,1.865612,-0.268151,10.213664,5.236119,0.416243,1.247560,1.323195,1.865612,-0.637132,-0.028100,0.021380,0.638110,0.637752,-7.708000,-36.120003,-28.551001,NaN,-2.887014,true,Self-supervised model,0.307069,0.000000,0.000000,0.000000,0.000000,0.000000,0.718790,2.923652,false,false
2026-04-17T14:47:33.740794,0.000000,0.000000,-0.780728,134.732,SE,0,0.000000,0,0.000000,1.453141,1.974048,2.041971,-0.246603,10.055647,5.619191,0.433848,1.110587,1.657715,2.041971,-0.718988,-0.200364,0.004887,0.746401,0.746385,-7.708000,-36.120003,-28.551001,NaN,-2.889741,true,Self-supervised model,0.332363,0.000000,0.000000,0.000000,0.000000,0.000000,0.711636,2.735758,false,false
2026-04-17T14:47:33.748872,0.000000,0.000000,-0.782638,134.842,SE,0,0.000000,0,0.000000,1.590811,1.980719,2.313577,-0.241814,9.866506,6.083666,0.430218,0.945292,2.067359,2.313577,-0.783129,-0.375682,-0.003054,0.868584,0.868578,-7.708000,-36.120003,-28.551001,NaN,-2.892269,true,Self-supervised model,0.372571,0.000000,0.000000,0.000000,0.000000,0.000000,0.687598,2.663620,false,false
2026-04-17T14:47:33.761271,0.000000,0.000000,-0.784651,134.957,SE,0,0.000000,0,0.000000,1.759249,1.993860,2.643552,-0.215478,9.610326,6.581660,0.442650,0.714915,2.506257,2.643552,-0.813062,-0.508851,0.004276,0.959175,0.959165,-7.708000,-36.120003,-28.551001,NaN,-2.894696,true,Self-supervised model,0.422465,0.000000,0.000000,0.000000,0.000000,0.000000,0.665487,2.756068,false,false
2026-04-17T14:47:33.764867,0.000000,0.000000,-0.786761,135.078,SE,0,0.000000,0,0.000000,1.944521,2.013886,2.917194,-0.141258,9.363723,6.967127,0.497904,0.494770,2.831486,2.917194,-0.797179,-0.581544,0.016493,0.986894,0.986756,-7.219000,-35.978001,-26.409000,NaN,-2.897196,true,Self-supervised model,0.455656,0.000000,0.000000,0.000000,0.000000,0.000000,0.666572,2.955934,false,false
2026-04-17T14:47:33.772717,0.000000,0.000000,-0.788969,135.205,SE,0,0.000000,0,0.000000,2.143985,2.041090,3.191176,-0.095768,9.069236,7.333440,0.521828,0.225881,3.140108,3.191176,-0.726319,-0.599259,0.040317,0.942484,0.941621,-7.219000,-35.978001,-26.409000,NaN,-2.899797,true,Self-supervised model,0.514562,0.000000,0.000000,0.000000,0.000000,0.000000,0.671848,3.385921,false,false
2026-04-17T14:47:33.780329,0.000000,0.000000,-0.791261,135.336,SE,0,0.000000,0,0.000000,2.323941,2.074404,3.268710,-0.196325,8.810662,7.489063,0.397425,-0.009830,3.244445,3.268710,-0.605978,-0.555277,0.086743,0.826478,0.821913,-7.219000,-35.978001,-26.409000,NaN,-2.902423,true,Self-supervised model,0.551831,0.000000,0.000000,0.000000,0.000000,0.000000,0.710966,3.954987,false,false
2026-04-17T14:47:33.789476,0.000000,0.000000,-0.793658,135.473,SE,0,0.000000,0,0.000000,2.478885,2.112583,3.292341,-0.351948,8.647857,7.568071,0.215419,-0.154146,3.281668,3.292341,-0.461203,-0.533285,0.178984,0.727418,0.705054,-7.219000,-35.978001,-26.409000,NaN,-2.905239,true,Self-supervised model,0.582445,0.000000,0.000000,0.000000,0.000000,0.000000,0.752925,4.526066,false,false
2026-04-17T14:47:33.796267,0.000000,0.000000,-0.796254,135.622,SE,0,0.000000,0,0.000000,2.588688,2.153628,3.165153,-0.287304,8.377312,7.445967,0.247434,-0.411548,3.128514,3.165153,-0.312763,-0.488081,0.255953,0.633684,0.579693,-7.219000,-35.978001,-26.409000,NaN,-2.908631,true,Self-supervised model,0.588830,0.000000,0.000000,0.000000,0.000000,0.000000,0.817871,4.994842,false,false
2026-04-17T14:47:33.804652,0.000000,0.000000,-0.799270,135.795,SE,0,0.000000,0,0.000000,2.639345,2.195056,2.905296,-0.208296,8.180987,7.163452,0.290404,-0.600929,2.827595,2.905296,-0.116675,-0.395841,0.337808,0.533308,0.412678,-7.219000,-35.978001,-26.409000,NaN,-2.913327,true,Self-supervised model,0.571324,0.000000,0.000000,0.000000,0.000000,0.000000,0.908460,5.447688,false,false
2026-04-17T14:47:33.812567,0.000000,0.000000,-0.802815,135.998,SE,0,0.000000,0,0.000000,2.632810,2.234567,2.598501,-0.007183,8.109161,6.809110,0.453696,-0.672532,2.468616,2.598501,0.078191,-0.280998,0.402560,0.497120,0.291674,-7.219000,-35.978001,-26.409000,NaN,-2.918991,true,Self-supervised model,0.515919,0.000000,0.000000,0.000000,0.000000,0.000000,1.013204,5.227109,false,false
2026-04-17T14:47:33.820827,0.000000,0.000000,-0.806965,136.236,SE,0,0.000000,0,0.000000,2.577625,2.270289,2.287905,0.241814,8.166622,6.430826,0.664902,-0.621316,2.099138,2.287905,0.251066,-0.174707,0.439823,0.535725,0.305870,-7.219000,-35.978001,-26.409000,NaN,-2.925556,true,Self-supervised model,0.443190,0.000000,0.000000,0.000000,0.000000,0.000000,1.126632,4.270673,false,false
2026-04-17T14:47:33.828213,0.000000,0.000000,-0.811726,136.508,SE,0,0.000000,0,0.000000,2.496573,2.301340,2.071046,0.471658,8.283937,6.124368,0.858236,-0.515641,1.812946,2.071046,0.365297,-0.122173,0.448375,0.591108,0.385186,-7.219000,-35.978001,-26.409000,NaN,-2.932768,true,Self-supervised model,0.387608,0.000000,0.000000,0.000000,0.000000,0.000000,1.205465,3.503667,false,false
2026-04-17T14:47:33.836780,0.000000,0.000000,-0.817035,136.813,SE,0,0.000000,0,0.000000,2.394244,2.327056,1.857019,0.632069,8.458714,5.817910,0.983325,-0.356034,1.534546,1.857019,0.450208,-0.126449,0.430049,0.635310,0.467628,-7.219000,-35.978001,-26.409000,NaN,-2.940264,true,Self-supervised model,0.343257,0.000000,0.000000,0.000000,0.000000,0.000000,1.289294,2.923013,false,false
2026-04-17T14:47:33.844371,0.000000,0.000000,-0.822764,137.141,SE,0,0.000000,0,0.000000,2.273935,2.346932,1.642313,0.746991,8.621520,5.485116,1.063463,-0.210019,1.233746,1.642313,0.483805,-0.174097,0.404393,0.654149,0.514176,-7.219000,-35.978001,-26.409000,NaN,-2.947675,true,Self-supervised model,0.304027,0.000000,0.000000,0.000000,0.000000,0.000000,1.384593,2.510610,false,false
2026-04-17T14:47:33.853220,0.000000,0.000000,-0.828752,137.484,SE,0,0.000000,0,0.000000,2.140683,2.360682,1.441108,0.778116,8.784326,5.193024,1.059962,-0.064006,0.974257,1.441108,0.481362,-0.295659,0.331700,0.655094,0.564910,-7.219000,-35.978001,-26.409000,NaN,-2.954698,true,Self-supervised model,0.278278,0.000000,0.000000,0.000000,0.000000,0.000000,1.485442,2.199850,false,false
2026-04-17T14:47:33.860424,0.000000,0.000000,-0.834803,137.831,SE,0,0.000000,0,0.000000,1.993465,2.367993,1.220575,0.799663,8.875306,4.829105,1.044661,0.016032,0.631053,1.220575,0.435547,-0.411723,0.252898,0.650519,0.599347,-7.219000,-35.978001,-26.409000,NaN,-2.961001,true,Self-supervised model,0.254220,0.000000,0.000000,0.000000,0.000000,0.000000,1.633219,1.876310,false,false
2026-04-17T14:47:33.869185,0.000000,0.000000,-0.840850,138.177,SE,0,0.000000,0,0.000000,1.843816,2.369026,1.058155,0.802058,8.916007,4.467580,1.015408,0.044158,0.294432,1.058155,0.352469,-0.509462,0.159436,0.639692,0.619504,-7.219000,-35.978001,-26.409000,NaN,-2.967030,true,Self-supervised model,0.241900,0.000000,0.000000,0.000000,0.000000,0.000000,1.742481,1.654165,false,false
2026-04-17T14:47:33.876417,0.000000,0.000000,-0.846468,138.499,SE,0,0.000000,0,0.000000,1.703664,2.364411,0.967869,0.782904,8.872911,4.170700,0.967712,-0.008006,0.015513,0.967869,0.242514,-0.573602,0.067806,0.626443,0.622762,-7.219000,-35.978001,-26.409000,NaN,-2.970936,true,Self-supervised model,0.231836,0.000000,0.000000,0.000000,0.000000,0.000000,1.760222,1.545025,false,false
2026-04-17T14:47:33.885463,0.000000,0.000000,-0.851464,138.785,SE,0,0.000000,0,0.000000,1.587033,2.355316,0.974715,0.792481,8.779537,3.969586,0.952784,-0.106361,-0.175954,0.974715,0.134390,-0.594983,-0.007941,0.610023,0.609972,-7.219000,-35.978001,-26.409000,NaN,-2.973441,true,Self-supervised model,0.227536,0.000000,0.000000,0.000000,0.000000,0.000000,1.628201,1.597833,false,false
2026-04-17T14:47:33.892622,0.000000,0.000000,-0.855686,139.027,SE,0,0.000000,0,0.000000,1.482803,2.342416,0.935599,0.687136,8.686164,3.756502,0.827470,-0.200659,-0.387782,0.935599,0.007941,-0.573602,-0.077580,0.578879,0.573657,-7.219000,-35.978001,-26.409000,NaN,-2.974570,true,Self-supervised model,0.219667,0.000000,0.000000,0.000000,0.000000,0.000000,1.584871,1.616223,false,false
2026-04-17T14:47:33.902308,0.000000,0.000000,-0.859051,139.220,SE,0,0.000000,0,0.000000,1.395629,2.326544,0.937965,0.620098,8.561666,3.682282,0.745620,-0.322031,-0.469175,0.937965,-0.100182,-0.495412,-0.124617,0.520575,0.505440,-7.219000,-35.978001,-26.409000,NaN,-2.974504,true,Self-supervised model,0.214558,0.000000,0.000000,0.000000,0.000000,0.000000,1.487933,1.801786,false,false
2026-04-17T14:47:33.908432,0.000000,0.000000,-0.861544,139.363,SE,0,0.000000,0,0.000000,1.342543,2.309184,1.063840,0.656011,8.353370,3.653552,0.771701,-0.524158,-0.511362,1.063840,-0.154549,-0.425773,-0.155160,0.478793,0.452955,-7.219000,-35.978001,-26.409000,NaN,-2.973509,true,Self-supervised model,0.203265,0.000000,0.000000,0.000000,0.000000,0.000000,1.261978,2.221921,false,false
2026-04-17T14:47:33.922327,0.000000,0.000000,-0.863221,139.459,SE,0,0.000000,0,0.000000,1.321755,2.291687,1.212616,0.711078,8.142680,3.665523,0.821696,-0.726667,-0.516923,1.212616,-0.216246,-0.334143,-0.197920,0.444507,0.398013,-7.219000,-35.978001,-26.409000,NaN,-2.971925,true,Self-supervised model,0.204985,0.000000,0.000000,0.000000,0.000000,0.000000,1.090002,2.728001,false,false
2026-04-17T14:47:33.924643,0.000000,0.000000,-0.864141,139.512,SE,0,0.000000,0,0.000000,1.326448,2.275077,1.351088,0.682347,7.900866,3.677494,0.793882,-0.959307,-0.524330,1.351088,-0.241903,-0.272446,-0.240681,0.436659,0.364340,-8.299001,-32.388000,-25.694002,NaN,-2.969817,true,Self-supervised model,0.215628,0.000000,0.000000,0.000000,0.000000,0.000000,0.981763,3.094151,false,false
2026-04-17T14:47:33.933294,0.000000,0.000000,-0.864275,139.519,SE,0,0.000000,0,0.000000,1.348839,2.260028,1.466394,0.646434,7.690176,3.751714,0.763352,-1.160531,-0.469864,1.466394,-0.252898,-0.243735,-0.279165,0.448662,0.351233,-8.299001,-32.388000,-25.694002,NaN,-2.966803,true,Self-supervised model,0.234989,0.000000,0.000000,0.000000,0.000000,0.000000,0.919834,3.268370,false,false
2026-04-17T14:47:33.940678,0.000000,0.000000,-0.863626,139.482,SE,0,0.000000,0,0.000000,1.371096,2.246471,1.487944,0.562637,7.580042,3.830723,0.675580,-1.258986,-0.415359,1.487944,-0.241292,-0.237016,-0.312152,0.460258,0.338228,-8.299001,-32.388000,-25.694002,NaN,-2.963026,true,Self-supervised model,0.237136,0.000000,0.000000,0.000000,0.000000,0.000000,0.921470,3.232850,false,false
2026-04-17T14:47:33.949611,0.000000,0.000000,-0.862764,139.433,SE,0,0.000000,0,0.000000,1.391001,2.234252,1.495503,0.471658,7.503428,3.897760,0.586119,-1.325238,-0.369783,1.495503,-0.218079,-0.248622,-0.330478,0.467533,0.330713,-8.299001,-32.388000,-25.694002,NaN,-2.961310,true,Self-supervised model,0.238141,0.000000,0.000000,0.000000,0.000000,0.000000,0.930123,3.198711,false,false
2026-04-17T14:47:33.957086,0.000000,0.000000,-0.861472,139.359,SE,0,0.000000,0,0.000000,1.404622,2.223067,1.476130,0.366313,7.477092,3.912126,0.486297,-1.342763,-0.373447,1.476130,-0.180816,-0.266948,-0.342695,0.470527,0.322422,-8.299001,-32.388000,-25.694002,NaN,-2.958298,true,Self-supervised model,0.235147,0.000000,0.000000,0.000000,0.000000,0.000000,0.951557,3.137182,false,false
2026-04-17T14:47:33.964208,0.000000,0.000000,-0.859627,139.253,SE,0,0.000000,0,0.000000,1.397137,2.212029,1.357844,0.234632,7.582437,3.854665,0.362976,-1.230412,-0.445058,1.357844,-0.135001,-0.268170,-0.346361,0.458373,0.300234,-8.299001,-32.388000,-25.694002,NaN,-2.954239,true,Self-supervised model,0.220890,0.000000,0.000000,0.000000,0.000000,0.000000,1.028938,2.962311,false,false
2026-04-17T14:47:33.972699,0.000000,0.000000,-0.857188,139.113,SE,0,0.000000,0,0.000000,1.373244,2.200478,1.247805,0.100556,7.714118,3.758897,0.239706,-1.093543,-0.551109,1.247805,-0.098349,-0.230296,-0.343917,0.425427,0.250417,-8.299001,-32.388000,-25.694002,NaN,-2.949428,true,Self-supervised model,0.211963,0.000000,0.000000,0.000000,0.000000,0.000000,1.100528,2.933066,false,false
2026-04-17T14:47:33.980869,0.000000,0.000000,-0.854190,138.941,SE,0,0.000000,0,0.000000,1.343785,2.188210,1.189122,-0.016759,7.817069,3.667917,0.136371,-0.986834,-0.649287,1.189122,-0.070250,-0.169210,-0.342695,0.388596,0.183213,-8.299001,-32.388000,-25.694002,NaN,-2.944189,true,Self-supervised model,0.207250,0.000000,0.000000,0.000000,0.000000,0.000000,1.130064,3.060046,false,false
2026-04-17T14:47:33.989059,0.000000,0.000000,-0.850679,138.740,SE,0,0.000000,0,0.000000,1.314424,2.175259,1.160280,-0.131681,7.874529,3.624821,0.038969,-0.926792,-0.696985,1.160280,-0.042150,-0.076358,-0.340252,0.351253,0.087219,-8.299001,-32.388000,-25.694002,NaN,-2.938632,true,Self-supervised model,0.203921,0.000000,0.000000,0.000000,0.000000,0.000000,1.132850,3.303262,false,false
2026-04-17T14:47:33.996400,0.000000,0.000000,-0.846721,138.514,SE,0,0.000000,0,0.000000,1.292051,2.161931,1.174591,-0.213084,7.893683,3.576937,-0.021127,-0.906074,-0.747159,1.174591,-0.008552,0.006109,-0.334754,0.334919,0.010510,-8.299001,-32.388000,-25.694002,NaN,-2.932884,true,Self-supervised model,0.202286,0.000000,0.000000,0.000000,0.000000,0.000000,1.100001,3.507088,false,false
2026-04-17T14:47:34.004609,0.000000,0.000000,-0.842374,138.264,SE,0,0.000000,0,0.000000,1.270814,2.148286,1.159324,-0.268151,7.922413,3.567361,-0.051975,-0.876832,-0.756635,1.159324,0.021380,0.065973,-0.326813,0.334090,0.069351,-8.299001,-32.388000,-25.694002,NaN,-2.926979,true,Self-supervised model,0.200161,0.000000,0.000000,0.000000,0.000000,0.000000,1.096168,3.470094,false,false
2026-04-17T14:47:34.012725,0.000000,0.000000,-0.837699,137.997,SE,0,0.000000,0,0.000000,1.251833,2.134428,1.152182,-0.342371,7.936779,3.564966,-0.100926,-0.862915,-0.756780,1.152182,0.042761,0.094073,-0.313374,0.329972,0.103336,-8.299001,-32.388000,-25.694002,NaN,-2.920994,true,Self-supervised model,0.198848,0.000000,0.000000,0.000000,0.000000,0.000000,1.086489,3.491759,false,false
2026-04-17T14:47:34.022748,0.000000,0.000000,-0.832792,137.715,SE,0,0.000000,0,0.000000,1.235291,2.120462,1.148445,-0.447716,7.967903,3.548207,-0.181256,-0.833075,-0.769454,1.148445,0.071471,0.101404,-0.291383,0.316693,0.124060,-8.299001,-32.388000,-25.694002,NaN,-2.915157,true,Self-supervised model,0.198962,0.000000,0.000000,0.000000,0.000000,0.000000,1.075621,3.626362,false,false
2026-04-17T14:47:34.028621,0.000000,0.000000,-0.827743,137.426,SE,0,0.000000,0,0.000000,1.212006,2.106124,1.089762,-0.557849,8.044518,3.576937,-0.268518,-0.758635,-0.734814,1.089762,0.098349,0.078191,-0.255342,0.284580,0.125644,-8.299001,-32.388000,-25.694002,NaN,-2.909544,true,Self-supervised model,0.195767,0.000000,0.000000,0.000000,0.000000,0.000000,1.112176,3.829369,false,false
2026-04-17T14:47:34.036758,0.000000,0.000000,-0.822677,137.136,SE,0,0.000000,0,0.000000,1.183826,2.091232,1.035881,-0.627281,8.133103,3.584120,-0.318813,-0.673194,-0.719874,1.035881,0.123395,0.043982,-0.211970,0.249183,0.130999,-8.299001,-32.388000,-25.694002,NaN,-2.904407,true,Self-supervised model,0.194842,0.000000,0.000000,0.000000,0.000000,0.000000,1.142821,4.157112,false,false
2026-04-17T14:47:34.044652,0.000000,0.000000,-0.817729,136.852,SE,0,0.000000,0,0.000000,1.151191,2.075631,0.979853,-0.742203,8.248025,3.610456,-0.419796,-0.562606,-0.683636,0.979853,0.160658,-0.002443,-0.154549,0.222940,0.160676,-8.299001,-32.388000,-25.694002,NaN,-2.899928,true,Self-supervised model,0.193094,0.000000,0.000000,0.000000,0.000000,0.000000,1.174860,4.395147,false,false
2026-04-17T14:47:34.053995,0.000000,0.000000,-0.813054,136.585,SE,0,0.000000,0,0.000000,1.124011,2.059566,0.981317,-0.797269,8.317456,3.576937,-0.466467,-0.498992,-0.704556,0.981317,0.189979,-0.036041,-0.109345,0.222143,0.193368,-8.299001,-32.388000,-25.694002,NaN,-2.896350,true,Self-supervised model,0.191696,0.000000,0.000000,0.000000,0.000000,0.000000,1.145410,4.417511,false,false
2026-04-17T14:47:34.060482,0.000000,0.000000,-0.808794,136.340,SE,0,0.000000,0,0.000000,1.092860,2.042898,0.929320,-0.756568,8.391677,3.560178,-0.423074,-0.432330,-0.705503,0.929320,0.250455,-0.076358,-0.020159,0.262611,0.261836,-8.299001,-32.388000,-25.694002,NaN,-2.893747,true,Self-supervised model,0.186525,0.000000,0.000000,0.000000,0.000000,0.000000,1.175979,3.538770,false,false
2026-04-17T14:47:34.068634,0.000000,0.000000,-0.805080,136.128,SE,0,0.000000,0,0.000000,1.056246,2.025431,0.864018,-0.660800,8.530540,3.507505,-0.330034,-0.302904,-0.738819,0.864018,0.288939,-0.101404,0.037874,0.308550,0.306217,-8.299001,-32.388000,-25.694002,NaN,-2.892220,true,Self-supervised model,0.183983,0.000000,0.000000,0.000000,0.000000,0.000000,1.222481,2.800254,false,false
2026-04-17T14:47:34.081894,0.000000,0.000000,-0.802022,135.952,SE,0,0.000000,0,0.000000,1.013875,2.006969,0.791432,-0.545878,8.695741,3.478775,-0.222879,-0.148962,-0.744648,0.791432,0.319483,-0.130725,0.102625,0.360125,0.345193,-8.299001,-32.388000,-25.694002,NaN,-2.891784,true,Self-supervised model,0.183207,0.000000,0.000000,0.000000,0.000000,0.000000,1.281064,2.197658,false,false
2026-04-17T14:47:34.087296,0.000000,0.000000,-0.799693,135.819,SE,0,0.000000,0,0.000000,0.967362,1.987385,0.723166,-0.378284,8.896853,3.478775,-0.067934,0.039443,-0.718887,0.723166,0.332311,-0.169821,0.160047,0.406060,0.373188,-11.474001,-30.911001,-26.713001,NaN,-2.892371,true,Self-supervised model,0.180238,0.000000,0.000000,0.000000,0.000000,0.000000,1.337676,1.780936,false,false
2026-04-17T14:47:34.093340,0.000000,0.000000,-0.798149,135.731,SE,0,0.000000,0,0.000000,0.916887,1.966565,0.651891,-0.193930,9.062054,3.555390,0.100694,0.191242,-0.615020,0.651891,0.327424,-0.193644,0.180205,0.420926,0.380400,-11.474001,-30.911001,-26.713001,NaN,-2.893965,true,Self-supervised model,0.181774,0.000000,0.000000,0.000000,0.000000,0.000000,1.406503,1.548709,false,false
2026-04-17T14:47:34.101663,0.000000,0.000000,-0.797353,135.685,SE,0,0.000000,0,0.000000,0.870307,1.944715,0.625762,-0.009577,9.169792,3.653552,0.266436,0.285359,-0.489040,0.625762,0.311541,-0.224798,0.184481,0.426176,0.384177,-11.474001,-30.911001,-26.713001,NaN,-2.896165,true,Self-supervised model,0.178373,0.000000,0.000000,0.000000,0.000000,0.000000,1.390795,1.468320,false,false
2026-04-17T14:47:34.108456,0.000000,0.000000,-0.797253,135.679,SE,0,0.000000,0,0.000000,0.830657,1.922152,0.622497,0.107739,9.265560,3.768473,0.363751,0.367668,-0.346422,0.622497,0.301157,-0.243735,0.170431,0.423260,0.387430,-11.474001,-30.911001,-26.713001,NaN,-2.898847,true,Self-supervised model,0.172218,0.000000,0.000000,0.000000,0.000000,0.000000,1.334395,1.470720,false,false
2026-04-17T14:47:34.119111,0.000000,0.000000,-0.797739,135.707,SE,0,0.000000,0,0.000000,0.794602,1.899050,0.605311,0.160412,9.327810,3.900155,0.396740,0.416886,-0.187628,0.605311,0.295048,-0.237016,0.136223,0.402227,0.378457,-11.474001,-30.911001,-26.713001,NaN,-2.901675,true,Self-supervised model,0.168068,0.000000,0.000000,0.000000,0.000000,0.000000,1.312717,1.504899,false,false
2026-04-17T14:47:34.124655,0.000000,0.000000,-0.798663,135.760,SE,0,0.000000,0,0.000000,0.762668,1.875595,0.595017,0.196325,9.339781,3.969586,0.415189,0.416260,-0.091603,0.595017,0.299935,-0.199142,0.095295,0.372424,0.360026,-11.474001,-30.911001,-26.713001,NaN,-2.904354,true,Self-supervised model,0.163362,0.000000,0.000000,0.000000,0.000000,0.000000,1.281759,1.597686,false,false
2026-04-17T14:47:34.132241,0.000000,0.000000,-0.799853,135.828,SE,0,0.000000,0,0.000000,0.726476,1.851630,0.536466,0.150835,9.337387,4.029441,0.355781,0.401484,-0.005165,0.536466,0.315817,-0.145386,0.065363,0.353765,0.347675,-11.474001,-30.911001,-26.713001,NaN,-2.906605,true,Self-supervised model,0.166396,0.000000,0.000000,0.000000,0.000000,0.000000,1.354188,1.516446,false,false
2026-04-17T14:47:34.140348,0.000000,0.000000,-0.801148,135.902,SE,0,0.000000,0,0.000000,0.696718,1.827434,0.540488,0.131681,9.378088,4.036624,0.326470,0.429762,0.029141,0.540488,0.338419,-0.065973,0.039095,0.346999,0.344790,-11.474001,-30.911001,-26.713001,NaN,-2.908325,true,Self-supervised model,0.160319,0.000000,0.000000,0.000000,0.000000,0.000000,1.289054,1.557604,false,false
2026-04-17T14:47:34.149228,0.000000,0.000000,-0.802441,135.976,SE,0,0.000000,0,0.000000,0.674323,1.803309,0.556751,0.102951,9.433155,4.027047,0.291207,0.472111,0.047771,0.556751,0.362854,0.019548,0.027489,0.364418,0.363380,-11.474001,-30.911001,-26.713001,NaN,-2.909606,true,Self-supervised model,0.154400,0.000000,0.000000,0.000000,0.000000,0.000000,1.211175,1.527781,false,false
2026-04-17T14:47:34.156560,0.000000,0.000000,-0.803670,136.047,SE,0,0.000000,0,0.000000,0.656585,1.779440,0.563458,0.057461,9.478644,4.015076,0.242196,0.504564,0.065121,0.563458,0.382402,0.075747,0.025045,0.390635,0.389832,-11.474001,-30.911001,-26.713001,NaN,-2.910579,true,Self-supervised model,0.151343,0.000000,0.000000,0.000000,0.000000,0.000000,1.165277,1.442414,false,false
2026-04-17T14:47:34.164353,0.000000,0.000000,-0.804824,136.113,SE,0,0.000000,0,0.000000,0.645167,1.756069,0.585225,0.052672,9.516952,3.988740,0.238411,0.530129,0.067909,0.585225,0.409280,0.140499,0.031765,0.433888,0.432724,-11.474001,-30.911001,-26.713001,NaN,-2.911434,true,Self-supervised model,0.149503,0.000000,0.000000,0.000000,0.000000,0.000000,1.102425,1.348793,false,false
2026-04-17T14:47:34.172373,0.000000,0.000000,-0.805814,136.170,SE,0,0.000000,0,0.000000,0.636346,1.733280,0.590032,0.002394,9.548077,3.998317,0.189929,0.548130,0.107790,0.590032,0.422719,0.169210,0.043371,0.457388,0.455327,-11.474001,-30.911001,-26.713001,NaN,-2.911770,true,Self-supervised model,0.149031,0.000000,0.000000,0.000000,0.000000,0.000000,1.078493,1.290003,false,false
2026-04-17T14:47:34.180663,0.000000,0.000000,-0.806697,136.220,SE,0,0.000000,0,0.000000,0.643229,1.711678,0.679369,-0.023942,9.658210,3.998317,0.162697,0.644756,0.139146,0.679369,0.417221,0.152105,0.060476,0.448182,0.444083,-11.474001,-30.911001,-26.713001,NaN,-2.912223,true,Self-supervised model,0.158402,0.000000,0.000000,0.000000,0.000000,0.000000,0.946804,1.515835,false,false
2026-04-17T14:47:34.189742,0.000000,0.000000,-0.807638,136.274,SE,0,0.000000,0,0.000000,0.661333,1.691665,0.756377,-0.062249,9.746795,4.024653,0.121802,0.720375,0.195781,0.756377,0.389732,0.100182,0.081245,0.410522,0.402402,-11.474001,-30.911001,-26.713001,NaN,-2.913397,true,Self-supervised model,0.171605,0.000000,0.000000,0.000000,0.000000,0.000000,0.874343,1.842477,false,false
2026-04-17T14:47:34.196331,0.000000,0.000000,-0.808679,136.334,SE,0,0.000000,0,0.000000,0.687611,1.673502,0.825573,-0.050278,9.811439,4.060566,0.128068,0.773328,0.259101,0.825573,0.353691,0.029322,0.097738,0.368117,0.354904,-11.474001,-30.911001,-26.713001,NaN,-2.914837,true,Self-supervised model,0.182900,0.000000,0.000000,0.000000,0.000000,0.000000,0.832890,2.242694,false,false
2026-04-17T14:47:34.204824,0.000000,0.000000,-0.809878,136.403,SE,0,0.000000,0,0.000000,0.721071,1.657405,0.896735,-0.093374,9.864111,4.141969,0.076142,0.815895,0.364213,0.896735,0.295048,-0.067806,0.113010,0.323144,0.302739,-11.474001,-30.911001,-26.713001,NaN,-2.916668,true,Self-supervised model,0.194297,0.000000,0.000000,0.000000,0.000000,0.000000,0.804107,2.775029,false,false
2026-04-17T14:47:34.212342,0.000000,0.000000,-0.811256,136.482,SE,0,0.000000,0,0.000000,0.762401,1.643605,0.979381,-0.062249,9.914390,4.220978,0.095900,0.857902,0.462596,0.979381,0.245568,-0.135001,0.112399,0.301931,0.280230,-11.474001,-30.911001,-26.713001,NaN,-2.918760,true,Self-supervised model,0.206583,0.000000,0.000000,0.000000,0.000000,0.000000,0.778452,3.243722,false,false
2026-04-17T14:47:34.221437,0.000000,0.000000,-0.812783,136.569,SE,0,0.000000,0,0.000000,0.802681,1.631968,1.014154,-0.038307,9.923966,4.268862,0.106170,0.861388,0.524639,1.014154,0.160047,-0.211359,0.108734,0.286550,0.265118,-11.474001,-30.911001,-26.713001,NaN,-2.920888,true,Self-supervised model,0.207839,0.000000,0.000000,0.000000,0.000000,0.000000,0.791479,3.539188,false,false
2026-04-17T14:47:34.228258,0.000000,0.000000,-0.814446,136.664,SE,0,0.000000,0,0.000000,0.843181,1.622417,1.055805,-0.009577,9.914390,4.352659,0.120547,0.847833,0.617554,1.055805,0.091630,-0.233961,0.094073,0.268298,0.251265,-11.474001,-30.911001,-26.713001,NaN,-2.923089,true,Self-supervised model,0.210834,0.000000,0.000000,0.000000,0.000000,0.000000,0.798614,3.935199,false,false
2026-04-17T14:47:34.241236,0.000000,0.000000,-0.816193,136.764,SE,0,0.000000,0,0.000000,0.873383,1.614455,1.031945,-0.007183,9.864111,4.378995,0.109597,0.795750,0.647829,1.031945,0.031765,-0.186314,0.073915,0.202942,0.189002,-11.474001,-30.911001,-26.713001,NaN,-2.925178,true,Self-supervised model,0.204929,0.000000,0.000000,0.000000,0.000000,0.000000,0.846346,5.084940,false,false
2026-04-17T14:47:34.244343,0.000000,0.000000,-0.817970,136.866,SE,0,0.000000,0,0.000000,0.887803,1.607389,0.963506,-0.011971,9.773131,4.381389,0.095505,0.704720,0.650070,0.963506,-0.000611,-0.120951,0.054367,0.132610,0.120953,-11.467001,-29.274002,-25.551001,NaN,-2.927069,true,Self-supervised model,0.196233,0.000000,0.000000,0.000000,0.000000,0.000000,0.921430,7.265719,false,false
2026-04-17T14:47:34.252554,0.000000,0.000000,-0.819673,136.964,SE,0,0.000000,0,0.000000,0.891376,1.600749,0.910136,-0.047884,9.734824,4.350265,0.055075,0.667446,0.616304,0.910136,-0.037874,0.041539,0.026878,0.062308,0.056213,-11.467001,-29.274002,-25.551001,NaN,-2.928479,true,Self-supervised model,0.223953,0.000000,0.000000,0.000000,0.000000,0.000000,0.979388,14.606997,false,false
2026-04-17T14:47:34.260719,0.000000,0.000000,-0.821227,137.053,SE,0,0.000000,0,0.000000,0.887407,1.594215,0.866568,-0.162806,9.720459,4.302381,-0.057763,0.654521,0.564983,0.866568,-0.056200,0.231518,0.006109,0.238320,0.238241,-11.467001,-29.274002,-25.551001,NaN,-2.929436,true,Self-supervised model,0.174400,0.000000,0.000000,0.000000,0.000000,0.000000,1.024048,3.636159,false,false
2026-04-17T14:47:34.268687,0.000000,0.000000,-0.822552,137.129,SE,0,0.000000,0,0.000000,0.891589,1.588110,0.913542,-0.344765,9.787497,4.249708,-0.230396,0.723422,0.508071,0.913542,-0.062919,0.380569,-0.004887,0.385766,0.385735,-11.467001,-29.274002,-25.551001,NaN,-2.929847,true,Self-supervised model,0.176838,0.000000,0.000000,0.000000,0.000000,0.000000,0.975969,2.368123,false,false
2026-04-17T14:47:34.276506,0.000000,0.000000,-0.823622,137.190,SE,0,0.000000,0,0.000000,0.935144,1.583991,1.163812,-0.610521,9.993398,4.252102,-0.480501,0.931248,0.506315,1.163812,-0.065973,0.627359,0.001833,0.630821,0.630818,-11.467001,-29.274002,-25.551001,NaN,-2.929895,true,Self-supervised model,0.219204,0.000000,0.000000,0.000000,0.000000,0.000000,0.803518,1.844917,false,false
2026-04-17T14:47:34.285675,0.000000,0.000000,-0.824467,137.238,SE,0,0.000000,0,0.000000,1.025303,1.583644,1.498634,-0.885855,10.256760,4.271256,-0.736348,1.196585,0.521422,1.498634,-0.067195,0.748310,0.029932,0.751917,0.751321,-11.467001,-29.274002,-25.551001,NaN,-2.929843,true,Self-supervised model,0.276581,0.000000,0.000000,0.000000,0.000000,0.000000,0.684158,1.993085,false,false
2026-04-17T14:47:34.292710,0.000000,0.000000,-0.825201,137.281,SE,0,0.000000,0,0.000000,1.179064,1.589461,1.986314,-1.213860,10.647015,4.328717,-1.044252,1.588961,0.574616,1.986314,-0.085521,0.816727,0.074526,0.824567,0.821192,-11.467001,-29.274002,-25.551001,NaN,-2.930130,true,Self-supervised model,0.341279,0.000000,0.000000,0.000000,0.000000,0.000000,0.593594,2.408918,false,false
2026-04-17T14:47:34.301755,0.000000,0.000000,-0.825996,137.326,SE,0,0.000000,0,0.000000,1.380526,1.603103,2.438200,-1.446098,11.034876,4.424485,-1.258756,1.979524,0.664708,2.438200,-0.117897,0.794125,0.132558,0.813699,0.802829,-11.467001,-29.274002,-25.551001,NaN,-2.931171,true,Self-supervised model,0.395870,0.000000,0.000000,0.000000,0.000000,0.000000,0.566207,2.996441,false,false
2026-04-17T14:47:34.309414,0.614917,-0.668397,-0.827047,137.386,SE,1,0.908228,1,0.908228,1.609888,1.625375,2.814039,-1.587356,11.358093,4.587290,-1.388504,2.306590,0.818848,2.814039,-0.186314,0.650571,0.205251,0.707166,0.676725,-11.467001,-29.274002,-25.551001,NaN,-2.933246,true,Self-supervised model,0.450248,0.000000,0.000000,0.000000,0.000000,0.000000,0.572092,3.979317,false,true
2026-04-17T14:47:34.317805,0.614917,-0.668397,-0.828568,137.473,SE,1,0.908228,1,0.908228,1.826488,1.655419,2.963638,-1.608904,11.499351,4.666299,-1.407526,2.453668,0.884043,2.963638,-0.249844,0.497855,0.247400,0.609499,0.557029,-11.467001,-29.274002,-25.551001,NaN,-2.936642,true,Self-supervised model,0.491007,0.008000,0.087098,10.887240,0.000000,0.000000,0.616299,4.862418,false,false
2026-04-17T14:47:34.325336,0.614917,-0.668397,-0.830731,137.597,SE,1,0.908228,1,0.908228,2.019625,1.691987,3.033591,-1.527501,11.549629,4.857835,-1.333182,2.512458,1.054921,3.033591,-0.368963,0.248622,0.292604,0.532507,0.444912,-11.467001,-29.274002,-25.551001,NaN,-2.941381,true,Self-supervised model,0.527795,0.015000,0.211074,14.071568,0.000000,0.000000,0.665754,5.696810,false,false
2026-04-17T14:47:34.332279,0.614917,-0.668397,-0.833626,137.763,SE,1,0.908228,1,0.908228,2.155231,1.732517,2.867167,-1.319205,11.343728,5.073313,-1.142234,2.318758,1.240690,2.867167,-0.497244,-0.004276,0.322537,0.592706,0.497263,-11.467001,-29.274002,-25.551001,NaN,-2.947197,true,Self-supervised model,0.528863,0.022000,0.376906,17.132079,0.000000,0.000000,0.751694,4.837421,false,false
2026-04-17T14:47:34.340939,0.614917,-0.668397,-0.837276,137.972,SE,1,0.908228,1,0.908228,2.225756,1.774247,2.596013,-0.955287,10.953473,5.391742,-0.804212,1.944715,1.520069,2.596013,-0.612087,-0.206472,0.320093,0.720931,0.645973,-11.467001,-29.274002,-25.551001,NaN,-2.953872,true,Self-supervised model,0.497729,0.031000,0.586067,18.905383,0.000000,0.000000,0.857375,3.600919,false,false
2026-04-17T14:47:34.348648,0.614917,-0.668397,-0.841607,138.221,SE,1,0.908228,1,0.908228,2.263261,1.815807,2.460159,-0.672771,10.568007,5.722142,-0.551982,1.578835,1.804156,2.460159,-0.681726,-0.307876,0.299935,0.805915,0.748022,-11.467001,-29.274002,-25.551001,NaN,-2.960925,true,Self-supervised model,0.465778,0.039000,0.834216,21.390155,0.000000,0.000000,0.919965,3.052630,false,false
2026-04-17T14:47:34.356532,0.614917,-0.668397,-0.846422,138.496,SE,1,0.908228,1,0.908228,2.276287,1.856226,2.344675,-0.478840,10.017340,6.028600,-0.389214,1.050056,2.059950,2.344675,-0.711658,-0.338419,0.269392,0.832800,0.788026,-11.467001,-29.274002,-25.551001,NaN,-2.967677,true,Self-supervised model,0.434581,0.047000,1.110100,23.619140,0.000000,0.000000,0.970833,2.815410,false,false
2026-04-17T14:47:34.364206,0.614917,-0.668397,-0.851498,138.787,SE,1,0.908228,1,0.908228,2.273811,1.894930,2.260808,-0.347159,9.464279,6.200983,-0.286223,0.519357,2.181651,2.260808,-0.678671,-0.260229,0.236405,0.764330,0.726852,-11.467001,-29.274002,-25.551001,NaN,-2.973794,true,Self-supervised model,0.412596,0.054000,1.400911,25.942805,0.000000,0.000000,1.005751,2.957894,false,false
2026-04-17T14:47:34.372271,0.614917,-0.668397,-0.856625,139.081,SE,1,0.908228,1,0.908228,2.255127,1.931338,2.157036,-0.270545,8.937555,6.210559,-0.232403,0.013677,2.144436,2.157036,-0.587041,-0.073304,0.197309,0.623636,0.591601,-11.467001,-29.274002,-25.551001,NaN,-2.979125,true,Self-supervised model,0.393177,0.062000,1.694650,27.333068,0.000000,0.000000,1.045475,3.458805,false,false
2026-04-17T14:47:34.380623,0.614917,-0.668397,-0.861630,139.368,SE,1,0.908228,1,0.908228,2.225881,1.965119,2.072340,-0.294487,8.525752,6.124368,-0.268920,-0.380330,2.019313,2.072340,-0.472199,0.159436,0.153938,0.521621,0.498389,-11.467001,-29.274002,-25.551001,NaN,-2.983645,true,Self-supervised model,0.373543,0.071000,1.981428,27.907432,0.000000,0.000000,1.074090,3.972886,false,false
2026-04-17T14:47:34.389167,0.614917,-0.668397,-0.866346,139.638,SE,1,0.908228,1,0.908228,2.184130,1.995880,1.964939,-0.371101,8.169016,5.928043,-0.345947,-0.723560,1.793814,1.964939,-0.309098,0.472199,0.105680,0.574179,0.564370,-11.467001,-29.274002,-25.551001,NaN,-2.987204,true,Self-supervised model,0.342782,0.079000,2.251637,28.501732,0.000000,0.000000,1.111551,3.422172,false,false
2026-04-17T14:47:34.402406,0.614917,-0.668397,-0.870644,139.884,SE,1,0.908228,1,0.908228,2.129529,2.023226,1.842875,-0.548272,7.955932,5.659893,-0.510128,-0.928369,1.508008,1.842875,-0.141721,0.792292,0.070860,0.807981,0.804868,-11.467001,-29.274002,-25.551001,NaN,-2.989832,true,Self-supervised model,0.312375,0.092000,2.497917,27.151272,0.000000,0.000000,1.155547,2.280840,false,false
2026-04-17T14:47:34.404487,0.614917,-0.668397,-0.874436,140.101,SE,1,0.908228,1,0.908228,2.070457,2.047115,1.760324,-0.749385,7.905654,5.451597,-0.684670,-0.976263,1.294944,1.760324,-0.016493,1.021978,0.047647,1.023221,1.022111,-12.712001,-29.462002,-24.320002,NaN,-2.991595,true,Self-supervised model,0.232727,0.095000,2.715145,28.580473,0.000000,0.000000,1.176179,1.720376,false,false
2026-04-17T14:47:34.412788,0.614917,-0.668397,-0.877685,140.288,SE,1,0.908228,1,0.908228,2.014924,2.067827,1.723375,-1.055843,7.967903,5.257667,-0.956655,-0.914882,1.103551,1.723375,0.105680,1.202794,0.040317,1.208100,1.207427,-12.712001,-29.462002,-24.320002,NaN,-2.992675,true,Self-supervised model,0.265729,0.103000,2.901298,28.167943,0.000000,0.000000,1.169173,1.426517,false,false
2026-04-17T14:47:34.420954,0.614917,-0.668397,-0.880418,140.444,SE,1,0.908228,1,0.908228,1.981305,2.086366,1.804805,-1.405396,8.056489,5.125986,-1.267247,-0.830054,0.981028,1.804805,0.185092,1.252885,0.060476,1.267926,1.266483,-12.712001,-29.462002,-24.320002,NaN,-2.993344,true,Self-supervised model,0.270108,0.111000,3.057892,27.548579,0.000000,0.000000,1.097794,1.423431,false,false
2026-04-17T14:47:34.428479,0.614917,-0.668397,-0.882708,140.575,SE,1,0.908228,1,0.908228,1.972327,2.103805,1.925195,-1.723825,8.185776,5.032612,-1.547894,-0.706260,0.900888,1.925195,0.219301,1.208902,0.086132,1.231648,1.228632,-12.712001,-29.462002,-24.320002,NaN,-2.993863,true,Self-supervised model,0.285567,0.119000,3.189118,26.799312,0.000000,0.000000,1.024482,1.563105,false,false
2026-04-17T14:47:34.437522,0.614917,-0.668397,-0.884699,140.690,SE,1,0.908228,1,0.908228,1.973426,2.120590,1.979197,-1.886631,8.274361,4.958392,-1.679135,-0.623951,0.841671,1.979197,0.245568,1.023810,0.148440,1.063262,1.052849,-12.712001,-29.462002,-24.320002,NaN,-2.994659,true,Self-supervised model,0.299802,0.128000,3.303218,25.806394,0.000000,0.000000,0.997084,1.861439,false,false
2026-04-17T14:47:34.444409,0.614917,-0.668397,-0.886579,140.797,SE,1,0.908228,1,0.908228,1.980852,2.137000,2.019835,-2.018312,8.348581,4.857835,-1.788412,-0.556186,0.756291,2.019835,0.245568,0.800844,0.204029,0.862139,0.837649,-12.712001,-29.462002,-24.320002,NaN,-2.996092,true,Self-supervised model,0.306962,0.134000,3.410913,25.454575,0.000000,0.000000,0.980700,2.342820,false,false
2026-04-17T14:47:34.453536,0.614917,-0.668397,-0.888530,140.909,SE,1,0.908228,1,0.908228,1.980254,2.152730,1.977118,-2.037466,8.346188,4.692636,-1.795470,-0.564766,0.605247,1.977118,0.239459,0.637743,0.237627,0.721473,0.681217,-12.712001,-29.462002,-24.320002,NaN,-2.998329,true,Self-supervised model,0.303681,0.144000,3.522712,24.463277,0.000000,0.000000,1.001586,2.740390,false,false
2026-04-17T14:47:34.460464,0.614917,-0.668397,-0.890692,141.033,SE,1,0.908228,1,0.908228,1.959744,2.167011,1.852065,-1.924938,8.276755,4.522647,-1.679423,-0.639770,0.447638,1.852065,0.218079,0.379958,0.282831,0.521459,0.438094,-12.712001,-29.462002,-24.320002,NaN,-3.001331,true,Self-supervised model,0.284406,0.151000,3.646542,24.149288,0.000000,0.000000,1.058140,3.551697,false,false
2026-04-17T14:47:34.468479,0.614917,-0.668397,-0.893127,141.172,SE,1,0.908228,1,0.908228,1.925480,2.179350,1.745595,-1.766921,8.142680,4.407725,-1.524133,-0.778688,0.343165,1.745595,0.202196,0.257174,0.297491,0.442180,0.327142,-12.712001,-29.462002,-24.320002,NaN,-3.004864,true,Self-supervised model,0.269195,0.159000,3.786091,23.811891,0.000000,0.000000,1.103051,3.947702,false,false
2026-04-17T14:47:34.476535,0.614917,-0.668397,-0.895836,141.328,SE,1,0.908228,1,0.908228,1.881818,2.189448,1.652591,-1.544260,7.934384,4.256891,-1.307346,-0.990825,0.200425,1.652591,0.180205,0.159436,0.302378,0.386428,0.240611,-12.712001,-29.462002,-24.320002,NaN,-3.008664,true,Self-supervised model,0.255009,0.167000,3.941281,23.600487,0.000000,0.000000,1.138707,4.276587,false,false
2026-04-17T14:47:34.485670,0.614917,-0.668397,-0.898747,141.494,SE,1,0.908228,1,0.908228,1.847320,2.197763,1.666205,-1.343147,7.694964,4.168305,-1.114067,-1.233338,0.118203,1.666205,0.170431,0.108734,0.302989,0.364242,0.202163,-12.712001,-29.462002,-24.320002,NaN,-3.012386,true,Self-supervised model,0.250028,0.176000,4.108082,23.341373,0.000000,0.000000,1.108699,4.574443,false,false
2026-04-17T14:47:34.492708,0.614917,-0.668397,-0.901805,141.670,SE,1,0.908228,1,0.908228,1.830242,2.205062,1.740582,-1.187524,7.486669,4.091691,-0.968963,-1.445118,0.048694,1.740582,0.172875,0.098960,0.301767,0.361583,0.199195,-12.712001,-29.462002,-24.320002,NaN,-3.016029,true,Self-supervised model,0.252041,0.183000,4.283273,23.405865,0.000000,0.000000,1.051511,4.813780,false,false
2026-04-17T14:47:34.503111,0.614917,-0.668397,-0.905049,141.855,SE,1,0.908228,1,0.908228,1.824263,2.211830,1.792877,-1.046266,7.331046,4.024653,-0.814849,-1.596789,-0.026349,1.792877,0.185092,0.113621,0.306043,0.375275,0.217184,-12.712001,-29.462002,-24.320002,NaN,-3.020019,true,Self-supervised model,0.257988,0.193000,4.469143,23.156179,0.000000,0.000000,1.017506,4.777500,false,false
2026-04-17T14:47:34.508526,0.614917,-0.668397,-0.907433,141.992,SE,1,0.908228,1,0.908228,1.822549,2.218259,1.813547,-0.909797,7.244854,3.981557,-0.673725,-1.682273,-0.070732,1.813547,0.213803,0.137445,0.313985,0.403967,0.254171,-12.712001,-29.462002,-24.320002,NaN,-3.018962,true,Self-supervised model,0.259951,0.199000,4.605729,23.144369,0.000000,0.000000,1.004964,4.489348,false,false
2026-04-17T14:47:34.523811,0.614917,-0.668397,-0.909510,142.111,SE,1,0.908228,1,0.908228,1.813452,2.224067,1.765694,-0.797269,7.259220,3.948039,-0.563540,-1.670429,-0.098830,1.765694,0.252898,0.155771,0.326813,0.441621,0.297022,-12.712001,-29.462002,-24.320002,NaN,-3.019815,true,Self-supervised model,0.256628,0.214000,4.724772,22.078372,0.000000,0.000000,1.027048,3.998217,false,false
2026-04-17T14:47:34.524636,0.614917,-0.668397,-0.911675,142.235,SE,1,0.908228,1,0.908228,1.795050,2.228906,1.698436,-0.797269,7.259220,3.948039,-0.442743,-1.637781,-0.079619,1.698436,0.287718,0.158825,0.336587,0.470423,0.328644,-12.712001,-29.462002,-24.320002,NaN,-3.022330,true,Self-supervised model,0.249657,0.215000,4.848829,22.552691,0.000000,0.000000,1.056884,3.610448,false,false
2026-04-17T14:47:34.532290,0.614917,-0.668397,-0.914199,142.380,SE,1,0.908228,1,0.908228,1.755939,2.231988,1.550608,-0.572214,7.436390,3.964798,-0.360338,-1.507252,-0.052262,1.550608,0.334754,0.147829,0.346971,0.504285,0.365942,-12.712001,-29.462002,-24.320002,NaN,-3.026289,true,Self-supervised model,0.230964,0.222000,4.993435,22.492950,0.000000,0.000000,1.132420,3.074866,false,false
2026-04-17T14:47:34.540772,0.614917,-0.668397,-0.917218,142.553,SE,1,0.908228,1,0.908228,1.707213,2.232997,1.451404,-0.474052,7.529764,3.995923,-0.279104,-1.424314,0.001318,1.451404,0.373850,0.121562,0.346361,0.523934,0.393117,-12.712001,-29.462002,-24.320002,NaN,-3.031289,true,Self-supervised model,0.219717,0.231000,5.166423,22.365465,0.000000,0.000000,1.176250,2.770205,false,false
2026-04-17T14:47:34.549144,0.614917,-0.668397,-0.920768,142.756,SE,1,0.908228,1,0.908228,1.649367,2.231651,1.345675,-0.402226,7.639898,3.993528,-0.226323,-1.326266,0.025233,1.345675,0.411723,0.105069,0.330478,0.538304,0.424918,-12.712001,-29.462002,-24.320002,NaN,-3.036958,true,Self-supervised model,0.209230,0.239000,5.369770,22.467659,0.000000,0.000000,1.225680,2.499841,false,false
2026-04-17T14:47:34.561996,0.614917,-0.668397,-0.924803,142.987,SE,1,0.908228,1,0.908228,1.594891,2.228181,1.308893,-0.416591,7.697359,3.902549,-0.259837,-1.282342,-0.035825,1.308893,0.448375,0.107512,0.298102,0.549057,0.461085,-12.712001,-29.462002,-24.320002,NaN,-3.042940,true,Self-supervised model,0.202335,0.252000,5.600994,22.226166,0.000000,0.000000,1.218504,2.383891,false,false
2026-04-17T14:47:34.564685,0.614917,-0.668397,-0.929206,143.240,SE,1,0.908228,1,0.908228,1.547878,2.222969,1.301058,-0.474052,7.740454,3.811569,-0.333568,-1.254098,-0.093385,1.301058,0.475864,0.136834,0.259618,0.559081,0.495147,-13.774001,-24.445002,-29.535002,NaN,-3.048809,true,Self-supervised model,0.177610,0.255000,5.853231,22.953846,0.000000,0.000000,1.189707,2.327137,false,false
2026-04-17T14:47:34.572583,0.614917,-0.668397,-0.933773,143.501,SE,1,0.908228,1,0.908228,1.500024,2.216051,1.248788,-0.572214,7.852982,3.715801,-0.444123,-1.156942,-0.153985,1.248788,0.496023,0.197920,0.211970,0.574580,0.534051,-13.774001,-24.445002,-29.535002,NaN,-3.054038,true,Self-supervised model,0.186197,0.263000,6.114935,23.250702,0.000000,0.000000,1.201183,2.173393,false,false
2026-04-17T14:47:34.580665,0.614917,-0.668397,-0.938331,143.762,SE,1,0.908228,1,0.908228,1.446559,2.207271,1.165870,-0.663194,8.003817,3.687071,-0.542193,-1.021674,-0.146499,1.165870,0.502742,0.262672,0.164323,0.590549,0.567227,-13.774001,-24.445002,-29.535002,NaN,-3.058557,true,Self-supervised model,0.181611,0.271000,6.376084,23.527987,0.000000,0.000000,1.240755,1.974214,false,false
2026-04-17T14:47:34.589051,0.614917,-0.668397,-0.942697,144.013,SE,1,0.908228,1,0.908228,1.390377,2.196596,1.095420,-0.737414,8.142680,3.696647,-0.618872,-0.898251,-0.100443,1.095420,0.500910,0.312152,0.136834,0.605865,0.590211,-13.774001,-24.445002,-29.535002,NaN,-3.062156,true,Self-supervised model,0.176921,0.279000,6.626253,23.750011,0.000000,0.000000,1.269263,1.808026,false,false
2026-04-17T14:47:34.596351,0.614917,-0.668397,-0.946755,144.245,SE,1,0.908228,1,0.908228,1.331987,2.184011,1.025441,-0.830788,8.317456,3.715801,-0.710244,-0.738224,-0.045920,1.025441,0.497244,0.357967,0.119119,0.624165,0.612693,-13.774001,-24.445002,-29.535002,NaN,-3.064978,true,Self-supervised model,0.172177,0.286000,6.858717,23.981526,0.000000,0.000000,1.298940,1.642902,false,false
2026-04-17T14:47:34.604564,0.614917,-0.668397,-0.950406,144.454,SE,1,0.908228,1,0.908228,1.279150,2.169817,1.001758,-0.897826,8.432379,3.687071,-0.771754,-0.637408,-0.040323,1.001758,0.502131,0.399506,0.108123,0.650716,0.641670,-13.774001,-24.445002,-29.535002,NaN,-3.067007,true,Self-supervised model,0.167428,0.295000,7.067946,23.959137,0.000000,0.000000,1.276906,1.539470,false,false
2026-04-17T14:47:34.612478,0.614917,-0.668397,-0.953614,144.638,SE,1,0.908228,1,0.908228,1.223397,2.153960,0.930692,-0.909797,8.571242,3.634398,-0.774814,-0.512183,-0.059321,0.930692,0.509462,0.431882,0.100793,0.675450,0.667887,-13.774001,-24.445002,-29.535002,NaN,-3.068438,true,Self-supervised model,0.164267,0.303000,7.251727,23.933091,0.000000,0.000000,1.314503,1.377885,false,false
2026-04-17T14:47:34.620461,0.614917,-0.668397,-0.956342,144.794,SE,1,0.908228,1,0.908228,1.168351,2.136536,0.879362,-0.893037,8.638280,3.579332,-0.746008,-0.458464,-0.081001,0.879362,0.514349,0.451429,0.085521,0.689679,0.684356,-13.774001,-24.445002,-29.535002,NaN,-3.069248,true,Self-supervised model,0.161330,0.311000,7.408032,23.820040,0.000000,0.000000,1.328636,1.275031,false,false
2026-04-17T14:47:34.628355,0.614917,-0.668397,-0.958553,144.921,SE,1,0.908228,1,0.908228,1.117684,2.117782,0.851679,-0.885855,8.690952,3.466804,-0.724040,-0.418788,-0.160435,0.851679,0.508851,0.444099,0.068417,0.678847,0.675391,-13.774001,-24.445002,-29.535002,NaN,-3.069390,true,Self-supervised model,0.157637,0.318000,7.534703,23.694033,0.000000,0.000000,1.312330,1.254595,false,false
2026-04-17T14:47:34.636639,0.614917,-0.668397,-0.960203,145.016,SE,1,0.908228,1,0.908228,1.073706,2.098019,0.842822,-0.926556,8.789114,3.394978,-0.747897,-0.332949,-0.200359,0.842822,0.492968,0.419054,0.052534,0.649141,0.647011,-13.774001,-24.445002,-29.535002,NaN,-3.068798,true,Self-supervised model,0.153798,0.327000,7.629258,23.331063,0.000000,0.000000,1.273942,1.298366,false,false
2026-04-17T14:47:34.644526,0.614917,-0.668397,-0.961251,145.076,SE,1,0.908228,1,0.908228,1.033373,2.077433,0.821626,-0.979228,8.937555,3.406949,-0.782072,-0.195965,-0.158208,0.821626,0.480140,0.385456,0.048258,0.617608,0.615720,-13.774001,-24.445002,-29.535002,NaN,-3.067437,true,Self-supervised model,0.151015,0.335000,7.689304,22.953148,0.000000,0.000000,1.257717,1.330335,false,false
2026-04-17T14:47:34.652874,0.614917,-0.668397,-0.961664,145.099,SE,1,0.908228,1,0.908228,0.994014,2.056096,0.787381,-0.998382,9.064447,3.495534,-0.782246,-0.079452,-0.041809,0.787381,0.452040,0.305433,0.052534,0.548078,0.545554,-13.774001,-24.445002,-29.535002,NaN,-3.065308,true,Self-supervised model,0.149815,0.343000,7.712944,22.486718,0.000000,0.000000,1.262431,1.436623,false,false
2026-04-17T14:47:34.660929,0.614917,-0.668397,-0.961445,145.087,SE,1,0.908228,1,0.908228,0.956139,2.034098,0.757292,-0.984017,9.193734,3.612850,-0.749444,0.040500,0.100918,0.757292,0.430660,0.207694,0.069028,0.483084,0.478126,-13.774001,-24.445002,-29.535002,NaN,-3.062566,true,Self-supervised model,0.147427,0.351000,7.700432,21.938553,0.000000,0.000000,1.262576,1.567621,false,false
2026-04-17T14:47:34.668574,0.614917,-0.668397,-0.960632,145.040,SE,1,0.908228,1,0.908228,0.926931,2.011811,0.773587,-0.969652,9.282320,3.749320,-0.718493,0.120889,0.259982,0.773587,0.415999,0.105069,0.092241,0.438866,0.429063,-13.774001,-24.445002,-29.535002,NaN,-3.059375,true,Self-supervised model,0.140547,0.359000,7.653859,21.319941,0.000000,0.000000,1.198224,1.762697,false,false
2026-04-17T14:47:34.676523,0.614917,-0.668397,-0.959303,144.964,SE,1,0.908228,1,0.908228,0.913962,1.989897,0.845876,-0.955287,9.330204,3.900155,-0.705578,0.158065,0.438955,0.845876,0.408669,0.005498,0.114843,0.424534,0.408706,-13.774001,-24.445002,-29.535002,NaN,-3.055981,true,Self-supervised model,0.135659,0.367000,7.577709,20.647708,0.000000,0.000000,1.080492,1.992479,false,false
2026-04-17T14:47:34.687301,0.614917,-0.668397,-0.958352,144.910,SE,1,0.908228,1,0.908228,0.915615,1.968926,0.924292,-0.943315,9.366117,4.010288,-0.698651,0.183485,0.576659,0.924292,0.416610,-0.069639,0.131336,0.442338,0.422390,-13.774001,-24.445002,-29.535002,NaN,-3.056541,true,Self-supervised model,0.140242,0.377000,7.523210,19.955463,0.000000,0.000000,0.990611,2.089563,false,false
2026-04-17T14:47:34.692619,0.614917,-0.668397,-0.957773,144.876,SE,1,0.908228,1,0.908228,0.932633,1.949474,1.021977,-0.957681,9.447520,4.084508,-0.720838,0.254483,0.678282,1.021977,0.419054,-0.114232,0.146608,0.458420,0.434344,-13.774001,-24.445002,-29.535002,NaN,-3.057449,true,Self-supervised model,0.151645,0.383000,7.490006,19.556150,0.000000,0.000000,0.912577,2.229348,false,false
2026-04-17T14:47:34.702760,0.614917,-0.668397,-0.957549,144.864,SE,1,0.908228,1,0.908228,0.961511,1.931956,1.113122,-0.895431,9.569624,4.189853,-0.668892,0.366292,0.810836,1.113122,0.428827,-0.166766,0.172264,0.491303,0.460113,-13.774001,-24.445002,-29.535002,NaN,-3.058647,true,Self-supervised model,0.165082,0.393000,7.477179,19.025901,0.000000,0.000000,0.863796,2.265652,false,false
2026-04-17T14:47:34.708582,0.614917,-0.668397,-0.957688,144.871,SE,1,0.908228,1,0.908228,1.015278,1.917288,1.297556,-0.833182,9.761160,4.374207,-0.600761,0.553156,1.008343,1.297556,0.436769,-0.189368,0.194255,0.514162,0.476054,-13.774001,-24.445002,-29.535002,NaN,-3.060238,true,Self-supervised model,0.193606,0.399000,7.485147,18.759766,0.000000,0.000000,0.782454,2.523633,false,false
2026-04-17T14:47:34.721972,0.614917,-0.668397,-0.957245,144.846,SE,1,0.908228,1,0.908228,1.082732,1.905906,1.436862,-0.715866,9.864111,4.537012,-0.484070,0.650622,1.186145,1.436862,0.445321,-0.207694,0.204029,0.532048,0.491373,-13.774001,-24.445002,-29.535002,NaN,-3.057466,true,Self-supervised model,0.211421,0.412000,7.459749,18.106187,0.000000,0.000000,0.753539,2.700624,false,false
2026-04-17T14:47:34.724485,0.614917,-0.668397,-0.956663,144.813,SE,1,0.908228,1,0.908228,1.151361,1.897724,1.511667,-0.514753,9.909601,4.647145,-0.289242,0.689628,1.313731,1.511667,0.461814,-0.221744,0.206472,0.552335,0.512292,-14.555000,-23.650002,-28.570002,NaN,-3.056332,true,Self-supervised model,0.214497,0.415000,7.426443,17.895043,0.000000,0.000000,0.761650,2.736867,false,false
2026-04-17T14:47:34.732319,0.614917,-0.668397,-0.956250,144.789,SE,1,0.908228,1,0.908228,1.207877,1.892130,1.504588,-0.299275,9.885659,4.663905,-0.083598,0.658298,1.350348,1.504588,0.475253,-0.221133,0.188757,0.557131,0.524181,-14.555000,-23.650002,-28.570002,NaN,-3.056590,true,Self-supervised model,0.208986,0.422000,7.402754,17.542071,0.000000,0.000000,0.802796,2.700600,false,false
2026-04-17T14:47:34.740320,0.614917,-0.668397,-0.956154,144.784,SE,1,0.908228,1,0.908228,1.250987,1.888485,1.477310,-0.095768,9.806650,4.649539,0.108856,0.571126,1.358090,1.477310,0.491747,-0.204029,0.158214,0.555405,0.532393,-14.555000,-23.650002,-28.570002,NaN,-3.057765,true,Self-supervised model,0.200010,0.430000,7.397261,17.202933,0.000000,0.000000,0.846800,2.659881,false,false
2026-04-17T14:47:34.748526,0.614917,-0.668397,-0.956377,144.796,SE,1,0.908228,1,0.908228,1.284003,1.886305,1.457339,0.052672,9.763555,4.606444,0.247133,0.519265,1.339076,1.457339,0.503353,-0.180816,0.128893,0.550156,0.534845,-14.555000,-23.650002,-28.570002,NaN,-3.059262,true,Self-supervised model,0.193670,0.439000,7.410024,16.879326,0.000000,0.000000,0.881060,2.648954,false,false
2026-04-17T14:47:34.756963,0.614917,-0.668397,-0.956821,144.822,SE,1,0.908228,1,0.908228,1.311312,1.885306,1.454688,0.117316,9.773131,4.565742,0.303640,0.519520,1.324393,1.454688,0.521068,-0.116064,0.087965,0.541037,0.533838,-14.555000,-23.650002,-28.570002,NaN,-3.060594,true,Self-supervised model,0.191499,0.447000,7.435504,16.634238,0.000000,0.000000,0.901439,2.688704,false,false
2026-04-17T14:47:34.764801,0.614917,-0.668397,-0.957369,144.853,SE,1,0.908228,1,0.908228,1.327967,1.885012,1.415406,0.208296,9.785102,4.469975,0.389018,0.521482,1.257018,1.415406,0.543670,-0.042150,0.056810,0.548253,0.545302,-14.555000,-23.650002,-28.570002,NaN,-3.061556,true,Self-supervised model,0.184980,0.455000,7.466904,16.410778,0.000000,0.000000,0.938224,2.581667,false,false
2026-04-17T14:47:34.772526,0.614917,-0.668397,-0.957927,144.885,SE,1,0.908228,1,0.908228,1.333454,1.884950,1.362260,0.287304,9.746795,4.371812,0.465402,0.472396,1.189956,1.362260,0.571770,0.029932,0.030543,0.573367,0.572553,-14.555000,-23.650002,-28.570002,NaN,-3.062153,true,Self-supervised model,0.178234,0.463000,7.498868,16.196259,0.000000,0.000000,0.978855,2.375895,false,false
2026-04-17T14:47:34.780480,0.614917,-0.668397,-0.958409,144.913,SE,1,0.908228,1,0.908228,1.326827,1.884625,1.292036,0.380678,9.677363,4.244920,0.559722,0.391504,1.096719,1.292036,0.603535,0.105069,0.001222,0.612613,0.612612,-14.555000,-23.650002,-28.570002,NaN,-3.062331,true,Self-supervised model,0.171132,0.471000,7.526480,15.979787,0.000000,0.000000,1.026928,2.109056,false,false
2026-04-17T14:47:34.789581,0.614917,-0.668397,-0.958716,144.930,SE,1,0.908228,1,0.908228,1.307834,1.883553,1.208122,0.402226,9.646238,4.101267,0.587366,0.345525,0.997583,1.208122,0.645074,0.200364,-0.064752,0.678571,0.675474,-14.555000,-23.650002,-28.570002,NaN,-3.061936,true,Self-supervised model,0.165043,0.480000,7.544039,15.716749,0.000000,0.000000,1.082535,1.780391,false,false
2026-04-17T14:47:34.796492,0.614917,-0.668397,-0.958631,144.925,SE,1,0.908228,1,0.908228,1.276833,1.881285,1.114077,0.371101,9.655815,3.952827,0.567727,0.339716,0.896352,1.114077,0.676228,0.270613,-0.116064,0.737554,0.728365,-14.555000,-23.650002,-28.570002,NaN,-3.060284,true,Self-supervised model,0.160986,0.487000,7.539162,15.480825,0.000000,0.000000,1.146091,1.510501,false,false
2026-04-17T14:47:34.805047,0.614917,-0.668397,-0.957958,144.887,SE,1,0.908228,1,0.908228,1.234457,1.877411,1.011983,0.268151,9.708488,3.813963,0.480978,0.376726,0.806751,1.011983,0.696386,0.311541,-0.152105,0.777913,0.762897,-14.555000,-23.650002,-28.570002,NaN,-3.057263,true,Self-supervised model,0.158250,0.495000,7.500636,15.152801,0.000000,0.000000,1.219840,1.300895,false,false
2026-04-17T14:47:34.812478,0.614917,-0.668397,-0.956550,144.806,SE,1,0.908228,1,0.908228,1.180134,1.871520,0.894935,0.062249,9.832987,3.655946,0.292573,0.488255,0.690591,0.894935,0.703717,0.335976,-0.183260,0.801050,0.779806,-14.555000,-23.650002,-28.570002,NaN,-3.052909,true,Self-supervised model,0.158005,0.503000,7.419931,14.751354,0.000000,0.000000,1.318681,1.117202,false,false
2026-04-17T14:47:34.821550,0.614917,-0.668397,-0.954502,144.689,SE,1,0.908228,1,0.908228,1.133488,1.863999,0.888598,-0.205901,10.029311,3.502717,0.044000,0.671598,0.580194,0.888598,0.687834,0.331089,-0.190590,0.786804,0.763371,-14.555000,-23.650002,-28.570002,NaN,-3.048305,true,Self-supervised model,0.151432,0.512000,7.302605,14.262900,0.000000,0.000000,1.275592,1.129376,false,false
2026-04-17T14:47:34.828578,0.614917,-0.668397,-0.951775,144.533,SE,1,0.908228,1,0.908228,1.118332,1.856172,1.038765,-0.457293,10.256760,3.387795,-0.187910,0.886319,0.508095,1.038765,0.643852,0.299324,-0.170431,0.730197,0.710028,-14.555000,-23.650002,-28.570002,NaN,-3.042864,true,Self-supervised model,0.142458,0.519000,7.146390,13.769537,0.000000,0.000000,1.076598,1.422582,false,false
2026-04-17T14:47:34.836861,0.614917,-0.668397,-0.948448,144.342,SE,1,0.908228,1,0.908228,1.131147,1.849171,1.198426,-0.610521,10.433931,3.313575,-0.324026,1.051413,0.475146,1.198426,0.588263,0.259618,-0.130725,0.656159,0.643005,-14.555000,-23.650002,-28.570002,NaN,-3.037131,true,Self-supervised model,0.155480,0.527000,6.955722,13.198714,0.000000,0.000000,0.943860,1.826428,false,false
2026-04-17T14:47:34.844423,0.614917,-0.668397,-0.944722,144.129,SE,1,0.908228,1,0.908228,1.159617,1.843589,1.309082,-0.715866,10.563218,3.215413,-0.416213,1.169574,0.415404,1.309082,0.508240,0.210749,-0.075136,0.555309,0.550202,-14.555000,-23.650002,-28.570002,NaN,-3.031812,true,Self-supervised model,0.169589,0.535000,6.742238,12.602315,0.000000,0.000000,0.885824,2.357394,false,false
2026-04-17T14:47:34.853732,0.614917,-0.668397,-0.940884,143.909,SE,1,0.908228,1,0.908228,1.183808,1.839198,1.310809,-0.679953,10.601525,3.145981,-0.372079,1.198043,0.380095,1.310809,0.444099,0.185703,-0.031765,0.482409,0.481362,-14.555000,-23.650002,-28.570002,NaN,-3.027526,true,Self-supervised model,0.168565,0.544000,6.522340,11.989595,0.000000,0.000000,0.903112,2.717215,false,false
2026-04-17T14:47:34.860572,0.614917,-0.668397,-0.937257,143.701,SE,1,0.908228,1,0.908228,1.189301,1.835202,1.218139,-0.588974,10.536881,3.112462,-0.277700,1.125032,0.375564,1.218139,0.350026,0.149051,0.018937,0.380911,0.380440,-14.555000,-23.650002,-28.570002,NaN,-3.024743,true,Self-supervised model,0.155444,0.551000,6.314532,11.460130,0.000000,0.000000,0.976326,3.197967,false,false
2026-04-17T14:47:34.868672,0.614917,-0.668397,-0.934124,143.521,SE,1,0.908228,1,0.908228,1.176693,1.830862,1.110500,-0.418985,10.465055,3.069367,-0.108299,1.046805,0.354514,1.110500,0.235183,0.124617,0.064752,0.273922,0.266159,-14.555000,-23.650002,-28.570002,NaN,-3.023585,true,Self-supervised model,0.150312,0.559000,6.135010,10.974973,0.000000,0.000000,1.059606,4.054077,false,false
2026-04-17T14:47:34.881933,0.614917,-0.668397,-0.931693,143.382,SE,1,0.908228,1,0.908228,1.160595,1.826051,1.076084,-0.203507,10.433931,3.052607,0.104171,1.011267,0.352767,1.076084,0.135001,0.127060,0.086132,0.204422,0.185390,-14.555000,-23.650002,-28.570002,NaN,-3.023965,true,Self-supervised model,0.153086,0.572000,5.995748,10.482077,0.000000,0.000000,1.078536,5.264036,false,false
2026-04-17T14:47:34.885269,0.614917,-0.668397,-0.930051,143.288,SE,1,0.908228,1,0.908228,1.148504,1.820949,1.085028,-0.062249,10.419566,3.052607,0.241491,0.994833,0.359548,1.085028,0.039706,0.147219,0.095906,0.180133,0.152479,-15.147000,-24.743002,-28.414001,NaN,-3.025478,true,Self-supervised model,0.154156,0.575000,5.901681,10.263793,0.000000,0.000000,1.058502,6.023490,false,false
2026-04-17T14:47:34.892805,0.614917,-0.668397,-0.929206,143.240,SE,1,0.908228,1,0.908228,1.150124,1.816116,1.158629,0.086191,10.441113,3.093309,0.386236,1.015938,0.401390,1.158629,-0.050702,0.174097,0.091019,0.202891,0.181329,-15.147000,-24.743002,-28.414001,NaN,-3.027817,true,Self-supervised model,0.161375,0.583000,5.853230,10.039845,0.000000,0.000000,0.992659,5.710601,false,false
2026-04-17T14:47:34.901538,0.614917,-0.668397,-0.929061,143.231,SE,1,0.908228,1,0.908228,1.162967,1.811990,1.230390,0.184354,10.443508,3.189077,0.481693,1.019766,0.491842,1.230390,-0.117897,0.185092,0.080634,0.233796,0.219451,-15.147000,-24.743002,-28.414001,NaN,-3.030477,true,Self-supervised model,0.171148,0.592000,5.844945,9.873217,0.000000,0.000000,0.945202,5.262657,false,false
2026-04-17T14:47:34.908540,0.614917,-0.668397,-0.929497,143.256,SE,1,0.908228,1,0.908228,1.186221,1.808959,1.308304,0.284910,10.362105,3.406949,0.580361,0.941360,0.699058,1.308304,-0.167988,0.176540,0.072693,0.254304,0.243693,-15.147000,-24.743002,-28.414001,NaN,-3.033236,true,Self-supervised model,0.183324,0.599000,5.869935,9.799558,0.000000,0.000000,0.906686,5.144644,false,false
2026-04-17T14:47:34.920439,0.614917,-0.668397,-0.930382,143.307,SE,1,0.908228,1,0.908228,1.223934,1.807558,1.421925,0.411803,10.249578,3.634398,0.705194,0.833161,0.911271,1.421925,-0.239459,0.094073,0.064141,0.265150,0.257275,-15.147000,-24.743002,-28.414001,NaN,-3.035913,true,Self-supervised model,0.202177,0.611000,5.920611,9.690035,0.000000,0.000000,0.860758,5.362720,false,false
2026-04-17T14:47:34.926211,0.614917,-0.668397,-0.931610,143.377,SE,1,0.908228,1,0.908228,1.277578,1.808359,1.559210,0.478840,10.072407,3.926491,0.768533,0.661340,1.184534,1.559210,-0.271224,-0.023824,0.072082,0.281649,0.272268,-15.147000,-24.743002,-28.414001,NaN,-3.038519,true,Self-supervised model,0.222952,0.616000,5.991011,9.725667,0.000000,0.000000,0.819375,5.536011,false,false
2026-04-17T14:47:34.932352,0.614917,-0.668397,-0.933122,143.464,SE,1,0.908228,1,0.908228,1.344432,1.811802,1.695417,0.572214,9.935937,4.127604,0.854559,0.530771,1.364716,1.695417,-0.280387,-0.145386,0.085521,0.327212,0.315839,-15.147000,-24.743002,-28.414001,NaN,-3.041163,true,Self-supervised model,0.240483,0.622000,6.077632,9.771113,0.000000,0.000000,0.792980,5.181398,false,false
2026-04-17T14:47:34.940835,0.614917,-0.668397,-0.934929,143.567,SE,1,0.908228,1,0.908228,1.411846,1.817804,1.765771,0.641646,9.780313,4.247314,0.912304,0.381123,1.463008,1.765771,-0.271835,-0.277333,0.111788,0.404109,0.388340,-15.147000,-24.743002,-28.414001,NaN,-3.044151,true,Self-supervised model,0.244285,0.631000,6.181165,9.795824,0.000000,0.000000,0.799564,4.369536,false,false
2026-04-17T14:47:34.948886,0.614917,-0.668397,-0.937069,143.690,SE,1,0.908228,1,0.908228,1.481016,1.826332,1.844156,0.744597,9.564836,4.345476,0.999055,0.171310,1.540602,1.844156,-0.244346,-0.370795,0.135612,0.464311,0.444065,-15.147000,-24.743002,-28.414001,NaN,-3.047623,true,Self-supervised model,0.250432,0.639000,6.303773,9.865059,0.000000,0.000000,0.803086,3.971812,false,false
2026-04-17T14:47:34.957500,0.614917,-0.668397,-0.939599,143.835,SE,1,0.908228,1,0.908228,1.553611,1.837423,1.934736,0.885855,9.414001,4.400543,1.120402,0.025520,1.577103,1.934736,-0.210749,-0.415388,0.151495,0.489809,0.465792,-15.147000,-24.743002,-28.414001,NaN,-3.051714,true,Self-supervised model,0.260509,0.648000,6.448742,9.951762,0.000000,0.000000,0.803009,3.949980,false,false
2026-04-17T14:47:34.964340,0.614917,-0.668397,-0.942554,144.004,SE,1,0.908228,1,0.908228,1.630582,1.851150,2.034682,1.072602,9.215282,4.407725,1.285363,-0.168866,1.568202,2.034682,-0.169821,-0.422108,0.152105,0.479740,0.454988,-15.147000,-24.743002,-28.414001,NaN,-3.056368,true,Self-supervised model,0.273176,0.654000,6.618049,10.119342,0.000000,0.000000,0.801394,4.241222,false,false
2026-04-17T14:47:34.972585,0.614917,-0.668397,-0.945898,144.196,SE,1,0.908228,1,0.908228,1.710542,1.867525,2.130327,1.216254,9.057265,4.429273,1.402537,-0.321717,1.570886,2.130327,-0.105069,-0.373239,0.141110,0.412624,0.387745,-15.147000,-24.743002,-28.414001,NaN,-3.061269,true,Self-supervised model,0.291934,0.663000,6.809659,10.270979,0.000000,0.000000,0.802948,5.162879,false,false
2026-04-17T14:47:34.980562,0.614917,-0.668397,-0.949885,144.424,SE,1,0.908228,1,0.908228,1.779087,1.885988,2.138951,1.335965,8.916007,4.335899,1.494886,-0.458023,1.459672,2.138951,-0.041539,-0.288328,0.119119,0.314719,0.291305,-15.147000,-24.743002,-28.414001,NaN,-3.067825,true,Self-supervised model,0.300492,0.671000,7.038065,10.488920,0.000000,0.000000,0.831757,6.796383,false,false
2026-04-17T14:47:34.989969,0.614917,-0.668397,-0.954501,144.689,SE,1,0.908228,1,0.908228,1.840932,1.906186,2.165619,1.436521,8.731653,4.244920,1.567696,-0.637442,1.351260,2.165619,0.016493,-0.200975,0.091019,0.221240,0.201650,-15.147000,-24.743002,-28.414001,NaN,-3.074957,true,Self-supervised model,0.322672,0.680000,7.302525,10.739008,0.000000,0.000000,0.850072,9.788535,false,false
2026-04-17T14:47:34.996368,0.614917,-0.668397,-0.959745,144.989,SE,1,0.908228,1,0.908228,1.890134,1.927544,2.148446,1.489193,8.544906,4.058172,1.607253,-0.824025,1.163417,2.148446,0.076969,-0.094073,0.050702,0.131699,0.121548,-15.147000,-24.743002,-28.414001,NaN,-3.082717,true,Self-supervised model,0.357646,0.686000,7.603009,11.083104,0.000000,0.000000,0.879768,16.313280,false,false
2026-04-17T14:47:35.004572,0.614917,-0.668397,-0.964608,145.268,SE,1,0.908228,1,0.908228,1.923208,1.949370,2.096843,1.501164,8.422802,3.845088,1.610438,-0.946824,0.952241,2.096843,0.122173,0.000611,0.000000,0.122175,0.122175,-15.147000,-24.743002,-28.414001,NaN,-3.086052,true,Self-supervised model,0.358605,0.695000,7.881615,11.340453,0.000000,0.000000,0.917192,17.162678,false,false
2026-04-17T14:47:35.012232,0.614917,-0.668397,-0.969001,145.520,SE,1,0.908228,1,0.908228,1.939722,1.970984,2.026424,1.448492,8.283937,3.605668,1.553121,-1.086808,0.716278,2.026424,0.143553,0.059254,-0.036652,0.159568,0.155302,-15.147000,-24.743002,-28.414001,NaN,-3.088571,true,Self-supervised model,0.320566,0.702000,8.133364,11.585989,0.000000,0.000000,0.957215,12.699435,false,false
2026-04-17T14:47:35.021483,0.614917,-0.668397,-0.972850,145.740,SE,1,0.908228,1,0.908228,1.939976,1.991744,1.941307,1.367089,8.195353,3.368642,1.468152,-1.175776,0.480367,1.941307,0.158825,0.124006,-0.080634,0.217036,0.201501,-15.147000,-24.743002,-28.414001,NaN,-3.090236,true,Self-supervised model,0.288388,0.712000,8.353847,11.732931,0.000000,0.000000,0.999314,8.944629,false,false
2026-04-17T14:47:35.028704,0.614917,-0.668397,-0.976244,145.935,SE,1,0.908228,1,0.908228,1.918369,2.010809,1.804935,1.185130,8.125920,3.069367,1.290519,-1.247632,0.189121,1.804935,0.165544,0.188147,-0.114843,0.275668,0.250607,-15.147000,-24.743002,-28.414001,NaN,-3.091818,true,Self-supervised model,0.259017,0.719000,8.548361,11.889236,0.000000,0.000000,1.062847,6.547494,false,false
2026-04-17T14:47:35.041567,0.614917,-0.668397,-0.978879,146.086,SE,1,0.908228,1,0.908228,1.874217,2.027345,1.642416,0.962469,8.101978,2.853889,1.044373,-1.266896,-0.042292,1.642416,0.164323,0.241903,-0.123395,0.317404,0.292436,-15.147000,-24.743002,-28.414001,NaN,-3.091412,true,Self-supervised model,0.240001,0.732000,8.699322,11.884319,0.000000,0.000000,1.141134,5.174532,false,false
2026-04-17T14:47:35.044193,0.614917,-0.668397,-0.982832,146.312,SE,1,0.908228,1,0.908228,1.827914,2.041368,1.584823,0.780510,8.051701,2.652776,0.848396,-1.314771,-0.251530,1.584823,0.163712,0.268781,-0.122173,0.337596,0.314714,-15.208001,-26.239000,-25.750002,NaN,-3.100638,true,Self-supervised model,0.211767,0.734000,8.925813,12.160509,0.000000,0.000000,1.153387,4.694440,false,false
2026-04-17T14:47:35.053280,0.614917,-0.668397,-0.987267,146.566,SE,1,0.908228,1,0.908228,1.781442,2.052971,1.537463,0.658405,8.054094,2.552219,0.719392,-1.311979,-0.353524,1.537463,0.174097,0.291994,-0.105680,0.356003,0.339956,-15.208001,-26.239000,-25.750002,NaN,-3.106999,true,Self-supervised model,0.217779,0.743000,9.179893,12.355173,0.000000,0.000000,1.158689,4.318682,false,false
2026-04-17T14:47:35.060691,0.614917,-0.668397,-0.991647,146.817,SE,1,0.908228,1,0.908228,1.738242,2.062382,1.511446,0.488417,8.025364,2.473210,0.547695,-1.341991,-0.428437,1.511446,0.186925,0.271835,-0.078802,0.339183,0.329902,-15.208001,-26.239000,-25.750002,NaN,-3.111163,true,Self-supervised model,0.210481,0.751000,9.430875,12.557757,0.000000,0.000000,1.150053,4.456143,false,false
2026-04-17T14:47:35.068695,0.614917,-0.668397,-0.995649,147.046,SE,1,0.908228,1,0.908228,1.696011,2.069727,1.474297,0.308852,8.018182,2.434903,0.369082,-1.351827,-0.458143,1.474297,0.199753,0.225409,-0.042761,0.304202,0.301182,-15.208001,-26.239000,-25.750002,NaN,-3.113649,true,Self-supervised model,0.207026,0.759000,9.660143,12.727461,0.000000,0.000000,1.150386,4.846436,false,false
2026-04-17T14:47:35.076513,0.614917,-0.668397,-0.999136,147.246,SE,1,0.908228,1,0.908228,1.649031,2.074899,1.402386,0.174777,8.078036,2.398990,0.235784,-1.295715,-0.481887,1.402386,0.211359,0.142942,0.004887,0.255204,0.255157,-15.208001,-26.239000,-25.750002,NaN,-3.115081,true,Self-supervised model,0.202926,0.767000,9.859972,12.855243,0.000000,0.000000,1.175875,5.495152,false,false
2026-04-17T14:47:35.086731,0.614917,-0.668397,-1.002152,147.419,SE,1,0.908228,1,0.908228,1.605264,2.078114,1.375486,0.114922,8.118738,2.341529,0.173984,-1.259511,-0.524712,1.375486,0.219301,0.058643,0.051313,0.232733,0.227006,-15.208001,-26.239000,-25.750002,NaN,-3.116206,true,Self-supervised model,0.201356,0.777000,10.032730,12.912136,0.000000,0.000000,1.167052,5.910139,false,false
2026-04-17T14:47:35.092617,0.614917,-0.668397,-1.004855,147.574,SE,1,0.908228,1,0.908228,1.553941,2.079147,1.284497,0.129287,8.226477,2.322376,0.183068,-1.156795,-0.527489,1.284497,0.216857,-0.047037,0.105069,0.245518,0.221900,-15.208001,-26.239000,-25.750002,NaN,-3.117662,true,Self-supervised model,0.191232,0.783000,10.187621,13.011010,0.000000,0.000000,1.209767,5.231789,false,false
2026-04-17T14:47:35.102567,0.614917,-0.668397,-1.007408,147.720,SE,1,0.908228,1,0.908228,1.510117,2.078386,1.280041,0.227449,8.286332,2.240973,0.270205,-1.101885,-0.592744,1.280041,0.210138,-0.150273,0.145386,0.296440,0.258340,-15.208001,-26.239000,-25.750002,NaN,-3.119615,true,Self-supervised model,0.186050,0.793000,10.333904,13.031405,0.000000,0.000000,1.179741,4.318041,false,false
2026-04-17T14:47:35.109198,0.614917,-0.668397,-1.010097,147.874,SE,1,0.908228,1,0.908228,1.489548,2.076832,1.381562,0.409408,8.252813,2.171541,0.436601,-1.140120,-0.646699,1.381562,0.200364,-0.226020,0.169210,0.346212,0.302044,-15.208001,-26.239000,-25.750002,NaN,-3.122847,true,Self-supervised model,0.184152,0.799000,10.487970,13.126370,0.000000,0.000000,1.078163,3.990509,false,false
2026-04-17T14:47:35.121346,0.614917,-0.668397,-1.013088,148.046,SE,1,0.908228,1,0.908228,1.501235,2.075808,1.562588,0.565032,8.125920,2.099715,0.574323,-1.271497,-0.703655,1.562588,0.197309,-0.251676,0.164323,0.359547,0.319800,-15.208001,-26.239000,-25.750002,NaN,-3.127045,true,Self-supervised model,0.201214,0.811000,10.659331,13.143442,0.000000,0.000000,0.960736,4.345992,false,false
2026-04-17T14:47:35.127161,0.614917,-0.668397,-1.016405,148.236,SE,1,0.908228,1,0.908228,1.542454,2.076474,1.758857,0.737414,8.001422,2.013524,0.729309,-1.400451,-0.774870,1.758857,0.203418,-0.232129,0.138666,0.338365,0.308647,-15.208001,-26.239000,-25.750002,NaN,-3.131670,true,Self-supervised model,0.223591,0.817000,10.849417,13.279580,0.000000,0.000000,0.876964,5.198100,false,false
2026-04-17T14:47:35.132180,0.614917,-0.668397,-1.019943,148.438,SE,1,0.908228,1,0.908228,1.606546,2.079677,1.943029,0.845153,7.874529,1.905785,0.822841,-1.532013,-0.866734,1.943029,0.221744,-0.157603,0.097738,0.289071,0.272046,-15.208001,-26.239000,-25.750002,NaN,-3.136090,true,Self-supervised model,0.252363,0.822000,11.052130,13.445414,0.000000,0.000000,0.826826,6.721632,false,false
2026-04-17T14:47:35.140479,0.614917,-0.668397,-1.023496,148.642,SE,1,0.908228,1,0.908228,1.675141,2.085496,2.035267,0.847547,7.790732,1.833959,0.816377,-1.620895,-0.921161,2.035267,0.248622,-0.058643,0.053756,0.261040,0.255445,-15.208001,-26.239000,-25.750002,NaN,-3.139698,true,Self-supervised model,0.271141,0.831000,11.255648,13.544703,0.000000,0.000000,0.823058,7.796771,false,false
2026-04-17T14:47:35.148366,0.614917,-0.668397,-1.026815,148.832,SE,1,0.908228,1,0.908228,1.746541,2.093937,2.121387,0.826000,7.738060,1.709460,0.792406,-1.679379,-1.025700,2.121387,0.286496,0.081856,0.003054,0.297976,0.297960,-15.208001,-26.239000,-25.750002,NaN,3.141098,true,Self-supervised model,0.278625,0.838000,11.445841,13.658522,0.000000,0.000000,0.823301,7.119326,false,false
2026-04-17T14:47:35.157468,0.614917,-0.668397,-1.029674,148.996,SE,1,0.908228,1,0.908228,1.811201,2.104628,2.150665,0.735020,7.730877,1.589750,0.705883,-1.693164,-1.122623,2.150665,0.329256,0.230907,-0.050091,0.405262,0.402154,-15.208001,-26.239000,-25.750002,NaN,3.140080,true,Self-supervised model,0.275735,0.848000,11.609659,13.690636,0.000000,0.000000,0.842158,5.306856,false,false
2026-04-17T14:47:35.164266,0.614917,-0.668397,-1.031877,149.122,SE,1,0.908228,1,0.908228,1.862516,2.116943,2.131922,0.603339,7.769185,1.486799,0.585256,-1.662281,-1.199746,2.131922,0.367130,0.361021,-0.092852,0.523204,0.514899,-15.208001,-26.239000,-25.750002,NaN,3.140504,true,Self-supervised model,0.266495,0.854000,11.735861,13.742226,0.000000,0.000000,0.873632,4.074745,false,false
2026-04-17T14:47:35.172504,0.614917,-0.668397,-1.033272,149.202,SE,1,0.908228,1,0.908228,1.894503,2.130046,2.062435,0.505177,7.857770,1.434127,0.503539,-1.581773,-1.223961,2.062435,0.396452,0.451429,-0.124006,0.613465,0.600801,-15.208001,-26.239000,-25.750002,NaN,-3.140849,true,Self-supervised model,0.256911,0.863000,11.815823,13.691568,0.000000,0.000000,0.918576,3.361942,false,false
2026-04-17T14:47:35.180873,0.614917,-0.668397,-1.033778,149.231,SE,1,0.908228,1,0.908228,1.912762,2.143354,2.008618,0.318429,7.951144,1.331176,0.336943,-1.496982,-1.296172,2.008618,0.422108,0.519846,-0.142942,0.684725,0.669638,-15.208001,-26.239000,-25.750002,NaN,-3.137795,true,Self-supervised model,0.249631,0.871000,11.844801,13.599082,0.000000,0.000000,0.952277,2.933469,false,false
2026-04-17T14:47:35.189651,0.614917,-0.668397,-1.033392,149.209,SE,1,0.908228,1,0.908228,1.921967,2.156499,1.970297,0.174777,8.061277,1.221043,0.215806,-1.395752,-1.373817,1.970297,0.428827,0.553444,-0.156992,0.717523,0.700138,-15.208001,-26.239000,-25.750002,NaN,-3.133842,true,Self-supervised model,0.243681,0.880000,11.822685,13.434869,0.000000,0.000000,0.975471,2.745969,false,false
2026-04-17T14:47:35.201737,0.614917,-0.668397,-1.032158,149.138,SE,1,0.908228,1,0.908228,1.928590,2.169383,1.963360,0.040701,8.185776,1.077391,0.105210,-1.279953,-1.485070,1.963360,0.412334,0.558942,-0.162490,0.713329,0.694576,-15.208001,-26.239000,-25.750002,NaN,-3.129218,true,Self-supervised model,0.240866,0.892000,11.751998,13.174885,0.000000,0.000000,0.982291,2.752390,false,false
2026-04-17T14:47:35.204659,0.614917,-0.668397,-1.030156,149.024,SE,1,0.908228,1,0.908228,1.935452,2.182025,1.971476,-0.050278,8.291121,0.955287,0.037651,-1.182539,-1.576992,1.971476,0.375682,0.537561,-0.160047,0.675074,0.655827,-14.374001,-24.303001,-24.252001,NaN,-3.124140,true,Self-supervised model,0.225364,0.895000,11.637258,13.002523,0.000000,0.000000,0.981727,2.920388,false,false
2026-04-17T14:47:35.212419,0.614917,-0.668397,-1.027487,148.871,SE,1,0.908228,1,0.908228,1.937206,2.194233,1.946415,-0.158017,8.461109,0.847547,-0.047564,-1.019602,-1.657312,1.946415,0.319483,0.501520,-0.154549,0.614392,0.594636,-14.374001,-24.303001,-24.252001,NaN,-3.118807,true,Self-supervised model,0.235877,0.903000,11.484358,12.718004,0.000000,0.000000,0.995269,3.168036,false,false
2026-04-17T14:47:35.222992,0.614917,-0.668397,-1.024284,148.687,SE,1,0.908228,1,0.908228,1.930183,2.205671,1.893310,-0.220267,8.667010,0.787692,-0.099123,-0.816718,-1.705219,1.893310,0.286496,0.481362,-0.144164,0.578422,0.560169,-14.374001,-24.303001,-24.252001,NaN,-3.113463,true,Self-supervised model,0.232649,0.913000,11.300803,12.377660,0.000000,0.000000,1.019475,3.273232,false,false
2026-04-17T14:47:35.229028,0.614917,-0.668397,-1.021202,148.511,SE,1,0.908228,1,0.908228,1.908230,2.215773,1.792979,-0.277727,8.904037,0.775721,-0.127950,-0.586521,-1.689495,1.792979,0.166766,0.406225,-0.117897,0.454675,0.439124,-14.374001,-24.303001,-24.252001,NaN,-3.110867,true,Self-supervised model,0.223580,0.919000,11.124210,12.104690,0.000000,0.000000,1.064279,3.943426,false,false
2026-04-17T14:47:35.237557,0.614917,-0.668397,-1.017340,148.289,SE,1,0.908228,1,0.908228,1.873788,2.224094,1.692968,-0.335188,9.097966,0.816423,-0.169164,-0.395256,-1.637467,1.692968,0.103847,0.371406,-0.098960,0.398145,0.385651,-14.374001,-24.303001,-24.252001,NaN,-3.103889,true,Self-supervised model,0.215925,0.928000,10.902971,11.748891,0.000000,0.000000,1.106806,4.252135,false,false
2026-04-17T14:47:35.244366,0.614917,-0.668397,-1.013481,148.068,SE,1,0.908228,1,0.908228,1.830228,2.230339,1.601535,-0.342371,9.260772,0.871489,-0.162512,-0.233848,-1.576014,1.601535,0.035430,0.334754,-0.073915,0.344643,0.336624,-14.374001,-24.303001,-24.252001,NaN,-3.100039,true,Self-supervised model,0.207524,0.934000,10.681864,11.436686,0.000000,0.000000,1.142796,4.646934,false,false
2026-04-17T14:47:35.252802,0.614917,-0.668397,-1.009786,147.856,SE,1,0.908228,1,0.908228,1.782954,2.234444,1.534767,-0.337582,9.437943,0.919373,-0.146449,-0.056822,-1.526707,1.534767,-0.027489,0.302378,-0.047037,0.307247,0.303625,-14.374001,-24.303001,-24.252001,NaN,-3.097000,true,Self-supervised model,0.204983,0.943000,10.470151,11.103023,0.000000,0.000000,1.161710,4.995222,false,false
2026-04-17T14:47:35.260644,0.614917,-0.668397,-1.006408,147.663,SE,1,0.908228,1,0.908228,1.730771,2.236297,1.456810,-0.316035,9.591172,1.000776,-0.116338,0.097506,-1.448880,1.456810,-0.095295,0.270613,-0.018326,0.287487,0.286902,-14.374001,-24.303001,-24.252001,NaN,-3.094888,true,Self-supervised model,0.199386,0.951000,10.276579,10.806077,0.000000,0.000000,1.188055,5.067403,false,false
2026-04-17T14:47:35.269312,0.614917,-0.668397,-1.003492,147.496,SE,1,0.908228,1,0.908228,1.675665,2.235871,1.386361,-0.301669,9.770737,1.096544,-0.096927,0.277617,-1.354818,1.386361,-0.141110,0.253509,0.012217,0.290393,0.290136,-14.374001,-24.303001,-24.252001,NaN,-3.093822,true,Self-supervised model,0.194956,0.959000,10.109512,10.541723,0.000000,0.000000,1.208679,4.774086,false,false
2026-04-17T14:47:35.276676,0.614917,-0.668397,-1.001183,147.364,SE,1,0.908228,1,0.908228,1.617866,2.233151,1.314417,-0.275333,9.928755,1.211466,-0.068864,0.435273,-1.238340,1.314417,-0.180205,0.251066,0.050091,0.313077,0.309043,-14.374001,-24.303001,-24.252001,NaN,-3.093943,true,Self-supervised model,0.189311,0.967000,9.977244,10.317729,0.000000,0.000000,1.230862,4.198387,false,false
2026-04-17T14:47:35.286060,0.614917,-0.668397,-0.999593,147.272,SE,1,0.908228,1,0.908228,1.551503,2.227885,1.203101,-0.198719,10.077195,1.391031,0.006569,0.582161,-1.052852,1.203101,-0.200975,0.258396,0.077580,0.336419,0.327352,-14.374001,-24.303001,-24.252001,NaN,-3.095225,true,Self-supervised model,0.185373,0.976000,9.886122,10.129223,0.000000,0.000000,1.289587,3.576195,false,false
2026-04-17T14:47:35.292599,0.614917,-0.668397,-0.998793,147.227,SE,1,0.908228,1,0.908228,1.481395,2.220026,1.113327,-0.122104,10.182540,1.558625,0.079923,0.684622,-0.874301,1.113327,-0.198531,0.280998,0.101404,0.358688,0.344056,-14.374001,-24.303001,-24.252001,NaN,-3.097588,true,Self-supervised model,0.181413,0.983000,9.840302,10.010481,0.000000,0.000000,1.330602,3.103884,false,false
2026-04-17T14:47:35.301691,0.614917,-0.668397,-0.998789,147.226,SE,1,0.908228,1,0.908228,1.412987,2.209744,1.053847,-0.021548,10.309433,1.762132,0.175263,0.807225,-0.654418,1.053847,-0.183260,0.296270,0.114843,0.366809,0.348367,-14.374001,-24.303001,-24.252001,NaN,-3.100769,true,Self-supervised model,0.178210,0.992000,9.840090,9.919445,0.000000,0.000000,1.340790,2.873015,false,false
2026-04-17T14:47:35.308857,0.614917,-0.668397,-0.999587,147.272,SE,1,0.908228,1,0.908228,1.359771,2.197745,1.080388,0.136469,10.433931,1.944092,0.325951,0.926116,-0.450891,1.080388,-0.155160,0.296270,0.119730,0.355226,0.334440,-14.374001,-24.303001,-24.252001,NaN,-3.104772,true,Self-supervised model,0.171690,0.999000,9.885797,9.895692,0.000000,0.000000,1.258596,3.041410,false,false
2026-04-17T14:47:35.317265,0.614917,-0.668397,-1.001187,147.364,SE,1,0.908228,1,0.908228,1.327840,2.184949,1.160199,0.301669,10.534488,2.097321,0.481292,1.020037,-0.271929,1.160199,-0.131336,0.286496,0.113621,0.335020,0.315165,-14.374001,-24.303001,-24.252001,NaN,-3.109580,true,Self-supervised model,0.169333,1.007000,9.977460,9.908103,0.000000,0.000000,1.144493,3.463070,false,false
2026-04-17T14:47:35.325649,0.614917,-0.668397,-1.003606,147.502,SE,1,0.908228,1,0.908228,1.311557,2.172013,1.226070,0.414197,10.591949,2.236184,0.583436,1.072392,-0.113245,1.226070,-0.103236,0.253509,0.094073,0.289438,0.273724,-14.374001,-24.303001,-24.252001,NaN,-3.115275,true,Self-supervised model,0.172203,1.016000,10.116049,9.956741,0.000000,0.000000,1.069724,4.236037,false,false
2026-04-17T14:47:35.332508,0.614917,-0.668397,-1.006733,147.682,SE,1,0.908228,1,0.908228,1.317436,2.159830,1.348300,0.538695,10.675745,2.382231,0.698086,1.152558,0.046870,1.348300,-0.075747,0.205251,0.062919,0.227650,0.218782,-14.374001,-24.303001,-24.252001,NaN,-3.121235,true,Self-supervised model,0.184435,1.023000,10.295219,10.063753,0.000000,0.000000,0.977109,5.922697,false,false
2026-04-17T14:47:35.340441,0.614917,-0.668397,-1.010367,147.890,SE,1,0.908228,1,0.908228,1.330527,2.148658,1.399259,0.569820,10.716447,2.468422,0.720962,1.190642,0.143214,1.399259,-0.059254,0.172264,0.042761,0.187121,0.182170,-14.374001,-24.303001,-24.252001,NaN,-3.126898,true,Self-supervised model,0.194247,1.031000,10.503445,10.187629,0.000000,0.000000,0.950880,7.477817,false,false
2026-04-17T14:47:35.348850,0.614917,-0.668397,-1.014217,148.110,SE,1,0.908228,1,0.908228,1.341384,2.138367,1.398379,0.605733,10.687716,2.533065,0.750667,1.160014,0.215245,1.398379,-0.033598,0.119730,0.000611,0.124356,0.124354,-14.374001,-24.303001,-24.252001,NaN,-3.131609,true,Self-supervised model,0.208265,1.039000,10.724012,10.321474,0.000000,0.000000,0.959242,11.244994,false,false
2026-04-17T14:47:35.361560,0.614917,-0.668397,-1.018013,148.328,SE,1,0.908228,1,0.908228,1.354735,2.129022,1.424829,0.617704,10.702082,2.592921,0.758624,1.172999,0.280537,1.424829,-0.016493,0.096517,-0.021991,0.100355,0.097916,-14.374001,-24.303001,-24.252001,NaN,-3.135190,true,Self-supervised model,0.224766,1.052000,10.941501,10.400666,0.000000,0.000000,0.950805,14.197897,false,false
2026-04-17T14:47:35.364247,0.614917,-0.668397,-1.021527,148.529,SE,1,0.908228,1,0.908228,1.367325,2.120554,1.433422,0.596156,10.723629,2.607286,0.735378,1.193426,0.299419,1.433422,0.001222,0.084910,-0.037263,0.092735,0.084919,-12.214001,-25.420002,-28.564001,NaN,-3.137578,true,Self-supervised model,0.222965,1.054000,11.142851,10.571965,0.000000,0.000000,0.953889,15.457201,false,false
2026-04-17T14:47:35.372663,0.614917,-0.668397,-1.024585,148.704,SE,1,0.908228,1,0.908228,1.388956,2.113290,1.502519,0.581791,10.800244,2.659958,0.721282,1.269178,0.355672,1.502519,0.014050,0.093462,-0.042761,0.103736,0.094513,-12.214001,-25.420002,-28.564001,NaN,-3.138809,true,Self-supervised model,0.235422,1.063000,11.318045,10.647267,0.000000,0.000000,0.924418,14.484119,false,false
2026-04-17T14:47:35.380269,0.614917,-0.668397,-1.027110,148.849,SE,1,0.908228,1,0.908228,1.412102,2.107242,1.533617,0.577003,10.824186,2.707842,0.718550,1.292412,0.406616,1.533617,0.021991,0.105680,-0.042150,0.115881,0.107944,-12.214001,-25.420002,-28.564001,NaN,-3.139205,true,Self-supervised model,0.234579,1.070000,11.462733,10.712834,0.000000,0.000000,0.920766,13.234410,false,false
2026-04-17T14:47:35.389298,0.614917,-0.668397,-1.029079,148.962,SE,1,0.908228,1,0.908228,1.439295,2.102525,1.582059,0.581791,10.862494,2.750938,0.727247,1.330023,0.452839,1.582059,0.040317,0.132558,-0.041539,0.144646,0.138553,-12.214001,-25.420002,-28.564001,NaN,-3.138948,true,Self-supervised model,0.232622,1.079000,11.575540,10.728026,0.000000,0.000000,0.909760,10.937446,false,false
2026-04-17T14:47:35.396648,0.614917,-0.668397,-1.030474,149.042,SE,1,0.908228,1,0.908228,1.464112,2.098988,1.594402,0.560243,10.896012,2.717419,0.711402,1.362720,0.423107,1.594402,0.061697,0.173486,-0.039095,0.188235,0.184130,-12.214001,-25.420002,-28.564001,NaN,-3.138050,true,Self-supervised model,0.225348,1.087000,11.655495,10.722626,0.000000,0.000000,0.918283,8.470285,false,false
2026-04-17T14:47:35.405128,0.614917,-0.668397,-1.031301,149.089,SE,1,0.908228,1,0.908228,1.492398,2.096724,1.640900,0.471658,10.989386,2.712631,0.629469,1.454827,0.424029,1.640900,0.093462,0.238848,-0.042150,0.259924,0.256483,-12.214001,-25.420002,-28.564001,NaN,-3.136602,true,Self-supervised model,0.223164,1.095000,11.702864,10.687547,0.000000,0.000000,0.909500,6.313008,false,false
2026-04-17T14:47:35.412305,0.614917,-0.668397,-1.031652,149.109,SE,1,0.908228,1,0.908228,1.530904,2.096092,1.733059,0.323217,11.152191,2.671929,0.489240,1.615680,0.392067,1.733059,0.138666,0.321315,-0.045815,0.352946,0.349960,-12.214001,-25.420002,-28.564001,NaN,-3.135048,true,Self-supervised model,0.227383,1.102000,11.722957,10.637892,0.000000,0.000000,0.883354,4.910269,false,false
2026-04-17T14:47:35.421331,0.614917,-0.668397,-1.031583,149.105,SE,1,0.908228,1,0.908228,1.581152,2.097494,1.844955,0.102951,11.334151,2.590526,0.279134,1.794904,0.322899,1.844955,0.180205,0.417832,-0.048869,0.457652,0.455036,-12.214001,-25.420002,-28.564001,NaN,-3.133305,true,Self-supervised model,0.234924,1.111000,11.719054,10.548204,0.000000,0.000000,0.857014,4.031347,false,false
2026-04-17T14:47:35.428713,0.614917,-0.668397,-1.031122,149.079,SE,1,0.908228,1,0.908228,1.648517,2.101535,2.002186,-0.148441,11.542446,2.343924,0.040005,1.999660,0.092227,2.002186,0.225409,0.556498,-0.050091,0.602502,0.600416,-12.214001,-25.420002,-28.564001,NaN,-3.131269,true,Self-supervised model,0.245919,1.119000,11.692597,10.449149,0.000000,0.000000,0.823359,3.323119,false,false
2026-04-17T14:47:35.436688,0.614917,-0.668397,-1.030302,149.032,SE,1,0.908228,1,0.908228,1.724082,2.108437,2.120798,-0.339977,11.654974,2.044648,-0.136533,2.108029,-0.188032,2.120798,0.248622,0.718988,-0.053756,0.762658,0.760761,-12.214001,-25.420002,-28.564001,NaN,-3.129018,true,Self-supervised model,0.252678,1.127000,11.645636,10.333306,0.000000,0.000000,0.812940,2.780799,false,false
2026-04-17T14:47:35.444538,0.614917,-0.668397,-1.029139,148.965,SE,1,0.908228,1,0.908228,1.798899,2.118055,2.191684,-0.430956,11.662156,1.661576,-0.209542,2.110925,-0.550969,2.191684,0.231518,0.882700,-0.065363,0.914895,0.912557,-12.214001,-25.420002,-28.564001,NaN,-3.126482,true,Self-supervised model,0.254484,1.135000,11.579016,10.201777,0.000000,0.000000,0.820784,2.395558,false,false
2026-04-17T14:47:35.452964,0.614917,-0.668397,-1.027655,148.880,SE,1,0.908228,1,0.908228,1.872725,2.130242,2.260312,-0.459687,11.626244,1.316811,-0.216589,2.071476,-0.878115,2.260312,0.160658,0.992656,-0.081856,1.008899,1.005573,-12.214001,-25.420002,-28.564001,NaN,-3.123709,true,Self-supervised model,0.258067,1.143000,11.493944,10.055944,0.000000,0.000000,0.828525,2.240375,false,false
2026-04-17T14:47:35.460766,0.614917,-0.668397,-1.025817,148.775,SE,1,0.908228,1,0.908228,1.958356,2.145367,2.407922,-0.481235,11.659762,1.031901,-0.213257,2.103296,-1.152717,2.407922,0.005498,1.043969,-0.108123,1.049567,1.043983,-12.214001,-25.420002,-28.564001,NaN,-3.120459,true,Self-supervised model,0.270148,1.151000,11.388640,9.894561,0.000000,0.000000,0.813297,2.294205,false,false
2026-04-17T14:47:35.468776,0.614917,-0.668397,-1.023610,148.649,SE,1,0.908228,1,0.908228,2.042321,2.163245,2.483135,-0.486023,11.683704,0.924162,-0.190744,2.128846,-1.263958,2.483135,-0.163712,1.009760,-0.133169,1.031577,1.022945,-12.214001,-25.420002,-28.564001,NaN,-3.116777,true,Self-supervised model,0.279107,1.159000,11.262202,9.717172,0.000000,0.000000,0.822477,2.407125,false,false
2026-04-17T14:47:35.476646,0.614917,-0.668397,-1.021063,148.503,SE,1,0.908228,1,0.908228,2.094565,2.182498,2.368846,-0.543484,11.671733,1.185130,-0.220223,2.123291,-1.026922,2.368846,-0.560163,0.771523,-0.178373,0.969973,0.953431,-12.214001,-25.420002,-28.564001,NaN,-3.112867,true,Self-supervised model,0.268751,1.167000,11.116252,9.525494,0.000000,0.000000,0.884213,2.442178,false,false
2026-04-17T14:47:35.486193,0.614917,-0.668397,-1.018281,148.343,SE,1,0.908228,1,0.908228,2.102265,2.201288,2.142691,-0.672771,11.578360,1.699883,-0.322971,2.042425,-0.561529,2.142691,-0.850324,0.500910,-0.211359,1.009274,0.986895,-12.214001,-25.420002,-28.564001,NaN,-3.109147,true,Self-supervised model,0.246943,1.176000,10.956857,9.317055,0.000000,0.000000,0.981133,2.123002,false,false
2026-04-17T14:47:35.492426,0.614917,-0.668397,-1.015446,148.181,SE,1,0.908228,1,0.908228,2.057552,2.217539,1.822806,-0.770933,11.286267,2.523489,-0.397578,1.768849,0.189013,1.822806,-1.146594,0.147829,-0.240681,1.180872,1.156085,-12.214001,-25.420002,-28.564001,NaN,-3.106101,true,Self-supervised model,0.209233,1.183000,10.794434,9.124627,0.000000,0.000000,1.128782,1.543610,false,false
2026-04-17T14:47:35.501499,0.614917,-0.668397,-1.012718,148.024,SE,1,0.908228,1,0.908228,1.998866,2.230792,1.690767,-0.814029,10.826580,3.378219,-0.421094,1.333266,0.950671,1.690767,-1.339628,-0.124617,-0.261450,1.370579,1.345411,-12.214001,-25.420002,-28.564001,NaN,-3.103801,true,Self-supervised model,0.197705,1.192000,10.638150,8.924622,0.000000,0.000000,1.182224,1.233615,false,false
2026-04-17T14:47:35.508342,0.614917,-0.668397,-1.010214,147.881,SE,1,0.908228,1,0.908228,1.959683,2.241948,1.753971,-0.794875,10.354922,3.993528,-0.385398,0.889591,1.461680,1.753971,-1.397660,-0.229074,-0.266948,1.441246,1.416308,-12.214001,-25.420002,-28.564001,NaN,-3.102190,true,Self-supervised model,0.194496,1.198000,10.494662,8.760152,0.000000,0.000000,1.117284,1.216982,false,false
2026-04-17T14:47:35.522172,0.614917,-0.668397,-1.007952,147.751,SE,1,0.908228,1,0.908228,1.962694,2.252777,1.978502,-0.687136,9.842564,4.556166,-0.262172,0.406892,1.918378,1.978502,-1.352456,-0.195477,-0.263283,1.391641,1.366509,-12.214001,-25.420002,-28.564001,NaN,-3.100900,true,Self-supervised model,0.220222,1.212000,10.365083,8.552048,0.000000,0.000000,0.992010,1.421704,false,false
2026-04-17T14:47:35.525503,0.614917,-0.668397,-1.005894,147.633,SE,1,0.908228,1,0.908228,1.989111,2.264231,2.127802,-0.581791,9.306262,4.855441,-0.139910,-0.101015,2.120793,2.127802,-1.204626,-0.026267,-0.248622,1.230296,1.204913,-12.792001,-24.779001,-27.701002,NaN,-3.099656,true,Self-supervised model,0.223878,1.216000,10.247169,8.426948,0.000000,0.000000,0.934820,1.729505,false,false
2026-04-17T14:47:35.532322,0.614917,-0.668397,-1.003962,147.523,SE,1,0.908228,1,0.908228,2.021797,2.276533,2.193396,-0.507571,8.865729,4.951209,-0.046329,-0.515458,2.131465,2.193396,-0.998154,0.211970,-0.225409,1.045013,1.020413,-12.792001,-24.779001,-27.701002,NaN,-3.098228,true,Self-supervised model,0.247256,1.222000,10.136470,8.294984,0.000000,0.000000,0.921766,2.098918,false,false
2026-04-17T14:47:35.540509,0.614917,-0.668397,-1.002105,147.416,SE,1,0.908228,1,0.908228,2.043165,2.289199,2.155346,-0.497994,8.559271,4.888960,-0.013335,-0.800056,2.001312,2.155346,-0.786794,0.456927,-0.213192,0.934494,0.909851,-12.792001,-24.779001,-27.701002,NaN,-3.096669,true,Self-supervised model,0.249543,1.231000,10.030046,8.147884,0.000000,0.000000,0.947952,2.306431,false,false
2026-04-17T14:47:35.548430,0.614917,-0.668397,-1.000256,147.310,SE,1,0.908228,1,0.908228,2.042171,2.301318,2.036954,-0.586579,8.389283,4.735731,-0.072889,-0.953122,1.798729,2.036954,-0.523512,0.738536,-0.207694,0.928782,0.905262,-12.792001,-24.779001,-27.701002,NaN,-3.094854,true,Self-supervised model,0.237774,1.239000,9.924113,8.009776,0.000000,0.000000,1.002561,2.193144,false,false
2026-04-17T14:47:35.556876,0.614917,-0.668397,-0.998293,147.198,SE,1,0.908228,1,0.908228,2.008698,2.311613,1.832965,-0.816423,8.408437,4.527435,-0.267935,-0.922677,1.560973,1.832965,-0.282220,0.930959,-0.201586,0.993463,0.972796,-12.792001,-24.779001,-27.701002,NaN,-3.092434,true,Self-supervised model,0.218576,1.247000,9.811636,7.868192,0.000000,0.000000,1.095874,1.845026,false,false
2026-04-17T14:47:35.564718,0.614917,-0.668397,-0.996071,147.071,SE,1,0.908228,1,0.908228,1.935701,2.318576,1.552464,-1.122881,8.590396,4.237737,-0.537021,-0.734226,1.258040,1.552464,-0.095295,0.974941,-0.178984,0.995804,0.979587,-12.792001,-24.779001,-27.701002,NaN,-3.089179,true,Self-supervised model,0.197258,1.255000,9.684345,7.716609,0.000000,0.000000,1.246857,1.559006,false,false
2026-04-17T14:47:35.572571,0.614917,-0.668397,-0.993527,146.925,SE,1,0.908228,1,0.908228,1.832397,2.321129,1.290055,-1.340753,8.813056,3.924097,-0.719319,-0.508624,0.942403,1.290055,0.006109,0.898583,-0.146608,0.910485,0.898604,-12.792001,-24.779001,-27.701002,NaN,-3.085346,true,Self-supervised model,0.186302,1.263000,9.538588,7.552326,0.000000,0.000000,1.420402,1.416889,false,false
2026-04-17T14:47:35.580600,0.614917,-0.668397,-0.990713,146.764,SE,1,0.908228,1,0.908228,1.715631,2.318909,1.102607,-1.577779,9.066842,3.519476,-0.926512,-0.253882,0.541167,1.102607,0.045815,0.692110,-0.095906,0.700224,0.693625,-12.792001,-24.779001,-27.701002,NaN,-3.081450,true,Self-supervised model,0.184481,1.271000,9.377338,7.377922,0.000000,0.000000,1.555976,1.574649,false,false
2026-04-17T14:47:35.589835,0.614917,-0.668397,-0.987785,146.596,SE,1,0.908228,1,0.908228,1.616653,2.312819,1.097018,-1.757344,9.306262,3.136404,-1.085007,-0.013987,0.161287,1.097018,0.007941,0.404393,-0.040928,0.406536,0.404471,-12.792001,-24.779001,-27.701002,NaN,-3.078067,true,Self-supervised model,0.183821,1.280000,9.209579,7.194983,0.000000,0.000000,1.473679,2.698452,false,false
2026-04-17T14:47:35.596776,0.614917,-0.668397,-0.984978,146.435,SE,1,0.908228,1,0.908228,1.533859,2.303661,1.099191,-1.757344,9.481039,2.813187,-1.074563,0.162451,-0.164757,1.099191,-0.103847,0.088575,0.001833,0.136503,0.136491,-12.792001,-24.779001,-27.701002,NaN,-3.075742,true,Self-supervised model,0.190593,1.287000,9.048733,7.030873,0.000000,0.000000,1.395444,8.052475,false,false
2026-04-17T14:47:35.604536,0.614917,-0.668397,-0.982574,146.297,SE,1,0.908228,1,0.908228,1.452962,2.291633,1.028253,-1.611298,9.593566,2.645593,-0.927203,0.279372,-0.345762,1.028253,-0.248622,-0.163101,0.012828,0.297623,0.297346,-12.792001,-24.779001,-27.701002,NaN,-3.074955,true,Self-supervised model,0.174771,1.295000,8.911032,6.881106,0.000000,0.000000,1.413039,3.454885,false,false
2026-04-17T14:47:35.612964,0.614917,-0.668397,-0.980767,146.194,SE,1,0.908228,1,0.908228,1.332793,2.275279,0.701907,-1.254562,9.495404,2.662352,-0.574641,0.189529,-0.355725,0.701907,-0.442877,-0.398284,-0.019548,0.595947,0.595626,-12.792001,-24.779001,-27.701002,NaN,-3.075534,true,Self-supervised model,0.178578,1.303000,8.807505,6.759406,0.000000,0.000000,1.898816,1.177802,false,false
2026-04-17T14:47:35.622271,0.614917,-0.668397,-0.979576,146.126,SE,1,0.908228,1,0.908228,1.155881,2.252503,0.227093,-0.782904,9.129091,2.944868,-0.108066,-0.163669,-0.114481,0.227093,-0.625526,-0.534507,-0.106291,0.829625,0.822788,-12.792001,-24.779001,-27.701002,NaN,-3.076805,true,Self-supervised model,0.208983,1.312000,8.739246,6.661011,0.000000,0.000000,5.089893,0.273730,false,false
2026-04-17T14:47:35.628819,0.614917,-0.668397,-0.978819,146.082,SE,1,0.908228,1,0.908228,1.090550,2.228025,0.747559,-0.351948,8.645462,3.356671,0.321653,-0.629432,0.243310,0.747559,-0.755029,-0.574824,-0.210749,0.972063,0.948943,-12.792001,-24.779001,-27.701002,NaN,-3.077784,true,Self-supervised model,0.149817,1.319000,8.695856,6.592764,0.000000,0.000000,1.458814,0.769043,false,false
2026-04-17T14:47:35.636655,0.614917,-0.668397,-0.978138,146.043,SE,1,0.908228,1,0.908228,1.123415,2.205841,1.295957,-0.107739,8.236053,3.739743,0.571014,-1.017378,0.564261,1.295957,-0.814894,-0.540005,-0.297491,1.021841,0.977578,-12.792001,-24.779001,-27.701002,NaN,-3.077411,true,Self-supervised model,0.173473,1.327000,8.656879,6.523647,0.000000,0.000000,0.866861,1.268257,false,false
2026-04-17T14:47:35.644444,0.614917,-0.668397,-0.977171,145.988,SE,1,0.908228,1,0.908228,1.235359,2.189021,1.823064,0.110133,7.802703,4.043807,0.800938,-1.427222,0.803180,1.823064,-0.827112,-0.424551,-0.380569,1.004585,0.929708,-12.792001,-24.779001,-27.701002,NaN,-3.075297,true,Self-supervised model,0.222147,1.335000,8.601465,6.443045,0.000000,0.000000,0.677628,1.814744,false,false
2026-04-17T14:47:35.653774,0.614917,-0.668397,-0.975664,145.901,SE,1,0.908228,1,0.908228,1.388186,2.178988,2.190532,0.205901,7.467515,4.273650,0.916171,-1.738060,0.968611,2.190532,-0.790460,-0.255953,-0.425162,0.933328,0.830866,-12.792001,-24.779001,-27.701002,NaN,-3.071629,true,Self-supervised model,0.250361,1.344000,8.515103,6.335642,0.000000,0.000000,0.633721,2.347012,false,false
2026-04-17T14:47:35.661421,0.614917,-0.668397,-0.973475,145.776,SE,1,0.908228,1,0.908228,1.555727,2.176058,2.435318,0.213084,7.216124,4.426879,0.941951,-1.971335,1.075797,2.435318,-0.731817,-0.122784,-0.445321,0.865414,0.742045,-12.792001,-24.779001,-27.701002,NaN,-3.066711,true,Self-supervised model,0.267686,1.352000,8.389656,6.205367,0.000000,0.000000,0.638819,2.814048,false,false
2026-04-17T14:47:35.668633,0.614917,-0.668397,-0.970900,145.628,SE,1,0.908228,1,0.908228,1.712817,2.179528,2.537538,0.179565,7.046135,4.450821,0.947312,-2.114307,1.035086,2.537538,-0.610254,0.078191,-0.448986,0.761651,0.615243,-12.792001,-24.779001,-27.701002,NaN,-3.062594,true,Self-supervised model,0.279868,1.359000,8.242126,6.064846,0.000000,0.000000,0.674992,3.331627,false,false
2026-04-17T14:47:35.682536,0.614917,-0.668397,-0.967274,145.421,SE,1,0.908228,1,0.908228,1.850213,2.188355,2.571540,0.007183,6.916849,4.460398,0.810398,-2.224890,1.002964,2.571540,-0.485027,0.224188,-0.429438,0.685513,0.534333,-12.792001,-24.779001,-27.701002,NaN,-3.054766,true,Self-supervised model,0.290303,1.373000,8.034400,5.851712,0.000000,0.000000,0.719496,3.751262,false,false
2026-04-17T14:47:35.687129,0.614917,-0.668397,-0.963068,145.180,SE,1,0.908228,1,0.908228,1.949039,2.200783,2.467879,-0.229843,6.919243,4.405331,0.610704,-2.207824,0.918139,2.467879,-0.353080,0.315817,-0.389121,0.613043,0.473715,-11.844001,-24.159000,-30.760002,NaN,-3.048236,true,Self-supervised model,0.272590,1.377000,7.793391,5.659688,0.000000,0.000000,0.789763,4.025622,false,false
2026-04-17T14:47:35.692978,0.614917,-0.668397,-0.958398,144.912,SE,1,0.908228,1,0.908228,2.011886,2.215227,2.341833,-0.452504,6.969521,4.343082,0.424219,-2.146261,0.835336,2.341833,-0.240681,0.349415,-0.335365,0.540821,0.424285,-11.844001,-24.159000,-30.760002,NaN,-3.041713,true,Self-supervised model,0.268891,1.383000,7.525836,5.441675,0.000000,0.000000,0.859107,4.330142,false,false
2026-04-17T14:47:35.702290,0.614917,-0.668397,-0.953426,144.627,SE,1,0.908228,1,0.908228,2.040400,2.230234,2.190096,-0.679953,7.055712,4.247314,0.228519,-2.052698,0.728512,2.190096,-0.113010,0.339641,-0.253509,0.438628,0.357949,-11.844001,-24.159000,-30.760002,NaN,-3.035534,true,Self-supervised model,0.267670,1.392000,7.240980,5.201853,0.000000,0.000000,0.931649,4.993064,false,false
2026-04-17T14:47:35.708649,0.614917,-0.668397,-0.948382,144.338,SE,1,0.908228,1,0.908228,2.034021,2.244385,2.000534,-0.869095,7.192182,4.103662,0.064495,-1.912769,0.582488,2.000534,0.006109,0.301767,-0.160658,0.341924,0.301829,-11.844001,-24.159000,-30.760002,NaN,-3.030201,true,Self-supervised model,0.251319,1.399000,6.951984,4.969252,0.000000,0.000000,1.016739,5.850822,false,false
2026-04-17T14:47:35.716800,0.614917,-0.668397,-0.943509,144.059,SE,1,0.908228,1,0.908228,1.997619,2.256515,1.806505,-1.031901,7.350199,3.936068,-0.081119,-1.755060,0.420292,1.806505,0.116064,0.241292,-0.067195,0.276058,0.267755,-11.844001,-24.159000,-30.760002,NaN,-3.026008,true,Self-supervised model,0.241777,1.407000,6.672738,4.742529,0.000000,0.000000,1.105792,6.543940,false,false
2026-04-17T14:47:35.724970,0.614917,-0.668397,-0.939029,143.802,SE,1,0.908228,1,0.908228,1.932215,2.265543,1.588844,-1.132457,7.558495,3.804387,-0.172642,-1.550524,0.300825,1.588844,0.193644,0.188757,0.008552,0.270556,0.270421,-11.844001,-24.159000,-30.760002,NaN,-3.023104,true,Self-supervised model,0.224442,1.415000,6.416073,4.534327,0.000000,0.000000,1.216114,5.872512,false,false
2026-04-17T14:47:35.732589,0.614917,-0.668397,-0.935122,143.579,SE,1,0.908228,1,0.908228,1.842643,2.270627,1.372394,-1.182736,7.769185,3.632004,-0.221385,-1.346501,0.146250,1.372394,0.273668,0.131947,0.092852,0.317688,0.303816,-11.844001,-24.159000,-30.760002,NaN,-3.021487,true,Self-supervised model,0.207733,1.423000,6.192212,4.351519,0.000000,0.000000,1.342649,4.319949,false,false
2026-04-17T14:47:35.740375,0.614917,-0.668397,-0.931915,143.395,SE,1,0.908228,1,0.908228,1.736121,2.271246,1.176879,-1.180341,7.970297,3.428497,-0.224646,-1.154730,-0.034292,1.176879,0.342085,0.091019,0.164323,0.390267,0.353986,-11.844001,-24.159000,-30.760002,NaN,-3.021080,true,Self-supervised model,0.197492,1.430000,6.008448,4.201712,0.000000,0.000000,1.475191,3.015575,false,false
2026-04-17T14:47:35.748659,0.614917,-0.668397,-0.929510,143.257,SE,1,0.908228,1,0.908228,1.626088,2.267440,1.048415,-1.132457,8.128315,3.217807,-0.188105,-1.008121,-0.217909,1.048415,0.393397,0.065363,0.220522,0.455701,0.398790,-11.844001,-24.159000,-30.760002,NaN,-3.021888,true,Self-supervised model,0.191857,1.439000,5.870702,4.079710,0.000000,0.000000,1.550996,2.300663,false,false
2026-04-17T14:47:35.757898,0.614917,-0.668397,-0.927952,143.168,SE,1,0.908228,1,0.908228,1.530014,2.259943,1.025626,-1.048660,8.192958,3.055001,-0.119953,-0.956374,-0.350525,1.025626,0.421497,0.045815,0.252287,0.493364,0.423980,-11.844001,-24.159000,-30.760002,NaN,-3.023714,true,Self-supervised model,0.186354,1.448000,5.781433,3.992702,0.000000,0.000000,1.491786,2.078843,false,false
2026-04-17T14:47:35.764335,0.614917,-0.668397,-0.927234,143.127,SE,1,0.908228,1,0.908228,1.456544,2.249807,1.070826,-0.940921,8.216900,2.873042,-0.030993,-0.946171,-0.500468,1.070826,0.443488,0.007330,0.284663,0.527038,0.443549,-11.844001,-24.159000,-30.760002,NaN,-3.026353,true,Self-supervised model,0.180608,1.454000,5.740250,3.947903,0.000000,0.000000,1.360206,2.031782,false,false
2026-04-17T14:47:35.772666,0.614917,-0.668397,-0.927308,143.131,SE,1,0.908228,1,0.908228,1.395671,2.237642,1.076086,-0.818817,8.281544,2.748544,0.069714,-0.895443,-0.592691,1.076086,0.433714,-0.039706,0.296881,0.527089,0.435528,-11.844001,-24.159000,-30.760002,NaN,-3.029602,true,Self-supervised model,0.177722,1.463000,5.744535,3.926544,0.000000,0.000000,1.296988,2.041564,false,false
2026-04-17T14:47:35.780710,0.614917,-0.668397,-0.928114,143.177,SE,1,0.908228,1,0.908228,1.351446,2.224194,1.119266,-0.711078,8.319851,2.624045,0.153869,-0.870489,-0.686534,1.119266,0.412945,-0.085521,0.299935,0.517492,0.421708,-11.844001,-24.159000,-30.760002,NaN,-3.033331,true,Self-supervised model,0.174980,1.471000,5.790697,3.936572,0.000000,0.000000,1.207440,2.162864,false,false
2026-04-17T14:47:35.789539,0.614917,-0.668397,-0.929581,143.261,SE,1,0.908228,1,0.908228,1.315561,2.209848,1.127165,-0.675165,8.379706,2.530671,0.164265,-0.822734,-0.752746,1.127165,0.349415,-0.162490,0.301157,0.489070,0.385349,-11.844001,-24.159000,-30.760002,NaN,-3.037444,true,Self-supervised model,0.173441,1.480000,5.874763,3.969435,0.000000,0.000000,1.167142,2.304712,false,false
2026-04-17T14:47:35.796829,0.614917,-0.668397,-0.931659,143.380,SE,1,0.908228,1,0.908228,1.281986,2.194734,1.105717,-0.591368,8.444349,2.497152,0.220711,-0.768578,-0.763665,1.105717,0.277944,-0.225409,0.304211,0.469687,0.357858,-11.844001,-24.159000,-30.760002,NaN,-3.041964,true,Self-supervised model,0.170987,1.487000,5.993811,4.030808,0.000000,0.000000,1.159416,2.354154,false,false
2026-04-17T14:47:35.804877,0.614917,-0.668397,-0.934324,143.533,SE,1,0.908228,1,0.908228,1.233265,2.178275,0.977481,-0.543484,8.597578,2.530671,0.239763,-0.623760,-0.713376,0.977481,0.194866,-0.268170,0.307265,0.451995,0.331493,-11.844001,-24.159000,-30.760002,NaN,-3.046978,true,Self-supervised model,0.166091,1.495000,6.146500,4.111371,0.000000,0.000000,1.261677,2.162591,false,false
2026-04-17T14:47:35.812631,0.614917,-0.668397,-0.937572,143.719,SE,1,0.908228,1,0.908228,1.167269,2.159835,0.820788,-0.474052,8.738836,2.636016,0.279277,-0.488745,-0.597350,0.820788,0.111788,-0.280998,0.309098,0.432433,0.302418,-11.844001,-24.159000,-30.760002,NaN,-3.052559,true,Self-supervised model,0.163031,1.503000,6.332603,4.213309,0.000000,0.000000,1.422131,1.898072,false,false
2026-04-17T14:47:35.820940,0.614917,-0.668397,-0.941407,143.939,SE,1,0.908228,1,0.908228,1.084742,2.138831,0.651476,-0.390255,8.872911,2.798822,0.333107,-0.358699,-0.429879,0.651476,0.048869,-0.275500,0.301157,0.411076,0.279801,-11.844001,-24.159000,-30.760002,NaN,-3.058742,true,Self-supervised model,0.166014,1.511000,6.552344,4.336429,0.000000,0.000000,1.665052,1.584805,false,false
2026-04-17T14:47:35.828732,0.614917,-0.668397,-0.945805,144.191,SE,1,0.908228,1,0.908228,0.998526,2.115219,0.545893,-0.220267,9.066842,3.016694,0.474673,-0.167104,-0.211569,0.545893,-0.005498,-0.232740,0.277333,0.362093,0.232805,-11.844001,-24.159000,-30.760002,NaN,-3.065387,true,Self-supervised model,0.167126,1.519000,6.804286,4.479451,0.000000,0.000000,1.829160,1.507604,false,false
2026-04-17T14:47:35.841367,0.614917,-0.668397,-0.950655,144.469,SE,1,0.908228,1,0.908228,0.930253,2.089820,0.571818,-0.100556,9.184157,3.251326,0.569194,-0.050743,0.020465,0.571818,-0.029322,-0.188147,0.252898,0.316570,0.190418,-11.844001,-24.159000,-30.760002,NaN,-3.072053,true,Self-supervised model,0.159737,1.531000,7.082220,4.625879,0.000000,0.000000,1.626834,1.806294,false,false
2026-04-17T14:47:35.844255,0.614917,-0.668397,-0.955797,144.763,SE,1,0.908228,1,0.908228,0.887564,2.063730,0.663446,-0.057461,9.291897,3.529053,0.591957,0.056975,0.294110,0.663446,-0.037874,-0.083689,0.198531,0.218753,0.091860,-8.624001,-20.123001,-31.694002,NaN,-3.078357,true,Self-supervised model,0.138209,1.534000,7.376801,4.808866,0.000000,0.000000,1.337808,3.032856,false,false
2026-04-17T14:47:35.853372,0.614917,-0.668397,-0.961025,145.063,SE,1,0.908228,1,0.908228,0.870903,2.038017,0.783433,-0.043096,9.428367,3.718195,0.588781,0.193661,0.479165,0.783433,-0.022602,-0.028711,0.171042,0.174902,0.036540,-8.624001,-20.123001,-31.694002,NaN,-3.083933,true,Self-supervised model,0.153134,1.543000,7.676363,4.974960,0.000000,0.000000,1.111650,4.479274,false,false
2026-04-17T14:47:35.861116,0.614917,-0.668397,-0.966250,145.362,SE,1,0.908228,1,0.908228,0.877270,2.013587,0.910700,-0.052672,9.583989,3.866636,0.563377,0.349312,0.624469,0.910700,0.026267,0.037263,0.133779,0.141334,0.045590,-8.624001,-20.123001,-31.694002,NaN,-3.089141,true,Self-supervised model,0.166654,1.551000,7.975695,5.142292,0.000000,0.000000,0.963293,6.443578,false,false
2026-04-17T14:47:35.868713,0.614917,-0.668397,-0.971438,145.659,SE,1,0.908228,1,0.908228,0.901015,1.991084,1.025675,-0.057461,9.763555,3.936068,0.542592,0.528690,0.691440,1.025675,0.070250,0.046426,0.109345,0.138010,0.084204,-8.624001,-20.123001,-31.694002,NaN,-3.094187,true,Self-supervised model,0.180677,1.559000,8.272985,5.306597,0.000000,0.000000,0.878461,7.431908,false,false
2026-04-17T14:47:35.876427,0.614917,-0.668397,-0.976642,145.957,SE,1,0.908228,1,0.908228,0.930812,1.970673,1.087244,-0.081403,9.935937,3.909731,0.501494,0.700699,0.663042,1.087244,0.090408,0.009774,0.091019,0.128661,0.090935,-8.624001,-20.123001,-31.694002,NaN,-3.099452,true,Self-supervised model,0.189100,1.567000,8.571146,5.469781,0.000000,0.000000,0.856120,8.450472,false,false
2026-04-17T14:47:35.885294,0.614917,-0.668397,-0.981890,146.258,SE,1,0.908228,1,0.908228,0.967418,1.952543,1.159600,-0.083797,10.036493,3.936068,0.480830,0.800966,0.686970,1.159600,0.093462,-0.079412,0.069028,0.140735,0.122644,-8.624001,-20.123001,-31.694002,NaN,-3.104874,true,Self-supervised model,0.195669,1.575000,8.871814,5.632898,0.000000,0.000000,0.834269,8.239587,false,false
2026-04-17T14:47:35.892754,0.614917,-0.668397,-0.987140,146.559,SE,1,0.908228,1,0.908228,1.017912,1.937158,1.283008,-0.016759,10.153810,3.974375,0.529686,0.917945,0.723132,1.283008,0.081245,-0.185703,0.045204,0.207677,0.202698,-8.624001,-20.123001,-31.694002,NaN,-3.110136,true,Self-supervised model,0.200356,1.583000,9.172640,5.794466,0.000000,0.000000,0.793379,6.177899,false,false
2026-04-17T14:47:35.902110,0.614917,-0.668397,-0.992226,146.850,SE,1,0.908228,1,0.908228,1.071863,1.924546,1.355103,0.076614,10.184934,3.998317,0.613026,0.947305,0.750411,1.355103,0.072082,-0.265726,0.009774,0.275503,0.275330,-8.624001,-20.123001,-31.694002,NaN,-3.114565,true,Self-supervised model,0.203343,1.592000,9.464054,5.944757,0.000000,0.000000,0.790983,4.918652,false,false
2026-04-17T14:47:35.908381,0.614917,-0.668397,-0.996513,147.096,SE,1,0.908228,1,0.908228,1.128795,1.914716,1.427692,0.203507,10.187328,4.022259,0.731517,0.948203,0.777238,1.427692,0.072693,-0.286496,-0.038485,0.298069,0.295574,-8.624001,-20.123001,-31.694002,NaN,-3.115656,true,Self-supervised model,0.206397,1.598000,9.709685,6.076148,0.000000,0.000000,0.790643,4.789804,false,false
2026-04-17T14:47:35.916793,0.614917,-0.668397,-0.999963,147.294,SE,1,0.908228,1,0.908228,1.175771,1.907158,1.422395,0.301669,10.132261,3.991134,0.818934,0.892825,0.745263,1.422395,0.092241,-0.241292,-0.111788,0.281472,0.258322,-8.624001,-20.123001,-31.694002,NaN,-3.115755,true,Self-supervised model,0.207548,1.607000,9.907326,6.165106,0.000000,0.000000,0.826614,5.053408,false,false
2026-04-17T14:47:35.925050,0.614917,-0.668397,-1.002889,147.461,SE,1,0.908228,1,0.908228,1.211521,1.901333,1.399209,0.311246,10.137050,3.931279,0.825359,0.896785,0.687273,1.399209,0.125838,-0.140499,-0.190590,0.268141,0.188614,-8.624001,-20.123001,-31.694002,NaN,-3.116589,true,Self-supervised model,0.205488,1.615000,10.074993,6.238385,0.000000,0.000000,0.865862,5.218177,false,false
2026-04-17T14:47:35.932497,0.614917,-0.668397,-1.004996,147.582,SE,1,0.908228,1,0.908228,1.229668,1.896466,1.324937,0.246603,10.156203,3.813963,0.766924,0.914296,0.575629,1.324937,0.156992,-0.013439,-0.265726,0.308930,0.157567,-8.624001,-20.123001,-31.694002,NaN,-3.115415,true,Self-supervised model,0.196317,1.623000,10.195676,6.281994,0.000000,0.000000,0.928095,4.288795,false,false
2026-04-17T14:47:35.940645,0.614917,-0.668397,-1.006007,147.640,SE,1,0.908228,1,0.908228,1.231101,1.891852,1.238624,0.081403,10.218452,3.672705,0.622292,0.973632,0.446075,1.238624,0.176540,0.087965,-0.315817,0.372350,0.197241,-8.624001,-20.123001,-31.694002,NaN,-3.112046,true,Self-supervised model,0.187763,1.631000,10.253616,6.286705,0.000000,0.000000,0.993926,3.326503,false,false
2026-04-17T14:47:35.948846,0.614917,-0.668397,-1.005414,147.606,SE,1,0.908228,1,0.908228,1.224635,1.887163,1.190690,-0.184354,10.342952,3.481169,0.383130,1.095069,0.267913,1.190690,0.178984,0.165544,-0.346361,0.423563,0.243803,-8.624001,-20.123001,-31.694002,NaN,-3.105035,true,Self-supervised model,0.182899,1.639000,10.219631,6.235284,0.000000,0.000000,1.028509,2.811127,false,false
2026-04-17T14:47:35.957311,0.614917,-0.668397,-1.003292,147.484,SE,1,0.908228,1,0.908228,1.228349,1.882810,1.247847,-0.519542,10.488997,3.332729,0.077187,1.238367,0.132707,1.247847,0.152105,0.176540,-0.336587,0.409381,0.233029,-8.624001,-20.123001,-31.694002,NaN,-3.096800,true,Self-supervised model,0.185970,1.647000,10.098080,6.131196,0.000000,0.000000,0.984375,3.048128,false,false
2026-04-17T14:47:35.964787,0.614917,-0.668397,-0.999860,147.288,SE,1,0.908228,1,0.908228,1.263345,1.880032,1.447075,-0.794875,10.687716,3.260903,-0.170487,1.435212,0.071594,1.447075,0.099571,0.122784,-0.287107,0.327751,0.158083,-8.624001,-20.123001,-31.694002,NaN,-3.088126,true,Self-supervised model,0.204907,1.655000,9.901441,5.982744,0.000000,0.000000,0.873034,4.415169,false,false
2026-04-17T14:47:35.973144,0.614917,-0.668397,-0.995486,147.037,SE,1,0.908228,1,0.908228,1.329089,1.879994,1.674244,-0.972046,10.893618,3.258508,-0.326006,1.640466,0.075395,1.674244,0.042761,0.032376,-0.222355,0.228732,0.053635,-8.624001,-20.123001,-31.694002,NaN,-3.079983,true,Self-supervised model,0.232755,1.663000,9.650821,5.803260,0.000000,0.000000,0.793844,7.319671,false,false
2026-04-17T14:47:35.981140,0.614917,-0.668397,-0.990674,146.761,SE,1,0.908228,1,0.908228,1.420849,1.883628,1.902589,-1.031901,11.111490,3.342306,-0.372432,1.858875,0.160387,1.902589,-0.017715,-0.091019,-0.131336,0.160771,0.092727,-8.624001,-20.123001,-31.694002,NaN,-3.073421,true,Self-supervised model,0.264346,1.671000,9.375127,5.610489,0.000000,0.000000,0.746797,11.834134,false,false
2026-04-17T14:47:35.989883,0.614917,-0.668397,-0.985925,146.489,SE,1,0.908228,1,0.908228,1.526086,1.891327,2.078577,-0.916979,11.295844,3.459621,-0.253867,2.044724,0.274112,2.078577,-0.073304,-0.224798,-0.041539,0.240069,0.236448,-8.624001,-20.123001,-31.694002,NaN,-3.068924,true,Self-supervised model,0.268491,1.680000,9.103035,5.418473,0.000000,0.000000,0.734197,8.658240,false,false
2026-04-17T14:47:36.002274,0.614917,-0.668397,-0.981704,146.248,SE,1,0.908228,1,0.908228,1.630368,1.902888,2.177854,-0.574608,11.389217,3.586514,0.083149,2.140500,0.392929,2.177854,-0.122784,-0.349415,0.020769,0.370942,0.370360,-8.624001,-20.123001,-31.694002,NaN,-3.066815,true,Self-supervised model,0.269956,1.692000,8.861195,5.237113,0.000000,0.000000,0.748612,5.871142,false,false
2026-04-17T14:47:36.004578,0.614917,-0.668397,-0.978325,146.054,SE,1,0.908228,1,0.908228,1.724172,1.917740,2.216642,-0.160412,11.348516,3.711013,0.484583,2.103357,0.504547,2.216642,-0.167377,-0.437990,0.044593,0.470998,0.468882,-9.355000,-19.673000,-32.403000,NaN,-3.066800,true,Self-supervised model,0.248609,1.695000,8.667557,5.113603,0.000000,0.000000,0.777831,4.706265,false,false
2026-04-17T14:47:36.012544,0.614917,-0.668397,-0.975930,145.917,SE,1,0.908228,1,0.908228,1.815944,1.935668,2.297747,0.330400,11.221623,3.881001,0.960046,1.981172,0.657960,2.297747,-0.211359,-0.496633,0.040928,0.541288,0.539738,-9.355000,-19.673000,-32.403000,NaN,-3.068345,true,Self-supervised model,0.274572,1.703000,8.530345,5.009011,0.000000,0.000000,0.790315,4.244962,false,false
2026-04-17T14:47:36.022827,0.614917,-0.668397,-0.974397,145.829,SE,1,0.908228,1,0.908228,1.918000,1.956961,2.453795,0.735020,11.116279,4.055778,1.349000,1.882119,0.811749,2.453795,-0.283441,-0.570548,-0.002443,0.637079,0.637075,-9.355000,-19.673000,-32.403000,NaN,-3.070259,true,Self-supervised model,0.288061,1.713000,8.442511,4.928494,0.000000,0.000000,0.781646,3.851631,false,false
2026-04-17T14:47:36.028710,0.614917,-0.668397,-0.973502,145.778,SE,1,0.908228,1,0.908228,2.026314,1.981735,2.594963,0.952892,11.089942,4.189853,1.553265,1.863791,0.920588,2.594963,-0.337808,-0.596204,-0.052534,0.687266,0.685255,-9.355000,-19.673000,-32.403000,NaN,-3.071917,true,Self-supervised model,0.298717,1.719000,8.391245,4.881469,0.000000,0.000000,0.780864,3.775778,false,false
2026-04-17T14:47:36.038324,0.614917,-0.668397,-0.972955,145.746,SE,1,0.908228,1,0.908228,2.133284,2.009797,2.694875,1.067814,11.066000,4.343082,1.658494,1.849891,1.043863,2.694875,-0.409891,-0.598648,-0.122173,0.735742,0.725527,-9.355000,-19.673000,-32.403000,NaN,-3.072761,true,Self-supervised model,0.309011,1.728000,8.359899,4.837905,0.000000,0.000000,0.791608,3.662800,false,false
2026-04-17T14:47:36.044372,0.614917,-0.668397,-0.972448,145.717,SE,1,0.908228,1,0.908228,2.237678,2.040912,2.785750,1.089362,11.051635,4.575319,1.675047,1.847848,1.240999,2.785750,-0.483194,-0.601091,-0.186925,0.793554,0.771225,-9.355000,-19.673000,-32.403000,NaN,-3.072414,true,Self-supervised model,0.315532,1.734000,8.330852,4.804413,0.000000,0.000000,0.803259,3.510471,false,false
2026-04-17T14:47:36.053979,0.614917,-0.668397,-0.971719,145.675,SE,1,0.908228,1,0.908228,2.333134,2.074601,2.834278,1.039083,10.975020,4.860229,1.623832,1.785893,1.485559,2.834278,-0.555887,-0.618196,-0.242514,0.866019,0.831370,-9.355000,-19.673000,-32.403000,NaN,-3.070795,true,Self-supervised model,0.318470,1.744000,8.289061,4.752902,0.000000,0.000000,0.823185,3.272765,false,false
2026-04-17T14:47:36.060930,0.614917,-0.668397,-0.970593,145.611,SE,1,0.908228,1,0.908228,2.416130,2.110262,2.851857,0.962469,10.867282,5.111620,1.548715,1.695045,1.691564,2.851857,-0.608422,-0.641409,-0.267559,0.923672,0.884071,-9.355000,-19.673000,-32.403000,NaN,-3.068083,true,Self-supervised model,0.316535,1.751000,8.224546,4.697056,0.000000,0.000000,0.847213,3.087521,false,false
2026-04-17T14:47:36.068889,0.614917,-0.668397,-0.969006,145.520,SE,1,0.908228,1,0.908228,2.478955,2.147010,2.808789,0.890643,10.591949,5.374983,1.479289,1.438315,1.905846,2.808789,-0.651182,-0.656680,-0.286496,0.968167,0.924807,-9.355000,-19.673000,-32.403000,NaN,-3.064651,true,Self-supervised model,0.311408,1.759000,8.133613,4.623998,0.000000,0.000000,0.882571,2.901141,false,false
2026-04-17T14:47:36.076676,0.614917,-0.668397,-0.966987,145.404,SE,1,0.908228,1,0.908228,2.525972,2.184169,2.772808,0.828394,10.208876,5.645528,1.419739,1.074901,2.125416,2.772808,-0.645074,-0.660956,-0.288328,0.967531,0.923571,-9.355000,-19.673000,-32.403000,NaN,-3.060905,true,Self-supervised model,0.307290,1.767000,8.017933,4.537596,0.000000,0.000000,0.910980,2.865859,false,false
2026-04-17T14:47:36.087532,0.614917,-0.668397,-0.964592,145.267,SE,1,0.908228,1,0.908228,2.563608,2.221346,2.761200,0.814029,9.782708,5.849035,1.407393,0.667964,2.279757,2.761200,-0.594372,-0.671341,-0.269392,0.936242,0.896647,-9.355000,-19.673000,-32.403000,NaN,-3.057005,true,Self-supervised model,0.308659,1.778000,7.880697,4.432338,0.000000,0.000000,0.928440,2.949239,false,false
2026-04-17T14:47:36.093044,0.614917,-0.668397,-0.961904,145.113,SE,1,0.908228,1,0.908228,2.599066,2.258455,2.785221,0.907402,9.440337,5.935226,1.500426,0.343184,2.321294,2.785221,-0.524733,-0.696386,-0.248011,0.906537,0.871951,-9.355000,-19.673000,-32.403000,NaN,-3.053149,true,Self-supervised model,0.303629,1.783000,7.726720,4.333550,0.000000,0.000000,0.933163,3.072376,false,false
2026-04-17T14:47:36.103513,0.614917,-0.668397,-0.959036,144.949,SE,1,0.908228,1,0.908228,2.639417,2.295693,2.851255,1.106121,9.133880,5.944803,1.695107,0.051973,2.292066,2.851255,-0.425162,-0.755029,-0.203418,0.890063,0.866506,-9.355000,-19.673000,-32.403000,NaN,-3.049555,true,Self-supervised model,0.315350,1.794000,7.562363,4.215364,0.000000,0.000000,0.925703,3.203433,false,false
2026-04-17T14:47:36.109039,0.614917,-0.668397,-0.956101,144.781,SE,1,0.908228,1,0.908228,2.679632,2.333051,2.890760,1.352724,8.906430,5.827487,1.932439,-0.163521,2.143696,2.890760,-0.301767,-0.807564,-0.156382,0.876172,0.862104,-9.355000,-19.673000,-32.403000,NaN,-3.046356,true,Self-supervised model,0.310837,1.799000,7.394216,4.110181,0.000000,0.000000,0.926964,3.299305,false,false
2026-04-17T14:47:36.116754,0.614917,-0.668397,-0.953227,144.616,SE,1,0.908228,1,0.908228,2.717476,2.370428,2.916161,1.611298,8.674192,5.607220,2.176934,-0.387605,1.901241,2.916161,-0.169210,-0.839329,-0.113621,0.863721,0.856215,-9.355000,-19.673000,-32.403000,NaN,-3.043728,true,Self-supervised model,0.317829,1.807000,7.229582,4.000876,0.000000,0.000000,0.931868,3.376275,false,false
2026-04-17T14:47:36.125797,0.614917,-0.668397,-0.950511,144.460,SE,1,0.908228,1,0.908228,2.740483,2.407230,2.861270,1.738190,8.473080,5.336676,2.286527,-0.584469,1.617732,2.861270,-0.056200,-0.847881,-0.096517,0.855205,0.849741,-9.355000,-19.673000,-32.403000,NaN,-3.041640,true,Self-supervised model,0.316716,1.816000,7.073945,3.895344,0.000000,0.000000,0.957786,3.345712,false,false
2026-04-17T14:47:36.132481,0.614917,-0.668397,-0.947977,144.315,SE,1,0.908228,1,0.908228,2.730329,2.442154,2.677018,1.774103,8.370130,4.900931,2.304153,-0.686563,1.177257,2.677018,0.038485,-0.855211,-0.106901,0.862726,0.856077,-9.355000,-19.673000,-32.403000,NaN,-3.039836,true,Self-supervised model,0.298958,1.823000,6.928770,3.800752,0.000000,0.000000,1.019914,3.102978,false,false
2026-04-17T14:47:36.140447,0.614917,-0.668397,-0.945553,144.176,SE,1,0.908228,1,0.908228,2.681393,2.473724,2.424479,1.640028,8.307879,4.548983,2.152605,-0.750006,0.825762,2.424479,0.085521,-0.864985,-0.148440,0.881787,0.869203,-9.355000,-19.673000,-32.403000,NaN,-3.037850,true,Self-supervised model,0.279804,1.831000,6.789867,3.708283,0.000000,0.000000,1.105967,2.749507,false,false
2026-04-17T14:47:36.148917,0.614917,-0.668397,-0.943113,144.036,SE,1,0.908228,1,0.908228,2.599817,2.500767,2.171543,1.474828,8.295909,4.220978,1.970742,-0.763409,0.498983,2.171543,0.085521,-0.886365,-0.206472,0.914105,0.890482,-9.355000,-19.673000,-32.403000,NaN,-3.035349,true,Self-supervised model,0.259258,1.839000,6.650084,3.616141,0.000000,0.000000,1.197221,2.375594,false,false
2026-04-17T14:47:36.161585,0.614917,-0.668397,-0.940565,143.890,SE,1,0.908228,1,0.908228,2.488170,2.522264,1.902024,1.276109,8.322245,3.988740,1.736269,-0.733791,0.254190,1.902024,0.048869,-0.902859,-0.261450,0.941222,0.904180,-9.355000,-19.673000,-32.403000,NaN,-3.032365,true,Self-supervised model,0.239832,1.852000,6.504066,3.511915,0.000000,0.000000,1.308170,2.020803,false,false
2026-04-17T14:47:36.164629,0.614917,-0.668397,-0.938882,143.794,SE,1,0.908228,1,0.908228,2.348065,2.537296,1.612513,1.039083,8.360553,3.761291,1.457839,-0.689102,0.006454,1.612513,-0.012217,-0.899805,-0.309709,0.951692,0.899887,-9.277000,-19.937000,-32.277000,NaN,-3.034145,true,Self-supervised model,0.214313,1.855000,6.407647,3.454257,0.000000,0.000000,1.456152,1.694365,false,false
2026-04-17T14:47:36.172451,0.614917,-0.668397,-0.938156,143.752,SE,1,0.908228,1,0.908228,2.197813,2.545716,1.408988,0.847547,8.350976,3.636792,1.220067,-0.689891,-0.143994,1.408988,-0.084299,-0.869872,-0.349415,0.941209,0.873947,-9.277000,-19.937000,-32.277000,NaN,-3.037248,true,Self-supervised model,0.210235,1.863000,6.366075,3.417109,0.000000,0.000000,1.559852,1.496998,false,false
2026-04-17T14:47:36.180455,0.614917,-0.668397,-0.938434,143.768,SE,1,0.908228,1,0.908228,2.058498,2.548228,1.327096,0.689530,8.214506,3.545813,1.012840,-0.815225,-0.265988,1.327096,-0.134390,-0.805731,-0.378126,0.900135,0.816862,-9.277000,-19.937000,-32.277000,NaN,-3.041538,true,Self-supervised model,0.204540,1.871000,6.381976,3.410997,0.000000,0.000000,1.551129,1.474331,false,false
2026-04-17T14:47:36.189460,0.614917,-0.668397,-0.939689,143.840,SE,1,0.908228,1,0.908228,1.938500,2.545838,1.308508,0.536301,8.044518,3.514688,0.810458,-0.972737,-0.330352,1.308508,-0.152716,-0.737314,-0.392175,0.848974,0.752964,-9.277000,-19.937000,-32.277000,NaN,-3.046704,true,Self-supervised model,0.198434,1.880000,6.453897,3.432924,0.000000,0.000000,1.481458,1.541282,false,false
2026-04-17T14:47:36.196830,0.614917,-0.668397,-0.941778,143.960,SE,1,0.908228,1,0.908228,1.858061,2.540327,1.435760,0.229843,7.699753,3.509900,0.471696,-1.306717,-0.362494,1.435760,-0.146608,-0.643852,-0.386678,0.765218,0.660333,-9.277000,-19.937000,-32.277000,NaN,-3.052128,true,Self-supervised model,0.198285,1.887000,6.573581,3.483615,0.000000,0.000000,1.294130,1.876276,false,false
2026-04-17T14:47:36.204860,0.614917,-0.668397,-0.943797,144.076,SE,1,0.908228,1,0.908228,1.782739,2.532024,1.387300,0.031125,7.682993,3.550601,0.275704,-1.317708,-0.335010,1.387300,-0.113621,-0.556498,-0.355524,0.670072,0.567979,-9.277000,-19.937000,-32.277000,NaN,-3.053865,true,Self-supervised model,0.196046,1.895000,6.689243,3.529943,0.000000,0.000000,1.285043,2.070373,false,false
2026-04-17T14:47:36.212820,0.614917,-0.668397,-0.944185,144.098,SE,1,0.908228,1,0.908228,1.713941,2.521300,1.352750,-0.158017,7.773973,3.323152,0.090905,-1.222394,-0.572208,1.352750,-0.069639,-0.433714,-0.299324,0.531557,0.439269,-9.277000,-19.937000,-32.277000,NaN,-3.047734,true,Self-supervised model,0.197514,1.903000,6.711514,3.526807,0.000000,0.000000,1.267005,2.544883,false,false
2026-04-17T14:47:36.221737,0.614917,-0.668397,-0.943346,144.050,SE,1,0.908228,1,0.908228,1.669468,2.509227,1.435982,-0.541090,7.941567,2.966416,-0.286433,-1.052450,-0.933997,1.435982,-0.017104,-0.253509,-0.226631,0.340472,0.254085,-9.277000,-19.937000,-32.277000,NaN,-3.041981,true,Self-supervised model,0.204619,1.912000,6.663397,3.485040,0.000000,0.000000,1.162597,4.217624,false,false
2026-04-17T14:47:36.228847,0.614917,-0.668397,-0.941706,143.956,SE,1,0.908228,1,0.908228,1.634624,2.496243,1.451697,-0.691924,8.068460,2.868254,-0.430268,-0.925130,-1.032680,1.451697,0.028100,-0.037263,-0.131336,0.139382,0.046670,-9.277000,-19.937000,-32.277000,NaN,-3.037143,true,Self-supervised model,0.220410,1.919000,6.569470,3.423382,0.000000,0.000000,1.126009,10.415259,false,false
2026-04-17T14:47:36.236914,0.614917,-0.668397,-0.939702,143.841,SE,1,0.908228,1,0.908228,1.590528,2.482014,1.359022,-0.751779,8.149862,2.949656,-0.483531,-0.844773,-0.948418,1.359022,0.059865,0.120951,-0.024435,0.137150,0.134956,-9.277000,-19.937000,-32.277000,NaN,-3.033677,true,Self-supervised model,0.212798,1.927000,6.454613,3.349565,0.000000,0.000000,1.170347,9.909036,false,false
2026-04-17T14:47:36.244875,0.614917,-0.668397,-0.937756,143.729,SE,1,0.908228,1,0.908228,1.531253,2.465984,1.220060,-0.689530,8.161834,3.107674,-0.417990,-0.834882,-0.785368,1.220060,0.074526,0.183870,0.067195,0.209470,0.198400,-9.277000,-19.937000,-32.277000,NaN,-3.031970,true,Self-supervised model,0.195196,1.935000,6.343162,3.278120,0.000000,0.000000,1.255064,5.824515,false,false
2026-04-17T14:47:36.254319,0.614917,-0.668397,-0.936253,143.643,SE,1,0.908228,1,0.908228,1.466358,2.447999,1.125657,-0.555455,8.097190,3.277662,-0.286072,-0.902201,-0.609344,1.125657,0.081856,0.179594,0.138056,0.240861,0.197369,-9.277000,-19.937000,-32.277000,NaN,-3.032232,true,Self-supervised model,0.189636,1.944000,6.257010,3.218626,0.000000,0.000000,1.302668,4.673477,false,false
2026-04-17T14:47:36.261426,0.614917,-0.668397,-0.935465,143.598,SE,1,0.908228,1,0.908228,1.407923,2.428396,1.101142,-0.361524,8.020576,3.392584,-0.101509,-0.981812,-0.488116,1.101142,0.080023,0.079412,0.223577,0.250393,0.112739,-9.277000,-19.937000,-32.277000,NaN,-3.034308,true,Self-supervised model,0.188381,1.952000,6.211870,3.182311,0.000000,0.000000,1.278602,4.397658,false,false
2026-04-17T14:47:36.268638,0.614917,-0.668397,-0.935572,143.604,SE,1,0.908228,1,0.908228,1.378222,2.408389,1.222288,-0.179565,7.872135,3.421314,0.064169,-1.133066,-0.453906,1.222288,0.063530,-0.053756,0.261450,0.274376,0.083221,-9.277000,-19.937000,-32.277000,NaN,-3.037994,true,Self-supervised model,0.195208,1.959000,6.218000,3.174068,0.000000,0.000000,1.127575,4.454795,false,false
2026-04-17T14:47:36.276683,0.614917,-0.668397,-0.936604,143.663,SE,1,0.908228,1,0.908228,1.361410,2.388510,1.273150,-0.122104,7.829040,3.399766,0.099453,-1.178432,-0.471506,1.273150,0.047037,-0.158825,0.273668,0.319893,0.165644,-9.277000,-19.937000,-32.277000,NaN,-3.042724,true,Self-supervised model,0.196696,1.967000,6.277107,3.191209,0.000000,0.000000,1.069324,3.979920,false,false
2026-04-17T14:47:36.286915,0.614917,-0.668397,-0.938492,143.772,SE,1,0.908228,1,0.908228,1.363281,2.369501,1.373103,0.009577,7.740454,3.385401,0.205312,-1.268808,-0.483100,1.373103,0.039706,-0.244346,0.277333,0.371746,0.247551,-9.277000,-19.937000,-32.277000,NaN,-3.048038,true,Self-supervised model,0.202474,1.977000,6.385283,3.229784,0.000000,0.000000,0.992847,3.693659,false,false
2026-04-17T14:47:36.292966,0.614917,-0.668397,-0.941103,143.921,SE,1,0.908228,1,0.908228,1.382913,2.352037,1.485978,0.134075,7.659051,3.327940,0.301885,-1.351849,-0.538053,1.485978,0.047037,-0.284663,0.269392,0.394737,0.288523,-9.277000,-19.937000,-32.277000,NaN,-3.053545,true,Self-supervised model,0.207711,1.983000,6.534930,3.295476,0.000000,0.000000,0.930641,3.764476,false,false
2026-04-17T14:47:36.302493,0.614917,-0.668397,-0.944292,144.104,SE,1,0.908228,1,0.908228,1.428468,2.337094,1.667631,0.296881,7.520187,3.260903,0.436989,-1.492717,-0.601522,1.667631,0.072693,-0.270002,0.252287,0.376609,0.279617,-9.277000,-19.937000,-32.277000,NaN,-3.059040,true,Self-supervised model,0.222661,1.993000,6.717618,3.370606,0.000000,0.000000,0.856585,4.428014,false,false
2026-04-17T14:47:36.308555,0.614917,-0.668397,-0.947902,144.311,SE,1,0.908228,1,0.908228,1.479372,2.324785,1.746622,0.402226,7.479486,3.205836,0.516774,-1.536335,-0.650621,1.746622,0.111788,-0.228464,0.226631,0.340667,0.254347,-9.277000,-19.937000,-32.277000,NaN,-3.064334,true,Self-supervised model,0.227030,1.999000,6.924435,3.463949,0.000000,0.000000,0.846990,5.127069,false,false
2026-04-17T14:47:36.322814,0.614917,-0.668397,-0.951771,144.532,SE,1,0.908228,1,0.908228,1.534550,2.315176,1.824231,0.490811,7.443573,3.138798,0.583775,-1.576465,-0.708367,1.824231,0.163101,-0.169210,0.184481,0.298776,0.235019,-9.277000,-19.937000,-32.277000,NaN,-3.069241,true,Self-supervised model,0.238521,2.013000,7.146120,3.549985,0.000000,0.000000,0.841204,6.105676,false,false
2026-04-17T14:47:36.325972,0.614917,-0.668397,-0.955712,144.758,SE,1,0.908228,1,0.908228,1.584215,2.307938,1.844958,0.517148,7.474698,3.031059,0.594479,-1.551292,-0.802470,1.844958,0.211970,-0.113621,0.132558,0.274614,0.240502,-14.462001,-18.481001,-32.422001,NaN,-3.073472,true,Self-supervised model,0.229688,2.016000,7.371946,3.656719,0.000000,0.000000,0.858673,6.718377,false,false
2026-04-17T14:47:36.332804,0.614917,-0.668397,-0.959491,144.975,SE,1,0.908228,1,0.908228,1.608230,2.301949,1.734308,0.471658,7.627927,2.954445,0.537759,-1.405005,-0.862903,1.734308,0.241292,-0.078191,0.080023,0.265969,0.253644,-14.462001,-18.481001,-32.422001,NaN,-3.076601,true,Self-supervised model,0.229572,2.023000,7.588465,3.751095,0.000000,0.000000,0.927303,6.520729,false,false
2026-04-17T14:47:36.340396,0.614917,-0.668397,-0.962964,145.174,SE,1,0.908228,1,0.908228,1.599750,2.295861,1.555229,0.440533,7.819463,2.975993,0.499481,-1.220941,-0.823748,1.555229,0.244957,-0.087354,0.040928,0.263267,0.260067,-14.462001,-18.481001,-32.422001,NaN,-3.078851,true,Self-supervised model,0.217398,2.030000,7.787457,3.836186,0.000000,0.000000,1.028626,5.907414,false,false
2026-04-17T14:47:36.348703,0.614917,-0.668397,-0.965997,145.348,SE,1,0.908228,1,0.908228,1.556319,2.288280,1.328307,0.380678,8.049306,3.021482,0.434258,-0.998386,-0.760949,1.328307,0.230907,-0.160658,0.009774,0.281468,0.281299,-14.462001,-18.481001,-32.422001,NaN,-3.080124,true,Self-supervised model,0.201719,2.039000,7.961240,3.904483,0.000000,0.000000,1.171656,4.719204,false,false
2026-04-17T14:47:36.357070,0.614917,-0.668397,-0.968521,145.492,SE,1,0.908228,1,0.908228,1.489941,2.278346,1.141457,0.332794,8.257602,3.043030,0.380313,-0.796750,-0.723516,1.141457,0.200975,-0.268781,-0.010385,0.335770,0.335610,-14.462001,-18.481001,-32.422001,NaN,-3.080612,true,Self-supervised model,0.189649,2.047000,8.105868,3.959877,0.000000,0.000000,1.305298,3.399516,false,false
2026-04-17T14:47:36.365062,0.614917,-0.668397,-0.970531,145.607,SE,1,0.908228,1,0.908228,1.415215,2.265821,1.022902,0.282516,8.525752,2.942474,0.322270,-0.534228,-0.810599,1.022902,0.157603,-0.354302,-0.031765,0.389073,0.387774,-14.462001,-18.481001,-32.422001,NaN,-3.080564,true,Self-supervised model,0.182472,2.055000,8.221010,4.000491,0.000000,0.000000,1.383529,2.629077,false,false
2026-04-17T14:47:36.373500,0.614917,-0.668397,-0.972057,145.695,SE,1,0.908228,1,0.908228,1.348829,2.251141,1.000305,0.237026,8.722076,2.841918,0.268386,-0.342216,-0.900815,1.000305,0.117897,-0.380569,-0.043982,0.400833,0.398412,-14.462001,-18.481001,-32.422001,NaN,-3.080154,true,Self-supervised model,0.180276,2.064000,8.308435,4.025405,0.000000,0.000000,1.348418,2.495566,false,false
2026-04-17T14:47:36.380453,0.614917,-0.668397,-0.973120,145.756,SE,1,0.908228,1,0.908228,1.291379,2.234751,0.989766,0.191536,8.992621,2.772485,0.215550,-0.074631,-0.963122,0.989766,0.069028,-0.328645,-0.057421,0.340690,0.335816,-14.462001,-18.481001,-32.422001,NaN,-3.079365,true,Self-supervised model,0.179679,2.071000,8.369329,4.041202,0.000000,0.000000,1.304732,2.905176,false,false
2026-04-17T14:47:36.388907,0.614917,-0.668397,-0.973759,145.792,SE,1,0.908228,1,0.908228,1.230793,2.216592,0.912715,0.177171,9.208099,2.851494,0.196932,0.139255,-0.880270,0.912715,0.012828,-0.211970,-0.080023,0.226935,0.212358,-14.462001,-18.481001,-32.422001,NaN,-3.078308,true,Self-supervised model,0.179935,2.079000,8.405936,4.043259,0.000000,0.000000,1.348496,4.021915,false,false
2026-04-17T14:47:36.397035,0.614917,-0.668397,-0.974006,145.806,SE,1,0.908228,1,0.908228,1.151388,2.195984,0.734511,0.220267,9.358934,3.098097,0.239563,0.289111,-0.631293,0.734511,-0.031765,-0.070250,-0.103847,0.129338,0.077097,-14.462001,-18.481001,-32.422001,NaN,-3.076988,true,Self-supervised model,0.180399,2.087000,8.420089,4.034542,0.000000,0.000000,1.567557,5.679020,false,false
2026-04-17T14:47:36.404636,0.614917,-0.668397,-0.973925,145.802,SE,1,0.908228,1,0.908228,1.069904,2.172941,0.642112,0.294487,9.464279,3.339911,0.320657,0.395288,-0.391453,0.642112,-0.050091,0.053145,-0.130114,0.149209,0.073031,-14.462001,-18.481001,-32.422001,NaN,-3.075594,true,Self-supervised model,0.176390,2.095000,8.415442,4.016917,0.000000,0.000000,1.666225,4.303448,false,false
2026-04-17T14:47:36.412485,0.614917,-0.668397,-0.973418,145.773,SE,1,0.908228,1,0.908228,0.995691,2.147851,0.606076,0.383072,9.485827,3.612850,0.422073,0.417831,-0.120825,0.606076,-0.049480,0.148440,-0.162490,0.225579,0.156470,-14.462001,-18.481001,-32.422001,NaN,-3.073384,true,Self-supervised model,0.169768,2.103000,8.386400,3.987827,0.000000,0.000000,1.642850,2.686757,false,false
2026-04-17T14:47:36.421013,0.614917,-0.668397,-0.972445,145.717,SE,1,0.908228,1,0.908228,0.940384,2.121552,0.650023,0.347159,9.557653,3.869030,0.405274,0.490058,0.134631,0.650023,-0.009774,0.285885,-0.224188,0.363436,0.286052,-14.462001,-18.481001,-32.422001,NaN,-3.070550,true,Self-supervised model,0.162557,2.111000,8.330689,3.946323,0.000000,0.000000,1.446694,1.788547,false,false
2026-04-17T14:47:36.428628,0.614917,-0.668397,-0.970934,145.630,SE,1,0.908228,1,0.908228,0.908703,2.095038,0.742379,0.275333,9.636662,4.048595,0.357722,0.568256,0.316617,0.742379,0.037874,0.337808,-0.258396,0.426987,0.339925,-14.462001,-18.481001,-32.422001,NaN,-3.066882,true,Self-supervised model,0.161757,2.119000,8.244092,3.890558,0.000000,0.000000,1.224042,1.738647,false,false
2026-04-17T14:47:36.436884,0.614917,-0.668397,-0.968833,145.510,SE,1,0.908228,1,0.908228,0.913928,2.069794,0.941355,0.165200,9.837775,4.197036,0.274815,0.767003,0.471522,0.941355,0.098960,0.350637,-0.283441,0.461604,0.364334,-14.462001,-18.481001,-32.422001,NaN,-3.062422,true,Self-supervised model,0.175015,2.127000,8.123702,3.819324,0.000000,0.000000,0.970864,2.039314,false,false
2026-04-17T14:47:36.444530,0.614917,-0.668397,-0.966143,145.356,SE,1,0.908228,1,0.908228,0.949348,2.046976,1.135302,0.086191,10.036493,4.278439,0.212253,0.959634,0.568297,1.135302,0.163712,0.317039,-0.289550,0.459516,0.356813,-14.462001,-18.481001,-32.422001,NaN,-3.057378,true,Self-supervised model,0.190212,2.135000,7.969591,3.732830,0.000000,0.000000,0.836207,2.470649,false,false
2026-04-17T14:47:36.453813,0.614917,-0.668397,-0.963479,145.203,SE,1,0.908228,1,0.908228,0.997483,2.026996,1.250195,-0.014365,10.163386,4.309563,0.129890,1.079844,0.616483,1.250195,0.211359,0.270002,-0.287107,0.447218,0.342891,-14.462001,-18.481001,-32.422001,NaN,-3.054815,true,Self-supervised model,0.199628,2.144000,7.816930,3.645956,0.000000,0.000000,0.797862,2.795491,false,false
2026-04-17T14:47:36.460958,0.614917,-0.668397,-0.960665,145.042,SE,1,0.908228,1,0.908228,1.047100,2.009800,1.307591,-0.117316,10.251971,4.273650,0.045582,1.160713,0.600384,1.307591,0.286496,0.175929,-0.279776,0.437385,0.336201,-14.462001,-18.481001,-32.422001,NaN,-3.051404,true,Self-supervised model,0.201984,2.151000,7.655715,3.559142,0.000000,0.000000,0.800786,2.989564,false,false
2026-04-17T14:47:36.470569,0.614917,-0.668397,-0.957592,144.866,SE,1,0.908228,1,0.908228,1.088473,1.994947,1.305677,-0.270545,10.297462,4.163517,-0.088330,1.197234,0.513440,1.305677,0.343306,0.086743,-0.273057,0.447150,0.354095,-14.462001,-18.481001,-32.422001,NaN,-3.047294,true,Self-supervised model,0.201148,2.161000,7.479646,3.461196,0.000000,0.000000,0.833646,2.919995,false,false
2026-04-17T14:47:36.482028,0.614917,-0.668397,-0.954139,144.668,SE,1,0.908228,1,0.908228,1.122648,1.982055,1.302068,-0.476446,10.333375,3.976769,-0.273558,1.223108,0.352921,1.302068,0.380569,-0.007330,-0.262061,0.462128,0.380640,-14.462001,-18.481001,-32.422001,NaN,-3.042322,true,Self-supervised model,0.200304,2.172000,7.281815,3.352585,0.000000,0.000000,0.862204,2.817546,false,false
2026-04-17T14:47:36.487543,0.614917,-0.668397,-0.950161,144.440,SE,1,0.908228,1,0.908228,1.161564,1.971236,1.365871,-0.670376,10.390836,3.818752,-0.450828,1.269945,0.222706,1.365871,0.378126,-0.103847,-0.241292,0.460418,0.392126,-16.614000,-18.702002,-31.767002,NaN,-3.036243,true,Self-supervised model,0.200150,2.178000,7.053891,3.238701,0.000000,0.000000,0.850420,2.966588,false,false
2026-04-17T14:47:36.493510,0.614917,-0.668397,-0.945794,144.190,SE,1,0.908228,1,0.908228,1.211902,1.962862,1.476182,-0.845153,10.469844,3.675100,-0.612795,1.338815,0.105686,1.476182,0.349415,-0.180816,-0.206472,0.444315,0.393428,-16.614000,-18.702002,-31.767002,NaN,-3.030319,true,Self-supervised model,0.207687,2.184000,6.803673,3.115235,0.000000,0.000000,0.820971,3.322374,false,false
2026-04-17T14:47:36.502761,0.614917,-0.668397,-0.941203,143.927,SE,1,0.908228,1,0.908228,1.278455,1.957486,1.627856,-0.945710,10.606314,3.581726,-0.705954,1.466381,0.035666,1.627856,0.283441,-0.240070,-0.142332,0.397783,0.371447,-16.614000,-18.702002,-31.767002,NaN,-3.024832,true,Self-supervised model,0.223631,2.193000,6.540618,2.982498,0.000000,0.000000,0.785361,4.092327,false,false
2026-04-17T14:47:36.509027,0.614917,-0.668397,-0.936636,143.665,SE,1,0.908228,1,0.908228,1.353625,1.955332,1.748265,-0.907402,10.761936,3.593697,-0.666301,1.614970,0.065911,1.748265,0.207694,-0.258396,-0.068417,0.338506,0.331520,-16.614000,-18.702002,-31.767002,NaN,-3.020362,true,Self-supervised model,0.231413,2.199000,6.278952,2.855367,0.000000,0.000000,0.774268,5.164651,false,false
2026-04-17T14:47:36.516939,0.614917,-0.668397,-0.932393,143.422,SE,1,0.908228,1,0.908228,1.428976,1.956277,1.824570,-0.830788,10.864887,3.722984,-0.593343,1.712777,0.208316,1.824570,0.141110,-0.221133,-0.002443,0.262332,0.262320,-16.614000,-18.702002,-31.767002,NaN,-3.017417,true,Self-supervised model,0.243192,2.207000,6.035873,2.734877,0.000000,0.000000,0.783185,6.955207,false,false
2026-04-17T14:47:36.525099,0.614917,-0.668397,-0.928736,143.213,SE,1,0.908228,1,0.908228,1.496902,1.959902,1.853513,-0.677559,10.922348,3.845088,-0.446491,1.766620,0.339430,1.853513,0.110567,-0.144164,0.034819,0.184988,0.181682,-16.614000,-18.702002,-31.767002,NaN,-3.016102,true,Self-supervised model,0.255690,2.215000,5.826335,2.630399,0.000000,0.000000,0.807602,10.019624,false,false
2026-04-17T14:47:36.533318,0.614917,-0.668397,-0.925827,143.046,SE,1,0.908228,1,0.908228,1.564410,1.966083,1.918828,-0.617704,10.967838,4.003105,-0.392539,1.809118,0.504883,1.918828,0.101404,-0.021380,0.054978,0.117313,0.103633,-16.614000,-18.702002,-31.767002,NaN,-3.016184,true,Self-supervised model,0.279682,2.223000,5.659649,2.545951,0.000000,0.000000,0.815294,16.356463,false,false
2026-04-17T14:47:36.540768,0.614917,-0.668397,-0.923662,142.922,SE,1,0.908228,1,0.908228,1.637437,1.974937,2.020827,-0.593762,11.075577,4.022259,-0.371930,1.913733,0.532010,2.020827,0.127060,0.118508,0.058643,0.183378,0.173748,-16.614000,-18.702002,-31.767002,NaN,-3.016997,true,Self-supervised model,0.272479,2.231000,5.535617,2.481227,0.000000,0.000000,0.810281,11.020031,false,false
2026-04-17T14:47:36.548704,0.614917,-0.668397,-0.922152,142.835,SE,1,0.908228,1,0.908228,1.709939,1.986337,2.090578,-0.641646,11.173739,3.883395,-0.419448,2.007879,0.403733,2.090578,0.169210,0.255342,0.051313,0.310587,0.306319,-16.614000,-18.702002,-31.767002,NaN,-3.018106,true,Self-supervised model,0.266444,2.239000,5.449095,2.433718,0.000000,0.000000,0.817927,6.731054,false,false
2026-04-17T14:47:36.557446,0.614917,-0.668397,-0.921163,142.779,SE,1,0.908228,1,0.908228,1.778297,2.000015,2.137174,-0.727837,11.240777,3.643975,-0.501607,2.069837,0.177988,2.137174,0.191201,0.323759,0.054978,0.380000,0.376002,-16.614000,-18.702002,-31.767002,NaN,-3.019202,true,Self-supervised model,0.267932,2.248000,5.392445,2.398775,0.000000,0.000000,0.832079,5.624143,false,false
2026-04-17T14:47:36.565305,0.614917,-0.668397,-0.920559,142.744,SE,1,0.908228,1,0.908228,1.846798,2.015887,2.206431,-0.749385,11.317391,3.327940,-0.518462,2.141092,-0.123523,2.206431,0.175318,0.313374,0.072082,0.366245,0.359082,-16.614000,-18.702002,-31.767002,NaN,-3.020137,true,Self-supervised model,0.274875,2.255000,5.357830,2.375978,0.000000,0.000000,0.837007,6.024464,false,false
2026-04-17T14:47:36.572649,0.614917,-0.668397,-0.920289,142.729,SE,1,0.908228,1,0.908228,1.921925,2.034128,2.316340,-0.667982,11.415554,3.014300,-0.435291,2.234925,-0.425513,2.316340,0.092241,0.203418,0.096517,0.243316,0.223355,-16.614000,-18.702002,-31.767002,NaN,-3.021201,true,Self-supervised model,0.294000,2.263000,5.342336,2.360732,0.000000,0.000000,0.829725,9.519878,false,false
2026-04-17T14:47:36.580374,0.614917,-0.668397,-0.920399,142.735,SE,1,0.908228,1,0.908228,1.999199,2.054731,2.404888,-0.548272,11.487380,2.829947,-0.319073,2.305269,-0.606145,2.404888,-0.063530,0.017104,0.111788,0.129712,0.065792,-16.614000,-18.702002,-31.767002,NaN,-3.022832,true,Self-supervised model,0.327785,2.270000,5.348626,2.356223,0.000000,0.000000,0.831307,18.540187,false,false
2026-04-17T14:47:36.589113,0.614917,-0.668397,-0.920941,142.766,SE,1,0.908228,1,0.908228,2.071868,2.077417,2.453380,-0.407014,11.530476,2.772485,-0.187378,2.351746,-0.673243,2.453380,-0.246179,-0.178984,0.103847,0.321595,0.304367,-16.614000,-18.702002,-31.767002,NaN,-3.025105,true,Self-supervised model,0.298048,2.279000,5.379711,2.360558,0.000000,0.000000,0.844495,7.628791,false,false
2026-04-17T14:47:36.598138,0.614917,-0.668397,-0.921910,142.822,SE,1,0.908228,1,0.908228,2.128778,2.101471,2.427558,-0.292093,11.537658,2.944868,-0.086349,2.368227,-0.526385,2.427558,-0.490525,-0.394008,0.061697,0.632189,0.629172,-16.614000,-18.702002,-31.767002,NaN,-3.027778,true,Self-supervised model,0.281464,2.288000,5.435211,2.375529,0.000000,0.000000,0.876922,3.839921,false,false
2026-04-17T14:47:36.604494,0.614917,-0.668397,-0.923181,142.894,SE,1,0.908228,1,0.908228,2.141675,2.125079,2.209380,-0.208296,11.360487,3.416526,-0.018081,2.207141,-0.097794,2.209380,-0.726930,-0.533896,-0.004887,0.901940,0.901927,-16.614000,-18.702002,-31.767002,NaN,-3.030260,true,Self-supervised model,0.257294,2.295000,5.508049,2.400021,0.000000,0.000000,0.969355,2.449587,false,false
2026-04-17T14:47:36.612309,0.614917,-0.668397,-0.924524,142.971,SE,1,0.908228,1,0.908228,2.112113,2.146561,1.956916,-0.174777,11.037270,4.015076,0.001800,1.906232,0.442492,1.956916,-0.855211,-0.575435,-0.058643,1.032449,1.030782,-16.614000,-18.702002,-31.767002,NaN,-3.031889,true,Self-supervised model,0.236555,2.302000,5.584982,2.426143,0.000000,0.000000,1.079307,1.895412,false,false
2026-04-17T14:47:36.620898,0.614917,-0.668397,-0.925651,143.036,SE,1,0.908228,1,0.908228,2.053851,2.164852,1.747976,-0.169988,10.481815,4.716578,-0.002552,1.377451,1.076123,1.747976,-0.965778,-0.544892,-0.147219,1.118619,1.108889,-16.614000,-18.702002,-31.767002,NaN,-3.032154,true,Self-supervised model,0.220610,2.311000,5.649567,2.444642,0.000000,0.000000,1.174989,1.562620,false,false
2026-04-17T14:47:36.628810,0.614917,-0.668397,-0.926305,143.073,SE,1,0.908228,1,0.908228,2.004746,2.180448,1.746943,-0.248997,9.885659,5.257667,-0.083895,0.810309,1.545370,1.746943,-0.969443,-0.442877,-0.210138,1.086332,1.065814,-16.614000,-18.702002,-31.767002,NaN,-3.030917,true,Self-supervised model,0.219970,2.319000,5.687058,2.452375,0.000000,0.000000,1.147574,1.608111,false,false
2026-04-17T14:47:36.641930,0.614917,-0.668397,-0.926275,143.072,SE,1,0.908228,1,0.908228,1.986302,2.194682,1.889471,-0.414197,9.277532,5.640739,-0.244518,0.230853,1.859306,1.889471,-0.885755,-0.297491,-0.248011,0.966733,0.934378,-16.614000,-18.702002,-31.767002,NaN,-3.028147,true,Self-supervised model,0.231433,2.332000,5.685317,2.437958,0.000000,0.000000,1.051248,1.954492,false,false
2026-04-17T14:47:36.645060,0.614917,-0.668397,-0.925487,143.026,SE,1,0.908228,1,0.908228,1.999306,2.208867,2.067575,-0.644040,8.925584,5.853823,-0.462480,-0.095770,2.012910,2.067575,-0.751975,-0.150273,-0.259618,0.809599,0.766843,-14.739000,-17.452002,-29.093002,NaN,-3.024328,true,Self-supervised model,0.241182,2.335000,5.640152,2.415483,0.000000,0.000000,0.966981,2.553827,false,false
2026-04-17T14:47:36.653059,0.614917,-0.668397,-0.923954,142.939,SE,1,0.908228,1,0.908228,2.023826,2.223465,2.152561,-0.826000,8.564059,5.901707,-0.628089,-0.436094,2.012174,2.152561,-0.607200,-0.014661,-0.259007,0.660296,0.607377,-14.739000,-17.452002,-29.093002,NaN,-3.019819,true,Self-supervised model,0.251494,2.343000,5.552356,2.369764,0.000000,0.000000,0.940195,3.259992,false,false
2026-04-17T14:47:36.661666,0.614917,-0.668397,-0.921811,142.816,SE,1,0.908228,1,0.908228,2.045818,2.238359,2.161270,-0.938527,8.214506,5.808333,-0.719028,-0.771174,1.886631,2.161270,-0.307876,0.213803,-0.239459,0.444792,0.374832,-14.739000,-17.452002,-29.093002,NaN,-3.015234,true,Self-supervised model,0.258990,2.352000,5.429573,2.308492,0.000000,0.000000,0.946581,4.859057,false,false
2026-04-17T14:47:36.668968,0.614917,-0.668397,-0.919186,142.665,SE,1,0.908228,1,0.908228,2.040996,2.252465,2.015682,-0.995988,8.085219,5.580884,-0.751727,-0.892899,1.643354,2.015682,-0.087354,0.330478,-0.212581,0.402538,0.341828,-14.739000,-17.452002,-29.093002,NaN,-3.010678,true,Self-supervised model,0.249476,2.359000,5.279142,2.237873,0.000000,0.000000,1.012559,5.007427,false,false
2026-04-17T14:47:36.676432,0.614917,-0.668397,-0.916220,142.496,SE,1,0.908228,1,0.908228,2.004431,2.264544,1.812467,-1.058237,8.173804,5.360618,-0.788023,-0.802723,1.421159,1.812467,0.055589,0.375682,-0.185703,0.422744,0.379773,-14.739000,-17.452002,-29.093002,NaN,-3.006352,true,Self-supervised model,0.234182,2.367000,5.109224,2.158523,0.000000,0.000000,1.105913,4.287383,false,false
2026-04-17T14:47:36.686934,0.614917,-0.668397,-0.913036,142.313,SE,1,0.908228,1,0.908228,1.919685,2.272749,1.474771,-1.139640,8.432379,5.011064,-0.844393,-0.546425,1.078596,1.474771,0.152716,0.353691,-0.158214,0.416475,0.385253,-14.739000,-17.452002,-29.093002,NaN,-3.002295,true,Self-supervised model,0.215005,2.377000,4.926806,2.072699,0.000000,0.000000,1.301684,3.541080,false,false
2026-04-17T14:47:36.693205,0.614917,-0.668397,-0.909737,142.124,SE,1,0.908228,1,0.908228,1.807101,2.276123,1.216034,-1.237802,8.623915,4.630386,-0.920376,-0.359003,0.709059,1.216034,0.175929,0.265116,-0.145386,0.349821,0.318178,-14.739000,-17.452002,-29.093002,NaN,-2.998533,true,Self-supervised model,0.200970,2.383000,4.737763,1.988150,0.000000,0.000000,1.486061,3.476166,false,false
2026-04-17T14:47:36.703268,0.614917,-0.668397,-0.906400,141.933,SE,1,0.908228,1,0.908228,1.698309,2.275011,1.127150,-1.338359,8.690952,4.333505,-1.001998,-0.295965,0.422934,1.127150,0.147829,0.137445,-0.149051,0.250920,0.201853,-14.739000,-17.452002,-29.093002,NaN,-2.995046,true,Self-supervised model,0.201638,2.393000,4.546565,1.899944,0.000000,0.000000,1.506728,4.492072,false,false
2026-04-17T14:47:36.708550,0.614917,-0.668397,-0.903034,141.740,SE,1,0.908228,1,0.908228,1.602567,2.270113,1.099924,-1.383849,8.650250,4.079720,-1.031374,-0.339152,0.176285,1.099924,0.093462,0.012828,-0.166155,0.191069,0.094339,-14.739000,-17.452002,-29.093002,NaN,-2.991562,true,Self-supervised model,0.198563,2.399000,4.353687,1.814792,0.000000,0.000000,1.456980,5.756682,false,false
2026-04-17T14:47:36.717117,0.614917,-0.668397,-0.899587,141.543,SE,1,0.908228,1,0.908228,1.534670,2.262695,1.178211,-1.424550,8.473080,3.852271,-1.057842,-0.516420,-0.049625,1.178211,0.005498,-0.125838,-0.190590,0.228451,0.125958,-14.739000,-17.452002,-29.093002,NaN,-2.987797,true,Self-supervised model,0.201467,2.407000,4.156239,1.726730,0.000000,0.000000,1.302543,5.157383,false,false
2026-04-17T14:47:36.725021,0.614917,-0.668397,-0.895981,141.336,SE,1,0.908228,1,0.908228,1.500451,2.254206,1.320798,-1.436521,8.228871,3.675100,-1.056609,-0.757751,-0.232162,1.320798,-0.088575,-0.210749,-0.213192,0.312588,0.228606,-14.739000,-17.452002,-29.093002,NaN,-2.983547,true,Self-supervised model,0.205389,2.415000,3.949581,1.635437,0.000000,0.000000,1.136018,4.225362,false,false
2026-04-17T14:47:36.732965,0.614917,-0.668397,-0.892144,141.116,SE,1,0.908228,1,0.908228,1.501697,2.246105,1.508237,-1.443704,7.955932,3.569755,-1.049913,-1.024775,-0.349712,1.508237,-0.174097,-0.233961,-0.224188,0.367842,0.291629,-14.739000,-17.452002,-29.093002,NaN,-2.978792,true,Self-supervised model,0.215761,2.423000,3.729761,1.539315,0.000000,0.000000,0.995663,4.100234,false,false
2026-04-17T14:47:36.740531,0.614917,-0.668397,-0.888029,140.880,SE,1,0.908228,1,0.908228,1.520366,2.239076,1.618378,-1.391031,7.742848,3.560178,-0.982574,-1.229466,-0.376971,1.618378,-0.235183,-0.214414,-0.229685,0.392479,0.318252,-14.739000,-17.452002,-29.093002,NaN,-2.973563,true,Self-supervised model,0.222211,2.431000,3.493993,1.437266,0.000000,0.000000,0.939438,4.123477,false,false
2026-04-17T14:47:36.748391,0.614917,-0.668397,-0.883674,140.631,SE,1,0.908228,1,0.908228,1.554536,2.233694,1.733930,-1.371878,7.553706,3.608062,-0.948512,-1.408606,-0.350239,1.733930,-0.291383,-0.166155,-0.224188,0.403450,0.335427,-14.739000,-17.452002,-29.093002,NaN,-2.968250,true,Self-supervised model,0.229364,2.438000,3.244489,1.330799,0.000000,0.000000,0.896539,4.297760,false,false
2026-04-17T14:47:36.756770,0.614917,-0.668397,-0.879194,140.374,SE,1,0.908228,1,0.908228,1.603073,2.230469,1.857893,-1.355118,7.359776,3.701436,-0.916994,-1.591253,-0.280716,1.857893,-0.324369,-0.112399,-0.203418,0.399034,0.343292,-14.739000,-17.452002,-29.093002,NaN,-2.963264,true,Self-supervised model,0.238496,2.447000,2.987756,1.220987,0.000000,0.000000,0.862845,4.655977,false,false
2026-04-17T14:47:36.764830,0.614917,-0.668397,-0.874723,140.118,SE,1,0.908228,1,0.908228,1.656775,2.229521,1.938709,-1.328782,7.208941,3.854665,-0.865572,-1.727636,-0.156997,1.938709,-0.329867,-0.068417,-0.171042,0.377821,0.336888,-14.739000,-17.452002,-29.093002,NaN,-2.958836,true,Self-supervised model,0.244835,2.455000,2.731623,1.112677,0.000000,0.000000,0.854576,5.131288,false,false
2026-04-17T14:47:36.773102,0.614917,-0.668397,-0.869921,139.843,SE,1,0.908228,1,0.908228,1.714571,2.230923,2.018000,-1.278504,7.070077,3.974375,-0.796151,-1.853186,-0.064574,2.018000,-0.307876,-0.042761,-0.139277,0.340609,0.310831,-14.739000,-17.452002,-29.093002,NaN,-2.952707,true,Self-supervised model,0.251609,2.463000,2.456489,0.997357,0.000000,0.000000,0.849639,5.924687,false,false
2026-04-17T14:47:36.780383,0.614917,-0.668397,-0.865203,139.572,SE,1,0.908228,1,0.908228,1.778924,2.234843,2.116779,-1.254562,6.936002,4.072537,-0.759153,-1.975939,0.010238,2.116779,-0.257785,-0.018326,-0.098960,0.276735,0.258436,-14.739000,-17.452002,-29.093002,NaN,-2.948324,true,Self-supervised model,0.261869,2.470000,2.186153,0.885082,0.000000,0.000000,0.840392,7.649127,false,false
2026-04-17T14:47:36.788967,0.614917,-0.668397,-0.860871,139.324,SE,1,0.908228,1,0.908228,1.831775,2.240721,2.109240,-1.209072,6.916849,4.132392,-0.706461,-1.986715,0.052647,2.109240,-0.184481,-0.003054,-0.059254,0.193788,0.184507,-14.739000,-17.452002,-29.093002,NaN,-2.945535,true,Self-supervised model,0.272861,2.479000,1.937921,0.781735,0.000000,0.000000,0.868452,10.884278,false,false
2026-04-17T14:47:36.803437,0.614917,-0.668397,-0.857125,139.110,SE,1,0.908228,1,0.908228,1.875246,2.248102,2.103472,-1.189918,6.909666,4.146757,-0.683850,-1.988431,0.055530,2.103472,-0.115454,0.004276,-0.025656,0.118347,0.115533,-14.739000,-17.452002,-29.093002,NaN,-2.944137,true,Self-supervised model,0.294923,2.494000,1.723318,0.690985,0.000000,0.000000,0.891501,17.773739,false,false
2026-04-17T14:47:36.804570,0.614917,-0.668397,-0.854020,138.932,SE,1,0.908228,1,0.908228,1.901810,2.256250,2.041270,-1.108515,6.945579,4.134786,-0.602020,-1.950099,0.038350,2.041270,-0.033598,-0.001833,0.015882,0.037208,0.033648,-16.182001,-15.538001,-30.897001,NaN,-2.943595,true,Self-supervised model,0.317565,2.495000,1.545427,0.619410,0.000000,0.000000,0.931680,0.000000,false,false
2026-04-17T14:47:36.812956,0.614917,-0.668397,-0.851553,138.790,SE,1,0.908228,1,0.908228,1.907050,2.264282,1.934561,-1.053449,7.041347,4.048595,-0.549134,-1.854366,-0.048034,1.934561,0.044593,-0.004887,0.051313,0.068157,0.044860,-16.182001,-15.538001,-30.897001,NaN,-2.943678,true,Self-supervised model,0.314287,2.503000,1.404063,0.560952,0.000000,0.000000,0.985779,28.383757,false,false
2026-04-17T14:47:36.821352,0.614917,-0.668397,-0.849690,138.684,SE,1,0.908228,1,0.908228,1.896181,2.271558,1.839116,-0.976834,7.127539,3.952827,-0.477090,-1.770723,-0.138823,1.839116,0.113010,-0.002443,0.079412,0.138143,0.113036,-16.182001,-15.538001,-30.897001,NaN,-2.944234,true,Self-supervised model,0.269536,2.511000,1.297346,0.516665,0.000000,0.000000,1.031028,13.313097,false,false
2026-04-17T14:47:36.828781,0.614917,-0.668397,-0.848404,138.610,SE,1,0.908228,1,0.908228,1.873674,2.277643,1.755515,-0.900220,7.211336,3.847482,-0.406508,-1.691592,-0.234739,1.755515,0.163712,0.006720,0.095906,0.189854,0.163850,-16.182001,-15.538001,-30.897001,NaN,-2.945254,true,Self-supervised model,0.254826,2.519000,1.223655,0.485770,0.000000,0.000000,1.067307,9.246643,false,false
2026-04-17T14:47:36.838610,0.614917,-0.668397,-0.847639,138.566,SE,1,0.908228,1,0.908228,1.835305,2.281949,1.633866,-0.835576,7.345411,3.749320,-0.348689,-1.563838,-0.319909,1.633866,0.209527,0.015882,0.107512,0.236035,0.210128,-16.182001,-15.538001,-30.897001,NaN,-2.946572,true,Self-supervised model,0.242841,2.529000,1.179810,0.466512,0.000000,0.000000,1.123290,6.922127,false,false
2026-04-17T14:47:36.844453,0.614917,-0.668397,-0.847327,138.548,SE,1,0.908228,1,0.908228,1.784040,2.284033,1.514899,-0.766145,7.479486,3.670311,-0.286479,-1.437424,-0.382962,1.514899,0.233351,0.025045,0.112399,0.260218,0.234691,-16.182001,-15.538001,-30.897001,NaN,-2.948071,true,Self-supervised model,0.233178,2.535000,1.161916,0.458350,0.000000,0.000000,1.177663,5.821656,false,false
2026-04-17T14:47:36.852710,0.614917,-0.668397,-0.847397,138.552,SE,1,0.908228,1,0.908228,1.739882,2.284267,1.508053,-0.730232,7.524976,3.538630,-0.257387,-1.400519,-0.496508,1.508053,0.266337,0.049480,0.105680,0.290778,0.270894,-16.182001,-15.538001,-30.897001,NaN,-2.949675,true,Self-supervised model,0.230972,2.543000,1.165972,0.458502,0.000000,0.000000,1.153728,5.186263,false,false
2026-04-17T14:47:36.861506,0.614917,-0.668397,-0.847768,138.574,SE,1,0.908228,1,0.908228,1.702883,2.283011,1.508638,-0.725443,7.568071,3.430891,-0.258265,-1.366513,-0.584747,1.508638,0.277333,0.067806,0.098960,0.302166,0.285502,-16.182001,-15.538001,-30.897001,NaN,-2.951243,true,Self-supervised model,0.229314,2.552000,1.187193,0.465201,0.000000,0.000000,1.128755,4.992746,false,false
2026-04-17T14:47:36.868707,0.614917,-0.668397,-0.848343,138.606,SE,1,0.908228,1,0.908228,1.675539,2.280712,1.531984,-0.811634,7.620744,3.306392,-0.348690,-1.323155,-0.688950,1.531984,0.280998,0.094684,0.090408,0.309998,0.296521,-16.182001,-15.538001,-30.897001,NaN,-2.952639,true,Self-supervised model,0.229427,2.559000,1.220161,0.476812,0.000000,0.000000,1.093705,4.941921,false,false
2026-04-17T14:47:36.876830,0.614917,-0.668397,-0.849043,138.647,SE,1,0.908228,1,0.908228,1.651537,2.277545,1.525526,-0.928950,7.735666,3.184288,-0.468860,-1.217424,-0.790745,1.525526,0.274889,0.122784,0.082467,0.312155,0.301065,-16.182001,-15.538001,-30.897001,NaN,-2.953835,true,Self-supervised model,0.228394,2.567000,1.260248,0.490942,0.000000,0.000000,1.082602,4.887075,false,false
2026-04-17T14:47:36.886110,0.614917,-0.668397,-0.849814,138.691,SE,1,0.908228,1,0.908228,1.625588,2.273467,1.489355,-1.003170,7.884106,3.083732,-0.544826,-1.077787,-0.871618,1.489355,0.255953,0.147829,0.082467,0.306865,0.295576,-16.182001,-15.538001,-30.897001,NaN,-2.954892,true,Self-supervised model,0.226008,2.576000,1.304425,0.506376,0.000000,0.000000,1.091471,4.853457,false,false
2026-04-17T14:47:36.892660,0.614917,-0.668397,-0.850633,138.738,SE,1,0.908228,1,0.908228,1.592642,2.268234,1.419673,-1.041478,8.027759,3.050213,-0.584166,-0.942278,-0.886755,1.419673,0.230907,0.165544,0.086743,0.297065,0.284118,-16.182001,-15.538001,-30.897001,NaN,-2.955902,true,Self-supervised model,0.221189,2.583000,1.351335,0.523165,0.000000,0.000000,1.121837,4.779005,false,false
2026-04-17T14:47:36.902446,0.614917,-0.668397,-0.851499,138.787,SE,1,0.908228,1,0.908228,1.541503,2.261165,1.273025,-1.053449,8.228871,3.081338,-0.596867,-0.748399,-0.839191,1.273025,0.202807,0.170431,0.081856,0.277269,0.264911,-16.182001,-15.538001,-30.897001,NaN,-2.956956,true,Self-supervised model,0.212990,2.593000,1.400947,0.540280,0.000000,0.000000,1.210898,4.591301,false,false
2026-04-17T14:47:36.908342,0.614917,-0.668397,-0.852420,138.840,SE,1,0.908228,1,0.908228,1.476268,2.251769,1.133786,-1.039083,8.398860,3.129222,-0.583148,-0.584747,-0.776840,1.133786,0.171653,0.151495,0.080634,0.242729,0.228944,-16.182001,-15.538001,-30.897001,NaN,-2.958102,true,Self-supervised model,0.204901,2.598000,1.453770,0.559573,0.000000,0.000000,1.302069,4.671000,false,false
2026-04-17T14:47:36.918901,0.614917,-0.668397,-0.853393,138.896,SE,1,0.908228,1,0.908228,1.397563,2.239601,0.984364,-1.053449,8.544906,3.251326,-0.599021,-0.444026,-0.642641,0.984364,0.137445,0.092241,0.079412,0.183591,0.165528,-16.182001,-15.538001,-30.897001,NaN,-2.959279,true,Self-supervised model,0.199908,2.609000,1.509508,0.578577,0.000000,0.000000,1.419763,5.361716,false,false
2026-04-17T14:47:36.925774,0.614917,-0.668397,-0.854416,138.954,SE,1,0.908228,1,0.908228,1.323074,2.224940,0.932004,-1.113304,8.631097,3.337517,-0.662287,-0.362269,-0.546597,0.932004,0.120340,0.034208,0.081856,0.149507,0.125108,-16.182001,-15.538001,-30.897001,NaN,-2.960501,true,Self-supervised model,0.197617,2.616000,1.568111,0.599431,0.000000,0.000000,1.419601,6.233836,false,false
2026-04-17T14:47:36.932672,0.614917,-0.668397,-0.855494,139.016,SE,1,0.908228,1,0.908228,1.262168,2.208429,0.942411,-1.235408,8.722076,3.442862,-0.790460,-0.275074,-0.433181,0.942411,0.098960,-0.065363,0.095906,0.152523,0.118598,-16.182001,-15.538001,-30.897001,NaN,-2.961800,true,Self-supervised model,0.196860,2.623000,1.629876,0.621378,0.000000,0.000000,1.339296,6.178808,false,false
2026-04-17T14:47:36.940927,0.614917,-0.668397,-0.856637,139.082,SE,1,0.908228,1,0.908228,1.210176,2.190499,0.937215,-1.309628,8.834604,3.576937,-0.874760,-0.165790,-0.292713,0.937215,0.082467,-0.178373,0.124617,0.232695,0.196514,-16.182001,-15.538001,-30.897001,NaN,-2.963200,true,Self-supervised model,0.192295,2.631000,1.695332,0.644368,0.000000,0.000000,1.291246,4.027659,false,false
2026-04-17T14:47:36.948492,0.614917,-0.668397,-0.857895,139.154,SE,1,0.908228,1,0.908228,1.162873,2.171394,0.914535,-1.319205,8.980651,3.701436,-0.899534,-0.022524,-0.163420,0.914535,0.056200,-0.299324,0.164323,0.346057,0.304554,-16.182001,-15.538001,-30.897001,NaN,-2.964925,true,Self-supervised model,0.187443,2.639000,1.767459,0.669746,0.000000,0.000000,1.271546,2.642732,false,false
2026-04-17T14:47:36.961770,0.614917,-0.668397,-0.859353,139.237,SE,1,0.908228,1,0.908228,1.111306,2.150990,0.840581,-1.223437,9.145850,3.782839,-0.824914,0.140628,-0.079484,0.840581,0.029322,-0.398895,0.203418,0.448727,0.399971,-16.182001,-15.538001,-30.897001,NaN,-2.967177,true,Self-supervised model,0.182156,2.652000,1.850965,0.697951,0.000000,0.000000,1.322069,1.873257,false,false
2026-04-17T14:47:36.964567,0.614917,-0.668397,-0.861114,139.338,SE,1,0.908228,1,0.908228,1.052435,2.129048,0.743361,-1.022324,9.361329,3.916914,-0.650785,0.355156,0.054117,0.743361,-0.010996,-0.493579,0.235183,0.546857,0.493702,-13.309001,-14.219001,-30.241001,NaN,-2.970152,true,Self-supervised model,0.169089,2.655000,1.951869,0.735167,0.000000,0.000000,1.415779,1.359334,false,false
2026-04-17T14:47:36.972664,0.614917,-0.668397,-0.863268,139.462,SE,1,0.908228,1,0.908228,0.999008,2.105846,0.718514,-0.754174,9.564836,4.050989,-0.411979,0.558776,0.185218,0.718514,-0.046426,-0.531453,0.244346,0.586773,0.533477,-13.309001,-14.219001,-30.241001,NaN,-2.973880,true,Self-supervised model,0.171887,2.663000,2.075310,0.779313,0.000000,0.000000,1.390380,1.224519,false,false
2026-04-17T14:47:36.980209,0.614917,-0.668397,-0.865789,139.606,SE,1,0.908228,1,0.908228,0.965721,2.082241,0.790968,-0.519542,9.679757,4.228160,-0.206819,0.675398,0.355940,0.790968,-0.108123,-0.554666,0.221744,0.607054,0.565106,-13.309001,-14.219001,-30.241001,NaN,-2.977864,true,Self-supervised model,0.173563,2.670000,2.219708,0.831351,0.000000,0.000000,1.220937,1.302960,false,false
2026-04-17T14:47:36.988823,0.614917,-0.668397,-0.868570,139.765,SE,1,0.908228,1,0.908228,0.959882,2.059347,0.929224,-0.237026,9.768343,4.400543,0.066767,0.767359,0.519769,0.929224,-0.162490,-0.555887,0.170431,0.603706,0.579149,-13.309001,-14.219001,-30.241001,NaN,-2.981690,true,Self-supervised model,0.182762,2.679000,2.379071,0.888044,0.000000,0.000000,1.032993,1.539200,false,false
2026-04-17T14:47:36.997150,0.614917,-0.668397,-0.870565,139.880,SE,1,0.908228,1,0.908228,0.965362,2.037588,0.994133,0.055067,9.679757,4.525041,0.349936,0.684501,0.630321,0.994133,-0.224188,-0.531453,0.097128,0.584924,0.576803,-13.309001,-14.219001,-30.241001,NaN,-2.980537,true,Self-supervised model,0.188572,2.687000,2.493352,0.927931,0.000000,0.000000,0.971059,1.699594,false,false
2026-04-17T14:47:37.004539,0.614917,-0.668397,-0.871922,139.957,SE,1,0.908228,1,0.908228,0.985155,2.017490,1.089071,0.246603,9.555259,4.675876,0.532292,0.568261,0.761460,1.089071,-0.284663,-0.502742,0.012217,0.577869,0.577739,-13.309001,-14.219001,-30.241001,NaN,-2.979346,true,Self-supervised model,0.195962,2.695000,2.571127,0.954036,0.000000,0.000000,0.904583,1.884635,false,false
2026-04-17T14:47:37.012854,0.614917,-0.668397,-0.872793,140.007,SE,1,0.908228,1,0.908228,1.016901,1.999467,1.183564,0.342371,9.524135,4.786009,0.618826,0.547381,0.847497,1.183564,-0.326813,-0.456316,-0.070250,0.565656,0.561276,-13.309001,-14.219001,-30.241001,NaN,-2.978271,true,Self-supervised model,0.203404,2.703000,2.621034,0.969676,0.000000,0.000000,0.859185,2.092375,false,false
2026-04-17T14:47:37.021160,0.614917,-0.668397,-0.873287,140.036,SE,1,0.908228,1,0.908228,1.055223,1.983697,1.256414,0.361524,9.471462,4.924873,0.632420,0.505901,0.960565,1.256414,-0.359189,-0.379958,-0.162490,0.547529,0.522862,-13.309001,-14.219001,-30.241001,NaN,-2.977256,true,Self-supervised model,0.208843,2.711000,2.649326,0.977250,0.000000,0.000000,0.839869,2.294699,false,false
2026-04-17T14:47:37.030897,0.614917,-0.668397,-0.873338,140.039,SE,1,0.908228,1,0.908228,1.104745,1.970539,1.364736,0.325611,9.488221,5.094861,0.599162,0.534794,1.103406,1.364736,-0.359189,-0.290772,-0.240070,0.520767,0.462131,-13.309001,-14.219001,-30.241001,NaN,-2.975539,true,Self-supervised model,0.216663,2.721000,2.652280,0.974745,0.000000,0.000000,0.809494,2.620625,false,false
2026-04-17T14:47:37.037236,0.614917,-0.668397,-0.872724,140.003,SE,1,0.908228,1,0.908228,1.160781,1.960149,1.454969,0.220267,9.490616,5.267244,0.504322,0.549365,1.249317,1.454969,-0.335365,-0.193033,-0.304211,0.492215,0.386952,-13.309001,-14.219001,-30.241001,NaN,-2.972261,true,Self-supervised model,0.221478,2.727000,2.617086,0.959694,0.000000,0.000000,0.797805,2.955961,false,false
2026-04-17T14:47:37.044568,0.614917,-0.668397,-0.871309,139.922,SE,1,0.908228,1,0.908228,1.220179,1.952550,1.532020,0.014365,9.567230,5.398925,0.315594,0.637406,1.356908,1.532020,-0.290772,-0.109956,-0.335365,0.457284,0.310867,-13.309001,-14.219001,-30.241001,NaN,-2.967642,true,Self-supervised model,0.225675,2.735000,2.535997,0.927238,0.000000,0.000000,0.796451,3.350263,false,false
2026-04-17T14:47:37.053852,0.614917,-0.668397,-0.869053,139.793,SE,1,0.908228,1,0.908228,1.298462,1.948386,1.709447,-0.246603,9.727641,5.566519,0.076073,0.807527,1.504767,1.709447,-0.238237,-0.042761,-0.337198,0.415076,0.242045,-13.309001,-14.219001,-30.241001,NaN,-2.962026,true,Self-supervised model,0.236664,2.744000,2.406768,0.877102,0.000000,0.000000,0.759580,4.118400,false,false
2026-04-17T14:47:37.062420,0.614917,-0.668397,-0.866044,139.621,SE,1,0.908228,1,0.908228,1.388409,1.947987,1.860631,-0.344765,9.852140,5.681441,0.001357,0.939013,1.606300,1.860631,-0.117286,0.052534,-0.306654,0.332495,0.128514,-13.309001,-14.219001,-30.241001,NaN,-2.956001,true,Self-supervised model,0.247125,2.753000,2.234344,0.811603,0.000000,0.000000,0.746203,5.595970,false,false
2026-04-17T14:47:37.069693,0.614917,-0.668397,-0.862454,139.415,SE,1,0.908228,1,0.908228,1.482576,1.951371,1.976952,-0.421380,9.911995,5.784391,-0.052660,1.002622,1.703032,1.976952,-0.018937,0.075136,-0.252287,0.263919,0.077486,-13.309001,-14.219001,-30.241001,NaN,-2.950086,true,Self-supervised model,0.256530,2.760000,2.028632,0.735012,0.000000,0.000000,0.749930,7.490766,false,false
2026-04-17T14:47:37.076908,0.614917,-0.668397,-0.858513,139.189,SE,1,0.908228,1,0.908228,1.579496,1.958496,2.088330,-0.383072,9.959879,5.884948,0.004164,1.050778,1.804707,2.088330,0.065363,0.036652,-0.194866,0.208778,0.074938,-13.309001,-14.219001,-30.241001,NaN,-2.944745,true,Self-supervised model,0.268164,2.767000,1.802856,0.651556,0.000000,0.000000,0.756344,10.002616,false,false
2026-04-17T14:47:37.087528,0.614917,-0.668397,-0.854477,138.958,SE,1,0.908228,1,0.908228,1.671605,1.969020,2.155177,-0.318429,10.022128,5.918467,0.080609,1.110249,1.845437,2.155177,0.153938,-0.064752,-0.116675,0.203722,0.167002,-13.309001,-14.219001,-30.241001,NaN,-2.940326,true,Self-supervised model,0.275314,2.778000,1.571598,0.565730,0.000000,0.000000,0.775623,10.578988,false,false
2026-04-17T14:47:37.093420,0.614917,-0.668397,-0.850581,138.735,SE,1,0.908228,1,0.908228,1.751787,1.982331,2.172744,-0.193930,10.115502,5.861006,0.207809,1.197932,1.800719,2.172744,0.230907,-0.193033,-0.036652,0.303189,0.300965,-13.309001,-14.219001,-30.241001,NaN,-2.936992,true,Self-supervised model,0.264058,2.784000,1.348387,0.484335,0.000000,0.000000,0.806256,7.166310,false,false
2026-04-17T14:47:37.103485,0.614917,-0.668397,-0.847062,138.533,SE,1,0.908228,1,0.908228,1.807532,1.997339,2.100188,-0.052672,10.184934,5.688623,0.342244,1.259212,1.645614,2.100188,0.291383,-0.329256,0.031765,0.440820,0.439674,-13.309001,-14.219001,-30.241001,NaN,-2.934977,true,Self-supervised model,0.259780,2.794000,1.146730,0.410426,0.000000,0.000000,0.860652,4.764271,false,false
2026-04-17T14:47:37.108653,0.614917,-0.668397,-0.844103,138.364,SE,1,0.908228,1,0.908228,1.837296,2.012937,1.993558,0.112527,10.232818,5.453991,0.492446,1.297205,1.431443,1.993558,0.317650,-0.418443,0.064752,0.529328,0.525353,-13.309001,-14.219001,-30.241001,NaN,-2.934265,true,Self-supervised model,0.248484,2.799000,0.977240,0.349139,0.000000,0.000000,0.921617,3.766202,false,false
2026-04-17T14:47:37.121828,0.614917,-0.668397,-0.841800,138.232,SE,1,0.908228,1,0.908228,1.845093,2.028223,1.886026,0.349553,10.330980,5.066131,0.710332,1.384879,1.065192,1.886026,0.318261,-0.464258,0.067195,0.566869,0.562872,-13.309001,-14.219001,-30.241001,NaN,-2.934581,true,Self-supervised model,0.246717,2.812000,0.845274,0.300595,0.000000,0.000000,0.978296,3.327095,false,false
2026-04-17T14:47:37.125868,0.614917,-0.668397,-0.840114,138.135,SE,1,0.908228,1,0.908228,1.840565,2.042717,1.816795,0.560243,10.393229,4.627992,0.903120,1.437213,0.647717,1.816795,0.290772,-0.422108,0.023213,0.513091,0.512565,-14.444000,-14.181001,-32.176003,NaN,-2.935363,true,Self-supervised model,0.240802,2.816000,0.748660,0.265859,0.000000,0.000000,1.013083,3.540884,false,false
2026-04-17T14:47:37.133095,0.614917,-0.668397,-0.838853,138.063,SE,1,0.908228,1,0.908228,1.837836,2.056522,1.823511,0.677559,10.453085,4.268862,1.007866,1.488254,0.307407,1.823511,0.251066,-0.333532,-0.040928,0.419467,0.417466,-14.444000,-14.181001,-32.176003,NaN,-2.935805,true,Self-supervised model,0.246639,2.823000,0.676430,0.239614,0.000000,0.000000,1.007856,4.347205,false,false
2026-04-17T14:47:37.140414,0.614917,-0.668397,-0.837756,138.000,SE,1,0.908228,1,0.908228,1.841023,2.069902,1.857754,0.754174,10.481815,3.981557,1.081478,1.510098,0.035477,1.857754,0.187536,-0.193644,-0.131336,0.299861,0.269570,-14.444000,-14.181001,-32.176003,NaN,-2.935359,true,Self-supervised model,0.253851,2.831000,0.613544,0.216723,0.000000,0.000000,0.990994,6.195376,false,false
2026-04-17T14:47:37.148916,0.614917,-0.668397,-0.836493,137.928,SE,1,0.908228,1,0.908228,1.831217,2.082354,1.779732,0.636858,10.465055,3.857059,0.971875,1.488887,-0.078238,1.779732,0.103236,-0.075136,-0.224798,0.258530,0.127684,-14.444000,-14.181001,-32.176003,NaN,-2.933435,true,Self-supervised model,0.251708,2.839000,0.541181,0.190624,0.000000,0.000000,1.028928,6.884057,false,false
2026-04-17T14:47:37.156701,0.614917,-0.668397,-0.834756,137.828,SE,1,0.908228,1,0.908228,1.802061,2.093143,1.648995,0.416591,10.436325,3.895366,0.768032,1.458787,-0.035373,1.648995,-0.005498,-0.038485,-0.296270,0.298809,0.038875,-14.444000,-14.181001,-32.176003,NaN,-2.929805,true,Self-supervised model,0.240600,2.847000,0.441690,0.155142,0.000000,0.000000,1.092824,5.518553,false,false
2026-04-17T14:47:37.164630,0.614917,-0.668397,-0.832344,137.690,SE,1,0.908228,1,0.908228,1.761563,2.101879,1.548945,0.217872,10.405201,4.015076,0.589858,1.429941,0.081029,1.548945,-0.109956,-0.086132,-0.327424,0.355971,0.139675,-14.444000,-14.181001,-32.176003,NaN,-2.924686,true,Self-supervised model,0.230448,2.855000,0.303444,0.106285,0.000000,0.000000,1.137266,4.351323,false,false
2026-04-17T14:47:37.172705,0.614917,-0.668397,-0.829209,137.510,SE,1,0.908228,1,0.908228,1.719139,2.108570,1.496413,-0.055067,10.383653,4.299986,0.336527,1.414438,0.354070,1.496413,-0.235183,-0.221133,-0.331089,0.462419,0.322817,-14.444000,-14.181001,-32.176003,NaN,-2.918667,true,Self-supervised model,0.222926,2.863000,0.123871,0.043266,0.000000,0.000000,1.148840,3.236057,false,false
2026-04-17T14:47:37.180114,0.614917,-0.668397,-0.825455,137.295,SE,1,0.908228,1,0.908228,1.690296,2.113839,1.538875,-0.227449,10.304645,4.692636,0.177792,1.345289,0.725758,1.538875,-0.340863,-0.417221,-0.299935,0.616621,0.538759,-14.444000,-14.181001,-32.176003,NaN,-2.912430,true,Self-supervised model,0.219385,2.870000,0.091258,0.031797,0.000000,0.000000,1.098397,2.495658,false,false
2026-04-17T14:47:37.188803,0.614917,-0.668397,-0.821302,137.057,SE,1,0.908228,1,0.908228,1.683099,2.118609,1.645309,-0.268151,10.149021,5.109226,0.141885,1.202516,1.113942,1.645309,-0.413556,-0.617585,-0.252287,0.784913,0.743263,-14.444000,-14.181001,-32.176003,NaN,-2.906686,true,Self-supervised model,0.221140,2.879000,0.329183,0.114339,0.000000,0.000000,1.022968,2.096168,false,false
2026-04-17T14:47:37.197451,0.614917,-0.668397,-0.817011,136.811,SE,1,0.908228,1,0.908228,1.688560,2.123407,1.717234,-0.143652,9.935937,5.396531,0.261408,1.003913,1.368472,1.717234,-0.442877,-0.767858,-0.204029,0.909601,0.886423,-14.444000,-14.181001,-32.176003,NaN,-2.901843,true,Self-supervised model,0.221317,2.888000,0.575022,0.199107,0.000000,0.000000,0.983303,1.887898,false,false
2026-04-17T14:47:37.204882,0.614917,-0.668397,-0.812841,136.572,SE,1,0.908228,1,0.908228,1.701425,2.128528,1.768965,0.141258,9.588778,5.609614,0.532956,0.671703,1.547258,1.768965,-0.436769,-0.886365,-0.156382,1.000433,0.988135,-14.444000,-14.181001,-32.176003,NaN,-2.898153,true,Self-supervised model,0.220347,2.895000,0.813978,0.281167,0.000000,0.000000,0.961820,1.768199,false,false
2026-04-17T14:47:37.212786,0.614917,-0.668397,-0.808963,136.350,SE,1,0.908228,1,0.908228,1.730362,2.134601,1.882285,0.555455,9.227253,5.700594,0.927728,0.324411,1.605327,1.882285,-0.390343,-0.932180,-0.128893,1.018794,1.010608,-14.444000,-14.181001,-32.176003,NaN,-2.895446,true,Self-supervised model,0.225391,2.903000,1.036157,0.356926,0.000000,0.000000,0.919288,1.847562,false,false
2026-04-17T14:47:37.221036,0.614917,-0.668397,-0.805463,136.150,SE,1,0.908228,1,0.908228,1.764112,2.141782,1.941296,0.893037,8.925584,5.614403,1.243651,0.035225,1.490209,1.941296,-0.323759,-0.908967,-0.121562,0.972532,0.964905,-14.444000,-14.181001,-32.176003,NaN,-2.893458,true,Self-supervised model,0.230327,2.911000,1.236683,0.424831,0.000000,0.000000,0.908729,1.996125,false,false
2026-04-17T14:47:37.229487,0.614917,-0.668397,-0.802314,135.969,SE,1,0.908228,1,0.908228,1.798419,2.150047,1.978530,1.173159,8.710106,5.422867,1.503488,-0.169938,1.274843,1.978530,-0.263283,-0.841772,-0.137445,0.892631,0.881986,-14.444000,-14.181001,-32.176003,NaN,-2.891713,true,Self-supervised model,0.234199,2.920000,1.417100,0.485308,0.000000,0.000000,0.908967,2.216516,false,false
2026-04-17T14:47:37.236748,0.614917,-0.668397,-0.799413,135.803,SE,1,0.908228,1,0.908228,1.831276,2.159296,2.003778,1.391031,8.439561,5.125986,1.705563,-0.432119,0.958882,2.003778,-0.209527,-0.711047,-0.169821,0.760479,0.741276,-14.444000,-14.181001,-32.176003,NaN,-2.889803,true,Self-supervised model,0.238103,2.927000,1.583320,0.540936,0.000000,0.000000,0.913912,2.634889,false,false
2026-04-17T14:47:37.244769,0.614917,-0.668397,-0.796605,135.642,SE,1,0.908228,1,0.908228,1.857176,2.169212,1.993152,1.489193,8.271967,4.817134,1.794379,-0.592456,0.633922,1.993152,-0.185092,-0.561385,-0.223577,0.631980,0.591111,-14.444000,-14.181001,-32.176003,NaN,-2.887367,true,Self-supervised model,0.241655,2.935000,1.744213,0.594280,0.000000,0.000000,0.931778,3.153821,false,false
2026-04-17T14:47:37.253666,0.614917,-0.668397,-0.793739,135.478,SE,1,0.908228,1,0.908228,1.863206,2.178971,1.894863,1.417367,8.130709,4.520253,1.720278,-0.726466,0.321551,1.894863,-0.188147,-0.459982,-0.259007,0.560417,0.496973,-14.444000,-14.181001,-32.176003,NaN,-2.884268,true,Self-supervised model,0.238202,2.944000,1.908436,0.648246,0.000000,0.000000,0.983294,3.381168,false,false
2026-04-17T14:47:37.261027,0.614917,-0.668397,-0.790700,135.304,SE,1,0.908228,1,0.908228,1.850041,2.187814,1.780925,1.268927,8.025364,4.328717,1.574969,-0.823643,0.113054,1.780925,-0.212581,-0.339030,-0.296270,0.497904,0.400165,-14.444000,-14.181001,-32.176003,NaN,-2.880540,true,Self-supervised model,0.232614,2.951000,2.082530,0.705703,0.000000,0.000000,1.038809,3.576848,false,false
2026-04-17T14:47:37.269724,0.614917,-0.668397,-0.787451,135.118,SE,1,0.908228,1,0.908228,1.798620,2.194246,1.528662,0.952892,7.982268,4.204218,1.265340,-0.857183,-0.030977,1.528662,-0.260839,-0.236405,-0.312152,0.470493,0.352029,-14.444000,-14.181001,-32.176003,NaN,-2.876447,true,Self-supervised model,0.219538,2.960000,2.268715,0.766458,0.000000,0.000000,1.176598,3.249065,false,false
2026-04-17T14:47:37.281999,0.614917,-0.668397,-0.784027,134.921,SE,1,0.908228,1,0.908228,1.706557,2.196739,1.223226,0.588974,8.010999,4.213795,0.909042,-0.817305,-0.044022,1.223226,-0.303600,-0.183260,-0.297491,0.462880,0.354622,-14.444000,-14.181001,-32.176003,NaN,-2.872324,true,Self-supervised model,0.204661,2.972000,2.464909,0.829377,0.000000,0.000000,1.395128,2.642640,false,false
2026-04-17T14:47:37.286906,0.614917,-0.668397,-0.780526,134.721,SE,1,0.908228,1,0.908228,1.599539,2.194851,1.037695,0.301669,7.989451,4.278439,0.627786,-0.826238,-0.004982,1.037695,-0.331700,-0.161268,-0.249844,0.445482,0.368826,-16.962000,-14.640000,-31.289001,NaN,-2.868520,true,Self-supervised model,0.189726,2.977000,2.665454,0.895349,0.000000,0.000000,1.541435,2.329375,false,false
2026-04-17T14:47:37.293584,0.614917,-0.668397,-0.777132,134.526,SE,1,0.908228,1,0.908228,1.494935,2.188854,0.945763,0.112527,7.946355,4.321534,0.411207,-0.851690,0.000010,0.945763,-0.340252,-0.159436,-0.199142,0.425263,0.375754,-16.962000,-14.640000,-31.289001,NaN,-2.865549,true,Self-supervised model,0.188453,2.984000,2.859935,0.958423,0.000000,0.000000,1.580666,2.223947,false,false
2026-04-17T14:47:37.302643,0.614917,-0.668397,-0.775295,134.421,SE,1,0.908228,1,0.908228,1.405290,2.179512,0.934654,-0.031125,7.879318,4.381389,0.243941,-0.901932,0.024281,0.934654,-0.320704,-0.174097,-0.136834,0.389723,0.364912,-16.962000,-14.640000,-31.289001,NaN,-2.869942,true,Self-supervised model,0.190883,2.993000,2.965181,0.990705,0.000000,0.000000,1.503540,2.398250,false,false
2026-04-17T14:47:37.308427,0.614917,-0.668397,-0.774547,134.378,SE,1,0.908228,1,0.908228,1.342919,2.168048,1.015473,-0.026336,7.776367,4.376601,0.226820,-0.989742,-0.012206,1.015473,-0.280998,-0.201586,-0.079412,0.354828,0.345827,-16.962000,-14.640000,-31.289001,NaN,-2.873549,true,Self-supervised model,0.195202,2.999000,3.008044,1.003016,0.000000,0.000000,1.322457,2.861874,false,false
2026-04-17T14:47:37.317233,0.614917,-0.668397,-0.774585,134.380,SE,1,0.908228,1,0.908228,1.311326,2.155779,1.145459,0.009577,7.637504,4.321534,0.241731,-1.115700,-0.094113,1.145459,-0.232129,-0.235183,-0.039706,0.332823,0.330446,-16.962000,-14.640000,-31.289001,NaN,-2.876732,true,Self-supervised model,0.204754,3.007000,3.005859,0.999621,0.000000,0.000000,1.144803,3.441642,false,false
2026-04-17T14:47:37.324725,0.614917,-0.668397,-0.775183,134.415,SE,1,0.908228,1,0.908228,1.303020,2.143669,1.259414,0.083797,7.553706,4.146757,0.295424,-1.189520,-0.289639,1.259414,-0.164323,-0.263283,-0.007330,0.310441,0.310354,-16.962000,-14.640000,-31.289001,NaN,-2.879570,true,Self-supervised model,0.212121,3.015000,2.971593,0.985603,0.000000,0.000000,1.034624,4.056855,false,false
2026-04-17T14:47:37.333303,0.614917,-0.668397,-0.776164,134.471,SE,1,0.908228,1,0.908228,1.312918,2.132439,1.364880,0.117316,7.501034,3.960010,0.309855,-1.235351,-0.490711,1.364880,-0.096517,-0.270002,0.009163,0.286881,0.286735,-16.962000,-14.640000,-31.289001,NaN,-2.882081,true,Self-supervised model,0.219519,3.023000,2.915404,0.964408,0.000000,0.000000,0.961929,4.757653,false,false
2026-04-17T14:47:37.340586,0.614917,-0.668397,-0.777362,134.540,SE,1,0.908228,1,0.908228,1.331582,2.122404,1.429572,0.158017,7.527370,3.766079,0.333392,-1.205173,-0.692881,1.429572,-0.038485,-0.270613,0.018937,0.273991,0.273336,-16.962000,-14.640000,-31.289001,NaN,-2.884150,true,Self-supervised model,0.223828,3.031000,2.846744,0.939209,0.000000,0.000000,0.931455,5.217583,false,false
2026-04-17T14:47:37.348604,0.614917,-0.668397,-0.778646,134.613,SE,1,0.908228,1,0.908228,1.352599,2.113612,1.462936,0.186748,7.577648,3.632004,0.346856,-1.153526,-0.830210,1.462936,-0.001833,-0.266948,0.021991,0.267859,0.266954,-16.962000,-14.640000,-31.289001,NaN,-2.885776,true,Self-supervised model,0.226514,3.039000,2.773177,0.912530,0.000000,0.000000,0.924579,5.461595,false,false
2026-04-17T14:47:37.356750,0.614917,-0.668397,-0.779921,134.686,SE,1,0.908228,1,0.908228,1.377884,2.106183,1.510632,0.234632,7.656657,3.471592,0.381517,-1.074734,-0.990656,1.510632,0.023213,-0.265726,0.010996,0.266965,0.266738,-16.962000,-14.640000,-31.289001,NaN,-2.887013,true,Self-supervised model,0.229747,3.047000,2.700147,0.886166,0.000000,0.000000,0.912125,5.658540,false,false
2026-04-17T14:47:37.364896,0.614917,-0.668397,-0.781100,134.754,SE,1,0.908228,1,0.908228,1.408674,2.100283,1.570323,0.248997,7.704541,3.337517,0.384895,-1.027895,-1.123033,1.570323,0.032987,-0.284663,-0.006109,0.286633,0.286568,-16.962000,-14.640000,-31.289001,NaN,-2.887811,true,Self-supervised model,0.232820,3.055000,2.632587,0.861731,0.000000,0.000000,0.897060,5.478511,false,false
2026-04-17T14:47:37.372600,0.614917,-0.668397,-0.782097,134.811,SE,1,0.908228,1,0.908228,1.440369,2.095886,1.606767,0.270545,7.735666,3.263297,0.396871,-0.998049,-1.195028,1.606767,0.037874,-0.331089,-0.026267,0.334282,0.333248,-16.962000,-14.640000,-31.289001,NaN,-2.888077,true,Self-supervised model,0.233337,3.063000,2.575490,0.840839,0.000000,0.000000,0.896439,4.806625,false,false
2026-04-17T14:47:37.380953,0.614917,-0.668397,-0.782837,134.853,SE,1,0.908228,1,0.908228,1.500089,2.094054,1.813621,0.318429,7.536947,3.165135,0.432828,-1.198096,-1.290909,1.813621,0.032376,-0.441045,0.019548,0.442663,0.442231,-16.962000,-14.640000,-31.289001,NaN,-2.887795,true,Self-supervised model,0.241560,3.071000,2.533045,0.824827,0.000000,0.000000,0.827124,4.097066,false,false
2026-04-17T14:47:37.388756,0.614917,-0.668397,-0.783368,134.884,SE,1,0.908228,1,0.908228,1.642125,2.097977,2.387810,0.782904,7.271191,2.786851,0.879167,-1.464350,-1.668647,2.387810,-0.021380,-0.480751,-0.037874,0.482714,0.481226,-16.962000,-14.640000,-31.289001,NaN,-2.887486,true,Self-supervised model,0.267097,3.079000,2.502626,0.812805,0.000000,0.000000,0.687712,4.946633,false,false
2026-04-17T14:47:37.397169,0.614917,-0.668397,-0.783860,134.912,SE,1,0.908228,1,0.908228,1.700642,2.104084,2.007857,0.591368,7.663840,2.901772,0.679660,-1.070075,-1.557079,2.007857,-0.068417,-0.378736,-0.267559,0.468732,0.384866,-16.962000,-14.640000,-31.289001,NaN,-2.887821,true,Self-supervised model,0.251860,3.087000,2.474450,0.801571,0.000000,0.000000,0.846993,4.283591,false,false
2026-04-17T14:47:37.405468,0.614917,-0.668397,-0.783842,134.911,SE,1,0.908228,1,0.908228,1.671695,2.108788,1.519727,-0.339977,8.063671,3.119645,-0.241037,-0.667848,-1.343670,1.519727,-0.036041,-0.221744,-0.364687,0.428329,0.224654,-16.962000,-14.640000,-31.289001,NaN,-2.885765,true,Self-supervised model,0.228299,3.096000,2.475468,0.799570,0.000000,0.000000,1.099998,3.548036,false,false
2026-04-17T14:47:37.412540,0.614917,-0.668397,-0.782717,134.846,SE,1,0.908228,1,0.908228,1.648911,2.112393,1.529293,-0.584185,8.233660,3.095703,-0.465659,-0.496719,-1.369367,1.529293,-0.005498,-0.099571,-0.371406,0.384561,0.099723,-16.962000,-14.640000,-31.289001,NaN,-2.880209,true,Self-supervised model,0.228457,3.103000,2.539951,0.818547,0.000000,0.000000,1.078218,3.976724,false,false
2026-04-17T14:47:37.421388,0.614917,-0.668397,-0.780516,134.720,SE,1,0.908228,1,0.908228,1.621741,2.114767,1.479101,-0.737414,8.334216,3.169923,-0.594996,-0.395886,-1.294988,1.479101,0.014050,0.006109,-0.367130,0.367450,0.015320,-16.962000,-14.640000,-31.289001,NaN,-2.873704,true,Self-supervised model,0.225002,3.111000,2.666076,0.856984,0.000000,0.000000,1.096437,4.025318,false,false
2026-04-17T14:47:37.429590,0.614917,-0.668397,-0.777457,134.545,SE,1,0.908228,1,0.908228,1.588364,2.115711,1.413131,-0.909797,8.319851,3.332729,-0.741151,-0.410374,-1.131030,1.413131,0.020159,0.039706,-0.353080,0.355877,0.044530,-16.962000,-14.640000,-31.289001,NaN,-2.867215,true,Self-supervised model,0.219966,3.120000,2.841338,0.910685,0.000000,0.000000,1.124003,3.970840,false,false
2026-04-17T14:47:37.441835,0.614917,-0.668397,-0.773735,134.332,SE,1,0.908228,1,0.908228,1.556243,2.115332,1.387609,-0.986411,8.226477,3.440468,-0.792285,-0.504090,-1.021585,1.387609,0.027489,0.017104,-0.330478,0.332060,0.032376,-16.962000,-14.640000,-31.289001,NaN,-2.860841,true,Self-supervised model,0.219615,3.132000,3.054592,0.975285,0.000000,0.000000,1.121529,4.178787,false,false
2026-04-17T14:47:37.444506,0.614917,-0.668397,-0.769538,134.091,SE,1,0.908228,1,0.908228,1.526801,2.113791,1.372232,-0.986411,8.207323,3.452439,-0.770143,-0.523641,-1.007820,1.372232,0.022602,-0.027489,-0.320093,0.322066,0.035588,-19.822001,-13.504001,-30.033001,NaN,-2.854743,true,Self-supervised model,0.200554,3.135000,3.295066,1.051058,0.000000,0.000000,1.112641,4.260722,false,false
2026-04-17T14:47:37.453920,0.614917,-0.668397,-0.765044,133.834,SE,1,0.908228,1,0.908228,1.483105,2.110564,1.253697,-0.991199,8.324639,3.545813,-0.756269,-0.406240,-0.913664,1.253697,0.007330,-0.116675,-0.298102,0.320206,0.116905,-19.822001,-13.504001,-30.033001,NaN,-2.849062,true,Self-supervised model,0.209340,3.144000,3.552552,1.129947,0.000000,0.000000,1.182985,3.915284,false,false
2026-04-17T14:47:37.462037,0.614917,-0.668397,-0.760366,133.566,SE,1,0.908228,1,0.908228,1.435277,2.105552,1.184185,-0.955287,8.415619,3.564966,-0.708083,-0.314369,-0.895592,1.184185,-0.029322,-0.274278,-0.255342,0.375883,0.275841,-19.822001,-13.504001,-30.033001,NaN,-2.843649,true,Self-supervised model,0.202385,3.152000,3.820571,1.212110,0.000000,0.000000,1.212038,3.150412,false,false
2026-04-17T14:47:37.469838,0.614917,-0.668397,-0.755657,133.296,SE,1,0.908228,1,0.908228,1.394913,2.099127,1.183002,-0.926556,8.573636,3.502717,-0.672669,-0.154660,-0.960776,1.183002,-0.040317,-0.312763,-0.244346,0.398938,0.315351,-19.822001,-13.504001,-30.033001,NaN,-2.838813,true,Self-supervised model,0.200791,3.160000,4.090395,1.294429,0.000000,0.000000,1.179130,2.965382,false,false
2026-04-17T14:47:37.476355,0.614917,-0.668397,-0.751019,133.030,SE,1,0.908228,1,0.908228,1.359888,2.091557,1.176003,-0.857124,8.750807,3.457227,-0.599602,0.025216,-1.011347,1.176003,-0.099571,-0.379347,-0.230907,0.455123,0.392197,-19.822001,-13.504001,-30.033001,NaN,-2.834462,true,Self-supervised model,0.197924,3.166000,4.356112,1.375904,0.000000,0.000000,1.156365,2.583923,false,false
2026-04-17T14:47:37.485976,0.614917,-0.668397,-0.746491,132.771,SE,1,0.908228,1,0.908228,1.373192,2.084822,1.443042,-0.948104,8.717288,3.208230,-0.687490,-0.003903,-1.268745,1.443042,-0.185703,-0.328645,-0.224798,0.439349,0.377483,-19.822001,-13.504001,-30.033001,NaN,-2.830376,true,Self-supervised model,0.215911,3.176000,4.615513,1.453247,0.000000,0.000000,0.951596,3.284498,false,false
2026-04-17T14:47:37.493375,0.614917,-0.668397,-0.742069,132.517,SE,1,0.908228,1,0.908228,1.373253,2.078360,1.373574,-0.945710,8.947132,3.311181,-0.673983,0.230706,-1.174405,1.373574,-0.320093,-0.129503,-0.209527,0.403897,0.345298,-19.822001,-13.504001,-30.033001,NaN,-2.826375,true,Self-supervised model,0.211383,3.183000,4.868879,1.529651,0.000000,0.000000,0.999767,3.400807,false,false
2026-04-17T14:47:37.503102,0.614917,-0.668397,-0.737595,132.261,SE,1,0.908228,1,0.908228,1.324915,2.070222,1.071136,-0.902614,9.239224,3.816358,-0.619923,0.534380,-0.690989,1.071136,-0.374460,-0.032987,-0.130725,0.397992,0.375911,-19.822001,-13.504001,-30.033001,NaN,-2.821690,true,Self-supervised model,0.195447,3.193000,5.125256,1.605154,0.000000,0.000000,1.236925,2.691350,false,false
2026-04-17T14:47:37.508801,0.614917,-0.668397,-0.733391,132.020,SE,1,0.908228,1,0.908228,1.231806,2.058685,0.742982,-0.603339,9.188946,4.074931,-0.313131,0.496392,-0.455595,0.742982,-0.384234,0.064752,-0.026267,0.390536,0.389652,-19.822001,-13.504001,-30.033001,NaN,-2.818571,true,Self-supervised model,0.177546,3.199000,5.366099,1.677430,0.000000,0.000000,1.657920,1.902466,false,false
2026-04-17T14:47:37.517567,0.614917,-0.668397,-0.729755,131.812,SE,1,0.908228,1,0.908228,1.111350,2.042792,0.478961,-0.186748,8.923190,4.156334,0.110628,0.243106,-0.397574,0.478961,-0.395230,0.223577,-0.020769,0.454560,0.454085,-19.822001,-13.504001,-30.033001,NaN,-2.817205,true,Self-supervised model,0.177888,3.208000,5.574434,1.737666,0.000000,0.000000,2.320334,1.053682,false,false
2026-04-17T14:47:37.525592,0.614917,-0.668397,-0.726805,131.643,SE,1,0.908228,1,0.908228,0.992201,2.022768,0.366669,-0.062249,8.851364,4.381389,0.249432,0.184057,-0.195839,0.366669,-0.395841,0.391565,-0.067806,0.560901,0.556788,-19.822001,-13.504001,-30.033001,NaN,-2.816997,true,Self-supervised model,0.178586,3.216000,5.743479,1.785907,0.000000,0.000000,2.705986,0.653714,false,false
2026-04-17T14:47:37.533109,0.614917,-0.668397,-0.724350,131.502,SE,1,0.908228,1,0.908228,0.884109,1.999222,0.316626,-0.169988,8.918402,4.537012,0.164151,0.263531,-0.062112,0.316626,-0.363465,0.512516,-0.094073,0.635318,0.628315,-19.822001,-13.504001,-30.033001,NaN,-2.816527,true,Self-supervised model,0.176610,3.223000,5.884102,1.825660,0.000000,0.000000,2.792285,0.498374,false,false
2026-04-17T14:47:37.540830,0.614917,-0.668397,-0.722167,131.377,SE,1,0.908228,1,0.908228,0.805152,1.973459,0.390625,-0.392649,9.033323,4.611232,-0.029675,0.389444,-0.006345,0.390625,-0.310930,0.648128,-0.114232,0.727871,0.718852,-19.822001,-13.504001,-30.033001,NaN,-2.815426,true,Self-supervised model,0.165124,3.231000,6.009215,1.859862,0.000000,0.000000,2.061189,0.536668,false,false
2026-04-17T14:47:37.549118,0.614917,-0.668397,-0.720117,131.260,SE,1,0.908228,1,0.908228,0.770832,1.947354,0.590652,-0.651223,9.162610,4.709395,-0.253663,0.527684,0.077939,0.590652,-0.253509,0.765414,-0.111177,0.813933,0.806304,-19.822001,-13.504001,-30.033001,NaN,-2.813913,true,Self-supervised model,0.166367,3.239000,6.126651,1.891525,0.000000,0.000000,1.305052,0.725677,false,false
2026-04-17T14:47:37.556807,0.614917,-0.668397,-0.718127,131.146,SE,1,0.908228,1,0.908228,0.790809,1.923092,0.895689,-0.866701,9.370906,4.893748,-0.431852,0.742860,0.252829,0.895689,-0.211359,0.816727,-0.087354,0.848143,0.843632,-19.822001,-13.504001,-30.033001,NaN,-2.812162,true,Self-supervised model,0.187095,3.247000,6.240658,1.921977,0.000000,0.000000,0.882905,1.056060,false,false
2026-04-17T14:47:37.564723,0.614917,-0.668397,-0.716220,131.036,SE,1,0.908228,1,0.908228,0.839384,1.901744,1.094401,-0.933739,9.509769,5.090073,-0.463579,0.886769,0.443225,1.094401,-0.139277,0.811229,-0.024435,0.823461,0.823098,-19.822001,-13.504001,-30.033001,NaN,-2.810583,true,Self-supervised model,0.198988,3.255000,6.349965,1.950834,0.000000,0.000000,0.766980,1.329027,false,false
2026-04-17T14:47:37.572688,0.614917,-0.668397,-0.714517,130.939,SE,1,0.908228,1,0.908228,0.918373,1.884409,1.333065,-0.916979,9.648633,5.386954,-0.414347,1.024714,0.745212,1.333065,-0.078191,0.708604,0.037874,0.713910,0.712905,-19.822001,-13.504001,-30.033001,NaN,-2.809702,true,Self-supervised model,0.212118,3.263000,6.447496,1.975941,0.000000,0.000000,0.688918,1.867273,false,false
2026-04-17T14:47:37.580490,0.614917,-0.668397,-0.713026,130.853,SE,1,0.908228,1,0.908228,1.008064,1.871355,1.478944,-0.811634,9.682152,5.631162,-0.286588,1.057334,0.993573,1.478944,-0.013439,0.551000,0.083078,0.557390,0.551164,-19.822001,-13.504001,-30.033001,NaN,-2.809056,true,Self-supervised model,0.220737,3.271000,6.532929,1.997227,0.000000,0.000000,0.681611,2.653336,false,false
2026-04-17T14:47:37.588775,0.614917,-0.668397,-0.711937,130.791,SE,1,0.908228,1,0.908228,1.107829,1.862814,1.631591,-0.675165,9.703699,5.851429,-0.138178,1.077914,1.217004,1.631591,0.065973,0.367130,0.103236,0.387033,0.373011,-19.822001,-13.504001,-30.033001,NaN,-2.809572,true,Self-supervised model,0.231520,3.279000,6.595357,2.011393,0.000000,0.000000,0.678986,4.215637,false,false
2026-04-17T14:47:37.605463,0.614917,-0.668397,-0.711360,130.758,SE,1,0.908228,1,0.908228,1.205289,1.858513,1.716955,-0.474052,9.689334,5.975927,0.067166,1.059630,1.349298,1.716955,0.139888,0.213192,0.105069,0.275788,0.254989,-19.822001,-13.504001,-30.033001,NaN,-2.811049,true,Self-supervised model,0.240197,3.296000,6.628382,2.011038,0.000000,0.000000,0.701992,6.225635,false,false
2026-04-17T14:47:37.605676,0.614917,-0.668397,-0.711211,130.749,SE,1,0.908228,1,0.908228,1.298912,1.858129,1.790435,-0.294487,9.662998,6.059724,0.244805,1.025794,1.446885,1.790435,0.195477,0.117897,0.093462,0.246670,0.228278,-20.778002,-14.015000,-29.121002,NaN,-2.812608,true,Self-supervised model,0.245335,3.296000,6.636929,2.013631,0.000000,0.000000,0.725473,7.258422,false,false
2026-04-17T14:47:37.613228,0.614917,-0.668397,-0.711333,130.756,SE,1,0.908228,1,0.908228,1.375911,1.860840,1.780152,-0.191536,9.598354,6.059724,0.342718,0.951049,1.465262,1.780152,0.319483,-0.067806,0.061697,0.332375,0.326599,-20.778002,-14.015000,-29.121002,NaN,-2.813814,true,Self-supervised model,0.241010,3.303000,6.629951,2.007251,0.000000,0.000000,0.772917,5.355851,false,false
2026-04-17T14:47:37.621522,0.614917,-0.668397,-0.711583,130.771,SE,1,0.908228,1,0.908228,1.428663,1.865553,1.705612,-0.122104,9.564836,5.959168,0.404781,0.904696,1.388088,1.705612,0.383623,-0.147219,0.045204,0.413381,0.410902,-20.778002,-14.015000,-29.121002,NaN,-2.814576,true,Self-supervised model,0.234856,3.312000,6.615633,1.997474,0.000000,0.000000,0.837625,4.126007,false,false
2026-04-17T14:47:37.629174,0.614917,-0.668397,-0.711834,130.785,SE,1,0.908228,1,0.908228,1.461677,1.871398,1.634998,-0.146046,9.540894,5.880159,0.371749,0.866026,1.336047,1.634998,0.416610,-0.188757,0.047647,0.459852,0.457377,-20.778002,-14.015000,-29.121002,NaN,-2.814830,true,Self-supervised model,0.230474,3.319000,6.601270,1.988933,0.000000,0.000000,0.893993,3.555491,false,false
2026-04-17T14:47:37.637001,0.614917,-0.668397,-0.712031,130.796,SE,1,0.908228,1,0.908228,1.476325,1.877595,1.553230,-0.225055,9.564836,5.767632,0.281781,0.874159,1.252584,1.553230,0.439823,-0.202807,0.061697,0.488243,0.484329,-20.778002,-14.015000,-29.121002,NaN,-2.814814,true,Self-supervised model,0.226167,3.327000,6.589968,1.980754,0.000000,0.000000,0.950487,3.181261,false,false
2026-04-17T14:47:37.644578,0.614917,-0.668397,-0.712208,130.807,SE,1,0.908228,1,0.908228,1.482039,1.883773,1.512039,-0.328006,9.689334,5.621585,0.167030,0.981881,1.137661,1.512039,0.474642,-0.120951,0.097738,0.499467,0.489811,-20.778002,-14.015000,-29.121002,NaN,-2.814911,true,Self-supervised model,0.224160,3.335000,6.579809,1.972956,0.000000,0.000000,0.980160,3.027304,false,false
2026-04-17T14:47:37.653937,0.614917,-0.668397,-0.712445,130.820,SE,1,0.908228,1,0.908228,1.490517,1.890043,1.535027,-0.435745,9.885659,5.453991,0.049072,1.160410,1.003667,1.535027,0.500910,-0.012828,0.121562,0.515609,0.501074,-20.778002,-14.015000,-29.121002,NaN,-2.815389,true,Self-supervised model,0.225063,3.344000,6.566206,1.963578,0.000000,0.000000,0.971004,2.977116,false,false
2026-04-17T14:47:37.661067,0.614917,-0.668397,-0.712827,130.842,SE,1,0.908228,1,0.908228,1.500212,1.896450,1.551113,-0.572214,10.043676,5.255273,-0.092823,1.299172,0.842309,1.551113,0.550390,0.204029,0.144775,0.604579,0.586989,-20.778002,-14.015000,-29.121002,NaN,-2.816349,true,Self-supervised model,0.223489,3.351000,6.544328,1.952948,0.000000,0.000000,0.967185,2.565606,false,false
2026-04-17T14:47:37.669456,0.614917,-0.668397,-0.713405,130.875,SE,1,0.908228,1,0.908228,1.521457,1.903450,1.632993,-0.682347,10.244789,5.032612,-0.201304,1.479358,0.661547,1.632993,0.616363,0.511905,0.153327,0.815757,0.801218,-20.778002,-14.015000,-29.121002,NaN,-2.817708,true,Self-supervised model,0.222901,3.360000,6.511252,1.937873,0.000000,0.000000,0.931698,2.001814,false,false
2026-04-17T14:47:37.676288,0.614917,-0.668397,-0.714171,130.919,SE,1,0.908228,1,0.908228,1.556974,1.911591,1.743439,-0.830788,10.433931,4.788404,-0.339592,1.645817,0.464267,1.743439,0.664621,0.763582,0.160047,1.024887,1.012313,-20.778002,-14.015000,-29.121002,NaN,-2.819231,true,Self-supervised model,0.222922,3.366000,6.467333,1.921371,0.000000,0.000000,0.893048,1.701104,false,false
2026-04-17T14:47:37.685121,0.614917,-0.668397,-0.715082,130.971,SE,1,0.908228,1,0.908228,1.594732,1.920916,1.792962,-0.909797,10.529699,4.594473,-0.401392,1.717658,0.321321,1.792962,0.686002,0.925461,0.165544,1.163822,1.151988,-20.778002,-14.015000,-29.121002,NaN,-2.820720,true,Self-supervised model,0.222031,3.375000,6.415137,1.900781,0.000000,0.000000,0.889440,1.540581,false,false
2026-04-17T14:47:37.693194,0.614917,-0.668397,-0.716111,131.030,SE,1,0.908228,1,0.908228,1.647180,1.931967,1.922533,-1.067814,10.673351,4.395754,-0.538545,1.837230,0.175182,1.922533,0.686002,1.008538,0.179594,1.232884,1.219733,-20.778002,-14.015000,-29.121002,NaN,-2.822221,true,Self-supervised model,0.225401,3.383000,6.356187,1.878861,0.000000,0.000000,0.856776,1.559379,false,false
2026-04-17T14:47:37.701593,0.614917,-0.668397,-0.717250,131.095,SE,1,0.908228,1,0.908228,1.706458,1.944947,2.017665,-1.192312,10.771513,4.211401,-0.642588,1.912130,0.042523,2.017665,0.639576,0.965778,0.194866,1.174631,1.158354,-20.778002,-14.015000,-29.121002,NaN,-2.823797,true,Self-supervised model,0.229782,3.392000,6.290956,1.854645,0.000000,0.000000,0.845759,1.717701,false,false
2026-04-17T14:47:37.708471,0.614917,-0.668397,-0.718526,131.169,SE,1,0.908228,1,0.908228,1.771024,1.959990,2.109998,-1.302446,10.857705,4.134786,-0.736635,1.977191,0.013291,2.109998,0.546114,0.785573,0.211970,0.979947,0.956747,-20.778002,-14.015000,-29.121002,NaN,-2.825626,true,Self-supervised model,0.236326,3.399000,6.217817,1.829308,0.000000,0.000000,0.839349,2.153176,false,false
2026-04-17T14:47:37.716715,0.614917,-0.668397,-0.719986,131.252,SE,1,0.908228,1,0.908228,1.842472,1.977289,2.217574,-1.374272,10.965444,4.120421,-0.801255,2.067411,0.037889,2.217574,0.428827,0.531453,0.230907,0.720870,0.682887,-20.778002,-14.015000,-29.121002,NaN,-2.827822,true,Self-supervised model,0.246991,3.407000,6.134138,1.800451,0.000000,0.000000,0.830850,3.076249,false,false
2026-04-17T14:47:37.725147,0.614917,-0.668397,-0.721717,131.351,SE,1,0.908228,1,0.908228,1.893758,1.995948,2.163005,-1.285686,10.948685,4.165911,-0.716700,2.037799,0.110943,2.163005,0.252898,0.152716,0.230296,0.374588,0.295432,-20.778002,-14.015000,-29.121002,NaN,-2.830632,true,Self-supervised model,0.255077,3.415000,6.035000,1.767203,0.000000,0.000000,0.875522,5.774359,false,false
2026-04-17T14:47:37.732736,0.614917,-0.668397,-0.723790,131.470,SE,1,0.908228,1,0.908228,1.912176,2.014597,2.008871,-1.115698,10.836157,4.237737,-0.562863,1.918468,0.195511,2.008871,0.060476,-0.254731,0.205251,0.332675,0.261811,-20.778002,-14.015000,-29.121002,NaN,-2.834077,true,Self-supervised model,0.248799,3.423000,5.916208,1.728369,0.000000,0.000000,0.951866,6.038529,false,false
2026-04-17T14:47:37.740375,0.614917,-0.668397,-0.726200,131.608,SE,1,0.908228,1,0.908228,1.871702,2.030881,1.659212,-0.840365,10.529699,4.285621,-0.313499,1.611345,0.241392,1.659212,-0.068417,-0.497855,0.178373,0.533252,0.502534,-20.778002,-14.015000,-29.121002,NaN,-2.837832,true,Self-supervised model,0.224200,3.430000,5.778145,1.684590,0.000000,0.000000,1.128066,3.111499,false,false
2026-04-17T14:47:37.748403,0.614917,-0.668397,-0.728860,131.761,SE,1,0.908228,1,0.908228,1.770754,2.042476,1.240782,-0.548272,10.132261,4.285621,-0.052795,1.218731,0.226821,1.240782,-0.243735,-0.711047,0.128893,0.762632,0.751661,-20.778002,-14.015000,-29.121002,NaN,-2.841493,true,Self-supervised model,0.199595,3.438000,5.625748,1.636343,0.000000,0.000000,1.427128,1.626973,false,false
2026-04-17T14:47:37.762172,0.614917,-0.668397,-0.731645,131.920,SE,1,0.908228,1,0.908228,1.614741,2.047367,0.795672,-0.160412,9.591172,4.345476,0.303800,0.686653,0.263263,0.795672,-0.348193,-0.693332,0.081856,0.780159,0.775853,-20.778002,-14.015000,-29.121002,NaN,-2.844781,true,Self-supervised model,0.185894,3.452000,5.466153,1.583474,0.000000,0.000000,2.029405,1.019885,false,false
2026-04-17T14:47:37.764720,0.614917,-0.668397,-0.734426,132.080,SE,1,0.908228,1,0.908228,1.464584,2.046055,0.676261,0.081403,9.141062,4.462792,0.521543,0.248793,0.351317,0.676261,-0.401338,-0.531453,0.032376,0.666755,0.665969,-18.997002,-13.204000,-29.922001,NaN,-2.847544,true,Self-supervised model,0.173453,3.455000,5.306815,1.535981,0.000000,0.000000,2.165708,1.014257,false,false
2026-04-17T14:47:37.772726,0.614917,-0.668397,-0.737017,132.228,SE,1,0.908228,1,0.908228,1.343340,2.039947,0.706805,0.181959,8.767567,4.486734,0.606828,-0.111335,0.344875,0.706805,-0.404393,-0.248011,-0.026878,0.475148,0.474387,-18.997002,-13.204000,-29.922001,NaN,-2.849374,true,Self-supervised model,0.182343,3.463000,5.158373,1.489568,0.000000,0.000000,1.900580,1.487548,false,false
2026-04-17T14:47:37.780762,0.614917,-0.668397,-0.739293,132.358,SE,1,0.908228,1,0.908228,1.236799,2.029821,0.677460,0.114922,8.602366,4.486734,0.538270,-0.263162,0.316170,0.677460,-0.383013,0.048869,-0.072082,0.392788,0.386118,-18.997002,-13.204000,-29.922001,NaN,-2.850393,true,Self-supervised model,0.181515,3.471000,5.027945,1.448558,0.000000,0.000000,1.825641,1.724746,false,false
2026-04-17T14:47:37.789030,0.614917,-0.668397,-0.741102,132.462,SE,1,0.908228,1,0.908228,1.124260,2.015598,0.533427,-0.165200,8.559271,4.548983,0.271033,-0.293753,0.353263,0.533427,-0.332311,0.406836,-0.116675,0.538107,0.525306,-18.997002,-13.204000,-29.922001,NaN,-2.850332,true,Self-supervised model,0.177197,3.479000,4.924302,1.415436,0.000000,0.000000,2.107616,0.991303,false,false
2026-04-17T14:47:37.797222,0.614917,-0.668397,-0.742350,132.534,SE,1,0.908228,1,0.908228,1.020271,1.997785,0.474332,-0.514753,8.604761,4.623203,-0.051655,-0.237357,0.407411,0.474332,-0.270002,0.704938,-0.150273,0.769689,0.754877,-18.997002,-13.204000,-29.922001,NaN,-2.849336,true,Self-supervised model,0.172860,3.487000,4.852797,1.391683,0.000000,0.000000,2.150966,0.616264,false,false
2026-04-17T14:47:37.805276,0.614917,-0.668397,-0.742989,132.570,SE,1,0.908228,1,0.908228,0.957575,1.978177,0.628420,-0.861913,8.688558,4.723760,-0.361249,-0.144581,0.493465,0.628420,-0.208916,0.874759,-0.178373,0.916878,0.899360,-18.997002,-13.204000,-29.922001,NaN,-2.847540,true,Self-supervised model,0.171661,3.495000,4.816179,1.378020,0.000000,0.000000,1.523781,0.685391,false,false
2026-04-17T14:47:37.812749,0.614917,-0.668397,-0.743017,132.572,SE,1,0.908228,1,0.908228,0.933384,1.958385,0.806379,-1.163582,8.729259,4.747702,-0.619245,-0.096501,0.507415,0.806379,-0.169821,0.910800,-0.202807,0.948434,0.926497,-18.997002,-13.204000,-29.922001,NaN,-2.845123,true,Self-supervised model,0.181933,3.503000,4.814580,1.374416,0.000000,0.000000,1.157500,0.850221,false,false
2026-04-17T14:47:37.820902,0.614917,-0.668397,-0.742438,132.539,SE,1,0.908228,1,0.908228,0.937296,1.939542,0.957837,-1.426944,8.700529,4.697424,-0.837286,-0.118777,0.449773,0.957837,-0.144164,0.828333,-0.232129,0.872240,0.840785,-18.997002,-13.204000,-29.922001,NaN,-2.842116,true,Self-supervised model,0.191981,3.511000,4.847760,1.380735,0.000000,0.000000,0.978555,1.098134,false,false
2026-04-17T14:47:37.829356,0.614917,-0.668397,-0.741270,132.472,SE,1,0.908228,1,0.908228,0.960434,1.922377,1.081908,-1.642422,8.621520,4.594473,-1.008956,-0.191612,0.340319,1.081908,-0.139888,0.667676,-0.256563,0.728824,0.682173,-18.997002,-13.204000,-29.922001,NaN,-2.838592,true,Self-supervised model,0.200345,3.519000,4.914682,1.396613,0.000000,0.000000,0.887723,1.484457,false,false
2026-04-17T14:47:37.837122,0.614917,-0.668397,-0.739520,132.371,SE,1,0.908228,1,0.908228,0.986356,1.906936,1.122447,-1.752556,8.520964,4.381389,-1.078847,-0.285649,0.119925,1.122447,-0.150884,0.477086,-0.279776,0.573281,0.500377,-18.997002,-13.204000,-29.922001,NaN,-2.834515,true,Self-supervised model,0.203559,3.527000,5.014938,1.421871,0.000000,0.000000,0.878755,1.957934,false,false
2026-04-17T14:47:37.845009,0.614917,-0.668397,-0.737212,132.239,SE,1,0.908228,1,0.908228,1.012340,1.893153,1.148756,-1.781286,8.384495,4.271256,-1.071368,-0.414501,-0.000051,1.148756,-0.183870,0.318872,-0.297491,0.473274,0.368086,-18.997002,-13.204000,-29.922001,NaN,-2.829974,true,Self-supervised model,0.205655,3.535000,5.147178,1.456062,0.000000,0.000000,0.881249,2.427253,false,false
2026-04-17T14:47:37.853495,0.614917,-0.668397,-0.734367,132.076,SE,1,0.908228,1,0.908228,1.043186,1.881154,1.205125,-1.798046,8.219295,4.173094,-1.055690,-0.570374,-0.111885,1.205125,-0.219911,0.192423,-0.307265,0.424028,0.292211,-18.997002,-13.204000,-29.922001,NaN,-2.824979,true,Self-supervised model,0.209196,3.544000,5.310209,1.498366,0.000000,0.000000,0.865624,2.842092,false,false
2026-04-17T14:47:37.861315,0.614917,-0.668397,-0.731033,131.885,SE,1,0.908228,1,0.908228,1.086551,1.871370,1.314217,-1.833959,8.015787,4.180276,-1.063469,-0.762166,-0.123708,1.314217,-0.313374,-0.021380,-0.312152,0.442831,0.314102,-18.997002,-13.204000,-29.922001,NaN,-2.819691,true,Self-supervised model,0.212881,3.551000,5.501234,1.549207,0.000000,0.000000,0.826767,2.967762,false,false
2026-04-17T14:47:37.870082,0.614917,-0.668397,-0.727293,131.671,SE,1,0.908228,1,0.908228,1.138760,1.864065,1.412861,-1.857901,7.836222,4.261679,-1.063840,-0.927300,-0.067356,1.412861,-0.381791,-0.145997,-0.302378,0.508441,0.408753,-18.997002,-13.204000,-29.922001,NaN,-2.814329,true,Self-supervised model,0.215893,3.560000,5.715494,1.605476,0.000000,0.000000,0.805996,2.778813,false,false
2026-04-17T14:47:37.876451,0.614917,-0.668397,-0.723264,131.440,SE,1,0.908228,1,0.908228,1.202577,1.859606,1.537614,-1.826776,7.592013,4.398149,-1.014902,-1.154462,0.038053,1.537614,-0.452651,-0.257174,-0.274278,0.588439,0.520607,-18.997002,-13.204000,-29.922001,NaN,-2.809143,true,Self-supervised model,0.217498,3.567000,5.946332,1.667040,0.000000,0.000000,0.782106,2.613039,false,false
2026-04-17T14:47:37.885816,0.614917,-0.668397,-0.719128,131.203,SE,1,0.908228,1,0.908228,1.271815,1.858094,1.635313,-1.714248,7.366959,4.570531,-0.890611,-1.360379,0.174444,1.635313,-0.501520,-0.325591,-0.230907,0.640976,0.597940,-18.997002,-13.204000,-29.922001,NaN,-2.804577,true,Self-supervised model,0.222789,3.576000,6.183319,1.729116,0.000000,0.000000,0.777719,2.551286,false,false
2026-04-17T14:47:37.893321,0.614917,-0.668397,-0.715090,130.972,SE,1,0.908228,1,0.908228,1.352726,1.859880,1.777513,-1.568202,7.125144,4.771644,-0.737836,-1.581753,0.336462,1.777513,-0.525344,-0.343306,-0.186925,0.654818,0.627571,-18.997002,-13.204000,-29.922001,NaN,-2.800931,true,Self-supervised model,0.227008,3.583000,6.414696,1.790314,0.000000,0.000000,0.761022,2.714515,false,false
2026-04-17T14:47:37.903007,0.614917,-0.668397,-0.711317,130.755,SE,1,0.908228,1,0.908228,1.441127,1.865129,1.905228,-1.467646,6.943185,4.910508,-0.634481,-1.742940,0.435304,1.905228,-0.519846,-0.324980,-0.144164,0.629790,0.613068,-18.997002,-13.204000,-29.922001,NaN,-2.798222,true,Self-supervised model,0.234255,3.593000,6.630836,1.845487,0.000000,0.000000,0.756406,3.025179,false,false
2026-04-17T14:47:37.908716,0.614917,-0.668397,-0.707946,130.562,SE,1,0.908228,1,0.908228,1.530161,1.873731,1.997594,-1.338359,6.792350,5.015852,-0.496271,-1.870129,0.496702,1.997594,-0.485638,-0.270613,-0.092241,0.563546,0.555946,-18.997002,-13.204000,-29.922001,NaN,-2.796452,true,Self-supervised model,0.236325,3.599000,6.824031,1.896091,0.000000,0.000000,0.766002,3.544686,false,false
2026-04-17T14:47:37.922023,0.614917,-0.668397,-0.704763,130.380,SE,1,0.908228,1,0.908228,1.606185,1.885029,2.005307,-1.197101,6.739678,5.090073,-0.350861,-1.901567,0.531219,2.005307,-0.433714,-0.192423,-0.028711,0.475351,0.474483,-18.997002,-13.204000,-29.922001,NaN,-2.794026,true,Self-supervised model,0.243888,3.612000,7.006387,1.939753,0.000000,0.000000,0.800967,4.218578,false,false
2026-04-17T14:47:37.925400,0.614917,-0.668397,-0.702013,130.222,SE,1,0.908228,1,0.908228,1.660324,1.898041,1.944558,-1.072602,6.775591,5.154716,-0.226230,-1.847747,0.562102,1.944558,-0.361632,-0.097128,0.042150,0.376813,0.374448,-15.645000,-14.814001,-31.713001,NaN,-2.793005,true,Self-supervised model,0.236837,3.615000,7.163972,1.981735,0.000000,0.000000,0.853831,5.160536,false,false
2026-04-17T14:47:37.933012,0.614917,-0.668397,-0.699886,130.101,SE,1,0.908228,1,0.908228,1.687409,1.911615,1.829600,-0.962469,6.878541,5.193024,-0.121766,-1.732297,0.575983,1.829600,-0.291994,-0.007330,0.092852,0.306489,0.292086,-15.645000,-14.814001,-31.713001,NaN,-2.793374,true,Self-supervised model,0.241476,3.623000,7.285809,2.010988,0.000000,0.000000,0.922283,5.969551,false,false
2026-04-17T14:47:37.940543,0.614917,-0.668397,-0.698563,130.025,SE,1,0.908228,1,0.908228,1.695087,1.924954,1.735396,-0.818817,6.952762,5.176264,0.016059,-1.648841,0.540984,1.735396,-0.200975,0.101404,0.141110,0.265679,0.225108,-15.645000,-14.814001,-31.713001,NaN,-2.795265,true,Self-supervised model,0.240212,3.631000,7.361615,2.027435,0.000000,0.000000,0.976772,6.531918,false,false
2026-04-17T14:47:37.948443,0.614917,-0.668397,-0.698012,129.993,SE,1,0.908228,1,0.908228,1.689161,1.937523,1.658054,-0.646434,7.031770,5.164293,0.183549,-1.564342,0.517964,1.658054,-0.097738,0.193033,0.165544,0.272433,0.216367,-15.645000,-14.814001,-31.713001,NaN,-2.797800,true,Self-supervised model,0.237203,3.639000,7.393210,2.031660,0.000000,0.000000,1.018761,6.086101,false,false
2026-04-17T14:47:37.956679,0.614917,-0.668397,-0.698150,130.001,SE,1,0.908228,1,0.908228,1.664145,1.948587,1.532807,-0.536301,7.177817,5.157111,0.290450,-1.416868,0.507565,1.532807,-0.021380,0.237016,0.168599,0.291649,0.237978,-15.645000,-14.814001,-31.713001,NaN,-2.800698,true,Self-supervised model,0.230558,3.647000,7.385278,2.025028,0.000000,0.000000,1.085684,5.255657,false,false
2026-04-17T14:47:37.964953,0.614917,-0.668397,-0.698838,130.040,SE,1,0.908228,1,0.908228,1.625969,1.957683,1.425546,-0.541090,7.266402,5.070919,0.283383,-1.330727,0.425490,1.425546,0.100793,0.242514,0.164323,0.309797,0.262625,-15.645000,-14.814001,-31.713001,NaN,-2.803584,true,Self-supervised model,0.223593,3.655000,7.345860,2.009811,0.000000,0.000000,1.140594,4.601554,false,false
2026-04-17T14:47:37.972504,0.614917,-0.668397,-0.699914,130.102,SE,1,0.908228,1,0.908228,1.566023,1.964016,1.251305,-0.663194,7.402872,4.951209,0.158938,-1.200180,0.316343,1.251305,0.196699,0.197920,0.149662,0.316641,0.279039,-15.645000,-14.814001,-31.713001,NaN,-2.806215,true,Self-supervised model,0.213590,3.663000,7.284181,1.988583,0.000000,0.000000,1.251511,3.951811,false,false
2026-04-17T14:47:37.980367,0.614917,-0.668397,-0.701214,130.177,SE,1,0.908228,1,0.908228,1.488589,1.966999,1.082064,-0.833182,7.541735,4.776433,-0.014702,-1.070394,0.157805,1.082064,0.278555,0.114843,0.142942,0.333488,0.301300,-15.645000,-14.814001,-31.713001,NaN,-2.808405,true,Self-supervised model,0.204110,3.670000,7.209737,1.964506,0.000000,0.000000,1.375695,3.244689,false,false
2026-04-17T14:47:37.988506,0.614917,-0.668397,-0.702598,130.256,SE,1,0.908228,1,0.908228,1.406434,1.966577,0.975117,-1.010353,7.671022,4.539406,-0.198606,-0.952890,-0.058375,0.975117,0.346971,0.021991,0.147829,0.377791,0.347668,-15.645000,-14.814001,-31.713001,NaN,-2.810129,true,Self-supervised model,0.197843,3.679000,7.130421,1.938141,0.000000,0.000000,1.442324,2.581098,false,false
2026-04-17T14:47:37.997629,0.614917,-0.668397,-0.704001,130.336,SE,1,0.908228,1,0.908228,1.343207,1.963642,1.011270,-1.086968,7.709330,4.292804,-0.285832,-0.928613,-0.280437,1.011270,0.384234,-0.040928,0.158214,0.417544,0.386408,-15.645000,-14.814001,-31.713001,NaN,-2.811604,true,Self-supervised model,0.198834,3.688000,7.050068,1.911624,0.000000,0.000000,1.328239,2.421949,false,false
2026-04-17T14:47:38.004605,0.614917,-0.668397,-0.705413,130.417,SE,1,0.908228,1,0.908228,1.304225,1.959265,1.099567,-1.125275,7.766790,3.991134,-0.338528,-0.886584,-0.555350,1.099567,0.412334,-0.120951,0.175318,0.464096,0.429708,-15.645000,-14.814001,-31.713001,NaN,-2.813059,true,Self-supervised model,0.201921,3.695000,6.969120,1.886095,0.000000,0.000000,1.186126,2.369265,false,false
2026-04-17T14:47:38.012345,0.614917,-0.668397,-0.706867,130.500,SE,1,0.908228,1,0.908228,1.291283,1.954546,1.223339,-1.130063,7.838616,3.696647,-0.360867,-0.830734,-0.822323,1.223339,0.411723,-0.157603,0.188757,0.479567,0.440857,-15.645000,-14.814001,-31.713001,NaN,-2.814674,true,Self-supervised model,0.208643,3.702000,6.885846,1.860034,0.000000,0.000000,1.055540,2.550927,false,false
2026-04-17T14:47:38.020642,0.614917,-0.668397,-0.708399,130.588,SE,1,0.908228,1,0.908228,1.301277,1.950415,1.353746,-1.127669,7.924808,3.438074,-0.378743,-0.760191,-1.054178,1.353746,0.376904,-0.204029,0.205862,0.475461,0.428584,-15.645000,-14.814001,-31.713001,NaN,-2.816524,true,Self-supervised model,0.215695,3.711000,6.798034,1.831860,0.000000,0.000000,0.961242,2.847226,false,false
2026-04-17T14:47:38.029235,0.614917,-0.668397,-0.710064,130.684,SE,1,0.908228,1,0.908228,1.326700,1.947466,1.460170,-1.103727,7.994239,3.246537,-0.376952,-0.704895,-1.221936,1.460170,0.330478,-0.222966,0.215635,0.453242,0.398660,-15.645000,-14.814001,-31.713001,NaN,-2.818716,true,Self-supervised model,0.221225,3.719000,6.702669,1.802277,0.000000,0.000000,0.908593,3.221614,false,false
2026-04-17T14:47:38.037355,0.614917,-0.668397,-0.711908,130.789,SE,1,0.908228,1,0.908228,1.354040,1.945729,1.497572,-1.065420,8.118738,3.122039,-0.362284,-0.592359,-1.326870,1.497572,0.248622,-0.257174,0.222355,0.421181,0.357703,-15.645000,-14.814001,-31.713001,NaN,-2.821279,true,Self-supervised model,0.223541,3.727000,6.597004,1.770057,0.000000,0.000000,0.904157,3.555651,false,false
2026-04-17T14:47:38.044326,0.614917,-0.668397,-0.713967,130.907,SE,1,0.908228,1,0.908228,1.367721,1.944609,1.439548,-1.046266,8.267179,3.119645,-0.368603,-0.452783,-1.315833,1.439548,0.180205,-0.289550,0.230296,0.411521,0.341047,-15.645000,-14.814001,-31.713001,NaN,-2.824199,true,Self-supervised model,0.219930,3.734000,6.479004,1.735138,0.000000,0.000000,0.950105,3.498115,false,false
2026-04-17T14:47:38.053624,0.614917,-0.668397,-0.716281,131.040,SE,1,0.908228,1,0.908228,1.359951,1.943223,1.319161,-0.993594,8.406042,3.196259,-0.343723,-0.319225,-1.232938,1.319161,0.074526,-0.347582,0.235183,0.426238,0.355482,-15.645000,-14.814001,-31.713001,NaN,-2.827529,true,Self-supervised model,0.214558,3.744000,6.346450,1.695099,0.000000,0.000000,1.030921,3.094895,false,false
2026-04-17T14:47:38.061207,0.614917,-0.668397,-0.718880,131.189,SE,1,0.908228,1,0.908228,1.322044,1.940376,1.123032,-0.847547,8.487445,3.356671,-0.227368,-0.239555,-1.073368,1.123032,-0.029322,-0.398284,0.237016,0.464399,0.399362,-15.645000,-14.814001,-31.713001,NaN,-2.831271,true,Self-supervised model,0.202649,3.751000,6.197525,1.652233,0.000000,0.000000,1.177210,2.418248,false,false
2026-04-17T14:47:38.069855,0.614917,-0.668397,-0.721768,131.354,SE,1,0.908228,1,0.908228,1.242412,1.934457,0.824343,-0.691924,8.537724,3.641581,-0.102743,-0.187526,-0.796128,0.824343,-0.135612,-0.458149,0.223577,0.527520,0.477798,-15.645000,-14.814001,-31.713001,NaN,-2.835312,true,Self-supervised model,0.186718,3.760000,6.032084,1.604278,0.000000,0.000000,1.507154,1.562676,false,false
2026-04-17T14:47:38.081598,0.614917,-0.668397,-0.724907,131.534,SE,1,0.908228,1,0.908228,1.126454,1.924137,0.517673,-0.615310,8.583213,3.955221,-0.057559,-0.137323,-0.495797,0.517673,-0.209527,-0.488692,0.204029,0.569517,0.531716,-15.645000,-14.814001,-31.713001,NaN,-2.839459,true,Self-supervised model,0.178144,3.772000,5.852210,1.551487,0.000000,0.000000,2.175996,0.908968,false,false
2026-04-17T14:47:38.085528,0.614917,-0.668397,-0.728227,131.724,SE,1,0.908228,1,0.908228,0.983616,1.908516,0.233718,-0.514753,8.678981,4.237737,0.012664,-0.034473,-0.230814,0.233718,-0.244346,-0.488081,0.189979,0.577945,0.545828,-14.767001,-14.246000,-30.036001,NaN,-2.843500,true,Self-supervised model,0.186804,3.776000,5.662005,1.499472,0.000000,0.000000,4.208567,0.404394,false,false
2026-04-17T14:47:38.092640,0.614917,-0.668397,-0.731626,131.919,SE,1,0.908228,1,0.908228,0.833570,1.887518,0.045827,-0.462081,8.683769,4.503493,0.036911,-0.021755,0.016261,0.045827,-0.254731,-0.439823,0.166766,0.534923,0.508264,-14.767001,-14.246000,-30.036001,NaN,-2.847217,true,Self-supervised model,0.216830,3.783000,5.467245,1.445214,0.000000,0.000000,0.000000,0.085670,false,false
2026-04-17T14:47:38.102461,0.614917,-0.668397,-0.735025,132.114,SE,1,0.908228,1,0.908228,0.739216,1.863586,0.243857,-0.409408,8.700529,4.735731,0.070141,0.001636,0.233546,0.243857,-0.230907,-0.354913,0.140499,0.446118,0.423416,-14.767001,-14.246000,-30.036001,NaN,-2.850615,true,Self-supervised model,0.177393,3.793000,5.272493,1.390059,0.000000,0.000000,3.031355,0.546619,false,false
2026-04-17T14:47:38.108999,0.614917,-0.668397,-0.738125,132.291,SE,1,0.908228,1,0.908228,0.688626,1.838588,0.423029,-0.404620,8.750807,4.929661,0.060310,0.057738,0.414708,0.423029,-0.182038,-0.264505,0.122173,0.343550,0.321093,-14.767001,-14.246000,-30.036001,NaN,-2.852517,true,Self-supervised model,0.168969,3.799000,5.094899,1.341116,0.000000,0.000000,1.627845,1.231345,false,false
2026-04-17T14:47:38.116761,0.614917,-0.668397,-0.740885,132.450,SE,1,0.908228,1,0.908228,0.668360,1.813779,0.561967,-0.402226,8.877700,5.051765,0.051140,0.189308,0.526644,0.561967,-0.137445,-0.206472,0.113010,0.272568,0.248036,-14.767001,-14.246000,-30.036001,NaN,-2.853920,true,Self-supervised model,0.180851,3.807000,4.936745,1.296755,0.000000,0.000000,1.189324,2.061750,false,false
2026-04-17T14:47:38.125,0.614917,-0.668397,-0.743345,132.591,SE,1,0.908228,1,0.908228,0.679757,1.790418,0.739592,-0.402226,9.047688,5.176264,0.038131,0.362635,0.643458,0.739592,-0.068417,-0.148440,0.103236,0.193321,0.163448,-14.767001,-14.246000,-30.036001,NaN,-2.855179,true,Self-supervised model,0.198188,3.815000,4.795794,1.257089,0.000000,0.000000,0.919098,3.825716,false,false
2026-04-17T14:47:38.132874,0.614917,-0.668397,-0.745686,132.725,SE,1,0.908228,1,0.908228,0.716163,1.769448,0.907293,-0.330400,9.215282,5.264850,0.101212,0.531883,0.728037,0.907293,-0.012217,-0.147829,0.091630,0.174353,0.148333,-14.767001,-14.246000,-30.036001,NaN,-2.857044,true,Self-supervised model,0.210264,3.823000,4.661665,1.219374,0.000000,0.000000,0.789340,5.203787,false,false
2026-04-17T14:47:38.141027,0.614917,-0.668397,-0.747785,132.845,SE,1,0.908228,1,0.908228,0.760916,1.751106,0.995866,-0.220267,9.351752,5.248090,0.201672,0.668524,0.710038,0.995866,0.019548,-0.186925,0.065973,0.199187,0.187944,-14.767001,-14.246000,-30.036001,NaN,-2.858175,true,Self-supervised model,0.214471,3.831000,4.541398,1.185434,0.000000,0.000000,0.764074,4.999653,false,false
2026-04-17T14:47:38.148347,0.614917,-0.668397,-0.749678,132.953,SE,1,0.908228,1,0.908228,0.814019,1.735623,1.092813,-0.134075,9.497798,5.212177,0.277392,0.813917,0.674412,1.092813,0.026878,-0.233351,0.034819,0.237460,0.234893,-14.767001,-14.246000,-30.036001,NaN,-2.859246,true,Self-supervised model,0.217719,3.838000,4.432915,1.155007,0.000000,0.000000,0.744884,4.602090,false,false
2026-04-17T14:47:38.157078,0.614917,-0.668397,-0.751345,133.049,SE,1,0.908228,1,0.908228,0.873182,1.723125,1.183785,-0.100556,9.674969,5.111620,0.301062,0.990374,0.574343,1.183785,0.017104,-0.265726,-0.015272,0.266714,0.266276,-14.767001,-14.246000,-30.036001,NaN,-2.860005,true,Self-supervised model,0.221485,3.847000,4.337433,1.127484,0.000000,0.000000,0.737618,4.438409,false,false
2026-04-17T14:47:38.165082,0.614917,-0.668397,-0.752715,133.127,SE,1,0.908228,1,0.908228,0.939223,1.713769,1.285942,-0.107739,9.842564,5.018247,0.286575,1.157799,0.480648,1.285942,-0.009163,-0.267559,-0.078802,0.279073,0.267716,-14.767001,-14.246000,-30.036001,NaN,-2.860190,true,Self-supervised model,0.226103,3.855000,4.258929,1.104781,0.000000,0.000000,0.730378,4.607912,false,false
2026-04-17T14:47:38.172615,0.614917,-0.668397,-0.753686,133.183,SE,1,0.908228,1,0.908228,1.008724,1.707567,1.373606,-0.100556,9.940725,5.011064,0.290901,1.257084,0.471072,1.373606,-0.050091,-0.249844,-0.142942,0.292171,0.254816,-14.767001,-14.246000,-30.036001,NaN,-2.859563,true,Self-supervised model,0.229864,3.863000,4.203309,1.088095,0.000000,0.000000,0.734363,4.701383,false,false
2026-04-17T14:47:38.181112,0.614917,-0.668397,-0.754136,133.209,SE,1,0.908228,1,0.908228,1.082059,1.704547,1.467068,-0.158017,10.048465,5.020641,0.235937,1.367752,0.475265,1.467068,-0.095906,-0.230296,-0.204640,0.322664,0.249468,-14.767001,-14.246000,-30.036001,NaN,-2.857930,true,Self-supervised model,0.233660,3.871000,4.177528,1.079186,0.000000,0.000000,0.737566,4.546743,false,false
2026-04-17T14:47:38.188826,0.614917,-0.668397,-0.753954,133.198,SE,1,0.908228,1,0.908228,1.154474,1.704544,1.534647,-0.304064,10.105926,5.102044,0.097550,1.430255,0.547720,1.534647,-0.155771,-0.211970,-0.271224,0.377834,0.263051,-14.767001,-14.246000,-30.036001,NaN,-2.855223,true,Self-supervised model,0.235118,3.879000,4.187923,1.079640,0.000000,0.000000,0.752273,4.061699,false,false
2026-04-17T14:47:38.198130,0.614917,-0.668397,-0.753064,133.147,SE,1,0.908228,1,0.908228,1.228169,1.707489,1.615071,-0.438139,10.137050,5.238513,-0.023918,1.468763,0.671281,1.615071,-0.216857,-0.199753,-0.327424,0.440607,0.294836,-14.767001,-14.246000,-30.036001,NaN,-2.851499,true,Self-supervised model,0.235978,3.888000,4.238908,1.090254,0.000000,0.000000,0.760443,3.665559,false,false
2026-04-17T14:47:38.204807,0.614917,-0.668397,-0.751414,133.053,SE,1,0.908228,1,0.908228,1.308601,1.713534,1.730867,-0.574608,10.165780,5.422867,-0.143919,1.507256,0.838671,1.730867,-0.272446,-0.196699,-0.366519,0.497246,0.336031,-14.767001,-14.246000,-30.036001,NaN,-2.846808,true,Self-supervised model,0.237294,3.895000,4.333447,1.112567,0.000000,0.000000,0.756038,3.480909,false,false
2026-04-17T14:47:38.212252,0.614917,-0.668397,-0.749005,132.915,SE,1,0.908228,1,0.908228,1.391450,1.722650,1.826409,-0.715866,10.120291,5.650316,-0.266292,1.473608,1.045628,1.826409,-0.309098,-0.188757,-0.386678,0.529802,0.362175,-14.767001,-14.246000,-30.036001,NaN,-2.841359,true,Self-supervised model,0.239241,3.902000,4.471523,1.145957,0.000000,0.000000,0.761850,3.447341,false,false
2026-04-17T14:47:38.222178,0.614917,-0.668397,-0.745898,132.737,SE,1,0.908228,1,0.908228,1.482222,1.735033,1.958771,-0.794875,10.026917,5.961562,-0.330272,1.390078,1.339921,1.958771,-0.323759,-0.176540,-0.387289,0.534770,0.368763,-14.767001,-14.246000,-30.036001,NaN,-2.835467,true,Self-supervised model,0.243812,3.912000,4.649504,1.188524,0.000000,0.000000,0.756710,3.662833,false,false
2026-04-17T14:47:38.229360,0.614917,-0.668397,-0.742513,132.543,SE,1,0.908228,1,0.908228,1.583912,1.750988,2.117790,-0.780510,9.904813,6.308722,-0.290995,1.284915,1.658116,2.117790,-0.320093,-0.158825,-0.361632,0.508393,0.357331,-14.767001,-14.246000,-30.036001,NaN,-2.830965,true,Self-supervised model,0.248599,3.919000,4.843479,1.235897,0.000000,0.000000,0.747908,4.165658,false,false
2026-04-17T14:47:38.241684,0.614917,-0.668397,-0.738358,132.305,SE,1,0.908228,1,0.908228,1.698106,1.770873,2.297620,-0.737414,9.816227,6.612785,-0.229484,1.209367,1.940059,2.297620,-0.294437,-0.153327,-0.335976,0.472316,0.331967,-14.767001,-14.246000,-30.036001,NaN,-2.823733,true,Self-supervised model,0.257499,3.932000,5.081525,1.292351,0.000000,0.000000,0.739072,4.864585,false,false
2026-04-17T14:47:38.244763,0.614917,-0.668397,-0.733975,132.054,SE,1,0.908228,1,0.908228,1.828777,1.795189,2.514803,-0.627281,9.744401,6.926425,-0.103332,1.148873,2.234647,2.514803,-0.239459,-0.158825,-0.300546,0.415805,0.287343,-17.882000,-14.765000,-31.973001,NaN,-2.818435,true,Self-supervised model,0.254376,3.935000,5.332680,1.355192,0.000000,0.000000,0.727205,6.048035,false,false
2026-04-17T14:47:38.252466,0.614917,-0.668397,-0.729511,131.798,SE,1,0.908228,1,0.908228,1.968138,1.824107,2.699780,-0.538695,9.706094,7.163452,-0.000823,1.119633,2.456672,2.699780,-0.155160,-0.157603,-0.274278,0.352338,0.221164,-17.882000,-14.765000,-31.973001,NaN,-2.813650,true,Self-supervised model,0.273919,3.943000,5.588428,1.417304,0.000000,0.000000,0.728999,7.662474,false,false
2026-04-17T14:47:38.260660,0.614917,-0.668397,-0.725061,131.543,SE,1,0.908228,1,0.908228,2.104870,1.857338,2.822717,-0.533907,9.665392,7.321469,0.016368,1.084471,2.606029,2.822717,-0.040928,-0.133779,-0.246790,0.283685,0.139900,-17.882000,-14.765000,-31.973001,NaN,-2.809257,true,Self-supervised model,0.284556,3.951000,5.843374,1.478961,0.000000,0.000000,0.745690,9.950182,false,false
2026-04-17T14:47:38.269418,0.614917,-0.668397,-0.720678,131.292,SE,1,0.908228,1,0.908228,2.217897,1.893760,2.811289,-0.514753,9.634268,7.321469,0.047427,1.054315,2.605670,2.811289,0.076969,-0.091019,-0.224798,0.254446,0.119200,-17.882000,-14.765000,-31.973001,NaN,-2.805141,true,Self-supervised model,0.287764,3.960000,6.094491,1.539013,0.000000,0.000000,0.788925,11.048646,false,false
2026-04-17T14:47:38.276456,0.614917,-0.668397,-0.716386,131.046,SE,1,0.908228,1,0.908228,2.284665,1.931396,2.635195,-0.495600,9.569624,7.149086,0.078873,0.985261,2.442804,2.635195,0.230907,-0.019548,-0.194866,0.302775,0.231733,-17.882000,-14.765000,-31.973001,NaN,-2.801210,true,Self-supervised model,0.277024,3.967000,6.340437,1.598295,0.000000,0.000000,0.866981,8.703465,false,false
2026-04-17T14:47:38.285265,0.614917,-0.668397,-0.712196,130.806,SE,1,0.908228,1,0.908228,2.294432,1.967918,2.345711,-0.416591,9.524135,6.833052,0.171103,0.929720,2.146790,2.345711,0.379347,0.063530,-0.172264,0.421444,0.384630,-17.882000,-14.765000,-31.973001,NaN,-2.797429,true,Self-supervised model,0.261007,3.975000,6.580516,1.655476,0.000000,0.000000,0.978139,5.565886,false,false
2026-04-17T14:47:38.292659,0.614917,-0.668397,-0.708115,130.572,SE,1,0.908228,1,0.908228,2.240200,2.000809,1.955480,-0.328006,9.490616,6.380548,0.274366,0.881048,1.724059,1.955480,0.500299,0.118508,-0.158825,0.538115,0.514143,-17.882000,-14.765000,-31.973001,NaN,-2.793784,true,Self-supervised model,0.240058,3.983000,6.814353,1.710859,0.000000,0.000000,1.145601,3.633942,false,false
2026-04-17T14:47:38.302471,0.614917,-0.668397,-0.704119,130.343,SE,1,0.908228,1,0.908228,2.140948,2.028415,1.619878,-0.308852,9.461885,5.973533,0.308859,0.833357,1.354299,1.619878,0.571159,0.127060,-0.149051,0.603807,0.585121,-17.882000,-14.765000,-31.973001,NaN,-2.790131,true,Self-supervised model,0.224461,3.993000,7.043280,1.763907,0.000000,0.000000,1.321673,2.682773,false,false
2026-04-17T14:47:38.308358,0.614917,-0.668397,-0.700173,130.117,SE,1,0.908228,1,0.908228,2.002518,2.049379,1.275756,-0.337582,9.481039,5.499481,0.294216,0.831392,0.921834,1.275756,0.618196,0.084299,-0.133169,0.637970,0.623917,-17.882000,-14.765000,-31.973001,NaN,-2.786382,true,Self-supervised model,0.204034,3.998000,7.269376,1.818253,0.000000,0.000000,1.569671,1.999711,false,false
2026-04-17T14:47:38.316776,0.614917,-0.668397,-0.696270,129.893,SE,1,0.908228,1,0.908228,1.856145,2.063649,1.087688,-0.387861,9.552865,5.118803,0.254613,0.881039,0.584815,1.087688,0.630413,-0.015882,-0.112399,0.640552,0.630613,-17.882000,-14.765000,-31.973001,NaN,-2.782652,true,Self-supervised model,0.197974,4.007000,7.493004,1.869979,0.000000,0.000000,1.706505,1.698049,false,false
2026-04-17T14:47:38.324392,0.614917,-0.668397,-0.692428,129.673,SE,1,0.908228,1,0.908228,1.719970,2.071902,1.005054,-0.411803,9.639056,4.738125,0.235606,0.945302,0.247036,1.005054,0.602313,-0.164323,-0.088575,0.630578,0.624326,-17.882000,-14.765000,-31.973001,NaN,-2.779056,true,Self-supervised model,0.192647,4.014000,7.713106,1.921551,0.000000,0.000000,1.711322,1.593861,false,false
2026-04-17T14:47:38.332775,0.614917,-0.668397,-0.688694,129.459,SE,1,0.908228,1,0.908228,1.603439,2.075164,0.991647,-0.335188,9.655815,4.477157,0.310003,0.941598,0.025580,0.991647,0.560774,-0.298102,-0.075747,0.639586,0.635085,-17.882000,-14.765000,-31.973001,NaN,-2.775750,true,Self-supervised model,0.191237,4.023000,7.927071,1.970438,0.000000,0.000000,1.616946,1.550450,false,false
2026-04-17T14:47:38.341123,0.614917,-0.668397,-0.685129,129.255,SE,1,0.908228,1,0.908228,1.517948,2.074875,1.069121,-0.071826,9.634268,4.311957,0.563613,0.902280,-0.106075,1.069121,0.447764,-0.558942,-0.067195,0.719322,0.716176,-17.882000,-14.765000,-31.973001,NaN,-2.772863,true,Self-supervised model,0.192590,4.031000,8.131328,2.017199,0.000000,0.000000,1.419809,1.486291,false,false
2026-04-17T14:47:38.348553,0.614917,-0.668397,-0.681772,129.063,SE,1,0.908228,1,0.908228,1.454957,2.072078,1.124253,0.232238,9.476251,4.299986,0.849581,0.730401,-0.093122,1.124253,0.317039,-0.798401,-0.064141,0.861436,0.859045,-17.882000,-14.765000,-31.973001,NaN,-2.770336,true,Self-supervised model,0.192327,4.039000,8.323691,2.060830,0.000000,0.000000,1.294154,1.305092,false,false
2026-04-17T14:47:38.356652,0.614917,-0.668397,-0.678654,128.884,SE,1,0.908228,1,0.908228,1.429185,2.068362,1.293884,0.569820,9.323022,4.443638,1.160707,0.568024,0.065138,1.293884,0.180816,-1.010982,-0.062919,1.028950,1.027024,-17.882000,-14.765000,-31.973001,NaN,-2.768179,true,Self-supervised model,0.198164,4.047000,8.502304,2.100891,0.000000,0.000000,1.104570,1.257480,false,false
2026-04-17T14:47:38.365414,0.614917,-0.668397,-0.675805,128.721,SE,1,0.908228,1,0.908228,1.443896,2.065384,1.521130,0.869095,9.188946,4.678270,1.427115,0.429294,0.304772,1.521130,0.081856,-1.138653,-0.060476,1.143192,1.141591,-17.882000,-14.765000,-31.973001,NaN,-2.766404,true,Self-supervised model,0.205921,4.056000,8.665535,2.136473,0.000000,0.000000,0.949226,1.330599,false,false
2026-04-17T14:47:38.372833,0.614917,-0.668397,-0.673244,128.574,SE,1,0.908228,1,0.908228,1.513129,2.065294,1.876601,1.206678,9.047688,5.049371,1.727814,0.286785,0.673827,1.876601,-0.004276,-1.210124,-0.065363,1.211895,1.210132,-17.882000,-14.765000,-31.973001,NaN,-2.764992,true,Self-supervised model,0.216970,4.063000,8.812302,2.168915,0.000000,0.000000,0.806314,1.548484,false,false
2026-04-17T14:47:38.380697,0.614917,-0.668397,-0.670965,128.443,SE,1,0.908228,1,0.908228,1.642720,2.070391,2.323074,1.604115,8.839393,5.398925,2.087224,0.079611,1.016775,2.323074,-0.046426,-1.188133,-0.083689,1.191981,1.189040,-17.882000,-14.765000,-31.973001,NaN,-2.763846,true,Self-supervised model,0.230903,4.071000,8.942840,2.196718,0.000000,0.000000,0.707132,1.948918,false,false
2026-04-17T14:47:38.388872,0.614917,-0.668397,-0.668931,128.327,SE,1,0.908228,1,0.908228,1.811548,2.082037,2.697897,1.941698,8.544906,5.623980,2.389928,-0.212593,1.233569,2.697897,-0.048258,-1.076345,-0.130114,1.085254,1.077426,-17.882000,-14.765000,-31.973001,NaN,-2.762786,true,Self-supervised model,0.244170,4.079000,9.059417,2.220990,0.000000,0.000000,0.671467,2.485959,false,false
2026-04-17T14:47:38.403073,0.614917,-0.668397,-0.667026,128.218,SE,1,0.908228,1,0.908228,1.989277,2.100327,2.922353,2.154782,8.291121,5.714960,2.569085,-0.462626,1.313745,2.922353,-0.025045,-0.922406,-0.191812,0.942472,0.922746,-17.882000,-14.765000,-31.973001,NaN,-2.761400,true,Self-supervised model,0.255577,4.093000,9.168566,2.240060,0.000000,0.000000,0.680711,3.100734,false,false
2026-04-17T14:47:38.404490,0.614917,-0.668397,-0.665345,128.121,SE,1,0.908228,1,0.908228,2.155999,2.124553,3.031286,2.255338,8.027759,5.676652,2.654882,-0.724446,1.271013,3.031286,0.015272,-0.691499,-0.272446,0.743392,0.691668,-18.571001,-15.066001,-29.714001,NaN,-2.760616,true,Self-supervised model,0.244594,4.095000,9.264863,2.262482,0.000000,0.000000,0.711249,4.077642,false,false
2026-04-17T14:47:38.412379,0.614917,-0.668397,-0.663298,128.004,SE,1,0.908228,1,0.908228,2.298325,2.153504,3.045539,2.274492,7.800309,5.523423,2.669393,-0.951115,1.115811,3.045539,0.062919,-0.433103,-0.355524,0.563857,0.437650,-18.571001,-15.066001,-29.714001,NaN,-2.757102,true,Self-supervised model,0.270398,4.102000,9.382176,2.287220,0.000000,0.000000,0.754653,5.401264,false,false
2026-04-17T14:47:38.420842,0.614917,-0.668397,-0.660772,127.859,SE,1,0.908228,1,0.908228,2.393394,2.185100,2.892506,2.121263,7.675811,5.322310,2.524025,-1.075779,0.915744,2.892506,0.102625,-0.204640,-0.420886,0.479119,0.228931,-18.571001,-15.066001,-29.714001,NaN,-2.752665,true,Self-supervised model,0.270540,4.111000,9.526863,2.317408,0.000000,0.000000,0.827447,6.037140,false,false
2026-04-17T14:47:38.429250,0.614917,-0.668397,-0.657659,127.681,SE,1,0.908228,1,0.908228,2.421844,2.216570,2.571207,1.769315,7.577648,5.058948,2.190836,-1.175014,0.656265,2.571207,0.145997,0.012217,-0.481362,0.503164,0.146507,-18.571001,-15.066001,-29.714001,NaN,-2.747202,true,Self-supervised model,0.259669,4.119000,9.705221,2.356208,0.000000,0.000000,0.941909,5.110082,false,false
2026-04-17T14:47:38.437078,0.614917,-0.668397,-0.653918,127.467,SE,1,0.908228,1,0.908228,2.373600,2.244851,2.120318,1.259350,7.582437,4.853047,1.707033,-1.171960,0.456397,2.120318,0.184481,0.124617,-0.514349,0.560461,0.222627,-18.571001,-15.066001,-29.714001,NaN,-2.740946,true,Self-supervised model,0.239660,4.127000,9.919591,2.403584,0.000000,0.000000,1.119455,3.783166,false,false
2026-04-17T14:47:38.444534,0.614917,-0.668397,-0.649575,127.218,SE,1,0.908228,1,0.908228,2.270970,2.267896,1.732162,0.797269,7.613562,4.659117,1.273028,-1.143172,0.270079,1.732162,0.206472,0.115454,-0.518625,0.570028,0.236559,-18.571001,-15.066001,-29.714001,NaN,-2.734196,true,Self-supervised model,0.222658,4.135000,10.168435,2.459114,0.000000,0.000000,1.311061,3.038732,false,false
2026-04-17T14:47:38.453080,0.614917,-0.668397,-0.644741,126.941,SE,1,0.908228,1,0.908228,2.134877,2.284575,1.420392,0.411803,7.675811,4.467580,0.913965,-1.083780,0.087194,1.420392,0.207694,0.013439,-0.499077,0.540736,0.208129,-18.571001,-15.066001,-29.714001,NaN,-2.727401,true,Self-supervised model,0.210241,4.143000,10.445380,2.521212,0.000000,0.000000,1.503020,2.626776,false,false
2026-04-17T14:47:38.460744,0.614917,-0.668397,-0.639506,126.641,SE,1,0.908228,1,0.908228,1.977910,2.294308,1.153834,0.040701,7.742848,4.216189,0.525577,-1.012089,-0.175435,1.153834,0.188757,-0.167377,-0.460592,0.525157,0.252278,-18.571001,-15.066001,-29.714001,NaN,-2.720562,true,Self-supervised model,0.197743,4.151000,10.745302,2.588606,0.000000,0.000000,1.714208,2.197121,false,false
2026-04-17T14:47:38.470269,0.614917,-0.668397,-0.635624,126.419,SE,1,0.908228,1,0.908228,1.838143,2.298062,1.104366,-0.232238,7.773973,3.960010,0.267835,-0.983946,-0.423956,1.104366,0.150884,-0.363465,-0.412334,0.569993,0.393539,-18.571001,-15.066001,-29.714001,NaN,-2.722090,true,Self-supervised model,0.196615,4.160000,10.967733,2.636474,0.000000,0.000000,1.664433,1.937509,false,false
2026-04-17T14:47:38.476400,0.614917,-0.668397,-0.631193,126.165,SE,1,0.908228,1,0.908228,1.727506,2.297240,1.146657,-0.387861,7.790732,3.778050,0.119211,-0.969296,-0.600898,1.146657,0.101404,-0.548557,-0.356134,0.661838,0.557851,-18.571001,-15.066001,-29.714001,NaN,-2.715462,true,Self-supervised model,0.192407,4.166000,11.221622,2.693620,0.000000,0.000000,1.506558,1.732535,false,false
2026-04-17T14:47:38.486517,0.614917,-0.668397,-0.626437,125.892,SE,1,0.908228,1,0.908228,1.642047,2.293032,1.193390,-0.397437,7.788338,3.694253,0.108244,-0.972630,-0.682974,1.193390,0.056200,-0.690278,-0.302989,0.755939,0.692562,-18.571001,-15.066001,-29.714001,NaN,-2.709406,true,Self-supervised model,0.194397,4.177000,11.494130,2.751767,0.000000,0.000000,1.375952,1.578685,false,false
2026-04-17T14:47:38.492633,0.614917,-0.668397,-0.621573,125.614,SE,1,0.908228,1,0.908228,1.581653,2.286577,1.264583,-0.313640,7.711724,3.696647,0.182887,-1.048946,-0.682229,1.264583,0.003054,-0.832609,-0.243124,0.867385,0.832615,-18.571001,-15.066001,-29.714001,NaN,-2.704111,true,Self-supervised model,0.191586,4.183000,11.772819,2.814444,0.000000,0.000000,1.250730,1.457926,false,false
2026-04-17T14:47:38.503151,0.614917,-0.668397,-0.616790,125.339,SE,1,0.908228,1,0.908228,1.538578,2.278657,1.312433,-0.148441,7.630321,3.801992,0.331253,-1.128649,-0.582154,1.312433,-0.051313,-0.954782,-0.191201,0.975090,0.956160,-18.571001,-15.066001,-29.714001,NaN,-2.699652,true,Self-supervised model,0.194931,4.193000,12.046865,2.873090,0.000000,0.000000,1.172309,1.345961,false,false
2026-04-17T14:47:38.508608,0.614917,-0.668397,-0.612256,125.080,SE,1,0.908228,1,0.908228,1.508230,2.269840,1.348906,0.062249,7.594408,3.943250,0.518155,-1.161293,-0.449958,1.348906,-0.087965,-1.026865,-0.157603,1.042606,1.030625,-18.571001,-15.066001,-29.714001,NaN,-2.696114,true,Self-supervised model,0.190534,4.199000,12.306646,2.930852,0.000000,0.000000,1.118114,1.293783,false,false
2026-04-17T14:47:38.516802,0.614917,-0.668397,-0.608090,124.841,SE,1,0.908228,1,0.908228,1.479580,2.260229,1.329164,0.215478,7.637504,4.067749,0.642414,-1.113558,-0.337594,1.329164,-0.136223,-1.092227,-0.119119,1.107116,1.100689,-18.571001,-15.066001,-29.714001,NaN,-2.693421,true,Self-supervised model,0.192558,4.207000,12.545324,2.982012,0.000000,0.000000,1.113166,1.200564,false,false
2026-04-17T14:47:38.524297,0.614917,-0.668397,-0.604350,124.627,SE,1,0.908228,1,0.908228,1.456812,2.250093,1.337285,0.378284,7.673417,4.218584,0.773903,-1.071906,-0.201056,1.337285,-0.163712,-1.080010,-0.103847,1.097272,1.092347,-18.571001,-15.066001,-29.714001,NaN,-2.691384,true,Self-supervised model,0.192695,4.214000,12.759612,3.027910,0.000000,0.000000,1.089381,1.218736,false,false
2026-04-17T14:47:38.532787,0.614917,-0.668397,-0.601037,124.437,SE,1,0.908228,1,0.908228,1.441519,2.239750,1.361228,0.507571,7.697359,4.326323,0.869961,-1.041211,-0.109492,1.361228,-0.172875,-1.003041,-0.099571,1.022688,1.017829,-18.571001,-15.066001,-29.714001,NaN,-2.689780,true,Self-supervised model,0.196043,4.223000,12.949421,3.066403,0.000000,0.000000,1.058984,1.331029,false,false
2026-04-17T14:47:38.540545,0.614917,-0.668397,-0.598202,124.274,SE,1,0.908228,1,0.908228,1.439190,2.229727,1.426963,0.684742,7.730877,4.450821,1.017067,-1.000898,-0.000703,1.426963,-0.160658,-0.875981,-0.109956,0.897354,0.890591,-18.571001,-15.066001,-29.714001,NaN,-2.688854,true,Self-supervised model,0.200796,4.231000,13.111880,3.099003,0.000000,0.000000,1.008569,1.590190,false,false
2026-04-17T14:47:38.548751,0.614917,-0.668397,-0.595746,124.134,SE,1,0.908228,1,0.908228,1.444879,2.220333,1.474749,0.806846,7.764396,4.513070,1.117112,-0.961555,0.048555,1.474749,-0.133779,-0.748310,-0.132558,0.771645,0.760174,-18.571001,-15.066001,-29.714001,NaN,-2.687918,true,Self-supervised model,0.205775,4.239000,13.252578,3.126345,0.000000,0.000000,0.979746,1.911175,false,false
2026-04-17T14:47:38.561868,0.614917,-0.668397,-0.593437,124.001,SE,1,0.908228,1,0.908228,1.460035,2.211921,1.539600,0.940921,7.805098,4.532224,1.236080,-0.916071,0.057347,1.539600,-0.091019,-0.587652,-0.174707,0.619792,0.594659,-18.571001,-15.066001,-29.714001,NaN,-2.686192,true,Self-supervised model,0.212164,4.252000,13.384912,3.147910,0.000000,0.000000,0.948321,2.484058,false,false
2026-04-17T14:47:38.565096,0.614917,-0.668397,-0.591137,123.870,SE,1,0.908228,1,0.908228,1.469626,2.204230,1.519981,0.950498,7.841011,4.532224,1.240206,-0.877265,0.051362,1.519981,-0.037874,-0.449597,-0.224798,0.504089,0.451189,-18.985001,-14.857000,-29.054001,NaN,-2.683934,true,Self-supervised model,0.207548,4.255000,13.516657,3.176653,0.000000,0.000000,0.966871,3.015301,false,false
2026-04-17T14:47:38.572620,0.614917,-0.668397,-0.588660,123.728,SE,1,0.908228,1,0.908228,1.455917,2.196297,1.383943,0.835576,7.912837,4.515464,1.125970,-0.804034,0.031914,1.383943,0.025656,-0.361632,-0.277333,0.456453,0.362541,-18.985001,-14.857000,-29.054001,NaN,-2.680744,true,Self-supervised model,0.207315,4.263000,13.658603,3.203988,0.000000,0.000000,1.052007,3.031948,false,false
2026-04-17T14:47:38.580635,0.614917,-0.668397,-0.585886,123.569,SE,1,0.908228,1,0.908228,1.411951,2.186923,1.181128,0.658405,8.022970,4.498705,0.955137,-0.694614,0.016954,1.181128,0.076969,-0.326813,-0.313374,0.459276,0.335754,-18.985001,-14.857000,-29.054001,NaN,-2.676785,true,Self-supervised model,0.198696,4.271000,13.817523,3.235196,0.000000,0.000000,1.195425,2.571720,false,false
2026-04-17T14:47:38.588691,0.614917,-0.668397,-0.582706,123.387,SE,1,0.908228,1,0.908228,1.335810,2.174879,0.936069,0.404620,8.113950,4.417302,0.710777,-0.606286,-0.058651,0.936069,0.140499,-0.330478,-0.343917,0.497227,0.359104,-18.985001,-14.857000,-29.054001,NaN,-2.671978,true,Self-supervised model,0.186854,4.279000,13.999745,3.271733,0.000000,0.000000,1.427041,1.882580,false,false
2026-04-17T14:47:38.596992,0.614917,-0.668397,-0.579066,123.178,SE,1,0.908228,1,0.908228,1.244622,2.159668,0.765886,0.201113,8.185776,4.278439,0.510750,-0.538095,-0.190183,0.765886,0.194255,-0.363465,-0.367741,0.552336,0.412119,-18.985001,-14.857000,-29.054001,NaN,-2.666502,true,Self-supervised model,0.178725,4.287000,14.208282,3.314272,0.000000,0.000000,1.625074,1.386631,false,false
2026-04-17T14:47:38.605090,0.614917,-0.668397,-0.575248,122.959,SE,1,0.908228,1,0.908228,1.149256,2.141252,0.648586,0.062249,8.264784,4.204218,0.374943,-0.464452,-0.253704,0.648586,0.233961,-0.413556,-0.375682,0.605725,0.475149,-18.985001,-14.857000,-29.054001,NaN,-2.661971,true,Self-supervised model,0.173678,4.295000,14.427024,3.359028,0.000000,0.000000,1.771942,1.070758,false,false
2026-04-17T14:47:38.612563,0.614917,-0.668397,-0.571221,122.729,SE,1,0.908228,1,0.908228,1.059329,2.119975,0.587214,-0.102951,8.329428,4.077325,0.211464,-0.406633,-0.367086,0.587214,0.266337,-0.488081,-0.382402,0.674826,0.556021,-18.985001,-14.857000,-29.054001,NaN,-2.657105,true,Self-supervised model,0.169808,4.303000,14.657776,3.406409,0.000000,0.000000,1.803993,0.870171,false,false
2026-04-17T14:47:38.620697,0.614917,-0.668397,-0.566970,122.485,SE,1,0.908228,1,0.908228,0.987855,2.096690,0.612615,-0.268151,8.370130,3.945644,0.046647,-0.373906,-0.483027,0.612615,0.291994,-0.553444,-0.379958,0.732071,0.625748,-18.985001,-14.857000,-29.054001,NaN,-2.651960,true,Self-supervised model,0.169982,4.311000,14.901336,3.456585,0.000000,0.000000,1.612522,0.836824,false,false
2026-04-17T14:47:38.628882,0.614917,-0.668397,-0.562483,122.228,SE,1,0.908228,1,0.908228,0.938476,2.072362,0.679239,-0.378284,8.444349,3.809175,-0.064482,-0.308790,-0.601544,0.679239,0.307265,-0.599870,-0.375071,0.771320,0.673985,-18.985001,-14.857000,-29.054001,NaN,-2.646528,true,Self-supervised model,0.172534,4.319000,15.158432,3.509709,0.000000,0.000000,1.381659,0.880619,false,false
2026-04-17T14:47:38.636801,0.614917,-0.668397,-0.557774,121.958,SE,1,0.908228,1,0.908228,0.910153,2.047873,0.761454,-0.387861,8.489840,3.684676,-0.075906,-0.273066,-0.706743,0.761454,0.310320,-0.621861,-0.361632,0.783446,0.694989,-18.985001,-14.857000,-29.054001,NaN,-2.640933,true,Self-supervised model,0.176277,4.327000,15.428227,3.565571,0.000000,0.000000,1.195283,0.971929,false,false
2026-04-17T14:47:38.644570,0.614917,-0.668397,-0.552874,121.677,SE,1,0.908228,1,0.908228,0.900853,2.023992,0.852031,-0.383072,8.547300,3.552995,-0.073404,-0.225744,-0.818296,0.852031,0.300546,-0.634078,-0.348804,0.783612,0.701700,-18.985001,-14.857000,-29.054001,NaN,-2.635268,true,Self-supervised model,0.181289,4.335000,15.708978,3.623755,0.000000,0.000000,1.057300,1.087314,false,false
2026-04-17T14:47:38.652965,0.614917,-0.668397,-0.547820,121.388,SE,1,0.908228,1,0.908228,0.902411,2.001129,0.910589,-0.328006,8.623915,3.454833,-0.020996,-0.159232,-0.896313,0.910589,0.276111,-0.629802,-0.338419,0.766430,0.687668,-18.985001,-14.857000,-29.054001,NaN,-2.629597,true,Self-supervised model,0.185284,4.343000,15.998561,3.683758,0.000000,0.000000,0.991019,1.188091,false,false
2026-04-17T14:47:38.660426,0.614917,-0.668397,-0.542660,121.092,SE,1,0.908228,1,0.908228,0.906887,1.979360,0.930388,-0.232238,8.695741,3.409343,0.072337,-0.097035,-0.922482,0.930388,0.238237,-0.610254,-0.332922,0.734850,0.655109,-18.985001,-14.857000,-29.054001,NaN,-2.624013,true,Self-supervised model,0.185716,4.351000,16.294212,3.744935,0.000000,0.000000,0.974741,1.266093,false,false
2026-04-17T14:47:38.670687,0.614917,-0.668397,-0.537432,120.793,SE,1,0.908228,1,0.908228,0.913701,1.958733,0.949474,-0.086191,8.702923,3.394978,0.216893,-0.098630,-0.919092,0.949474,0.200975,-0.580933,-0.339641,0.702303,0.614714,-18.985001,-14.857000,-29.054001,NaN,-2.618515,true,Self-supervised model,0.189033,4.361000,16.593746,3.805032,0.000000,0.000000,0.962324,1.351943,false,false
2026-04-17T14:47:38.676403,0.614917,-0.668397,-0.532152,120.490,SE,1,0.908228,1,0.908228,0.915209,1.938992,0.923124,0.043096,8.695741,3.450045,0.346396,-0.113595,-0.848094,0.923124,0.156992,-0.533285,-0.361021,0.662855,0.555914,-18.985001,-14.857000,-29.054001,NaN,-2.613026,true,Self-supervised model,0.183421,4.366000,16.896263,3.869964,0.000000,0.000000,0.991426,1.392649,false,false
2026-04-17T14:47:38.685705,0.614917,-0.668397,-0.526809,120.184,SE,1,0.908228,1,0.908228,0.914598,1.920016,0.911391,0.134075,8.710106,3.493140,0.440319,-0.105996,-0.790896,0.911391,0.120951,-0.483805,-0.384234,0.629550,0.498695,-18.985001,-14.857000,-29.054001,NaN,-2.607429,true,Self-supervised model,0.187477,4.376000,17.202417,3.931082,0.000000,0.000000,1.003519,1.447687,false,false
2026-04-17T14:47:38.692698,0.614917,-0.668397,-0.521360,119.872,SE,1,0.908228,1,0.908228,0.894615,1.901000,0.789707,0.076614,8.707711,3.593697,0.388638,-0.114221,-0.677902,0.789707,0.090408,-0.437990,-0.408669,0.605821,0.447224,-18.985001,-14.857000,-29.054001,NaN,-2.601558,true,Self-supervised model,0.178695,4.383000,17.514618,3.996034,0.000000,0.000000,1.132844,1.303532,false,false
2026-04-17T14:47:38.701537,0.614917,-0.668397,-0.515771,119.552,SE,1,0.908228,1,0.908228,0.861379,1.881416,0.686887,0.002394,8.777143,3.655946,0.322612,-0.049959,-0.604351,0.686887,0.069639,-0.405004,-0.422108,0.589112,0.410947,-18.985001,-14.857000,-29.054001,NaN,-2.595412,true,Self-supervised model,0.175383,4.392000,17.834806,4.060748,0.000000,0.000000,1.254032,1.165971,false,false
2026-04-17T14:47:38.708471,0.614917,-0.668397,-0.510019,119.222,SE,1,0.908228,1,0.908228,0.811509,1.860619,0.549692,-0.117316,8.875306,3.744531,0.212553,0.043407,-0.505072,0.549692,0.052534,-0.377515,-0.426995,0.572365,0.381153,-18.985001,-14.857000,-29.054001,NaN,-2.589005,true,Self-supervised model,0.166365,4.399000,18.164381,4.129207,0.000000,0.000000,1.476298,0.960387,false,false
2026-04-17T14:47:38.721838,0.614917,-0.668397,-0.504115,118.884,SE,1,0.908228,1,0.908228,0.747912,1.838111,0.414030,-0.191536,8.968679,3.876213,0.148267,0.132277,-0.363236,0.414030,0.034819,-0.365908,-0.421497,0.559250,0.367561,-18.985001,-14.857000,-29.054001,NaN,-2.582493,true,Self-supervised model,0.164650,4.412000,18.502659,4.193712,0.000000,0.000000,1.806419,0.740331,false,false
2026-04-17T14:47:38.724657,0.614917,-0.668397,-0.498106,118.539,SE,1,0.908228,1,0.908228,0.680321,1.813799,0.325467,-0.241814,9.052477,4.007894,0.107421,0.212026,-0.222340,0.325467,0.020159,-0.359189,-0.411112,0.546293,0.359754,-21.323002,-15.657001,-28.036001,NaN,-2.576063,true,Self-supervised model,0.145478,4.415000,18.846966,4.268848,0.000000,0.000000,2.090290,0.595774,false,false
2026-04-17T14:47:38.734170,0.614917,-0.668397,-0.492058,118.193,SE,1,0.908228,1,0.908228,0.617864,1.787962,0.289966,-0.256180,9.105149,4.146757,0.101663,0.260996,-0.075008,0.289966,0.012217,-0.352469,-0.401338,0.534281,0.352681,-21.323002,-15.657001,-28.036001,NaN,-2.569860,true,Self-supervised model,0.160034,4.424000,19.193484,4.338491,0.000000,0.000000,2.130815,0.542722,false,false
2026-04-17T14:47:38.740581,0.614917,-0.668397,-0.486029,117.847,SE,1,0.908228,1,0.908228,0.571011,1.761284,0.325030,-0.258574,9.143456,4.295198,0.107162,0.295912,0.081223,0.325030,0.010385,-0.334143,-0.390954,0.514397,0.334305,-21.323002,-15.657001,-28.036001,NaN,-2.563906,true,Self-supervised model,0.157545,4.431000,19.538929,4.409598,0.000000,0.000000,1.756793,0.631867,false,false
2026-04-17T14:47:38.748492,0.614917,-0.668397,-0.480067,117.506,SE,1,0.908228,1,0.908228,0.545156,1.734639,0.409416,-0.311246,9.169792,4.455609,0.062311,0.319233,0.248655,0.409416,0.028100,-0.301157,-0.374460,0.481358,0.302465,-21.323002,-15.657001,-28.036001,NaN,-2.558212,true,Self-supervised model,0.164923,4.439000,19.880532,4.478606,0.000000,0.000000,1.331544,0.850545,false,false
2026-04-17T14:47:38.756687,0.614917,-0.668397,-0.474207,117.170,SE,1,0.908228,1,0.908228,0.535447,1.708671,0.484473,-0.368707,9.179369,4.558560,0.014418,0.326244,0.357870,0.484473,0.061697,-0.260229,-0.357356,0.446351,0.267443,-21.323002,-15.657001,-28.036001,NaN,-2.552762,true,Self-supervised model,0.173215,4.447000,20.216267,4.546046,0.000000,0.000000,1.105214,1.085409,false,false
2026-04-17T14:47:38.764927,0.614917,-0.668397,-0.468417,116.838,SE,1,0.908228,1,0.908228,0.541525,1.683985,0.573439,-0.462081,9.212888,4.637568,-0.067272,0.357078,0.443624,0.573439,0.097738,-0.232740,-0.339641,0.423174,0.252429,-21.323002,-15.657001,-28.036001,NaN,-2.547249,true,Self-supervised model,0.180752,4.455000,20.548032,4.612353,0.000000,0.000000,0.944347,1.355090,false,false
2026-04-17T14:47:38.772648,0.614917,-0.668397,-0.462655,116.508,SE,1,0.908228,1,0.908228,0.565263,1.661236,0.689888,-0.543484,9.301474,4.697424,-0.135907,0.442385,0.511635,0.689888,0.145997,-0.221744,-0.308487,0.407001,0.265491,-21.323002,-15.657001,-28.036001,NaN,-2.541605,true,Self-supervised model,0.187429,4.463000,20.878120,4.678046,0.000000,0.000000,0.819355,1.695053,false,false
2026-04-17T14:47:38.780504,0.614917,-0.668397,-0.456912,116.179,SE,1,0.908228,1,0.908228,0.600516,1.640808,0.785591,-0.586579,9.385271,4.738125,-0.167492,0.521708,0.562957,0.785591,0.189979,-0.248011,-0.265116,0.409741,0.312413,-21.323002,-15.657001,-28.036001,NaN,-2.535930,true,Self-supervised model,0.191697,4.471000,21.207217,4.743283,0.000000,0.000000,0.764413,1.917287,false,false
2026-04-17T14:47:38.788628,0.614917,-0.668397,-0.451239,115.854,SE,1,0.908228,1,0.908228,0.645430,1.622993,0.881228,-0.507571,9.469068,4.802769,-0.081099,0.599797,0.640491,0.881228,0.224188,-0.303600,-0.221744,0.437725,0.377403,-21.323002,-15.657001,-28.036001,NaN,-2.530542,true,Self-supervised model,0.195682,4.479000,21.532237,4.807376,0.000000,0.000000,0.732421,2.013199,false,false
2026-04-17T14:47:38.797309,0.614917,-0.668397,-0.445758,115.540,SE,1,0.908228,1,0.908228,0.705164,1.608279,1.018770,-0.347159,9.562442,4.896142,0.080792,0.686399,0.748479,1.018770,0.261450,-0.394619,-0.176540,0.505220,0.473371,-21.323002,-15.657001,-28.036001,NaN,-2.525828,true,Self-supervised model,0.199538,4.487000,21.846276,4.868793,0.000000,0.000000,0.692172,2.016489,false,false
2026-04-17T14:47:38.804811,0.614917,-0.668397,-0.440597,115.244,SE,1,0.908228,1,0.908228,0.782026,1.597229,1.185547,-0.141258,9.667787,4.975151,0.281994,0.784166,0.843259,1.185547,0.294437,-0.481362,-0.139888,0.581353,0.564272,-21.323002,-15.657001,-28.036001,NaN,-2.521948,true,Self-supervised model,0.202836,4.495000,22.141967,4.925910,0.000000,0.000000,0.659632,2.039291,false,false
2026-04-17T14:47:38.812528,0.614917,-0.668397,-0.435852,114.973,SE,1,0.908228,1,0.908228,0.871136,1.590185,1.338963,0.059855,9.720459,5.051765,0.475105,0.827394,0.939425,1.338963,0.322537,-0.531453,-0.124617,0.634036,0.621669,-21.323002,-15.657001,-28.036001,NaN,-2.518867,true,Self-supervised model,0.206410,4.503000,22.413821,4.977531,0.000000,0.000000,0.650605,2.111810,false,false
2026-04-17T14:47:38.821191,0.614917,-0.668397,-0.431470,114.721,SE,1,0.908228,1,0.908228,0.967979,1.587297,1.476405,0.227449,9.770737,5.104438,0.631904,0.866912,1.014363,1.476405,0.368963,-0.575435,-0.114843,0.693143,0.683563,-21.323002,-15.657001,-28.036001,NaN,-2.515936,true,Self-supervised model,0.209829,4.511000,22.664900,5.024363,0.000000,0.000000,0.655632,2.130014,false,false
2026-04-17T14:47:38.829036,0.614917,-0.668397,-0.427421,114.489,SE,1,0.908228,1,0.908228,1.065668,1.588432,1.578536,0.335188,9.852140,5.109226,0.725990,0.937053,1.042424,1.578536,0.434936,-0.566272,-0.115454,0.723300,0.714026,-21.323002,-15.657001,-28.036001,NaN,-2.513218,true,Self-supervised model,0.211117,4.519000,22.896907,5.066808,0.000000,0.000000,0.675099,2.182409,false,false
2026-04-17T14:47:38.836695,0.614917,-0.668397,-0.423745,114.279,SE,1,0.908228,1,0.908228,1.157758,1.593205,1.641232,0.407014,9.940725,5.063736,0.785976,1.012236,1.025311,1.641232,0.494190,-0.519235,-0.127060,0.727993,0.716819,-21.323002,-15.657001,-28.036001,NaN,-2.511033,true,Self-supervised model,0.212675,4.527000,23.107546,5.104384,0.000000,0.000000,0.705420,2.254462,false,false
2026-04-17T14:47:38.844399,0.614917,-0.668397,-0.420301,114.081,SE,1,0.908228,1,0.908228,1.239218,1.601046,1.666880,0.476446,10.055647,4.912902,0.847369,1.111713,0.908047,1.666880,0.544281,-0.445932,-0.147829,0.718993,0.703631,-21.323002,-15.657001,-28.036001,NaN,-2.508521,true,Self-supervised model,0.213360,4.534000,23.304851,5.140020,0.000000,0.000000,0.743435,2.318355,false,false
2026-04-17T14:47:38.852819,0.614917,-0.668397,-0.416927,113.888,SE,1,0.908228,1,0.908228,1.313487,1.611543,1.703399,0.536301,10.139444,4.800375,0.904417,1.178452,0.833576,1.703399,0.571159,-0.389121,-0.182038,0.714686,0.691114,-21.323002,-15.657001,-28.036001,NaN,-2.505426,true,Self-supervised model,0.214904,4.543000,23.498151,5.172386,0.000000,0.000000,0.771098,2.383423,false,false
2026-04-17T14:47:38.861295,0.614917,-0.668397,-0.413435,113.688,SE,1,0.908228,1,0.908228,1.380912,1.624318,1.734898,0.505177,10.292673,4.644751,0.875933,1.314095,0.718170,1.734898,0.577879,-0.332311,-0.226020,0.703889,0.666614,-21.323002,-15.657001,-28.036001,NaN,-2.501462,true,Self-supervised model,0.215696,4.551000,23.698226,5.207257,0.000000,0.000000,0.795962,2.464734,false,false
2026-04-17T14:47:38.872937,0.614917,-0.668397,-0.409652,113.471,SE,1,0.908228,1,0.908228,1.437042,1.638827,1.731719,0.356736,10.436325,4.508282,0.732760,1.444759,0.612034,1.731719,0.575435,-0.291383,-0.260839,0.695749,0.645003,-21.323002,-15.657001,-28.036001,NaN,-2.496514,true,Self-supervised model,0.216530,4.563000,23.914985,5.241066,0.000000,0.000000,0.829835,2.489000,false,false
2026-04-17T14:47:38.881230,0.614917,-0.668397,-0.405758,113.248,SE,1,0.908228,1,0.908228,1.490385,1.654889,1.770436,0.150835,10.606314,4.393360,0.542705,1.593914,0.547131,1.770436,0.549779,-0.208916,-0.327424,0.673134,0.588135,-21.323002,-15.657001,-28.036001,NaN,-2.492175,true,Self-supervised model,0.216667,4.571000,24.138113,5.280707,0.000000,0.000000,0.841818,2.630141,false,false
2026-04-17T14:47:38.885066,0.614917,-0.668397,-0.400916,112.971,SE,1,0.908228,1,0.908228,1.536383,1.672149,1.777876,-0.014365,10.694899,4.280833,0.397254,1.667200,0.472732,1.777876,0.527177,-0.156992,-0.370184,0.663022,0.550056,-23.392000,-17.790001,-27.175001,NaN,-2.483541,true,Self-supervised model,0.204935,4.575000,24.415555,5.336733,0.000000,0.000000,0.864168,2.681473,false,false
2026-04-17T14:47:38.892262,0.614917,-0.668397,-0.395394,112.654,SE,1,0.908228,1,0.908228,1.571776,1.690134,1.757590,-0.150835,10.730812,4.165911,0.285115,1.688823,0.394601,1.757590,0.497855,-0.098960,-0.426995,0.663308,0.507595,-23.392000,-17.790001,-27.175001,NaN,-2.475301,true,Self-supervised model,0.212927,4.582000,24.731923,5.397626,0.000000,0.000000,0.894279,2.649734,false,false
2026-04-17T14:47:38.901889,0.614917,-0.668397,-0.389139,112.296,E,1,0.908228,1,0.908228,1.588101,1.708053,1.673808,-0.282516,10.690110,4.043807,0.183116,1.635114,0.307416,1.673808,0.466701,-0.071471,-0.479529,0.672953,0.472142,-23.392000,-17.790001,-27.175001,NaN,-2.466114,true,Self-supervised model,0.210791,4.592000,25.090298,5.463915,0.000000,0.000000,0.948795,2.487257,false,false
2026-04-17T14:47:38.908507,0.614917,-0.668397,-0.382059,111.890,E,1,0.908228,1,0.908228,1.579276,1.724902,1.532944,-0.342371,10.577583,3.909731,0.156921,1.510883,0.206215,1.532944,0.433103,-0.103236,-0.522290,0.686311,0.445237,-23.392000,-17.790001,-27.175001,NaN,-2.455735,true,Self-supervised model,0.200332,4.599000,25.495931,5.543799,0.000000,0.000000,1.030224,2.233599,false,false
2026-04-17T14:47:38.916745,0.614917,-0.668397,-0.374093,111.434,E,1,0.908228,1,0.908228,1.557454,1.740204,1.442885,-0.397437,10.508151,3.794810,0.136525,1.431295,0.121125,1.442885,0.392175,-0.196088,-0.544892,0.699399,0.438466,-23.392000,-17.790001,-27.175001,NaN,-2.444220,true,Self-supervised model,0.198327,4.607000,25.952386,5.633251,0.000000,0.000000,1.079402,2.063035,false,false
2026-04-17T14:47:38.924442,0.614917,-0.668397,-0.365257,110.928,E,1,0.908228,1,0.908228,1.526801,1.753668,1.365876,-0.454898,10.445902,3.689465,0.111538,1.360684,0.041401,1.365876,0.326202,-0.383013,-0.561385,0.753830,0.503097,-23.392000,-17.790001,-27.175001,NaN,-2.431906,true,Self-supervised model,0.191197,4.615000,26.458662,5.733188,0.000000,0.000000,1.117818,1.811915,false,false
2026-04-17T14:47:38.932877,0.614917,-0.668397,-0.355640,110.377,E,1,0.908228,1,0.908228,1.485715,1.764950,1.270013,-0.519542,10.357317,3.694253,0.073985,1.266172,0.065311,1.270013,0.230296,-0.657291,-0.561996,0.894934,0.696468,-23.392000,-17.790001,-27.175001,NaN,-2.419168,true,Self-supervised model,0.184767,4.623000,27.009654,5.842452,0.000000,0.000000,1.169843,1.419113,false,false
2026-04-17T14:47:38.940392,0.614917,-0.668397,-0.345383,109.789,E,1,0.908228,1,0.908228,1.436773,1.773823,1.179827,-0.548272,10.251971,3.835511,0.063980,1.157952,0.216898,1.179827,0.109956,-0.985937,-0.555887,1.137177,0.992049,-23.392000,-17.790001,-27.175001,NaN,-2.406350,true,Self-supervised model,0.173678,4.630000,27.597324,5.960545,0.000000,0.000000,1.217783,1.037505,false,false
2026-04-17T14:47:38.948659,0.614917,-0.668397,-0.334680,109.176,E,1,0.908228,1,0.908228,1.372243,1.779759,1.033463,-0.531513,10.002975,4.101267,0.089197,0.909701,0.482218,1.033463,-0.001833,-1.271211,-0.541227,1.381632,1.271212,-23.392000,-17.790001,-27.175001,NaN,-2.393862,true,Self-supervised model,0.164724,4.639000,28.210559,6.081172,0.000000,0.000000,1.327810,0.748002,false,false
2026-04-17T14:47:38.956592,0.614917,-0.668397,-0.323744,108.549,E,1,0.908228,1,0.908228,1.314832,1.783162,1.013424,-0.447716,9.576807,4.501099,0.171705,0.487586,0.871668,1.013424,-0.113010,-1.539380,-0.519846,1.628712,1.543523,-23.392000,-17.790001,-27.175001,NaN,-2.381991,true,Self-supervised model,0.157127,4.647000,28.837179,6.205547,0.000000,0.000000,1.297416,0.622224,false,false
2026-04-17T14:47:38.965875,0.614917,-0.668397,-0.312781,107.921,E,1,0.908228,1,0.908228,1.319187,1.786603,1.342048,-0.339977,9.210494,4.955997,0.269872,0.127900,1.308398,1.342048,-0.182038,-1.673771,-0.497244,1.755534,1.683641,-23.392000,-17.790001,-27.175001,NaN,-2.370924,true,Self-supervised model,0.169302,4.656000,29.465292,6.328456,0.000000,0.000000,0.982965,0.764468,false,false
2026-04-17T14:47:38.972784,0.614917,-0.668397,-0.301975,107.302,E,1,0.908228,1,0.908228,1.372246,1.792029,1.650807,-0.215478,8.932767,5.269638,0.381375,-0.141761,1.599881,1.650807,-0.203418,-1.648725,-0.493579,1.733002,1.661227,-23.392000,-17.790001,-27.175001,NaN,-2.360743,true,Self-supervised model,0.171516,4.663000,30.084457,6.451738,0.000000,0.000000,0.831258,0.952571,false,false
2026-04-17T14:47:38.980849,0.614917,-0.668397,-0.291384,106.695,E,1,0.908228,1,0.908228,1.461394,1.800804,1.929419,-0.031125,8.549694,5.465962,0.555151,-0.516574,1.774152,1.929419,-0.185092,-1.459357,-0.503964,1.554980,1.471048,-23.392000,-17.790001,-27.175001,NaN,-2.351014,true,Self-supervised model,0.186101,4.671000,30.691276,6.570601,0.000000,0.000000,0.757427,1.240800,false,false
2026-04-17T14:47:38.988958,0.614917,-0.668397,-0.280985,106.099,E,1,0.908228,1,0.908228,1.567553,1.813474,2.124892,0.081403,8.243237,5.556942,0.664553,-0.815504,1.846210,2.124892,-0.119730,-1.130101,-0.526566,1.252491,1.136425,-23.392000,-17.790001,-27.175001,NaN,-2.341387,true,Self-supervised model,0.195892,4.679000,31.287044,6.686695,0.000000,0.000000,0.737710,1.696533,false,false
2026-04-17T14:47:38.997409,0.614917,-0.668397,-0.270692,105.510,E,1,0.908228,1,0.908228,1.660342,1.829348,2.147482,0.035913,8.063671,5.523423,0.627380,-0.989258,1.799845,2.147482,-0.026267,-0.714101,-0.551611,0.902721,0.714584,-23.392000,-17.790001,-27.175001,NaN,-2.331514,true,Self-supervised model,0.203067,4.687000,31.876799,6.801109,0.000000,0.000000,0.773158,2.378898,false,false
2026-04-17T14:47:39.004856,0.614917,-0.668397,-0.260381,104.919,E,1,0.908228,1,0.908228,1.719542,1.846956,2.030341,-0.079009,8.054094,5.415684,0.534289,-0.995307,1.687064,2.030341,0.067806,-0.345139,-0.571770,0.671297,0.351736,-23.392000,-17.790001,-27.175001,NaN,-2.321131,true,Self-supervised model,0.202954,4.695000,32.467583,6.915353,0.000000,0.000000,0.846923,3.024506,false,false
2026-04-17T14:47:39.012644,0.614917,-0.668397,-0.249932,104.320,E,1,0.908228,1,0.908228,1.739740,1.864667,1.845782,-0.239420,8.159439,5.291186,0.408260,-0.888723,1.565377,1.845782,0.165544,0.018937,-0.597426,0.620227,0.166624,-23.392000,-17.790001,-27.175001,NaN,-2.310132,true,Self-supervised model,0.198884,4.703000,33.066251,7.030885,0.000000,0.000000,0.942549,2.975977,false,false
2026-04-17T14:47:39.020868,0.614917,-0.668397,-0.239247,103.708,E,1,0.908228,1,0.908228,1.736495,1.881540,1.719456,-0.555455,8.319851,5.267244,0.137516,-0.728971,1.551200,1.719456,0.233351,0.232129,-0.614530,0.697125,0.329145,-23.392000,-17.790001,-27.175001,NaN,-2.298497,true,Self-supervised model,0.193899,4.711000,33.678503,7.148907,0.000000,0.000000,1.009909,2.466495,false,false
2026-04-17T14:47:39.029003,0.614917,-0.668397,-0.228219,103.076,E,1,0.908228,1,0.908228,1.719702,1.897067,1.631537,-0.885855,8.475474,5.221754,-0.142202,-0.575237,1.520130,1.631537,0.288328,0.300546,-0.627359,0.753020,0.416486,-23.392000,-17.790001,-27.175001,NaN,-2.286101,true,Self-supervised model,0.189126,4.719000,34.310362,7.270685,0.000000,0.000000,1.054038,2.166657,false,false
2026-04-17T14:47:39.041584,0.614917,-0.668397,-0.216822,102.423,E,1,0.908228,1,0.908228,1.697841,1.911098,1.583072,-1.192312,8.561666,5.135562,-0.396505,-0.491800,1.451563,1.583072,0.327424,0.262061,-0.627969,0.755134,0.419383,-23.392000,-17.790001,-27.175001,NaN,-2.273229,true,Self-supervised model,0.192157,4.732000,34.963342,7.388703,0.000000,0.000000,1.072497,2.096411,false,false
2026-04-17T14:47:39.044392,0.614917,-0.668397,-0.205043,101.748,E,1,0.908228,1,0.908228,1.675345,1.923668,1.557241,-1.438915,8.633492,5.039794,-0.593099,-0.423689,1.376125,1.557241,0.372628,0.136834,-0.627359,0.742397,0.396957,-24.059002,-19.546001,-25.523001,NaN,-2.259921,true,Self-supervised model,0.144999,4.734000,35.638234,7.528144,0.000000,0.000000,1.075842,2.097584,false,false
2026-04-17T14:47:39.054145,0.614917,-0.668397,-0.192892,101.052,E,1,0.908228,1,0.908228,1.648496,1.934661,1.507537,-1.623269,8.647857,4.920084,-0.735757,-0.403686,1.252345,1.507537,0.405004,0.001222,-0.625526,0.745193,0.405006,-24.059002,-19.546001,-25.523001,NaN,-2.246281,true,Self-supervised model,0.186508,4.744000,36.334446,7.659032,0.000000,0.000000,1.093503,2.023016,false,false
2026-04-17T14:47:39.060367,0.614917,-0.668397,-0.180894,100.364,E,1,0.908228,1,0.908228,1.615847,1.943908,1.444439,-1.764527,8.686164,4.762067,-0.836920,-0.370674,1.117394,1.444439,0.433714,-0.240681,-0.616974,0.791639,0.496020,-24.059002,-19.546001,-25.523001,NaN,-2.234897,true,Self-supervised model,0.177168,4.750000,37.021865,7.794077,0.000000,0.000000,1.118667,1.824619,false,false
2026-04-17T14:47:39.070819,0.614917,-0.668397,-0.168463,99.652,E,1,0.908228,1,0.908228,1.580122,1.951357,1.392568,-1.826776,8.623915,4.620809,-0.867484,-0.438142,0.997372,1.392568,0.419054,-0.590707,-0.597426,0.938860,0.724252,-24.059002,-19.546001,-25.523001,NaN,-2.220732,true,Self-supervised model,0.179558,4.761000,37.734115,7.925670,0.000000,0.000000,1.134682,1.483254,false,false
2026-04-17T14:47:39.076379,0.614917,-0.668397,-0.155700,98.921,E,1,0.908228,1,0.908228,1.543440,1.957040,1.350860,-1.889025,8.607155,4.496311,-0.907470,-0.459017,0.889170,1.350860,0.353080,-0.921796,-0.568716,1.139215,0.987103,-24.059002,-19.546001,-25.523001,NaN,-2.206642,true,Self-supervised model,0.160660,4.766000,38.465384,8.070790,0.000000,0.000000,1.142561,1.185782,false,false
2026-04-17T14:47:39.087234,0.614917,-0.668397,-0.142738,98.178,E,1,0.908228,1,0.908228,1.500585,1.960782,1.275596,-1.869871,8.590396,4.393360,-0.876724,-0.477597,0.793978,1.275596,0.245568,-1.216233,-0.527788,1.348364,1.240776,-24.059002,-19.546001,-25.523001,NaN,-2.192887,true,Self-supervised model,0.166193,4.777000,39.208017,8.207665,0.000000,0.000000,1.176380,0.946032,false,false
2026-04-17T14:47:39.092510,0.614917,-0.668397,-0.129808,97.437,E,1,0.908228,1,0.908228,1.452039,1.962432,1.197171,-1.742979,8.461109,4.314352,-0.747620,-0.605619,0.712396,1.197171,0.156382,-1.354899,-0.500299,1.452758,1.363894,-24.059002,-19.546001,-25.523001,NaN,-2.180079,true,Self-supervised model,0.148609,4.783000,39.948897,8.352268,0.000000,0.000000,1.212892,0.824068,false,false
2026-04-17T14:47:39.103356,0.614917,-0.668397,-0.117158,96.713,E,1,0.908228,1,0.908228,1.410486,1.962354,1.192335,-1.537078,8.252813,4.299986,-0.545721,-0.809142,0.684939,1.192335,0.014661,-1.420262,-0.455095,1.491466,1.420337,-24.059002,-19.546001,-25.523001,NaN,-2.168554,true,Self-supervised model,0.159951,4.793000,40.673658,8.486054,0.000000,0.000000,1.182961,0.799439,false,false
2026-04-17T14:47:39.108378,0.614917,-0.668397,-0.105022,96.017,E,1,0.908228,1,0.908228,1.401983,1.961940,1.357343,-1.216254,7.936779,4.371812,-0.231084,-1.117267,0.735319,1.357343,-0.089797,-1.335962,-0.414167,1.401568,1.338977,-24.059002,-19.546001,-25.523001,NaN,-2.158470,true,Self-supervised model,0.154401,4.798000,41.369020,8.622138,0.000000,0.000000,1.032888,0.968446,false,false
2026-04-17T14:47:39.116945,0.614917,-0.668397,-0.093567,95.361,E,1,0.908228,1,0.908228,1.426265,1.962513,1.553745,-0.981623,7.754819,4.529830,-0.002900,-1.289321,0.867043,1.553745,-0.169821,-1.171640,-0.369573,1.240227,1.183883,-24.059002,-19.546001,-25.523001,NaN,-2.149741,true,Self-supervised model,0.172272,4.807000,42.025345,8.742531,0.000000,0.000000,0.917953,1.252791,false,false
2026-04-17T14:47:39.124647,0.614917,-0.668397,-0.082928,94.751,E,1,0.908228,1,0.908228,1.469919,1.964809,1.699103,-0.826000,7.711724,4.750096,0.147233,-1.321167,1.058201,1.699103,-0.218079,-0.972497,-0.317039,1.045860,0.996649,-24.059002,-19.546001,-25.523001,NaN,-2.142369,true,Self-supervised model,0.178092,4.815000,42.634878,8.854596,0.000000,0.000000,0.865115,1.624599,false,false
2026-04-17T14:47:39.133290,0.614917,-0.668397,-0.073221,94.195,E,1,0.908228,1,0.908228,1.518411,1.968953,1.772992,-0.701501,7.762002,4.941632,0.267627,-1.258894,1.219451,1.772992,-0.235183,-0.797790,-0.270002,0.874461,0.831733,-24.059002,-19.546001,-25.523001,NaN,-2.136388,true,Self-supervised model,0.185741,4.823000,43.191044,8.955224,0.000000,0.000000,0.856412,2.027526,false,false
2026-04-17T14:47:39.140720,0.614917,-0.668397,-0.064531,93.697,E,1,0.908228,1,0.908228,1.568640,1.974940,1.832346,-0.629675,7.864953,5.142745,0.336508,-1.144074,1.391168,1.832346,-0.228464,-0.630413,-0.221744,0.706248,0.670534,-24.059002,-19.546001,-25.523001,NaN,-2.131764,true,Self-supervised model,0.189467,4.831000,43.688962,9.043461,0.000000,0.000000,0.856083,2.594478,false,false
2026-04-17T14:47:39.148720,0.614917,-0.668397,-0.056881,93.259,E,1,0.908228,1,0.908228,1.612626,1.982448,1.843553,-0.548272,7.982268,5.260061,0.415850,-1.015615,1.481311,1.843553,-0.192423,-0.514349,-0.188147,0.580500,0.549164,-24.059002,-19.546001,-25.523001,NaN,-2.128274,true,Self-supervised model,0.194789,4.839000,44.127286,9.119092,0.000000,0.000000,0.874738,3.175804,false,false
2026-04-17T14:47:39.156785,0.614917,-0.668397,-0.050224,92.878,E,1,0.908228,1,0.908228,1.642376,1.990845,1.798563,-0.512359,8.116343,5.310339,0.449671,-0.871652,1.507597,1.798563,-0.144775,-0.467923,-0.164323,0.516637,0.489808,-24.059002,-19.546001,-25.523001,NaN,-2.125592,true,Self-supervised model,0.195996,4.847000,44.508682,9.182728,0.000000,0.000000,0.913160,3.481292,false,false
2026-04-17T14:47:39.164859,0.614917,-0.668397,-0.044463,92.548,E,1,0.908228,1,0.908228,1.651973,1.999290,1.702354,-0.529119,8.219295,5.284003,0.429437,-0.760563,1.461211,1.702354,-0.090408,-0.467312,-0.144164,0.497330,0.475977,-24.059002,-19.546001,-25.523001,NaN,-2.123414,true,Self-supervised model,0.194815,4.855000,44.838755,9.235583,0.000000,0.000000,0.970405,3.422985,false,false
2026-04-17T14:47:39.173476,0.614917,-0.668397,-0.039482,92.262,E,1,0.908228,1,0.908228,1.637453,2.006817,1.561227,-0.500388,8.327033,5.185841,0.452149,-0.646678,1.347144,1.561227,-0.014050,-0.506407,-0.117897,0.520140,0.506602,-24.059002,-19.546001,-25.523001,NaN,-2.121551,true,Self-supervised model,0.191249,4.864000,45.124165,9.277172,0.000000,0.000000,1.048825,3.001552,false,false
2026-04-17T14:47:39.180439,0.614917,-0.668397,-0.035171,92.015,E,1,0.908228,1,0.908228,1.595249,2.012354,1.373673,-0.478840,8.394072,5.049371,0.461047,-0.561627,1.165757,1.373673,0.060476,-0.571770,-0.109345,0.585264,0.574959,-24.059002,-19.546001,-25.523001,NaN,-2.119921,true,Self-supervised model,0.183328,4.871000,45.371167,9.314549,0.000000,0.000000,1.161301,2.347099,false,false
2026-04-17T14:47:39.188419,0.614917,-0.668397,-0.031934,91.830,E,1,0.908228,1,0.908228,1.542207,2.015548,1.263737,-0.478840,8.408437,4.979939,0.444602,-0.531698,1.056720,1.263737,0.120951,-0.649961,-0.111788,0.670503,0.661119,-24.059002,-19.546001,-25.523001,NaN,-2.120982,true,Self-supervised model,0.181253,4.879000,45.556616,9.337286,0.000000,0.000000,1.220354,1.884759,false,false
2026-04-17T14:47:39.203062,0.614917,-0.668397,-0.029530,91.692,E,1,0.908228,1,0.908228,1.473139,2.015852,1.110535,-0.548272,8.425196,4.881777,0.355736,-0.501930,0.924557,1.110535,0.188147,-0.756251,-0.124617,0.789205,0.779304,-24.059002,-19.546001,-25.523001,NaN,-2.121907,true,Self-supervised model,0.177275,4.893000,45.694367,9.338722,0.000000,0.000000,1.326513,1.407157,false,false
2026-04-17T14:47:39.204967,0.614917,-0.668397,-0.027697,91.587,E,1,0.908228,1,0.908228,1.392500,2.012918,0.969143,-0.608127,8.410830,4.723760,0.278617,-0.519286,0.769384,0.969143,0.257785,-0.857044,-0.140499,0.905935,0.894973,-25.057001,-20.641001,-21.202002,NaN,-2.122356,true,Self-supervised model,0.155577,4.895000,45.799431,9.356370,0.000000,0.000000,1.436837,1.069771,false,false
2026-04-17T14:47:39.212858,0.614917,-0.668397,-0.025658,91.470,E,1,0.908228,1,0.908228,1.303212,2.006529,0.834448,-0.634463,8.372523,4.517859,0.233551,-0.562494,0.570401,0.834448,0.323148,-0.939511,-0.152105,1.005107,0.993532,-25.057001,-20.641001,-21.202002,NaN,-2.119498,true,Self-supervised model,0.163273,4.903000,45.916232,9.364926,0.000000,0.000000,1.561764,0.830208,false,false
2026-04-17T14:47:39.220837,0.614917,-0.668397,-0.023355,91.338,E,1,0.908228,1,0.908228,1.213588,1.996812,0.743065,-0.672771,8.334216,4.326323,0.174963,-0.607719,0.390141,0.743065,0.363465,-1.006095,-0.156992,1.081194,1.069735,-25.057001,-20.641001,-21.202002,NaN,-2.116135,true,Self-supervised model,0.158652,4.911000,46.048209,9.376544,0.000000,0.000000,1.633220,0.687263,false,false
2026-04-17T14:47:39.228818,0.614917,-0.668397,-0.020744,91.189,E,1,0.908228,1,0.908228,1.130152,1.984145,0.692115,-0.711078,8.295909,4.115633,0.114444,-0.654461,0.193924,0.692115,0.396452,-1.070847,-0.146608,1.151252,1.141879,-25.057001,-20.641001,-21.202002,NaN,-2.112297,true,Self-supervised model,0.155478,4.919000,46.197774,9.391700,0.000000,0.000000,1.632897,0.601185,false,false
2026-04-17T14:47:39.236836,0.614917,-0.668397,-0.017849,91.023,E,1,0.908228,1,0.908228,1.054199,1.968947,0.655441,-0.735020,8.307879,3.897760,0.066050,-0.652065,-0.007118,0.655441,0.408669,-1.112386,-0.125838,1.191741,1.185079,-25.057001,-20.641001,-21.202002,NaN,-2.108262,true,Self-supervised model,0.153741,4.927000,46.363663,9.410120,0.000000,0.000000,1.608381,0.549986,false,false
2026-04-17T14:47:39.244345,0.614917,-0.668397,-0.014738,90.844,E,1,0.908228,1,0.908228,0.994731,1.951979,0.682527,-0.744597,8.310274,3.706224,0.029025,-0.652904,-0.196769,0.682527,0.409280,-1.120938,-0.110567,1.198431,1.193319,-25.057001,-20.641001,-21.202002,NaN,-2.104287,true,Self-supervised model,0.154151,4.934000,46.541924,9.432899,0.000000,0.000000,1.457423,0.569517,false,false
2026-04-17T14:47:39.252910,0.614917,-0.668397,-0.011698,90.670,E,1,0.908228,1,0.908228,0.951290,1.933951,0.723222,-0.730232,8.327033,3.562572,0.016120,-0.641113,-0.334312,0.723222,0.401949,-1.094060,-0.097738,1.169651,1.165560,-25.057001,-20.641001,-21.202002,NaN,-2.101536,true,Self-supervised model,0.157376,4.943000,46.716058,9.450953,0.000000,0.000000,1.315349,0.618323,false,false
2026-04-17T14:47:39.260611,0.614917,-0.668397,-0.008709,90.499,E,1,0.908228,1,0.908228,0.924172,1.915560,0.781805,-0.706290,8.348581,3.418920,0.013846,-0.625931,-0.468229,0.781805,0.394008,-1.051910,-0.085521,1.126530,1.123280,-25.057001,-20.641001,-21.202002,NaN,-2.098744,true,Self-supervised model,0.160832,4.951000,46.887353,9.470279,0.000000,0.000000,1.182100,0.693994,false,false
2026-04-17T14:47:39.271339,0.614917,-0.668397,-0.005744,90.329,E,1,0.908228,1,0.908228,0.907122,1.897223,0.817608,-0.711078,8.401254,3.299210,-0.015888,-0.580647,-0.575394,0.817608,0.377515,-1.013425,-0.079412,1.084368,1.081457,-25.057001,-20.641001,-21.202002,NaN,-2.095878,true,Self-supervised model,0.164800,4.961000,47.057228,9.485432,0.000000,0.000000,1.109483,0.753994,false,false
2026-04-17T14:47:39.276555,0.614917,-0.668397,-0.002793,90.160,E,1,0.908228,1,0.908228,0.886410,1.878790,0.777676,-0.751779,8.504205,3.258508,-0.080447,-0.485514,-0.602149,0.777676,0.356134,-0.995099,-0.075747,1.059619,1.056908,-25.057001,-20.641001,-21.202002,NaN,-2.092985,true,Self-supervised model,0.161133,4.967000,47.226284,9.508010,0.000000,0.000000,1.139820,0.733920,false,false
2026-04-17T14:47:39.286096,0.614917,-0.668397,0.000149,89.991,E,1,0.908228,1,0.908228,0.859774,1.860029,0.719935,-0.821211,8.643068,3.244143,-0.173103,-0.354469,-0.602241,0.719935,0.332311,-0.990213,-0.064141,1.046454,1.044486,-25.057001,-20.641001,-21.202002,NaN,-2.090077,true,Self-supervised model,0.161414,4.976000,47.394850,9.524688,0.000000,0.000000,1.194239,0.687976,false,false
2026-04-17T14:47:39.292849,0.614917,-0.668397,0.003080,89.824,E,1,0.908228,1,0.908228,0.832370,1.840923,0.688496,-0.883460,8.779537,3.234566,-0.258516,-0.226072,-0.596731,0.688496,0.312152,-0.979217,-0.061087,1.029581,1.027767,-25.057001,-20.641001,-21.202002,NaN,-2.087191,true,Self-supervised model,0.159172,4.983000,47.562772,9.545007,0.000000,0.000000,1.208968,0.668715,false,false
2026-04-17T14:47:39.303415,0.614917,-0.668397,0.005984,89.657,E,1,0.908228,1,0.908228,0.805713,1.821515,0.665762,-0.895431,8.872911,3.234566,-0.292594,-0.140790,-0.581210,0.665762,0.300546,-0.954782,-0.072693,1.003604,1.000968,-25.057001,-20.641001,-21.202002,NaN,-2.084393,true,Self-supervised model,0.160664,4.994000,47.729175,9.557304,0.000000,0.000000,1.210212,0.663371,false,false
2026-04-17T14:47:39.308507,0.614917,-0.668397,0.008890,89.491,E,1,0.908228,1,0.908228,0.782145,1.801940,0.658416,-0.948104,8.932767,3.258508,-0.364245,-0.088959,-0.541225,0.658416,0.297491,-0.917520,-0.095295,0.969239,0.964543,-25.057001,-20.641001,-21.202002,NaN,-2.081479,true,Self-supervised model,0.158768,4.999000,47.895695,9.581055,0.000000,0.000000,1.187919,0.679313,false,false
2026-04-17T14:47:39.317038,0.614917,-0.668397,0.011903,89.318,E,1,0.908228,1,0.908228,0.761745,1.782332,0.654643,-0.957681,8.999804,3.256114,-0.388079,-0.030085,-0.526353,0.654643,0.301767,-0.883922,-0.127060,0.942617,0.934014,-25.057001,-20.641001,-21.202002,NaN,-2.078038,true,Self-supervised model,0.161300,5.007000,48.068332,9.600226,0.000000,0.000000,1.163603,0.694496,false,false
2026-04-17T14:47:39.324760,0.614917,-0.668397,0.015187,89.130,E,1,0.908228,1,0.908228,0.744344,1.762813,0.652990,-0.964863,9.064447,3.251326,-0.404212,0.026080,-0.512180,0.652990,0.309709,-0.857044,-0.167988,0.926641,0.911287,-25.057001,-20.641001,-21.202002,NaN,-2.073671,true,Self-supervised model,0.161227,5.015000,48.256488,9.622430,0.000000,0.000000,1.139901,0.704685,false,false
2026-04-17T14:47:39.333563,0.614917,-0.668397,0.018923,88.916,E,1,0.908228,1,0.908228,0.731928,1.743577,0.666743,-1.005565,9.126697,3.256114,-0.448605,0.079554,-0.486797,0.666743,0.309098,-0.862542,-0.211359,0.940315,0.916253,-25.057001,-20.641001,-21.202002,NaN,-2.068128,true,Self-supervised model,0.162378,5.024000,48.470527,9.647796,0.000000,0.000000,1.097766,0.709063,false,false
2026-04-17T14:47:39.341406,0.614917,-0.668397,0.023284,88.666,E,1,0.908228,1,0.908228,0.728986,1.724994,0.713541,-1.079785,9.217676,3.263297,-0.522452,0.161757,-0.458279,0.713541,0.301157,-0.897361,-0.248622,0.978655,0.946547,-25.057001,-20.641001,-21.202002,NaN,-2.061264,true,Self-supervised model,0.163324,5.031000,48.720416,9.684042,0.000000,0.000000,1.021645,0.729104,false,false
2026-04-17T14:47:39.348464,0.614917,-0.668397,0.028401,88.373,E,1,0.908228,1,0.908228,0.742902,1.707710,0.815959,-1.218649,9.330204,3.296816,-0.657631,0.265743,-0.403349,0.815959,0.282831,-0.969443,-0.280998,1.048224,1.009858,-25.057001,-20.641001,-21.202002,NaN,-2.053127,true,Self-supervised model,0.166283,5.039000,49.013578,9.726846,0.000000,0.000000,0.910465,0.778420,false,false
2026-04-17T14:47:39.361530,0.614917,-0.668397,0.034380,88.030,E,1,0.908228,1,0.908228,0.771379,1.692257,0.920884,-1.343147,9.416395,3.320758,-0.775498,0.343794,-0.358379,0.920884,0.265116,-1.047023,-0.313985,1.124780,1.080066,-25.057001,-20.641001,-21.202002,NaN,-2.043698,true,Self-supervised model,0.171606,5.052000,49.356155,9.769627,0.000000,0.000000,0.837651,0.818723,false,false
2026-04-17T14:47:39.365161,0.614917,-0.668397,0.041331,87.632,E,1,0.908228,1,0.908228,0.802006,1.678647,0.962800,-1.398214,9.476251,3.349488,-0.821129,0.396119,-0.309551,0.962800,0.248011,-1.109942,-0.338419,1.186596,1.137313,-28.426001,-22.614000,-18.001001,NaN,-2.032857,true,Self-supervised model,0.154664,5.055000,49.754442,9.842620,0.000000,0.000000,0.832993,0.811397,false,false
2026-04-17T14:47:39.373069,0.614917,-0.668397,0.049339,87.173,E,1,0.908228,1,0.908228,0.826758,1.666571,0.956706,-1.410185,9.485827,3.351882,-0.820767,0.398635,-0.287608,0.956706,0.224188,-1.173472,-0.369573,1.250552,1.194695,-28.426001,-22.614000,-18.001001,NaN,-2.020624,true,Self-supervised model,0.163150,5.063000,50.213246,9.917686,0.000000,0.000000,0.864172,0.765027,false,false
2026-04-17T14:47:39.380555,0.614917,-0.668397,0.058430,86.652,E,1,0.908228,1,0.908228,0.831165,1.655155,0.854301,-1.326388,9.440337,3.325546,-0.722428,0.346910,-0.295943,0.854301,0.185703,-1.224785,-0.402560,1.302551,1.238783,-28.426001,-22.614000,-18.001001,NaN,-2.007199,true,Self-supervised model,0.156312,5.071000,50.734130,10.004758,0.000000,0.000000,0.972918,0.655868,false,false
2026-04-17T14:47:39.388415,0.614917,-0.668397,0.068591,86.070,E,1,0.908228,1,0.908228,0.814354,1.643523,0.726097,-1.235408,9.351752,3.318364,-0.616062,0.253632,-0.288713,0.726097,0.128893,-1.257161,-0.436158,1.336899,1.263751,-28.426001,-22.614000,-18.001001,NaN,-1.992762,true,Self-supervised model,0.148735,5.079000,51.316281,10.103619,0.000000,0.000000,1.121551,0.543120,false,false
2026-04-17T14:47:39.397124,0.614917,-0.668397,0.079709,85.433,E,1,0.908228,1,0.908228,0.791490,1.631441,0.671454,-1.225831,9.258378,3.318364,-0.590129,0.157505,-0.278910,0.671454,0.054367,-1.268767,-0.458760,1.350254,1.269931,-28.426001,-22.614000,-18.001001,NaN,-1.977813,true,Self-supervised model,0.146670,5.087000,51.953305,10.212956,0.000000,0.000000,1.178771,0.497280,false,false
2026-04-17T14:47:39.405633,0.614917,-0.668397,0.091655,84.749,E,1,0.908228,1,0.908228,0.759625,1.618569,0.592330,-1.197101,9.212888,3.387795,-0.544242,0.111625,-0.205417,0.592330,-0.014050,-1.258382,-0.472199,1.344134,1.258461,-28.426001,-22.614000,-18.001001,NaN,-1.962556,true,Self-supervised model,0.142429,5.096000,52.637748,10.329229,0.000000,0.000000,1.282434,0.440678,false,false
2026-04-17T14:47:39.412571,0.614917,-0.668397,0.104263,84.026,E,1,0.908228,1,0.908228,0.725159,1.604832,0.544212,-1.209072,9.176975,3.579332,-0.538365,0.077907,-0.016152,0.544212,-0.091019,-1.226007,-0.477697,1.318928,1.229380,-28.426001,-22.614000,-18.001001,NaN,-1.947295,true,Self-supervised model,0.135965,5.103000,53.360182,10.456630,0.000000,0.000000,1.332493,0.412617,false,false
2026-04-17T14:47:39.420635,0.614917,-0.668397,0.117355,83.276,E,1,0.908228,1,0.908228,0.705201,1.590847,0.600423,-1.216254,9.222465,3.833117,-0.541888,0.129031,0.224088,0.600423,-0.152105,-1.161866,-0.478307,1.265641,1.171780,-28.426001,-22.614000,-18.001001,NaN,-1.932271,true,Self-supervised model,0.143475,5.111000,54.110294,10.587027,0.000000,0.000000,1.174507,0.474402,false,false
2026-04-17T14:47:39.428924,0.614917,-0.668397,0.129941,82.555,E,1,0.908228,1,0.908228,0.708355,1.577547,0.724916,-1.230620,9.191340,4.098873,-0.536977,0.105053,0.475524,0.724916,-0.183260,-1.072068,-0.476475,1.187410,1.087619,-28.426001,-22.614000,-18.001001,NaN,-1.921713,true,Self-supervised model,0.151106,5.119000,54.831374,10.711345,0.000000,0.000000,0.977154,0.610502,false,false
2026-04-17T14:47:39.437595,0.614917,-0.668397,0.142769,81.820,E,1,0.908228,1,0.908228,0.730031,1.565647,0.843830,-1.185130,9.181764,4.333505,-0.471287,0.104245,0.692150,0.843830,-0.186925,-1.000597,-0.474642,1.123130,1.017908,-28.426001,-22.614000,-18.001001,NaN,-1.907914,true,Self-supervised model,0.156247,5.128000,55.566361,10.835874,0.000000,0.000000,0.865140,0.751320,false,false
2026-04-17T14:47:39.444427,0.614917,-0.668397,0.155652,81.082,E,1,0.908228,1,0.908228,0.779759,1.556211,1.040830,-1.130063,9.186552,4.611232,-0.406801,0.117448,0.950813,1.040830,-0.169821,-0.899194,-0.474642,1.030861,0.915089,-28.426001,-22.614000,-18.001001,NaN,-1.894810,true,Self-supervised model,0.158699,5.135000,56.304510,10.964851,0.000000,0.000000,0.749171,1.009671,false,false
2026-04-17T14:47:39.452717,0.614917,-0.668397,0.167902,80.380,E,1,0.908228,1,0.908228,0.855407,1.550179,1.252557,-1.137246,9.155427,4.860229,-0.402699,0.094318,1.182301,1.252557,-0.131947,-0.842383,-0.477086,0.977052,0.852654,-28.426001,-22.614000,-18.001001,NaN,-1.885092,true,Self-supervised model,0.169952,5.143000,57.006387,11.084267,0.000000,0.000000,0.682929,1.281976,false,false
2026-04-17T14:47:39.460694,0.614917,-0.668397,0.179642,79.707,E,1,0.908228,1,0.908228,0.947481,1.548071,1.430869,-1.199495,9.143456,5.046977,-0.452666,0.089297,1.354439,1.430869,-0.073304,-0.821614,-0.477086,0.952908,0.824877,-28.426001,-22.614000,-18.001001,NaN,-1.875390,true,Self-supervised model,0.172260,5.151000,57.679071,11.197645,0.000000,0.000000,0.662171,1.501582,false,false
2026-04-17T14:47:39.472549,0.614917,-0.668397,0.190986,79.057,E,1,0.908228,1,0.908228,1.048478,1.550087,1.578711,-1.249773,9.155427,5.209783,-0.483126,0.110425,1.498908,1.578711,-0.014661,-0.827112,-0.465479,0.949210,0.827241,-28.426001,-22.614000,-18.001001,NaN,-1.865631,true,Self-supervised model,0.180920,5.163000,58.329038,11.297509,0.000000,0.000000,0.664135,1.663184,false,false
2026-04-17T14:47:39.476440,0.614917,-0.668397,0.202329,78.407,E,1,0.908228,1,0.908228,1.151397,1.556140,1.691726,-1.359907,9.220071,5.305551,-0.576330,0.182549,1.580018,1.691726,0.067195,-0.850935,-0.444710,0.962483,0.853584,-28.426001,-22.614000,-18.001001,NaN,-1.854294,true,Self-supervised model,0.156462,5.167000,58.978925,11.414539,0.000000,0.000000,0.680605,1.757669,false,false
2026-04-17T14:47:39.485892,0.614917,-0.668397,0.213576,77.763,E,1,0.908228,1,0.908228,1.246956,1.565772,1.748641,-1.450886,9.255983,5.341464,-0.653578,0.223589,1.606422,1.748641,0.158825,-0.863763,-0.419054,0.973097,0.878244,-28.426001,-22.614000,-18.001001,NaN,-1.843428,true,Self-supervised model,0.180560,5.176000,59.623355,11.519195,0.000000,0.000000,0.713100,1.796985,false,false
2026-04-17T14:47:39.492582,0.614917,-0.668397,0.224669,77.127,E,1,0.908228,1,0.908228,1.323436,1.578079,1.724952,-1.505953,9.253590,5.288792,-0.703295,0.219193,1.559741,1.724952,0.259618,-0.857044,-0.394619,0.978596,0.895503,-28.426001,-22.614000,-18.001001,NaN,-1.832956,true,Self-supervised model,0.173375,5.183000,60.258898,11.626259,0.000000,0.000000,0.767230,1.762681,false,false
2026-04-17T14:47:39.503244,0.614917,-0.668397,0.235402,76.512,E,1,0.908228,1,0.908228,1.368860,1.591710,1.607338,-1.448492,9.215282,5.178658,-0.641996,0.175693,1.463048,1.607338,0.348193,-0.847270,-0.374460,0.989609,0.916027,-28.426001,-22.614000,-18.001001,NaN,-1.823659,true,Self-supervised model,0.177468,5.193000,60.873869,11.722293,0.000000,0.000000,0.851632,1.624216,false,false
2026-04-17T14:47:39.508720,0.614917,-0.668397,0.245839,75.914,E,1,0.908228,1,0.908228,1.370401,1.604858,1.378493,-1.369483,9.193734,4.946421,-0.560080,0.146096,1.251083,1.378493,0.443488,-0.828333,-0.357356,1.005247,0.939584,-28.426001,-22.614000,-18.001001,NaN,-1.814406,true,Self-supervised model,0.160832,5.199000,61.471880,11.823789,0.000000,0.000000,0.994130,1.371298,false,false
2026-04-17T14:47:39.521481,0.614917,-0.668397,0.256046,75.330,E,1,0.908228,1,0.908228,1.324523,1.615645,1.083659,-1.271321,9.160215,4.644751,-0.459253,0.101910,0.976227,1.083659,0.529620,-0.810007,-0.348193,1.028517,0.967786,-28.426001,-22.614000,-18.001001,NaN,-1.805120,true,Self-supervised model,0.162614,5.212000,62.056695,11.906503,0.000000,0.000000,1.222268,1.053613,false,false
2026-04-17T14:47:39.524693,0.614917,-0.668397,0.266114,74.753,E,1,0.908228,1,0.908228,1.243128,1.622744,0.815804,-1.192312,9.184157,4.350265,-0.377192,0.112929,0.714499,0.815804,0.581544,-0.805731,-0.351248,1.053931,0.993678,-30.299002,-24.281002,-14.905001,NaN,-1.795609,true,Self-supervised model,0.132781,5.215000,62.633538,12.010266,0.000000,0.000000,1.523807,0.774058,false,false
2026-04-17T14:47:39.533814,0.614917,-0.668397,0.276139,74.178,E,1,0.908228,1,0.908228,1.133228,1.625163,0.556254,-1.144428,9.277532,4.007894,-0.325769,0.192422,0.407758,0.556254,0.616363,-0.811840,-0.351248,1.078129,1.019307,-30.299002,-24.281002,-14.905001,NaN,-1.785755,true,Self-supervised model,0.143972,5.224000,63.207930,12.099527,0.000000,0.000000,2.037249,0.515944,false,false
2026-04-17T14:47:39.541068,0.614917,-0.668397,0.286205,73.602,E,1,0.908228,1,0.908228,1.013539,1.622698,0.385172,-1.067814,9.385271,3.653552,-0.239963,0.290401,0.080262,0.385172,0.624304,-0.825279,-0.358578,1.095180,1.034815,-30.299002,-24.281002,-14.905001,NaN,-1.775526,true,Self-supervised model,0.141983,5.231000,63.784660,12.193588,0.000000,0.000000,2.631396,0.351697,false,false
2026-04-17T14:47:39.548801,0.614917,-0.668397,0.296510,73.011,E,1,0.908228,1,0.908228,0.928904,1.616946,0.484572,-0.974440,9.538500,3.378219,-0.137133,0.433619,-0.167267,0.484572,0.607200,-0.846659,-0.378736,1.108587,1.041885,-30.299002,-24.281002,-14.905001,NaN,-1.764266,true,Self-supervised model,0.137425,5.239000,64.375072,12.287664,0.000000,0.000000,1.916959,0.437108,false,false
2026-04-17T14:47:39.556476,0.614917,-0.668397,0.307074,72.406,E,1,0.908228,1,0.908228,0.882175,1.609556,0.636847,-0.940921,9.641450,3.172317,-0.093628,0.526751,-0.345458,0.636847,0.568716,-0.869261,-0.401338,1.113609,1.038775,-30.299002,-24.281002,-14.905001,NaN,-1.752660,true,Self-supervised model,0.141425,5.247000,64.980392,12.384294,0.000000,0.000000,1.385224,0.571876,false,false
2026-04-17T14:47:39.565505,0.614917,-0.668397,0.317928,71.784,E,1,0.908228,1,0.908228,0.877356,1.602268,0.852056,-0.900220,9.818622,2.999935,-0.042357,0.694763,-0.491436,0.852056,0.503353,-0.890031,-0.432493,1.110211,1.022506,-30.299002,-24.281002,-14.905001,NaN,-1.740650,true,Self-supervised model,0.153201,5.256000,65.602271,12.481406,0.000000,0.000000,1.029693,0.767472,false,false
2026-04-17T14:47:39.572926,0.614917,-0.668397,0.329081,71.145,E,1,0.908228,1,0.908228,0.900112,1.596181,1.019584,-0.873884,9.957485,2.868254,-0.004457,0.825369,-0.598580,1.019584,0.425773,-0.877813,-0.472810,1.084153,0.975622,-30.299002,-24.281002,-14.905001,NaN,-1.728301,true,Self-supervised model,0.156160,5.263000,66.241293,12.586223,0.000000,0.000000,0.882823,0.940443,false,false
2026-04-17T14:47:39.580536,0.614917,-0.668397,0.340540,70.489,E,1,0.908228,1,0.908228,0.930239,1.591544,1.088405,-0.814029,10.029311,2.822764,0.068708,0.890261,-0.622367,1.088405,0.339641,-0.842994,-0.522901,1.048532,0.908843,-30.299002,-24.281002,-14.905001,NaN,-1.715620,true,Self-supervised model,0.158161,5.271000,66.897822,12.691676,0.000000,0.000000,0.854681,1.038027,false,false
2026-04-17T14:47:39.588688,0.614917,-0.668397,0.352283,69.816,E,1,0.908228,1,0.908228,0.953488,1.588021,1.075542,-0.826000,10.060435,2.870648,0.073635,0.916714,-0.557678,1.075542,0.265116,-0.811840,-0.573602,1.028781,0.854032,-30.299002,-24.281002,-14.905001,NaN,-1.702736,true,Self-supervised model,0.159112,5.279000,67.570678,12.799901,0.000000,0.000000,0.886518,1.045453,false,false
2026-04-17T14:47:39.597159,0.614917,-0.668397,0.364347,69.124,E,1,0.908228,1,0.908228,0.969053,1.585263,1.050769,-0.826000,10.077195,2.940080,0.095288,0.931412,-0.476977,1.050769,0.180816,-0.783740,-0.629191,1.021188,0.804328,-30.299002,-24.281002,-14.905001,NaN,-1.689391,true,Self-supervised model,0.157731,5.287000,68.261886,12.911270,0.000000,0.000000,0.922232,1.028967,false,false
2026-04-17T14:47:39.604975,0.614917,-0.668397,0.376811,68.410,E,1,0.908228,1,0.908228,0.974538,1.582834,1.003337,-0.859518,10.043676,2.973598,0.088124,0.898473,-0.437797,1.003337,0.147219,-0.766025,-0.652404,1.016906,0.780043,-30.299002,-24.281002,-14.905001,NaN,-1.675330,true,Self-supervised model,0.153453,5.295000,68.975983,13.026626,0.000000,0.000000,0.971297,0.986656,false,false
2026-04-17T14:47:39.612337,0.614917,-0.668397,0.389731,67.670,E,1,0.908228,1,0.908228,0.968966,1.580279,0.939712,-0.909797,9.969456,2.971204,0.069051,0.827465,-0.439991,0.939712,0.021380,-0.703106,-0.728762,1.012872,0.703431,-30.299002,-24.281002,-14.905001,NaN,-1.660584,true,Self-supervised model,0.150859,5.302000,69.716241,13.149046,0.000000,0.000000,1.031131,0.927770,false,false
2026-04-17T14:47:39.620931,0.614917,-0.668397,0.403135,66.902,NE,1,0.908228,1,0.908228,0.949544,1.577050,0.847580,-0.950498,9.880871,3.016694,0.063227,0.744671,-0.399824,0.847580,-0.057421,-0.696386,-0.759916,1.032339,0.698750,-30.299002,-24.281002,-14.905001,NaN,-1.645242,true,Self-supervised model,0.148688,5.311000,70.484247,13.271370,0.000000,0.000000,1.120300,0.821029,false,false
2026-04-17T14:47:39.628559,0.614917,-0.668397,0.416987,66.108,NE,1,0.908228,1,0.908228,0.916508,1.572628,0.743066,-0.964863,9.768343,3.062184,0.085349,0.640789,-0.366404,0.743066,-0.135001,-0.715934,-0.772745,1.062036,0.728551,-30.299002,-24.281002,-14.905001,NaN,-1.629600,true,Self-supervised model,0.141880,5.319000,71.277902,13.400621,0.000000,0.000000,1.233414,0.699661,false,false
2026-04-17T14:47:39.637988,0.614917,-0.668397,0.431171,65.296,NE,1,0.908228,1,0.908228,0.872935,1.566640,0.644178,-0.995988,9.727641,3.270479,0.089348,0.612216,-0.179372,0.644178,-0.268170,-0.796568,-0.775188,1.143395,0.840498,-30.299002,-24.281002,-14.905001,NaN,-1.614086,true,Self-supervised model,0.140129,5.328000,72.090605,13.530519,0.000000,0.000000,1.355114,0.563391,false,false
2026-04-17T14:47:39.644373,0.614917,-0.668397,0.445457,64.477,NE,1,0.908228,1,0.908228,0.834616,1.559359,0.633440,-1.039083,9.720459,3.579332,0.077303,0.621198,0.096873,0.633440,-0.460592,-0.974330,-0.753808,1.315177,1.077713,-30.299002,-24.281002,-14.905001,NaN,-1.599394,true,Self-supervised model,0.130873,5.334000,72.909123,13.668752,0.000000,0.000000,1.317592,0.481639,false,false
2026-04-17T14:47:39.653088,0.614917,-0.668397,0.459565,63.669,NE,1,0.908228,1,0.908228,0.812352,1.551479,0.695468,-1.034295,9.629479,3.938462,0.107006,0.550597,0.411180,0.695468,-0.555887,-1.080621,-0.737314,1.421402,1.215217,-30.299002,-24.281002,-14.905001,NaN,-1.585999,true,Self-supervised model,0.136569,5.343000,73.717435,13.797012,0.000000,0.000000,1.168065,0.489283,false,false
2026-04-17T14:47:39.660516,0.614917,-0.668397,0.473201,62.888,NE,1,0.908228,1,0.908228,0.834941,1.544817,0.953531,-0.926556,9.418790,4.431667,0.233456,0.363598,0.850010,0.953531,-0.670119,-1.229672,-0.704328,1.567555,1.400411,-30.299002,-24.281002,-14.905001,NaN,-1.574249,true,Self-supervised model,0.141753,5.351000,74.498731,13.922394,0.000000,0.000000,0.875630,0.608292,false,false
2026-04-17T14:47:39.670202,0.614917,-0.668397,0.486170,62.145,NE,1,0.908228,1,0.908228,0.924260,1.541995,1.393185,-0.828394,9.126697,4.989516,0.344321,0.097686,1.346426,1.393185,-0.715323,-1.338406,-0.671952,1.659680,1.517570,-30.299002,-24.281002,-14.905001,NaN,-1.563947,true,Self-supervised model,0.155073,5.360000,75.241814,14.037652,0.000000,0.000000,0.663415,0.839430,false,false
2026-04-17T14:47:39.681291,0.614917,-0.668397,0.498365,61.446,NE,1,0.908228,1,0.908228,1.066860,1.544990,1.815509,-0.766145,8.839393,5.468357,0.412818,-0.162390,1.760478,1.815509,-0.714101,-1.428814,-0.626748,1.715885,1.597326,-30.299002,-24.281002,-14.905001,NaN,-1.554850,true,Self-supervised model,0.163804,5.371000,75.940528,14.138992,0.000000,0.000000,0.587637,1.058059,false,false
2026-04-17T14:47:39.685254,0.614917,-0.668397,0.509736,60.794,NE,1,0.908228,1,0.908228,1.230736,1.554420,2.091084,-0.737414,8.585608,5.779603,0.439710,-0.389438,2.006895,2.091084,-0.674395,-1.472185,-0.565050,1.715057,1.619302,-33.039001,-26.834002,-8.398001,NaN,-1.546774,true,Self-supervised model,0.141914,5.375000,76.592039,14.249682,0.000000,0.000000,0.588563,1.219251,false,false
2026-04-17T14:47:39.692435,0.614917,-0.668397,0.520211,60.194,NE,1,0.908228,1,0.908228,1.403919,1.570400,2.313131,-0.718261,8.329428,6.016629,0.450705,-0.620531,2.182288,2.313131,-0.593761,-1.467909,-0.470977,1.652008,1.583449,-33.039001,-26.834002,-8.398001,NaN,-1.539883,true,Self-supervised model,0.166315,5.383000,77.192220,14.340000,0.000000,0.000000,0.606934,1.400194,false,false
2026-04-17T14:47:39.703301,0.614917,-0.668397,0.529759,59.647,NE,1,0.908228,1,0.908228,1.569751,1.592374,2.440372,-0.598550,8.137892,6.143522,0.549217,-0.786568,2.243900,2.440372,-0.477086,-1.403768,-0.359800,1.525658,1.482625,-33.039001,-26.834002,-8.398001,NaN,-1.534042,true,Self-supervised model,0.175202,5.393000,77.739293,14.414851,0.000000,0.000000,0.643243,1.599554,false,false
2026-04-17T14:47:39.708553,0.614917,-0.668397,0.537916,59.180,NE,1,0.908228,1,0.908228,1.716887,1.619354,2.489349,-0.466869,8.063671,6.193800,0.659317,-0.843022,2.247548,2.489349,-0.357356,-1.307252,-0.259618,1.379859,1.355216,-33.039001,-26.834002,-8.398001,NaN,-1.531451,true,Self-supervised model,0.170978,5.399000,78.206643,14.485394,0.000000,0.000000,0.689693,1.804060,false,false
2026-04-17T14:47:39.716866,0.614917,-0.668397,0.545058,58.770,NE,1,0.908228,1,0.908228,1.837933,1.650097,2.473425,-0.313640,7.989451,6.145916,0.786602,-0.904419,2.163589,2.473425,-0.198531,-1.158811,-0.160658,1.186621,1.175695,-33.039001,-26.834002,-8.398001,NaN,-1.528368,true,Self-supervised model,0.181144,5.407000,78.615850,14.539643,0.000000,0.000000,0.743072,2.084428,false,false
2026-04-17T14:47:39.725155,0.614917,-0.668397,0.551137,58.422,NE,1,0.908228,1,0.908228,1.915778,1.682725,2.324462,-0.189142,7.951144,5.942409,0.883147,-0.935347,1.936052,2.324462,-0.026267,-0.982882,-0.081856,0.986635,0.983233,-33.039001,-26.834002,-8.398001,NaN,-1.526541,true,Self-supervised model,0.182722,5.415000,78.964155,14.582485,0.000000,0.000000,0.824181,2.355950,false,false
2026-04-17T14:47:39.732990,0.614917,-0.668397,0.556185,58.133,NE,1,0.908228,1,0.908228,1.943698,1.715163,2.090278,-0.134075,7.948750,5.650316,0.910149,-0.935899,1.632478,2.090278,0.140499,-0.812451,-0.015882,0.824663,0.824510,-33.039001,-26.834002,-8.398001,NaN,-1.525616,true,Self-supervised model,0.180785,5.423000,79.253393,14.614308,0.000000,0.000000,0.929875,2.534707,false,false
2026-04-17T14:47:39.740975,0.614917,-0.668397,0.560285,57.898,NE,1,0.908228,1,0.908228,1.936730,1.746026,1.900150,-0.067038,7.970297,5.384560,0.949064,-0.917599,1.366697,1.900150,0.267559,-0.717767,0.034208,0.766777,0.766014,-33.039001,-26.834002,-8.398001,NaN,-1.525309,true,Self-supervised model,0.178709,5.431000,79.488308,14.636035,0.000000,0.000000,1.019251,2.478100,false,false
2026-04-17T14:47:39.748504,0.614917,-0.668397,0.563529,57.712,NE,1,0.908228,1,0.908228,1.894346,1.773959,1.671831,-0.007183,8.001422,5.027823,0.979029,-0.893773,1.018672,1.671831,0.379347,-0.698830,0.082467,0.799417,0.795153,-33.039001,-26.834002,-8.398001,NaN,-1.525490,true,Self-supervised model,0.173832,5.439000,79.674161,14.648678,0.000000,0.000000,1.133097,2.091312,false,false
2026-04-17T14:47:39.756579,0.614917,-0.668397,0.565982,57.572,NE,1,0.908228,1,0.908228,1.822907,1.797917,1.447852,0.009577,8.061277,4.671088,0.961603,-0.844462,0.677109,1.447852,0.457538,-0.768468,0.119730,0.902341,0.894363,-33.039001,-26.834002,-8.398001,NaN,-1.526202,true,Self-supervised model,0.168149,5.447000,79.814686,14.652962,0.000000,0.000000,1.259043,1.604550,false,false
2026-04-17T14:47:39.770896,0.614917,-0.668397,0.567683,57.474,NE,1,0.908228,1,0.908228,1.727247,1.817090,1.225031,-0.021548,8.140285,4.292804,0.891122,-0.778134,0.317980,1.225031,0.498466,-0.893696,0.144775,1.033499,1.023309,-33.039001,-26.834002,-8.398001,NaN,-1.527508,true,Self-supervised model,0.162384,5.461000,79.912140,14.633243,0.000000,0.000000,1.409961,1.185324,false,false
2026-04-17T14:47:39.773167,0.614917,-0.668397,0.568700,57.416,NE,1,0.908228,1,0.908228,1.626659,1.831473,1.098572,-0.019154,8.236053,3.971981,0.849376,-0.696463,0.018981,1.098572,0.506407,-1.020756,0.150884,1.149416,1.139469,-33.039001,-26.834002,-8.398001,NaN,-1.529226,true,Self-supervised model,0.154169,5.463000,79.970412,14.638552,0.000000,0.000000,1.480704,0.955765,false,false
2026-04-17T14:47:39.780440,0.614917,-0.668397,0.569145,57.390,NE,1,0.908228,1,0.908228,1.530156,1.841420,1.023513,-0.045490,8.348581,3.632004,0.774855,-0.598485,-0.298318,1.023513,0.487470,-1.163698,0.147219,1.270234,1.261674,-33.039001,-26.834002,-8.398001,NaN,-1.531066,true,Self-supervised model,0.154712,5.471000,79.995946,14.621814,0.000000,0.000000,1.495004,0.805767,false,false
2026-04-17T14:47:39.788960,0.614917,-0.668397,0.569128,57.391,NE,1,0.908228,1,0.908228,1.458161,1.848090,1.080190,-0.002394,8.425196,3.368642,0.766821,-0.535894,-0.540012,1.080190,0.444710,-1.291369,0.131336,1.372097,1.365797,-33.039001,-26.834002,-8.398001,NaN,-1.532937,true,Self-supervised model,0.155588,5.479000,79.994933,14.600280,0.000000,0.000000,1.349912,0.787254,false,false
2026-04-17T14:47:39.797147,0.614917,-0.668397,0.568761,57.412,NE,1,0.908228,1,0.908228,1.410878,1.852601,1.162642,0.057461,8.485051,3.172317,0.773468,-0.488673,-0.717414,1.162642,0.375682,-1.402547,0.108734,1.456055,1.451990,-33.039001,-26.834002,-8.398001,NaN,-1.534698,true,Self-supervised model,0.156496,5.487000,79.973950,14.575169,0.000000,0.000000,1.213510,0.798488,false,false
2026-04-17T14:47:39.805009,0.614917,-0.668397,0.568154,57.447,NE,1,0.908228,1,0.908228,1.389511,1.856078,1.277337,0.160412,8.475474,3.040636,0.822555,-0.508752,-0.834364,1.277337,0.300546,-1.469131,0.087965,1.502135,1.499558,-33.039001,-26.834002,-8.398001,NaN,-1.536268,true,Self-supervised model,0.158774,5.495000,79.939171,14.547620,0.000000,0.000000,1.087819,0.850347,false,false
2026-04-17T14:47:39.812193,0.614917,-0.668397,0.567394,57.491,NE,1,0.908228,1,0.908228,1.388855,1.859389,1.385410,0.217872,8.453926,2.892196,0.826447,-0.538355,-0.972893,1.385410,0.208916,-1.503950,0.056810,1.519454,1.518391,-33.039001,-26.834002,-8.398001,NaN,-1.537639,true,Self-supervised model,0.161248,5.502000,79.895631,14.521198,0.000000,0.000000,1.002487,0.911781,false,false
2026-04-17T14:47:39.820603,0.614917,-0.668397,0.566551,57.539,NE,1,0.908228,1,0.908228,1.408631,1.863358,1.512457,0.301669,8.379706,2.779668,0.858832,-0.617886,-1.080809,1.512457,0.137445,-1.491733,0.037263,1.498515,1.498051,-33.039001,-26.834002,-8.398001,NaN,-1.538816,true,Self-supervised model,0.164781,5.511000,79.847312,14.488716,0.000000,0.000000,0.931353,1.009304,false,false
2026-04-17T14:47:39.828596,0.614917,-0.668397,0.565706,57.587,NE,1,0.908228,1,0.908228,1.430799,1.868056,1.547178,0.339977,8.336611,2.750938,0.848928,-0.663494,-1.110341,1.547178,0.014050,-1.419040,0.009163,1.419139,1.419110,-33.039001,-26.834002,-8.398001,NaN,-1.539668,true,Self-supervised model,0.166609,5.519000,79.798900,14.458942,0.000000,0.000000,0.924780,1.090223,false,false
2026-04-17T14:47:39.841376,0.614917,-0.668397,0.564912,57.633,NE,1,0.908228,1,0.908228,1.444871,1.873129,1.518747,0.347159,8.322245,2.777274,0.811460,-0.677499,-1.090468,1.518747,-0.050091,-1.365895,-0.000611,1.366813,1.366813,-33.039001,-26.834002,-8.398001,NaN,-1.540259,true,Self-supervised model,0.167291,5.531000,79.753397,14.419345,0.000000,0.000000,0.951357,1.111159,false,false
2026-04-17T14:47:39.844235,0.614917,-0.668397,0.564195,57.674,NE,1,0.908228,1,0.908228,1.439109,1.877768,1.408863,0.349553,8.365341,2.885013,0.772537,-0.631247,-0.994791,1.408863,-0.144164,-1.283428,-0.009774,1.291536,1.291499,-33.277000,-30.558001,-4.842000,NaN,-1.540665,true,Self-supervised model,0.162851,5.534000,79.712340,14.404109,0.000000,0.000000,1.021469,1.090842,false,false
2026-04-17T14:47:39.853989,0.614917,-0.668397,0.563560,57.710,NE,1,0.908228,1,0.908228,1.409106,1.881021,1.251587,0.383072,8.458714,3.062184,0.766658,-0.532729,-0.833609,1.251587,-0.191812,-1.240056,-0.017715,1.254928,1.254803,-33.277000,-30.558001,-4.842000,NaN,-1.540975,true,Self-supervised model,0.161898,5.544000,79.675939,14.371562,0.000000,0.000000,1.125855,0.997337,false,false
2026-04-17T14:47:39.860544,0.614917,-0.668397,0.562990,57.743,NE,1,0.908228,1,0.908228,1.362665,1.882287,1.118849,0.423774,8.504205,3.260903,0.770254,-0.480448,-0.653990,1.118849,-0.245568,-1.167364,-0.030543,1.193304,1.192913,-33.277000,-30.558001,-4.842000,NaN,-1.541282,true,Self-supervised model,0.158758,5.551000,79.643301,14.347559,0.000000,0.000000,1.217916,0.937606,false,false
2026-04-17T14:47:39.870926,0.614917,-0.668397,0.562492,57.772,NE,1,0.908228,1,0.908228,1.310056,1.881398,1.033860,0.462081,8.554482,3.387795,0.769378,-0.423583,-0.545436,1.033860,-0.255342,-1.113607,-0.047647,1.143499,1.142506,-33.277000,-30.558001,-4.842000,NaN,-1.541495,true,Self-supervised model,0.157500,5.561000,79.614749,14.316625,0.000000,0.000000,1.267150,0.904119,false,false
2026-04-17T14:47:39.876570,0.614917,-0.668397,0.561897,57.806,NE,1,0.908228,1,0.908228,1.256193,1.878390,0.973411,0.519542,8.607155,3.514688,0.790374,-0.364464,-0.435895,0.973411,-0.239459,-1.040303,-0.080634,1.070548,1.067507,-33.277000,-30.558001,-4.842000,NaN,-1.542479,true,Self-supervised model,0.156287,5.567000,79.580638,14.295067,0.000000,0.000000,1.290506,0.909264,false,false
2026-04-17T14:47:39.885351,0.614917,-0.668397,0.561291,57.840,NE,1,0.908228,1,0.908228,1.201486,1.873314,0.914278,0.514753,8.590396,3.608062,0.753015,-0.375491,-0.357603,0.914278,-0.205862,-0.967611,-0.117286,0.996195,0.989267,-33.277000,-30.558001,-4.842000,NaN,-1.543125,true,Self-supervised model,0.156196,5.575000,79.545947,14.268331,0.000000,0.000000,1.314136,0.917770,false,false
2026-04-17T14:47:39.892416,0.614917,-0.668397,0.560796,57.869,NE,1,0.908228,1,0.908228,1.144872,1.866176,0.847645,0.488417,8.597578,3.663129,0.698062,-0.363715,-0.314518,0.847645,-0.177151,-0.923628,-0.145386,0.951635,0.940464,-33.277000,-30.558001,-4.842000,NaN,-1.543177,true,Self-supervised model,0.155191,5.583000,79.517589,14.242807,0.000000,0.000000,1.350650,0.890725,false,false
2026-04-17T14:47:39.904566,0.614917,-0.668397,0.560519,57.885,NE,1,0.908228,1,0.908228,1.085085,1.856932,0.771203,0.421380,8.621520,3.648763,0.606339,-0.336511,-0.337444,0.771203,-0.127060,-0.867429,-0.196699,0.898480,0.876685,-33.277000,-30.558001,-4.842000,NaN,-1.542586,true,Self-supervised model,0.154303,5.595000,79.501675,14.209415,0.000000,0.000000,1.407003,0.858342,false,false
2026-04-17T14:47:39.909647,0.614917,-0.668397,0.560559,57.882,NE,1,0.908228,1,0.908228,1.022785,1.845566,0.695713,0.337582,8.655039,3.615245,0.502012,-0.301212,-0.375861,0.695713,-0.080634,-0.836275,-0.236405,0.872780,0.840153,-33.277000,-30.558001,-4.842000,NaN,-1.541271,true,Self-supervised model,0.152741,5.600000,79.504014,14.197145,0.000000,0.000000,1.470125,0.797124,false,false
2026-04-17T14:47:39.916796,0.614917,-0.668397,0.561031,57.855,NE,1,0.908228,1,0.908228,0.961833,1.832217,0.641835,0.198719,8.712500,3.509900,0.346303,-0.243502,-0.482425,0.641835,-0.040317,-0.815505,-0.270002,0.859986,0.816501,-33.277000,-30.558001,-4.842000,NaN,-1.539078,true,Self-supervised model,0.151182,5.607000,79.531016,14.184237,0.000000,0.000000,1.498568,0.746332,false,false
2026-04-17T14:47:39.924421,0.614917,-0.668397,0.562004,57.800,NE,1,0.908228,1,0.908228,0.913680,1.817476,0.660877,0.086191,8.731653,3.409343,0.220054,-0.225471,-0.580945,0.660877,-0.013439,-0.811840,-0.296270,0.864315,0.811951,-33.277000,-30.558001,-4.842000,NaN,-1.536097,true,Self-supervised model,0.152247,5.615000,79.586784,14.173960,0.000000,0.000000,1.382527,0.764625,false,false
2026-04-17T14:47:39.934213,0.614917,-0.668397,0.563528,57.712,NE,1,0.908228,1,0.908228,0.884361,1.802151,0.730436,-0.045490,8.743625,3.292027,0.077370,-0.215758,-0.693541,0.730436,0.011606,-0.811229,-0.319483,0.871950,0.811312,-33.277000,-30.558001,-4.842000,NaN,-1.532372,true,Self-supervised model,0.155759,5.624000,79.674083,14.166800,0.000000,0.000000,1.210731,0.837704,false,false
2026-04-17T14:47:39.941096,0.614917,-0.668397,0.565633,57.592,NE,1,0.908228,1,0.908228,0.873449,1.787003,0.816158,-0.143652,8.724471,3.198653,-0.029099,-0.238036,-0.780132,0.816158,0.026878,-0.827112,-0.338419,0.894071,0.827548,-33.277000,-30.558001,-4.842000,NaN,-1.527940,true,Self-supervised model,0.158176,5.631000,79.794709,14.170611,0.000000,0.000000,1.070196,0.912855,false,false
2026-04-17T14:47:39.948754,0.614917,-0.668397,0.568353,57.436,NE,1,0.908228,1,0.908228,0.875908,1.772559,0.888820,-0.265756,8.743625,3.124433,-0.157672,-0.222713,-0.845896,0.888820,0.040317,-0.857044,-0.349415,0.926413,0.857992,-33.277000,-30.558001,-4.842000,NaN,-1.522763,true,Self-supervised model,0.160553,5.639000,79.950527,14.178139,0.000000,0.000000,0.985473,0.959421,false,false
2026-04-17T14:47:39.956457,0.614917,-0.668397,0.571689,57.245,NE,1,0.908228,1,0.908228,0.887512,1.759157,0.948434,-0.332794,8.750807,3.066972,-0.230203,-0.220004,-0.893383,0.948434,0.049480,-0.893696,-0.356134,0.963313,0.895065,-33.277000,-30.558001,-4.842000,NaN,-1.516957,true,Self-supervised model,0.161427,5.647000,80.141714,14.191910,0.000000,0.000000,0.935766,0.984554,false,false
2026-04-17T14:47:39.964989,0.614917,-0.668397,0.575621,57.019,NE,1,0.908228,1,0.908228,0.905766,1.747022,1.001597,-0.387861,8.753201,3.016694,-0.290280,-0.222630,-0.932400,1.001597,0.055589,-0.938900,-0.362243,1.007890,0.940544,-33.277000,-30.558001,-4.842000,NaN,-1.510648,true,Self-supervised model,0.162198,5.655000,80.366961,14.211664,0.000000,0.000000,0.904322,0.993756,false,false
2026-04-17T14:47:39.972739,0.614917,-0.668397,0.580116,56.762,NE,1,0.908228,1,0.908228,0.919510,1.735921,0.991665,-0.387861,8.779537,3.011906,-0.295134,-0.201700,-0.924993,0.991665,0.058032,-0.982882,-0.365908,1.050388,0.984594,-33.277000,-30.558001,-4.842000,NaN,-1.503896,true,Self-supervised model,0.159621,5.663000,80.624535,14.237071,0.000000,0.000000,0.927238,0.944094,false,false
2026-04-17T14:47:39.980190,0.614917,-0.668397,0.585132,56.474,NE,1,0.908228,1,0.908228,0.934527,1.725865,1.013368,-0.339977,8.784326,2.964022,-0.252212,-0.202431,-0.960378,1.013368,0.049480,-1.021367,-0.372017,1.088134,1.022565,-33.277000,-30.558001,-4.842000,NaN,-1.496797,true,Self-supervised model,0.158781,5.670000,80.911937,14.270183,0.000000,0.000000,0.922199,0.931290,false,false
2026-04-17T14:47:39.988676,0.614917,-0.668397,0.590627,56.160,NE,1,0.908228,1,0.908228,0.955011,1.717031,1.062552,-0.320823,8.774749,2.899378,-0.237529,-0.217475,-1.012572,1.062552,0.041539,-1.029308,-0.382402,1.098832,1.030146,-33.277000,-30.558001,-4.842000,NaN,-1.489386,true,Self-supervised model,0.160016,5.679000,81.226783,14.303008,0.000000,0.000000,0.898790,0.966983,false,false
2026-04-17T14:47:40.005355,0.614917,-0.668397,0.596571,55.819,NE,1,0.908228,1,0.908228,0.980524,1.709571,1.114468,-0.280122,8.757990,2.829947,-0.199746,-0.239497,-1.069945,1.114468,0.029932,-1.017091,-0.392786,1.090711,1.017531,-33.277000,-30.558001,-4.842000,NaN,-1.481650,true,Self-supervised model,0.164036,5.695000,81.567314,14.322619,0.000000,0.000000,0.879813,1.021782,false,false
2026-04-17T14:47:40.006924,0.614917,-0.668397,0.602948,55.454,NE,1,0.908228,1,0.908228,1.013420,1.703725,1.186123,-0.272939,8.710106,2.755726,-0.192611,-0.292062,-1.133353,1.186123,0.011606,-0.982271,-0.413556,1.065842,0.982340,-33.051003,-30.938002,0.364000,NaN,-1.473535,true,Self-supervised model,0.120346,5.697000,81.932728,14.381732,0.000000,0.000000,0.854397,1.112850,false,false
2026-04-17T14:47:40.012416,0.614917,-0.668397,0.609773,55.063,NE,1,0.908228,1,0.908228,1.049947,1.699574,1.241713,-0.332794,8.736442,2.693477,-0.249972,-0.269854,-1.185978,1.241713,-0.018937,-0.932180,-0.428217,1.026006,0.932373,-33.051003,-30.938002,0.364000,NaN,-1.464922,true,Self-supervised model,0.158913,5.703000,82.323755,14.435167,0.000000,0.000000,0.845563,1.210239,false,false
2026-04-17T14:47:40.020588,0.614917,-0.668397,0.617027,54.647,NE,1,0.908228,1,0.908228,1.088460,1.697129,1.290654,-0.349553,8.755595,2.633622,-0.261673,-0.253995,-1.238064,1.290654,-0.058032,-0.872316,-0.430049,0.974292,0.874244,-33.051003,-30.938002,0.364000,NaN,-1.455951,true,Self-supervised model,0.164379,5.711000,82.739380,14.487722,0.000000,0.000000,0.843340,1.324710,false,false
2026-04-17T14:47:40.028451,0.614917,-0.668397,0.624677,54.209,NE,1,0.908228,1,0.908228,1.120783,1.696075,1.290479,-0.395043,8.829816,2.624045,-0.300342,-0.182239,-1.241741,1.290479,-0.096517,-0.819170,-0.422719,0.926848,0.824837,-33.051003,-30.938002,0.364000,NaN,-1.446717,true,Self-supervised model,0.162893,5.719000,83.177688,14.544096,0.000000,0.000000,0.868501,1.392332,false,false
2026-04-17T14:47:40.036923,0.614917,-0.668397,0.632647,53.752,NE,1,0.908228,1,0.908228,1.145973,1.696071,1.278222,-0.438139,8.856153,2.638410,-0.335197,-0.157520,-1.223390,1.278222,-0.129503,-0.762360,-0.412945,0.876634,0.773281,-33.051003,-30.938002,0.364000,NaN,-1.437468,true,Self-supervised model,0.163625,5.727000,83.634318,14.603513,0.000000,0.000000,0.896537,1.458102,false,false
2026-04-17T14:47:40.044316,0.614917,-0.668397,0.640856,53.282,NE,1,0.908228,1,0.908228,1.160485,1.696648,1.236669,-0.433351,8.832211,2.679112,-0.321002,-0.182384,-1.180273,1.236669,-0.157603,-0.708604,-0.402560,0.830068,0.725919,-33.051003,-30.938002,0.364000,NaN,-1.428303,true,Self-supervised model,0.161249,5.734000,84.104654,14.667711,0.000000,0.000000,0.938395,1.489841,false,false
2026-04-17T14:47:40.052939,0.614917,-0.668397,0.649223,52.802,NE,1,0.908228,1,0.908228,1.167643,1.697488,1.205221,-0.505177,8.868123,2.724602,-0.382143,-0.146855,-1.133560,1.205221,-0.173486,-0.667065,-0.390343,0.792111,0.689255,-33.051003,-30.938002,0.364000,NaN,-1.419302,true,Self-supervised model,0.161756,5.743000,84.584061,14.728201,0.000000,0.000000,0.968820,1.521530,false,false
2026-04-17T14:47:40.060352,0.614917,-0.668397,0.657692,52.317,NE,1,0.908228,1,0.908228,1.171514,1.698449,1.191841,-0.588974,8.908825,2.760514,-0.454511,-0.106430,-1.096621,1.191841,-0.181427,-0.623083,-0.368352,0.746211,0.648959,-33.051003,-30.938002,0.364000,NaN,-1.410426,true,Self-supervised model,0.160454,5.750000,85.069299,14.794661,0.000000,0.000000,0.982945,1.597191,false,false
2026-04-17T14:47:40.069791,0.614917,-0.668397,0.666204,51.829,NE,1,0.908228,1,0.908228,1.173200,1.699439,1.182053,-0.708684,9.002198,2.815581,-0.562124,-0.013640,-1.039750,1.182053,-0.178984,-0.580933,-0.339641,0.696329,0.607880,-33.051003,-30.938002,0.364000,NaN,-1.401741,true,Self-supervised model,0.163019,5.760000,85.557017,14.853649,0.000000,0.000000,0.992511,1.697550,false,false
2026-04-17T14:47:40.076366,0.614917,-0.668397,0.674708,51.342,NE,1,0.908228,1,0.908228,1.175157,1.700467,1.185431,-0.823605,9.093178,2.873042,-0.664687,0.075974,-0.978603,1.185431,-0.164934,-0.552833,-0.307876,0.653923,0.576912,-33.051003,-30.938002,0.364000,NaN,-1.393272,true,Self-supervised model,0.159657,5.766000,86.044239,14.922691,0.000000,0.000000,0.991334,1.812799,false,false
2026-04-17T14:47:40.085160,0.614917,-0.668397,0.683150,50.858,NE,1,0.908228,1,0.908228,1.189724,1.702038,1.266197,-0.955287,9.179369,2.863465,-0.783960,0.159514,-0.981436,1.266197,-0.141110,-0.517403,-0.262672,0.597172,0.536300,-33.051003,-30.938002,0.364000,NaN,-1.385077,true,Self-supervised model,0.165701,5.775000,86.527915,14.983189,0.000000,0.000000,0.939604,2.120323,false,false
2026-04-17T14:47:40.092481,0.614917,-0.668397,0.691478,50.381,NE,1,0.908228,1,0.908228,1.208693,1.704304,1.308279,-1.012747,9.301474,2.861071,-0.828977,0.277409,-0.973363,1.308279,-0.115454,-0.491136,-0.216857,0.549155,0.504523,-33.051003,-30.938002,0.364000,NaN,-1.377200,true,Self-supervised model,0.166254,5.783000,87.005123,15.044981,0.000000,0.000000,0.923880,2.382351,false,false
2026-04-17T14:47:40.104624,0.614917,-0.668397,0.699655,49.913,NE,1,0.908228,1,0.908228,1.234818,1.707524,1.371975,-1.082179,9.435549,2.853889,-0.885945,0.405537,-0.965897,1.371975,-0.087965,-0.480140,-0.162490,0.514466,0.488131,-33.051003,-30.938002,0.364000,NaN,-1.369635,true,Self-supervised model,0.172683,5.795000,87.473586,15.094665,0.000000,0.000000,0.900029,2.666794,false,false
2026-04-17T14:47:40.108864,0.614917,-0.668397,0.707666,49.454,NE,1,0.908228,1,0.908228,1.268383,1.711959,1.444602,-1.170765,9.552865,2.853889,-0.961884,0.515066,-0.946763,1.444602,-0.073304,-0.481362,-0.129503,0.503839,0.486911,-33.051003,-30.938002,0.364000,NaN,-1.362281,true,Self-supervised model,0.163175,5.799000,87.932625,15.163412,0.000000,0.000000,0.878016,2.867190,false,false
2026-04-17T14:47:40.116571,0.614917,-0.668397,0.715534,49.003,NE,1,0.908228,1,0.908228,1.310632,1.717906,1.532438,-1.244985,9.710882,2.849100,-1.023110,0.663552,-0.928068,1.532438,-0.050702,-0.493579,-0.083078,0.503083,0.496176,-33.051003,-30.938002,0.364000,NaN,-1.354987,true,Self-supervised model,0.172569,5.807000,88.383431,15.220153,0.000000,0.000000,0.855260,3.046091,false,false
2026-04-17T14:47:40.124498,0.614917,-0.668397,0.723307,48.558,NE,1,0.908228,1,0.908228,1.351951,1.725268,1.568874,-1.271321,9.821015,2.851494,-1.036557,0.762353,-0.897626,1.568874,-0.031765,-0.518625,-0.031154,0.520530,0.519596,-33.051003,-30.938002,0.364000,NaN,-1.347596,true,Self-supervised model,0.173010,5.815000,88.828774,15.275800,0.000000,0.000000,0.861733,3.013995,false,false
2026-04-17T14:47:40.133236,0.614917,-0.668397,0.731017,48.116,NE,1,0.908228,1,0.908228,1.388494,1.733797,1.580349,-1.264138,9.923966,2.858677,-1.017124,0.852344,-0.858180,1.580349,-0.017104,-0.553444,0.026878,0.554360,0.553708,-33.051003,-30.938002,0.364000,NaN,-1.340137,true,Self-supervised model,0.173779,5.823000,89.270526,15.330676,0.000000,0.000000,0.878600,2.850763,false,false
2026-04-17T14:47:40.141181,0.614917,-0.668397,0.738686,47.676,NE,1,0.908228,1,0.908228,1.423897,1.743401,1.609761,-1.247379,10.034100,2.851494,-0.994524,0.950595,-0.835837,1.609761,-0.011606,-0.582765,0.065973,0.586603,0.582881,-33.051003,-30.938002,0.364000,NaN,-1.332631,true,Self-supervised model,0.172545,5.831000,89.709937,15.385000,0.000000,0.000000,0.884539,2.744210,false,false
2026-04-17T14:47:40.148688,0.614917,-0.668397,0.746023,47.256,NE,1,0.908228,1,0.908228,1.458704,1.754013,1.641440,-1.206678,10.156203,2.851494,-0.954717,1.061971,-0.809357,1.641440,-0.004276,-0.618806,0.131336,0.632605,0.618821,-33.051003,-30.938002,0.364000,NaN,-1.326622,true,Self-supervised model,0.172679,5.839000,90.130322,15.435917,0.000000,0.000000,0.888674,2.594731,false,false
2026-04-17T14:47:40.161451,0.614917,-0.668397,0.752770,46.869,NE,1,0.908228,1,0.908228,1.494950,1.765650,1.685242,-1.127669,10.323798,2.882619,-0.883673,1.220138,-0.755267,1.685242,-0.006109,-0.634078,0.186314,0.660912,0.634108,-33.051003,-30.938002,0.364000,NaN,-1.322236,true,Self-supervised model,0.177261,5.852000,90.516888,15.467684,0.000000,0.000000,0.887083,2.549872,false,false
2026-04-17T14:47:40.164638,0.614917,-0.668397,0.758680,46.531,NE,1,0.908228,1,0.908228,1.526795,1.778096,1.693983,-1.029507,10.443508,2.944868,-0.800800,1.331896,-0.674056,1.693983,-0.004276,-0.629191,0.225409,0.668363,0.629206,-31.705002,-32.882000,3.971000,NaN,-1.319677,true,Self-supervised model,0.164583,5.855000,90.855470,15.517587,0.000000,0.000000,0.901305,2.534525,false,false
2026-04-17T14:47:40.172577,0.614917,-0.668397,0.763508,46.254,NE,1,0.908228,1,0.908228,1.550718,1.791001,1.676314,-0.916979,10.498574,2.968810,-0.708524,1.380329,-0.634598,1.676314,-0.006109,-0.618196,0.249844,0.666802,0.618226,-31.705002,-32.882000,3.971000,NaN,-1.319174,true,Self-supervised model,0.175243,5.863000,91.132099,15.543595,0.000000,0.000000,0.925076,2.513960,false,false
2026-04-17T14:47:40.180841,0.614917,-0.668397,0.767171,46.044,NE,1,0.908228,1,0.908228,1.560127,1.803766,1.609523,-0.751779,10.517728,3.021482,-0.567770,1.394140,-0.569715,1.609523,-0.014050,-0.616363,0.265726,0.671350,0.616523,-31.705002,-32.882000,3.971000,NaN,-1.320168,true,Self-supervised model,0.175517,5.871000,91.342012,15.558169,0.000000,0.000000,0.969310,2.397441,false,false
2026-04-17T14:47:40.188603,0.614917,-0.668397,0.769643,45.903,NE,1,0.908228,1,0.908228,1.566667,1.816282,1.601004,-0.584185,10.591949,3.098097,-0.428441,1.464507,-0.484633,1.601004,-0.030543,-0.627969,0.268170,0.683516,0.628712,-31.705002,-32.882000,3.971000,NaN,-1.322466,true,Self-supervised model,0.175922,5.879000,91.483604,15.561082,0.000000,0.000000,0.978553,2.342307,false,false
2026-04-17T14:47:40.196566,0.614917,-0.668397,0.770943,45.828,NE,1,0.908228,1,0.908228,1.569883,1.828426,1.586767,-0.404620,10.658986,3.263297,-0.280460,1.529562,-0.315615,1.586767,-0.061697,-0.665232,0.261450,0.717424,0.668087,-31.705002,-32.882000,3.971000,NaN,-1.325849,true,Self-supervised model,0.176419,5.887000,91.558116,15.552593,0.000000,0.000000,0.989360,2.211757,false,false
2026-04-17T14:47:40.205040,0.614917,-0.668397,0.771147,45.817,NE,1,0.908228,1,0.908228,1.573501,1.840229,1.592495,-0.239420,10.706870,3.423708,-0.149859,1.577658,-0.156772,1.592495,-0.095906,-0.700662,0.246179,0.748819,0.707196,-31.705002,-32.882000,3.971000,NaN,-1.330032,true,Self-supervised model,0.177390,5.895000,91.569786,15.533467,0.000000,0.000000,0.988073,2.126675,false,false
2026-04-17T14:47:40.212255,0.614917,-0.668397,0.770368,45.861,NE,1,0.908228,1,0.908228,1.580208,1.851828,1.615421,-0.105345,10.740389,3.643975,-0.052192,1.613584,0.056638,1.615421,-0.131336,-0.741590,0.215025,0.783225,0.753130,-31.705002,-32.882000,3.971000,NaN,-1.334740,true,Self-supervised model,0.176430,5.902000,91.525177,15.507485,0.000000,0.000000,0.978202,2.062525,false,false
2026-04-17T14:47:40.221072,0.614917,-0.668397,0.768777,45.952,NE,1,0.908228,1,0.908228,1.600663,1.863782,1.708049,0.011971,10.812215,3.847482,0.028904,1.689493,0.249420,1.708049,-0.167988,-0.772745,0.172875,0.809469,0.790793,-31.705002,-32.882000,3.971000,NaN,-1.339582,true,Self-supervised model,0.177138,5.911000,91.434001,15.468449,0.000000,0.000000,0.937129,2.110087,false,false
2026-04-17T14:47:40.228367,0.614917,-0.668397,0.766625,46.076,NE,1,0.908228,1,0.908228,1.630215,1.876439,1.785363,0.100556,10.852917,4.022259,0.083784,1.735360,0.411127,1.785363,-0.205251,-0.778853,0.115454,0.813677,0.805444,-31.705002,-32.882000,3.971000,NaN,-1.343977,true,Self-supervised model,0.177565,5.918000,91.310705,15.429318,0.000000,0.000000,0.913100,2.194192,false,false
2026-04-17T14:47:40.236520,0.614917,-0.668397,0.764228,46.213,NE,1,0.908228,1,0.908228,1.670383,1.890197,1.881264,0.232238,10.891224,4.206613,0.186000,1.780012,0.579755,1.881264,-0.239459,-0.765414,0.061697,0.804367,0.801997,-31.705002,-32.882000,3.971000,NaN,-1.347356,true,Self-supervised model,0.179656,5.927000,91.173344,15.382714,0.000000,0.000000,0.887904,2.338813,false,false
2026-04-17T14:47:40.244228,0.614917,-0.668397,0.761899,46.346,NE,1,0.908228,1,0.908228,1.720728,1.905418,1.985042,0.351948,10.896012,4.450821,0.281159,1.792186,0.805861,1.985042,-0.265116,-0.743423,0.015272,0.789428,0.789281,-31.705002,-32.882000,3.971000,NaN,-1.349410,true,Self-supervised model,0.181593,5.934000,91.039920,15.342083,0.000000,0.000000,0.866847,2.514531,false,false
2026-04-17T14:47:40.252783,0.614917,-0.668397,0.759897,46.461,NE,1,0.908228,1,0.908228,1.776691,1.922269,2.070494,0.402226,10.860099,4.702212,0.312701,1.764526,1.037115,2.070494,-0.296270,-0.676839,-0.075136,0.742652,0.738841,-31.705002,-32.882000,3.971000,NaN,-1.350105,true,Self-supervised model,0.184804,5.943000,90.925217,15.299549,0.000000,0.000000,0.858100,2.787973,false,false
2026-04-17T14:47:40.260326,0.614917,-0.668397,0.758453,46.544,NE,1,0.908228,1,0.908228,1.835587,1.940802,2.144792,0.474052,10.797850,4.924873,0.372372,1.710990,1.238542,2.144792,-0.303600,-0.614530,-0.135001,0.698603,0.685435,-31.705002,-32.882000,3.971000,NaN,-1.349315,true,Self-supervised model,0.187441,5.950000,90.842509,15.267649,0.000000,0.000000,0.855834,3.070117,false,false
2026-04-17T14:47:40.269992,0.614917,-0.668397,0.757748,46.584,NE,1,0.908228,1,0.908228,1.903639,1.961315,2.260910,0.481235,10.764331,5.166687,0.374231,1.686322,1.458761,2.260910,-0.302378,-0.512516,-0.200364,0.627894,0.595067,-31.705002,-32.882000,3.971000,NaN,-1.347068,true,Self-supervised model,0.192199,5.960000,90.802091,15.235250,0.000000,0.000000,0.841979,3.600783,false,false
2026-04-17T14:47:40.276330,0.614917,-0.668397,0.757906,46.575,NE,1,0.908228,1,0.908228,1.976418,1.983919,2.358509,0.409408,10.721235,5.384560,0.305254,1.651837,1.655541,2.358509,-0.280998,-0.368963,-0.272446,0.537885,0.463782,-31.705002,-32.882000,3.971000,NaN,-1.343454,true,Self-supervised model,0.196527,5.966000,90.811162,15.221449,0.000000,0.000000,0.837995,4.384784,false,false
2026-04-17T14:47:40.285441,0.614917,-0.668397,0.759028,46.511,NE,1,0.908228,1,0.908228,2.038926,2.008120,2.367094,0.296881,10.656591,5.485116,0.205134,1.594924,1.737030,2.367094,-0.239459,-0.180205,-0.342695,0.455252,0.299691,-31.705002,-32.882000,3.971000,NaN,-1.338477,true,Self-supervised model,0.198142,5.976000,90.875451,15.206736,0.000000,0.000000,0.861363,5.199520,false,false
2026-04-17T14:47:40.292264,0.614917,-0.668397,0.761200,46.386,NE,1,0.908228,1,0.908228,2.078500,2.032935,2.286265,0.155623,10.563218,5.480328,0.087148,1.507993,1.716208,2.286265,-0.192423,0.007330,-0.404393,0.447899,0.192562,-31.705002,-32.882000,3.971000,NaN,-1.332106,true,Self-supervised model,0.195147,5.982000,90.999893,15.212286,0.000000,0.000000,0.909125,5.104418,false,false
2026-04-17T14:47:40.303257,0.614917,-0.668397,0.764490,46.198,NE,1,0.908228,1,0.908228,2.093634,2.057363,2.173085,-0.110133,10.491392,5.396531,-0.144606,1.441123,1.620047,2.173085,-0.135612,0.211359,-0.464868,0.528362,0.251124,-31.705002,-32.882000,3.971000,NaN,-1.324347,true,Self-supervised model,0.191486,5.993000,91.188353,15.215811,0.000000,0.000000,0.963439,4.112873,false,false
2026-04-17T14:47:40.308779,0.614917,-0.668397,0.768928,45.944,NE,1,0.908228,1,0.908228,2.090731,2.080697,2.075492,-0.452504,10.465055,5.233725,-0.443831,1.418196,1.448932,2.075492,-0.095295,0.330478,-0.493579,0.601596,0.343943,-31.705002,-32.882000,3.971000,NaN,-1.315313,true,Self-supervised model,0.182627,5.999000,91.442647,15.242982,0.000000,0.000000,1.007342,3.449980,false,false
2026-04-17T14:47:40.321729,0.614917,-0.668397,0.774472,45.626,NE,1,0.908228,1,0.908228,2.081650,2.102736,2.033973,-0.828394,10.472239,5.015852,-0.771387,1.427446,1.226541,2.033973,-0.050091,0.424551,-0.502131,0.659461,0.427496,-31.705002,-32.882000,3.971000,NaN,-1.305347,true,Self-supervised model,0.184312,6.012000,91.760286,15.262855,0.000000,0.000000,1.023440,3.084296,false,false
2026-04-17T14:47:40.324474,0.614917,-0.668397,0.780982,45.253,NE,1,0.908228,1,0.908228,2.077021,2.123707,2.052721,-1.115698,10.512939,4.807557,-1.010684,1.469289,1.016550,2.052721,-0.019548,0.421497,-0.463036,0.626454,0.421950,-31.198002,-34.293003,6.301000,NaN,-1.294972,true,Self-supervised model,0.160224,6.015000,92.133288,15.317255,0.000000,0.000000,1.011838,3.276734,false,false
2026-04-17T14:47:40.333247,0.614917,-0.668397,0.788181,44.841,NE,1,0.908228,1,0.908228,2.084968,2.144157,2.126691,-1.398214,10.556035,4.611232,-1.249453,1.513281,0.819551,2.126691,-0.014050,0.333532,-0.397673,0.519216,0.333828,-31.198002,-34.293003,6.301000,NaN,-1.285015,true,Self-supervised model,0.184054,6.023000,92.545782,15.365396,0.000000,0.000000,0.980381,4.095966,false,false
2026-04-17T14:47:40.341348,0.614917,-0.668397,0.795757,44.406,NE,1,0.908228,1,0.908228,2.108687,2.164739,2.233207,-1.596933,10.651803,4.424485,-1.412644,1.610049,0.631974,2.233207,-0.026878,0.195477,-0.314596,0.371354,0.197316,-31.198002,-34.293003,6.301000,NaN,-1.275935,true,Self-supervised model,0.188982,6.031000,92.979830,15.416984,0.000000,0.000000,0.944241,6.013682,false,false
2026-04-17T14:47:40.348323,0.614917,-0.668397,0.803341,43.972,NE,1,0.908228,1,0.908228,2.133696,2.185497,2.264992,-1.635240,10.723629,4.307169,-1.426136,1.683429,0.512245,2.264992,-0.056200,0.018937,-0.234572,0.241953,0.059304,-31.198002,-34.293003,6.301000,NaN,-1.268317,true,Self-supervised model,0.191360,6.038000,93.414361,15.471077,0.000000,0.000000,0.942032,9.361300,false,false
2026-04-17T14:47:40.356392,0.614917,-0.668397,0.810580,43.557,NE,1,0.908228,1,0.908228,2.138626,2.205622,2.164513,-1.565808,10.678140,4.237737,-1.342594,1.640410,0.437736,2.164513,-0.093462,-0.139277,-0.175929,0.243073,0.167730,-31.198002,-34.293003,6.301000,NaN,-1.262459,true,Self-supervised model,0.191364,6.046000,93.829119,15.519206,0.000000,0.000000,0.988040,8.904788,false,false
2026-04-17T14:47:40.364798,0.614917,-0.668397,0.817227,43.176,NE,1,0.908228,1,0.908228,2.086453,2.222855,1.812541,-1.259350,10.465055,4.225766,-1.031183,1.431048,0.417216,1.812541,-0.145386,-0.312763,-0.136834,0.371054,0.344903,-31.198002,-34.293003,6.301000,NaN,-1.258179,true,Self-supervised model,0.179052,6.055000,94.209965,15.559036,0.000000,0.000000,1.151120,4.884842,false,false
2026-04-17T14:47:40.372918,0.614917,-0.668397,0.823162,42.836,NE,1,0.908228,1,0.908228,1.962768,2.234452,1.313424,-0.871489,10.079589,4.273650,-0.644995,1.050862,0.452497,1.313424,-0.199753,-0.448986,-0.130725,0.508506,0.491416,-31.198002,-34.293003,6.301000,NaN,-1.255093,true,Self-supervised model,0.164658,6.063000,94.550007,15.594591,0.000000,0.000000,1.494390,2.582907,false,false
2026-04-17T14:47:40.380463,0.614917,-0.668397,0.828407,42.536,NE,1,0.908228,1,0.908228,1.785824,2.238507,0.856865,-0.507571,9.610326,4.390966,-0.286126,0.588552,0.553134,0.856865,-0.252287,-0.525344,-0.146608,0.600940,0.582782,-31.198002,-34.293003,6.301000,NaN,-1.252606,true,Self-supervised model,0.152798,6.071000,94.850546,15.623546,0.000000,0.000000,2.084136,1.425874,false,false
2026-04-17T14:47:40.388676,0.614917,-0.668397,0.833101,42.267,NE,1,0.908228,1,0.908228,1.613505,2.235507,0.708833,-0.294487,9.224859,4.529830,-0.078073,0.211484,0.672029,0.708833,-0.278555,-0.532064,-0.175318,0.625636,0.600570,-31.198002,-34.293003,6.301000,NaN,-1.250116,true,Self-supervised model,0.150538,6.079000,95.119508,15.647229,0.000000,0.000000,2.276285,1.132979,false,false
2026-04-17T14:47:40.397117,0.614917,-0.668397,0.837435,42.019,NE,1,0.908228,1,0.908228,1.478813,2.227239,0.771681,-0.155623,8.817844,4.625597,0.058818,-0.186437,0.746508,0.771681,-0.282220,-0.455095,-0.211359,0.575701,0.535499,-31.198002,-34.293003,6.301000,NaN,-1.247226,true,Self-supervised model,0.151349,6.087000,95.367797,15.667455,0.000000,0.000000,1.916353,1.340420,false,false
2026-04-17T14:47:40.405470,0.614917,-0.668397,0.841609,41.779,NE,1,0.908228,1,0.908228,1.402786,2.216261,1.003645,-0.174777,8.427590,4.726154,0.042907,-0.567736,0.826521,1.003645,-0.274889,-0.400728,-0.224798,0.535426,0.485949,-31.198002,-34.293003,6.301000,NaN,-1.243688,true,Self-supervised model,0.158465,6.096000,95.606970,15.683558,0.000000,0.000000,1.397692,1.874478,false,false
2026-04-17T14:47:40.412222,0.614917,-0.668397,0.845778,41.540,NE,1,0.908228,1,0.908228,1.364883,2.204206,1.165893,-0.282516,8.192958,4.769250,-0.055526,-0.794319,0.851635,1.165893,-0.218079,-0.189368,-0.238848,0.374790,0.288823,-31.198002,-34.293003,6.301000,NaN,-1.239539,true,Self-supervised model,0.165048,6.102000,95.845849,15.707284,0.000000,0.000000,1.170676,3.110794,false,false
2026-04-17T14:47:40.420720,0.614917,-0.668397,0.850024,41.297,NE,1,0.908228,1,0.908228,1.354732,2.192227,1.301436,-0.488417,8.034941,4.790798,-0.246478,-0.945864,0.859258,1.301436,-0.141721,0.020769,-0.223577,0.265523,0.143235,-31.198002,-34.293003,6.301000,NaN,-1.234986,true,Self-supervised model,0.173182,6.111000,96.089128,15.723961,0.000000,0.000000,1.040952,4.901397,false,false
2026-04-17T14:47:40.428563,0.614917,-0.668397,0.854333,41.050,NE,1,0.908228,1,0.908228,1.353493,2.180677,1.346992,-0.751779,7.977480,4.699818,-0.490836,-0.998713,0.758973,1.346992,-0.061087,0.199753,-0.185092,0.279091,0.208885,-31.198002,-34.293003,6.301000,NaN,-1.230428,true,Self-supervised model,0.173249,6.119000,96.335980,15.743746,0.000000,0.000000,1.004827,4.826351,false,false
2026-04-17T14:47:40.437259,0.614917,-0.668397,0.858629,40.804,NE,1,0.908228,1,0.908228,1.358315,2.169783,1.383627,-0.964863,7.943961,4.568137,-0.682298,-1.029794,0.623232,1.383627,0.023213,0.342085,-0.138666,0.369850,0.342871,-31.198002,-34.293003,6.301000,NaN,-1.226181,true,Self-supervised model,0.172593,6.127000,96.582128,15.763364,0.000000,0.000000,0.981706,3.741048,false,false
2026-04-17T14:47:40.444417,0.614917,-0.668397,0.862786,40.566,NE,1,0.908228,1,0.908228,1.361710,2.159460,1.379532,-1.096544,7.965509,4.455609,-0.790858,-1.007903,0.511648,1.379532,0.084299,0.409891,-0.111177,0.432986,0.418469,-31.198002,-34.293003,6.301000,NaN,-1.222580,true,Self-supervised model,0.170771,6.135000,96.820315,15.781632,0.000000,0.000000,0.987081,3.186087,false,false
2026-04-17T14:47:40.452546,0.614917,-0.668397,0.866723,40.340,NE,1,0.908228,1,0.908228,1.361087,2.149525,1.357821,-1.216254,8.010999,4.297592,-0.886916,-0.963655,0.358366,1.357821,0.135001,0.425162,-0.095295,0.456146,0.446081,-31.198002,-34.293003,6.301000,NaN,-1.219520,true,Self-supervised model,0.170691,6.143000,97.045922,15.797806,0.000000,0.000000,1.002405,2.976724,false,false
2026-04-17T14:47:40.460314,0.614917,-0.668397,0.870436,40.128,NE,1,0.908228,1,0.908228,1.361579,2.140007,1.364162,-1.319205,8.032547,4.120421,-0.966274,-0.944343,0.188336,1.364162,0.160658,0.383013,-0.094073,0.425863,0.415343,-31.198002,-34.293003,6.301000,NaN,-1.216706,true,Self-supervised model,0.171234,6.150000,97.258659,15.814416,0.000000,0.000000,0.998107,3.203290,false,false
2026-04-17T14:47:40.470494,0.614917,-0.668397,0.873989,39.924,NE,1,0.908228,1,0.908228,1.366891,2.131083,1.394777,-1.460463,8.075643,3.955221,-1.068525,-0.896334,0.015625,1.394777,0.163101,0.310930,-0.113010,0.368851,0.351112,-31.198002,-34.293003,6.301000,NaN,-1.213792,true,Self-supervised model,0.174758,6.161000,97.462234,15.819223,0.000000,0.000000,0.980007,3.781413,false,false
2026-04-17T14:47:40.481452,0.614917,-0.668397,0.878146,39.686,NE,1,0.908228,1,0.908228,1.384037,2.123201,1.474055,-1.601721,8.080431,3.835511,-1.171655,-0.887856,-0.108503,1.474055,0.154549,0.237627,-0.135612,0.314233,0.283464,-31.198002,-34.293003,6.301000,NaN,-1.207223,true,Self-supervised model,0.177682,6.172000,97.700371,15.829613,0.000000,0.000000,0.938932,4.690960,false,false
2026-04-17T14:47:40.485290,0.614917,-0.668397,0.882875,39.415,NE,1,0.908228,1,0.908228,1.410744,2.116703,1.550954,-1.707066,8.063671,3.711013,-1.239779,-0.901605,-0.235615,1.550954,0.126449,0.139888,-0.164323,0.250120,0.188568,-30.285002,-34.265003,7.553000,NaN,-1.200202,true,Self-supervised model,0.171967,6.175000,97.971342,15.865804,0.000000,0.000000,0.909598,6.200838,false,false
2026-04-17T14:47:40.492502,0.614917,-0.668397,0.888172,39.112,NE,1,0.908228,1,0.908228,1.445982,2.111874,1.630981,-1.783680,8.020576,3.651158,-1.296499,-0.946198,-0.289656,1.630981,0.089797,0.068417,-0.188147,0.219416,0.112891,-30.285002,-34.265003,7.553000,NaN,-1.192635,true,Self-supervised model,0.181814,6.183000,98.274825,15.894360,0.000000,0.000000,0.886572,7.433273,false,false
2026-04-17T14:47:40.504258,0.614917,-0.668397,0.893325,38.816,NE,1,0.908228,1,0.908228,1.490705,2.109027,1.725502,-1.821988,7.893683,3.632004,-1.316118,-1.072758,-0.307213,1.725502,-0.001833,-0.047647,-0.218079,0.223231,0.047683,-30.285002,-34.265003,7.553000,NaN,-1.188057,true,Self-supervised model,0.186566,6.194000,98.570071,15.913799,0.000000,0.000000,0.863925,7.729673,false,false
2026-04-17T14:47:40.508770,0.614917,-0.668397,0.898433,38.524,NE,1,0.908228,1,0.908228,1.544229,2.108435,1.825233,-1.843535,7.730877,3.682282,-1.320340,-1.233020,-0.260458,1.825233,-0.069028,-0.100182,-0.229074,0.259377,0.121660,-30.285002,-34.265003,7.553000,NaN,-1.183131,true,Self-supervised model,0.180227,6.199000,98.862720,15.948172,0.000000,0.000000,0.846045,7.036991,false,false
2026-04-17T14:47:40.516401,0.614917,-0.668397,0.903529,38.232,NE,1,0.908228,1,0.908228,1.599728,2.110087,1.891096,-1.817199,7.577648,3.763685,-1.277737,-1.381436,-0.187791,1.891096,-0.145997,-0.124617,-0.235794,0.304045,0.191949,-30.285002,-34.265003,7.553000,NaN,-1.178077,true,Self-supervised model,0.184489,6.206000,99.154747,15.977239,0.000000,0.000000,0.845927,6.219797,false,false
2026-04-17T14:47:40.524559,0.614917,-0.668397,0.908601,37.941,NE,1,0.908228,1,0.908228,1.654621,2.113868,1.942806,-1.762132,7.433996,3.849876,-1.206892,-1.518101,-0.115230,1.942806,-0.210138,-0.091630,-0.238848,0.331062,0.229246,-30.285002,-34.265003,7.553000,NaN,-1.173105,true,Self-supervised model,0.185463,6.215000,99.445350,16.000861,0.000000,0.000000,0.851665,5.868398,false,false
2026-04-17T14:47:40.533417,0.614917,-0.668397,0.913596,37.655,NE,1,0.908228,1,0.908228,1.716961,2.119992,2.044249,-1.733402,7.261614,3.933673,-1.161202,-1.681721,-0.048760,2.044249,-0.258396,-0.005498,-0.241292,0.353582,0.258454,-30.285002,-34.265003,7.553000,NaN,-1.168417,true,Self-supervised model,0.186849,6.224000,99.731544,16.023706,0.000000,0.000000,0.839898,5.781536,false,false
2026-04-17T14:47:40.541478,0.614917,-0.668397,0.918473,37.375,NE,1,0.908228,1,0.908228,1.774934,2.128190,2.079295,-1.707066,7.175423,4.053383,-1.111004,-1.756889,0.049771,2.079295,-0.282220,0.078191,-0.241292,0.379452,0.292851,-30.285002,-34.265003,7.553000,NaN,-1.164017,true,Self-supervised model,0.186762,6.232000,100.010928,16.047967,0.000000,0.000000,0.853623,5.479737,false,false
2026-04-17T14:47:40.548222,0.614917,-0.668397,0.923394,37.093,NE,1,0.908228,1,0.908228,1.834036,2.138423,2.144319,-1.766921,7.113173,4.132392,-1.147672,-1.808129,0.107809,2.144319,-0.295048,0.171042,-0.226020,0.409138,0.341041,-30.285002,-34.265003,7.553000,NaN,-1.158914,true,Self-supervised model,0.185052,6.238000,100.292909,16.077735,0.000000,0.000000,0.855300,5.241067,false,false
2026-04-17T14:47:40.556691,0.614917,-0.668397,0.928173,36.820,NE,1,0.908228,1,0.908228,1.882994,2.150206,2.140026,-1.845930,7.151481,4.228160,-1.204644,-1.759216,0.183579,2.140026,-0.289550,0.240681,-0.200975,0.426799,0.376519,-30.285002,-34.265003,7.553000,NaN,-1.154704,true,Self-supervised model,0.186118,6.247000,100.566735,16.098405,0.000000,0.000000,0.879893,5.014130,false,false
2026-04-17T14:47:40.564739,0.614917,-0.668397,0.932653,36.563,NE,1,0.908228,1,0.908228,1.917451,2.162896,2.098349,-1.939303,7.244854,4.247314,-1.276092,-1.655571,0.183696,2.098349,-0.273668,0.282220,-0.167988,0.427507,0.393118,-30.285002,-34.265003,7.553000,NaN,-1.151424,true,Self-supervised model,0.185296,6.255000,100.823383,16.118846,0.000000,0.000000,0.913790,4.908343,false,false
2026-04-17T14:47:40.575099,0.614917,-0.668397,0.936782,36.326,NE,1,0.908228,1,0.908228,1.934888,2.175776,2.026432,-1.972822,7.335834,4.244920,-1.288959,-1.555044,0.163862,2.026432,-0.253509,0.295048,-0.139888,0.413387,0.388999,-30.285002,-34.265003,7.553000,NaN,-1.148695,true,Self-supervised model,0.185246,6.265000,101.059978,16.130882,0.000000,0.000000,0.954825,4.902022,false,false
2026-04-17T14:47:40.580238,0.614917,-0.668397,0.940513,36.113,NE,1,0.908228,1,0.908228,1.931453,2.188003,1.913420,-1.972822,7.457938,4.232949,-1.270447,-1.424284,0.136218,1.913420,-0.229685,0.295048,-0.103236,0.387900,0.373910,-30.285002,-34.265003,7.553000,NaN,-1.146555,true,Self-supervised model,0.180409,6.270000,101.273774,16.152117,0.000000,0.000000,1.009424,4.932768,false,false
2026-04-17T14:47:40.588567,0.614917,-0.668397,0.943810,35.924,NE,1,0.908228,1,0.908228,1.911491,2.198942,1.806687,-1.896208,7.505822,4.168305,-1.177915,-1.368690,0.057650,1.806687,-0.202807,0.280998,-0.072082,0.353958,0.346541,-30.285002,-34.265003,7.553000,NaN,-1.144996,true,Self-supervised model,0.181614,6.279000,101.462674,16.159050,0.000000,0.000000,1.058009,5.104236,false,false
2026-04-17T14:47:40.596696,0.614917,-0.668397,0.946644,35.761,NE,1,0.908228,1,0.908228,1.875134,2.207990,1.684262,-1.805228,7.570466,4.165911,-1.073296,-1.297274,0.043063,1.684262,-0.183260,0.264505,-0.057421,0.326870,0.321787,-30.285002,-34.265003,7.553000,NaN,-1.144018,true,Self-supervised model,0.179843,6.287000,101.625006,16.164308,0.000000,0.000000,1.113327,5.152697,false,false
2026-04-17T14:47:40.605305,0.614917,-0.668397,0.949022,35.625,NE,1,0.908228,1,0.908228,1.827474,2.214769,1.577259,-1.695095,7.603985,4.168305,-0.951021,-1.257811,0.034864,1.577259,-0.156382,0.244346,-0.049480,0.294293,0.290104,-30.285002,-34.265003,7.553000,NaN,-1.143457,true,Self-supervised model,0.178500,6.295000,101.761297,16.165417,0.000000,0.000000,1.158639,5.359481,false,false
2026-04-17T14:47:40.612249,0.614917,-0.668397,0.951005,35.511,NE,1,0.908228,1,0.908228,1.777212,2.219267,1.513337,-1.618480,7.613562,4.137180,-0.862935,-1.243184,-0.004994,1.513337,-0.123395,0.241292,-0.051313,0.275828,0.271013,-30.285002,-34.265003,7.553000,NaN,-1.143057,true,Self-supervised model,0.177144,6.302000,101.874911,16.165489,0.000000,0.000000,1.174366,5.486527,false,false
2026-04-17T14:47:40.620510,0.614917,-0.668397,0.952676,35.416,NE,1,0.908228,1,0.908228,1.723212,2.221425,1.439711,-1.498770,7.613562,4.096479,-0.731200,-1.239108,-0.052192,1.439711,-0.092241,0.255342,-0.061087,0.278279,0.271492,-30.285002,-34.265003,7.553000,NaN,-1.142636,true,Self-supervised model,0.176289,6.311000,101.970632,16.157603,0.000000,0.000000,1.196915,5.173620,false,false
2026-04-17T14:47:40.628667,0.614917,-0.668397,0.954136,35.332,NE,1,0.908228,1,0.908228,1.673639,2.221513,1.413384,-1.505953,7.642292,4.031836,-0.724961,-1.207245,-0.121013,1.413384,-0.065363,0.277333,-0.074526,0.294516,0.284931,-30.285002,-34.265003,7.553000,NaN,-1.142020,true,Self-supervised model,0.175629,6.319000,102.054268,16.150383,0.000000,0.000000,1.184137,4.799000,false,false
2026-04-17T14:47:40.642350,0.614917,-0.668397,0.955489,35.255,NE,1,0.908228,1,0.908228,1.625087,2.219656,1.370188,-1.517924,7.699753,3.955221,-0.721721,-1.147455,-0.199699,1.370188,-0.041539,0.306043,-0.086743,0.320800,0.308850,-30.285002,-34.265003,7.553000,NaN,-1.141093,true,Self-supervised model,0.174803,6.332000,102.131790,16.129468,0.000000,0.000000,1.186032,4.271163,false,false
2026-04-17T14:47:40.644303,0.614917,-0.668397,0.956821,35.178,NE,1,0.908228,1,0.908228,1.583906,2.216226,1.367708,-1.606509,7.766790,3.876213,-0.793185,-1.078722,-0.279003,1.367708,-0.028100,0.339030,-0.089797,0.351845,0.340193,-26.049002,-35.927002,5.215000,NaN,-1.139845,true,Self-supervised model,0.164625,6.334000,102.208116,16.136425,0.000000,0.000000,1.158073,3.887251,false,false
2026-04-17T14:47:40.652782,0.614917,-0.668397,0.958191,35.100,NE,1,0.908228,1,0.908228,1.548648,2.211523,1.363543,-1.687912,7.850587,3.782839,-0.856685,-0.993535,-0.371794,1.363543,-0.020159,0.363465,-0.086743,0.374216,0.364023,-26.049002,-35.927002,5.215000,NaN,-1.138321,true,Self-supervised model,0.173457,6.343000,102.286642,16.125909,0.000000,0.000000,1.135753,3.643737,false,false
2026-04-17T14:47:40.660594,0.614917,-0.668397,0.959596,35.019,NE,1,0.908228,1,0.908228,1.515485,2.205682,1.341376,-1.723825,7.910442,3.746926,-0.874346,-0.932420,-0.406696,1.341376,-0.025045,0.380569,-0.080634,0.389823,0.381392,-26.049002,-35.927002,5.215000,NaN,-1.136780,true,Self-supervised model,0.172494,6.351000,102.367121,16.118268,0.000000,0.000000,1.129799,3.440987,false,false
2026-04-17T14:47:40.669817,0.614917,-0.668397,0.961010,34.938,NE,1,0.908228,1,0.908228,1.485390,2.198870,1.327393,-1.757344,7.958326,3.715801,-0.889421,-0.882988,-0.437303,1.327393,-0.037263,0.383013,-0.064752,0.390231,0.384821,-26.049002,-35.927002,5.215000,NaN,-1.135330,true,Self-supervised model,0.172595,6.360000,102.448116,16.108194,0.000000,0.000000,1.119028,3.401561,false,false
2026-04-17T14:47:40.676760,0.614917,-0.668397,0.962408,34.858,NE,1,0.908228,1,0.908228,1.454148,2.191081,1.290130,-1.824382,8.073248,3.708618,-0.937902,-0.765925,-0.445122,1.290130,-0.048869,0.381180,-0.048258,0.387318,0.384300,-26.049002,-35.927002,5.215000,NaN,-1.133991,true,Self-supervised model,0.171176,6.367000,102.528257,16.103072,0.000000,0.000000,1.127133,3.330933,false,false
2026-04-17T14:47:40.685587,0.614917,-0.668397,0.963776,34.780,NE,1,0.908228,1,0.908228,1.421790,2.182310,1.251909,-1.862689,8.161834,3.713407,-0.957479,-0.674687,-0.441934,1.251909,-0.059254,0.380569,-0.025045,0.385968,0.385154,-26.049002,-35.927002,5.215000,NaN,-1.132745,true,Self-supervised model,0.170819,6.376000,102.606642,16.092635,0.000000,0.000000,1.135698,3.243558,false,false
2026-04-17T14:47:40.692238,0.614917,-0.668397,0.965101,34.704,NE,1,0.908228,1,0.908228,1.390950,2.172655,1.229043,-1.924938,8.245630,3.754108,-1.001059,-0.587906,-0.403476,1.229043,-0.065363,0.373850,0.002443,0.379528,0.379520,-26.049002,-35.927002,5.215000,NaN,-1.131595,true,Self-supervised model,0.170111,6.382000,102.682527,16.089396,0.000000,0.000000,1.131735,3.238342,false,false
2026-04-17T14:47:40.706286,0.614917,-0.668397,0.966366,34.631,NE,1,0.908228,1,0.908228,1.348912,2.161705,1.128209,-1.924938,8.382100,3.833117,-0.982324,-0.448204,-0.327121,1.128209,-0.072693,0.366519,0.036652,0.375452,0.373658,-26.049002,-35.927002,5.215000,NaN,-1.130565,true,Self-supervised model,0.168613,6.396000,102.755042,16.065516,0.000000,0.000000,1.195622,3.004939,false,false
2026-04-17T14:47:40.708754,0.614917,-0.668397,0.967567,34.562,NE,1,0.908228,1,0.908228,1.300996,2.149277,1.049441,-1.924938,8.506598,3.897760,-0.963467,-0.320237,-0.265526,1.049441,-0.079412,0.349415,0.069639,0.365030,0.358325,-26.049002,-35.927002,5.215000,NaN,-1.129624,true,Self-supervised model,0.162913,6.399000,102.823840,16.068736,0.000000,0.000000,1.239705,2.874946,false,false
2026-04-17T14:47:40.716559,0.614917,-0.668397,0.968709,34.497,NE,1,0.908228,1,0.908228,1.243446,2.135044,0.941309,-1.879448,8.590396,4.012682,-0.898988,-0.232767,-0.153957,0.941309,-0.081245,0.326813,0.094684,0.349818,0.336760,-26.049002,-35.927002,5.215000,NaN,-1.128718,true,Self-supervised model,0.163460,6.407000,102.889253,16.058881,0.000000,0.000000,1.320976,2.690855,false,false
2026-04-17T14:47:40.724538,0.614917,-0.668397,0.969810,34.434,NE,1,0.908228,1,0.908228,1.179045,2.118804,0.840934,-1.819593,8.638280,4.134786,-0.820433,-0.181137,-0.035342,0.840934,-0.078802,0.295659,0.120951,0.329018,0.305980,-26.049002,-35.927002,5.215000,NaN,-1.127780,true,Self-supervised model,0.160992,6.415000,102.952340,16.048689,0.000000,0.000000,1.402065,2.555890,false,false
2026-04-17T14:47:40.732389,0.614917,-0.668397,0.970884,34.372,NE,1,0.908228,1,0.908228,1.104850,2.100246,0.715331,-1.719037,8.710106,4.261679,-0.702011,-0.105564,0.087950,0.715331,-0.070860,0.255342,0.149051,0.304034,0.264992,-26.049002,-35.927002,5.215000,NaN,-1.126812,true,Self-supervised model,0.157560,6.422000,103.013903,16.040782,0.000000,0.000000,1.544530,2.352798,false,false
2026-04-17T14:47:40.740774,0.614917,-0.668397,0.971931,34.312,NE,1,0.908228,1,0.908228,1.029334,2.079409,0.632874,-1.611298,8.870518,4.429273,-0.577648,0.058534,0.251845,0.632874,-0.058643,0.214414,0.180205,0.286158,0.222289,-26.049002,-35.927002,5.215000,NaN,-1.125874,true,Self-supervised model,0.155675,6.431000,103.073895,16.027662,0.000000,0.000000,1.626444,2.211627,false,false
2026-04-17T14:47:40.748371,0.614917,-0.668397,0.972940,34.255,NE,1,0.908228,1,0.908228,0.971071,2.057076,0.665192,-1.527501,9.009381,4.596867,-0.478851,0.200946,0.415696,0.665192,-0.036652,0.183260,0.208305,0.279854,0.186889,-26.049002,-35.927002,5.215000,NaN,-1.125021,true,Self-supervised model,0.157881,6.438000,103.131663,16.019208,0.000000,0.000000,1.459836,2.376922,false,false
2026-04-17T14:47:40.756623,0.614917,-0.668397,0.973886,34.200,NE,1,0.908228,1,0.908228,0.933056,2.034115,0.733476,-1.426944,9.126697,4.733337,-0.365301,0.321384,0.548867,0.733476,-0.004887,0.158825,0.231518,0.280802,0.158900,-26.049002,-35.927002,5.215000,NaN,-1.124325,true,Self-supervised model,0.161811,6.447000,103.185861,16.005252,0.000000,0.000000,1.272101,2.612076,false,false
2026-04-17T14:47:40.764330,0.614917,-0.668397,0.974732,34.152,NE,1,0.908228,1,0.908228,0.922797,2.011662,0.868937,-1.302446,9.275137,4.879383,-0.230122,0.472520,0.691968,0.868937,0.032376,0.114843,0.247400,0.274671,0.119319,-26.049002,-35.927002,5.215000,NaN,-1.123876,true,Self-supervised model,0.167878,6.454000,103.234360,15.995408,0.000000,0.000000,1.061984,3.163559,false,false
2026-04-17T14:47:40.772761,0.614917,-0.668397,0.975444,34.111,NE,1,0.908228,1,0.908228,0.942699,1.990904,1.047184,-1.173159,9.452309,5.003881,-0.096100,0.651261,0.814382,1.047184,0.064752,0.069028,0.254120,0.271173,0.094645,-26.049002,-35.927002,5.215000,NaN,-1.123705,true,Self-supervised model,0.174402,6.463000,103.275122,15.979440,0.000000,0.000000,0.900223,3.861688,false,false
2026-04-17T14:47:40.780267,0.614917,-0.668397,0.975875,34.086,NE,1,0.908228,1,0.908228,0.985800,1.972700,1.212080,-1.051055,9.593566,5.106832,0.023388,0.792415,0.916880,1.212080,0.089797,0.034819,0.249844,0.267765,0.096312,-26.049002,-35.927002,5.215000,NaN,-1.124392,true,Self-supervised model,0.179189,6.470000,103.299853,15.965974,0.000000,0.000000,0.813313,4.526661,false,false
2026-04-17T14:47:40.788916,0.614917,-0.668397,0.975875,34.086,NE,1,0.908228,1,0.908228,1.042941,1.957509,1.342931,-0.794875,9.684546,5.164293,0.271417,0.881621,0.975982,1.342931,0.124617,-0.009163,0.227242,0.259330,0.124953,-26.049002,-35.927002,5.215000,NaN,-1.126119,true,Self-supervised model,0.182740,6.479000,103.299857,15.943796,0.000000,0.000000,0.776615,5.178462,false,false
2026-04-17T14:47:40.805917,0.614917,-0.668397,0.975402,34.114,NE,1,0.908228,1,0.908228,1.103053,1.945331,1.418642,-0.593762,9.696517,5.188235,0.461219,0.890629,1.003296,1.418642,0.139277,-0.034208,0.200975,0.246899,0.143417,-26.049002,-35.927002,5.215000,NaN,-1.128485,true,Self-supervised model,0.184270,6.496000,103.272746,15.897898,0.000000,0.000000,0.777541,5.745836,false,false
2026-04-17T14:47:40.806131,0.614917,-0.668397,0.974512,34.165,NE,1,0.908228,1,0.908228,1.174702,1.936506,1.550861,-0.593762,9.696517,5.188235,0.677114,0.903865,1.062880,1.550861,0.141721,-0.042761,0.186925,0.238441,0.148031,-21.408001,-37.998001,4.029000,NaN,-1.131043,true,Self-supervised model,0.187214,6.496000,103.221746,15.890047,0.000000,0.000000,0.757452,6.504169,false,false
2026-04-17T14:47:40.812307,0.614917,-0.668397,0.973377,34.230,NE,1,0.908228,1,0.908228,1.250321,1.931058,1.647319,-0.227449,9.730036,5.281609,0.805281,0.916760,1.106677,1.647319,0.158214,-0.072082,0.085521,0.193756,0.173861,-21.408001,-37.998001,4.029000,NaN,-1.133155,true,Self-supervised model,0.189237,6.502000,103.156737,15.865386,0.000000,0.000000,0.759004,8.502027,false,false
2026-04-17T14:47:40.820544,0.614917,-0.668397,0.972142,34.300,NE,1,0.908228,1,0.908228,1.315034,1.928417,1.654778,-0.143652,9.706094,5.250484,0.881522,0.888754,1.082278,1.654778,0.169210,-0.062919,0.004276,0.180580,0.180529,-21.408001,-37.998001,4.029000,NaN,-1.134793,true,Self-supervised model,0.190075,6.511000,103.085961,15.832585,0.000000,0.000000,0.794689,9.163703,false,false
2026-04-17T14:47:40.828591,0.614917,-0.668397,0.971013,34.365,NE,1,0.908228,1,0.908228,1.369309,1.928053,1.654253,-0.167594,9.744401,5.233725,0.855414,0.922889,1.073823,1.654253,0.178373,-0.046426,-0.072082,0.197909,0.184315,-21.408001,-37.998001,4.029000,NaN,-1.135498,true,Self-supervised model,0.189260,6.519000,103.021260,15.803231,0.000000,0.000000,0.827751,8.358656,false,false
2026-04-17T14:47:40.837194,0.614917,-0.668397,0.970232,34.410,NE,1,0.908228,1,0.908228,1.410658,1.929357,1.627740,-0.265756,9.806650,5.202600,0.761030,0.980831,1.052778,1.627740,0.186314,-0.023824,-0.139888,0.234199,0.187831,-21.408001,-37.998001,4.029000,NaN,-1.134888,true,Self-supervised model,0.187606,6.527000,102.976497,15.777003,0.000000,0.000000,0.866636,6.950245,false,false
2026-04-17T14:47:40.844472,0.614917,-0.668397,0.970012,34.422,NE,1,0.908228,1,0.908228,1.451185,1.932230,1.663950,-0.378284,9.935937,5.193024,0.658146,1.105723,1.054964,1.663950,0.185092,-0.016493,-0.193644,0.268383,0.185826,-21.408001,-37.998001,4.029000,NaN,-1.132858,true,Self-supervised model,0.187972,6.535000,102.963940,15.755767,0.000000,0.000000,0.872133,6.199915,false,false
2026-04-17T14:47:40.852535,0.614917,-0.668397,0.970521,34.393,NE,1,0.908228,1,0.908228,1.496193,1.936789,1.732484,-0.555455,10.072407,5.231331,0.495545,1.237892,1.106146,1.732484,0.182649,-0.022602,-0.241903,0.303954,0.184042,-21.408001,-37.998001,4.029000,NaN,-1.129437,true,Self-supervised model,0.188270,6.543000,102.993100,15.740960,0.000000,0.000000,0.863611,5.699816,false,false
2026-04-17T14:47:40.860719,0.614917,-0.668397,0.971860,34.316,NE,1,0.908228,1,0.908228,1.540314,1.942930,1.771954,-0.746991,10.139444,5.272032,0.320818,1.301161,1.159257,1.771954,0.178984,-0.054978,-0.268170,0.327067,0.187237,-21.408001,-37.998001,4.029000,NaN,-1.124777,true,Self-supervised model,0.187571,6.551000,103.069830,15.733450,0.000000,0.000000,0.869275,5.417711,false,false
2026-04-17T14:47:40.870354,0.614917,-0.668397,0.974001,34.194,NE,1,0.908228,1,0.908228,1.599992,1.951212,1.913300,-0.962469,10.237606,5.403713,0.122209,1.395844,1.302845,1.913300,0.175929,-0.113621,-0.272446,0.343639,0.209430,-21.408001,-37.998001,4.029000,NaN,-1.119430,true,Self-supervised model,0.189185,6.560000,103.192479,15.730561,0.000000,0.000000,0.836247,5.567767,false,false
2026-04-17T14:47:40.876721,0.614917,-0.668397,0.976853,34.030,NE,1,0.908228,1,0.908228,1.661604,1.961628,1.985064,-1.086968,10.237606,5.504270,0.011811,1.392258,1.414906,1.985064,0.186314,-0.185703,-0.243124,0.358201,0.263056,-21.408001,-37.998001,4.029000,NaN,-1.113732,true,Self-supervised model,0.187766,6.567000,103.355894,15.738677,0.000000,0.000000,0.837053,5.541761,false,false
2026-04-17T14:47:40.884971,0.614917,-0.668397,0.980250,33.836,NE,1,0.908228,1,0.908228,1.731659,1.974429,2.099451,-1.154005,10.266336,5.626374,-0.046691,1.416623,1.548772,2.099451,0.208305,-0.290772,-0.186314,0.403302,0.357686,-21.408001,-37.998001,4.029000,NaN,-1.108157,true,Self-supervised model,0.188640,6.575000,103.550515,15.749128,0.000000,0.000000,0.824815,5.205661,false,false
2026-04-17T14:47:40.892454,0.614917,-0.668397,0.983958,33.623,NE,1,0.908228,1,0.908228,1.804725,1.989641,2.188321,-1.180341,10.268731,5.734113,-0.072491,1.413254,1.669193,2.188321,0.244346,-0.404393,-0.108734,0.484832,0.472481,-21.408001,-37.998001,4.029000,NaN,-1.103205,true,Self-supervised model,0.187046,6.583000,103.762953,15.762259,0.000000,0.000000,0.824708,4.513569,false,false
2026-04-17T14:47:40.903029,0.614917,-0.668397,0.987715,33.408,NE,1,0.908228,1,0.908228,1.885237,2.007465,2.307925,-1.142034,10.338163,5.825093,-0.043121,1.474977,1.774571,2.307925,0.288328,-0.522901,-0.023824,0.597600,0.597125,-21.408001,-37.998001,4.029000,NaN,-1.099251,true,Self-supervised model,0.187752,6.593000,103.978214,15.771002,0.000000,0.000000,0.816854,3.861990,false,false
2026-04-17T14:47:40.908821,0.614917,-0.668397,0.991259,33.205,NE,1,0.908228,1,0.908228,1.965640,2.027792,2.387757,-1.060631,10.409989,5.861006,0.019963,1.536899,1.827273,2.387757,0.334754,-0.615141,0.050702,0.702161,0.700328,-21.408001,-37.998001,4.029000,NaN,-1.096558,true,Self-supervised model,0.183947,6.599000,104.181284,15.787435,0.000000,0.000000,0.823216,3.400584,false,false
2026-04-17T14:47:40.916493,0.614917,-0.668397,0.994377,33.026,NE,1,0.908228,1,0.908228,2.041278,2.050331,2.438376,-0.842759,10.460267,5.863400,0.211380,1.575070,1.849364,2.438376,0.390954,-0.701884,0.113621,0.811416,0.803422,-21.408001,-37.998001,4.029000,NaN,-1.095145,true,Self-supervised model,0.184817,6.607000,104.359931,15.795358,0.000000,0.000000,0.837147,3.005087,false,false
2026-04-17T14:47:40.924462,0.614917,-0.668397,0.996938,32.880,NE,1,0.908228,1,0.908228,2.107279,2.074609,2.453785,-0.562637,10.474632,5.815516,0.458838,1.575206,1.824625,2.453785,0.445321,-0.775188,0.155771,0.907464,0.893995,-21.408001,-37.998001,4.029000,NaN,-1.094814,true,Self-supervised model,0.183844,6.615000,104.506640,15.798434,0.000000,0.000000,0.858787,2.704002,false,false
2026-04-17T14:47:40.932841,0.614917,-0.668397,0.998896,32.767,NE,1,0.908228,1,0.908228,2.157650,2.099931,2.422097,-0.265756,10.465055,5.681441,0.719094,1.549731,1.716913,2.422097,0.486860,-0.825279,0.164323,0.972173,0.958185,-21.408001,-37.998001,4.029000,NaN,-1.095263,true,Self-supervised model,0.183019,6.623000,104.618866,15.796296,0.000000,0.000000,0.890819,2.491427,false,false
2026-04-17T14:47:40.941075,0.614917,-0.668397,1.000298,32.687,NE,1,0.908228,1,0.908228,2.192555,2.125636,2.375804,-0.014365,10.448297,5.509058,0.932857,1.516118,1.573406,2.375804,0.502742,-0.836885,0.151495,0.987966,0.976282,-21.408001,-37.998001,4.029000,NaN,-1.096090,true,Self-supervised model,0.182280,6.631000,104.699164,15.789348,0.000000,0.000000,0.922869,2.404742,false,false
2026-04-17T14:47:40.948166,0.614917,-0.668397,1.001272,32.631,NE,1,0.908228,1,0.908228,2.203103,2.150735,2.258479,0.251391,10.424355,5.159505,1.162815,1.475322,1.253801,2.258479,0.498466,-0.806953,0.112399,0.955131,0.948494,-21.408001,-37.998001,4.029000,NaN,-1.096826,true,Self-supervised model,0.180849,6.638000,104.754972,15.781104,0.000000,0.000000,0.975480,2.364576,false,false
2026-04-17T14:47:40.961409,0.614917,-0.668397,1.001986,32.590,NE,1,0.908228,1,0.908228,2.198366,2.174640,2.173498,0.469264,10.417171,4.766856,1.349792,1.452306,0.890486,2.173498,0.458760,-0.731206,0.048869,0.864587,0.863205,-21.408001,-37.998001,4.029000,NaN,-1.097153,true,Self-supervised model,0.181268,6.651000,104.795869,15.756408,0.000000,0.000000,1.011441,2.513915,false,false
2026-04-17T14:47:40.964498,0.614917,-0.668397,1.002636,32.553,NE,1,0.908228,1,0.908228,2.189721,2.197243,2.144335,0.646434,10.390836,4.431667,1.504898,1.412734,0.581066,2.144335,0.404393,-0.665843,-0.012217,0.779121,0.779025,-22.531000,-37.149002,3.634000,NaN,-1.096755,true,Self-supervised model,0.180512,6.655000,104.833147,15.752539,0.000000,0.000000,1.021166,2.752248,false,false
2026-04-17T14:47:40.972875,0.614917,-0.668397,1.003487,32.504,NE,1,0.908228,1,0.908228,2.187022,2.218834,2.172854,0.845153,10.316615,4.149151,1.689599,1.328472,0.318928,2.172854,0.268781,-0.574824,-0.125227,0.646798,0.634560,-22.531000,-37.149002,3.634000,NaN,-1.095105,true,Self-supervised model,0.183974,6.663000,104.881883,15.740940,0.000000,0.000000,1.006520,3.359401,false,false
2026-04-17T14:47:40.980454,0.614917,-0.668397,1.004723,32.434,NE,1,0.908228,1,0.908228,2.194508,2.239861,2.233808,0.974440,10.283096,4.010288,1.813849,1.289656,0.191411,2.233808,0.114232,-0.543670,-0.237627,0.604229,0.555541,-22.531000,-37.149002,3.634000,NaN,-1.092325,true,Self-supervised model,0.185221,6.671000,104.952721,15.732682,0.000000,0.000000,0.982407,3.696957,false,false
2026-04-17T14:47:40.989117,0.614917,-0.668397,1.006549,32.329,NE,1,0.908228,1,0.908228,2.201316,2.260319,2.237058,1.048660,10.165780,4.046201,1.891505,1.172523,0.227648,2.237058,-0.053145,-0.567494,-0.360410,0.674366,0.569977,-22.531000,-37.149002,3.634000,NaN,-1.088139,true,Self-supervised model,0.183901,6.679000,105.057363,15.729505,0.000000,0.000000,0.984023,3.317276,false,false
2026-04-17T14:47:40.996923,0.614917,-0.668397,1.009154,32.180,NE,1,0.908228,1,0.908228,2.201420,2.279963,2.201966,1.031901,10.060435,4.206613,1.885552,1.073172,0.376367,2.201966,-0.197920,-0.620639,-0.463036,0.799229,0.651433,-22.531000,-37.149002,3.634000,NaN,-1.082420,true,Self-supervised model,0.180336,6.687000,105.206616,15.733007,0.000000,0.000000,0.999752,2.755112,false,false
2026-04-17T14:47:41.005357,0.614917,-0.668397,1.012705,31.976,NE,1,0.908228,1,0.908228,2.185740,2.298194,2.103422,0.881066,9.895236,4.570531,1.750683,0.919478,0.716972,2.103422,-0.351248,-0.730595,-0.562607,0.986747,0.810644,-22.531000,-37.149002,3.634000,NaN,-1.075089,true,Self-supervised model,0.175380,6.695000,105.410025,15.744589,0.000000,0.000000,1.039136,2.131672,false,false
2026-04-17T14:47:41.012394,0.614917,-0.668397,1.017278,31.714,NE,1,0.908228,1,0.908228,2.173329,2.315200,2.108171,0.699107,9.696517,5.063736,1.586838,0.737345,1.175863,2.108171,-0.464868,-0.869872,-0.628580,1.169570,0.986296,-22.531000,-37.149002,3.634000,NaN,-1.066420,true,Self-supervised model,0.170890,6.702000,105.672088,15.767247,0.000000,0.000000,1.030907,1.802519,false,false
2026-04-17T14:47:41.020677,0.614917,-0.668397,1.022862,31.394,NE,1,0.908228,1,0.908228,2.184534,2.331973,2.243360,0.560243,9.442732,5.552154,1.465441,0.503703,1.622168,2.243360,-0.532674,-0.985937,-0.662789,1.301961,1.120631,-22.531000,-37.149002,3.634000,NaN,-1.056798,true,Self-supervised model,0.170352,6.711000,105.991995,15.793771,0.000000,0.000000,0.973778,1.723063,false,false
2026-04-17T14:47:41.028330,0.614917,-0.668397,1.029354,31.022,NE,1,0.908228,1,0.908228,2.229569,2.349877,2.466003,0.529119,9.169792,5.954380,1.449982,0.252636,1.978611,2.466003,-0.541227,-1.036638,-0.670730,1.348119,1.169421,-22.531000,-37.149002,3.634000,NaN,-1.046672,true,Self-supervised model,0.170421,6.718000,106.363957,15.832682,0.000000,0.000000,0.904122,1.829218,false,false
2026-04-17T14:47:41.037271,0.614917,-0.668397,1.036590,30.608,NE,1,0.908228,1,0.908228,2.315020,2.370483,2.763639,0.553061,8.781932,6.347029,1.488229,-0.113388,2.325944,2.763639,-0.497855,-1.050688,-0.669508,1.341658,1.162672,-22.531000,-37.149002,3.634000,NaN,-1.036457,true,Self-supervised model,0.174144,6.727000,106.778585,15.873136,0.000000,0.000000,0.837671,2.059868,false,false
2026-04-17T14:47:41.044500,0.614917,-0.668397,1.044428,30.159,NE,1,0.908228,1,0.908228,2.425762,2.394694,3.007154,0.588974,8.355764,6.593631,1.537931,-0.519379,2.531401,3.007154,-0.410501,-1.009760,-0.660956,1.274751,1.090012,-22.531000,-37.149002,3.634000,NaN,-1.026216,true,Self-supervised model,0.175936,6.735000,107.227644,15.920957,0.000000,0.000000,0.806664,2.359013,false,false
2026-04-17T14:47:41.052548,0.614917,-0.668397,1.052751,29.682,NE,1,0.908228,1,0.908228,2.544297,2.422678,3.166608,0.627281,7.943961,6.677429,1.590397,-0.914016,2.581205,3.166608,-0.301157,-0.935846,-0.639576,1.172842,0.983108,-22.531000,-37.149002,3.634000,NaN,-1.015950,true,Self-supervised model,0.179972,6.743000,107.704526,15.972790,0.000000,0.000000,0.803477,2.699943,false,false
2026-04-17T14:47:41.060291,0.614917,-0.668397,1.061473,29.182,NE,1,0.908228,1,0.908228,2.650971,2.453810,3.211009,0.636858,7.644686,6.624756,1.614793,-1.199695,2.502749,3.211009,-0.202196,-0.860098,-0.612698,1.075198,0.883545,-22.531000,-37.149002,3.634000,NaN,-1.005632,true,Self-supervised model,0.180237,6.750000,108.204273,16.030263,0.000000,0.000000,0.825588,2.986434,false,false
2026-04-17T14:47:41.069327,0.614917,-0.668397,1.070505,28.665,NE,1,0.908228,1,0.908228,2.736927,2.487134,3.188197,0.584185,7.352593,6.483498,1.575846,-1.481344,2.342419,3.188197,-0.086132,-0.761138,-0.579100,0.960264,0.765996,-22.531000,-37.149002,3.634000,NaN,-0.995365,true,Self-supervised model,0.183926,6.759000,108.721719,16.085474,0.000000,0.000000,0.858456,3.320125,false,false
2026-04-17T14:47:41.076797,0.614917,-0.668397,1.079672,28.139,NE,1,0.908228,1,0.908228,2.788882,2.521204,3.061648,0.476446,7.192182,6.277597,1.480438,-1.634408,2.123841,3.061648,-0.007330,-0.696997,-0.552833,0.889653,0.697036,-22.531000,-37.149002,3.634000,NaN,-0.985650,true,Self-supervised model,0.180538,6.767000,109.246999,16.144081,0.000000,0.000000,0.910909,3.441394,false,false
2026-04-17T14:47:41.086146,0.614917,-0.668397,1.088820,27.615,NE,1,0.908228,1,0.908228,2.795901,2.554192,2.832746,0.296881,7.084443,5.973533,1.310977,-1.737698,1.812786,2.832746,0.118508,-0.605978,-0.499688,0.794318,0.617458,-22.531000,-37.149002,3.634000,NaN,-0.976584,true,Self-supervised model,0.181145,6.776000,109.771112,16.199987,0.000000,0.000000,0.986993,3.566260,false,false
2026-04-17T14:47:41.092333,0.614917,-0.668397,1.097779,27.102,NE,1,0.908228,1,0.908228,2.774956,2.585023,2.664998,0.172383,7.005434,5.707777,1.193732,-1.814548,1.544226,2.664998,0.191812,-0.561385,-0.462425,0.752185,0.593250,-22.531000,-37.149002,3.634000,NaN,-0.968380,true,Self-supervised model,0.174957,6.782000,110.284415,16.261341,0.000000,0.000000,1.041260,3.543009,false,false
2026-04-17T14:47:41.101177,0.614917,-0.668397,1.106412,26.607,NE,1,0.908228,1,0.908228,2.717113,2.612306,2.413440,-0.011971,6.974309,5.343858,1.013264,-1.845224,1.180312,2.413440,0.265726,-0.531453,-0.420275,0.727794,0.594182,-22.531000,-37.149002,3.634000,NaN,-0.961049,true,Self-supervised model,0.174678,6.791000,110.779064,16.312629,0.000000,0.000000,1.125826,3.316103,false,false
2026-04-17T14:47:41.108753,0.614917,-0.668397,1.114604,26.138,NE,1,0.908228,1,0.908228,2.636454,2.635272,2.212993,-0.184354,6.950367,4.991910,0.841405,-1.870433,0.831178,2.212993,0.323148,-0.531453,-0.372628,0.725064,0.621986,-22.531000,-37.149002,3.634000,NaN,-0.954624,true,Self-supervised model,0.170411,6.799000,111.248406,16.362466,0.000000,0.000000,1.191352,3.052135,false,false
2026-04-17T14:47:41.119884,0.614917,-0.668397,1.122290,25.698,NE,1,0.908228,1,0.908228,2.545239,2.653671,2.066359,-0.363919,6.924031,4.618415,0.661510,-1.901129,0.466856,2.066359,0.367741,-0.554055,-0.322537,0.739081,0.664989,-22.531000,-37.149002,3.634000,NaN,-0.948960,true,Self-supervised model,0.171358,6.810000,111.688792,16.400704,0.000000,0.000000,1.231751,2.795851,false,false
2026-04-17T14:47:41.124596,0.614917,-0.668397,1.129589,25.279,NE,1,0.908228,1,0.908228,2.456317,2.667777,1.989476,-0.478840,6.907272,4.319140,0.522316,-1.913613,0.152599,1.989476,0.386678,-0.577879,-0.280387,0.749720,0.695315,-20.729000,-36.355003,5.088000,NaN,-0.943209,true,Self-supervised model,0.160815,6.815000,112.106998,16.450036,0.000000,0.000000,1.234655,2.653625,false,false
2026-04-17T14:47:41.132861,0.614917,-0.668397,1.135367,24.948,NE,1,0.908228,1,0.908228,2.370300,2.677878,1.918712,-0.529119,6.969521,3.964798,0.452916,-1.853552,-0.201660,1.918712,0.400728,-0.638965,-0.202196,0.780860,0.754227,-20.729000,-36.355003,5.088000,NaN,-0.943515,true,Self-supervised model,0.167789,6.823000,112.438050,16.479269,0.000000,0.000000,1.235360,2.457178,false,false
2026-04-17T14:47:41.141380,0.614917,-0.668397,1.140314,24.665,NE,1,0.908228,1,0.908228,2.300246,2.684773,1.932459,-0.574608,6.998251,3.679888,0.390011,-1.832026,-0.475363,1.932459,0.382402,-0.711658,-0.130114,0.818302,0.807891,-20.729000,-36.355003,5.088000,NaN,-0.941892,true,Self-supervised model,0.168331,6.831000,112.721496,16.501463,0.000000,0.000000,1.190321,2.361548,false,false
2026-04-17T14:47:41.148136,0.614917,-0.668397,1.144805,24.408,NE,1,0.908228,1,0.908228,2.239214,2.688950,1.918796,-0.596156,7.058106,3.519476,0.349957,-1.782551,-0.617917,1.918796,0.350026,-0.779464,-0.069639,0.857282,0.854449,-20.729000,-36.355003,5.088000,NaN,-0.939226,true,Self-supervised model,0.166492,6.838000,112.978801,16.522200,0.000000,0.000000,1.166989,2.238233,false,false
2026-04-17T14:47:41.156679,0.614917,-0.668397,1.148997,24.167,NE,1,0.908228,1,0.908228,2.187590,2.690896,1.916568,-0.548272,7.125144,3.375824,0.373957,-1.726091,-0.744311,1.916568,0.302378,-0.855211,-0.006720,0.907119,0.907094,-20.729000,-36.355003,5.088000,NaN,-0.936230,true,Self-supervised model,0.167433,6.847000,113.218979,16.535560,0.000000,0.000000,1.141410,2.112809,false,false
2026-04-17T14:47:41.164688,0.614917,-0.668397,1.152770,23.951,NE,1,0.908228,1,0.908228,2.140199,2.690868,1.891395,-0.435745,7.204153,3.315969,0.456669,-1.656496,-0.790473,1.891395,0.253509,-0.904691,0.039095,0.940352,0.939539,-20.729000,-36.355003,5.088000,NaN,-0.934132,true,Self-supervised model,0.166863,6.855000,113.435162,16.547799,0.000000,0.000000,1.131546,2.011369,false,false
2026-04-17T14:47:41.173075,0.614917,-0.668397,1.155967,23.768,NE,1,0.908228,1,0.908228,2.101311,2.689286,1.897150,-0.311246,7.249643,3.272874,0.547788,-1.619236,-0.822909,1.897150,0.219911,-0.916298,0.058643,0.944141,0.942318,-20.729000,-36.355003,5.088000,NaN,-0.933239,true,Self-supervised model,0.167424,6.863000,113.618343,16.555201,0.000000,0.000000,1.107615,2.009393,false,false
2026-04-17T14:47:41.180297,0.614917,-0.668397,1.158534,23.621,NE,1,0.908228,1,0.908228,2.069209,2.686483,1.900674,-0.215478,7.287950,3.239355,0.609689,-1.588233,-0.847559,1.900674,0.202196,-0.899805,0.053756,0.923808,0.922243,-20.729000,-36.355003,5.088000,NaN,-0.933192,true,Self-supervised model,0.167992,6.870000,113.765421,16.559741,0.000000,0.000000,1.088671,2.057434,false,false
2026-04-17T14:47:41.188753,0.614917,-0.668397,1.160535,23.506,NE,1,0.908228,1,0.908228,2.041917,2.682700,1.898634,-0.153229,7.338228,3.179500,0.640737,-1.544585,-0.899180,1.898634,0.184481,-0.825890,0.015272,0.846381,0.846243,-20.729000,-36.355003,5.088000,NaN,-0.933453,true,Self-supervised model,0.169940,6.879000,113.880092,16.554745,0.000000,0.000000,1.075466,2.243239,false,false
2026-04-17T14:47:41.196392,0.614917,-0.668397,1.162137,23.414,NE,1,0.908228,1,0.908228,2.017727,2.678101,1.890726,-0.131681,7.383718,3.119645,0.636541,-1.504955,-0.951195,1.890726,0.173486,-0.747088,-0.032376,0.767650,0.766967,-20.729000,-36.355003,5.088000,NaN,-0.933452,true,Self-supervised model,0.171078,6.886000,113.971847,16.551241,0.000000,0.000000,1.067170,2.463006,false,false
2026-04-17T14:47:41.205338,0.614917,-0.668397,1.163557,23.333,NE,1,0.908228,1,0.908228,2.000136,2.672982,1.907788,-0.160412,7.419631,3.004723,0.588277,-1.474236,-1.058403,1.907788,0.165544,-0.682336,-0.071471,0.705759,0.702131,-20.729000,-36.355003,5.088000,NaN,-0.932757,true,Self-supervised model,0.172680,6.895000,114.053213,16.541438,0.000000,0.000000,1.048406,2.703172,false,false
2026-04-17T14:47:41.212721,0.614917,-0.668397,1.165006,23.250,NE,1,0.908228,1,0.908228,1.982178,2.667350,1.887894,-0.222661,7.489063,2.908955,0.512853,-1.409292,-1.146744,1.887894,0.149051,-0.578489,-0.129503,0.611259,0.597383,-20.729000,-36.355003,5.088000,NaN,-0.931191,true,Self-supervised model,0.173508,6.903000,114.136247,16.534296,0.000000,0.000000,1.049941,3.088534,false,false
2026-04-17T14:47:41.220907,0.614917,-0.668397,1.166649,23.156,NE,1,0.908228,1,0.908228,1.969818,2.661449,1.904928,-0.330400,7.505822,2.815581,0.397936,-1.396259,-1.233230,1.904928,0.131947,-0.494801,-0.169210,0.539323,0.512092,-20.729000,-36.355003,5.088000,NaN,-0.928774,true,Self-supervised model,0.175051,6.911000,114.230378,16.528777,0.000000,0.000000,1.034064,3.532070,false,false
2026-04-17T14:47:41.228272,0.614917,-0.668397,1.168608,23.044,NE,1,0.908228,1,0.908228,1.957292,2.655283,1.891534,-0.457293,7.582437,2.717419,0.268965,-1.322611,-1.325239,1.891534,0.117897,-0.444099,-0.193644,0.498620,0.459482,-20.729000,-36.355003,5.088000,NaN,-0.925548,true,Self-supervised model,0.175059,6.918000,114.342645,16.528281,0.000000,0.000000,1.034765,3.793539,false,false
2026-04-17T14:47:41.238207,0.614917,-0.668397,1.170946,22.910,NE,1,0.908228,1,0.908228,1.943287,2.648803,1.869757,-0.591368,7.666234,2.645593,0.136640,-1.241062,-1.391792,1.869757,0.095295,-0.370184,-0.220522,0.441302,0.382253,-20.729000,-36.355003,5.088000,NaN,-0.921699,true,Self-supervised model,0.176122,6.928000,114.476566,16.523754,0.000000,0.000000,1.039326,4.236907,false,false
2026-04-17T14:47:41.244883,0.614917,-0.668397,1.173670,22.754,NE,1,0.908228,1,0.908228,1.921778,2.641722,1.808859,-0.727837,7.771579,2.626439,0.004730,-1.137326,-1.406569,1.808859,0.083689,-0.333532,-0.229685,0.413525,0.343872,-20.729000,-36.355003,5.088000,NaN,-0.917427,true,Self-supervised model,0.174274,6.935000,114.632656,16.529583,0.000000,0.000000,1.062426,4.374242,false,false
2026-04-17T14:47:41.253068,0.614917,-0.668397,1.176762,22.577,NE,1,0.908228,1,0.908228,1.896901,2.633929,1.766294,-0.878672,7.898471,2.588132,-0.139633,-1.011566,-1.441191,1.766294,0.071471,-0.304211,-0.241292,0.394809,0.312494,-20.729000,-36.355003,5.088000,NaN,-0.912863,true,Self-supervised model,0.174705,6.943000,114.809824,16.536054,0.000000,0.000000,1.073944,4.473794,false,false
2026-04-17T14:47:41.260392,0.614917,-0.668397,1.180177,22.381,N,1,0.908228,1,0.908228,1.864231,2.625141,1.692713,-1.091756,8.104373,2.578555,-0.344851,-0.806345,-1.447814,1.692713,0.056810,-0.279776,-0.247400,0.377769,0.285486,-20.729000,-36.355003,5.088000,NaN,-0.908156,true,Self-supervised model,0.173145,6.950000,115.005504,16.547555,0.000000,0.000000,1.101327,4.480820,false,false
2026-04-17T14:47:41.269553,0.614917,-0.668397,1.183872,22.169,N,1,0.908228,1,0.908228,1.838538,2.615677,1.703651,-1.252167,8.269572,2.525883,-0.496351,-0.641421,-1.498213,1.703651,0.050702,-0.254120,-0.245568,0.357003,0.259129,-20.729000,-36.355003,5.088000,NaN,-0.903346,true,Self-supervised model,0.174729,6.960000,115.217167,16.554191,0.000000,0.000000,1.079175,4.772092,false,false
2026-04-17T14:47:41.279482,0.614917,-0.668397,1.187799,21.944,N,1,0.908228,1,0.908228,1.816716,2.605718,1.702149,-1.381454,8.410830,2.516306,-0.616270,-0.500291,-1.505733,1.702149,0.051313,-0.240681,-0.238848,0.342941,0.246090,-20.729000,-36.355003,5.088000,NaN,-0.898487,true,Self-supervised model,0.175105,6.970000,115.442168,16.562721,0.000000,0.000000,1.067307,4.963382,false,false
2026-04-17T14:47:41.285172,0.614917,-0.668397,1.191893,21.710,N,1,0.908228,1,0.908228,1.800214,2.595498,1.713581,-1.486799,8.578424,2.497152,-0.712321,-0.332956,-1.522530,1.713581,0.056200,-0.222966,-0.228464,0.324142,0.229939,-16.550001,-37.770000,4.991000,NaN,-0.893722,true,Self-supervised model,0.173080,6.975000,115.676774,16.584484,0.000000,0.000000,1.050557,5.286518,false,false
2026-04-17T14:47:41.292275,0.614917,-0.668397,1.196092,21.469,N,1,0.908228,1,0.908228,1.788854,2.585233,1.729216,-1.592144,8.748413,2.497152,-0.808727,-0.163473,-1.519679,1.729216,0.061087,-0.222966,-0.222355,0.320760,0.231182,-16.550001,-37.770000,4.991000,NaN,-0.889107,true,Self-supervised model,0.175266,6.982000,115.917351,16.602313,0.000000,0.000000,1.034489,5.390994,false,false
2026-04-17T14:47:41.304148,0.614917,-0.668397,1.200343,21.225,N,1,0.908228,1,0.908228,1.782335,2.575117,1.748110,-1.651999,8.884883,2.492364,-0.860563,-0.027693,-1.521365,1.748110,0.059865,-0.251066,-0.206472,0.330528,0.258104,-16.550001,-37.770000,4.991000,NaN,-0.884647,true,Self-supervised model,0.177104,6.994000,116.160914,16.608652,0.000000,0.000000,1.019579,5.288844,false,false
2026-04-17T14:47:41.308670,0.614917,-0.668397,1.204608,20.981,N,1,0.908228,1,0.908228,1.782417,2.565409,1.782846,-1.695095,9.033323,2.475605,-0.897440,0.120255,-1.535799,1.782846,0.049480,-0.281609,-0.197920,0.347742,0.285923,-16.550001,-37.770000,4.991000,NaN,-0.880326,true,Self-supervised model,0.172298,6.999000,116.405284,16.631702,0.000000,0.000000,0.999759,5.126925,false,false
2026-04-17T14:47:41.316348,0.614917,-0.668397,1.208834,20.739,N,1,0.908228,1,0.908228,1.790418,2.556409,1.832425,-1.759738,9.133880,2.461239,-0.956775,0.219975,-1.547247,1.832425,0.031154,-0.317650,-0.189979,0.371435,0.319174,-16.550001,-37.770000,4.991000,NaN,-0.876254,true,Self-supervised model,0.176170,7.006000,116.647434,16.649648,0.000000,0.000000,0.977076,4.933365,false,false
2026-04-17T14:47:41.324730,0.614917,-0.668397,1.213035,20.498,N,1,0.908228,1,0.908228,1.800299,2.548165,1.852170,-1.795651,9.263166,2.473210,-0.986272,0.346962,-1.528862,1.852170,0.010385,-0.342085,-0.175929,0.384813,0.342242,-16.550001,-37.770000,4.991000,NaN,-0.872154,true,Self-supervised model,0.176780,7.015000,116.888137,16.662600,0.000000,0.000000,0.971994,4.813174,false,false
2026-04-17T14:47:41.332866,0.614917,-0.668397,1.217333,20.252,N,1,0.908228,1,0.908228,1.811780,2.540709,1.872059,-1.819593,9.430760,2.494758,-1.001681,0.510633,-1.496827,1.872059,-0.007941,-0.350026,-0.169210,0.388861,0.350116,-16.550001,-37.770000,4.991000,NaN,-0.867472,true,Self-supervised model,0.176885,7.023000,117.134357,16.678678,0.000000,0.000000,0.967801,4.814208,false,false
2026-04-17T14:47:41.342391,0.614917,-0.668397,1.221854,19.993,N,1,0.908228,1,0.908228,1.817695,2.533789,1.848750,-1.819593,9.543288,2.542642,-0.990401,0.617436,-1.433790,1.848750,-0.031765,-0.350026,-0.155160,0.384190,0.351464,-16.550001,-37.770000,4.991000,NaN,-0.862054,true,Self-supervised model,0.176699,7.032000,117.393415,16.694172,0.000000,0.000000,0.983202,4.812078,false,false
2026-04-17T14:47:41.348454,0.614917,-0.668397,1.226716,19.714,N,1,0.908228,1,0.908228,1.814555,2.527019,1.798070,-1.805228,9.706094,2.647987,-0.961077,0.772786,-1.308506,1.798070,-0.062919,-0.331700,-0.143553,0.366867,0.337615,-16.550001,-37.770000,4.991000,NaN,-0.855829,true,Self-supervised model,0.173681,7.039000,117.671994,16.717146,0.000000,0.000000,1.009168,4.901154,false,false
2026-04-17T14:47:41.356756,0.614917,-0.668397,1.232041,19.409,N,1,0.908228,1,0.908228,1.798869,2.519893,1.716518,-1.764527,9.830592,2.772485,-0.901324,0.888368,-1.159678,1.716518,-0.094684,-0.305433,-0.141110,0.349523,0.319772,-16.550001,-37.770000,4.991000,NaN,-0.848655,true,Self-supervised model,0.173481,7.047000,117.977073,16.741461,0.000000,0.000000,1.047976,4.911035,false,false
2026-04-17T14:47:41.364409,0.614917,-0.668397,1.237929,19.072,N,1,0.908228,1,0.908228,1.772538,2.511999,1.634296,-1.745373,9.945514,2.930503,-0.858466,0.993223,-0.973379,1.634296,-0.111177,-0.275500,-0.142942,0.329687,0.297087,-16.550001,-37.770000,4.991000,NaN,-0.840511,true,Self-supervised model,0.170896,7.054000,118.314454,16.772676,0.000000,0.000000,1.084588,4.957118,false,false
2026-04-17T14:47:41.373089,0.614917,-0.668397,1.244474,18.697,N,1,0.908228,1,0.908228,1.738041,2.503041,1.556932,-1.745373,10.041282,3.114856,-0.829838,1.078031,-0.757137,1.556932,-0.131947,-0.210138,-0.147219,0.288515,0.248129,-16.550001,-37.770000,4.991000,NaN,-0.831339,true,Self-supervised model,0.170369,7.063000,118.689459,16.804397,0.000000,0.000000,1.116324,5.396359,false,false
2026-04-17T14:47:41.380668,0.614917,-0.668397,1.251749,18.280,N,1,0.908228,1,0.908228,1.705434,2.493137,1.534249,-1.786075,10.144233,3.323152,-0.841414,1.172204,-0.521420,1.534249,-0.139277,-0.133169,-0.150273,0.244364,0.192697,-16.550001,-37.770000,4.991000,NaN,-0.821146,true,Self-supervised model,0.169472,7.071000,119.106266,16.844331,0.000000,0.000000,1.111576,6.278527,false,false
2026-04-17T14:47:41.388613,0.614917,-0.668397,1.259507,17.836,N,1,0.908228,1,0.908228,1.686593,2.482875,1.587677,-1.860295,10.263943,3.550601,-0.888650,1.286644,-0.274895,1.587677,-0.129503,-0.052534,-0.146608,0.202546,0.139753,-16.550001,-37.770000,4.991000,NaN,-0.811456,true,Self-supervised model,0.171655,7.079000,119.550751,16.888085,0.000000,0.000000,1.062302,7.838609,false,false
2026-04-17T14:47:41.396338,0.614917,-0.668397,1.267366,17.385,N,1,0.908228,1,0.908228,1.677646,2.472666,1.630676,-1.867477,10.357317,3.761291,-0.871466,1.377314,-0.051567,1.630676,-0.113010,0.004276,-0.137445,0.177990,0.113091,-16.550001,-37.770000,4.991000,NaN,-0.803192,true,Self-supervised model,0.173630,7.086000,120.001045,16.934948,0.000000,0.000000,1.028804,9.161594,false,false
2026-04-17T14:47:41.404887,0.614917,-0.668397,1.275008,16.947,N,1,0.908228,1,0.908228,1.680388,2.462975,1.694779,-1.879448,10.419566,3.995923,-0.871098,1.442734,0.178842,1.694779,-0.086743,0.051313,-0.116675,0.154177,0.100784,-16.550001,-37.770000,4.991000,NaN,-0.796416,true,Self-supervised model,0.177657,7.095000,120.438928,16.975184,0.000000,0.000000,0.991508,10.992454,false,false
2026-04-17T14:47:41.412509,0.614917,-0.668397,1.281652,16.567,N,1,0.908228,1,0.908228,1.697040,2.454337,1.784464,-1.865083,10.486604,4.259285,-0.839669,1.510068,0.446053,1.784464,-0.059865,0.070250,-0.094073,0.131790,0.092297,-16.550001,-37.770000,4.991000,NaN,-0.793770,true,Self-supervised model,0.181504,7.103000,120.819549,17.009651,0.000000,0.000000,0.951008,13.540227,false,false
2026-04-17T14:47:41.421370,0.614917,-0.668397,1.287741,16.218,N,1,0.908228,1,0.908228,1.741146,2.447810,1.972700,-1.889025,10.591949,4.556166,-0.851784,1.616359,0.743906,1.972700,-0.021380,0.061087,-0.072693,0.097329,0.064720,-16.550001,-37.770000,4.991000,NaN,-0.789894,true,Self-supervised model,0.191897,7.111000,121.168465,17.039582,0.000000,0.000000,0.882620,20.268359,false,false
2026-04-17T14:47:41.428384,0.614917,-0.668397,1.293098,15.911,N,1,0.908228,1,0.908228,1.798806,2.443849,2.101523,-1.884237,10.651803,4.759673,-0.840631,1.676968,0.947375,2.101523,0.010996,0.046426,-0.056810,0.074187,0.047710,-16.550001,-37.770000,4.991000,NaN,-0.787471,true,Self-supervised model,0.201106,7.118000,121.475366,17.065941,0.000000,0.000000,0.855953,28.327450,false,false
2026-04-17T14:47:41.439910,0.614917,-0.668397,1.297628,15.651,N,1,0.908228,1,0.908228,1.858096,2.442419,2.169370,-1.838747,10.656591,4.929661,-0.790533,1.680923,1.120592,2.169370,0.072693,0.017104,-0.045815,0.087612,0.074678,-16.550001,-37.770000,4.991000,NaN,-0.786246,true,Self-supervised model,0.201626,7.130000,121.734921,17.073621,0.000000,0.000000,0.856514,24.761170,false,false
2026-04-17T14:47:41.444806,0.614917,-0.668397,1.301489,15.430,N,1,0.908228,1,0.908228,1.916282,2.443374,2.221759,-1.788469,10.685322,5.018247,-0.736970,1.707108,1.216087,2.221759,0.125838,-0.003054,-0.038485,0.131627,0.125875,-16.925001,-37.281002,5.752000,NaN,-0.785062,true,Self-supervised model,0.190909,7.135000,121.956134,17.092661,0.000000,0.000000,0.862507,16.879211,false,false
2026-04-17T14:47:41.452961,0.614917,-0.668397,1.304836,15.238,N,1,0.908228,1,0.908228,1.966022,2.446280,2.227153,-1.731008,10.666168,5.082890,-0.676766,1.683975,1.290901,2.227153,0.160047,-0.008552,-0.040317,0.165268,0.160275,-16.925001,-37.281002,5.752000,NaN,-0.783767,true,Self-supervised model,0.192078,7.143000,122.147937,17.100369,0.000000,0.000000,0.882751,13.475997,false,false
2026-04-17T14:47:41.460817,0.614917,-0.668397,1.307819,15.067,N,1,0.908228,1,0.908228,2.002561,2.450531,2.194392,-1.675941,10.673351,5.039794,-0.618744,1.685958,1.260974,2.194392,0.202196,0.004276,-0.045815,0.207366,0.202242,-16.925001,-37.281002,5.752000,NaN,-0.782244,true,Self-supervised model,0.188688,7.151000,122.318837,17.105137,0.000000,0.000000,0.912581,10.582213,false,false
2026-04-17T14:47:41.470036,0.614917,-0.668397,1.310565,14.910,N,1,0.908228,1,0.908228,2.025485,2.455529,2.145838,-1.637634,10.666168,4.977545,-0.576344,1.672756,1.214223,2.145838,0.223577,0.036041,-0.056200,0.233332,0.226463,-16.925001,-37.281002,5.752000,NaN,-0.780443,true,Self-supervised model,0.187420,7.160000,122.476190,17.105613,0.000000,0.000000,0.943913,9.196498,false,false
2026-04-17T14:47:41.476756,0.614917,-0.668397,1.313187,14.760,N,1,0.908228,1,0.908228,2.039639,2.460893,2.113946,-1.601721,10.678140,4.915296,-0.534329,1.678406,1.168851,2.113946,0.229685,0.089186,-0.073915,0.257241,0.246393,-16.925001,-37.281002,5.752000,NaN,-0.778321,true,Self-supervised model,0.184764,7.167000,122.626396,17.109864,0.000000,0.000000,0.964849,8.217763,false,false
2026-04-17T14:47:41.485367,0.614917,-0.668397,1.315775,14.612,N,1,0.908228,1,0.908228,2.051244,2.466507,2.112169,-1.623269,10.711658,4.848258,-0.546691,1.705789,1.119227,2.112169,0.222355,0.169821,-0.094684,0.295374,0.279787,-16.925001,-37.281002,5.752000,NaN,-0.775867,true,Self-supervised model,0.184203,7.175000,122.774675,17.111453,0.000000,0.000000,0.971155,7.150827,false,false
2026-04-17T14:47:41.493421,0.614917,-0.668397,1.318412,14.461,N,1,0.908228,1,0.908228,2.063862,2.472402,2.130107,-1.695095,10.757148,4.771644,-0.605048,1.745631,1.060209,2.130107,0.213803,0.267559,-0.113621,0.360845,0.342490,-16.925001,-37.281002,5.752000,NaN,-0.773036,true,Self-supervised model,0.182519,7.184000,122.925744,17.111045,0.000000,0.000000,0.968901,5.903106,false,false
2026-04-17T14:47:41.502927,0.614917,-0.668397,1.321169,14.303,N,1,0.908228,1,0.908228,2.093129,2.479231,2.246784,-1.860295,10.898406,4.663905,-0.751761,1.881652,0.970711,2.246784,0.210749,0.420886,-0.135612,0.489848,0.470702,-16.925001,-37.281002,5.752000,NaN,-0.769796,true,Self-supervised model,0.181603,7.193000,123.083727,17.111598,0.000000,0.000000,0.931611,4.586699,false,false
2026-04-17T14:47:41.509430,0.614917,-0.668397,1.324099,14.135,N,1,0.908228,1,0.908228,2.147124,2.487946,2.430596,-2.159570,11.051635,4.529830,-1.026733,2.029897,0.856232,2.430596,0.211970,0.544892,-0.144775,0.602327,0.584670,-16.925001,-37.281002,5.752000,NaN,-0.766173,true,Self-supervised model,0.180547,7.200000,123.251626,17.118281,0.000000,0.000000,0.883374,4.035340,false,false
2026-04-17T14:47:41.516344,0.614917,-0.668397,1.327240,13.955,N,1,0.908228,1,0.908228,2.237267,2.499919,2.710520,-2.487576,11.264719,4.414908,-1.325319,2.237911,0.763019,2.710520,0.221744,0.723264,-0.139277,0.769207,0.756493,-16.925001,-37.281002,5.752000,NaN,-0.762190,true,Self-supervised model,0.180857,7.206000,123.431594,17.129003,0.000000,0.000000,0.825402,3.523782,false,false
2026-04-17T14:47:41.524733,0.614917,-0.668397,1.330584,13.763,N,1,0.908228,1,0.908228,2.347629,2.515828,2.927029,-2.753332,11.420342,4.285621,-1.559495,2.388257,0.657042,2.927029,0.221133,0.821003,-0.109345,0.857264,0.850262,-16.925001,-37.281002,5.752000,NaN,-0.758035,true,Self-supervised model,0.182598,7.215000,123.623179,17.134190,0.000000,0.000000,0.802052,3.414384,false,false
2026-04-17T14:47:41.532385,0.614917,-0.668397,1.334035,13.565,N,1,0.908228,1,0.908228,2.470073,2.535998,3.112904,-2.896984,11.602302,4.165911,-1.672495,2.564752,0.561231,3.112904,0.216246,0.833831,-0.077580,0.864902,0.861416,-16.925001,-37.281002,5.752000,NaN,-0.754155,true,Self-supervised model,0.183765,7.222000,123.820909,17.144961,0.000000,0.000000,0.793495,3.599141,false,false
2026-04-17T14:47:41.541219,0.614917,-0.668397,1.337440,13.370,N,1,0.908228,1,0.908228,2.597318,2.560450,3.265352,-3.007117,11.745954,4.101267,-1.756897,2.703079,0.518845,3.265352,0.167377,0.713491,0.000000,0.732860,0.732860,-16.925001,-37.281002,5.752000,NaN,-0.750934,true,Self-supervised model,0.188154,7.231000,124.016000,17.150602,0.000000,0.000000,0.795417,4.455628,false,false
2026-04-17T14:47:41.548592,0.614917,-0.668397,1.340588,13.190,N,1,0.908228,1,0.908228,2.717764,2.588743,3.350106,-2.980781,11.870452,4.127604,-1.713573,2.823309,0.561965,3.350106,0.095906,0.515570,0.055589,0.527353,0.524415,-16.925001,-37.281002,5.752000,NaN,-0.748817,true,Self-supervised model,0.193084,7.239000,124.196332,17.156559,0.000000,0.000000,0.811247,6.352687,false,false
2026-04-17T14:47:41.556661,0.614917,-0.668397,1.343222,13.039,N,1,0.908228,1,0.908228,2.818131,2.619918,3.345058,-2.827552,11.920731,4.283227,-1.555182,2.871539,0.724630,3.345058,-0.033598,0.189368,0.105069,0.219154,0.192326,-16.925001,-37.281002,5.752000,NaN,-0.748232,true,Self-supervised model,0.205673,7.247000,124.347301,17.158452,0.000000,0.000000,0.842476,15.263489,false,false
2026-04-17T14:47:41.564517,0.614917,-0.668397,1.345082,12.932,N,1,0.908228,1,0.908228,2.872448,2.652020,3.157615,-2.482787,11.755530,4.639963,-1.217582,2.707749,1.075229,3.157615,-0.185703,-0.160047,0.135001,0.279868,0.245154,-16.925001,-37.281002,5.752000,NaN,-0.749472,true,Self-supervised model,0.200158,7.255000,124.453867,17.154220,0.000000,0.000000,0.909689,11.282529,false,false
2026-04-17T14:47:41.573620,0.614917,-0.668397,1.345976,12.881,N,1,0.908228,1,0.908228,2.876305,2.682991,2.896551,-2.035071,11.403583,5.066131,-0.787422,2.361322,1.481260,2.896551,-0.327424,-0.430049,0.133169,0.556671,0.540508,-16.925001,-37.281002,5.752000,NaN,-0.752446,true,Self-supervised model,0.189988,7.264000,124.505044,17.140012,0.000000,0.000000,0.993010,5.203346,false,false
2026-04-17T14:47:41.580391,0.614917,-0.668397,1.345824,12.890,N,1,0.908228,1,0.908228,2.839267,2.711242,2.644820,-1.537078,10.845734,5.516241,-0.312212,1.812656,1.900492,2.644820,-0.398895,-0.533285,0.110567,0.675082,0.665966,-16.925001,-37.281002,5.752000,NaN,-0.756777,true,Self-supervised model,0.184748,7.270000,124.496352,17.124670,0.000000,0.000000,1.073520,3.917776,false,false
2026-04-17T14:47:41.588850,0.614917,-0.668397,1.344736,12.952,N,1,0.908228,1,0.908228,2.796906,2.736669,2.574512,-0.995988,10.034100,6.009446,0.207550,1.012557,2.357915,2.574512,-0.433714,-0.501520,0.036652,0.664059,0.663047,-16.925001,-37.281002,5.752000,NaN,-0.761608,true,Self-supervised model,0.182806,7.279000,124.434038,17.094936,0.000000,0.000000,1.086383,3.876933,false,false
2026-04-17T14:47:41.600564,0.614917,-0.668397,1.343013,13.051,N,1,0.908228,1,0.908228,2.793470,2.760941,2.775430,-0.603339,9.301474,6.382942,0.586919,0.292223,2.696877,2.775430,-0.383013,-0.306043,-0.053145,0.493139,0.490266,-16.925001,-37.281002,5.752000,NaN,-0.765872,true,Self-supervised model,0.188727,7.291000,124.335320,17.053260,0.000000,0.000000,1.006500,5.628094,false,false
2026-04-17T14:47:41.605485,0.614917,-0.668397,1.341088,13.161,N,1,0.908228,1,0.908228,2.816597,2.785167,2.938012,-0.450110,8.659827,6.536170,0.740111,-0.338318,2.823064,2.938012,-0.277333,-0.007941,-0.139888,0.310717,0.277446,-12.170001,-36.050003,5.312000,NaN,-0.768605,true,Self-supervised model,0.193816,7.296000,124.225036,17.026458,0.000000,0.000000,0.958675,9.455578,false,false
2026-04-17T14:47:41.612686,0.614917,-0.668397,1.339442,13.256,N,1,0.908228,1,0.908228,2.843707,2.809509,2.986037,-0.476446,8.207323,6.517017,0.728451,-0.782343,2.788139,2.986037,-0.152105,0.276722,-0.199753,0.373647,0.315771,-12.170001,-36.050003,5.312000,NaN,-0.769137,true,Self-supervised model,0.194933,7.303000,124.130710,16.997222,0.000000,0.000000,0.952335,7.991593,false,false
2026-04-17T14:47:41.621134,0.614917,-0.668397,1.338466,13.312,N,1,0.908228,1,0.908228,2.844397,2.832904,2.848018,-0.744597,7.809886,6.279991,0.487859,-1.174809,2.548141,2.848018,-0.005498,0.574824,-0.239459,0.622731,0.574851,-12.170001,-36.050003,5.312000,NaN,-0.767432,true,Self-supervised model,0.188448,7.311000,124.074787,16.970973,0.000000,0.000000,0.998729,4.573433,false,false
2026-04-17T14:47:41.628399,0.614917,-0.668397,1.338399,13.315,N,1,0.908228,1,0.908228,2.784757,2.852978,2.471650,-1.249773,7.762002,5.870583,0.019717,-1.221614,2.148563,2.471650,0.125838,0.802677,-0.229074,0.844157,0.812481,-12.170001,-36.050003,5.312000,NaN,-0.763863,true,Self-supervised model,0.180124,7.318000,124.070950,16.954216,0.000000,0.000000,1.126680,2.927951,false,false
2026-04-17T14:47:41.637058,0.614917,-0.668397,1.339307,13.263,N,1,0.908228,1,0.908228,2.674469,2.867838,2.095454,-1.841141,7.888895,5.406107,-0.531293,-1.097278,1.704299,2.095454,0.188757,0.896750,-0.186925,0.935271,0.916401,-12.170001,-36.050003,5.312000,NaN,-0.759054,true,Self-supervised model,0.171670,7.327000,124.122985,16.940492,0.000000,0.000000,1.276320,2.240479,false,false
2026-04-17T14:47:41.644859,0.614917,-0.668397,1.341030,13.165,N,1,0.908228,1,0.908228,2.549589,2.877108,1.893968,-2.221819,8.066066,5.078102,-0.874958,-0.925187,1.401996,1.893968,0.234572,0.919963,-0.082467,0.952973,0.949398,-12.170001,-36.050003,5.312000,NaN,-0.754071,true,Self-supervised model,0.166535,7.335000,124.221712,16.935475,0.000000,0.000000,1.346162,1.987432,false,false
2026-04-17T14:47:41.652594,0.614917,-0.668397,1.343214,13.040,N,1,0.908228,1,0.908228,2.416519,2.880684,1.717902,-2.533065,8.346188,4.740520,-1.157124,-0.651119,1.090089,1.717902,0.216857,0.810007,0.017104,0.838708,0.838534,-12.170001,-36.050003,5.312000,NaN,-0.750046,true,Self-supervised model,0.164087,7.343000,124.346816,16.934062,0.000000,0.000000,1.406669,2.048271,false,false
2026-04-17T14:47:41.660903,0.614917,-0.668397,1.345439,12.912,N,1,0.908228,1,0.908228,2.291673,2.879124,1.636232,-2.698265,8.585608,4.525041,-1.304133,-0.417422,0.895684,1.636232,0.161879,0.621250,0.113621,0.651971,0.641994,-12.170001,-36.050003,5.312000,NaN,-0.747656,true,Self-supervised model,0.165131,7.351000,124.474287,16.932973,0.000000,0.000000,1.400580,2.509669,false,false
2026-04-17T14:47:41.668888,0.614917,-0.668397,1.347289,12.806,N,1,0.908228,1,0.908228,2.172848,2.872873,1.549016,-2.676718,8.695741,4.436456,-1.276097,-0.311816,0.820851,1.549016,0.082467,0.392175,0.194866,0.445618,0.400752,-12.170001,-36.050003,5.312000,NaN,-0.747303,true,Self-supervised model,0.166646,7.359000,124.580313,16.928973,0.000000,0.000000,1.402728,3.476109,false,false
2026-04-17T14:47:41.676945,0.614917,-0.668397,1.348433,12.740,N,1,0.908228,1,0.908228,2.057364,2.862252,1.451077,-2.501941,8.659827,4.481946,-1.106446,-0.350390,0.870994,1.451077,0.008552,0.196088,0.246790,0.315323,0.196274,-12.170001,-36.050003,5.312000,NaN,-0.748985,true,Self-supervised model,0.168271,7.367000,124.645851,16.919486,0.000000,0.000000,1.417819,4.601875,false,false
2026-04-17T14:47:41.685960,0.614917,-0.668397,1.348619,12.730,N,1,0.908228,1,0.908228,1.955200,2.847970,1.418836,-2.092532,8.384495,4.671088,-0.711120,-0.626249,1.056037,1.418836,-0.069028,0.000000,0.285885,0.294100,0.069028,-12.170001,-36.050003,5.312000,NaN,-0.752633,true,Self-supervised model,0.169689,7.376000,124.656487,16.900283,0.000000,0.000000,1.378031,4.824325,false,false
2026-04-17T14:47:41.692445,0.614917,-0.668397,1.347743,12.780,N,1,0.908228,1,0.908228,1.900382,2.832067,1.612586,-1.589750,8.013393,4.874595,-0.228749,-0.995689,1.247681,1.612586,-0.117286,-0.128282,0.302378,0.348776,0.173817,-12.170001,-36.050003,5.312000,NaN,-0.757753,true,Self-supervised model,0.171985,7.383000,124.606324,16.877465,0.000000,0.000000,1.178469,4.623553,false,false
2026-04-17T14:47:41.701447,0.614917,-0.668397,1.345821,12.890,N,1,0.908228,1,0.908228,1.912498,2.817284,1.976109,-1.142034,7.620744,5.039794,0.195621,-1.384984,1.395907,1.976109,-0.127671,-0.158825,0.299324,0.362105,0.203777,-12.170001,-36.050003,5.312000,NaN,-0.763860,true,Self-supervised model,0.178348,7.392000,124.496207,16.842019,0.000000,0.000000,0.967810,5.457280,false,false
2026-04-17T14:47:41.709278,0.614917,-0.668397,1.342974,13.053,N,1,0.908228,1,0.908228,1.980894,2.805828,2.339974,-0.713472,7.268796,5.116409,0.601622,-1.732460,1.453310,2.339974,-0.100182,-0.128893,0.277944,0.322339,0.163247,-12.170001,-36.050003,5.312000,NaN,-0.770410,true,Self-supervised model,0.184178,7.399000,124.333059,16.804036,0.000000,0.000000,0.846545,7.259358,false,false
2026-04-17T14:47:41.716514,0.614917,-0.668397,1.339410,13.257,N,1,0.908228,1,0.908228,2.093368,2.799330,2.683856,-0.332794,6.947973,5.123591,0.962007,-2.048785,1.442258,2.683856,-0.051313,-0.056200,0.255953,0.267026,0.076101,-12.170001,-36.050003,5.312000,NaN,-0.776841,true,Self-supervised model,0.191143,7.407000,124.128851,16.758317,0.000000,0.000000,0.779985,10.050904,false,false
2026-04-17T14:47:41.724941,0.614917,-0.668397,1.335339,13.491,N,1,0.908228,1,0.908228,2.220116,2.798161,2.885541,-0.095768,6.679823,5.011064,1.184017,-2.298820,1.280577,2.885541,0.011606,0.026267,0.230907,0.232686,0.028717,-12.170001,-36.050003,5.312000,NaN,-0.782940,true,Self-supervised model,0.196561,7.415000,123.895590,16.708778,0.000000,0.000000,0.769393,12.401009,false,false
2026-04-17T14:47:41.733089,0.614917,-0.668397,1.330552,13.765,N,1,0.908228,1,0.908228,2.331565,2.801498,2.916672,-0.019154,6.552930,4.824317,1.245431,-2.414361,1.061480,2.916672,0.069028,0.089186,0.212581,0.240644,0.112779,-12.170001,-36.050003,5.312000,NaN,-0.790590,true,Self-supervised model,0.196261,7.423000,123.621321,16.653822,0.000000,0.000000,0.799392,12.120254,false,false
2026-04-17T14:47:41.741931,0.614917,-0.668397,1.325376,14.062,N,1,0.908228,1,0.908228,2.419828,2.808231,2.883211,0.026336,6.478710,4.491522,1.277400,-2.484254,0.713889,2.883211,0.121562,0.160658,0.197920,0.282419,0.201465,-12.170001,-36.050003,5.312000,NaN,-0.797323,true,Self-supervised model,0.193766,7.432000,123.324752,16.593750,0.000000,0.000000,0.839282,10.208973,false,false
2026-04-17T14:47:41.748264,0.614917,-0.668397,1.320148,14.361,N,1,0.908228,1,0.908228,2.490854,2.817536,2.863740,-0.028730,6.394913,4.091691,1.213598,-2.573534,0.324204,2.863740,0.163712,0.225409,0.195477,0.340327,0.278587,-12.170001,-36.050003,5.312000,NaN,-0.802757,true,Self-supervised model,0.189912,7.438000,123.025223,16.540094,0.000000,0.000000,0.869791,8.414683,false,false
2026-04-17T14:47:41.759921,0.614917,-0.668397,1.315364,14.635,N,1,0.908228,1,0.908228,2.551835,2.828908,2.871982,-0.074220,6.349423,3.701436,1.161429,-2.626165,-0.051216,2.871982,0.183260,0.263283,0.196699,0.376288,0.320783,-12.170001,-36.050003,5.312000,NaN,-0.805763,true,Self-supervised model,0.192590,7.450000,122.751155,16.476665,0.000000,0.000000,0.888527,7.632414,false,false
2026-04-17T14:47:41.764364,0.614917,-0.668397,1.311021,14.884,N,1,0.908228,1,0.908228,2.598737,2.841701,2.844972,-0.122104,6.380548,3.428497,1.107482,-2.602316,-0.308708,2.844972,0.171042,0.271224,0.195477,0.375539,0.320652,-14.332001,-36.160000,3.595000,NaN,-0.808348,true,Self-supervised model,0.187399,7.454000,122.502278,16.434435,0.000000,0.000000,0.913449,7.575712,false,false
2026-04-17T14:47:41.772874,0.614917,-0.668397,1.307026,15.113,N,1,0.908228,1,0.908228,2.619505,2.854813,2.728542,-0.205901,6.514623,3.189077,1.017231,-2.474762,-0.534540,2.728542,0.127060,0.240070,0.194866,0.334291,0.271621,-14.332001,-36.160000,3.595000,NaN,-0.810946,true,Self-supervised model,0.191746,7.463000,122.273414,16.383949,0.000000,0.000000,0.960039,8.162169,false,false
2026-04-17T14:47:41.780400,0.614917,-0.668397,1.303276,15.328,N,1,0.908228,1,0.908228,2.608981,2.866980,2.553729,-0.335188,6.691794,3.047819,0.880945,-2.302579,-0.666028,2.553729,0.072082,0.215635,0.183260,0.292025,0.227364,-14.332001,-36.160000,3.595000,NaN,-0.813717,true,Self-supervised model,0.190265,7.470000,122.058561,16.339834,0.000000,0.000000,1.021636,8.744900,false,false
2026-04-17T14:47:41.788619,0.614917,-0.668397,1.299680,15.534,N,1,0.908228,1,0.908228,2.577526,2.877402,2.412385,-0.514753,6.799533,2.997540,0.695251,-2.198000,-0.710652,2.412385,0.016493,0.229685,0.161879,0.281482,0.230277,-14.332001,-36.160000,3.595000,NaN,-0.816701,true,Self-supervised model,0.188911,7.479000,121.852492,16.292618,0.000000,0.000000,1.068455,8.570292,false,false
2026-04-17T14:47:41.796355,0.614917,-0.668397,1.296196,15.733,N,1,0.908228,1,0.908228,2.535055,2.885708,2.312084,-0.665588,6.835446,3.095703,0.540461,-2.163777,-0.609676,2.312084,-0.009163,0.271835,0.146608,0.308986,0.271989,-14.332001,-36.160000,3.595000,NaN,-0.819734,true,Self-supervised model,0.185895,7.486000,121.652872,16.250718,0.000000,0.000000,1.096437,7.482824,false,false
2026-04-17T14:47:41.807932,0.614917,-0.668397,1.292821,15.927,N,1,0.908228,1,0.908228,2.504914,2.892476,2.346671,-0.763750,6.751649,3.196259,0.441156,-2.248107,-0.508194,2.346671,-0.015882,0.303600,0.147829,0.338051,0.304015,-14.332001,-36.160000,3.595000,NaN,-0.822673,true,Self-supervised model,0.187119,7.498000,121.459496,16.198919,0.000000,0.000000,1.067433,6.941758,false,false
2026-04-17T14:47:41.812779,0.614917,-0.668397,1.289833,16.098,N,1,0.908228,1,0.908228,2.485325,2.898190,2.382487,-0.861913,6.684611,3.263297,0.341083,-2.317085,-0.437063,2.382487,0.012828,0.387289,0.180205,0.427353,0.387501,-14.332001,-36.160000,3.595000,NaN,-0.824113,true,Self-supervised model,0.182280,7.503000,121.288306,16.165308,0.000000,0.000000,1.043164,5.574982,false,false
2026-04-17T14:47:41.822175,0.614917,-0.668397,1.286528,16.287,N,1,0.908228,1,0.908228,2.471799,2.903134,2.400782,-0.888249,6.667852,3.239355,0.312853,-2.336289,-0.455667,2.400782,0.035430,0.427606,0.217468,0.481035,0.429071,-14.332001,-36.160000,3.595000,NaN,-0.828685,true,Self-supervised model,0.184377,7.512000,121.098957,16.120734,0.000000,0.000000,1.029580,4.990873,false,false
2026-04-17T14:47:41.828599,0.614917,-0.668397,1.283174,16.480,N,1,0.908228,1,0.908228,2.454259,2.907179,2.362179,-0.926556,6.708553,3.217807,0.270484,-2.299101,-0.469962,2.362179,0.052534,0.445932,0.261450,0.519587,0.449015,-14.332001,-36.160000,3.595000,NaN,-0.832237,true,Self-supervised model,0.181718,7.519000,120.906771,16.080166,0.000000,0.000000,1.038981,4.546259,false,false
2026-04-17T14:47:41.837132,0.614917,-0.668397,1.279643,16.682,N,1,0.908228,1,0.908228,2.416300,2.909544,2.217011,-0.950498,6.866570,3.174711,0.239238,-2.145548,-0.504507,2.217011,0.065363,0.448375,0.304211,0.545763,0.453114,-14.332001,-36.160000,3.595000,NaN,-0.836472,true,Self-supervised model,0.180002,7.527000,120.704492,16.036202,0.000000,0.000000,1.089891,4.062227,false,false
2026-04-17T14:47:41.845022,0.614917,-0.668397,1.275798,16.902,N,1,0.908228,1,0.908228,2.354028,2.909323,2.027101,-0.928950,7.067683,3.174711,0.249397,-1.949922,-0.494717,2.027101,0.085521,0.444710,0.371406,0.585682,0.452858,-14.332001,-36.160000,3.595000,NaN,-0.841578,true,Self-supervised model,0.175661,7.535000,120.484158,15.989935,0.000000,0.000000,1.161278,3.461095,false,false
2026-04-17T14:47:41.853077,0.614917,-0.668397,1.271500,17.148,N,1,0.908228,1,0.908228,2.262337,2.905444,1.780958,-0.897826,7.328651,3.181894,0.265503,-1.695329,-0.476634,1.780958,0.110567,0.427606,0.409891,0.602563,0.441669,-14.332001,-36.160000,3.595000,NaN,-0.847684,true,Self-supervised model,0.171346,7.543000,120.237924,15.940332,0.000000,0.000000,1.270292,2.955639,false,false
2026-04-17T14:47:41.860593,0.614917,-0.668397,1.266672,17.425,N,1,0.908228,1,0.908228,2.159793,2.897618,1.621440,-0.833182,7.505822,3.193865,0.312414,-1.525374,-0.452435,1.621440,0.125838,0.410501,0.426384,0.605103,0.429356,-14.332001,-36.160000,3.595000,NaN,-0.854637,true,Self-supervised model,0.167421,7.551000,119.961264,15.886805,0.000000,0.000000,1.332022,2.679608,false,false
2026-04-17T14:47:41.869632,0.614917,-0.668397,1.261327,17.731,N,1,0.908228,1,0.908228,2.046602,2.885577,1.452349,-0.761356,7.711724,3.169923,0.365139,-1.327254,-0.463022,1.452349,0.147829,0.391565,0.424551,0.596171,0.418541,-14.332001,-36.160000,3.595000,NaN,-0.862047,true,Self-supervised model,0.165079,7.560000,119.655019,15.827383,0.000000,0.000000,1.409167,2.436128,false,false
2026-04-17T14:47:41.877503,0.614917,-0.668397,1.255541,18.063,N,1,0.908228,1,0.908228,1.922511,2.869055,1.271031,-0.694318,7.927202,3.181894,0.413120,-1.119969,-0.436488,1.271031,0.165544,0.364687,0.403171,0.568285,0.400501,-14.332001,-36.160000,3.595000,NaN,-0.869598,true,Self-supervised model,0.160366,7.568000,119.323504,15.766848,0.000000,0.000000,1.512560,2.236608,false,false
2026-04-17T14:47:41.886355,0.614917,-0.668397,1.249452,18.412,N,1,0.908228,1,0.908228,1.795528,2.848114,1.128869,-0.672771,8.080431,3.215413,0.416281,-0.975093,-0.387621,1.128869,0.175318,0.324369,0.379347,0.529015,0.368717,-14.332001,-36.160000,3.595000,NaN,-0.876897,true,Self-supervised model,0.158518,7.576000,118.974651,15.704151,0.000000,0.000000,1.590554,2.133910,false,false
2026-04-17T14:47:41.892440,0.614917,-0.668397,1.243218,18.769,N,1,0.908228,1,0.908228,1.665988,2.822829,0.985900,-0.679953,8.226477,3.244143,0.391053,-0.837316,-0.343481,0.985900,0.174097,0.271835,0.356745,0.481114,0.322806,-14.332001,-36.160000,3.595000,NaN,-0.883714,true,Self-supervised model,0.154463,7.583000,118.617449,15.642549,0.000000,0.000000,1.689814,2.049201,false,false
2026-04-17T14:47:41.904909,0.614917,-0.668397,1.236962,19.127,N,1,0.908228,1,0.908228,1.535324,2.793328,0.849337,-0.658405,8.370130,3.301604,0.394357,-0.701528,-0.271506,0.849337,0.164323,0.204029,0.342085,0.430873,0.261973,-14.332001,-36.160000,3.595000,NaN,-0.890056,true,Self-supervised model,0.155449,7.595000,118.259015,15.570641,0.000000,0.000000,1.807673,1.971201,false,false
2026-04-17T14:47:41.909097,0.614917,-0.668397,1.230757,19.483,N,1,0.908228,1,0.908228,1.396901,2.759471,0.670180,-0.694318,8.535329,3.363853,0.339223,-0.543646,-0.196260,0.670180,0.143553,0.143553,0.332311,0.389417,0.203015,-14.332001,-36.160000,3.595000,NaN,-0.896054,true,Self-supervised model,0.146043,7.599000,117.903536,15.515665,0.000000,0.000000,2.084366,1.720983,false,false
2026-04-17T14:47:41.919857,0.614917,-0.668397,1.224620,19.834,N,1,0.908228,1,0.908228,1.260780,2.721524,0.546147,-0.725443,8.640674,3.416526,0.287684,-0.444877,-0.132664,0.546147,0.121562,0.103847,0.327424,0.364373,0.159880,-14.332001,-36.160000,3.595000,NaN,-0.901925,true,Self-supervised model,0.149223,7.610000,117.551875,15.447027,0.000000,0.000000,2.308499,1.498867,false,false
2026-04-17T14:47:41.924420,0.614917,-0.668397,1.218521,20.184,N,1,0.908228,1,0.908228,1.113868,2.679217,0.342580,-0.768539,8.832211,3.524265,0.223504,-0.259132,-0.016038,0.342580,0.106291,0.087965,0.325591,0.353617,0.137969,-14.462001,-35.342003,2.088000,NaN,-0.907871,true,Self-supervised model,0.144172,7.615000,117.202413,15.390993,0.000000,0.000000,3.251414,0.968787,false,false
2026-04-17T14:47:41.933009,0.614917,-0.668397,1.212432,20.533,N,1,0.908228,1,0.908228,0.975965,2.633087,0.251976,-0.785298,8.983045,3.660734,0.185623,-0.113256,0.127315,0.251976,0.070250,0.083689,0.319483,0.337650,0.109265,-14.462001,-35.342003,2.088000,NaN,-0.913915,true,Self-supervised model,0.150089,7.623000,116.853576,15.329080,0.000000,0.000000,3.873245,0.746263,false,false
2026-04-17T14:47:41.940827,0.614917,-0.668397,1.206330,20.882,N,1,0.908228,1,0.908228,0.874254,2.584734,0.340273,-0.828394,9.176975,3.837905,0.121575,0.076963,0.308353,0.340273,0.048869,0.099571,0.307876,0.327247,0.110917,-14.462001,-35.342003,2.088000,NaN,-0.920071,true,Self-supervised model,0.144624,7.631000,116.503964,15.267195,0.000000,0.000000,2.569277,1.039805,false,false
2026-04-17T14:47:41.948822,0.614917,-0.668397,1.200170,21.235,N,1,0.908228,1,0.908228,0.821625,2.536210,0.545320,-0.768539,9.346964,3.988740,0.160972,0.244489,0.460094,0.545320,0.032987,0.117286,0.294437,0.318649,0.121837,-14.462001,-35.342003,2.088000,NaN,-0.926468,true,Self-supervised model,0.152339,7.639000,116.150978,15.204998,0.000000,0.000000,1.506685,1.711348,false,false
2026-04-17T14:47:41.956624,0.614917,-0.668397,1.193922,21.593,N,1,0.908228,1,0.908228,0.812388,2.489257,0.763897,-0.720655,9.531317,4.134786,0.189327,0.427720,0.603945,0.763897,0.018937,0.138666,0.276111,0.309555,0.139953,-14.462001,-35.342003,2.088000,NaN,-0.933065,true,Self-supervised model,0.161565,7.647000,115.792990,15.142277,0.000000,0.000000,1.063479,2.467727,false,false
2026-04-17T14:47:41.964822,0.614917,-0.668397,1.187584,21.956,N,1,0.908228,1,0.908228,0.837596,2.445190,0.969937,-0.653617,9.674969,4.283227,0.237750,0.571807,0.746519,0.969937,0.009163,0.156382,0.248011,0.293341,0.156650,-14.462001,-35.342003,2.088000,NaN,-0.939759,true,Self-supervised model,0.168653,7.655000,115.429887,15.079019,0.000000,0.000000,0.863557,3.306522,false,false
2026-04-17T14:47:41.972911,0.614917,-0.668397,1.181154,22.325,N,1,0.908228,1,0.908228,0.885045,2.404785,1.134153,-0.555455,9.801862,4.378995,0.318385,0.700548,0.833166,1.134153,-0.002443,0.160047,0.207083,0.261733,0.160065,-14.462001,-35.342003,2.088000,NaN,-0.946560,true,Self-supervised model,0.172851,7.663000,115.061476,15.015200,0.000000,0.000000,0.780358,4.333236,false,false
2026-04-17T14:47:41.980648,0.614917,-0.668397,1.174664,22.697,NE,1,0.908228,1,0.908228,0.942218,2.368282,1.242376,-0.481235,9.876082,4.450821,0.376132,0.778060,0.892550,1.242376,-0.004276,0.161879,0.166766,0.232452,0.161936,-14.462001,-35.342003,2.088000,NaN,-0.953292,true,Self-supervised model,0.174676,7.671000,114.689603,14.951063,0.000000,0.000000,0.758400,5.344644,false,false
2026-04-17T14:47:41.988672,0.614917,-0.668397,1.168159,23.069,NE,1,0.908228,1,0.908228,1.004971,2.335749,1.334421,-0.486023,9.957485,4.522647,0.358397,0.862787,0.952801,1.334421,-0.003665,0.156382,0.107512,0.189809,0.156424,-14.462001,-35.342003,2.088000,NaN,-0.959857,true,Self-supervised model,0.178195,7.679000,114.316879,14.886949,0.000000,0.000000,0.753114,7.030332,false,false
2026-04-17T14:47:41.997101,0.614917,-0.668397,1.161856,23.431,NE,1,0.908228,1,0.908228,1.067362,2.307014,1.394916,-0.514753,10.031705,4.558560,0.321515,0.939994,0.979198,1.394916,0.003665,0.150884,0.045204,0.157552,0.150928,-14.462001,-35.342003,2.088000,NaN,-0.965347,true,Self-supervised model,0.180671,7.687000,113.955787,14.824481,0.000000,0.000000,0.765180,8.853667,false,false
2026-04-17T14:47:42.004968,0.614917,-0.668397,1.156021,23.765,NE,1,0.908228,1,0.908228,1.124633,2.281719,1.425304,-0.651223,10.113108,4.560954,0.182227,1.023865,0.974672,1.425304,0.020769,0.134390,-0.012828,0.136590,0.135986,-14.462001,-35.342003,2.088000,NaN,-0.969313,true,Self-supervised model,0.182075,7.695000,113.621469,14.765623,0.000000,0.000000,0.789047,10.434945,false,false
2026-04-17T14:47:42.012841,0.614917,-0.668397,1.150905,24.058,NE,1,0.908228,1,0.908228,1.190822,2.260083,1.538316,-0.811634,10.268731,4.575319,0.023810,1.181177,0.985225,1.538316,0.031154,0.106291,-0.054367,0.123386,0.110762,-14.462001,-35.342003,2.088000,NaN,-0.971553,true,Self-supervised model,0.186267,7.703000,113.328338,14.712234,0.000000,0.000000,0.774108,12.467536,false,false
2026-04-17T14:47:42.020664,0.614917,-0.668397,1.146702,24.299,NE,1,0.908228,1,0.908228,1.268770,2.242430,1.677999,-1.000776,10.436325,4.575319,-0.159922,1.349745,0.984020,1.677999,0.037874,0.062919,-0.081856,0.109971,0.073439,-14.462001,-35.342003,2.088000,NaN,-0.972105,true,Self-supervised model,0.191672,7.711000,113.087509,14.665738,0.000000,0.000000,0.756121,15.258559,false,false
2026-04-17T14:47:42.028603,0.614917,-0.668397,1.143500,24.482,NE,1,0.908228,1,0.908228,1.349907,2.228729,1.775877,-1.185130,10.548853,4.539406,-0.337627,1.462469,0.949174,1.775877,0.043982,0.018326,-0.082467,0.095242,0.047647,-14.462001,-35.342003,2.088000,NaN,-0.971301,true,Self-supervised model,0.196978,7.719000,112.904057,14.626773,0.000000,0.000000,0.760136,18.645922,false,false
2026-04-17T14:47:42.038751,0.614917,-0.668397,1.141262,24.611,NE,1,0.908228,1,0.908228,1.423605,2.218524,1.810516,-1.273715,10.577583,4.525041,-0.420521,1.490602,0.937676,1.810516,0.045815,-0.006109,-0.068417,0.082566,0.046220,-14.462001,-35.342003,2.088000,NaN,-0.969684,true,Self-supervised model,0.201878,7.729000,112.775824,14.591257,0.000000,0.000000,0.786298,21.928025,false,false
2026-04-17T14:47:42.044648,0.614917,-0.668397,1.139823,24.693,NE,1,0.908228,1,0.908228,1.490732,2.211413,1.843150,-1.304840,10.594342,4.546589,-0.449255,1.506266,0.962567,1.843150,0.048869,-0.052534,-0.020769,0.074696,0.071750,-14.462001,-35.342003,2.088000,NaN,-0.967929,true,Self-supervised model,0.204141,7.735000,112.693347,14.569276,0.000000,0.000000,0.808796,24.675479,false,false
2026-04-17T14:47:42.052551,0.614917,-0.668397,1.138903,24.746,NE,1,0.908228,1,0.908228,1.552051,2.207038,1.873974,-1.249773,10.618284,4.589684,-0.396284,1.528813,1.008696,1.873974,0.047037,-0.104458,0.034208,0.119558,0.114560,-14.462001,-35.342003,2.088000,NaN,-0.966769,true,Self-supervised model,0.198260,7.743000,112.640660,14.547418,0.000000,0.000000,0.828214,15.674176,false,false
2026-04-17T14:47:42.060564,0.614917,-0.668397,1.138214,24.785,NE,1,0.908228,1,0.908228,1.605380,2.204972,1.885360,-1.084573,10.637438,4.630386,-0.238747,1.546199,1.052070,1.885360,0.048869,-0.156382,0.091019,0.187424,0.163839,-14.462001,-35.342003,2.088000,NaN,-0.966537,true,Self-supervised model,0.193905,7.751000,112.601176,14.527310,0.000000,0.000000,0.851498,10.059322,false,false
2026-04-17T14:47:42.069317,0.614917,-0.668397,1.137476,24.827,NE,1,0.908228,1,0.908228,1.649453,2.204751,1.880833,-0.890643,10.639832,4.644751,-0.057449,1.546388,1.069073,1.880833,0.056200,-0.191201,0.127060,0.236348,0.199289,-14.462001,-35.342003,2.088000,NaN,-0.967468,true,Self-supervised model,0.191731,7.759000,112.558913,14.506884,0.000000,0.000000,0.876980,7.957897,false,false
2026-04-17T14:47:42.079870,0.614917,-0.668397,1.136494,24.884,NE,1,0.908228,1,0.908228,1.693208,2.206289,1.922923,-0.629675,10.687716,4.635174,0.187875,1.591670,1.062508,1.922923,0.063530,-0.207694,0.143553,0.260347,0.217193,-14.462001,-35.342003,2.088000,NaN,-0.969428,true,Self-supervised model,0.191608,7.770000,112.502646,14.479105,0.000000,0.000000,0.880539,7.386004,false,false
2026-04-17T14:47:42.085541,0.614917,-0.668397,1.135198,24.958,NE,1,0.908228,1,0.908228,1.732029,2.209319,1.935841,-0.366313,10.716447,4.539406,0.435312,1.617634,0.970177,1.935841,0.069639,-0.193033,0.126449,0.241041,0.205211,-17.157001,-32.997002,3.628000,NaN,-0.971979,true,Self-supervised model,0.191237,7.776000,112.428396,14.458384,0.000000,0.000000,0.894717,8.031164,false,false
2026-04-17T14:47:42.092627,0.614917,-0.668397,1.133643,25.047,NE,1,0.908228,1,0.908228,1.756454,2.213204,1.884683,-0.114922,10.682928,4.338294,0.673554,1.581516,0.772763,1.884683,0.059865,-0.146608,0.076969,0.176073,0.158359,-17.157001,-32.997002,3.628000,NaN,-0.974572,true,Self-supervised model,0.193252,7.783000,112.339287,14.433931,0.000000,0.000000,0.931962,10.703967,false,false
2026-04-17T14:47:42.104634,0.614917,-0.668397,1.131997,25.141,NE,1,0.908228,1,0.908228,1.765637,2.217302,1.813849,0.019154,10.635044,4.113238,0.800197,1.531783,0.550794,1.813849,0.037874,-0.089797,0.012828,0.098298,0.097457,-17.157001,-32.997002,3.628000,NaN,-0.976582,true,Self-supervised model,0.199349,7.795000,112.244962,14.399610,0.000000,0.000000,0.973420,18.452541,false,false
2026-04-17T14:47:42.109108,0.614917,-0.668397,1.130508,25.227,NE,1,0.908228,1,0.908228,1.758003,2.220930,1.717922,0.134075,10.532093,3.833117,0.914869,1.428476,0.271528,1.717922,-0.023213,-0.041539,-0.078802,0.092054,0.047585,-17.157001,-32.997002,3.628000,NaN,-0.977441,true,Self-supervised model,0.196496,7.799000,112.159668,14.381288,0.000000,0.000000,1.023331,18.662039,false,false
2026-04-17T14:47:42.116505,0.614917,-0.668397,1.129431,25.288,NE,1,0.908228,1,0.908228,1.735764,2.223523,1.619009,0.167594,10.407595,3.564966,0.956181,1.306486,-0.001312,1.619009,-0.132558,-0.023824,-0.180205,0.224973,0.134682,-17.157001,-32.997002,3.628000,NaN,-0.976870,true,Self-supervised model,0.186580,7.807000,112.097970,14.358649,0.000000,0.000000,1.072115,7.196444,false,false
2026-04-17T14:47:42.124841,0.614917,-0.668397,1.129013,25.312,NE,1,0.908228,1,0.908228,1.700456,2.224600,1.515089,0.124498,10.271125,3.356671,0.927861,1.176720,-0.223383,1.515089,-0.294437,-0.047647,-0.276111,0.406449,0.298267,-17.157001,-32.997002,3.628000,NaN,-0.974654,true,Self-supervised model,0.181084,7.815000,112.074002,14.340883,0.000000,0.000000,1.122347,3.727625,false,false
2026-04-17T14:47:42.132834,0.614917,-0.668397,1.129403,25.290,NE,1,0.908228,1,0.908228,1.651266,2.223667,1.393022,0.057461,10.137050,3.380613,0.881141,1.054987,-0.226060,1.393022,-0.472810,-0.100793,-0.350026,0.596847,0.483434,-17.157001,-32.997002,3.628000,NaN,-0.971031,true,Self-supervised model,0.175648,7.823000,112.096349,14.329074,0.000000,0.000000,1.185384,2.333969,false,false
2026-04-17T14:47:42.141065,0.614917,-0.668397,1.130644,25.219,NE,1,0.908228,1,0.908228,1.579637,2.219906,1.203583,-0.007183,9.923966,3.608062,0.840254,0.860787,-0.040371,1.203583,-0.705549,-0.178984,-0.420275,0.840516,0.727898,-17.157001,-32.997002,3.628000,NaN,-0.966384,true,Self-supervised model,0.167682,7.831000,112.167475,14.323519,0.000000,0.000000,1.312446,1.431958,false,false
2026-04-17T14:47:42.148878,0.614917,-0.668397,1.132664,25.103,NE,1,0.908228,1,0.908228,1.505504,2.213330,1.116306,-0.117316,9.732430,4.144363,0.755737,0.695470,0.437405,1.116306,-0.931570,-0.263283,-0.466701,1.074686,0.968060,-17.157001,-32.997002,3.628000,NaN,-0.961251,true,Self-supervised model,0.162043,7.839000,112.283195,14.323663,0.000000,0.000000,1.348648,1.038728,false,false
2026-04-17T14:47:42.156808,0.614917,-0.668397,1.135310,24.952,NE,1,0.908228,1,0.908228,1.491100,2.206441,1.415476,-0.208296,9.464279,4.927267,0.690772,0.460536,1.146435,1.415476,-1.097114,-0.319483,-0.494190,1.244971,1.142685,-17.157001,-32.997002,3.628000,NaN,-0.956102,true,Self-supervised model,0.165726,7.847000,112.434772,14.328377,0.000000,0.000000,1.053426,1.136955,false,false
2026-04-17T14:47:42.164676,0.614917,-0.668397,1.138394,24.775,NE,1,0.908228,1,0.908228,1.545105,2.201987,1.828631,-0.217872,9.105149,5.544971,0.707243,0.139621,1.680537,1.828631,-1.177748,-0.322537,-0.506407,1.321957,1.221115,-17.157001,-32.997002,3.628000,NaN,-0.951264,true,Self-supervised model,0.170699,7.855000,112.611477,14.336280,0.000000,0.000000,0.844952,1.383276,false,false
2026-04-17T14:47:42.172950,0.614917,-0.668397,1.141753,24.582,NE,1,0.908228,1,0.908228,1.686395,2.203363,2.428169,-0.280122,8.705317,6.275203,0.671533,-0.219144,2.323150,2.428169,-1.201572,-0.299324,-0.506407,1.337841,1.238293,-17.157001,-32.997002,3.628000,NaN,-0.946802,true,Self-supervised model,0.177525,7.863000,112.803976,14.346175,0.000000,0.000000,0.694513,1.814991,false,false
2026-04-17T14:47:42.180566,0.614917,-0.668397,1.145277,24.380,NE,1,0.908228,1,0.908228,1.907126,2.213514,3.065967,-0.363919,8.305486,6.986280,0.613455,-0.577472,2.947941,3.065967,-1.136209,-0.252287,-0.456316,1.250138,1.163882,-17.157001,-32.997002,3.628000,NaN,-0.942625,true,Self-supervised model,0.184033,7.871000,113.005842,14.357241,0.000000,0.000000,0.622031,2.452503,false,false
2026-04-17T14:47:42.189426,0.614917,-0.668397,1.148839,24.176,NE,1,0.908228,1,0.908228,2.160985,2.233413,3.493740,-0.399832,7.943961,7.441179,0.599291,-0.899528,3.322337,3.493740,-1.011593,-0.216857,-0.377515,1.101301,1.034576,-17.157001,-32.997002,3.628000,NaN,-0.938906,true,Self-supervised model,0.190527,7.880000,113.209947,14.366744,0.000000,0.000000,0.618530,3.172375,false,false
2026-04-17T14:47:42.196615,0.614917,-0.668397,1.152240,23.982,NE,1,0.908228,1,0.908228,2.394846,2.261870,3.622621,-0.339977,7.661446,7.560889,0.674681,-1.146181,3.369637,3.622621,-0.869261,-0.180816,-0.296881,0.936188,0.887868,-17.157001,-32.997002,3.628000,NaN,-0.936151,true,Self-supervised model,0.194336,7.887000,113.404797,14.378699,0.000000,0.000000,0.661081,3.869545,false,false
2026-04-17T14:47:42.205675,0.614917,-0.668397,1.155254,23.809,NE,1,0.908228,1,0.908228,2.590360,2.297010,3.616806,-0.213084,7.340622,7.467515,0.813179,-1.437540,3.217687,3.616806,-0.681726,-0.131947,-0.191812,0.720383,0.694377,-17.157001,-32.997002,3.628000,NaN,-0.934685,true,Self-supervised model,0.199352,7.896000,113.577484,14.384180,0.000000,0.000000,0.716201,5.020672,false,false
2026-04-17T14:47:42.212788,0.614917,-0.668397,1.157839,23.661,NE,1,0.908228,1,0.908228,2.723543,2.336071,3.422751,-0.119710,7.101202,7.151481,0.911936,-1.653469,2.854757,3.422751,-0.507629,-0.078191,-0.088575,0.521197,0.513616,-17.157001,-32.997002,3.628000,NaN,-0.933815,true,Self-supervised model,0.200990,7.903000,113.725593,14.390180,0.000000,0.000000,0.795717,6.567093,false,false
2026-04-17T14:47:42.221071,0.614917,-0.668397,1.159838,23.546,NE,1,0.908228,1,0.908228,2.785652,2.376054,3.111728,-0.050278,6.955156,6.689400,0.980601,-1.781262,2.355500,3.111728,-0.368352,-0.036041,0.008552,0.370210,0.370111,-17.157001,-32.997002,3.628000,NaN,-0.934160,true,Self-supervised model,0.201963,7.911000,113.840136,14.390107,0.000000,0.000000,0.895211,8.405316,false,false
2026-04-17T14:47:42.228602,0.614917,-0.668397,1.161113,23.473,NE,1,0.908228,1,0.908228,2.784269,2.414383,2.777007,-0.033519,6.912060,6.222530,0.990362,-1.810190,1.858539,2.777007,-0.280998,-0.018326,0.076969,0.291925,0.281595,-17.157001,-32.997002,3.628000,NaN,-0.935782,true,Self-supervised model,0.200482,7.919000,113.913182,14.384794,0.000000,0.000000,1.002615,9.512756,false,false
2026-04-17T14:47:42.240678,0.614917,-0.668397,1.161546,23.448,NE,1,0.908228,1,0.908228,2.723374,2.448743,2.403672,-0.067038,6.931214,5.702989,0.943967,-1.779031,1.312102,2.403672,-0.222966,-0.033598,0.149662,0.270631,0.225483,-17.157001,-32.997002,3.628000,NaN,-0.938715,true,Self-supervised model,0.196676,7.931000,113.938008,14.366159,0.000000,0.000000,1.133006,8.881723,false,false
2026-04-17T14:47:42.244514,0.614917,-0.668397,1.161067,23.476,NE,1,0.908228,1,0.908228,2.622430,2.477690,2.092479,-0.136469,6.991069,5.272032,0.854659,-1.708077,0.854691,2.092479,-0.205251,-0.094684,0.216246,0.312818,0.226037,-16.223001,-31.544001,-0.711000,NaN,-0.942844,true,Self-supervised model,0.189375,7.935000,113.910549,14.355457,0.000000,0.000000,1.253265,6.689115,false,false
2026-04-17T14:47:42.252760,0.614917,-0.668397,1.159605,23.560,NE,1,0.908228,1,0.908228,2.501849,2.500656,1.868798,-0.263362,7.046135,4.994305,0.700839,-1.642590,0.550570,1.868798,-0.205862,-0.182649,0.280387,0.392882,0.275208,-16.223001,-31.544001,-0.711000,NaN,-0.948235,true,Self-supervised model,0.183730,7.943000,113.826813,14.330456,0.000000,0.000000,1.338748,4.756635,false,false
2026-04-17T14:47:42.260582,0.614917,-0.668397,1.157160,23.700,NE,1,0.908228,1,0.908228,2.369922,2.517427,1.677303,-0.392649,7.110779,4.721366,0.536797,-1.568883,0.252588,1.677303,-0.212581,-0.301157,0.367741,0.520691,0.368627,-16.223001,-31.544001,-0.711000,NaN,-0.954615,true,Self-supervised model,0.177374,7.951000,113.686708,14.298416,0.000000,0.000000,1.412936,3.221301,false,false
2026-04-17T14:47:42.271075,0.614917,-0.668397,1.153749,23.895,NE,1,0.908228,1,0.908228,2.254216,2.528899,1.646758,-0.407014,7.096414,4.501099,0.479070,-1.575510,0.008551,1.646758,-0.213192,-0.398284,0.461814,0.646029,0.451753,-16.223001,-31.544001,-0.711000,NaN,-0.961888,true,Self-supervised model,0.175739,7.961000,113.491282,14.255908,0.000000,0.000000,1.368881,2.549047,false,false
2026-04-17T14:47:42.276836,0.614917,-0.668397,1.149348,24.147,NE,1,0.908228,1,0.908228,2.164102,2.536307,1.691003,-0.270545,7.079654,4.352659,0.564010,-1.585924,-0.161951,1.691003,-0.205862,-0.455705,0.552833,0.745433,0.500046,-16.223001,-31.544001,-0.711000,NaN,-0.970250,true,Self-supervised model,0.172068,7.967000,113.239120,14.213521,0.000000,0.000000,1.279774,2.268483,false,false
2026-04-17T14:47:42.285687,0.614917,-0.668397,1.143917,24.458,NE,1,0.908228,1,0.908228,2.097321,2.540747,1.746722,-0.062249,7.089231,4.266468,0.714069,-1.571416,-0.267946,1.746722,-0.191201,-0.467312,0.616974,0.797242,0.504914,-16.223001,-31.544001,-0.711000,NaN,-0.979800,true,Self-supervised model,0.174053,7.976000,112.927955,14.158470,0.000000,0.000000,1.200718,2.190956,false,false
2026-04-17T14:47:42.292821,0.614917,-0.668397,1.137435,24.830,NE,1,0.908228,1,0.908228,2.062952,2.543635,1.882518,0.270545,7.089231,4.211401,0.985077,-1.567729,-0.340178,1.882518,-0.177762,-0.455705,0.653015,0.815902,0.489149,-16.223001,-31.544001,-0.711000,NaN,-0.990487,true,Self-supervised model,0.174597,7.983000,112.556565,14.099532,0.000000,0.000000,1.095847,2.307286,false,false
2026-04-17T14:47:42.300567,0.614917,-0.668397,1.129964,25.258,NE,1,0.908228,1,0.908228,2.050570,2.545913,1.985561,0.567426,7.129933,4.194642,1.217709,-1.523053,-0.374097,1.985561,-0.139888,-0.379958,0.670119,0.782941,0.404891,-16.223001,-31.544001,-0.711000,NaN,-1.001915,true,Self-supervised model,0.175974,7.991000,112.128497,14.031848,0.000000,0.000000,1.032741,2.536029,false,false
2026-04-17T14:47:42.309456,0.614917,-0.668397,1.121539,25.741,NE,1,0.908228,1,0.908228,2.055770,2.548307,2.083072,0.849942,7.218518,4.122815,1.441266,-1.432892,-0.456904,2.083072,-0.100182,-0.277333,0.642630,0.707053,0.294873,-16.223001,-31.544001,-0.711000,NaN,-1.014157,true,Self-supervised model,0.178824,8.000000,111.645762,13.955720,0.000000,0.000000,0.986894,2.946134,false,false
2026-04-17T14:47:42.316381,0.614917,-0.668397,1.112490,26.259,NE,1,0.908228,1,0.908228,2.062051,2.550857,2.095024,0.969652,7.311892,4.022259,1.508972,-1.339278,-0.564329,2.095024,-0.058032,-0.175318,0.590096,0.618318,0.184673,-16.223001,-31.544001,-0.711000,NaN,-1.025700,true,Self-supervised model,0.177409,8.006000,111.127296,13.880502,0.000000,0.000000,0.984261,3.388263,false,false
2026-04-17T14:47:42.325025,0.614917,-0.668397,1.103108,26.797,NE,1,0.908228,1,0.908228,2.062077,2.553306,2.062216,1.036689,7.465121,3.885789,1.532404,-1.187026,-0.703876,2.062216,-0.005498,-0.058032,0.511905,0.515213,0.058292,-16.223001,-31.544001,-0.711000,NaN,-1.036412,true,Self-supervised model,0.181075,8.015000,110.589778,13.797851,0.000000,0.000000,0.999933,4.002644,false,false
2026-04-17T14:47:42.332542,0.614917,-0.668397,1.093692,27.336,NE,1,0.908228,1,0.908228,2.047482,2.555073,1.970859,0.955287,7.596802,3.718195,1.416842,-1.057538,-0.870896,1.970859,0.037874,0.033598,0.426995,0.429986,0.050628,-16.223001,-31.544001,-0.711000,NaN,-1.045967,true,Self-supervised model,0.179634,8.023000,110.050268,13.716848,0.000000,0.000000,1.038878,4.583546,false,false
2026-04-17T14:47:42.341718,0.614917,-0.668397,1.084531,27.861,NE,1,0.908228,1,0.908228,2.010138,2.555275,1.814077,0.773327,7.738060,3.593697,1.209127,-0.919676,-0.991506,1.814077,0.080023,0.077580,0.350026,0.367342,0.111456,-16.223001,-31.544001,-0.711000,NaN,-1.054107,true,Self-supervised model,0.179891,8.032000,109.525384,13.636128,0.000000,0.000000,1.108077,4.938383,false,false
2026-04-17T14:47:42.348509,0.614917,-0.668397,1.075869,28.357,NE,1,0.908228,1,0.908228,1.963038,2.553586,1.715764,0.603339,7.867347,3.450045,1.019145,-0.794963,-1.128372,1.715764,0.113621,0.073915,0.299324,0.328585,0.135547,-16.223001,-31.544001,-0.711000,NaN,-1.060776,true,Self-supervised model,0.176040,8.039000,109.029056,13.562515,0.000000,0.000000,1.144119,5.221679,false,false
2026-04-17T14:47:42.356791,0.614917,-0.668397,1.067848,28.817,NE,1,0.908228,1,0.908228,1.900269,2.549453,1.570736,0.342371,8.030152,3.339911,0.740882,-0.637739,-1.229469,1.570736,0.145386,0.030543,0.255342,0.295414,0.148560,-16.223001,-31.544001,-0.711000,NaN,-1.066226,true,Self-supervised model,0.177019,8.047000,108.569532,13.491926,0.000000,0.000000,1.209796,5.317070,false,false
2026-04-17T14:47:42.364562,0.614917,-0.668397,1.060512,29.237,NE,1,0.908228,1,0.908228,1.844280,2.543246,1.550337,0.201113,8.197746,3.203442,0.583112,-0.476572,-1.355140,1.550337,0.172264,-0.034208,0.224188,0.284790,0.175628,-16.223001,-31.544001,-0.711000,NaN,-1.070828,true,Self-supervised model,0.176925,8.055000,108.149179,13.426341,0.000000,0.000000,1.189600,5.443797,false,false
2026-04-17T14:47:42.372995,0.614917,-0.668397,1.053859,29.618,NE,1,0.908228,1,0.908228,1.804766,2.535707,1.597313,0.095768,8.331821,3.057395,0.460912,-0.349692,-1.488853,1.597313,0.189368,-0.089797,0.193033,0.284931,0.209580,-16.223001,-31.544001,-0.711000,NaN,-1.074745,true,Self-supervised model,0.179755,8.063000,107.768018,13.365747,0.000000,0.000000,1.129876,5.605962,false,false
2026-04-17T14:47:42.380712,0.614917,-0.668397,1.047854,29.962,NE,1,0.908228,1,0.908228,1.779557,2.527461,1.647209,0.047884,8.468291,2.949656,0.396708,-0.220787,-1.583405,1.647209,0.200364,-0.122173,0.160658,0.284399,0.234674,-16.223001,-31.544001,-0.711000,NaN,-1.078160,true,Self-supervised model,0.181046,8.071000,107.423957,13.309869,0.000000,0.000000,1.080347,5.791896,false,false
2026-04-17T14:47:42.388989,0.614917,-0.668397,1.042481,30.270,NE,1,0.908228,1,0.908228,1.769015,2.519123,1.713670,-0.023942,8.650250,2.834735,0.310331,-0.046496,-1.684695,1.713670,0.200364,-0.127060,0.115454,0.263855,0.237255,-16.223001,-31.544001,-0.711000,NaN,-1.081007,true,Self-supervised model,0.184488,8.079000,107.116081,13.258582,0.000000,0.000000,1.032296,6.494743,false,false
2026-04-17T14:47:42.399969,0.614917,-0.668397,1.037742,30.542,NE,1,0.908228,1,0.908228,1.763791,2.510910,1.736368,-0.129287,8.820239,2.784456,0.193724,0.116137,-1.721615,1.736368,0.190590,-0.113621,0.062919,0.230636,0.221888,-16.223001,-31.544001,-0.711000,NaN,-1.083210,true,Self-supervised model,0.187556,8.090000,106.844534,13.206988,0.000000,0.000000,1.015793,7.528600,false,false
2026-04-17T14:47:42.405079,0.614917,-0.668397,1.033663,30.775,NE,1,0.908228,1,0.908228,1.764612,2.503058,1.768923,-0.253785,8.937555,2.738967,0.061746,0.226063,-1.753331,1.768923,0.174097,-0.081245,0.003665,0.192156,0.192121,-15.777000,-29.724001,-2.820000,NaN,-1.084645,true,Self-supervised model,0.187629,8.095000,106.610857,13.169964,0.000000,0.000000,0.997563,9.205673,false,false
2026-04-17T14:47:42.413266,0.614917,-0.668397,1.030267,30.970,NE,1,0.908228,1,0.908228,1.765942,2.495573,1.772926,-0.368707,9.026140,2.731784,-0.056637,0.306685,-1.745280,1.772926,0.161268,-0.050702,-0.041539,0.174079,0.169051,-15.777000,-29.724001,-2.820000,NaN,-1.085309,true,Self-supervised model,0.191428,8.103000,106.416300,13.132951,0.000000,0.000000,0.996061,10.184579,false,false
2026-04-17T14:47:42.420654,0.614917,-0.668397,1.027575,31.124,NE,1,0.908228,1,0.908228,1.769746,2.488540,1.789715,-0.481235,9.076419,2.712631,-0.168807,0.348239,-1.747374,1.789715,0.143553,-0.021991,-0.085521,0.168538,0.145228,-15.777000,-29.724001,-2.820000,NaN,-1.085190,true,Self-supervised model,0.192611,8.111000,106.262024,13.100977,0.000000,0.000000,0.988842,10.619066,false,false
2026-04-17T14:47:42.428396,0.614917,-0.668397,1.025586,31.238,NE,1,0.908228,1,0.908228,1.774873,2.481994,1.801791,-0.593762,9.165004,2.712631,-0.277898,0.427185,-1.728218,1.801791,0.117897,-0.012828,-0.109956,0.161724,0.118593,-15.777000,-29.724001,-2.820000,NaN,-1.084363,true,Self-supervised model,0.194166,8.118000,106.148080,13.075644,0.000000,0.000000,0.985061,11.141175,false,false
2026-04-17T14:47:42.437220,0.614917,-0.668397,1.024286,31.313,NE,1,0.908228,1,0.908228,1.774700,2.475702,1.773792,-0.639252,9.208099,2.736573,-0.318213,0.459856,-1.683334,1.773792,0.088575,-0.026267,-0.120951,0.152200,0.092388,-15.777000,-29.724001,-2.820000,NaN,-1.082909,true,Self-supervised model,0.195207,8.127000,106.073581,13.051997,0.000000,0.000000,1.000512,11.654362,false,false
2026-04-17T14:47:42.444835,0.614917,-0.668397,1.023625,31.351,NE,1,0.908228,1,0.908228,1.762375,2.469169,1.697665,-0.670376,9.299079,2.825158,-0.343640,0.539814,-1.572444,1.697665,0.047037,-0.049480,-0.124006,0.141556,0.068269,-15.777000,-29.724001,-2.820000,NaN,-1.081014,true,Self-supervised model,0.194928,8.135000,106.035699,13.034505,0.000000,0.000000,1.038117,11.992882,false,false
2026-04-17T14:47:42.452874,0.614917,-0.668397,1.023532,31.356,NE,1,0.908228,1,0.908228,1.729164,2.461569,1.554806,-0.634463,9.351752,2.964022,-0.301953,0.581007,-1.410205,1.554806,0.003665,-0.075136,-0.128282,0.148711,0.075226,-15.777000,-29.724001,-2.820000,NaN,-1.078834,true,Self-supervised model,0.191887,8.143000,106.030377,13.021046,0.000000,0.000000,1.112141,10.455185,false,false
2026-04-17T14:47:42.460605,0.614917,-0.668397,1.023943,31.332,NE,1,0.908228,1,0.908228,1.677231,2.452195,1.404585,-0.565032,9.402030,3.110068,-0.226500,0.619534,-1.240054,1.404585,-0.040928,-0.077580,-0.138666,0.164080,0.087714,-15.777000,-29.724001,-2.820000,NaN,-1.076406,true,Self-supervised model,0.187346,8.151000,106.053937,13.011157,0.000000,0.000000,1.194112,8.560388,false,false
2026-04-17T14:47:42.471566,0.614917,-0.668397,1.024801,31.283,NE,1,0.908228,1,0.908228,1.604870,2.440302,1.224975,-0.555455,9.452309,3.313575,-0.209143,0.657948,-1.011893,1.224975,-0.073304,-0.048869,-0.150884,0.174721,0.088100,-15.777000,-29.724001,-2.820000,NaN,-1.073761,true,Self-supervised model,0.182393,8.162000,106.103097,12.999644,0.000000,0.000000,1.310125,7.011020,false,false
2026-04-17T14:47:42.477310,0.614917,-0.668397,1.026086,31.210,NE,1,0.908228,1,0.908228,1.517129,2.425375,1.056486,-0.545878,9.528923,3.552995,-0.188613,0.722638,-0.747250,1.056486,-0.100793,0.008552,-0.172264,0.199768,0.101155,-15.777000,-29.724001,-2.820000,NaN,-1.070767,true,Self-supervised model,0.176213,8.167000,106.176737,13.000702,0.000000,0.000000,1.436014,5.288569,false,false
2026-04-17T14:47:42.485339,0.614917,-0.668397,1.027798,31.111,NE,1,0.908228,1,0.908228,1.423167,2.407287,0.929870,-0.615310,9.576807,3.794810,-0.242688,0.758671,-0.479769,0.929870,-0.118508,0.101404,-0.194255,0.249122,0.155971,-15.777000,-29.724001,-2.820000,NaN,-1.067348,true,Self-supervised model,0.172029,8.175000,106.274827,12.999979,0.000000,0.000000,1.530502,3.732585,false,false
2026-04-17T14:47:42.492481,0.614917,-0.668397,1.029957,30.988,NE,1,0.908228,1,0.908228,1.341247,2.386645,0.911167,-0.761356,9.629479,4.012682,-0.367764,0.799624,-0.235746,0.911167,-0.120340,0.205862,-0.208916,0.317028,0.238455,-15.777000,-29.724001,-2.820000,NaN,-1.063403,true,Self-supervised model,0.170207,8.183000,106.398508,13.002384,0.000000,0.000000,1.472010,2.874092,false,false
2026-04-17T14:47:42.500810,0.614917,-0.668397,1.032595,30.837,NE,1,0.908228,1,0.908228,1.282047,2.364461,0.971243,-0.883460,9.679757,4.237737,-0.466426,0.851825,-0.012452,0.971243,-0.119119,0.287718,-0.208305,0.374649,0.311401,-15.777000,-29.724001,-2.820000,NaN,-1.058847,true,Self-supervised model,0.171408,8.191000,106.549655,13.008138,0.000000,0.000000,1.320006,2.592411,false,false
2026-04-17T14:47:42.508703,0.614917,-0.668397,1.035479,30.671,NE,1,0.908228,1,0.908228,1.255163,2.342089,1.114027,-1.029507,9.744401,4.481946,-0.586580,0.918911,0.229307,1.114027,-0.109956,0.354913,-0.188757,0.416752,0.371555,-15.777000,-29.724001,-2.820000,NaN,-1.054980,true,Self-supervised model,0.174328,8.199000,106.714884,13.015598,0.000000,0.000000,1.126691,2.673114,false,false
2026-04-17T14:47:42.516583,0.614917,-0.668397,1.038536,30.496,NE,1,0.908228,1,0.908228,1.255208,2.320614,1.255440,-1.132457,9.775525,4.733337,-0.663343,0.952638,0.478108,1.255440,-0.090408,0.382402,-0.156382,0.422918,0.392944,-15.777000,-29.724001,-2.820000,NaN,-1.051231,true,Self-supervised model,0.177346,8.207000,106.890027,13.024251,0.000000,0.000000,0.999815,2.968518,false,false
2026-04-17T14:47:42.524853,0.614917,-0.668397,1.041650,30.318,NE,1,0.908228,1,0.908228,1.289540,2.301371,1.469784,-1.259350,9.842564,4.984728,-0.762765,1.017713,0.736692,1.469784,-0.061087,0.369573,-0.109345,0.390221,0.374588,-15.777000,-29.724001,-2.820000,NaN,-1.047888,true,Self-supervised model,0.182239,8.215000,107.068453,13.033287,0.000000,0.000000,0.877367,3.766543,false,false
2026-04-17T14:47:42.532668,0.614917,-0.668397,1.044867,30.134,NE,1,0.908228,1,0.908228,1.344633,2.285102,1.633869,-1.316811,9.902418,5.178658,-0.797189,1.076603,0.935384,1.633869,-0.028711,0.336587,-0.063530,0.343731,0.337809,-15.777000,-29.724001,-2.820000,NaN,-1.044258,true,Self-supervised model,0.185245,8.223000,107.252786,13.043024,0.000000,0.000000,0.822975,4.753335,false,false
2026-04-17T14:47:42.543252,0.614917,-0.668397,1.047970,29.956,NE,1,0.908228,1,0.908228,1.423743,2.272647,1.839074,-1.417367,9.983821,5.365406,-0.880413,1.157136,1.126100,1.839074,0.020159,0.287107,-0.006109,0.287878,0.287813,-15.777000,-29.724001,-2.820000,NaN,-1.041609,true,Self-supervised model,0.190567,8.233000,107.430611,13.048781,0.000000,0.000000,0.774163,6.388372,false,false
2026-04-17T14:47:42.548577,0.614917,-0.668397,1.050771,29.795,NE,1,0.908228,1,0.908228,1.519558,2.264524,2.022586,-1.470040,10.084377,5.523423,-0.922701,1.255830,1.289328,2.022586,0.080634,0.238237,0.056810,0.257850,0.251513,-15.777000,-29.724001,-2.820000,NaN,-1.040020,true,Self-supervised model,0.192491,8.239000,107.591083,13.058755,0.000000,0.000000,0.751295,7.844053,false,false
2026-04-17T14:47:42.560014,0.614917,-0.668397,1.053078,29.663,NE,1,0.908228,1,0.908228,1.612715,2.260451,2.101791,-1.453280,10.158598,5.583278,-0.903567,1.326399,1.357114,2.101791,0.136834,0.191812,0.128893,0.268568,0.235617,-15.777000,-29.724001,-2.820000,NaN,-1.039687,true,Self-supervised model,0.195768,8.250000,107.723270,13.057366,0.000000,0.000000,0.767305,7.825933,false,false
2026-04-17T14:47:42.564544,0.614917,-0.668397,1.054700,29.570,NE,1,0.908228,1,0.908228,1.699144,2.259999,2.152897,-1.386243,10.211270,5.643134,-0.841423,1.373099,1.428835,2.152897,0.185092,0.153938,0.192423,0.308192,0.240741,-19.176001,-29.207001,-2.331000,NaN,-1.040805,true,Self-supervised model,0.194285,8.255000,107.816208,13.060716,0.000000,0.000000,0.789236,6.985564,false,false
2026-04-17T14:47:42.573084,0.614917,-0.668397,1.055509,29.524,NE,1,0.908228,1,0.908228,1.768543,2.262341,2.132884,-1.254562,10.228029,5.655105,-0.720849,1.382000,1.455901,2.132884,0.220522,0.123395,0.244346,0.351513,0.252698,-19.176001,-29.207001,-2.331000,NaN,-1.043250,true,Self-supervised model,0.195225,8.263000,107.862542,13.053678,0.000000,0.000000,0.829179,6.067724,false,false
2026-04-17T14:47:42.581139,0.614917,-0.668397,1.055437,29.528,NE,1,0.908228,1,0.908228,1.828886,2.267003,2.145689,-1.127669,10.304645,5.640739,-0.611540,1.449048,1.459541,2.145689,0.276722,0.062919,0.335365,0.439322,0.283785,-19.176001,-29.207001,-2.331000,NaN,-1.046847,true,Self-supervised model,0.194665,8.271000,107.858391,13.040550,0.000000,0.000000,0.852354,4.884096,false,false
2026-04-17T14:47:42.589247,0.614917,-0.668397,1.054418,29.586,NE,1,0.908228,1,0.908228,1.888913,2.273879,2.204055,-1.003170,10.429143,5.628768,-0.510519,1.562433,1.468343,2.204055,0.316428,0.026267,0.395230,0.506975,0.317517,-19.176001,-29.207001,-2.331000,NaN,-1.051650,true,Self-supervised model,0.193717,8.279000,107.800032,13.020900,0.000000,0.000000,0.857017,4.347465,false,false
2026-04-17T14:47:42.596691,0.614917,-0.668397,1.052418,29.701,NE,1,0.908228,1,0.908228,1.947026,2.282805,2.252121,-0.857124,10.539276,5.607220,-0.392987,1.660006,1.470371,2.252121,0.352469,0.015272,0.434325,0.559559,0.352800,-19.176001,-29.207001,-2.331000,NaN,-1.057579,true,Self-supervised model,0.192523,8.287000,107.685410,12.994499,0.000000,0.000000,0.864530,4.024815,false,false
2026-04-17T14:47:42.605792,0.614917,-0.668397,1.049422,29.873,NE,1,0.908228,1,0.908228,2.012092,2.293976,2.353685,-0.744597,10.692505,5.595249,-0.312042,1.799378,1.484823,2.353685,0.396452,0.019548,0.470366,0.615468,0.396933,-19.176001,-29.207001,-2.331000,NaN,-1.064554,true,Self-supervised model,0.192737,8.296000,107.513778,12.959713,0.000000,0.000000,0.854869,3.824222,false,false
2026-04-17T14:47:42.613443,0.614917,-0.668397,1.045481,30.098,NE,1,0.908228,1,0.908228,2.084604,2.307602,2.465292,-0.694318,10.876859,5.535394,-0.294644,1.968659,1.454383,2.465292,0.440434,0.054367,0.478307,0.652469,0.443777,-19.176001,-29.207001,-2.331000,NaN,-1.072279,true,Self-supervised model,0.191967,8.304000,107.287949,12.920032,0.000000,0.000000,0.845581,3.778405,false,false
2026-04-17T14:47:42.620450,0.614917,-0.668397,1.040687,30.373,NE,1,0.908228,1,0.908228,2.152066,2.323380,2.506241,-0.684742,11.042058,5.351041,-0.316232,2.117702,1.302529,2.506241,0.474642,0.129503,0.462425,0.675199,0.491992,-19.176001,-29.207001,-2.331000,NaN,-1.080482,true,Self-supervised model,0.191190,8.311000,107.013295,12.876103,0.000000,0.000000,0.858683,3.711857,false,false
2026-04-17T14:47:42.628625,0.614917,-0.668397,1.035204,30.687,NE,1,0.908228,1,0.908228,2.216302,2.341097,2.553543,-0.785298,11.235989,5.042189,-0.443108,2.294594,1.029114,2.553543,0.498466,0.262061,0.429438,0.708210,0.563156,-19.176001,-29.207001,-2.331000,NaN,-1.088724,true,Self-supervised model,0.191162,8.319000,106.699125,12.825956,0.000000,0.000000,0.867932,3.605628,false,false
2026-04-17T14:47:42.636514,0.614917,-0.668397,1.029239,31.029,NE,1,0.908228,1,0.908228,2.276872,2.360528,2.594867,-0.900220,11.386824,4.685453,-0.577658,2.428391,0.708918,2.594867,0.489303,0.397673,0.390954,0.741894,0.630525,-19.176001,-29.207001,-2.331000,NaN,-1.096615,true,Self-supervised model,0.189951,8.327000,106.357363,12.772591,0.000000,0.000000,0.877453,3.497626,false,false
2026-04-17T14:47:42.644426,0.614917,-0.668397,1.023009,31.386,NE,1,0.908228,1,0.908228,2.328078,2.381230,2.596906,-0.960075,11.463438,4.295198,-0.650555,2.489105,0.353633,2.596906,0.432493,0.494190,0.346971,0.742740,0.656714,-19.176001,-29.207001,-2.331000,NaN,-1.103903,true,Self-supervised model,0.189685,8.335000,106.000440,12.717509,0.000000,0.000000,0.896481,3.496387,false,false
2026-04-17T14:47:42.652684,0.614917,-0.668397,1.016700,31.747,NE,1,0.908228,1,0.908228,2.369643,2.402766,2.587857,-1.024718,11.470620,4.005499,-0.723267,2.482961,0.093787,2.587857,0.335976,0.516792,0.315206,0.692321,0.616404,-19.176001,-29.207001,-2.331000,NaN,-1.110533,true,Self-supervised model,0.191066,8.343000,105.638929,12.661984,0.000000,0.000000,0.915677,3.737942,false,false
2026-04-17T14:47:42.660412,0.614917,-0.668397,1.010449,32.106,NE,1,0.908228,1,0.908228,2.415885,2.425291,2.658659,-1.098939,11.530476,3.830723,-0.803782,2.533534,-0.060079,2.658659,0.167377,0.439212,0.286496,0.550456,0.470024,-19.176001,-29.207001,-2.331000,NaN,-1.116546,true,Self-supervised model,0.193536,8.350000,105.280808,12.608480,0.000000,0.000000,0.908686,4.829918,false,false
2026-04-17T14:47:42.669068,0.614917,-0.668397,1.004326,32.456,NE,1,0.908228,1,0.908228,2.467266,2.448970,2.737017,-1.192312,11.583148,3.900155,-0.905568,2.582815,0.016577,2.737017,-0.043982,0.268781,0.275500,0.387399,0.272355,-19.176001,-29.207001,-2.331000,NaN,-1.122161,true,Self-supervised model,0.198850,8.359000,104.929974,12.552934,0.000000,0.000000,0.901444,7.065113,false,false
2026-04-17T14:47:42.676902,0.614917,-0.668397,0.998327,32.800,NE,1,0.908228,1,0.908228,2.506961,2.473290,2.715359,-1.173159,11.528081,4.288015,-0.900409,2.530919,0.396091,2.715359,-0.259007,0.042761,0.284663,0.387229,0.262513,-19.176001,-29.207001,-2.331000,NaN,-1.127665,true,Self-supervised model,0.198160,8.367000,104.586235,12.499849,0.000000,0.000000,0.923252,7.012286,false,false
2026-04-17T14:47:42.686340,0.614917,-0.668397,0.992382,33.141,NE,1,0.908228,1,0.908228,2.530619,2.497583,2.654820,-1.003170,11.367670,4.819528,-0.752359,2.379885,0.904529,2.654820,-0.407447,-0.143553,0.298102,0.524867,0.431996,-19.176001,-29.207001,-2.331000,NaN,-1.133391,true,Self-supervised model,0.196081,8.376000,104.245629,12.445753,0.000000,0.000000,0.953217,5.058079,false,false
2026-04-17T14:47:42.693192,0.614917,-0.668397,0.986374,33.485,NE,1,0.908228,1,0.908228,2.531913,2.520956,2.538709,-0.679953,10.982203,5.432444,-0.456851,2.008080,1.484570,2.538709,-0.500910,-0.265116,0.291994,0.637540,0.566742,-19.176001,-29.207001,-2.331000,NaN,-1.139651,true,Self-supervised model,0.190431,8.383000,103.901402,12.394298,0.000000,0.000000,0.997323,3.982041,false,false
2026-04-17T14:47:42.700403,0.614917,-0.668397,0.980273,33.834,NE,1,0.908228,1,0.908228,2.521054,2.542960,2.464042,-0.301669,10.402806,5.978322,-0.107193,1.444393,1.993425,2.464042,-0.506407,-0.265116,0.243124,0.621163,0.571607,-19.176001,-29.207001,-2.331000,NaN,-1.146124,true,Self-supervised model,0.190547,8.390000,103.551852,12.342295,0.000000,0.000000,1.023137,3.966818,false,false
2026-04-17T14:47:42.709274,0.614917,-0.668397,0.974193,34.183,NE,1,0.908228,1,0.908228,2.520608,2.564066,2.518268,-0.011971,9.856929,6.361394,0.159239,0.913820,2.341207,2.518268,-0.444710,-0.171042,0.169210,0.505623,0.476469,-19.176001,-29.207001,-2.331000,NaN,-1.152123,true,Self-supervised model,0.193922,8.399000,103.203467,12.287590,0.000000,0.000000,1.000929,4.980529,false,false
2026-04-17T14:47:42.720024,0.614917,-0.668397,0.968385,34.516,NE,1,0.908228,1,0.908228,2.521952,2.584381,2.529005,0.138864,9.332599,6.528988,0.295807,0.402610,2.479167,2.529005,-0.355524,-0.047037,0.098960,0.372025,0.358622,-19.176001,-29.207001,-2.331000,NaN,-1.156841,true,Self-supervised model,0.198065,8.410000,102.870699,12.231950,0.000000,0.000000,0.997211,6.797944,false,false
2026-04-17T14:47:42.724491,0.614917,-0.668397,0.963121,34.817,NE,1,0.908228,1,0.908228,2.516460,2.603665,2.487628,0.136469,8.844181,6.540959,0.289665,-0.076046,2.469535,2.487628,-0.230907,0.120340,0.018326,0.261028,0.260384,-19.741001,-26.623001,-3.703000,NaN,-1.159930,true,Self-supervised model,0.195676,8.415000,102.569084,12.188839,0.000000,0.000000,1.011590,9.530111,false,false
2026-04-17T14:47:42.732307,0.614917,-0.668397,0.958621,35.075,NE,1,0.908228,1,0.908228,2.468525,2.620259,2.216865,-0.033519,8.499416,6.258443,0.126079,-0.414774,2.174065,2.216865,-0.141110,0.248011,-0.028100,0.286725,0.285345,-19.741001,-26.623001,-3.703000,NaN,-1.161371,true,Self-supervised model,0.195182,8.422000,102.311284,12.148098,0.000000,0.000000,1.113520,7.731678,false,false
2026-04-17T14:47:42.740712,0.614917,-0.668397,0.955016,35.282,NE,1,0.908228,1,0.908228,2.363366,2.631983,1.811284,-0.395043,8.410830,5.815516,-0.219395,-0.501034,1.726726,1.811284,-0.011606,0.456927,-0.080023,0.464027,0.457075,-19.741001,-26.623001,-3.703000,NaN,-1.161401,true,Self-supervised model,0.185813,8.431000,102.104690,12.110626,0.000000,0.000000,1.304801,3.903404,false,false
2026-04-17T14:47:42.748583,0.614917,-0.668397,0.952351,35.434,NE,1,0.908228,1,0.908228,2.229042,2.637866,1.523841,-0.790087,8.485051,5.425261,-0.592257,-0.426857,1.337578,1.523841,0.026267,0.544892,-0.087354,0.552474,0.545525,-19.741001,-26.623001,-3.703000,NaN,-1.160301,true,Self-supervised model,0.179496,8.439000,101.952029,12.081056,0.000000,0.000000,1.462779,2.758212,false,false
2026-04-17T14:47:42.756636,0.614917,-0.668397,0.950547,35.538,NE,1,0.908228,1,0.908228,2.090877,2.637986,1.365508,-1.187524,8.588001,4.994305,-0.965345,-0.324680,0.909562,1.365508,0.021991,0.578489,-0.073915,0.583607,0.578907,-19.741001,-26.623001,-3.703000,NaN,-1.158665,true,Self-supervised model,0.176884,8.447000,101.848648,12.057375,0.000000,0.000000,1.531208,2.339773,false,false
2026-04-17T14:47:42.764375,0.614917,-0.668397,0.949427,35.602,NE,1,0.908228,1,0.908228,1.977906,2.633583,1.384810,-1.474828,8.655039,4.666299,-1.229279,-0.257783,0.583198,1.384810,-0.021991,0.547335,-0.048869,0.549952,0.547777,-19.741001,-26.623001,-3.703000,NaN,-1.157046,true,Self-supervised model,0.178381,8.454000,101.784491,12.039803,0.000000,0.000000,1.428287,2.518054,false,false
2026-04-17T14:47:42.773316,0.614917,-0.668397,0.948786,35.639,NE,1,0.908228,1,0.908228,1.904667,2.626426,1.520165,-1.711854,8.669404,4.486734,-1.446150,-0.241796,0.401356,1.520165,-0.084299,0.467312,-0.017715,0.475185,0.474855,-19.741001,-26.623001,-3.703000,NaN,-1.155770,true,Self-supervised model,0.182994,8.463000,101.747786,12.022662,0.000000,0.000000,1.252935,3.199102,false,false
2026-04-17T14:47:42.780583,0.614917,-0.668397,0.948423,35.659,NE,1,0.908228,1,0.908228,1.854033,2.617530,1.588202,-1.810017,8.647857,4.450821,-1.526388,-0.257965,0.354935,1.588202,-0.146608,0.377515,0.018937,0.405425,0.404983,-19.741001,-26.623001,-3.703000,NaN,-1.155023,true,Self-supervised model,0.185772,8.471000,101.726984,12.008852,0.000000,0.000000,1.167378,3.917372,false,false
2026-04-17T14:47:42.788731,0.614917,-0.668397,0.948260,35.669,NE,1,0.908228,1,0.908228,1.813254,2.607359,1.599162,-1.802834,8.549694,4.532224,-1.503863,-0.347355,0.418404,1.599162,-0.210138,0.259618,0.072082,0.341694,0.334005,-19.741001,-26.623001,-3.703000,NaN,-1.154386,true,Self-supervised model,0.187466,8.479000,101.717640,11.996419,0.000000,0.000000,1.133877,4.680096,false,false
2026-04-17T14:47:42.797231,0.614917,-0.668397,0.948233,35.670,NE,1,0.908228,1,0.908228,1.771773,2.595936,1.553997,-1.613692,8.305486,4.726154,-1.311845,-0.583312,0.594741,1.553997,-0.254120,0.134390,0.125227,0.313560,0.287468,-19.741001,-26.623001,-3.703000,NaN,-1.153868,true,Self-supervised model,0.187480,8.487000,101.716102,11.984930,0.000000,0.000000,1.140139,4.955988,false,false
2026-04-17T14:47:42.805195,0.614917,-0.668397,0.947898,35.689,NE,1,0.908228,1,0.908228,1.735555,2.583521,1.545412,-1.393425,8.111555,4.927267,-1.094771,-0.767606,0.774957,1.545412,-0.273057,0.045204,0.154549,0.317000,0.276773,-19.741001,-26.623001,-3.703000,NaN,-1.155437,true,Self-supervised model,0.187228,8.495000,101.696897,11.971383,0.000000,0.000000,1.123037,4.875123,false,false
2026-04-17T14:47:42.813163,0.614917,-0.668397,0.947173,35.731,NE,1,0.908228,1,0.908228,1.707093,2.570464,1.557667,-1.053449,7.900866,5.128380,-0.762141,-0.967847,0.953278,1.557667,-0.275500,-0.037874,0.168599,0.325208,0.278091,-19.741001,-26.623001,-3.703000,NaN,-1.157722,true,Self-supervised model,0.187203,8.503000,101.655339,11.955232,0.000000,0.000000,1.095929,4.789753,false,false
2026-04-17T14:47:42.820670,0.614917,-0.668397,0.946068,35.794,NE,1,0.908228,1,0.908228,1.690263,2.557256,1.601906,-0.749385,7.769185,5.276821,-0.467513,-1.088679,1.078106,1.601906,-0.261450,-0.087354,0.163712,0.320606,0.275657,-19.741001,-26.623001,-3.703000,NaN,-1.160346,true,Self-supervised model,0.188042,8.511000,101.592029,11.936556,0.000000,0.000000,1.055157,4.996487,false,false
2026-04-17T14:47:42.829090,0.614917,-0.668397,0.944667,35.875,NE,1,0.908228,1,0.908228,1.689765,2.544556,1.687152,-0.495600,7.644686,5.384560,-0.223274,-1.202307,1.162363,1.687152,-0.235794,-0.103847,0.141110,0.293760,0.257649,-19.741001,-26.623001,-3.703000,NaN,-1.162929,true,Self-supervised model,0.190322,8.519000,101.511776,11.915926,0.000000,0.000000,1.001549,5.743297,false,false
2026-04-17T14:47:42.837192,0.614917,-0.668397,0.943092,35.965,NE,1,0.908228,1,0.908228,1.703689,2.532921,1.776789,-0.282516,7.486669,5.442020,0.001592,-1.336425,1.170873,1.776789,-0.205862,-0.089797,0.109345,0.249798,0.224594,-19.741001,-26.623001,-3.703000,NaN,-1.165202,true,Self-supervised model,0.193119,8.527000,101.421537,11.894164,0.000000,0.000000,0.958859,7.112914,false,false
2026-04-17T14:47:42.844461,0.614917,-0.668397,0.942236,36.014,NE,1,0.908228,1,0.908228,1.737560,2.523107,1.915385,-0.100556,7.299921,5.499481,0.195839,-1.497965,1.177475,1.915385,-0.161268,-0.064752,0.066584,0.186101,0.173782,-19.741001,-26.623001,-3.703000,NaN,-1.163182,true,Self-supervised model,0.198530,8.535000,101.372487,11.877269,0.000000,0.000000,0.907160,10.292153,false,false
2026-04-17T14:47:42.853391,0.614917,-0.668397,0.941960,36.030,NE,1,0.908228,1,0.908228,1.786756,2.515653,2.045034,0.040701,7.089231,5.470751,0.346650,-1.686192,1.103973,2.045034,-0.111177,-0.035430,0.023824,0.119094,0.116686,-19.741001,-26.623001,-3.703000,NaN,-1.161140,true,Self-supervised model,0.206470,8.543000,101.356648,11.864292,0.000000,0.000000,0.873705,17.171649,false,false
2026-04-17T14:47:42.860588,0.614917,-0.668397,0.942038,36.025,NE,1,0.908228,1,0.908228,1.844187,2.510794,2.145698,0.076614,6.880936,5.370194,0.390327,-1.875629,0.966270,2.145698,-0.053756,0.003665,-0.007941,0.054463,0.053881,-19.741001,-26.623001,-3.703000,NaN,-1.159644,true,Self-supervised model,0.225599,8.551000,101.361116,11.853715,0.000000,0.000000,0.859481,39.397343,false,false
2026-04-17T14:47:42.868982,0.614917,-0.668397,0.942327,36.009,NE,1,0.908228,1,0.908228,1.897994,2.508282,2.180483,0.031125,6.734890,5.207389,0.351889,-2.007304,0.775508,2.180483,0.003665,0.047037,-0.018326,0.050613,0.047179,-19.741001,-26.623001,-3.703000,NaN,-1.158509,true,Self-supervised model,0.229017,8.559000,101.377695,11.844572,0.000000,0.000000,0.870447,43.081127,false,false
2026-04-17T14:47:42.880367,0.614917,-0.668397,0.942741,35.985,NE,1,0.908228,1,0.908228,1.946458,2.507809,2.200889,-0.055067,6.600814,4.920084,0.272266,-2.132531,0.471271,2.200889,0.071471,0.111177,-0.011606,0.132677,0.132169,-19.741001,-26.623001,-3.703000,NaN,-1.157599,true,Self-supervised model,0.208307,8.570000,101.401390,11.832134,0.000000,0.000000,0.884396,16.588284,false,false
2026-04-17T14:47:42.886631,0.614917,-0.668397,0.943197,35.959,NE,1,0.908228,1,0.908228,1.979315,2.508669,2.151815,-0.138864,6.596025,4.644751,0.195055,-2.134446,0.190791,2.151815,0.129503,0.194866,0.014050,0.234396,0.233974,-20.386002,-26.443001,-3.383000,NaN,-1.156974,true,Self-supervised model,0.201298,8.577000,101.427504,11.825522,0.000000,0.000000,0.919835,9.180270,false,false
2026-04-17T14:47:42.892799,0.614917,-0.668397,0.943607,35.935,NE,1,0.908228,1,0.908228,1.996774,2.510194,2.088432,-0.239420,6.648698,4.367024,0.101230,-2.084393,-0.081287,2.088432,0.172875,0.280998,0.046426,0.333168,0.329918,-20.386002,-26.443001,-3.383000,NaN,-1.156746,true,Self-supervised model,0.197602,8.583000,101.451016,11.819995,0.000000,0.000000,0.956111,6.268405,false,false
2026-04-17T14:47:42.901116,0.614917,-0.668397,0.943886,35.919,NE,1,0.908228,1,0.908228,2.011000,2.512226,2.085687,-0.347159,6.670246,4.175488,0.000547,-2.069527,-0.259133,2.085687,0.198531,0.337808,0.065363,0.397242,0.391828,-20.386002,-26.443001,-3.383000,NaN,-1.156993,true,Self-supervised model,0.196445,8.591000,101.466997,11.810848,0.000000,0.000000,0.964190,5.250415,false,false
2026-04-17T14:47:42.909919,0.614917,-0.668397,0.943970,35.915,NE,1,0.908228,1,0.908228,2.009491,2.514116,2.001570,-0.457293,6.780379,4.062960,-0.102219,-1.966989,-0.356075,2.001570,0.219301,0.362854,0.081245,0.431690,0.423976,-20.386002,-26.443001,-3.383000,NaN,-1.157687,true,Self-supervised model,0.194588,8.600000,101.471824,11.799049,0.000000,0.000000,1.003957,4.636588,false,false
2026-04-17T14:47:42.916591,0.614917,-0.668397,0.943838,35.922,NE,1,0.908228,1,0.908228,1.993696,2.515300,1.910775,-0.610521,6.900089,4.019865,-0.249147,-1.855464,-0.382415,1.910775,0.233351,0.334754,0.102014,0.420618,0.408060,-20.386002,-26.443001,-3.383000,NaN,-1.158682,true,Self-supervised model,0.193106,8.607000,101.464281,11.788577,0.000000,0.000000,1.043397,4.542777,false,false
2026-04-17T14:47:42.924438,0.614917,-0.668397,0.943485,35.942,NE,1,0.908228,1,0.908228,1.966177,2.515335,1.821701,-0.653617,7.003040,4.019865,-0.289158,-1.761222,-0.364799,1.821701,0.244346,0.287718,0.125227,0.397704,0.377474,-20.386002,-26.443001,-3.383000,NaN,-1.159924,true,Self-supervised model,0.191714,8.615000,101.444019,11.775278,0.000000,0.000000,1.079308,4.580548,false,false
2026-04-17T14:47:42.932996,0.614917,-0.668397,0.942873,35.977,NE,1,0.908228,1,0.908228,1.927598,2.513825,1.725056,-0.658405,7.110779,4.015076,-0.295925,-1.662845,-0.350987,1.725056,0.264505,0.191812,0.165544,0.366278,0.326733,-20.386002,-26.443001,-3.383000,NaN,-1.161570,true,Self-supervised model,0.190413,8.623000,101.408946,11.760286,0.000000,0.000000,1.117412,4.709693,false,false
2026-04-17T14:47:42.941172,0.614917,-0.668397,0.941932,36.031,NE,1,0.908228,1,0.908228,1.882243,2.510562,1.644132,-0.581791,7.189788,4.012682,-0.226533,-1.593889,-0.333721,1.644132,0.288939,0.108123,0.202807,0.369198,0.308507,-20.386002,-26.443001,-3.383000,NaN,-1.163826,true,Self-supervised model,0.188753,8.631000,101.355032,11.743139,0.000000,0.000000,1.144825,4.453250,false,false
2026-04-17T14:47:42.948755,0.614917,-0.668397,0.940612,36.107,NE,1,0.908228,1,0.908228,1.832139,2.505425,1.569089,-0.464475,7.254431,4.050989,-0.121387,-1.540154,-0.274282,1.569089,0.315817,0.035430,0.229074,0.391754,0.317798,-20.386002,-26.443001,-3.383000,NaN,-1.166660,true,Self-supervised model,0.186702,8.639000,101.279428,11.723513,0.000000,0.000000,1.167645,4.005294,false,false
2026-04-17T14:47:42.956748,0.614917,-0.668397,0.938876,36.206,NE,1,0.908228,1,0.908228,1.773312,2.498141,1.464472,-0.330400,7.364564,4.046201,-0.003343,-1.441909,-0.256058,1.464472,0.345750,-0.009163,0.250455,0.427030,0.345871,-20.386002,-26.443001,-3.383000,NaN,-1.170062,true,Self-supervised model,0.183947,8.647000,101.179964,11.701164,0.000000,0.000000,1.210888,3.429439,false,false
2026-04-17T14:47:42.964919,0.614917,-0.668397,0.936721,36.330,NE,1,0.908228,1,0.908228,1.713080,2.488738,1.396859,-0.284910,7.441179,4.050989,0.023343,-1.378250,-0.226050,1.396859,0.373850,-0.032376,0.264505,0.459102,0.375249,-20.386002,-26.443001,-3.383000,NaN,-1.173894,true,Self-supervised model,0.182207,8.655000,101.056485,11.676081,0.000000,0.000000,1.226379,3.042592,false,false
2026-04-17T14:47:42.972857,0.614917,-0.668397,0.934157,36.477,NE,1,0.908228,1,0.908228,1.641488,2.476848,1.265632,-0.201113,7.584831,4.060566,0.086978,-1.248353,-0.189404,1.265632,0.404393,-0.028711,0.273668,0.489134,0.405411,-20.386002,-26.443001,-3.383000,NaN,-1.178092,true,Self-supervised model,0.178646,8.663000,100.909586,11.648342,0.000000,0.000000,1.296971,2.587498,false,false
2026-04-17T14:47:42.980963,0.614917,-0.668397,0.931217,36.645,NE,1,0.908228,1,0.908228,1.565343,2.462388,1.165584,-0.181959,7.706935,3.998317,0.085806,-1.140978,-0.222244,1.165584,0.440434,-0.000611,0.284052,0.524088,0.440434,-20.386002,-26.443001,-3.383000,NaN,-1.182539,true,Self-supervised model,0.176262,8.671000,100.741116,11.618166,0.000000,0.000000,1.342969,2.224025,false,false
2026-04-17T14:47:42.988619,0.614917,-0.668397,0.927939,36.833,NE,1,0.908228,1,0.908228,1.491228,2.445541,1.102125,-0.110133,7.802703,3.924097,0.137883,-1.061029,-0.264357,1.102125,0.469755,0.032376,0.282220,0.548968,0.470870,-20.386002,-26.443001,-3.383000,NaN,-1.187165,true,Self-supervised model,0.174243,8.679000,100.553331,11.585820,0.000000,0.000000,1.353049,2.007628,false,false
2026-04-17T14:47:42.997015,0.614917,-0.668397,0.924363,37.038,NE,1,0.908228,1,0.908228,1.423481,2.426659,1.067810,-0.043096,7.908048,3.754108,0.186579,-0.972282,-0.400092,1.067810,0.491747,0.061697,0.276111,0.567326,0.495602,-20.386002,-26.443001,-3.383000,NaN,-1.191934,true,Self-supervised model,0.173748,8.687000,100.348452,11.551566,0.000000,0.000000,1.333085,1.882181,false,false
2026-04-17T14:47:43.005796,0.614917,-0.668397,0.920557,37.256,NE,1,0.908228,1,0.908228,1.352996,2.405713,0.982946,0.035913,8.099585,3.600879,0.248147,-0.797477,-0.518301,0.982946,0.483805,0.050702,0.266337,0.554593,0.486455,-20.386002,-26.443001,-3.383000,NaN,-1.196665,true,Self-supervised model,0.172012,8.696000,100.130335,11.514528,0.000000,0.000000,1.376470,1.772372,false,false
2026-04-17T14:47:43.013959,0.614917,-0.668397,0.916578,37.484,NE,1,0.908228,1,0.908228,1.268159,2.382210,0.822764,-0.016759,8.403648,3.464410,0.178086,-0.509291,-0.621168,0.822764,0.448375,0.015882,0.255953,0.516531,0.448656,-20.386002,-26.443001,-3.383000,NaN,-1.201333,true,Self-supervised model,0.168328,8.704000,99.902352,11.477752,0.000000,0.000000,1.541339,1.592866,false,false
2026-04-17T14:47:43.020710,0.614917,-0.668397,0.912481,37.719,NE,1,0.908228,1,0.908228,1.168538,2.355664,0.645530,-0.138864,8.698134,3.452439,0.037719,-0.229275,-0.602262,0.645530,0.401338,-0.042150,0.249844,0.474627,0.403546,-20.386002,-26.443001,-3.383000,NaN,-1.205898,true,Self-supervised model,0.162746,8.711000,99.667649,11.441585,0.000000,0.000000,1.810200,1.360077,false,false
2026-04-17T14:47:43.028798,0.614917,-0.668397,0.908305,37.958,NE,1,0.908228,1,0.908228,1.069777,2.326228,0.551284,-0.241814,9.028535,3.490746,-0.085265,0.088729,-0.537374,0.551284,0.337198,-0.125227,0.246179,0.435876,0.359700,-20.386002,-26.443001,-3.383000,NaN,-1.210392,true,Self-supervised model,0.161487,8.719000,99.428389,11.403646,0.000000,0.000000,1.940519,1.264773,false,false
2026-04-17T14:47:43.041090,0.614917,-0.668397,0.904067,38.201,NE,1,0.908228,1,0.908228,0.982387,2.294474,0.523590,-0.289698,9.260772,3.615245,-0.155494,0.310991,-0.391474,0.523590,0.274278,-0.221744,0.243735,0.428726,0.352703,-20.386002,-26.443001,-3.383000,NaN,-1.214880,true,Self-supervised model,0.162352,8.731000,99.185549,11.360159,0.000000,0.000000,1.876254,1.221269,false,false
2026-04-17T14:47:43.045026,0.614917,-0.668397,0.899782,38.446,NE,1,0.908228,1,0.908228,0.900511,2.260716,0.470660,-0.210690,9.390059,3.833117,-0.101761,0.432165,-0.156201,0.470660,0.209527,-0.323148,0.230296,0.448734,0.385131,-24.786001,-24.964001,-3.856000,NaN,-1.219354,true,Self-supervised model,0.155398,8.735000,98.940014,11.326848,0.000000,0.000000,1.913294,1.048862,false,false
2026-04-17T14:47:43.052728,0.614917,-0.668397,0.895455,38.694,NE,1,0.908228,1,0.908228,0.834456,2.225666,0.487668,-0.047884,9.445126,4.048595,0.033718,0.481071,0.072484,0.487668,0.166766,-0.399506,0.218079,0.484742,0.432916,-24.786001,-24.964001,-3.856000,NaN,-1.223844,true,Self-supervised model,0.161075,8.743000,98.692135,11.288132,0.000000,0.000000,1.711117,1.006036,false,false
2026-04-17T14:47:43.060847,0.614917,-0.668397,0.891135,38.942,NE,1,0.908228,1,0.908228,0.799522,2.190620,0.616120,0.222661,9.442732,4.247314,0.275450,0.474189,0.280849,0.616120,0.109956,-0.505186,0.185703,0.549353,0.517013,-24.786001,-24.964001,-3.856000,NaN,-1.228142,true,Self-supervised model,0.167326,8.751000,98.444585,11.249524,0.000000,0.000000,1.297673,1.121538,false,false
2026-04-17T14:47:43.071177,0.614917,-0.668397,0.886889,39.185,NE,1,0.908228,1,0.908228,0.798602,2.156939,0.793769,0.476446,9.421184,4.381389,0.500438,0.449792,0.421091,0.793769,0.058643,-0.553444,0.139888,0.573854,0.556542,-24.786001,-24.964001,-3.856000,NaN,-1.232086,true,Self-supervised model,0.174237,8.761000,98.201346,11.208920,0.000000,0.000000,1.006089,1.383226,false,false
2026-04-17T14:47:43.077648,0.614917,-0.668397,0.882826,39.418,NE,1,0.908228,1,0.908228,0.831120,2.125906,1.001838,0.706290,9.414001,4.517859,0.703639,0.441472,0.560066,1.001838,0.012217,-0.559553,0.087354,0.566462,0.559686,-24.786001,-24.964001,-3.856000,NaN,-1.235422,true,Self-supervised model,0.178065,8.768000,97.968526,11.173418,0.000000,0.000000,0.829595,1.768589,false,false
2026-04-17T14:47:43.085994,0.614917,-0.668397,0.879086,39.632,NE,1,0.908228,1,0.908228,0.889025,2.098431,1.193028,0.885855,9.471462,4.623203,0.857685,0.501003,0.660823,1.193028,-0.026267,-0.537561,0.039706,0.539665,0.538203,-24.786001,-24.964001,-3.856000,NaN,-1.237870,true,Self-supervised model,0.183074,8.776000,97.754221,11.138813,0.000000,0.000000,0.745184,2.210680,false,false
2026-04-17T14:47:43.092872,0.614917,-0.668397,0.875679,39.827,NE,1,0.908228,1,0.908228,0.960811,2.074926,1.337691,1.007959,9.507375,4.735731,0.955438,0.541160,0.764004,1.337691,-0.061697,-0.480140,-0.024435,0.484704,0.484088,-24.786001,-24.964001,-3.856000,NaN,-1.239940,true,Self-supervised model,0.185254,8.783000,97.559050,11.107714,0.000000,0.000000,0.718261,2.759809,false,false
2026-04-17T14:47:43.101179,0.614917,-0.668397,0.872581,40.005,NE,1,0.908228,1,0.908228,1.033327,2.055262,1.414032,1.077391,9.562442,4.776433,1.004425,0.601610,0.792895,1.414032,-0.083689,-0.405615,-0.091630,0.424173,0.414158,-24.786001,-24.964001,-3.856000,NaN,-1.241806,true,Self-supervised model,0.188081,8.791000,97.381535,11.077413,0.000000,0.000000,0.730766,3.333620,false,false
2026-04-17T14:47:43.111852,0.614917,-0.668397,0.869867,40.160,NE,1,0.908228,1,0.908228,1.096261,2.038902,1.426668,1.060631,9.639056,4.783615,0.973315,0.683914,0.787592,1.426668,-0.099571,-0.343917,-0.160047,0.392184,0.358041,-24.786001,-24.964001,-3.856000,NaN,-1.242985,true,Self-supervised model,0.189300,8.802000,97.226010,11.045900,0.000000,0.000000,0.768407,3.637751,false,false
2026-04-17T14:47:43.116550,0.614917,-0.668397,0.867684,40.285,NE,1,0.908228,1,0.908228,1.147106,2.025230,1.414043,0.960075,9.797073,4.738125,0.865394,0.847673,0.729425,1.414043,-0.124006,-0.309709,-0.217468,0.398233,0.333612,-24.786001,-24.964001,-3.856000,NaN,-1.243041,true,Self-supervised model,0.187305,8.807000,97.100946,11.025428,0.000000,0.000000,0.811225,3.550797,false,false
2026-04-17T14:47:43.124279,0.614917,-0.668397,0.866215,40.370,NE,1,0.908228,1,0.908228,1.190580,2.013844,1.418817,0.802058,9.988609,4.671088,0.706721,1.045360,0.648700,1.418817,-0.156992,-0.292604,-0.262672,0.423392,0.332060,-24.786001,-24.964001,-3.856000,NaN,-1.241653,true,Self-supervised model,0.189068,8.814000,97.016805,11.007126,0.000000,0.000000,0.839136,3.351075,false,false
2026-04-17T14:47:43.132622,0.614917,-0.668397,0.865623,40.403,NE,1,0.908228,1,0.908228,1.246414,2.005147,1.539542,0.653617,10.228029,4.656722,0.564605,1.291968,0.618247,1.539542,-0.241903,-0.263283,-0.340863,0.493986,0.357540,-24.786001,-24.964001,-3.856000,NaN,-1.238738,true,Self-supervised model,0.191167,8.823000,96.982890,10.992054,0.000000,0.000000,0.809600,3.116570,false,false
2026-04-17T14:47:43.141389,0.614917,-0.668397,0.866066,40.378,NE,1,0.908228,1,0.908228,1.324194,1.999909,1.732541,0.577003,10.421960,4.776433,0.501679,1.494766,0.718116,1.732541,-0.319483,-0.220522,-0.399506,0.557050,0.388200,-24.786001,-24.964001,-3.856000,NaN,-1.234159,true,Self-supervised model,0.193500,8.831000,97.008240,10.984967,0.000000,0.000000,0.764308,3.110210,false,false
2026-04-17T14:47:43.148549,0.614917,-0.668397,0.867660,40.287,NE,1,0.908228,1,0.908228,1.414134,1.998478,1.886317,0.569820,10.498574,4.970363,0.516248,1.582473,0.887389,1.886317,-0.381180,-0.177762,-0.443488,0.611211,0.420592,-24.786001,-24.964001,-3.856000,NaN,-1.227959,true,Self-supervised model,0.193837,8.839000,97.099566,10.985356,0.000000,0.000000,0.749680,3.086195,false,false
2026-04-17T14:47:43.156470,0.614917,-0.668397,0.870500,40.124,NE,1,0.908228,1,0.908228,1.523068,2.001462,2.094971,0.521936,10.524911,5.341464,0.495920,1.621852,1.229863,2.094971,-0.430660,-0.144164,-0.485638,0.664903,0.454149,-24.786001,-24.964001,-3.856000,NaN,-1.220133,true,Self-supervised model,0.194629,8.847000,97.262304,10.993818,0.000000,0.000000,0.727012,3.150793,false,false
2026-04-17T14:47:43.164776,0.614917,-0.668397,0.874554,39.892,NE,1,0.908228,1,0.908228,1.643235,2.009133,2.274112,0.502782,10.488997,5.676652,0.507868,1.600451,1.533692,2.274112,-0.450208,-0.117897,-0.521679,0.699096,0.465389,-24.786001,-24.964001,-3.856000,NaN,-1.211226,true,Self-supervised model,0.195618,8.855000,97.494556,11.010114,0.000000,0.000000,0.722583,3.252932,false,false
2026-04-17T14:47:43.172680,0.614917,-0.668397,0.879700,39.597,NE,1,0.908228,1,0.908228,1.762654,2.021273,2.389602,0.497994,10.443508,5.894525,0.536904,1.570024,1.719581,2.389602,-0.445321,-0.095295,-0.540005,0.706397,0.455403,-24.786001,-24.964001,-3.856000,NaN,-1.201709,true,Self-supervised model,0.195322,8.863000,97.789416,11.033444,0.000000,0.000000,0.737635,3.382802,false,false
2026-04-17T14:47:43.181013,0.614917,-0.668397,0.885801,39.247,NE,1,0.908228,1,0.908228,1.876667,2.037489,2.475234,0.500388,10.386047,6.066907,0.575053,1.527480,1.860887,2.475234,-0.422719,-0.076358,-0.552222,0.699622,0.429560,-24.786001,-24.964001,-3.856000,NaN,-1.191790,true,Self-supervised model,0.196176,8.871000,98.138965,11.062898,0.000000,0.000000,0.758178,3.537958,false,false
2026-04-17T14:47:43.189069,0.614917,-0.668397,0.892702,38.852,NE,1,0.908228,1,0.908228,1.981568,2.057252,2.532299,0.445322,10.285490,6.241684,0.556727,1.441316,2.006290,2.532299,-0.394619,-0.078802,-0.551000,0.682302,0.402410,-24.786001,-24.964001,-3.856000,NaN,-1.181688,true,Self-supervised model,0.196366,8.879000,98.534363,11.097462,0.000000,0.000000,0.782517,3.711407,false,false
2026-04-17T14:47:43.199950,0.614917,-0.668397,0.900248,38.420,NE,1,0.908228,1,0.908228,2.077121,2.080047,2.578779,0.395043,10.175357,6.394913,0.542455,1.344688,2.132523,2.578779,-0.355524,-0.100793,-0.544281,0.657874,0.369535,-24.786001,-24.964001,-3.856000,NaN,-1.171561,true,Self-supervised model,0.197917,8.890000,98.966738,11.132366,0.000000,0.000000,0.805467,3.919868,false,false
2026-04-17T14:47:43.205120,0.614917,-0.668397,0.908269,37.960,NE,1,0.908228,1,0.908228,2.159159,2.105212,2.589854,0.337582,10.058042,6.500257,0.519130,1.239645,2.213850,2.589854,-0.312152,-0.136223,-0.532064,0.631734,0.340581,-26.536001,-24.668001,-3.445000,NaN,-1.161644,true,Self-supervised model,0.192839,8.895000,99.426278,11.177772,0.000000,0.000000,0.833699,4.099599,false,false
2026-04-17T14:47:43.212790,0.614917,-0.668397,0.916615,37.482,NE,1,0.908228,1,0.908228,2.224644,2.131989,2.568440,0.213084,9.907207,6.588843,0.426447,1.099675,2.281609,2.568440,-0.258396,-0.183260,-0.510683,0.600958,0.316785,-26.536001,-24.668001,-3.445000,NaN,-1.151994,true,Self-supervised model,0.195533,8.903000,99.904482,11.221440,0.000000,0.000000,0.866146,4.273912,false,false
2026-04-17T14:47:43.220508,0.614917,-0.668397,0.925160,36.992,NE,1,0.908228,1,0.908228,2.267106,2.159394,2.490033,0.052672,9.828198,6.572083,0.294628,1.029703,2.247926,2.490033,-0.195477,-0.208305,-0.483194,0.561319,0.285661,-26.536001,-24.668001,-3.445000,NaN,-1.142653,true,Self-supervised model,0.194726,8.911000,100.394089,11.266310,0.000000,0.000000,0.910472,4.436040,false,false
2026-04-17T14:47:43.228463,0.614917,-0.668397,0.933770,36.499,NE,1,0.908228,1,0.908228,2.279838,2.186211,2.346680,-0.090980,9.722853,6.483498,0.176870,0.931343,2.146677,2.346680,-0.132558,-0.205251,-0.444099,0.506876,0.244335,-26.536001,-24.668001,-3.445000,NaN,-1.133785,true,Self-supervised model,0.193306,8.919000,100.887389,11.311514,0.000000,0.000000,0.971516,4.629692,false,false
2026-04-17T14:47:43.236713,0.614917,-0.668397,0.942321,36.009,NE,1,0.908228,1,0.908228,2.266277,2.211414,2.195082,-0.222661,9.629479,6.370971,0.068288,0.842906,2.025644,2.195082,-0.085521,-0.194866,-0.400117,0.453189,0.212807,-26.536001,-24.668001,-3.445000,NaN,-1.125466,true,Self-supervised model,0.192677,8.927000,101.377362,11.356263,0.000000,0.000000,1.032434,4.843638,false,false
2026-04-17T14:47:43.244462,0.614917,-0.668397,0.950678,35.530,NE,1,0.908228,1,0.908228,2.228461,2.234096,2.029928,-0.260968,9.531317,6.236896,0.049945,0.747965,1.886441,2.029928,-0.042761,-0.190590,-0.339030,0.391273,0.195328,-26.536001,-24.668001,-3.445000,NaN,-1.117887,true,Self-supervised model,0.189955,8.935000,101.856191,11.399686,0.000000,0.000000,1.097803,5.188010,false,false
2026-04-17T14:47:43.252581,0.614917,-0.668397,0.958710,35.070,NE,1,0.908228,1,0.908228,2.170894,2.253568,1.868668,-0.227449,9.382876,6.119579,0.098889,0.601394,1.766484,1.868668,-0.022602,-0.200364,-0.294437,0.356861,0.201635,-26.536001,-24.668001,-3.445000,NaN,-1.111159,true,Self-supervised model,0.188714,8.943000,102.316346,11.440942,0.000000,0.000000,1.161734,5.236404,false,false
2026-04-17T14:47:43.260317,0.614917,-0.668397,0.966261,34.637,NE,1,0.908228,1,0.908228,2.097406,2.269321,1.711591,-0.079009,9.193734,5.995081,0.257752,0.413210,1.640843,1.711591,0.004887,-0.237627,-0.222355,0.325472,0.237677,-26.536001,-24.668001,-3.445000,NaN,-1.105529,true,Self-supervised model,0.185616,8.950000,102.748989,11.480334,0.000000,0.000000,1.225413,5.258799,false,false
2026-04-17T14:47:43.269599,0.614917,-0.668397,0.973215,34.239,NE,1,0.908228,1,0.908228,2.017261,2.281239,1.596499,0.079009,8.944737,5.884948,0.421942,0.164340,1.530937,1.596499,0.023213,-0.266948,-0.190590,0.328823,0.267955,-26.536001,-24.668001,-3.445000,NaN,-1.100960,true,Self-supervised model,0.185111,8.960000,103.147457,11.511993,0.000000,0.000000,1.263553,4.855191,false,false
2026-04-17T14:47:43.276989,0.614917,-0.668397,0.979537,33.877,NE,1,0.908228,1,0.908228,1.937727,2.289498,1.520175,0.277727,8.640674,5.731719,0.623534,-0.140393,1.379285,1.520175,0.050702,-0.297491,-0.165544,0.344205,0.301781,-26.536001,-24.668001,-3.445000,NaN,-1.097170,true,Self-supervised model,0.182568,8.967000,103.509665,11.543400,0.000000,0.000000,1.274673,4.416488,false,false
2026-04-17T14:47:43.285363,0.614917,-0.668397,0.985246,33.550,NE,1,0.908228,1,0.908228,1.871274,2.294769,1.522394,0.512359,8.310274,5.513846,0.858626,-0.472536,1.164970,1.522394,0.084299,-0.312763,-0.145386,0.355055,0.323925,-26.536001,-24.668001,-3.445000,NaN,-1.093913,true,Self-supervised model,0.183691,8.975000,103.836755,11.569555,0.000000,0.000000,1.229165,4.287768,false,false
2026-04-17T14:47:43.292235,0.614917,-0.668397,0.990396,33.254,NE,1,0.908228,1,0.908228,1.817600,2.297683,1.535810,0.687136,8.030152,5.193024,1.032361,-0.755498,0.849803,1.535810,0.103847,-0.310320,-0.132558,0.353064,0.327235,-26.536001,-24.668001,-3.445000,NaN,-1.090995,true,Self-supervised model,0.183285,8.982000,104.131862,11.593394,0.000000,0.000000,1.183479,4.349951,false,false
2026-04-17T14:47:43.302001,0.614917,-0.668397,0.995045,32.988,NE,1,0.908228,1,0.908228,1.777344,2.298869,1.566005,0.770933,7.831434,4.893748,1.110891,-0.955458,0.552625,1.566005,0.124617,-0.300546,-0.123395,0.347970,0.325357,-26.536001,-24.668001,-3.445000,NaN,-1.088357,true,Self-supervised model,0.186161,8.992000,104.398180,11.610118,0.000000,0.000000,1.134954,4.500401,false,false
2026-04-17T14:47:43.309081,0.614917,-0.668397,0.999094,32.756,NE,1,0.908228,1,0.908228,1.749112,2.298879,1.600890,0.787692,7.647080,4.505888,1.115350,-1.137366,0.158873,1.600890,0.113621,-0.294437,-0.116064,0.336265,0.315599,-26.536001,-24.668001,-3.445000,NaN,-1.086704,true,Self-supervised model,0.186775,8.999000,104.630177,11.626867,0.000000,0.000000,1.092587,4.760804,false,false
2026-04-17T14:47:43.317132,0.614917,-0.668397,1.002332,32.571,NE,1,0.908228,1,0.908228,1.730874,2.298159,1.635124,0.761356,7.563283,4.125209,1.068728,-1.214772,-0.236175,1.635124,0.073915,-0.282831,-0.109956,0.312325,0.292329,-26.536001,-24.668001,-3.445000,NaN,-1.086711,true,Self-supervised model,0.188965,9.007000,104.815693,11.637137,0.000000,0.000000,1.058558,5.235332,false,false
2026-04-17T14:47:43.324472,0.614917,-0.668397,1.004553,32.443,NE,1,0.908228,1,0.908228,1.733682,2.297579,1.748426,0.691924,7.448361,3.773262,0.971210,-1.319529,-0.610399,1.748426,0.012828,-0.261450,-0.110567,0.284158,0.261765,-26.536001,-24.668001,-3.445000,NaN,-1.088553,true,Self-supervised model,0.192128,9.015000,104.943000,11.640932,0.000000,0.000000,0.991567,6.153004,false,false
2026-04-17T14:47:43.332873,0.614917,-0.668397,1.005605,32.383,NE,1,0.908228,1,0.908228,1.755192,2.297884,1.868122,0.627281,7.359776,3.531447,0.877971,-1.397142,-0.875810,1.868122,-0.051924,-0.233351,-0.114843,0.265212,0.239058,-26.536001,-24.668001,-3.445000,NaN,-1.092181,true,Self-supervised model,0.195755,9.023000,105.003272,11.637290,0.000000,0.000000,0.939549,7.043885,false,false
2026-04-17T14:47:43.340985,0.614917,-0.668397,1.005668,32.379,NE,1,0.908228,1,0.908228,1.795557,2.299791,2.007469,0.581791,7.287950,3.313575,0.812458,-1.459675,-1.113190,2.007469,-0.142332,-0.197309,-0.115454,0.269293,0.243289,-26.536001,-24.668001,-3.445000,NaN,-1.096074,true,Self-supervised model,0.198652,9.031000,105.006879,11.627381,0.000000,0.000000,0.894438,7.454585,false,false
2026-04-17T14:47:43.348949,0.614917,-0.668397,1.005261,32.403,NE,1,0.908228,1,0.908228,1.839320,2.303372,2.069077,0.497994,7.266402,3.184288,0.727258,-1.474017,-1.256761,2.069077,-0.249844,-0.178373,-0.113621,0.327335,0.306983,-26.536001,-24.668001,-3.445000,NaN,-1.098361,true,Self-supervised model,0.197885,9.039000,104.983555,11.614510,0.000000,0.000000,0.888957,6.320969,false,false
2026-04-17T14:47:43.359853,0.614917,-0.668397,1.005197,32.406,NE,1,0.908228,1,0.908228,1.870130,2.308042,2.031881,0.414197,7.278373,3.193865,0.643177,-1.451278,-1.268327,2.031881,-0.354913,-0.175318,-0.102014,0.408787,0.395853,-26.536001,-24.668001,-3.445000,NaN,-1.097053,true,Self-supervised model,0.196096,9.050000,104.979885,11.599987,0.000000,0.000000,0.920393,4.970517,false,false
2026-04-17T14:47:43.364381,0.614917,-0.668397,1.005412,32.394,NE,1,0.908228,1,0.908228,1.876549,2.312783,1.910251,0.304064,7.271191,3.359065,0.532199,-1.443505,-1.132306,1.910251,-0.456316,-0.186925,-0.080634,0.499667,0.493118,-26.531002,-24.568001,-4.352000,NaN,-1.095723,true,Self-supervised model,0.192470,9.054000,104.992187,11.596221,0.000000,0.000000,0.982357,3.823047,false,false
2026-04-17T14:47:43.373486,0.614917,-0.668397,1.005799,32.372,NE,1,0.908228,1,0.908228,1.862045,2.316753,1.785896,0.201113,7.206547,3.639187,0.426307,-1.489636,-0.888072,1.785896,-0.566883,-0.221744,-0.042761,0.610209,0.608709,-26.531002,-24.568001,-4.352000,NaN,-1.094648,true,Self-supervised model,0.188995,9.064000,105.014344,11.585872,0.000000,0.000000,1.042639,2.926695,false,false
2026-04-17T14:47:43.380743,0.614917,-0.668397,1.006239,32.347,NE,1,0.908228,1,0.908228,1.834871,2.319478,1.692208,0.198719,7.158663,3.943250,0.417262,-1.516061,-0.625315,1.692208,-0.623693,-0.251066,0.002443,0.672334,0.672330,-26.531002,-24.568001,-4.352000,NaN,-1.093995,true,Self-supervised model,0.186439,9.071000,105.039555,11.579711,0.000000,0.000000,1.084306,2.516915,false,false
2026-04-17T14:47:43.388853,0.614917,-0.668397,1.006582,32.327,NE,1,0.908228,1,0.908228,1.794152,2.320465,1.580381,0.205901,7.163452,4.278439,0.413820,-1.488173,-0.334214,1.580381,-0.637132,-0.270002,0.040928,0.693191,0.691982,-26.531002,-24.568001,-4.352000,NaN,-1.094038,true,Self-supervised model,0.184280,9.079000,105.059237,11.571675,0.000000,0.000000,1.135266,2.279863,false,false
2026-04-17T14:47:43.396816,0.614917,-0.668397,1.006701,32.320,NE,1,0.908228,1,0.908228,1.755102,2.319850,1.550089,0.260968,7.146692,4.683059,0.454446,-1.481739,0.026545,1.550089,-0.607811,-0.270002,0.088575,0.670955,0.665083,-26.531002,-24.568001,-4.352000,NaN,-1.094820,true,Self-supervised model,0.184096,9.087000,105.066016,11.562234,0.000000,0.000000,1.132259,2.310272,false,false
2026-04-17T14:47:43.405030,0.614917,-0.668397,1.006489,32.332,NE,1,0.908228,1,0.908228,1.735266,2.318467,1.631125,0.423774,7.120356,4.999093,0.599989,-1.486405,0.301966,1.631125,-0.534507,-0.250455,0.133779,0.605246,0.590276,-26.531002,-24.568001,-4.352000,NaN,-1.096352,true,Self-supervised model,0.186217,9.095000,105.053889,11.550730,0.000000,0.000000,1.063846,2.694980,false,false
2026-04-17T14:47:43.413584,0.614917,-0.668397,1.005882,32.367,NE,1,0.908228,1,0.908228,1.740796,2.317360,1.769830,0.672771,7.115568,5.255273,0.830321,-1.472638,0.523645,1.769830,-0.414777,-0.196088,0.147829,0.482021,0.458793,-26.531002,-24.568001,-4.352000,NaN,-1.098537,true,Self-supervised model,0.189778,9.104000,105.019143,11.535495,0.000000,0.000000,0.983595,3.671687,false,false
2026-04-17T14:47:43.421263,0.614917,-0.668397,1.004864,32.426,NE,1,0.908228,1,0.908228,1.762775,2.317177,1.878162,0.876278,7.105990,5.336676,1.017277,-1.468514,0.579746,1.878162,-0.279776,-0.128893,0.138056,0.337561,0.308039,-26.531002,-24.568001,-4.352000,NaN,-1.101205,true,Self-supervised model,0.193370,9.111000,104.960772,11.520225,0.000000,0.000000,0.938564,5.563920,false,false
2026-04-17T14:47:43.428378,0.614917,-0.668397,1.003525,32.502,NE,1,0.908228,1,0.908228,1.792532,2.318191,1.948755,1.039083,7.125144,5.367800,1.168136,-1.441400,0.596212,1.948755,-0.156382,-0.062919,0.108123,0.200261,0.168564,-26.531002,-24.568001,-4.352000,NaN,-1.103823,true,Self-supervised model,0.197912,9.118000,104.884075,11.502969,0.000000,0.000000,0.919834,9.731058,false,false
2026-04-17T14:47:43.436778,0.614917,-0.668397,1.002031,32.588,NE,1,0.908228,1,0.908228,1.809209,2.319832,1.896764,1.055843,7.196970,5.353435,1.179523,-1.367981,0.578847,1.896764,0.069639,0.016493,0.021380,0.074691,0.071565,-26.531002,-24.568001,-4.352000,NaN,-1.105939,true,Self-supervised model,0.208809,9.127000,104.798476,11.482248,0.000000,0.000000,0.953840,25.394941,false,false
2026-04-17T14:47:43.444645,0.614917,-0.668397,1.000607,32.669,NE,1,0.908228,1,0.908228,1.793542,2.320780,1.711293,0.955287,7.314286,5.195418,1.080562,-1.255528,0.429604,1.711293,0.230296,0.048869,-0.058643,0.242618,0.235424,-26.531002,-24.568001,-4.352000,NaN,-1.107081,true,Self-supervised model,0.192404,9.135000,104.716912,11.463263,0.000000,0.000000,1.048062,7.053444,false,false
2026-04-17T14:47:43.452999,0.614917,-0.668397,0.999501,32.733,NE,1,0.908228,1,0.908228,1.748034,2.319870,1.509113,0.775721,7.393295,4.951209,0.908977,-1.187126,0.204734,1.509113,0.360410,0.072693,-0.124617,0.388213,0.367668,-26.531002,-24.568001,-4.352000,NaN,-1.106917,true,Self-supervised model,0.186543,9.143000,104.653540,11.446302,0.000000,0.000000,1.158319,3.887333,false,false
2026-04-17T14:47:43.460283,0.614917,-0.668397,0.998918,32.766,NE,1,0.908228,1,0.908228,1.680574,2.316298,1.326411,0.514753,7.460332,4.539406,0.661821,-1.135542,-0.178613,1.326411,0.490525,0.108123,-0.194866,0.538774,0.502300,-26.531002,-24.568001,-4.352000,NaN,-1.105410,true,Self-supervised model,0.181700,9.150000,104.620104,11.433891,0.000000,0.000000,1.267008,2.461904,false,false
2026-04-17T14:47:43.469757,0.614917,-0.668397,0.999002,32.761,NE,1,0.908228,1,0.908228,1.625213,2.310655,1.334570,0.167594,7.443573,4.137180,0.333832,-1.171926,-0.544262,1.334570,0.595594,0.144164,-0.243735,0.659486,0.612793,-26.531002,-24.568001,-4.352000,NaN,-1.102657,true,Self-supervised model,0.181354,9.160000,104.624902,11.421933,0.000000,0.000000,1.217781,2.023651,false,false
2026-04-17T14:47:43.477195,0.614917,-0.668397,0.999837,32.714,NE,1,0.908228,1,0.908228,1.608055,2.304551,1.517971,-0.205901,7.429208,3.720589,-0.016355,-1.209299,-0.917368,1.517971,0.672563,0.160658,-0.268781,0.741886,0.691485,-26.531002,-24.568001,-4.352000,NaN,-1.098817,true,Self-supervised model,0.183379,9.167000,104.672749,11.418430,0.000000,0.000000,1.059345,2.046098,false,false
2026-04-17T14:47:43.485848,0.614917,-0.668397,1.001443,32.622,NE,1,0.908228,1,0.908228,1.620169,2.299176,1.683772,-0.541090,7.496245,3.421314,-0.326858,-1.167304,-1.168611,1.683772,0.718378,0.153327,-0.271224,0.783031,0.734558,-26.531002,-24.568001,-4.352000,NaN,-1.094123,true,Self-supervised model,0.185012,9.176000,104.764812,11.417264,0.000000,0.000000,0.962226,2.150325,false,false
2026-04-17T14:47:43.492384,0.614917,-0.668397,1.003752,32.489,NE,1,0.908228,1,0.908228,1.673226,2.296138,1.951771,-0.998382,7.644686,3.076549,-0.760550,-1.045007,-1.462510,1.951771,0.739758,0.130114,-0.242514,0.789293,0.751113,-26.531002,-24.568001,-4.352000,NaN,-1.089010,true,Self-supervised model,0.187309,9.182000,104.897058,11.424206,0.000000,0.000000,0.857286,2.472808,false,false
2026-04-17T14:47:43.501007,0.614917,-0.668397,1.006623,32.325,NE,1,0.908228,1,0.908228,1.757924,2.296609,2.202589,-1.422156,7.917625,2.796427,-1.164240,-0.798429,-1.690696,2.202589,0.739758,0.108123,-0.186314,0.770484,0.747618,-26.531002,-24.568001,-4.352000,NaN,-1.083886,true,Self-supervised model,0.190468,9.191000,105.061566,11.430918,0.000000,0.000000,0.798117,2.858709,false,false
2026-04-17T14:47:43.509245,0.614917,-0.668397,1.009841,32.140,NE,1,0.908228,1,0.908228,1.859661,2.301131,2.393781,-1.723825,8.212111,2.607286,-1.451189,-0.529700,-1.828567,2.393781,0.707382,0.074526,-0.098960,0.718148,0.711297,-26.531002,-24.568001,-4.352000,NaN,-1.079281,true,Self-supervised model,0.192838,9.199000,105.245945,11.441020,0.000000,0.000000,0.776872,3.333270,false,false
2026-04-17T14:47:43.519788,0.614917,-0.668397,1.013130,31.952,NE,1,0.908228,1,0.908228,1.950685,2.309113,2.428562,-1.829170,8.458714,2.542642,-1.549862,-0.307560,-1.844247,2.428562,0.665843,0.036652,-0.010385,0.666932,0.666851,-26.531002,-24.568001,-4.352000,NaN,-1.075709,true,Self-supervised model,0.194328,9.210000,105.434376,11.447815,0.000000,0.000000,0.803226,3.641394,false,false
2026-04-17T14:47:43.524244,0.614917,-0.668397,1.016146,31.779,NE,1,0.908228,1,0.908228,2.013917,2.319305,2.345885,-1.771709,8.664616,2.537854,-1.494521,-0.124154,-1.803931,2.345885,0.605978,-0.006720,0.097128,0.613750,0.606016,-29.140001,-24.959002,-2.342000,NaN,-1.073784,true,Self-supervised model,0.191483,9.214000,105.607184,11.461600,0.000000,0.000000,0.858489,3.822218,false,false
2026-04-17T14:47:43.532445,0.614917,-0.668397,1.018567,31.640,NE,1,0.908228,1,0.908228,2.026871,2.329608,2.094882,-1.486799,8.781932,2.597709,-1.219568,-0.027286,-1.703068,2.094882,0.544281,-0.038485,0.188147,0.577167,0.545640,-29.140001,-24.959002,-2.342000,NaN,-1.073742,true,Self-supervised model,0.191617,9.223000,105.745916,11.465458,0.000000,0.000000,0.967535,3.629593,false,false
2026-04-17T14:47:43.540664,0.614917,-0.668397,1.020159,31.549,NE,1,0.908228,1,0.908228,1.996748,2.338294,1.838598,-1.201889,8.882488,2.691083,-0.950700,0.054868,-1.572768,1.838598,0.496633,-0.040928,0.238237,0.552338,0.498317,-29.140001,-24.959002,-2.342000,NaN,-1.075466,true,Self-supervised model,0.188847,9.231000,105.837140,11.465404,0.000000,0.000000,1.086017,3.328756,false,false
2026-04-17T14:47:43.549080,0.614917,-0.668397,1.020788,31.513,NE,1,0.908228,1,0.908228,1.932227,2.344051,1.593494,-0.919373,8.983045,2.798822,-0.686840,0.138640,-1.431172,1.593494,0.453262,-0.007330,0.265116,0.525154,0.453321,-29.140001,-24.959002,-2.342000,NaN,-1.078690,true,Self-supervised model,0.185883,9.239000,105.873180,11.459377,0.000000,0.000000,1.212573,3.034338,false,false
2026-04-17T14:47:43.556747,0.614917,-0.668397,1.020471,31.531,NE,1,0.908228,1,0.908228,1.848288,2.346221,1.407610,-0.737414,9.145850,2.918532,-0.519751,0.284579,-1.276809,1.407610,0.423330,0.054978,0.268170,0.504129,0.426885,-29.140001,-24.959002,-2.342000,NaN,-1.082792,true,Self-supervised model,0.182974,9.247000,105.855006,11.447497,0.000000,0.000000,1.313068,2.792166,false,false
2026-04-17T14:47:43.564615,0.614917,-0.668397,1.019471,31.589,NE,1,0.908228,1,0.908228,1.766477,2.345031,1.336967,-0.636858,9.366117,2.990358,-0.429007,0.487506,-1.168662,1.336967,0.394008,0.126449,0.265116,0.491445,0.413802,-29.140001,-24.959002,-2.342000,NaN,-1.086524,true,Self-supervised model,0.181412,9.255000,105.797695,11.431410,0.000000,0.000000,1.321257,2.720482,false,false
2026-04-17T14:47:43.573007,0.614917,-0.668397,1.018044,31.670,NE,1,0.908228,1,0.908228,1.691140,2.340875,1.295620,-0.531513,9.540894,3.045424,-0.328457,0.644217,-1.075050,1.295620,0.364076,0.178984,0.261450,0.482641,0.405692,-29.140001,-24.959002,-2.342000,NaN,-1.089659,true,Self-supervised model,0.180841,9.263000,105.715924,11.412709,0.000000,0.000000,1.305274,2.684438,false,false
2026-04-17T14:47:43.580666,0.614917,-0.668397,1.016395,31.765,NE,1,0.908228,1,0.908228,1.620288,2.334052,1.248317,-0.407014,9.706094,3.136404,-0.204836,0.790879,-0.943847,1.248317,0.316428,0.217468,0.260839,0.464173,0.383952,-29.140001,-24.959002,-2.342000,NaN,-1.092193,true,Self-supervised model,0.180171,9.271000,105.621472,11.392673,0.000000,0.000000,1.297978,2.689337,false,false
2026-04-17T14:47:43.589719,0.614917,-0.668397,1.014676,31.863,NE,1,0.908228,1,0.908228,1.551307,2.324742,1.189159,-0.215478,9.842564,3.272874,-0.012111,0.908885,-0.766733,1.189159,0.255953,0.222966,0.251066,0.422208,0.339449,-29.140001,-24.959002,-2.342000,NaN,-1.094194,true,Self-supervised model,0.180085,9.280000,105.522984,11.371011,0.000000,0.000000,1.304542,2.816525,false,false
2026-04-17T14:47:43.596946,0.614917,-0.668397,1.012961,31.962,NE,1,0.908228,1,0.908228,1.489080,2.313315,1.162385,-0.088585,9.971850,3.454833,0.116524,1.020211,-0.544728,1.162385,0.192423,0.204029,0.232740,0.364448,0.280454,-29.140001,-24.959002,-2.342000,NaN,-1.095895,true,Self-supervised model,0.180367,9.287000,105.424703,11.351858,0.000000,0.000000,1.281056,3.189443,false,false
2026-04-17T14:47:43.605067,0.614917,-0.668397,1.011289,32.057,NE,1,0.908228,1,0.908228,1.434756,2.300173,1.149556,-0.023942,10.060435,3.651158,0.182851,1.091767,-0.309983,1.149556,0.142942,0.184481,0.212581,0.315684,0.233379,-29.140001,-24.959002,-2.342000,NaN,-1.097393,true,Self-supervised model,0.181406,9.295000,105.328904,11.331781,0.000000,0.000000,1.248095,3.641474,false,false
2026-04-17T14:47:43.613947,0.614917,-0.668397,1.009690,32.149,NE,1,0.908228,1,0.908228,1.397477,2.286065,1.201761,-0.088585,10.177752,3.969586,0.118107,1.195279,0.039848,1.201761,0.100182,0.164323,0.191812,0.271717,0.192454,-29.140001,-24.959002,-2.342000,NaN,-1.098697,true,Self-supervised model,0.183804,9.304000,105.237321,11.310976,0.000000,0.000000,1.162858,4.422841,false,false
2026-04-17T14:47:43.620884,0.614917,-0.668397,1.008099,32.240,NE,1,0.908228,1,0.908228,1.385213,2.272031,1.320828,-0.138864,10.244789,4.321534,0.065244,1.252555,0.414048,1.320828,0.083689,0.142332,0.181427,0.245312,0.165112,-29.140001,-24.959002,-2.342000,NaN,-1.100260,true,Self-supervised model,0.186868,9.311000,105.146154,11.292681,0.000000,0.000000,1.048746,5.384286,false,false
2026-04-17T14:47:43.628753,0.614917,-0.668397,1.006417,32.337,NE,1,0.908228,1,0.908228,1.393779,2.258901,1.438749,-0.165200,10.237606,4.623203,0.033897,1.238330,0.731703,1.438749,0.092241,0.122173,0.183260,0.238786,0.153084,-29.140001,-24.959002,-2.342000,NaN,-1.102307,true,Self-supervised model,0.189736,9.319000,105.049753,11.272642,0.000000,0.000000,0.968744,6.025270,false,false
2026-04-17T14:47:43.636987,0.614917,-0.668397,1.004565,32.443,NE,1,0.908228,1,0.908228,1.416417,2.247202,1.535265,-0.122104,10.208876,4.829105,0.069614,1.204158,0.949840,1.535265,0.105069,0.105680,0.191201,0.242416,0.149022,-29.140001,-24.959002,-2.342000,NaN,-1.104835,true,Self-supervised model,0.191665,9.327000,104.943664,11.251599,0.000000,0.000000,0.922588,6.333189,false,false
2026-04-17T14:47:43.645273,0.614917,-0.668397,1.002480,32.562,NE,1,0.908228,1,0.908228,1.451570,2.237376,1.636124,-0.007183,10.172963,5.006276,0.174446,1.163939,1.136537,1.636124,0.122173,0.102625,0.199142,0.255178,0.159556,-29.140001,-24.959002,-2.342000,NaN,-1.107855,true,Self-supervised model,0.193079,9.335000,104.824188,11.229158,0.000000,0.000000,0.887200,6.411698,false,false
2026-04-17T14:47:43.654104,0.614917,-0.668397,1.000085,32.699,NE,1,0.908228,1,0.908228,1.497855,2.229795,1.740855,0.102951,10.160992,5.140351,0.273397,1.147676,1.280105,1.740855,0.138056,0.125838,0.205251,0.277529,0.186801,-29.140001,-24.959002,-2.342000,NaN,-1.111489,true,Self-supervised model,0.194152,9.344000,104.686972,11.203657,0.000000,0.000000,0.860414,6.272692,false,false
2026-04-17T14:47:43.660511,0.614917,-0.668397,0.997375,32.855,NE,1,0.908228,1,0.908228,1.551690,2.224671,1.834324,0.203507,10.199299,5.204995,0.363472,1.181187,1.355519,1.834324,0.166766,0.175929,0.206472,0.318423,0.242409,-29.140001,-24.959002,-2.342000,NaN,-1.115457,true,Self-supervised model,0.193879,9.351000,104.531720,11.178667,0.000000,0.000000,0.845919,5.760661,false,false
2026-04-17T14:47:43.670488,0.614917,-0.668397,0.994397,33.025,NE,1,0.908228,1,0.908228,1.606689,2.221952,1.895429,0.208296,10.228029,5.255273,0.359449,1.204158,1.418962,1.895429,0.199753,0.241903,0.207083,0.375901,0.313717,-29.140001,-24.959002,-2.342000,NaN,-1.119511,true,Self-supervised model,0.194408,9.361000,104.361067,11.148496,0.000000,0.000000,0.847665,5.042361,false,false
2026-04-17T14:47:43.680466,0.614917,-0.668397,0.991199,33.208,NE,1,0.908228,1,0.908228,1.656913,2.221350,1.920589,0.155623,10.314221,5.216966,0.300336,1.283323,1.396976,1.920589,0.255953,0.340252,0.211359,0.475348,0.425774,-29.140001,-24.959002,-2.342000,NaN,-1.123587,true,Self-supervised model,0.192994,9.371000,104.177835,11.117046,0.000000,0.000000,0.862711,4.040384,false,false
2026-04-17T14:47:43.686183,0.614917,-0.668397,0.987823,33.402,NE,1,0.908228,1,0.908228,1.703219,2.222625,1.946327,-0.002394,10.496181,5.082890,0.138528,1.456495,1.283597,1.946327,0.316428,0.445321,0.219301,0.588668,0.546294,-31.527002,-24.696001,1.893000,NaN,-1.127672,true,Self-supervised model,0.189819,9.376000,103.984436,11.090490,0.000000,0.000000,0.875094,3.306323,false,false
2026-04-17T14:47:43.692366,0.614917,-0.668397,0.984288,33.604,NE,1,0.908228,1,0.908228,1.751862,2.225795,2.007239,-0.181959,10.769119,4.809951,-0.042829,1.719049,1.035395,2.007239,0.353080,0.514959,0.233961,0.666773,0.624379,-31.527002,-24.696001,1.893000,NaN,-1.131846,true,Self-supervised model,0.190047,9.382000,103.781888,11.061809,0.000000,0.000000,0.872772,3.010377,false,false
2026-04-17T14:47:43.703054,0.614917,-0.668397,0.980578,33.817,NE,1,0.908228,1,0.908228,1.807596,2.231067,2.100198,-0.371101,11.013328,4.486734,-0.232627,1.951714,0.739954,2.100198,0.388510,0.611476,0.259618,0.769574,0.724461,-31.527002,-24.696001,1.893000,NaN,-1.136256,true,Self-supervised model,0.191233,9.393000,103.569316,11.026223,0.000000,0.000000,0.860679,2.729039,false,false
2026-04-17T14:47:43.708826,0.614917,-0.668397,0.976648,34.042,NE,1,0.908228,1,0.908228,1.870106,2.238628,2.198285,-0.509965,11.216835,4.034230,-0.372035,2.143377,0.316200,2.198285,0.371406,0.667065,0.284663,0.814832,0.763491,-31.527002,-24.696001,1.893000,NaN,-1.141066,true,Self-supervised model,0.189298,9.399000,103.344143,10.995227,0.000000,0.000000,0.850711,2.697839,false,false
2026-04-17T14:47:43.716508,0.614917,-0.668397,0.972433,34.284,NE,1,0.908228,1,0.908228,1.937322,2.248576,2.290203,-0.524330,11.341333,3.694253,-0.387874,2.257117,0.002535,2.290203,0.304211,0.659124,0.306043,0.787814,0.725940,-31.527002,-24.696001,1.893000,NaN,-1.146421,true,Self-supervised model,0.191755,9.407000,103.102643,10.960204,0.000000,0.000000,0.845917,2.907036,false,false
2026-04-17T14:47:43.724687,0.614917,-0.668397,0.967874,34.545,NE,1,0.908228,1,0.908228,2.006492,2.260893,2.369632,-0.478840,11.422736,3.416526,-0.346172,2.330297,-0.255031,2.369632,0.220522,0.607200,0.315817,0.719071,0.646005,-31.527002,-24.696001,1.893000,NaN,-1.152359,true,Self-supervised model,0.193728,9.415000,102.841401,10.923144,0.000000,0.000000,0.846752,3.295410,false,false
2026-04-17T14:47:43.732694,0.614917,-0.668397,0.962946,34.827,NE,1,0.908228,1,0.908228,2.069855,2.275251,2.402513,-0.390255,11.439496,3.198653,-0.264306,2.342731,-0.462411,2.402513,0.028100,0.463036,0.299935,0.552406,0.463888,-31.527002,-24.696001,1.893000,NaN,-1.158761,true,Self-supervised model,0.196112,9.423000,102.559045,10.883906,0.000000,0.000000,0.861537,4.349177,false,false
2026-04-17T14:47:43.741022,0.614917,-0.668397,0.957691,35.128,NE,1,0.908228,1,0.908228,2.121285,2.291092,2.391292,-0.282516,11.434708,3.196259,-0.165649,2.339164,-0.468138,2.391292,-0.178984,0.283441,0.252898,0.419919,0.335223,-31.527002,-24.696001,1.893000,NaN,-1.165323,true,Self-supervised model,0.197869,9.431000,102.257961,10.842748,0.000000,0.000000,0.887087,5.694656,false,false
2026-04-17T14:47:43.748885,0.614917,-0.668397,0.952262,35.439,NE,1,0.908228,1,0.908228,2.138258,2.306979,2.227367,-0.165200,11.305421,3.478775,-0.058751,2.217217,-0.204105,2.227367,-0.392786,0.067195,0.176540,0.435847,0.398493,-31.527002,-24.696001,1.893000,NaN,-1.171447,true,Self-supervised model,0.194673,9.439000,101.946913,10.800605,0.000000,0.000000,0.959994,5.110432,false,false
2026-04-17T14:47:43.756617,0.614917,-0.668397,0.946917,35.746,NE,1,0.908228,1,0.908228,2.125438,2.321717,2.058132,-0.129287,11.121067,3.933673,-0.033911,2.046334,0.217421,2.058132,-0.560774,-0.114843,0.111177,0.583110,0.572413,-31.527002,-24.696001,1.893000,NaN,-1.176455,true,Self-supervised model,0.190369,9.447000,101.640688,10.759044,0.000000,0.000000,1.032703,3.529578,false,false
2026-04-17T14:47:43.764939,0.614917,-0.668397,0.941945,36.031,NE,1,0.908228,1,0.908228,2.090153,2.334455,1.904910,-0.090980,10.773908,4.584896,-0.007123,1.717575,0.823751,1.904910,-0.688445,-0.244957,0.051924,0.732569,0.730726,-31.527002,-24.696001,1.893000,NaN,-1.179937,true,Self-supervised model,0.187326,9.455000,101.355814,10.719811,0.000000,0.000000,1.097245,2.600316,false,false
2026-04-17T14:47:43.773356,0.614917,-0.668397,0.937542,36.283,NE,1,0.908228,1,0.908228,2.045536,2.344898,1.811296,0.043096,10.263943,5.137957,0.116770,1.229067,1.325351,1.811296,-0.719599,-0.237627,0.006720,0.757849,0.757819,-31.527002,-24.696001,1.893000,NaN,-1.182065,true,Self-supervised model,0.186145,9.463000,101.103528,10.684088,0.000000,0.000000,1.129322,2.390050,false,false
2026-04-17T14:47:43.780620,0.614917,-0.668397,0.933814,36.496,NE,1,0.908228,1,0.908228,2.011811,2.353575,1.834752,0.217872,9.665392,5.554548,0.286296,0.652203,1.690852,1.834752,-0.662789,-0.107512,-0.044593,0.672931,0.671452,-31.527002,-24.696001,1.893000,NaN,-1.183094,true,Self-supervised model,0.187669,9.471000,100.889905,10.652508,0.000000,0.000000,1.096503,2.726507,false,false
2026-04-17T14:47:43.789029,0.614917,-0.668397,0.930825,36.668,NE,1,0.908228,1,0.908228,1.989414,2.361008,1.871830,0.277727,9.220071,5.734113,0.349123,0.226520,1.824980,1.871830,-0.570548,0.058032,-0.088575,0.580292,0.573492,-31.527002,-24.696001,1.893000,NaN,-1.183122,true,Self-supervised model,0.190412,9.479000,100.718690,10.625455,0.000000,0.000000,1.062817,3.225671,false,false
2026-04-17T14:47:43.796662,0.614917,-0.668397,0.928638,36.793,NE,1,0.908228,1,0.908228,1.960516,2.366989,1.808800,0.189142,8.813056,5.726931,0.272791,-0.164114,1.780564,1.808800,-0.437380,0.268170,-0.135001,0.530510,0.513046,-31.527002,-24.696001,1.893000,NaN,-1.182105,true,Self-supervised model,0.190590,9.487000,100.593366,10.603285,0.000000,0.000000,1.083877,3.409547,false,false
2026-04-17T14:47:43.805134,0.614917,-0.668397,0.927280,36.871,NE,1,0.908228,1,0.908228,1.907827,2.370622,1.631211,-0.126893,8.611943,5.566519,-0.022346,-0.352779,1.592450,1.631211,-0.307876,0.444099,-0.155160,0.562215,0.540381,-31.527002,-24.696001,1.893000,NaN,-1.180148,true,Self-supervised model,0.188237,9.495000,100.515534,10.586154,0.000000,0.000000,1.169577,2.901399,false,false
2026-04-17T14:47:43.813008,0.614917,-0.668397,0.926721,36.903,NE,1,0.908228,1,0.908228,1.824436,2.370775,1.386637,-0.512359,8.580819,5.272032,-0.381237,-0.375255,1.279298,1.386637,-0.204640,0.547946,-0.145997,0.602858,0.584912,-31.527002,-24.696001,1.893000,NaN,-1.177507,true,Self-supervised model,0.183907,9.503000,100.483534,10.573875,0.000000,0.000000,1.315728,2.300106,false,false
2026-04-17T14:47:43.820595,0.614917,-0.668397,0.926847,36.896,NE,1,0.908228,1,0.908228,1.722235,2.366833,1.185679,-0.806846,8.640674,4.948815,-0.647778,-0.309400,0.943658,1.185679,-0.150884,0.565661,-0.128893,0.599460,0.585439,-31.527002,-24.696001,1.893000,NaN,-1.174643,true,Self-supervised model,0.180258,9.511000,100.490748,10.565739,0.000000,0.000000,1.452531,1.977913,false,false
2026-04-17T14:47:43.828599,0.614917,-0.668397,0.927472,36.860,NE,1,0.908228,1,0.908228,1.626258,2.359210,1.122378,-1.082179,8.702923,4.644751,-0.896829,-0.242284,0.629864,1.122378,-0.138666,0.498466,-0.112399,0.529462,0.517394,-31.527002,-24.696001,1.893000,NaN,-1.172021,true,Self-supervised model,0.179489,9.519000,100.526567,10.560623,0.000000,0.000000,1.448939,2.119846,false,false
2026-04-17T14:47:43.840358,0.614917,-0.668397,0.928423,36.805,NE,1,0.908228,1,0.908228,1.544196,2.348609,1.113367,-1.233014,8.702923,4.395754,-1.023928,-0.235996,0.368053,1.113367,-0.163712,0.362854,-0.100793,0.410638,0.398076,-31.527002,-24.696001,1.893000,NaN,-1.169767,true,Self-supervised model,0.180961,9.530000,100.581057,10.554151,0.000000,0.000000,1.386960,2.711308,false,false
2026-04-17T14:47:43.845409,0.614917,-0.668397,0.929631,36.736,NE,1,0.908228,1,0.908228,1.480868,2.335900,1.148395,-1.333570,8.700529,4.261679,-1.104021,-0.230121,0.216783,1.148395,-0.222966,0.192423,-0.096517,0.309928,0.294517,-33.115002,-26.474001,1.391000,NaN,-1.167532,true,Self-supervised model,0.182724,9.535000,100.650260,10.555874,0.000000,0.000000,1.289510,3.705356,false,false
2026-04-17T14:47:43.853565,0.614917,-0.668397,0.931094,36.652,NE,1,0.908228,1,0.908228,1.432157,2.321750,1.176424,-1.367089,8.614338,4.218584,-1.124807,-0.307649,0.155351,1.176424,-0.279165,0.041539,-0.102014,0.300110,0.282239,-33.115002,-26.474001,1.391000,NaN,-1.165046,true,Self-supervised model,0.184285,9.544000,100.734104,10.554705,0.000000,0.000000,1.217382,3.919980,false,false
2026-04-17T14:47:43.860576,0.614917,-0.668397,0.932645,36.563,NE,1,0.908228,1,0.908228,1.403171,2.307007,1.250995,-1.403002,8.449138,4.242526,-1.152025,-0.462013,0.156110,1.250995,-0.346361,-0.108123,-0.106291,0.378093,0.362845,-33.115002,-26.474001,1.391000,NaN,-1.163147,true,Self-supervised model,0.184950,9.551000,100.822942,10.556271,0.000000,0.000000,1.121643,3.308701,false,false
2026-04-17T14:47:43.869972,0.614917,-0.668397,0.934294,36.469,NE,1,0.908228,1,0.908228,1.392912,2.292443,1.339051,-1.362301,8.185776,4.367024,-1.105553,-0.712159,0.252266,1.339051,-0.408058,-0.218690,-0.116064,0.477292,0.462965,-33.115002,-26.474001,1.391000,NaN,-1.161101,true,Self-supervised model,0.185929,9.560000,100.917456,10.556219,0.000000,0.000000,1.040223,2.805518,false,false
2026-04-17T14:47:43.876857,0.614917,-0.668397,0.936070,36.367,NE,1,0.908228,1,0.908228,1.401636,2.278811,1.447442,-1.259350,7.898471,4.508282,-0.998247,-0.984103,0.360739,1.447442,-0.444099,-0.264505,-0.121562,0.531003,0.516901,-33.115002,-26.474001,1.391000,NaN,-1.158823,true,Self-supervised model,0.186735,9.567000,101.019174,10.559128,0.000000,0.000000,0.968354,2.725864,false,false
2026-04-17T14:47:43.886650,0.614917,-0.668397,0.938001,36.256,NE,1,0.908228,1,0.908228,1.438199,2.267186,1.630150,-1.180341,7.613562,4.687847,-0.914594,-1.251790,0.503913,1.630150,-0.477086,-0.274889,-0.130725,0.565919,0.550613,-33.115002,-26.474001,1.391000,NaN,-1.156266,true,Self-supervised model,0.189723,9.577000,101.129850,10.559659,0.000000,0.000000,0.882249,2.880537,false,false
2026-04-17T14:47:43.892705,0.614917,-0.668397,0.940112,36.136,NE,1,0.908228,1,0.908228,1.505161,2.258705,1.856715,-1.106121,7.271191,4.802769,-0.813813,-1.569196,0.568088,1.856715,-0.477697,-0.231518,-0.140499,0.549122,0.530843,-33.115002,-26.474001,1.391000,NaN,-1.153442,true,Self-supervised model,0.192230,9.583000,101.250753,10.565663,0.000000,0.000000,0.810658,3.381245,false,false
2026-04-17T14:47:43.900744,0.614917,-0.668397,0.943240,35.956,NE,1,0.908228,1,0.908228,1.591950,2.254035,2.047589,-0.974440,6.962338,4.853047,-0.658072,-1.853518,0.569242,2.047589,-0.457538,-0.147829,-0.145997,0.502503,0.480827,-33.115002,-26.474001,1.391000,NaN,-1.146242,true,Self-supervised model,0.194892,9.591000,101.429975,10.575537,0.000000,0.000000,0.777475,4.074777,false,false
2026-04-17T14:47:43.908882,0.614917,-0.668397,0.946976,35.742,NE,1,0.908228,1,0.908228,1.691019,2.253514,2.211136,-0.938527,6.730101,4.853047,-0.599753,-2.062749,0.523911,2.211136,-0.426995,-0.060476,-0.147219,0.455692,0.431256,-33.115002,-26.474001,1.391000,NaN,-1.140071,true,Self-supervised model,0.196973,9.599000,101.644076,10.589028,0.000000,0.000000,0.764774,4.852260,false,false
2026-04-17T14:47:43.917382,0.614917,-0.668397,0.950998,35.512,NE,1,0.908228,1,0.908228,1.800620,2.257399,2.376022,-0.972046,6.528988,4.855441,-0.612471,-2.243506,0.486867,2.376022,-0.375071,0.033598,-0.139277,0.401504,0.376573,-33.115002,-26.474001,1.391000,NaN,-1.134911,true,Self-supervised model,0.199527,9.607000,101.874482,10.604193,0.000000,0.000000,0.757830,5.917806,false,false
2026-04-17T14:47:43.924719,0.614917,-0.668397,0.955046,35.280,NE,1,0.908228,1,0.908228,1.908920,2.265460,2.477496,-1.022324,6.416461,4.872200,-0.649982,-2.342514,0.477643,2.477496,-0.314596,0.109345,-0.111177,0.351123,0.333057,-33.115002,-26.474001,1.391000,NaN,-1.130756,true,Self-supervised model,0.201235,9.615000,102.106415,10.619492,0.000000,0.000000,0.770504,7.055928,false,false
2026-04-17T14:47:43.932814,0.614917,-0.668397,0.958691,35.071,NE,1,0.908228,1,0.908228,2.006053,2.277083,2.515998,-1.096544,6.375759,4.857835,-0.712152,-2.372202,0.442429,2.515998,-0.249844,0.162490,-0.062919,0.304604,0.298035,-33.115002,-26.474001,1.391000,NaN,-1.128720,true,Self-supervised model,0.203517,9.623000,102.315295,10.632370,0.000000,0.000000,0.797319,8.259887,false,false
2026-04-17T14:47:43.941447,0.614917,-0.668397,0.961886,34.888,NE,1,0.908228,1,0.908228,2.079498,2.291180,2.465086,-1.110910,6.409278,4.793192,-0.717135,-2.330463,0.362363,2.465086,-0.194255,0.201586,-0.012217,0.280216,0.279950,-33.115002,-26.474001,1.391000,NaN,-1.127329,true,Self-supervised model,0.203949,9.632000,102.498336,10.641439,0.000000,0.000000,0.843580,8.797090,false,false
2026-04-17T14:47:43.948811,0.614917,-0.668397,0.964526,34.737,NE,1,0.908228,1,0.908228,2.127210,2.306621,2.377700,-1.094150,6.473921,4.697424,-0.693467,-2.259919,0.255589,2.377700,-0.125838,0.248622,0.046426,0.282495,0.278654,-33.115002,-26.474001,1.391000,NaN,-1.126907,true,Self-supervised model,0.203003,9.639000,102.649608,10.649404,0.000000,0.000000,0.894651,8.416776,false,false
2026-04-17T14:47:43.956394,0.614917,-0.668397,0.966541,34.621,NE,1,0.908228,1,0.908228,2.147119,2.322241,2.251639,-1.039083,6.576872,4.623203,-0.633617,-2.153544,0.175080,2.251639,-0.067195,0.290772,0.094684,0.313095,0.298435,-33.115002,-26.474001,1.391000,NaN,-1.127396,true,Self-supervised model,0.201227,9.646000,102.765023,10.653641,0.000000,0.000000,0.953580,7.191549,false,false
2026-04-17T14:47:43.964224,0.614917,-0.668397,0.967885,34.544,NE,1,0.908228,1,0.908228,2.145253,2.337161,2.135458,-0.981623,6.675035,4.563348,-0.572923,-2.054066,0.112936,2.135458,-0.010385,0.314596,0.126449,0.339216,0.314767,-33.115002,-26.474001,1.391000,NaN,-1.128733,true,Self-supervised model,0.199735,9.654000,102.842034,10.652790,0.000000,0.000000,1.004587,6.295272,false,false
2026-04-17T14:47:43.972363,0.614917,-0.668397,0.968568,34.505,NE,1,0.908228,1,0.908228,2.135906,2.351111,2.086831,-0.991199,6.727707,4.544195,-0.580794,-2.002111,0.095348,2.086831,0.036652,0.308487,0.149662,0.344828,0.310657,-33.115002,-26.474001,1.391000,NaN,-1.130691,true,Self-supervised model,0.199648,9.662000,102.881204,10.648024,0.000000,0.000000,1.023516,6.051805,false,false
2026-04-17T14:47:43.980366,0.614917,-0.668397,0.968643,34.501,NE,1,0.908228,1,0.908228,2.122678,2.363974,2.053236,-0.962469,6.756437,4.515464,-0.552951,-1.976073,0.071823,2.053236,0.095295,0.273057,0.184481,0.343037,0.289208,-33.115002,-26.474001,1.391000,NaN,-1.133051,true,Self-supervised model,0.199760,9.670000,102.885494,10.639658,0.000000,0.000000,1.033821,5.985463,false,false
2026-04-17T14:47:43.988513,0.614917,-0.668397,0.968152,34.529,NE,1,0.908228,1,0.908228,2.108048,2.375737,2.031240,-0.957681,6.782773,4.446033,-0.552951,-1.954496,0.011316,2.031240,0.149662,0.225409,0.222355,0.350214,0.270570,-33.115002,-26.474001,1.391000,NaN,-1.135808,true,Self-supervised model,0.199103,9.679000,102.857333,10.626855,0.000000,0.000000,1.037813,5.799999,false,false
2026-04-17T14:47:44.003528,0.614917,-0.668397,0.967099,34.589,NE,1,0.908228,1,0.908228,2.087739,2.386217,1.981118,-0.866701,6.823475,4.302381,-0.471292,-1.920502,-0.119939,1.981118,0.196699,0.177151,0.259618,0.370775,0.264713,-33.115002,-26.474001,1.391000,NaN,-1.139105,true,Self-supervised model,0.198024,9.694000,102.797026,10.604191,0.000000,0.000000,1.053819,5.343180,false,false
2026-04-17T14:47:44.004536,0.614917,-0.668397,0.965474,34.682,NE,1,0.908228,1,0.908228,2.060144,2.395174,1.915268,-0.787692,6.895301,4.170700,-0.405204,-1.856925,-0.236414,1.915268,0.226631,0.156382,0.280387,0.392981,0.275348,-35.185001,-25.113001,0.281000,NaN,-1.143021,true,Self-supervised model,0.187726,9.695000,102.703902,10.593492,0.000000,0.000000,1.075643,4.873697,false,false
2026-04-17T14:47:44.012848,0.614917,-0.668397,0.963290,34.808,NE,1,0.908228,1,0.908228,2.018171,2.402094,1.797814,-0.682347,7.024588,4.048595,-0.314608,-1.736817,-0.341501,1.797814,0.246790,0.145386,0.291994,0.409026,0.286430,-35.185001,-25.113001,0.281000,NaN,-1.147437,true,Self-supervised model,0.193382,9.703000,102.578800,10.571864,0.000000,0.000000,1.122569,4.395352,false,false
2026-04-17T14:47:44.020622,0.614917,-0.668397,0.960604,34.961,NE,1,0.908228,1,0.908228,1.962850,2.406524,1.672414,-0.600945,7.168240,3.964798,-0.248879,-1.602902,-0.407103,1.672414,0.257785,0.137445,0.295659,0.415642,0.292137,-35.185001,-25.113001,0.281000,NaN,-1.152133,true,Self-supervised model,0.190606,9.711000,102.424907,10.547308,0.000000,0.000000,1.173663,4.023687,false,false
2026-04-17T14:47:44.028428,0.614917,-0.668397,0.957480,35.140,NE,1,0.908228,1,0.908228,1.890891,2.407899,1.513107,-0.560243,7.352593,3.907337,-0.224203,-1.428375,-0.446060,1.513107,0.259618,0.131947,0.293215,0.413263,0.291224,-35.185001,-25.113001,0.281000,NaN,-1.157014,true,Self-supervised model,0.187528,9.719000,102.245865,10.520204,0.000000,0.000000,1.249675,3.661362,false,false
2026-04-17T14:47:44.036900,0.614917,-0.668397,0.953996,35.340,NE,1,0.908228,1,0.908228,1.807130,2.405868,1.367383,-0.486023,7.508216,3.890578,-0.165963,-1.282468,-0.444375,1.367383,0.252898,0.125227,0.289550,0.404325,0.282205,-35.185001,-25.113001,0.281000,NaN,-1.161930,true,Self-supervised model,0.185059,9.727000,102.046295,10.491035,0.000000,0.000000,1.321597,3.381892,false,false
2026-04-17T14:47:44.045343,0.614917,-0.668397,0.950233,35.556,NE,1,0.908228,1,0.908228,1.706608,2.399898,1.178866,-0.397437,7.702147,3.897760,-0.092927,-1.097710,-0.419670,1.178866,0.229685,0.111788,0.270613,0.372134,0.255445,-35.185001,-25.113001,0.281000,NaN,-1.166813,true,Self-supervised model,0.181479,9.735000,101.830692,10.460266,0.000000,0.000000,1.447669,3.167856,false,false
2026-04-17T14:47:44.053091,0.614917,-0.668397,0.946274,35.782,NE,1,0.908228,1,0.908228,1.588547,2.389444,0.968729,-0.356736,7.891289,3.995923,-0.066926,-0.916768,-0.305767,0.968729,0.207083,0.100182,0.248622,0.338722,0.230043,-35.185001,-25.113001,0.281000,NaN,-1.171558,true,Self-supervised model,0.176587,9.743000,101.603830,10.428393,0.000000,0.000000,1.639826,2.859950,false,false
2026-04-17T14:47:44.060591,0.614917,-0.668397,0.942212,36.015,NE,1,0.908228,1,0.908228,1.463495,2.374406,0.806969,-0.356736,8.034941,4.098873,-0.080497,-0.780478,-0.188606,0.806969,0.189979,0.094073,0.230907,0.313464,0.211995,-35.185001,-25.113001,0.281000,NaN,-1.176031,true,Self-supervised model,0.172808,9.751000,101.371081,10.395968,0.000000,0.000000,1.813570,2.574356,false,false
2026-04-17T14:47:44.071003,0.614917,-0.668397,0.938137,36.249,NE,1,0.908228,1,0.908228,1.341210,2.355078,0.699217,-0.390255,8.140285,4.185065,-0.126127,-0.681945,-0.089147,0.699217,0.183870,0.089797,0.207083,0.291128,0.204626,-35.185001,-25.113001,0.281000,NaN,-1.180158,true,Self-supervised model,0.171240,9.761000,101.137589,10.361396,0.000000,0.000000,1.918161,2.401752,false,false
2026-04-17T14:47:44.077757,0.614917,-0.668397,0.934130,36.478,NE,1,0.908228,1,0.908228,1.218085,2.331598,0.571677,-0.507571,8.317456,4.285621,-0.254367,-0.511386,0.024420,0.571677,0.178373,0.075136,0.182649,0.266126,0.193552,-35.185001,-25.113001,0.281000,NaN,-1.183890,true,Self-supervised model,0.166634,9.768000,100.908036,10.330471,0.000000,0.000000,2.130722,2.148147,false,false
2026-04-17T14:47:44.086199,0.614917,-0.668397,0.930245,36.701,NE,1,0.908228,1,0.908228,1.111673,2.304801,0.553012,-0.670376,8.513782,4.388572,-0.427731,-0.321396,0.139906,0.553012,0.169210,0.031765,0.174097,0.244848,0.172165,-35.185001,-25.113001,0.281000,NaN,-1.187289,true,Self-supervised model,0.168028,9.776000,100.685443,10.299247,0.000000,0.000000,2.010214,2.258594,false,false
2026-04-17T14:47:44.092416,0.614917,-0.668397,0.926515,36.915,NE,1,0.908228,1,0.908228,1.043817,2.276362,0.687574,-0.854730,8.657434,4.467580,-0.622219,-0.182649,0.228562,0.687574,0.157603,-0.025656,0.179594,0.240315,0.159678,-35.185001,-25.113001,0.281000,NaN,-1.190402,true,Self-supervised model,0.173695,9.783000,100.471699,10.270030,0.000000,0.000000,1.518117,2.861139,false,false
2026-04-17T14:47:44.104446,0.614917,-0.668397,0.922998,37.116,NE,1,0.908228,1,0.908228,1.010885,2.247743,0.837990,-1.000776,8.880095,4.539406,-0.779247,0.037048,0.305986,0.837990,0.129503,-0.135612,0.209527,0.281182,0.187515,-35.185001,-25.113001,0.281000,NaN,-1.193061,true,Self-supervised model,0.180626,9.795000,100.270224,10.236878,0.000000,0.000000,1.206322,2.980240,false,false
2026-04-17T14:47:44.108981,0.614917,-0.668397,0.919716,37.304,NE,1,0.908228,1,0.908228,0.995553,2.219655,0.915061,-0.979228,9.050082,4.663905,-0.777778,0.203410,0.437062,0.915061,0.095906,-0.243124,0.249233,0.361143,0.261357,-35.185001,-25.113001,0.281000,NaN,-1.195404,true,Self-supervised model,0.179533,9.799000,100.082196,10.213511,0.000000,0.000000,1.087963,2.533790,false,false
2026-04-17T14:47:44.116524,0.614917,-0.668397,0.916358,37.497,NE,1,0.908228,1,0.908228,0.983362,2.192203,0.919358,-0.739808,9.188946,4.865018,-0.563752,0.340053,0.641691,0.919358,0.055589,-0.361632,0.280998,0.461333,0.365880,-35.185001,-25.113001,0.281000,NaN,-1.199070,true,Self-supervised model,0.180600,9.807000,99.889764,10.185558,0.000000,0.000000,1.069618,1.992831,false,false
2026-04-17T14:47:44.124482,0.614917,-0.668397,0.912830,37.699,NE,1,0.908228,1,0.908228,0.982511,2.165816,0.978044,-0.447716,9.227253,5.073313,-0.302164,0.377786,0.850027,0.978044,0.022602,-0.453262,0.296881,0.542306,0.453825,-35.185001,-25.113001,0.281000,NaN,-1.203275,true,Self-supervised model,0.181161,9.815000,99.687640,10.156662,0.000000,0.000000,1.004567,1.803493,false,false
2026-04-17T14:47:44.132631,0.614917,-0.668397,0.909083,37.913,NE,1,0.908228,1,0.908228,1.000547,2.141205,1.095233,-0.002394,9.263166,5.233725,0.109261,0.414423,1.007894,1.095233,0.004276,-0.510683,0.288328,0.586472,0.510701,-35.185001,-25.113001,0.281000,NaN,-1.207902,true,Self-supervised model,0.183296,9.823000,99.472922,10.126532,0.000000,0.000000,0.913547,1.867495,false,false
2026-04-17T14:47:44.140719,0.614917,-0.668397,0.905127,38.140,NE,1,0.908228,1,0.908228,1.043019,2.119278,1.266001,0.392649,9.303867,5.312734,0.470876,0.456730,1.082789,1.266001,-0.000611,-0.492357,0.244346,0.549656,0.492358,-35.185001,-25.113001,0.281000,NaN,-1.212689,true,Self-supervised model,0.186352,9.831000,99.246291,10.095239,0.000000,0.000000,0.823869,2.303263,false,false
2026-04-17T14:47:44.149399,0.614917,-0.668397,0.901079,38.372,NE,1,0.908228,1,0.908228,1.109465,2.100885,1.458307,0.689530,9.375694,5.379771,0.745632,0.536667,1.132555,1.458307,0.009774,-0.417221,0.170431,0.450795,0.417335,-35.185001,-25.113001,0.281000,NaN,-1.217106,true,Self-supervised model,0.190067,9.839000,99.014371,10.063459,0.000000,0.000000,0.760790,3.234970,false,false
2026-04-17T14:47:44.160378,0.614917,-0.668397,0.897412,38.582,NE,1,0.908228,1,0.908228,1.175112,2.085854,1.519755,0.785298,9.476251,5.365406,0.822284,0.643953,1.104006,1.519755,0.014661,-0.332922,0.092852,0.345938,0.333244,-35.185001,-25.113001,0.281000,NaN,-1.219249,true,Self-supervised model,0.192901,9.850000,98.804271,10.030890,0.000000,0.000000,0.773224,4.393144,false,false
2026-04-17T14:47:44.164867,0.614917,-0.668397,0.894121,38.771,NE,1,0.908228,1,0.908228,1.225902,2.073456,1.492549,0.742203,9.603143,5.291186,0.766472,0.776136,1.018742,1.492549,0.010996,-0.231518,-0.003054,0.231799,0.231779,-37.217003,-25.426001,2.859000,NaN,-1.221040,true,Self-supervised model,0.191963,9.855000,98.615673,10.006664,0.000000,0.000000,0.821348,6.438979,false,false
2026-04-17T14:47:44.173207,0.614917,-0.668397,0.891329,38.931,NE,1,0.908228,1,0.908228,1.255042,2.062719,1.408031,0.512359,9.785102,5.157111,0.532066,0.958723,0.883349,1.408031,-0.005498,-0.151495,-0.083078,0.172866,0.151594,-37.217003,-25.426001,2.859000,NaN,-1.221833,true,Self-supervised model,0.194773,9.863000,98.455702,9.982328,0.000000,0.000000,0.891346,8.145203,false,false
2026-04-17T14:47:44.181630,0.614917,-0.668397,0.889215,39.052,NE,1,0.908228,1,0.908228,1.284207,2.053579,1.437322,0.222661,9.991004,5.080496,0.244822,1.165866,0.804186,1.437322,-0.042150,-0.114843,-0.128282,0.177261,0.122333,-37.217003,-25.426001,2.859000,NaN,-1.221233,true,Self-supervised model,0.195774,9.872000,98.334603,9.960961,0.000000,0.000000,0.893472,8.108488,false,false
2026-04-17T14:47:44.188854,0.614917,-0.668397,0.887892,39.128,NE,1,0.908228,1,0.908228,1.328399,2.046572,1.560404,0.033519,10.165780,5.073313,0.060974,1.343070,0.792026,1.560404,-0.087354,-0.120951,-0.137445,0.202857,0.149198,-37.217003,-25.426001,2.859000,NaN,-1.219395,true,Self-supervised model,0.197590,9.879000,98.258783,9.946228,0.000000,0.000000,0.851317,7.692139,false,false
2026-04-17T14:47:44.196769,0.614917,-0.668397,0.887314,39.161,NE,1,0.908228,1,0.908228,1.393757,2.042459,1.736889,-0.045490,10.352529,5.104438,-0.013716,1.534335,0.813886,1.736889,-0.142942,-0.167988,-0.122784,0.252445,0.220573,-37.217003,-25.426001,2.859000,NaN,-1.216991,true,Self-supervised model,0.199650,9.887000,98.225677,9.934831,0.000000,0.000000,0.802445,6.880271,false,false
2026-04-17T14:47:44.205261,0.614917,-0.668397,0.887320,39.160,NE,1,0.908228,1,0.908228,1.483512,2.042101,1.954723,-0.079009,10.522516,5.248090,-0.046086,1.710015,0.945867,1.954723,-0.199753,-0.246179,-0.090408,0.329665,0.317026,-37.217003,-25.426001,2.859000,NaN,-1.214651,true,Self-supervised model,0.201569,9.895000,98.226009,9.926833,0.000000,0.000000,0.758937,5.929427,false,false
2026-04-17T14:47:44.214291,0.614917,-0.668397,0.887726,39.137,NE,1,0.908228,1,0.908228,1.590942,2.046055,2.154952,-0.004788,10.644621,5.439626,0.024523,1.839587,1.122112,2.154952,-0.244346,-0.318872,-0.061697,0.406437,0.401726,-37.217003,-25.426001,2.859000,NaN,-1.212642,true,Self-supervised model,0.202576,9.904000,98.249291,9.920163,0.000000,0.000000,0.738273,5.302062,false,false
2026-04-17T14:47:44.221193,0.614917,-0.668397,0.888343,39.102,NE,1,0.908228,1,0.908228,1.697991,2.054132,2.260001,0.196325,10.680533,5.564125,0.217752,1.884313,1.228639,2.260001,-0.268170,-0.368963,-0.046426,0.458480,0.456123,-37.217003,-25.426001,2.859000,NaN,-1.211185,true,Self-supervised model,0.202729,9.911000,98.284624,9.916721,0.000000,0.000000,0.751323,4.929335,false,false
2026-04-17T14:47:44.228770,0.614917,-0.668397,0.889031,39.062,NE,1,0.908228,1,0.908228,1.802109,2.066051,2.348729,0.507571,10.654198,5.681441,0.518754,1.867579,1.326488,2.348729,-0.286496,-0.408058,-0.047037,0.500803,0.498589,-37.217003,-25.426001,2.859000,NaN,-1.210213,true,Self-supervised model,0.203145,9.919000,98.324027,9.912696,0.000000,0.000000,0.767270,4.689927,false,false
2026-04-17T14:47:44.237268,0.614917,-0.668397,0.889736,39.022,NE,1,0.908228,1,0.908228,1.893475,2.081148,2.373141,0.782904,10.529699,5.770026,0.783188,1.753434,1.394233,2.373141,-0.305433,-0.431271,-0.060476,0.531922,0.528473,-37.217003,-25.426001,2.859000,NaN,-1.209435,true,Self-supervised model,0.203014,9.927000,98.364463,9.908780,0.000000,0.000000,0.797877,4.461447,false,false
2026-04-17T14:47:44.245173,0.614917,-0.668397,0.890491,38.979,NE,1,0.908228,1,0.908228,1.977195,2.098990,2.416729,1.012747,10.400413,5.868188,1.003047,1.635669,1.469375,2.416729,-0.356745,-0.456927,-0.107512,0.589583,0.579698,-37.217003,-25.426001,2.859000,NaN,-1.208484,true,Self-supervised model,0.202599,9.935000,98.407708,9.905154,0.000000,0.000000,0.818129,4.099045,false,false
2026-04-17T14:47:44.252729,0.614917,-0.668397,0.891387,38.927,NE,1,0.908228,1,0.908228,2.057726,2.119340,2.480512,1.240196,10.244789,5.983110,1.222789,1.493177,1.558252,2.480512,-0.393397,-0.455095,-0.137445,0.617060,0.601558,-37.217003,-25.426001,2.859000,NaN,-1.207023,true,Self-supervised model,0.202799,9.943000,98.459041,9.902348,0.000000,0.000000,0.829557,4.019886,false,false
2026-04-17T14:47:44.260532,0.614917,-0.668397,0.892536,38.861,NE,1,0.908228,1,0.908228,2.133639,2.141912,2.532181,1.410185,10.065224,6.102820,1.388768,1.328425,1.648802,2.532181,-0.442877,-0.398284,-0.195477,0.626883,0.595626,-37.217003,-25.426001,2.859000,NaN,-1.204863,true,Self-supervised model,0.203053,9.951000,98.524860,9.901001,0.000000,0.000000,0.842609,4.039323,false,false
2026-04-17T14:47:44.268554,0.614917,-0.668397,0.894040,38.775,NE,1,0.908228,1,0.908228,2.204194,2.166403,2.574611,1.484405,9.947908,6.210559,1.465201,1.227247,1.725014,2.574611,-0.463647,-0.290161,-0.259618,0.605444,0.546957,-37.217003,-25.426001,2.859000,NaN,-1.201936,true,Self-supervised model,0.203741,9.959000,98.611064,9.901703,0.000000,0.000000,0.856127,4.252431,false,false
2026-04-17T14:47:44.276775,0.614917,-0.668397,0.896017,38.662,NE,1,0.908228,1,0.908228,2.266857,2.192421,2.595837,1.472434,9.907207,6.291962,1.464114,1.203329,1.773904,2.595837,-0.472199,-0.165544,-0.322537,0.595321,0.500377,-37.217003,-25.426001,2.859000,NaN,-1.198070,true,Self-supervised model,0.203897,9.967000,98.724325,9.905119,0.000000,0.000000,0.873266,4.360400,false,false
2026-04-17T14:47:44.285860,0.614917,-0.668397,0.898589,38.515,NE,1,0.908228,1,0.908228,2.314210,2.219293,2.562813,1.395820,9.830592,6.361394,1.407893,1.143939,1.810318,2.562813,-0.478307,-0.015272,-0.386678,0.615249,0.478551,-37.217003,-25.426001,2.859000,NaN,-1.193119,true,Self-supervised model,0.203176,9.976000,98.871661,9.910952,0.000000,0.000000,0.902996,4.165491,false,false
2026-04-17T14:47:44.292337,0.614917,-0.668397,0.901850,38.328,NE,1,0.908228,1,0.908228,2.337675,2.246028,2.460865,1.237802,9.660604,6.438008,1.279315,0.991562,1.853648,2.460865,-0.480751,0.103236,-0.432493,0.654850,0.491710,-37.217003,-25.426001,2.859000,NaN,-1.187099,true,Self-supervised model,0.199998,9.982000,99.058519,9.923715,0.000000,0.000000,0.949940,3.757903,false,false
2026-04-17T14:47:44.300730,0.614917,-0.668397,0.905842,38.099,NE,1,0.908228,1,0.908228,2.331961,2.271465,2.301965,1.051055,9.418790,6.471527,1.128354,0.767740,1.853762,2.301965,-0.480140,0.167377,-0.459982,0.685662,0.508478,-37.217003,-25.426001,2.859000,NaN,-1.180185,true,Self-supervised model,0.197834,9.991000,99.287237,9.937668,0.000000,0.000000,1.013031,3.357287,false,false
2026-04-17T14:47:44.309134,0.614917,-0.668397,0.910537,37.830,NE,1,0.908228,1,0.908228,2.303239,2.294736,2.152448,0.861913,9.241618,6.469133,0.977737,0.608678,1.818399,2.152448,-0.481362,0.170431,-0.470366,0.694263,0.510643,-37.217003,-25.426001,2.859000,NaN,-1.172677,true,Self-supervised model,0.195073,9.999000,99.556245,9.956620,0.000000,0.000000,1.070056,3.100337,false,false
2026-04-17T14:47:44.319998,0.614917,-0.668397,0.915834,37.527,NE,1,0.908228,1,0.908228,2.247892,2.314862,1.957317,0.610521,9.100361,6.418855,0.764296,0.485832,1.735198,1.957317,-0.483805,0.113621,-0.463647,0.679666,0.496968,-37.217003,-25.426001,2.859000,NaN,-1.164973,true,Self-supervised model,0.192591,10.010000,99.859727,9.975997,0.000000,0.000000,1.148455,2.879824,false,false
2026-04-17T14:47:44.324329,0.614917,-0.668397,0.921601,37.196,NE,1,0.908228,1,0.908228,2.174290,2.331240,1.787879,0.344765,8.978256,6.380548,0.532642,0.382803,1.663210,1.787879,-0.500299,0.012828,-0.438601,0.665458,0.500463,-38.701000,-25.742001,4.317000,NaN,-1.157324,true,Self-supervised model,0.184798,10.014000,100.190172,10.005010,0.000000,0.000000,1.216128,2.686690,false,false
2026-04-17T14:47:44.332885,0.614917,-0.668397,0.927672,36.848,NE,1,0.908228,1,0.908228,2.096927,2.343867,1.690772,0.181959,8.815451,6.378153,0.397761,0.240023,1.625695,1.690772,-0.525344,-0.117897,-0.401338,0.671535,0.538411,-38.701000,-25.742001,4.317000,NaN,-1.150040,true,Self-supervised model,0.186704,10.023000,100.537998,10.030729,0.000000,0.000000,1.240219,2.517773,false,false
2026-04-17T14:47:44.340576,0.614917,-0.668397,0.933862,36.494,NE,1,0.908228,1,0.908228,2.026806,2.353185,1.658672,0.136469,8.657434,6.402095,0.372648,0.102958,1.612987,1.658672,-0.540005,-0.223577,-0.362243,0.687613,0.584459,-38.701000,-25.742001,4.317000,NaN,-1.143369,true,Self-supervised model,0.185107,10.031000,100.892696,10.058090,0.000000,0.000000,1.221945,2.412217,false,false
2026-04-17T14:47:44.349061,0.614917,-0.668397,0.939998,36.142,NE,1,0.908228,1,0.908228,1.964053,2.359619,1.634598,0.217872,8.406042,6.387730,0.467323,-0.127007,1.561214,1.634598,-0.540005,-0.325591,-0.321315,0.707713,0.630567,-38.701000,-25.742001,4.317000,NaN,-1.137455,true,Self-supervised model,0.185005,10.039000,101.244221,10.085090,0.000000,0.000000,1.201551,2.309689,false,false
2026-04-17T14:47:44.356902,0.614917,-0.668397,0.945938,35.802,NE,1,0.908228,1,0.908228,1.917398,2.363930,1.672461,0.328006,8.137892,6.385336,0.584935,-0.373775,1.521601,1.672461,-0.522901,-0.384234,-0.285885,0.709078,0.648892,-38.701000,-25.742001,4.317000,NaN,-1.132294,true,Self-supervised model,0.185053,10.047000,101.584583,10.110937,0.000000,0.000000,1.146453,2.358642,false,false
2026-04-17T14:47:44.364524,0.614917,-0.668397,0.951597,35.478,NE,1,0.908228,1,0.908228,1.880915,2.366610,1.689380,0.450110,7.872135,6.301539,0.710301,-0.619015,1.402247,1.689380,-0.487470,-0.403171,-0.254120,0.681727,0.632593,-38.701000,-25.742001,4.317000,NaN,-1.127761,true,Self-supervised model,0.185745,10.055000,101.908816,10.135138,0.000000,0.000000,1.113376,2.478089,false,false
2026-04-17T14:47:44.372963,0.614917,-0.668397,0.956916,35.173,NE,1,0.908228,1,0.908228,1.855703,2.368174,1.723338,0.567426,7.666234,6.210559,0.828568,-0.805786,1.278310,1.723338,-0.451429,-0.390343,-0.233351,0.640787,0.596788,-38.701000,-25.742001,4.317000,NaN,-1.123803,true,Self-supervised model,0.187416,10.063000,102.213564,10.157365,0.000000,0.000000,1.076807,2.689407,false,false
2026-04-17T14:47:44.381669,0.614917,-0.668397,0.961874,34.889,NE,1,0.908228,1,0.908228,1.828834,2.368600,1.687775,0.574608,7.486669,6.074090,0.831350,-0.965205,1.107167,1.687775,-0.398284,-0.353691,-0.206472,0.571278,0.532661,-38.701000,-25.742001,4.317000,NaN,-1.120289,true,Self-supervised model,0.187795,10.072000,102.497626,10.176492,0.000000,0.000000,1.083577,2.954385,false,false
2026-04-17T14:47:44.388620,0.614917,-0.668397,0.966308,34.635,NE,1,0.908228,1,0.908228,1.796431,2.367713,1.626316,0.517148,7.297527,5.884948,0.764377,-1.133014,0.881425,1.626316,-0.339030,-0.296881,-0.185703,0.487407,0.450643,-38.701000,-25.742001,4.317000,NaN,-1.117951,true,Self-supervised model,0.187077,10.079000,102.751674,10.194630,0.000000,0.000000,1.104602,3.336672,false,false
2026-04-17T14:47:44.396921,0.614917,-0.668397,0.970072,34.419,NE,1,0.908228,1,0.908228,1.746568,2.364867,1.484788,0.395043,7.235278,5.700594,0.628568,-1.172816,0.658788,1.484788,-0.285885,-0.231518,-0.154549,0.399019,0.367873,-38.701000,-25.742001,4.317000,NaN,-1.116863,true,Self-supervised model,0.187197,10.087000,102.967378,10.207929,0.000000,0.000000,1.176308,3.721097,false,false
2026-04-17T14:47:44.404757,0.614917,-0.668397,0.973064,34.248,NE,1,0.908228,1,0.908228,1.682600,2.359577,1.346764,0.217872,7.189788,5.525817,0.433981,-1.194939,0.444474,1.346764,-0.241292,-0.179594,-0.117286,0.322850,0.300792,-38.701000,-25.742001,4.317000,NaN,-1.116962,true,Self-supervised model,0.185949,10.095000,103.138801,10.216820,0.000000,0.000000,1.249365,4.171491,false,false
2026-04-17T14:47:44.413483,0.614917,-0.668397,0.975208,34.125,NE,1,0.908228,1,0.908228,1.601953,2.351272,1.178558,-0.043096,7.211336,5.331887,0.152655,-1.149510,0.210527,1.178558,-0.188757,-0.120951,-0.056810,0.231270,0.224184,-38.701000,-25.742001,4.317000,NaN,-1.118211,true,Self-supervised model,0.184908,10.104000,103.261633,10.219877,0.000000,0.000000,1.359249,5.096016,false,false
2026-04-17T14:47:44.421006,0.614917,-0.668397,0.976475,34.052,NE,1,0.908228,1,0.908228,1.519243,2.339991,1.085017,-0.294487,7.259220,5.157111,-0.120676,-1.078281,-0.002954,1.085017,-0.152716,-0.086132,-0.005498,0.175417,0.175331,-38.701000,-25.742001,4.317000,NaN,-1.120452,true,Self-supervised model,0.184772,10.111000,103.334217,10.219980,0.000000,0.000000,1.400203,6.185347,false,false
2026-04-17T14:47:44.428186,0.614917,-0.668397,0.976879,34.029,NE,1,0.908228,1,0.908228,1.450574,2.326414,1.090061,-0.426168,7.278373,5.011064,-0.271986,-1.040076,-0.180277,1.090061,-0.095295,-0.036652,0.089186,0.135568,0.102100,-38.701000,-25.742001,4.317000,NaN,-1.123499,true,Self-supervised model,0.187571,10.118000,103.357371,10.215198,0.000000,0.000000,1.330727,8.040696,false,false
2026-04-17T14:47:44.436706,0.614917,-0.668397,0.976568,34.047,NE,1,0.908228,1,0.908228,1.391631,2.311023,1.082177,-0.517148,7.340622,4.903325,-0.381166,-0.964046,-0.310540,1.082177,-0.048869,-0.023213,0.160658,0.169523,0.054102,-38.701000,-25.742001,4.317000,NaN,-1.126671,true,Self-supervised model,0.187249,10.127000,103.339537,10.204358,0.000000,0.000000,1.285954,6.383678,false,false
2026-04-17T14:47:44.445295,0.614917,-0.668397,0.975639,34.100,NE,1,0.908228,1,0.908228,1.331414,2.293838,1.015279,-0.440533,7.436390,4.795586,-0.320149,-0.866032,-0.422237,1.015279,0.015272,-0.029322,0.248622,0.250811,0.033060,-38.701000,-25.742001,4.317000,NaN,-1.130069,true,Self-supervised model,0.184462,10.135000,103.286341,10.191055,0.000000,0.000000,1.311378,4.047991,false,false
2026-04-17T14:47:44.453129,0.614917,-0.668397,0.974247,34.180,NE,1,0.908228,1,0.908228,1.280401,2.275301,1.012578,-0.277727,7.481880,4.651934,-0.177219,-0.821109,-0.565410,1.012578,0.078191,-0.048869,0.297491,0.311453,0.092206,-38.701000,-25.742001,4.317000,NaN,-1.133318,true,Self-supervised model,0.183752,10.143000,103.206548,10.175150,0.000000,0.000000,1.264496,3.251140,false,false
2026-04-17T14:47:44.460495,0.614917,-0.668397,0.972307,34.291,NE,1,0.908228,1,0.908228,1.244866,2.256083,1.058310,-0.057461,7.520187,4.505888,0.019123,-0.782614,-0.712159,1.058310,0.130725,-0.061087,0.307265,0.339459,0.144294,-38.701000,-25.742001,4.317000,NaN,-1.137448,true,Self-supervised model,0.184542,10.151000,103.095388,10.156180,0.000000,0.000000,1.176277,3.117636,false,false
2026-04-17T14:47:44.468607,0.614917,-0.668397,0.969795,34.435,NE,1,0.908228,1,0.908228,1.240026,2.237441,1.214616,0.174777,7.515399,4.319140,0.227426,-0.791323,-0.892960,1.214616,0.190590,-0.073304,0.282220,0.348347,0.204201,-38.701000,-25.742001,4.317000,NaN,-1.142243,true,Self-supervised model,0.187697,10.159000,102.951510,10.134020,0.000000,0.000000,1.020920,3.486794,false,false
2026-04-17T14:47:44.481457,0.614917,-0.668397,0.966849,34.604,NE,1,0.908228,1,0.908228,1.260151,2.220350,1.365807,0.347159,7.534553,4.144363,0.377988,-0.779859,-1.055640,1.365807,0.240070,-0.091630,0.230907,0.345467,0.256962,-38.701000,-25.742001,4.317000,NaN,-1.146933,true,Self-supervised model,0.190754,10.172000,102.782669,10.104470,0.000000,0.000000,0.922642,3.953506,false,false
2026-04-17T14:47:44.486342,0.614917,-0.668397,0.963669,34.786,NE,1,0.908228,1,0.908228,1.299204,2.205504,1.504232,0.450110,7.544129,3.983952,0.462826,-0.780535,-1.199696,1.504232,0.275500,-0.106901,0.161879,0.336947,0.295514,-37.024002,-26.703001,5.628000,NaN,-1.151046,true,Self-supervised model,0.190008,10.176000,102.600467,10.082593,0.000000,0.000000,0.863699,4.464299,false,false
2026-04-17T14:47:44.492681,0.614917,-0.668397,0.960501,34.967,NE,1,0.908228,1,0.908228,1.352619,2.193388,1.633046,0.495600,7.534553,3.830723,0.493936,-0.801764,-1.334182,1.633046,0.292604,-0.116675,0.094684,0.328931,0.315009,-37.024002,-26.703001,5.628000,NaN,-1.154164,true,Self-supervised model,0.193295,10.183000,102.418975,10.057839,0.000000,0.000000,0.828280,4.964707,false,false
2026-04-17T14:47:44.503995,0.614917,-0.668397,0.957529,35.138,NE,1,0.908228,1,0.908228,1.415297,2.184265,1.744355,0.442927,7.522582,3.670311,0.431465,-0.826157,-1.474475,1.744355,0.308487,-0.124006,0.020769,0.333126,0.332478,-37.024002,-26.703001,5.628000,NaN,-1.156352,true,Self-supervised model,0.196095,10.194000,102.248709,10.030283,0.000000,0.000000,0.811358,5.236322,false,false
2026-04-17T14:47:44.509244,0.614917,-0.668397,0.954935,35.286,NE,1,0.908228,1,0.908228,1.483256,2.178224,1.840042,0.342371,7.513005,3.524265,0.326427,-0.848475,-1.599778,1.840042,0.312152,-0.117286,-0.052534,0.337572,0.333459,-37.024002,-26.703001,5.628000,NaN,-1.157435,true,Self-supervised model,0.195992,10.199000,102.100083,10.010794,0.000000,0.000000,0.806099,5.450813,false,false
2026-04-17T14:47:44.517048,0.614917,-0.668397,0.952882,35.404,NE,1,0.908228,1,0.908228,1.556982,2.175375,1.944047,0.141258,7.481880,3.380613,0.125908,-0.892364,-1.722543,1.944047,0.304822,-0.094684,-0.119119,0.340691,0.319189,-37.024002,-26.703001,5.628000,NaN,-1.157327,true,Self-supervised model,0.198610,10.207000,101.982422,9.991420,0.000000,0.000000,0.800897,5.706181,false,false
2026-04-17T14:47:44.524529,0.614917,-0.668397,0.951470,35.485,NE,1,0.908228,1,0.908228,1.629799,2.175552,2.012083,-0.021548,7.493851,3.280056,-0.031112,-0.892633,-1.802974,2.012083,0.294437,-0.069639,-0.159436,0.341998,0.302560,-37.024002,-26.703001,5.628000,NaN,-1.156173,true,Self-supervised model,0.200058,10.215000,101.901516,9.975675,0.000000,0.000000,0.810006,5.883322,false,false
2026-04-17T14:47:44.532919,0.614917,-0.668397,0.950760,35.525,NE,1,0.908228,1,0.908228,1.708176,2.178857,2.119660,-0.313640,7.524976,3.157952,-0.312690,-0.873017,-1.906049,2.119660,0.266948,-0.013439,-0.209527,0.339622,0.267286,-37.024002,-26.703001,5.628000,NaN,-1.154072,true,Self-supervised model,0.202237,10.223000,101.860864,9.963892,0.000000,0.000000,0.805873,6.241226,false,false
2026-04-17T14:47:44.541814,0.614917,-0.668397,0.950758,35.526,NE,1,0.908228,1,0.908228,1.788387,2.185238,2.209494,-0.550666,7.563283,3.076549,-0.534633,-0.845034,-1.970267,2.209494,0.232740,0.047037,-0.233961,0.333344,0.237445,-37.024002,-26.703001,5.628000,NaN,-1.151245,true,Self-supervised model,0.204105,10.232000,101.860739,9.955115,0.000000,0.000000,0.809410,6.628274,false,false
2026-04-17T14:47:44.549246,0.614917,-0.668397,0.951439,35.487,NE,1,0.908228,1,0.908228,1.865689,2.194456,2.271524,-0.823605,7.630321,3.052607,-0.788827,-0.786714,-1.979559,2.271524,0.191812,0.108734,-0.239459,0.325508,0.220488,-37.024002,-26.703001,5.628000,NaN,-1.147831,true,Self-supervised model,0.204555,10.239000,101.899756,9.952120,0.000000,0.000000,0.821338,6.978395,false,false
2026-04-17T14:47:44.557571,0.614917,-0.668397,0.952727,35.413,NE,1,0.908228,1,0.908228,1.930627,2.205903,2.271551,-0.995988,7.711724,3.078943,-0.940431,-0.712416,-1.941133,2.271551,0.155771,0.149051,-0.224798,0.311472,0.215594,-37.024002,-26.703001,5.628000,NaN,-1.144115,true,Self-supervised model,0.204487,10.248000,101.973557,9.950581,0.000000,0.000000,0.849916,7.292946,false,false
2026-04-17T14:47:44.566077,0.614917,-0.668397,0.954494,35.312,NE,1,0.908228,1,0.908228,1.974983,2.218666,2.207852,-1.103727,7.793127,3.162740,-1.027085,-0.636487,-1.847862,2.207852,0.114232,0.189368,-0.192423,0.293148,0.221154,-37.024002,-26.703001,5.628000,NaN,-1.140432,true,Self-supervised model,0.203648,10.256000,102.074794,9.952691,0.000000,0.000000,0.894527,7.531532,false,false
2026-04-17T14:47:44.572589,0.614917,-0.668397,0.956581,35.192,NE,1,0.908228,1,0.908228,1.986778,2.231390,2.048699,-1.118092,7.910442,3.306392,-1.021311,-0.523139,-1.697180,2.048699,0.078191,0.208305,-0.155771,0.271605,0.222497,-37.024002,-26.703001,5.628000,NaN,-1.137066,true,Self-supervised model,0.201143,10.263000,102.194356,9.957552,0.000000,0.000000,0.969775,7.542936,false,false
2026-04-17T14:47:44.580607,0.614917,-0.668397,0.958821,35.064,NE,1,0.908228,1,0.908228,1.964982,2.242734,1.850554,-1.082179,8.022970,3.476381,-0.967357,-0.413154,-1.522523,1.850554,0.045815,0.209527,-0.117286,0.244451,0.214477,-37.024002,-26.703001,5.628000,NaN,-1.134212,true,Self-supervised model,0.199043,10.271000,102.322715,9.962293,0.000000,0.000000,1.061834,7.570232,false,false
2026-04-17T14:47:44.588666,0.614917,-0.668397,0.961063,34.935,NE,1,0.908228,1,0.908228,1.913134,2.251550,1.640931,-1.036689,8.142680,3.660734,-0.906671,-0.294768,-1.335558,1.640931,0.022602,0.199753,-0.079412,0.216144,0.201028,-37.024002,-26.703001,5.628000,NaN,-1.131965,true,Self-supervised model,0.196106,10.279000,102.451152,9.967035,0.000000,0.000000,1.165883,7.591826,false,false
2026-04-17T14:47:44.596875,0.614917,-0.668397,0.963180,34.814,NE,1,0.908228,1,0.908228,1.816569,2.256151,1.309606,-0.895431,8.293514,3.933673,-0.753426,-0.144469,-1.061389,1.309606,0.005498,0.182649,-0.043371,0.187808,0.182731,-37.024002,-26.703001,5.628000,NaN,-1.130345,true,Self-supervised model,0.190264,10.287000,102.572469,9.971077,0.000000,0.000000,1.387111,6.973111,false,false
2026-04-17T14:47:44.604440,0.614917,-0.668397,0.965073,34.705,NE,1,0.908228,1,0.908228,1.683414,2.255241,0.984350,-0.725443,8.429984,4.194642,-0.573847,-0.008239,-0.799736,0.984350,0.012828,0.176540,-0.026267,0.178944,0.177006,-37.024002,-26.703001,5.628000,NaN,-1.129350,true,Self-supervised model,0.182510,10.295000,102.680925,9.973863,0.000000,0.000000,1.710179,5.500886,false,false
2026-04-17T14:47:44.612917,0.614917,-0.668397,0.966699,34.612,NE,1,0.908228,1,0.908228,1.532292,2.248323,0.738901,-0.600945,8.640674,4.431667,-0.439250,0.200607,-0.559278,0.738901,0.035430,0.193644,-0.023824,0.198295,0.196859,-37.024002,-26.703001,5.628000,NaN,-1.128790,true,Self-supervised model,0.175547,10.303000,102.774097,9.975162,0.000000,0.000000,2.073744,3.726269,false,false
2026-04-17T14:47:44.620948,0.614917,-0.668397,0.968123,34.531,NE,1,0.908228,1,0.908228,1.386872,2.235865,0.623414,-0.531513,8.777143,4.592079,-0.355857,0.331922,-0.389665,0.623414,0.067806,0.227853,-0.032376,0.239922,0.237728,-37.024002,-26.703001,5.628000,NaN,-1.128175,true,Self-supervised model,0.171929,10.311000,102.855692,9.975336,0.000000,0.000000,2.224640,2.598399,false,false
2026-04-17T14:47:44.628175,0.614917,-0.668397,0.969494,34.452,NE,1,0.908228,1,0.908228,1.262372,2.218926,0.608747,-0.471658,8.956709,4.764462,-0.277280,0.502887,-0.201975,0.608747,0.115454,0.290161,-0.041539,0.315037,0.312287,-37.024002,-26.703001,5.628000,NaN,-1.127015,true,Self-supervised model,0.171338,10.318000,102.934259,9.976183,0.000000,0.000000,2.073721,1.932303,false,false
2026-04-17T14:47:44.641925,0.614917,-0.668397,0.970943,34.369,NE,1,0.908228,1,0.908228,1.161497,2.198628,0.631907,-0.452504,9.050082,4.891354,-0.234552,0.584302,-0.053689,0.631907,0.169210,0.359189,-0.053756,0.400672,0.397050,-37.024002,-26.703001,5.628000,NaN,-1.125255,true,Self-supervised model,0.172684,10.332000,103.017283,9.970701,0.000000,0.000000,1.838084,1.577116,false,false
2026-04-17T14:47:44.645021,0.614917,-0.668397,0.972560,34.276,NE,1,0.908228,1,0.908228,1.079303,2.175855,0.647783,-0.445322,9.095572,4.963180,-0.199219,0.614717,0.045363,0.647783,0.218690,0.408669,-0.061697,0.467592,0.463503,-37.233002,-29.934002,5.553000,NaN,-1.122967,true,Self-supervised model,0.171464,10.335000,103.109920,9.976770,0.000000,0.000000,1.666149,1.385360,false,false
2026-04-17T14:47:44.652723,0.614917,-0.668397,0.974399,34.171,NE,1,0.908228,1,0.908228,1.018090,2.151545,0.696722,-0.450110,9.167398,4.970363,-0.173887,0.669456,0.083741,0.696722,0.271835,0.443488,-0.067195,0.524491,0.520169,-37.233002,-29.934002,5.553000,NaN,-1.120241,true,Self-supervised model,0.174725,10.343000,103.215258,9.979238,0.000000,0.000000,1.461258,1.328376,false,false
2026-04-17T14:47:44.660951,0.614917,-0.668397,0.976459,34.053,NE,1,0.908228,1,0.908228,0.981719,2.126752,0.790770,-0.531513,9.270349,4.936844,-0.224315,0.753495,0.085117,0.790770,0.311541,0.444099,-0.059865,0.545771,0.542478,-37.233002,-29.934002,5.553000,NaN,-1.117294,true,Self-supervised model,0.177974,10.351000,103.333298,9.982929,0.000000,0.000000,1.241472,1.448905,false,false
2026-04-17T14:47:44.670249,0.614917,-0.668397,0.978728,33.923,NE,1,0.908228,1,0.908228,0.965256,2.102292,0.878826,-0.644040,9.358934,4.857835,-0.307222,0.822249,0.043071,0.878826,0.335365,0.421497,-0.037874,0.539967,0.538637,-37.233002,-29.934002,5.553000,NaN,-1.114190,true,Self-supervised model,0.180639,10.360000,103.463303,9.986805,0.000000,0.000000,1.098347,1.627556,false,false
2026-04-17T14:47:44.676705,0.614917,-0.668397,0.981144,33.785,NE,1,0.908228,1,0.908228,0.962933,2.078718,0.950740,-0.713472,9.437943,4.730943,-0.351211,0.882187,-0.047988,0.950740,0.338419,0.383623,-0.012828,0.511722,0.511561,-37.233002,-29.934002,5.553000,NaN,-1.111186,true,Self-supervised model,0.181889,10.367000,103.601727,9.993414,0.000000,0.000000,1.012825,1.857923,false,false
2026-04-17T14:47:44.685866,0.614917,-0.668397,0.983564,33.646,NE,1,0.908228,1,0.908228,0.973478,2.056508,1.028840,-0.732626,9.538500,4.673482,-0.349832,0.964876,-0.071711,1.028840,0.313374,0.324980,0.023213,0.452056,0.451459,-37.233002,-29.934002,5.553000,NaN,-1.108747,true,Self-supervised model,0.184769,10.376000,103.740415,9.998112,0.000000,0.000000,0.946190,2.275914,false,false
2026-04-17T14:47:44.692295,0.614917,-0.668397,0.985857,33.515,NE,1,0.908228,1,0.908228,0.984666,2.035634,1.043398,-0.694318,9.586384,4.635174,-0.296960,0.997022,-0.080266,1.043398,0.259618,0.263283,0.056810,0.374094,0.369756,-37.233002,-29.934002,5.553000,NaN,-1.106969,true,Self-supervised model,0.185259,10.382000,103.871747,10.004984,0.000000,0.000000,0.943710,2.789131,false,false
2026-04-17T14:47:44.700769,0.614917,-0.668397,0.987886,33.398,NE,1,0.908228,1,0.908228,0.991328,2.015862,1.026303,-0.553061,9.617508,4.721366,-0.146803,1.015302,0.030163,1.026303,0.188147,0.205251,0.083689,0.290742,0.278437,-37.233002,-29.934002,5.553000,NaN,-1.105990,true,Self-supervised model,0.186542,10.391000,103.988030,10.007509,0.000000,0.000000,0.965921,3.529949,false,false
2026-04-17T14:47:44.708730,0.614917,-0.668397,0.989541,33.303,NE,1,0.908228,1,0.908228,1.001309,1.997280,1.053713,-0.378284,9.648633,4.857835,0.031884,1.036971,0.184353,1.053713,0.122173,0.166766,0.100793,0.229992,0.206730,-37.233002,-29.934002,5.553000,NaN,-1.105831,true,Self-supervised model,0.188158,10.399000,104.082875,10.008931,0.000000,0.000000,0.950267,4.581518,false,false
2026-04-17T14:47:44.716983,0.614917,-0.668397,0.990745,33.234,NE,1,0.908228,1,0.908228,1.029936,1.980586,1.180228,-0.201113,9.701305,5.080496,0.209158,1.083809,0.417791,1.180228,0.058032,0.160658,0.106291,0.201187,0.170817,-37.233002,-29.934002,5.553000,NaN,-1.106433,true,Self-supervised model,0.191729,10.407000,104.151854,10.007865,0.000000,0.000000,0.872659,5.866319,false,false
2026-04-17T14:47:44.724527,0.614917,-0.668397,0.991451,33.194,NE,1,0.908228,1,0.908228,1.086496,1.966823,1.383434,-0.110133,9.794679,5.324705,0.299432,1.174247,0.667365,1.383434,0.027489,0.215025,0.109345,0.242791,0.216775,-37.233002,-29.934002,5.553000,NaN,-1.107720,true,Self-supervised model,0.194564,10.415000,104.192295,10.004061,0.000000,0.000000,0.785361,5.698045,false,false
2026-04-17T14:47:44.732356,0.614917,-0.668397,0.991684,33.181,NE,1,0.908228,1,0.908228,1.166509,1.956810,1.586579,-0.112527,9.921572,5.513846,0.298920,1.299373,0.859948,1.586579,0.038485,0.342695,0.109956,0.361955,0.344850,-37.233002,-29.934002,5.553000,NaN,-1.109379,true,Self-supervised model,0.195792,10.422000,104.205635,9.998622,0.000000,0.000000,0.735236,4.383359,false,false
2026-04-17T14:47:44.740764,0.614917,-0.668397,0.991512,33.191,NE,1,0.908228,1,0.908228,1.261030,1.950979,1.757266,-0.179565,10.074800,5.612009,0.239051,1.450188,0.963222,1.757266,0.082467,0.496023,0.110567,0.514844,0.502831,-37.233002,-29.934002,5.553000,NaN,-1.111169,true,Self-supervised model,0.195997,10.431000,104.195793,9.989051,0.000000,0.000000,0.717609,3.413203,false,false
2026-04-17T14:47:44.750356,0.614917,-0.668397,0.991020,33.219,NE,1,0.908228,1,0.908228,1.368631,1.949685,1.933533,-0.316035,10.333375,5.544971,0.116396,1.704252,0.905829,1.933533,0.137445,0.640187,0.106901,0.663444,0.654775,-37.233002,-29.934002,5.553000,NaN,-1.112945,true,Self-supervised model,0.196072,10.440000,104.167567,9.977736,0.000000,0.000000,0.707839,2.914388,false,false
2026-04-17T14:47:44.756675,0.614917,-0.668397,0.990299,33.260,NE,1,0.908228,1,0.908228,1.494453,1.953476,2.155021,-0.567426,10.687716,5.274426,-0.113667,2.051101,0.651293,2.155021,0.243735,0.883311,0.095906,0.921327,0.916322,-37.233002,-29.934002,5.553000,NaN,-1.114579,true,Self-supervised model,0.195228,10.447000,104.126262,9.967097,0.000000,0.000000,0.693475,2.339041,false,false
2026-04-17T14:47:44.764504,0.614917,-0.668397,0.989438,33.309,NE,1,0.908228,1,0.908228,1.645181,1.963144,2.436503,-0.897826,11.030087,4.888960,-0.416370,2.383381,0.287539,2.436503,0.286496,0.976774,0.091630,1.022038,1.017923,-37.233002,-29.934002,5.553000,NaN,-1.116001,true,Self-supervised model,0.196649,10.455000,104.076926,9.954751,0.000000,0.000000,0.675222,2.383965,false,false
2026-04-17T14:47:44.772981,0.614917,-0.668397,0.988523,33.362,NE,1,0.908228,1,0.908228,1.809480,1.978997,2.672049,-1.086968,11.267113,4.618415,-0.575051,2.609105,0.041599,2.672049,0.297491,1.001208,0.104458,1.049681,1.044471,-37.233002,-29.934002,5.553000,NaN,-1.117130,true,Self-supervised model,0.198387,10.463000,104.024513,9.942131,0.000000,0.000000,0.677188,2.545581,false,false
2026-04-17T14:47:44.781062,0.614917,-0.668397,0.987582,33.416,NE,1,0.908228,1,0.908228,1.975296,2.000849,2.845830,-1.209072,11.427525,4.355053,-0.669774,2.758778,-0.198230,2.845830,0.246790,0.868039,0.120951,0.910509,0.902440,-37.233002,-29.934002,5.553000,NaN,-1.118177,true,Self-supervised model,0.201295,10.471000,103.970592,9.929385,0.000000,0.000000,0.694102,3.125537,false,false
2026-04-17T14:47:44.788894,0.614917,-0.668397,0.986564,33.474,NE,1,0.908228,1,0.908228,2.118122,2.027540,2.867956,-1.225831,11.451467,4.247314,-0.666818,2.774468,-0.287838,2.867956,0.139888,0.599259,0.130114,0.628975,0.615370,-37.233002,-29.934002,5.553000,NaN,-1.119499,true,Self-supervised model,0.204701,10.479000,103.912307,9.916243,0.000000,0.000000,0.738547,4.559730,false,false
2026-04-17T14:47:44.802376,0.614917,-0.668397,0.985411,33.540,NE,1,0.908228,1,0.908228,2.219935,2.057236,2.754458,-1.168370,11.355699,4.256891,-0.600456,2.674676,-0.269445,2.754458,-0.007330,0.246790,0.120340,0.274665,0.246898,-37.233002,-29.934002,5.553000,NaN,-1.121198,true,Self-supervised model,0.210407,10.492000,103.846209,9.897656,0.000000,0.000000,0.805943,10.028442,false,false
2026-04-17T14:47:44.804429,0.614917,-0.668397,0.984091,33.616,NE,1,0.908228,1,0.908228,2.276475,2.088006,2.573307,-1.051055,11.197681,4.333505,-0.487604,2.518937,-0.197754,2.573307,-0.149662,-0.065363,0.096517,0.189701,0.163313,-35.335003,-30.035002,6.263000,NaN,-1.123181,true,Self-supervised model,0.208391,10.495000,103.770606,9.887623,0.000000,0.000000,0.884650,13.565071,false,false
2026-04-17T14:47:44.813512,0.614917,-0.668397,0.982630,33.699,NE,1,0.908228,1,0.908228,2.276460,2.117544,2.276382,-0.852336,10.927136,4.592079,-0.301510,2.255877,0.044964,2.276382,-0.317650,-0.344528,0.068417,0.473584,0.468616,-35.335003,-30.035002,6.263000,NaN,-1.125208,true,Self-supervised model,0.200604,10.504000,103.686896,9.871182,0.000000,0.000000,1.000034,4.806711,false,false
2026-04-17T14:47:44.820679,0.614917,-0.668397,0.981083,33.788,NE,1,0.908228,1,0.908228,2.226865,2.143917,1.966489,-0.636858,10.582372,4.965574,-0.104594,1.924372,0.391066,1.966489,-0.455705,-0.467923,0.031765,0.653933,0.653161,-35.335003,-30.035002,6.263000,NaN,-1.127102,true,Self-supervised model,0.194019,10.511000,103.598220,9.856172,0.000000,0.000000,1.132406,3.007172,false,false
2026-04-17T14:47:44.828638,0.614917,-0.668397,0.979507,33.878,NE,1,0.908228,1,0.908228,2.131546,2.165422,1.631124,-0.450110,10.127473,5.276821,0.063997,1.487226,0.666805,1.631124,-0.523512,-0.431882,-0.009163,0.678727,0.678665,-35.335003,-30.035002,6.263000,NaN,-1.128788,true,Self-supervised model,0.188692,10.519000,103.507956,9.840095,0.000000,0.000000,1.306796,2.403211,false,false
2026-04-17T14:47:44.836722,0.614917,-0.668397,0.978005,33.964,NE,1,0.908228,1,0.908228,2.006050,2.181047,1.347194,-0.193930,9.466674,5.650316,0.308946,0.846688,1.001300,1.347194,-0.560774,-0.268781,-0.072082,0.626025,0.621861,-35.335003,-30.035002,6.263000,NaN,-1.129997,true,Self-supervised model,0.184492,10.527000,103.421899,9.824442,0.000000,0.000000,1.489058,2.151982,false,false
2026-04-17T14:47:44.844694,0.614917,-0.668397,0.976722,34.038,NE,1,0.908228,1,0.908228,1.897251,2.191695,1.326061,-0.071826,8.829816,5.920861,0.430880,0.231085,1.232631,1.326061,-0.551611,-0.042761,-0.131947,0.568782,0.553266,-35.335003,-30.035002,6.263000,NaN,-1.130403,true,Self-supervised model,0.185117,10.535000,103.348400,9.810005,0.000000,0.000000,1.430742,2.331402,false,false
2026-04-17T14:47:44.852553,0.614917,-0.668397,0.975814,34.090,NE,1,0.908228,1,0.908228,1.822557,2.198930,1.430412,-0.208296,8.389283,6.110003,0.306190,-0.188327,1.384507,1.430412,-0.522901,0.175929,-0.175318,0.578889,0.551703,-35.335003,-30.035002,6.263000,NaN,-1.129812,true,Self-supervised model,0.187735,10.543000,103.296371,9.797626,0.000000,0.000000,1.274148,2.470961,false,false
2026-04-17T14:47:44.860393,0.614917,-0.668397,0.975391,34.114,NE,1,0.908228,1,0.908228,1.765513,2.203593,1.466032,-0.478840,8.145074,6.165070,0.057322,-0.412430,1.405654,1.466032,-0.487470,0.341474,-0.191812,0.625319,0.595174,-35.335003,-30.035002,6.263000,NaN,-1.128299,true,Self-supervised model,0.188485,10.550000,103.272086,9.788823,0.000000,0.000000,1.204280,2.344455,false,false
2026-04-17T14:47:44.869552,0.614917,-0.668397,0.975466,34.110,NE,1,0.908228,1,0.908228,1.708642,2.205795,1.410071,-0.847547,8.109161,6.102820,-0.283111,-0.429482,1.312896,1.410071,-0.450819,0.488081,-0.179594,0.688269,0.664425,-35.335003,-30.035002,6.263000,NaN,-1.126227,true,Self-supervised model,0.187297,10.560000,103.276406,9.779963,0.000000,0.000000,1.211742,2.048720,false,false
2026-04-17T14:47:44.876572,0.614917,-0.668397,0.975962,34.081,NE,1,0.908228,1,0.908228,1.652141,2.205649,1.355508,-1.194707,8.164227,5.980716,-0.598429,-0.356505,1.162837,1.355508,-0.438601,0.570548,-0.149662,0.735048,0.719650,-35.335003,-30.035002,6.263000,NaN,-1.124046,true,Self-supervised model,0.185773,10.567000,103.304845,9.776175,0.000000,0.000000,1.218835,1.844110,false,false
2026-04-17T14:47:44.887126,0.614917,-0.668397,0.976738,34.037,NE,1,0.908228,1,0.908228,1.605094,2.203627,1.358097,-1.424550,8.233660,5.911284,-0.796885,-0.269387,1.066224,1.358097,-0.452040,0.572381,-0.107512,0.737237,0.729356,-35.335003,-30.035002,6.263000,NaN,-1.122156,true,Self-supervised model,0.185908,10.577000,103.349263,9.771132,0.000000,0.000000,1.181870,1.842144,false,false
2026-04-17T14:47:44.892605,0.614917,-0.668397,0.977607,33.987,NE,1,0.908228,1,0.908228,1.567286,2.200173,1.368796,-1.529895,8.255207,5.901707,-0.874253,-0.229314,1.027959,1.368796,-0.477697,0.514959,-0.071471,0.706035,0.702408,-35.335003,-30.035002,6.263000,NaN,-1.120911,true,Self-supervised model,0.185998,10.583000,103.399061,9.770298,0.000000,0.000000,1.145011,1.938709,false,false
2026-04-17T14:47:44.903856,0.614917,-0.668397,0.978409,33.941,NE,1,0.908228,1,0.908228,1.546957,2.196044,1.440229,-1.549049,8.190564,6.021417,-0.869673,-0.273247,1.115017,1.440229,-0.509462,0.407447,-0.037263,0.653416,0.652353,-35.335003,-30.035002,6.263000,NaN,-1.120375,true,Self-supervised model,0.188315,10.594000,103.445035,9.764493,0.000000,0.000000,1.074105,2.204152,false,false
2026-04-17T14:47:44.908720,0.614917,-0.668397,0.979056,33.904,NE,1,0.908228,1,0.908228,1.551474,2.192261,1.575188,-1.525106,8.051701,6.224925,-0.827333,-0.389647,1.282541,1.575188,-0.518625,0.285274,-0.010996,0.592008,0.591906,-35.335003,-30.035002,6.263000,NaN,-1.120348,true,Self-supervised model,0.190553,10.599000,103.482125,9.763386,0.000000,0.000000,0.984945,2.660753,false,false
2026-04-17T14:47:44.916621,0.614917,-0.668397,0.979493,33.879,NE,1,0.908228,1,0.908228,1.579348,2.189745,1.725688,-1.405396,7.860164,6.452374,-0.697369,-0.560192,1.475758,1.725688,-0.499688,0.167377,0.018937,0.527315,0.526975,-35.335003,-30.035002,6.263000,NaN,-1.120755,true,Self-supervised model,0.193835,10.607000,103.507132,9.758380,0.000000,0.000000,0.915199,3.272592,false,false
2026-04-17T14:47:44.924465,0.614917,-0.668397,0.979634,33.871,NE,1,0.908228,1,0.908228,1.623481,2.189094,1.855179,-1.285686,7.728483,6.641516,-0.573479,-0.671667,1.631464,1.855179,-0.465479,0.075136,0.042761,0.473439,0.471504,-35.335003,-30.035002,6.263000,NaN,-1.121795,true,Self-supervised model,0.196330,10.615000,103.515225,9.751788,0.000000,0.000000,0.875108,3.918513,false,false
2026-04-17T14:47:44.932375,0.614917,-0.668397,0.979468,33.881,NE,1,0.908228,1,0.908228,1.679699,2.190719,1.974841,-1.156399,7.563283,6.782773,-0.445008,-0.818187,1.741418,1.974841,-0.424551,0.016493,0.061087,0.429241,0.424872,-35.335003,-30.035002,6.263000,NaN,-1.123189,true,Self-supervised model,0.198353,10.622000,103.505721,9.744466,0.000000,0.000000,0.850549,4.600780,false,false
2026-04-17T14:47:44.940672,0.614917,-0.668397,0.979007,33.907,NE,1,0.908228,1,0.908228,1.729741,2.194279,1.992464,-0.950498,7.460332,6.828263,-0.243776,-0.904415,1.758556,1.992464,-0.344528,-0.048869,0.079412,0.356923,0.347977,-35.335003,-30.035002,6.263000,NaN,-1.124833,true,Self-supervised model,0.199500,10.631000,103.479280,9.733730,0.000000,0.000000,0.868142,5.582335,false,false
2026-04-17T14:47:44.949477,0.614917,-0.668397,0.978277,33.949,NE,1,0.908228,1,0.908228,1.769483,2.199288,1.978126,-0.737414,7.347805,6.799533,-0.037289,-1.002370,1.704948,1.978126,-0.274889,-0.056200,0.084299,0.292966,0.280575,-35.335003,-30.035002,6.263000,NaN,-1.126636,true,Self-supervised model,0.200401,10.640000,103.437473,9.721567,0.000000,0.000000,0.894525,6.752073,false,false
2026-04-17T14:47:44.961478,0.614917,-0.668397,0.977331,34.003,NE,1,0.908228,1,0.908228,1.794433,2.205093,1.925421,-0.529119,7.223307,6.698977,0.168353,-1.104743,1.567943,1.925421,-0.214414,-0.041539,0.078802,0.232182,0.218400,-35.335003,-30.035002,6.263000,NaN,-1.128447,true,Self-supervised model,0.201318,10.652000,103.383269,9.705527,0.000000,0.000000,0.931969,8.292728,false,false
2026-04-17T14:47:44.964391,0.614917,-0.668397,0.976299,34.062,NE,1,0.908228,1,0.908228,1.805701,2.211118,1.864856,-0.332794,7.082048,6.526594,0.363062,-1.223801,1.359480,1.864856,-0.144775,0.000611,0.062308,0.157615,0.144776,-35.602001,-29.014002,10.607000,NaN,-1.129823,true,Self-supervised model,0.200979,10.654000,103.324141,9.698155,0.000000,0.000000,0.968279,11.831711,false,false
2026-04-17T14:47:44.972620,0.614917,-0.668397,0.975211,34.125,NE,1,0.908228,1,0.908228,1.807428,2.216970,1.816494,-0.210690,6.924031,6.308722,0.484858,-1.358439,1.104176,1.816494,-0.077580,0.050091,0.047647,0.103914,0.092346,-35.602001,-29.014002,10.607000,NaN,-1.131134,true,Self-supervised model,0.206180,10.663000,103.261818,9.684124,0.000000,0.000000,0.995009,17.480817,false,false
2026-04-17T14:47:44.981476,0.614917,-0.668397,0.974083,34.189,NE,1,0.908228,1,0.908228,1.800277,2.222302,1.762736,-0.177171,6.801927,6.090849,0.518808,-1.455977,0.847471,1.762736,-0.026878,0.083078,0.034208,0.093779,0.087317,-35.602001,-29.014002,10.607000,NaN,-1.132422,true,Self-supervised model,0.206439,10.672000,103.197192,9.669902,0.000000,0.000000,1.021297,18.796651,false,false
2026-04-17T14:47:44.990242,0.614917,-0.668397,0.972905,34.257,NE,1,0.908228,1,0.908228,1.781237,2.226660,1.681277,-0.196325,6.720524,5.825093,0.499640,-1.511405,0.541024,1.681277,0.031154,0.092852,0.029932,0.102411,0.097939,-35.602001,-29.014002,10.607000,NaN,-1.133804,true,Self-supervised model,0.203997,10.680000,103.129658,9.656335,0.000000,0.000000,1.059455,16.417017,false,false
2026-04-17T14:47:44.996916,0.614917,-0.668397,0.971648,34.329,NE,1,0.908228,1,0.908228,1.754903,2.229789,1.616647,-0.301669,6.665458,5.568913,0.393371,-1.547212,0.254841,1.616647,0.078802,0.085521,0.038485,0.122493,0.116291,-35.602001,-29.014002,10.607000,NaN,-1.135375,true,Self-supervised model,0.200952,10.687000,103.057630,9.643270,0.000000,0.000000,1.085520,13.197840,false,false
2026-04-17T14:47:45.004879,0.614917,-0.668397,0.970346,34.403,NE,1,0.908228,1,0.908228,1.725080,2.231601,1.568512,-0.356736,6.667852,5.322310,0.335892,-1.532080,-0.011710,1.568512,0.119730,0.072082,0.062919,0.153264,0.139753,-35.602001,-29.014002,10.607000,NaN,-1.136854,true,Self-supervised model,0.198718,10.695000,102.983054,9.629084,0.000000,0.000000,1.099819,10.234062,false,false
2026-04-17T14:47:45.012987,0.614917,-0.668397,0.969012,34.480,NE,1,0.908228,1,0.908228,1.703851,2.232491,1.592399,-0.342371,6.653487,5.130774,0.345568,-1.539599,-0.214364,1.592399,0.147219,0.048869,0.091630,0.180160,0.155118,-35.602001,-29.014002,10.607000,NaN,-1.138316,true,Self-supervised model,0.198451,10.703000,102.906642,9.614747,0.000000,0.000000,1.069990,8.838819,false,false
2026-04-17T14:47:45.020822,0.614917,-0.668397,0.967623,34.559,NE,1,0.908228,1,0.908228,1.687379,2.232687,1.600902,-0.275333,6.691794,4.960786,0.404776,-1.499459,-0.388160,1.600902,0.158825,0.011606,0.125227,0.202588,0.159248,-35.602001,-29.014002,10.607000,NaN,-1.139926,true,Self-supervised model,0.197951,10.711000,102.827063,9.600137,0.000000,0.000000,1.054018,7.902250,false,false
2026-04-17T14:47:45.028551,0.614917,-0.668397,0.966136,34.644,NE,1,0.908228,1,0.908228,1.676212,2.232428,1.617583,-0.265756,6.715736,4.826711,0.403346,-1.477405,-0.520730,1.617583,0.161268,-0.020769,0.160047,0.228153,0.162600,-35.602001,-29.014002,10.607000,NaN,-1.141808,true,Self-supervised model,0.197649,10.719000,102.741838,9.585021,0.000000,0.000000,1.036245,7.089902,false,false
2026-04-17T14:47:45.036790,0.614917,-0.668397,0.964513,34.737,NE,1,0.908228,1,0.908228,1.670948,2.231968,1.643311,-0.208296,6.732495,4.747702,0.447288,-1.465418,-0.594099,1.643311,0.166766,-0.038485,0.187536,0.253893,0.171149,-35.602001,-29.014002,10.607000,NaN,-1.143975,true,Self-supervised model,0.197610,10.727000,102.648828,9.569202,0.000000,0.000000,1.016818,6.472454,false,false
2026-04-17T14:47:45.044826,0.614917,-0.668397,0.962724,34.840,NE,1,0.908228,1,0.908228,1.656421,2.230947,1.580159,-0.165200,6.833052,4.709395,0.475520,-1.371963,-0.623299,1.580159,0.180205,-0.036652,0.200975,0.272412,0.183895,-35.602001,-29.014002,10.607000,NaN,-1.146426,true,Self-supervised model,0.196132,10.735000,102.546335,9.552523,0.000000,0.000000,1.048263,5.800629,false,false
2026-04-17T14:47:45.056461,0.614917,-0.668397,0.960769,34.952,NE,1,0.908228,1,0.908228,1.640061,2.229311,1.554166,-0.155623,6.861782,4.716578,0.473750,-1.349992,-0.607053,1.554166,0.196088,-0.036652,0.211970,0.291076,0.199484,-35.602001,-29.014002,10.607000,NaN,-1.149044,true,Self-supervised model,0.195645,10.747000,102.434336,9.531435,0.000000,0.000000,1.055268,5.339384,false,false
2026-04-17T14:47:45.060598,0.614917,-0.668397,0.958804,35.065,NE,1,0.908228,1,0.908228,1.614996,2.226738,1.483406,-0.136469,6.952762,4.707001,0.473324,-1.271820,-0.599108,1.483406,0.246179,-0.031765,0.222355,0.333249,0.248220,-35.602001,-29.014002,10.607000,NaN,-1.151048,true,Self-supervised model,0.192207,10.751000,102.321776,9.517419,0.000000,0.000000,1.088708,4.451347,false,false
2026-04-17T14:47:45.069474,0.614917,-0.668397,0.956538,35.194,NE,1,0.908228,1,0.908228,1.594207,2.223437,1.485067,-0.126893,6.976704,4.656722,0.466673,-1.260204,-0.632081,1.485067,0.301157,-0.032987,0.232740,0.382036,0.302958,-35.602001,-29.014002,10.607000,NaN,-1.154522,true,Self-supervised model,0.192640,10.760000,102.191915,9.497390,0.000000,0.000000,1.073492,3.887249,false,false
2026-04-17T14:47:45.076578,0.614917,-0.668397,0.954150,35.331,NE,1,0.908228,1,0.908228,1.574974,2.219499,1.474001,-0.112527,7.041347,4.565742,0.463849,-1.210174,-0.702141,1.474001,0.348804,-0.034819,0.244957,0.427645,0.350538,-35.602001,-29.014002,10.607000,NaN,-1.157394,true,Self-supervised model,0.191627,10.767000,102.055121,9.478510,0.000000,0.000000,1.068503,3.446784,false,false
2026-04-17T14:47:45.086518,0.614917,-0.668397,0.951643,35.475,NE,1,0.908228,1,0.908228,1.560798,2.215151,1.486372,-0.162806,7.084443,4.436456,0.395644,-1.183795,-0.807092,1.486372,0.403782,-0.032376,0.257785,0.480147,0.405078,-35.602001,-29.014002,10.607000,NaN,-1.160380,true,Self-supervised model,0.191570,10.777000,101.911461,9.456385,0.000000,0.000000,1.050072,3.095660,false,false
2026-04-17T14:47:45.092287,0.614917,-0.668397,0.949019,35.625,NE,1,0.908228,1,0.908228,1.553974,2.210704,1.518150,-0.165200,7.161057,4.268862,0.374524,-1.125885,-0.947044,1.518150,0.447153,-0.031765,0.268170,0.522370,0.448280,-35.602001,-29.014002,10.607000,NaN,-1.163472,true,Self-supervised model,0.190367,10.782000,101.761105,9.438055,0.000000,0.000000,1.023597,2.906274,false,false
2026-04-17T14:47:45.101169,0.614917,-0.668397,0.946269,35.783,NE,1,0.908228,1,0.908228,1.546097,2.206119,1.504744,-0.158017,7.266402,4.161122,0.362259,-1.040572,-1.024808,1.504744,0.462425,-0.053756,0.273668,0.540019,0.465539,-35.602001,-29.014002,10.607000,NaN,-1.166725,true,Self-supervised model,0.190902,10.791000,101.603543,9.415582,0.000000,0.000000,1.027482,2.786465,false,false
2026-04-17T14:47:45.109669,0.614917,-0.668397,0.943402,35.947,NE,1,0.908228,1,0.908228,1.530722,2.201103,1.449998,-0.117316,7.383718,4.122815,0.382001,-0.943449,-1.032703,1.449998,0.456316,-0.096517,0.272446,0.540154,0.466412,-35.602001,-29.014002,10.607000,NaN,-1.170061,true,Self-supervised model,0.189996,10.800000,101.439267,9.392525,0.000000,0.000000,1.055671,2.684414,false,false
2026-04-17T14:47:45.121761,0.614917,-0.668397,0.940424,36.118,NE,1,0.908228,1,0.908228,1.496376,2.194914,1.316060,-0.074220,7.580042,4.134786,0.401904,-0.766577,-0.991386,1.316060,0.428827,-0.161268,0.271224,0.532412,0.458149,-35.602001,-29.014002,10.607000,NaN,-1.173480,true,Self-supervised model,0.188451,10.812000,101.268667,9.366321,0.000000,0.000000,1.137012,2.471880,false,false
2026-04-17T14:47:45.124473,0.614917,-0.668397,0.937346,36.294,NE,1,0.908228,1,0.908228,1.448379,2.187053,1.196394,0.026336,7.733272,4.201824,0.476772,-0.631127,-0.897622,1.196394,0.393397,-0.219911,0.260229,0.520424,0.450691,-37.301003,-28.035002,6.927001,NaN,-1.176963,true,Self-supervised model,0.180132,10.815000,101.092268,9.347413,0.000000,0.000000,1.210620,2.298882,false,false
2026-04-17T14:47:45.132894,0.614917,-0.668397,0.934189,36.475,NE,1,0.908228,1,0.908228,1.387298,2.177063,1.066626,0.102951,7.881712,4.292804,0.526766,-0.499279,-0.781619,1.066626,0.362854,-0.252287,0.239459,0.502646,0.441941,-37.301003,-28.035002,6.927001,NaN,-1.180432,true,Self-supervised model,0.183489,10.823000,100.911405,9.323792,0.000000,0.000000,1.300642,2.122024,false,false
2026-04-17T14:47:45.140875,0.614917,-0.668397,0.930985,36.658,NE,1,0.908228,1,0.908228,1.323105,2.164904,0.986092,0.174777,7.936779,4.393360,0.573008,-0.459354,-0.658052,0.986092,0.342695,-0.255342,0.208916,0.475695,0.427363,-37.301003,-28.035002,6.927001,NaN,-1.183825,true,Self-supervised model,0.181979,10.831000,100.727835,9.299957,0.000000,0.000000,1.341766,2.072952,false,false
2026-04-17T14:47:45.150410,0.614917,-0.668397,0.927809,36.840,NE,1,0.908228,1,0.908228,1.251654,2.150374,0.876537,0.234632,8.046912,4.515464,0.609788,-0.363261,-0.514313,0.876537,0.321315,-0.251066,0.164934,0.439864,0.407771,-37.301003,-28.035002,6.927001,NaN,-1.186891,true,Self-supervised model,0.180509,10.840000,100.545846,9.275447,0.000000,0.000000,1.427953,1.992746,false,false
2026-04-17T14:47:45.157208,0.614917,-0.668397,0.924754,37.016,NE,1,0.908228,1,0.908228,1.173950,2.133317,0.766000,0.227449,8.176199,4.577713,0.582596,-0.247017,-0.431649,0.766000,0.297491,-0.230296,0.119119,0.394622,0.376215,-37.301003,-28.035002,6.927001,NaN,-1.189460,true,Self-supervised model,0.177622,10.847000,100.370811,9.253325,0.000000,0.000000,1.532571,1.941097,false,false
2026-04-17T14:47:45.164692,0.614917,-0.668397,0.921912,37.178,NE,1,0.908228,1,0.908228,1.093801,2.113737,0.673020,0.193930,8.336611,4.589684,0.531632,-0.098538,-0.400767,0.673020,0.270002,-0.201586,0.076358,0.345498,0.336954,-37.301003,-28.035002,6.927001,NaN,-1.191448,true,Self-supervised model,0.176327,10.855000,100.208003,9.231507,0.000000,0.000000,1.625212,1.947974,false,false
2026-04-17T14:47:45.173032,0.614917,-0.668397,0.919322,37.327,NE,1,0.908228,1,0.908228,1.011492,2.091647,0.579368,0.117316,8.487445,4.599261,0.440493,0.041601,-0.374036,0.579368,0.239459,-0.176540,0.037874,0.299902,0.297501,-37.301003,-28.035002,6.927001,NaN,-1.193034,true,Self-supervised model,0.174641,10.863000,100.059578,9.211045,0.000000,0.000000,1.745853,1.931856,false,false
2026-04-17T14:47:45.181817,0.614917,-0.668397,0.917017,37.459,NE,1,0.908228,1,0.908228,0.935627,2.067406,0.537338,0.057461,8.640674,4.613626,0.368313,0.185455,-0.344504,0.537338,0.189368,-0.167377,-0.005498,0.252796,0.252736,-37.301003,-28.035002,6.927001,NaN,-1.194197,true,Self-supervised model,0.174655,10.872000,99.927512,9.191272,0.000000,0.000000,1.741228,2.125581,false,false
2026-04-17T14:47:45.189369,0.614917,-0.668397,0.915009,37.574,NE,1,0.908228,1,0.908228,0.868962,2.041468,0.518973,0.011971,8.781932,4.680665,0.311908,0.319053,-0.265051,0.518973,0.145997,-0.183870,-0.038485,0.237917,0.234784,-37.301003,-28.035002,6.927001,NaN,-1.195014,true,Self-supervised model,0.175189,10.879000,99.812496,9.174786,0.000000,0.000000,1.674388,2.181321,false,false
2026-04-17T14:47:45.196651,0.614917,-0.668397,0.913319,37.671,NE,1,0.908228,1,0.908228,0.806242,2.014059,0.476962,-0.079009,8.870518,4.790798,0.210537,0.402216,-0.146250,0.476962,0.066584,-0.243124,-0.088575,0.267186,0.252077,-37.301003,-28.035002,6.927001,NaN,-1.195435,true,Self-supervised model,0.174412,10.887000,99.715660,9.159149,0.000000,0.000000,1.690371,1.785128,false,false
2026-04-17T14:47:45.204849,0.614917,-0.668397,0.911974,37.748,NE,1,0.908228,1,0.908228,0.760821,1.985930,0.522358,-0.069432,8.944737,4.862624,0.210104,0.473177,-0.069406,0.522358,0.002443,-0.290161,-0.136834,0.320816,0.290171,-37.301003,-28.035002,6.927001,NaN,-1.195400,true,Self-supervised model,0.177466,10.895000,99.638600,9.145351,0.000000,0.000000,1.456513,1.628216,false,false
2026-04-17T14:47:45.213501,0.614917,-0.668397,0.911013,37.803,NE,1,0.908228,1,0.908228,0.720862,1.957327,0.511081,-0.069432,8.942344,4.920084,0.201409,0.469606,-0.010408,0.511081,-0.052534,-0.322537,-0.188757,0.377385,0.326787,-37.301003,-28.035002,6.927001,NaN,-1.194828,true,Self-supervised model,0.177734,10.904000,99.583500,9.132749,0.000000,0.000000,1.410465,1.354272,false,false
2026-04-17T14:47:45.221841,0.614917,-0.668397,0.910488,37.833,NE,1,0.908228,1,0.908228,0.686871,1.928509,0.508419,-0.088585,8.944737,4.996699,0.175760,0.472663,0.064714,0.508419,-0.087354,-0.332922,-0.221744,0.409436,0.344191,-37.301003,-28.035002,6.927001,NaN,-1.193604,true,Self-supervised model,0.178494,10.912000,99.553449,9.123300,0.000000,0.000000,1.350996,1.241754,false,false
2026-04-17T14:47:45.229327,0.614917,-0.668397,0.910453,37.835,NE,1,0.908228,1,0.908228,0.664758,1.899959,0.548660,-0.093374,8.980651,5.046977,0.166748,0.510795,0.110959,0.548660,-0.136834,-0.340252,-0.265726,0.452886,0.366735,-37.301003,-28.035002,6.927001,NaN,-1.191681,true,Self-supervised model,0.180730,10.919000,99.551448,9.117268,0.000000,0.000000,1.211602,1.211476,false,false
2026-04-17T14:47:45.237925,0.614917,-0.668397,0.910928,37.808,NE,1,0.908228,1,0.908228,0.652643,1.872066,0.589042,-0.169988,9.026140,5.102044,0.088739,0.560051,0.159495,0.589042,-0.182649,-0.335976,-0.302989,0.487896,0.382414,-37.301003,-28.035002,6.927001,NaN,-1.189167,true,Self-supervised model,0.182055,10.928000,99.578651,9.112248,0.000000,0.000000,1.107974,1.207310,false,false
2026-04-17T14:47:45.245295,0.614917,-0.668397,0.911933,37.750,NE,1,0.908228,1,0.908228,0.655904,1.845420,0.673026,-0.239420,9.083601,5.204995,0.021928,0.623647,0.252088,0.673026,-0.228464,-0.340252,-0.328645,0.525333,0.409838,-37.301003,-28.035002,6.927001,NaN,-1.186040,true,Self-supervised model,0.184049,10.935000,99.636241,9.111682,0.000000,0.000000,0.974560,1.281142,false,false
2026-04-17T14:47:45.253802,0.614917,-0.668397,0.913521,37.659,NE,1,0.908228,1,0.908228,0.683432,1.820940,0.827954,-0.318429,9.179369,5.358223,-0.051810,0.727905,0.391123,0.827954,-0.260839,-0.346971,-0.342085,0.552674,0.434081,-37.301003,-28.035002,6.927001,NaN,-1.182121,true,Self-supervised model,0.187103,10.944000,99.727226,9.112502,0.000000,0.000000,0.825447,1.498088,false,false
2026-04-17T14:47:45.260940,0.614917,-0.668397,0.915683,37.535,NE,1,0.908228,1,0.908228,0.723635,1.799048,0.934696,-0.342371,9.203311,5.521029,-0.069256,0.762695,0.535870,0.934696,-0.302378,-0.364687,-0.343917,0.585413,0.473739,-37.301003,-28.035002,6.927001,NaN,-1.177664,true,Self-supervised model,0.187945,10.951000,99.851093,9.117989,0.000000,0.000000,0.774192,1.596645,false,false
2026-04-17T14:47:45.269585,0.614917,-0.668397,0.918363,37.382,NE,1,0.908228,1,0.908228,0.776175,1.780133,1.052011,-0.328006,9.210494,5.707777,-0.048513,0.782831,0.701105,1.052011,-0.348804,-0.383623,-0.334143,0.616833,0.518489,-37.301003,-28.035002,6.927001,NaN,-1.172908,true,Self-supervised model,0.189040,10.960000,100.004678,9.124514,0.000000,0.000000,0.737801,1.705503,false,false
2026-04-17T14:47:45.282492,0.614917,-0.668397,0.921464,37.204,NE,1,0.908228,1,0.908228,0.848796,1.764880,1.230060,-0.268151,9.220071,5.959168,0.016704,0.807165,0.928037,1.230060,-0.373239,-0.398284,-0.311541,0.628487,0.545836,-37.301003,-28.035002,6.927001,NaN,-1.168126,true,Self-supervised model,0.191412,10.973000,100.182343,9.129895,0.000000,0.000000,0.690045,1.957178,false,false
2026-04-17T14:47:45.286611,0.614917,-0.668397,0.924866,37.009,NE,1,0.908228,1,0.908228,0.933803,1.753637,1.380088,-0.148441,9.236830,6.143522,0.139671,0.839693,1.086302,1.380088,-0.379958,-0.397673,-0.284663,0.619310,0.550011,-36.811001,-27.894001,9.183001,NaN,-1.163522,true,Self-supervised model,0.190026,10.977000,100.377236,9.144323,0.000000,0.000000,0.676626,2.228428,false,false
2026-04-17T14:47:45.292319,0.614917,-0.668397,0.928424,36.805,NE,1,0.908228,1,0.908228,1.016454,1.746149,1.450368,0.009577,9.208099,6.236896,0.299430,0.826989,1.153256,1.450368,-0.378736,-0.369573,-0.257785,0.588625,0.529175,-36.811001,-27.894001,9.183001,NaN,-1.159338,true,Self-supervised model,0.191440,10.982000,100.581091,9.158723,0.000000,0.000000,0.700824,2.463995,false,false
2026-04-17T14:47:45.300474,0.614917,-0.668397,0.932021,36.599,NE,1,0.908228,1,0.908228,1.098939,1.742261,1.531985,0.260968,9.205706,6.265626,0.551899,0.840599,1.155758,1.531985,-0.370795,-0.332922,-0.236405,0.551555,0.498323,-36.811001,-27.894001,9.183001,NaN,-1.155584,true,Self-supervised model,0.193779,10.991000,100.787194,9.169975,0.000000,0.000000,0.717330,2.777573,false,false
2026-04-17T14:47:45.308717,0.614917,-0.668397,0.935553,36.397,NE,1,0.908228,1,0.908228,1.177125,1.741655,1.587602,0.462081,9.160215,6.272809,0.754585,0.810829,1.137383,1.587602,-0.364687,-0.240681,-0.208305,0.484061,0.436948,-36.811001,-27.894001,9.183001,NaN,-1.152315,true,Self-supervised model,0.194919,10.999000,100.989544,9.181702,0.000000,0.000000,0.741448,3.279760,false,false
2026-04-17T14:47:45.316804,0.614917,-0.668397,0.938943,36.203,NE,1,0.908228,1,0.908228,1.248136,1.743915,1.620946,0.632069,9.100361,6.246472,0.927851,0.766769,1.085643,1.620946,-0.372628,-0.162490,-0.194255,0.450544,0.406515,-36.811001,-27.894001,9.183001,NaN,-1.149491,true,Self-supervised model,0.195575,11.007000,101.183777,9.192675,0.000000,0.000000,0.770005,3.597755,false,false
2026-04-17T14:47:45.325032,0.614917,-0.668397,0.942162,36.018,NE,1,0.908228,1,0.908228,1.314740,1.748748,1.664413,0.732626,9.093178,6.234501,1.034553,0.775837,1.047878,1.664413,-0.389732,-0.090408,-0.186925,0.441594,0.400081,-36.811001,-27.894001,9.183001,NaN,-1.146953,true,Self-supervised model,0.196168,11.015000,101.368252,9.202746,0.000000,0.000000,0.789912,3.769100,false,false
2026-04-17T14:47:45.332715,0.614917,-0.668397,0.945216,35.843,NE,1,0.908228,1,0.908228,1.380266,1.756008,1.724275,0.780510,9.138668,6.251261,1.092276,0.838505,1.037771,1.724275,-0.422108,-0.002443,-0.179594,0.458732,0.422115,-36.811001,-27.894001,9.183001,NaN,-1.144562,true,Self-supervised model,0.196426,11.023000,101.543232,9.211942,0.000000,0.000000,0.800490,3.758785,false,false
2026-04-17T14:47:45.340603,0.614917,-0.668397,0.948141,35.676,NE,1,0.908228,1,0.908228,1.445460,1.765586,1.787731,0.768539,9.210494,6.308722,1.093393,0.928881,1.066609,1.787731,-0.453262,0.099571,-0.169210,0.493956,0.464070,-36.811001,-27.894001,9.183001,NaN,-1.142154,true,Self-supervised model,0.196812,11.031000,101.710804,9.220452,0.000000,0.000000,0.808545,3.619210,false,false
2026-04-17T14:47:45.349076,0.614917,-0.668397,0.950927,35.516,NE,1,0.908228,1,0.908228,1.517425,1.777660,1.895238,0.766145,9.325416,6.382942,1.107637,1.063531,1.110841,1.895238,-0.472810,0.211970,-0.155160,0.540883,0.518151,-36.811001,-27.894001,9.183001,NaN,-1.139921,true,Self-supervised model,0.197857,11.039000,101.870455,9.228232,0.000000,0.000000,0.800651,3.503967,false,false
2026-04-17T14:47:45.356832,0.614917,-0.668397,0.953563,35.365,NE,1,0.908228,1,0.908228,1.596264,1.792404,2.010172,0.782904,9.421184,6.459556,1.144866,1.179876,1.156704,2.010172,-0.475864,0.298102,-0.144775,0.579889,0.561526,-36.811001,-27.894001,9.183001,NaN,-1.137890,true,Self-supervised model,0.198536,11.047000,102.021444,9.235217,0.000000,0.000000,0.794094,3.466476,false,false
2026-04-17T14:47:45.364277,0.614917,-0.668397,0.956027,35.224,NE,1,0.908228,1,0.908228,1.676615,1.809773,2.098456,0.816423,9.461885,6.524199,1.201712,1.241047,1.191306,2.098456,-0.466701,0.372017,-0.135001,0.611908,0.596830,-36.811001,-27.894001,9.183001,NaN,-1.136108,true,Self-supervised model,0.199211,11.054000,102.162657,9.242144,0.000000,0.000000,0.798976,3.429363,false,false
2026-04-17T14:47:45.372797,0.614917,-0.668397,0.958311,35.093,NE,1,0.908228,1,0.908228,1.757533,1.829683,2.182351,0.878672,9.445126,6.607996,1.289018,1.244529,1.245887,2.182351,-0.462425,0.384234,-0.130114,0.615144,0.601226,-36.811001,-27.894001,9.183001,NaN,-1.134546,true,Self-supervised model,0.200340,11.063000,102.293526,9.246454,0.000000,0.000000,0.805339,3.547705,false,false
2026-04-17T14:47:45.381163,0.614917,-0.668397,0.960423,34.972,NE,1,0.908228,1,0.908228,1.834045,1.851858,2.235735,0.890643,9.445126,6.672640,1.325349,1.264920,1.281382,2.235735,-0.469755,0.326202,-0.135612,0.587766,0.571907,-36.811001,-27.894001,9.183001,NaN,-1.133125,true,Self-supervised model,0.201252,11.071000,102.414506,9.250701,0.000000,0.000000,0.820332,3.803787,false,false
2026-04-17T14:47:45.388831,0.614917,-0.668397,0.962388,34.859,NE,1,0.908228,1,0.908228,1.902460,1.875882,2.261639,0.893037,9.354146,6.787562,1.349117,1.194854,1.366461,2.261639,-0.480140,0.191201,-0.152105,0.538728,0.516810,-36.811001,-27.894001,9.183001,NaN,-1.131746,true,Self-supervised model,0.201971,11.079000,102.527097,9.254183,0.000000,0.000000,0.841187,4.198105,false,false
2026-04-17T14:47:45.396604,0.614917,-0.668397,0.964260,34.752,NE,1,0.908228,1,0.908228,1.957491,1.901146,2.246404,0.871489,9.248801,6.868965,1.343368,1.111259,1.416615,2.246404,-0.496633,0.007330,-0.177762,0.527539,0.496688,-36.811001,-27.894001,9.183001,NaN,-1.130245,true,Self-supervised model,0.201999,11.087000,102.634363,9.257181,0.000000,0.000000,0.871389,4.258269,false,false
2026-04-17T14:47:45.405148,0.614917,-0.668397,0.966101,34.646,NE,1,0.908228,1,0.908228,1.994620,1.926885,2.189546,0.854730,9.062054,6.938396,1.336051,0.947104,1.453298,2.189546,-0.505186,-0.180816,-0.200975,0.572973,0.536570,-36.811001,-27.894001,9.183001,NaN,-1.128527,true,Self-supervised model,0.201001,11.095000,102.739864,9.260015,0.000000,0.000000,0.910974,3.821380,false,false
2026-04-17T14:47:45.412829,0.614917,-0.668397,0.967980,34.539,NE,1,0.908228,1,0.908228,2.002454,1.951908,2.043581,0.826000,8.829816,6.902483,1.310511,0.738072,1.383487,2.043581,-0.505796,-0.313374,-0.218690,0.633923,0.595007,-36.811001,-27.894001,9.183001,NaN,-1.126500,true,Self-supervised model,0.198342,11.103000,102.847496,9.263037,0.000000,0.000000,0.979875,3.223706,false,false
2026-04-17T14:47:45.420875,0.614917,-0.668397,0.969950,34.426,NE,1,0.908228,1,0.908228,1.963895,1.974387,1.761462,0.763750,8.477868,6.727707,1.246887,0.409136,1.175003,1.761462,-0.490525,-0.399506,-0.222355,0.670568,0.632629,-36.811001,-27.894001,9.183001,NaN,-1.124165,true,Self-supervised model,0.194225,11.111000,102.960357,9.266525,0.000000,0.000000,1.114923,2.626822,false,false
2026-04-17T14:47:45.428482,0.614917,-0.668397,0.972025,34.307,NE,1,0.908228,1,0.908228,1.885958,1.992850,1.476789,0.684742,8.099585,6.493075,1.163709,0.053207,0.907665,1.476789,-0.468534,-0.414167,-0.204640,0.657978,0.625346,-36.811001,-27.894001,9.183001,NaN,-1.121667,true,Self-supervised model,0.189529,11.119000,103.079270,9.270552,0.000000,0.000000,1.277067,2.244435,false,false
2026-04-17T14:47:45.441417,0.614917,-0.668397,0.974181,34.184,NE,1,0.908228,1,0.908228,1.797332,2.007029,1.332043,0.682347,7.805098,6.241684,1.155399,-0.220030,0.625284,1.332043,-0.439823,-0.391565,-0.171653,0.613377,0.588869,-36.811001,-27.894001,9.183001,NaN,-1.119188,true,Self-supervised model,0.187924,11.132000,103.202808,9.270824,0.000000,0.000000,1.349304,2.171654,false,false
2026-04-17T14:47:45.444463,0.614917,-0.668397,0.976333,34.060,NE,1,0.908228,1,0.908228,1.704394,2.016924,1.216470,0.622492,7.608773,6.016629,1.088387,-0.396546,0.371436,1.216470,-0.413556,-0.361632,-0.133169,0.565279,0.549369,-37.910004,-28.706001,10.896001,NaN,-1.117053,true,Self-supervised model,0.183581,11.135000,103.326107,9.279399,0.000000,0.000000,1.401098,2.151982,false,false
2026-04-17T14:47:45.453955,0.614917,-0.668397,0.978374,33.943,NE,1,0.908228,1,0.908228,1.616707,2.022915,1.156352,0.555455,7.417237,5.734113,1.005123,-0.568571,0.060042,1.156352,-0.400728,-0.335365,-0.076969,0.528182,0.522544,-37.910004,-28.706001,10.896001,NaN,-1.115456,true,Self-supervised model,0.185248,11.144000,103.443047,9.282398,0.000000,0.000000,1.398110,2.189304,false,false
2026-04-17T14:47:45.460386,0.614917,-0.668397,0.980006,33.850,NE,1,0.908228,1,0.908228,1.536417,2.025455,1.114891,0.476446,7.335834,5.511452,0.899126,-0.630727,-0.191673,1.114891,-0.383623,-0.329256,-0.002443,0.505552,0.505546,-37.910004,-28.706001,10.896001,NaN,-1.115463,true,Self-supervised model,0.184626,11.150000,103.536520,9.285787,0.000000,0.000000,1.378086,2.205296,false,false
2026-04-17T14:47:45.468971,0.614917,-0.668397,0.980932,33.797,NE,1,0.908228,1,0.908228,1.468923,2.025194,1.114578,0.430956,7.285556,5.358223,0.814886,-0.662214,-0.373788,1.114578,-0.379958,-0.345139,0.080023,0.519512,0.513312,-37.910004,-28.706001,10.896001,NaN,-1.117359,true,Self-supervised model,0.185621,11.159000,103.589572,9.283052,0.000000,0.000000,1.317918,2.145433,false,false
2026-04-17T14:47:45.476463,0.614917,-0.668397,0.980905,33.798,NE,1,0.908228,1,0.908228,1.406747,2.022456,1.080326,0.428562,7.321469,5.295974,0.762727,-0.608120,-0.464266,1.080326,-0.378736,-0.381180,0.153327,0.558792,0.537345,-37.910004,-28.706001,10.896001,NaN,-1.121198,true,Self-supervised model,0.185515,11.167000,103.588020,9.276262,0.000000,0.000000,1.302150,1.933324,false,false
2026-04-17T14:47:45.487831,0.614917,-0.668397,0.979776,33.863,NE,1,0.908228,1,0.908228,1.357458,2.017856,1.098693,0.524330,7.405266,5.262455,0.822268,-0.507329,-0.523085,1.098693,-0.373850,-0.440434,0.235794,0.623975,0.577707,-37.910004,-28.706001,10.896001,NaN,-1.126731,true,Self-supervised model,0.185345,11.178000,103.523377,9.261351,0.000000,0.000000,1.235522,1.760797,false,false
2026-04-17T14:47:45.492535,0.614917,-0.668397,0.978149,33.956,NE,1,0.908228,1,0.908228,1.318748,2.011892,1.115521,0.629675,7.443573,5.300763,0.883288,-0.452638,-0.509223,1.115521,-0.357356,-0.518625,0.291994,0.694216,0.629821,-37.910004,-28.706001,10.896001,NaN,-1.130356,true,Self-supervised model,0.184022,11.183000,103.430122,9.248871,0.000000,0.000000,1.182182,1.606880,false,false
2026-04-17T14:47:45.506925,0.614917,-0.668397,0.975929,34.083,NE,1,0.908228,1,0.908228,1.291744,2.005086,1.149970,0.751779,7.412448,5.394136,0.954277,-0.468573,-0.438436,1.149970,-0.315817,-0.604757,0.326813,0.756490,0.682254,-37.910004,-28.706001,10.896001,NaN,-1.134943,true,Self-supervised model,0.185639,11.197000,103.302957,9.225950,0.000000,0.000000,1.123285,1.520138,false,false
2026-04-17T14:47:45.508583,0.614917,-0.668397,0.973123,34.244,NE,1,0.908228,1,0.908228,1.280275,1.998094,1.220061,0.912191,7.398083,5.468357,1.058627,-0.469822,-0.383568,1.220061,-0.262672,-0.675617,0.329867,0.796409,0.724883,-37.910004,-28.706001,10.896001,NaN,-1.140098,true,Self-supervised model,0.174036,11.199000,103.142143,9.209942,0.000000,0.000000,1.049353,1.531953,false,false
2026-04-17T14:47:45.517515,0.614917,-0.668397,0.969812,34.434,NE,1,0.908228,1,0.908228,1.278337,1.991303,1.268162,1.024718,7.362170,5.511452,1.111945,-0.495304,-0.355650,1.268162,-0.185092,-0.755029,0.309709,0.836808,0.777386,-37.910004,-28.706001,10.896001,NaN,-1.145425,true,Self-supervised model,0.185888,11.208000,102.952450,9.185622,0.000000,0.000000,1.008023,1.515475,false,false
2026-04-17T14:47:45.524960,0.614917,-0.668397,0.966135,34.645,NE,1,0.908228,1,0.908228,1.288439,1.985189,1.341479,1.113304,7.283162,5.456386,1.140509,-0.567497,-0.420419,1.341479,-0.093462,-0.803288,0.269392,0.852396,0.808707,-37.910004,-28.706001,10.896001,NaN,-1.150568,true,Self-supervised model,0.186295,11.215000,102.741763,9.161102,0.000000,0.000000,0.960462,1.573775,false,false
2026-04-17T14:47:45.532655,0.614917,-0.668397,0.962261,34.866,NE,1,0.908228,1,0.908228,1.307564,1.980084,1.407967,1.151611,7.199365,5.327099,1.120518,-0.648557,-0.553338,1.407967,-0.012217,-0.813672,0.221744,0.843435,0.813764,-37.910004,-28.706001,10.896001,NaN,-1.155226,true,Self-supervised model,0.187130,11.223000,102.519834,9.134798,0.000000,0.000000,0.928689,1.669325,false,false
2026-04-17T14:47:45.540597,0.614917,-0.668397,0.958370,35.089,NE,1,0.908228,1,0.908228,1.337749,1.976390,1.496221,1.134852,7.110779,5.109226,1.049811,-0.738437,-0.768951,1.496221,0.073304,-0.794125,0.156992,0.812806,0.797501,-37.910004,-28.706001,10.896001,NaN,-1.159190,true,Self-supervised model,0.188523,11.231000,102.296869,9.108438,0.000000,0.000000,0.894085,1.840809,false,false
2026-04-17T14:47:45.550441,0.614917,-0.668397,0.954636,35.303,NE,1,0.908228,1,0.908228,1.377933,1.974452,1.588897,1.094150,7.089231,4.862624,0.960889,-0.764924,-1.008056,1.588897,0.144164,-0.761138,0.091630,0.780071,0.774671,-37.910004,-28.706001,10.896001,NaN,-1.162296,true,Self-supervised model,0.190671,11.241000,102.082911,9.081302,0.000000,0.000000,0.867226,2.036862,false,false
2026-04-17T14:47:45.556587,0.614917,-0.668397,0.951203,35.500,NE,1,0.908228,1,0.908228,1.430015,1.974675,1.703451,1.072602,7.103596,4.625597,0.897176,-0.758285,-1.233622,1.703451,0.183870,-0.729984,0.034819,0.753590,0.752785,-37.910004,-28.706001,10.896001,NaN,-1.164521,true,Self-supervised model,0.191517,11.247000,101.886250,9.058971,0.000000,0.000000,0.839482,2.260448,false,false
2026-04-17T14:47:45.564461,0.614917,-0.668397,0.948186,35.673,NE,1,0.908228,1,0.908228,1.497368,1.977582,1.850968,1.168370,7.125144,4.441244,0.948806,-0.746863,-1.402870,1.850968,0.189368,-0.708604,-0.011606,0.733563,0.733471,-37.910004,-28.706001,10.896001,NaN,-1.165874,true,Self-supervised model,0.194087,11.255000,101.713407,9.037175,0.000000,0.000000,0.808965,2.523258,false,false
2026-04-17T14:47:45.572406,0.614917,-0.668397,0.945452,35.830,NE,1,0.908228,1,0.908228,1.582210,1.983767,2.027630,1.221043,7.163452,4.197036,0.964735,-0.718374,-1.632332,2.027630,0.162490,-0.678671,-0.065363,0.700907,0.697852,-37.910004,-28.706001,10.896001,NaN,-1.167481,true,Self-supervised model,0.196486,11.262000,101.556726,9.017646,0.000000,0.000000,0.780325,2.892867,false,false
2026-04-17T14:47:45.581162,0.614917,-0.668397,0.943164,35.961,NE,1,0.908228,1,0.908228,1.676204,1.993465,2.169674,1.300052,7.184999,4.034230,1.015310,-0.704587,-1.783309,2.169674,0.111788,-0.632856,-0.131336,0.655937,0.642654,-37.910004,-28.706001,10.896001,NaN,-1.167983,true,Self-supervised model,0.198972,11.271000,101.425622,8.998813,0.000000,0.000000,0.772560,3.307749,false,false
2026-04-17T14:47:45.589154,0.614917,-0.668397,0.941467,36.058,NE,1,0.908228,1,0.908228,1.762838,2.006240,2.217665,1.319205,7.187394,3.969586,1.015436,-0.707061,-1.840379,2.217665,0.061697,-0.565661,-0.200975,0.603465,0.569016,-37.910004,-28.706001,10.896001,NaN,-1.167312,true,Self-supervised model,0.200385,11.279000,101.328431,8.983813,0.000000,0.000000,0.794907,3.674887,false,false
2026-04-17T14:47:45.605276,0.614917,-0.668397,0.940504,36.113,NE,1,0.908228,1,0.908228,1.839054,2.021552,2.239187,1.261744,7.187394,3.904943,0.947424,-0.709871,-1.900640,2.239187,0.023824,-0.479529,-0.271224,0.551433,0.480121,-37.910004,-28.706001,10.896001,NaN,-1.165342,true,Self-supervised model,0.202357,11.295000,101.273254,8.966202,0.000000,0.000000,0.821304,4.060670,false,false
2026-04-17T14:47:45.605441,0.614917,-0.668397,0.940339,36.123,NE,1,0.908228,1,0.908228,1.897831,2.038603,2.206412,1.108515,7.196970,3.869030,0.794691,-0.701340,-1.935159,2.206412,0.004276,-0.412945,-0.317039,0.520630,0.412967,-36.294003,-26.746002,11.841001,NaN,-1.162317,true,Self-supervised model,0.202581,11.296000,101.263775,8.964569,0.000000,0.000000,0.860144,4.237965,false,false
2026-04-17T14:47:45.612867,0.614917,-0.668397,0.941050,36.082,NE,1,0.908228,1,0.908228,1.934999,2.056459,2.130128,0.866701,7.216124,3.866636,0.562209,-0.682198,-1.938033,2.130128,-0.036652,-0.227853,-0.411112,0.471459,0.230782,-36.294003,-26.746002,11.841001,NaN,-1.158100,true,Self-supervised model,0.202647,11.303000,101.304519,8.962622,0.000000,0.000000,0.908396,4.518162,false,false
2026-04-17T14:47:45.621534,0.614917,-0.668397,0.942627,35.991,NE,1,0.908228,1,0.908228,1.959224,2.074570,2.086407,0.624887,7.280767,3.842694,0.338707,-0.616585,-1.964229,2.086407,-0.048258,-0.138056,-0.437990,0.461762,0.146247,-36.294003,-26.746002,11.841001,NaN,-1.153057,true,Self-supervised model,0.202058,11.312000,101.394897,8.963481,0.000000,0.000000,0.939042,4.518364,false,false
2026-04-17T14:47:45.628376,0.614917,-0.668397,0.945041,35.853,NE,1,0.908228,1,0.908228,1.972579,2.092490,2.042695,0.373495,7.369353,3.840300,0.113093,-0.525986,-1.970571,2.042695,-0.074526,0.004276,-0.456927,0.462985,0.074648,-36.294003,-26.746002,11.841001,NaN,-1.147301,true,Self-supervised model,0.200745,11.318000,101.533161,8.970945,0.000000,0.000000,0.965675,4.412014,false,false
2026-04-17T14:47:45.636802,0.614917,-0.668397,0.948202,35.672,NE,1,0.908228,1,0.908228,1.966550,2.109453,1.934895,0.110133,7.481880,3.928885,-0.119172,-0.410695,-1.887047,1.934895,-0.086743,0.097738,-0.455705,0.474072,0.130679,-36.294003,-26.746002,11.841001,NaN,-1.141149,true,Self-supervised model,0.199126,11.327000,101.714270,8.979807,0.000000,0.000000,1.016360,4.081435,false,false
2026-04-17T14:47:45.644371,0.614917,-0.668397,0.951976,35.456,NE,1,0.908228,1,0.908228,1.944330,2.124848,1.827678,-0.074220,7.637504,4.031836,-0.269219,-0.251525,-1.790157,1.827678,-0.104458,0.147829,-0.449597,0.484667,0.181011,-36.294003,-26.746002,11.841001,NaN,-1.134921,true,Self-supervised model,0.196702,11.334000,101.930525,8.993341,0.000000,0.000000,1.063825,3.770996,false,false
2026-04-17T14:47:45.652512,0.614917,-0.668397,0.956229,35.212,NE,1,0.908228,1,0.908228,1.898317,2.137786,1.656746,-0.263362,7.841011,4.228160,-0.423269,-0.043383,-1.601177,1.656746,-0.122173,0.152105,-0.439212,0.480593,0.195096,-36.294003,-26.746002,11.841001,NaN,-1.128752,true,Self-supervised model,0.194265,11.343000,102.174223,9.007690,0.000000,0.000000,1.145810,3.447296,false,false
2026-04-17T14:47:45.660324,0.614917,-0.668397,0.960835,34.948,NE,1,0.908228,1,0.908228,1.848729,2.148224,1.588393,-0.399832,8.034941,4.347870,-0.526377,0.156581,-1.490437,1.588393,-0.156382,0.115454,-0.423330,0.465825,0.194383,-36.294003,-26.746002,11.841001,NaN,-1.122738,true,Self-supervised model,0.192717,11.350000,102.438094,9.025383,0.000000,0.000000,1.163899,3.409852,false,false
2026-04-17T14:47:45.669102,0.614917,-0.668397,0.965683,34.670,NE,1,0.908228,1,0.908228,1.804110,2.156460,1.569861,-0.560243,8.269572,4.479551,-0.655768,0.398726,-1.369471,1.569861,-0.189979,0.084910,-0.408669,0.458598,0.208091,-36.294003,-26.746002,11.841001,NaN,-1.116917,true,Self-supervised model,0.192697,11.359000,102.715894,9.042688,0.000000,0.000000,1.149216,3.423176,false,false
2026-04-17T14:47:45.676339,0.614917,-0.668397,0.970687,34.384,NE,1,0.908228,1,0.908228,1.758826,2.162554,1.521086,-0.629675,8.463503,4.649539,-0.696457,0.601160,-1.211304,1.521086,-0.231518,0.059865,-0.396452,0.462988,0.239132,-36.294003,-26.746002,11.841001,NaN,-1.111290,true,Self-supervised model,0.191278,11.366000,103.002609,9.062345,0.000000,0.000000,1.156296,3.285366,false,false
2026-04-17T14:47:45.686804,0.614917,-0.668397,0.975775,34.092,NE,1,0.908228,1,0.908228,1.711911,2.166529,1.465607,-0.660800,8.652645,4.857835,-0.700647,0.796368,-1.011383,1.465607,-0.268170,0.054367,-0.381180,0.469222,0.273625,-36.294003,-26.746002,11.841001,NaN,-1.105866,true,Self-supervised model,0.191227,11.377000,103.294135,9.079207,0.000000,0.000000,1.168056,3.123486,false,false
2026-04-17T14:47:45.692353,0.614917,-0.668397,0.980889,33.799,NE,1,0.908228,1,0.908228,1.668018,2.168588,1.437581,-0.689530,8.779537,5.027823,-0.702634,0.926277,-0.845550,1.437581,-0.282220,0.081856,-0.359189,0.464074,0.293851,-36.294003,-26.746002,11.841001,NaN,-1.100651,true,Self-supervised model,0.188291,11.382000,103.587120,9.100959,0.000000,0.000000,1.160295,3.097739,false,false
2026-04-17T14:47:45.700738,0.614917,-0.668397,0.985988,33.507,NE,1,0.908228,1,0.908228,1.629727,2.169034,1.428695,-0.718261,8.918402,5.226542,-0.702116,1.063922,-0.645192,1.428695,-0.274889,0.165544,-0.334754,0.463713,0.320888,-36.294003,-26.746002,11.841001,NaN,-1.095608,true,Self-supervised model,0.189939,11.391000,103.879296,9.119418,0.000000,0.000000,1.140710,3.080991,false,false
2026-04-17T14:47:45.708686,0.614917,-0.668397,0.991058,33.217,NE,1,0.908228,1,0.908228,1.582404,2.167568,1.333959,-0.632069,8.980651,5.432444,-0.582293,1.120106,-0.430980,1.333959,-0.248622,0.273668,-0.310320,0.482706,0.369739,-36.294003,-26.746002,11.841001,NaN,-1.090657,true,Self-supervised model,0.187693,11.399000,104.169776,9.138501,0.000000,0.000000,1.186246,2.763501,false,false
2026-04-17T14:47:45.717703,0.614917,-0.668397,0.996080,32.929,NE,1,0.908228,1,0.908228,1.522930,2.163783,1.210693,-0.517148,8.973468,5.590461,-0.429073,1.102272,-0.258207,1.210693,-0.206472,0.369573,-0.298713,0.518117,0.423338,-36.294003,-26.746002,11.841001,NaN,-1.085825,true,Self-supervised model,0.185945,11.408000,104.457520,9.156515,0.000000,0.000000,1.257899,2.336719,false,false
2026-04-17T14:47:45.724836,0.614917,-0.668397,1.001048,32.644,NE,1,0.908228,1,0.908228,1.469994,2.158031,1.192077,-0.497994,8.995016,5.755661,-0.371944,1.128290,-0.098323,1.192077,-0.165544,0.422719,-0.292604,0.540105,0.453978,-36.294003,-26.746002,11.841001,NaN,-1.081077,true,Self-supervised model,0.184792,11.415000,104.742133,9.175833,0.000000,0.000000,1.233136,2.207121,false,false
2026-04-17T14:47:45.732443,0.614917,-0.668397,1.005837,32.370,NE,1,0.908228,1,0.908228,1.438191,2.151238,1.271230,-0.586579,9.059659,5.951985,-0.421025,1.195694,0.095275,1.271230,-0.113010,0.434936,-0.282831,0.530974,0.449378,-36.294003,-26.746002,11.841001,NaN,-1.076999,true,Self-supervised model,0.186535,11.423000,105.016549,9.193430,0.000000,0.000000,1.131339,2.394145,false,false
2026-04-17T14:47:45.740584,0.614917,-0.668397,1.010470,32.104,NE,1,0.908228,1,0.908228,1.438462,2.144727,1.439883,-0.708684,9.193734,6.131551,-0.501355,1.317735,0.292369,1.439883,-0.075747,0.405615,-0.268781,0.492447,0.412627,-36.294003,-26.746002,11.841001,NaN,-1.072990,true,Self-supervised model,0.190138,11.431000,105.282017,9.210219,0.000000,0.000000,0.999013,2.923936,false,false
2026-04-17T14:47:45.749269,0.614917,-0.668397,1.015056,31.842,NE,1,0.908228,1,0.908228,1.473422,2.139875,1.656963,-0.897826,9.339781,6.275203,-0.653745,1.454552,0.449915,1.656963,-0.025045,0.315206,-0.226631,0.389030,0.316200,-36.294003,-26.746002,11.841001,NaN,-1.068596,true,Self-supervised model,0.194205,11.439000,105.544745,9.226746,0.000000,0.000000,0.889230,4.259222,false,false
2026-04-17T14:47:45.761144,0.614917,-0.668397,1.019518,31.586,NE,1,0.908228,1,0.908228,1.536702,2.137748,1.868918,-0.981623,9.516952,6.406884,-0.708490,1.624883,0.592157,1.868918,0.012217,0.203418,-0.178984,0.271226,0.203785,-36.294003,-26.746002,11.841001,NaN,-1.064627,true,Self-supervised model,0.199351,11.451000,105.800417,9.239404,0.000000,0.000000,0.822241,6.890641,false,false
2026-04-17T14:47:45.764638,0.614917,-0.668397,1.023754,31.343,NE,1,0.908228,1,0.908228,1.604964,2.138436,1.963339,-1.029507,9.579201,6.495469,-0.739124,1.685443,0.683871,1.963339,0.033598,0.124617,-0.141110,0.191233,0.129066,-36.999001,-26.931002,11.051001,NaN,-1.061299,true,Self-supervised model,0.197609,11.455000,106.043084,9.257362,0.000000,0.000000,0.817466,10.266738,false,false
2026-04-17T14:47:45.772767,0.614917,-0.668397,1.027574,31.124,NE,1,0.908228,1,0.908228,1.664709,2.141487,1.978371,-0.933739,9.600749,6.586449,-0.634104,1.704622,0.778541,1.978371,0.061697,-0.010385,-0.065973,0.090923,0.062565,-36.999001,-26.931002,11.051001,NaN,-1.059139,true,Self-supervised model,0.209045,11.463000,106.261975,9.269997,0.000000,0.000000,0.841454,21.758864,false,false
2026-04-17T14:47:45.781306,0.614917,-0.668397,1.030920,30.933,NE,1,0.908228,1,0.908228,1.710143,2.146233,1.948671,-0.782904,9.583989,6.655881,-0.481919,1.685050,0.851869,1.948671,0.067806,-0.082467,-0.026267,0.109947,0.106763,-36.999001,-26.931002,11.051001,NaN,-1.057692,true,Self-supervised model,0.206608,11.471000,106.453665,9.280243,0.000000,0.000000,0.877594,17.723689,false,false
2026-04-17T14:47:45.788926,0.614917,-0.668397,1.033742,30.771,NE,1,0.908228,1,0.908228,1.749738,2.152374,1.957612,-0.612916,9.603143,6.715736,-0.316032,1.701153,0.915666,1.957612,0.063530,-0.124617,0.006720,0.140037,0.139876,-36.999001,-26.931002,11.051001,NaN,-1.056965,true,Self-supervised model,0.204603,11.479000,106.615353,9.287861,0.000000,0.000000,0.893813,13.979201,false,false
2026-04-17T14:47:45.796541,0.614917,-0.668397,1.036036,30.639,NE,1,0.908228,1,0.908228,1.785100,2.159683,1.970753,-0.471658,9.605537,6.775591,-0.181704,1.700603,0.979184,1.970753,0.060476,-0.123395,0.028100,0.140261,0.137418,-36.999001,-26.931002,11.051001,NaN,-1.056778,true,Self-supervised model,0.205274,11.487000,106.746837,9.292839,0.000000,0.000000,0.905796,14.050602,false,false
2026-04-17T14:47:45.804815,0.614917,-0.668397,1.037837,30.536,NE,1,0.908228,1,0.908228,1.824246,2.168265,2.029763,-0.368707,9.641450,6.845023,-0.086137,1.733531,1.052324,2.029763,0.067806,-0.081856,0.045204,0.115505,0.106292,-36.999001,-26.931002,11.051001,NaN,-1.056953,true,Self-supervised model,0.208666,11.495000,106.850027,9.295348,0.000000,0.000000,0.898748,17.572908,false,false
2026-04-17T14:47:45.812947,0.614917,-0.668397,1.039195,30.458,NE,1,0.908228,1,0.908228,1.871006,2.178375,2.116495,-0.423774,9.718064,6.880936,-0.147113,1.806455,1.092992,2.116495,0.093462,-0.004887,0.064141,0.113460,0.093590,-36.999001,-26.931002,11.051001,NaN,-1.057366,true,Self-supervised model,0.210684,11.503000,106.927838,9.295648,0.000000,0.000000,0.884011,18.654126,false,false
2026-04-17T14:47:45.821164,0.614917,-0.668397,1.040151,30.404,NE,1,0.908228,1,0.908228,1.926408,2.190296,2.217270,-0.577003,9.813833,6.888118,-0.303077,1.896932,1.107285,2.217270,0.144164,0.135001,0.098960,0.220911,0.197506,-36.999001,-26.931002,11.051001,NaN,-1.058022,true,Self-supervised model,0.206693,11.511000,106.982573,9.293943,0.000000,0.000000,0.868820,10.036928,false,false
2026-04-17T14:47:45.828448,0.614917,-0.668397,1.040720,30.371,NE,1,0.908228,1,0.908228,1.988303,2.204216,2.313253,-0.708684,9.921572,6.854599,-0.433188,1.996647,1.084845,2.313253,0.213803,0.305433,0.145386,0.400172,0.372828,-36.999001,-26.931002,11.051001,NaN,-1.058998,true,Self-supervised model,0.204232,11.519000,107.015173,9.290318,0.000000,0.000000,0.859527,5.780644,false,false
2026-04-17T14:47:45.836712,0.614917,-0.668397,1.040881,30.362,NE,1,0.908228,1,0.908228,2.033427,2.219385,2.270325,-0.775721,9.938332,6.703765,-0.493713,2.002050,0.949957,2.270325,0.283441,0.472199,0.193033,0.583586,0.550737,-36.999001,-26.931002,11.051001,NaN,-1.060468,true,Self-supervised model,0.201662,11.527000,107.024413,9.284672,0.000000,0.000000,0.895655,3.890300,false,false
2026-04-17T14:47:45.845072,0.614917,-0.668397,1.040597,30.378,NE,1,0.908228,1,0.908228,2.062206,2.235098,2.213294,-0.770933,9.959879,6.528988,-0.478182,2.009257,0.795550,2.213294,0.328035,0.582155,0.220522,0.703662,0.668215,-36.999001,-26.931002,11.051001,NaN,-1.062533,true,Self-supervised model,0.199520,11.535000,107.008140,9.276822,0.000000,0.000000,0.931736,3.145392,false,false
2026-04-17T14:47:45.852692,0.614917,-0.668397,1.039853,30.421,NE,1,0.908228,1,0.908228,2.077493,2.250793,2.157748,-0.766145,9.969456,6.368577,-0.460102,2.002724,0.658242,2.157748,0.345750,0.620639,0.236405,0.748748,0.710448,-36.999001,-26.931002,11.051001,NaN,-1.065116,true,Self-supervised model,0.197885,11.543000,106.965526,9.266701,0.000000,0.000000,0.962806,2.881810,false,false
2026-04-17T14:47:45.860267,0.614917,-0.668397,1.038682,30.488,NE,1,0.908228,1,0.908228,2.087231,2.266251,2.138357,-0.780510,9.976639,6.306327,-0.462268,1.993903,0.619057,2.138357,0.307876,0.530231,0.235794,0.656911,0.613133,-36.999001,-26.931002,11.051001,NaN,-1.067996,true,Self-supervised model,0.198042,11.550000,106.898431,9.255275,0.000000,0.000000,0.976091,3.255173,false,false
2026-04-17T14:47:45.869137,0.614917,-0.668397,1.037146,30.576,NE,1,0.908228,1,0.908228,2.084407,2.280977,2.069583,-0.835576,9.885659,6.339846,-0.511103,1.889712,0.671519,2.069583,0.204029,0.298713,0.222966,0.424937,0.361742,-36.999001,-26.931002,11.051001,NaN,-1.070991,true,Self-supervised model,0.199628,11.559000,106.810431,9.240456,0.000000,0.000000,1.007163,4.870334,false,false
2026-04-17T14:47:45.876764,0.614917,-0.668397,1.035321,30.680,NE,1,0.908228,1,0.908228,2.086943,2.295216,2.100254,-0.943315,9.804255,6.540959,-0.623621,1.800488,0.883408,2.100254,0.084299,0.027489,0.207694,0.225829,0.088668,-36.999001,-26.931002,11.051001,NaN,-1.073976,true,Self-supervised model,0.203544,11.567000,106.705829,9.225022,0.000000,0.000000,0.993662,9.300183,false,false
2026-04-17T14:47:45.888720,0.614917,-0.668397,1.033288,30.797,NE,1,0.908228,1,0.908228,2.091416,2.309064,2.114899,-0.969652,9.583989,6.895301,-0.667401,1.578413,1.239349,2.114899,-0.089186,-0.390343,0.175929,0.437348,0.400402,-36.999001,-26.931002,11.051001,NaN,-1.076836,true,Self-supervised model,0.199925,11.579000,106.589371,9.205404,0.000000,0.000000,0.988896,4.835740,false,false
2026-04-17T14:47:45.892526,0.614917,-0.668397,1.031116,30.921,NE,1,0.908228,1,0.908228,2.083122,2.322026,2.039578,-0.847547,9.160215,7.240066,-0.574878,1.158561,1.577065,2.039578,-0.160658,-0.567494,0.153327,0.609401,0.589797,-36.999001,-26.931002,11.051001,NaN,-1.079565,true,Self-supervised model,0.194388,11.583000,106.464941,9.191482,0.000000,0.000000,1.021349,3.346859,false,false
2026-04-17T14:47:45.902556,0.614917,-0.668397,1.028884,31.049,NE,1,0.908228,1,0.908228,2.071307,2.333997,2.009279,-0.713472,8.652645,7.513005,-0.478089,0.659091,1.836908,2.009279,-0.222355,-0.706771,0.122784,0.751028,0.740923,-36.999001,-26.931002,11.051001,NaN,-1.082037,true,Self-supervised model,0.195085,11.593000,106.337061,9.172523,0.000000,0.000000,1.030871,2.675372,false,false
2026-04-17T14:47:45.908536,0.614917,-0.668397,1.026683,31.175,NE,1,0.908228,1,0.908228,2.058080,2.344961,1.988638,-0.603339,8.262390,7.618350,-0.407397,0.279088,1.926348,1.988638,-0.233961,-0.701273,0.094073,0.745233,0.739271,-36.999001,-26.931002,11.051001,NaN,-1.084114,true,Self-supervised model,0.193756,11.599000,106.210956,9.156906,0.000000,0.000000,1.034919,2.668478,false,false
2026-04-17T14:47:45.923182,0.614917,-0.668397,1.024595,31.295,NE,1,0.908228,1,0.908228,2.032299,2.354454,1.896953,-0.555455,7.850587,7.558495,-0.395101,-0.122650,1.851292,1.896953,-0.201586,-0.567494,0.080634,0.607608,0.602234,-36.999001,-26.931002,11.051001,NaN,-1.085752,true,Self-supervised model,0.195371,11.613000,106.091302,9.135564,0.000000,0.000000,1.071350,3.121999,false,false
2026-04-17T14:47:45.924321,0.614917,-0.668397,1.022667,31.406,NE,1,0.908228,1,0.908228,1.991898,2.361952,1.779789,-0.605733,7.513005,7.374141,-0.470785,-0.452607,1.655644,1.779789,-0.138056,-0.330478,0.081856,0.367390,0.358155,-34.922001,-27.372002,11.779000,NaN,-1.087040,true,Self-supervised model,0.188003,11.614000,105.980824,9.125265,0.000000,0.000000,1.119176,4.844413,false,false
2026-04-17T14:47:45.932473,0.614917,-0.668397,1.020897,31.507,NE,1,0.908228,1,0.908228,1.947361,2.367368,1.713545,-0.785298,7.364564,7.187394,-0.666848,-0.596063,1.461595,1.713545,-0.063530,-0.088575,0.097128,0.145998,0.109003,-34.922001,-27.372002,11.779000,NaN,-1.088179,true,Self-supervised model,0.200573,11.623000,105.879393,9.109472,0.000000,0.000000,1.136452,11.736767,false,false
2026-04-17T14:47:45.941403,0.614917,-0.668397,1.019240,31.602,NE,1,0.908228,1,0.908228,1.902185,2.370761,1.665006,-0.902614,7.184999,6.971915,-0.789910,-0.774465,1.244384,1.665006,0.029932,0.193644,0.125838,0.232872,0.195944,-34.922001,-27.372002,11.779000,NaN,-1.089380,true,Self-supervised model,0.197131,11.631000,105.784485,9.095046,0.000000,0.000000,1.142449,7.149879,false,false
2026-04-17T14:47:45.949785,0.614917,-0.668397,1.017617,31.695,NE,1,0.908228,1,0.908228,1.845009,2.371731,1.544834,-0.893037,7.046135,6.696582,-0.777360,-0.915290,0.971838,1.544834,0.089797,0.377515,0.141110,0.412908,0.388048,-34.922001,-27.372002,11.779000,NaN,-1.090868,true,Self-supervised model,0.192590,11.640000,105.691499,9.080026,0.000000,0.000000,1.194308,3.741354,false,false
2026-04-17T14:47:45.957163,0.614917,-0.668397,1.016049,31.785,NE,1,0.908228,1,0.908228,1.780070,2.370065,1.439145,-0.905008,7.036559,6.493075,-0.772982,-0.931695,0.778192,1.439145,0.160047,0.608422,0.146608,0.645977,0.629120,-34.922001,-27.372002,11.779000,NaN,-1.092216,true,Self-supervised model,0.188684,11.647000,105.601672,9.066856,0.000000,0.000000,1.236894,2.227860,false,false
2026-04-17T14:47:45.964561,0.614917,-0.668397,1.014321,31.884,NE,1,0.908228,1,0.908228,1.712158,2.365748,1.355618,-1.024718,7.149086,6.332664,-0.871938,-0.826284,0.628235,1.355618,0.182038,0.673784,0.152716,0.714455,0.697942,-34.922001,-27.372002,11.779000,NaN,-1.094586,true,Self-supervised model,0.186804,11.655000,105.502654,9.052137,0.000000,0.000000,1.263009,1.897417,false,false
2026-04-17T14:47:45.972599,0.614917,-0.668397,1.012571,31.984,NE,1,0.908228,1,0.908228,1.648942,2.359076,1.317060,-1.182736,7.309498,6.210559,-1.007172,-0.673099,0.516904,1.317060,0.180205,0.666454,0.161268,0.708973,0.690387,-34.922001,-27.372002,11.779000,NaN,-1.096425,true,Self-supervised model,0.186601,11.663000,105.402359,9.037328,0.000000,0.000000,1.251987,1.857703,false,false
2026-04-17T14:47:45.980712,0.614917,-0.668397,1.010807,32.085,NE,1,0.908228,1,0.908228,1.597967,2.350632,1.330346,-1.319205,7.429208,6.124368,-1.123699,-0.559726,0.440258,1.330346,0.155771,0.549168,0.188147,0.601040,0.570833,-34.922001,-27.372002,11.779000,NaN,-1.098243,true,Self-supervised model,0.188045,11.671000,105.301288,9.022473,0.000000,0.000000,1.201167,2.213407,false,false
2026-04-17T14:47:45.988791,0.614917,-0.668397,1.009005,32.188,NE,1,0.908228,1,0.908228,1.552545,2.340708,1.314077,-1.391031,7.539341,6.083666,-1.171012,-0.446134,0.395594,1.314077,0.107512,0.357967,0.219911,0.433659,0.373764,-34.922001,-27.372002,11.779000,NaN,-1.100198,true,Self-supervised model,0.189626,11.679000,105.198033,9.007452,0.000000,0.000000,1.181471,3.030207,false,false
2026-04-17T14:47:45.996613,0.614917,-0.668397,1.007450,32.277,NE,1,0.908228,1,0.908228,1.509896,2.329476,1.285991,-1.350330,7.491457,6.052542,-1.127921,-0.496301,0.367769,1.285991,0.058032,0.178373,0.241292,0.305624,0.187575,-34.922001,-27.372002,11.779000,NaN,-1.100762,true,Self-supervised model,0.191010,11.687000,105.108960,8.993665,0.000000,0.000000,1.174111,4.207752,false,false
2026-04-17T14:47:46.004535,0.614917,-0.668397,1.005691,32.378,NE,1,0.908228,1,0.908228,1.455898,2.316533,1.172411,-1.177947,7.390901,5.990293,-0.962198,-0.596515,0.304782,1.172411,0.019548,0.042761,0.248622,0.253029,0.047017,-34.922001,-27.372002,11.779000,NaN,-1.103337,true,Self-supervised model,0.189989,11.695000,105.008198,8.978897,0.000000,0.000000,1.241799,4.633508,false,false
2026-04-17T14:47:46.013122,0.614917,-0.668397,1.003734,32.490,NE,1,0.908228,1,0.908228,1.391344,2.301525,1.052436,-0.926556,7.247249,5.889736,-0.724302,-0.737062,0.199370,1.052436,-0.051924,-0.125227,0.243735,0.278899,0.135565,-34.922001,-27.372002,11.779000,NaN,-1.106090,true,Self-supervised model,0.187256,11.703000,104.896048,8.963176,0.000000,0.000000,1.322023,3.773534,false,false
2026-04-17T14:47:46.021474,0.614917,-0.668397,1.001621,32.611,NE,1,0.908228,1,0.908228,1.331249,2.284714,1.015751,-0.691924,7.105990,5.820304,-0.505737,-0.872512,0.121250,1.015751,-0.084299,-0.147219,0.235183,0.289984,0.169646,-34.922001,-27.372002,11.779000,NaN,-1.108824,true,Self-supervised model,0.186581,11.712000,104.774996,8.945953,0.000000,0.000000,1.310606,3.502781,false,false
2026-04-17T14:47:46.028332,0.614917,-0.668397,0.999421,32.737,NE,1,0.908228,1,0.908228,1.294379,2.267101,1.100812,-0.486023,6.916849,5.770026,-0.313737,-1.053498,0.059135,1.100812,-0.133779,-0.100793,0.204029,0.263977,0.167500,-34.922001,-27.372002,11.779000,NaN,-1.111377,true,Self-supervised model,0.188705,11.718000,104.648903,8.930611,0.000000,0.000000,1.175841,4.170101,false,false
2026-04-17T14:47:46.036735,0.614917,-0.668397,0.997219,32.864,NE,1,0.908228,1,0.908228,1.280273,2.249628,1.206214,-0.301669,6.749255,5.729325,-0.120611,-1.200124,-0.010448,1.206214,-0.164323,0.001833,0.178373,0.242533,0.164333,-34.922001,-27.372002,11.779000,NaN,-1.113583,true,Self-supervised model,0.191868,11.727000,104.522745,8.913000,0.000000,0.000000,1.061397,4.973409,false,false
2026-04-17T14:47:46.044688,0.614917,-0.668397,0.995576,32.958,NE,1,0.908228,1,0.908228,1.285576,2.233065,1.313418,-0.184354,6.617573,5.707777,0.005886,-1.312082,-0.058918,1.313418,-0.178984,0.127671,0.156382,0.269796,0.219852,-34.922001,-27.372002,11.779000,NaN,-1.112988,true,Self-supervised model,0.193760,11.735000,104.428637,8.898904,0.000000,0.000000,0.978802,4.868180,false,false
2026-04-17T14:47:46.053972,0.614917,-0.668397,0.994271,33.032,NE,1,0.908228,1,0.908228,1.304219,2.217912,1.402096,-0.155623,6.519411,5.714960,0.035668,-1.400105,-0.065617,1.402096,-0.178984,0.265116,0.138666,0.348640,0.319877,-34.922001,-27.372002,11.779000,NaN,-1.112944,true,Self-supervised model,0.194671,11.744000,104.353856,8.885717,0.000000,0.000000,0.930193,4.021616,false,false
2026-04-17T14:47:46.060415,0.614917,-0.668397,0.992874,33.112,NE,1,0.908228,1,0.908228,1.325524,2.204216,1.437375,-0.162806,6.473921,5.743690,0.035714,-1.436072,-0.049667,1.437375,-0.161879,0.362243,0.135001,0.419107,0.396768,-34.922001,-27.372002,11.779000,NaN,-1.114706,true,Self-supervised model,0.193997,11.751000,104.273843,8.873614,0.000000,0.000000,0.922184,3.429617,false,false
2026-04-17T14:47:46.068834,0.614917,-0.668397,0.991421,33.196,NE,1,0.908228,1,0.908228,1.342712,2.191756,1.432948,-0.222661,6.469133,5.813122,-0.013095,-1.432858,0.009242,1.432948,-0.117897,0.449597,0.149051,0.488112,0.464798,-34.922001,-27.372002,11.779000,NaN,-1.116386,true,Self-supervised model,0.193400,11.759000,104.190576,8.860496,0.000000,0.000000,0.937028,2.935696,false,false
2026-04-17T14:47:46.083142,0.614917,-0.668397,0.989902,33.283,NE,1,0.908228,1,0.908228,1.355537,2.180307,1.422868,-0.306458,6.476315,5.825093,-0.083965,-1.420315,0.014404,1.422868,-0.050702,0.501520,0.180205,0.535320,0.504077,-34.922001,-27.372002,11.779000,NaN,-1.118167,true,Self-supervised model,0.193106,11.773000,104.103553,8.842568,0.000000,0.000000,0.952679,2.657977,false,false
2026-04-17T14:47:46.086569,0.614917,-0.668397,0.988274,33.376,NE,1,0.908228,1,0.908228,1.359531,2.169476,1.380500,-0.308852,6.517017,5.841852,-0.074549,-1.378166,0.029660,1.380500,0.012828,0.502742,0.211970,0.545752,0.502906,-33.945004,-24.208002,11.079000,NaN,-1.120234,true,Self-supervised model,0.190348,11.777000,104.010246,8.831642,0.000000,0.000000,0.984811,2.529535,false,false
2026-04-17T14:47:46.092641,0.614917,-0.668397,0.986458,33.480,NE,1,0.908228,1,0.908228,1.346165,2.158544,1.275991,-0.280122,6.617573,5.822699,-0.034795,-1.275491,0.008084,1.275991,0.094073,0.467923,0.255342,0.541296,0.477286,-33.945004,-24.208002,11.079000,NaN,-1.122801,true,Self-supervised model,0.189929,11.783000,103.906187,8.818313,0.000000,0.000000,1.054995,2.357291,false,false
2026-04-17T14:47:46.101026,0.614917,-0.668397,0.984457,33.595,NE,1,0.908228,1,0.908228,1.317572,2.146905,1.167464,-0.177171,6.730101,5.793968,0.073874,-1.164990,-0.017650,1.167464,0.174097,0.408058,0.288939,0.529440,0.443645,-33.945004,-24.208002,11.079000,NaN,-1.125541,true,Self-supervised model,0.188560,11.791000,103.791541,8.802607,0.000000,0.000000,1.128577,2.205091,false,false
2026-04-17T14:47:46.108575,0.614917,-0.668397,0.982194,33.724,NE,1,0.908228,1,0.908228,1.281002,2.134269,1.089006,-0.117316,6.828263,5.698200,0.133006,-1.076146,-0.100771,1.089006,0.260229,0.346361,0.315206,0.535761,0.433226,-33.945004,-24.208002,11.079000,NaN,-1.128851,true,Self-supervised model,0.186942,11.799000,103.661891,8.785651,0.000000,0.000000,1.176303,2.032635,false,false
2026-04-17T14:47:46.117664,0.614917,-0.668397,0.979609,33.873,NE,1,0.908228,1,0.908228,1.250602,2.120922,1.091003,-0.055067,6.854599,5.626374,0.190472,-1.063048,-0.154713,1.091003,0.332311,0.306043,0.327424,0.557942,0.451767,-33.945004,-24.208002,11.079000,NaN,-1.132726,true,Self-supervised model,0.187236,11.808000,103.513767,8.766410,0.000000,0.000000,1.146287,1.955406,false,false
2026-04-17T14:47:46.124740,0.614917,-0.668397,0.976712,34.039,NE,1,0.908228,1,0.908228,1.228025,2.107206,1.109494,0.055067,6.888118,5.535394,0.293191,-1.046678,-0.222446,1.109494,0.422108,0.271835,0.334754,0.603432,0.502065,-33.945004,-24.208002,11.079000,NaN,-1.136869,true,Self-supervised model,0.186859,11.815000,103.347795,8.747168,0.000000,0.000000,1.106833,1.838641,false,false
2026-04-17T14:47:46.133047,0.614917,-0.668397,0.973540,34.220,NE,1,0.908228,1,0.908228,1.214734,2.093507,1.144955,0.079009,6.900089,5.410896,0.307911,-1.055953,-0.317923,1.144955,0.511294,0.247400,0.328645,0.656229,0.568004,-33.945004,-24.208002,11.079000,NaN,-1.141142,true,Self-supervised model,0.187288,11.823000,103.166058,8.725878,0.000000,0.000000,1.060945,1.744749,false,false
2026-04-17T14:47:46.140623,0.614917,-0.668397,0.970142,34.415,NE,1,0.908228,1,0.908228,1.202215,2.079856,1.136490,0.079009,6.971915,5.264850,0.298183,-1.009018,-0.429627,1.136490,0.589485,0.237016,0.318872,0.710878,0.635350,-33.945004,-24.208002,11.079000,NaN,-1.145442,true,Self-supervised model,0.186381,11.831000,102.971396,8.703524,0.000000,0.000000,1.057831,1.598712,false,false
2026-04-17T14:47:46.149084,0.614917,-0.668397,0.966589,34.619,NE,1,0.908228,1,0.908228,1.192879,2.066377,1.143869,0.069432,7.034164,5.125986,0.279118,-0.974966,-0.529123,1.143869,0.654237,0.239459,0.313985,0.764168,0.696682,-33.945004,-24.208002,11.079000,NaN,-1.149621,true,Self-supervised model,0.186363,11.839000,102.767773,8.680444,0.000000,0.000000,1.042846,1.496882,false,false
2026-04-17T14:47:46.157808,0.614917,-0.668397,0.962933,34.828,NE,1,0.908228,1,0.908228,1.184562,2.053104,1.140898,0.050278,7.125144,4.977545,0.250637,-0.914909,-0.633854,1.140898,0.712880,0.234572,0.309098,0.811642,0.750481,-33.945004,-24.208002,11.079000,NaN,-1.153682,true,Self-supervised model,0.185961,11.848000,102.558335,8.656173,0.000000,0.000000,1.038272,1.405666,false,false
2026-04-17T14:47:46.165114,0.614917,-0.668397,0.959207,35.041,NE,1,0.908228,1,0.908228,1.173525,2.039921,1.115580,0.021548,7.256825,4.833893,0.212214,-0.816285,-0.730180,1.115580,0.761138,0.223577,0.309709,0.851609,0.793295,-33.945004,-24.208002,11.079000,NaN,-1.157692,true,Self-supervised model,0.184950,11.855000,102.344837,8.633052,0.000000,0.000000,1.051942,1.309968,false,false
2026-04-17T14:47:46.172681,0.614917,-0.668397,0.955426,35.258,NE,1,0.908228,1,0.908228,1.169558,2.027106,1.148733,0.007183,7.371747,4.651934,0.187416,-0.736099,-0.861754,1.148733,0.791071,0.202196,0.307265,0.872403,0.816502,-33.945004,-24.208002,11.079000,NaN,-1.161690,true,Self-supervised model,0.185395,11.863000,102.128224,8.608971,0.000000,0.000000,1.018129,1.316745,false,false
2026-04-17T14:47:46.181599,0.614917,-0.668397,0.951600,35.477,NE,1,0.908228,1,0.908228,1.170726,2.014851,1.176856,-0.007183,7.445967,4.527435,0.161590,-0.697315,-0.934147,1.176856,0.803899,0.171042,0.303600,0.876174,0.821893,-33.945004,-24.208002,11.079000,NaN,-1.165701,true,Self-supervised model,0.186166,11.872000,101.908973,8.583977,0.000000,0.000000,0.994791,1.343175,false,false
2026-04-17T14:47:46.188966,0.614917,-0.668397,0.947738,35.699,NE,1,0.908228,1,0.908228,1.177390,2.003353,1.212377,-0.059855,7.534553,4.386178,0.095628,-0.644126,-1.022651,1.212377,0.795957,0.107512,0.297491,0.856509,0.803186,-33.945004,-24.208002,11.079000,NaN,-1.169703,true,Self-supervised model,0.186589,11.879000,101.687713,8.560292,0.000000,0.000000,0.971142,1.415486,false,false
2026-04-17T14:47:46.196809,0.614917,-0.668397,0.943847,35.922,NE,1,0.908228,1,0.908228,1.180989,1.992458,1.199880,-0.093374,7.647080,4.299986,0.046170,-0.565911,-1.057036,1.199880,0.770912,0.026878,0.295048,0.825882,0.771380,-33.945004,-24.208002,11.079000,NaN,-1.173711,true,Self-supervised model,0.186676,11.887000,101.464779,8.535777,0.000000,0.000000,0.984255,1.452848,false,false
2026-04-17T14:47:46.205648,0.614917,-0.668397,0.939936,36.146,NE,1,0.908228,1,0.908228,1.193594,1.982504,1.259774,-0.098162,7.692570,4.175488,0.021853,-0.553029,-1.131685,1.259774,0.729984,-0.064752,0.291994,0.788879,0.732850,-33.945004,-24.208002,11.079000,NaN,-1.177703,true,Self-supervised model,0.188274,11.896000,101.240685,8.510481,0.000000,0.000000,0.947467,1.596917,false,false
2026-04-17T14:47:46.213017,0.614917,-0.668397,0.936000,36.371,NE,1,0.908228,1,0.908228,1.205955,1.973442,1.270849,-0.043096,7.757214,4.101267,0.053888,-0.518754,-1.158900,1.270849,0.682336,-0.135001,0.290772,0.753894,0.695563,-33.945004,-24.208002,11.079000,NaN,-1.181736,true,Self-supervised model,0.188431,11.903000,101.015197,8.486533,0.000000,0.000000,0.948936,1.685713,false,false
2026-04-17T14:47:46.220959,0.614917,-0.668397,0.932034,36.598,NE,1,0.908228,1,0.908228,1.209536,1.964885,1.228334,0.002394,7.805098,4.096479,0.073238,-0.498624,-1.120185,1.228334,0.618806,-0.207694,0.289550,0.714071,0.652731,-33.945004,-24.208002,11.079000,NaN,-1.185826,true,Self-supervised model,0.188124,11.911000,100.787931,8.461752,0.000000,0.000000,0.984696,1.720184,false,false
2026-04-17T14:47:46.228493,0.614917,-0.668397,0.928022,36.828,NE,1,0.908228,1,0.908228,1.201857,1.956364,1.161546,0.069432,7.893683,4.106056,0.111251,-0.434770,-1.071348,1.161546,0.543059,-0.274278,0.292604,0.675100,0.608393,-33.945004,-24.208002,11.079000,NaN,-1.190019,true,Self-supervised model,0.187418,11.919000,100.558068,8.436787,0.000000,0.000000,1.034705,1.720555,false,false
2026-04-17T14:47:46.241652,0.614917,-0.668397,0.923954,37.061,NE,1,0.908228,1,0.908228,1.177216,1.947198,1.047850,0.148441,8.006210,4.165911,0.158757,-0.343629,-0.977090,1.047850,0.463036,-0.319483,0.290772,0.633261,0.562558,-33.945004,-24.208002,11.079000,NaN,-1.194311,true,Self-supervised model,0.187065,11.932000,100.325006,8.408063,0.000000,0.000000,1.123458,1.654689,false,false
2026-04-17T14:47:46.244868,0.614917,-0.668397,0.919820,37.298,NE,1,0.908228,1,0.908228,1.135656,1.936737,0.917463,0.239420,8.149862,4.249708,0.216859,-0.217623,-0.864495,0.917463,0.393397,-0.339030,0.281609,0.590768,0.519329,-34.618000,-24.109001,9.711000,NaN,-1.198712,true,Self-supervised model,0.180257,11.935000,100.088120,8.386101,0.000000,0.000000,1.237821,1.553002,false,false
2026-04-17T14:47:46.256643,0.614917,-0.668397,0.915629,37.538,NE,1,0.908228,1,0.908228,1.073528,1.924208,0.747355,0.335188,8.329428,4.407725,0.288300,-0.049380,-0.687739,0.747355,0.338419,-0.340252,0.271224,0.551236,0.479895,-34.618000,-24.109001,9.711000,NaN,-1.203130,true,Self-supervised model,0.181177,11.947000,99.847980,8.357578,0.000000,0.000000,1.436435,1.355780,false,false
2026-04-17T14:47:46.260448,0.614917,-0.668397,0.911630,37.767,NE,1,0.908228,1,0.908228,1.007906,1.909556,0.663390,0.459687,8.470686,4.527435,0.374075,0.076692,-0.542469,0.663390,0.242514,-0.316428,0.233961,0.462253,0.398672,-34.618000,-24.109001,9.711000,NaN,-1.206358,true,Self-supervised model,0.175941,11.951000,99.618880,8.335610,0.000000,0.000000,1.519326,1.435124,false,false
2026-04-17T14:47:46.269465,0.614917,-0.668397,0.907415,38.009,NE,1,0.908228,1,0.908228,0.950108,1.893178,0.646672,0.569820,8.568848,4.627992,0.456840,0.165923,-0.426558,0.646672,0.172875,-0.280998,0.186925,0.379192,0.329918,-34.618000,-24.109001,9.711000,NaN,-1.211439,true,Self-supervised model,0.180548,11.960000,99.377379,8.309145,0.000000,0.000000,1.469227,1.705396,false,false
2026-04-17T14:47:46.276663,0.614917,-0.668397,0.903340,38.242,NE,1,0.908228,1,0.908228,0.901554,1.875513,0.646642,0.656011,8.650250,4.745308,0.520576,0.241114,-0.298348,0.646642,0.114232,-0.247400,0.136223,0.304652,0.272499,-34.618000,-24.109001,9.711000,NaN,-1.214952,true,Self-supervised model,0.181486,11.967000,99.143923,8.284777,0.000000,0.000000,1.394207,2.122564,false,false
2026-04-17T14:47:46.287991,0.614917,-0.668397,0.899535,38.460,NE,1,0.908228,1,0.908228,0.862499,1.856993,0.657463,0.660800,8.815451,4.910508,0.506182,0.400942,-0.123626,0.657463,0.051924,-0.209527,0.069028,0.226633,0.215865,-34.618000,-24.109001,9.711000,NaN,-1.217680,true,Self-supervised model,0.184381,11.978000,98.925891,8.258966,0.000000,0.000000,1.311859,2.901009,false,false
2026-04-17T14:47:46.292509,0.614917,-0.668397,0.896056,38.660,NE,1,0.908228,1,0.908228,0.844991,1.838513,0.753074,0.605733,9.028535,4.960786,0.436334,0.610180,-0.066439,0.753074,-0.006720,-0.160658,-0.001833,0.160808,0.160798,-34.618000,-24.109001,9.711000,NaN,-1.219855,true,Self-supervised model,0.186558,11.983000,98.726543,8.238884,0.000000,0.000000,1.122056,4.683051,false,false
2026-04-17T14:47:46.300324,0.614917,-0.668397,0.892992,38.835,NE,1,0.908228,1,0.908228,0.835464,1.820391,0.785446,0.529119,9.124303,5.013458,0.350054,0.703074,-0.008621,0.785446,-0.041539,-0.111177,-0.060476,0.133204,0.118684,-34.618000,-24.109001,9.711000,NaN,-1.221258,true,Self-supervised model,0.190427,11.990000,98.550992,8.219432,0.000000,0.000000,1.063681,5.896582,false,false
2026-04-17T14:47:46.308644,0.614917,-0.668397,0.890421,38.983,NE,1,0.908228,1,0.908228,0.842857,1.803289,0.881672,0.407014,9.272743,5.097255,0.223816,0.849086,0.079405,0.881672,-0.075136,-0.049480,-0.123395,0.152709,0.089965,-34.618000,-24.109001,9.711000,NaN,-1.221855,true,Self-supervised model,0.193294,11.999000,98.403711,8.200993,0.000000,0.000000,0.955976,5.773544,false,false
2026-04-17T14:47:46.316964,0.614917,-0.668397,0.888407,39.098,NE,1,0.908228,1,0.908228,0.874935,1.788155,1.043341,0.265756,9.452309,5.178658,0.085027,1.026915,0.163637,1.043341,-0.101404,-0.012828,-0.180816,0.207706,0.102212,-34.618000,-24.109001,9.711000,NaN,-1.221643,true,Self-supervised model,0.196016,12.007000,98.288314,8.185918,0.000000,0.000000,0.838589,5.023166,false,false
2026-04-17T14:47:46.325033,0.614917,-0.668397,0.887046,39.176,NE,1,0.908228,1,0.908228,0.928354,1.775763,1.208808,0.043096,9.593566,5.298368,-0.129026,1.168049,0.283249,1.208808,-0.119119,-0.019548,-0.216857,0.248190,0.120712,-34.618000,-24.109001,9.711000,NaN,-1.220393,true,Self-supervised model,0.198495,12.015000,98.210325,8.173976,0.000000,0.000000,0.767992,4.870488,false,false
2026-04-17T14:47:46.332399,0.614917,-0.668397,0.886429,39.211,NE,1,0.908228,1,0.908228,1.000712,1.766761,1.380592,-0.107739,9.715671,5.425261,-0.268175,1.291576,0.407365,1.380592,-0.129503,-0.059254,-0.227242,0.268181,0.142415,-34.618000,-24.109001,9.711000,NaN,-1.218034,true,Self-supervised model,0.200885,12.022000,98.174962,8.166275,0.000000,0.000000,0.724843,5.147985,false,false
2026-04-17T14:47:46.340532,0.614917,-0.668397,0.886567,39.203,NE,1,0.908228,1,0.908228,1.093040,1.761812,1.577761,-0.234632,9.864111,5.533000,-0.384095,1.442742,0.510193,1.577761,-0.142332,-0.146608,-0.216857,0.297958,0.204333,-34.618000,-24.109001,9.711000,NaN,-1.214875,true,Self-supervised model,0.202974,12.031000,98.182868,8.160824,0.000000,0.000000,0.692779,5.295243,false,false
2026-04-17T14:47:46.348856,0.614917,-0.668397,0.887372,39.157,NE,1,0.908228,1,0.908228,1.193834,1.761093,1.723004,-0.284910,9.988609,5.592855,-0.427537,1.571259,0.563115,1.723004,-0.158214,-0.225409,-0.199142,0.339851,0.275393,-34.618000,-24.109001,9.711000,NaN,-1.211402,true,Self-supervised model,0.203370,12.039000,98.228989,8.159232,0.000000,0.000000,0.692880,5.069883,false,false
2026-04-17T14:47:46.357019,0.614917,-0.668397,0.888687,39.082,NE,1,0.908228,1,0.908228,1.307961,1.764968,1.907128,-0.217872,10.163386,5.700594,-0.360396,1.752753,0.659627,1.907128,-0.200975,-0.360410,-0.155160,0.440864,0.412658,-34.618000,-24.109001,9.711000,NaN,-1.208045,true,Self-supervised model,0.203418,12.047000,98.304359,8.160070,0.000000,0.000000,0.685828,4.325887,false,false
2026-04-17T14:47:46.364152,0.614917,-0.668397,0.890314,38.989,NE,1,0.908228,1,0.908228,1.422283,1.773260,2.022473,-0.114922,10.278308,5.762844,-0.263259,1.876137,0.707955,2.022473,-0.237627,-0.417221,-0.126449,0.496517,0.480146,-34.618000,-24.109001,9.711000,NaN,-1.205173,true,Self-supervised model,0.203412,12.054000,98.397570,8.163064,0.000000,0.000000,0.703240,4.073320,false,false
2026-04-17T14:47:46.372571,0.614917,-0.668397,0.892083,38.887,NE,1,0.908228,1,0.908228,1.530582,1.785553,2.099150,0.117316,10.366894,5.781997,-0.040417,1.974738,0.710780,2.099150,-0.272446,-0.416610,-0.103847,0.508503,0.497786,-34.618000,-24.109001,9.711000,NaN,-1.202837,true,Self-supervised model,0.203947,12.063000,98.498907,8.165374,0.000000,0.000000,0.729144,4.128101,false,false
2026-04-17T14:47:46.380478,0.614917,-0.668397,0.893879,38.785,NE,1,0.908228,1,0.908228,1.610074,1.800534,2.027410,0.440533,10.263943,5.789180,0.273483,1.883177,0.699460,2.027410,-0.301767,-0.351858,-0.102014,0.474631,0.463538,-34.618000,-24.109001,9.711000,NaN,-1.200930,true,Self-supervised model,0.203365,12.071000,98.601823,8.168488,0.000000,0.000000,0.794153,4.271548,false,false
2026-04-17T14:47:46.389435,0.614917,-0.668397,0.895655,38.683,NE,1,0.908228,1,0.908228,1.681045,1.817755,2.053639,0.746991,10.218452,5.791574,0.574055,1.850342,0.681270,2.053639,-0.334754,-0.265116,-0.122784,0.444323,0.427021,-34.618000,-24.109001,9.711000,NaN,-1.199234,true,Self-supervised model,0.204100,12.080000,98.703594,8.170827,0.000000,0.000000,0.818569,4.621955,false,false
2026-04-17T14:47:46.402963,0.614917,-0.668397,0.897438,38.581,NE,1,0.908228,1,0.908228,1.736547,1.836506,2.027936,0.902614,10.115502,5.825093,0.728771,1.761473,0.691832,2.027936,-0.373850,-0.193644,-0.150273,0.447039,0.421024,-34.618000,-24.109001,9.711000,NaN,-1.197424,true,Self-supervised model,0.204165,12.093000,98.805749,8.170491,0.000000,0.000000,0.856313,4.536378,false,false
2026-04-17T14:47:46.404978,0.614917,-0.668397,0.899303,38.474,NE,1,0.908228,1,0.908228,1.780464,1.856265,2.011024,1.000776,10.029311,5.861006,0.831396,1.691509,0.701280,2.011024,-0.428827,-0.144164,-0.188757,0.490210,0.452412,-36.975002,-19.143002,10.003000,NaN,-1.195233,true,Self-supervised model,0.199708,12.095000,98.912578,8.177973,0.000000,0.000000,0.885352,4.102374,false,false
2026-04-17T14:47:46.412205,0.614917,-0.668397,0.901349,38.356,NE,1,0.908228,1,0.908228,1.817849,1.876728,2.014122,1.070208,9.921572,6.004658,0.908498,1.602223,0.814986,2.014122,-0.494801,-0.137445,-0.223577,0.560094,0.513536,-36.975002,-19.143002,10.003000,NaN,-1.192459,true,Self-supervised model,0.201945,12.102000,99.029830,8.182931,0.000000,0.000000,0.902551,3.596043,false,false
2026-04-17T14:47:46.420816,0.614917,-0.668397,0.903639,38.225,NE,1,0.908228,1,0.908228,1.846672,1.897526,1.997991,1.084573,9.787497,6.174646,0.932571,1.489347,0.950855,1.997991,-0.554055,-0.152105,-0.255953,0.628987,0.574554,-36.975002,-19.143002,10.003000,NaN,-1.189193,true,Self-supervised model,0.201015,12.111000,99.161053,8.187685,0.000000,0.000000,0.924264,3.176522,false,false
2026-04-17T14:47:46.428163,0.614917,-0.668397,0.906226,38.077,NE,1,0.908228,1,0.908228,1.877785,1.918736,2.041128,1.027112,9.737218,6.375759,0.886017,1.462704,1.114305,2.041128,-0.597426,-0.172875,-0.285274,0.684241,0.621936,-36.975002,-19.143002,10.003000,NaN,-1.185420,true,Self-supervised model,0.200418,12.118000,99.309269,8.195186,0.000000,0.000000,0.919974,2.983056,false,false
2026-04-17T14:47:46.437672,0.614917,-0.668397,0.909141,37.910,NE,1,0.908228,1,0.908228,1.906155,1.940233,2.055099,0.928950,9.593566,6.634333,0.799771,1.344600,1.332610,2.055099,-0.629802,-0.189979,-0.309709,0.727092,0.657832,-36.975002,-19.143002,10.003000,NaN,-1.181192,true,Self-supervised model,0.200230,12.128000,99.476293,8.202201,0.000000,0.000000,0.927525,2.826465,false,false
2026-04-17T14:47:46.444265,0.614917,-0.668397,0.912396,37.724,NE,1,0.908228,1,0.908228,1.934212,1.961992,2.081514,0.873884,9.397242,6.885724,0.757236,1.175087,1.542227,2.081514,-0.646295,-0.199142,-0.322537,0.749257,0.676281,-36.975002,-19.143002,10.003000,NaN,-1.176580,true,Self-supervised model,0.199087,12.134000,99.662760,8.213512,0.000000,0.000000,0.929233,2.778106,false,false
2026-04-17T14:47:46.453736,0.614917,-0.668397,0.915972,37.519,NE,1,0.908228,1,0.908228,1.969572,1.984295,2.155212,0.835576,9.165004,7.165846,0.731292,0.970317,1.780066,2.155212,-0.647517,-0.214414,-0.323759,0.755031,0.682094,-36.975002,-19.143002,10.003000,NaN,-1.171715,true,Self-supervised model,0.200288,12.144000,99.867680,8.223623,0.000000,0.000000,0.913865,2.854469,false,false
2026-04-17T14:47:46.460635,0.614917,-0.668397,0.919818,37.298,NE,1,0.908228,1,0.908228,2.011250,2.007373,2.230055,0.746991,8.963891,7.405266,0.653181,0.796582,1.977867,2.230055,-0.630413,-0.248011,-0.296270,0.739396,0.677444,-36.975002,-19.143002,10.003000,NaN,-1.166796,true,Self-supervised model,0.199806,12.151000,100.087991,8.237017,0.000000,0.000000,0.901883,3.016051,false,false
2026-04-17T14:47:46.468693,0.614917,-0.668397,0.923831,37.068,NE,1,0.908228,1,0.908228,2.063541,2.031620,2.338070,0.691924,8.695741,7.656657,0.605187,0.555194,2.189082,2.338070,-0.591318,-0.293215,-0.262061,0.710146,0.660024,-36.975002,-19.143002,10.003000,NaN,-1.162109,true,Self-supervised model,0.201612,12.159000,100.317947,8.250510,0.000000,0.000000,0.882583,3.292378,false,false
2026-04-17T14:47:46.476550,0.614917,-0.668397,0.927892,36.836,NE,1,0.908228,1,0.908228,2.134273,2.057726,2.505617,0.691924,8.463503,7.910442,0.607220,0.347883,2.405905,2.505617,-0.533896,-0.352469,-0.210749,0.673569,0.639750,-36.975002,-19.143002,10.003000,NaN,-1.157858,true,Self-supervised model,0.203005,12.167000,100.550623,8.264208,0.000000,0.000000,0.851795,3.719914,false,false
2026-04-17T14:47:46.487132,0.614917,-0.668397,0.931860,36.608,NE,1,0.908228,1,0.908228,2.215624,2.086042,2.642719,0.735020,8.252813,8.094796,0.646416,0.159573,2.557468,2.642719,-0.468534,-0.410501,-0.169210,0.645498,0.622925,-36.975002,-19.143002,10.003000,NaN,-1.154262,true,Self-supervised model,0.205326,12.177000,100.777973,8.276092,0.000000,0.000000,0.838388,4.094080,false,false
2026-04-17T14:47:46.492432,0.614917,-0.668397,0.935611,36.393,NE,1,0.908228,1,0.908228,2.292148,2.116286,2.693895,0.840365,8.051701,8.154651,0.742277,-0.022335,2.589517,2.693895,-0.383623,-0.466701,-0.125227,0.616975,0.604133,-36.975002,-19.143002,10.003000,NaN,-1.151381,true,Self-supervised model,0.204313,12.183000,100.992871,8.289655,0.000000,0.000000,0.850867,4.366293,false,false
2026-04-17T14:47:46.501933,0.614917,-0.668397,0.939060,36.196,NE,1,0.908228,1,0.908228,2.350930,2.147672,2.659536,1.005565,7.817069,8.080431,0.893434,-0.241580,2.493300,2.659536,-0.291383,-0.479529,-0.092241,0.568648,0.561117,-36.975002,-19.143002,10.003000,NaN,-1.149139,true,Self-supervised model,0.206256,12.192000,101.190477,8.299744,0.000000,0.000000,0.883962,4.676946,false,false
2026-04-17T14:47:46.508578,0.614917,-0.668397,0.942148,36.019,NE,1,0.908228,1,0.908228,2.387474,2.179264,2.579329,1.242591,7.601591,7.886500,1.114632,-0.445450,2.283005,2.579329,-0.204640,-0.449597,-0.065973,0.498365,0.493979,-36.975002,-19.143002,10.003000,NaN,-1.147490,true,Self-supervised model,0.205615,12.199000,101.367453,8.309489,0.000000,0.000000,0.925618,5.175587,false,false
2026-04-17T14:47:46.517186,0.614917,-0.668397,0.944866,35.863,NE,1,0.908228,1,0.908228,2.397247,2.209983,2.448559,1.367089,7.402872,7.637504,1.223809,-0.636291,2.023083,2.448559,-0.131947,-0.392175,-0.056200,0.417576,0.413777,-36.975002,-19.143002,10.003000,NaN,-1.146257,true,Self-supervised model,0.206115,12.207000,101.523172,8.316800,0.000000,0.000000,0.979044,5.863739,false,false
2026-04-17T14:47:46.525171,0.614917,-0.668397,0.947228,35.728,NE,1,0.908228,1,0.908228,2.382228,2.238873,2.303375,1.465251,7.194576,7.319075,1.309231,-0.840180,1.698689,2.303375,-0.072693,-0.333532,-0.050091,0.345018,0.341362,-36.975002,-19.143002,10.003000,NaN,-1.145321,true,Self-supervised model,0.205548,12.215000,101.658467,8.322429,0.000000,0.000000,1.034234,6.676104,false,false
2026-04-17T14:47:46.532144,0.614917,-0.668397,0.949273,35.611,NE,1,0.908228,1,0.908228,2.343036,2.265040,2.137280,1.491588,6.976704,6.921637,1.326746,-1.057080,1.300112,2.137280,0.022602,-0.204640,-0.055589,0.213257,0.205884,-36.975002,-19.143002,10.003000,NaN,-1.144541,true,Self-supervised model,0.206277,12.222000,101.775647,8.327250,0.000000,0.000000,1.096270,10.022098,false,false
2026-04-17T14:47:46.540480,0.614917,-0.668397,0.951055,35.509,NE,1,0.908228,1,0.908228,2.290414,2.288055,2.014147,1.450886,6.770802,6.519411,1.282192,-1.265186,0.901153,2.014147,0.090408,-0.111177,-0.069639,0.159322,0.143297,-36.975002,-19.143002,10.003000,NaN,-1.143812,true,Self-supervised model,0.207093,12.231000,101.877740,8.329469,0.000000,0.000000,1.137163,12.641970,false,false
2026-04-17T14:47:46.548841,0.614917,-0.668397,0.952643,35.418,NE,1,0.908228,1,0.908228,2.230366,2.307747,1.915114,1.350330,6.677429,6.258443,1.181050,-1.362339,0.645612,1.915114,0.135001,-0.057421,-0.087354,0.170743,0.146706,-36.975002,-19.143002,10.003000,NaN,-1.142999,true,Self-supervised model,0.205250,12.239000,101.968730,8.331459,0.000000,0.000000,1.164613,11.216347,false,false
2026-04-17T14:47:46.561371,0.614917,-0.668397,0.954073,35.336,NE,1,0.908228,1,0.908228,2.158127,2.323762,1.778874,1.146823,6.607996,5.985504,0.978277,-1.436467,0.379382,1.778874,0.180205,-0.034819,-0.094073,0.206243,0.183538,-36.975002,-19.143002,10.003000,NaN,-1.142202,true,Self-supervised model,0.202436,12.251000,102.050661,8.329986,0.000000,0.000000,1.213198,8.625146,false,false
2026-04-17T14:47:46.564413,0.614917,-0.668397,0.955369,35.261,NE,1,0.908228,1,0.908228,2.070824,2.335645,1.612481,0.881066,6.581660,5.691018,0.693884,-1.453741,0.072505,1.612481,0.211970,-0.041539,-0.084910,0.232092,0.216002,-36.815002,-18.337002,4.218000,NaN,-1.141438,true,Self-supervised model,0.197846,12.254000,102.124957,8.334010,0.000000,0.000000,1.284247,6.947600,false,false
2026-04-17T14:47:46.572444,0.614917,-0.668397,0.956000,35.225,NE,1,0.908228,1,0.908228,1.981344,2.343473,1.511577,0.665588,6.596025,5.422867,0.452286,-1.426497,-0.213091,1.511577,0.238848,-0.067195,-0.049480,0.253006,0.248120,-36.815002,-18.337002,4.218000,NaN,-1.143472,true,Self-supervised model,0.197550,12.263000,102.161083,8.330839,0.000000,0.000000,1.310779,5.974474,false,false
2026-04-17T14:47:46.580876,0.614917,-0.668397,0.955891,35.231,NE,1,0.908228,1,0.908228,1.904541,2.347916,1.501324,0.505177,6.593631,5.228937,0.262000,-1.416244,-0.423774,1.501324,0.259618,-0.087354,-0.013439,0.274249,0.273920,-36.815002,-18.337002,4.218000,NaN,-1.146537,true,Self-supervised model,0.197561,12.271000,102.154865,8.324901,0.000000,0.000000,1.268574,5.474307,false,false
2026-04-17T14:47:46.589025,0.614917,-0.668397,0.955084,35.278,NE,1,0.908228,1,0.908228,1.847254,2.349889,1.546494,0.421380,6.605602,5.018247,0.153136,-1.399377,-0.640265,1.546494,0.293215,-0.113010,0.032376,0.315903,0.314240,-36.815002,-18.337002,4.218000,NaN,-1.150140,true,Self-supervised model,0.197486,12.279000,102.108599,8.315710,0.000000,0.000000,1.194478,4.895473,false,false
2026-04-17T14:47:46.596599,0.614917,-0.668397,0.953836,35.349,NE,1,0.908228,1,0.908228,1.810140,2.350299,1.615290,0.385466,6.617573,4.836287,0.095272,-1.389421,-0.818288,1.615290,0.329867,-0.133779,0.070860,0.362947,0.355963,-36.815002,-18.337002,4.218000,NaN,-1.153149,true,Self-supervised model,0.197683,12.287000,102.037110,8.304477,0.000000,0.000000,1.120628,4.450485,false,false
2026-04-17T14:47:46.605326,0.614917,-0.668397,0.952302,35.437,NE,1,0.908228,1,0.908228,1.789396,2.349863,1.680491,0.366313,6.672640,4.632780,0.056629,-1.342288,-1.009509,1.680491,0.361632,-0.138666,0.095906,0.399004,0.387306,-36.815002,-18.337002,4.218000,NaN,-1.155830,true,Self-supervised model,0.198130,12.295000,101.949200,8.291924,0.000000,0.000000,1.064805,4.211715,false,false
2026-04-17T14:47:46.612949,0.614917,-0.668397,0.950580,35.536,NE,1,0.908228,1,0.908228,1.784327,2.349242,1.757716,0.366313,6.722919,4.446033,0.039829,-1.304892,-1.176961,1.757716,0.390954,-0.132558,0.103236,0.425528,0.412815,-36.815002,-18.337002,4.218000,NaN,-1.158302,true,Self-supervised model,0.198589,12.303000,101.850534,8.278512,0.000000,0.000000,1.015140,4.130670,false,false
2026-04-17T14:47:46.621928,0.614917,-0.668397,0.948754,35.640,NE,1,0.908228,1,0.908228,1.794245,2.349042,1.846315,0.349553,6.770802,4.261679,0.009307,-1.273689,-1.336603,1.846315,0.421497,-0.112399,0.106901,0.449134,0.436226,-36.815002,-18.337002,4.218000,NaN,-1.160544,true,Self-supervised model,0.199479,12.312000,101.745911,8.263963,0.000000,0.000000,0.971798,4.110834,false,false
2026-04-17T14:47:46.628342,0.614917,-0.668397,0.946897,35.747,NE,1,0.908228,1,0.908228,1.824557,2.350062,1.983692,0.330400,6.799533,4.041412,-0.021019,-1.264043,-1.528656,1.983692,0.450208,-0.073915,0.101404,0.467368,0.456235,-36.815002,-18.337002,4.218000,NaN,-1.162526,true,Self-supervised model,0.200438,12.318000,101.639500,8.251299,0.000000,0.000000,0.919778,4.244389,false,false
2026-04-17T14:47:46.636760,0.614917,-0.668397,0.945045,35.853,NE,1,0.908228,1,0.908228,1.865157,2.352666,2.078311,0.284910,6.856994,3.864242,-0.075376,-1.226754,-1.675939,2.078311,0.474642,-0.031154,0.090408,0.484179,0.475664,-36.815002,-18.337002,4.218000,NaN,-1.164354,true,Self-supervised model,0.201597,12.327000,101.533432,8.236670,0.000000,0.000000,0.897439,4.292442,false,false
2026-04-17T14:47:46.644372,0.614917,-0.668397,0.943207,35.958,NE,1,0.908228,1,0.908228,1.918384,2.357295,2.197822,0.277727,6.885724,3.682282,-0.088681,-1.219159,-1.826529,2.197822,0.494190,0.018326,0.082467,0.501359,0.494530,-36.815002,-18.337002,4.218000,NaN,-1.166140,true,Self-supervised model,0.202474,12.334000,101.428108,8.223456,0.000000,0.000000,0.872857,4.383733,false,false
2026-04-17T14:47:46.655094,0.614917,-0.668397,0.941398,36.062,NE,1,0.908228,1,0.908228,1.978986,2.364162,2.297145,0.251391,6.969521,3.495534,-0.118600,-1.157128,-1.980875,2.297145,0.505796,0.049480,0.076969,0.514006,0.508211,-36.815002,-18.337002,4.218000,NaN,-1.167833,true,Self-supervised model,0.203710,12.345000,101.324445,8.207731,0.000000,0.000000,0.861498,4.469099,false,false
2026-04-17T14:47:46.660707,0.614917,-0.668397,0.939631,36.163,NE,1,0.908228,1,0.908228,2.046534,2.373457,2.401166,0.229843,7.077260,3.299210,-0.141464,-1.071485,-2.144180,2.401166,0.509462,0.094684,0.058643,0.521493,0.518186,-36.815002,-18.337002,4.218000,NaN,-1.169430,true,Self-supervised model,0.203846,12.351000,101.223216,8.195548,0.000000,0.000000,0.852309,4.604404,false,false
2026-04-17T14:47:46.668908,0.614917,-0.668397,0.937919,36.261,NE,1,0.908228,1,0.908228,2.113573,2.385062,2.465523,0.172383,7.161057,3.169923,-0.197957,-1.009578,-2.240618,2.465523,0.503964,0.116064,0.042150,0.518871,0.517156,-36.815002,-18.337002,4.218000,NaN,-1.170921,true,Self-supervised model,0.205188,12.359000,101.125147,8.182308,0.000000,0.000000,0.857251,4.751708,false,false
2026-04-17T14:47:46.676325,0.614917,-0.668397,0.936294,36.354,NE,1,0.908228,1,0.908228,2.169779,2.398451,2.464865,0.136469,7.347805,3.074155,-0.230762,-0.844133,-2.304289,2.464865,0.481362,0.129503,0.018326,0.498815,0.498478,-36.815002,-18.337002,4.218000,NaN,-1.172200,true,Self-supervised model,0.205400,12.366000,101.032034,8.170147,0.000000,0.000000,0.880283,4.941444,false,false
2026-04-17T14:47:46.686586,0.614917,-0.668397,0.934799,36.440,NE,1,0.908228,1,0.908228,2.212408,2.413009,2.436205,0.088585,7.577648,3.011906,-0.273567,-0.634354,-2.336205,2.436205,0.443488,0.125838,-0.013439,0.461192,0.460996,-36.815002,-18.337002,4.218000,NaN,-1.173176,true,Self-supervised model,0.206032,12.377000,100.946368,8.155964,0.000000,0.000000,0.908137,5.282415,false,false
2026-04-17T14:47:46.692881,0.614917,-0.668397,0.933491,36.515,NE,1,0.908228,1,0.908228,2.239302,2.428061,2.380500,0.016759,7.757214,3.011906,-0.338521,-0.473188,-2.308306,2.380500,0.405615,0.108123,-0.051313,0.422903,0.419778,-36.815002,-18.337002,4.218000,NaN,-1.173734,true,Self-supervised model,0.205684,12.383000,100.871441,8.145961,0.000000,0.000000,0.940686,5.628953,false,false
2026-04-17T14:47:46.702949,0.614917,-0.668397,0.932438,36.575,NE,1,0.908228,1,0.908228,2.250849,2.442972,2.311472,-0.040701,7.912837,3.040636,-0.387580,-0.334344,-2.254085,2.311472,0.356745,0.072082,-0.091019,0.375163,0.363955,-36.815002,-18.337002,4.218000,NaN,-1.173769,true,Self-supervised model,0.206180,12.393000,100.811096,8.134519,0.000000,0.000000,0.973773,6.161243,false,false
2026-04-17T14:47:46.708543,0.614917,-0.668397,0.931704,36.617,NE,1,0.908228,1,0.908228,2.249190,2.457221,2.240477,-0.131681,8.080431,3.088520,-0.469459,-0.181862,-2.183179,2.240477,0.325591,0.042150,-0.115454,0.348017,0.328308,-36.815002,-18.337002,4.218000,NaN,-1.173226,true,Self-supervised model,0.205637,12.399000,100.769045,8.127191,0.000000,0.000000,1.003889,6.437840,false,false
2026-04-17T14:47:46.722945,0.614917,-0.668397,0.931327,36.639,NE,1,0.908228,1,0.908228,2.240449,2.470550,2.194560,-0.239420,8.262390,3.131616,-0.567869,-0.013202,-2.119775,2.194560,0.280387,-0.004887,-0.144775,0.315596,0.280430,-36.815002,-18.337002,4.218000,NaN,-1.172176,true,Self-supervised model,0.206251,12.413000,100.747430,8.116284,0.000000,0.000000,1.020910,6.953707,false,false
2026-04-17T14:47:46.724554,0.614917,-0.668397,0.931340,36.638,NE,1,0.908228,1,0.908228,2.227071,2.482811,2.156838,-0.349553,8.432379,3.189077,-0.668816,0.145680,-2.045339,2.156838,0.243735,-0.040317,-0.162490,0.295695,0.247047,-36.053001,-18.398001,2.766000,NaN,-1.170602,true,Self-supervised model,0.206268,12.415000,100.748176,8.115036,0.000000,0.000000,1.032563,7.294137,false,false
2026-04-17T14:47:46.732687,0.614917,-0.668397,0.931772,36.613,NE,1,0.908228,1,0.908228,2.212837,2.494012,2.138108,-0.416591,8.597578,3.232172,-0.727123,0.301526,-1.987933,2.138108,0.185092,-0.087965,-0.178984,0.272088,0.204931,-36.053001,-18.398001,2.766000,NaN,-1.168494,true,Self-supervised model,0.206382,12.423000,100.772930,8.111803,0.000000,0.000000,1.034951,7.858143,false,false
2026-04-17T14:47:46.740320,0.614917,-0.668397,0.932595,36.566,NE,1,0.908228,1,0.908228,2.191663,2.503918,2.080496,-0.411803,8.748413,3.306392,-0.714426,0.445098,-1.902616,2.080496,0.144164,-0.108734,-0.183260,0.257275,0.180572,-36.053001,-18.398001,2.766000,NaN,-1.166106,true,Self-supervised model,0.205749,12.430000,100.820092,8.111029,0.000000,0.000000,1.053433,8.086659,false,false
2026-04-17T14:47:46.748515,0.614917,-0.668397,0.933770,36.499,NE,1,0.908228,1,0.908228,2.146816,2.511634,1.911373,-0.325611,8.808268,3.464410,-0.620935,0.500032,-1.737169,1.911373,0.072082,-0.133169,-0.189368,0.242467,0.151426,-36.053001,-18.398001,2.766000,NaN,-1.163524,true,Self-supervised model,0.203810,12.439000,100.887418,8.110573,0.000000,0.000000,1.123180,7.883039,false,false
2026-04-17T14:47:46.758858,0.614917,-0.668397,0.935253,36.414,NE,1,0.908228,1,0.908228,2.082112,2.516453,1.742412,-0.150835,8.865729,3.605668,-0.440599,0.554779,-1.591883,1.742412,0.032987,-0.138056,-0.193644,0.240095,0.141942,-36.053001,-18.398001,2.766000,NaN,-1.160812,true,Self-supervised model,0.201521,12.449000,100.972353,8.110881,0.000000,0.000000,1.194959,7.257180,false,false
2026-04-17T14:47:46.764316,0.614917,-0.668397,0.936867,36.321,NE,1,0.908228,1,0.908228,1.998991,2.517754,1.562608,0.000000,8.901642,3.768473,-0.278433,0.585686,-1.421686,1.562608,-0.027489,-0.128893,-0.206472,0.244949,0.131791,-36.053001,-18.398001,2.766000,NaN,-1.158668,true,Self-supervised model,0.197985,12.454000,101.064872,8.115053,0.000000,0.000000,1.279266,6.379332,false,false
2026-04-17T14:47:46.772583,0.614917,-0.668397,0.938953,36.202,NE,1,0.908228,1,0.908228,1.898825,2.514997,1.372953,0.100556,8.978256,3.986346,-0.165491,0.656155,-1.194602,1.372953,-0.077580,-0.098960,-0.226020,0.258644,0.125745,-36.053001,-18.398001,2.766000,NaN,-1.154699,true,Self-supervised model,0.194975,12.463000,101.184364,8.118781,0.000000,0.000000,1.383022,5.308269,false,false
2026-04-17T14:47:46.780728,0.614917,-0.668397,0.941353,36.064,NE,1,0.908228,1,0.908228,1.787053,2.507880,1.200250,0.124498,9.088389,4.247314,-0.125336,0.758420,-0.921786,1.200250,-0.120951,-0.042761,-0.241903,0.273815,0.128288,-36.053001,-18.398001,2.766000,NaN,-1.151040,true,Self-supervised model,0.191559,12.471000,101.321891,8.124600,0.000000,0.000000,1.488901,4.383437,false,false
2026-04-17T14:47:46.789394,0.614917,-0.668397,0.944094,35.907,NE,1,0.908228,1,0.908228,1.665811,2.496197,1.029289,0.119710,9.148245,4.527435,-0.109443,0.808736,-0.627220,1.029289,-0.144164,0.045204,-0.257785,0.298797,0.151085,-36.053001,-18.398001,2.766000,NaN,-1.146936,true,Self-supervised model,0.187740,12.479000,101.478936,8.131977,0.000000,0.000000,1.618409,3.444773,false,false
2026-04-17T14:47:46.796559,0.614917,-0.668397,0.947178,35.731,NE,1,0.908228,1,0.908228,1.546590,2.480213,0.920681,0.107739,9.181764,4.752491,-0.095654,0.830904,-0.384840,0.920681,-0.143553,0.133779,-0.263894,0.328853,0.196226,-36.053001,-18.398001,2.766000,NaN,-1.142480,true,Self-supervised model,0.184852,12.487000,101.655630,8.140917,0.000000,0.000000,1.679834,2.799670,false,false
2026-04-17T14:47:46.804846,0.614917,-0.668397,0.950589,35.535,NE,1,0.908228,1,0.908228,1.432287,2.460296,0.832197,0.090980,9.172187,5.051765,-0.086707,0.822866,-0.089020,0.832197,-0.116675,0.217468,-0.266337,0.363099,0.246790,-36.053001,-18.398001,2.766000,NaN,-1.137759,true,Self-supervised model,0.182828,12.495000,101.851086,8.151347,0.000000,0.000000,1.721092,2.291928,false,false
2026-04-17T14:47:46.812882,0.614917,-0.668397,0.954170,35.330,NE,1,0.908228,1,0.908228,1.337909,2.437400,0.842423,0.033519,9.172187,5.279215,-0.115523,0.823124,0.137103,0.842423,-0.080023,0.287107,-0.255953,0.392869,0.298050,-36.053001,-18.398001,2.766000,NaN,-1.133504,true,Self-supervised model,0.183356,12.503000,102.056216,8.162538,0.000000,0.000000,1.588168,2.144286,false,false
2026-04-17T14:47:46.821106,0.614917,-0.668397,0.957872,35.118,NE,1,0.908228,1,0.908228,1.276162,2.412951,0.951993,-0.043096,9.220071,5.492299,-0.162130,0.869793,0.351376,0.951993,-0.030543,0.326202,-0.240070,0.406170,0.327629,-36.053001,-18.398001,2.766000,NaN,-1.129314,true,Self-supervised model,0.186336,12.511000,102.268335,8.174273,0.000000,0.000000,1.340516,2.343828,false,false
2026-04-17T14:47:46.828845,0.614917,-0.668397,0.961628,34.903,NE,1,0.908228,1,0.908228,1.246415,2.388289,1.090240,-0.184354,9.296685,5.614403,-0.270844,0.933323,0.494141,1.090240,0.023824,0.339030,-0.214414,0.401849,0.339866,-36.053001,-18.398001,2.766000,NaN,-1.125341,true,Self-supervised model,0.189140,12.519000,102.483552,8.186241,0.000000,0.000000,1.143248,2.713062,false,false
2026-04-17T14:47:46.836860,0.614917,-0.668397,0.965443,34.684,NE,1,0.908228,1,0.908228,1.251938,2.364835,1.280934,-0.332794,9.425972,5.722142,-0.388831,1.051353,0.619884,1.280934,0.087965,0.332311,-0.178984,0.387561,0.343756,-36.053001,-18.398001,2.766000,NaN,-1.121291,true,Self-supervised model,0.192766,12.527000,102.702132,8.198462,0.000000,0.000000,0.977364,3.305117,false,false
2026-04-17T14:47:46.844342,0.614917,-0.668397,0.969211,34.468,NE,1,0.908228,1,0.908228,1.277731,2.343351,1.413144,-0.411803,9.545682,5.760449,-0.440597,1.160513,0.675322,1.413144,0.142942,0.314596,-0.139888,0.372789,0.345547,-36.053001,-18.398001,2.766000,NaN,-1.117710,true,Self-supervised model,0.194446,12.534000,102.918033,8.211108,0.000000,0.000000,0.904176,3.790734,false,false
2026-04-17T14:47:46.854347,0.614917,-0.668397,0.972824,34.261,NE,1,0.908228,1,0.908228,1.301308,2.323669,1.425090,-0.440533,9.579201,5.724536,-0.445973,1.183554,0.656651,1.425090,0.185092,0.285274,-0.101404,0.354856,0.340059,-36.053001,-18.398001,2.766000,NaN,-1.114717,true,Self-supervised model,0.195467,12.544000,103.125058,8.221066,0.000000,0.000000,0.913141,4.015962,false,false
2026-04-17T14:47:46.860504,0.614917,-0.668397,0.976185,34.069,NE,1,0.908228,1,0.908228,1.318056,2.305445,1.405981,-0.428562,9.612720,5.640739,-0.415348,1.206555,0.590333,1.405981,0.211359,0.238848,-0.056810,0.323958,0.318938,-36.053001,-18.398001,2.766000,NaN,-1.112366,true,Self-supervised model,0.194611,12.551000,103.317609,8.231823,0.000000,0.000000,0.937464,4.340011,false,false
2026-04-17T14:47:46.869042,0.614917,-0.668397,0.979206,33.896,NE,1,0.908228,1,0.908228,1.329674,2.288414,1.390672,-0.344765,9.672575,5.537788,-0.318502,1.256200,0.504468,1.390672,0.211970,0.186314,-0.012828,0.282505,0.282213,-36.053001,-18.398001,2.766000,NaN,-1.110703,true,Self-supervised model,0.195663,12.559000,103.490707,8.240362,0.000000,0.000000,0.956138,4.922655,false,false
2026-04-17T14:47:46.881564,0.614917,-0.668397,0.981802,33.747,NE,1,0.908228,1,0.908228,1.346132,2.272723,1.432537,-0.248997,9.742006,5.540183,-0.215233,1.316463,0.522265,1.432537,0.193644,0.140499,0.028100,0.240889,0.239245,-36.053001,-18.398001,2.766000,NaN,-1.109809,true,Self-supervised model,0.197611,12.572000,103.639438,8.243672,0.000000,0.000000,0.939684,5.946867,false,false
2026-04-17T14:47:46.888270,0.614917,-0.668397,0.983908,33.626,NE,1,0.908228,1,0.908228,1.367571,2.258517,1.480125,-0.191536,9.816227,5.509058,-0.155012,1.382953,0.504165,1.480125,0.174707,0.126449,0.053145,0.222118,0.215667,-35.973003,-20.204000,1.388000,NaN,-1.109663,true,Self-supervised model,0.198071,12.578000,103.760091,8.249331,0.000000,0.000000,0.923957,6.663681,false,false
2026-04-17T14:47:46.892724,0.614917,-0.668397,0.985479,33.536,NE,1,0.908228,1,0.908228,1.391196,2.245824,1.515225,-0.150835,9.876082,5.463568,-0.113047,1.435972,0.470223,1.515225,0.167377,0.161268,0.075747,0.244459,0.232428,-35.973003,-20.204000,1.388000,NaN,-1.110232,true,Self-supervised model,0.197992,12.583000,103.850088,8.253206,0.000000,0.000000,0.918145,6.198275,false,false
2026-04-17T14:47:46.901806,0.614917,-0.668397,0.986545,33.475,NE,1,0.908228,1,0.908228,1.421106,2.234835,1.578135,-0.117316,9.962274,5.415684,-0.077432,1.515330,0.433923,1.578135,0.178373,0.254120,0.088575,0.322861,0.310473,-35.973003,-20.204000,1.388000,NaN,-1.111185,true,Self-supervised model,0.198859,12.592000,103.911173,8.252158,0.000000,0.000000,0.900497,4.887968,false,false
2026-04-17T14:47:46.908301,0.614917,-0.668397,0.987146,33.441,NE,1,0.908228,1,0.908228,1.472138,2.226327,1.740054,-0.210690,10.146626,5.339070,-0.165308,1.692187,0.370088,1.740054,0.202807,0.368963,0.095906,0.431813,0.421028,-35.973003,-20.204000,1.388000,NaN,-1.112443,true,Self-supervised model,0.199554,12.598000,103.945618,8.250962,0.000000,0.000000,0.846030,4.029652,false,false
2026-04-17T14:47:46.920340,0.614917,-0.668397,0.987342,33.429,NE,1,0.908228,1,0.908228,1.547855,2.221188,1.945370,-0.416591,10.359711,5.190629,-0.361436,1.896865,0.236076,1.945370,0.221744,0.477697,0.098960,0.535871,0.526654,-35.973003,-20.204000,1.388000,NaN,-1.113870,true,Self-supervised model,0.200941,12.610000,103.956831,8.243999,0.000000,0.000000,0.795661,3.630296,false,false
2026-04-17T14:47:46.925423,0.614917,-0.668397,0.987198,33.438,NE,1,0.908228,1,0.908228,1.662060,2.220823,2.261635,-0.703895,10.642226,4.898537,-0.634613,2.170397,-0.040461,2.261635,0.224798,0.597426,0.102625,0.646517,0.638320,-35.973003,-20.204000,1.388000,NaN,-1.115368,true,Self-supervised model,0.202621,12.616000,103.948628,8.239428,0.000000,0.000000,0.734893,3.498183,false,false
2026-04-17T14:47:46.932194,0.614917,-0.668397,0.986777,33.462,NE,1,0.908228,1,0.908228,1.815264,2.226601,2.619589,-1.019930,10.903194,4.572925,-0.932794,2.422624,-0.350764,2.619589,0.213192,0.671341,0.112399,0.713290,0.704379,-35.973003,-20.204000,1.388000,NaN,-1.116901,true,Self-supervised model,0.204636,12.622000,103.924505,8.233600,0.000000,0.000000,0.692958,3.672543,false,false
2026-04-17T14:47:46.940344,0.614917,-0.668397,0.986114,33.500,NE,1,0.908228,1,0.908228,1.976883,2.238612,2.825381,-1.197101,11.034876,4.357447,-1.090278,2.547111,-0.553443,2.825381,0.131336,0.704938,0.129503,0.728669,0.717069,-35.973003,-20.204000,1.388000,NaN,-1.118536,true,Self-supervised model,0.206069,12.630000,103.886473,8.225374,0.000000,0.000000,0.699687,3.877454,false,false
2026-04-17T14:47:46.948275,0.614917,-0.668397,0.985218,33.551,NE,1,0.908228,1,0.908228,2.138044,2.256589,2.984138,-1.302446,11.159374,4.271256,-1.178236,2.667727,-0.632509,2.984138,0.027489,0.616974,0.145386,0.634468,0.617586,-35.973003,-20.204000,1.388000,NaN,-1.120360,true,Self-supervised model,0.208164,12.638000,103.835140,8.216105,0.000000,0.000000,0.716470,4.703371,false,false
2026-04-17T14:47:46.956667,0.614917,-0.668397,0.984075,33.617,NE,1,0.908228,1,0.908228,2.295534,2.280147,3.122355,-1.405396,11.281479,4.319140,-1.270401,2.791221,-0.586743,3.122355,-0.152105,0.388510,0.163101,0.447971,0.417225,-35.973003,-20.204000,1.388000,NaN,-1.122487,true,Self-supervised model,0.211716,12.647000,103.769697,8.205084,0.000000,0.000000,0.735193,6.969989,false,false
2026-04-17T14:47:46.964459,0.614917,-0.668397,0.982671,33.697,NE,1,0.908228,1,0.908228,2.433024,2.308262,3.154852,-1.422156,11.348516,4.649539,-1.287787,2.867197,-0.271799,3.154852,-0.310320,0.147219,0.169210,0.382888,0.343470,-35.973003,-20.204000,1.388000,NaN,-1.124940,true,Self-supervised model,0.213118,12.655000,103.689241,8.193539,0.000000,0.000000,0.771201,8.239614,false,false
2026-04-17T14:47:46.972415,0.614917,-0.668397,0.980995,33.793,NE,1,0.908228,1,0.908228,2.530603,2.339156,3.042891,-1.302446,11.257536,5.185841,-1.182606,2.793921,0.233747,3.042891,-0.602313,-0.334143,0.162490,0.707698,0.688791,-35.973003,-20.204000,1.388000,NaN,-1.127706,true,Self-supervised model,0.208245,12.663000,103.593173,8.180777,0.000000,0.000000,0.831644,4.299705,false,false
2026-04-17T14:47:46.980269,0.614917,-0.668397,0.979083,33.903,NE,1,0.908228,1,0.908228,2.576912,2.370666,2.820033,-1.024718,11.001357,5.710171,-0.932782,2.564080,0.712739,2.820033,-0.760527,-0.585820,0.144164,0.970757,0.959993,-35.973003,-20.204000,1.388000,NaN,-1.130557,true,Self-supervised model,0.203943,12.670000,103.483654,8.167613,0.000000,0.000000,0.913788,2.904983,false,false
2026-04-17T14:47:46.989982,0.614917,-0.668397,0.977016,34.021,NE,1,0.908228,1,0.908228,2.558339,2.400173,2.460834,-0.593762,10.467450,6.282385,-0.536889,2.062763,1.229822,2.460834,-0.879035,-0.724486,0.105680,1.144007,1.139115,-35.973003,-20.204000,1.388000,NaN,-1.133247,true,Self-supervised model,0.199388,12.680000,103.365217,8.151831,0.000000,0.000000,1.039623,2.151066,false,false
2026-04-17T14:47:46.996475,0.614917,-0.668397,0.974917,34.141,NE,1,0.908228,1,0.908228,2.490051,2.425768,2.131538,-0.079009,9.777920,6.710948,-0.057310,1.409908,1.597601,2.131538,-0.929737,-0.689056,0.045204,1.158124,1.157242,-35.973003,-20.204000,1.388000,NaN,-1.135472,true,Self-supervised model,0.195085,12.687000,103.244969,8.137855,0.000000,0.000000,1.168195,1.840509,false,false
2026-04-17T14:47:47.005094,0.614917,-0.668397,0.972955,34.254,NE,1,0.908228,1,0.908228,2.405717,2.446966,1.962964,0.268151,9.093178,6.964733,0.261987,0.763345,1.789384,1.962964,-0.916298,-0.533285,-0.014050,1.060279,1.060186,-35.973003,-20.204000,1.388000,NaN,-1.136890,true,Self-supervised model,0.194142,12.695000,103.132513,8.123869,0.000000,0.000000,1.225554,1.851365,false,false
2026-04-17T14:47:47.012252,0.614917,-0.668397,0.971306,34.348,NE,1,0.908228,1,0.908228,2.333672,2.464434,1.955434,0.435745,8.599973,7.120356,0.415234,0.307117,1.885997,1.955434,-0.838718,-0.242514,-0.083078,0.877019,0.873075,-35.973003,-20.204000,1.388000,NaN,-1.137284,true,Self-supervised model,0.195355,12.702000,103.038037,8.111954,0.000000,0.000000,1.193429,2.229637,false,false
2026-04-17T14:47:47.020780,0.614917,-0.668397,0.970126,34.416,NE,1,0.908228,1,0.908228,2.267040,2.478539,1.917225,0.277727,8.137892,7.182605,0.259673,-0.121549,1.895666,1.917225,-0.709215,0.107512,-0.133779,0.729686,0.717317,-35.973003,-20.204000,1.388000,NaN,-1.136588,true,Self-supervised model,0.196425,12.711000,102.970429,8.100891,0.000000,0.000000,1.182459,2.627467,false,false
2026-04-17T14:47:47.028378,0.614917,-0.668397,0.969505,34.451,NE,1,0.908228,1,0.908228,2.197483,2.489296,1.832307,-0.153229,7.924808,7.129933,-0.152022,-0.306973,1.800002,1.832307,-0.546724,0.441045,-0.152716,0.718853,0.702444,-35.973003,-20.204000,1.388000,NaN,-1.134971,true,Self-supervised model,0.195748,12.718000,102.934880,8.093637,0.000000,0.000000,1.199299,2.548930,false,false
2026-04-17T14:47:47.041532,0.614917,-0.668397,0.969437,34.455,NE,1,0.908228,1,0.908228,2.136004,2.497165,1.813239,-0.593762,7.884106,7.055712,-0.559376,-0.326666,1.693583,1.813239,-0.398895,0.687223,-0.150884,0.808801,0.794603,-35.973003,-20.204000,1.388000,NaN,-1.132830,true,Self-supervised model,0.195274,12.732000,102.930971,8.084431,0.000000,0.000000,1.178005,2.241885,false,false
2026-04-17T14:47:47.044342,0.614917,-0.668397,0.969830,34.433,NE,1,0.908228,1,0.908228,2.099833,2.503271,1.909933,-1.094150,7.862558,6.964733,-1.016801,-0.334318,1.581832,1.909933,-0.240681,0.872316,-0.122784,0.913202,0.904910,-35.713001,-20.501001,-2.200000,NaN,-1.130592,true,Self-supervised model,0.194777,12.734000,102.953488,8.084929,0.000000,0.000000,1.099427,2.091469,false,false
2026-04-17T14:47:47.053925,0.614917,-0.668397,0.970543,34.392,NE,1,0.908228,1,0.908228,2.081130,2.508386,1.982944,-1.441309,7.888895,6.845023,-1.318390,-0.299799,1.450529,1.982944,-0.147219,0.906524,-0.092852,0.923082,0.918400,-35.713001,-20.501001,-2.200000,NaN,-1.128598,true,Self-supervised model,0.196069,12.744000,102.994353,8.081792,0.000000,0.000000,1.049516,2.148177,false,false
2026-04-17T14:47:47.060617,0.614917,-0.668397,0.971414,34.342,NE,1,0.908228,1,0.908228,2.071325,2.512903,2.019845,-1.709460,8.046912,6.691794,-1.545700,-0.138144,1.292866,2.019845,-0.032987,0.750143,-0.023213,0.751226,0.750867,-35.713001,-20.501001,-2.200000,NaN,-1.127094,true,Self-supervised model,0.197574,12.751000,103.044274,8.081270,0.000000,0.000000,1.025487,2.688731,false,false
2026-04-17T14:47:47.069554,0.614917,-0.668397,0.972283,34.292,NE,1,0.908228,1,0.908228,2.065005,2.516987,2.031829,-1.877054,8.161834,6.536170,-1.683770,-0.022411,1.136989,2.031829,0.001222,0.545503,0.025045,0.546079,0.545504,-35.713001,-20.501001,-2.200000,NaN,-1.126238,true,Self-supervised model,0.199751,12.760000,103.094031,8.079469,0.000000,0.000000,1.016329,3.720762,false,false
2026-04-17T14:47:47.076863,0.614917,-0.668397,0.972989,34.252,NE,1,0.908228,1,0.908228,2.049964,2.520306,1.970995,-1.934515,8.267179,6.347029,-1.725563,0.082617,0.948910,1.970995,0.004887,0.258396,0.080634,0.270729,0.258442,-35.713001,-20.501001,-2.200000,NaN,-1.126179,true,Self-supervised model,0.202636,12.767000,103.134509,8.078210,0.000000,0.000000,1.040065,7.280323,false,false
2026-04-17T14:47:47.085965,0.614917,-0.668397,0.973417,34.227,NE,1,0.908228,1,0.908228,2.004357,2.521668,1.764919,-1.795651,8.200141,6.172252,-1.585901,0.015458,0.774350,1.764919,-0.017104,-0.009774,0.116064,0.117724,0.019700,-35.713001,-20.501001,-2.200000,NaN,-1.126869,true,Self-supervised model,0.205481,12.776000,103.158984,8.074435,0.000000,0.000000,1.135665,14.991961,false,false
2026-04-17T14:47:47.093398,0.614917,-0.668397,0.973488,34.223,NE,1,0.908228,1,0.908228,1.916897,2.519478,1.457731,-1.498770,7.994239,6.030994,-1.300487,-0.189220,0.630802,1.457731,-0.056810,-0.210749,0.132558,0.255370,0.218271,-35.713001,-20.501001,-2.200000,NaN,-1.128219,true,Self-supervised model,0.196218,12.783000,103.163094,8.070335,0.000000,0.000000,1.314986,5.708307,false,false
2026-04-17T14:47:47.100389,0.614917,-0.668397,0.973198,34.240,NE,1,0.908228,1,0.908228,1.801822,2.512771,1.197683,-1.151611,7.718906,5.932832,-0.971487,-0.461319,0.527107,1.197683,-0.092852,-0.301157,0.133169,0.342127,0.315146,-35.713001,-20.501001,-2.200000,NaN,-1.129955,true,Self-supervised model,0.190480,12.790000,103.146488,8.064620,0.000000,0.000000,1.504424,3.500702,false,false
2026-04-17T14:47:47.108673,0.614917,-0.668397,0.972614,34.273,NE,1,0.908228,1,0.908228,1.693859,2.502015,1.127052,-0.775721,7.328651,5.834670,-0.615023,-0.845984,0.419884,1.127052,-0.141110,-0.303600,0.119730,0.355556,0.334791,-35.713001,-20.501001,-2.200000,NaN,-1.131717,true,Self-supervised model,0.189317,12.799000,103.113009,8.056333,0.000000,0.000000,1.502912,3.169828,false,false
2026-04-17T14:47:47.117202,0.614917,-0.668397,0.971835,34.318,NE,1,0.908228,1,0.908228,1.625161,2.488941,1.264498,-0.421380,6.979098,5.762844,-0.276473,-1.187441,0.335410,1.264498,-0.178373,-0.205862,0.098960,0.289808,0.272389,-35.713001,-20.501001,-2.200000,NaN,-1.133276,true,Self-supervised model,0.193182,12.807000,103.068358,8.047814,0.000000,0.000000,1.285223,4.363220,false,false
2026-04-17T14:47:47.125036,0.614917,-0.668397,0.970977,34.367,NE,1,0.908228,1,0.908228,1.599064,2.475346,1.462052,-0.225055,6.713342,5.731719,-0.070137,-1.434072,0.275892,1.462052,-0.194866,-0.095295,0.079412,0.230998,0.216919,-35.713001,-20.501001,-2.200000,NaN,-1.134448,true,Self-supervised model,0.197774,12.815000,103.019210,8.038955,0.000000,0.000000,1.093712,6.329275,false,false
2026-04-17T14:47:47.132362,0.614917,-0.668397,0.970691,34.383,NE,1,0.908228,1,0.908228,1.599738,2.462321,1.603275,-0.153229,6.552930,5.729325,0.002508,-1.582706,0.255975,1.603275,-0.202196,0.111177,0.067806,0.240503,0.230746,-35.713001,-20.501001,-2.200000,NaN,-1.132445,true,Self-supervised model,0.200367,12.822000,103.002845,8.033290,0.000000,0.000000,0.997794,6.666352,false,false
2026-04-17T14:47:47.140726,0.614917,-0.668397,0.970386,34.401,NE,1,0.908228,1,0.908228,1.625890,2.450864,1.763193,-0.148441,6.380548,5.753267,0.015178,-1.743424,0.262847,1.763193,-0.180816,0.290161,0.072082,0.349405,0.341889,-35.713001,-20.501001,-2.200000,NaN,-1.132830,true,Self-supervised model,0.200938,12.831000,102.985341,8.026291,0.000000,0.000000,0.922129,5.046275,false,false
2026-04-17T14:47:47.148543,0.614917,-0.668397,0.970054,34.420,NE,1,0.908228,1,0.908228,1.658245,2.441159,1.828105,-0.225055,6.303933,5.755661,-0.048555,-1.810138,0.251019,1.828105,-0.133169,0.427606,0.101404,0.459198,0.447862,-35.713001,-20.501001,-2.200000,NaN,-1.133269,true,Self-supervised model,0.200369,12.839000,102.966308,8.019807,0.000000,0.000000,0.907084,3.981078,false,false
2026-04-17T14:47:47.158740,0.614917,-0.668397,0.969629,34.444,NE,1,0.908228,1,0.908228,1.690467,2.433132,1.859632,-0.301669,6.263232,5.731719,-0.109862,-1.843656,0.217013,1.859632,-0.061697,0.522901,0.142942,0.545586,0.526528,-35.713001,-20.501001,-2.200000,NaN,-1.134064,true,Self-supervised model,0.199847,12.849000,102.941969,8.011672,0.000000,0.000000,0.909033,3.408504,false,false
2026-04-17T14:47:47.164144,0.614917,-0.668397,0.969021,34.479,NE,1,0.908228,1,0.908228,1.712822,2.426319,1.830186,-0.320823,6.279991,5.626374,-0.113681,-1.823502,0.107236,1.830186,0.003665,0.569937,0.184481,0.599062,0.569949,-35.713001,-20.501001,-2.200000,NaN,-1.135405,true,Self-supervised model,0.198628,12.854000,102.907134,8.005845,0.000000,0.000000,0.935873,3.055086,false,false
2026-04-17T14:47:47.172507,0.614917,-0.668397,0.968126,34.530,NE,1,0.908228,1,0.908228,1.727844,2.420380,1.806711,-0.289698,6.299145,5.470751,-0.068950,-1.804777,-0.047230,1.806711,0.083689,0.594372,0.225409,0.641164,0.600235,-35.713001,-20.501001,-2.200000,NaN,-1.137450,true,Self-supervised model,0.197999,12.863000,102.855835,7.996256,0.000000,0.000000,0.956348,2.817862,false,false
2026-04-17T14:47:47.180456,0.614917,-0.668397,0.966867,34.603,NE,1,0.908228,1,0.908228,1.743269,2.415296,1.824249,-0.237026,6.294356,5.317522,-0.004913,-1.813945,-0.193556,1.824249,0.139888,0.589485,0.248622,0.654885,0.605856,-35.713001,-20.501001,-2.200000,NaN,-1.140160,true,Self-supervised model,0.197732,12.871000,102.783736,7.985684,0.000000,0.000000,0.955609,2.785602,false,false
2026-04-17T14:47:47.189475,0.614917,-0.668397,0.965216,34.697,NE,1,0.908228,1,0.908228,1.756923,2.410961,1.828607,-0.210690,6.313510,5.195418,0.029679,-1.803065,-0.303113,1.828607,0.223577,0.533285,0.268781,0.637670,0.578256,-35.713001,-20.501001,-2.200000,NaN,-1.143381,true,Self-supervised model,0.197886,12.880000,102.689150,7.972760,0.000000,0.000000,0.960799,2.867639,false,false
2026-04-17T14:47:47.203075,0.614917,-0.668397,0.963184,34.814,NE,1,0.908228,1,0.908228,1.765090,2.407126,1.807966,-0.260968,6.368577,5.066131,-0.016658,-1.759598,-0.415063,1.807966,0.290161,0.447764,0.287107,0.605901,0.533560,-35.713001,-20.501001,-2.200000,NaN,-1.146940,true,Self-supervised model,0.198081,12.893000,102.572697,7.955689,0.000000,0.000000,0.976285,2.983928,false,false
2026-04-17T14:47:47.204619,0.614917,-0.668397,0.960802,34.950,NE,1,0.908228,1,0.908228,1.757576,2.403144,1.718128,-0.335188,6.502652,4.955997,-0.092835,-1.639988,-0.503770,1.718128,0.346971,0.342695,0.312763,0.579353,0.487677,-34.360001,-20.084002,-6.823000,NaN,-1.150721,true,Self-supervised model,0.187758,12.895000,102.436208,7.943870,0.000000,0.000000,1.022960,2.965598,false,false
2026-04-17T14:47:47.212560,0.614917,-0.668397,0.958084,35.106,NE,1,0.908228,1,0.908228,1.734695,2.398406,1.614572,-0.378284,6.672640,4.821922,-0.143713,-1.486612,-0.613330,1.614572,0.401338,0.245568,0.345750,0.583883,0.470506,-34.360001,-20.084002,-6.823000,NaN,-1.154779,true,Self-supervised model,0.195185,12.903000,102.280511,7.926878,0.000000,0.000000,1.074400,2.765233,false,false
2026-04-17T14:47:47.221027,0.614917,-0.668397,0.955025,35.281,NE,1,0.908228,1,0.908228,1.710858,2.392904,1.585710,-0.371101,6.777985,4.678270,-0.150260,-1.399949,-0.729412,1.585710,0.437380,0.178373,0.373239,0.602017,0.472353,-34.360001,-20.084002,-6.823000,NaN,-1.159204,true,Self-supervised model,0.194856,12.911000,102.105256,7.908393,0.000000,0.000000,1.078922,2.633994,false,false
2026-04-17T14:47:47.228490,0.614917,-0.668397,0.951601,35.477,NE,1,0.908228,1,0.908228,1.687183,2.386675,1.562891,-0.292093,6.897695,4.515464,-0.089416,-1.300393,-0.862330,1.562891,0.473421,0.132558,0.390343,0.627747,0.491629,-34.360001,-20.084002,-6.823000,NaN,-1.164092,true,Self-supervised model,0.194028,12.919000,101.909031,7.888306,0.000000,0.000000,1.079527,2.489684,false,false
2026-04-17T14:47:47.237654,0.614917,-0.668397,0.947805,35.695,NE,1,0.908228,1,0.908228,1.672390,2.380104,1.594725,-0.198719,6.981492,4.340688,-0.016418,-1.237883,-1.005248,1.594725,0.494190,0.122173,0.394619,0.644107,0.509068,-34.360001,-20.084002,-6.823000,NaN,-1.169374,true,Self-supervised model,0.194710,12.928000,101.691533,7.865991,0.000000,0.000000,1.048701,2.475868,false,false
2026-04-17T14:47:47.244489,0.614917,-0.668397,0.943671,35.932,NE,1,0.908228,1,0.908228,1.667419,2.373596,1.641325,-0.150835,7.053318,4.180276,0.011039,-1.187931,-1.132539,1.641325,0.502742,0.140499,0.381180,0.646365,0.522005,-34.360001,-20.084002,-6.823000,NaN,-1.174860,true,Self-supervised model,0.194195,12.935000,101.454670,7.843423,0.000000,0.000000,1.015899,2.539315,false,false
2026-04-17T14:47:47.254095,0.614917,-0.668397,0.939258,36.184,NE,1,0.908228,1,0.908228,1.664579,2.367236,1.649670,-0.129287,7.151481,4.060566,0.013947,-1.111496,-1.218931,1.649670,0.500910,0.155160,0.368963,0.641185,0.524390,-34.360001,-20.084002,-6.823000,NaN,-1.180387,true,Self-supervised model,0.195285,12.944000,101.201836,7.818436,0.000000,0.000000,1.009038,2.572845,false,false
2026-04-17T14:47:47.260550,0.614917,-0.668397,0.934657,36.448,NE,1,0.908228,1,0.908228,1.655563,2.360769,1.608229,-0.141258,7.247249,4.017470,-0.015040,-1.036827,-1.229294,1.608229,0.481362,0.163712,0.345750,0.614861,0.508440,-34.360001,-20.084002,-6.823000,NaN,-1.185740,true,Self-supervised model,0.193882,12.951000,100.938237,7.793857,0.000000,0.000000,1.029432,2.615599,false,false
2026-04-17T14:47:47.269054,0.614917,-0.668397,0.929946,36.718,NE,1,0.908228,1,0.908228,1.635111,2.353743,1.527738,-0.210690,7.376535,4.005499,-0.100286,-0.927689,-1.209678,1.527738,0.459371,0.150884,0.331089,0.586010,0.483516,-34.360001,-20.084002,-6.823000,NaN,-1.190893,true,Self-supervised model,0.193958,12.959000,100.668306,7.768216,0.000000,0.000000,1.070282,2.607019,false,false
2026-04-17T14:47:47.276460,0.614917,-0.668397,0.925189,36.991,NE,1,0.908228,1,0.908228,1.606044,2.345835,1.453439,-0.277727,7.501034,4.000711,-0.183247,-0.822145,-1.184475,1.453439,0.429438,0.102014,0.318261,0.544164,0.441389,-34.360001,-20.084002,-6.823000,NaN,-1.195834,true,Self-supervised model,0.193042,12.967000,100.395744,7.742403,0.000000,0.000000,1.104996,2.670959,false,false
2026-04-17T14:47:47.289534,0.614917,-0.668397,0.920430,37.263,NE,1,0.908228,1,0.908228,1.558371,2.336336,1.308091,-0.284910,7.639898,4.072537,-0.208259,-0.700800,-1.084716,1.308091,0.400117,0.028100,0.313985,0.509381,0.401102,-34.360001,-20.084002,-6.823000,NaN,-1.200601,true,Self-supervised model,0.192681,12.980000,100.123065,7.713641,0.000000,0.000000,1.191332,2.568000,false,false
2026-04-17T14:47:47.292794,0.614917,-0.668397,0.915685,37.535,NE,1,0.908228,1,0.908228,1.475525,2.323904,1.040581,-0.234632,7.838616,4.247314,-0.179499,-0.517928,-0.884500,1.040581,0.351858,-0.091019,0.313985,0.480287,0.363440,-34.360001,-20.084002,-6.823000,NaN,-1.205287,true,Self-supervised model,0.183384,12.983000,99.851225,7.690921,0.000000,0.000000,1.417982,2.166584,false,false
2026-04-17T14:47:47.300252,0.614917,-0.668397,0.910951,37.806,NE,1,0.908228,1,0.908228,1.361931,2.307425,0.765562,-0.174777,8.008605,4.450821,-0.146333,-0.361763,-0.658634,0.765562,0.316428,-0.181427,0.313374,0.480880,0.364750,-34.360001,-20.084002,-6.823000,NaN,-1.209978,true,Self-supervised model,0.181042,12.990000,99.579996,7.665897,0.000000,0.000000,1.778995,1.592001,false,false
2026-04-17T14:47:47.308482,0.614917,-0.668397,0.906207,38.078,NE,1,0.908228,1,0.908228,1.219167,2.285894,0.469656,-0.057461,8.135497,4.695030,-0.060116,-0.246676,-0.395113,0.469656,0.263283,-0.315206,0.306043,0.512187,0.410698,-34.360001,-20.084002,-6.823000,NaN,-1.214764,true,Self-supervised model,0.172033,12.999000,99.308175,7.639678,0.000000,0.000000,2.595870,0.916963,false,false
2026-04-17T14:47:47.317317,0.614917,-0.668397,0.901460,38.350,NE,1,0.908228,1,0.908228,1.064352,2.259033,0.251573,0.047884,8.204929,4.905719,0.011431,-0.187554,-0.167278,0.251573,0.240681,-0.365908,0.287107,0.523685,0.437968,-34.360001,-20.084002,-6.823000,NaN,-1.219522,true,Self-supervised model,0.165303,13.007000,99.036185,7.614068,0.000000,0.000000,4.230781,0.480390,false,false
2026-04-17T14:47:47.325506,0.614917,-0.668397,0.896734,38.621,NE,1,0.908228,1,0.908228,0.924954,2.227670,0.193118,0.179565,8.293514,5.171476,0.117665,-0.106052,0.110464,0.193118,0.230907,-0.389732,0.266337,0.525495,0.453000,-34.360001,-20.084002,-6.823000,NaN,-1.224165,true,Self-supervised model,0.164653,13.016000,98.765391,7.587999,0.000000,0.000000,4.789589,0.367497,false,false
2026-04-17T14:47:47.332648,0.614917,-0.668397,0.892302,38.875,NE,1,0.908228,1,0.908228,0.834943,2.193960,0.362380,0.246603,8.379706,5.372589,0.145357,-0.030859,0.330512,0.362380,0.226020,-0.388510,0.224798,0.502553,0.449472,-34.360001,-20.084002,-6.823000,NaN,-1.227418,true,Self-supervised model,0.171514,13.023000,98.511482,7.564423,0.000000,0.000000,2.304053,0.721078,false,false
2026-04-17T14:47:47.340189,0.614917,-0.668397,0.887823,39.132,NE,1,0.908228,1,0.908228,0.789653,2.159788,0.551885,0.313640,8.552089,5.530606,0.184341,0.133368,0.502801,0.551885,0.227242,-0.368963,0.197920,0.476387,0.433327,-34.360001,-20.084002,-6.823000,NaN,-1.232090,true,Self-supervised model,0.181281,13.030000,98.254811,7.540661,0.000000,0.000000,1.430829,1.158481,false,false
2026-04-17T14:47:47.348586,0.614917,-0.668397,0.883614,39.373,NE,1,0.908228,1,0.908228,0.776874,2.126472,0.709784,0.375890,8.688558,5.635951,0.221493,0.262508,0.621147,0.709784,0.219301,-0.348804,0.177151,0.448486,0.412016,-34.360001,-20.084002,-6.823000,NaN,-1.235217,true,Self-supervised model,0.187221,13.039000,98.013652,7.516961,0.000000,0.000000,1.094522,1.582623,false,false
2026-04-17T14:47:47.361368,0.614917,-0.668397,0.879711,39.596,NE,1,0.908228,1,0.908228,0.793493,2.095153,0.880745,0.507571,8.829816,5.717354,0.330080,0.398025,0.712976,0.880745,0.191812,-0.333532,0.152716,0.413954,0.384754,-34.360001,-20.084002,-6.823000,NaN,-1.237892,true,Self-supervised model,0.192117,13.051000,97.790063,7.492917,0.000000,0.000000,0.900935,2.127639,false,false
2026-04-17T14:47:47.364317,0.614917,-0.668397,0.876115,39.802,NE,1,0.908228,1,0.908228,0.828229,2.066476,1.010590,0.656011,8.937555,5.746084,0.457411,0.502467,0.748061,1.010590,0.153327,-0.313374,0.117286,0.368060,0.348873,-37.283001,-21.156000,-15.608001,NaN,-1.240265,true,Self-supervised model,0.188612,13.054000,97.583998,7.475410,0.000000,0.000000,0.819550,2.745719,false,false
2026-04-17T14:47:47.372454,0.614917,-0.668397,0.872836,39.990,NE,1,0.908228,1,0.908228,0.875834,2.040850,1.125759,0.821211,9.028535,5.738902,0.603023,0.592381,0.743493,1.125759,0.117897,-0.273057,0.075747,0.306916,0.297422,-37.283001,-21.156000,-15.608001,NaN,-1.242273,true,Self-supervised model,0.196409,13.063000,97.396135,7.455878,0.000000,0.000000,0.777994,3.667973,false,false
2026-04-17T14:47:47.380391,0.614917,-0.668397,0.869861,40.161,NE,1,0.908228,1,0.908228,0.928315,2.018349,1.203843,0.979228,9.121908,5.645528,0.745211,0.685693,0.650940,1.203843,0.083689,-0.188757,0.010996,0.206770,0.206478,-37.283001,-21.156000,-15.608001,NaN,-1.244031,true,Self-supervised model,0.198664,13.070000,97.225701,7.438845,0.000000,0.000000,0.771127,5.822123,false,false
2026-04-17T14:47:47.390256,0.614917,-0.668397,0.867223,40.312,NE,1,0.908228,1,0.908228,0.987855,1.999129,1.300436,1.139640,9.217676,5.521029,0.896051,0.781816,0.526299,1.300436,0.053756,-0.070250,-0.073915,0.115274,0.088457,-37.283001,-21.156000,-15.608001,NaN,-1.245325,true,Self-supervised model,0.203309,13.080000,97.074527,7.421600,0.000000,0.000000,0.759633,11.281262,false,false
2026-04-17T14:47:47.396771,0.614917,-0.668397,0.864992,40.440,NE,1,0.908228,1,0.908228,1.048463,1.983102,1.366658,1.216254,9.303867,5.394136,0.977489,0.866679,0.401418,1.366658,0.017104,0.058643,-0.175929,0.186233,0.061087,-37.283001,-21.156000,-15.608001,NaN,-1.245924,true,Self-supervised model,0.201752,13.087000,96.946724,7.407865,0.000000,0.000000,0.767173,7.338439,false,false
2026-04-17T14:47:47.405304,0.614917,-0.668397,0.863487,40.526,NE,1,0.908228,1,0.908228,1.098184,1.969705,1.359217,1.163582,9.358934,5.329493,0.940753,0.921633,0.336228,1.359217,-0.019548,0.138056,-0.266948,0.301169,0.139433,-37.283001,-21.156000,-15.608001,NaN,-1.244526,true,Self-supervised model,0.200569,13.095000,96.860503,7.396755,0.000000,0.000000,0.807953,4.513139,false,false
2026-04-17T14:47:47.412292,0.614917,-0.668397,0.862879,40.561,NE,1,0.908228,1,0.908228,1.129010,1.958078,1.290847,0.914585,9.457097,5.327099,0.717181,1.021120,0.330530,1.290847,-0.073915,0.181427,-0.363465,0.412899,0.195906,-37.283001,-21.156000,-15.608001,NaN,-1.241548,true,Self-supervised model,0.198959,13.102000,96.825648,7.390143,0.000000,0.000000,0.874627,3.126299,false,false
2026-04-17T14:47:47.422009,0.614917,-0.668397,0.863301,40.536,NE,1,0.908228,1,0.908228,1.150247,1.947764,1.261743,0.555455,9.557653,5.420473,0.390451,1.124914,0.417267,1.261743,-0.120951,0.160047,-0.438601,0.482302,0.200609,-37.283001,-21.156000,-15.608001,NaN,-1.237004,true,Self-supervised model,0.198300,13.112000,96.849837,7.386351,0.000000,0.000000,0.911634,2.616085,false,false
2026-04-17T14:47:47.428503,0.614917,-0.668397,0.864842,40.448,NE,1,0.908228,1,0.908228,1.173849,1.938808,1.297760,0.148441,9.617508,5.530606,0.018469,1.189795,0.517908,1.297760,-0.164934,0.083078,-0.473421,0.508165,0.184675,-37.283001,-21.156000,-15.608001,NaN,-1.230987,true,Self-supervised model,0.197718,13.119000,96.938141,7.389141,0.000000,0.000000,0.904520,2.553814,false,false
2026-04-17T14:47:47.436611,0.614917,-0.668397,0.867475,40.297,NE,1,0.908228,1,0.908228,1.206131,1.931501,1.375613,-0.150835,9.636662,5.619191,-0.247160,1.215668,0.594453,1.375613,-0.199753,0.001222,-0.475864,0.516090,0.199757,-37.283001,-21.156000,-15.608001,NaN,-1.223989,true,Self-supervised model,0.198199,13.127000,97.088970,7.396128,0.000000,0.000000,0.876796,2.665449,false,false
2026-04-17T14:47:47.444326,0.614917,-0.668397,0.871062,40.092,NE,1,0.908228,1,0.908228,1.246476,1.926100,1.458283,-0.387861,9.615114,5.726931,-0.455694,1.202271,0.688097,1.458283,-0.228464,-0.095906,-0.445321,0.509612,0.247777,-37.283001,-21.156000,-15.608001,NaN,-1.216583,true,Self-supervised model,0.198154,13.134000,97.294510,7.407835,0.000000,0.000000,0.854756,2.861557,false,false
2026-04-17T14:47:47.454477,0.614917,-0.668397,0.875352,39.846,NE,1,0.908228,1,0.908228,1.277248,1.922146,1.438800,-0.445322,9.572019,5.736507,-0.489681,1.168645,0.681634,1.438800,-0.253509,-0.155771,-0.389732,0.490329,0.297542,-37.283001,-21.156000,-15.608001,NaN,-1.209484,true,Self-supervised model,0.198028,13.145000,97.540290,7.420334,0.000000,0.000000,0.887717,2.934356,false,false
2026-04-17T14:47:47.460555,0.614917,-0.668397,0.880108,39.574,NE,1,0.908228,1,0.908228,1.286723,1.918729,1.336468,-0.375890,9.497798,5.707777,-0.402017,1.104779,0.635603,1.336468,-0.264505,-0.156382,-0.328645,0.449917,0.307275,-37.283001,-21.156000,-15.608001,NaN,-1.202863,true,Self-supervised model,0.195225,13.151000,97.812782,7.437669,0.000000,0.000000,0.962779,2.970473,false,false
2026-04-17T14:47:47.468585,0.614917,-0.668397,0.885058,39.290,NE,1,0.908228,1,0.908228,1.287079,1.915463,1.288950,-0.227449,9.507375,5.671864,-0.238535,1.125207,0.581724,1.288950,-0.271224,-0.124006,-0.284052,0.411856,0.298228,-37.283001,-21.156000,-15.608001,NaN,-1.197137,true,Self-supervised model,0.195471,13.159000,98.096393,7.454700,0.000000,0.000000,0.998548,3.129611,false,false
2026-04-17T14:47:47.476330,0.614917,-0.668397,0.889987,39.008,NE,1,0.908228,1,0.908228,1.272999,1.911764,1.199080,0.026336,9.464279,5.600038,0.029250,1.093396,0.491348,1.199080,-0.285885,-0.062308,-0.250455,0.385149,0.292596,-37.283001,-21.156000,-15.608001,NaN,-1.192290,true,Self-supervised model,0.193894,13.166000,98.378817,7.472187,0.000000,0.000000,1.061646,3.113286,false,false
2026-04-17T14:47:47.486680,0.614917,-0.668397,0.894761,38.734,NE,1,0.908228,1,0.908228,1.261153,1.907740,1.198962,0.347159,9.433155,5.516241,0.364584,1.074282,0.387953,1.198962,-0.311541,-0.016493,-0.237627,0.392169,0.311978,-37.283001,-21.156000,-15.608001,NaN,-1.188135,true,Self-supervised model,0.194740,13.177000,98.652368,7.486709,0.000000,0.000000,1.051871,3.057261,false,false
2026-04-17T14:47:47.492982,0.614917,-0.668397,0.899327,38.472,NE,1,0.908228,1,0.908228,1.266408,1.904086,1.293993,0.632069,9.404425,5.482722,0.664961,1.059103,0.332487,1.293993,-0.347582,-0.009163,-0.241292,0.423225,0.347703,-37.283001,-21.156000,-15.608001,NaN,-1.184406,true,Self-supervised model,0.194719,13.183000,98.913943,7.503144,0.000000,0.000000,0.978682,3.057462,false,false
2026-04-17T14:47:47.502308,0.614917,-0.668397,0.903704,38.222,NE,1,0.908228,1,0.908228,1.286796,1.901395,1.393833,0.823605,9.370906,5.487510,0.872189,1.041666,0.311430,1.393833,-0.426384,-0.048869,-0.261450,0.502541,0.429175,-37.283001,-21.156000,-15.608001,NaN,-1.180779,true,Self-supervised model,0.196482,13.192000,99.164764,7.517038,0.000000,0.000000,0.923207,2.773569,false,false
2026-04-17T14:47:47.508281,0.614917,-0.668397,0.907962,37.978,NE,1,0.908228,1,0.908228,1.323266,1.900270,1.514733,0.950498,9.354146,5.626374,1.013979,1.044066,0.419749,1.514733,-0.508851,-0.121562,-0.281609,0.594146,0.523170,-37.283001,-21.156000,-15.608001,NaN,-1.177001,true,Self-supervised model,0.195561,13.198000,99.408710,7.532104,0.000000,0.000000,0.873597,2.549427,false,false
2026-04-17T14:47:47.521406,0.614917,-0.668397,0.912174,37.736,NE,1,0.908228,1,0.908228,1.366148,1.900905,1.591278,0.964863,9.289502,5.908890,1.041078,1.001991,0.666585,1.591278,-0.582155,-0.202196,-0.293826,0.682731,0.616269,-37.283001,-21.156000,-15.608001,NaN,-1.172974,true,Self-supervised model,0.197768,13.211000,99.650019,7.542958,0.000000,0.000000,0.858522,2.330755,false,false
2026-04-17T14:47:47.524810,0.614917,-0.668397,0.916382,37.495,NE,1,0.908228,1,0.908228,1.419326,1.903642,1.698513,1.027112,9.172187,6.186617,1.113143,0.910613,0.903683,1.698513,-0.635911,-0.261450,-0.298102,0.749402,0.687560,-36.977001,-21.594002,-12.877001,NaN,-1.168776,true,Self-supervised model,0.193606,13.215000,99.891171,7.558923,0.000000,0.000000,0.835629,2.266490,false,false
2026-04-17T14:47:47.532357,0.614917,-0.668397,0.920608,37.253,NE,1,0.908228,1,0.908228,1.483496,1.908836,1.820387,1.110910,9.040505,6.426037,1.205202,0.806488,1.100396,1.820387,-0.659734,-0.276722,-0.298713,0.775277,0.715419,-36.977001,-21.594002,-12.877001,NaN,-1.164486,true,Self-supervised model,0.197775,13.222000,100.133258,7.573231,0.000000,0.000000,0.814935,2.348047,false,false
2026-04-17T14:47:47.540242,0.614917,-0.668397,0.924838,37.011,NE,1,0.908228,1,0.908228,1.571801,1.917354,2.035401,1.242591,8.829816,6.763620,1.344919,0.624238,1.394410,2.035401,-0.653626,-0.272446,-0.304822,0.770954,0.708134,-36.977001,-21.594002,-12.877001,NaN,-1.160237,true,Self-supervised model,0.199594,13.230000,100.375614,7.586970,0.000000,0.000000,0.772231,2.640108,false,false
2026-04-17T14:47:47.548187,0.614917,-0.668397,0.929073,36.768,NE,1,0.908228,1,0.908228,1.677176,1.929747,2.230397,1.309628,8.585608,7.082048,1.420520,0.408059,1.670414,2.230397,-0.631635,-0.261450,-0.305433,0.748737,0.683607,-36.977001,-21.594002,-12.877001,NaN,-1.155977,true,Self-supervised model,0.201301,13.238000,100.618310,7.600718,0.000000,0.000000,0.751963,2.978878,false,false
2026-04-17T14:47:47.557714,0.614917,-0.668397,0.933316,36.525,NE,1,0.908228,1,0.908228,1.783238,1.945887,2.340064,1.319205,8.327033,7.287950,1.438904,0.175764,1.836998,2.340064,-0.551000,-0.230296,-0.292604,0.665023,0.597192,-36.977001,-21.594002,-12.877001,NaN,-1.151706,true,Self-supervised model,0.203454,13.248000,100.861408,7.613331,0.000000,0.000000,0.762047,3.518773,false,false
2026-04-17T14:47:47.564488,0.614917,-0.668397,0.937542,36.283,NE,1,0.908228,1,0.908228,1.884590,1.965435,2.416690,1.316811,8.118738,7.422025,1.445345,-0.009386,1.936821,2.416690,-0.470977,-0.193644,-0.268170,0.575528,0.509232,-36.977001,-21.594002,-12.877001,NaN,-1.147548,true,Self-supervised model,0.203891,13.255000,101.103539,7.627577,0.000000,0.000000,0.779823,4.199082,false,false
2026-04-17T14:47:47.572548,0.614917,-0.668397,0.941697,36.045,NE,1,0.908228,1,0.908228,1.974237,1.987787,2.444879,1.266533,7.920019,7.505822,1.404087,-0.188948,1.992554,2.444879,-0.355524,-0.144164,-0.237016,0.450951,0.383641,-36.977001,-21.594002,-12.877001,NaN,-1.143679,true,Self-supervised model,0.206244,13.263000,101.341574,7.640924,0.000000,0.000000,0.807499,5.421606,false,false
2026-04-17T14:47:47.580263,0.614917,-0.668397,0.945725,35.814,NE,1,0.908228,1,0.908228,2.048857,2.012230,2.440616,1.235408,7.826645,7.527370,1.381984,-0.268243,1.993683,2.440616,-0.232740,-0.100182,-0.205862,0.326471,0.253385,-36.977001,-21.594002,-12.877001,NaN,-1.140158,true,Self-supervised model,0.207670,13.270000,101.572358,7.654285,0.000000,0.000000,0.839484,7.475756,false,false
2026-04-17T14:47:47.589207,0.614917,-0.668397,0.949567,35.594,NE,1,0.908228,1,0.908228,2.096694,2.037608,2.347837,1.161188,7.733272,7.457938,1.316460,-0.352886,1.911738,2.347837,-0.126449,-0.084910,-0.185092,0.239704,0.152313,-36.977001,-21.594002,-12.877001,NaN,-1.137057,true,Self-supervised model,0.208985,13.279000,101.792515,7.665676,0.000000,0.000000,0.893032,9.794715,false,false
2026-04-17T14:47:47.597658,0.614917,-0.668397,0.953185,35.387,NE,1,0.908228,1,0.908228,2.111062,2.062547,2.186497,1.106121,7.630321,7.273585,1.268932,-0.452162,1.722246,2.186497,-0.031765,-0.095906,-0.169821,0.197601,0.101029,-36.977001,-21.594002,-12.877001,NaN,-1.134336,true,Self-supervised model,0.208574,13.288000,101.999817,7.676085,0.000000,0.000000,0.965500,11.065240,false,false
2026-04-17T14:47:47.605447,0.614917,-0.668397,0.956575,35.192,NE,1,0.908228,1,0.908228,2.083557,2.085387,1.939155,1.015141,7.582437,7.003040,1.183338,-0.500443,1.452442,1.939155,0.055589,-0.158214,-0.156992,0.229714,0.167696,-36.977001,-21.594002,-12.877001,NaN,-1.131859,true,Self-supervised model,0.204478,13.296000,102.194051,7.686075,0.000000,0.000000,1.074467,8.441613,false,false
2026-04-17T14:47:47.612309,0.614917,-0.668397,0.959755,35.010,NE,1,0.908228,1,0.908228,2.015726,2.104601,1.659610,0.940921,7.587225,6.675035,1.110141,-0.498413,1.128484,1.659610,0.096517,-0.237627,-0.138666,0.291565,0.256480,-36.977001,-21.594002,-12.877001,NaN,-1.129519,true,Self-supervised model,0.199371,13.302000,102.376252,7.696305,0.000000,0.000000,1.214578,5.692072,false,false
2026-04-17T14:47:47.621348,0.614917,-0.668397,0.962718,34.840,NE,1,0.908228,1,0.908228,1.920882,2.119252,1.422956,0.890643,7.558495,6.335058,1.055297,-0.530633,0.793460,1.422956,0.100793,-0.290772,-0.125227,0.332249,0.307746,-36.977001,-21.594002,-12.877001,NaN,-1.127424,true,Self-supervised model,0.196188,13.311000,102.546015,7.703855,0.000000,0.000000,1.349924,4.282800,false,false
2026-04-17T14:47:47.628395,0.614917,-0.668397,0.965426,34.685,NE,1,0.908228,1,0.908228,1.825142,2.129488,1.322506,0.940921,7.469909,5.980716,1.085526,-0.617184,0.435592,1.322506,0.078802,-0.346361,-0.106901,0.370949,0.355212,-36.977001,-21.594002,-12.877001,NaN,-1.125736,true,Self-supervised model,0.194060,13.318000,102.701165,7.711456,0.000000,0.000000,1.380063,3.565196,false,false
2026-04-17T14:47:47.636537,0.614917,-0.668397,0.967525,34.565,NE,1,0.908228,1,0.908228,1.748953,2.136266,1.348960,1.010353,7.340622,5.614403,1.125898,-0.740571,0.060004,1.348960,0.042761,-0.355524,-0.095295,0.370549,0.358086,-36.977001,-21.594002,-12.877001,NaN,-1.126073,true,Self-supervised model,0.195293,13.327000,102.821428,7.715272,0.000000,0.000000,1.296519,3.640436,false,false
2026-04-17T14:47:47.644595,0.614917,-0.668397,0.968892,34.487,NE,1,0.908228,1,0.908228,1.692124,2.140500,1.393770,0.998382,7.206547,5.384560,1.077362,-0.864687,-0.184940,1.393770,0.003054,-0.327424,-0.084910,0.338268,0.327438,-36.977001,-21.594002,-12.877001,NaN,-1.127636,true,Self-supervised model,0.196936,13.335000,102.899726,7.716515,0.000000,0.000000,1.214062,4.120311,false,false
2026-04-17T14:47:47.652894,0.614917,-0.668397,0.969432,34.456,NE,1,0.908228,1,0.908228,1.638065,2.142403,1.354257,0.916979,7.165846,5.231331,0.954008,-0.892111,-0.357798,1.354257,-0.036652,-0.298713,-0.080023,0.311411,0.300953,-36.977001,-21.594002,-12.877001,NaN,-1.130399,true,Self-supervised model,0.197194,13.343000,102.930705,7.714210,0.000000,0.000000,1.209567,4.348782,false,false
2026-04-17T14:47:47.660410,0.614917,-0.668397,0.969114,34.474,NE,1,0.908228,1,0.908228,1.574726,2.141696,1.242192,0.823605,7.187394,5.226542,0.814866,-0.854551,-0.385716,1.242192,-0.083078,-0.282831,-0.067806,0.302478,0.294780,-36.977001,-21.594002,-12.877001,NaN,-1.134152,true,Self-supervised model,0.195671,13.350000,102.912483,7.708800,0.000000,0.000000,1.267699,4.106725,false,false
2026-04-17T14:47:47.669075,0.614917,-0.668397,0.967966,34.540,NE,1,0.908228,1,0.908228,1.492950,2.137746,1.063629,0.696713,7.230489,5.346252,0.644603,-0.795113,-0.289117,1.063629,-0.122173,-0.306043,-0.046426,0.332783,0.329528,-36.977001,-21.594002,-12.877001,NaN,-1.138623,true,Self-supervised model,0.191828,13.359000,102.846675,7.698681,0.000000,0.000000,1.403638,3.196168,false,false
2026-04-17T14:47:47.681292,0.614917,-0.668397,0.966220,34.640,NE,1,0.908228,1,0.908228,1.406476,2.130495,0.952489,0.579397,7.201759,5.525817,0.486980,-0.807936,-0.131624,0.952489,-0.137445,-0.357967,-0.023824,0.384186,0.383447,-36.977001,-21.594002,-12.877001,NaN,-1.142757,true,Self-supervised model,0.189396,13.371000,102.746647,7.684290,0.000000,0.000000,1.476633,2.479238,false,false
2026-04-17T14:47:47.686544,0.614917,-0.668397,0.964122,34.760,NE,1,0.908228,1,0.908228,1.326131,2.120321,0.904318,0.548272,7.192182,5.647922,0.415660,-0.802577,-0.029811,0.904318,-0.123395,-0.411723,-0.001833,0.429820,0.429817,-36.096001,-21.541000,-15.008000,NaN,-1.146266,true,Self-supervised model,0.187322,13.377000,102.626419,7.671856,0.000000,0.000000,1.466443,2.103944,false,false
2026-04-17T14:47:47.692710,0.614917,-0.668397,0.961817,34.892,NE,1,0.908228,1,0.908228,1.256461,2.107766,0.890696,0.569820,7.184999,5.686229,0.397960,-0.796802,-0.008656,0.890696,-0.078191,-0.450819,0.014050,0.457765,0.457549,-36.096001,-21.541000,-15.008000,NaN,-1.149396,true,Self-supervised model,0.187428,13.383000,102.494371,7.658550,0.000000,0.000000,1.410651,1.945751,false,false
2026-04-17T14:47:47.702987,0.614917,-0.668397,0.959416,35.029,NE,1,0.908228,1,0.908228,1.200079,2.093459,0.904073,0.591368,7.153875,5.657499,0.381346,-0.818200,-0.049717,0.904073,0.009163,-0.448986,0.017715,0.449429,0.449079,-36.096001,-21.541000,-15.008000,NaN,-1.152180,true,Self-supervised model,0.188839,13.393000,102.356833,7.642562,0.000000,0.000000,1.327414,2.011605,false,false
2026-04-17T14:47:47.708549,0.614917,-0.668397,0.956999,35.168,NE,1,0.908228,1,0.908228,1.146785,2.077592,0.866990,0.608127,7.192182,5.571307,0.362892,-0.774463,-0.142083,0.866990,0.083689,-0.423330,0.017715,0.431886,0.431523,-36.096001,-21.541000,-15.008000,NaN,-1.154666,true,Self-supervised model,0.187608,13.399000,102.218307,7.628801,0.000000,0.000000,1.322720,2.007450,false,false
2026-04-17T14:47:47.716891,0.614917,-0.668397,0.954631,35.304,NE,1,0.908228,1,0.908228,1.102177,2.060575,0.867986,0.653617,7.235278,5.434838,0.376955,-0.730804,-0.277902,0.867986,0.163101,-0.384845,0.011606,0.418142,0.417981,-36.096001,-21.541000,-15.008000,NaN,-1.156833,true,Self-supervised model,0.188922,13.407000,102.082662,7.614132,0.000000,0.000000,1.269810,2.075818,false,false
2026-04-17T14:47:47.724688,0.614917,-0.668397,0.952356,35.434,NE,1,0.908228,1,0.908228,1.067227,2.042841,0.883739,0.624887,7.311892,5.216966,0.329503,-0.662249,-0.483580,0.883739,0.249844,-0.312763,-0.003054,0.400315,0.400303,-36.096001,-21.541000,-15.008000,NaN,-1.158741,true,Self-supervised model,0.189690,13.415000,101.952277,7.599872,0.000000,0.000000,1.207627,2.207611,false,false
2026-04-17T14:47:47.732309,0.614917,-0.668397,0.950434,35.544,NE,1,0.908228,1,0.908228,1.066730,2.025797,1.064119,0.600945,7.309498,4.915296,0.291934,-0.676755,-0.767545,1.064119,0.310930,-0.251066,-0.021991,0.400244,0.399639,-36.096001,-21.541000,-15.008000,NaN,-1.159247,true,Self-supervised model,0.193574,13.422000,101.842174,7.587705,0.000000,0.000000,1.002454,2.658675,false,false
2026-04-17T14:47:47.740683,0.614917,-0.668397,0.948846,35.635,NE,1,0.908228,1,0.908228,1.095910,2.010601,1.249107,0.512359,7.319075,4.632780,0.195932,-0.683037,-1.027297,1.249107,0.389121,-0.150884,-0.062308,0.421976,0.417350,-36.096001,-21.541000,-15.008000,NaN,-1.159498,true,Self-supervised model,0.196523,13.431000,101.751218,7.575848,0.000000,0.000000,0.877355,2.960139,false,false
2026-04-17T14:47:47.748663,0.614917,-0.668397,0.947608,35.706,NE,1,0.908228,1,0.908228,1.158649,1.998523,1.488030,0.361524,7.352593,4.304775,0.043754,-0.668067,-1.328911,1.488030,0.434936,-0.084910,-0.095295,0.453277,0.443147,-36.096001,-21.541000,-15.008000,NaN,-1.159337,true,Self-supervised model,0.199184,13.439000,101.680290,7.566061,0.000000,0.000000,0.778647,3.282824,false,false
2026-04-17T14:47:47.757356,0.614917,-0.668397,0.946743,35.756,NE,1,0.908228,1,0.908228,1.242139,1.990268,1.680462,0.193930,7.412448,4.050989,-0.120669,-0.628553,-1.553805,1.680462,0.463647,-0.047647,-0.113010,0.479593,0.466089,-36.096001,-21.541000,-15.008000,NaN,-1.158714,true,Self-supervised model,0.201135,13.447000,101.630687,7.557871,0.000000,0.000000,0.739165,3.503930,false,false
2026-04-17T14:47:47.764364,0.614917,-0.668397,0.946254,35.784,NE,1,0.908228,1,0.908228,1.347794,1.986569,1.902481,0.033519,7.441179,3.797204,-0.275981,-0.621364,-1.776844,1.902481,0.480751,-0.044593,-0.132558,0.500681,0.482815,-36.096001,-21.541000,-15.008000,NaN,-1.157693,true,Self-supervised model,0.203111,13.454000,101.602710,7.551859,0.000000,0.000000,0.708440,3.799785,false,false
2026-04-17T14:47:47.772688,0.614917,-0.668397,0.946107,35.792,NE,1,0.908228,1,0.908228,1.459360,1.987481,2.045083,-0.055067,7.510611,3.612850,-0.358000,-0.573611,-1.930070,2.045083,0.478918,-0.070250,-0.142942,0.504708,0.484043,-36.096001,-21.541000,-15.008000,NaN,-1.156477,true,Self-supervised model,0.204520,13.463000,101.594258,7.546183,0.000000,0.000000,0.713595,4.052011,false,false
2026-04-17T14:47:47.780628,0.614917,-0.668397,0.946299,35.781,NE,1,0.908228,1,0.908228,1.574059,1.992944,2.176226,-0.148441,7.589619,3.445256,-0.445639,-0.515978,-2.066672,2.176226,0.466701,-0.120951,-0.157603,0.507226,0.482119,-36.096001,-21.541000,-15.008000,NaN,-1.154925,true,Self-supervised model,0.205594,13.471000,101.605287,7.542520,0.000000,0.000000,0.723297,4.290450,false,false
2026-04-17T14:47:47.789991,0.614917,-0.668397,0.946801,35.752,NE,1,0.908228,1,0.908228,1.688837,2.002780,2.291421,-0.260968,7.728483,3.294421,-0.554242,-0.397546,-2.187552,2.291421,0.436769,-0.180816,-0.164323,0.500463,0.472717,-36.096001,-21.541000,-15.008000,NaN,-1.153186,true,Self-supervised model,0.206554,13.480000,101.634036,7.539617,0.000000,0.000000,0.737026,4.578601,false,false
2026-04-17T14:47:47.796650,0.614917,-0.668397,0.947587,35.707,NE,1,0.908228,1,0.908228,1.807046,2.016950,2.427643,-0.387861,7.855376,3.141193,-0.678835,-0.289582,-2.312742,2.427643,0.392786,-0.226020,-0.174097,0.485465,0.453174,-36.096001,-21.541000,-15.008000,NaN,-1.151266,true,Self-supervised model,0.207596,13.487000,101.679036,7.539040,0.000000,0.000000,0.744362,5.000659,false,false
2026-04-17T14:47:47.804495,0.614917,-0.668397,0.948636,35.647,NE,1,0.908228,1,0.908228,1.918297,2.035004,2.502370,-0.445322,7.991845,3.043030,-0.734969,-0.169802,-2.385968,2.502370,0.344528,-0.247400,-0.182649,0.461808,0.424154,-36.096001,-21.541000,-15.008000,NaN,-1.149163,true,Self-supervised model,0.208516,13.495000,101.739136,7.539025,0.000000,0.000000,0.766592,5.418632,false,false
2026-04-17T14:47:47.812419,0.614917,-0.668397,0.949928,35.573,NE,1,0.908228,1,0.908228,2.012929,2.056121,2.509746,-0.505177,8.085219,3.028665,-0.793807,-0.090493,-2.379182,2.509746,0.270002,-0.260229,-0.187536,0.419273,0.374994,-36.096001,-21.541000,-15.008000,NaN,-1.146896,true,Self-supervised model,0.209056,13.503000,101.813186,7.540042,0.000000,0.000000,0.802045,5.985947,false,false
2026-04-17T14:47:47.821933,0.614917,-0.668397,0.951446,35.486,NE,1,0.908228,1,0.908228,2.086253,2.079326,2.471203,-0.557849,8.207323,3.069367,-0.845359,0.020708,-2.322021,2.471203,0.215025,-0.256563,-0.190590,0.385208,0.334754,-36.096001,-21.541000,-15.008000,NaN,-1.144475,true,Self-supervised model,0.209310,13.512000,101.900180,7.541458,0.000000,0.000000,0.844226,6.415250,false,false
2026-04-17T14:47:47.828685,0.614917,-0.668397,0.953170,35.387,NE,1,0.908228,1,0.908228,2.138063,2.103676,2.410067,-0.624887,8.303091,3.150769,-0.909936,0.108774,-2.229037,2.410067,0.123395,-0.203418,-0.196088,0.308311,0.237918,-36.096001,-21.541000,-15.008000,NaN,-1.141928,true,Self-supervised model,0.209486,13.519000,101.998954,7.544859,0.000000,0.000000,0.887139,7.817001,false,false
2026-04-17T14:47:47.841605,0.614917,-0.668397,0.955087,35.278,NE,1,0.908228,1,0.908228,2.163165,2.128055,2.294950,-0.651223,8.374918,3.282450,-0.931072,0.175741,-2.090219,2.294950,0.067195,-0.142332,-0.201586,0.255754,0.157396,-36.096001,-21.541000,-15.008000,NaN,-1.139238,true,Self-supervised model,0.209982,13.532000,102.108803,7.545729,0.000000,0.000000,0.942576,8.973264,false,false
2026-04-17T14:47:47.844760,0.614917,-0.668397,0.957182,35.158,NE,1,0.908228,1,0.908228,2.158110,2.151258,2.131572,-0.665588,8.487445,3.476381,-0.936573,0.286019,-1.893310,2.131572,0.017104,-0.066584,-0.203418,0.214721,0.068746,-37.624001,-23.774002,-14.699000,NaN,-1.136433,true,Self-supervised model,0.206977,13.535000,102.228822,7.552924,0.000000,0.000000,1.012450,9.927185,false,false
2026-04-17T14:47:47.853800,0.614917,-0.668397,0.959445,35.028,NE,1,0.908228,1,0.908228,2.120835,2.172041,1.925143,-0.658405,8.564059,3.715801,-0.917455,0.361881,-1.653328,1.925143,-0.015272,-0.014661,-0.204640,0.205732,0.021170,-37.624001,-23.774002,-14.699000,NaN,-1.133497,true,Self-supervised model,0.206635,13.544000,102.358478,7.557478,0.000000,0.000000,1.101651,9.357532,false,false
2026-04-17T14:47:47.860488,0.614917,-0.668397,0.961858,34.890,NE,1,0.908228,1,0.908228,2.050843,2.189193,1.683383,-0.648829,8.674192,4.017470,-0.890934,0.469666,-1.348863,1.683383,-0.058643,0.050091,-0.200364,0.214695,0.077124,-37.624001,-23.774002,-14.699000,NaN,-1.130485,true,Self-supervised model,0.202298,13.551000,102.496724,7.563776,0.000000,0.000000,1.218286,7.840828,false,false
2026-04-17T14:47:47.868682,0.614917,-0.668397,0.964459,34.741,NE,1,0.908228,1,0.908228,1.966079,2.202268,1.521068,-0.677559,8.825027,4.297592,-0.897974,0.615624,-1.062212,1.521068,-0.077580,0.079412,-0.196699,0.225866,0.111018,-37.624001,-23.774002,-14.699000,NaN,-1.127129,true,Self-supervised model,0.199906,13.559000,102.645774,7.570306,0.000000,0.000000,1.292565,6.734389,false,false
2026-04-17T14:47:47.876397,0.614917,-0.668397,0.967302,34.578,NE,1,0.908228,1,0.908228,1.878328,2.211311,1.417636,-0.744597,8.985439,4.613626,-0.938327,0.767830,-0.734622,1.417636,-0.080634,0.107512,-0.190590,0.233207,0.134390,-37.624001,-23.774002,-14.699000,NaN,-1.123321,true,Self-supervised model,0.197847,13.566000,102.808656,7.578406,0.000000,0.000000,1.324972,6.078884,false,false
2026-04-17T14:47:47.887528,0.614917,-0.668397,0.970448,34.397,NE,1,0.908228,1,0.908228,1.783338,2.216192,1.284642,-0.756568,9.011775,4.891354,-0.918783,0.782587,-0.440112,1.284642,-0.059865,0.138666,-0.184481,0.238423,0.151037,-37.624001,-23.774002,-14.699000,NaN,-1.118960,true,Self-supervised model,0.196109,13.578000,102.988926,7.584985,0.000000,0.000000,1.388199,5.388078,false,false
2026-04-17T14:47:47.892684,0.614917,-0.668397,0.973942,34.197,NE,1,0.908228,1,0.908228,1.678896,2.216700,1.130575,-0.713472,8.985439,5.159505,-0.839959,0.741663,-0.150348,1.130575,-0.024435,0.158825,-0.169821,0.233798,0.160694,-37.624001,-23.774002,-14.699000,NaN,-1.114079,true,Self-supervised model,0.191830,13.583000,103.189079,7.596928,0.000000,0.000000,1.484993,4.835694,false,false
2026-04-17T14:47:47.900548,0.614917,-0.668397,0.977803,33.976,NE,1,0.908228,1,0.908228,1.577657,2.213138,1.046150,-0.684742,8.956709,5.394136,-0.773253,0.696017,0.109864,1.046150,0.015882,0.150884,-0.150884,0.213972,0.151717,-37.624001,-23.774002,-14.699000,NaN,-1.108746,true,Self-supervised model,0.191283,13.591000,103.410315,7.608735,0.000000,0.000000,1.508060,4.889190,false,false
2026-04-17T14:47:47.908412,0.614917,-0.668397,0.982012,33.735,NE,1,0.908228,1,0.908228,1.508626,2.206958,1.146215,-0.720655,9.045294,5.621585,-0.770102,0.766120,0.365804,1.146215,0.065363,0.128893,-0.125838,0.191627,0.144518,-37.624001,-23.774002,-14.699000,NaN,-1.103149,true,Self-supervised model,0.193853,13.598000,103.651443,7.622551,0.000000,0.000000,1.316181,5.981497,false,false
2026-04-17T14:47:47.916395,0.614917,-0.668397,0.986543,33.475,NE,1,0.908228,1,0.908228,1.463839,2.199233,1.228708,-0.749385,9.076419,5.793968,-0.762743,0.779765,0.565608,1.228708,0.121562,0.111177,-0.095906,0.190619,0.164736,-37.624001,-23.774002,-14.699000,NaN,-1.097327,true,Self-supervised model,0.195374,13.606000,103.911057,7.637150,0.000000,0.000000,1.191365,6.445871,false,false
2026-04-17T14:47:47.925045,0.614917,-0.668397,0.991258,33.205,NE,1,0.908228,1,0.908228,1.439678,2.190851,1.312835,-0.749385,9.133880,5.918467,-0.733239,0.822140,0.714131,1.312835,0.172875,0.100182,-0.069028,0.211393,0.199805,-37.624001,-23.774002,-14.699000,NaN,-1.091876,true,Self-supervised model,0.196692,13.615000,104.181212,7.651944,0.000000,0.000000,1.096618,6.210401,false,false
2026-04-17T14:47:47.932608,0.614917,-0.668397,0.995917,32.938,NE,1,0.908228,1,0.908228,1.427327,2.182310,1.362482,-0.735020,9.193734,5.968745,-0.695394,0.867913,0.787091,1.362482,0.231518,0.097738,-0.036652,0.253962,0.251303,-37.624001,-23.774002,-14.699000,NaN,-1.087442,true,Self-supervised model,0.196454,13.623000,104.448140,7.667044,0.000000,0.000000,1.047593,5.364906,false,false
2026-04-17T14:47:47.940673,0.614917,-0.668397,1.000328,32.685,NE,1,0.908228,1,0.908228,1.416863,2.173692,1.361927,-0.653617,9.258378,5.968745,-0.596167,0.918723,0.809554,1.361927,0.276722,0.092852,-0.003665,0.291907,0.291884,-37.624001,-23.774002,-14.699000,NaN,-1.084020,true,Self-supervised model,0.196366,13.631000,104.700903,7.681087,0.000000,0.000000,1.040337,4.665614,false,false
2026-04-17T14:47:47.948927,0.614917,-0.668397,1.004341,32.456,NE,1,0.908228,1,0.908228,1.402565,2.164847,1.327503,-0.543484,9.294291,5.944803,-0.473333,0.940899,0.808041,1.327503,0.301767,0.081245,0.022602,0.313329,0.312513,-37.624001,-23.774002,-14.699000,NaN,-1.081602,true,Self-supervised model,0.195794,13.639000,104.930819,7.693439,0.000000,0.000000,1.056544,4.236768,false,false
2026-04-17T14:47:47.958705,0.614917,-0.668397,1.007856,32.254,NE,1,0.908228,1,0.908228,1.396273,2.156104,1.363239,-0.476446,9.378088,5.937620,-0.398298,1.011284,0.822851,1.363239,0.307876,0.067195,0.040317,0.317692,0.315124,-37.624001,-23.774002,-14.699000,NaN,-1.080078,true,Self-supervised model,0.196707,13.649000,105.132217,7.702558,0.000000,0.000000,1.024232,4.291067,false,false
2026-04-17T14:47:47.964389,0.614917,-0.668397,1.010819,32.084,NE,1,0.908228,1,0.908228,1.399377,2.147835,1.415670,-0.476446,9.414001,5.975927,-0.394586,1.034221,0.882503,1.415670,0.310930,0.046426,0.063530,0.320732,0.314377,-37.624001,-23.774002,-14.699000,NaN,-1.079322,true,Self-supervised model,0.196564,13.654000,105.302000,7.712172,0.000000,0.000000,0.988491,4.413870,false,false
2026-04-17T14:47:47.972591,0.614917,-0.668397,1.013208,31.947,NE,1,0.908228,1,0.908228,1.427761,2.141032,1.576778,-0.555455,9.555259,6.026206,-0.473939,1.162830,0.953643,1.576778,0.315206,0.040928,0.088575,0.329963,0.317853,-37.624001,-23.774002,-14.699000,NaN,-1.079232,true,Self-supervised model,0.199642,13.663000,105.438851,7.717108,0.000000,0.000000,0.905493,4.778644,false,false
2026-04-17T14:47:47.980387,0.614917,-0.668397,1.015005,31.845,NE,1,0.908228,1,0.908228,1.466131,2.136036,1.667576,-0.694318,9.648633,5.975927,-0.616361,1.243288,0.924740,1.667576,0.325591,0.069639,0.117897,0.353212,0.332955,-37.624001,-23.774002,-14.699000,NaN,-1.079801,true,Self-supervised model,0.200532,13.670000,105.541816,7.720689,0.000000,0.000000,0.879199,4.721174,false,false
2026-04-17T14:47:47.989312,0.614917,-0.668397,1.016189,31.777,NE,1,0.908228,1,0.908228,1.505278,2.132806,1.710799,-0.792481,9.718064,5.877765,-0.719707,1.299108,0.849220,1.710799,0.350026,0.130725,0.153938,0.404109,0.373640,-37.624001,-23.774002,-14.699000,NaN,-1.081067,true,Self-supervised model,0.200851,13.679000,105.609684,7.720571,0.000000,0.000000,0.879868,4.233509,false,false
2026-04-17T14:47:48.002605,0.614917,-0.668397,1.016743,31.745,NE,1,0.908228,1,0.908228,1.542451,2.131191,1.737606,-0.888249,9.823410,5.647922,-0.820419,1.389814,0.643897,1.737606,0.377515,0.241903,0.204640,0.492861,0.448368,-37.624001,-23.774002,-14.699000,NaN,-1.083034,true,Self-supervised model,0.200675,13.693000,105.641433,7.714995,0.000000,0.000000,0.887687,3.525551,false,false
2026-04-17T14:47:48.004578,0.614917,-0.668397,1.016657,31.750,NE,1,0.908228,1,0.908228,1.582214,2.131232,1.790972,-0.928950,9.979033,5.324705,-0.864222,1.529769,0.347141,1.790972,0.400117,0.387289,0.254120,0.612097,0.556854,-39.414001,-27.145000,-14.114000,NaN,-1.085685,true,Self-supervised model,0.199936,13.695000,105.636459,7.713506,0.000000,0.000000,0.883439,2.925961,false,false
2026-04-17T14:47:48.012755,0.614917,-0.668397,1.015878,31.795,NE,1,0.908228,1,0.908228,1.635412,2.133399,1.914704,-0.957681,10.158598,4.934450,-0.893517,1.693359,-0.015906,1.914704,0.394008,0.546114,0.292604,0.734234,0.673411,-39.414001,-27.145000,-14.114000,NaN,-1.089233,true,Self-supervised model,0.200001,13.703000,105.591820,7.705745,0.000000,0.000000,0.854133,2.607757,false,false
2026-04-17T14:47:48.021968,0.614917,-0.668397,1.014421,31.878,NE,1,0.908228,1,0.908228,1.707453,2.138362,2.085664,-1.012747,10.311827,4.604050,-0.945836,1.831155,-0.319784,2.085664,0.374460,0.643852,0.317039,0.809494,0.744826,-39.414001,-27.145000,-14.114000,NaN,-1.093400,true,Self-supervised model,0.200558,13.712000,105.508359,7.694600,0.000000,0.000000,0.818661,2.576505,false,false
2026-04-17T14:47:48.028840,0.614917,-0.668397,1.012302,31.999,NE,1,0.908228,1,0.908228,1.789774,2.146418,2.221959,-1.072602,10.400413,4.350265,-1.001126,1.905961,-0.549692,2.221959,0.306654,0.734260,0.357967,0.872534,0.795723,-39.414001,-27.145000,-14.114000,NaN,-1.098168,true,Self-supervised model,0.200343,13.719000,105.386951,7.681825,0.000000,0.000000,0.805494,2.546559,false,false
2026-04-17T14:47:48.036795,0.614917,-0.668397,1.009548,32.157,NE,1,0.908228,1,0.908228,1.865881,2.157197,2.265442,-1.046266,10.419566,4.156334,-0.971230,1.914159,-0.724526,2.265442,0.205862,0.694554,0.383013,0.819440,0.724420,-39.414001,-27.145000,-14.114000,NaN,-1.103463,true,Self-supervised model,0.200921,13.727000,105.229154,7.665852,0.000000,0.000000,0.823627,2.764621,false,false
2026-04-17T14:47:48.044815,0.614917,-0.668397,1.006177,32.350,NE,1,0.908228,1,0.908228,1.926436,2.169966,2.244349,-0.931344,10.438720,4.101267,-0.857173,1.926740,-0.768135,2.244349,0.059254,0.527788,0.384845,0.655878,0.531103,-39.414001,-27.145000,-14.114000,NaN,-1.109298,true,Self-supervised model,0.202017,13.735000,105.036048,7.647328,0.000000,0.000000,0.858349,3.421898,false,false
2026-04-17T14:47:48.055754,0.614917,-0.668397,1.002250,32.575,NE,1,0.908228,1,0.908228,1.968688,2.183915,2.190515,-0.835576,10.450690,4.199430,-0.769744,1.938425,-0.669595,2.190515,-0.070250,0.339641,0.369573,0.506829,0.346830,-39.414001,-27.145000,-14.114000,NaN,-1.115451,true,Self-supervised model,0.203145,13.746000,104.811049,7.624840,0.000000,0.000000,0.898733,4.322000,false,false
2026-04-17T14:47:48.060628,0.614917,-0.668397,0.997894,32.825,NE,1,0.908228,1,0.908228,1.988315,2.198091,2.091353,-0.814029,10.395624,4.417302,-0.765428,1.890172,-0.463817,2.091353,-0.304822,-0.045815,0.320704,0.444822,0.308246,-39.414001,-27.145000,-14.114000,NaN,-1.121525,true,Self-supervised model,0.199901,13.751000,104.561455,7.603916,0.000000,0.000000,0.950731,4.701551,false,false
2026-04-17T14:47:48.068822,0.614917,-0.668397,0.993281,33.089,NE,1,0.908228,1,0.908228,1.973126,2.211092,1.893384,-0.754174,10.235212,4.836287,-0.732640,1.744467,-0.070561,1.893384,-0.505186,-0.373850,0.275500,0.686204,0.628471,-39.414001,-27.145000,-14.114000,NaN,-1.127164,true,Self-supervised model,0.197709,13.759000,104.297155,7.580286,0.000000,0.000000,1.042116,2.759214,false,false
2026-04-17T14:47:48.076629,0.614917,-0.668397,0.988614,33.357,NE,1,0.908228,1,0.908228,1.914695,2.221236,1.607931,-0.574608,9.923966,5.291186,-0.589562,1.455319,0.346271,1.607931,-0.664621,-0.606589,0.262061,0.937202,0.899818,-39.414001,-27.145000,-14.114000,NaN,-1.132048,true,Self-supervised model,0.192199,13.767000,104.029749,7.556457,0.000000,0.000000,1.190782,1.715671,false,false
2026-04-17T14:47:48.087606,0.614917,-0.668397,0.984019,33.620,NE,1,0.908228,1,0.908228,1.821158,2.227233,1.330093,-0.344765,9.550470,5.604826,-0.402733,1.109751,0.612704,1.330093,-0.753197,-0.673784,0.255342,1.042348,1.010589,-39.414001,-27.145000,-14.114000,NaN,-1.136355,true,Self-supervised model,0.188529,13.778000,103.766475,7.531316,0.000000,0.000000,1.369197,1.276054,false,false
2026-04-17T14:47:48.093244,0.614917,-0.668397,0.979539,33.877,NE,1,0.908228,1,0.908228,1.701273,2.228195,1.071872,0.009577,9.064447,5.887342,-0.091512,0.654875,0.843608,1.071872,-0.789238,-0.580322,0.242514,1.009199,0.979628,-39.414001,-27.145000,-14.114000,NaN,-1.140376,true,Self-supervised model,0.182760,13.783000,103.509779,7.509960,0.000000,0.000000,1.587197,1.062102,false,false
2026-04-17T14:47:48.100687,0.614917,-0.668397,0.975206,34.125,NE,1,0.908228,1,0.908228,1.589788,2.224659,1.004494,0.328006,8.626308,6.050148,0.190629,0.248685,0.954371,1.004494,-0.755640,-0.346971,0.219301,0.859927,0.831494,-39.414001,-27.145000,-14.114000,NaN,-1.144118,true,Self-supervised model,0.183910,13.791000,103.261538,7.487603,0.000000,0.000000,1.582676,1.168115,false,false
2026-04-17T14:47:48.108550,0.614917,-0.668397,0.971073,34.362,NE,1,0.908228,1,0.908228,1.499117,2.217637,1.023092,0.438139,8.324639,6.129156,0.276609,-0.022763,0.984726,1.023092,-0.683558,-0.072082,0.193644,0.714105,0.687348,-39.414001,-27.145000,-14.114000,NaN,-1.147454,true,Self-supervised model,0.185857,13.799000,103.024724,7.466101,0.000000,0.000000,1.465281,1.432691,false,false
2026-04-17T14:47:48.116898,0.614917,-0.668397,0.967191,34.584,NE,1,0.908228,1,0.908228,1.413758,2.207482,0.965625,0.421380,8.159439,6.105214,0.250922,-0.161493,0.918363,0.965625,-0.561996,0.277944,0.166155,0.648614,0.626971,-39.414001,-27.145000,-14.114000,NaN,-1.150333,true,Self-supervised model,0.186024,13.807000,102.802275,7.445663,0.000000,0.000000,1.464086,1.488752,false,false
2026-04-17T14:47:48.125084,0.614917,-0.668397,0.963595,34.790,NE,1,0.908228,1,0.908228,1.330895,2.194418,0.895866,0.282516,8.121132,6.090849,0.118841,-0.178532,0.869816,0.895866,-0.419664,0.585820,0.136223,0.733389,0.720627,-39.414001,-27.145000,-14.114000,NaN,-1.152784,true,Self-supervised model,0.184674,13.815000,102.596230,7.426437,0.000000,0.000000,1.485596,1.221543,false,false
2026-04-17T14:47:48.132475,0.614917,-0.668397,0.960308,34.978,NE,1,0.908228,1,0.908228,1.246561,2.178504,0.803809,0.038307,8.195353,6.038177,-0.105136,-0.088779,0.791943,0.803809,-0.277944,0.769690,0.090408,0.823316,0.818337,-39.414001,-27.145000,-14.114000,NaN,-1.154835,true,Self-supervised model,0.182540,13.823000,102.407893,7.408514,0.000000,0.000000,1.550818,0.976307,false,false
2026-04-17T14:47:48.140561,0.614917,-0.668397,0.957360,35.147,NE,1,0.908228,1,0.908228,1.175234,2.160373,0.800763,-0.225055,8.267179,5.987898,-0.339828,-0.006853,0.725046,0.800763,-0.178984,0.786184,0.041539,0.807369,0.806300,-39.414001,-27.145000,-14.114000,NaN,-1.156426,true,Self-supervised model,0.183627,13.831000,102.238992,7.392017,0.000000,0.000000,1.467642,0.991818,false,false
2026-04-17T14:47:48.148494,0.614917,-0.668397,0.954818,35.293,NE,1,0.908228,1,0.908228,1.127922,2.141075,0.879535,-0.567426,8.327033,5.861006,-0.651539,0.059192,0.587856,0.879535,-0.107512,0.649350,-0.014050,0.658340,0.658190,-39.414001,-27.145000,-14.114000,NaN,-1.157344,true,Self-supervised model,0.186949,13.839000,102.093354,7.377220,0.000000,0.000000,1.282407,1.335989,false,false
2026-04-17T14:47:48.161446,0.614917,-0.668397,0.952754,35.411,NE,1,0.908228,1,0.908228,1.109099,2.121796,1.010281,-0.909797,8.324639,5.564125,-0.967521,0.060778,0.284387,1.010281,-0.084299,0.397062,-0.056810,0.409869,0.405912,-39.414001,-27.145000,-14.114000,NaN,-1.157497,true,Self-supervised model,0.192383,13.852000,101.975092,7.361759,0.000000,0.000000,1.097813,2.464889,false,false
2026-04-17T14:47:48.164318,0.614917,-0.668397,0.951227,35.499,NE,1,0.908228,1,0.908228,1.107015,2.103205,1.096070,-1.053449,8.257602,5.216966,-1.093887,-0.002318,-0.069098,1.096070,-0.108734,0.117897,-0.093462,0.185629,0.160383,-39.352001,-27.500002,-14.322001,NaN,-1.156876,true,Self-supervised model,0.194375,13.854000,101.887598,7.354381,0.000000,0.000000,1.009986,5.904635,false,false
2026-04-17T14:47:48.172889,0.614917,-0.668397,0.950281,35.553,NE,1,0.908228,1,0.908228,1.127775,2.086188,1.236768,-1.134852,8.116343,4.900931,-1.164318,-0.138265,-0.393498,1.236768,-0.165544,-0.069028,-0.124617,0.218401,0.179359,-39.352001,-27.500002,-14.322001,NaN,-1.155497,true,Self-supervised model,0.198741,13.863000,101.833404,7.345697,0.000000,0.000000,0.911873,5.662825,false,false
2026-04-17T14:47:48.180613,0.614917,-0.668397,0.949908,35.574,NE,1,0.908228,1,0.908228,1.171508,2.071601,1.401106,-1.142034,7.905654,4.606444,-1.164423,-0.340748,-0.700791,1.401106,-0.262672,-0.191201,-0.156992,0.360834,0.324891,-39.352001,-27.500002,-14.322001,NaN,-1.153575,true,Self-supervised model,0.199411,13.871000,101.812069,7.339923,0.000000,0.000000,0.836131,3.882970,false,false
2026-04-17T14:47:48.189581,0.614917,-0.668397,0.950127,35.562,NE,1,0.908228,1,0.908228,1.228397,2.059872,1.527062,-1.134852,7.625533,4.527435,-1.150366,-0.608572,-0.798885,1.527062,-0.376293,-0.211359,-0.185703,0.469846,0.431589,-39.352001,-27.500002,-14.322001,NaN,-1.150991,true,Self-supervised model,0.199912,13.880000,101.824609,7.336067,0.000000,0.000000,0.804418,3.250136,false,false
2026-04-17T14:47:48.196696,0.614917,-0.668397,0.950945,35.515,NE,1,0.908228,1,0.908228,1.287970,2.050996,1.600729,-1.082179,7.302315,4.616021,-1.087654,-0.914659,-0.736708,1.600729,-0.495412,-0.167377,-0.205862,0.561985,0.522922,-39.352001,-27.500002,-14.322001,NaN,-1.147778,true,Self-supervised model,0.199545,13.887000,101.871465,7.335743,0.000000,0.000000,0.804615,2.848349,false,false
2026-04-17T14:47:48.204990,0.614917,-0.668397,0.952352,35.434,NE,1,0.908228,1,0.908228,1.344582,2.044740,1.641796,-1.051055,7.072472,4.797980,-1.043748,-1.122276,-0.588710,1.641796,-0.590096,-0.100793,-0.218690,0.637336,0.598642,-39.352001,-27.500002,-14.322001,NaN,-1.144013,true,Self-supervised model,0.199151,13.895000,101.952092,7.337322,0.000000,0.000000,0.818970,2.576028,false,false
2026-04-17T14:47:48.212536,0.614917,-0.668397,0.954253,35.325,NE,1,0.908228,1,0.908228,1.405219,2.041159,1.723563,-1.048660,6.837840,5.039794,-1.025306,-1.330207,-0.387254,1.723563,-0.676839,0.000000,-0.220522,0.711857,0.676839,-39.352001,-27.500002,-14.322001,NaN,-1.140137,true,Self-supervised model,0.198992,13.903000,102.061005,7.340934,0.000000,0.000000,0.815299,2.421220,false,false
2026-04-17T14:47:48.221378,0.614917,-0.668397,0.956544,35.194,NE,1,0.908228,1,0.908228,1.472186,2.040400,1.823766,-1.063026,6.636727,5.291186,-1.019901,-1.501050,-0.181028,1.823766,-0.723875,0.122784,-0.214414,0.764882,0.734215,-39.352001,-27.500002,-14.322001,NaN,-1.136288,true,Self-supervised model,0.199363,13.911000,102.192243,7.346146,0.000000,0.000000,0.807223,2.384375,false,false
2026-04-17T14:47:48.228712,0.614917,-0.668397,0.959106,35.047,NE,1,0.908228,1,0.908228,1.550980,2.042823,1.964645,-1.096544,6.433220,5.571307,-1.029822,-1.672312,0.051679,1.964645,-0.731817,0.238237,-0.193644,0.793606,0.769618,-39.352001,-27.500002,-14.322001,NaN,-1.132640,true,Self-supervised model,0.199880,13.919000,102.339035,7.352470,0.000000,0.000000,0.789445,2.475592,false,false
2026-04-17T14:47:48.236735,0.614917,-0.668397,0.961818,34.892,NE,1,0.908228,1,0.908228,1.635579,2.048533,2.079722,-1.154005,6.303933,5.829881,-1.061045,-1.769201,0.263352,2.079722,-0.704328,0.315206,-0.163101,0.788692,0.771643,-39.352001,-27.500002,-14.322001,NaN,-1.129325,true,Self-supervised model,0.200840,13.927000,102.494461,7.359407,0.000000,0.000000,0.786441,2.636927,false,false
2026-04-17T14:47:48.244807,0.614917,-0.668397,0.964551,34.735,NE,1,0.908228,1,0.908228,1.716632,2.057257,2.142164,-1.213860,6.251261,6.040571,-1.093991,-1.790883,0.429871,2.142164,-0.636522,0.386678,-0.110567,0.752931,0.744768,-39.352001,-27.500002,-14.322001,NaN,-1.126512,true,Self-supervised model,0.201527,13.935000,102.651030,7.366418,0.000000,0.000000,0.801354,2.845102,false,false
2026-04-17T14:47:48.253476,0.614917,-0.668397,0.967170,34.585,NE,1,0.908228,1,0.908228,1.791790,2.068639,2.186371,-1.264138,6.220136,6.205771,-1.118634,-1.794308,0.556178,2.186371,-0.535118,0.427606,-0.045815,0.686511,0.684980,-39.352001,-27.500002,-14.322001,NaN,-1.124351,true,Self-supervised model,0.202431,13.944000,102.801059,7.372422,0.000000,0.000000,0.819527,3.184759,false,false
2026-04-17T14:47:48.260693,0.614917,-0.668397,0.969524,34.450,NE,1,0.908228,1,0.908228,1.849499,2.081873,2.152472,-1.280898,6.270414,6.339846,-1.112604,-1.720996,0.658347,2.152472,-0.405004,0.444710,0.029932,0.602238,0.601494,-39.352001,-27.500002,-14.322001,NaN,-1.123050,true,Self-supervised model,0.202783,13.951000,102.935979,7.378394,0.000000,0.000000,0.859244,3.574121,false,false
2026-04-17T14:47:48.269392,0.614917,-0.668397,0.971479,34.338,NE,1,0.908228,1,0.908228,1.881151,2.095844,2.047319,-1.237802,6.347029,6.366182,-1.050968,-1.627603,0.661733,2.047319,-0.272446,0.441045,0.089186,0.526024,0.518408,-39.352001,-27.500002,-14.322001,NaN,-1.122697,true,Self-supervised model,0.202845,13.959000,103.047961,7.382188,0.000000,0.000000,0.918836,3.892062,false,false
2026-04-17T14:47:48.276447,0.614917,-0.668397,0.972915,34.256,NE,1,0.908228,1,0.908228,1.881498,2.109270,1.883323,-1.154005,6.459556,6.330269,-0.952690,-1.504875,0.612079,1.883323,-0.114232,0.417832,0.142942,0.456141,0.433165,-39.352001,-27.500002,-14.322001,NaN,-1.123336,true,Self-supervised model,0.201985,13.967000,103.130226,7.383850,0.000000,0.000000,0.999031,4.128816,false,false
2026-04-17T14:47:48.286219,0.614917,-0.668397,0.973785,34.206,NE,1,0.908228,1,0.908228,1.844862,2.120694,1.652523,-1.051055,6.617573,6.193800,-0.839267,-1.343333,0.471081,1.652523,0.029932,0.379347,0.174097,0.418461,0.380526,-39.352001,-27.500002,-14.322001,NaN,-1.124730,true,Self-supervised model,0.200139,13.976000,103.180070,7.382661,0.000000,0.000000,1.116392,3.949044,false,false
2026-04-17T14:47:48.292775,0.614917,-0.668397,0.974100,34.188,NE,1,0.908228,1,0.908228,1.790728,2.129495,1.506527,-0.984017,6.694188,5.987898,-0.765495,-1.269343,0.269087,1.506527,0.119730,0.339641,0.188147,0.406313,0.360127,-39.352001,-27.500002,-14.322001,NaN,-1.126634,true,Self-supervised model,0.198599,13.983000,103.198129,7.380257,0.000000,0.000000,1.188647,3.707797,false,false
2026-04-17T14:47:48.300740,0.614917,-0.668397,0.973913,34.199,NE,1,0.908228,1,0.908228,1.715579,2.134939,1.321044,-0.919373,6.849811,5.741296,-0.697542,-1.121377,0.033288,1.321044,0.234572,0.276111,0.201586,0.414606,0.362300,-39.352001,-27.500002,-14.322001,NaN,-1.128830,true,Self-supervised model,0.196062,13.991000,103.187412,7.375271,0.000000,0.000000,1.298654,3.186264,false,false
2026-04-17T14:47:48.308435,0.614917,-0.668397,0.973289,34.235,NE,1,0.908228,1,0.908228,1.637655,2.137047,1.228554,-0.893037,6.969521,5.511452,-0.670967,-1.013218,-0.180379,1.228554,0.285885,0.232740,0.200975,0.419868,0.368643,-39.352001,-27.500002,-14.322001,NaN,-1.131198,true,Self-supervised model,0.194547,13.999000,103.151700,7.368505,0.000000,0.000000,1.332994,2.926052,false,false
2026-04-17T14:47:48.321884,0.614917,-0.668397,0.972308,34.291,NE,1,0.908228,1,0.908228,1.568089,2.136289,1.202870,-0.912191,7.094019,5.281609,-0.692260,-0.902983,-0.390250,1.202870,0.346971,0.176540,0.192423,0.434260,0.389301,-39.352001,-27.500002,-14.322001,NaN,-1.133612,true,Self-supervised model,0.194408,14.012000,103.095468,7.357655,0.000000,0.000000,1.303623,2.769929,false,false
2026-04-17T14:47:48.325403,0.614917,-0.668397,0.971047,34.363,NE,1,0.908228,1,0.908228,1.511365,2.133292,1.213560,-0.940921,7.206547,5.104438,-0.724837,-0.806563,-0.544789,1.213560,0.368963,0.152105,0.188147,0.441213,0.399086,-41.221001,-26.291000,-15.760001,NaN,-1.135988,true,Self-supervised model,0.193536,14.015000,103.023248,7.350927,0.000000,0.000000,1.245398,2.750510,false,false
2026-04-17T14:47:48.332655,0.614917,-0.668397,0.969580,34.447,NE,1,0.908228,1,0.908228,1.472377,2.128855,1.267689,-0.976834,7.311892,4.910508,-0.761214,-0.716291,-0.717297,1.267689,0.374460,0.141721,0.186314,0.441609,0.400382,-41.221001,-26.291000,-15.760001,NaN,-1.138283,true,Self-supervised model,0.195523,14.023000,102.939176,7.340738,0.000000,0.000000,1.161466,2.870615,false,false
2026-04-17T14:47:48.340552,0.614917,-0.668397,0.968067,34.534,NE,1,0.908228,1,0.908228,1.455759,2.123932,1.368515,-1.027112,7.390901,4.718972,-0.812773,-0.652895,-0.886544,1.368515,0.367130,0.155771,0.188757,0.441224,0.398809,-41.221001,-26.291000,-15.760001,NaN,-1.139981,true,Self-supervised model,0.197181,14.031000,102.852465,7.330373,0.000000,0.000000,1.063751,3.101635,false,false
2026-04-17T14:47:48.348514,0.614917,-0.668397,0.966496,34.624,NE,1,0.908228,1,0.908228,1.456581,2.119238,1.460896,-1.027112,7.441179,4.539406,-0.814138,-0.618285,-1.043610,1.460896,0.351858,0.197920,0.194255,0.448009,0.403704,-41.221001,-26.291000,-15.760001,NaN,-1.141783,true,Self-supervised model,0.198411,14.039000,102.762443,7.319784,0.000000,0.000000,0.997046,3.260866,false,false
2026-04-17T14:47:48.356946,0.614917,-0.668397,0.964839,34.719,NE,1,0.908228,1,0.908228,1.464455,2.115046,1.505793,-1.024718,7.503428,4.429273,-0.812592,-0.571285,-1.131698,1.505793,0.334143,0.229074,0.200975,0.452236,0.405126,-41.221001,-26.291000,-15.760001,NaN,-1.143780,true,Self-supervised model,0.199047,14.047000,102.667543,7.308859,0.000000,0.000000,0.972547,3.329660,false,false
2026-04-17T14:47:48.364343,0.614917,-0.668397,0.963065,34.820,NE,1,0.908228,1,0.908228,1.473614,2.111389,1.521701,-1.043872,7.603985,4.362236,-0.832249,-0.484964,-1.178027,1.521701,0.309098,0.260839,0.213803,0.457483,0.404449,-41.221001,-26.291000,-15.760001,NaN,-1.146027,true,Self-supervised model,0.199049,14.054000,102.565878,7.297985,0.000000,0.000000,0.968399,3.326250,false,false
2026-04-17T14:47:48.372453,0.614917,-0.668397,0.961145,34.930,NE,1,0.908228,1,0.908228,1.478285,2.108065,1.502807,-1.118092,7.678205,4.400543,-0.907138,-0.423758,-1.120696,1.502807,0.266337,0.260229,0.235794,0.440742,0.372363,-41.221001,-26.291000,-15.760001,NaN,-1.148531,true,Self-supervised model,0.199089,14.063000,102.455854,7.285491,0.000000,0.000000,0.983682,3.409723,false,false
2026-04-17T14:47:48.380352,0.614917,-0.668397,0.959063,35.050,NE,1,0.908228,1,0.908228,1.464561,2.104325,1.392508,-1.154005,7.826645,4.522647,-0.945051,-0.286883,-0.981659,1.392508,0.239459,0.226631,0.253509,0.415896,0.329700,-41.221001,-26.291000,-15.760001,NaN,-1.151257,true,Self-supervised model,0.197753,14.070000,102.336590,7.273390,0.000000,0.000000,1.051743,3.348216,false,false
2026-04-17T14:47:48.389642,0.614917,-0.668397,0.956823,35.178,NE,1,0.908228,1,0.908228,1.437721,2.099661,1.296815,-1.192312,7.984663,4.661511,-0.988427,-0.139089,-0.827886,1.296815,0.199142,0.115454,0.293826,0.373257,0.230189,-41.221001,-26.291000,-15.760001,NaN,-1.154130,true,Self-supervised model,0.197216,14.080000,102.208258,7.259109,0.000000,0.000000,1.108656,3.474320,false,false
2026-04-17T14:47:48.396790,0.614917,-0.668397,0.954430,35.315,NE,1,0.908228,1,0.908228,1.398538,2.093616,1.192822,-1.213860,8.147469,4.855441,-1.018718,0.014324,-0.620349,1.192822,0.176540,-0.004887,0.334143,0.377944,0.176608,-41.221001,-26.291000,-15.760001,NaN,-1.157138,true,Self-supervised model,0.195509,14.087000,102.071119,7.245767,0.000000,0.000000,1.172461,3.156078,false,false
2026-04-17T14:47:48.405172,0.614917,-0.668397,0.951905,35.460,NE,1,0.908228,1,0.908228,1.341995,2.085551,1.045149,-1.127669,8.307879,5.073313,-0.954838,0.166524,-0.391012,1.045149,0.164323,-0.128282,0.372017,0.426444,0.208466,-41.221001,-26.291000,-15.760001,NaN,-1.160190,true,Self-supervised model,0.192917,14.095000,101.926444,7.231390,0.000000,0.000000,1.284023,2.450846,false,false
2026-04-17T14:47:48.412723,0.614917,-0.668397,0.948979,35.628,NE,1,0.908228,1,0.908228,1.266256,2.074779,0.868624,-0.940921,8.446744,5.279215,-0.797333,0.297427,-0.174078,0.868624,0.160047,-0.239459,0.403782,0.495979,0.288020,-41.221001,-26.291000,-15.760001,NaN,-1.164719,true,Self-supervised model,0.188710,14.103000,101.758804,7.215401,0.000000,0.000000,1.457773,1.751330,false,false
2026-04-17T14:47:48.421151,0.614917,-0.668397,0.945645,35.819,NE,1,0.908228,1,0.908228,1.187020,2.061269,0.771029,-0.746991,8.590396,5.434838,-0.637731,0.433275,-0.007572,0.771029,0.163101,-0.320704,0.420886,0.553713,0.359796,-41.221001,-26.291000,-15.760001,NaN,-1.169685,true,Self-supervised model,0.186472,14.111000,101.567781,7.197773,0.000000,0.000000,1.539526,1.392470,false,false
2026-04-17T14:47:48.429165,0.614917,-0.668397,0.941937,36.031,NE,1,0.908228,1,0.908228,1.110385,2.045233,0.708053,-0.445322,8.726865,5.645528,-0.373692,0.562009,0.214102,0.708053,0.156992,-0.386067,0.422719,0.593621,0.416766,-41.221001,-26.291000,-15.760001,NaN,-1.174887,true,Self-supervised model,0.184971,14.119000,101.355351,7.178649,0.000000,0.000000,1.568223,1.192771,false,false
2026-04-17T14:47:48.437012,0.614917,-0.668397,0.937915,36.261,NE,1,0.908228,1,0.908228,1.059829,2.027817,0.794409,-0.153229,8.868123,5.784391,-0.120631,0.695878,0.363714,0.794409,0.150884,-0.419664,0.400117,0.599147,0.445964,-41.221001,-26.291000,-15.760001,NaN,-1.180167,true,Self-supervised model,0.187296,14.127000,101.124906,7.158272,0.000000,0.000000,1.334109,1.325900,false,false
2026-04-17T14:47:48.444802,0.614917,-0.668397,0.933668,36.505,NE,1,0.908228,1,0.908228,1.034756,2.010095,0.903121,0.131681,8.937555,5.877765,0.148732,0.756620,0.470140,0.903121,0.137445,-0.430049,0.359189,0.576931,0.451479,-41.221001,-26.291000,-15.760001,NaN,-1.185316,true,Self-supervised model,0.189954,14.135000,100.881548,7.137004,0.000000,0.000000,1.145755,1.565387,false,false
2026-04-17T14:47:48.454690,0.614917,-0.668397,0.930017,36.714,NE,1,0.908228,1,0.908228,1.029537,1.992872,1.002142,0.308852,8.963891,5.951985,0.306923,0.775782,0.555202,1.002142,0.117286,-0.425162,0.307265,0.537523,0.441043,-41.221001,-26.291000,-15.760001,NaN,-1.186581,true,Self-supervised model,0.192905,14.145000,100.672359,7.117169,0.000000,0.000000,1.027337,1.864371,false,false
2026-04-17T14:47:48.460777,0.614917,-0.668397,0.926783,36.899,NE,1,0.908228,1,0.908228,1.051441,1.977215,1.166438,0.464475,9.045294,6.052542,0.440651,0.851933,0.663787,1.166438,0.081856,-0.414777,0.238237,0.485281,0.422777,-41.221001,-26.291000,-15.760001,NaN,-1.188147,true,Self-supervised model,0.195225,14.151000,100.487064,7.101057,0.000000,0.000000,0.901412,2.403633,false,false
2026-04-17T14:47:48.470318,0.614917,-0.668397,0.923834,37.068,NE,1,0.908228,1,0.908228,1.084545,1.963508,1.258337,0.555455,9.100361,6.095637,0.509718,0.903932,0.711694,1.258337,0.033598,-0.386067,0.158214,0.418579,0.387526,-41.221001,-26.291000,-15.760001,NaN,-1.189956,true,Self-supervised model,0.197676,14.160000,100.318103,7.084612,0.000000,0.000000,0.861887,3.006215,false,false
2026-04-17T14:47:48.482028,0.614917,-0.668397,0.921154,37.222,NE,1,0.908228,1,0.908228,1.127595,1.952072,1.353611,0.584185,9.191340,6.141128,0.518225,0.994247,0.758405,1.353611,-0.014661,-0.331089,0.083078,0.341668,0.331413,-41.221001,-26.291000,-15.760001,NaN,-1.191561,true,Self-supervised model,0.199773,14.172000,100.164546,7.067778,0.000000,0.000000,0.833028,3.961778,false,false
2026-04-17T14:47:48.485650,0.614917,-0.668397,0.918760,37.359,NE,1,0.908228,1,0.908228,1.167037,1.942670,1.374107,0.560243,9.203311,6.186617,0.479569,1.008222,0.801045,1.374107,-0.074526,-0.240070,-0.002443,0.251383,0.251372,-42.896004,-25.436001,-15.374001,NaN,-1.192809,true,Self-supervised model,0.198863,14.176000,100.027391,7.056108,0.000000,0.000000,0.849306,5.466178,false,false
2026-04-17T14:47:48.492790,0.614917,-0.668397,0.916742,37.475,NE,1,0.908228,1,0.908228,1.206129,1.935209,1.411360,0.414197,9.272743,6.236896,0.327725,1.081715,0.845238,1.411360,-0.122784,-0.105680,-0.083078,0.182060,0.162000,-42.896004,-25.436001,-15.374001,NaN,-1.193325,true,Self-supervised model,0.202612,14.183000,99.911762,7.044473,0.000000,0.000000,0.854586,7.752153,false,false
2026-04-17T14:47:48.500532,0.614917,-0.668397,0.915236,37.561,NE,1,0.908228,1,0.908228,1.238845,1.929354,1.410603,0.201113,9.267955,6.296751,0.119465,1.082675,0.896294,1.410603,-0.149051,0.050702,-0.147219,0.215546,0.157439,-42.896004,-25.436001,-15.374001,NaN,-1.192782,true,Self-supervised model,0.202343,14.191000,99.825474,7.034421,0.000000,0.000000,0.878238,6.544315,false,false
2026-04-17T14:47:48.508449,0.614917,-0.668397,0.914349,37.612,NE,1,0.908228,1,0.908228,1.275351,1.925194,1.467009,-0.045490,9.294291,6.356606,-0.112386,1.115512,0.946107,1.467009,-0.156992,0.173486,-0.178984,0.294583,0.233974,-42.896004,-25.436001,-15.374001,NaN,-1.191190,true,Self-supervised model,0.202286,14.199000,99.774691,7.026882,0.000000,0.000000,0.869354,4.979957,false,false
2026-04-17T14:47:48.516528,0.614917,-0.668397,0.914114,37.625,NE,1,0.908228,1,0.908228,1.329968,1.923385,1.616704,-0.359130,9.349358,6.452374,-0.404450,1.177150,1.031732,1.616704,-0.147219,0.265726,-0.186925,0.356686,0.303782,-42.896004,-25.436001,-15.374001,NaN,-1.188823,true,Self-supervised model,0.203669,14.207000,99.761190,7.021974,0.000000,0.000000,0.822641,4.532574,false,false
2026-04-17T14:47:48.524895,0.614917,-0.668397,0.914471,37.605,NE,1,0.908228,1,0.908228,1.414599,1.925034,1.858912,-0.689530,9.459491,6.560112,-0.710931,1.293286,1.130284,1.858912,-0.124617,0.281609,-0.157603,0.345936,0.307949,-42.896004,-25.436001,-15.374001,NaN,-1.186095,true,Self-supervised model,0.206139,14.215000,99.781653,7.019462,0.000000,0.000000,0.760982,5.373575,false,false
2026-04-17T14:47:48.532384,0.614917,-0.668397,0.915282,37.558,NE,1,0.908228,1,0.908228,1.531665,1.931299,2.146263,-0.869095,9.698911,6.655881,-0.870132,1.537642,1.218595,2.146263,-0.102625,0.246179,-0.111177,0.288957,0.266713,-42.896004,-25.436001,-15.374001,NaN,-1.183468,true,Self-supervised model,0.209260,14.222000,99.828123,7.019275,0.000000,0.000000,0.713643,7.427612,false,false
2026-04-17T14:47:48.540454,0.614917,-0.668397,0.916321,37.499,NE,1,0.908228,1,0.908228,1.658307,1.942379,2.323176,-0.909797,9.888053,6.706159,-0.898080,1.730472,1.263354,2.323176,-0.066584,0.144164,-0.025045,0.160761,0.158798,-42.896004,-25.436001,-15.374001,NaN,-1.181517,true,Self-supervised model,0.214304,14.231000,99.887655,7.019019,0.000000,0.000000,0.713810,14.451124,false,false
2026-04-17T14:47:48.548825,0.614917,-0.668397,0.917339,37.440,NE,1,0.908228,1,0.908228,1.771431,1.957541,2.365336,-0.735020,10.036493,6.687006,-0.718579,1.881065,1.240988,2.365336,-0.028711,0.056810,0.037263,0.073758,0.063653,-42.896004,-25.436001,-15.374001,NaN,-1.180581,true,Self-supervised model,0.223276,14.239000,99.946002,7.019173,0.000000,0.000000,0.748913,32.068862,false,false
2026-04-17T14:47:48.557323,0.614917,-0.668397,0.918153,37.394,NE,1,0.908228,1,0.908228,1.860164,1.975646,2.326009,-0.438139,10.151415,6.562507,-0.423542,1.996647,1.115495,2.326009,0.003054,-0.003054,0.065973,0.066115,0.004319,-42.896004,-25.436001,-15.374001,NaN,-1.180588,true,Self-supervised model,0.224855,14.247000,99.992608,7.018503,0.000000,0.000000,0.799724,35.181414,false,false
2026-04-17T14:47:48.564596,0.614917,-0.668397,0.918658,37.365,NE,1,0.908228,1,0.908228,1.913310,1.995153,2.192329,-0.119710,10.165780,6.313510,-0.110017,2.010474,0.867292,2.192329,0.022602,-0.012217,0.062919,0.067963,0.025693,-42.896004,-25.436001,-15.374001,NaN,-1.181314,true,Self-supervised model,0.222531,14.255000,100.021573,7.016596,0.000000,0.000000,0.872730,32.257823,false,false
2026-04-17T14:47:48.572736,0.614917,-0.668397,0.918867,37.353,NE,1,0.908228,1,0.908228,1.937578,2.014850,2.064986,0.189142,10.117896,6.059724,0.195121,1.961606,0.614976,2.064986,0.020769,0.014661,0.037263,0.045109,0.025423,-42.896004,-25.436001,-15.374001,NaN,-1.182294,true,Self-supervised model,0.225897,14.263000,100.033515,7.013498,0.000000,0.000000,0.938301,0.000000,false,false
2026-04-17T14:47:48.580437,0.614917,-0.668397,0.918875,37.352,NE,1,0.908228,1,0.908228,1.936798,2.033728,1.932701,0.490811,9.995792,5.770026,0.496809,1.839109,0.325866,1.932701,-0.003054,0.039095,0.001833,0.039257,0.039215,-42.896004,-25.436001,-15.374001,NaN,-1.183085,true,Self-supervised model,0.223456,14.271000,100.033997,7.009600,0.000000,0.000000,1.002120,0.000000,false,false
2026-04-17T14:47:48.588993,0.614917,-0.668397,0.918828,37.355,NE,1,0.908228,1,0.908228,1.922192,2.051266,1.845511,0.689530,9.856929,5.585672,0.699697,1.702081,0.138770,1.845511,-0.099571,0.023213,-0.078191,0.128713,0.102241,-42.896004,-25.436001,-15.374001,NaN,-1.183352,true,Self-supervised model,0.211142,14.279000,100.031320,7.005485,0.000000,0.000000,1.041550,14.338195,false,false
2026-04-17T14:47:48.596816,0.614917,-0.668397,0.918898,37.351,NE,1,0.908228,1,0.908228,1.892896,2.066931,1.739090,0.859518,9.643845,5.604826,0.876130,1.494849,0.149187,1.739090,-0.215025,-0.061087,-0.141721,0.264673,0.223533,-42.896004,-25.436001,-15.374001,NaN,-1.182816,true,Self-supervised model,0.205939,14.287000,100.035326,7.001843,0.000000,0.000000,1.088440,6.570707,false,false
2026-04-17T14:47:48.604807,0.614917,-0.668397,0.919237,37.332,NE,1,0.908228,1,0.908228,1.855012,2.080455,1.656122,0.912191,9.471462,5.772420,0.934770,1.333785,0.299935,1.656122,-0.335976,-0.168599,-0.186314,0.419545,0.375906,-42.896004,-25.436001,-15.374001,NaN,-1.181401,true,Self-supervised model,0.202798,14.295000,100.054742,6.999282,0.000000,0.000000,1.120094,3.947421,false,false
2026-04-17T14:47:48.612356,0.614917,-0.668397,0.919959,37.290,NE,1,0.908228,1,0.908228,1.810198,2.091644,1.574928,0.921768,9.205706,6.133945,0.947764,1.085030,0.636279,1.574928,-0.462425,-0.295659,-0.223577,0.592653,0.548863,-42.896004,-25.436001,-15.374001,NaN,-1.179147,true,Self-supervised model,0.199930,14.302000,100.096113,6.998749,0.000000,0.000000,1.149385,2.657420,false,false
2026-04-17T14:47:48.622571,0.614917,-0.668397,0.921106,37.225,NE,1,0.908228,1,0.908228,1.787516,2.101479,1.668434,0.928950,8.949526,6.600814,0.955619,0.850904,1.070713,1.668434,-0.554666,-0.373239,-0.249844,0.713711,0.668551,-42.896004,-25.436001,-15.374001,NaN,-1.176301,true,Self-supervised model,0.199928,14.313000,100.161815,6.997961,0.000000,0.000000,1.071373,2.337690,false,false
2026-04-17T14:47:48.628771,0.614917,-0.668397,0.922682,37.134,NE,1,0.908228,1,0.908228,1.790737,2.111050,1.807649,0.878672,8.643068,7.024588,0.905099,0.570026,1.457210,1.807649,-0.598648,-0.372017,-0.262061,0.751965,0.704823,-42.896004,-25.436001,-15.374001,NaN,-1.173006,true,Self-supervised model,0.200356,14.319000,100.252132,7.001336,0.000000,0.000000,0.990644,2.403899,false,false
2026-04-17T14:47:48.641400,0.614917,-0.668397,0.924661,37.021,NE,1,0.908228,1,0.908228,1.819697,2.121395,1.971736,0.859518,8.336611,7.343017,0.887030,0.290483,1.736819,1.971736,-0.599870,-0.317039,-0.258396,0.726034,0.678496,-42.896004,-25.436001,-15.374001,NaN,-1.169419,true,Self-supervised model,0.202330,14.331000,100.365493,7.003384,0.000000,0.000000,0.922891,2.715761,false,false
2026-04-17T14:47:48.644384,0.614917,-0.668397,0.926971,36.888,NE,1,0.908228,1,0.908228,1.872894,2.133455,2.152180,0.802058,8.010999,7.627927,0.833501,-0.008841,1.984207,2.152180,-0.554055,-0.210749,-0.236405,0.638184,0.592783,-44.653004,-26.058001,-14.694000,NaN,-1.165782,true,Self-supervised model,0.200474,14.334000,100.497864,7.011153,0.000000,0.000000,0.870231,3.372350,false,false
2026-04-17T14:47:48.653528,0.614917,-0.668397,0.929511,36.743,NE,1,0.908228,1,0.908228,1.941648,2.147783,2.302603,0.713472,7.738060,7.838616,0.751709,-0.257871,2.161115,2.302603,-0.466090,-0.068417,-0.187536,0.507041,0.471085,-44.653004,-26.058001,-14.694000,NaN,-1.162324,true,Self-supervised model,0.206274,14.344000,100.643377,7.016409,0.000000,0.000000,0.843240,4.541256,false,false
2026-04-17T14:47:48.660529,0.614917,-0.668397,0.932145,36.592,NE,1,0.908228,1,0.908228,2.008255,2.164202,2.357942,0.639252,7.577648,7.924808,0.687366,-0.398770,2.220000,2.357942,-0.357356,0.061087,-0.132558,0.386014,0.362540,-44.653004,-26.058001,-14.694000,NaN,-1.159313,true,Self-supervised model,0.207624,14.351000,100.794297,7.023503,0.000000,0.000000,0.851698,6.108442,false,false
2026-04-17T14:47:48.668825,0.614917,-0.668397,0.934708,36.445,NE,1,0.908228,1,0.908228,2.059528,2.182015,2.328715,0.610521,7.448361,7.893683,0.670806,-0.514354,2.169878,2.328715,-0.203418,0.194866,-0.061697,0.288372,0.281694,-44.653004,-26.058001,-14.694000,NaN,-1.157036,true,Self-supervised model,0.208961,14.359000,100.941124,7.029816,0.000000,0.000000,0.884406,8.075392,false,false
2026-04-17T14:47:48.676361,0.614917,-0.668397,0.937037,36.312,NE,1,0.908228,1,0.908228,2.088642,2.200280,2.241489,0.667982,7.335834,7.754819,0.741353,-0.620492,2.022290,2.241489,-0.037263,0.294437,0.001222,0.296788,0.296786,-44.653004,-26.058001,-14.694000,NaN,-1.155638,true,Self-supervised model,0.207896,14.366000,101.074602,7.035682,0.000000,0.000000,0.931810,7.552488,false,false
2026-04-17T14:47:48.686207,0.614917,-0.668397,0.938991,36.200,NE,1,0.908228,1,0.908228,2.090985,2.217908,2.103287,0.778116,7.256825,7.515399,0.865177,-0.700552,1.784521,2.103287,0.127060,0.345139,0.025656,0.368678,0.367784,-44.653004,-26.058001,-14.694000,NaN,-1.155189,true,Self-supervised model,0.205991,14.376000,101.186535,7.038574,0.000000,0.000000,0.994151,5.704947,false,false
2026-04-17T14:47:48.692974,0.614917,-0.668397,0.940518,36.112,NE,1,0.908228,1,0.908228,2.065518,2.233813,1.931815,0.864307,7.247249,7.230489,0.965715,-0.718227,1.511110,1.931815,0.234572,0.350637,0.021380,0.422407,0.421865,-44.653004,-26.058001,-14.694000,NaN,-1.155366,true,Self-supervised model,0.203494,14.383000,101.274047,7.041232,0.000000,0.000000,1.069211,4.573354,false,false
2026-04-17T14:47:48.700288,0.614917,-0.668397,0.941680,36.046,NE,1,0.908228,1,0.908228,2.003200,2.246588,1.676031,0.888249,7.201759,6.794744,1.003806,-0.777108,1.094330,1.676031,0.359800,0.301767,-0.003665,0.469609,0.469595,-44.653004,-26.058001,-14.694000,NaN,-1.155665,true,Self-supervised model,0.200501,14.390000,101.340637,7.042435,0.000000,0.000000,1.195204,3.568992,false,false
2026-04-17T14:47:48.708686,0.614917,-0.668397,0.942584,35.994,NE,1,0.908228,1,0.908228,1.905276,2.254936,1.391172,0.826000,7.199365,6.303933,0.953483,-0.795870,0.626754,1.391172,0.407447,0.207083,-0.034819,0.458377,0.457052,-44.653004,-26.058001,-14.694000,NaN,-1.155793,true,Self-supervised model,0.197014,14.399000,101.392439,7.041631,0.000000,0.000000,1.369547,3.034998,false,false
2026-04-17T14:47:48.716868,0.614917,-0.668397,0.943337,35.951,NE,1,0.908228,1,0.908228,1.788951,2.258296,1.178246,0.675165,7.170634,5.805939,0.810669,-0.841312,0.152556,1.178246,0.406225,0.085521,-0.068417,0.420730,0.415130,-44.653004,-26.058001,-14.694000,NaN,-1.155646,true,Self-supervised model,0.194115,14.407000,101.435561,7.040714,0.000000,0.000000,1.518317,2.800480,false,false
2026-04-17T14:47:48.725554,0.614917,-0.668397,0.944021,35.912,NE,1,0.908228,1,0.908228,1.688540,2.257506,1.161383,0.543484,7.120356,5.384560,0.682420,-0.906580,-0.247437,1.161383,0.363465,-0.012217,-0.091630,0.375036,0.363670,-44.653004,-26.058001,-14.694000,NaN,-1.155236,true,Self-supervised model,0.194604,14.416000,101.474758,7.039037,0.000000,0.000000,1.453905,3.096724,false,false
2026-04-17T14:47:48.732781,0.614917,-0.668397,0.944701,35.873,NE,1,0.908228,1,0.908228,1.619942,2.254003,1.259801,0.323217,7.062895,4.965574,0.461403,-0.975583,-0.649956,1.259801,0.272446,-0.108734,-0.109956,0.313273,0.293343,-44.653004,-26.058001,-14.694000,NaN,-1.154576,true,Self-supervised model,0.197174,14.423000,101.513683,7.038320,0.000000,0.000000,1.285871,4.021412,false,false
2026-04-17T14:47:48.740583,0.614917,-0.668397,0.945402,35.832,NE,1,0.908228,1,0.908228,1.585593,2.249267,1.405263,0.105345,6.971915,4.730943,0.239016,-1.073383,-0.874919,1.405263,0.153938,-0.180816,-0.103236,0.258938,0.237469,-44.653004,-26.058001,-14.694000,NaN,-1.153784,true,Self-supervised model,0.200232,14.431000,101.553896,7.037204,0.000000,0.000000,1.128325,5.427017,false,false
2026-04-17T14:47:48.748589,0.614917,-0.668397,0.946126,35.791,NE,1,0.908228,1,0.908228,1.577128,2.244382,1.532689,-0.088585,6.871359,4.620809,0.038580,-1.176291,-0.981827,1.532689,0.029322,-0.221133,-0.073304,0.234804,0.223069,-44.653004,-26.058001,-14.694000,NaN,-1.152975,true,Self-supervised model,0.202445,14.439000,101.595343,7.036176,0.000000,0.000000,1.028995,6.527513,false,false
2026-04-17T14:47:48.757012,0.614917,-0.668397,0.946864,35.749,NE,1,0.908228,1,0.908228,1.572313,2.239499,1.547029,-0.191536,6.818686,4.666299,-0.073279,-1.226934,-0.939448,1.547029,-0.068417,-0.236405,-0.032987,0.248307,0.246106,-44.653004,-26.058001,-14.694000,NaN,-1.152177,true,Self-supervised model,0.202435,14.447000,101.637641,7.035207,0.000000,0.000000,1.016343,6.230315,false,false
2026-04-17T14:47:48.764697,0.614917,-0.668397,0.947545,35.710,NE,1,0.908228,1,0.908228,1.564776,2.234510,1.525209,-0.225055,6.749255,4.809951,-0.115684,-1.292117,-0.802069,1.525209,-0.133169,-0.236405,0.013439,0.271665,0.271332,-44.653004,-26.058001,-14.694000,NaN,-1.151727,true,Self-supervised model,0.201862,14.455000,101.676637,7.034012,0.000000,0.000000,1.025942,5.614306,false,false
2026-04-17T14:47:48.772511,0.614917,-0.668397,0.948067,35.680,NE,1,0.908228,1,0.908228,1.549508,2.229110,1.469353,-0.184354,6.703765,5.003881,-0.092674,-1.327658,-0.622683,1.469353,-0.197309,-0.210749,0.101404,0.305988,0.288697,-44.653004,-26.058001,-14.694000,NaN,-1.151839,true,Self-supervised model,0.200936,14.463000,101.706552,7.032189,0.000000,0.000000,1.054552,4.801995,false,false
2026-04-17T14:47:48.780691,0.614917,-0.668397,0.948278,35.668,NE,1,0.908228,1,0.908228,1.530531,2.223167,1.430900,-0.009577,6.655881,5.219360,0.064935,-1.366010,-0.421041,1.430900,-0.205251,-0.168599,0.156382,0.308235,0.265619,-44.653004,-26.058001,-14.694000,NaN,-1.152872,true,Self-supervised model,0.200770,14.471000,101.718644,7.029137,0.000000,0.000000,1.069628,4.642242,false,false
2026-04-17T14:47:48.789075,0.614917,-0.668397,0.948084,35.679,NE,1,0.908228,1,0.908228,1.494123,2.216005,1.302984,0.179565,6.754043,5.406107,0.234250,-1.257214,-0.249612,1.302984,-0.177151,-0.133169,0.190590,0.292303,0.221622,-44.653004,-26.058001,-14.694000,NaN,-1.154683,true,Self-supervised model,0.199349,14.479000,101.707565,7.024488,0.000000,0.000000,1.146694,4.457652,false,false
2026-04-17T14:47:48.803019,0.614917,-0.668397,0.947396,35.718,NE,1,0.908228,1,0.908228,1.450381,2.207380,1.220736,0.390255,6.871359,5.497087,0.425494,-1.131351,-0.170875,1.220736,-0.110567,-0.068417,0.207083,0.244519,0.130022,-44.653004,-26.058001,-14.694000,NaN,-1.157350,true,Self-supervised model,0.198851,14.493000,101.668137,7.014982,0.000000,0.000000,1.188120,4.992407,false,false
2026-04-17T14:47:48.804446,0.614917,-0.668397,0.946239,35.784,NE,1,0.908228,1,0.908228,1.409896,2.197481,1.197349,0.555455,6.969521,5.463568,0.575064,-1.028894,-0.210528,1.197349,-0.011606,0.023213,0.189979,0.191744,0.025953,-47.821003,-25.408001,-15.222001,NaN,-1.160384,true,Self-supervised model,0.195469,14.495000,101.601826,7.009440,0.000000,0.000000,1.177515,6.244531,false,false
2026-04-17T14:47:48.812679,0.614917,-0.668397,0.944707,35.872,NE,1,0.908228,1,0.908228,1.379797,2.186773,1.221775,0.646434,7.022193,5.341464,0.655138,-0.976080,-0.332860,1.221775,0.098960,0.111788,0.154549,0.214884,0.149298,-47.821003,-25.408001,-15.222001,NaN,-1.163414,true,Self-supervised model,0.199019,14.503000,101.514057,6.999521,0.000000,0.000000,1.129338,5.685742,false,false
2026-04-17T14:47:48.822629,0.614917,-0.668397,0.942932,35.974,NE,1,0.908228,1,0.908228,1.360961,2.175741,1.262071,0.670376,7.067683,5.157111,0.675900,-0.936490,-0.508891,1.262071,0.191201,0.171042,0.116064,0.281574,0.256541,-47.821003,-25.408001,-15.222001,NaN,-1.166162,true,Self-supervised model,0.198760,14.513000,101.412360,6.987691,0.000000,0.000000,1.078355,4.482195,false,false
2026-04-17T14:47:48.828887,0.614917,-0.668397,0.941114,36.078,NE,1,0.908228,1,0.908228,1.349013,2.164672,1.286288,0.622492,7.192182,4.888960,0.630080,-0.822234,-0.762541,1.286288,0.284052,0.217468,0.070250,0.364572,0.357740,-47.821003,-25.408001,-15.222001,NaN,-1.168151,true,Self-supervised model,0.197890,14.519000,101.308209,6.977630,0.000000,0.000000,1.048764,3.528211,false,false
2026-04-17T14:47:48.837003,0.614917,-0.668397,0.939379,36.178,NE,1,0.908228,1,0.908228,1.360666,2.154511,1.421845,0.497994,7.268796,4.544195,0.512141,-0.759669,-1.087317,1.421845,0.354913,0.240070,0.029322,0.429484,0.428482,-47.821003,-25.408001,-15.222001,NaN,-1.169559,true,Self-supervised model,0.199421,14.527000,101.208751,6.966941,0.000000,0.000000,0.956972,3.310591,false,false
2026-04-17T14:47:48.844805,0.614917,-0.668397,0.937834,36.266,NE,1,0.908228,1,0.908228,1.396159,2.146177,1.582494,0.383072,7.319075,4.261679,0.406995,-0.726115,-1.345882,1.582494,0.394619,0.240070,-0.001833,0.461910,0.461907,-47.821003,-25.408001,-15.222001,NaN,-1.170337,true,Self-supervised model,0.200917,14.535000,101.120268,6.957019,0.000000,0.000000,0.882252,3.425977,false,false
2026-04-17T14:47:48.854647,0.614917,-0.668397,0.936555,36.339,NE,1,0.908228,1,0.908228,1.450764,2.140361,1.737443,0.217872,7.393295,3.998317,0.253043,-0.670149,-1.582902,1.737443,0.414777,0.210749,-0.029932,0.466209,0.465248,-47.821003,-25.408001,-15.222001,NaN,-1.170558,true,Self-supervised model,0.202696,14.545000,101.046949,6.947195,0.000000,0.000000,0.834999,3.726744,false,false
2026-04-17T14:47:48.860707,0.614917,-0.668397,0.935582,36.395,NE,1,0.908228,1,0.908228,1.514524,2.137327,1.849263,0.086191,7.431602,3.828329,0.132145,-0.650256,-1.726117,1.849263,0.405004,0.134390,-0.059254,0.430813,0.426719,-47.821003,-25.408001,-15.222001,NaN,-1.170301,true,Self-supervised model,0.203958,14.551000,100.991235,6.940501,0.000000,0.000000,0.818988,4.292498,false,false
2026-04-17T14:47:48.869817,0.614917,-0.668397,0.934937,36.432,NE,1,0.908228,1,0.908228,1.588696,2.137382,1.978095,-0.074220,7.477092,3.651158,-0.019418,-0.622344,-1.877544,1.978095,0.381791,0.053756,-0.075747,0.392927,0.385557,-47.821003,-25.408001,-15.222001,NaN,-1.169636,true,Self-supervised model,0.205851,14.560000,100.954288,6.933674,0.000000,0.000000,0.803144,5.034257,false,false
2026-04-17T14:47:48.876426,0.614917,-0.668397,0.934616,36.450,NE,1,0.908228,1,0.908228,1.668834,2.140640,2.089564,-0.217872,7.513005,3.509900,-0.156632,-0.602877,-1.994563,2.089564,0.357356,-0.003665,-0.078191,0.365829,0.357375,-47.821003,-25.408001,-15.222001,NaN,-1.168664,true,Self-supervised model,0.207231,14.567000,100.935872,6.929077,0.000000,0.000000,0.798652,5.711863,false,false
2026-04-17T14:47:48.886742,0.614917,-0.668397,0.934593,36.452,NE,1,0.908228,1,0.908228,1.753304,2.147147,2.196771,-0.383072,7.548918,3.387795,-0.317581,-0.582045,-2.094318,2.196771,0.323148,-0.044593,-0.075136,0.334751,0.326210,-47.821003,-25.408001,-15.222001,NaN,-1.167494,true,Self-supervised model,0.208809,14.577000,100.934541,6.924233,0.000000,0.000000,0.798128,6.562396,false,false
2026-04-17T14:47:48.893043,0.614917,-0.668397,0.934813,36.439,NE,1,0.908228,1,0.908228,1.832845,2.156575,2.250433,-0.462081,7.623138,3.308787,-0.394399,-0.521184,-2.153431,2.250433,0.278555,-0.062308,-0.057421,0.291157,0.285438,-47.821003,-25.408001,-15.222001,NaN,-1.166297,true,Self-supervised model,0.209835,14.583000,100.947191,6.922251,0.000000,0.000000,0.814441,7.729287,false,false
2026-04-17T14:47:48.900574,0.614917,-0.668397,0.935199,36.417,NE,1,0.908228,1,0.908228,1.899849,2.168306,2.251621,-0.517148,7.783550,3.270479,-0.448980,-0.372103,-2.174800,2.251621,0.221744,-0.064141,-0.032376,0.233094,0.230834,-47.821003,-25.408001,-15.222001,NaN,-1.165252,true,Self-supervised model,0.210935,14.591000,100.969286,6.919970,0.000000,0.000000,0.843769,9.659726,false,false
2026-04-17T14:47:48.908705,0.614917,-0.668397,0.935661,36.391,NE,1,0.908228,1,0.908228,1.948393,2.181509,2.203247,-0.502782,7.872135,3.292027,-0.435594,-0.292448,-2.139867,2.203247,0.172264,-0.054367,-0.012217,0.181052,0.180640,-47.821003,-25.408001,-15.222001,NaN,-1.164487,true,Self-supervised model,0.211946,14.599000,100.995728,6.917989,0.000000,0.000000,0.884328,12.169122,false,false
2026-04-17T14:47:48.917036,0.614917,-0.668397,0.936110,36.365,NE,1,0.908228,1,0.908228,1.968956,2.195007,2.076916,-0.445322,8.027759,3.385401,-0.380035,-0.143269,-2.036818,2.076916,0.109956,-0.037263,0.010385,0.116562,0.116098,-47.821003,-25.408001,-15.222001,NaN,-1.164088,true,Self-supervised model,0.213733,14.607000,101.021454,6.915962,0.000000,0.000000,0.948020,17.818169,false,false
2026-04-17T14:47:48.927180,0.614917,-0.668397,0.936483,36.343,NE,1,0.908228,1,0.908228,1.955562,2.207429,1.885242,-0.308852,8.228871,3.548207,-0.246140,0.054052,-1.868323,1.885242,0.048869,-0.016493,0.028100,0.058735,0.051577,-47.821003,-25.408001,-15.222001,NaN,-1.164018,true,Self-supervised model,0.218671,14.617000,101.042843,6.912694,0.000000,0.000000,1.037300,32.097278,false,false
2026-04-17T14:47:48.932597,0.614917,-0.668397,0.936732,36.329,NE,1,0.908228,1,0.908228,1.917597,2.217836,1.718283,-0.117316,8.391677,3.711013,-0.056827,0.215669,-1.703747,1.718283,-0.009163,0.013439,0.026878,0.031417,0.016266,-47.821003,-25.408001,-15.222001,NaN,-1.164264,true,Self-supervised model,0.218053,14.623000,101.057135,6.910835,0.000000,0.000000,1.115996,0.000000,false,false
2026-04-17T14:47:48.940448,0.614917,-0.668397,0.936847,36.323,NE,1,0.908228,1,0.908228,1.857965,2.225441,1.544895,0.045490,8.499416,3.909731,0.105557,0.324533,-1.506731,1.544895,-0.054367,0.046426,0.013439,0.072744,0.071492,-47.821003,-25.408001,-15.222001,NaN,-1.164686,true,Self-supervised model,0.210166,14.631000,101.063728,6.907507,0.000000,0.000000,1.202648,21.237347,false,false
2026-04-17T14:47:48.949234,0.614917,-0.668397,0.936871,36.321,NE,1,0.908228,1,0.908228,1.781214,2.229672,1.378269,0.179565,8.597578,4.132392,0.242369,0.425540,-1.288332,1.378269,-0.097128,0.089797,-0.018937,0.133626,0.132277,-47.821003,-25.408001,-15.222001,NaN,-1.165031,true,Self-supervised model,0.203222,14.639000,101.065052,6.903822,0.000000,0.000000,1.292355,10.314380,false,false
2026-04-17T14:47:48.961641,0.614917,-0.668397,0.936886,36.320,NE,1,0.908228,1,0.908228,1.691642,2.230151,1.221392,0.265756,8.686164,4.367024,0.335400,0.515285,-1.055362,1.221392,-0.125227,0.143553,-0.059254,0.199501,0.190498,-47.821003,-25.408001,-15.222001,NaN,-1.165047,true,Self-supervised model,0.199071,14.652000,101.065926,6.897756,0.000000,0.000000,1.385011,6.122250,false,false
2026-04-17T14:47:48.965156,0.614917,-0.668397,0.936989,36.314,NE,1,0.908228,1,0.908228,1.588378,2.226480,1.046240,0.234632,8.774749,4.625597,0.315592,0.602688,-0.794850,1.046240,-0.136223,0.177151,-0.084910,0.239058,0.223471,-47.133003,-26.237001,-13.820001,NaN,-1.164591,true,Self-supervised model,0.195319,14.655000,101.071853,6.896749,0.000000,0.000000,1.518178,4.376504,false,false
2026-04-17T14:47:48.972307,0.614917,-0.668397,0.937264,36.299,NE,1,0.908228,1,0.908228,1.483847,2.218775,0.935057,0.169988,8.868123,4.843470,0.264702,0.691932,-0.570521,0.935057,-0.137445,0.214414,-0.122784,0.282737,0.254685,-47.133003,-26.237001,-13.820001,NaN,-1.163633,true,Self-supervised model,0.192888,14.662000,101.087573,6.894528,0.000000,0.000000,1.586905,3.307162,false,false
2026-04-17T14:47:48.980613,0.614917,-0.668397,0.937736,36.272,NE,1,0.908228,1,0.908228,1.384909,2.207420,0.865490,0.047884,8.985439,5.118803,0.157701,0.802153,-0.284173,0.865490,-0.128893,0.227242,-0.141110,0.296925,0.261251,-47.133003,-26.237001,-13.820001,NaN,-1.162368,true,Self-supervised model,0.191603,14.671000,101.114645,6.892144,0.000000,0.000000,1.600145,2.914848,false,false
2026-04-17T14:47:48.990207,0.614917,-0.668397,0.938405,36.233,NE,1,0.908228,1,0.908228,1.300206,2.193131,0.855512,-0.028730,9.042900,5.406107,0.095978,0.849917,0.018170,0.855512,-0.117897,0.213192,-0.142942,0.282459,0.243620,-47.133003,-26.237001,-13.820001,NaN,-1.160914,true,Self-supervised model,0.192011,14.680000,101.152969,6.890529,0.000000,0.000000,1.519798,3.028803,false,false
2026-04-17T14:47:48.996712,0.614917,-0.668397,0.939233,36.186,NE,1,0.908228,1,0.908228,1.239683,2.176993,0.921936,-0.069432,9.066842,5.688623,0.068203,0.862613,0.318141,0.921936,-0.096517,0.181427,-0.138056,0.247569,0.205502,-47.133003,-26.237001,-13.820001,NaN,-1.159447,true,Self-supervised model,0.194134,14.687000,101.200436,6.890477,0.000000,0.000000,1.344651,3.723952,false,false
2026-04-17T14:47:49.004887,0.614917,-0.668397,0.940159,36.133,NE,1,0.908228,1,0.908228,1.208962,2.160272,1.047681,-0.119710,9.085996,5.935226,0.028277,0.870014,0.583018,1.047681,-0.070860,0.153327,-0.127671,0.211732,0.168909,-47.133003,-26.237001,-13.820001,NaN,-1.158132,true,Self-supervised model,0.197476,14.695000,101.253476,6.890335,0.000000,0.000000,1.153942,4.948155,false,false
2026-04-17T14:47:49.012518,0.614917,-0.668397,0.941125,36.078,NE,1,0.908228,1,0.908228,1.217663,2.144568,1.263340,-0.196325,9.133880,6.215348,-0.038343,0.910183,0.875286,1.263340,-0.029322,0.133169,-0.113621,0.177492,0.136358,-47.133003,-26.237001,-13.820001,NaN,-1.157006,true,Self-supervised model,0.201624,14.703000,101.308815,6.890350,0.000000,0.000000,0.963844,7.117738,false,false
2026-04-17T14:47:49.020919,0.614917,-0.668397,0.942135,36.020,NE,1,0.908228,1,0.908228,1.252727,2.130894,1.436812,-0.296881,9.150639,6.426037,-0.128844,0.921269,1.095030,1.436812,0.038485,0.143553,-0.094684,0.176221,0.148622,-47.133003,-26.237001,-13.820001,NaN,-1.155818,true,Self-supervised model,0.204013,14.711000,101.366691,6.890537,0.000000,0.000000,0.871879,8.153487,false,false
2026-04-17T14:47:49.028641,0.614917,-0.668397,0.943181,35.960,NE,1,0.908228,1,0.908228,1.295830,2.119492,1.522121,-0.371101,9.179369,6.500257,-0.192171,0.944550,1.178027,1.522121,0.109956,0.178984,-0.071471,0.221886,0.210060,-47.133003,-26.237001,-13.820001,NaN,-1.154631,true,Self-supervised model,0.203920,14.719000,101.426594,6.890862,0.000000,0.000000,0.851332,6.859915,false,false
2026-04-17T14:47:49.036634,0.614917,-0.668397,0.944239,35.899,NE,1,0.908228,1,0.908228,1.327182,2.109799,1.491784,-0.385466,9.179369,6.454768,-0.194656,0.937396,1.144035,1.491784,0.191812,0.225409,-0.042150,0.298961,0.295975,-47.133003,-26.237001,-13.820001,NaN,-1.153522,true,Self-supervised model,0.202347,14.727000,101.487231,6.891236,0.000000,0.000000,0.889661,4.989895,false,false
2026-04-17T14:47:49.044321,0.614917,-0.668397,0.945257,35.841,NE,1,0.908228,1,0.908228,1.331335,2.100661,1.353133,-0.294487,9.172187,6.282385,-0.091521,0.919947,0.988075,1.353133,0.290772,0.293215,0.006109,0.412990,0.412945,-47.133003,-26.237001,-13.820001,NaN,-1.152667,true,Self-supervised model,0.199457,14.734000,101.545538,6.891919,0.000000,0.000000,0.983890,3.276431,false,false
2026-04-17T14:47:49.054600,0.614917,-0.668397,0.946149,35.790,NE,1,0.908228,1,0.908228,1.321287,2.091486,1.268538,-0.088585,9.210494,6.110003,0.125818,0.945000,0.836860,1.268538,0.342695,0.312763,0.039706,0.465658,0.463962,-47.133003,-26.237001,-13.820001,NaN,-1.152276,true,Self-supervised model,0.198083,14.745000,101.596667,6.890245,0.000000,0.000000,1.041583,2.724184,false,false
2026-04-17T14:47:49.060731,0.614917,-0.668397,0.946837,35.750,NE,1,0.908228,1,0.908228,1.327105,2.082911,1.357649,0.057461,9.366117,6.014235,0.281669,1.085889,0.764669,1.357649,0.354302,0.288328,0.056810,0.460316,0.456797,-47.133003,-26.237001,-13.820001,NaN,-1.152404,true,Self-supervised model,0.199171,14.751000,101.636099,6.890116,0.000000,0.000000,0.977502,2.949387,false,false
2026-04-17T14:47:49.069621,0.614917,-0.668397,0.947292,35.724,NE,1,0.908228,1,0.908228,1.353034,2.075715,1.489162,0.148441,9.548077,5.935226,0.379775,1.253101,0.709304,1.489162,0.337198,0.224188,0.053756,0.408475,0.404923,-47.133003,-26.237001,-13.820001,NaN,-1.152881,true,Self-supervised model,0.201337,14.760000,101.662180,6.887682,0.000000,0.000000,0.908587,3.645662,false,false
2026-04-17T14:47:49.077070,0.614917,-0.668397,0.947526,35.711,NE,1,0.908228,1,0.908228,1.390790,2.070318,1.589011,0.129287,9.708488,5.861006,0.365655,1.399771,0.657186,1.589011,0.306654,0.164934,0.041539,0.350664,0.348195,-47.133003,-26.237001,-13.820001,NaN,-1.153535,true,Self-supervised model,0.203027,14.767000,101.675544,6.885322,0.000000,0.000000,0.875256,4.531430,false,false
2026-04-17T14:47:49.087848,0.614917,-0.668397,0.947606,35.706,NE,1,0.908228,1,0.908228,1.441525,2.067167,1.707884,0.002394,9.897630,5.793968,0.242922,1.576624,0.610011,1.707884,0.273057,0.155771,0.020159,0.315009,0.314364,-47.133003,-26.237001,-13.820001,NaN,-1.154065,true,Self-supervised model,0.204731,14.778000,101.680171,6.880510,0.000000,0.000000,0.844042,5.421693,false,false
2026-04-17T14:47:49.093467,0.614917,-0.668397,0.947606,35.706,NE,1,0.908228,1,0.908228,1.494528,2.066261,1.772794,-0.167594,10.017340,5.710171,0.079066,1.685358,0.544165,1.772794,0.252898,0.212581,0.004276,0.330404,0.330376,-47.133003,-26.237001,-13.820001,NaN,-1.154390,true,Self-supervised model,0.205201,14.784000,101.680144,6.877715,0.000000,0.000000,0.843036,5.365542,false,false
2026-04-17T14:47:49.103035,0.614917,-0.668397,0.947599,35.707,NE,1,0.908228,1,0.908228,1.545377,2.067426,1.812334,-0.399832,10.110714,5.518635,-0.142361,1.768509,0.369682,1.812334,0.237016,0.390954,-0.011606,0.457336,0.457188,-47.133003,-26.237001,-13.820001,NaN,-1.154421,true,Self-supervised model,0.204262,14.793000,101.679772,6.873506,0.000000,0.000000,0.852700,3.962809,false,false
2026-04-17T14:47:49.108800,0.614917,-0.668397,0.947637,35.704,NE,1,0.908228,1,0.908228,1.609920,2.071126,1.948767,-0.701501,10.244789,5.312734,-0.426585,1.892931,0.180359,1.948767,0.226020,0.518014,-0.011606,0.565295,0.565175,-47.133003,-26.237001,-13.820001,NaN,-1.154206,true,Self-supervised model,0.204493,14.799000,101.681929,6.870865,0.000000,0.000000,0.826122,3.447347,false,false
2026-04-17T14:47:49.121818,0.614917,-0.668397,0.947741,35.698,NE,1,0.908228,1,0.908228,1.699785,2.078272,2.171579,-1.017536,10.409989,5.133168,-0.718336,2.049261,0.016616,2.171579,0.197920,0.668287,-0.001833,0.696981,0.696979,-47.133003,-26.237001,-13.820001,NaN,-1.153836,true,Self-supervised model,0.205218,14.812000,101.687903,6.865238,0.000000,0.000000,0.782742,3.115692,false,false
2026-04-17T14:47:49.126679,0.614917,-0.668397,0.947894,35.690,NE,1,0.908228,1,0.908228,1.800545,2.089163,2.329534,-1.221043,10.517728,5.015852,-0.893076,2.149780,-0.087116,2.329534,0.153938,0.734260,0.013439,0.750343,0.750223,-47.269001,-26.546001,-12.116000,NaN,-1.153487,true,Self-supervised model,0.205836,14.817000,101.696677,6.863513,0.000000,0.000000,0.772921,3.104624,false,false
2026-04-17T14:47:49.133541,0.614917,-0.668397,0.948037,35.681,NE,1,0.908228,1,0.908228,1.914079,2.104160,2.510136,-1.398214,10.654198,4.987122,-1.041980,2.281204,-0.105663,2.510136,0.060476,0.685391,0.038485,0.689129,0.688054,-47.269001,-26.546001,-12.116000,NaN,-1.153385,true,Self-supervised model,0.207651,14.824000,101.704870,6.860825,0.000000,0.000000,0.762540,3.642475,false,false
2026-04-17T14:47:49.140949,0.614917,-0.668397,0.948108,35.677,NE,1,0.908228,1,0.908228,2.026792,2.123065,2.618531,-1.450886,10.761936,5.142745,-1.072286,2.388334,0.052573,2.618531,-0.087965,0.466090,0.049480,0.476892,0.474318,-47.269001,-26.546001,-12.116000,NaN,-1.153602,true,Self-supervised model,0.210437,14.831000,101.708936,6.857861,0.000000,0.000000,0.774019,5.490824,false,false
2026-04-17T14:47:49.148492,0.614917,-0.668397,0.948034,35.682,NE,1,0.908228,1,0.908228,2.129268,2.145313,2.667269,-1.443704,10.759542,5.631162,-1.053865,2.391713,0.532354,2.667269,-0.271835,0.090408,0.041539,0.289471,0.286475,-47.269001,-26.546001,-12.116000,NaN,-1.154259,true,Self-supervised model,0.213470,14.839000,101.704655,6.853875,0.000000,0.000000,0.798295,9.214292,false,false
2026-04-17T14:47:49.158431,0.614917,-0.668397,0.947792,35.696,NE,1,0.908228,1,0.908228,2.216980,2.170180,2.677466,-1.350330,10.625467,6.160281,-0.965012,2.271052,1.039181,2.677466,-0.401338,-0.233351,0.022602,0.464797,0.464247,-47.269001,-26.546001,-12.116000,NaN,-1.155171,true,Self-supervised model,0.211172,14.849000,101.690781,6.848325,0.000000,0.000000,0.828014,5.760511,false,false
2026-04-17T14:47:49.165245,0.614917,-0.668397,0.947418,35.717,NE,1,0.908228,1,0.908228,2.297898,2.197288,2.722722,-1.146823,10.393229,6.756437,-0.780756,2.058552,1.601874,2.722722,-0.525344,-0.590096,-0.008552,0.790109,0.790063,-47.269001,-26.546001,-12.116000,NaN,-1.156070,true,Self-supervised model,0.208567,14.855000,101.669385,6.844119,0.000000,0.000000,0.843971,3.446007,false,false
2026-04-17T14:47:49.172513,0.614917,-0.668397,0.946999,35.741,NE,1,0.908228,1,0.908228,2.366586,2.226060,2.727197,-0.964863,9.943120,7.287950,-0.628483,1.633012,2.091861,2.727197,-0.636522,-0.892474,-0.056810,1.097678,1.096207,-47.269001,-26.546001,-12.116000,NaN,-1.156672,true,Self-supervised model,0.206344,14.863000,101.645363,6.838819,0.000000,0.000000,0.867772,2.484514,false,false
2026-04-17T14:47:49.181005,0.614917,-0.668397,0.946649,35.761,NE,1,0.908228,1,0.908228,2.406735,2.255287,2.617514,-0.646434,9.272743,7.639898,-0.343542,0.989710,2.398715,2.617514,-0.647517,-0.904081,-0.092852,1.115913,1.112043,-47.269001,-26.546001,-12.116000,NaN,-1.156742,true,Self-supervised model,0.205362,14.871000,101.625345,6.833794,0.000000,0.000000,0.919473,2.345626,false,false
2026-04-17T14:47:49.189067,0.614917,-0.668397,0.946452,35.772,NE,1,0.908228,1,0.908228,2.428537,2.284217,2.543001,-0.354342,8.683769,7.790732,-0.081072,0.427769,2.505454,2.543001,-0.605978,-0.770301,-0.116675,0.987009,0.980089,-47.269001,-26.546001,-12.116000,NaN,-1.156330,true,Self-supervised model,0.205614,14.879000,101.614053,6.829360,0.000000,0.000000,0.954989,2.576473,false,false
2026-04-17T14:47:49.197189,0.614917,-0.668397,0.946494,35.770,NE,1,0.908228,1,0.908228,2.433895,2.312204,2.462022,-0.248997,8.118738,7.783550,0.004562,-0.112898,2.459428,2.462022,-0.499688,-0.458149,-0.131336,0.690534,0.677929,-47.269001,-26.546001,-12.116000,NaN,-1.155336,true,Self-supervised model,0.207091,14.887000,101.616409,6.825849,0.000000,0.000000,0.988576,3.565388,false,false
2026-04-17T14:47:49.204739,0.614917,-0.668397,0.946809,35.752,NE,1,0.908228,1,0.908228,2.407817,2.338029,2.270907,-0.349553,7.726089,7.570466,-0.101042,-0.485991,2.215992,2.270907,-0.356134,-0.061087,-0.123395,0.381824,0.361335,-47.269001,-26.546001,-12.116000,NaN,-1.153922,true,Self-supervised model,0.208009,14.895000,101.634495,6.823397,0.000000,0.000000,1.060289,5.947523,false,false
2026-04-17T14:47:49.212787,0.614917,-0.668397,0.947383,35.719,NE,1,0.908228,1,0.908228,2.357286,2.360799,2.092002,-0.615310,7.469909,7.302315,-0.355773,-0.729059,1.928308,2.092002,-0.203418,0.311541,-0.097738,0.384694,0.372071,-47.269001,-26.546001,-12.116000,NaN,-1.152316,true,Self-supervised model,0.205952,14.903000,101.667375,6.821940,0.000000,0.000000,1.126809,5.438090,false,false
2026-04-17T14:47:49.221366,0.614917,-0.668397,0.948138,35.676,NE,1,0.908228,1,0.908228,2.286080,2.379810,1.912245,-0.988805,7.287950,6.912060,-0.702511,-0.905387,1.530827,1.912245,-0.000611,0.726930,-0.069028,0.730200,0.726930,-47.269001,-26.546001,-12.116000,NaN,-1.150838,true,Self-supervised model,0.200961,14.911000,101.710615,6.821180,0.000000,0.000000,1.195495,2.618796,false,false
2026-04-17T14:47:49.229461,0.614917,-0.668397,0.948974,35.628,NE,1,0.908228,1,0.908228,2.217707,2.395326,1.858748,-1.261744,7.206547,6.639122,-0.933875,-0.990360,1.265705,1.858748,0.221133,1.065349,-0.062919,1.089875,1.088057,-47.269001,-26.546001,-12.116000,NaN,-1.149674,true,Self-supervised model,0.197898,14.920000,101.758546,6.820278,0.000000,0.000000,1.193119,1.705469,false,false
2026-04-17T14:47:49.236850,0.614917,-0.668397,0.949846,35.578,NE,1,0.908228,1,0.908228,2.157782,2.407825,1.843178,-1.537078,7.218518,6.390124,-1.155697,-0.990796,1.039227,1.843178,0.415999,1.255939,-0.072693,1.325037,1.323041,-47.269001,-26.546001,-12.116000,NaN,-1.148661,true,Self-supervised model,0.196072,14.927000,101.808492,6.820426,0.000000,0.000000,1.170685,1.391040,false,false
2026-04-17T14:47:49.244555,0.614917,-0.668397,0.950792,35.524,NE,1,0.908228,1,0.908228,2.105340,2.417725,1.830022,-1.879448,7.460332,6.145916,-1.438977,-0.768358,0.829428,1.830022,0.537561,1.257161,-0.061087,1.368633,1.367269,-47.269001,-26.546001,-12.116000,NaN,-1.147419,true,Self-supervised model,0.195529,14.935000,101.862688,6.820401,0.000000,0.000000,1.150446,1.337116,false,false
2026-04-17T14:47:49.252871,0.614917,-0.668397,0.951865,35.462,NE,1,0.908228,1,0.908228,2.093204,2.426744,2.029490,-2.389413,7.788338,5.837064,-1.894561,-0.463303,0.561087,2.029490,0.583987,1.028697,-0.022602,1.183119,1.182903,-47.269001,-26.546001,-12.116000,NaN,-1.145838,true,Self-supervised model,0.198491,14.943000,101.924160,6.820863,0.000000,0.000000,1.031394,1.715373,false,false
2026-04-17T14:47:49.260800,0.614917,-0.668397,0.953039,35.395,NE,1,0.908228,1,0.908228,2.118831,2.436428,2.253369,-2.772485,8.159439,5.461174,-2.239151,-0.115123,0.224995,2.253369,0.528398,0.613920,0.037874,0.810886,0.810001,-47.269001,-26.546001,-12.116000,NaN,-1.144260,true,Self-supervised model,0.202625,14.951000,101.991418,6.821712,0.000000,0.000000,0.940295,2.778896,false,false
2026-04-17T14:47:49.270554,0.614917,-0.668397,0.954192,35.329,NE,1,0.908228,1,0.908228,2.158503,2.447311,2.366781,-2.901772,8.408437,4.958392,-2.351251,0.114514,-0.245276,2.366781,0.398284,0.165544,0.101404,0.443078,0.431318,-47.269001,-26.546001,-12.116000,NaN,-1.143186,true,Self-supervised model,0.206691,14.961000,102.057526,6.821571,0.000000,0.000000,0.911999,5.341683,false,false
2026-04-17T14:47:49.280462,0.614917,-0.668397,0.955158,35.274,NE,1,0.908228,1,0.908228,2.178138,2.458544,2.281223,-2.750938,8.425196,4.599261,-2.202385,0.117620,-0.582791,2.281223,0.259007,-0.130114,0.132558,0.318725,0.289852,-47.269001,-26.546001,-12.116000,NaN,-1.142976,true,Self-supervised model,0.207586,14.971000,102.112824,6.820708,0.000000,0.000000,0.954811,7.157332,false,false
2026-04-17T14:47:49.287041,0.614917,-0.668397,0.955810,35.236,NE,1,0.908228,1,0.908228,2.154556,2.468384,2.030748,-2.387019,8.224083,4.343082,-1.851495,-0.090368,-0.829298,2.030748,0.084910,-0.316428,0.135001,0.354347,0.327623,-47.728001,-29.178001,-11.547001,NaN,-1.143574,true,Self-supervised model,0.204678,14.977000,102.150215,6.820472,0.000000,0.000000,1.060967,5.730956,false,false
2026-04-17T14:47:49.293343,0.614917,-0.668397,0.956147,35.217,NE,1,0.908228,1,0.908228,2.086074,2.475092,1.726548,-1.908179,7.838616,4.264073,-1.388073,-0.475873,-0.909818,1.726548,-0.094684,-0.353080,0.109345,0.381559,0.365555,-47.728001,-29.178001,-11.547001,NaN,-1.144499,true,Self-supervised model,0.201200,14.983000,102.169524,6.819030,0.000000,0.000000,1.208234,4.524989,false,false
2026-04-17T14:47:49.302251,0.614917,-0.668397,0.956265,35.210,NE,1,0.908228,1,0.908228,1.994517,2.477869,1.513842,-1.443704,7.424419,4.388572,-0.935377,-0.882290,-0.798968,1.513842,-0.278555,-0.305433,0.070860,0.419408,0.413378,-47.728001,-29.178001,-11.547001,NaN,-1.145258,true,Self-supervised model,0.198431,14.992000,102.176276,6.815387,0.000000,0.000000,1.317520,3.609474,false,false
2026-04-17T14:47:49.308953,0.614917,-0.668397,0.956303,35.208,NE,1,0.908228,1,0.908228,1.905267,2.476965,1.436701,-1.194707,7.194576,4.594473,-0.692150,-1.096907,-0.617929,1.436701,-0.433714,-0.212581,0.031154,0.484014,0.483010,-47.728001,-29.178001,-11.547001,NaN,-1.145537,true,Self-supervised model,0.197238,14.999000,102.178478,6.812353,0.000000,0.000000,1.326140,2.968306,false,false
2026-04-17T14:47:49.316819,0.614917,-0.668397,0.956364,35.204,NE,1,0.908228,1,0.908228,1.817967,2.472605,1.359647,-1.058237,7.062895,4.958392,-0.555825,-1.206857,-0.288434,1.359647,-0.580933,-0.058643,0.003054,0.583893,0.583885,-47.728001,-29.178001,-11.547001,NaN,-1.145389,true,Self-supervised model,0.195917,15.007000,102.181937,6.808952,0.000000,0.000000,1.337088,2.328588,false,false
2026-04-17T14:47:49.325878,0.614917,-0.668397,0.956452,35.199,NE,1,0.908228,1,0.908228,1.757005,2.465981,1.436950,-1.029507,6.914454,5.382165,-0.521338,-1.334994,0.104026,1.436950,-0.649961,0.065973,-0.008552,0.653356,0.653300,-47.728001,-29.178001,-11.547001,NaN,-1.145189,true,Self-supervised model,0.197014,15.016000,102.186993,6.805207,0.000000,0.000000,1.222732,2.199336,false,false
2026-04-17T14:47:49.333090,0.614917,-0.668397,0.956590,35.191,NE,1,0.908228,1,0.908228,1.738424,2.458879,1.640878,-0.969652,6.703765,5.798757,-0.447927,-1.508665,0.464511,1.640878,-0.697608,0.260839,-0.008552,0.744827,0.744778,-47.728001,-29.178001,-11.547001,NaN,-1.144852,true,Self-supervised model,0.198995,15.023000,102.194902,6.802563,0.000000,0.000000,1.059448,2.203032,false,false
2026-04-17T14:47:49.341008,0.614917,-0.668397,0.956653,35.188,NE,1,0.908228,1,0.908228,1.755876,2.452759,1.847496,-0.952892,6.555324,6.153099,-0.413919,-1.626100,0.773118,1.847496,-0.679893,0.354302,-0.000611,0.766671,0.766671,-47.728001,-29.178001,-11.547001,NaN,-1.145089,true,Self-supervised model,0.200925,15.031000,102.198516,6.799183,0.000000,0.000000,0.950408,2.409763,false,false
2026-04-17T14:47:49.349228,0.614917,-0.668397,0.956643,35.188,NE,1,0.908228,1,0.908228,1.803471,2.448787,2.053348,-1.005565,6.464345,6.505046,-0.447058,-1.687091,1.081711,2.053348,-0.621250,0.409891,0.022602,0.744629,0.744286,-47.728001,-29.178001,-11.547001,NaN,-1.145390,true,Self-supervised model,0.202864,15.039000,102.197952,6.795528,0.000000,0.000000,0.878308,2.757544,false,false
2026-04-17T14:47:49.356915,0.614917,-0.668397,0.956526,35.195,NE,1,0.908228,1,0.908228,1.866388,2.447491,2.196701,-1.067814,6.414066,6.751649,-0.490099,-1.709814,1.289122,2.196701,-0.532674,0.421497,0.061697,0.682062,0.679266,-47.728001,-29.178001,-11.547001,NaN,-1.145940,true,Self-supervised model,0.204395,15.047000,102.191201,6.791467,0.000000,0.000000,0.849632,3.220678,false,false
2026-04-17T14:47:49.365495,0.614917,-0.668397,0.956246,35.211,NE,1,0.908228,1,0.908228,1.922912,2.448508,2.219661,-1.108515,6.416461,6.876147,-0.501766,-1.674429,1.367995,2.219661,-0.456316,0.414777,0.097128,0.624259,0.616656,-47.728001,-29.178001,-11.547001,NaN,-1.146866,true,Self-supervised model,0.204975,15.056000,102.175192,6.786344,0.000000,0.000000,0.866309,3.555676,false,false
2026-04-17T14:47:49.372853,0.614917,-0.668397,0.956069,35.221,NE,1,0.908228,1,0.908228,1.974131,2.451533,2.243031,-1.103727,6.373365,6.916849,-0.484719,-1.698612,1.382372,2.243031,-0.317650,0.398284,0.161268,0.534359,0.509443,-47.728001,-29.178001,-11.547001,NaN,-1.146631,true,Self-supervised model,0.206005,15.063000,102.165073,6.782518,0.000000,0.000000,0.880118,4.197613,false,false
2026-04-17T14:47:49.381412,0.614917,-0.668397,0.955512,35.253,NE,1,0.908228,1,0.908228,2.001456,2.455530,2.144914,-1.067814,6.406884,6.849811,-0.440210,-1.651278,1.296206,2.144914,-0.180816,0.395230,0.216857,0.485724,0.434628,-47.728001,-29.178001,-11.547001,NaN,-1.148711,true,Self-supervised model,0.205524,15.071000,102.133144,6.776799,0.000000,0.000000,0.933117,4.415908,false,false
2026-04-17T14:47:49.388976,0.614917,-0.668397,0.954541,35.309,NE,1,0.908228,1,0.908228,2.011170,2.459755,2.062169,-1.039083,6.385336,6.710948,-0.406213,-1.665092,1.146734,2.062169,-0.038485,0.405615,0.266337,0.486765,0.407436,-47.728001,-29.178001,-11.547001,NaN,-1.151336,true,Self-supervised model,0.204601,15.079000,102.077518,6.769515,0.000000,0.000000,0.975269,4.236481,false,false
2026-04-17T14:47:49.397185,0.614917,-0.668397,0.953133,35.390,NE,1,0.908228,1,0.908228,1.999576,2.463348,1.938709,-0.995988,6.406884,6.531382,-0.360461,-1.642133,0.965431,1.938709,0.080023,0.416610,0.302378,0.520961,0.424226,-47.728001,-29.178001,-11.547001,NaN,-1.154497,true,Self-supervised model,0.203080,15.087000,101.996800,6.760575,0.000000,0.000000,1.031396,3.721409,false,false
2026-04-17T14:47:49.405255,0.614917,-0.668397,0.951285,35.495,NE,1,0.908228,1,0.908228,1.961498,2.465274,1.761588,-0.957681,6.490681,6.306327,-0.321818,-1.562698,0.746726,1.761588,0.203418,0.416610,0.339030,0.574356,0.463619,-47.728001,-29.178001,-11.547001,NaN,-1.158101,true,Self-supervised model,0.200748,15.095000,101.890921,6.749978,0.000000,0.000000,1.113483,3.067069,false,false
2026-04-17T14:47:49.412763,0.614917,-0.668397,0.949015,35.625,NE,1,0.908228,1,0.908228,1.889712,2.464252,1.512836,-0.964863,6.675035,6.047753,-0.331394,-1.388097,0.502032,1.512836,0.304822,0.401338,0.369573,0.624959,0.503973,-47.728001,-29.178001,-11.547001,NaN,-1.162057,true,Self-supervised model,0.197266,15.103000,101.760892,6.737793,0.000000,0.000000,1.249119,2.420697,false,false
2026-04-17T14:47:49.421374,0.614917,-0.668397,0.946341,35.779,NE,1,0.908228,1,0.908228,1.796298,2.459534,1.305872,-0.979228,6.849811,5.801151,-0.350810,-1.227366,0.275331,1.305872,0.381791,0.379347,0.387899,0.663426,0.538209,-47.728001,-29.178001,-11.547001,NaN,-1.166349,true,Self-supervised model,0.194335,15.111000,101.607686,6.724088,0.000000,0.000000,1.375554,1.968375,false,false
2026-04-17T14:47:49.429278,0.614917,-0.668397,0.943296,35.953,NE,1,0.908228,1,0.908228,1.699224,2.451121,1.189587,-0.981623,6.964733,5.592855,-0.360807,-1.129837,0.091680,1.189587,0.432493,0.349415,0.401949,0.686079,0.556004,-47.728001,-29.178001,-11.547001,NaN,-1.170877,true,Self-supervised model,0.192318,15.119000,101.433232,6.708991,0.000000,0.000000,1.428415,1.733893,false,false
2026-04-17T14:47:49.439760,0.614917,-0.668397,0.939919,36.147,NE,1,0.908228,1,0.908228,1.605844,2.439310,1.115598,-0.948104,7.058106,5.351041,-0.337454,-1.056320,-0.121944,1.115598,0.472810,0.318261,0.414167,0.704537,0.569946,-47.728001,-29.178001,-11.547001,NaN,-1.175584,true,Self-supervised model,0.191688,15.130000,101.239723,6.691323,0.000000,0.000000,1.439447,1.583447,false,false
2026-04-17T14:47:49.444521,0.614917,-0.668397,0.936245,36.357,NE,1,0.908228,1,0.908228,1.527764,2.424848,1.117847,-0.883460,7.110779,5.087678,-0.280779,-1.019368,-0.362815,1.117847,0.492357,0.297491,0.422719,0.713868,0.575254,-46.817001,-27.505001,-10.147000,NaN,-1.180445,true,Self-supervised model,0.189960,15.135000,101.029213,6.675204,0.000000,0.000000,1.366702,1.565901,false,false
2026-04-17T14:47:49.452641,0.614917,-0.668397,0.932412,36.577,NE,1,0.908228,1,0.908228,1.464044,2.408416,1.129511,-0.782904,7.177817,4.879383,-0.191366,-0.970925,-0.544499,1.129511,0.511294,0.274889,0.437990,0.727201,0.580505,-46.817001,-27.505001,-10.147000,NaN,-1.184912,true,Self-supervised model,0.192033,15.143000,100.809619,6.657176,0.000000,0.000000,1.296175,1.553231,false,false
2026-04-17T14:47:49.460844,0.614917,-0.668397,0.928391,36.807,NE,1,0.908228,1,0.908228,1.416183,2.390727,1.164911,-0.711078,7.216124,4.738125,-0.133477,-0.953288,-0.656083,1.164911,0.513738,0.261450,0.445932,0.728792,0.576440,-46.817001,-27.505001,-10.147000,NaN,-1.189687,true,Self-supervised model,0.192828,15.151000,100.579225,6.638455,0.000000,0.000000,1.215700,1.598414,false,false
2026-04-17T14:47:49.468940,0.614917,-0.668397,0.924149,37.050,NE,1,0.908228,1,0.908228,1.370037,2.371899,1.127770,-0.639252,7.309498,4.663905,-0.077919,-0.881831,-0.698690,1.127770,0.509462,0.244957,0.450208,0.722663,0.565292,-46.817001,-27.505001,-10.147000,NaN,-1.194815,true,Self-supervised model,0.192506,15.159000,100.336156,6.618917,0.000000,0.000000,1.214819,1.560575,false,false
2026-04-17T14:47:49.476645,0.614917,-0.668397,0.919670,37.307,NE,1,0.908228,1,0.908228,1.319777,2.351814,1.055913,-0.581791,7.443573,4.608838,-0.038344,-0.769927,-0.721591,1.055913,0.500299,0.222355,0.448375,0.707659,0.547486,-46.817001,-27.505001,-10.147000,NaN,-1.200240,true,Self-supervised model,0.191383,15.167000,100.079527,6.598505,0.000000,0.000000,1.249892,1.492122,false,false
2026-04-17T14:47:49.487484,0.614917,-0.668397,0.914972,37.576,NE,1,0.908228,1,0.908228,1.261188,2.330189,0.953596,-0.560243,7.575254,4.611232,-0.035767,-0.660130,-0.687237,0.953596,0.490525,0.196699,0.439823,0.687568,0.528493,-46.817001,-27.505001,-10.147000,NaN,-1.205816,true,Self-supervised model,0.190693,15.178000,99.810333,6.575987,0.000000,0.000000,1.322560,1.386912,false,false
2026-04-17T14:47:49.493441,0.614917,-0.668397,0.910091,37.856,NE,1,0.908228,1,0.908228,1.196532,2.306843,0.857086,-0.548272,7.656657,4.656722,-0.043571,-0.599959,-0.610530,0.857086,0.481362,0.167988,0.434325,0.669752,0.509832,-46.817001,-27.505001,-10.147000,NaN,-1.211425,true,Self-supervised model,0.187559,15.184000,99.530699,6.554972,0.000000,0.000000,1.396046,1.279707,false,false
2026-04-17T14:47:49.500608,0.614917,-0.668397,0.905075,38.143,NE,1,0.908228,1,0.908228,1.106882,2.280844,0.636219,-0.567426,7.831434,4.790798,-0.083426,-0.445405,-0.446575,0.636219,0.466701,0.097128,0.419664,0.635108,0.476701,-46.817001,-27.505001,-10.147000,NaN,-1.216981,true,Self-supervised model,0.183742,15.191000,99.243330,6.533035,0.000000,0.000000,1.739780,1.001750,false,false
2026-04-17T14:47:49.508412,0.614917,-0.668397,0.899983,38.435,NE,1,0.908228,1,0.908228,0.998421,2.251548,0.429002,-0.567426,8.027759,4.891354,-0.105615,-0.268144,-0.317785,0.429002,0.452651,0.024435,0.414777,0.614435,0.453310,-46.817001,-27.505001,-10.147000,NaN,-1.222379,true,Self-supervised model,0.177241,15.198000,98.951570,6.510828,0.000000,0.000000,2.327310,0.698206,false,false
2026-04-17T14:47:49.516576,0.614917,-0.668397,0.894865,38.728,NE,1,0.908228,1,0.908228,0.881915,2.218762,0.270257,-0.529119,8.202535,4.953603,-0.090949,-0.111349,-0.228841,0.270257,0.442877,-0.028100,0.403782,0.599975,0.443768,-46.817001,-27.505001,-10.147000,NaN,-1.227604,true,Self-supervised model,0.170790,15.207000,98.658288,6.487689,0.000000,0.000000,3.263247,0.450447,false,false
2026-04-17T14:47:49.525463,0.614917,-0.668397,0.889755,39.021,NE,1,0.908228,1,0.908228,0.766469,2.182670,0.160377,-0.440533,8.303091,5.001487,-0.026405,-0.027684,-0.155747,0.160377,0.434325,-0.053145,0.397673,0.591276,0.437565,-46.817001,-27.505001,-10.147000,NaN,-1.232679,true,Self-supervised model,0.166637,15.216000,98.365512,6.464610,0.000000,0.000000,4.779173,0.271239,false,false
2026-04-17T14:47:49.532759,0.614917,-0.668397,0.884696,39.311,NE,1,0.908228,1,0.908228,0.674061,2.144326,0.188922,-0.244209,8.441956,5.061342,0.146334,0.095327,-0.072046,0.188922,0.416610,-0.054367,0.376293,0.564018,0.420143,-46.817001,-27.505001,-10.147000,NaN,-1.237533,true,Self-supervised model,0.168352,15.223000,98.075672,6.442598,0.000000,0.000000,3.567938,0.334957,false,false
2026-04-17T14:47:49.540684,0.614917,-0.668397,0.879711,39.596,NE,1,0.908228,1,0.908228,0.619937,2.105351,0.335786,-0.081403,8.535329,5.104438,0.287133,0.173965,-0.006547,0.335786,0.398895,-0.041539,0.341474,0.526732,0.401052,-46.817001,-27.505001,-10.147000,NaN,-1.242222,true,Self-supervised model,0.179963,15.231000,97.790062,6.420462,0.000000,0.000000,1.846226,0.637489,false,false
2026-04-17T14:47:49.548683,0.614917,-0.668397,0.874840,39.875,NE,1,0.908228,1,0.908228,0.594610,2.066921,0.461642,0.043096,8.611943,5.152322,0.391393,0.236583,0.062880,0.461642,0.370184,-0.029932,0.292604,0.472810,0.371392,-46.817001,-27.505001,-10.147000,NaN,-1.246641,true,Self-supervised model,0.186861,15.239000,97.510942,6.398776,0.000000,0.000000,1.288032,0.976379,false,false
2026-04-17T14:47:49.557426,0.614917,-0.668397,0.870122,40.146,NE,1,0.908228,1,0.908228,0.594973,2.030043,0.596881,0.174777,8.686164,5.181053,0.505013,0.297940,0.111630,0.596881,0.335976,-0.023824,0.240681,0.413974,0.336819,-46.817001,-27.505001,-10.147000,NaN,-1.250743,true,Self-supervised model,0.191850,15.248000,97.240638,6.377272,0.000000,0.000000,0.996803,1.441832,false,false
2026-04-17T14:47:49.565198,0.614917,-0.668397,0.865622,40.404,NE,1,0.908228,1,0.908228,0.609998,1.995241,0.688876,0.251391,8.772355,5.173870,0.566283,0.372636,0.122538,0.688876,0.293215,-0.009774,0.174707,0.341458,0.293378,-46.817001,-27.505001,-10.147000,NaN,-1.254374,true,Self-supervised model,0.194139,15.255000,96.982789,6.357443,0.000000,0.000000,0.885497,2.017455,false,false
2026-04-17T14:47:49.573529,0.614917,-0.668397,0.861409,40.645,NE,1,0.908228,1,0.908228,0.637989,1.962951,0.784943,0.318429,8.870518,5.166687,0.621652,0.461019,0.130939,0.784943,0.244346,0.021991,0.106291,0.267369,0.245334,-46.817001,-27.505001,-10.147000,NaN,-1.257437,true,Self-supervised model,0.196744,15.264000,96.741407,6.337880,0.000000,0.000000,0.812784,2.935800,false,false
2026-04-17T14:47:49.580762,0.614917,-0.668397,0.857565,40.865,NE,1,0.908228,1,0.908228,0.668988,1.933193,0.831732,0.328006,8.951921,5.152322,0.623903,0.534645,0.129145,0.831732,0.202807,0.069028,0.041539,0.218223,0.214233,-46.817001,-27.505001,-10.147000,NaN,-1.259803,true,Self-supervised model,0.197775,15.271000,96.521184,6.320554,0.000000,0.000000,0.804331,3.811393,false,false
2026-04-17T14:47:49.590309,0.614917,-0.668397,0.854159,41.060,NE,1,0.908228,1,0.908228,0.698820,1.905818,0.855439,0.306458,9.030929,5.063736,0.600156,0.607459,0.050823,0.855439,0.158214,0.148440,-0.032376,0.219350,0.216947,-46.817001,-27.505001,-10.147000,NaN,-1.261459,true,Self-supervised model,0.198648,15.280000,96.326040,6.304060,0.000000,0.000000,0.816914,3.899884,false,false
2026-04-17T14:47:49.600781,0.614917,-0.668397,0.851238,41.228,NE,1,0.908228,1,0.908228,0.714413,1.880161,0.796276,0.186748,9.059659,4.989516,0.485244,0.631172,-0.014672,0.796276,0.116675,0.241292,-0.099571,0.285918,0.268020,-46.817001,-27.505001,-10.147000,NaN,-1.262439,true,Self-supervised model,0.197297,15.291000,96.158688,6.288581,0.000000,0.000000,0.897193,2.784979,false,false
2026-04-17T14:47:49.604854,0.614917,-0.668397,0.848883,41.363,NE,1,0.908228,1,0.908228,0.716649,1.855621,0.728387,-0.076614,9.117120,4.932055,0.239575,0.684818,-0.064616,0.728387,0.077580,0.310930,-0.151495,0.354467,0.320463,-48.505001,-28.386002,-10.243000,NaN,-1.262532,true,Self-supervised model,0.194548,15.295000,96.023745,6.278113,0.000000,0.000000,0.983885,2.054879,false,false
2026-04-17T14:47:49.612587,0.614917,-0.668397,0.847352,41.450,NE,1,0.908228,1,0.908228,0.726149,1.832442,0.776024,-0.349553,9.210494,4.982334,-0.010994,0.775894,-0.008989,0.776024,0.042150,0.317039,-0.174707,0.364435,0.319829,-48.505001,-28.386002,-10.243000,NaN,-1.260767,true,Self-supervised model,0.196821,15.303000,95.936014,6.269098,0.000000,0.000000,0.935730,2.129388,false,false
2026-04-17T14:47:49.621106,0.614917,-0.668397,0.846607,41.493,NE,1,0.908228,1,0.908228,0.772380,1.812040,1.015095,-0.706290,9.380483,5.121197,-0.347056,0.944517,0.133630,1.015095,0.000611,0.258396,-0.167988,0.308203,0.258397,-48.505001,-28.386002,-10.243000,NaN,-1.258366,true,Self-supervised model,0.201375,15.311000,95.893342,6.263036,0.000000,0.000000,0.760895,3.293596,false,false
2026-04-17T14:47:49.629507,0.614917,-0.668397,0.846462,41.501,NE,1,0.908228,1,0.908228,0.856471,1.795817,1.297950,-0.974440,9.555259,5.260061,-0.597007,1.119637,0.273256,1.297950,-0.034819,0.152105,-0.132558,0.204744,0.156040,-48.505001,-28.386002,-10.243000,NaN,-1.256113,true,Self-supervised model,0.206025,15.320000,95.885026,6.258814,0.000000,0.000000,0.659865,6.339387,false,false
2026-04-17T14:47:49.638128,0.614917,-0.668397,0.846796,41.482,NE,1,0.908228,1,0.908228,0.956730,1.784253,1.483089,-1.060631,9.696517,5.382165,-0.671437,1.262447,0.393640,1.483089,-0.053145,0.069028,-0.090408,0.125550,0.087116,-48.505001,-28.386002,-10.243000,NaN,-1.253861,true,Self-supervised model,0.209823,15.328000,95.904175,6.256796,0.000000,0.000000,0.645093,11.812712,false,false
2026-04-17T14:47:49.644652,0.614917,-0.668397,0.847398,41.448,NE,1,0.908228,1,0.908228,1.060601,1.777307,1.605921,-1.017536,9.828198,5.480328,-0.624804,1.396653,0.487813,1.605921,-0.065363,-0.040928,-0.008552,0.077592,0.077119,-48.505001,-28.386002,-10.243000,NaN,-1.252190,true,Self-supervised model,0.214175,15.335000,95.938638,6.256188,0.000000,0.000000,0.660432,20.697014,false,false
2026-04-17T14:47:49.654458,0.614917,-0.668397,0.848018,41.412,NE,1,0.908228,1,0.908228,1.159034,1.774576,1.675810,-0.792481,9.962274,5.540183,-0.403249,1.533150,0.543307,1.675810,-0.062308,-0.082467,0.033598,0.108683,0.103359,-48.505001,-28.386002,-10.243000,NaN,-1.251497,true,Self-supervised model,0.212448,15.345000,95.974155,6.254425,0.000000,0.000000,0.691626,15.419318,false,false
2026-04-17T14:47:49.660881,0.614917,-0.668397,0.848455,41.387,NE,1,0.908228,1,0.908228,1.243674,1.775340,1.688030,-0.478840,10.024523,5.537788,-0.097796,1.597345,0.537001,1.688030,-0.048869,-0.097738,0.082467,0.136901,0.109275,-48.505001,-28.386002,-10.243000,NaN,-1.251787,true,Self-supervised model,0.211143,15.351000,95.999241,6.253615,0.000000,0.000000,0.736760,12.330334,false,false
2026-04-17T14:47:49.669871,0.614917,-0.668397,0.848595,41.379,NE,1,0.908228,1,0.908228,1.319681,1.779114,1.718718,-0.134075,10.079589,5.406107,0.237822,1.654077,0.401825,1.718718,-0.051313,-0.052534,0.081245,0.109515,0.073436,-48.505001,-28.386002,-10.243000,NaN,-1.252839,true,Self-supervised model,0.213104,15.360000,96.007258,6.250473,0.000000,0.000000,0.767829,15.693851,false,false
2026-04-17T14:47:49.676909,0.614917,-0.668397,0.848429,41.389,NE,1,0.908228,1,0.908228,1.389929,1.785547,1.758732,0.198719,10.079589,5.185841,0.564602,1.656141,0.177643,1.758732,-0.070250,0.018326,0.054978,0.091068,0.072601,-48.505001,-28.386002,-10.243000,NaN,-1.254228,true,Self-supervised model,0.214981,15.367000,95.997752,6.247007,0.000000,0.000000,0.790302,19.312266,false,false
2026-04-17T14:47:49.685405,0.614917,-0.668397,0.848056,41.410,NE,1,0.908228,1,0.908228,1.463346,1.794658,1.848784,0.543484,10.029311,4.979939,0.909090,1.609466,-0.034334,1.848784,-0.133169,0.110567,0.002443,0.173104,0.173086,-48.505001,-28.386002,-10.243000,NaN,-1.255434,true,Self-supervised model,0.211724,15.375000,95.976335,6.242363,0.000000,0.000000,0.791518,10.680222,false,false
2026-04-17T14:47:49.693238,0.614917,-0.668397,0.847620,41.435,NE,1,0.908228,1,0.908228,1.536199,1.806320,1.918681,0.787692,9.933543,4.872200,1.160438,1.520333,-0.152672,1.918681,-0.227853,0.175929,-0.073915,0.297206,0.287868,-48.505001,-28.386002,-10.243000,NaN,-1.256116,true,Self-supervised model,0.209931,15.383000,95.951385,6.237495,0.000000,0.000000,0.800654,6.455731,false,false
2026-04-17T14:47:49.702839,0.614917,-0.668397,0.847310,41.453,NE,1,0.908228,1,0.908228,1.599411,1.820044,1.931272,0.976834,9.758766,4.872200,1.363938,1.356664,-0.170141,1.931272,-0.345750,0.192423,-0.158825,0.426374,0.395688,-48.505001,-28.386002,-10.243000,NaN,-1.255924,true,Self-supervised model,0.208655,15.393000,95.933623,6.232289,0.000000,0.000000,0.828164,4.529527,false,false
2026-04-17T14:47:49.708551,0.614917,-0.668397,0.847315,41.452,NE,1,0.908228,1,0.908228,1.647295,1.835134,1.898684,1.041478,9.612720,5.032612,1.448557,1.226963,-0.035304,1.898684,-0.463647,0.150273,-0.242514,0.544392,0.487391,-48.505001,-28.386002,-10.243000,NaN,-1.254659,true,Self-supervised model,0.207393,15.399000,95.933912,6.229879,0.000000,0.000000,0.867598,3.487713,false,false
2026-04-17T14:47:49.716520,0.614917,-0.668397,0.847808,41.424,NE,1,0.908228,1,0.908228,1.660181,1.850136,1.727837,0.905008,9.414001,5.418078,1.335198,1.050152,0.315986,1.727837,-0.595594,0.050702,-0.324369,0.680087,0.597748,-48.505001,-28.386002,-10.243000,NaN,-1.252215,true,Self-supervised model,0.204394,15.407000,95.962142,6.228477,0.000000,0.000000,0.960844,2.540612,false,false
2026-04-17T14:47:49.724882,0.614917,-0.668397,0.848918,41.361,NE,1,0.908228,1,0.908228,1.656866,1.864405,1.639460,0.691924,9.193734,5.944803,1.145749,0.857280,0.800100,1.639460,-0.706771,-0.059254,-0.379347,0.804326,0.709251,-48.505001,-28.386002,-10.243000,NaN,-1.248637,true,Self-supervised model,0.202210,15.415000,96.025728,6.229369,0.000000,0.000000,1.010617,2.038302,false,false
2026-04-17T14:47:49.732767,0.614917,-0.668397,0.850696,41.259,NE,1,0.908228,1,0.908228,1.663200,1.878357,1.696451,0.557849,8.815451,6.438008,1.033860,0.510680,1.244301,1.696451,-0.777631,-0.143553,-0.405004,0.888452,0.790771,-48.505001,-28.386002,-10.243000,NaN,-1.244185,true,Self-supervised model,0.201590,15.423000,96.127618,6.232744,0.000000,0.000000,0.980399,1.909447,false,false
2026-04-17T14:47:49.740734,0.614917,-0.668397,0.853090,41.122,NE,1,0.908228,1,0.908228,1.703681,1.893370,1.916208,0.404620,8.485051,6.924031,0.901063,0.214790,1.677440,1.916208,-0.791071,-0.177151,-0.409891,0.908397,0.810663,-48.505001,-28.386002,-10.243000,NaN,-1.239326,true,Self-supervised model,0.202913,15.431000,96.264807,6.238404,0.000000,0.000000,0.889090,2.109439,false,false
2026-04-17T14:47:49.748395,0.614917,-0.668397,0.856004,40.955,NE,1,0.908228,1,0.908228,1.824812,1.912627,2.460750,0.205901,8.087613,7.644686,0.722278,-0.149189,2.347626,2.460750,-0.673173,-0.116064,-0.391565,0.787373,0.683106,-48.505001,-28.386002,-10.243000,NaN,-1.234334,true,Self-supervised model,0.207355,15.438000,96.431757,6.246389,0.000000,0.000000,0.741567,3.125266,false,false
2026-04-17T14:47:49.759993,0.614917,-0.668397,0.859309,40.765,NE,1,0.908228,1,0.908228,1.984691,1.937510,2.824054,-0.004788,7.785944,8.078036,0.532980,-0.423494,2.740778,2.824054,-0.474642,-0.027489,-0.344528,0.587146,0.475438,-48.505001,-28.386002,-10.243000,NaN,-1.229464,true,Self-supervised model,0.211751,15.450000,96.621125,6.253795,0.000000,0.000000,0.702781,4.809797,false,false
2026-04-17T14:47:49.766542,0.614917,-0.668397,0.862884,40.560,NE,1,0.908228,1,0.908228,2.141148,1.967655,2.962551,-0.181959,7.584831,8.238448,0.376561,-0.606321,2.875289,2.962551,-0.284052,0.035430,-0.274278,0.396446,0.286253,-50.878002,-27.824001,-8.614000,NaN,-1.224811,true,Self-supervised model,0.213698,15.457000,96.825939,6.264213,0.000000,0.000000,0.722738,7.472767,false,false
2026-04-17T14:47:49.772671,0.614917,-0.668397,0.866547,40.351,NE,1,0.908228,1,0.908228,2.269372,2.001724,2.942545,-0.280122,7.467515,8.214506,0.295468,-0.714460,2.839158,2.942545,-0.070860,0.078191,-0.153327,0.186130,0.105522,-50.878002,-27.824001,-8.614000,NaN,-1.220797,true,Self-supervised model,0.218174,15.463000,97.035791,6.275353,0.000000,0.000000,0.771228,15.809123,false,false
2026-04-17T14:47:49.780188,0.614917,-0.668397,0.870072,40.149,NE,1,0.908228,1,0.908228,2.327282,2.036746,2.631310,-0.316035,7.474698,7.893683,0.269058,-0.707716,2.520027,2.631310,0.141721,0.068417,-0.020769,0.158736,0.157371,-50.878002,-27.824001,-8.614000,NaN,-1.217820,true,Self-supervised model,0.216967,15.470000,97.237788,6.285571,0.000000,0.000000,0.884458,16.576676,false,false
2026-04-17T14:47:49.788489,0.614917,-0.668397,0.873190,39.970,NE,1,0.908228,1,0.908228,2.319638,2.070062,2.279507,-0.148441,7.491457,7.484274,0.437718,-0.700116,2.124710,2.279507,0.320704,0.033598,0.081856,0.332687,0.322459,-50.878002,-27.824001,-8.614000,NaN,-1.216334,true,Self-supervised model,0.209913,15.479000,97.416414,6.293457,0.000000,0.000000,1.017605,6.851813,false,false
2026-04-17T14:47:49.796535,0.614917,-0.668397,0.875693,39.826,NE,1,0.908228,1,0.908228,2.245133,2.099065,1.853983,0.088585,7.563283,6.940791,0.668929,-0.644010,1.604692,1.853983,0.415388,-0.000611,0.130114,0.435290,0.415389,-50.878002,-27.824001,-8.614000,NaN,-1.216288,true,Self-supervised model,0.204746,15.487000,97.559844,6.299467,0.000000,0.000000,1.210978,4.259187,false,false
2026-04-17T14:47:49.805237,0.614917,-0.668397,0.877507,39.723,NE,1,0.908228,1,0.908228,2.113022,2.121623,1.419438,0.347159,7.659051,6.232107,0.916540,-0.566972,0.923743,1.419438,0.467312,-0.070860,0.151495,0.496339,0.472654,-50.878002,-27.824001,-8.614000,NaN,-1.217230,true,Self-supervised model,0.199029,15.495000,97.663787,6.302923,0.000000,0.000000,1.488633,2.859817,false,false
2026-04-17T14:47:49.812333,0.614917,-0.668397,0.878665,39.656,NE,1,0.908228,1,0.908228,1.973500,2.137698,1.241008,0.512359,7.680599,5.573701,1.065681,-0.564371,0.293106,1.241008,0.444099,-0.171042,0.141721,0.496552,0.475899,-50.878002,-27.824001,-8.614000,NaN,-1.218698,true,Self-supervised model,0.196677,15.502000,97.730119,6.304356,0.000000,0.000000,1.590239,2.499250,false,false
2026-04-17T14:47:49.821038,0.614917,-0.668397,0.879232,39.624,NE,1,0.908228,1,0.908228,1.866305,2.148843,1.303533,0.627281,7.702147,4.994305,1.148498,-0.550759,-0.277154,1.303533,0.368963,-0.272446,0.116675,0.473258,0.458650,-50.878002,-27.824001,-8.614000,NaN,-1.220492,true,Self-supervised model,0.198552,15.511000,97.762635,6.302794,0.000000,0.000000,1.431728,2.754380,false,false
2026-04-17T14:47:49.829328,0.614917,-0.668397,0.878905,39.642,NE,1,0.908228,1,0.908228,1.800028,2.156890,1.452073,0.651223,7.704541,4.565742,1.148743,-0.560432,-0.689072,1.452073,0.291994,-0.329867,0.092852,0.450216,0.440537,-50.878002,-27.824001,-8.614000,NaN,-1.224398,true,Self-supervised model,0.201192,15.519000,97.743886,6.298337,0.000000,0.000000,1.239627,3.225283,false,false
2026-04-17T14:47:49.836710,0.614917,-0.668397,0.878284,39.678,NE,1,0.908228,1,0.908228,1.781858,2.163889,1.686466,0.651223,7.615956,4.173094,1.123870,-0.656305,-1.072543,1.686466,0.153938,-0.351858,0.047037,0.386929,0.384059,-50.878002,-27.824001,-8.614000,NaN,-1.226197,true,Self-supervised model,0.204461,15.527000,97.708272,6.292798,0.000000,0.000000,1.056563,4.358598,false,false
2026-04-17T14:47:49.844589,0.614917,-0.668397,0.877449,39.726,NE,1,0.908228,1,0.908228,1.786750,2.170803,1.812433,0.639252,7.551312,3.988740,1.089436,-0.723522,-1.254814,1.812433,0.027489,-0.300546,0.006720,0.301875,0.301800,-50.878002,-27.824001,-8.614000,NaN,-1.227885,true,Self-supervised model,0.206655,15.535000,97.660439,6.286478,0.000000,0.000000,0.985829,6.003919,false,false
2026-04-17T14:47:49.853569,0.614917,-0.668397,0.876506,39.780,NE,1,0.908228,1,0.908228,1.788389,2.177507,1.796994,0.574608,7.462727,4.000711,1.008839,-0.810410,-1.246863,1.796994,-0.080634,-0.212581,-0.031154,0.229485,0.227360,-50.878002,-27.824001,-8.614000,NaN,-1.229261,true,Self-supervised model,0.207642,15.544000,97.606397,6.279362,0.000000,0.000000,0.995211,7.830566,false,false
2026-04-17T14:47:49.860773,0.614917,-0.668397,0.875600,39.832,NE,1,0.908228,1,0.908228,1.776545,2.183468,1.714365,0.488417,7.381324,4.108450,0.913541,-0.886413,-1.148375,1.714365,-0.158825,-0.144775,-0.055589,0.221980,0.214907,-50.878002,-27.824001,-8.614000,NaN,-1.230015,true,Self-supervised model,0.206839,15.551000,97.554523,6.273199,0.000000,0.000000,1.036270,7.723048,false,false
2026-04-17T14:47:49.871344,0.614917,-0.668397,0.874838,39.875,NE,1,0.908228,1,0.908228,1.736640,2.187595,1.527139,0.316035,7.299921,4.338294,0.736861,-0.959443,-0.932019,1.527139,-0.227853,-0.100793,-0.067806,0.258213,0.249151,-50.878002,-27.824001,-8.614000,NaN,-1.230206,true,Self-supervised model,0.204223,15.561000,97.510839,6.266361,0.000000,0.000000,1.137185,5.914272,false,false
2026-04-17T14:47:49.876458,0.614917,-0.668397,0.874262,39.908,NE,1,0.908228,1,0.908228,1.671768,2.188962,1.331186,0.208296,7.295133,4.601655,0.626728,-0.953420,-0.685754,1.331186,-0.263283,-0.105069,-0.065363,0.290912,0.283474,-50.878002,-27.824001,-8.614000,NaN,-1.230033,true,Self-supervised model,0.201108,15.567000,97.477869,6.261828,0.000000,0.000000,1.255848,4.575911,false,false
2026-04-17T14:47:49.887,0.614917,-0.668397,0.873859,39.932,NE,1,0.908228,1,0.908228,1.591374,2.187058,1.169309,0.081403,7.271191,4.862624,0.488217,-0.964536,-0.445643,1.169309,-0.298102,-0.156382,-0.044593,0.339571,0.336631,-50.878002,-27.824001,-8.614000,NaN,-1.229747,true,Self-supervised model,0.198582,15.577000,97.454770,6.256325,0.000000,0.000000,1.360953,3.443485,false,false
2026-04-17T14:47:49.892908,0.614917,-0.668397,0.873316,39.963,NE,1,0.908228,1,0.908228,1.502697,2.181684,1.037139,-0.023942,7.292738,5.056554,0.369833,-0.929574,-0.273449,1.037139,-0.294437,-0.210138,-0.030543,0.363021,0.361733,-50.878002,-27.824001,-8.614000,NaN,-1.230853,true,Self-supervised model,0.196131,15.583000,97.423619,6.251917,0.000000,0.000000,1.448886,2.856971,false,false
2026-04-17T14:47:49.901090,0.614917,-0.668397,0.872671,40.000,NE,1,0.908228,1,0.908228,1.409123,2.172781,0.917861,-0.102951,7.340622,5.240908,0.275180,-0.868671,-0.110251,0.917861,-0.276111,-0.281609,-0.011606,0.394557,0.394387,-50.878002,-27.824001,-8.614000,NaN,-1.231899,true,Self-supervised model,0.194047,15.591000,97.386713,6.246342,0.000000,0.000000,1.535225,2.326305,false,false
2026-04-17T14:47:49.908572,0.614917,-0.668397,0.871939,40.042,NE,1,0.908228,1,0.908228,1.313286,2.160402,0.810145,-0.131681,7.419631,5.377377,0.227586,-0.777495,0.006303,0.810145,-0.236405,-0.335365,0.003665,0.410330,0.410313,-50.878002,-27.824001,-8.614000,NaN,-1.232982,true,Self-supervised model,0.191956,15.599000,97.344777,6.240450,0.000000,0.000000,1.621052,1.974375,false,false
2026-04-17T14:47:49.920199,0.614917,-0.668397,0.871121,40.088,NE,1,0.908228,1,0.908228,1.222272,2.144876,0.744447,-0.079009,7.491457,5.451597,0.258996,-0.695089,0.063034,0.744447,-0.188147,-0.350637,0.008552,0.398018,0.397926,-50.878002,-27.824001,-8.614000,NaN,-1.234145,true,Self-supervised model,0.191141,15.610000,97.297904,6.233050,0.000000,0.000000,1.641852,1.870385,false,false
2026-04-17T14:47:49.924673,0.614917,-0.668397,0.870214,40.140,NE,1,0.908228,1,0.908228,1.141773,2.126752,0.719156,-0.033519,7.520187,5.468357,0.283002,-0.657867,0.065614,0.719156,-0.142942,-0.332922,0.010385,0.362460,0.362311,-49.562004,-30.875002,-4.390000,NaN,-1.235411,true,Self-supervised model,0.190894,15.615000,97.245898,6.227723,0.000000,0.000000,1.587658,1.984097,false,false
2026-04-17T14:47:49.932997,0.614917,-0.668397,0.869241,40.196,NE,1,0.908228,1,0.908228,1.073990,2.106642,0.718127,0.040701,7.539341,5.451597,0.337809,-0.632546,0.038431,0.718127,-0.059254,-0.254120,-0.003054,0.260955,0.260937,-49.562004,-30.875002,-4.390000,NaN,-1.236642,true,Self-supervised model,0.192679,15.623000,97.190193,6.220969,0.000000,0.000000,1.495542,2.751925,false,false
2026-04-17T14:47:49.940719,0.614917,-0.668397,0.868239,40.254,NE,1,0.908228,1,0.908228,1.016533,2.085038,0.714885,0.052672,7.539341,5.367800,0.334961,-0.629514,-0.050735,0.714885,0.025045,-0.156992,-0.022602,0.160576,0.158978,-49.562004,-30.875002,-4.390000,NaN,-1.237763,true,Self-supervised model,0.194235,15.631000,97.132774,6.214111,0.000000,0.000000,1.421953,4.451998,false,false
2026-04-17T14:47:49.948584,0.614917,-0.668397,0.867275,40.309,NE,1,0.908228,1,0.908228,0.964431,2.062213,0.690896,-0.014365,7.551312,5.250484,0.259260,-0.618053,-0.167725,0.690896,0.101404,-0.061697,-0.042761,0.126165,0.118698,-49.562004,-30.875002,-4.390000,NaN,-1.238579,true,Self-supervised model,0.194788,15.639000,97.077497,6.207398,0.000000,0.000000,1.395914,5.476107,false,false
2026-04-17T14:47:49.956631,0.614917,-0.668397,0.866427,40.357,NE,1,0.908228,1,0.908228,0.926766,2.038795,0.729025,-0.117316,7.558495,5.054160,0.158301,-0.616492,-0.355465,0.729025,0.189368,0.047647,-0.069639,0.207317,0.195271,-49.562004,-30.875002,-4.390000,NaN,-1.238957,true,Self-supervised model,0.195254,15.647000,97.028941,6.201121,0.000000,0.000000,1.271240,3.516483,false,false
2026-04-17T14:47:49.964635,0.614917,-0.668397,0.865897,40.388,NE,1,0.908228,1,0.908228,0.916945,2.015921,0.865381,-0.299275,7.553706,4.802769,-0.015992,-0.630420,-0.592621,0.865381,0.262672,0.120340,-0.085521,0.301318,0.288926,-49.562004,-30.875002,-4.390000,NaN,-1.238217,true,Self-supervised model,0.197712,15.655000,96.998575,6.196012,0.000000,0.000000,1.059585,2.871989,false,false
2026-04-17T14:47:49.972417,0.614917,-0.668397,0.865705,40.399,NE,1,0.908228,1,0.908228,0.939077,1.994848,1.055269,-0.474052,7.572860,4.544195,-0.179606,-0.623213,-0.832431,1.055269,0.318261,0.144775,-0.088575,0.360687,0.349642,-49.562004,-30.875002,-4.390000,NaN,-1.237059,true,Self-supervised model,0.200435,15.663000,96.987547,6.192144,0.000000,0.000000,0.889893,2.925718,false,false
2026-04-17T14:47:49.980375,0.614917,-0.668397,0.865841,40.391,NE,1,0.908228,1,0.908228,0.977655,1.976160,1.180191,-0.622492,7.668628,4.355053,-0.316603,-0.541245,-0.999834,1.180191,0.342085,0.121562,-0.080023,0.371757,0.363042,-49.562004,-30.875002,-4.390000,NaN,-1.235607,true,Self-supervised model,0.201894,15.670000,96.995366,6.189877,0.000000,0.000000,0.828387,3.174635,false,false
2026-04-17T14:47:49.988757,0.614917,-0.668397,0.866250,40.368,NE,1,0.908228,1,0.908228,1.028769,1.960264,1.297121,-0.787692,7.838616,4.187459,-0.473097,-0.385855,-1.144473,1.297121,0.346361,0.055589,-0.057421,0.355462,0.350793,-49.562004,-30.875002,-4.390000,NaN,-1.234108,true,Self-supervised model,0.203134,15.679000,97.018794,6.187818,0.000000,0.000000,0.793118,3.649115,false,false
2026-04-17T14:47:49.996836,0.614917,-0.668397,0.866840,40.334,NE,1,0.908228,1,0.908228,1.089118,1.947418,1.405950,-0.907402,8.020576,4.050989,-0.588824,-0.218674,-1.257841,1.405950,0.339030,-0.020159,-0.024435,0.340507,0.339629,-49.562004,-30.875002,-4.390000,NaN,-1.232795,true,Self-supervised model,0.204206,15.687000,97.052591,6.186817,0.000000,0.000000,0.774649,4.128993,false,false
2026-04-17T14:47:50.004740,0.614917,-0.668397,0.867504,40.296,NE,1,0.908228,1,0.908228,1.145510,1.937342,1.441566,-0.905008,8.166622,3.971981,-0.586811,-0.087435,-1.313819,1.441566,0.316428,-0.084910,0.006720,0.327691,0.327623,-49.562004,-30.875002,-4.390000,NaN,-1.231834,true,Self-supervised model,0.204486,15.695000,97.090635,6.186087,0.000000,0.000000,0.794629,4.399157,false,false
2026-04-17T14:47:50.012303,0.614917,-0.668397,0.868156,40.258,NE,1,0.908228,1,0.908228,1.188809,1.929401,1.416125,-0.821211,8.252813,3.940856,-0.506810,-0.015888,-1.322234,1.416125,0.292604,-0.126449,0.025656,0.319789,0.318758,-49.562004,-30.875002,-4.390000,NaN,-1.231229,true,Self-supervised model,0.204191,15.702000,97.128001,6.185709,0.000000,0.000000,0.839480,4.428312,false,false
2026-04-17T14:47:50.020699,0.614917,-0.668397,0.868741,40.225,NE,1,0.908228,1,0.908228,1.223282,1.923156,1.404270,-0.691924,8.305486,3.890578,-0.383379,0.022741,-1.350732,1.404270,0.257785,-0.144775,0.033598,0.297560,0.295657,-49.562004,-30.875002,-4.390000,NaN,-1.230914,true,Self-supervised model,0.204305,15.711000,97.161511,6.184298,0.000000,0.000000,0.871116,4.719288,false,false
2026-04-17T14:47:50.028929,0.614917,-0.668397,0.869237,40.196,NE,1,0.908228,1,0.908228,1.249219,1.918199,1.385388,-0.598550,8.365341,3.869030,-0.295721,0.069385,-1.351679,1.385388,0.218690,-0.130725,0.026878,0.256197,0.254783,-49.562004,-30.875002,-4.390000,NaN,-1.230772,true,Self-supervised model,0.204567,15.719000,97.189948,6.182960,0.000000,0.000000,0.901711,5.407520,false,false
2026-04-17T14:47:50.036768,0.614917,-0.668397,0.869666,40.172,NE,1,0.908228,1,0.908228,1.263013,1.913991,1.335431,-0.488417,8.434772,3.885789,-0.189411,0.126704,-1.315844,1.335431,0.171042,-0.088575,0.015882,0.193270,0.192616,-49.562004,-30.875002,-4.390000,NaN,-1.230612,true,Self-supervised model,0.204866,15.727000,97.214524,6.181378,0.000000,0.000000,0.945772,6.909663,false,false
2026-04-17T14:47:50.044506,0.614917,-0.668397,0.870070,40.149,NE,1,0.908228,1,0.908228,1.264788,1.910023,1.274106,-0.421380,8.482656,3.926491,-0.123254,0.163561,-1.257538,1.274106,0.130725,-0.040928,0.002443,0.137004,0.136982,-49.562004,-30.875002,-4.390000,NaN,-1.230309,true,Self-supervised model,0.205362,15.735000,97.237654,6.179705,0.000000,0.000000,0.992687,9.299759,false,false
2026-04-17T14:47:50.054765,0.614917,-0.668397,0.870491,40.125,NE,1,0.908228,1,0.908228,1.243564,1.905365,1.132141,-0.347159,8.523358,4.053383,-0.046699,0.194230,-1.114377,1.132141,0.099571,0.001833,-0.008552,0.099954,0.099588,-49.562004,-30.875002,-4.390000,NaN,-1.229817,true,Self-supervised model,0.204588,15.745000,97.261799,6.177313,0.000000,0.000000,1.098418,11.326572,false,false
2026-04-17T14:47:50.060938,0.614917,-0.668397,0.870965,40.097,NE,1,0.908228,1,0.908228,1.197401,1.899046,0.955042,-0.320823,8.511387,4.213795,-0.014916,0.173240,-0.939080,0.955042,0.048869,0.066584,-0.028711,0.087441,0.082593,-49.562004,-30.875002,-4.390000,NaN,-1.229134,true,Self-supervised model,0.201736,15.751000,97.288944,6.176684,0.000000,0.000000,1.253768,10.922099,false,false
2026-04-17T14:47:50.068995,0.614917,-0.668397,0.871522,40.065,NE,1,0.908228,1,0.908228,1.127383,1.890180,0.759792,-0.311246,8.561666,4.410120,0.002721,0.215141,-0.728691,0.759792,0.023824,0.103236,-0.043982,0.114716,0.105949,-49.562004,-30.875002,-4.390000,NaN,-1.228245,true,Self-supervised model,0.196401,15.759000,97.320844,6.175572,0.000000,0.000000,1.483806,6.623247,false,false
2026-04-17T14:47:50.079843,0.614917,-0.668397,0.872185,40.027,NE,1,0.908228,1,0.908228,1.038807,1.878125,0.573780,-0.347159,8.609550,4.611232,-0.022855,0.254821,-0.513583,0.573780,0.017715,0.136834,-0.054978,0.148526,0.137976,-49.562004,-30.875002,-4.390000,NaN,-1.227156,true,Self-supervised model,0.190704,15.770000,97.358847,6.173674,0.000000,0.000000,1.810461,3.863171,false,false
2026-04-17T14:47:50.085939,0.614917,-0.668397,0.872970,39.983,NE,1,0.908228,1,0.908228,0.946048,1.862842,0.459066,-0.454898,8.686164,4.805163,-0.117952,0.322659,-0.304500,0.459066,0.030543,0.182649,-0.057421,0.193883,0.185185,-50.165001,-30.524002,-2.161000,NaN,-1.225885,true,Self-supervised model,0.186472,15.776000,97.403811,6.174177,0.000000,0.000000,2.060810,2.367748,false,false
2026-04-17T14:47:50.093017,0.614917,-0.668397,0.873887,39.930,NE,1,0.908228,1,0.908228,0.868584,1.845071,0.461897,-0.593762,8.755595,4.999093,-0.241723,0.382323,-0.093529,0.461897,0.065363,0.240681,-0.050702,0.254500,0.249398,-50.165001,-30.524002,-2.161000,NaN,-1.224440,true,Self-supervised model,0.187292,15.783000,97.456343,6.174767,0.000000,0.000000,1.880472,1.814919,false,false
2026-04-17T14:47:50.101234,0.614917,-0.668397,0.874934,39.870,NE,1,0.908228,1,0.908228,0.825611,1.826293,0.600000,-0.749385,8.839393,5.123591,-0.386371,0.456578,0.047468,0.600000,0.084299,0.268170,-0.045204,0.284719,0.281108,-50.165001,-30.524002,-2.161000,NaN,-1.222871,true,Self-supervised model,0.192831,15.791000,97.516345,6.175438,0.000000,0.000000,1.376019,2.107340,false,false
2026-04-17T14:47:50.108526,0.614917,-0.668397,0.876033,39.807,NE,1,0.908228,1,0.908228,0.808562,1.807584,0.719055,-0.907402,8.877700,5.188235,-0.517004,0.480155,0.138559,0.719055,0.164934,0.346971,-0.007330,0.384247,0.384177,-50.165001,-30.524002,-2.161000,NaN,-1.221566,true,Self-supervised model,0.195393,15.799000,97.579305,6.176296,0.000000,0.000000,1.124478,1.871334,false,false
2026-04-17T14:47:50.116515,0.614917,-0.668397,0.877321,39.733,NE,1,0.908228,1,0.908228,0.809638,1.789666,0.815292,-1.017536,8.894460,5.279215,-0.605566,0.482503,0.255306,0.815292,0.229074,0.359800,0.030543,0.427626,0.426534,-50.165001,-30.524002,-2.161000,NaN,-1.219520,true,Self-supervised model,0.196970,15.807000,97.653118,6.177840,0.000000,0.000000,0.993066,1.906554,false,false
2026-04-17T14:47:50.124992,0.614917,-0.668397,0.878670,39.656,NE,1,0.908228,1,0.908228,0.829003,1.773239,0.930667,-1.137246,8.939949,5.322310,-0.705091,0.512959,0.325363,0.930667,0.292604,0.335976,0.078802,0.452445,0.445530,-50.165001,-30.524002,-2.161000,NaN,-1.217926,true,Self-supervised model,0.198648,15.815000,97.730429,6.179603,0.000000,0.000000,0.890762,2.056972,false,false
2026-04-17T14:47:50.132884,0.614917,-0.668397,0.880006,39.579,NE,1,0.908228,1,0.908228,0.852688,1.758417,0.977032,-1.182736,9.002198,5.288792,-0.734331,0.559269,0.320263,0.977032,0.342085,0.293215,0.123395,0.467144,0.450552,-50.165001,-30.524002,-2.161000,NaN,-1.216643,true,Self-supervised model,0.198992,15.823000,97.806983,6.181317,0.000000,0.000000,0.872733,2.091502,false,false
2026-04-17T14:47:50.140823,0.614917,-0.668397,0.881221,39.510,NE,1,0.908228,1,0.908228,0.873346,1.745014,0.981804,-1.149217,9.100361,5.216966,-0.690085,0.640579,0.278171,0.981804,0.389732,0.224188,0.175929,0.482807,0.449612,-50.165001,-30.524002,-2.161000,NaN,-1.215913,true,Self-supervised model,0.198889,15.831000,97.876594,6.182591,0.000000,0.000000,0.889533,2.033534,false,false
2026-04-17T14:47:50.148481,0.614917,-0.668397,0.882204,39.453,NE,1,0.908228,1,0.908228,0.878564,1.732356,0.905957,-1.015141,9.150639,5.159505,-0.551722,0.673028,0.251783,0.905957,0.417832,0.152716,0.224798,0.498438,0.444866,-50.165001,-30.524002,-2.161000,NaN,-1.215860,true,Self-supervised model,0.197702,15.839000,97.932894,6.183023,0.000000,0.000000,0.969763,1.817594,false,false
2026-04-17T14:47:50.156922,0.614917,-0.668397,0.882842,39.417,NE,1,0.908228,1,0.908228,0.870861,1.719897,0.830419,-0.847547,9.203311,5.075707,-0.386516,0.707378,0.199543,0.830419,0.430049,0.103847,0.255342,0.510809,0.442410,-50.165001,-30.524002,-2.161000,NaN,-1.216599,true,Self-supervised model,0.196580,15.847000,97.969466,6.182209,0.000000,0.000000,1.048700,1.625695,false,false
2026-04-17T14:47:50.165045,0.614917,-0.668397,0.883038,39.406,NE,1,0.908228,1,0.908228,0.847765,1.707011,0.726510,-0.646434,9.196129,5.003881,-0.193657,0.681973,0.158826,0.726510,0.425773,0.043371,0.288939,0.516381,0.427976,-50.165001,-30.524002,-2.161000,NaN,-1.218176,true,Self-supervised model,0.194848,15.855000,97.980649,6.179795,0.000000,0.000000,1.166901,1.406925,false,false
2026-04-17T14:47:50.173106,0.614917,-0.668397,0.882721,39.424,NE,1,0.908228,1,0.908228,0.818530,1.693472,0.665045,-0.438139,9.172187,4.994305,0.001367,0.640525,0.178915,0.665045,0.405004,0.007330,0.300546,0.504390,0.405070,-50.165001,-30.524002,-2.161000,NaN,-1.220537,true,Self-supervised model,0.193759,15.863000,97.962533,6.175536,0.000000,0.000000,1.230789,1.318513,false,false
2026-04-17T14:47:50.180376,0.614917,-0.668397,0.881852,39.474,NE,1,0.908228,1,0.908228,0.803557,1.679875,0.724950,-0.241814,9.215282,5.006276,0.180408,0.667363,0.218248,0.724950,0.374460,-0.018326,0.307265,0.484735,0.374909,-50.165001,-30.524002,-2.161000,NaN,-1.223617,true,Self-supervised model,0.195245,15.870000,97.912746,6.169675,0.000000,0.000000,1.108431,1.495559,false,false
2026-04-17T14:47:50.188807,0.614917,-0.668397,0.880419,39.556,NE,1,0.908228,1,0.908228,0.812566,1.667183,0.859864,-0.119710,9.306262,5.090073,0.282388,0.743401,0.327077,0.859864,0.345750,-0.017104,0.312152,0.466127,0.346173,-50.165001,-30.524002,-2.161000,NaN,-1.227307,true,Self-supervised model,0.197805,15.879000,97.830635,6.161007,0.000000,0.000000,0.944993,1.844700,false,false
2026-04-17T14:47:50.196600,0.614917,-0.668397,0.878435,39.669,NE,1,0.908228,1,0.908228,0.838872,1.656051,0.976980,-0.033519,9.373300,5.185841,0.347738,0.796545,0.446187,0.976980,0.335976,0.007941,0.310320,0.457429,0.336070,-50.165001,-30.524002,-2.161000,NaN,-1.231499,true,Self-supervised model,0.199223,15.887000,97.716916,6.150747,0.000000,0.000000,0.858638,2.135807,false,false
2026-04-17T14:47:50.204552,0.614917,-0.668397,0.875952,39.812,NE,1,0.908228,1,0.908228,0.889785,1.647400,1.157079,0.064643,9.502586,5.286397,0.426486,0.912320,0.569748,1.157079,0.336587,0.069639,0.287718,0.448243,0.343715,-50.165001,-30.524002,-2.161000,NaN,-1.235971,true,Self-supervised model,0.201119,15.895000,97.574694,6.138704,0.000000,0.000000,0.768993,2.581367,false,false
2026-04-17T14:47:50.212459,0.614917,-0.668397,0.873065,39.977,NE,1,0.908228,1,0.908228,0.943983,1.641263,1.228522,0.050278,9.567230,5.343858,0.396897,0.963401,0.650844,1.228522,0.351858,0.161879,0.257174,0.464917,0.387310,-50.165001,-30.524002,-2.161000,NaN,-1.240477,true,Self-supervised model,0.201391,15.903000,97.409276,6.125214,0.000000,0.000000,0.768389,2.642455,false,false
2026-04-17T14:47:50.221390,0.614917,-0.668397,0.869924,40.157,NE,1,0.908228,1,0.908228,0.992062,1.637295,1.244477,-0.117316,9.696517,5.248090,0.220340,1.078605,0.580332,1.244477,0.379958,0.306043,0.222966,0.536418,0.487884,-50.165001,-30.524002,-2.161000,NaN,-1.244637,true,Self-supervised model,0.200960,15.911000,97.229278,6.110821,0.000000,0.000000,0.797172,2.319975,false,false
2026-04-17T14:47:50.229067,0.614917,-0.668397,0.866686,40.343,NE,1,0.908228,1,0.908228,1.034421,1.635180,1.256805,-0.342371,9.832987,5.013458,-0.005767,1.199977,0.373605,1.256805,0.407447,0.477086,0.200364,0.658612,0.627395,-50.165001,-30.524002,-2.161000,NaN,-1.248257,true,Self-supervised model,0.199898,15.919000,97.043789,6.096098,0.000000,0.000000,0.823056,1.908263,false,false
2026-04-17T14:47:50.239672,0.614917,-0.668397,0.863478,40.526,NE,1,0.908228,1,0.908228,1.096484,1.635632,1.422314,-0.732626,10.017340,4.620809,-0.388052,1.368306,0.011485,1.422314,0.434936,0.720210,0.174707,0.859299,0.841351,-50.165001,-30.524002,-2.161000,NaN,-1.251350,true,Self-supervised model,0.200636,15.930000,96.859956,6.080349,0.000000,0.000000,0.770915,1.655203,false,false
2026-04-17T14:47:50.244932,0.614917,-0.668397,0.860376,40.704,NE,1,0.908228,1,0.908228,1.188212,1.639736,1.669782,-1.120486,10.120291,4.261679,-0.757428,1.454477,-0.314594,1.669782,0.448375,0.959058,0.158214,1.070451,1.058694,-48.901001,-31.379002,1.166000,NaN,-1.254026,true,Self-supervised model,0.200193,15.935000,96.682227,6.067288,0.000000,0.000000,0.711597,1.559886,false,false
2026-04-17T14:47:50.252437,0.614917,-0.668397,0.857440,40.872,NE,1,0.908228,1,0.908228,1.315272,1.648757,1.982338,-1.486799,10.206482,3.907337,-1.097563,1.523843,-0.634761,1.982338,0.445321,1.085508,0.158825,1.184003,1.173302,-48.901001,-31.379002,1.166000,NaN,-1.256298,true,Self-supervised model,0.202276,15.943000,96.514014,6.053692,0.000000,0.000000,0.663495,1.674268,false,false
2026-04-17T14:47:50.260824,0.614917,-0.668397,0.854679,41.031,NE,1,0.908228,1,0.908228,1.465513,1.663427,2.254276,-1.728614,10.295067,3.603274,-1.309098,1.596384,-0.905308,2.254276,0.403171,1.193020,0.182038,1.272392,1.259303,-48.901001,-31.379002,1.166000,NaN,-1.258359,true,Self-supervised model,0.203646,15.951000,96.355818,6.040738,0.000000,0.000000,0.650103,1.771684,false,false
2026-04-17T14:47:50.269103,0.614917,-0.668397,0.852023,41.183,NE,1,0.908228,1,0.908228,1.639996,1.684490,2.556037,-1.975216,10.419566,3.342306,-1.526086,1.706855,-1.136236,2.556037,0.312152,1.165531,0.202196,1.223432,1.206607,-48.901001,-31.379002,1.166000,NaN,-1.260592,true,Self-supervised model,0.205766,15.959000,96.203672,6.028177,0.000000,0.000000,0.641617,2.089236,false,false
2026-04-17T14:47:50.276432,0.614917,-0.668397,0.849362,41.335,NE,1,0.908228,1,0.908228,1.825649,1.712136,2.800322,-2.128445,10.594342,3.189077,-1.653733,1.871389,-1.266834,2.800322,0.167988,1.000597,0.211359,1.036382,1.014601,-48.901001,-31.379002,1.166000,NaN,-1.263277,true,Self-supervised model,0.208292,15.967000,96.051188,6.015606,0.000000,0.000000,0.651942,2.702017,false,false
2026-04-17T14:47:50.285641,0.614917,-0.668397,0.846613,41.493,NE,1,0.908228,1,0.908228,1.990224,1.745260,2.854242,-2.185906,10.668563,3.215413,-1.693282,1.941036,-1.229584,2.854242,-0.032987,0.701884,0.204029,0.731681,0.702659,-48.901001,-31.379002,1.166000,NaN,-1.266377,true,Self-supervised model,0.211237,15.976000,95.893686,6.002359,0.000000,0.000000,0.697286,3.900937,false,false
2026-04-17T14:47:50.292889,0.614917,-0.668397,0.843727,41.658,NE,1,0.908228,1,0.908228,2.133405,1.782786,2.885109,-2.329558,10.682928,3.383007,-1.830313,1.958364,-1.067061,2.885109,-0.227853,0.369573,0.191812,0.474651,0.434168,-48.901001,-31.379002,1.166000,NaN,-1.269811,true,Self-supervised model,0.213487,15.983000,95.728332,5.989384,0.000000,0.000000,0.739454,6.078385,false,false
2026-04-17T14:47:50.302730,0.614917,-0.668397,0.840680,41.833,NE,1,0.908228,1,0.908228,2.234397,1.822850,2.764605,-2.387019,10.618284,3.813963,-1.892898,1.904535,-0.657816,2.764605,-0.466090,-0.039706,0.163712,0.495599,0.467778,-48.901001,-31.379002,1.166000,NaN,-1.273502,true,Self-supervised model,0.212940,15.993000,95.553754,5.974724,0.000000,0.000000,0.808216,5.578311,false,false
2026-04-17T14:47:50.308601,0.614917,-0.668397,0.837489,42.015,NE,1,0.908228,1,0.908228,2.245108,1.861740,2.301338,-2.176329,10.240001,4.369418,-1.699457,1.545335,-0.141209,2.301338,-0.687223,-0.401949,0.150273,0.810198,0.796140,-48.901001,-31.379002,1.166000,NaN,-1.277272,true,Self-supervised model,0.206106,15.999000,95.370888,5.961053,0.000000,0.000000,0.975566,2.840462,false,false
2026-04-17T14:47:50.316591,0.614917,-0.668397,0.834191,42.204,NE,1,0.908228,1,0.908228,2.174251,1.896241,1.802255,-1.889025,9.725247,4.802769,-1.440030,1.057155,0.238454,1.802255,-0.841161,-0.591318,0.147219,1.038693,1.028207,-48.901001,-31.379002,1.166000,NaN,-1.280995,true,Self-supervised model,0.200732,16.007000,95.181932,5.946269,0.000000,0.000000,1.206406,1.735119,false,false
