{
  "model_type": "enhanced_logistic_regression_sgd",
  "feature_names": [
    "user_accel_magnitude",
    "gyro_magnitude",
    "tilt_gyro_magnitude",
    "filtered_accel",
    "active_threshold",
    "threshold_margin",
    "threshold_margin_ratio",
    "heading_change_degrees",
    "angular_velocity_dps",
    "window_mean_user_accel",
    "window_std_user_accel",
    "window_mean_gyro",
    "window_std_gyro",
    "window_max_heading_change",
    "seconds_since_prev_step",
    "heading_change_since_prev_step",
    "recent_step_interval_mean",
    "recent_step_interval_std",
    "heading_change_rate_since_prev_step",
    "filtered_to_user_accel_ratio",
    "accel_to_gyro_ratio"
  ],
  "weights": [
    -3.041641140203057,
    -3.8968061590309016,
    3.292632921350958,
    3.1866463300503667,
    1.4483775338525884,
    3.4180926092796504,
    -1.6995400756777577,
    0.595299888927279,
    0.34278486538308534,
    -4.266513237323955,
    -0.467560564456391,
    -1.5234347101961738,
    -0.13117971508933715,
    0.7486162061922489,
    -0.21178433067362185,
    0.2428692547797078,
    0.027276649826361007,
    -0.30126557616274163,
    0.45504631572644716,
    -0.5908810314308415,
    -0.43094246019349197
  ],
  "bias": 0.49227895262722954,
  "decision_threshold": 0.41,
  "normalization": {
    "means": [
      2.8555913136094677,
      0.6770966153846154,
      0.6081991538461539,
      2.060694647928994,
      1.9240547573964497,
      0.13663989053254438,
      0.06450794957332265,
      0.11662721893491113,
      14.837213013534564,
      1.9615846579142013,
      0.46302454904939744,
      0.6026090343934911,
      0.14842418714442576,
      0.1433402366863917,
      1.2461784999999639,
      21.39208579881657,
      1.1062450601085487,
      0.5733365865455229,
      11.359680797843419,
      0.7609032674561852,
      6.262752286520879
    ],
    "stds": [
      2.3375432103836715,
      0.4435376994446613,
      0.431383127544551,
      0.7519003502524446,
      0.42445690080744297,
      0.5211288446783082,
      0.1979689800325103,
      0.10598108893473522,
      13.872513802159716,
      0.775639266476987,
      0.3417107574951157,
      0.46009445295788126,
      0.12338028792729404,
      0.10370828273400498,
      1.150053102719723,
      39.541637839810946,
      0.7103328316371627,
      0.56828771020147,
      13.244095332308733,
      0.15787167833673504,
      5.417857721877753
    ]
  },
  "metrics": {
    "train": {
      "samples": 338,
      "true_positive": 238,
      "true_negative": 45,
      "false_positive": 10,
      "false_negative": 45,
      "accuracy": 0.8372781065088757,
      "precision": 0.9596774193548387,
      "recall": 0.8409893992932862,
      "specificity": 0.8181818181818182,
      "balanced_accuracy": 0.8295856087375522,
      "f1": 0.896421845574388
    },
    "validation": {
      "samples": 66,
      "true_positive": 47,
      "true_negative": 7,
      "false_positive": 2,
      "false_negative": 10,
      "accuracy": 0.8181818181818182,
      "precision": 0.9591836734693877,
      "recall": 0.8245614035087719,
      "specificity": 0.7777777777777778,
      "balanced_accuracy": 0.8011695906432749,
      "f1": 0.8867924528301887
    }
  },
  "label_meaning": {
    "0": "error",
    "1": "normal"
  },
  "selected_hyperparameters": {
    "epochs": 1800,
    "learning_rate": 0.035,
    "l2": 0.0004,
    "threshold": 0.41,
    "selection_score": 0.836054838353746,
    "target_specificity": 0.7,
    "validation_balanced_accuracy": 0.8011695906432749,
    "validation_f1": 0.8867924528301887,
    "validation_specificity": 0.7777777777777778
  },
  "training_summary": {
    "normal_samples": 340,
    "error_samples": 64,
    "train_files": [
      "imu_log_2026-04-10T11-03-50.503587.csv",
      "imu_log_2026-04-10T11-04-06.847163.csv",
      "imu_log_2026-04-10T11-04-28.110966.csv",
      "imu_log_2026-04-10T11-04-41.363970.csv",
      "imu_log_2026-04-10T11-12-47.344836.csv",
      "imu_log_2026-04-10T11-12-55.559604.csv",
      "imu_log_2026-04-10T11-13-20.108508.csv",
      "imu_log_2026-04-10T11-14-12.155078.csv",
      "imu_log_2026-04-10T11-21-46.347417.csv",
      "imu_log_2026-04-10T11-22-18.066433.csv",
      "imu_log_2026-04-10T11-22-43.966589.csv",
      "imu_log_2026-04-10T11-23-21.827613.csv",
      "imu_log_2026-04-10T11-38-03.054856.csv",
      "imu_log_2026-04-10T11-38-12.797754.csv",
      "imu_log_2026-04-10T11-38-34.626661.csv",
      "imu_log_2026-04-10T11-38-50.653440.csv",
      "imu_log_2026-04-10T11-43-09.159744.csv",
      "imu_log_2026-04-10T11-43-23.033378.csv",
      "imu_log_2026-04-10T11-43-32.476101.csv",
      "imu_log_2026-04-10T11-44-01.181143.csv",
      "imu_log_2026-04-10T11-55-56.536525.csv",
      "imu_log_2026-04-10T11-56-41.556966.csv",
      "imu_log_2026-04-10T11-57-25.352839.csv",
      "imu_log_2026-04-10T12-05-00.467280.csv",
      "imu_log_2026-04-10T12-08-50.508085.csv",
      "imu_log_2026-04-10T12-09-10.174269.csv",
      "imu_log_2026-04-10T12-17-05.508058.csv"
    ],
    "validation_files": [
      "imu_log_2026-04-10T11-13-05.249282.csv",
      "imu_log_2026-04-10T11-13-12.472019.csv",
      "imu_log_2026-04-10T11-14-30.744186.csv",
      "imu_log_2026-04-10T11-37-41.614137.csv",
      "imu_log_2026-04-10T11-37-56.665453.csv",
      "imu_log_2026-04-10T11-38-23.058479.csv",
      "imu_log_2026-04-10T11-42-54.977991.csv",
      "imu_log_2026-04-10T11-44-28.364694.csv",
      "imu_log_2026-04-10T11-56-11.528741.csv"
    ]
  }
}