{
  "model_type": "enhanced_logistic_regression_sgd",
  "feature_names": [
    "user_accel_magnitude",
    "gyro_magnitude",
    "tilt_gyro_magnitude",
    "filtered_accel",
    "active_threshold",
    "threshold_margin",
    "threshold_margin_ratio",
    "heading_change_degrees",
    "angular_velocity_dps",
    "window_mean_user_accel",
    "window_std_user_accel",
    "window_mean_gyro",
    "window_std_gyro",
    "window_max_heading_change",
    "seconds_since_prev_step",
    "heading_change_since_prev_step",
    "recent_step_interval_mean",
    "recent_step_interval_std",
    "heading_change_rate_since_prev_step",
    "filtered_to_user_accel_ratio",
    "accel_to_gyro_ratio"
  ],
  "weights": [
    0.2656878325719787,
    -2.808918733663187,
    2.4529349743036675,
    1.8745834589361063,
    0.6031109005350804,
    4.1190793050646946,
    -3.315218084475754,
    -0.2594632655861085,
    0.8954447852612996,
    -4.443295993984069,
    0.030422519353735463,
    -2.0594679075843794,
    -0.32104286636364854,
    0.1888416269515458,
    0.2601392316122346,
    -0.9206465134845604,
    0.14619104150047102,
    -1.0132338032725852,
    1.3428479202840253,
    0.8521321339835282,
    -0.7634466574235594
  ],
  "bias": 0.40650265497497373,
  "decision_threshold": 0.34,
  "normalization": {
    "means": [
      2.923350177304964,
      0.9000046170212765,
      0.8194752056737589,
      2.129776560283688,
      2.0049038368794325,
      0.12487272340425533,
      0.05875280148100733,
      0.10988652482269588,
      14.123004300870688,
      2.0080310115248228,
      0.5254156991851179,
      0.7941587473404255,
      0.20450958654165746,
      0.1359503546099296,
      1.121644943262325,
      18.50981560283688,
      0.8984949256500359,
      0.31058561225677034,
      10.856850215555065,
      0.742504269289452,
      4.69581180310256
    ],
    "stds": [
      0.8495457314934335,
      0.46949593375925786,
      0.4817102298342414,
      0.6336526851914138,
      0.5149676168161309,
      0.2129728986201488,
      0.07866991008491442,
      0.10158154270545242,
      13.508812853548562,
      0.7792326281292521,
      0.4226661618336982,
      0.5428270881879064,
      0.15433559016647402,
      0.09895649350223268,
      0.99218353372959,
      34.20196779801972,
      0.722709333417254,
      0.4308477146212862,
      12.544846447358639,
      0.18055254650589447,
      4.323242598782508
    ]
  },
  "metrics": {
    "train": {
      "samples": 141,
      "true_positive": 92,
      "true_negative": 27,
      "false_positive": 12,
      "false_negative": 10,
      "accuracy": 0.8439716312056738,
      "precision": 0.8846153846153846,
      "recall": 0.9019607843137255,
      "specificity": 0.6923076923076923,
      "balanced_accuracy": 0.797134238310709,
      "f1": 0.8932038834951457
    },
    "validation": {
      "samples": 70,
      "true_positive": 45,
      "true_negative": 8,
      "false_positive": 2,
      "false_negative": 15,
      "accuracy": 0.7571428571428571,
      "precision": 0.9574468085106383,
      "recall": 0.75,
      "specificity": 0.8,
      "balanced_accuracy": 0.775,
      "f1": 0.8411214953271028
    }
  },
  "label_meaning": {
    "0": "error",
    "1": "normal"
  },
  "selected_hyperparameters": {
    "epochs": 600,
    "learning_rate": 0.035,
    "l2": 0.0004,
    "threshold": 0.34,
    "selection_score": 0.7952803738317756,
    "validation_balanced_accuracy": 0.775,
    "validation_f1": 0.8411214953271028,
    "validation_specificity": 0.8
  },
  "training_summary": {
    "normal_samples": 162,
    "error_samples": 49,
    "train_files": [
      "imu_log_2026-04-10T11-03-50.503587.csv",
      "imu_log_2026-04-10T11-04-28.110966.csv",
      "imu_log_2026-04-10T11-04-41.363970.csv",
      "imu_log_2026-04-10T11-12-47.344836.csv",
      "imu_log_2026-04-10T11-12-55.559604.csv",
      "imu_log_2026-04-10T11-13-05.249282.csv",
      "imu_log_2026-04-10T11-13-12.472019.csv",
      "imu_log_2026-04-10T11-13-20.108508.csv",
      "imu_log_2026-04-10T11-14-12.155078.csv",
      "imu_log_2026-04-10T11-21-46.347417.csv",
      "imu_log_2026-04-10T11-22-18.066433.csv",
      "imu_log_2026-04-10T11-23-21.827613.csv",
      "imu_log_2026-04-10T11-37-41.614137.csv",
      "imu_log_2026-04-10T11-37-56.665453.csv",
      "imu_log_2026-04-10T11-38-12.797754.csv",
      "imu_log_2026-04-10T11-38-23.058479.csv",
      "imu_log_2026-04-10T11-38-34.626661.csv",
      "imu_log_2026-04-10T11-38-50.653440.csv",
      "imu_log_2026-04-10T11-42-54.977991.csv",
      "imu_log_2026-04-10T11-43-23.033378.csv",
      "imu_log_2026-04-10T11-44-01.181143.csv"
    ],
    "validation_files": [
      "imu_log_2026-04-10T11-04-06.847163.csv",
      "imu_log_2026-04-10T11-14-30.744186.csv",
      "imu_log_2026-04-10T11-22-43.966589.csv",
      "imu_log_2026-04-10T11-38-03.054856.csv",
      "imu_log_2026-04-10T11-43-09.159744.csv",
      "imu_log_2026-04-10T11-43-32.476101.csv",
      "imu_log_2026-04-10T11-44-28.364694.csv"
    ]
  }
}